# Source-author permission confirmed by the user on 2026-07-25.
# Normalized to metres and Z-up; source UVs/material assignments retained.
# Blender 4.2.0
# www.blender.org
mtllib rv_mod_cit_coffin.mtl
o rv_mod_cit_coffin
v 3.000000 4.000000 0.250000
v 3.000000 -4.000000 0.250000
v 3.511561 4.520231 0.250000
v 3.511561 -4.520231 0.250000
v 3.511561 4.520231 0.000000
v 3.511561 4.520231 0.250000
v 3.511561 -4.520231 0.000000
v 3.511561 -4.520231 0.250000
v -3.511561 4.520231 0.250000
v -3.511561 4.520231 0.000000
v -3.511561 -4.520231 0.250000
v -3.511561 -4.520231 0.000000
v 3.511561 4.520231 0.250000
v -3.511561 4.520231 0.250000
v 3.000000 4.000000 0.250000
v -3.000000 4.000000 0.250000
v -3.000000 4.000000 0.000000
v -3.000000 -4.000000 0.000000
v -3.511561 4.520231 0.000000
v -3.511561 -4.520231 0.000000
v 3.511561 4.520231 0.250000
v 3.511561 4.520231 0.000000
v -3.511561 4.520231 0.250000
v -3.511561 4.520231 0.000000
v 3.511561 4.520231 0.000000
v 3.000000 4.000000 0.000000
v -3.511561 4.520231 0.000000
v -3.000000 4.000000 0.000000
v -3.000000 4.000000 0.250000
v -3.511561 4.520231 0.250000
v -3.000000 -4.000000 0.250000
v -3.511561 -4.520231 0.250000
v 3.000000 4.000000 0.000000
v 3.511561 4.520231 0.000000
v 3.000000 -4.000000 0.000000
v 3.511561 -4.520231 0.000000
v 2.497029 3.502589 0.500000
v 2.497029 -3.502589 0.500000
v 3.000000 4.000000 0.500000
v 3.000000 -4.000000 0.500000
v -3.000000 4.000000 0.500000
v -2.497029 3.502589 0.500000
v 3.000000 4.000000 0.500000
v 2.497029 3.502589 0.500000
v 3.000000 4.000000 0.500000
v 3.000000 -4.000000 0.500000
v 3.000000 4.000000 0.250000
v 3.000000 -4.000000 0.250000
v 3.000000 4.000000 0.500000
v 3.000000 4.000000 0.250000
v -3.000000 4.000000 0.500000
v -3.000000 4.000000 0.250000
v -3.000000 4.000000 0.500000
v -3.000000 4.000000 0.250000
v -3.000000 -4.000000 0.500000
v -3.000000 -4.000000 0.250000
v -2.497029 3.502589 0.500000
v -3.000000 4.000000 0.500000
v -2.497029 -3.502589 0.500000
v -3.000000 -4.000000 0.500000
v -2.497029 3.502589 0.500000
v -2.497029 -3.502589 0.500000
v -2.497029 3.502589 0.750000
v -2.497029 -3.502589 0.750000
v 2.000000 3.000000 0.750000
v 2.000000 -3.000000 0.750000
v 2.497029 3.502589 0.750000
v 2.497029 -3.502589 0.750000
v 2.497029 3.502589 0.500000
v 2.497029 3.502589 0.750000
v 2.497029 -3.502589 0.500000
v 2.497029 -3.502589 0.750000
v -2.497029 3.502589 0.500000
v -2.497029 3.502589 0.750000
v 2.497029 3.502589 0.500000
v 2.497029 3.502589 0.750000
v 2.497029 3.502589 0.750000
v -2.497029 3.502589 0.750000
v 2.000000 3.000000 0.750000
v -2.000000 3.000000 0.750000
v 2.000000 3.000000 1.000000
v 2.000000 -3.000000 1.000000
v 2.000000 3.000000 0.750000
v 2.000000 -3.000000 0.750000
v 2.000000 3.000000 0.750000
v -2.000000 3.000000 0.750000
v 2.000000 3.000000 1.000000
v -2.000000 3.000000 1.000000
v -2.000000 3.000000 0.750000
v -2.000000 -3.000000 0.750000
v -2.000000 3.000000 1.000000
v -2.000000 -3.000000 1.000000
v -2.000000 3.000000 0.750000
v -2.497029 3.502589 0.750000
v -2.000000 -3.000000 0.750000
v -2.497029 -3.502589 0.750000
v -2.000000 3.000000 1.000000
v -2.000000 -3.000000 1.000000
v 2.000000 3.000000 1.000000
v 2.000000 -3.000000 1.000000
v -2.000000 -3.000000 0.750000
v -2.497029 -3.502589 0.750000
v 2.000000 -3.000000 0.750000
v 2.497029 -3.502589 0.750000
v -2.000000 -3.000000 1.000000
v -2.000000 -3.000000 0.750000
v 2.000000 -3.000000 1.000000
v 2.000000 -3.000000 0.750000
v 2.497029 -3.502589 0.500000
v 2.497029 -3.502589 0.750000
v -2.497029 -3.502589 0.500000
v -2.497029 -3.502589 0.750000
v 2.497029 -3.502589 0.500000
v -2.497029 -3.502589 0.500000
v 3.000000 -4.000000 0.500000
v -3.000000 -4.000000 0.500000
v 3.000000 -4.000000 0.000000
v 3.511561 -4.520231 0.000000
v -3.000000 -4.000000 0.000000
v -3.511561 -4.520231 0.000000
v 3.000000 -4.000000 0.250000
v -3.000000 -4.000000 0.250000
v 3.511561 -4.520231 0.250000
v -3.511561 -4.520231 0.250000
v -3.000000 -4.000000 0.250000
v 3.000000 -4.000000 0.250000
v -3.000000 -4.000000 0.500000
v 3.000000 -4.000000 0.500000
v -3.511561 -4.520231 0.000000
v 3.511561 -4.520231 0.000000
v -3.511561 -4.520231 0.250000
v 3.511561 -4.520231 0.250000
v 3.000000 4.000000 0.250000
v 3.000000 4.000000 0.250000
v 3.000000 -4.000000 0.250000
v 3.000000 -4.000000 0.250000
v 3.511561 4.520231 0.250000
v 3.511561 4.520231 0.250000
v 3.511561 -4.520231 0.250000
v 3.511561 -4.520231 0.250000
v 3.511561 4.520231 0.000000
v 3.511561 4.520231 0.000000
v 3.511561 4.520231 0.250000
v 3.511561 4.520231 0.250000
v 3.511561 -4.520231 0.000000
v 3.511561 -4.520231 0.000000
v 3.511561 -4.520231 0.250000
v 3.511561 -4.520231 0.250000
v -3.511561 4.520231 0.250000
v -3.511561 4.520231 0.250000
v -3.511561 4.520231 0.000000
v -3.511561 4.520231 0.000000
v -3.511561 -4.520231 0.250000
v -3.511561 -4.520231 0.250000
v -3.511561 -4.520231 0.000000
v -3.511561 -4.520231 0.000000
v 3.511561 4.520231 0.250000
v 3.511561 4.520231 0.250000
v -3.511561 4.520231 0.250000
v -3.511561 4.520231 0.250000
v 3.000000 4.000000 0.250000
v 3.000000 4.000000 0.250000
v -3.000000 4.000000 0.250000
v -3.000000 4.000000 0.250000
v 3.511561 4.520231 0.250000
v 3.511561 4.520231 0.250000
v 3.511561 4.520231 0.000000
v 3.511561 4.520231 0.000000
v -3.511561 4.520231 0.250000
v -3.511561 4.520231 0.250000
v -3.511561 4.520231 0.000000
v -3.511561 4.520231 0.000000
v -3.000000 4.000000 0.250000
v -3.000000 4.000000 0.250000
v -3.511561 4.520231 0.250000
v -3.511561 4.520231 0.250000
v -3.000000 -4.000000 0.250000
v -3.000000 -4.000000 0.250000
v -3.511561 -4.520231 0.250000
v -3.511561 -4.520231 0.250000
v 2.497029 3.502589 0.500000
v 2.497029 3.502589 0.500000
v 2.497029 -3.502589 0.500000
v 2.497029 -3.502589 0.500000
v 3.000000 4.000000 0.500000
v 3.000000 4.000000 0.500000
v 3.000000 -4.000000 0.500000
v 3.000000 -4.000000 0.500000
v -3.000000 4.000000 0.500000
v -3.000000 4.000000 0.500000
v -2.497029 3.502589 0.500000
v -2.497029 3.502589 0.500000
v 3.000000 4.000000 0.500000
v 3.000000 4.000000 0.500000
v 2.497029 3.502589 0.500000
v 2.497029 3.502589 0.500000
v 3.000000 4.000000 0.500000
v 3.000000 4.000000 0.500000
v 3.000000 -4.000000 0.500000
v 3.000000 -4.000000 0.500000
v 3.000000 4.000000 0.250000
v 3.000000 4.000000 0.250000
v 3.000000 -4.000000 0.250000
v 3.000000 -4.000000 0.250000
v 3.000000 4.000000 0.500000
v 3.000000 4.000000 0.500000
v 3.000000 4.000000 0.250000
v 3.000000 4.000000 0.250000
v -3.000000 4.000000 0.500000
v -3.000000 4.000000 0.500000
v -3.000000 4.000000 0.250000
v -3.000000 4.000000 0.250000
v -3.000000 4.000000 0.500000
v -3.000000 4.000000 0.500000
v -3.000000 4.000000 0.250000
v -3.000000 4.000000 0.250000
v -3.000000 -4.000000 0.500000
v -3.000000 -4.000000 0.500000
v -3.000000 -4.000000 0.250000
v -3.000000 -4.000000 0.250000
v -2.497029 3.502589 0.500000
v -2.497029 3.502589 0.500000
v -3.000000 4.000000 0.500000
v -3.000000 4.000000 0.500000
v -2.497029 -3.502589 0.500000
v -2.497029 -3.502589 0.500000
v -3.000000 -4.000000 0.500000
v -3.000000 -4.000000 0.500000
v -2.497029 3.502589 0.500000
v -2.497029 3.502589 0.500000
v -2.497029 -3.502589 0.500000
v -2.497029 -3.502589 0.500000
v -2.497029 3.502589 0.750000
v -2.497029 3.502589 0.750000
v -2.497029 3.502589 0.750000
v -2.497029 -3.502589 0.750000
v -2.497029 -3.502589 0.750000
v 2.000000 3.000000 0.750000
v 2.000000 3.000000 0.750000
v 2.000000 -3.000000 0.750000
v 2.000000 -3.000000 0.750000
v 2.000000 -3.000000 0.750000
v 2.497029 3.502589 0.750000
v 2.497029 3.502589 0.750000
v 2.497029 3.502589 0.750000
v 2.497029 -3.502589 0.750000
v 2.497029 -3.502589 0.750000
v 2.497029 3.502589 0.500000
v 2.497029 3.502589 0.500000
v 2.497029 3.502589 0.750000
v 2.497029 3.502589 0.750000
v 2.497029 -3.502589 0.500000
v 2.497029 -3.502589 0.500000
v 2.497029 -3.502589 0.750000
v 2.497029 -3.502589 0.750000
v 2.497029 -3.502589 0.750000
v -2.497029 3.502589 0.500000
v -2.497029 3.502589 0.500000
v -2.497029 3.502589 0.750000
v -2.497029 3.502589 0.750000
v 2.497029 3.502589 0.500000
v 2.497029 3.502589 0.500000
v 2.497029 3.502589 0.750000
v 2.497029 3.502589 0.750000
v 2.497029 3.502589 0.750000
v 2.497029 3.502589 0.750000
v 2.497029 3.502589 0.750000
v -2.497029 3.502589 0.750000
v -2.497029 3.502589 0.750000
v -2.497029 3.502589 0.750000
v 2.000000 3.000000 0.750000
v 2.000000 3.000000 0.750000
v 2.000000 3.000000 0.750000
v -2.000000 3.000000 0.750000
v -2.000000 3.000000 0.750000
v 2.000000 3.000000 1.000000
v 2.000000 3.000000 1.000000
v 2.000000 -3.000000 1.000000
v 2.000000 -3.000000 1.000000
v 2.000000 3.000000 0.750000
v 2.000000 3.000000 0.750000
v 2.000000 3.000000 0.750000
v 2.000000 -3.000000 0.750000
v 2.000000 -3.000000 0.750000
v 2.000000 3.000000 0.750000
v 2.000000 3.000000 0.750000
v -2.000000 3.000000 0.750000
v -2.000000 3.000000 0.750000
v -2.000000 3.000000 0.750000
v 2.000000 3.000000 1.000000
v 2.000000 3.000000 1.000000
v 2.000000 3.000000 1.000000
v -2.000000 3.000000 1.000000
v -2.000000 3.000000 1.000000
v -2.000000 3.000000 0.750000
v -2.000000 3.000000 0.750000
v -2.000000 -3.000000 0.750000
v -2.000000 -3.000000 0.750000
v -2.000000 -3.000000 0.750000
v -2.000000 3.000000 1.000000
v -2.000000 3.000000 1.000000
v -2.000000 3.000000 1.000000
v -2.000000 -3.000000 1.000000
v -2.000000 -3.000000 1.000000
v -2.000000 3.000000 0.750000
v -2.000000 3.000000 0.750000
v -2.000000 3.000000 0.750000
v -2.497029 3.502589 0.750000
v -2.497029 3.502589 0.750000
v -2.000000 -3.000000 0.750000
v -2.000000 -3.000000 0.750000
v -2.497029 -3.502589 0.750000
v -2.497029 -3.502589 0.750000
v -2.497029 -3.502589 0.750000
v -2.000000 3.000000 1.000000
v -2.000000 3.000000 1.000000
v -2.000000 3.000000 1.000000
v -2.000000 -3.000000 1.000000
v -2.000000 -3.000000 1.000000
v -2.000000 -3.000000 1.000000
v 2.000000 3.000000 1.000000
v 2.000000 3.000000 1.000000
v 2.000000 -3.000000 1.000000
v 2.000000 -3.000000 1.000000
v 2.000000 -3.000000 1.000000
v -2.000000 -3.000000 0.750000
v -2.000000 -3.000000 0.750000
v -2.000000 -3.000000 0.750000
v -2.497029 -3.502589 0.750000
v -2.497029 -3.502589 0.750000
v 2.000000 -3.000000 0.750000
v 2.000000 -3.000000 0.750000
v 2.497029 -3.502589 0.750000
v 2.497029 -3.502589 0.750000
v 2.497029 -3.502589 0.750000
v -2.000000 -3.000000 1.000000
v -2.000000 -3.000000 1.000000
v -2.000000 -3.000000 1.000000
v -2.000000 -3.000000 0.750000
v -2.000000 -3.000000 0.750000
v 2.000000 -3.000000 1.000000
v 2.000000 -3.000000 1.000000
v 2.000000 -3.000000 0.750000
v 2.000000 -3.000000 0.750000
v 2.000000 -3.000000 0.750000
v 2.497029 -3.502589 0.500000
v 2.497029 -3.502589 0.500000
v 2.497029 -3.502589 0.750000
v 2.497029 -3.502589 0.750000
v -2.497029 -3.502589 0.500000
v -2.497029 -3.502589 0.500000
v -2.497029 -3.502589 0.750000
v -2.497029 -3.502589 0.750000
v -2.497029 -3.502589 0.750000
v 2.497029 -3.502589 0.500000
v 2.497029 -3.502589 0.500000
v -2.497029 -3.502589 0.500000
v -2.497029 -3.502589 0.500000
v 3.000000 -4.000000 0.500000
v 3.000000 -4.000000 0.500000
v -3.000000 -4.000000 0.500000
v -3.000000 -4.000000 0.500000
v 3.000000 -4.000000 0.250000
v 3.000000 -4.000000 0.250000
v -3.000000 -4.000000 0.250000
v -3.000000 -4.000000 0.250000
v 3.511561 -4.520231 0.250000
v 3.511561 -4.520231 0.250000
v -3.511561 -4.520231 0.250000
v -3.511561 -4.520231 0.250000
v -3.000000 -4.000000 0.250000
v -3.000000 -4.000000 0.250000
v 3.000000 -4.000000 0.250000
v 3.000000 -4.000000 0.250000
v -3.000000 -4.000000 0.500000
v -3.000000 -4.000000 0.500000
v 3.000000 -4.000000 0.500000
v 3.000000 -4.000000 0.500000
v -3.511561 -4.520231 0.000000
v -3.511561 -4.520231 0.000000
v 3.511561 -4.520231 0.000000
v 3.511561 -4.520231 0.000000
v -3.511561 -4.520231 0.250000
v -3.511561 -4.520231 0.250000
v 3.511561 -4.520231 0.250000
v 3.511561 -4.520231 0.250000
v -1.226807 2.760695 2.331826
v -1.226807 2.760695 2.521894
v 1.423956 2.552075 2.331826
v 1.423956 2.552075 2.521894
v -1.226807 2.760695 2.521894
v -1.226807 2.760695 2.331826
v -1.272781 2.176538 2.521894
v -1.272781 2.176538 2.331826
v 1.423956 2.552075 2.521894
v 1.302793 1.012551 2.521894
v 1.423956 2.552075 2.331826
v 1.302793 1.012551 2.331826
v 1.423956 2.552075 2.521894
v -1.226807 2.760695 2.521894
v 1.302793 1.012551 2.521894
v -1.272781 2.176538 2.521894
v -1.012681 1.992623 2.521894
v -1.272781 2.176538 2.521894
v -1.272781 2.176538 2.331826
v -1.012681 1.992623 2.521894
v -1.012681 1.992623 2.331826
v -0.949655 1.603464 2.521894
v -0.949655 1.603464 2.331826
v -0.579749 1.058860 2.521894
v -0.579749 1.058860 2.331826
v -1.272781 2.176538 2.331826
v -1.226807 2.760695 2.331826
v -1.012681 1.992623 2.331826
v 1.423956 2.552075 2.331826
v 0.226596 1.116338 2.331826
v 1.302793 1.012551 2.331826
v 0.458327 0.952482 2.331826
v -1.250931 2.039649 2.336755
v -1.019112 1.885731 2.336755
v -1.415889 0.364800 2.336755
v -0.962119 1.477629 2.336755
v -1.150896 0.443491 2.336755
v -0.754206 1.171544 2.336755
v -1.250931 2.039649 2.336755
v -1.250931 2.039649 2.526823
v -1.019112 1.885731 2.336755
v -1.019112 1.885731 2.526823
v -0.962119 1.477629 2.336755
v -0.962119 1.477629 2.526823
v -0.754206 1.171544 2.336755
v -0.754206 1.171544 2.526823
v -1.250931 2.039649 2.526823
v -1.250931 2.039649 2.336755
v -1.415889 0.364800 2.526823
v -1.415889 0.364800 2.336755
v -0.949655 1.603464 2.331826
v -0.215633 1.175600 2.331826
v -0.579749 1.058860 2.331826
v 0.390219 1.524168 1.881520
v 0.016683 0.812766 1.963476
v 1.003199 1.159152 1.747028
v 0.355116 0.627451 1.889222
v 0.960465 0.739439 1.756404
v 1.003199 1.159152 1.747028
v 0.962466 1.159152 1.561376
v 0.390219 1.524168 1.881520
v 0.349485 1.524168 1.695868
v -0.053537 1.413646 1.978883
v -0.094270 1.413646 1.793231
v -0.030128 1.452530 1.737516
v -0.389152 1.181913 1.737516
v 0.228510 1.488434 1.737516
v 0.018700 1.157570 1.737516
v 0.228510 1.488434 1.737516
v 0.228510 1.488434 1.547448
v -0.030128 1.452530 1.737516
v -0.030128 1.452530 1.547448
v -0.389152 1.181913 1.737516
v -0.389152 1.181913 1.547448
v 0.228510 1.488434 1.737516
v 0.018700 1.157570 1.737516
v 0.228510 1.488434 1.547448
v 0.018700 1.157570 1.547448
v -0.030128 1.452530 1.547448
v 0.228510 1.488434 1.547448
v -0.389152 1.181913 1.547448
v 0.018700 1.157570 1.547448
v -0.094270 1.413646 1.793231
v 0.349485 1.524168 1.695868
v -0.024050 0.812766 1.777824
v 0.962466 1.159152 1.561376
v 0.314382 0.627451 1.703570
v 0.919731 0.739439 1.570752
v -0.053537 1.413646 1.978883
v -0.094270 1.413646 1.793231
v 0.016683 0.812766 1.963476
v -0.024050 0.812766 1.777824
v 0.355116 0.627451 1.889222
v 0.314382 0.627451 1.703570
v 0.960465 0.739439 1.756404
v 0.919731 0.739439 1.570752
v -0.389152 1.181913 1.737516
v -0.389152 1.181913 1.547448
v 0.018700 1.157570 1.737516
v 0.018700 1.157570 1.547448
v -0.579749 1.058860 2.521894
v -0.579749 1.058860 2.331826
v -0.215633 1.175600 2.521894
v -0.215633 1.175600 2.331826
v 0.226596 1.116338 2.521894
v 0.226596 1.116338 2.331826
v 0.458327 0.952482 2.521894
v 0.458327 0.952482 2.331826
v 1.302793 1.012551 2.521894
v 1.302793 1.012551 2.331826
v -0.754206 1.171544 2.336755
v -0.754206 1.171544 2.526823
v -1.150896 0.443491 2.336755
v -1.150896 0.443491 2.526823
v -1.415889 0.364800 2.336755
v -1.415889 0.364800 2.526823
v -0.754206 1.171544 2.526823
v -0.962119 1.477629 2.526823
v -1.150896 0.443491 2.526823
v -1.019112 1.885731 2.526823
v -1.250931 2.039649 2.526823
v 0.962466 1.159152 1.561376
v 1.003199 1.159152 1.747028
v 0.919731 0.739439 1.570752
v 0.960465 0.739439 1.756404
v -0.635025 1.140656 1.537881
v -0.635025 1.140656 1.727950
v -0.660234 0.816994 1.537881
v -0.660234 0.816994 1.727950
v -0.635025 1.140656 1.727950
v -0.635025 1.140656 1.537881
v -0.881257 1.084659 1.727950
v -0.881257 1.084659 1.537881
v -0.881257 1.084659 1.537881
v -0.660234 0.816994 1.537881
v -0.881257 1.084659 1.727950
v -0.660234 0.816994 1.727950
v -0.949655 1.603464 2.521894
v -0.215633 1.175600 2.521894
v 0.030969 1.254664 2.521894
v 0.226596 1.116338 2.521894
v 0.458327 0.952482 2.521894
v 1.785481 0.885644 1.032561
v 1.785481 -0.889897 1.032561
v 1.599065 0.885644 0.995481
v 1.599065 -0.889897 0.995481
v 1.785481 0.885644 1.032561
v 1.599065 0.885644 0.995481
v 1.625393 0.755270 1.837378
v 1.438977 0.755270 1.800297
v 1.549555 0.638931 2.218643
v 1.363139 0.638931 2.181562
v 1.492802 0.064882 2.503958
v 1.306386 0.064882 2.466877
v 1.532507 -0.321826 2.304347
v 1.346091 -0.321826 2.267267
v 1.578236 -0.433286 2.074452
v 1.391820 -0.433286 2.037371
v 1.674241 -0.859818 1.591801
v 1.487825 -0.859818 1.554721
v 1.785481 -0.889897 1.032561
v 1.599065 -0.889897 0.995481
v 1.492802 0.064882 2.503958
v 1.532507 -0.321826 2.304347
v 1.549555 0.638931 2.218643
v 1.578236 -0.433286 2.074452
v 1.625393 0.755270 1.837378
v 1.674241 -0.859818 1.591801
v 1.785481 0.885644 1.032561
v 1.785481 -0.889897 1.032561
v -0.367612 0.607355 1.629830
v -0.314189 0.563502 1.452774
v -0.314887 0.129929 1.763987
v -0.261464 0.086076 1.586931
v 0.143517 -0.232421 1.992047
v 0.196940 -0.276274 1.814991
v -0.314189 0.563502 1.452774
v -0.064716 0.475656 1.549805
v -0.261464 0.086076 1.586931
v 0.405442 0.132308 1.776705
v 0.196940 -0.276274 1.814991
v -0.314189 0.563502 1.452774
v -0.367612 0.607355 1.629830
v -0.064716 0.475656 1.549805
v -0.118139 0.519509 1.726861
v 0.405442 0.132308 1.776705
v 0.352019 0.176161 1.953761
v -0.118139 0.519509 1.726861
v -0.314887 0.129929 1.763987
v 0.352019 0.176161 1.953761
v 0.143517 -0.232421 1.992047
v -0.513356 0.246249 1.496126
v -0.513356 0.246249 1.686194
v -0.328571 -0.109480 1.496126
v -0.328571 -0.109480 1.686194
v -0.513356 0.246249 1.686194
v -0.513356 0.246249 1.496126
v -0.847225 0.091606 1.686194
v -0.847225 0.091606 1.496126
v 0.012499 -0.147373 1.726688
v -0.278726 -0.848444 1.726688
v 0.365858 0.167107 1.726688
v 0.113000 -0.751184 1.726688
v 0.904605 -0.043201 1.726688
v 0.614923 -0.934750 1.726688
v 0.365858 0.167107 1.726688
v 0.365858 0.167107 1.536619
v 0.012499 -0.147373 1.726688
v 0.012499 -0.147373 1.536619
v -0.278726 -0.848444 1.726688
v -0.280515 -0.852750 1.536619
v 0.365858 0.167107 1.536619
v 0.904605 -0.043201 1.536619
v 0.012499 -0.147373 1.536619
v 0.078647 -0.741704 1.536619
v -0.280515 -0.852750 1.536619
v 0.365858 0.167107 1.536619
v 0.365858 0.167107 1.726688
v 0.904605 -0.043201 1.536619
v 0.904605 -0.043201 1.726688
v 0.352019 0.176161 1.953761
v 0.143517 -0.232421 1.992047
v 0.405442 0.132308 1.776705
v 0.196940 -0.276274 1.814991
v -0.847225 0.091606 1.686194
v -0.847225 0.091606 1.496126
v -0.328571 -0.109480 1.686194
v -0.328571 -0.109480 1.496126
v 1.346091 -0.321826 2.267267
v 1.363139 0.638931 2.181562
v 1.391820 -0.433286 2.037371
v 1.438977 0.755270 1.800297
v 1.487825 -0.859818 1.554721
v 1.599065 0.885644 0.995481
v 1.599065 -0.889897 0.995481
v -0.686477 -0.030601 1.536718
v -0.868684 -0.205789 1.536718
v -0.686477 -0.030601 1.726786
v -0.868684 -0.205789 1.726786
v -0.868684 -0.205789 1.536718
v -0.448063 -0.150760 1.536718
v -0.836317 -0.517844 1.536718
v -0.305216 -0.725872 1.536718
v -0.686477 -0.030601 1.726786
v -0.836317 -0.517844 1.726786
v -0.448063 -0.150760 1.726786
v -0.305216 -0.725872 1.726786
v -0.686477 -0.030601 1.536718
v -0.686477 -0.030601 1.726786
v -0.448063 -0.150760 1.536718
v -0.448063 -0.150760 1.726786
v -0.305216 -0.725872 1.536718
v -0.305216 -0.725872 1.726786
v 0.904605 -0.043201 1.536619
v 0.904605 -0.043201 1.726688
v 0.615407 -0.933259 1.536619
v 0.614923 -0.934750 1.726688
v -0.887469 -0.044441 2.333456
v -0.311479 -0.100600 2.333456
v -1.333841 -0.412110 2.333456
v -0.152203 -0.582210 2.333456
v -1.507679 -0.769181 2.333456
v 0.444185 -2.263941 2.333456
v -0.954549 -2.888887 2.333456
v 0.314299 -2.557786 2.333456
v -0.311479 -0.100600 2.523524
v -0.311479 -0.100600 2.333456
v -0.887469 -0.044441 2.523524
v -0.887469 -0.044441 2.333456
v -1.333841 -0.412110 2.523524
v -1.333841 -0.412110 2.333456
v -1.507679 -0.769181 2.523524
v -1.507679 -0.769181 2.333456
v -0.311479 -0.100600 2.523524
v -1.333841 -0.412110 2.523524
v -0.152203 -0.582210 2.523524
v 0.444185 -2.263941 2.523524
v 0.555392 -1.658442 2.523524
v -0.311479 -0.100600 2.333456
v -0.311479 -0.100600 2.523524
v -0.152203 -0.582210 2.333456
v -0.152203 -0.582210 2.523524
v 0.413840 -0.895466 2.333456
v 0.413840 -0.895466 2.523524
v 0.555392 -1.658442 2.333456
v 0.555392 -1.658442 2.523524
v 0.444185 -2.263941 2.333456
v 0.444185 -2.263941 2.523524
v 0.314299 -2.557786 2.333456
v 0.314299 -2.557786 2.523524
v -1.207478 -0.204505 1.006501
v -1.030484 -0.273779 1.006501
v -1.366820 -0.611619 1.006501
v -1.189825 -0.680893 1.006501
v -0.868684 -0.205789 1.726786
v -0.868684 -0.205789 1.536718
v -0.836317 -0.517844 1.726786
v -0.836317 -0.517844 1.536718
v -1.207478 -0.204505 1.006501
v -1.276132 -0.379914 1.211754
v -1.030484 -0.273779 1.006501
v -1.099138 -0.449189 1.211754
v -1.507679 -0.769181 2.523524
v -0.954549 -2.888887 2.523524
v 0.314299 -2.557786 2.523524
v -1.276132 -0.379914 1.211754
v -1.366820 -0.611619 1.006501
v -1.099138 -0.449189 1.211754
v -1.189825 -0.680893 1.006501
v -0.836317 -0.517844 1.726786
v -0.836317 -0.517844 1.536718
v -0.305216 -0.725872 1.726786
v -0.305216 -0.725872 1.536718
v 0.413840 -0.895466 2.333456
v 0.555392 -1.658442 2.333456
v 0.615407 -0.933259 1.536619
v 0.614923 -0.934750 1.726688
v 0.078647 -0.741704 1.536619
v 0.113000 -0.751184 1.726688
v -0.280515 -0.852750 1.536619
v -0.278726 -0.848444 1.726688
v -1.507679 -0.769181 2.333456
v -0.954549 -2.888887 2.333456
v -1.507679 -0.769181 2.523524
v -0.954549 -2.888887 2.523524
v 0.688439 -0.971764 1.850639
v 1.108702 -0.995273 2.224094
v 0.451899 -1.197218 1.640445
v 1.108702 -1.985793 2.224094
v 0.276581 -1.742620 1.484653
v 0.432165 -1.985793 1.622908
v 1.108702 -0.995273 2.224094
v 0.982449 -0.999081 2.366172
v 1.108702 -1.985793 2.224094
v 0.982449 -1.985793 2.366172
v 0.982449 -0.999081 2.366172
v 1.108702 -0.995273 2.224094
v 0.590781 -0.977114 2.018128
v 0.688439 -0.971764 1.850639
v 0.325646 -1.197218 1.782522
v 0.451899 -1.197218 1.640445
v 0.150328 -1.742620 1.626731
v 0.276581 -1.742620 1.484653
v 0.982449 -1.985793 2.366172
v 0.590781 -0.977114 2.018128
v 0.305911 -1.985793 1.764986
v 0.325646 -1.197218 1.782522
v 0.150328 -1.742620 1.626731
v 0.276581 -1.742620 1.484653
v 0.432165 -1.985793 1.622908
v 0.150328 -1.742620 1.626731
v 0.305911 -1.985793 1.764986
v 0.982449 -1.985793 2.366172
v 0.305911 -1.985793 1.764986
v 1.108702 -1.985793 2.224094
v 0.432165 -1.985793 1.622908
v 0.201769 -2.238745 1.177344
v 0.387957 -2.465832 1.177344
v 0.201769 -2.238745 0.987276
v 0.387957 -2.465832 0.987276
v 0.201769 -2.238745 0.987276
v 0.009815 -2.465832 0.987276
v 0.201769 -2.238745 1.177344
v 0.009815 -2.465832 1.177344
v 0.387957 -2.465832 1.177344
v 0.009815 -2.465832 1.177344
v 0.387957 -2.465832 0.987276
v 0.009815 -2.465832 0.987276
v 0.314299 -2.557786 2.523524
v -0.954549 -2.888887 2.523524
v 0.314299 -2.557786 2.333456
v -0.954549 -2.888887 2.333456
v -0.579749 1.058860 2.521894
v -0.053537 1.413646 1.978883
v -1.415889 0.364800 2.526823
v -0.367612 0.607355 1.629830
v -0.887469 -0.044441 2.523524
v -0.868684 -0.205789 1.726786
v 0.615407 -0.933259 1.536619
v 0.009815 -2.465832 0.987276
v 0.201769 -2.238745 0.987276
v 0.387957 -2.465832 0.987276
v 0.009815 -2.465832 1.177344
v 0.387957 -2.465832 1.177344
v 0.201769 -2.238745 1.177344
v 0.982449 -0.999081 2.366172
v 0.413840 -0.895466 2.523524
v -1.189825 -0.680893 1.006501
v -1.030484 -0.273779 1.006501
v -1.099138 -0.449189 1.211754
v -1.366820 -0.611619 1.006501
v -1.276132 -0.379914 1.211754
v -1.207478 -0.204505 1.006501
v 1.306386 0.064882 2.466877
v -0.686477 -0.030601 1.536718
v -0.328571 -0.109480 1.496126
v -0.847225 0.091606 1.496126
v -0.513356 0.246249 1.496126
v -0.328571 -0.109480 1.686194
v -0.513356 0.246249 1.686194
v -0.847225 0.091606 1.686194
v -0.660234 0.816994 1.537881
v -0.881257 1.084659 1.537881
v -0.635025 1.140656 1.537881
v -0.660234 0.816994 1.727950
v -0.635025 1.140656 1.727950
v -0.881257 1.084659 1.727950
v 1.329480 2.658960 2.329480
v 0.997051 1.994103 1.000000
v -1.329480 2.658960 2.329480
v -0.997051 1.994103 1.000000
v -0.997051 1.994103 1.000000
v -0.997051 -1.994103 1.000000
v -1.329480 2.658960 2.329480
v -1.329480 -2.658960 2.329480
v 1.329480 2.658960 2.329480
v -1.329480 2.658960 2.329480
v 1.114304 2.425674 2.329480
v -1.114304 2.425674 2.329480
v 1.114304 2.425674 2.329480
v 1.114304 -2.425674 2.329480
v 1.329480 -2.658960 2.329480
v 1.114304 2.425674 2.329480
v -1.114304 2.425674 2.329480
v 0.996754 1.993507 1.534894
v -0.996754 1.993507 1.534894
v 0.996754 1.993507 1.534894
v 0.996754 -1.993507 1.534894
v 1.114304 2.425674 2.329480
v 1.114304 -2.425674 2.329480
v -1.114304 2.425674 2.329480
v -1.114304 -2.425674 2.329480
v -1.329480 -2.658960 2.329480
v 0.997051 1.994103 1.000000
v 1.329480 2.658960 2.329480
v 0.997051 -1.994103 1.000000
v 1.329480 -2.658960 2.329480
v 0.996754 1.993507 1.534894
v -0.996754 1.993507 1.534894
v 0.996754 -1.993507 1.534894
v -0.996754 -1.993507 1.534894
v -0.996754 1.993507 1.534894
v -1.114304 2.425674 2.329480
v -0.996754 -1.993507 1.534894
v -1.114304 -2.425674 2.329480
v -0.996754 -1.993507 1.534894
v -1.114304 -2.425674 2.329480
v 0.996754 -1.993507 1.534894
v 1.114304 -2.425674 2.329480
v -0.997051 -1.994103 1.000000
v 0.997051 -1.994103 1.000000
v -1.329480 -2.658960 2.329480
v 1.329480 -2.658960 2.329480
v -1.114304 -2.425674 2.329480
v 1.114304 -2.425674 2.329480
v -1.226807 2.760695 2.331826
v -1.226807 2.760695 2.331826
v -1.226807 2.760695 2.521894
v -1.226807 2.760695 2.521894
v 1.423956 2.552075 2.331826
v 1.423956 2.552075 2.331826
v 1.423956 2.552075 2.521894
v 1.423956 2.552075 2.521894
v -1.226807 2.760695 2.521894
v -1.226807 2.760695 2.521894
v -1.226807 2.760695 2.331826
v -1.226807 2.760695 2.331826
v -1.272781 2.176538 2.521894
v -1.272781 2.176538 2.521894
v -1.272781 2.176538 2.521894
v 1.423956 2.552075 2.521894
v 1.423956 2.552075 2.521894
v 1.302793 1.012551 2.521894
v 1.302793 1.012551 2.521894
v 1.302793 1.012551 2.521894
v 1.423956 2.552075 2.331826
v 1.423956 2.552075 2.331826
v 1.423956 2.552075 2.331826
v 1.302793 1.012551 2.331826
v 1.302793 1.012551 2.331826
v 1.302793 1.012551 2.331826
v 1.423956 2.552075 2.521894
v 1.423956 2.552075 2.521894
v 1.423956 2.552075 2.521894
v -1.226807 2.760695 2.521894
v -1.226807 2.760695 2.521894
v -1.226807 2.760695 2.521894
v -1.272781 2.176538 2.521894
v -1.272781 2.176538 2.521894
v -1.272781 2.176538 2.521894
v -1.012681 1.992623 2.521894
v -1.012681 1.992623 2.521894
v -1.012681 1.992623 2.521894
v -1.012681 1.992623 2.521894
v -1.012681 1.992623 2.521894
v -1.272781 2.176538 2.521894
v -1.272781 2.176538 2.521894
v -1.272781 2.176538 2.331826
v -1.272781 2.176538 2.331826
v -1.272781 2.176538 2.331826
v -1.012681 1.992623 2.521894
v -1.012681 1.992623 2.521894
v -1.012681 1.992623 2.521894
v -1.012681 1.992623 2.521894
v -1.012681 1.992623 2.331826
v -1.012681 1.992623 2.331826
v -1.012681 1.992623 2.331826
v -0.949655 1.603464 2.521894
v -0.949655 1.603464 2.521894
v -0.949655 1.603464 2.521894
v -0.949655 1.603464 2.521894
v -0.949655 1.603464 2.331826
v -0.949655 1.603464 2.331826
v -0.949655 1.603464 2.331826
v -0.949655 1.603464 2.331826
v -0.579749 1.058860 2.331826
v -0.579749 1.058860 2.331826
v -0.579749 1.058860 2.331826
v -1.272781 2.176538 2.331826
v -1.272781 2.176538 2.331826
v -1.226807 2.760695 2.331826
v -1.226807 2.760695 2.331826
v -1.226807 2.760695 2.331826
v -1.012681 1.992623 2.331826
v -1.012681 1.992623 2.331826
v -1.012681 1.992623 2.331826
v -1.012681 1.992623 2.331826
v -1.012681 1.992623 2.331826
v -1.012681 1.992623 2.331826
v 1.423956 2.552075 2.331826
v 1.423956 2.552075 2.331826
v 1.423956 2.552075 2.331826
v 1.423956 2.552075 2.331826
v 0.226596 1.116338 2.331826
v 0.226596 1.116338 2.331826
v 0.226596 1.116338 2.331826
v 0.226596 1.116338 2.331826
v 0.226596 1.116338 2.331826
v 0.226596 1.116338 2.331826
v 0.226596 1.116338 2.331826
v 1.302793 1.012551 2.331826
v 1.302793 1.012551 2.331826
v 1.302793 1.012551 2.331826
v 1.302793 1.012551 2.331826
v 0.458327 0.952482 2.331826
v 0.458327 0.952482 2.331826
v 0.458327 0.952482 2.331826
v -1.250931 2.039649 2.336755
v -1.250931 2.039649 2.336755
v -1.019112 1.885731 2.336755
v -1.019112 1.885731 2.336755
v -1.019112 1.885731 2.336755
v -1.415889 0.364800 2.336755
v -1.415889 0.364800 2.336755
v -1.415889 0.364800 2.336755
v -1.415889 0.364800 2.336755
v -0.962119 1.477629 2.336755
v -0.962119 1.477629 2.336755
v -0.962119 1.477629 2.336755
v -0.962119 1.477629 2.336755
v -1.150896 0.443491 2.336755
v -1.150896 0.443491 2.336755
v -1.150896 0.443491 2.336755
v -0.754206 1.171544 2.336755
v -0.754206 1.171544 2.336755
v -0.754206 1.171544 2.336755
v -1.250931 2.039649 2.336755
v -1.250931 2.039649 2.336755
v -1.250931 2.039649 2.336755
v -1.250931 2.039649 2.526823
v -1.250931 2.039649 2.526823
v -1.019112 1.885731 2.336755
v -1.019112 1.885731 2.336755
v -1.019112 1.885731 2.336755
v -1.019112 1.885731 2.336755
v -1.019112 1.885731 2.526823
v -1.019112 1.885731 2.526823
v -1.019112 1.885731 2.526823
v -1.019112 1.885731 2.526823
v -0.962119 1.477629 2.336755
v -0.962119 1.477629 2.336755
v -0.962119 1.477629 2.336755
v -0.962119 1.477629 2.336755
v -0.962119 1.477629 2.526823
v -0.962119 1.477629 2.526823
v -0.962119 1.477629 2.526823
v -0.962119 1.477629 2.526823
v -0.754206 1.171544 2.526823
v -0.754206 1.171544 2.526823
v -0.754206 1.171544 2.526823
v -1.250931 2.039649 2.526823
v -1.250931 2.039649 2.526823
v -1.250931 2.039649 2.336755
v -1.250931 2.039649 2.336755
v -1.415889 0.364800 2.526823
v -1.415889 0.364800 2.526823
v -1.415889 0.364800 2.336755
v -1.415889 0.364800 2.336755
v -0.949655 1.603464 2.331826
v -0.949655 1.603464 2.331826
v -0.949655 1.603464 2.331826
v -0.949655 1.603464 2.331826
v -0.949655 1.603464 2.331826
v -0.579749 1.058860 2.331826
v -0.579749 1.058860 2.331826
v 0.390219 1.524168 1.881520
v 0.390219 1.524168 1.881520
v 0.390219 1.524168 1.881520
v 0.390219 1.524168 1.881520
v 0.016683 0.812766 1.963476
v 0.016683 0.812766 1.963476
v 0.016683 0.812766 1.963476
v 0.016683 0.812766 1.963476
v 0.016683 0.812766 1.963476
v 1.003199 1.159152 1.747028
v 1.003199 1.159152 1.747028
v 1.003199 1.159152 1.747028
v 1.003199 1.159152 1.747028
v 1.003199 1.159152 1.747028
v 1.003199 1.159152 1.747028
v 1.003199 1.159152 1.747028
v 0.962466 1.159152 1.561376
v 0.962466 1.159152 1.561376
v 0.390219 1.524168 1.881520
v 0.390219 1.524168 1.881520
v 0.390219 1.524168 1.881520
v 0.390219 1.524168 1.881520
v 0.349485 1.524168 1.695868
v 0.349485 1.524168 1.695868
v 0.349485 1.524168 1.695868
v 0.349485 1.524168 1.695868
v -0.053537 1.413646 1.978883
v -0.053537 1.413646 1.978883
v -0.094270 1.413646 1.793231
v -0.094270 1.413646 1.793231
v -0.094270 1.413646 1.793231
v -0.030128 1.452530 1.737516
v -0.030128 1.452530 1.737516
v -0.389152 1.181913 1.737516
v -0.389152 1.181913 1.737516
v 0.228510 1.488434 1.737516
v 0.228510 1.488434 1.737516
v 0.228510 1.488434 1.737516
v 0.018700 1.157570 1.737516
v 0.018700 1.157570 1.737516
v 0.228510 1.488434 1.737516
v 0.228510 1.488434 1.737516
v -0.030128 1.452530 1.737516
v -0.030128 1.452530 1.737516
v -0.030128 1.452530 1.737516
v -0.389152 1.181913 1.737516
v -0.389152 1.181913 1.737516
v -0.389152 1.181913 1.547448
v -0.389152 1.181913 1.547448
v 0.228510 1.488434 1.737516
v 0.228510 1.488434 1.737516
v 0.018700 1.157570 1.737516
v 0.018700 1.157570 1.737516
v 0.018700 1.157570 1.737516
v 0.228510 1.488434 1.547448
v 0.228510 1.488434 1.547448
v 0.228510 1.488434 1.547448
v -0.030128 1.452530 1.547448
v -0.030128 1.452530 1.547448
v 0.228510 1.488434 1.547448
v 0.228510 1.488434 1.547448
v -0.389152 1.181913 1.547448
v -0.389152 1.181913 1.547448
v 0.018700 1.157570 1.547448
v 0.018700 1.157570 1.547448
v 0.018700 1.157570 1.547448
v -0.094270 1.413646 1.793231
v -0.094270 1.413646 1.793231
v -0.094270 1.413646 1.793231
v 0.349485 1.524168 1.695868
v 0.349485 1.524168 1.695868
v 0.349485 1.524168 1.695868
v -0.024050 0.812766 1.777824
v -0.024050 0.812766 1.777824
v -0.024050 0.812766 1.777824
v 0.962466 1.159152 1.561376
v 0.962466 1.159152 1.561376
v 0.962466 1.159152 1.561376
v 0.962466 1.159152 1.561376
v -0.053537 1.413646 1.978883
v -0.053537 1.413646 1.978883
v -0.053537 1.413646 1.978883
v -0.094270 1.413646 1.793231
v -0.094270 1.413646 1.793231
v -0.024050 0.812766 1.777824
v -0.024050 0.812766 1.777824
v -0.024050 0.812766 1.777824
v -0.024050 0.812766 1.777824
v 0.314382 0.627451 1.703570
v 0.314382 0.627451 1.703570
v 0.314382 0.627451 1.703570
v 0.919731 0.739439 1.570752
v 0.919731 0.739439 1.570752
v -0.389152 1.181913 1.737516
v -0.389152 1.181913 1.737516
v -0.389152 1.181913 1.547448
v -0.389152 1.181913 1.547448
v 0.018700 1.157570 1.737516
v 0.018700 1.157570 1.737516
v -0.579749 1.058860 2.331826
v -0.579749 1.058860 2.331826
v -0.215633 1.175600 2.331826
v -0.215633 1.175600 2.331826
v -0.215633 1.175600 2.331826
v 0.226596 1.116338 2.521894
v 0.226596 1.116338 2.521894
v 0.226596 1.116338 2.521894
v 0.226596 1.116338 2.521894
v 0.226596 1.116338 2.331826
v 0.226596 1.116338 2.331826
v 0.226596 1.116338 2.331826
v 0.458327 0.952482 2.331826
v 0.458327 0.952482 2.331826
v 0.458327 0.952482 2.331826
v 0.458327 0.952482 2.331826
v 1.302793 1.012551 2.521894
v 1.302793 1.012551 2.521894
v 1.302793 1.012551 2.521894
v 1.302793 1.012551 2.331826
v 1.302793 1.012551 2.331826
v 1.302793 1.012551 2.331826
v -0.754206 1.171544 2.336755
v -0.754206 1.171544 2.336755
v -0.754206 1.171544 2.336755
v -0.754206 1.171544 2.526823
v -0.754206 1.171544 2.526823
v -1.150896 0.443491 2.336755
v -1.150896 0.443491 2.336755
v -1.150896 0.443491 2.336755
v -1.150896 0.443491 2.336755
v -1.150896 0.443491 2.526823
v -1.150896 0.443491 2.526823
v -1.150896 0.443491 2.526823
v -1.150896 0.443491 2.526823
v -1.415889 0.364800 2.336755
v -1.415889 0.364800 2.336755
v -1.415889 0.364800 2.526823
v -1.415889 0.364800 2.526823
v -0.754206 1.171544 2.526823
v -0.754206 1.171544 2.526823
v -0.754206 1.171544 2.526823
v -0.962119 1.477629 2.526823
v -0.962119 1.477629 2.526823
v -0.962119 1.477629 2.526823
v -0.962119 1.477629 2.526823
v -1.150896 0.443491 2.526823
v -1.150896 0.443491 2.526823
v -1.150896 0.443491 2.526823
v -1.150896 0.443491 2.526823
v -1.150896 0.443491 2.526823
v -1.019112 1.885731 2.526823
v -1.019112 1.885731 2.526823
v -1.019112 1.885731 2.526823
v -1.019112 1.885731 2.526823
v -1.250931 2.039649 2.526823
v -1.250931 2.039649 2.526823
v -1.250931 2.039649 2.526823
v -1.250931 2.039649 2.526823
v 0.962466 1.159152 1.561376
v 0.962466 1.159152 1.561376
v 0.919731 0.739439 1.570752
v 0.919731 0.739439 1.570752
v -0.635025 1.140656 1.537881
v -0.635025 1.140656 1.537881
v -0.635025 1.140656 1.537881
v -0.635025 1.140656 1.727950
v -0.635025 1.140656 1.727950
v -0.660234 0.816994 1.727950
v -0.660234 0.816994 1.727950
v -0.660234 0.816994 1.727950
v -0.635025 1.140656 1.727950
v -0.635025 1.140656 1.727950
v -0.635025 1.140656 1.727950
v -0.635025 1.140656 1.537881
v -0.635025 1.140656 1.537881
v -0.881257 1.084659 1.727950
v -0.881257 1.084659 1.727950
v -0.881257 1.084659 1.537881
v -0.881257 1.084659 1.537881
v -0.881257 1.084659 1.537881
v -0.881257 1.084659 1.537881
v -0.881257 1.084659 1.537881
v -0.881257 1.084659 1.727950
v -0.881257 1.084659 1.727950
v -0.660234 0.816994 1.727950
v -0.660234 0.816994 1.727950
v -0.949655 1.603464 2.521894
v -0.949655 1.603464 2.521894
v -0.949655 1.603464 2.521894
v -0.949655 1.603464 2.521894
v 0.226596 1.116338 2.521894
v 0.226596 1.116338 2.521894
v 0.226596 1.116338 2.521894
v 0.226596 1.116338 2.521894
v 0.458327 0.952482 2.521894
v 0.458327 0.952482 2.521894
v 0.458327 0.952482 2.521894
v 1.785481 0.885644 1.032561
v 1.785481 0.885644 1.032561
v 1.785481 -0.889897 1.032561
v 1.785481 -0.889897 1.032561
v 1.785481 -0.889897 1.032561
v 1.599065 0.885644 0.995481
v 1.599065 0.885644 0.995481
v 1.599065 0.885644 0.995481
v 1.599065 -0.889897 0.995481
v 1.599065 -0.889897 0.995481
v 1.785481 0.885644 1.032561
v 1.785481 0.885644 1.032561
v 1.785481 0.885644 1.032561
v 1.599065 0.885644 0.995481
v 1.599065 0.885644 0.995481
v 1.625393 0.755270 1.837378
v 1.625393 0.755270 1.837378
v 1.625393 0.755270 1.837378
v 1.438977 0.755270 1.800297
v 1.438977 0.755270 1.800297
v 1.438977 0.755270 1.800297
v 1.438977 0.755270 1.800297
v 1.549555 0.638931 2.218643
v 1.549555 0.638931 2.218643
v 1.549555 0.638931 2.218643
v 1.492802 0.064882 2.503958
v 1.492802 0.064882 2.503958
v 1.492802 0.064882 2.503958
v 1.532507 -0.321826 2.304347
v 1.532507 -0.321826 2.304347
v 1.532507 -0.321826 2.304347
v 1.578236 -0.433286 2.074452
v 1.578236 -0.433286 2.074452
v 1.578236 -0.433286 2.074452
v 1.674241 -0.859818 1.591801
v 1.674241 -0.859818 1.591801
v 1.674241 -0.859818 1.591801
v 1.674241 -0.859818 1.591801
v 1.785481 -0.889897 1.032561
v 1.785481 -0.889897 1.032561
v 1.599065 -0.889897 0.995481
v 1.599065 -0.889897 0.995481
v 1.599065 -0.889897 0.995481
v 1.492802 0.064882 2.503958
v 1.492802 0.064882 2.503958
v 1.532507 -0.321826 2.304347
v 1.532507 -0.321826 2.304347
v 1.549555 0.638931 2.218643
v 1.549555 0.638931 2.218643
v 1.549555 0.638931 2.218643
v 1.578236 -0.433286 2.074452
v 1.578236 -0.433286 2.074452
v 1.578236 -0.433286 2.074452
v 1.625393 0.755270 1.837378
v 1.625393 0.755270 1.837378
v 1.625393 0.755270 1.837378
v 1.625393 0.755270 1.837378
v 1.674241 -0.859818 1.591801
v 1.674241 -0.859818 1.591801
v 1.674241 -0.859818 1.591801
v 1.785481 0.885644 1.032561
v 1.785481 0.885644 1.032561
v 1.785481 0.885644 1.032561
v 1.785481 -0.889897 1.032561
v 1.785481 -0.889897 1.032561
v 1.785481 -0.889897 1.032561
v -0.367612 0.607355 1.629830
v -0.367612 0.607355 1.629830
v -0.314887 0.129929 1.763987
v -0.314887 0.129929 1.763987
v -0.314887 0.129929 1.763987
v 0.143517 -0.232421 1.992047
v 0.143517 -0.232421 1.992047
v 0.196940 -0.276274 1.814991
v 0.196940 -0.276274 1.814991
v -0.314189 0.563502 1.452774
v -0.314189 0.563502 1.452774
v -0.064716 0.475656 1.549805
v -0.064716 0.475656 1.549805
v -0.064716 0.475656 1.549805
v -0.064716 0.475656 1.549805
v -0.261464 0.086076 1.586931
v -0.261464 0.086076 1.586931
v -0.261464 0.086076 1.586931
v -0.261464 0.086076 1.586931
v 0.405442 0.132308 1.776705
v 0.405442 0.132308 1.776705
v 0.405442 0.132308 1.776705
v 0.405442 0.132308 1.776705
v 0.196940 -0.276274 1.814991
v 0.196940 -0.276274 1.814991
v 0.196940 -0.276274 1.814991
v -0.314189 0.563502 1.452774
v -0.314189 0.563502 1.452774
v -0.314189 0.563502 1.452774
v -0.367612 0.607355 1.629830
v -0.367612 0.607355 1.629830
v -0.064716 0.475656 1.549805
v -0.064716 0.475656 1.549805
v -0.064716 0.475656 1.549805
v -0.064716 0.475656 1.549805
v -0.118139 0.519509 1.726861
v -0.118139 0.519509 1.726861
v -0.118139 0.519509 1.726861
v -0.118139 0.519509 1.726861
v 0.352019 0.176161 1.953761
v 0.352019 0.176161 1.953761
v 0.352019 0.176161 1.953761
v -0.118139 0.519509 1.726861
v -0.118139 0.519509 1.726861
v -0.118139 0.519509 1.726861
v -0.118139 0.519509 1.726861
v -0.314887 0.129929 1.763987
v -0.314887 0.129929 1.763987
v -0.314887 0.129929 1.763987
v 0.352019 0.176161 1.953761
v 0.352019 0.176161 1.953761
v 0.352019 0.176161 1.953761
v 0.143517 -0.232421 1.992047
v 0.143517 -0.232421 1.992047
v -0.513356 0.246249 1.496126
v -0.513356 0.246249 1.496126
v -0.513356 0.246249 1.496126
v -0.513356 0.246249 1.686194
v -0.513356 0.246249 1.686194
v -0.328571 -0.109480 1.496126
v -0.328571 -0.109480 1.496126
v -0.328571 -0.109480 1.686194
v -0.328571 -0.109480 1.686194
v -0.328571 -0.109480 1.686194
v -0.513356 0.246249 1.686194
v -0.513356 0.246249 1.686194
v -0.847225 0.091606 1.686194
v -0.847225 0.091606 1.686194
v 0.012499 -0.147373 1.726688
v 0.012499 -0.147373 1.726688
v 0.012499 -0.147373 1.726688
v -0.278726 -0.848444 1.726688
v -0.278726 -0.848444 1.726688
v -0.278726 -0.848444 1.726688
v 0.365858 0.167107 1.726688
v 0.365858 0.167107 1.726688
v 0.365858 0.167107 1.726688
v 0.113000 -0.751184 1.726688
v 0.113000 -0.751184 1.726688
v 0.113000 -0.751184 1.726688
v 0.113000 -0.751184 1.726688
v 0.904605 -0.043201 1.726688
v 0.904605 -0.043201 1.726688
v 0.904605 -0.043201 1.726688
v 0.614923 -0.934750 1.726688
v 0.614923 -0.934750 1.726688
v 0.614923 -0.934750 1.726688
v 0.365858 0.167107 1.726688
v 0.365858 0.167107 1.726688
v 0.365858 0.167107 1.726688
v 0.365858 0.167107 1.536619
v 0.365858 0.167107 1.536619
v 0.012499 -0.147373 1.726688
v 0.012499 -0.147373 1.726688
v 0.012499 -0.147373 1.726688
v 0.012499 -0.147373 1.726688
v 0.012499 -0.147373 1.536619
v 0.012499 -0.147373 1.536619
v 0.012499 -0.147373 1.536619
v 0.012499 -0.147373 1.536619
v -0.278726 -0.848444 1.726688
v -0.278726 -0.848444 1.726688
v -0.278726 -0.848444 1.726688
v -0.280515 -0.852750 1.536619
v -0.280515 -0.852750 1.536619
v -0.280515 -0.852750 1.536619
v 0.365858 0.167107 1.536619
v 0.365858 0.167107 1.536619
v 0.365858 0.167107 1.536619
v 0.012499 -0.147373 1.536619
v 0.012499 -0.147373 1.536619
v 0.012499 -0.147373 1.536619
v 0.012499 -0.147373 1.536619
v 0.012499 -0.147373 1.536619
v 0.078647 -0.741704 1.536619
v 0.078647 -0.741704 1.536619
v 0.078647 -0.741704 1.536619
v 0.078647 -0.741704 1.536619
v 0.078647 -0.741704 1.536619
v -0.280515 -0.852750 1.536619
v -0.280515 -0.852750 1.536619
v -0.280515 -0.852750 1.536619
v 0.365858 0.167107 1.536619
v 0.365858 0.167107 1.536619
v 0.904605 -0.043201 1.536619
v 0.904605 -0.043201 1.536619
v 0.904605 -0.043201 1.536619
v 0.904605 -0.043201 1.726688
v 0.904605 -0.043201 1.726688
v 0.352019 0.176161 1.953761
v 0.352019 0.176161 1.953761
v 0.143517 -0.232421 1.992047
v 0.143517 -0.232421 1.992047
v 0.143517 -0.232421 1.992047
v 0.405442 0.132308 1.776705
v 0.405442 0.132308 1.776705
v 0.405442 0.132308 1.776705
v 0.196940 -0.276274 1.814991
v 0.196940 -0.276274 1.814991
v -0.847225 0.091606 1.686194
v -0.847225 0.091606 1.686194
v -0.328571 -0.109480 1.686194
v -0.328571 -0.109480 1.686194
v -0.328571 -0.109480 1.496126
v -0.328571 -0.109480 1.496126
v 1.346091 -0.321826 2.267267
v 1.346091 -0.321826 2.267267
v 1.346091 -0.321826 2.267267
v 1.363139 0.638931 2.181562
v 1.363139 0.638931 2.181562
v 1.363139 0.638931 2.181562
v 1.363139 0.638931 2.181562
v 1.391820 -0.433286 2.037371
v 1.391820 -0.433286 2.037371
v 1.391820 -0.433286 2.037371
v 1.391820 -0.433286 2.037371
v 1.438977 0.755270 1.800297
v 1.438977 0.755270 1.800297
v 1.438977 0.755270 1.800297
v 1.438977 0.755270 1.800297
v 1.487825 -0.859818 1.554721
v 1.487825 -0.859818 1.554721
v 1.487825 -0.859818 1.554721
v 1.487825 -0.859818 1.554721
v 1.487825 -0.859818 1.554721
v 1.599065 0.885644 0.995481
v 1.599065 0.885644 0.995481
v 1.599065 0.885644 0.995481
v 1.599065 0.885644 0.995481
v 1.599065 -0.889897 0.995481
v 1.599065 -0.889897 0.995481
v 1.599065 -0.889897 0.995481
v -0.868684 -0.205789 1.536718
v -0.868684 -0.205789 1.536718
v -0.686477 -0.030601 1.726786
v -0.686477 -0.030601 1.726786
v -0.868684 -0.205789 1.726786
v -0.868684 -0.205789 1.726786
v -0.868684 -0.205789 1.536718
v -0.868684 -0.205789 1.536718
v -0.868684 -0.205789 1.536718
v -0.448063 -0.150760 1.536718
v -0.448063 -0.150760 1.536718
v -0.448063 -0.150760 1.536718
v -0.836317 -0.517844 1.536718
v -0.836317 -0.517844 1.536718
v -0.836317 -0.517844 1.536718
v -0.305216 -0.725872 1.536718
v -0.305216 -0.725872 1.536718
v -0.305216 -0.725872 1.536718
v -0.686477 -0.030601 1.726786
v -0.686477 -0.030601 1.726786
v -0.686477 -0.030601 1.726786
v -0.836317 -0.517844 1.726786
v -0.836317 -0.517844 1.726786
v -0.836317 -0.517844 1.726786
v -0.448063 -0.150760 1.726786
v -0.448063 -0.150760 1.726786
v -0.448063 -0.150760 1.726786
v -0.305216 -0.725872 1.726786
v -0.305216 -0.725872 1.726786
v -0.686477 -0.030601 1.726786
v -0.686477 -0.030601 1.726786
v -0.448063 -0.150760 1.536718
v -0.448063 -0.150760 1.536718
v -0.448063 -0.150760 1.536718
v -0.448063 -0.150760 1.536718
v -0.448063 -0.150760 1.726786
v -0.448063 -0.150760 1.726786
v -0.448063 -0.150760 1.726786
v -0.305216 -0.725872 1.726786
v -0.305216 -0.725872 1.726786
v -0.305216 -0.725872 1.726786
v 0.904605 -0.043201 1.536619
v 0.904605 -0.043201 1.536619
v 0.904605 -0.043201 1.536619
v 0.904605 -0.043201 1.726688
v 0.904605 -0.043201 1.726688
v 0.904605 -0.043201 1.726688
v 0.615407 -0.933259 1.536619
v 0.615407 -0.933259 1.536619
v 0.615407 -0.933259 1.536619
v 0.614923 -0.934750 1.726688
v 0.614923 -0.934750 1.726688
v 0.614923 -0.934750 1.726688
v -0.887469 -0.044441 2.333456
v -0.887469 -0.044441 2.333456
v -0.311479 -0.100600 2.333456
v -0.311479 -0.100600 2.333456
v -1.333841 -0.412110 2.333456
v -1.333841 -0.412110 2.333456
v -1.333841 -0.412110 2.333456
v -0.152203 -0.582210 2.333456
v -0.152203 -0.582210 2.333456
v -0.152203 -0.582210 2.333456
v -0.152203 -0.582210 2.333456
v -0.152203 -0.582210 2.333456
v -1.507679 -0.769181 2.333456
v -1.507679 -0.769181 2.333456
v -1.507679 -0.769181 2.333456
v 0.444185 -2.263941 2.333456
v 0.444185 -2.263941 2.333456
v 0.444185 -2.263941 2.333456
v 0.444185 -2.263941 2.333456
v 0.444185 -2.263941 2.333456
v -0.954549 -2.888887 2.333456
v -0.954549 -2.888887 2.333456
v 0.314299 -2.557786 2.333456
v 0.314299 -2.557786 2.333456
v -0.311479 -0.100600 2.523524
v -0.311479 -0.100600 2.523524
v -0.311479 -0.100600 2.523524
v -0.311479 -0.100600 2.333456
v -0.311479 -0.100600 2.333456
v -0.887469 -0.044441 2.523524
v -0.887469 -0.044441 2.523524
v -0.887469 -0.044441 2.523524
v -1.333841 -0.412110 2.523524
v -1.333841 -0.412110 2.523524
v -1.333841 -0.412110 2.523524
v -1.507679 -0.769181 2.523524
v -1.507679 -0.769181 2.523524
v -1.507679 -0.769181 2.333456
v -1.507679 -0.769181 2.333456
v -0.311479 -0.100600 2.523524
v -0.311479 -0.100600 2.523524
v -0.311479 -0.100600 2.523524
v -0.311479 -0.100600 2.523524
v -1.333841 -0.412110 2.523524
v -1.333841 -0.412110 2.523524
v -1.333841 -0.412110 2.523524
v -1.333841 -0.412110 2.523524
v -1.333841 -0.412110 2.523524
v -1.333841 -0.412110 2.523524
v -1.333841 -0.412110 2.523524
v -0.152203 -0.582210 2.523524
v -0.152203 -0.582210 2.523524
v -0.152203 -0.582210 2.523524
v -0.152203 -0.582210 2.523524
v -0.152203 -0.582210 2.523524
v -0.152203 -0.582210 2.523524
v 0.444185 -2.263941 2.523524
v 0.444185 -2.263941 2.523524
v 0.444185 -2.263941 2.523524
v 0.444185 -2.263941 2.523524
v 0.555392 -1.658442 2.523524
v 0.555392 -1.658442 2.523524
v 0.555392 -1.658442 2.523524
v 0.555392 -1.658442 2.523524
v -0.311479 -0.100600 2.333456
v -0.311479 -0.100600 2.333456
v -0.311479 -0.100600 2.333456
v -0.311479 -0.100600 2.523524
v -0.311479 -0.100600 2.523524
v -0.152203 -0.582210 2.333456
v -0.152203 -0.582210 2.333456
v -0.152203 -0.582210 2.333456
v -0.152203 -0.582210 2.333456
v -0.152203 -0.582210 2.523524
v -0.152203 -0.582210 2.523524
v -0.152203 -0.582210 2.523524
v -0.152203 -0.582210 2.523524
v 0.413840 -0.895466 2.333456
v 0.413840 -0.895466 2.333456
v 0.413840 -0.895466 2.333456
v 0.413840 -0.895466 2.333456
v 0.413840 -0.895466 2.523524
v 0.413840 -0.895466 2.523524
v 0.413840 -0.895466 2.523524
v 0.413840 -0.895466 2.523524
v 0.555392 -1.658442 2.333456
v 0.555392 -1.658442 2.333456
v 0.555392 -1.658442 2.333456
v 0.555392 -1.658442 2.333456
v 0.555392 -1.658442 2.523524
v 0.555392 -1.658442 2.523524
v 0.555392 -1.658442 2.523524
v 0.555392 -1.658442 2.523524
v 0.444185 -2.263941 2.523524
v 0.444185 -2.263941 2.523524
v 0.444185 -2.263941 2.523524
v 0.444185 -2.263941 2.523524
v 0.314299 -2.557786 2.333456
v 0.314299 -2.557786 2.333456
v 0.314299 -2.557786 2.523524
v 0.314299 -2.557786 2.523524
v -1.207478 -0.204505 1.006501
v -1.207478 -0.204505 1.006501
v -1.030484 -0.273779 1.006501
v -1.030484 -0.273779 1.006501
v -1.366820 -0.611619 1.006501
v -1.366820 -0.611619 1.006501
v -0.868684 -0.205789 1.726786
v -0.868684 -0.205789 1.726786
v -0.868684 -0.205789 1.536718
v -0.868684 -0.205789 1.536718
v -0.836317 -0.517844 1.726786
v -0.836317 -0.517844 1.726786
v -1.207478 -0.204505 1.006501
v -1.207478 -0.204505 1.006501
v -1.276132 -0.379914 1.211754
v -1.276132 -0.379914 1.211754
v -1.276132 -0.379914 1.211754
v -1.030484 -0.273779 1.006501
v -1.030484 -0.273779 1.006501
v -1.030484 -0.273779 1.006501
v -1.507679 -0.769181 2.523524
v -1.507679 -0.769181 2.523524
v -0.954549 -2.888887 2.523524
v -0.954549 -2.888887 2.523524
v -0.954549 -2.888887 2.523524
v 0.314299 -2.557786 2.523524
v 0.314299 -2.557786 2.523524
v 0.314299 -2.557786 2.523524
v -1.276132 -0.379914 1.211754
v -1.276132 -0.379914 1.211754
v -1.366820 -0.611619 1.006501
v -1.366820 -0.611619 1.006501
v -1.366820 -0.611619 1.006501
v -1.099138 -0.449189 1.211754
v -1.099138 -0.449189 1.211754
v -1.099138 -0.449189 1.211754
v -0.836317 -0.517844 1.726786
v -0.836317 -0.517844 1.726786
v -0.305216 -0.725872 1.726786
v -0.305216 -0.725872 1.726786
v -0.305216 -0.725872 1.536718
v -0.305216 -0.725872 1.536718
v -0.305216 -0.725872 1.536718
v 0.413840 -0.895466 2.333456
v 0.413840 -0.895466 2.333456
v 0.413840 -0.895466 2.333456
v 0.555392 -1.658442 2.333456
v 0.555392 -1.658442 2.333456
v 0.555392 -1.658442 2.333456
v 0.615407 -0.933259 1.536619
v 0.615407 -0.933259 1.536619
v 0.615407 -0.933259 1.536619
v 0.614923 -0.934750 1.726688
v 0.614923 -0.934750 1.726688
v 0.614923 -0.934750 1.726688
v 0.078647 -0.741704 1.536619
v 0.078647 -0.741704 1.536619
v 0.078647 -0.741704 1.536619
v 0.078647 -0.741704 1.536619
v 0.113000 -0.751184 1.726688
v 0.113000 -0.751184 1.726688
v 0.113000 -0.751184 1.726688
v 0.113000 -0.751184 1.726688
v -0.280515 -0.852750 1.536619
v -0.280515 -0.852750 1.536619
v -0.280515 -0.852750 1.536619
v -0.278726 -0.848444 1.726688
v -0.278726 -0.848444 1.726688
v -0.278726 -0.848444 1.726688
v -1.507679 -0.769181 2.333456
v -1.507679 -0.769181 2.333456
v -0.954549 -2.888887 2.333456
v -0.954549 -2.888887 2.333456
v -1.507679 -0.769181 2.523524
v -1.507679 -0.769181 2.523524
v -0.954549 -2.888887 2.523524
v -0.954549 -2.888887 2.523524
v 0.688439 -0.971764 1.850639
v 0.688439 -0.971764 1.850639
v 0.688439 -0.971764 1.850639
v 1.108702 -0.995273 2.224094
v 1.108702 -0.995273 2.224094
v 1.108702 -0.995273 2.224094
v 0.451899 -1.197218 1.640445
v 0.451899 -1.197218 1.640445
v 0.451899 -1.197218 1.640445
v 1.108702 -1.985793 2.224094
v 1.108702 -1.985793 2.224094
v 1.108702 -1.985793 2.224094
v 1.108702 -1.985793 2.224094
v 0.276581 -1.742620 1.484653
v 0.276581 -1.742620 1.484653
v 0.432165 -1.985793 1.622908
v 0.432165 -1.985793 1.622908
v 1.108702 -0.995273 2.224094
v 1.108702 -0.995273 2.224094
v 1.108702 -0.995273 2.224094
v 0.982449 -0.999081 2.366172
v 0.982449 -0.999081 2.366172
v 1.108702 -1.985793 2.224094
v 1.108702 -1.985793 2.224094
v 0.982449 -1.985793 2.366172
v 0.982449 -1.985793 2.366172
v 0.982449 -1.985793 2.366172
v 0.982449 -0.999081 2.366172
v 0.982449 -0.999081 2.366172
v 0.982449 -0.999081 2.366172
v 0.590781 -0.977114 2.018128
v 0.590781 -0.977114 2.018128
v 0.590781 -0.977114 2.018128
v 0.590781 -0.977114 2.018128
v 0.688439 -0.971764 1.850639
v 0.688439 -0.971764 1.850639
v 0.688439 -0.971764 1.850639
v 0.688439 -0.971764 1.850639
v 0.325646 -1.197218 1.782522
v 0.325646 -1.197218 1.782522
v 0.325646 -1.197218 1.782522
v 0.451899 -1.197218 1.640445
v 0.451899 -1.197218 1.640445
v 0.451899 -1.197218 1.640445
v 0.451899 -1.197218 1.640445
v 0.150328 -1.742620 1.626731
v 0.150328 -1.742620 1.626731
v 0.982449 -1.985793 2.366172
v 0.982449 -1.985793 2.366172
v 0.982449 -1.985793 2.366172
v 0.590781 -0.977114 2.018128
v 0.590781 -0.977114 2.018128
v 0.590781 -0.977114 2.018128
v 0.590781 -0.977114 2.018128
v 0.590781 -0.977114 2.018128
v 0.305911 -1.985793 1.764986
v 0.305911 -1.985793 1.764986
v 0.305911 -1.985793 1.764986
v 0.305911 -1.985793 1.764986
v 0.325646 -1.197218 1.782522
v 0.325646 -1.197218 1.782522
v 0.325646 -1.197218 1.782522
v 0.325646 -1.197218 1.782522
v 0.150328 -1.742620 1.626731
v 0.150328 -1.742620 1.626731
v 0.432165 -1.985793 1.622908
v 0.432165 -1.985793 1.622908
v 0.150328 -1.742620 1.626731
v 0.150328 -1.742620 1.626731
v 0.305911 -1.985793 1.764986
v 0.305911 -1.985793 1.764986
v 0.982449 -1.985793 2.366172
v 0.982449 -1.985793 2.366172
v 0.305911 -1.985793 1.764986
v 0.305911 -1.985793 1.764986
v 1.108702 -1.985793 2.224094
v 1.108702 -1.985793 2.224094
v 0.432165 -1.985793 1.622908
v 0.432165 -1.985793 1.622908
v 0.201769 -2.238745 0.987276
v 0.201769 -2.238745 0.987276
v 0.387957 -2.465832 0.987276
v 0.387957 -2.465832 0.987276
v 0.387957 -2.465832 0.987276
v 0.201769 -2.238745 0.987276
v 0.201769 -2.238745 0.987276
v 0.009815 -2.465832 0.987276
v 0.009815 -2.465832 0.987276
v 0.201769 -2.238745 1.177344
v 0.201769 -2.238745 1.177344
v 0.009815 -2.465832 1.177344
v 0.009815 -2.465832 1.177344
v 0.009815 -2.465832 1.177344
v 0.387957 -2.465832 1.177344
v 0.387957 -2.465832 1.177344
v 0.387957 -2.465832 1.177344
v 0.009815 -2.465832 1.177344
v 0.009815 -2.465832 1.177344
v 0.387957 -2.465832 0.987276
v 0.387957 -2.465832 0.987276
v 0.009815 -2.465832 0.987276
v 0.009815 -2.465832 0.987276
v 0.009815 -2.465832 0.987276
v 0.314299 -2.557786 2.523524
v 0.314299 -2.557786 2.523524
v -0.954549 -2.888887 2.523524
v -0.954549 -2.888887 2.523524
v 0.314299 -2.557786 2.333456
v 0.314299 -2.557786 2.333456
v -0.954549 -2.888887 2.333456
v -0.954549 -2.888887 2.333456
v -0.579749 1.058860 2.521894
v -0.579749 1.058860 2.521894
v -0.579749 1.058860 2.521894
v -0.053537 1.413646 1.978883
v -0.053537 1.413646 1.978883
v -0.053537 1.413646 1.978883
v -1.415889 0.364800 2.526823
v -1.415889 0.364800 2.526823
v -0.367612 0.607355 1.629830
v -0.367612 0.607355 1.629830
v -0.367612 0.607355 1.629830
v -0.887469 -0.044441 2.523524
v -0.887469 -0.044441 2.523524
v -0.887469 -0.044441 2.523524
v -0.868684 -0.205789 1.726786
v -0.868684 -0.205789 1.726786
v 0.615407 -0.933259 1.536619
v 0.615407 -0.933259 1.536619
v 0.615407 -0.933259 1.536619
v 0.009815 -2.465832 0.987276
v 0.009815 -2.465832 0.987276
v 0.201769 -2.238745 0.987276
v 0.201769 -2.238745 0.987276
v 0.387957 -2.465832 0.987276
v 0.387957 -2.465832 0.987276
v 0.009815 -2.465832 1.177344
v 0.009815 -2.465832 1.177344
v 0.387957 -2.465832 1.177344
v 0.387957 -2.465832 1.177344
v 0.201769 -2.238745 1.177344
v 0.201769 -2.238745 1.177344
v 0.982449 -0.999081 2.366172
v 0.982449 -0.999081 2.366172
v 0.982449 -0.999081 2.366172
v 0.413840 -0.895466 2.523524
v 0.413840 -0.895466 2.523524
v 0.413840 -0.895466 2.523524
v -1.189825 -0.680893 1.006501
v -1.189825 -0.680893 1.006501
v -1.189825 -0.680893 1.006501
v -1.030484 -0.273779 1.006501
v -1.030484 -0.273779 1.006501
v -1.099138 -0.449189 1.211754
v -1.099138 -0.449189 1.211754
v -1.099138 -0.449189 1.211754
v -1.366820 -0.611619 1.006501
v -1.366820 -0.611619 1.006501
v -1.276132 -0.379914 1.211754
v -1.276132 -0.379914 1.211754
v -1.276132 -0.379914 1.211754
v -1.207478 -0.204505 1.006501
v -1.207478 -0.204505 1.006501
v -1.207478 -0.204505 1.006501
v 1.306386 0.064882 2.466877
v 1.306386 0.064882 2.466877
v -0.686477 -0.030601 1.536718
v -0.686477 -0.030601 1.536718
v -0.328571 -0.109480 1.496126
v -0.328571 -0.109480 1.496126
v -0.328571 -0.109480 1.496126
v -0.847225 0.091606 1.496126
v -0.847225 0.091606 1.496126
v -0.513356 0.246249 1.496126
v -0.513356 0.246249 1.496126
v -0.328571 -0.109480 1.686194
v -0.328571 -0.109480 1.686194
v -0.513356 0.246249 1.686194
v -0.513356 0.246249 1.686194
v -0.513356 0.246249 1.686194
v -0.847225 0.091606 1.686194
v -0.847225 0.091606 1.686194
v -0.660234 0.816994 1.537881
v -0.660234 0.816994 1.537881
v -0.660234 0.816994 1.537881
v -0.881257 1.084659 1.537881
v -0.881257 1.084659 1.537881
v -0.635025 1.140656 1.537881
v -0.635025 1.140656 1.537881
v -0.635025 1.140656 1.537881
v -0.660234 0.816994 1.727950
v -0.660234 0.816994 1.727950
v -0.635025 1.140656 1.727950
v -0.635025 1.140656 1.727950
v -0.635025 1.140656 1.727950
v -0.881257 1.084659 1.727950
v -0.881257 1.084659 1.727950
v -0.881257 1.084659 1.727950
v 1.329480 2.658960 2.329480
v 1.329480 2.658960 2.329480
v 1.329480 2.658960 2.329480
v 0.997051 1.994103 1.000000
v -1.329480 2.658960 2.329480
v -1.329480 2.658960 2.329480
v -0.997051 1.994103 1.000000
v -0.997051 1.994103 1.000000
v -0.997051 -1.994103 1.000000
v -1.329480 2.658960 2.329480
v -1.329480 2.658960 2.329480
v -1.329480 -2.658960 2.329480
v -1.329480 -2.658960 2.329480
v 1.329480 2.658960 2.329480
v 1.329480 2.658960 2.329480
v 1.329480 2.658960 2.329480
v -1.329480 2.658960 2.329480
v -1.329480 2.658960 2.329480
v -1.329480 2.658960 2.329480
v -1.329480 2.658960 2.329480
v 1.114304 2.425674 2.329480
v -1.114304 2.425674 2.329480
v 1.114304 2.425674 2.329480
v 1.114304 -2.425674 2.329480
v 1.114304 -2.425674 2.329480
v 1.329480 -2.658960 2.329480
v 1.329480 -2.658960 2.329480
v 1.329480 -2.658960 2.329480
v 1.329480 -2.658960 2.329480
v 1.114304 2.425674 2.329480
v 1.114304 2.425674 2.329480
v -1.114304 2.425674 2.329480
v -1.114304 2.425674 2.329480
v 0.996754 1.993507 1.534894
v 0.996754 1.993507 1.534894
v 0.996754 1.993507 1.534894
v -0.996754 1.993507 1.534894
v -0.996754 1.993507 1.534894
v 0.996754 1.993507 1.534894
v 0.996754 1.993507 1.534894
v 0.996754 -1.993507 1.534894
v 0.996754 -1.993507 1.534894
v 1.114304 2.425674 2.329480
v 1.114304 2.425674 2.329480
v 1.114304 2.425674 2.329480
v 1.114304 -2.425674 2.329480
v 1.114304 -2.425674 2.329480
v -1.114304 2.425674 2.329480
v -1.114304 2.425674 2.329480
v -1.114304 -2.425674 2.329480
v -1.329480 -2.658960 2.329480
v -1.329480 -2.658960 2.329480
v -1.329480 -2.658960 2.329480
v 0.997051 1.994103 1.000000
v 1.329480 2.658960 2.329480
v 1.329480 2.658960 2.329480
v 0.997051 -1.994103 1.000000
v 1.329480 -2.658960 2.329480
v 1.329480 -2.658960 2.329480
v 0.996754 1.993507 1.534894
v 0.996754 1.993507 1.534894
v -0.996754 1.993507 1.534894
v -0.996754 1.993507 1.534894
v -0.996754 1.993507 1.534894
v 0.996754 -1.993507 1.534894
v 0.996754 -1.993507 1.534894
v 0.996754 -1.993507 1.534894
v -0.996754 -1.993507 1.534894
v -0.996754 -1.993507 1.534894
v -0.996754 -1.993507 1.534894
v -0.996754 1.993507 1.534894
v -0.996754 1.993507 1.534894
v -0.996754 1.993507 1.534894
v -1.114304 2.425674 2.329480
v -1.114304 2.425674 2.329480
v -0.996754 -1.993507 1.534894
v -0.996754 -1.993507 1.534894
v -1.114304 -2.425674 2.329480
v -1.114304 -2.425674 2.329480
v -1.114304 -2.425674 2.329480
v -0.996754 -1.993507 1.534894
v -0.996754 -1.993507 1.534894
v -0.996754 -1.993507 1.534894
v -1.114304 -2.425674 2.329480
v -1.114304 -2.425674 2.329480
v 0.996754 -1.993507 1.534894
v 0.996754 -1.993507 1.534894
v 1.114304 -2.425674 2.329480
v 1.114304 -2.425674 2.329480
v -0.997051 -1.994103 1.000000
v 0.997051 -1.994103 1.000000
v -1.329480 -2.658960 2.329480
v -1.329480 -2.658960 2.329480
v -1.329480 -2.658960 2.329480
v 1.329480 -2.658960 2.329480
v 1.329480 -2.658960 2.329480
v -1.114304 -2.425674 2.329480
v 1.114304 -2.425674 2.329480
vn -0.0000 -0.0000 1.0000
vn 1.0000 -0.0000 -0.0000
vn -1.0000 -0.0000 -0.0000
vn -0.0000 -0.0000 -1.0000
vn -0.0000 1.0000 -0.0000
vn -0.0000 -1.0000 -0.0000
vn -0.0000 -0.0000 -0.0000
vn -0.3535 0.1464 -0.9239
vn 0.3523 0.1494 -0.9239
vn -0.3523 -0.1494 -0.9239
vn 0.1435 -0.3547 -0.9239
vn -0.1435 0.3547 -0.9239
vn 0.3535 -0.1464 -0.9239
vn -1.0000 -0.0001 -0.0000
vn 1.0000 0.0001 -0.0000
vn -0.0001 1.0000 -0.0000
vn 0.0001 -1.0000 -0.0000
vn 0.1464 0.3535 -0.9239
vn -0.1464 -0.3535 -0.9239
vn -0.0000 0.9939 0.1106
vn 0.0785 0.9969 -0.0000
vn -0.9969 0.0785 -0.0000
vn -0.9054 -0.4245 -0.0000
vn 0.9969 -0.0785 -0.0000
vn -0.8483 -0.5295 -0.0000
vn -0.8484 -0.5293 -0.0000
vn -0.9292 -0.3695 -0.0000
vn -0.9291 -0.3698 -0.0000
vn -0.8272 -0.5619 -0.0000
vn 0.5531 0.8331 -0.0000
vn 0.8463 0.5328 -0.0000
vn 0.8464 0.5325 -0.0000
vn 0.9332 0.3593 -0.0000
vn 0.9331 0.3596 -0.0000
vn 0.8272 0.5619 -0.0000
vn -0.9952 0.0980 -0.0000
vn 0.2143 -0.0000 0.9768
vn 0.4911 0.8644 -0.1078
vn 0.1404 0.9896 -0.0308
vn 0.1401 0.9897 -0.0308
vn 0.1401 0.9897 -0.0307
vn -0.2309 0.9717 0.0507
vn -0.1375 0.9905 -0.0000
vn -0.0972 0.7004 0.7071
vn -0.3818 0.9242 -0.0000
vn -0.3819 0.9242 -0.0001
vn -0.3821 0.9241 -0.0000
vn -0.6019 0.7986 -0.0000
vn 0.8445 -0.5355 -0.0000
vn -0.2143 -0.0000 -0.9768
vn -0.9698 -0.1188 0.2128
vn -0.8065 -0.5641 0.1769
vn -0.8065 -0.5641 0.1770
vn -0.8066 -0.5641 0.1768
vn -0.1520 -0.9878 0.0332
vn -0.1521 -0.9878 0.0334
vn -0.1518 -0.9879 0.0333
vn 0.1252 -0.7095 0.6935
vn 0.1737 -0.9841 -0.0381
vn -0.0596 -0.9982 -0.0000
vn 0.3053 -0.9523 -0.0002
vn 0.3053 -0.9523 -0.0000
vn 0.0884 -0.9961 -0.0000
vn 0.0885 -0.9961 -0.0000
vn 0.0883 -0.9961 -0.0000
vn -0.3655 -0.9308 -0.0000
vn -0.3658 -0.9307 -0.0000
vn -0.2690 -0.9631 -0.0000
vn -0.2687 -0.9632 -0.0000
vn 0.0710 -0.9975 -0.0000
vn 0.8781 -0.4785 -0.0000
vn 0.6291 -0.7773 0.0001
vn 0.6291 -0.7773 -0.0000
vn 0.6289 -0.7775 -0.0000
vn 0.2847 -0.9586 -0.0000
vn 0.9715 -0.1037 -0.2132
vn 0.9715 -0.1037 -0.2133
vn 0.2674 -0.0285 0.9632
vn 0.9970 -0.0777 -0.0000
vn -0.2218 0.9751 -0.0000
vn -0.7711 -0.6367 -0.0000
vn 0.1951 -0.0000 -0.9808
vn -0.0306 0.9876 0.1539
vn -0.0434 0.9750 0.2180
vn -0.0434 0.9750 0.2181
vn -0.1251 0.7673 0.6289
vn -0.1251 0.7673 0.6290
vn -0.1252 0.7672 0.6291
vn -0.0899 0.2334 0.9682
vn -0.1951 -0.0077 0.9808
vn -0.1950 -0.0076 0.9808
vn -0.0893 -0.2410 0.9664
vn -0.1352 -0.7212 0.6794
vn -0.1352 -0.7214 0.6792
vn -0.1351 -0.7214 0.6792
vn -0.0497 -0.5357 0.8430
vn -0.1067 -0.8371 0.5366
vn -0.1068 -0.8370 0.5367
vn -0.1068 -0.8369 0.5368
vn -0.0705 -0.4169 0.9062
vn -0.0730 -0.9273 0.3670
vn -0.0730 -0.9274 0.3668
vn -0.0729 -0.9274 0.3668
vn -0.0103 -0.9986 0.0517
vn 0.9808 -0.0000 0.1951
vn -0.9538 -0.1741 -0.2447
vn -0.7760 -0.1416 0.6146
vn -0.8477 -0.5147 -0.1283
vn -0.8476 -0.5148 -0.1283
vn -0.8476 -0.5149 -0.1282
vn -0.6220 -0.7830 0.0062
vn 0.2811 -0.2307 -0.9315
vn 0.3699 0.9217 -0.1167
vn 0.4873 0.8706 -0.0686
vn 0.4875 0.8704 -0.0685
vn 0.5957 0.8030 -0.0192
vn -0.2811 0.2307 0.9315
vn 0.8874 0.4610 -0.0000
vn -0.4203 0.9074 -0.0000
vn -0.2972 0.6416 0.7071
vn -0.4203 0.9074 -0.0001
vn -0.6648 0.7470 -0.0000
vn -0.8146 0.5800 -0.0000
vn -0.8148 0.5798 -0.0000
vn -0.9235 0.3836 -0.0000
vn 0.3636 0.9315 -0.0000
vn 0.8461 -0.3986 0.3540
vn -0.3615 -0.9324 -0.0000
vn -0.9808 -0.0000 -0.1951
vn -0.6931 0.7209 -0.0000
vn -0.9391 0.3437 -0.0000
vn 0.4501 0.8930 -0.0000
vn 0.7815 0.6239 -0.0000
vn 0.9705 0.2411 -0.0000
vn 0.9511 -0.3090 -0.0000
vn 0.0970 0.9953 -0.0000
vn -0.2915 0.9566 -0.0000
vn -0.2917 0.9565 -0.0000
vn -0.4496 0.5458 0.7071
vn -0.7853 0.6191 -0.0000
vn -0.7854 0.6190 -0.0000
vn -0.7855 0.6189 -0.0000
vn -0.9951 0.0989 -0.0000
vn 0.9494 0.3140 -0.0000
vn 0.7698 0.6383 -0.0000
vn 0.7698 0.6382 -0.0000
vn 0.7697 0.6384 -0.0000
vn 0.8113 0.5846 -0.0000
vn 1.0000 0.0010 -0.0000
vn 1.0000 0.0008 -0.0000
vn 0.9557 -0.2944 -0.0000
vn 0.9556 -0.2946 -0.0000
vn 0.6480 -0.7617 -0.0000
vn -0.9947 -0.1032 -0.0000
vn 0.2685 0.6861 0.6761
vn -0.2319 -0.5926 0.7714
vn -0.3647 -0.9311 -0.0000
vn -0.3397 -0.9405 0.0031
vn -0.0382 -0.9991 -0.0186
vn -0.0380 -0.9991 -0.0187
vn -0.0379 -0.9991 -0.0186
vn 0.2671 -0.9629 -0.0385
vn -0.9951 0.0986 -0.0000
vn -0.9676 -0.2525 -0.0000
vn 0.6643 -0.0000 -0.7475
vn 0.7475 -0.0000 0.6643
vn 0.0182 0.9989 0.0422
vn 0.0180 0.9989 0.0427
vn -0.2308 0.9623 -0.1438
vn -0.2310 0.9622 -0.1439
vn -0.2310 0.9622 -0.1440
vn -0.5970 0.6402 -0.4835
vn -0.5970 0.6402 -0.4836
vn -0.5971 0.6399 -0.4837
vn -0.5971 0.6400 -0.4837
vn -0.6867 0.3950 -0.6102
vn -0.6643 -0.0000 0.7475
vn -0.5679 -0.6503 -0.5046
vn -0.3126 -0.9083 -0.2778
vn -0.3126 -0.9084 -0.2778
vn -0.3126 -0.9084 -0.2777
vn 0.7733 0.6340 -0.0000
vn -0.7637 0.6456 -0.0000
vn 0.2525 -0.9676 -0.0000
vn 0.9312 -0.3645 -0.0000
vn -0.9312 0.3645 -0.0000
vn 0.1737 0.3410 -0.9239
vn 0.8331 -0.5532 -0.0000
vn -0.8331 0.5531 -0.0000
vn -0.8331 0.5532 -0.0000
vn 0.8331 -0.5531 -0.0000
vn 0.1383 -0.9904 -0.0000
vn -0.1384 0.9904 -0.0000
vn -0.1383 0.9904 -0.0000
vn 0.1384 -0.9904 -0.0000
vn 0.5619 -0.8272 -0.0000
vn 0.5620 -0.8272 -0.0000
vn 0.3704 0.0959 -0.9239
vn 0.1020 -0.7349 -0.6704
vn -0.1122 0.3658 -0.9239
vn 0.9751 0.2218 -0.0000
vn -0.9751 -0.2218 -0.0000
vn -0.0776 -0.9970 -0.0000
vn 0.0777 0.9970 -0.0000
vn -0.0777 -0.9970 -0.0000
vn 0.0776 0.9970 -0.0000
vn 0.9751 0.2217 -0.0000
vn -0.9751 -0.2217 -0.0000
vn -0.5387 0.6525 -0.5329
vn -0.6922 -0.5716 -0.4405
vn -0.2767 0.2643 -0.9239
vn 0.4031 -0.8703 -0.2829
vn 0.4611 -0.8874 -0.0000
vn -0.4610 0.8874 -0.0000
vn 0.4609 -0.8874 -0.0000
vn -0.4611 0.8874 -0.0000
vn 0.4610 -0.8874 -0.0000
vn 0.3823 0.0157 -0.9239
vn -0.8418 0.3268 -0.4295
vn -0.0841 -0.2169 -0.9726
vn 0.2498 -0.2899 -0.9239
vn -0.2498 0.2899 -0.9239
vn 0.2410 -0.9705 -0.0000
vn -0.2411 0.9705 -0.0000
vn -0.2410 0.9705 -0.0000
vn 0.2411 -0.9705 -0.0000
vn 0.3563 0.1395 -0.9239
vn -0.3563 -0.1395 -0.9239
vn -0.0905 -0.9157 0.3915
vn 0.6958 0.4765 -0.5374
vn 0.1785 0.1222 -0.9763
vn -0.6126 -0.4989 0.6130
vn 0.1926 0.1569 -0.9686
vn 0.6126 0.4989 -0.6130
vn -0.1926 -0.1569 0.9686
vn 0.0443 0.1484 -0.9879
vn -0.1634 0.3987 -0.9024
vn -0.0042 -0.0243 -0.9997
vn -0.7483 0.2024 -0.6318
vn 0.1948 -0.0527 0.9794
vn 0.7483 -0.2024 0.6318
vn -0.1948 0.0527 -0.9794
vn -0.2652 -0.2758 -0.9239
vn 0.2652 0.2758 -0.9239
vn -0.3337 -0.8525 0.4024
vn 0.2464 0.6297 -0.7367
vn 0.3337 0.8525 -0.4024
vn 0.2464 0.6297 0.7367
vn -0.3430 -0.8764 -0.3381
vn -0.2811 -0.7184 0.6363
vn -0.3431 -0.8764 0.3381
vn 0.2811 0.7184 -0.6363
vn 0.3430 0.8764 0.3381
vn -0.2812 -0.7184 -0.6363
vn 0.3337 0.8525 0.4024
vn -0.2464 -0.6297 -0.7367
vn 0.3377 0.8628 -0.3762
vn -0.9312 0.3645 -0.0010
vn 0.8750 -0.4841 -0.0000
vn 0.8749 -0.4843 -0.0000
vn -0.3140 0.9494 -0.0000
vn 0.1825 -0.9832 -0.0000
vn 0.1824 -0.9832 -0.0000
vn -0.1805 -0.9836 -0.0000
vn -0.1807 -0.9835 -0.0000
vn -0.2768 -0.2642 -0.9239
vn -0.9334 0.0524 0.3549
vn -0.7469 0.0419 -0.6636
vn -0.9334 0.0524 -0.3549
vn -0.7469 0.0418 0.6636
vn -0.7351 -0.6102 0.2954
vn 0.6351 0.5273 -0.5644
vn 0.7351 0.6102 -0.2954
vn -0.6351 -0.5273 0.5644
vn -0.1832 -0.5697 0.8012
vn 0.1663 0.1959 -0.9664
vn 0.5900 -0.4988 -0.6349
vn 0.1109 -0.3662 -0.9239
vn -0.0000 0.9754 0.2203
vn 0.5974 -0.7291 0.3339
vn 0.6677 0.5475 0.5044
vn 0.3400 0.1755 -0.9239
vn -0.3400 -0.1755 -0.9239
vn 0.9418 -0.3361 -0.0000
vn -0.9418 0.3361 -0.0000
vn 0.9554 0.2954 -0.0000
vn -0.9554 -0.2954 -0.0000
vn -0.3091 -0.9510 -0.0000
vn 0.3089 0.9511 -0.0000
vn 0.3091 0.9510 -0.0000
vn -0.3089 -0.9511 -0.0000
vn 0.1092 0.3667 -0.9239
vn 0.5464 -0.5683 -0.6151
vn 0.3660 0.1117 -0.9239
vn 0.8109 -0.3948 -0.4320
vn 0.9953 -0.0969 -0.0000
vn -0.9953 0.0970 -0.0000
vn -0.0969 0.8775 -0.4697
vn 0.1407 0.4845 -0.8634
vn 0.1000 -0.1791 -0.9787
vn -0.2667 0.4776 -0.8372
vn -0.9287 0.3271 0.1749
vn 0.8855 -0.3117 -0.3445
vn 0.9287 -0.3271 -0.1749
vn -0.8855 0.3117 0.3445
vn -0.3806 0.0397 -0.9239
vn -0.4784 -0.8782 -0.0000
vn -0.4785 -0.8781 -0.0000
vn 0.1804 0.3375 -0.9239
vn 0.1160 -0.9932 0.0127
vn 0.1160 -0.9929 -0.0254
vn 0.1161 -0.9932 -0.0127
vn 0.1161 -0.9929 0.0254
vn 0.2875 0.2945 -0.9114
vn 0.9831 0.1815 -0.0234
vn 0.9650 0.2403 -0.1047
vn 0.9491 0.2365 0.2082
vn 0.9650 0.2403 0.1047
vn 0.9491 0.2364 -0.2082
vn 0.8165 -0.5773 -0.0000
vn -0.0508 0.7137 0.6986
vn -0.5619 0.8272 -0.0000
vn -0.5618 0.8273 -0.0000
vn 0.9536 0.2488 -0.1696
vn -0.1472 0.5642 0.8124
vn 0.9652 0.2519 -0.0704
vn 0.8457 -0.0000 -0.5336
vn 0.6722 -0.2784 -0.6860
vn 0.8850 -0.0000 -0.4656
vn -0.6337 0.2625 -0.7277
vn -0.8457 -0.0000 0.5336
vn 0.0272 -0.0113 -0.9996
vn -0.8850 -0.0000 0.4656
vn -0.1015 0.5688 -0.8162
vn 0.0296 -0.1659 -0.9857
vn 0.5313 -0.8298 0.1708
vn -0.3245 -0.3824 -0.8651
vn 0.6945 0.6620 0.2819
vn 0.6087 0.5803 -0.5410
vn 0.6945 0.6619 -0.2819
vn 0.6088 0.5803 0.5410
vn -0.9334 0.0523 0.3549
vn 0.7469 -0.0417 -0.6636
vn 0.9334 -0.0523 -0.3549
vn -0.7469 0.0417 0.6636
vn 0.8541 0.0257 0.5195
vn 0.0274 -0.0104 -0.9996
vn 0.0524 0.3790 -0.9239
vn 0.2200 -0.8431 0.4907
vn 0.9574 0.2498 0.1447
vn -0.2746 -0.6610 0.6984
vn 0.0094 0.0226 -0.9997
vn -0.2746 -0.6610 -0.6984
vn -0.0094 -0.0226 0.9997
vn 0.9705 0.2410 -0.0000
vn 0.9392 -0.3435 -0.0000
vn 0.8750 -0.4842 -0.0000
vn -0.1825 0.9832 -0.0000
vn -0.1824 0.9832 -0.0000
vn 0.1805 0.9836 -0.0000
vn 0.1807 0.9835 -0.0000
vn -0.2192 -0.4953 0.8406
vn 0.7955 -0.3516 -0.4934
vn 0.3139 -0.9494 -0.0000
vn -0.3141 0.9494 -0.0000
vn -0.3139 0.9494 -0.0000
vn 0.3141 -0.9494 -0.0000
vn 0.9222 -0.3612 0.1381
vn 0.9311 -0.3648 -0.0000
vn -0.9312 0.3646 -0.0000
vn -0.9311 0.3648 -0.0000
vn 0.9312 -0.3646 -0.0000
vn 0.9290 -0.3636 0.0686
vn -0.2587 -0.6609 -0.7044
vn 0.2758 -0.2652 -0.9239
vn -0.2758 0.2652 -0.9239
vn 0.9300 -0.3640 0.0520
vn -0.3509 -0.8965 -0.2704
vn -0.1092 -0.3667 -0.9239
vn -0.2864 -0.2538 -0.9239
vn 0.2864 0.2538 -0.9239
vn 0.4766 -0.5786 -0.6618
vn -0.3377 0.1800 -0.9239
vn 0.3377 -0.1800 -0.9239
vn 0.3090 0.9511 -0.0000
vn 0.5453 -0.4476 -0.7087
vn 0.3946 -0.7383 -0.5470
vn 0.4542 0.8899 0.0416
vn -0.4529 -0.8877 -0.0831
vn -0.4542 -0.8899 -0.0416
vn 0.4529 0.8877 0.0831
vn 0.5100 -0.4187 0.7514
vn 0.0967 -0.1810 -0.9787
vn 0.4541 0.8900 -0.0416
vn 0.4530 0.8876 -0.0831
vn -0.8260 0.3228 -0.4621
vn 0.0498 0.1275 -0.9906
vn 0.2761 -0.2650 -0.9239
vn 0.3837 0.9235 -0.0000
vn -0.3835 -0.9235 -0.0000
vn -0.3837 -0.9235 -0.0000
vn 0.3835 0.9235 -0.0000
vn 0.7470 0.6648 -0.0000
vn -0.7469 -0.6649 -0.0000
vn -0.7470 -0.6648 -0.0000
vn 0.7469 0.6649 -0.0000
vn -0.7936 0.5796 0.1848
vn 0.7525 -0.5494 -0.3632
vn 0.7936 -0.5796 -0.1848
vn -0.7525 0.5494 0.3632
vn 0.9287 -0.3270 0.1749
vn 0.8855 -0.3118 0.3445
vn 0.7147 -0.5649 0.4125
vn 0.1926 0.1569 0.9686
vn 0.6126 0.4989 0.6130
vn 0.0863 0.8731 -0.4799
vn 0.2750 0.5140 -0.8125
vn -0.1686 -0.5644 -0.8081
vn 0.2630 -0.6417 0.7204
vn -0.0005 -0.1508 -0.9886
vn -0.1234 -0.7137 -0.6895
vn 0.1948 -0.0527 -0.9794
vn 0.7483 -0.2023 -0.6318
vn -0.9914 -0.0000 -0.1305
vn -0.4355 0.1804 -0.8819
vn -0.9914 -0.0000 0.1305
vn 0.2682 -0.1111 -0.9569
vn 0.1599 -0.9871 -0.0000
vn 0.1863 0.3459 -0.9196
vn -0.1766 -0.3278 -0.9281
vn 0.6191 -0.0000 0.7853
vn -0.2595 0.1075 -0.9597
vn 0.6191 -0.0000 -0.7853
vn -0.8105 0.3357 -0.4801
vn 0.9586 0.2846 -0.0000
vn -0.9586 -0.2848 -0.0000
vn -0.9586 -0.2846 -0.0000
vn 0.9586 0.2848 -0.0000
vn 0.4784 0.8782 -0.0000
vn -0.9975 -0.0710 -0.0000
vn -0.9975 -0.0709 -0.0000
vn 0.9975 0.0710 -0.0000
vn 0.8165 -0.5774 -0.0000
vn -0.8166 0.5773 -0.0000
vn -0.8165 0.5774 -0.0000
vn 0.8166 -0.5773 -0.0000
vn 0.3309 -0.1921 -0.9239
vn -0.3309 0.1921 -0.9239
vn -0.9518 -0.3052 0.0309
vn -0.2746 0.8564 0.4373
vn 0.9981 -0.0596 0.0143
vn 0.9977 -0.0596 0.0332
vn 0.0545 0.9124 0.4056
vn -0.9685 -0.1792 0.1727
vn -0.2763 0.0588 -0.9593
vn 0.2936 -0.3652 -0.8834
vn -0.1837 0.2285 -0.9560
vn -0.1161 0.9929 -0.0254
vn -0.1160 0.9932 -0.0127
vn -0.6191 -0.0000 0.7853
vn -0.8555 0.5094 0.0930
vn -0.8444 0.5027 -0.1852
vn -0.8555 0.5095 -0.0930
vn -0.8443 0.5028 0.1852
vn -0.9650 -0.2403 0.1047
vn -0.9491 -0.2364 0.2082
vn 0.6977 0.5256 -0.4868
vn -0.5084 0.6745 0.5353
vn 0.3703 -0.0964 -0.9239
vn -0.5356 -0.8445 -0.0000
vn 0.5354 0.8446 -0.0000
vn -0.5355 -0.8445 -0.0000
vn -0.5354 -0.8446 -0.0000
vn 0.5355 0.8445 -0.0000
vn 0.8443 -0.5028 -0.1852
vn 0.8555 -0.5094 -0.0930
vn 0.5618 -0.8273 -0.0000
vn -0.1598 0.9871 -0.0000
vn 0.1600 -0.9871 -0.0000
vn 0.1598 -0.9871 -0.0000
vn -0.1600 0.9871 -0.0000
vn -0.7516 0.5320 -0.3899
vn -0.4809 -0.6801 -0.5533
vn -0.1804 -0.3375 -0.9239
vn -0.0785 -0.9969 -0.0000
vn 0.0784 0.9969 -0.0000
vn -0.0784 -0.9969 -0.0000
vn 0.9959 -0.0784 0.0442
vn 0.0626 0.7948 0.6036
vn -0.1737 -0.3410 -0.9239
vn -0.7755 0.5484 -0.3128
vn -0.0519 -0.6591 -0.7503
vn -0.0000 0.8944 -0.4473
vn -0.9701 -0.0000 -0.2426
vn -0.0000 -0.8785 0.4778
vn -0.9892 -0.0000 0.1463
vn 0.9701 -0.0000 -0.2426
vn 0.9892 -0.0000 0.1463
vn -0.0000 0.8785 0.4778
vn -0.0000 -0.8944 -0.4473
vn 0.3592 0.7184 0.5957
vn -0.1038 -0.0900 -0.9905
vn -0.0000 -0.5609 0.8279
vn -0.0000 -1.0000 0.0054
vn -0.3162 -0.6323 0.7072
vn 0.1038 0.0900 -0.9905
vn -0.0097 0.1370 -0.9905
vn -0.0566 0.7955 -0.6033
vn 0.1009 0.7900 -0.6047
vn 0.0172 0.1346 -0.9908
vn 0.2625 0.9648 -0.0138
vn 0.0830 0.1073 -0.9908
vn 0.2188 -0.8044 -0.5523
vn -0.1009 -0.7900 -0.6047
vn -0.1542 -0.5661 0.8098
vn -0.0830 -0.1073 -0.9908
vn 0.0566 -0.7955 -0.6033
vn 0.0097 -0.1370 -0.9905
vt 0.572856 0.562561
vt -1.383860 0.562561
vt 0.700099 0.437439
vt -1.511104 0.437439
vt 1.527816 0.001225
vt 1.527816 0.068424
vt -0.527816 0.001225
vt -0.527816 0.068424
vt -0.527816 0.068424
vt -0.527816 0.001225
vt 1.527816 0.068424
vt 1.527816 0.001225
vt -0.605601 0.418104
vt 1.605602 0.418104
vt -0.444539 0.581896
vt 1.444539 0.581896
vt 0.000000 0.001225
vt 1.000000 0.001225
vt -0.305907 0.068424
vt -0.305907 0.001225
vt 1.305907 0.068424
vt 1.305907 0.001225
vt 0.000000 0.001225
vt 1.000000 0.001225
vt 1.666770 0.546623
vt 0.368090 0.546623
vt 1.758984 0.453377
vt 0.275875 0.453377
vt 0.792608 0.438524
vt 0.668281 0.561476
vt -0.690501 0.438524
vt -0.566174 0.561476
vt 0.841802 0.067528
vt -0.805429 0.067528
vt 0.841802 0.002333
vt -0.805429 0.002333
vt -0.764932 0.067528
vt -0.764932 0.002333
vt 0.629371 0.067528
vt 0.629371 0.002333
vt 0.368090 0.546623
vt 0.275875 0.453377
vt 1.666770 0.546623
vt 1.758984 0.453377
vt 0.048920 0.001225
vt 1.454885 0.001225
vt 0.048920 0.068424
vt 1.454885 0.068424
vt 0.034556 0.461443
vt 0.965444 0.461443
vt -0.043420 0.538557
vt 1.043420 0.538557
vt 1.075971 0.001225
vt 1.075971 0.068424
vt 0.075971 0.001225
vt 0.075971 0.068424
vt 1.043420 0.554688
vt -0.043420 0.554688
vt 0.935253 0.445312
vt 0.064747 0.445312
vt 1.000000 0.067528
vt 0.000000 0.067528
vt 1.000000 0.002333
vt 0.000000 0.002333
vt -0.019992 0.002333
vt 0.980008 0.002333
vt -0.019992 0.067528
vt 0.980008 0.067528
vt 0.034556 0.461443
vt -0.043420 0.538557
vt 1.046982 0.864654
vt -0.046982 0.864654
vt 1.046982 0.135345
vt -0.046982 0.135345
vt -0.690501 0.438524
vt 1.605602 0.418104
vt -0.605601 0.418104
vt 0.059696 0.757005
vt 0.000436 0.757005
vt 0.059696 0.242994
vt 0.000436 0.242994
vt 0.000749 -0.001561
vt 0.059393 -0.001561
vt 0.000749 0.108625
vt 0.059393 0.108625
vt 0.001408 0.861318
vt 0.001408 0.570925
vt 0.061081 0.861318
vt 0.061081 0.570925
vt 0.531932 0.000000
vt 0.998347 0.000000
vt 0.531932 0.290393
vt 0.998347 0.110187
vt 0.950332 0.140827
vt 0.225465 0.998251
vt 0.158130 0.998251
vt 0.225465 0.886505
vt 0.158130 0.886505
vt 0.225465 0.803559
vt 0.158130 0.803559
vt 0.225465 0.598748
vt 0.158130 0.598748
vt 0.998013 0.110187
vt 0.998013 0.000000
vt 0.949684 0.140826
vt 0.528552 0.000000
vt 0.719415 0.286814
vt 0.528552 0.290393
vt 0.676357 0.314112
vt 0.998013 0.120116
vt 0.954617 0.144647
vt 0.998013 0.436584
vt 0.937540 0.219968
vt 0.952813 0.416974
vt 0.895711 0.273416
vt 0.225131 0.510454
vt 0.186260 0.510454
vt 0.225131 0.457329
vt 0.186260 0.457329
vt 0.225131 0.376498
vt 0.186260 0.376498
vt 0.225131 0.297045
vt 0.186260 0.297045
vt 0.000749 0.118554
vt 0.059393 0.118554
vt 0.000749 0.435023
vt 0.059393 0.435023
vt 0.933200 0.212850
vt 0.798075 0.282229
vt 0.860547 0.309486
vt 0.917997 0.342508
vt 0.857938 0.480585
vt 0.802316 0.289845
vt 0.793232 0.449669
vt 0.746915 0.344039
vt 0.225291 0.441060
vt 0.186381 0.441060
vt 0.225291 0.286163
vt 0.186381 0.286163
vt 0.225291 0.193350
vt 0.186381 0.193350
vt 0.720025 0.291595
vt 0.798821 0.288103
vt 0.680959 0.317230
vt 0.744621 0.340296
vt 0.188325 0.705411
vt 0.226320 0.705411
vt 0.188325 0.755933
vt 0.226320 0.755933
vt 0.188325 0.842922
vt 0.226320 0.842922
vt 0.188687 0.705319
vt 0.188687 0.639135
vt 0.225958 0.705319
vt 0.225958 0.639135
vt 0.717873 0.291595
vt 0.678552 0.317230
vt 0.797184 0.288103
vt 0.744246 0.340296
vt 0.952223 0.423167
vt 0.919369 0.342508
vt 0.859974 0.480585
vt 0.801109 0.289845
vt 0.796964 0.449669
vt 0.746687 0.344039
vt 0.225291 0.750307
vt 0.186381 0.750307
vt 0.225291 0.678072
vt 0.186381 0.678072
vt 0.225291 0.605030
vt 0.186381 0.605030
vt 0.225291 0.517848
vt 0.186381 0.517848
vt 0.188687 0.570114
vt 0.225958 0.570114
vt 0.225465 0.502980
vt 0.158130 0.502980
vt 0.225465 0.354073
vt 0.158130 0.354073
vt 0.225465 0.254514
vt 0.158130 0.254514
vt 0.225465 -0.001749
vt 0.158130 -0.001749
vt 0.225131 0.148357
vt 0.186260 0.148357
vt 0.225131 0.081423
vt 0.186260 0.081423
vt 0.893028 0.273416
vt 0.938267 0.219968
vt 0.953441 0.416974
vt 0.955233 0.144647
vt 0.998347 0.120116
vt 0.223109 0.706024
vt 0.188534 0.706024
vt 0.223109 0.657672
vt 0.188534 0.657672
vt 0.188534 0.565232
vt 0.223109 0.565232
vt 0.188534 0.608515
vt 0.223109 0.608515
vt 0.223109 0.608132
vt 0.223109 0.657380
vt 0.188534 0.608132
vt 0.188534 0.657380
vt 0.933955 0.212850
vt 0.799706 0.282229
vt 0.757670 0.263769
vt 0.721557 0.286814
vt 0.678779 0.314112
vt 0.001408 0.565267
vt 0.001408 0.231388
vt 0.061081 0.565267
vt 0.061081 0.231388
vt 0.179000 0.047518
vt 0.225864 0.047518
vt 0.179000 0.239914
vt 0.225864 0.239914
vt 0.179000 0.337606
vt 0.225864 0.337606
vt 0.179000 0.472995
vt 0.224965 0.472995
vt 0.179899 0.567183
vt 0.224965 0.567183
vt 0.179899 0.628199
vt 0.224965 0.628199
vt 0.179899 0.781108
vt 0.224965 0.781108
vt 0.179899 0.898472
vt 0.224965 0.898472
vt 0.789867 0.450390
vt 0.754898 0.523108
vt 0.742390 0.342444
vt 0.715365 0.544068
vt 0.675873 0.320568
vt 0.630375 0.624274
vt 0.531932 0.296052
vt 0.531932 0.629930
vt 0.175669 0.539378
vt 0.224979 0.539378
vt 0.175669 0.662952
vt 0.224979 0.662952
vt 0.175669 0.818377
vt 0.224979 0.818377
vt 0.760450 0.524535
vt 0.715659 0.547573
vt 0.755503 0.618166
vt 0.632996 0.625383
vt 0.675179 0.699367
vt 0.224979 0.539105
vt 0.175669 0.539105
vt 0.224979 0.468551
vt 0.175669 0.468551
vt 0.224979 0.310081
vt 0.175669 0.310081
vt 0.714895 0.547573
vt 0.754613 0.618166
vt 0.634063 0.625383
vt 0.674674 0.699367
vt 0.223003 0.367243
vt 0.192124 0.367243
vt 0.223003 0.320163
vt 0.192124 0.320163
vt 0.192124 0.410495
vt 0.223003 0.410495
vt 0.672229 0.704516
vt 0.684201 0.846818
vt 0.631613 0.627741
vt 0.623730 0.806662
vt 0.531932 0.634047
vt 0.531932 0.810324
vt 0.225990 0.498746
vt 0.188645 0.498836
vt 0.226027 0.407808
vt 0.188688 0.407987
vt 0.226027 0.277318
vt 0.188688 0.277497
vt 0.630491 0.627741
vt 0.528552 0.634047
vt 0.672668 0.704516
vt 0.629134 0.806962
vt 0.683385 0.847692
vt 0.188602 0.551522
vt 0.225953 0.551522
vt 0.175669 0.219973
vt 0.224979 0.219973
vt 0.191125 0.410495
vt 0.224002 0.410495
vt 0.191125 0.506752
vt 0.224002 0.506752
vt 0.757495 0.523108
vt 0.742067 0.342444
vt 0.716110 0.544068
vt 0.673433 0.320568
vt 0.629224 0.624274
vt 0.528552 0.296052
vt 0.528552 0.629930
vt 0.059393 0.441510
vt 0.059393 0.489041
vt 0.000749 0.441510
vt 0.000749 0.489041
vt 0.998013 0.490602
vt 0.953545 0.426414
vt 0.954336 0.526885
vt 0.862869 0.482006
vt 0.998347 0.443071
vt 0.954840 0.526885
vt 0.954168 0.426414
vt 0.860911 0.482006
vt 0.222630 0.414382
vt 0.178578 0.414382
vt 0.222630 0.358143
vt 0.178578 0.358143
vt 0.222630 0.233316
vt 0.178578 0.233316
vt 0.061081 0.227271
vt 0.001408 0.227271
vt 0.061081 0.051288
vt 0.001408 0.050994
vt 0.859749 0.485636
vt 0.763852 0.523202
vt 0.952397 0.531340
vt 0.758112 0.618393
vt 0.998013 0.588056
vt 0.731197 0.952702
vt 0.998013 1.000000
vt 0.766486 1.000000
vt 0.172970 0.659746
vt 0.226808 0.659746
vt 0.172970 0.786854
vt 0.226808 0.786854
vt 0.172970 0.948549
vt 0.226808 0.948549
vt 0.172970 1.044390
vt 0.226808 1.044390
vt 0.761115 0.523202
vt 0.952905 0.531340
vt 0.757256 0.618393
vt 0.732801 0.952702
vt 0.686084 0.847811
vt 0.226808 0.659852
vt 0.172970 0.659852
vt 0.226808 0.516977
vt 0.172970 0.516977
vt 0.226808 0.400465
vt 0.172970 0.400465
vt 0.226808 0.179770
vt 0.172970 0.179770
vt 0.226808 0.016025
vt 0.172970 0.016025
vt 0.226808 -0.059569
vt 0.172970 -0.059569
vt 0.000749 0.495573
vt 0.059393 0.495573
vt 0.000749 0.577783
vt 0.059393 0.577783
vt 0.178482 0.056554
vt 0.222958 0.056554
vt 0.178482 0.119254
vt 0.222958 0.119254
vt 0.191140 0.660257
vt 0.191140 0.624214
vt 0.225034 0.660257
vt 0.225034 0.624214
vt 0.998347 0.588056
vt 0.998347 1.000000
vt 0.768322 1.000000
vt 0.191140 0.582484
vt 0.225034 0.582484
vt 0.178482 0.233248
vt 0.222958 0.233248
vt 0.675375 0.702266
vt 0.685206 0.847811
vt 0.188688 0.098007
vt 0.226027 0.097905
vt 0.188688 0.207108
vt 0.226027 0.199960
vt 0.188688 0.277502
vt 0.226027 0.277315
vt 0.059393 0.586494
vt 0.059393 0.998439
vt 0.000749 0.586494
vt 0.000749 0.998439
vt 0.627816 0.809318
vt 0.528552 0.813739
vt 0.683686 0.851714
vt 0.528552 1.000000
vt 0.725095 0.954273
vt 0.688347 1.000000
vt 0.061081 0.047579
vt 0.001408 0.046863
vt 0.061081 -0.138682
vt 0.001408 -0.138682
vt 0.172124 0.245012
vt 0.225447 0.244590
vt 0.172124 0.377515
vt 0.225447 0.386773
vt 0.172124 0.493292
vt 0.225447 0.493292
vt 0.172124 0.614230
vt 0.225447 0.614230
vt 0.531932 1.000000
vt 0.621991 0.810325
vt 0.690691 1.000000
vt 0.684612 0.851714
vt 0.726754 0.954273
vt 0.225447 0.684323
vt 0.172124 0.684323
vt 0.000888 0.826312
vt 0.000888 0.616318
vt 0.062152 0.826312
vt 0.062152 0.616318
vt 0.226507 0.470134
vt 0.226507 0.509955
vt 0.192935 0.470134
vt 0.192935 0.509955
vt 0.192935 0.549778
vt 0.226507 0.549778
vt 0.000888 0.607857
vt 0.000888 0.520119
vt 0.062152 0.607857
vt 0.062152 0.520119
vt 0.000888 0.513632
vt 0.000888 0.209371
vt 0.062152 0.513632
vt 0.062152 0.209371
vt 0.861773 0.309486
vt 0.952768 0.423167
vt 0.998347 0.436584
vt 0.757686 0.524535
vt 0.857792 0.485636
vt 0.998347 0.490602
vt 0.528552 0.810030
vt 0.761550 1.000000
vt 0.727658 0.957298
vt 0.694785 1.000000
vt 0.763418 1.000000
vt 0.697087 1.000000
vt 0.729330 0.957298
vt 0.531932 0.814455
vt 0.674897 0.702266
vt 0.998013 0.579345
vt 0.998013 0.497135
vt 0.961774 0.532556
vt 0.998347 0.579345
vt 0.962343 0.532556
vt 0.998347 0.497135
vt 0.793429 0.450390
vt 0.998013 0.443071
vt 0.762375 0.520587
vt 0.853948 0.482774
vt 0.795001 0.453695
vt 0.759560 0.520587
vt 0.791321 0.453695
vt 0.851837 0.482774
vt 0.917153 0.337068
vt 0.892761 0.277185
vt 0.864215 0.313661
vt 0.915652 0.337068
vt 0.858964 0.313661
vt 0.889837 0.277185
vt 0.272334 0.273517
vt 0.530568 0.330148
vt 0.272334 0.726483
vt 0.530568 0.669852
vt 0.530299 0.124599
vt 0.530299 0.874555
vt 0.272603 -0.000424
vt 0.272603 0.999577
vt 0.000035 1.000000
vt 0.000035 0.000000
vt 0.059479 0.919075
vt 0.059479 0.080925
vt 0.058583 0.956132
vt 0.058583 0.043868
vt 0.002932 0.763201
vt 0.002932 0.238399
vt 0.275664 0.735520
vt 0.275664 0.266080
vt 0.275664 0.042584
vt 0.275664 0.957416
vt 0.002932 -0.056578
vt 0.002932 1.056578
vt 0.530299 0.874978
vt 0.272603 1.000000
vt 0.530299 0.125022
vt 0.272603 0.000000
vt 0.532830 0.000000
vt 0.999485 0.000000
vt 0.532830 1.000000
vt 0.999485 1.000000
s 0
usemtl material1
f 1/1/1 2/2/1 3/3/1
f 4/4/1 3/3/1 2/2/1
f 5/5/2 6/6/2 7/7/2
f 8/8/2 7/7/2 6/6/2
f 9/9/3 10/10/3 11/11/3
f 12/12/3 11/11/3 10/10/3
f 13/13/1 14/14/1 15/15/1
f 16/16/1 15/15/1 14/14/1
f 17/17/4 18/18/4 19/17/4
f 20/18/4 19/17/4 18/18/4
f 21/19/5 22/20/5 23/21/5
f 24/22/5 23/21/5 22/20/5
f 25/23/4 26/23/4 27/24/4
f 28/24/4 27/24/4 26/23/4
f 29/2/1 30/4/1 31/1/1
f 32/3/1 31/1/1 30/4/1
f 33/24/4 34/24/4 35/23/4
f 36/23/4 35/23/4 34/24/4
f 37/25/1 38/26/1 39/27/1
f 40/28/1 39/27/1 38/26/1
f 41/29/1 42/30/1 43/31/1
f 44/32/1 43/31/1 42/30/1
f 45/33/2 46/34/2 47/35/2
f 48/36/2 47/35/2 46/34/2
f 49/37/5 50/38/5 51/39/5
f 52/40/5 51/39/5 50/38/5
f 53/34/3 54/36/3 55/33/3
f 56/35/3 55/33/3 54/36/3
f 57/41/1 58/42/1 59/43/1
f 60/44/1 59/43/1 58/42/1
f 61/45/3 62/46/3 63/47/3
f 64/48/3 63/47/3 62/46/3
f 65/49/1 66/50/1 67/51/1
f 68/52/1 67/51/1 66/50/1
f 69/46/2 70/48/2 71/45/2
f 72/47/2 71/45/2 70/48/2
f 73/53/5 74/54/5 75/55/5
f 76/56/5 75/55/5 74/54/5
f 77/57/1 78/58/1 79/59/1
f 80/60/1 79/59/1 78/58/1
f 81/61/2 82/62/2 83/63/2
f 84/64/2 83/63/2 82/62/2
f 85/65/5 86/66/5 87/67/5
f 88/68/5 87/67/5 86/66/5
f 89/64/3 90/63/3 91/62/3
f 92/61/3 91/62/3 90/63/3
f 93/50/1 94/52/1 95/69/1
f 96/70/1 95/69/1 94/52/1
f 97/71/1 98/72/1 99/73/1
f 100/74/1 99/73/1 98/72/1
f 101/59/1 102/57/1 103/60/1
f 104/58/1 103/60/1 102/57/1
f 105/67/6 106/65/6 107/68/6
f 108/66/6 107/68/6 106/65/6
f 109/53/6 110/54/6 111/55/6
f 112/56/6 111/55/6 110/54/6
f 113/30/1 114/32/1 115/29/1
f 116/75/1 115/29/1 114/32/1
f 117/24/4 118/24/4 119/23/4
f 120/23/4 119/23/4 118/24/4
f 121/16/1 122/15/1 123/76/1
f 124/77/1 123/76/1 122/15/1
f 125/38/6 126/40/6 127/37/6
f 128/39/6 127/37/6 126/40/6
f 129/20/6 130/22/6 131/19/6
f 132/21/6 131/19/6 130/22/6
s 1
f 203/36/1 135/2/1 201/35/5
f 133/1/1 201/35/5 135/2/1
f 143/6/1 137/3/1 147/8/6
f 139/4/1 147/8/6 137/3/1
f 381/22/7 145/7/7 385/21/7
f 148/8/7 385/21/7 145/7/7
f 207/38/1 161/15/1 211/40/8
f 163/16/1 211/40/8 161/15/1
f 25/23/1 34/24/9 26/23/10
f 33/24/1 26/23/10 34/24/9
s 0
f 333/58/1 246/52/1 331/60/1
f 240/50/1 331/60/1 246/52/1
s 1
f 369/77/1 383/19/2 367/76/1
f 386/21/1 367/76/1 383/19/2
f 155/12/7 379/20/7 153/11/7
f 384/19/7 153/11/7 379/20/7
f 118/24/1 382/22/2 120/23/8
f 380/20/1 120/23/8 382/22/2
f 219/35/7 371/38/7 217/33/7
f 375/37/7 217/33/7 371/38/7
f 361/75/1 376/37/2 359/29/1
f 377/39/1 359/29/1 376/37/2
f 199/34/7 378/39/7 204/36/7
f 373/40/7 204/36/7 378/39/7
f 363/16/1 374/40/2 365/15/1
f 372/38/1 365/15/1 374/40/2
s 0
f 136/2/1 364/16/1 140/4/1
f 368/76/1 140/4/1 364/16/1
f 179/3/1 370/77/1 177/1/1
f 366/15/1 177/1/1 370/77/1
s 1
f 18/18/1 119/23/9 20/18/10
f 120/23/1 20/18/10 119/23/9
f 36/23/1 118/24/11 35/23/12
f 117/24/1 35/23/12 118/24/11
s 0
f 183/26/1 355/30/1 187/28/1
f 360/29/1 187/28/1 355/30/1
f 227/44/1 362/75/1 225/43/1
f 357/32/1 225/43/1 362/75/1
s 1
f 350/55/1 358/32/1 346/53/13
f 356/30/1 346/53/13 358/32/1
f 231/46/7 351/55/7 236/48/7
f 352/56/7 236/48/7 351/55/7
f 329/57/1 353/56/2 334/58/1
f 348/54/1 335/58/1 354/56/14
f 254/47/7 349/54/7 252/45/7
f 347/53/7 252/45/7 349/54/7
f 318/72/1 336/67/2 323/74/1
f 341/68/1 324/74/1 337/67/14
f 278/62/7 342/68/7 283/64/7
f 343/66/7 283/64/7 342/68/7
f 332/60/1 344/66/2 326/59/1
f 339/65/1 327/59/1 345/66/15
f 297/63/7 340/65/7 303/61/7
f 338/67/7 303/61/7 340/65/7
s 0
f 312/70/1 330/57/1 310/69/1
f 328/59/1 310/69/1 330/57/1
s 1
f 293/68/1 315/71/1 290/67/15
f 321/73/1 291/67/3 316/71/1
f 276/61/1 322/73/1 279/62/5
f 325/74/1 279/62/5 322/73/1
f 304/61/1 319/72/1 300/62/16
f 317/71/1 301/62/6 320/72/1
f 295/64/1 305/50/1 298/63/17
f 311/69/1 299/63/6 306/50/1
f 237/48/1 313/70/1 233/47/16
f 308/52/1 234/47/6 314/70/1
s 0
f 268/58/1 309/52/1 274/60/1
f 307/50/1 274/60/1 309/52/1
s 1
f 287/66/7 296/64/7 294/68/7
f 302/62/7 294/68/7 296/64/7
f 280/63/7 285/65/7 277/61/7
f 292/67/7 277/61/7 285/65/7
f 275/60/1 288/66/3 271/59/1
f 286/65/1 272/59/1 289/66/14
f 238/49/1 281/63/5 241/50/1
f 284/64/1 242/50/1 282/63/16
s 0
f 243/51/1 266/57/1 239/49/1
f 273/59/1 239/49/1 266/57/1
s 1
f 259/54/1 269/58/1 263/56/15
f 267/57/1 264/56/3 270/58/1
f 191/30/1 257/53/3 195/32/1
f 261/55/1 195/32/1 257/53/3
f 248/46/7 262/55/7 250/48/7
f 265/56/7 250/48/7 262/55/7
f 235/47/7 260/54/7 229/45/7
f 258/53/7 229/45/7 260/54/7
f 181/25/1 249/46/18 184/26/1
f 253/45/1 184/26/1 249/46/18
f 247/52/1 255/47/5 244/51/1
f 251/48/1 245/51/1 256/47/17
f 226/43/1 232/46/19 221/41/1
f 230/45/1 221/41/1 232/46/19
f 218/33/1 228/44/1 213/34/6
f 223/42/1 213/34/6 228/44/1
s 0
f 189/29/1 224/42/1 192/30/1
f 222/41/1 192/30/1 224/42/1
s 1
f 178/1/1 220/35/19 173/2/1
f 215/36/1 173/2/1 220/35/19
f 212/40/7 216/36/7 209/39/7
f 214/34/7 209/39/7 216/36/7
f 193/31/1 205/37/3 190/29/1
f 210/39/1 190/29/1 205/37/3
f 202/35/7 208/38/7 197/33/7
f 206/37/7 197/33/7 208/38/7
f 188/28/1 200/34/19 185/27/1
f 198/33/1 185/27/1 200/34/19
s 0
f 186/27/1 194/31/1 182/25/1
f 196/32/1 182/25/1 194/31/1
s 1
f 146/7/1 36/23/19 141/5/5
f 34/24/1 141/5/5 36/23/19
f 154/11/1 180/3/1 149/9/6
f 175/4/1 149/9/6 180/3/1
s 0
f 159/14/1 176/4/1 164/16/1
f 174/2/1 164/16/1 176/4/1
s 1
f 167/20/1 25/23/2 171/22/20
f 27/24/1 171/22/20 25/23/2
f 19/17/1 27/24/12 17/17/11
f 28/24/1 17/17/11 27/24/12
f 157/13/1 165/19/3 160/14/1
f 169/21/1 160/14/1 165/19/3
f 150/9/7 170/21/7 151/10/7
f 172/22/7 151/10/7 170/21/7
f 142/5/7 168/20/7 144/6/7
f 166/19/7 144/6/7 168/20/7
f 152/10/1 19/17/18 156/12/6
f 20/18/1 156/12/6 19/17/18
s 0
f 138/3/1 158/13/1 134/1/1
f 162/15/1 134/1/1 158/13/1
usemtl material2
f 387/78/21 388/79/21 389/80/21
f 390/81/21 389/80/21 388/79/21
s 1
f 391/82/22 392/83/22 393/84/23
f 394/85/23 393/84/23 392/83/22
s 0
f 395/86/24 396/87/24 397/88/24
f 398/89/24 397/88/24 396/87/24
f 399/90/1 400/91/1 401/92/1
f 871/91/1 402/93/1 401/92/1
f 401/92/1 874/93/1 403/94/1
s 1
f 404/95/23 405/96/23 406/97/25
f 407/98/25 406/97/25 405/96/23
f 887/97/26 891/98/26 408/99/27
f 409/100/27 408/99/27 891/98/26
f 894/99/28 898/100/28 410/101/29
f 411/102/29 410/101/29 898/100/28
s 0
f 412/103/4 413/104/4 414/105/4
f 907/104/4 415/106/4 910/105/4
f 911/105/4 916/106/4 416/107/4
f 917/106/4 417/108/4 920/107/4
f 921/107/4 927/108/4 418/109/4
f 419/110/4 420/111/4 421/112/4
f 422/113/4 421/112/4 420/111/4
f 939/112/4 943/113/4 423/114/4
f 424/115/4 423/114/4 943/113/4
s 1
f 425/116/30 426/117/30 427/118/31
f 428/119/31 427/118/31 426/117/30
f 958/118/32 962/119/32 429/120/33
f 430/121/33 429/120/33 962/119/32
f 966/120/34 970/121/34 431/122/35
f 432/123/35 431/122/35 970/121/34
s 0
f 433/124/36 434/125/36 435/126/36
f 436/127/36 435/126/36 434/125/36
f 912/105/4 922/107/4 437/128/4
f 923/107/4 438/129/4 985/128/4
f 986/128/4 438/129/4 439/130/4
f 440/131/37 441/132/37 442/133/37
f 996/132/37 443/134/37 1001/133/37
f 1002/133/37 443/134/37 444/135/37
s 1
f 445/136/38 446/137/38 447/138/39
f 448/139/39 447/138/39 446/137/38
f 1010/138/40 1014/139/41 449/140/42
f 450/141/42 449/140/42 1014/139/41
s 0
f 451/142/1 452/143/1 453/144/1
f 454/145/1 453/144/1 452/143/1
s 1
f 455/146/43 456/147/44 457/148/45
f 458/149/46 457/148/45 456/147/44
f 1034/148/47 458/149/47 459/150/48
f 460/151/48 459/150/48 458/149/47
s 0
f 461/152/49 462/153/49 463/154/49
f 464/155/49 463/154/49 462/153/49
f 465/156/4 466/157/4 467/158/4
f 468/159/4 467/158/4 466/157/4
f 469/160/50 470/161/50 471/162/50
f 472/163/50 471/162/50 470/161/50
f 1064/162/50 1067/163/50 473/164/50
f 474/165/50 473/164/50 1067/163/50
s 1
f 475/166/51 476/167/51 477/168/52
f 478/169/53 477/168/52 476/167/51
f 477/168/54 1076/169/53 479/170/55
f 480/171/56 479/170/55 1076/169/53
f 479/170/55 1080/171/57 481/172/58
f 482/173/59 481/172/58 1080/171/57
s 0
f 483/174/60 484/175/60 485/153/60
f 486/155/60 485/153/60 484/175/60
s 1
f 487/101/61 488/102/62 489/176/63
f 490/177/64 489/176/63 488/102/62
f 489/176/65 1093/177/65 491/178/66
f 492/179/66 491/178/66 1093/177/65
f 1096/178/67 1100/179/67 493/180/68
f 494/181/68 493/180/68 1100/179/67
f 493/180/69 1103/181/69 495/182/70
f 496/183/70 495/182/70 1103/181/69
f 497/122/71 498/123/71 499/184/72
f 500/185/73 499/184/72 498/123/71
f 1118/184/74 1122/185/74 501/186/75
f 502/187/75 501/186/75 1122/185/74
s 0
f 503/188/1 504/189/1 505/190/1
f 1133/189/1 506/191/1 1137/190/1
f 1138/190/1 1142/191/1 507/192/1
f 508/137/76 509/136/76 510/173/76
s 1
f 511/172/77 510/173/76 509/136/78
s 0
f 512/193/79 513/194/79 514/195/79
f 515/196/79 514/195/79 513/194/79
f 516/197/80 517/198/80 518/199/80
f 519/200/80 518/199/80 517/198/80
f 520/201/81 521/202/81 522/203/81
f 523/204/81 522/203/81 521/202/81
f 524/205/1 525/206/1 877/94/1
f 525/206/1 526/207/1 878/94/1
f 879/94/1 526/207/1 401/92/1
f 526/207/1 527/208/1 401/92/1
f 401/92/1 1182/208/1 528/209/1
f 529/210/82 530/211/82 531/212/82
f 532/213/82 531/212/82 530/211/82
s 1
f 533/214/83 534/215/83 535/216/84
f 536/217/84 535/216/84 534/215/83
f 1204/216/85 1207/217/85 537/218/86
f 538/219/87 537/218/86 1207/217/85
f 1211/218/88 538/219/89 539/220/90
f 540/221/91 539/220/90 538/219/89
f 1214/220/90 540/221/92 541/222/93
f 542/223/94 541/222/93 540/221/92
f 1217/222/95 542/223/96 543/224/97
f 544/225/98 543/224/97 542/223/96
f 1220/224/99 544/225/100 545/226/101
f 546/227/102 545/226/101 544/225/100
f 1223/226/102 546/227/103 547/228/104
f 548/229/104 547/228/104 546/227/103
s 0
f 549/230/105 550/231/105 551/232/105
f 552/233/105 551/232/105 550/231/105
f 1236/232/105 1239/233/105 553/234/105
s 1
f 554/235/105 553/234/105 1239/233/105
s 0
f 1242/234/105 1246/235/105 555/236/105
f 556/237/105 555/236/105 1246/235/105
s 1
f 557/238/106 558/239/107 559/240/108
f 560/241/109 559/240/108 558/239/107
f 1257/240/110 560/241/110 561/242/111
f 562/243/111 561/242/111 560/241/110
s 0
f 563/244/112 564/245/112 565/246/112
f 1266/245/112 566/247/112 1270/246/112
s 1
f 1271/246/112 1274/247/112 567/248/112
f 568/249/113 569/250/113 570/251/114
f 571/252/114 570/251/114 569/250/113
f 1286/251/115 1290/252/115 572/253/116
f 573/254/116 572/253/116 1290/252/115
s 0
f 574/255/117 575/256/117 576/257/117
f 577/258/117 576/257/117 575/256/117
f 578/259/118 579/260/118 580/261/118
f 581/262/118 580/261/118 579/260/118
s 1
f 582/260/119 583/259/120 584/263/119
f 585/264/121 584/263/119 583/259/120
s 0
f 586/265/1 587/266/1 588/267/1
f 589/268/1 588/267/1 587/266/1
f 1329/267/1 1332/268/1 590/269/1
f 591/270/1 590/269/1 1332/268/1
s 1
f 592/271/122 593/272/122 594/273/123
f 595/274/123 594/273/123 593/272/122
f 1347/273/124 1351/274/124 596/275/125
f 597/276/125 596/275/125 1351/274/124
s 0
f 598/277/4 599/278/4 600/279/4
f 599/278/4 601/280/4 1364/279/4
f 1365/279/4 1369/280/4 602/281/4
f 603/272/126 604/271/126 605/282/126
f 606/283/126 605/282/126 604/271/126
s 1
f 607/254/127 608/284/127 609/253/127
s 0
f 610/285/127 609/253/127 608/284/127
f 611/286/128 612/287/128 613/288/128
f 614/289/128 613/288/128 612/287/128
s 1
f 615/290/129 616/291/129 617/292/129
s 0
f 1403/291/129 618/293/129 1407/292/129
s 1
f 1408/292/129 1411/293/129 619/294/129
f 1412/293/129 620/295/129 1415/294/129
s 0
f 1416/294/129 1420/295/129 621/296/129
s 1
f 622/297/130 623/298/131 624/299/130
f 625/300/131 624/299/130 623/298/131
s 0
f 626/301/4 627/302/4 628/303/4
f 629/304/4 628/303/4 627/302/4
f 630/305/1 631/306/1 632/307/1
f 633/308/1 632/307/1 631/306/1
s 1
f 634/309/132 635/310/132 636/311/133
f 637/312/133 636/311/133 635/310/132
f 1458/311/133 1462/312/133 638/313/134
f 639/314/134 638/313/134 1462/312/133
s 0
f 640/315/135 641/316/135 642/317/135
f 643/318/135 642/317/135 641/316/135
f 644/319/4 645/320/4 646/321/4
f 647/322/4 646/321/4 645/320/4
f 1484/321/4 1487/322/4 648/323/4
f 649/324/4 648/323/4 1487/322/4
f 1492/323/4 1495/324/4 650/325/4
f 651/326/4 650/325/4 1495/324/4
s 1
f 652/327/136 653/328/136 654/329/137
f 655/330/137 654/329/137 653/328/136
f 1509/329/138 655/330/139 656/331/140
f 657/332/141 656/331/140 655/330/139
f 1512/331/142 657/332/142 658/333/143
f 659/334/143 658/333/143 657/332/142
s 0
f 660/335/1 661/336/1 662/337/1
f 1523/336/1 663/338/1 1530/337/1
f 1531/337/1 1536/338/1 664/339/1
s 1
f 665/340/144 666/341/144 667/342/145
f 668/343/146 667/342/145 666/341/144
f 1549/342/147 1553/343/147 669/344/148
f 670/345/148 669/344/148 1553/343/147
f 1557/344/148 1561/345/148 671/346/149
f 672/347/149 671/346/149 1561/345/148
f 1565/346/150 1569/347/150 673/348/151
f 674/349/151 673/348/151 1569/347/150
f 673/348/152 1573/349/152 675/350/153
f 676/351/153 675/350/153 1573/349/152
s 0
f 677/352/4 678/353/4 679/354/4
f 680/355/4 679/354/4 678/353/4
s 1
f 681/356/131 682/357/131 683/358/154
f 684/359/154 683/358/154 682/357/131
s 0
f 685/360/155 686/361/155 687/362/155
f 688/363/155 687/362/155 686/361/155
f 689/364/1 690/365/1 1524/336/1
f 1603/365/1 691/366/1 1525/336/1
f 1526/336/1 1606/366/1 1537/338/1
f 692/361/156 693/367/156 694/363/156
f 695/368/156 694/363/156 693/367/156
f 696/358/157 697/359/157 698/369/157
f 699/370/157 698/369/157 697/359/157
f 700/371/4 701/372/4 1488/322/4
f 1496/324/4 1488/322/4 701/372/4
s 1
f 702/373/158 703/374/158 704/375/159
f 705/376/159 704/375/159 703/374/158
f 1636/375/160 1640/376/161 706/377/162
f 707/378/162 706/377/162 1640/376/161
f 708/379/163 709/380/164 710/381/163
f 711/382/164 710/381/163 709/380/164
f 712/383/165 713/384/165 714/385/165
f 715/386/165 714/385/165 713/384/165
s 0
f 1664/385/165 1667/386/165 716/387/165
f 717/388/165 716/387/165 1667/386/165
f 718/389/166 719/390/166 720/391/166
f 721/392/166 720/391/166 719/390/166
s 1
f 722/393/167 723/394/168 724/395/169
f 725/396/169 724/395/169 723/394/168
f 1688/395/170 1692/396/171 726/397/172
f 727/398/173 726/397/172 1692/396/171
f 1696/397/174 1699/398/175 728/399/176
f 729/400/176 728/399/176 1699/398/175
s 0
f 730/401/177 731/402/177 732/403/177
f 1708/402/177 733/404/177 1713/403/177
f 1714/403/177 1717/404/177 734/405/177
s 1
f 735/400/178 736/406/179 737/399/178
f 738/407/179 737/399/178 736/406/179
f 739/408/6 740/409/180 741/410/6
f 742/411/181 741/410/6 740/409/180
s 0
f 743/412/182 744/413/182 745/414/182
f 746/415/182 745/414/182 744/413/182
f 747/414/183 748/416/183 749/412/183
f 750/417/183 749/412/183 748/416/183
f 751/418/6 752/419/6 753/420/6
f 754/421/6 753/420/6 752/419/6
s 1
f 755/422/153 756/423/184 757/424/153
f 758/425/184 757/424/153 756/423/184
s 0
f 525/206/1 1178/205/1 759/426/1
f 1183/208/1 526/207/1 525/206/1
f 997/132/37 992/131/37 760/427/37
f 1139/190/1 1146/192/1 761/428/1
f 1301/256/117 1297/255/117 762/429/117
f 1527/336/1 1519/335/1 763/430/1
f 1448/306/1 1445/305/1 764/431/1
f 1370/280/4 599/278/4 765/432/4
f 766/433/4 767/434/4 768/435/4
f 769/436/1 770/437/1 771/438/1
f 1705/401/177 772/439/177 1709/402/177
f 1540/339/1 773/440/1 1532/337/1
f 774/441/185 775/442/185 776/443/185
f 777/444/186 778/445/186 779/446/186
s 1
f 1400/290/129 780/447/129 1404/291/129
s 0
f 1433/301/4 781/448/4 1436/302/4
f 782/449/4 783/450/4 784/451/4
f 785/452/1 786/453/1 787/454/1
f 788/455/4 789/456/4 790/457/4
f 791/458/1 792/459/1 793/460/1
s 1
f 850/82/7 844/79/7 852/83/7
f 842/78/7 852/83/7 844/79/7
f 862/88/7 846/80/7 857/86/7
f 848/81/7 857/86/7 846/80/7
f 882/95/7 854/84/7 884/96/7
f 394/85/7 885/96/7 855/84/7
f 856/84/1 875/93/1 851/82/187
f 872/91/1 851/82/187 875/93/1
f 959/118/1 936/111/188 953/116/189
f 934/110/1 954/116/190 937/111/191
f 967/120/1 944/113/192 960/118/193
f 938/111/1 961/118/194 945/113/195
f 431/122/1 950/115/196 968/120/196
f 946/113/1 969/120/196 951/115/197
f 1037/150/1 1025/143/1 1035/148/198
f 1023/142/1 1035/148/198 1025/143/1
f 1036/148/1 1024/142/1 1032/146/199
f 1027/144/1 1032/146/199 1024/142/1
f 1154/193/7 1165/198/7 1157/194/7
f 1162/197/7 1157/194/7 1165/198/7
f 1544/340/7 1507/328/7 1547/341/7
f 1504/327/7 1547/341/7 1507/328/7
f 1176/204/1 1848/458/1 1174/203/200
f 1853/460/1 1174/203/200 1848/458/1
f 1167/199/1 1854/460/1 1163/197/201
f 1850/459/1 1164/197/202 1855/460/1
f 1158/194/1 1851/459/1 1159/196/203
f 1849/458/1 1160/196/204 1852/459/1
f 514/195/1 1840/455/205 1155/193/206
f 1845/457/1 1156/193/204 1841/455/203
f 1166/198/1 1846/457/207 1169/200/202
f 1843/456/1 1170/200/208 1847/457/201
f 1172/201/1 1844/456/209 521/202/210
f 1842/455/1 521/202/210 1844/456/209
f 1396/288/1 1833/452/1 1394/286/211
f 1838/454/1 1394/286/211 1833/452/1
f 1321/263/1 1839/454/1 1319/260/212
f 1835/453/1 1319/260/212 1839/454/1
f 1312/260/1 1836/453/1 1316/262/213
f 1834/452/1 1317/262/214 1837/453/1
f 1314/261/1 1826/449/215 1309/259/216
f 1831/451/1 1310/259/217 1827/449/213
f 583/259/120 1832/451/218 585/264/121
f 1829/450/1 585/264/121 1832/451/218
f 612/287/1 1830/450/219 1398/289/220
f 1828/449/1 1398/289/220 1830/450/219
f 1459/311/1 1437/302/221 634/309/222
f 1824/448/1 634/309/222 1437/302/221
f 638/313/1 1442/304/223 1460/311/224
f 1438/302/1 1461/311/225 1443/304/226
f 622/297/1 1825/448/227 1427/298/228
f 1434/301/1 1427/298/228 1825/448/227
f 538/219/89 1405/291/229 540/221/91
f 1822/447/1 540/221/91 1405/291/229
f 1208/217/1 1413/293/230 538/219/231
f 1406/291/1 538/219/231 1413/293/230
f 1202/215/1 1421/295/232 1209/217/233
f 1414/293/1 1210/217/234 1422/295/235
f 540/221/92 1823/447/236 542/223/94
f 1401/290/1 542/223/94 1823/447/236
f 542/223/96 1402/290/237 544/225/98
f 1409/292/1 544/225/98 1402/290/237
f 544/225/100 1410/292/238 546/227/102
f 1417/294/1 546/227/102 1410/292/238
f 546/227/1 1418/294/239 1229/229/240
f 1424/296/1 1230/229/241 1419/294/242
f 1585/354/1 1814/444/243 1581/352/244
f 1819/446/1 1581/352/244 1814/444/243
f 1593/360/1 1820/446/245 1595/361/246
f 1816/445/1 1596/361/247 1821/446/248
f 1609/361/1 1817/445/249 1611/367/250
f 1815/444/1 1612/367/251 1818/445/252
f 695/368/1 1806/441/253 1614/363/254
f 1811/443/1 1615/363/249 1807/441/250
f 688/363/1 1812/443/247 1598/362/248
f 1809/442/1 1599/362/255 1813/443/256
f 1583/353/1 1810/442/257 680/355/258
f 1808/441/1 680/355/258 1810/442/257
f 1554/343/1 1533/337/1 1562/345/259
f 1803/440/1 1563/345/260 1534/337/1
f 1548/341/1 1520/335/1 1555/343/261
f 1535/337/1 1556/343/261 1521/335/1
f 1564/345/1 1804/440/1 1570/347/262
f 1541/339/1 1571/347/263 1805/440/1
f 1572/347/1 1542/339/1 1574/349/264
f 1538/338/1 1575/349/265 1543/339/1
f 1576/349/1 1539/338/1 1579/351/266
f 1607/366/1 1579/351/266 1539/338/1
f 1689/395/1 1710/402/267 1685/393/268
f 1800/439/1 1686/393/269 1711/402/270
f 1697/397/1 1718/404/271 1690/395/272
f 1712/402/1 1691/395/273 1719/404/274
f 1703/399/1 1721/405/275 1698/397/276
f 1720/404/1 1698/397/276 1721/405/275
f 1678/390/1 1801/439/6 1682/392/17
f 1706/401/1 1683/392/5 1802/439/16
f 1748/417/1 1794/436/1 1746/412/277
f 1798/438/1 1746/412/277 1794/436/1
f 743/412/1 1799/438/1 744/413/278
f 1796/437/1 744/413/278 1799/438/1
f 1751/418/1 1797/437/1 1754/419/279
f 1795/436/1 1754/419/279 1797/437/1
f 1758/421/1 1788/433/3 1756/420/13
f 1792/435/1 1756/420/13 1788/433/3
f 1739/415/1 1793/435/280 1737/414/281
f 1790/434/1 1737/414/281 1793/435/280
f 1742/414/1 1791/434/282 1744/416/283
f 1789/433/1 1744/416/283 1791/434/282
f 1637/375/1 1371/280/284 1630/373/285
f 1785/432/1 1631/373/285 1372/280/284
f 1644/377/1 1374/281/286 1638/375/287
f 1373/280/1 1639/375/287 1375/281/286
f 1474/317/1 1786/432/288 1468/315/289
f 599/278/1 1469/315/290 1787/432/291
f 1591/358/1 1449/306/1 1587/356/292
f 1783/431/1 1587/356/292 1449/306/1
f 1431/300/1 1784/431/1 1429/299/293
f 1446/305/1 1429/299/293 1784/431/1
f 1513/331/1 1528/336/1 1510/329/294
f 1780/430/1 1510/329/294 1528/336/1
f 1515/333/1 1601/364/1 1514/331/295
f 1529/336/1 1514/331/295 1601/364/1
f 1511/329/1 1781/430/1 1505/327/296
f 1522/335/1 1506/327/297 1782/430/1
f 1258/240/1 1302/256/298 1255/238/299
f 1777/429/1 1255/238/299 1302/256/298
f 1260/242/1 1307/258/300 1259/240/301
f 1303/256/1 1259/240/301 1307/258/300
f 1284/250/1 1778/429/302 1291/252/303
f 1298/255/1 1292/252/304 1779/429/305
f 1123/185/1 1140/190/1 1128/187/306
f 1775/428/1 1128/187/306 1140/190/1
f 1116/123/1 1130/188/1 1124/185/307
f 1141/190/1 1125/185/308 1131/188/1
f 981/126/1 1776/428/1 977/124/309
f 1147/192/1 977/124/309 1776/428/1
f 477/168/1 998/132/310 1071/166/311
f 1772/427/1 1072/166/312 999/132/313
f 479/170/55 443/134/314 477/168/54
f 1000/132/1 477/168/54 443/134/314
f 481/172/58 444/135/315 479/170/55
f 443/134/314 479/170/55 444/135/315
f 1018/140/1 1773/427/316 1011/138/317
f 993/131/1 1012/138/318 1774/427/319
f 1097/178/1 1184/208/1 489/176/63
f 525/206/1 489/176/63 1184/208/1
f 493/180/1 1186/209/1 1098/178/320
f 1185/208/1 1099/178/320 1187/209/1
f 1107/182/1 401/92/1 493/180/321
f 1188/209/1 493/180/321 401/92/1
f 489/176/63 525/206/1 487/101/61
f 1769/426/1 487/101/61 525/206/1
f 410/101/1 1770/426/1 895/99/322
f 1179/205/1 896/99/323 1771/426/1
f 1580/351/7 1761/422/7 1577/350/7
f 1765/424/7 1577/350/7 1761/422/7
f 1502/326/1 1766/424/324 1500/325/325
f 1767/425/1 1500/325/325 1766/424/324
f 1652/380/7 1768/425/7 1656/382/7
f 1763/423/7 1656/382/7 1768/425/7
f 1604/365/1 1764/423/326 1608/366/1
f 1762/422/1 1608/366/1 1764/423/326
f 744/413/7 1752/418/7 1740/415/7
f 1757/420/7 1741/415/7 1753/418/7
f 1745/416/7 1759/421/7 1749/417/7
f 1755/419/7 1750/417/7 1760/421/7
f 1738/414/7 1743/414/7 743/412/7
f 1747/412/7 743/412/7 1743/414/7
f 1684/392/1 1729/408/327 1680/391/328
f 1733/410/1 1680/391/328 1729/408/327
f 1668/386/1 1734/410/329 1673/388/330
f 1735/411/1 1673/388/330 1734/410/329
f 1723/406/1 1736/411/331 1727/407/332
f 1731/409/1 1727/407/332 1736/411/331
f 1715/403/1 1732/409/333 1707/401/332
f 1730/408/1 1707/401/332 1732/409/333
f 729/400/1 735/400/331 1704/399/332
f 1725/399/1 1704/399/332 735/400/331
f 1722/405/1 1726/399/334 1716/403/335
f 1728/407/1 1716/403/335 1726/399/334
f 1674/388/1 1724/406/336 1671/387/334
f 735/400/1 1671/387/334 1724/406/336
f 1672/387/1 729/400/337 1665/385/276
f 1700/398/1 1665/385/276 729/400/337
f 1666/385/1 1701/398/338 1658/383/339
f 1693/396/1 1659/383/340 1702/398/341
f 1660/383/1 1694/396/342 1661/384/343
f 723/394/1 1662/384/344 1695/396/345
f 1675/389/1 723/394/346 1679/390/347
f 1687/393/1 1679/390/347 723/394/346
f 1663/384/1 1676/389/5 1669/386/17
f 1681/391/1 1670/386/5 1677/389/16
f 1517/334/7 1650/379/7 1516/333/7
f 1654/381/7 1516/333/7 1650/379/7
f 1602/364/1 1655/381/348 1605/365/1
f 1657/382/1 1605/365/1 1655/381/348
f 1501/325/1 1653/380/349 1493/323/350
f 1651/379/1 1493/323/350 1653/380/349
f 1358/276/1 1645/377/351 1355/275/352
f 1647/378/1 1356/275/353 1646/377/354
f 1326/266/1 1648/378/355 1333/268/1
f 1641/376/1 1334/268/1 1649/378/355
f 1335/268/1 1642/376/356 1339/270/1
f 1633/374/1 1340/270/1 1643/376/356
f 1477/318/7 1634/374/7 1475/317/7
f 1632/373/7 1476/317/7 1635/374/7
f 1558/344/1 1624/371/260 1550/342/357
f 1489/322/1 1551/342/357 1625/371/259
f 1566/346/1 1627/372/263 1559/344/358
f 1626/371/1 1560/344/359 1628/372/262
f 673/348/1 1497/324/265 1567/346/360
f 1629/372/1 1568/346/361 1498/324/264
f 1578/350/1 1503/326/362 673/348/363
f 1499/324/1 673/348/363 1503/326/362
f 1552/342/1 1490/322/364 1545/340/365
f 1482/320/1 1546/340/366 1491/322/367
f 1450/306/1 1617/358/368 1454/308/1
f 1619/369/1 1454/308/1 1617/358/368
f 1465/314/7 1620/369/7 638/313/7
f 1621/370/7 638/313/7 1620/369/7
f 1444/304/1 1622/370/369 1439/303/370
f 697/359/1 1440/303/371 1623/370/372
f 684/359/7 697/359/7 1592/358/7
f 1618/358/7 1592/358/7 697/359/7
f 1597/361/1 1610/361/373 688/363/374
f 1616/363/1 688/363/374 1610/361/373
f 680/355/1 695/368/375 1586/354/376
f 1613/367/1 1586/354/376 695/368/375
f 1582/352/1 1594/360/377 1584/353/378
f 1600/362/1 1584/353/378 1594/360/377
f 1441/303/1 684/359/379 1435/301/292
f 1589/357/1 1435/301/292 684/359/379
f 1428/298/7 1590/357/7 1432/300/7
f 1588/356/7 1432/300/7 1590/357/7
f 1494/323/1 1518/334/380 1485/321/381
f 657/332/1 1485/321/381 1518/334/380
f 1486/321/1 657/332/141 1480/319/382
f 655/330/139 1480/319/382 657/332/141
f 1481/319/1 655/330/383 1483/320/384
f 1508/328/1 1483/320/384 655/330/383
f 1341/270/1 1478/318/385 1336/269/1
f 1471/316/1 1337/269/1 1479/318/291
f 1382/283/7 1472/316/7 1379/282/7
f 1470/315/7 1380/282/7 1473/316/7
f 1455/308/1 1466/314/224 1451/307/1
f 1463/312/1 1452/307/1 1467/314/226
f 1453/307/1 1464/312/221 1447/305/1
f 1456/310/1 1447/305/1 1464/312/221
f 1430/299/7 1457/310/7 622/297/7
f 634/309/7 622/297/7 1457/310/7
f 1197/213/1 1425/296/6 1194/212/16
f 1423/295/1 1195/212/5 1426/296/17
f 1318/262/7 1397/288/7 1315/261/7
f 1399/289/7 1315/261/7 1397/288/7
f 585/264/7 612/287/7 1322/263/7
f 1395/286/7 1322/263/7 612/287/7
f 1294/254/1 1384/254/386 572/253/387
f 1389/253/1 572/253/387 1384/254/386
f 1275/247/1 1390/253/388 1278/248/389
f 1392/285/1 1279/248/390 1391/253/391
f 1262/243/1 1393/285/392 1261/242/393
f 1386/284/1 1261/242/393 1393/285/392
f 1308/258/1 1387/284/394 1304/257/391
f 1385/254/1 1305/257/388 1388/284/395
f 1361/277/1 1377/272/396 599/278/397
f 1381/282/1 599/278/397 1377/272/396
f 1338/269/1 1383/283/398 1330/267/1
f 604/271/1 1330/267/1 1383/283/398
f 1342/271/7 604/271/7 1345/272/7
f 1378/272/7 1345/272/7 604/271/7
f 1352/274/1 1366/279/399 1359/276/400
f 1376/281/1 1360/276/401 1367/279/402
f 1346/272/1 1362/277/403 1353/274/404
f 1368/279/1 1354/274/405 1363/277/406
f 1323/265/1 1348/273/399 1327/266/1
f 1357/275/1 1328/266/1 1349/273/402
f 1331/267/1 1343/271/405 1324/265/1
f 1350/273/1 1325/265/1 1344/271/406
f 1311/259/7 583/259/7 1313/260/7
f 1320/260/7 1313/260/7 583/259/7
f 1293/252/1 1299/255/407 1295/254/408
f 1306/257/1 1296/254/409 1300/255/410
f 1267/245/1 1287/251/407 1276/247/408
f 572/253/1 1277/247/409 1288/251/410
f 1264/244/1 1281/249/411 1268/245/303
f 1289/251/1 1269/245/304 1282/249/412
f 1256/238/1 1285/250/393 558/239/387
f 1283/249/1 558/239/387 1285/250/393
f 560/241/1 1272/246/413 1263/243/300
f 1280/248/1 1263/243/300 1272/246/413
f 558/239/107 1265/244/299 560/241/109
f 1273/246/1 560/241/109 1265/244/299
f 1205/216/1 1243/234/234 1199/214/414
f 1249/236/1 1200/214/415 1244/234/233
f 1212/218/1 1237/232/231 1206/216/230
f 1245/234/1 1206/216/230 1237/232/231
f 1215/220/1 1232/230/416 1213/218/417
f 1238/232/1 1213/218/417 1232/230/416
f 1218/222/1 1234/231/418 1216/220/236
f 1233/230/1 1216/220/236 1234/231/418
f 1221/224/1 1240/233/419 1219/222/420
f 1235/231/1 1219/222/420 1240/233/419
f 1224/226/1 1247/235/421 1222/224/238
f 1241/233/1 1222/224/238 1247/235/421
f 1227/228/1 1252/237/241 1225/226/422
f 1248/235/1 1226/226/423 1253/237/240
f 1189/210/1 1250/236/5 1191/211/17
f 1254/237/1 1192/211/5 1251/236/16
f 1193/211/1 1228/228/424 1198/213/425
f 1231/229/1 1198/213/425 1228/228/424
f 1196/212/1 1203/215/426 1190/210/427
f 1201/214/1 1190/210/427 1203/215/426
f 897/99/1 1180/205/1 888/97/428
f 880/94/1 889/97/428 1181/205/1
f 1171/200/7 1173/201/7 1168/199/7
f 1175/203/7 1168/199/7 1173/201/7
f 1161/196/7 1177/204/7 514/195/7
f 521/202/7 514/195/7 1177/204/7
f 1068/163/1 1150/137/429 474/165/430
f 1152/173/1 474/165/430 1150/137/429
f 1083/173/1 1153/173/431 481/172/432
f 511/172/1 481/172/432 1153/173/431
f 444/135/1 511/172/77 1003/133/429
f 509/136/78 1003/133/429 511/172/77
f 1005/136/1 509/136/433 1008/137/434
f 1151/137/1 1008/137/434 509/136/433
f 956/117/1 1148/192/1 963/119/191
f 1143/191/1 964/119/188 1149/192/1
f 965/119/1 1144/191/1 971/121/194
f 1134/189/1 972/121/194 1145/191/1
f 973/121/1 1135/189/1 974/123/197
f 1132/188/1 975/123/322 1136/189/1
f 947/114/1 1119/184/435 940/112/436
f 1126/186/1 941/112/437 1120/184/438
f 952/115/1 1113/122/308 948/114/307
f 1121/184/1 949/114/308 1114/122/439
f 983/127/7 1127/186/7 982/126/7
f 1129/187/7 982/126/7 1127/186/7
f 976/123/7 1117/123/7 431/122/7
f 1115/122/7 431/122/7 1117/123/7
f 859/87/7 1108/182/7 865/89/7
f 1110/183/7 866/89/7 1109/182/7
f 928/108/1 1111/183/440 931/109/440
f 1104/181/1 932/109/441 1112/183/442
f 933/109/1 1105/181/443 924/107/444
f 1101/179/1 925/107/445 1106/181/446
f 926/107/1 1102/179/447 438/129/448
f 1094/177/1 438/129/448 1102/179/447
f 438/129/1 1095/177/449 990/130/450
f 1091/102/1 990/130/450 1095/177/449
f 902/102/7 1092/102/7 410/101/7
f 487/101/7 410/101/7 1092/102/7
f 1026/143/1 1085/174/451 1030/145/1
f 1089/153/1 1030/145/1 1085/174/451
f 1043/153/7 1090/153/7 464/155/7
f 486/155/7 464/155/7 1090/153/7
f 1055/159/1 486/155/452 1053/158/453
f 1087/175/1 1053/158/453 486/155/452
f 1039/151/7 1088/175/7 1038/150/7
f 1086/174/7 1038/150/7 1088/175/7
f 474/165/1 1084/173/454 473/164/455
f 1081/171/1 473/164/455 1084/173/454
f 473/164/1 1082/171/456 1065/162/457
f 1077/169/1 1065/162/457 1082/171/456
f 1066/162/1 1078/169/310 1058/160/458
f 1074/167/1 1059/160/459 1079/169/313
f 1020/141/1 1075/167/460 1019/140/432
f 1073/166/1 1019/140/432 1075/167/460
f 1009/137/1 1069/163/461 1015/139/462
f 1061/161/1 1016/139/463 1070/163/464
f 1017/139/1 1062/161/465 1021/141/319
f 1060/160/1 1022/141/316 1063/161/466
f 458/149/1 1049/156/467 1040/151/468
f 1054/158/1 1040/151/468 1049/156/467
f 456/147/44 1051/157/469 458/149/46
f 1050/156/1 458/149/46 1051/157/469
f 464/155/1 1056/159/470 1046/154/471
f 1052/157/1 1047/154/472 1057/159/473
f 1033/146/7 1041/152/7 456/147/7
f 1048/154/7 456/147/7 1041/152/7
f 1031/145/1 1044/153/474 1028/144/1
f 1042/152/1 1029/144/1 1045/153/473
f 1004/133/1 1006/136/461 994/131/475
f 1013/138/1 995/131/476 1007/136/464
f 899/100/1 987/128/323 903/102/196
f 991/130/1 904/102/477 988/128/322
f 892/98/1 913/105/478 900/100/479
f 989/128/1 901/100/480 914/105/481
f 886/96/1 905/103/482 893/98/483
f 915/105/1 893/98/483 905/103/482
f 942/112/1 984/127/484 935/110/309
f 979/125/1 935/110/309 984/127/484
f 955/116/7 980/125/7 957/117/7
f 978/124/7 957/117/7 980/125/7
f 867/89/1 929/108/485 863/88/486
f 918/106/1 864/88/21 930/108/487
f 847/80/1 919/106/488 843/78/489
f 908/104/1 843/78/489 919/106/488
f 853/83/1 909/104/187 394/85/490
f 906/103/1 394/85/490 909/104/187
f 876/93/1 883/95/491 881/94/1
f 890/97/1 881/94/1 883/95/491
f 858/86/1 868/90/1 860/87/487
f 401/92/1 861/87/21 869/90/1
f 845/79/1 873/91/1 849/81/492
f 870/90/1 849/81/492 873/91/1
s 0
f 794/461/493 795/462/493 796/463/493
f 797/464/493 796/463/493 795/462/493
f 798/465/494 799/466/494 800/467/494
f 801/468/494 800/467/494 799/466/494
f 802/469/1 803/470/1 804/471/1
f 805/472/1 804/471/1 803/470/1
f 806/473/1 807/474/1 1869/469/1
f 808/470/1 1869/469/1 807/474/1
f 809/475/495 810/476/495 811/477/495
f 812/478/495 811/477/495 810/476/495
f 813/479/496 814/480/496 815/481/496
f 816/482/496 815/481/496 814/480/496
f 817/474/1 1872/470/1 818/473/1
f 819/469/1 818/473/1 1872/470/1
f 820/483/497 821/484/497 822/485/497
f 823/486/497 822/485/497 821/484/497
f 824/487/1 825/488/1 826/489/1
f 827/490/1 826/489/1 825/488/1
f 828/480/498 829/482/498 830/479/498
f 831/481/498 830/479/498 829/482/498
f 832/477/499 833/475/499 834/478/499
f 835/476/499 834/478/499 833/475/499
f 836/462/500 837/464/500 838/461/500
f 839/463/500 838/461/500 837/464/500
f 840/471/1 1906/469/1 841/472/1
f 1881/470/1 841/472/1 1906/469/1
s 1
f 1909/483/1 1859/462/501 1910/484/502
f 1856/461/1 1910/484/502 1859/462/501
f 1870/469/1 1857/461/3 1873/470/1
f 1860/463/1 1874/470/1 1858/461/15
f 1920/489/1 1896/480/503 1915/487/1
f 1894/479/1 1915/487/1 1896/480/503
f 1917/488/1 1926/480/5 1923/490/1
f 1931/479/1 1924/490/1 1927/480/16
f 1939/475/1 1952/471/1 1943/476/504
f 1953/472/1 1943/476/504 1952/471/1
f 1950/463/1 1882/470/1 1947/461/14
f 1907/469/1 1948/461/2 1883/470/1
f 1864/466/1 1945/462/505 1867/468/506
f 1949/461/1 1867/468/506 1945/462/505
f 1913/486/1 1951/463/507 1912/485/508
f 1946/464/1 1912/485/508 1951/463/507
f 1925/490/1 1936/477/3 1921/489/1
f 1941/478/1 1922/489/1 1937/477/14
f 1897/480/1 1942/478/509 1901/482/510
f 1944/476/1 1901/482/510 1942/478/509
f 1938/477/1 1932/479/511 1940/475/512
f 1933/481/1 1940/475/512 1932/479/511
f 1905/473/1 1934/481/5 1903/474/1
f 1929/482/1 1904/474/1 1935/481/17
f 1887/476/1 1930/482/513 1892/478/514
f 1928/480/1 1892/478/514 1930/482/513
f 1893/478/1 1918/488/1 1889/477/15
f 1916/487/1 1890/477/2 1919/488/1
f 1884/470/1 1914/486/19 1871/469/1
f 1911/484/1 1871/469/1 1914/486/19
f 1868/468/1 1908/469/1 1865/467/5
f 1875/470/1 1865/467/5 1908/469/1
f 1891/477/1 1895/479/515 1885/475/516
f 1898/481/1 1885/475/516 1895/479/515
f 1878/473/1 1899/481/6 1879/474/1
f 1902/482/1 1880/474/1 1900/481/16
f 1877/472/1 1888/476/2 1876/471/1
f 1886/475/1 1876/471/1 1888/476/2
f 1862/464/1 1863/465/517 1861/463/518
f 1866/467/1 1861/463/518 1863/465/517
