# Source-author permission confirmed by the user on 2026-07-25.
# Normalized to metres and Z-up; source UVs/material assignments retained.
# Blender 4.2.0
# www.blender.org
mtllib rv_mod_tem_natural_corridor.mtl
o rv_mod_tem_natural_corridor
v -6.545921 -0.945563 0.049387
v -6.593152 -0.904108 0.196292
v -6.593753 0.718572 0.049387
v -6.593753 0.718572 0.049387
v -6.638525 0.674473 0.196292
v -8.543912 -0.960179 0.196292
v -8.589285 0.618402 0.196292
v -10.494672 -1.016249 0.196292
v -10.494672 -1.016249 0.196292
v -10.539443 -1.060348 0.049387
v -10.539443 -1.060348 0.049387
v -10.540045 0.562332 0.196292
v -10.587276 0.603786 0.049387
v -10.587276 0.603786 0.049387
v -1.608580 0.320659 0.049387
v -1.608580 0.320659 0.049387
v -1.657004 0.280604 0.196292
v -1.705068 -1.341364 0.049387
v -1.748530 -1.295974 0.196292
v -3.605289 0.393710 0.196292
v -3.696815 -1.182868 0.196292
v -5.553574 0.506816 0.196292
v -5.597036 0.552206 0.049387
v -5.597036 0.552206 0.049387
v -5.645101 -1.069762 0.196292
v -5.645101 -1.069762 0.196292
v -5.693524 -1.109818 0.049387
v -5.693524 -1.109818 0.049387
v 3.371541 -1.175296 0.049387
v 3.328688 0.488975 0.049387
v 3.328688 0.488975 0.049387
v 3.324434 -1.133700 0.196292
v 3.283784 0.445010 0.196292
v 1.373515 -1.183934 0.196292
v 1.332865 0.394776 0.196292
v -0.577403 -1.234168 0.196292
v -0.577403 -1.234168 0.196292
v -0.618053 0.344541 0.196292
v -0.622307 -1.278133 0.049387
v -0.622307 -1.278133 0.049387
v -0.665160 0.386137 0.049387
v -0.665160 0.386137 0.049387
v 8.399717 0.351515 0.049387
v 8.399717 0.351515 0.049387
v 8.351906 0.310731 0.196292
v 8.328416 -1.311779 0.049387
v 8.284271 -1.267053 0.196292
v 6.402132 0.394313 0.196292
v 6.334496 -1.183471 0.196292
v 4.452357 0.477894 0.196292
v 4.408211 0.522620 0.049387
v 4.408211 0.522620 0.049387
v 4.384721 -1.099890 0.196292
v 4.384721 -1.099890 0.196292
v 4.336910 -1.140674 0.049387
v 4.336910 -1.140674 0.049387
v 13.298744 -0.749515 0.049387
v 13.245893 -0.715515 0.196292
v 13.004913 0.889172 0.049387
v 13.004913 0.889172 0.049387
v 12.967168 0.838927 0.196292
v 11.324965 -1.059954 0.196292
v 11.046239 0.494487 0.196292
v 9.404036 -1.404395 0.196292
v 9.404036 -1.404395 0.196292
v 9.366290 -1.454640 0.049387
v 9.366290 -1.454640 0.049387
v 9.125310 0.150047 0.196292
v 9.072459 0.184048 0.049387
v 9.072459 0.184048 0.049387
v -8.427680 1.619946 3.187995
v -8.427680 1.619946 3.187995
v -8.427680 1.619946 3.187995
v -8.440323 1.632686 3.163012
v -8.440323 1.632686 3.163012
v -8.440323 1.632686 3.163012
v -8.420020 1.636171 3.163007
v -8.420020 1.636171 3.163007
v -8.420020 1.636171 3.163007
v -8.471660 1.805896 3.295726
v -8.471660 1.805896 3.295726
v -8.460139 1.808382 3.295999
v -8.460139 1.808382 3.295999
v -8.460139 1.808382 3.295999
v -8.460159 1.808537 3.323941
v -8.460159 1.808537 3.323941
v -8.460159 1.808537 3.323941
v -8.460159 1.808537 3.323941
v -8.448449 1.809880 3.295720
v -8.448449 1.809880 3.295720
v -8.477361 1.839138 3.316164
v -8.477361 1.839138 3.316164
v -8.465840 1.841624 3.316438
v -8.465840 1.841624 3.316438
v -8.465840 1.841624 3.316438
v -8.465840 1.841624 3.316438
v -8.454150 1.843122 3.316159
v -8.454150 1.843122 3.316159
v -8.588976 1.868846 3.021791
v -8.588976 1.868846 3.021791
v -8.588976 1.868846 3.021791
v -8.595478 1.906915 3.156921
v -8.595478 1.906915 3.156921
v -8.360011 1.908147 3.021737
v -8.360011 1.908147 3.021737
v -8.360011 1.908147 3.021737
v -8.609337 1.920784 3.004051
v -8.609337 1.920784 3.004051
v -8.609337 1.920784 3.004051
v -8.609337 1.920784 3.004051
v -8.561906 1.923031 3.151777
v -8.561906 1.923031 3.151777
v -8.548764 1.925795 3.152050
v -8.548764 1.925795 3.152050
v -8.598421 1.944682 3.045602
v -8.366513 1.946215 3.156867
v -8.366513 1.946215 3.156867
v -8.415862 1.948607 3.152018
v -8.415862 1.948607 3.152018
v -8.402440 1.950402 3.151739
v -8.402440 1.950402 3.151739
v -8.561170 1.958431 3.170921
v -8.561170 1.958431 3.170921
v -8.561170 1.958431 3.170921
v -8.358143 1.963899 3.003991
v -8.358143 1.963899 3.003991
v -8.358143 1.963899 3.003991
v -8.358143 1.963899 3.003991
v -8.376384 1.982793 3.045549
v -8.414986 1.983523 3.170887
v -8.414986 1.983523 3.170887
v -8.414986 1.983523 3.170887
v -8.730335 1.994608 2.977064
v -8.730335 1.994608 2.977064
v -8.730335 1.994608 2.977064
v -8.642780 1.995493 3.279558
v -8.642780 1.995493 3.279558
v -8.642780 1.995493 3.279558
v -8.642780 1.995493 3.279558
v -8.705376 2.009938 3.021748
v -8.705376 2.009938 3.021748
v -8.599581 2.026462 3.286352
v -8.599581 2.026462 3.286352
v -8.599581 2.026462 3.286352
v -8.351399 2.045506 3.279489
v -8.351399 2.045506 3.279489
v -8.351399 2.045506 3.279489
v -8.351399 2.045506 3.279489
v -8.604453 2.054983 3.386217
v -8.604453 2.054983 3.386217
v -8.604453 2.054983 3.386217
v -8.402451 2.060299 3.286305
v -8.402451 2.060299 3.286305
v -8.402451 2.060299 3.286305
v -8.268701 2.073845 2.976954
v -8.268701 2.073845 2.976954
v -8.268701 2.073845 2.976954
v -8.297323 2.079978 3.021651
v -8.297323 2.079978 3.021651
v -8.407323 2.088820 3.386171
v -8.407323 2.088820 3.386171
v -8.407323 2.088820 3.386171
v -8.529161 2.091101 3.472084
v -8.529161 2.091101 3.472084
v -8.529963 2.095600 3.350176
v -8.529963 2.095600 3.350176
v -8.488990 2.097996 3.472075
v -8.488990 2.097996 3.472075
v -8.489791 2.102495 3.350166
v -8.489791 2.102495 3.350166
v -8.512890 2.116803 3.496710
v -8.512890 2.116803 3.496710
v -8.726483 2.132861 2.985612
v -8.754214 2.133673 2.936183
v -8.754214 2.133673 2.936183
v -8.754214 2.133673 2.936183
v -8.518409 2.148971 3.504418
v -8.518409 2.148971 3.504418
v -8.519565 2.155496 3.353160
v -8.519565 2.155496 3.353160
v -8.627081 2.186760 3.347479
v -8.627081 2.186760 3.347479
v -8.627081 2.186760 3.347479
v -8.677311 2.193961 3.221192
v -8.677311 2.193961 3.221192
v -8.677311 2.193961 3.221192
v -8.677311 2.193961 3.221192
v -8.677311 2.193961 3.221192
v -8.318430 2.202901 2.985515
v -8.318430 2.202901 2.985515
v -8.292580 2.212910 2.936074
v -8.292580 2.212910 2.936074
v -8.292580 2.212910 2.936074
v -8.292580 2.212910 2.936074
v -8.429951 2.220596 3.347432
v -8.429951 2.220596 3.347432
v -8.429951 2.220596 3.347432
v -8.647422 2.230045 2.961713
v -8.664772 2.243619 2.909146
v -8.664772 2.243619 2.909146
v -8.385055 2.244126 3.221123
v -8.385055 2.244126 3.221123
v -8.385055 2.244126 3.221123
v -8.385055 2.244126 3.221123
v -8.385055 2.244126 3.221123
v -8.425385 2.268157 2.961661
v -8.413578 2.286735 2.909087
v -8.413578 2.286735 2.909087
v -8.676295 3.069573 4.053055
v -8.676295 3.069573 4.053055
v -8.688939 3.082313 4.028072
v -8.688939 3.082313 4.028072
v -8.668635 3.085798 4.028068
v -8.668635 3.085798 4.028068
v 4.075649 -3.904639 4.121110
v 4.075649 -3.904639 4.121110
v 4.055050 -3.904514 4.121238
v 4.055050 -3.904514 4.121238
v 4.065595 -3.889315 4.145816
v 4.065595 -3.889315 4.145816
v 4.191257 -3.100428 2.982748
v 4.191257 -3.100428 2.982748
v 3.936399 -3.098884 2.984331
v 3.936399 -3.098884 2.984331
v 4.176896 -3.082830 3.035023
v 3.951620 -3.081465 3.036422
v 4.214345 -3.046625 3.293501
v 4.214345 -3.046625 3.293501
v 4.214345 -3.046625 3.293501
v 4.214345 -3.046625 3.293501
v 4.214345 -3.046625 3.293501
v 3.917826 -3.044829 3.295343
v 3.917826 -3.044829 3.295343
v 3.917826 -3.044829 3.295343
v 3.917826 -3.044829 3.295343
v 3.917826 -3.044829 3.295343
v 4.166982 -3.027859 3.419707
v 4.166982 -3.027859 3.419707
v 4.166982 -3.027859 3.419707
v 3.966976 -3.026648 3.420949
v 3.966976 -3.026648 3.420949
v 3.966976 -3.026648 3.420949
v 4.298735 -3.007253 3.006958
v 4.298735 -3.007253 3.006958
v 4.298735 -3.007253 3.006958
v 3.830366 -3.004417 3.009867
v 3.830366 -3.004417 3.009867
v 3.830366 -3.004417 3.009867
v 3.830366 -3.004417 3.009867
v 4.271899 -3.000471 3.056422
v 3.857894 -2.997963 3.058994
v 3.857894 -2.997963 3.058994
v 4.066636 -2.978131 3.424915
v 4.066636 -2.978131 3.424915
v 4.067636 -2.968054 3.575979
v 4.067636 -2.968054 3.575979
v 4.067780 -2.935601 3.567528
v 4.067780 -2.935601 3.567528
v 4.087335 -2.921064 3.420491
v 4.087335 -2.921064 3.420491
v 4.046577 -2.920818 3.420744
v 4.046577 -2.920818 3.420744
v 4.088136 -2.913714 3.542261
v 4.088136 -2.913714 3.542261
v 4.047378 -2.913467 3.542514
v 4.047378 -2.913467 3.542514
v 4.168018 -2.893307 3.455378
v 4.168018 -2.893307 3.455378
v 4.168018 -2.893307 3.455378
v 3.968013 -2.892095 3.456620
v 3.968013 -2.892095 3.456620
v 3.968013 -2.892095 3.456620
v 4.272866 -2.874959 3.089697
v 4.272866 -2.874959 3.089697
v 3.858861 -2.872451 3.092268
v 3.858861 -2.872451 3.092268
v 4.167556 -2.866660 3.354879
v 4.167556 -2.866660 3.354879
v 4.167556 -2.866660 3.354879
v 3.967550 -2.865449 3.356122
v 3.967550 -2.865449 3.356122
v 3.967550 -2.865449 3.356122
v 4.299829 -2.865260 3.044601
v 4.299829 -2.865260 3.044601
v 4.299829 -2.865260 3.044601
v 3.831460 -2.862423 3.047511
v 3.831460 -2.862423 3.047511
v 3.831460 -2.862423 3.047511
v 4.215462 -2.843896 3.347249
v 4.215462 -2.843896 3.347249
v 4.215462 -2.843896 3.347249
v 4.215462 -2.843896 3.347249
v 3.919832 -2.842106 3.349085
v 3.919832 -2.842106 3.349085
v 3.919832 -2.842106 3.349085
v 3.919832 -2.842106 3.349085
v 4.140882 -2.795607 3.237970
v 4.140882 -2.795607 3.237970
v 4.140882 -2.795607 3.237970
v 3.992567 -2.794709 3.238891
v 3.992567 -2.794709 3.238891
v 3.992567 -2.794709 3.238891
v 4.179140 -2.791456 3.112268
v 3.953864 -2.790092 3.113668
v 4.193796 -2.770793 3.070137
v 4.193796 -2.770793 3.070137
v 4.193796 -2.770793 3.070137
v 4.193796 -2.770793 3.070137
v 3.938938 -2.769249 3.071720
v 3.938938 -2.769249 3.071720
v 3.938938 -2.769249 3.071720
v 3.938938 -2.769249 3.071720
v 4.134256 -2.761742 3.218363
v 4.134256 -2.761742 3.218363
v 4.147676 -2.761328 3.217992
v 4.147676 -2.761328 3.217992
v 3.999416 -2.760925 3.219201
v 3.999416 -2.760925 3.219201
v 3.985885 -2.760348 3.218997
v 3.985885 -2.760348 3.218997
v 4.183584 -2.751226 3.222671
v 4.183584 -2.751226 3.222671
v 3.951280 -2.749820 3.224114
v 3.951280 -2.749820 3.224114
v 4.182954 -2.715702 3.086697
v 4.182954 -2.715702 3.086697
v 4.182954 -2.715702 3.086697
v 3.950651 -2.714295 3.088140
v 3.950651 -2.714295 3.088140
v 3.950651 -2.714295 3.088140
v 4.068425 -2.660622 3.380923
v 4.068425 -2.660622 3.380923
v 4.068425 -2.660622 3.380923
v 4.068425 -2.660622 3.380923
v 4.080201 -2.660199 3.380562
v 4.080201 -2.660199 3.380562
v 4.056652 -2.660056 3.380708
v 4.056652 -2.660056 3.380708
v 4.068494 -2.627371 3.359719
v 4.068494 -2.627371 3.359719
v 4.068494 -2.627371 3.359719
v 4.080270 -2.626947 3.359358
v 4.080270 -2.626947 3.359358
v 4.068671 -2.626889 3.387656
v 4.068671 -2.626889 3.387656
v 4.068671 -2.626889 3.387656
v 4.068671 -2.626889 3.387656
v 4.056721 -2.626804 3.359504
v 4.056721 -2.626804 3.359504
v 4.078855 -2.454001 3.222668
v 4.078855 -2.454001 3.222668
v 4.078855 -2.454001 3.222668
v 4.058255 -2.453876 3.222796
v 4.058255 -2.453876 3.222796
v 4.058255 -2.453876 3.222796
v 4.068800 -2.438677 3.247374
v 4.068800 -2.438677 3.247374
v 4.068800 -2.438677 3.247374
v -6.545921 -0.945563 0.049387
v -6.593152 -0.904108 0.196292
v -6.593152 -0.904108 0.196292
v -6.593753 0.718572 0.049387
v -6.638525 0.674473 0.196292
v -6.638525 0.674473 0.196292
v -8.543912 -0.960179 0.196292
v -8.543912 -0.960179 0.196292
v -8.589285 0.618402 0.196292
v -8.589285 0.618402 0.196292
v -10.494672 -1.016249 0.196292
v -10.539443 -1.060348 0.049387
v -10.540045 0.562332 0.196292
v -10.540045 0.562332 0.196292
v -10.587276 0.603786 0.049387
v -1.608580 0.320659 0.049387
v -1.657004 0.280604 0.196292
v -1.657004 0.280604 0.196292
v -1.705068 -1.341364 0.049387
v -1.748530 -1.295974 0.196292
v -1.748530 -1.295974 0.196292
v -3.605289 0.393710 0.196292
v -3.605289 0.393710 0.196292
v -3.696815 -1.182868 0.196292
v -3.696815 -1.182868 0.196292
v -5.553574 0.506816 0.196292
v -5.553574 0.506816 0.196292
v -5.597036 0.552206 0.049387
v -5.645101 -1.069762 0.196292
v -5.693524 -1.109818 0.049387
v 3.371541 -1.175296 0.049387
v 3.328688 0.488975 0.049387
v 3.324434 -1.133700 0.196292
v 3.324434 -1.133700 0.196292
v 3.283784 0.445010 0.196292
v 3.283784 0.445010 0.196292
v 1.373515 -1.183934 0.196292
v 1.373515 -1.183934 0.196292
v 1.332865 0.394776 0.196292
v 1.332865 0.394776 0.196292
v -0.577403 -1.234168 0.196292
v -0.618053 0.344541 0.196292
v -0.618053 0.344541 0.196292
v -0.622307 -1.278133 0.049387
v -0.665160 0.386137 0.049387
v 8.399717 0.351515 0.049387
v 8.351906 0.310731 0.196292
v 8.351906 0.310731 0.196292
v 8.328416 -1.311779 0.049387
v 8.284271 -1.267053 0.196292
v 8.284271 -1.267053 0.196292
v 6.402132 0.394313 0.196292
v 6.402132 0.394313 0.196292
v 6.334496 -1.183471 0.196292
v 6.334496 -1.183471 0.196292
v 4.452357 0.477894 0.196292
v 4.452357 0.477894 0.196292
v 4.408211 0.522620 0.049387
v 4.384721 -1.099890 0.196292
v 4.336910 -1.140674 0.049387
v 13.298744 -0.749515 0.049387
v 13.245893 -0.715515 0.196292
v 13.245893 -0.715515 0.196292
v 13.004913 0.889172 0.049387
v 12.967168 0.838927 0.196292
v 12.967168 0.838927 0.196292
v 11.324965 -1.059954 0.196292
v 11.324965 -1.059954 0.196292
v 11.046239 0.494487 0.196292
v 11.046239 0.494487 0.196292
v 9.404036 -1.404395 0.196292
v 9.366290 -1.454640 0.049387
v 9.125310 0.150047 0.196292
v 9.125310 0.150047 0.196292
v 9.072459 0.184048 0.049387
v -8.297323 2.079978 3.021651
v -8.318430 2.202901 2.985515
v -8.376384 1.982793 3.045549
v -8.425385 2.268157 2.961661
v -8.598421 1.944682 3.045602
v -8.647422 2.230045 2.961713
v -8.705376 2.009938 3.021748
v -8.726483 2.132861 2.985612
v 4.272866 -2.874959 3.089697
v 4.271899 -3.000471 3.056422
v 4.179140 -2.791456 3.112268
v 4.176896 -3.082830 3.035023
v 3.953864 -2.790092 3.113668
v 3.951620 -3.081465 3.036422
v 3.858861 -2.872451 3.092268
v 3.857894 -2.997963 3.058994
v 6.112854 3.722831 4.584782
v 6.112854 3.722831 4.584782
v 6.103490 3.580846 4.683537
v 6.103490 3.580846 4.683537
v 5.984566 3.705704 4.699885
v 5.984566 3.705704 4.699885
v 5.443572 3.297600 3.986877
v 5.443572 3.297600 3.986877
v 5.432269 3.454879 3.915214
v 5.432269 3.454879 3.915214
v 5.390925 3.432493 4.081916
v 5.390925 3.432493 4.081916
v 4.750945 3.092909 3.530448
v 4.750945 3.092909 3.530448
v 4.750945 3.092909 3.530448
v 4.750945 3.092909 3.530448
v 4.743055 3.222580 3.645004
v 4.743055 3.222580 3.645004
v 4.743055 3.222580 3.645004
v 4.743055 3.222580 3.645004
v 4.737824 3.256556 3.475244
v 4.737824 3.256556 3.475244
v 4.737824 3.256556 3.475244
v 4.737824 3.256556 3.475244
v 3.873382 2.976780 3.400452
v 3.873382 2.976780 3.400452
v 3.873382 2.976780 3.400452
v 3.873382 2.976780 3.400452
v 3.865561 3.105765 3.516047
v 3.865561 3.105765 3.516047
v 3.865561 3.105765 3.516047
v 3.865561 3.105765 3.516047
v 3.860261 3.140427 3.345248
v 3.860261 3.140427 3.345248
v 3.860261 3.140427 3.345248
v 3.860261 3.140427 3.345248
v 2.997348 2.903075 3.567402
v 2.997348 2.903075 3.567402
v 2.997348 2.903075 3.567402
v 2.997348 2.903075 3.567402
v 2.989754 3.029720 3.686317
v 2.989754 3.029720 3.686317
v 2.989754 3.029720 3.686317
v 2.989754 3.029720 3.686317
v 2.984227 3.066723 3.512198
v 2.984227 3.066723 3.512198
v 2.984227 3.066723 3.512198
v 2.984227 3.066723 3.512198
v 2.118706 2.918968 3.992999
v 2.118706 2.918968 3.992999
v 2.118706 2.918968 3.992999
v 2.118706 2.918968 3.992999
v 2.110816 3.048640 4.107555
v 2.110816 3.048640 4.107555
v 2.110816 3.048640 4.107555
v 2.110816 3.048640 4.107555
v 2.105585 3.082615 3.937795
v 2.105585 3.082615 3.937795
v 2.105585 3.082615 3.937795
v 2.105585 3.082615 3.937795
v 1.239650 2.752376 3.530308
v 1.239650 2.752376 3.530308
v 1.239650 2.752376 3.530308
v 1.239650 2.752376 3.530308
v 1.232111 2.878475 3.650129
v 1.232111 2.878475 3.650129
v 1.232111 2.878475 3.650129
v 1.232111 2.878475 3.650129
v 1.226529 2.916023 3.475105
v 1.226529 2.916023 3.475105
v 1.226529 2.916023 3.475105
v 1.226529 2.916023 3.475105
v 0.358791 2.653403 3.273284
v 0.358791 2.653403 3.273284
v 0.358791 2.653403 3.273284
v 0.358791 2.653403 3.273284
v 0.350962 2.782495 3.388944
v 0.350962 2.782495 3.388944
v 0.350962 2.782495 3.388944
v 0.350962 2.782495 3.388944
v 0.345670 2.817050 3.218081
v 0.345670 2.817050 3.218081
v 0.345670 2.817050 3.218081
v 0.345670 2.817050 3.218081
v -0.520478 2.596551 3.315652
v -0.520478 2.596551 3.315652
v -0.520478 2.596551 3.315652
v -0.520478 2.596551 3.315652
v -0.528301 2.725400 3.430485
v -0.528301 2.725400 3.430485
v -0.528301 2.725400 3.430485
v -0.528301 2.725400 3.430485
v -0.533599 2.760198 3.260448
v -0.533599 2.760198 3.260448
v -0.533599 2.760198 3.260448
v -0.533599 2.760198 3.260448
v -1.398316 2.580724 3.642115
v -1.398316 2.580724 3.642115
v -1.398316 2.580724 3.642115
v -1.398316 2.580724 3.642115
v -1.406015 2.708012 3.757474
v -1.406015 2.708012 3.757474
v -1.406015 2.708012 3.757474
v -1.406015 2.708012 3.757474
v -1.411437 2.744371 3.586911
v -1.411437 2.744371 3.586911
v -1.411437 2.744371 3.586911
v -1.411437 2.744371 3.586911
v -2.276783 2.572644 3.965555
v -2.276783 2.572644 3.965555
v -2.276783 2.572644 3.965555
v -2.276783 2.572644 3.965555
v -2.284672 2.702316 4.080111
v -2.284672 2.702316 4.080111
v -2.284672 2.702316 4.080111
v -2.284672 2.702316 4.080111
v -2.289904 2.736291 3.910352
v -2.289904 2.736291 3.910352
v -2.289904 2.736291 3.910352
v -2.289904 2.736291 3.910352
v -3.152770 2.396568 3.651793
v -3.152770 2.396568 3.651793
v -3.152770 2.396568 3.651793
v -3.152770 2.396568 3.651793
v -3.160660 2.526239 3.766349
v -3.160660 2.526239 3.766349
v -3.160660 2.526239 3.766349
v -3.160660 2.526239 3.766349
v -3.165891 2.560215 3.596590
v -3.165891 2.560215 3.596590
v -3.165891 2.560215 3.596590
v -3.165891 2.560215 3.596590
v -4.035735 2.399254 3.742096
v -4.035735 2.399254 3.742096
v -4.035735 2.399254 3.742096
v -4.035735 2.399254 3.742096
v -4.043624 2.528925 3.856652
v -4.043624 2.528925 3.856652
v -4.043624 2.528925 3.856652
v -4.043624 2.528925 3.856652
v -4.048856 2.562901 3.686892
v -4.048856 2.562901 3.686892
v -4.048856 2.562901 3.686892
v -4.048856 2.562901 3.686892
v -4.921090 2.464537 3.977222
v -4.921090 2.464537 3.977222
v -4.921090 2.464537 3.977222
v -4.921090 2.464537 3.977222
v -4.929023 2.594754 4.091594
v -4.929023 2.594754 4.091594
v -4.929023 2.594754 4.091594
v -4.929023 2.594754 4.091594
v -4.934211 2.628184 3.922019
v -4.934211 2.628184 3.922019
v -4.934211 2.628184 3.922019
v -4.934211 2.628184 3.922019
v -5.796943 2.277549 3.620408
v -5.796943 2.277549 3.620408
v -5.796943 2.277549 3.620408
v -5.796943 2.277549 3.620408
v -5.804832 2.407220 3.734964
v -5.804832 2.407220 3.734964
v -5.804832 2.407220 3.734964
v -5.804832 2.407220 3.734964
v -5.810064 2.441196 3.565205
v -5.810064 2.441196 3.565205
v -5.810064 2.441196 3.565205
v -5.810064 2.441196 3.565205
v -6.675672 2.200178 3.599905
v -6.675672 2.200178 3.599905
v -6.675672 2.200178 3.599905
v -6.675672 2.200178 3.599905
v -6.683561 2.329849 3.714461
v -6.683561 2.329849 3.714461
v -6.683561 2.329849 3.714461
v -6.683561 2.329849 3.714461
v -6.688793 2.363825 3.544702
v -6.688793 2.363825 3.544702
v -6.688793 2.363825 3.544702
v -6.688793 2.363825 3.544702
v -7.556619 2.200116 3.804600
v -7.556619 2.200116 3.804600
v -7.556619 2.200116 3.804600
v -7.556619 2.200116 3.804600
v -7.564606 2.331005 3.918745
v -7.564606 2.331005 3.918745
v -7.564606 2.331005 3.918745
v -7.564606 2.331005 3.918745
v -7.569722 2.363542 3.749471
v -7.569722 2.363542 3.749471
v -7.569722 2.363542 3.749471
v -7.569722 2.363542 3.749471
v -8.429273 2.385299 4.127175
v -8.429273 2.385299 4.127175
v -8.429273 2.385299 4.127175
v -8.429273 2.385299 4.127175
v -8.452404 2.250445 4.019130
v -8.452404 2.250445 4.019130
v -8.452404 2.250445 4.019130
v -8.452404 2.250445 4.019130
v -8.463271 2.412163 3.961072
v -8.463271 2.412163 3.961072
v -8.463271 2.412163 3.961072
v -8.463271 2.412163 3.961072
v -9.212885 2.373442 4.613915
v -9.212885 2.373442 4.613915
v -9.212885 2.373442 4.613915
v -9.212885 2.373442 4.613915
v -9.278961 2.240946 4.524033
v -9.278961 2.240946 4.524033
v -9.278961 2.240946 4.524033
v -9.278961 2.240946 4.524033
v -9.288015 2.401805 4.460452
v -9.288015 2.401805 4.460452
v -9.288015 2.401805 4.460452
v -9.288015 2.401805 4.460452
v -10.161880 2.581870 5.692714
v -10.161880 2.581870 5.692714
v -10.296498 2.469627 5.690379
v -10.296498 2.469627 5.690379
v -10.308186 2.625569 5.613928
v -10.308186 2.625569 5.613928
v 6.680949 3.690377 5.187059
v 6.680949 3.690377 5.187059
v 6.667892 3.852938 5.131793
v 6.667892 3.852938 5.131793
v 6.548788 3.790199 5.239134
v 6.548788 3.790199 5.239134
v 6.110384 3.277798 4.108336
v 6.110384 3.277798 4.108336
v 6.110384 3.277798 4.108336
v 6.110384 3.277798 4.108336
v 6.097335 3.440362 4.053076
v 6.097335 3.440362 4.053076
v 6.097335 3.440362 4.053076
v 6.097335 3.440362 4.053076
v 6.031786 3.397563 4.206425
v 6.031786 3.397563 4.206425
v 6.031786 3.397563 4.206425
v 6.031786 3.397563 4.206425
v 5.650630 3.098161 3.688516
v 5.650630 3.098161 3.688516
v 5.637584 3.260726 3.633257
v 5.637584 3.260726 3.633257
v 5.601954 3.224090 3.797673
v 5.601954 3.224090 3.797673
v 4.758972 2.943761 3.350375
v 4.758972 2.943761 3.350375
v 4.758972 2.943761 3.350375
v 4.758972 2.943761 3.350375
v 4.751502 3.068885 3.469915
v 4.751502 3.068885 3.469915
v 4.751502 3.068885 3.469915
v 4.751502 3.068885 3.469915
v 4.746130 3.103717 3.295289
v 4.746130 3.103717 3.295289
v 4.746130 3.103717 3.295289
v 4.746130 3.103717 3.295289
v 3.876825 2.872340 3.142151
v 3.876825 2.872340 3.142151
v 3.876825 2.872340 3.142151
v 3.876825 2.872340 3.142151
v 3.869263 2.998250 3.259619
v 3.869263 2.998250 3.259619
v 3.869263 2.998250 3.259619
v 3.869263 2.998250 3.259619
v 3.863716 3.035468 3.085267
v 3.863716 3.035468 3.085267
v 3.863716 3.035468 3.085267
v 3.863716 3.035468 3.085267
v 3.002475 2.783762 3.345162
v 3.002475 2.783762 3.345162
v 3.002475 2.783762 3.345162
v 3.002475 2.783762 3.345162
v 2.995325 2.905234 3.467699
v 2.995325 2.905234 3.467699
v 2.995325 2.905234 3.467699
v 2.995325 2.905234 3.467699
v 2.989645 2.943466 3.289688
v 2.989645 2.943466 3.289688
v 2.989645 2.943466 3.289688
v 2.989645 2.943466 3.289688
v 2.123557 2.808387 3.794599
v 2.123557 2.808387 3.794599
v 2.123557 2.808387 3.794599
v 2.123557 2.808387 3.794599
v 2.115578 2.939113 3.908514
v 2.115578 2.939113 3.908514
v 2.115578 2.939113 3.908514
v 2.115578 2.939113 3.908514
v 2.110519 2.970916 3.739360
v 2.110519 2.970916 3.739360
v 2.110519 2.970916 3.739360
v 2.110519 2.970916 3.739360
v 1.236765 2.731718 3.268371
v 1.236765 2.731718 3.268371
v 1.236765 2.731718 3.268371
v 1.236765 2.731718 3.268371
v 1.229800 2.851123 3.392794
v 1.229800 2.851123 3.392794
v 1.229800 2.851123 3.392794
v 1.229800 2.851123 3.392794
v 1.223651 2.894919 3.211499
v 1.223651 2.894919 3.211499
v 1.223651 2.894919 3.211499
v 1.223651 2.894919 3.211499
v 0.347980 2.724163 2.942887
v 0.347980 2.724163 2.942887
v 0.347980 2.724163 2.942887
v 0.347980 2.724163 2.942887
v 0.340267 2.851875 3.059302
v 0.340267 2.851875 3.059302
v 0.340267 2.851875 3.059302
v 0.340267 2.851875 3.059302
v 0.334869 2.887477 2.886702
v 0.334869 2.887477 2.886702
v 0.334869 2.887477 2.886702
v 0.334869 2.887477 2.886702
v -0.531584 2.671265 2.985280
v -0.531584 2.671265 2.985280
v -0.531584 2.671265 2.985280
v -0.531584 2.671265 2.985280
v -0.539488 2.801424 3.101227
v -0.539488 2.801424 3.101227
v -0.539488 2.801424 3.101227
v -0.539488 2.801424 3.101227
v -0.544701 2.834778 2.929679
v -0.544701 2.834778 2.929679
v -0.544701 2.834778 2.929679
v -0.544701 2.834778 2.929679
v -1.412423 2.714061 3.399274
v -1.412423 2.714061 3.399274
v -1.412423 2.714061 3.399274
v -1.412423 2.714061 3.399274
v -1.420246 2.843885 3.518713
v -1.420246 2.843885 3.518713
v -1.420246 2.843885 3.518713
v -1.420246 2.843885 3.518713
v -1.425540 2.877574 3.343673
v -1.425540 2.877574 3.343673
v -1.425540 2.877574 3.343673
v -1.425540 2.877574 3.343673
v -2.293288 2.753741 3.796887
v -2.293288 2.753741 3.796887
v -2.293288 2.753741 3.796887
v -2.293288 2.753741 3.796887
v -2.301203 2.883689 3.911129
v -2.301203 2.883689 3.911129
v -2.301203 2.883689 3.911129
v -2.301203 2.883689 3.911129
v -2.306406 2.917254 3.741287
v -2.306406 2.917254 3.741287
v -2.306406 2.917254 3.741287
v -2.306406 2.917254 3.741287
v -3.169773 2.566834 3.400594
v -3.169773 2.566834 3.400594
v -3.169773 2.566834 3.400594
v -3.169773 2.566834 3.400594
v -3.177494 2.695680 3.521878
v -3.177494 2.695680 3.521878
v -3.177494 2.695680 3.521878
v -3.177494 2.695680 3.521878
v -3.182899 2.730404 3.344695
v -3.182899 2.730404 3.344695
v -3.182899 2.730404 3.344695
v -3.182899 2.730404 3.344695
v -4.040227 2.411220 3.532831
v -4.040227 2.411220 3.532831
v -4.040227 2.411220 3.532831
v -4.040227 2.411220 3.532831
v -4.047673 2.536309 3.653721
v -4.047673 2.536309 3.653721
v -4.047673 2.536309 3.653721
v -4.047673 2.536309 3.653721
v -4.053346 2.574788 3.477393
v -4.053346 2.574788 3.477393
v -4.053346 2.574788 3.477393
v -4.053346 2.574788 3.477393
v -4.912250 2.317205 3.857084
v -4.912250 2.317205 3.857084
v -4.912250 2.317205 3.857084
v -4.912250 2.317205 3.857084
v -4.920245 2.448714 3.973645
v -4.920245 2.448714 3.973645
v -4.920245 2.448714 3.973645
v -4.920245 2.448714 3.973645
v -4.925295 2.479763 3.801490
v -4.925295 2.479763 3.801490
v -4.925295 2.479763 3.801490
v -4.925295 2.479763 3.801490
v -5.790495 2.135577 3.374532
v -5.790495 2.135577 3.374532
v -5.790495 2.135577 3.374532
v -5.790495 2.135577 3.374532
v -5.797618 2.257032 3.498672
v -5.797618 2.257032 3.498672
v -5.797618 2.257032 3.498672
v -5.797618 2.257032 3.498672
v -5.803489 2.297575 3.319560
v -5.803489 2.297575 3.319560
v -5.803489 2.297575 3.319560
v -5.803489 2.297575 3.319560
v -6.674412 2.109903 3.270729
v -6.674412 2.109903 3.270729
v -6.674412 2.109903 3.270729
v -6.674412 2.109903 3.270729
v -6.682291 2.239519 3.385725
v -6.682291 2.239519 3.385725
v -6.682291 2.239519 3.385725
v -6.682291 2.239519 3.385725
v -6.687529 2.273348 3.214823
v -6.687529 2.273348 3.214823
v -6.687529 2.273348 3.214823
v -6.687529 2.273348 3.214823
v -7.557345 2.148982 3.534973
v -7.557345 2.148982 3.534973
v -7.557345 2.148982 3.534973
v -7.557345 2.148982 3.534973
v -7.565444 2.282015 3.652167
v -7.565444 2.282015 3.652167
v -7.565444 2.282015 3.652167
v -7.565444 2.282015 3.652167
v -7.570221 2.309513 3.480506
v -7.570221 2.309513 3.480506
v -7.570221 2.309513 3.480506
v -7.570221 2.309513 3.480506
v -8.433372 2.370143 3.961703
v -8.433372 2.370143 3.961703
v -8.433372 2.370143 3.961703
v -8.433372 2.370143 3.961703
v -8.452165 2.237776 3.848939
v -8.452165 2.237776 3.848939
v -8.452165 2.237776 3.848939
v -8.452165 2.237776 3.848939
v -8.465261 2.400335 3.793361
v -8.465261 2.400335 3.793361
v -8.465261 2.400335 3.793361
v -8.465261 2.400335 3.793361
v -9.521668 2.698377 4.749968
v -9.521668 2.698377 4.749968
v -9.521668 2.698377 4.749968
v -9.521668 2.698377 4.749968
v -9.641991 2.575887 4.705412
v -9.641991 2.575887 4.705412
v -9.641991 2.575887 4.705412
v -9.641991 2.575887 4.705412
v -9.654982 2.734728 4.651236
v -9.654982 2.734728 4.651236
v -9.654982 2.734728 4.651236
v -9.654982 2.734728 4.651236
v -10.397933 3.008341 5.994813
v -10.397933 3.008341 5.994813
v -10.535035 2.900218 5.984693
v -10.535035 2.900218 5.984693
v -10.550879 3.063894 5.933262
v -10.550879 3.063894 5.933262
v 11.108738 -3.377603 4.592971
v 11.108738 -3.377603 4.592971
v 11.105905 -3.539719 4.529649
v 11.105905 -3.539719 4.529649
v 10.969007 -3.481051 4.615317
v 10.969007 -3.481051 4.615317
v 10.013279 -3.185311 3.492502
v 10.013279 -3.185311 3.492502
v 10.013279 -3.185311 3.492502
v 10.013279 -3.185311 3.492502
v 10.008610 -3.351103 3.442591
v 10.008610 -3.351103 3.442591
v 10.008610 -3.351103 3.442591
v 10.008610 -3.351103 3.442591
v 9.947810 -3.305797 3.598318
v 9.947810 -3.305797 3.598318
v 9.947810 -3.305797 3.598318
v 9.947810 -3.305797 3.598318
v 9.149069 -3.186992 3.055062
v 9.149069 -3.186992 3.055062
v 9.149069 -3.186992 3.055062
v 9.149069 -3.186992 3.055062
v 9.146608 -3.353294 3.010573
v 9.146608 -3.353294 3.010573
v 9.146608 -3.353294 3.010573
v 9.146608 -3.353294 3.010573
v 9.127695 -3.310892 3.175837
v 9.127695 -3.310892 3.175837
v 9.127695 -3.310892 3.175837
v 9.127695 -3.310892 3.175837
v 8.253035 -3.222475 3.030272
v 8.253035 -3.222475 3.030272
v 8.253035 -3.222475 3.030272
v 8.253035 -3.222475 3.030272
v 8.242730 -3.101167 2.906163
v 8.242730 -3.101167 2.906163
v 8.242730 -3.101167 2.906163
v 8.242730 -3.101167 2.906163
v 8.242643 -3.269060 2.864560
v 8.242643 -3.269060 2.864560
v 8.242643 -3.269060 2.864560
v 8.242643 -3.269060 2.864560
v 7.359597 -3.185606 2.894683
v 7.359597 -3.185606 2.894683
v 7.359597 -3.185606 2.894683
v 7.359597 -3.185606 2.894683
v 7.349293 -3.065548 2.770265
v 7.349293 -3.065548 2.770265
v 7.349293 -3.065548 2.770265
v 7.349293 -3.065548 2.770265
v 7.349206 -3.233668 2.728605
v 7.349206 -3.233668 2.728605
v 7.349206 -3.233668 2.728605
v 7.349206 -3.233668 2.728605
v 6.482585 -3.208522 2.989000
v 6.482585 -3.208522 2.989000
v 6.482585 -3.208522 2.989000
v 6.482585 -3.208522 2.989000
v 6.472281 -3.088464 2.864581
v 6.472281 -3.088464 2.864581
v 6.472281 -3.088464 2.864581
v 6.472281 -3.088464 2.864581
v 6.472194 -3.256584 2.822921
v 6.472194 -3.256584 2.822921
v 6.472194 -3.256584 2.822921
v 6.472194 -3.256584 2.822921
v 5.629977 -3.313583 3.426511
v 5.629977 -3.313583 3.426511
v 5.629977 -3.313583 3.426511
v 5.629977 -3.313583 3.426511
v 5.619672 -3.192965 3.302231
v 5.619672 -3.192965 3.302231
v 5.619672 -3.192965 3.302231
v 5.619672 -3.192965 3.302231
v 5.619585 -3.361085 3.260571
v 5.619585 -3.361085 3.260571
v 5.619585 -3.361085 3.260571
v 5.619585 -3.361085 3.260571
v 4.733136 -3.214634 3.255198
v 4.733136 -3.214634 3.255198
v 4.733136 -3.214634 3.255198
v 4.733136 -3.214634 3.255198
v 4.722831 -3.094577 3.130780
v 4.722831 -3.094577 3.130780
v 4.722831 -3.094577 3.130780
v 4.722831 -3.094577 3.130780
v 4.722744 -3.262697 3.089120
v 4.722744 -3.262697 3.089120
v 4.722744 -3.262697 3.089120
v 4.722744 -3.262697 3.089120
v 3.847135 -3.166760 3.232841
v 3.847135 -3.166760 3.232841
v 3.847135 -3.166760 3.232841
v 3.847135 -3.166760 3.232841
v 3.836831 -3.046703 3.108422
v 3.836831 -3.046703 3.108422
v 3.836831 -3.046703 3.108422
v 3.836831 -3.046703 3.108422
v 3.836743 -3.214823 3.066763
v 3.836743 -3.214823 3.066763
v 3.836743 -3.214823 3.066763
v 3.836743 -3.214823 3.066763
v 2.991470 -3.263936 3.626792
v 2.991470 -3.263936 3.626792
v 2.991470 -3.263936 3.626792
v 2.991470 -3.263936 3.626792
v 2.981166 -3.143878 3.502374
v 2.981166 -3.143878 3.502374
v 2.981166 -3.143878 3.502374
v 2.981166 -3.143878 3.502374
v 2.981078 -3.311999 3.460714
v 2.981078 -3.311999 3.460714
v 2.981078 -3.311999 3.460714
v 2.981078 -3.311999 3.460714
v 2.090425 -3.243751 3.374055
v 2.090425 -3.243751 3.374055
v 2.090425 -3.243751 3.374055
v 2.090425 -3.243751 3.374055
v 2.080119 -3.126142 3.249029
v 2.080119 -3.126142 3.249029
v 2.080119 -3.126142 3.249029
v 2.080119 -3.126142 3.249029
v 2.080032 -3.294262 3.207370
v 2.080032 -3.294262 3.207370
v 2.080032 -3.294262 3.207370
v 2.080032 -3.294262 3.207370
v 1.189347 -3.235612 3.117934
v 1.189347 -3.235612 3.117934
v 1.189347 -3.235612 3.117934
v 1.189347 -3.235612 3.117934
v 1.179042 -3.116399 2.993306
v 1.179042 -3.116399 2.993306
v 1.179042 -3.116399 2.993306
v 1.179042 -3.116399 2.993306
v 1.178955 -3.284519 2.951646
v 1.178955 -3.284519 2.951646
v 1.178955 -3.284519 2.951646
v 1.178955 -3.284519 2.951646
v 0.307832 -3.243423 3.148907
v 0.307832 -3.243423 3.148907
v 0.307832 -3.243423 3.148907
v 0.307832 -3.243423 3.148907
v 0.297467 -3.124037 3.023438
v 0.297467 -3.124037 3.023438
v 0.297467 -3.124037 3.023438
v 0.297467 -3.124037 3.023438
v 0.297380 -3.292157 2.981778
v 0.297380 -3.292157 2.981778
v 0.297380 -3.292157 2.981778
v 0.297380 -3.292157 2.981778
v -0.553007 -3.264929 3.484090
v -0.553007 -3.264929 3.484090
v -0.553007 -3.264929 3.484090
v -0.553007 -3.264929 3.484090
v -0.563579 -3.148879 3.354724
v -0.563579 -3.148879 3.354724
v -0.563579 -3.148879 3.354724
v -0.563579 -3.148879 3.354724
v -0.563666 -3.317000 3.313065
v -0.563666 -3.317000 3.313065
v -0.563666 -3.317000 3.313065
v -0.563666 -3.317000 3.313065
v -1.399385 -3.344255 4.020438
v -1.399385 -3.344255 4.020438
v -1.399385 -3.344255 4.020438
v -1.399385 -3.344255 4.020438
v -1.409689 -3.224198 3.896019
v -1.409689 -3.224198 3.896019
v -1.409689 -3.224198 3.896019
v -1.409689 -3.224198 3.896019
v -1.409776 -3.392318 3.854360
v -1.409776 -3.392318 3.854360
v -1.409776 -3.392318 3.854360
v -1.409776 -3.392318 3.854360
v -2.307422 -3.307667 3.667649
v -2.307422 -3.307667 3.667649
v -2.307422 -3.307667 3.667649
v -2.307422 -3.307667 3.667649
v -2.317947 -3.190998 3.539140
v -2.317947 -3.190998 3.539140
v -2.317947 -3.190998 3.539140
v -2.317947 -3.190998 3.539140
v -2.318034 -3.359118 3.497480
v -2.318034 -3.359118 3.497480
v -2.318034 -3.359118 3.497480
v -2.318034 -3.359118 3.497480
v -3.196965 -3.345117 3.572133
v -3.196965 -3.345117 3.572133
v -3.196965 -3.345117 3.572133
v -3.196965 -3.345117 3.572133
v -3.207322 -3.225832 3.446736
v -3.207322 -3.225832 3.446736
v -3.207322 -3.225832 3.446736
v -3.207322 -3.225832 3.446736
v -3.207410 -3.393952 3.405077
v -3.207410 -3.393952 3.405077
v -3.207410 -3.393952 3.405077
v -3.207410 -3.393952 3.405077
v -4.066019 -3.398435 3.777499
v -4.066019 -3.398435 3.777499
v -4.066019 -3.398435 3.777499
v -4.066019 -3.398435 3.777499
v -4.076323 -3.278377 3.653081
v -4.076323 -3.278377 3.653081
v -4.076323 -3.278377 3.653081
v -4.076323 -3.278377 3.653081
v -4.076410 -3.446498 3.611421
v -4.076410 -3.446498 3.611421
v -4.076410 -3.446498 3.611421
v -4.076410 -3.446498 3.611421
v -4.686420 -3.532746 4.279249
v -4.686420 -3.532746 4.279249
v -4.739408 -3.403223 4.177190
v -4.739408 -3.403223 4.177190
v -4.742306 -3.566252 4.118768
v -4.742306 -3.566252 4.118768
v -5.241477 -3.718382 4.962177
v -5.241477 -3.718382 4.962177
v -5.354565 -3.588425 4.944221
v -5.354565 -3.588425 4.944221
v -5.379425 -3.737234 4.859146
v -5.379425 -3.737234 4.859146
v 11.347859 -3.963294 4.835447
v 11.347859 -3.963294 4.835447
v 11.344902 -3.795202 4.873160
v 11.344902 -3.795202 4.873160
v 11.203564 -3.893713 4.903305
v 11.203564 -3.893713 4.903305
v 10.369382 -3.690930 3.601360
v 10.369382 -3.690930 3.601360
v 10.369382 -3.690930 3.601360
v 10.369382 -3.690930 3.601360
v 10.369232 -3.527585 3.642012
v 10.369232 -3.527585 3.642012
v 10.369232 -3.527585 3.642012
v 10.369232 -3.527585 3.642012
v 10.246634 -3.638474 3.706352
v 10.246634 -3.638474 3.706352
v 10.246634 -3.638474 3.706352
v 10.246634 -3.638474 3.706352
v 9.133253 -3.192802 2.852184
v 9.133253 -3.192802 2.852184
v 9.133253 -3.192802 2.852184
v 9.133253 -3.192802 2.852184
v 9.133198 -3.359970 2.810463
v 9.133198 -3.359970 2.810463
v 9.133198 -3.359970 2.810463
v 9.133198 -3.359970 2.810463
v 9.116729 -3.313798 2.977389
v 9.116729 -3.313798 2.977389
v 9.116729 -3.313798 2.977389
v 9.116729 -3.313798 2.977389
v 8.232383 -3.200581 2.728406
v 8.232383 -3.200581 2.728406
v 8.232383 -3.200581 2.728406
v 8.232383 -3.200581 2.728406
v 8.221818 -3.077694 2.600794
v 8.221818 -3.077694 2.600794
v 8.221818 -3.077694 2.600794
v 8.221818 -3.077694 2.600794
v 8.221740 -3.242738 2.560013
v 8.221740 -3.242738 2.560013
v 8.221740 -3.242738 2.560013
v 8.221740 -3.242738 2.560013
v 7.333976 -3.128198 2.527445
v 7.333976 -3.128198 2.527445
v 7.333976 -3.128198 2.527445
v 7.333976 -3.128198 2.527445
v 7.323630 -3.008536 2.402303
v 7.323630 -3.008536 2.402303
v 7.323630 -3.008536 2.402303
v 7.323630 -3.008536 2.402303
v 7.323521 -3.176615 2.360334
v 7.323521 -3.176615 2.360334
v 7.323521 -3.176615 2.360334
v 7.323521 -3.176615 2.360334
v 6.461717 -3.083319 2.708713
v 6.461717 -3.083319 2.708713
v 6.461717 -3.083319 2.708713
v 6.461717 -3.083319 2.708713
v 6.450949 -2.972593 2.575160
v 6.450949 -2.972593 2.575160
v 6.450949 -2.972593 2.575160
v 6.450949 -2.972593 2.575160
v 6.450870 -3.139145 2.533999
v 6.450870 -3.139145 2.533999
v 6.450870 -3.139145 2.533999
v 6.450870 -3.139145 2.533999
v 5.616947 -3.181483 3.264459
v 5.616947 -3.181483 3.264459
v 5.616947 -3.181483 3.264459
v 5.616947 -3.181483 3.264459
v 5.606457 -3.060064 3.137603
v 5.606457 -3.060064 3.137603
v 5.606457 -3.060064 3.137603
v 5.606457 -3.060064 3.137603
v 5.606349 -3.227229 3.095870
v 5.606349 -3.227229 3.095870
v 5.606349 -3.227229 3.095870
v 5.606349 -3.227229 3.095870
v 4.717866 -3.243648 3.021159
v 4.717866 -3.243648 3.021159
v 4.717866 -3.243648 3.021159
v 4.717866 -3.243648 3.021159
v 4.707232 -3.129012 2.890534
v 4.707232 -3.129012 2.890534
v 4.707232 -3.129012 2.890534
v 4.707232 -3.129012 2.890534
v 4.707157 -3.297174 2.849041
v 4.707157 -3.297174 2.849041
v 4.707157 -3.297174 2.849041
v 4.707157 -3.297174 2.849041
v 3.832661 -3.361436 2.970851
v 3.832661 -3.361436 2.970851
v 3.832661 -3.361436 2.970851
v 3.832661 -3.361436 2.970851
v 3.821919 -3.243080 2.839521
v 3.821919 -3.243080 2.839521
v 3.821919 -3.243080 2.839521
v 3.821919 -3.243080 2.839521
v 3.821814 -3.411283 2.797569
v 3.821814 -3.411283 2.797569
v 3.821814 -3.411283 2.797569
v 3.821814 -3.411283 2.797569
v 2.982198 -3.463262 3.441055
v 2.982198 -3.463262 3.441055
v 2.982198 -3.463262 3.441055
v 2.982198 -3.463262 3.441055
v 2.971894 -3.343204 3.316637
v 2.971894 -3.343204 3.316637
v 2.971894 -3.343204 3.316637
v 2.971894 -3.343204 3.316637
v 2.971807 -3.511325 3.274977
v 2.971807 -3.511325 3.274977
v 2.971807 -3.511325 3.274977
v 2.971807 -3.511325 3.274977
v 2.075602 -3.404344 3.115062
v 2.075602 -3.404344 3.115062
v 2.075602 -3.404344 3.115062
v 2.075602 -3.404344 3.115062
v 2.064960 -3.284855 2.985485
v 2.064960 -3.284855 2.985485
v 2.064960 -3.284855 2.985485
v 2.064960 -3.284855 2.985485
v 2.064873 -3.452975 2.943826
v 2.064873 -3.452975 2.943826
v 2.064873 -3.452975 2.943826
v 2.064873 -3.452975 2.943826
v 1.167307 -3.344916 2.763919
v 1.167307 -3.344916 2.763919
v 1.167307 -3.344916 2.763919
v 1.167307 -3.344916 2.763919
v 1.156886 -3.224792 2.637787
v 1.156886 -3.224792 2.637787
v 1.156886 -3.224792 2.637787
v 1.156886 -3.224792 2.637787
v 1.156799 -3.392912 2.596128
v 1.156799 -3.392912 2.596128
v 1.156799 -3.392912 2.596128
v 1.156799 -3.392912 2.596128
v 0.285622 -3.346191 2.793941
v 0.285622 -3.346191 2.793941
v 0.285622 -3.346191 2.793941
v 0.285622 -3.346191 2.793941
v 0.275224 -3.228552 2.667548
v 0.275224 -3.228552 2.667548
v 0.275224 -3.228552 2.667548
v 0.275224 -3.228552 2.667548
v 0.275094 -3.396524 2.625291
v 0.275094 -3.396524 2.625291
v 0.275094 -3.396524 2.625291
v 0.275094 -3.396524 2.625291
v -0.572594 -3.264198 3.192977
v -0.572594 -3.264198 3.192977
v -0.572594 -3.264198 3.192977
v -0.572594 -3.264198 3.192977
v -0.583336 -3.155544 3.059313
v -0.583336 -3.155544 3.059313
v -0.583336 -3.155544 3.059313
v -0.583336 -3.155544 3.059313
v -0.583513 -3.323461 3.016364
v -0.583513 -3.323461 3.016364
v -0.583513 -3.323461 3.016364
v -0.583513 -3.323461 3.016364
v -1.416949 -3.255280 3.780597
v -1.416949 -3.255280 3.780597
v -1.416949 -3.255280 3.780597
v -1.416949 -3.255280 3.780597
v -1.427249 -3.134416 3.656438
v -1.427249 -3.134416 3.656438
v -1.427249 -3.134416 3.656438
v -1.427249 -3.134416 3.656438
v -1.427334 -3.301522 3.615056
v -1.427334 -3.301522 3.615056
v -1.427334 -3.301522 3.615056
v -1.427334 -3.301522 3.615056
v -2.326585 -3.206421 3.406974
v -2.326585 -3.206421 3.406974
v -2.326585 -3.206421 3.406974
v -2.326585 -3.206421 3.406974
v -2.337249 -3.095540 3.275012
v -2.337249 -3.095540 3.275012
v -2.337249 -3.095540 3.275012
v -2.337249 -3.095540 3.275012
v -2.337410 -3.259845 3.233162
v -2.337410 -3.259845 3.233162
v -2.337410 -3.259845 3.233162
v -2.337410 -3.259845 3.233162
v -3.218225 -3.264434 3.275333
v -3.218225 -3.264434 3.275333
v -3.218225 -3.264434 3.275333
v -3.218225 -3.264434 3.275333
v -3.228653 -3.148686 3.148043
v -3.228653 -3.148686 3.148043
v -3.228653 -3.148686 3.148043
v -3.228653 -3.148686 3.148043
v -3.228832 -3.316532 3.105074
v -3.228832 -3.316532 3.105074
v -3.228832 -3.316532 3.105074
v -3.228832 -3.316532 3.105074
v -4.082956 -3.264301 3.557823
v -4.082956 -3.264301 3.557823
v -4.082956 -3.264301 3.557823
v -4.082956 -3.264301 3.557823
v -4.093503 -3.149516 3.428537
v -4.093503 -3.149516 3.428537
v -4.093503 -3.149516 3.428537
v -4.093503 -3.149516 3.428537
v -4.093633 -3.314039 3.387093
v -4.093633 -3.314039 3.387093
v -4.093633 -3.314039 3.387093
v -4.093633 -3.314039 3.387093
v -4.910967 -3.340243 3.962065
v -4.910967 -3.340243 3.962065
v -4.961639 -3.221322 3.846166
v -4.961639 -3.221322 3.846166
v -4.961720 -3.388466 3.804767
v -4.961720 -3.388466 3.804767
v -5.314720 -3.452581 4.416258
v -5.314720 -3.452581 4.416258
v -5.314720 -3.452581 4.416258
v -5.314720 -3.452581 4.416258
v -5.394600 -3.337070 4.314184
v -5.394600 -3.337070 4.314184
v -5.394600 -3.337070 4.314184
v -5.394600 -3.337070 4.314184
v -5.394677 -3.504214 4.272783
v -5.394677 -3.504214 4.272783
v -5.394677 -3.504214 4.272783
v -5.394677 -3.504214 4.272783
v -5.766100 -3.724926 5.516270
v -5.766100 -3.724926 5.516270
v -5.896605 -3.622165 5.465756
v -5.896605 -3.622165 5.465756
v -5.896675 -3.789308 5.424349
v -5.896675 -3.789308 5.424349
v 10.456043 2.721267 0.803150
v 10.383836 3.004163 2.071874
v 10.343654 1.344645 4.829136
v 10.189089 1.871117 0.137466
v 9.943067 2.649361 3.852460
v 9.883296 -3.330033 3.979551
v 9.861944 -2.423609 0.137466
v 9.778152 -3.675306 3.219505
v 9.759458 -3.039713 4.618630
v 9.745853 -3.172688 1.661151
v 9.359739 2.898490 0.834154
v 9.321441 -2.029466 5.160470
v 9.001298 3.223463 2.101131
v 8.905929 -3.885390 3.367487
v 8.900517 2.167250 0.137466
v 8.594251 3.321273 0.878187
v 8.435842 -3.826171 2.252508
v 8.294924 3.186827 3.553474
v 8.170764 2.323888 4.745230
v 8.009079 3.662272 2.128096
v 7.864697 -3.649781 1.073571
v 7.244046 -2.897214 0.137466
v 7.153924 -2.505446 5.841831
v 7.096098 1.427827 6.211950
v 6.876388 -4.264508 3.634537
v 6.657143 2.476768 5.452239
v 6.563790 3.652725 2.230063
v 6.524064 3.829791 4.000391
v 6.503269 3.422466 0.933714
v 6.432404 2.088532 0.137466
v 6.420499 -3.486966 4.971364
v 5.874950 -1.175079 5.876361
v 5.448347 -2.868570 0.137466
v 5.172087 3.697438 2.326104
v 5.056209 -3.811334 3.099640
v 4.973650 -2.778810 5.841885
v 4.902330 3.409350 1.158844
v 4.746316 -3.096822 4.760930
v 4.680121 1.220053 5.371181
v 4.664508 2.032146 0.137466
v 4.541330 3.475728 2.381782
v 4.507680 2.829822 1.232069
v 4.507680 2.829822 1.232069
v 4.227412 -3.542266 2.585569
v 4.077505 -2.846703 0.137466
v 3.792678 -0.885669 5.120223
v 3.776920 3.034253 0.970581
v 3.448289 2.528038 4.513954
v 3.329152 2.206127 0.137466
v 3.207330 -2.274582 4.422136
v 3.172947 -2.684170 4.022823
v 3.157794 -2.832032 0.137466
v 3.092178 -3.369699 2.868067
v 2.429135 -3.500258 3.584907
v 1.926040 -3.886708 2.397635
v 1.784459 3.604270 2.595708
v 1.778103 2.286823 0.137466
v 1.758084 -0.091291 6.016262
v 1.342571 -4.078012 3.023709
v 1.270850 3.097504 1.017951
v 1.244303 -2.701751 5.228825
v 0.758482 3.606869 2.556618
v 0.643894 -4.648155 1.746089
v 0.546403 -3.513471 0.137466
v 0.544472 -4.666490 2.900557
v 0.511669 -3.273913 5.360338
v 0.356252 -5.192888 0.953691
v 0.193785 -2.529592 6.237368
v 0.004075 -5.693857 0.974751
v 0.004075 -5.693857 0.974751
v -0.001543 -5.552094 1.725607
v -0.001543 -5.552094 1.725607
v -0.037220 -5.162184 2.863508
v -0.037220 -5.162184 2.863508
v -0.112252 -5.249608 0.137466
v -0.112252 -5.249608 0.137466
v -0.209145 2.874785 5.073628
v -0.231820 3.135431 1.046354
v -0.293675 3.609535 2.516530
v -0.333166 3.666719 3.705848
v -0.354346 2.397768 0.137466
v -0.440379 -4.500791 4.084933
v -0.440379 -4.500791 4.084933
v -0.440379 -4.500791 4.084933
v -0.516971 -0.046513 6.392611
v -1.106129 -5.059651 2.833575
v -1.106129 -5.059651 2.833575
v -1.149370 -5.713401 1.005060
v -1.378685 3.422083 2.758672
v -1.550040 -4.366359 3.108701
v -1.550040 -4.366359 3.108701
v -1.637111 -5.459196 1.701953
v -1.637111 -5.459196 1.701953
v -1.860332 -3.799504 4.053363
v -1.968328 -2.941756 0.137466
v -1.968328 -2.941756 0.137466
v -1.973497 2.748737 4.577663
v -1.982566 -4.813217 0.137466
v -1.982566 -4.813217 0.137466
v -1.982566 -4.813217 0.137466
v -1.995542 2.983742 1.342282
v -2.012761 -4.969189 0.953382
v -2.012761 -4.969189 0.953382
v -2.281849 -3.968244 2.158722
v -2.281849 -3.968244 2.158722
v -2.281849 -3.968244 2.158722
v -2.305509 2.253730 0.137466
v -2.312486 -2.249471 0.137466
v -2.312486 -2.249471 0.137466
v -2.408347 -4.175618 1.058496
v -2.408347 -4.175618 1.058496
v -2.488789 -3.336751 1.111324
v -2.488789 -3.336751 1.111324
v -2.492012 3.248876 2.982414
v -2.875655 -2.641740 4.654448
v -2.944799 -3.576582 2.429292
v -2.944799 -3.576582 2.429292
v -2.996448 -2.915141 1.184721
v -2.996448 -2.915141 1.184721
v -3.461685 1.883720 4.413227
v -3.521931 2.993782 1.602242
v -3.521931 2.993782 1.602242
v -3.594782 -3.329411 3.472372
v -3.679115 -1.224623 5.130191
v -3.721514 -2.176814 0.137466
v -3.943924 3.523231 1.564963
v -3.943924 3.523231 1.564963
v -3.954246 -2.925980 1.244353
v -4.052930 4.591547 0.526776
v -4.052930 4.591547 0.526776
v -4.091473 4.863389 1.781316
v -4.096755 -3.462614 2.513472
v -4.113514 2.979989 3.127132
v -4.113514 2.979989 3.127132
v -4.155545 2.398189 0.137466
v -4.155545 2.398189 0.137466
v -4.155545 2.398189 0.137466
v -4.267135 4.836112 0.131135
v -4.267135 4.836112 0.131135
v -4.267135 4.836112 0.131135
v -4.323449 3.643915 2.845876
v -4.323449 3.643915 2.845876
v -4.329332 5.078357 1.699033
v -4.329332 5.078357 1.699033
v -4.416030 3.318439 0.137466
v -4.428215 1.927782 4.446206
v -4.501491 5.057225 2.709671
v -4.585038 -3.002206 4.531569
v -5.017317 -3.266609 1.252919
v -5.080948 3.429523 4.235007
v -5.080948 3.429523 4.235007
v -5.086911 -3.621364 3.764777
v -5.091119 -2.522139 0.137466
v -5.437315 -3.810561 2.647568
v -5.529391 4.437214 3.377837
v -5.529391 4.437214 3.377837
v -5.531867 1.334717 5.742189
v -5.534171 4.053492 3.735376
v -5.534171 4.053492 3.735376
v -5.534171 4.053492 3.735376
v -5.773482 5.713401 2.589783
v -5.773482 5.713401 2.589783
v -5.773482 5.713401 2.589783
v -6.442730 -3.141642 5.046782
v -6.468722 3.532662 3.287282
v -6.468722 3.532662 3.287282
v -6.469330 -3.890467 4.043736
v -6.563389 -3.808419 1.237378
v -6.566396 2.396020 5.445981
v -6.579952 4.276323 0.137466
v -6.579952 4.276323 0.137466
v -6.588769 -4.048691 2.645900
v -6.686811 -2.819457 0.137466
v -6.773339 4.403442 1.429227
v -6.797357 1.459765 6.321683
v -7.126706 3.428110 1.925756
v -7.126706 3.428110 1.925756
v -7.256257 2.517344 0.137466
v -7.256257 2.517344 0.137466
v -7.340554 3.077051 3.417072
v -7.740734 -3.913815 2.577269
v -8.084058 3.150413 2.282848
v -8.561969 -3.715715 1.206904
v -8.712685 -2.643713 0.137466
v -8.714275 1.161250 5.623722
v -9.502382 2.569824 3.902139
v -9.538092 2.926191 2.324344
v -9.742616 1.970130 0.137466
v -10.018912 -2.611222 4.359722
v -10.030217 -2.447018 0.137466
v -10.207122 1.797859 4.906619
v -10.611872 -3.271396 2.841286
v -10.611872 -3.271396 2.841286
v -10.864224 2.959127 2.334160
v -10.864224 2.959127 2.334160
v -10.869806 -3.235188 1.382249
v -10.869806 -3.235188 1.382249
v -11.588787 2.599071 4.526884
v -11.588787 2.599071 4.526884
v -11.689644 3.235455 2.586961
v -11.689644 3.235455 2.586961
v -11.746362 -3.484990 1.458582
v -11.746362 -3.484990 1.458582
v -11.815971 2.969700 1.313169
v -11.891665 -1.818174 5.694767
v -11.891665 -1.818174 5.694767
v -11.978609 2.078005 0.137466
v -11.978609 2.078005 0.137466
v -11.980536 -2.746156 0.137466
v -11.980536 -2.746156 0.137466
v -11.991202 -3.238240 4.491746
v -11.991202 -3.238240 4.491746
v -12.078526 -3.714278 3.081293
v -12.078526 -3.714278 3.081293
v -12.209402 1.306837 5.419780
v -12.209402 1.306837 5.419780
v -12.526706 -3.044374 5.647444
v -12.526706 -3.044374 5.647444
v -14.373622 1.790838 6.360474
v -14.373622 -5.520210 5.154408
v -14.373622 3.509985 6.383978
v -14.373622 4.191899 1.408089
v -14.373622 -2.863309 6.923610
v -14.373622 2.946703 0.000000
v -14.373622 -4.733958 5.904288
v -14.373622 4.610257 3.547162
v -14.373622 4.096121 5.233189
v -14.373622 -3.631012 0.000000
v -14.373622 -5.266843 1.590866
v 14.373622 -5.217472 1.916582
v 14.373622 3.731523 6.236415
v 14.373622 1.958422 6.425078
v 14.373622 -4.298651 5.097347
v 14.373622 -5.563660 4.372548
v 14.373622 4.125069 1.208653
v 14.373622 4.616417 3.020765
v 14.373622 -2.618716 5.944726
v 14.373622 4.755736 5.303565
v 14.373622 -3.631012 0.022267
v 14.373622 2.946703 0.022267
v 14.373622 -3.631012 0.022267
v 14.373622 2.946703 0.022267
v 12.174567 1.545718 5.498689
v 11.856258 3.281511 2.200735
v 11.846507 1.775888 0.137466
v 11.846507 -1.232061 0.137466
v 11.846507 1.775888 0.137466
v 11.846507 -2.839972 0.137466
v 11.846507 -1.232061 0.137466
v 11.846507 -2.839972 0.137466
v 11.846507 1.775888 0.137466
v 11.846507 -2.839972 0.137466
v 11.842336 2.967865 0.827561
v 11.727447 2.958174 4.197336
v 11.723350 -1.128230 5.288992
v 11.647960 -3.996824 3.310752
v 11.542653 -3.276275 4.632255
v 11.180641 -2.112988 5.338699
v 11.045506 -3.774141 1.656126
v 10.475229 -3.795170 3.253522
v 10.456043 2.721267 0.803150
v 10.383836 3.004163 2.071874
v 10.343654 1.344645 4.829136
v 10.189089 1.871117 0.137466
v 10.189089 1.871117 0.137466
v 10.013484 -0.434208 0.137466
v 9.943067 2.649361 3.852460
v 9.883296 -3.330033 3.979551
v 9.861944 -2.423609 0.137466
v 9.861944 -2.423609 0.137466
v 9.778152 -3.675306 3.219505
v 9.759458 -3.039713 4.618630
v 9.745853 -3.172688 1.661151
v 9.321441 -2.029466 5.160470
v 8.905929 -3.885390 3.367487
v 8.900517 2.167250 0.137466
v 7.589805 -1.342188 0.137466
v 7.244046 -2.897214 0.137466
v 6.432404 2.088532 0.137466
v 5.448347 -2.868570 0.137466
v 5.101405 -0.699420 0.137466
v 4.664508 2.032146 0.137466
v 4.077505 -2.846703 0.137466
v 3.805915 -0.739679 0.137466
v 3.329152 2.206127 0.137466
v 3.226193 -0.820994 0.137466
v 3.157794 -2.832032 0.137466
v 1.778103 2.286823 0.137466
v 0.827019 0.611631 0.137466
v 0.546403 -3.513471 0.137466
v -0.112252 -5.249608 0.137466
v -0.354346 2.397768 0.137466
v -1.016923 0.205769 0.137466
v -1.968328 -2.941756 0.137466
v -1.982566 -4.813217 0.137466
v -2.305509 2.253730 0.137466
v -2.312486 -2.249471 0.137466
v -3.721514 -2.176814 0.137466
v -4.155545 2.398189 0.137466
v -4.267135 4.836112 0.131135
v -4.416030 3.318439 0.137466
v -4.416030 3.318439 0.137466
v -5.091119 -2.522139 0.137466
v -5.634733 -1.256846 0.137466
v -6.579952 4.276323 0.137466
v -6.686811 -2.819457 0.137466
v -7.256257 2.517344 0.137466
v -7.256257 2.517344 0.137466
v -7.356643 -0.852909 0.137466
v -8.410226 0.393671 0.137466
v -8.650046 -1.620175 0.137466
v -8.712685 -2.643713 0.137466
v -9.189229 0.151639 0.137466
v -9.742616 1.970130 0.137466
v -9.860518 0.159332 0.137466
v -10.030217 -2.447018 0.137466
v -11.978609 2.078005 0.137466
v -11.980536 -2.746156 0.137466
v -14.373622 -3.631012 0.000000
v -14.373622 2.946703 0.000000
vn -0.9539 -0.0274 0.2989
vn 0.9539 0.0274 0.2989
vn -0.0276 0.9597 0.2797
vn 0.0276 -0.9597 0.2797
vn -0.9527 0.0553 0.2989
vn 0.9527 -0.0553 0.2989
vn 0.0556 0.9585 0.2797
vn -0.0556 -0.9585 0.2797
vn -0.9540 -0.0246 0.2989
vn 0.9540 0.0246 0.2989
vn -0.0247 0.9598 0.2797
vn 0.0247 -0.9598 0.2797
vn -0.9534 0.0409 0.2989
vn 0.9534 -0.0409 0.2989
vn 0.0411 0.9592 0.2797
vn -0.0411 -0.9592 0.2797
vn -0.9393 -0.1684 0.2989
vn 0.9393 0.1684 0.2989
vn -0.1695 0.9450 0.2797
vn 0.1695 -0.9450 0.2797
vn 0.9575 -0.0079 0.2884
vn -0.0859 0.4996 -0.8620
vn -0.0860 0.4996 -0.8620
vn -0.8999 -0.3267 0.2888
vn -0.6603 -0.5900 -0.4647
vn -0.4613 -0.5343 -0.7083
vn -0.1337 -0.9246 -0.3567
vn -0.0463 -0.6638 -0.7465
vn 0.4342 -0.8271 -0.3569
vn 0.2647 -0.6104 -0.7466
vn 0.8190 -0.3360 -0.4650
vn 0.6128 -0.3499 -0.7085
vn 0.7541 0.3646 -0.5463
vn 0.5829 0.1622 -0.7962
vn 0.9796 0.1022 0.1730
vn 0.9856 0.1691 -0.0001
vn 0.5026 0.7556 0.4200
vn 0.6696 -0.2038 0.7142
vn 0.5028 0.7556 0.4199
vn 0.6698 -0.2037 0.7140
vn 0.6934 -0.2776 0.6649
vn -0.5632 -0.4154 0.7143
vn -0.5608 -0.4929 0.6652
vn -0.7258 0.5447 0.4201
vn 0.5029 0.7554 0.4200
vn -0.7258 0.5445 0.4203
vn -0.1679 0.9782 0.1225
vn -0.0469 0.2743 0.9605
vn 0.5029 0.7555 0.4200
vn 0.1815 0.9764 0.1167
vn -0.7258 0.5446 0.4203
vn -0.4967 0.8600 0.1169
vn -0.9346 0.3016 0.1887
vn 0.7807 0.5958 0.1884
vn 0.9500 -0.1990 0.2407
vn 0.6933 -0.2776 0.6650
vn 0.9192 -0.3798 0.1040
vn -0.6604 -0.5899 -0.4647
vn -0.6040 -0.0416 -0.7959
vn -0.8327 0.0923 -0.5459
vn -0.7256 0.5448 0.4203
vn -0.9346 0.3014 0.1888
vn -0.5608 -0.4928 0.6653
vn -0.8291 -0.5044 0.2411
vn -0.7397 -0.6651 0.1024
vn -0.9575 -0.2303 0.1734
vn -0.9856 -0.1693 0.0003
vn -0.5631 -0.4153 0.7145
vn -0.9849 0.1726 0.0141
vn -0.9849 0.1727 0.0140
vn -0.9105 -0.0608 0.4090
vn -0.5044 -0.6902 0.5189
vn 0.0773 -0.4480 0.8907
vn 0.8788 0.2464 0.4086
vn 0.7060 -0.4824 0.5186
vn 0.8710 0.4911 0.0135
vn 0.7060 -0.4823 0.5186
vn -0.5045 -0.6901 0.5189
vn 0.1690 -0.9849 -0.0375
vn -0.8327 0.0925 -0.5459
vn -0.4649 0.7112 -0.5274
vn -0.4649 0.7111 -0.5274
vn 0.2009 0.8254 -0.5275
vn 0.7539 0.3649 -0.5463
vn 0.1625 -0.9466 0.2783
vn 0.1626 -0.9466 0.2783
vn 0.6698 -0.2037 0.7141
vn -0.5631 -0.4153 0.7144
vn 0.6934 -0.2775 0.6650
vn -0.5609 -0.4928 0.6653
vn 0.1510 -0.8789 0.4525
vn 0.1627 -0.9476 0.2748
vn -0.5607 -0.4928 0.6654
vn -0.7399 -0.6648 0.1024
vn -0.8886 -0.4571 0.0391
vn -0.8886 -0.4570 0.0391
vn -0.9665 0.0735 -0.2460
vn -0.9667 0.0730 -0.2453
vn 0.6932 -0.2776 0.6651
vn 0.9901 -0.1346 0.0387
vn 0.9193 -0.3800 0.1020
vn 0.9902 -0.1345 0.0387
vn -0.9064 -0.2583 0.3343
vn -0.8776 -0.3191 0.3578
vn -0.8444 -0.3782 0.3795
vn 0.9406 0.0592 0.3344
vn 0.9338 -0.0079 0.3577
vn 0.9223 -0.0749 0.3791
vn 0.0800 -0.7261 -0.6829
vn 0.1480 -0.8625 -0.4840
vn 0.1342 -0.9214 -0.3646
vn 0.1692 -0.9856 0.0056
vn 0.8866 0.3911 -0.2470
vn 0.8866 0.3910 -0.2470
vn 0.1665 -0.7113 -0.6829
vn 0.1666 -0.7112 -0.6829
vn 0.1808 -0.9134 -0.3647
vn 0.0520 -0.3045 -0.9511
vn -0.0594 0.4931 0.8679
vn -0.0984 0.5742 0.8128
vn -0.0367 0.2150 0.9759
vn -0.1080 0.4847 0.8680
vn 0.0769 -0.4480 0.8907
vn 0.0771 -0.4480 0.8907
vn 0.1457 -0.8496 -0.5070
vn -0.1081 0.4850 0.8678
vn -0.0985 0.5744 0.8126
vn -0.1697 0.7113 0.6821
vn -0.0984 0.5744 0.8126
vn -0.0595 0.4934 0.8678
vn -0.0769 0.7272 0.6822
vn 0.7806 0.5960 0.1883
vn -0.9394 0.1820 0.2905
vn -0.0085 -0.5265 -0.8501
vn 0.9451 0.1706 0.2788
vn -0.0221 -0.4759 0.8792
vn 0.0017 -0.5638 0.8259
vn 0.0049 -0.1958 0.9806
vn 0.0272 -0.4762 0.8789
vn -0.8924 0.2439 0.3795
vn -0.9156 0.1795 0.3597
vn -0.9342 0.1141 0.3380
vn -0.9342 0.1141 0.3381
vn 0.9222 0.1686 0.3480
vn 0.9398 0.1032 0.3259
vn 0.9374 -0.2467 -0.2459
vn 0.9371 -0.2471 -0.2466
vn 0.9371 -0.2472 -0.2466
vn -0.9430 -0.2353 -0.2355
vn -0.0042 0.2871 -0.9579
vn 0.9551 0.2951 0.0261
vn 0.9551 0.2952 0.0261
vn 0.8455 0.5272 0.0848
vn 0.6426 0.4021 0.6522
vn 0.0074 0.9675 0.2527
vn 0.0081 0.9019 0.4319
vn 0.6428 0.4020 0.6520
vn -0.6298 0.4097 0.6600
vn -0.9511 0.3066 0.0379
vn -0.8379 0.5374 0.0953
vn -0.9510 0.3067 0.0379
vn -0.6296 0.4098 0.6601
vn 0.0437 0.7132 -0.6996
vn 0.0438 0.7132 -0.6996
vn 0.0020 0.8638 -0.5039
vn 0.0268 0.9221 -0.3859
vn 0.0060 0.9998 -0.0173
vn -0.0205 0.9224 -0.3857
vn -0.0441 0.7136 -0.6992
vn -0.0440 0.7136 -0.6991
vn 0.9061 0.3569 0.2271
vn 0.6427 0.4021 0.6521
vn 0.8687 -0.4560 0.1935
vn 0.6219 -0.6537 0.4313
vn -0.8097 -0.2396 -0.5357
vn -0.6075 -0.0757 -0.7907
vn -0.3457 -0.7893 -0.5074
vn 0.3298 -0.7934 -0.5116
vn 0.8001 -0.2494 -0.5456
vn 0.5967 -0.0830 -0.7981
vn -0.8379 0.5371 0.0972
vn -0.8989 0.3677 0.2383
vn -0.6297 0.4098 0.6600
vn -0.8717 -0.4455 0.2043
vn -0.6243 -0.6461 0.4390
vn 0.5967 -0.0830 -0.7982
vn 0.5430 0.4290 -0.7219
vn 0.8001 -0.2491 -0.5457
vn 0.7504 0.4544 -0.4801
vn 1.0000 -0.0061 -0.0062
vn 0.9842 0.0630 0.1654
vn 0.6317 0.3266 0.7030
vn 0.6219 -0.6537 0.4312
vn -0.6191 0.3341 0.7107
vn 0.0074 0.9666 0.2562
vn 0.6318 0.3265 0.7030
vn -0.6076 -0.0758 -0.7907
vn -0.8098 -0.2393 -0.5357
vn -0.5468 0.4355 -0.7151
vn -0.7506 0.4636 -0.4708
vn -0.1587 0.6301 -0.7601
vn -0.2851 0.8820 -0.3752
vn 0.1569 0.6282 -0.7621
vn 0.2911 0.8785 -0.3788
vn 0.5430 0.4289 -0.7219
vn 0.7502 0.4546 -0.4801
vn -1.0000 0.0061 0.0062
vn -0.6189 0.3341 0.7108
vn -0.9812 0.0749 0.1777
vn -0.6244 -0.6462 0.4389
vn 0.0045 -0.2563 0.9666
vn 0.6209 0.6028 0.5011
vn 0.9097 -0.0903 0.4052
vn 0.9396 -0.3420 0.0157
vn 0.0057 0.9982 -0.0603
vn 0.6209 0.6027 0.5012
vn -0.6073 0.6102 0.5088
vn 0.0084 0.4749 0.8800
vn 0.0085 0.4748 0.8801
vn -0.6073 0.6103 0.5087
vn -0.9057 -0.0793 0.4165
vn -0.9433 -0.3308 0.0273
vn -0.9433 -0.3307 0.0274
vn 0.3393 -0.9308 0.1360
vn 0.6221 -0.6535 0.4312
vn -0.3488 -0.9267 0.1402
vn -0.6245 -0.6459 0.4390
vn -0.8716 -0.4457 0.2043
vn -0.0051 -0.9894 0.1452
vn -0.6298 0.4098 0.6599
vn 0.6428 0.4022 0.6520
vn 0.6319 0.3265 0.7029
vn 0.6221 -0.6536 0.4311
vn 0.9000 0.2331 0.3684
vn -0.6245 -0.6461 0.4388
vn 0.0083 0.4748 0.8801
vn 0.8686 -0.4562 0.1935
vn 0.8453 0.5274 0.0849
vn 0.0471 -0.7143 0.6983
vn 0.0272 -0.4765 0.8788
vn 0.0018 -0.5640 0.8257
vn -0.0471 -0.7136 0.6989
vn 0.0017 -0.5640 0.8257
vn -0.0221 -0.4762 0.8791
vn 0.0019 0.8502 -0.5265
vn -0.0000 -0.0000 1.0000
vn 0.5829 0.1623 -0.7961
vn 0.6128 -0.3498 -0.7086
vn 0.0469 -0.2743 -0.9605
vn 0.2648 -0.6103 -0.7466
vn -0.6041 -0.0416 -0.7958
vn -0.4613 -0.5344 -0.7083
vn 0.5430 0.4290 -0.7218
vn 0.5968 -0.0830 -0.7981
vn 0.1568 0.6282 -0.7621
vn -0.0045 0.2563 -0.9666
vn -0.1588 0.6300 -0.7602
vn -0.6076 -0.0759 -0.7906
vn -0.4906 0.6686 -0.5588
vn 0.7429 0.3110 0.5928
vn -0.4479 0.6562 -0.6073
vn 0.6255 0.3382 0.7032
vn -0.4907 0.6685 -0.5589
vn -0.4478 0.6562 -0.6074
vn -0.2354 -0.9717 -0.0187
vn -0.1557 -0.9841 -0.0854
vn -0.2353 -0.9717 -0.0188
vn -0.1555 -0.9841 -0.0853
vn 0.7430 0.3109 0.5927
vn -0.4478 0.6562 -0.6073
vn -0.2760 0.6509 -0.7072
vn 0.3651 0.3515 0.8621
vn -0.4478 0.6561 -0.6075
vn -0.2761 0.6509 -0.7072
vn -0.1557 -0.9841 -0.0855
vn -0.0837 -0.9844 -0.1548
vn -0.1555 -0.9841 -0.0854
vn -0.0835 -0.9844 -0.1547
vn 0.6255 0.3381 0.7032
vn 0.3651 0.3514 0.8621
vn 0.3652 0.3515 0.8620
vn -0.1547 0.6523 -0.7420
vn 0.2256 0.3351 0.9148
vn -0.1548 0.6522 -0.7420
vn -0.0836 -0.9844 -0.1548
vn -0.0675 -0.9835 -0.1678
vn -0.0836 -0.9844 -0.1547
vn 0.2256 0.3350 0.9148
vn 0.2255 0.3350 0.9148
vn -0.1054 0.6604 -0.7435
vn 0.0837 0.3261 0.9416
vn -0.0674 -0.9835 -0.1677
vn 0.0249 -0.9819 -0.1877
vn -0.1548 0.6523 -0.7420
vn -0.1054 0.6603 -0.7435
vn 0.0248 -0.9819 -0.1878
vn 0.0836 0.3261 0.9416
vn 0.0461 0.6834 -0.7286
vn -0.2408 0.2941 0.9249
vn 0.0837 0.3260 0.9417
vn -0.2409 0.2941 0.9249
vn 0.1754 -0.9695 -0.1712
vn 0.0461 0.6833 -0.7287
vn 0.0249 -0.9819 -0.1878
vn 0.1754 -0.9695 -0.1713
vn -0.0060 0.6887 -0.7250
vn -0.0847 0.3083 0.9475
vn 0.1754 -0.9695 -0.1711
vn -0.0846 0.3083 0.9475
vn 0.0715 -0.9854 -0.1548
vn 0.0462 0.6833 -0.7287
vn -0.0059 0.6887 -0.7251
vn 0.1755 -0.9695 -0.1712
vn 0.0715 -0.9853 -0.1549
vn -0.0059 0.6887 -0.7250
vn -0.0847 0.3084 0.9475
vn -0.1100 0.6610 -0.7423
vn 0.1829 0.3204 0.9294
vn 0.1830 0.3204 0.9294
vn -0.0689 -0.9819 -0.1763
vn -0.0060 0.6886 -0.7251
vn -0.1101 0.6610 -0.7423
vn -0.0689 -0.9819 -0.1764
vn 0.1828 0.3205 0.9295
vn 0.0191 0.6796 -0.7334
vn -0.1475 0.3039 0.9412
vn -0.1475 0.3037 0.9413
vn 0.1114 -0.9784 -0.1740
vn 0.0191 0.6795 -0.7335
vn 0.1114 -0.9784 -0.1741
vn -0.0763 0.6914 -0.7184
vn -0.0279 0.3202 0.9469
vn 0.1115 -0.9784 -0.1739
vn -0.0279 0.3202 0.9470
vn 0.0977 -0.9819 -0.1622
vn 0.0193 0.6795 -0.7334
vn -0.0762 0.6914 -0.7185
vn 0.1115 -0.9784 -0.1741
vn 0.0979 -0.9819 -0.1623
vn -0.0280 0.3202 0.9469
vn -0.2675 0.6633 -0.6989
vn 0.3234 0.3309 0.8865
vn 0.3235 0.3309 0.8865
vn -0.0493 -0.9844 -0.1689
vn -0.0764 0.6914 -0.7185
vn 0.0977 -0.9819 -0.1623
vn -0.0494 -0.9844 -0.1689
vn -0.2673 0.6634 -0.6989
vn -0.1758 0.6643 -0.7265
vn 0.1796 0.3282 0.9274
vn 0.0051 -0.9826 -0.1857
vn -0.2674 0.6633 -0.6989
vn -0.1757 0.6642 -0.7266
vn -0.1757 0.6643 -0.7265
vn 0.0262 0.6774 -0.7351
vn -0.1410 0.3036 0.9423
vn 0.1795 0.3282 0.9274
vn 0.1070 -0.9749 -0.1951
vn 0.0263 0.6773 -0.7352
vn 0.1706 0.7051 -0.6883
vn -0.3978 0.2675 0.8776
vn 0.1071 -0.9749 -0.1951
vn 0.2086 -0.9641 -0.1645
vn 0.0263 0.6774 -0.7351
vn 0.1706 0.7050 -0.6884
vn 0.2085 -0.9641 -0.1645
vn 0.1705 0.7052 -0.6882
vn -0.0545 0.7214 -0.6903
vn -0.0448 0.3236 0.9451
vn 0.2086 -0.9641 -0.1644
vn -0.0448 0.3235 0.9452
vn 0.0826 -0.9859 -0.1453
vn -0.0543 0.7214 -0.6904
vn 0.2087 -0.9640 -0.1646
vn 0.0827 -0.9859 -0.1454
vn -0.0545 0.7214 -0.6904
vn -0.2535 0.6642 -0.7032
vn 0.2910 0.3276 0.8989
vn 0.2911 0.3276 0.8989
vn -0.0218 -0.9840 -0.1770
vn -0.0545 0.7213 -0.6904
vn -0.2534 0.6641 -0.7034
vn 0.0825 -0.9859 -0.1454
vn -0.0220 -0.9840 -0.1771
vn -0.2534 0.6641 -0.7033
vn 0.2911 0.3276 0.8988
vn -0.0879 0.6658 -0.7410
vn -0.0139 0.3148 0.9491
vn -0.0139 0.3147 0.9491
vn 0.1014 -0.9750 -0.1975
vn -0.2535 0.6640 -0.7034
vn -0.0879 0.6657 -0.7410
vn -0.0219 -0.9840 -0.1770
vn 0.1013 -0.9751 -0.1975
vn 0.1232 0.6850 -0.7181
vn -0.4004 0.2896 0.8694
vn -0.0140 0.3147 0.9491
vn 0.1015 -0.9750 -0.1974
vn -0.4004 0.2895 0.8694
vn 0.2329 -0.9642 -0.1268
vn -0.0878 0.6657 -0.7410
vn 0.1232 0.6849 -0.7181
vn 0.2328 -0.9642 -0.1269
vn -0.6681 0.3044 0.6789
vn 0.1231 0.6851 -0.7180
vn 0.3225 0.6590 -0.6795
vn 0.2329 -0.9642 -0.1267
vn -0.6681 0.3044 0.6790
vn 0.3055 -0.9520 0.0163
vn 0.3225 0.6589 -0.6795
vn 0.2330 -0.9642 -0.1269
vn 0.3056 -0.9520 0.0161
vn 0.3055 -0.9520 0.0164
vn -0.7422 0.3383 0.5785
vn 0.2991 -0.9500 0.0891
vn -0.7422 0.3384 0.5785
vn 0.3224 0.6590 -0.6795
vn 0.4120 0.6200 -0.6677
vn 0.3057 -0.9520 0.0162
vn 0.3226 0.6589 -0.6795
vn 0.2992 -0.9501 0.0889
vn 0.4121 0.6199 -0.6678
vn -0.4979 0.6929 -0.5215
vn 0.8204 0.2633 0.5075
vn -0.4063 0.6799 -0.6104
vn 0.7230 0.2936 0.6254
vn -0.4979 0.6928 -0.5216
vn -0.3261 -0.9453 0.0120
vn -0.3090 -0.9511 -0.0048
vn -0.3090 -0.9511 -0.0047
vn 0.8205 0.2632 0.5075
vn 0.7229 0.2935 0.6255
vn -0.2479 0.6547 -0.7141
vn 0.4876 0.3256 0.8101
vn -0.4062 0.6799 -0.6105
vn -0.2481 0.6545 -0.7142
vn -0.3090 -0.9511 -0.0049
vn -0.2185 -0.9722 -0.0846
vn -0.3089 -0.9511 -0.0046
vn -0.2184 -0.9722 -0.0846
vn -0.2478 0.6546 -0.7142
vn -0.1898 0.6532 -0.7330
vn 0.3146 0.3300 0.8900
vn -0.2479 0.6546 -0.7142
vn -0.1899 0.6531 -0.7330
vn -0.2185 -0.9721 -0.0847
vn -0.1194 -0.9810 -0.1528
vn 0.4876 0.3255 0.8101
vn 0.3146 0.3299 0.8900
vn -0.1193 -0.9810 -0.1528
vn -0.1899 0.6532 -0.7330
vn -0.0596 0.6680 -0.7417
vn 0.0863 0.3194 0.9437
vn 0.0862 0.3193 0.9437
vn -0.0213 -0.9816 -0.1899
vn -0.0597 0.6679 -0.7418
vn 0.0862 0.3194 0.9437
vn 0.1388 0.6980 -0.7025
vn -0.3289 0.2680 0.9056
vn -0.0213 -0.9816 -0.1898
vn -0.3289 0.2678 0.9056
vn 0.1605 -0.9707 -0.1790
vn -0.0595 0.6680 -0.7418
vn 0.1389 0.6979 -0.7026
vn -0.0212 -0.9816 -0.1899
vn 0.1604 -0.9707 -0.1790
vn 0.1388 0.6981 -0.7025
vn -0.3290 0.2679 0.9055
vn -0.0684 0.7083 -0.7026
vn -0.1294 0.3151 0.9402
vn -0.3289 0.2679 0.9056
vn 0.1538 -0.9737 -0.1679
vn 0.1390 0.6980 -0.7025
vn -0.0683 0.7082 -0.7027
vn 0.1606 -0.9706 -0.1791
vn 0.1540 -0.9737 -0.1680
vn -0.1295 0.3151 0.9402
vn -0.2769 0.6428 -0.7143
vn 0.1930 0.3314 0.9235
vn -0.1295 0.3150 0.9402
vn 0.1539 -0.9737 -0.1680
vn 0.1931 0.3314 0.9235
vn 0.0856 -0.9738 -0.2107
vn -0.0684 0.7082 -0.7026
vn -0.2767 0.6428 -0.7144
vn 0.1538 -0.9737 -0.1681
vn 0.0855 -0.9738 -0.2107
vn -0.2767 0.6427 -0.7143
vn -0.0378 0.6857 -0.7269
vn -0.1961 0.2930 0.9358
vn 0.1931 0.3313 0.9236
vn -0.1961 0.2929 0.9358
vn 0.2037 -0.9616 -0.1839
vn -0.2767 0.6427 -0.7144
vn -0.0378 0.6856 -0.7270
vn 0.2037 -0.9616 -0.1840
vn -0.0625 0.7045 -0.7069
vn -0.0242 0.3200 0.9471
vn -0.0241 0.3199 0.9471
vn 0.0816 -0.9862 -0.1441
vn -0.0377 0.6856 -0.7270
vn -0.0623 0.7045 -0.7070
vn 0.0816 -0.9862 -0.1442
vn -0.0624 0.7045 -0.7069
vn -0.2852 0.6687 -0.6867
vn 0.4077 0.3262 0.8529
vn 0.0816 -0.9862 -0.1440
vn 0.4077 0.3262 0.8528
vn -0.1114 -0.9837 -0.1413
vn -0.0625 0.7044 -0.7070
vn -0.2852 0.6686 -0.6867
vn 0.0815 -0.9862 -0.1441
vn -0.1115 -0.9837 -0.1412
vn -0.1817 0.6669 -0.7226
vn 0.2327 0.3281 0.9155
vn -0.1114 -0.9837 -0.1412
vn 0.2328 0.3280 0.9155
vn -0.0304 -0.9847 -0.1713
vn -0.1818 0.6669 -0.7227
vn -0.0306 -0.9847 -0.1715
vn 0.2328 0.3281 0.9155
vn 0.0874 0.6823 -0.7259
vn -0.1575 0.3062 0.9388
vn -0.0305 -0.9847 -0.1714
vn -0.1576 0.3061 0.9389
vn 0.0640 -0.9762 -0.2073
vn -0.1817 0.6668 -0.7227
vn 0.0874 0.6821 -0.7260
vn -0.0305 -0.9847 -0.1715
vn 0.0640 -0.9762 -0.2074
vn 0.0874 0.6822 -0.7259
vn 0.2748 0.7063 -0.6524
vn -0.4249 0.2795 0.8610
vn -0.1576 0.3062 0.9388
vn -0.4249 0.2794 0.8610
vn 0.1335 -0.9726 -0.1903
vn 0.2748 0.7063 -0.6525
vn 0.1336 -0.9726 -0.1903
vn 0.2748 0.7064 -0.6523
vn -0.4250 0.2794 0.8610
vn -0.0052 0.7340 -0.6792
vn -0.0445 0.3347 0.9413
vn -0.0445 0.3345 0.9413
vn 0.0375 -0.9872 -0.1553
vn -0.0051 0.7339 -0.6793
vn 0.1337 -0.9726 -0.1903
vn 0.0376 -0.9871 -0.1555
vn -0.2776 0.6610 -0.6971
vn 0.3188 0.3187 0.8926
vn -0.0443 0.3346 0.9413
vn 0.0376 -0.9872 -0.1553
vn 0.3189 0.3187 0.8926
vn -0.0259 -0.9832 -0.1805
vn -0.0052 0.7338 -0.6793
vn -0.2776 0.6609 -0.6973
vn 0.0375 -0.9871 -0.1554
vn -0.2776 0.6609 -0.6972
vn -0.0602 0.6740 -0.7363
vn -0.0304 0.3063 0.9514
vn 0.3189 0.3186 0.8926
vn -0.0304 0.3062 0.9515
vn 0.0889 -0.9743 -0.2072
vn -0.2776 0.6608 -0.6973
vn -0.0601 0.6738 -0.7364
vn -0.0258 -0.9832 -0.1805
vn 0.0888 -0.9743 -0.2072
vn -0.0601 0.6740 -0.7363
vn 0.1313 0.6835 -0.7181
vn -0.3154 0.2775 0.9075
vn -0.0304 0.3063 0.9515
vn 0.0889 -0.9743 -0.2071
vn -0.3154 0.2774 0.9075
vn 0.1783 -0.9663 -0.1858
vn -0.0600 0.6739 -0.7364
vn 0.1312 0.6835 -0.7181
vn -0.5616 0.2284 0.7953
vn 0.1312 0.6836 -0.7180
vn 0.2081 0.7145 -0.6680
vn 0.3159 -0.9419 -0.1139
vn 0.1313 0.6834 -0.7181
vn 0.2081 0.7144 -0.6680
vn 0.1784 -0.9663 -0.1858
vn 0.3159 -0.9419 -0.1141
vn -0.5616 0.2283 0.7953
vn -0.8149 0.1343 0.5638
vn 0.4467 -0.8947 0.0052
vn -0.8150 0.1344 0.5637
vn 0.2080 0.7146 -0.6679
vn 0.3190 0.7630 -0.5622
vn 0.2082 0.7144 -0.6680
vn 0.3190 0.7629 -0.5623
vn 0.3160 -0.9419 -0.1140
vn 0.4467 -0.8946 0.0051
vn -0.8149 0.1344 0.5638
vn 0.4466 -0.8947 0.0054
vn -0.8984 0.0825 0.4313
vn 0.4911 -0.8686 0.0655
vn -0.8150 0.1343 0.5637
vn -0.8984 0.0826 0.4313
vn 0.3189 0.7631 -0.5622
vn 0.3643 0.7857 -0.4999
vn 0.3191 0.7630 -0.5622
vn 0.3643 0.7857 -0.5000
vn 0.4468 -0.8946 0.0052
vn 0.4912 -0.8686 0.0654
vn -0.4972 -0.6470 -0.5780
vn -0.2402 0.9703 0.0289
vn -0.4112 -0.6922 -0.5932
vn -0.2526 0.9666 -0.0430
vn -0.2402 0.9703 0.0291
vn 0.7678 -0.3332 0.5472
vn -0.2524 0.9667 -0.0428
vn 0.7040 -0.2868 0.6497
vn -0.4971 -0.6471 -0.5780
vn -0.4110 -0.6922 -0.5932
vn 0.7678 -0.3334 0.5471
vn 0.7041 -0.2868 0.6496
vn -0.4111 -0.6921 -0.5932
vn -0.2525 0.9666 -0.0431
vn -0.2173 -0.7330 -0.6446
vn -0.1912 0.9626 -0.1918
vn -0.2524 0.9667 -0.0429
vn -0.1911 0.9627 -0.1915
vn 0.4538 -0.2405 0.8580
vn -0.4110 -0.6922 -0.5933
vn -0.2172 -0.7332 -0.6444
vn 0.4539 -0.2405 0.8580
vn -0.2172 -0.7331 -0.6445
vn -0.1911 0.9627 -0.1918
vn -0.0081 -0.7284 -0.6851
vn -0.0654 0.9598 -0.2729
vn -0.1911 0.9627 -0.1917
vn 0.4539 -0.2404 0.8580
vn -0.0655 0.9598 -0.2728
vn 0.0744 -0.2359 0.9689
vn -0.0080 -0.7284 -0.6851
vn 0.0744 -0.2360 0.9689
vn -0.0653 0.9598 -0.2729
vn 0.1600 -0.7335 -0.6606
vn 0.0595 0.9630 -0.2628
vn -0.0654 0.9598 -0.2728
vn 0.0743 -0.2359 0.9689
vn 0.0594 0.9630 -0.2627
vn -0.2338 -0.2347 0.9435
vn -0.0079 -0.7284 -0.6851
vn 0.1599 -0.7336 -0.6605
vn 0.0743 -0.2360 0.9689
vn -0.2339 -0.2347 0.9435
vn -0.0401 -0.7776 -0.6275
vn -0.0417 0.9738 -0.2235
vn 0.0593 0.9630 -0.2627
vn -0.0419 0.9738 -0.2234
vn 0.1043 -0.2468 0.9634
vn 0.1600 -0.7337 -0.6604
vn -0.0402 -0.7777 -0.6274
vn 0.1043 -0.2469 0.9634
vn -0.0402 -0.7776 -0.6274
vn -0.0420 0.9738 -0.2235
vn -0.2630 -0.7479 -0.6095
vn -0.1701 0.9580 -0.2310
vn -0.0418 0.9738 -0.2234
vn -0.1700 0.9580 -0.2309
vn 0.4531 -0.2178 0.8644
vn -0.0400 -0.7777 -0.6274
vn -0.2630 -0.7480 -0.6094
vn 0.1044 -0.2469 0.9634
vn 0.4532 -0.2178 0.8644
vn -0.2631 -0.7478 -0.6096
vn -0.1699 0.9580 -0.2310
vn -0.1218 -0.7328 -0.6695
vn -0.0709 0.9602 -0.2701
vn -0.1699 0.9580 -0.2309
vn 0.4531 -0.2177 0.8644
vn -0.0709 0.9602 -0.2700
vn 0.2008 -0.2330 0.9515
vn -0.1217 -0.7328 -0.6695
vn 0.4532 -0.2177 0.8644
vn -0.1218 -0.7327 -0.6696
vn -0.0708 0.9602 -0.2701
vn 0.0806 -0.7310 -0.6777
vn 0.0319 0.9626 -0.2692
vn -0.0708 0.9602 -0.2700
vn 0.2009 -0.2330 0.9515
vn 0.0318 0.9626 -0.2692
vn -0.1206 -0.2396 0.9634
vn 0.0806 -0.7310 -0.6776
vn -0.1207 -0.2396 0.9633
vn 0.0807 -0.7310 -0.6776
vn 0.0319 0.9625 -0.2692
vn 0.1742 -0.7333 -0.6572
vn 0.0874 0.9625 -0.2569
vn -0.1207 -0.2396 0.9634
vn -0.2675 -0.2371 0.9340
vn 0.1743 -0.7333 -0.6572
vn -0.2674 -0.2371 0.9340
vn 0.0875 0.9625 -0.2569
vn -0.0190 -0.7514 -0.6596
vn -0.0585 0.9693 -0.2388
vn 0.0875 0.9625 -0.2568
vn -0.2675 -0.2371 0.9339
vn -0.0585 0.9693 -0.2387
vn 0.0878 -0.2423 0.9662
vn -0.0190 -0.7514 -0.6595
vn 0.0879 -0.2424 0.9662
vn -0.0192 -0.7514 -0.6596
vn -0.0587 0.9693 -0.2388
vn -0.1148 -0.7351 -0.6682
vn -0.0734 0.9657 -0.2491
vn -0.0734 0.9657 -0.2490
vn 0.2072 -0.2336 0.9500
vn -0.1146 -0.7352 -0.6681
vn 0.2073 -0.2336 0.9500
vn -0.1146 -0.7351 -0.6682
vn -0.0733 0.9657 -0.2492
vn 0.0142 -0.7251 -0.6885
vn 0.1062 0.9582 -0.2655
vn -0.0733 0.9657 -0.2491
vn 0.1062 0.9583 -0.2655
vn -0.1235 -0.2315 0.9650
vn 0.2072 -0.2337 0.9500
vn -0.1234 -0.2315 0.9650
vn -0.0894 -0.7450 -0.6611
vn -0.0316 0.9718 -0.2337
vn -0.0316 0.9718 -0.2336
vn 0.1450 -0.2339 0.9614
vn 0.0142 -0.7252 -0.6884
vn -0.0894 -0.7451 -0.6609
vn 0.1451 -0.2340 0.9613
vn -0.0896 -0.7450 -0.6610
vn -0.0317 0.9718 -0.2338
vn -0.1414 -0.7369 -0.6611
vn -0.1373 0.9609 -0.2406
vn -0.1372 0.9609 -0.2406
vn 0.2994 -0.2309 0.9258
vn -0.0895 -0.7451 -0.6609
vn -0.1413 -0.7370 -0.6610
vn -0.1413 -0.7369 -0.6611
vn -0.1372 0.9609 -0.2407
vn 0.0095 -0.7243 -0.6894
vn 0.0119 0.9629 -0.2697
vn -0.1372 0.9609 -0.2405
vn 0.0119 0.9629 -0.2696
vn -0.0240 -0.2420 0.9700
vn -0.1412 -0.7370 -0.6610
vn 0.0096 -0.7243 -0.6894
vn 0.2993 -0.2309 0.9258
vn -0.0239 -0.2420 0.9700
vn 0.0120 0.9629 -0.2697
vn 0.0592 -0.7191 -0.6924
vn 0.1055 0.9606 -0.2570
vn -0.1678 -0.2447 0.9550
vn 0.0591 -0.7191 -0.6924
vn 0.0593 -0.7191 -0.6924
vn 0.1056 0.9606 -0.2570
vn 0.1828 -0.7221 -0.6672
vn 0.1228 0.9616 -0.2454
vn -0.1679 -0.2447 0.9550
vn -0.3119 -0.2570 0.9147
vn -0.3120 -0.2570 0.9147
vn -0.5832 -0.2414 0.7756
vn 0.3615 -0.7294 -0.5808
vn 0.1829 -0.7221 -0.6672
vn 0.1227 0.9616 -0.2455
vn 0.3616 -0.7293 -0.5808
vn 0.2000 0.9627 -0.1819
vn -0.5833 -0.2413 0.7756
vn 0.1226 0.9616 -0.2453
vn 0.1999 0.9628 -0.1819
vn 0.3616 -0.7294 -0.5806
vn -0.7077 -0.2164 0.6726
vn 0.4075 -0.7403 -0.5347
vn 0.3616 -0.7294 -0.5807
vn 0.2001 0.9627 -0.1820
vn 0.4075 -0.7402 -0.5348
vn 0.2842 0.9511 -0.1208
vn -0.7077 -0.2163 0.6725
vn 0.2841 0.9511 -0.1209
vn -0.4446 -0.8020 -0.3988
vn -0.4378 0.8987 0.0251
vn -0.4035 -0.7874 -0.4660
vn -0.3971 0.9169 -0.0404
vn -0.4377 0.8988 0.0252
vn 0.9249 -0.0991 0.3671
vn -0.3969 0.9170 -0.0402
vn 0.8498 -0.1345 0.5097
vn -0.4446 -0.8021 -0.3987
vn -0.4033 -0.7875 -0.4660
vn 0.9249 -0.0992 0.3671
vn 0.8498 -0.1345 0.5096
vn -0.4034 -0.7874 -0.4662
vn -0.3970 0.9169 -0.0405
vn -0.2992 -0.7547 -0.5839
vn -0.2741 0.9460 -0.1730
vn -0.3970 0.9169 -0.0403
vn -0.2739 0.9461 -0.1728
vn 0.6115 -0.1933 0.7672
vn -0.4034 -0.7874 -0.4661
vn -0.2990 -0.7548 -0.5838
vn 0.6116 -0.1933 0.7672
vn -0.2991 -0.7547 -0.5839
vn -0.2740 0.9460 -0.1730
vn -0.2252 -0.7327 -0.6422
vn -0.1416 0.9560 -0.2569
vn -0.2739 0.9461 -0.1729
vn 0.6115 -0.1933 0.7673
vn 0.3730 -0.2180 0.9019
vn -0.2991 -0.7548 -0.5838
vn -0.2250 -0.7328 -0.6422
vn -0.2251 -0.7327 -0.6423
vn -0.1416 0.9560 -0.2570
vn -0.0356 -0.7361 -0.6759
vn -0.0539 0.9568 -0.2857
vn 0.0914 -0.2260 0.9698
vn -0.2250 -0.7327 -0.6422
vn -0.0355 -0.7362 -0.6758
vn 0.3729 -0.2180 0.9019
vn -0.0355 -0.7361 -0.6759
vn 0.1848 -0.7328 -0.6549
vn 0.0630 0.9611 -0.2688
vn -0.0540 0.9568 -0.2857
vn 0.0914 -0.2259 0.9699
vn 0.0630 0.9612 -0.2687
vn -0.2617 -0.2224 0.9392
vn -0.0356 -0.7362 -0.6758
vn 0.1848 -0.7329 -0.6548
vn -0.2616 -0.2225 0.9392
vn -0.0887 -0.7877 -0.6096
vn 0.0021 0.9709 -0.2394
vn -0.2617 -0.2225 0.9391
vn 0.0021 0.9710 -0.2393
vn 0.1029 -0.2558 0.9612
vn 0.1847 -0.7329 -0.6547
vn -0.0888 -0.7878 -0.6096
vn 0.1030 -0.2559 0.9612
vn -0.0889 -0.7877 -0.6096
vn 0.0020 0.9709 -0.2394
vn -0.3638 -0.7413 -0.5640
vn -0.0972 0.9592 -0.2654
vn 0.1031 -0.2558 0.9612
vn -0.0971 0.9593 -0.2653
vn 0.4781 -0.2304 0.8475
vn -0.0887 -0.7878 -0.6095
vn -0.3638 -0.7414 -0.5639
vn -0.3637 -0.7413 -0.5641
vn -0.0971 0.9592 -0.2654
vn -0.1820 -0.7347 -0.6535
vn -0.0291 0.9572 -0.2880
vn 0.4781 -0.2305 0.8475
vn -0.0291 0.9572 -0.2879
vn 0.2170 -0.2346 0.9476
vn -0.3638 -0.7414 -0.5640
vn -0.1820 -0.7348 -0.6534
vn -0.1819 -0.7347 -0.6535
vn -0.0290 0.9572 -0.2880
vn 0.0870 -0.7352 -0.6722
vn 0.0683 0.9631 -0.2603
vn -0.0290 0.9572 -0.2879
vn 0.2169 -0.2345 0.9476
vn 0.0684 0.9631 -0.2602
vn -0.1746 -0.2349 0.9562
vn -0.1820 -0.7348 -0.6535
vn 0.0870 -0.7353 -0.6721
vn 0.2169 -0.2346 0.9476
vn -0.1747 -0.2350 0.9562
vn 0.0871 -0.7353 -0.6722
vn 0.0684 0.9631 -0.2603
vn 0.1928 -0.7401 -0.6442
vn 0.1514 0.9598 -0.2364
vn 0.0683 0.9631 -0.2602
vn -0.1746 -0.2350 0.9562
vn 0.1513 0.9598 -0.2363
vn -0.3537 -0.2280 0.9072
vn 0.1927 -0.7402 -0.6442
vn -0.3537 -0.2280 0.9071
vn -0.0324 -0.7642 -0.6442
vn -0.0408 0.9736 -0.2247
vn 0.1513 0.9598 -0.2364
vn -0.0409 0.9736 -0.2246
vn 0.0841 -0.2395 0.9672
vn 0.1928 -0.7402 -0.6442
vn -0.0325 -0.7643 -0.6441
vn 0.0841 -0.2396 0.9672
vn -0.0325 -0.7642 -0.6441
vn -0.0409 0.9735 -0.2248
vn -0.0576 -0.7456 -0.6639
vn -0.1670 0.9530 -0.2527
vn 0.2558 -0.2239 0.9404
vn -0.0576 -0.7457 -0.6638
vn 0.2557 -0.2240 0.9405
vn -0.0576 -0.7456 -0.6638
vn -0.1669 0.9530 -0.2528
vn 0.1835 -0.7162 -0.6733
vn -0.0508 0.9559 -0.2894
vn -0.1669 0.9530 -0.2527
vn 0.2558 -0.2238 0.9405
vn -0.0509 0.9558 -0.2894
vn -0.1346 -0.2399 0.9614
vn -0.0576 -0.7457 -0.6637
vn 0.2557 -0.2240 0.9404
vn -0.1345 -0.2400 0.9614
vn -0.0264 -0.7679 -0.6400
vn -0.1153 0.9634 -0.2418
vn -0.1346 -0.2400 0.9614
vn -0.1154 0.9634 -0.2418
vn 0.1886 -0.2415 0.9519
vn 0.1836 -0.7162 -0.6733
vn -0.0264 -0.7680 -0.6399
vn 0.1887 -0.2416 0.9519
vn -0.0265 -0.7680 -0.6400
vn -0.1155 0.9634 -0.2418
vn -0.2322 -0.7454 -0.6249
vn -0.1232 0.9599 -0.2520
vn -0.1153 0.9635 -0.2417
vn 0.1886 -0.2416 0.9519
vn -0.1230 0.9599 -0.2519
vn 0.3868 -0.2094 0.8981
vn -0.2321 -0.7455 -0.6248
vn 0.3868 -0.2095 0.8980
vn -0.2321 -0.7453 -0.6250
vn -0.1231 0.9599 -0.2519
vn -0.0362 -0.7307 -0.6817
vn 0.0575 0.9590 -0.2776
vn -0.1230 0.9599 -0.2520
vn -0.0260 -0.2326 0.9722
vn -0.2320 -0.7454 -0.6249
vn -0.0363 -0.7307 -0.6817
vn 0.3868 -0.2096 0.8980
vn -0.0261 -0.2327 0.9722
vn -0.0361 -0.7307 -0.6818
vn 0.0576 0.9590 -0.2776
vn 0.0950 -0.7230 -0.6843
vn 0.1581 0.9557 -0.2482
vn -0.2582 -0.2342 0.9373
vn -0.0362 -0.7308 -0.6817
vn 0.1582 0.9557 -0.2482
vn 0.1541 -0.7263 -0.6699
vn 0.2618 0.9467 -0.1874
vn -0.4367 -0.2261 0.8708
vn 0.1580 0.9557 -0.2482
vn 0.2618 0.9468 -0.1873
vn -0.2583 -0.2342 0.9373
vn 0.0949 -0.7230 -0.6843
vn -0.4367 -0.2262 0.8707
vn -0.4366 -0.2262 0.8707
vn 0.1542 -0.7264 -0.6698
vn -0.6842 -0.1960 0.7024
vn 0.3189 -0.7521 -0.5767
vn 0.2619 0.9468 -0.1872
vn 0.3573 0.9271 -0.1131
vn 0.1544 -0.7262 -0.6699
vn 0.3188 -0.7521 -0.5768
vn -0.6842 -0.1959 0.7025
vn 0.3572 0.9272 -0.1129
vn -0.6843 -0.1960 0.7024
vn -0.7892 -0.1700 0.5901
vn 0.4167 -0.7629 -0.4943
vn -0.7893 -0.1699 0.5901
vn 0.3573 0.9271 -0.1130
vn 0.3754 0.9218 -0.0971
vn 0.3754 0.9217 -0.0972
vn -0.1600 0.4430 0.8821
vn -0.4996 0.7978 0.3376
vn -0.3283 0.8808 0.3413
vn -0.6648 0.7149 -0.2168
vn -0.4836 0.8705 -0.0908
vn -0.5510 0.7208 -0.4206
vn -0.2035 -0.4000 0.8937
vn -0.1912 -0.4344 0.8802
vn -0.3673 -0.8313 0.4172
vn -0.4012 -0.8203 0.4076
vn -0.4687 -0.8829 -0.0274
vn -0.3435 -0.9391 -0.0115
vn -0.5673 -0.6847 -0.4575
vn -0.3348 -0.7559 -0.5626
vn -0.2575 -0.3562 -0.8982
vn -0.5171 -0.2555 -0.8169
vn -0.4068 -0.0732 -0.9106
vn -0.4854 0.2090 -0.8489
vn -0.1599 0.4430 0.8821
vn -0.3281 0.8808 0.3415
vn -0.0440 0.4908 0.8702
vn 0.0069 0.9274 0.3740
vn 0.0794 0.4906 0.8678
vn 0.1561 0.9344 0.3203
vn -0.0297 0.2703 0.9623
vn -0.0966 0.8956 0.4342
vn -0.0975 0.3538 0.9302
vn -0.2413 0.8710 0.4279
vn -0.0548 0.4688 0.8816
vn -0.0921 0.8788 0.4681
vn 0.1943 0.3661 0.9101
vn 0.3611 0.7740 0.5201
vn -0.3434 -0.9391 -0.0118
vn -0.2309 -0.9601 0.1577
vn -0.3346 -0.7559 -0.5627
vn 0.0693 -0.9374 -0.3412
vn -0.2573 -0.3563 -0.8983
vn 0.0879 -0.6495 -0.7553
vn 0.0997 -0.0144 -0.9949
vn -0.0169 -0.1954 -0.9806
vn 0.0147 0.4998 -0.8660
vn -0.1955 0.6921 -0.6948
vn 0.0246 0.9484 -0.3162
vn -0.2401 0.9200 -0.3099
vn -0.0729 0.9967 0.0360
vn -0.2348 0.9703 0.0589
vn -0.3819 0.1780 -0.9069
vn -0.0853 0.7061 -0.7029
vn -0.5369 0.4835 -0.6913
vn -0.5508 0.7209 -0.4207
vn -0.4834 0.8706 -0.0910
vn 0.0520 0.9871 -0.1511
vn 0.1532 0.9873 -0.0410
vn 0.0068 0.9274 0.3739
vn 0.0519 0.9872 -0.1511
vn -0.1913 -0.4342 0.8803
vn 0.0696 -0.9941 0.0833
vn 0.0743 -0.9217 0.3808
vn 0.2730 -0.9620 -0.0031
vn 0.6836 -0.6724 0.2840
vn 0.6989 -0.7147 0.0279
vn -0.2311 -0.9600 0.1579
vn 0.6836 -0.6723 0.2840
vn 0.5102 -0.8099 0.2896
vn 0.6991 -0.7145 0.0279
vn 0.8899 -0.4555 0.0258
vn 0.5247 -0.6785 -0.5142
vn 0.3158 -0.8987 -0.3044
vn 0.0811 -0.5858 -0.8064
vn 0.5245 -0.6787 -0.5141
vn -0.1954 -0.7485 -0.6337
vn 0.2822 -0.9104 -0.3026
vn -0.0459 -0.7348 -0.6767
vn 0.3160 -0.8986 -0.3043
vn 0.5102 -0.8098 0.2896
vn -0.3736 -0.9195 0.1225
vn 0.2327 -0.9597 0.1575
vn -0.1955 -0.7486 -0.6336
vn -0.0487 -0.5460 -0.8364
vn -0.8146 -0.3598 -0.4550
vn -0.5578 -0.6116 -0.5612
vn -0.9526 -0.3040 0.0117
vn -0.9250 -0.3564 -0.1316
vn -0.3874 -0.2808 0.8781
vn -0.8733 -0.2049 0.4421
vn 0.0810 -0.5859 -0.8063
vn 0.3160 -0.8987 -0.3042
vn -0.3737 -0.9194 0.1224
vn -0.6868 -0.2396 0.6862
vn -0.1953 -0.7486 -0.6336
vn -0.8146 -0.3599 -0.4549
vn -0.4406 -0.7591 -0.4791
vn -0.9525 -0.3042 0.0118
vn -0.4271 -0.8717 0.2404
vn -0.3873 -0.2807 0.8782
vn -0.3874 -0.2806 0.8782
vn -0.8732 -0.2048 0.4421
vn -0.2886 -0.0100 0.9574
vn -0.6869 -0.2396 0.6861
vn 0.3589 0.9293 0.0867
vn -0.0824 0.9874 0.1347
vn 0.0455 0.9362 -0.3484
vn 0.8097 0.5791 -0.0947
vn 0.9631 0.2606 0.0677
vn 0.8653 0.3568 0.3521
vn 0.6614 0.3860 0.6431
vn 0.3517 0.1062 0.9301
vn -0.3121 0.6351 0.7065
vn 0.7395 0.6520 0.1673
vn 0.2723 0.9308 0.2439
vn 0.5299 0.8148 -0.2351
vn -0.4080 0.8807 -0.2405
vn -0.3015 0.8633 -0.4048
vn 0.7397 0.6519 0.1672
vn 0.9630 0.2608 0.0676
vn 0.5300 0.8147 -0.2351
vn 0.8097 0.5791 -0.0949
vn 0.3944 0.7825 -0.4817
vn 0.5512 0.7687 -0.3245
vn -0.0481 0.8385 -0.5427
vn 0.3932 0.7760 -0.4932
vn 0.3518 0.1061 0.9301
vn 0.1942 0.3662 0.9101
vn 0.8652 0.3571 0.3521
vn 0.3613 0.7739 0.5202
vn 0.8097 0.5792 -0.0947
vn 0.3591 0.9292 0.0868
vn 0.5511 0.7688 -0.3243
vn 0.3942 0.7827 -0.4817
vn -0.0480 0.8386 -0.5426
vn 0.1818 0.6564 -0.7322
vn -0.1785 0.6777 -0.7134
vn -0.4470 0.8618 -0.2398
vn -0.4409 0.8068 -0.3933
vn -0.2519 0.9600 -0.1222
vn -0.1494 0.8478 -0.5088
vn 0.2429 0.9690 0.0456
vn 0.1116 0.6527 -0.7493
vn 0.3658 0.8649 -0.3438
vn 0.3320 0.4034 -0.8527
vn 0.0205 0.8452 -0.5341
vn -0.1594 0.3410 -0.9265
vn -0.0988 0.6998 -0.7075
vn -0.1376 0.2053 -0.9690
vn -0.4544 0.8786 0.1468
vn -0.0153 0.9956 -0.0923
vn -0.0089 0.9352 0.3540
vn -0.2420 0.9616 -0.1297
vn -0.2228 0.9468 0.2321
vn -0.0034 0.9984 -0.0558
vn -0.0388 0.9051 0.4233
vn 0.0752 0.7171 0.6929
vn -0.0217 0.2744 0.9614
vn -0.0349 0.3983 0.9166
vn -0.0367 0.8968 -0.4409
vn 0.1641 0.9833 -0.0789
vn 0.0792 0.9661 0.2457
vn -0.1234 0.9594 0.2536
vn -0.4645 0.8823 0.0761
vn -0.7385 0.5592 0.3768
vn -0.7784 0.6238 0.0702
vn -0.8705 0.4267 0.2453
vn -0.3121 0.6351 0.7066
vn -0.4080 0.8808 -0.2405
vn -0.5793 0.7467 -0.3269
vn -0.3017 0.8632 -0.4048
vn -0.0481 0.8386 -0.5427
vn 0.2178 -0.9744 0.0566
vn -0.1175 -0.8362 0.5357
vn -0.3046 -0.7711 0.5591
vn -0.0689 -0.3903 0.9181
vn 0.1170 -0.3335 0.9355
vn -0.0148 -0.4774 0.8786
vn -0.0168 -0.8678 0.4967
vn -0.0681 -0.9974 -0.0229
vn -0.0105 -0.9836 0.1801
vn 0.0419 -0.9758 -0.2145
vn 0.0821 -0.9818 0.1714
vn 0.2053 -0.9761 0.0710
vn 0.1128 -0.9394 0.3237
vn 0.2393 -0.9467 -0.2157
vn -0.4270 -0.8717 0.2404
vn -0.4405 -0.7592 -0.4791
vn 0.0237 -0.3954 0.9182
vn 0.0589 -0.8892 0.4537
vn 0.0187 -0.3529 0.9355
vn -0.5101 0.4925 -0.7051
vn 0.1639 0.2185 -0.9620
vn -0.2946 0.1080 -0.9495
vn 0.1370 -0.2371 -0.9618
vn 0.0279 -0.8115 -0.5837
vn 0.0104 -0.9638 -0.2665
vn 0.1638 -0.9840 0.0707
vn -0.0039 -0.9879 0.1550
vn 0.4518 -0.7819 0.4295
vn 0.0191 -0.8232 0.5675
vn 0.1170 -0.3337 0.9354
vn 0.0155 -0.2263 0.9739
vn 0.7918 -0.4938 0.3594
vn 0.1549 -0.0038 -0.9879
vn 0.0033 -0.6163 -0.7875
vn -0.0565 -0.3201 -0.9457
vn 0.0185 -0.3956 -0.9182
vn -0.2938 -0.8629 -0.4113
vn -0.3062 -0.9513 -0.0345
vn -0.0030 -0.9997 0.0229
vn -0.2626 -0.8271 0.4970
vn -0.0208 -0.8357 0.5487
vn -0.0242 -0.3092 0.9507
vn -0.0791 -0.3615 0.9290
vn -0.1983 -0.8234 0.5317
vn -0.2144 -0.9758 0.0437
vn -0.2933 -0.7003 -0.6508
vn -0.0400 -0.8423 -0.5375
vn 0.0093 -0.6120 -0.7908
vn -0.1517 0.3795 -0.9127
vn 0.1048 -0.1533 -0.9826
vn 0.3481 -0.6806 -0.6447
vn -0.0271 0.0652 -0.9975
vn 0.1517 -0.5976 -0.7873
vn -0.4276 -0.4675 -0.7737
vn -0.4917 -0.3655 -0.7904
vn -0.3819 0.1778 -0.9069
vn -0.5805 0.5090 -0.6356
vn -0.5370 0.4833 -0.6914
vn -0.0489 -0.5461 -0.8363
vn 0.6615 0.3859 0.6430
vn -0.2396 0.3905 0.8889
vn -0.2034 -0.3998 0.8937
vn -0.2395 0.3904 0.8890
vn -0.1912 -0.4343 0.8802
vn 0.0002 0.0004 1.0000
vn 0.0793 0.4905 0.8678
vn -0.0297 0.2702 0.9624
vn -0.0975 0.3537 0.9303
vn -0.3873 -0.2808 0.8782
vn 0.0237 -0.3952 0.9183
vn 0.1942 0.3661 0.9101
vn -0.3123 0.6352 0.7064
vn -0.2883 -0.0099 0.9575
vn 0.0007 0.0015 1.0000
vn -0.6870 -0.2396 0.6860
vn -0.2420 0.9616 -0.1298
vn -0.0364 0.8968 -0.4409
vn 0.2148 0.9646 -0.1530
vn -0.0086 0.9352 0.3540
vn 0.3005 0.9032 0.3066
vn -0.0350 0.3983 0.9166
vn 0.1598 0.4387 0.8843
vn -0.0241 -0.3091 0.9507
vn 0.0802 -0.3058 0.9487
vn -0.0207 -0.8357 0.5488
vn 0.2175 -0.8084 0.5470
vn -0.0027 -0.9997 0.0229
vn 0.3261 -0.9426 0.0716
vn -0.0398 -0.8423 -0.5375
vn 0.4518 -0.6889 -0.5668
vn 0.4052 -0.2044 -0.8911
vn 0.4485 -0.1127 -0.8866
vn 0.2483 0.1269 -0.9603
vn 0.0188 -0.3956 -0.9182
vn 0.2340 -0.0443 -0.9712
vn -0.1373 0.2053 -0.9690
vn 0.1943 0.2679 -0.9437
vn -0.0985 0.6998 -0.7076
vn 0.2680 0.6771 -0.6853
vn 0.3255 0.9138 -0.2429
vn 0.0114 -0.0000 0.9999
vn -0.0242 -0.3089 0.9508
vn -0.0791 -0.3612 0.9291
vn 0.0155 -0.2260 0.9740
vn -0.0217 0.2743 0.9614
vn 0.0751 0.7171 0.6929
vn 0.1169 -0.3335 0.9355
vn -0.0688 -0.3901 0.9182
vn -0.0148 -0.4773 0.8786
vn 0.0186 -0.3528 0.9355
vn 0.1597 0.4387 0.8843
vn 0.1598 0.4386 0.8843
vn 0.1743 0.4126 0.8941
vn 0.1502 -0.3201 0.9354
vn 0.0802 -0.3056 0.9488
vn 0.1743 0.4127 0.8940
vn 0.3679 0.8604 0.3526
vn 0.4818 0.8268 -0.2903
vn 0.3479 0.5569 -0.7542
vn 0.5869 -0.4171 -0.6940
vn 0.5992 -0.7332 -0.3215
vn 0.4607 -0.8816 0.1027
vn 0.3294 -0.7885 0.5194
vn 0.1503 -0.3203 0.9353
vn 0.6614 0.3861 0.6430
vt 0.377730 0.005283
vt 0.189431 0.005283
vt 0.373741 0.047813
vt 0.193421 0.047813
vt 0.007704 0.005283
vt 0.559458 0.005283
vt 0.283581 0.047813
vt 0.547768 0.047813
vt 0.880814 0.689612
vt 0.880422 0.703297
vt 0.064415 0.689612
vt 0.064023 0.703297
vt 0.880814 0.716982
vt 0.064415 0.716982
vt 0.656960 0.812731
vt 0.638742 0.833950
vt 0.585408 0.812731
vt 0.575495 0.833950
vt 0.414592 0.812731
vt 0.424505 0.833950
vt 0.343040 0.812731
vt 0.361258 0.833950
vt 0.448470 0.987853
vt 0.314468 0.979422
vt 0.503806 0.878291
vt 0.320765 0.879336
vt 0.308909 0.829480
vt 0.341372 0.951471
vt 0.309208 0.966833
vt 0.475922 0.951471
vt 0.508087 0.966833
vt 0.508386 0.829480
vt 0.386425 0.860578
vt 0.132772 0.860578
vt 0.345144 0.967173
vt 0.174053 0.967173
vt 0.714147 0.908151
vt 0.535871 0.908151
vt 0.714147 0.983859
vt 0.535871 0.983859
vt 0.726020 0.918649
vt 0.735471 0.764439
vt 0.860560 0.918649
vt 0.851108 0.764439
vt 0.923995 0.764439
vt 0.665488 0.764349
vt 0.647039 0.916581
vt 0.587482 0.764349
vt 0.535668 0.916581
vt 0.535939 0.764349
vt 0.740639 0.674761
vt 0.740464 0.715886
vt 0.849206 0.674318
vt 0.827937 0.714977
vt 0.844804 0.697959
vt 0.619499 0.695476
vt 0.619499 0.721822
vt 0.464343 0.695476
vt 0.464343 0.721822
vt 0.345144 0.990913
vt 0.174053 0.990913
vt 0.345144 0.903760
vt 0.174053 0.903760
vt 0.886436 0.984484
vt 0.652063 0.984484
vt 0.861334 0.890993
vt 0.677166 0.890993
vt 0.861334 0.826094
vt 0.677166 0.826094
vt 0.574344 0.663073
vt 0.773451 0.665064
vt 0.674096 0.704127
vt 0.771704 0.704922
vt 0.577229 0.710970
vt 0.569032 0.676826
vt 0.401312 0.711879
vt 0.394481 0.677143
vt 0.568912 0.676326
vt 0.401192 0.711380
vt 0.394361 0.676644
vt 0.376036 0.694141
vt 0.568912 0.676327
vt 0.394361 0.676644
vt 0.798507 0.783004
vt 0.810682 0.783127
vt 0.737872 0.957951
vt 0.748466 0.958073
vt 0.737872 0.976364
vt 0.665113 0.783127
vt 0.677187 0.783004
vt 0.727278 0.958073
vt 0.730638 0.841415
vt 0.723205 0.811191
vt 0.562652 0.841415
vt 0.570085 0.811191
vt 0.748466 0.951075
vt 0.737872 0.950952
vt 0.727278 0.951075
vt 0.709129 0.708649
vt 0.671150 0.774639
vt 0.804595 0.774639
vt 0.662584 0.764439
vt 0.573126 0.394034
vt 0.573126 0.067052
vt 0.033879 0.394034
vt 0.033879 0.067052
vt 0.019393 0.047813
vt 0.461629 0.663922
vt 0.533563 0.663922
vt 0.414099 0.588594
vt 0.581093 0.588594
vt 0.414099 0.408761
vt 0.581093 0.408761
vt 0.461629 0.333432
vt 0.533563 0.333432
vt 0.434837 0.974466
vt 0.434837 0.994279
vt 0.018810 0.974479
vt 0.018810 0.994266
vt 0.521322 0.979723
vt 0.521497 0.993006
vt 0.042963 0.979724
vt 0.043138 0.993007
vt 0.983367 0.979862
vt 0.983367 0.993696
vt 0.494390 0.979871
vt 0.494390 0.993687
vt 0.446117 0.993472
vt 0.445950 0.979258
vt 0.902219 0.993472
vt 0.902052 0.979258
vt 2.980179 1.251754
vt 2.748572 0.941395
vt 2.814354 1.286167
vt 2.147962 0.941395
vt 2.429478 1.237354
vt 2.000221 1.250186
vt 0.123179 0.941395
vt 0.110950 1.252038
vt 0.378164 0.941395
vt 0.347178 1.275938
vt 0.633150 0.941395
vt 0.530667 1.294503
vt 1.246182 0.941395
vt 1.195385 1.309323
vt 1.436306 1.218120
vt 1.363331 0.941395
vt 1.457832 0.941395
vt 1.714000 0.941395
vt 2.980179 0.252632
vt 2.814354 0.287045
vt 2.998498 0.539245
vt 2.842608 0.415862
vt 2.986400 0.732866
vt 2.830341 0.755014
vt 2.975762 1.030583
vt 2.820650 1.048721
vt 2.993854 1.265081
vt 2.855995 1.275927
vt 3.015433 1.466354
vt 2.882465 1.432154
vt 3.010844 1.673423
vt 2.889748 1.572909
vt 0.530667 0.295381
vt 0.440808 0.416682
vt 1.195385 0.310201
vt 1.027858 0.616814
vt 1.436306 0.218998
vt 1.341422 0.513248
vt 1.460090 0.732633
vt 1.463411 1.014337
vt 1.897228 1.066452
vt 1.972862 1.339454
vt 2.147084 1.062543
vt 2.211965 1.265700
vt 2.544170 1.044991
vt 2.553990 1.214206
vt 1.724806 0.265692
vt 1.975192 0.540906
vt 1.822071 0.172369
vt 2.000221 0.251064
vt 2.429478 0.238232
vt 2.520768 0.453767
vt 2.567759 0.875702
vt 2.842608 1.414984
vt 2.520768 1.452889
vt 0.110950 0.252916
vt 0.435562 0.611566
vt 0.104045 0.581510
vt 0.443303 0.825247
vt 0.138513 0.946899
vt 0.388596 0.965937
vt 0.440808 1.415804
vt 0.220874 0.819597
vt 0.271585 1.025762
vt 0.434271 0.865622
vt 0.401286 0.971435
vt 0.733207 1.074209
vt 0.570369 1.279252
vt 0.702847 1.357323
vt 0.768704 1.062633
vt 1.060232 1.266576
vt 0.818632 0.934510
vt 1.341497 1.048279
vt 0.627499 1.164803
vt 0.238285 1.046286
vt 0.448033 1.377031
vt 0.304683 1.386171
vt 1.039964 1.154791
vt 0.985426 1.372815
vt 0.644521 1.198846
vt 0.632590 1.521999
vt 0.320124 1.212820
vt 0.381186 1.493562
vt 0.039746 1.101536
vt 0.104958 1.516400
vt 0.906067 1.475435
vt 0.761196 1.821878
vt 0.391961 1.572711
vt 0.147652 1.588019
vt 0.628467 1.377896
vt 0.705141 1.215042
vt 0.336024 1.433671
vt 0.301013 1.301979
vt 0.131131 1.402572
vt 0.017303 1.101536
vt 0.145634 1.516400
vt 0.005908 1.323782
vt 0.125210 1.588019
vt 2.623639 1.580500
vt 2.608577 1.411210
vt 2.298280 1.484978
vt 2.633122 1.649988
vt 2.820090 1.687002
vt 2.840497 1.604565
vt 2.941930 1.790742
vt 2.960198 1.528606
vt 2.847092 1.996763
vt 2.786526 1.717468
vt 2.745470 1.844350
vt 2.666900 1.772672
vt 2.659415 2.013032
vt 2.460256 2.007788
vt 2.786526 1.709496
vt 2.818569 1.639883
vt 2.666900 1.799150
vt 2.662031 1.611218
vt 2.468915 1.925877
vt 2.412366 1.799254
vt 2.164264 2.016656
vt 2.140054 1.739870
vt 2.968458 1.731367
vt 3.010844 1.678010
vt 2.866798 1.710428
vt 2.889748 1.567721
vt 2.662031 1.742010
vt 2.623639 1.576050
vt 2.412366 1.816079
vt 2.468915 1.850704
vt 2.164264 1.948542
vt 1.916774 1.590660
vt 1.867710 2.088451
vt 2.440148 2.210559
vt 2.264219 2.370237
vt 2.507803 2.467677
vt 2.074420 2.479547
vt 2.422185 2.756305
vt 1.925950 2.484600
vt 1.937829 2.710765
vt 1.787216 2.744171
vt 1.934077 2.956797
vt 1.767801 3.064581
vt 1.958841 3.447481
vt 1.786460 3.383111
vt 2.749681 2.013858
vt 2.385850 3.450228
vt 2.808507 3.445482
vt 2.339428 3.322049
vt 2.650380 3.252967
vt 2.268302 3.023795
vt 2.849702 3.169033
vt 2.972819 2.813933
vt 2.971108 3.077824
vt 2.999951 3.462543
vt 2.134027 3.465682
vt 2.584330 2.634508
vt 2.974128 2.612478
vt 2.975007 2.477319
vt 2.613586 2.296303
vt 2.935434 2.109982
vt 2.698894 2.133868
vt 2.775347 2.078061
vt 2.749681 1.988525
vt 2.847092 1.958949
vt 2.659415 1.987096
vt 2.461166 2.109594
vt 2.460256 1.978024
vt 2.164264 1.912033
vt 0.490773 2.680640
vt 0.230425 2.568304
vt 0.241374 2.675694
vt 0.119084 2.502502
vt 0.108021 2.698743
vt 0.124167 2.274563
vt 0.239450 2.200019
vt 0.554451 2.275497
vt 0.543974 2.124724
vt 0.901273 1.964298
vt 0.533455 1.970102
vt 0.592596 1.810650
vt 0.265947 1.719999
vt 0.658934 1.647038
vt 0.301013 1.495685
vt 0.705141 1.408749
vt 0.122086 1.674448
vt 0.244952 1.979191
vt 0.131104 1.961185
vt 1.838686 2.196117
vt 1.669708 2.570620
vt 1.573588 2.271621
vt 1.441874 2.701037
vt 1.199725 2.520009
vt 0.977407 2.972016
vt 0.491271 2.773334
vt 0.466498 2.977855
vt 0.276095 2.733691
vt 0.253650 2.968960
vt 0.111622 2.958548
vt 1.663579 2.876625
vt 1.335494 2.991573
vt 1.461927 3.056081
vt 1.385214 3.533333
vt 0.866706 3.232258
vt 0.407832 3.336066
vt 0.383899 3.539239
vt 0.208768 3.388738
vt 0.193673 3.549851
vt 0.097662 3.510620
vt 0.116624 3.321254
vt 0.241664 3.276244
vt 0.445089 3.190250
vt 1.262739 3.214012
vt 1.003790 3.474464
vt 1.260489 1.982522
vt 1.744622 2.041737
vt 1.569580 1.937284
vt 1.191391 1.723240
vt 1.706798 1.472585
vt 1.251173 1.504539
vt 1.252557 1.362500
vt 1.450443 1.200310
vt 1.724806 1.264814
vt 1.862263 0.941395
vt 1.822071 1.171491
vt 0.897282 1.199972
vt 2.867592 1.721906
vt 2.867592 1.716704
vt 0.795089 1.358836
vt 2.976956 0.941395
vt 3.141022 0.238524
vt 3.141022 0.937991
vt 2.885488 0.319568
vt 2.885707 0.868634
vt 2.644415 0.537943
vt 2.663729 0.834588
vt 2.568012 0.538819
vt 2.506644 0.740479
vt 2.479349 0.511272
vt 2.359434 0.653152
vt 2.348008 0.269564
vt 2.163453 0.699127
vt 2.513773 0.856974
vt 2.283197 0.876977
vt 2.101581 0.843138
vt 1.995098 0.283126
vt 1.945698 0.803834
vt 1.784535 0.299568
vt 1.785329 0.812103
vt 1.637873 0.532658
vt 1.746158 0.890896
vt 1.459942 0.955967
vt 1.534907 1.153567
vt 2.630996 0.331846
vt 2.367712 0.274067
vt 2.005805 0.169434
vt 2.277305 0.073715
vt 1.985671 -0.000520
vt 2.374512 3.552670
vt 2.715600 3.653729
vt 2.974531 3.754188
vt 0.091485 3.754188
vt 0.213076 3.753575
vt 0.434066 3.755620
vt 1.085569 3.736691
vt 1.418980 3.802399
vt 1.450079 4.164771
vt 1.741775 4.164771
vt 1.686323 3.736090
vt 1.776829 3.656335
vt 1.975275 3.709534
vt 2.356956 3.725012
vt 0.253688 0.696306
vt 0.362451 0.343115
vt 0.382437 0.605498
vt 0.509111 0.309410
vt 0.658291 0.708840
vt 0.790021 0.318370
vt 0.697643 0.885827
vt 0.941510 0.635683
vt 0.902022 0.882567
vt 1.058046 0.880078
vt 0.991236 0.324787
vt 1.088957 0.640265
vt 1.154939 0.649520
vt 1.162724 0.878408
vt 1.143221 0.304986
vt 1.319755 0.295801
vt 1.428003 0.486465
vt 1.562461 0.283174
vt 0.176555 0.879312
vt 0.399685 0.831923
vt 1.247686 0.879312
vt 0.874577 0.954385
vt 1.248577 0.696306
vt 0.874577 0.222130
vt 1.248577 0.353953
vt 2.976034 4.164771
vt 2.676893 4.164771
vt 2.303007 4.164771
vt 1.912708 4.164771
vt 1.343773 4.164771
vt 1.042879 4.164771
vt 0.517336 4.164771
vt 0.300876 4.164771
vt 0.123961 4.164771
vt 1.747779 1.103899
vt 0.253688 0.353953
vt 2.024746 0.178387
s 0
usemtl material1
f 13/1/1 10/2/1 12/3/1
f 9/4/1 12/3/1 10/2/1
f 5/4/2 2/3/2 3/2/2
f 1/1/2 3/2/2 2/3/2
f 4/5/3 14/6/3 7/7/3
f 6/7/4 8/8/4 11/6/4
f 27/2/5 25/4/5 24/1/5
f 22/3/5 24/1/5 25/4/5
f 19/3/6 18/1/6 17/4/6
f 15/2/6 17/4/6 18/1/6
f 16/5/7 23/6/7 20/7/7
f 21/7/8 26/8/8 28/6/8
s 1
f 41/1/9 39/2/9 38/3/9
s 0
f 36/4/9 38/3/9 39/2/9
f 33/4/10 32/3/10 30/2/10
s 1
f 29/1/10 30/2/10 32/3/10
s 0
f 31/5/11 42/6/11 35/7/11
f 34/7/12 37/8/12 40/6/12
f 55/2/13 53/4/13 52/1/13
f 50/3/13 52/1/13 53/4/13
f 47/3/14 46/1/14 45/4/14
f 43/2/14 45/4/14 46/1/14
f 44/5/15 51/6/15 48/7/15
f 49/7/16 54/8/16 56/6/16
f 69/1/17 66/2/17 68/3/17
f 65/4/17 68/3/17 66/2/17
f 61/4/18 58/3/18 59/2/18
f 57/1/18 59/2/18 58/3/18
f 60/5/19 70/6/19 63/7/19
f 62/7/20 64/8/20 67/6/20
usemtl material2
f 213/9/21 209/10/21 79/11/21
f 71/12/21 79/11/21 209/10/21
f 214/9/22 77/11/22 211/13/22
f 74/14/23 211/13/23 77/11/23
f 212/13/24 76/14/24 210/10/24
f 72/12/24 210/10/24 76/14/24
s 1
f 192/15/25 189/16/26 207/17/27
f 206/18/28 207/17/27 189/16/26
f 207/17/27 206/18/28 199/19/29
f 198/20/30 199/19/29 206/18/28
f 199/19/29 198/20/30 175/21/31
f 173/22/32 175/21/31 198/20/30
f 175/21/31 173/22/32 135/19/33
f 140/20/34 135/19/33 173/22/32
f 196/23/35 160/24/36 205/25/37
f 153/26/38 205/25/37 160/24/36
f 201/27/39 152/28/40 145/29/41
f 143/30/42 145/29/41 152/28/40
f 145/29/41 143/30/42 138/31/43
f 186/32/44 138/31/43 143/30/42
f 204/33/45 184/34/46 197/35/47
f 183/36/47 197/35/47 184/34/46
s 0
f 195/37/48 182/38/48 161/39/48
f 149/40/48 161/39/48 182/38/48
s 1
f 203/41/49 208/42/50 185/43/51
f 200/44/52 185/43/51 208/42/50
f 185/43/51 200/44/52 174/45/53
f 191/46/54 202/47/37 155/48/55
f 147/49/56 155/48/55 202/47/37
f 155/48/55 147/49/56 128/50/57
f 190/20/26 193/19/58 159/22/59
f 156/21/60 159/22/59 193/19/58
f 188/47/61 176/46/62 139/49/63
f 133/48/64 139/49/63 176/46/62
f 139/49/63 133/48/64 108/50/65
f 181/23/66 187/25/61 150/24/67
f 142/26/68 150/24/67 187/25/61
f 180/51/69 166/52/70 178/53/71
f 164/54/72 178/53/71 166/52/70
f 178/53/71 164/54/72 171/55/73
f 177/53/74 167/54/75 179/51/76
f 169/52/76 179/51/76 167/54/75
f 168/56/77 163/57/78 170/58/79
f 165/59/79 170/58/79 163/57/78
f 158/16/59 157/15/80 129/18/81
f 126/17/82 129/18/81 157/15/80
f 129/18/81 126/17/82 115/20/83
f 109/19/83 115/20/83 126/17/82
f 115/20/83 109/19/83 141/22/34
f 134/21/84 141/22/34 109/19/83
f 162/60/85 151/61/86 154/62/87
f 144/63/88 154/62/87 151/61/86
f 148/64/89 137/65/90 116/66/91
f 102/67/91 116/66/91 137/65/90
f 116/66/91 102/67/91 104/68/92
f 99/69/92 104/68/92 102/67/91
f 136/70/93 107/71/94 103/72/95
f 101/73/96 103/72/95 107/71/94
f 131/74/97 118/75/97 94/76/97
f 83/77/98 94/76/97 118/75/97
f 146/70/99 117/72/100 127/71/101
f 106/73/102 127/71/101 117/72/100
f 123/74/103 111/78/103 91/79/104
f 81/80/104 91/79/104 111/78/103
f 91/79/104 81/80/104 88/81/105
f 120/82/106 130/74/106 90/83/107
f 98/79/107 90/83/107 130/74/106
f 90/83/107 98/79/107 85/81/108
f 119/84/109 121/85/109 82/86/110
f 89/87/111 82/86/110 121/85/109
f 82/86/110 89/87/111 86/88/112
f 122/74/113 93/76/114 114/75/113
f 84/77/114 114/75/113 93/76/114
f 112/89/115 113/90/116 80/91/117
f 82/86/110 80/91/117 113/90/116
f 80/91/117 82/86/110 86/88/112
s 0
f 125/92/118 105/93/118 110/94/118
f 100/95/118 110/94/118 105/93/118
s 1
f 97/96/119 96/97/120 87/88/121
f 92/98/122 87/88/121 96/97/120
f 167/54/75 177/53/74 171/55/123
f 163/57/78 168/56/77 172/99/124
s 0
f 73/12/125 75/14/125 78/11/125
s 1
f 92/98/126 95/97/127 124/100/128
f 95/97/129 97/96/130 132/101/131
f 194/102/132 208/42/50 203/41/49
s 0
f 357/12/133 355/11/133 220/10/133
f 218/9/133 220/10/133 355/11/133
f 353/11/134 351/14/134 217/9/134
f 215/13/134 217/9/134 351/14/134
f 356/12/135 219/10/135 352/14/135
f 216/13/135 352/14/135 219/10/135
s 1
f 338/96/136 333/97/137 346/88/138
f 336/98/139 346/88/138 333/97/137
f 345/81/140 349/83/141 337/79/141
f 319/82/142 337/79/141 349/83/141
f 337/79/141 319/82/142 301/74/143
f 342/80/144 335/79/144 315/78/145
f 299/74/145 315/78/145 335/79/144
f 340/77/146 334/76/147 317/75/147
f 300/74/148 317/75/147 334/76/147
f 339/77/149 313/75/149 332/76/149
f 298/74/149 332/76/149 313/75/149
s 0
f 328/93/150 326/95/150 312/92/150
f 308/94/150 312/92/150 326/95/150
s 1
f 327/73/151 321/72/152 306/71/153
f 292/70/154 306/71/153 321/72/152
f 325/69/155 330/68/155 322/67/156
f 323/66/156 322/67/156 330/68/155
f 322/67/156 323/66/156 289/65/157
f 296/64/158 289/65/157 323/66/156
f 329/73/159 311/71/160 324/72/161
f 294/70/162 324/72/161 311/71/160
f 318/84/163 320/85/164 341/86/165
f 348/87/166 341/86/165 320/85/164
f 341/86/165 348/87/166 347/88/167
f 347/88/167 343/91/168 341/86/165
f 316/89/169 341/86/165 343/91/168
f 341/86/165 316/89/169 314/90/170
f 285/48/171 291/49/172 243/46/173
f 229/47/174 243/46/173 291/49/172
f 284/21/175 273/22/176 305/19/177
f 303/20/177 305/19/177 273/22/176
f 305/19/177 303/20/177 309/17/178
f 304/18/178 309/17/178 303/20/177
f 309/17/178 304/18/178 288/15/179
f 275/16/180 288/15/179 304/18/178
f 310/50/181 286/48/182 293/49/183
f 248/46/184 293/49/183 286/48/182
f 293/49/183 248/46/184 232/47/185
f 276/22/186 252/20/187 287/21/188
f 247/19/189 287/21/188 252/20/187
f 269/24/190 238/23/191 278/26/192
f 231/25/193 278/26/192 238/23/191
f 282/62/194 271/60/195 277/63/196
f 268/61/195 277/63/196 271/60/195
f 274/20/197 283/19/198 250/22/199
f 244/21/200 250/22/199 283/19/198
f 250/22/199 244/21/200 225/20/201
f 221/19/202 225/20/201 244/21/200
f 225/20/201 221/19/202 226/18/203
f 223/17/204 226/18/203 221/19/202
f 226/18/203 223/17/204 251/16/205
f 246/15/206 251/16/205 223/17/204
f 270/24/207 280/26/208 241/23/209
f 236/25/210 241/23/209 280/26/208
s 0
f 272/39/211 242/37/211 267/40/211
f 239/38/211 267/40/211 242/37/211
s 1
f 263/54/212 256/53/213 259/52/214
f 253/51/214 259/52/214 256/53/213
f 260/59/215 262/58/215 264/57/216
f 266/56/217 264/57/216 262/58/215
f 264/57/216 266/56/217 257/99/218
f 258/55/219 265/54/220 255/53/221
f 261/52/222 255/53/221 265/54/220
f 255/53/221 261/52/222 254/51/223
f 222/44/224 227/43/225 224/42/226
f 235/41/227 224/42/226 227/43/225
f 224/42/226 235/41/227 249/102/228
f 240/35/229 234/33/227 237/36/229
f 228/34/225 237/36/229 234/33/227
f 295/29/230 281/28/194 290/31/231
f 279/30/232 290/31/231 281/28/194
f 290/31/231 279/30/232 230/32/233
f 335/79/144 342/80/144 344/81/234
f 281/28/194 295/29/230 233/27/235
f 256/53/213 263/54/212 258/55/236
f 222/44/224 245/45/237 227/43/225
f 285/48/171 307/50/238 291/49/172
f 297/100/239 336/98/240 331/97/241
f 302/101/242 331/97/243 338/96/244
s 0
f 350/14/245 354/11/245 358/12/245
f 371/103/246 369/104/246 368/105/246
f 366/106/246 368/105/246 369/104/246
f 368/105/246 366/106/246 363/103/246
f 360/104/246 363/103/246 366/106/246
f 370/6/4 359/5/4 365/7/4
f 361/107/4 365/7/4 359/5/4
f 362/5/3 367/7/3 364/107/3
f 367/7/3 373/6/3 372/8/3
f 384/103/246 387/104/246 381/105/246
f 383/106/246 381/105/246 387/104/246
f 381/105/246 383/106/246 376/103/246
f 379/104/246 376/103/246 383/106/246
f 388/6/8 377/5/8 382/7/8
f 378/107/8 382/7/8 377/5/8
f 374/5/7 380/7/7 375/107/7
f 380/7/7 386/6/7 385/8/7
f 400/103/246 399/104/246 398/105/246
f 396/106/246 398/105/246 399/104/246
f 398/105/246 396/106/246 393/103/246
f 391/104/246 393/103/246 396/106/246
f 402/6/12 389/5/12 395/7/12
f 392/107/12 395/7/12 389/5/12
f 390/5/11 397/7/11 394/107/11
f 397/7/11 403/6/11 401/8/11
f 414/103/246 417/104/246 411/105/246
f 413/106/246 411/105/246 417/104/246
f 411/105/246 413/106/246 406/103/246
f 409/104/246 406/103/246 413/106/246
f 418/6/16 407/5/16 412/7/16
f 408/107/16 412/7/16 407/5/16
f 404/5/15 410/7/15 405/107/15
f 410/7/15 416/6/15 415/8/15
f 431/103/246 429/104/246 428/105/246
f 426/106/246 428/105/246 429/104/246
f 428/105/246 426/106/246 423/103/246
f 420/104/246 423/103/246 426/106/246
f 430/6/20 419/5/20 425/7/20
f 421/107/20 425/7/20 419/5/20
f 422/5/19 427/7/19 424/107/19
f 427/7/19 433/6/19 432/8/19
s 1
usemtl material3
f 440/108/247 441/109/248 438/110/249
f 439/111/250 438/110/249 441/109/248
f 438/110/249 439/111/250 436/112/249
f 437/113/28 436/112/249 439/111/250
f 436/112/249 437/113/28 434/114/251
f 435/115/252 434/114/251 437/113/28
f 449/115/253 448/114/254 447/113/255
f 446/112/256 447/113/255 448/114/254
f 447/113/255 446/112/256 445/111/257
f 444/110/256 445/111/257 446/112/256
f 445/111/257 444/110/256 443/109/199
f 442/108/258 443/109/199 444/110/256
usemtl material4
f 670/116/259 666/117/260 665/118/261
f 657/119/262 665/118/261 666/117/260
f 671/117/263 663/119/264 668/116/265
f 659/118/266 668/116/265 663/119/264
f 669/117/267 661/119/268 667/116/269
f 654/118/262 667/116/269 661/119/268
f 664/116/270 655/117/262 650/118/271
f 645/119/272 650/118/271 655/117/262
f 662/117/273 651/119/274 660/116/275
f 649/118/276 660/116/275 651/119/274
f 658/117/277 647/119/278 656/116/279
f 642/118/280 656/116/279 647/119/278
f 653/116/271 643/117/281 640/118/282
f 636/119/283 640/118/282 643/117/281
f 652/117/271 641/119/284 646/116/285
f 632/118/286 646/116/285 641/119/284
f 644/116/280 648/117/287 637/118/288
f 631/119/286 637/118/288 648/117/287
f 638/116/282 635/117/289 628/118/290
f 625/119/291 628/118/290 635/117/289
f 634/116/289 630/117/292 622/118/291
f 620/119/293 622/118/291 630/117/292
f 639/117/294 627/119/295 633/116/286
f 621/118/296 633/116/286 627/119/295
f 629/116/290 624/117/297 614/118/298
f 612/119/299 614/118/298 624/117/297
f 623/116/300 619/117/293 611/118/301
f 607/119/302 611/118/301 619/117/293
f 626/117/295 617/119/303 618/116/304
f 606/118/305 618/116/304 617/119/303
f 616/116/298 613/117/301 602/118/306
f 599/119/307 602/118/306 613/117/301
f 610/116/301 608/117/308 600/118/309
f 595/119/310 600/118/309 608/117/308
f 615/117/311 604/119/312 609/116/313
f 596/118/314 609/116/313 604/119/312
f 603/116/315 601/117/316 591/118/317
f 589/119/318 591/118/317 601/117/316
f 598/116/309 594/117/310 588/118/319
f 582/119/320 588/118/319 594/117/310
f 605/117/321 590/119/322 597/116/314
f 585/118/323 597/116/314 590/119/322
f 592/116/317 586/117/324 580/118/325
f 574/119/326 580/118/325 586/117/324
f 587/116/319 583/117/320 576/118/327
f 572/119/328 576/118/327 583/117/320
f 593/117/317 579/119/329 584/116/323
f 573/118/330 584/116/323 579/119/329
f 578/116/325 575/117/327 567/118/331
f 563/119/332 567/118/331 575/117/327
f 577/116/327 570/117/333 565/118/334
f 558/119/335 565/118/334 570/117/333
f 581/117/336 566/119/337 571/116/338
f 560/118/339 571/116/338 566/119/337
f 568/116/331 562/117/340 557/118/341
f 552/119/342 557/118/341 562/117/340
f 564/116/332 559/117/335 553/118/343
f 549/119/344 553/118/343 559/117/335
f 569/117/345 556/119/341 561/116/346
f 547/118/347 561/116/346 556/119/341
f 555/116/348 551/117/343 545/118/349
f 538/119/350 545/118/349 551/117/343
f 550/116/343 548/117/344 541/118/350
f 535/119/351 541/118/350 548/117/344
f 554/117/352 543/119/353 546/116/344
f 537/118/351 546/116/344 543/119/353
f 544/116/354 540/117/350 532/118/355
f 529/119/356 532/118/355 540/117/350
f 539/116/357 536/117/351 527/118/356
f 525/119/358 527/118/356 536/117/351
f 542/117/353 531/119/359 534/116/351
f 524/118/358 534/116/351 531/119/359
f 533/116/355 528/117/356 521/118/360
f 516/119/361 521/118/360 528/117/356
f 526/116/356 523/117/362 517/118/361
f 510/119/363 517/118/361 523/117/362
f 530/117/364 518/119/365 522/116/362
f 512/118/366 522/116/362 518/119/365
f 520/116/367 515/117/361 508/118/368
f 502/119/369 508/118/368 515/117/361
f 514/116/361 511/117/370 503/118/371
f 499/119/372 503/118/371 511/117/370
f 519/117/360 506/119/373 513/116/374
f 500/118/375 513/116/374 506/119/373
f 507/116/376 504/117/369 494/118/377
f 493/119/378 494/118/377 504/117/369
f 505/116/371 501/117/372 492/118/379
f 486/119/380 492/118/379 501/117/372
f 509/117/381 496/119/382 498/116/383
f 488/118/384 498/116/383 496/119/382
f 495/116/385 491/117/386 482/118/387
f 481/119/388 482/118/387 491/117/386
f 490/116/378 487/117/380 478/118/389
f 475/119/390 478/118/389 487/117/380
f 497/117/391 483/119/392 489/116/393
f 476/118/394 489/116/393 483/119/392
f 485/116/392 479/117/388 473/118/395
f 469/119/396 473/118/395 479/117/388
f 480/116/397 477/117/398 466/118/399
f 465/119/400 466/118/399 477/117/398
f 484/117/401 471/119/402 474/116/390
f 462/118/403 474/116/390 471/119/402
f 467/117/399 461/119/404 470/116/405
f 458/118/406 470/116/405 461/119/404
f 468/116/396 464/117/407 460/118/408
f 457/119/409 460/118/408 464/117/407
f 472/117/395 459/119/410 463/116/411
f 456/118/412 463/116/411 459/119/410
f 461/119/408 456/118/413 454/117/414
f 453/116/415 454/117/414 456/118/413
f 460/118/404 455/116/416 459/119/417
f 451/117/418 459/119/417 455/116/416
f 457/119/419 458/118/420 452/117/421
f 450/116/422 452/117/421 458/118/420
f 904/120/423 900/121/424 897/122/425
f 890/123/426 897/122/425 900/121/424
f 905/121/427 898/123/425 903/120/428
f 895/122/429 903/120/428 898/123/425
f 902/121/428 894/123/430 901/120/431
f 889/122/432 901/120/431 894/123/430
f 896/120/425 891/121/426 884/122/433
f 879/123/434 884/122/433 891/121/426
f 899/121/435 886/123/436 893/120/437
f 881/122/438 893/120/437 886/123/436
f 892/121/439 882/123/440 888/120/432
f 877/122/434 888/120/432 882/123/440
f 887/120/441 878/121/434 874/122/442
f 871/123/443 874/122/442 878/121/434
f 885/121/444 872/123/445 880/120/446
f 867/122/447 880/120/446 872/123/445
f 876/120/448 883/121/440 869/122/449
f 866/123/450 869/122/449 883/121/440
f 875/120/451 870/121/443 863/122/452
f 859/123/453 863/122/452 870/121/443
f 868/120/443 865/121/450 858/122/454
f 854/123/455 858/122/454 865/121/450
f 873/121/451 861/123/456 864/120/450
f 853/122/455 864/120/450 861/123/456
f 862/120/452 857/121/457 848/122/458
f 844/123/459 848/122/458 857/121/457
f 856/120/454 855/121/460 846/122/461
f 840/123/462 846/122/461 855/121/460
f 860/121/463 851/123/464 852/120/465
f 843/122/466 852/120/465 851/123/464
f 849/120/467 845/121/468 837/122/469
f 835/123/470 837/122/469 845/121/468
f 847/120/471 841/121/466 833/122/470
f 831/123/472 833/122/470 841/121/466
f 850/121/473 839/123/474 842/120/475
f 829/122/476 842/120/475 839/123/474
f 838/120/469 832/121/477 824/122/478
f 822/123/479 824/122/478 832/121/477
f 834/120/480 828/121/481 821/122/482
f 818/123/483 821/122/482 828/121/481
f 836/121/484 826/123/485 830/120/486
f 816/122/487 830/120/486 826/123/485
f 825/120/488 823/121/479 814/122/489
f 811/123/490 814/122/489 823/121/479
f 820/120/491 819/121/483 808/122/492
f 804/123/493 808/122/492 819/121/483
f 827/121/494 813/123/495 817/120/487
f 805/122/496 817/120/487 813/123/495
f 812/120/489 810/121/490 801/122/497
f 796/123/498 801/122/497 810/121/490
f 809/120/490 806/121/493 798/122/499
f 793/123/500 798/122/499 806/121/493
f 815/121/501 800/123/502 807/120/493
f 795/122/503 807/120/493 800/123/502
f 803/120/504 797/121/498 791/122/505
f 784/123/506 791/122/505 797/121/498
f 799/120/499 792/121/507 786/122/508
f 781/123/509 786/122/508 792/121/507
f 802/121/510 788/123/511 794/120/512
f 783/122/513 794/120/512 788/123/511
f 790/120/505 785/121/506 776/122/514
f 774/123/515 776/122/514 785/121/506
f 787/120/506 782/121/516 772/122/517
f 769/123/518 772/122/517 782/121/516
f 789/121/511 779/123/519 780/120/513
f 770/122/520 780/120/513 779/123/519
f 777/120/514 773/121/521 766/122/522
f 761/123/523 766/122/522 773/121/521
f 775/120/517 768/121/524 763/122/525
f 756/123/526 763/122/525 768/121/524
f 778/121/527 765/123/528 771/120/529
f 757/122/530 771/120/529 765/123/528
f 764/120/531 760/121/523 755/122/532
f 749/123/533 755/122/532 760/121/523
f 762/120/534 758/121/526 748/122/535
f 745/123/536 748/122/535 758/121/526
f 767/121/531 754/123/537 759/120/530
f 747/122/538 759/120/530 754/123/537
f 752/120/539 750/121/540 741/122/541
f 737/123/542 741/122/541 750/121/540
f 751/120/535 744/121/538 736/122/543
f 735/123/544 736/122/543 744/121/538
f 753/121/532 742/123/545 746/120/546
f 734/122/547 746/120/546 742/123/545
f 740/120/541 739/121/542 728/122/548
f 727/123/549 728/122/548 739/121/542
f 738/120/550 733/121/551 726/122/552
f 722/123/553 726/122/552 733/121/551
f 743/121/554 729/123/555 732/120/556
f 720/122/553 732/120/556 729/123/555
f 730/120/557 725/121/552 718/122/558
f 714/123/559 718/122/558 725/121/552
f 724/120/560 723/121/553 715/122/561
f 709/123/562 715/122/561 723/121/553
f 731/121/563 719/123/564 721/120/565
f 708/122/566 721/120/565 719/123/564
f 717/120/567 713/121/559 706/122/568
f 702/123/569 706/122/568 713/121/559
f 712/120/570 710/121/571 700/122/572
f 698/123/573 700/122/572 710/121/571
f 716/121/574 704/123/575 711/120/562
f 696/122/573 711/120/562 704/123/575
f 701/121/569 695/123/576 707/120/577
f 693/122/578 707/120/577 695/123/576
f 703/120/569 697/121/573 694/122/576
f 691/123/579 694/122/576 697/121/573
f 705/121/580 692/123/581 699/120/582
f 690/122/583 699/120/582 692/123/581
f 695/123/584 690/122/579 688/121/585
f 681/120/586 688/121/585 690/122/579
f 694/122/584 689/120/587 692/123/588
f 684/121/589 692/123/588 689/120/587
f 693/122/590 682/120/591 691/123/592
f 679/121/593 691/123/592 682/120/591
f 686/123/594 678/122/595 677/121/596
f 672/120/597 677/121/596 678/122/595
f 687/122/598 676/120/599 685/123/600
f 674/121/601 685/123/600 676/120/599
f 683/122/602 675/120/603 680/123/604
f 673/121/605 680/123/604 675/120/603
f 1127/124/606 1125/125/607 1120/126/608
f 1119/127/609 1120/126/608 1125/125/607
f 1124/124/610 1123/125/611 1118/126/612
f 1116/127/613 1118/126/612 1123/125/611
f 1126/125/614 1121/127/615 1122/124/616
f 1117/126/617 1122/124/616 1121/127/615
f 1121/127/618 1118/126/619 1113/125/620
f 1111/124/621 1113/125/620 1118/126/619
f 1119/127/622 1117/126/613 1110/125/623
f 1106/124/624 1110/125/623 1117/126/613
f 1120/126/625 1115/124/626 1116/127/617
f 1104/125/627 1116/127/617 1115/124/626
f 1112/127/628 1108/126/629 1103/125/630
f 1096/124/631 1103/125/630 1108/126/629
f 1109/127/632 1107/126/633 1097/125/634
f 1092/124/635 1097/125/634 1107/126/633
f 1114/126/628 1101/124/636 1105/127/627
f 1095/125/637 1105/127/627 1101/124/636
f 1102/127/636 1099/126/638 1088/125/639
f 1087/124/640 1088/125/639 1099/126/638
f 1098/127/641 1094/126/642 1084/125/643
f 1080/124/644 1084/125/643 1094/126/642
f 1100/126/645 1091/124/646 1093/127/647
f 1083/125/648 1093/127/647 1091/124/646
f 1089/127/646 1085/126/640 1076/125/649
f 1074/124/650 1076/125/649 1085/126/640
f 1086/127/651 1081/126/648 1072/125/652
f 1069/124/653 1072/125/652 1081/126/648
f 1090/126/654 1078/124/655 1082/127/648
f 1071/125/656 1082/127/648 1078/124/655
f 1077/127/657 1073/126/658 1065/125/659
f 1061/124/660 1065/125/659 1073/126/658
f 1075/127/661 1068/126/653 1063/125/662
f 1059/124/663 1063/125/662 1068/126/653
f 1079/126/664 1064/124/665 1070/127/666
f 1057/125/667 1070/127/666 1064/124/665
f 1067/127/668 1062/126/669 1054/125/670
f 1051/124/671 1054/125/670 1062/126/669
f 1060/127/672 1056/126/673 1048/125/674
f 1047/124/675 1048/125/674 1056/126/673
f 1066/126/659 1055/124/676 1058/127/677
f 1044/125/675 1058/127/677 1055/124/676
f 1052/127/678 1050/126/679 1040/125/680
f 1038/124/681 1040/125/680 1050/126/679
f 1049/127/682 1045/126/683 1037/125/684
f 1035/124/685 1037/125/684 1045/126/683
f 1053/126/670 1043/124/686 1046/127/683
f 1033/125/687 1046/127/683 1043/124/686
f 1041/127/688 1036/126/689 1030/125/690
f 1025/124/691 1030/125/690 1036/126/689
f 1039/127/681 1034/126/692 1024/125/691
f 1023/124/693 1024/125/691 1034/126/692
f 1042/126/688 1028/124/694 1032/127/692
f 1020/125/695 1032/127/692 1028/124/694
f 1031/127/694 1026/126/696 1016/125/697
f 1014/124/698 1016/125/697 1026/126/696
f 1027/127/699 1021/126/700 1012/125/701
f 1009/124/702 1012/125/701 1021/126/700
f 1029/126/690 1019/124/703 1022/127/695
f 1010/125/704 1022/127/695 1019/124/703
f 1017/127/705 1015/126/706 1006/125/707
f 1001/124/708 1006/125/707 1015/126/706
f 1013/127/698 1008/126/702 1000/125/709
f 998/124/710 1000/125/709 1008/126/702
f 1018/126/703 1005/124/711 1011/127/704
f 996/125/712 1011/127/704 1005/124/711
f 1004/127/713 1002/126/714 993/125/715
f 990/124/716 993/125/715 1002/126/714
f 1003/127/717 999/126/712 991/125/718
f 984/124/719 991/125/718 999/126/712
f 1007/126/711 995/124/715 997/127/720
f 987/125/721 997/127/720 995/124/715
f 992/127/715 989/126/716 981/125/722
f 979/124/723 981/125/722 989/126/716
f 988/127/718 986/126/719 977/125/724
f 972/124/725 977/125/724 986/126/719
f 994/126/726 983/124/727 985/127/719
f 975/125/728 985/127/719 983/124/727
f 980/127/729 978/126/730 970/125/731
f 966/124/732 970/125/731 978/126/730
f 976/127/724 973/126/725 965/125/733
f 963/124/734 965/125/733 973/126/725
f 982/126/735 968/124/736 974/127/725
f 961/125/734 974/127/725 968/124/736
f 969/127/737 964/126/738 956/125/739
f 952/124/740 956/125/739 964/126/738
f 967/127/741 962/126/734 953/125/742
f 948/124/743 953/125/742 962/126/734
f 971/126/744 959/124/745 960/127/746
f 950/125/747 960/127/746 959/124/745
f 958/127/739 954/126/748 944/125/749
f 941/124/750 944/125/749 954/126/748
f 955/127/740 949/126/743 942/125/750
f 939/124/751 942/125/750 949/126/743
f 957/126/745 946/124/752 951/127/743
f 937/125/751 951/127/743 946/124/752
f 947/127/753 943/126/754 929/125/755
f 926/124/756 929/125/755 943/126/754
f 938/126/757 935/124/758 940/127/750
f 924/125/756 940/127/750 935/124/758
f 936/127/757 945/126/752 934/125/759
f 931/124/755 934/125/759 945/126/752
f 932/127/758 928/126/755 920/125/760
f 918/124/761 920/125/760 928/126/755
f 930/127/762 927/126/763 917/125/764
f 912/124/765 917/125/764 927/126/763
f 933/126/758 921/124/766 925/127/767
f 914/125/768 925/127/767 921/124/766
f 922/127/760 919/126/769 910/125/770
f 908/124/771 910/125/770 919/126/769
f 916/127/772 913/126/773 909/125/774
f 906/124/775 909/125/774 913/126/773
f 923/126/766 911/124/776 915/127/768
f 907/125/777 915/127/768 911/124/776
f 1360/128/778 1358/129/779 1353/130/780
f 1349/131/781 1353/130/780 1358/129/779
f 1359/128/782 1356/129/783 1348/130/784
f 1344/131/785 1348/130/784 1356/129/783
f 1361/129/786 1354/131/787 1357/128/788
f 1347/130/789 1357/128/788 1354/131/787
f 1352/128/790 1351/129/791 1342/130/792
f 1340/131/793 1342/130/792 1351/129/791
f 1350/128/794 1345/129/789 1341/130/795
f 1338/131/796 1341/130/795 1345/129/789
f 1355/129/797 1343/131/798 1346/128/789
f 1339/130/799 1346/128/789 1343/131/798
f 1343/131/800 1341/130/801 1335/129/802
f 1331/128/803 1335/129/802 1341/130/801
f 1340/131/804 1339/130/805 1333/129/803
f 1328/128/806 1333/129/803 1339/130/805
f 1342/130/807 1334/128/808 1338/131/796
f 1326/129/806 1338/131/796 1334/128/808
f 1337/131/809 1330/130/810 1325/129/811
f 1321/128/812 1325/129/811 1330/130/810
f 1332/131/803 1329/130/806 1318/129/812
f 1314/128/813 1318/129/812 1329/130/806
f 1336/130/814 1323/128/815 1327/131/816
f 1317/129/813 1327/131/816 1323/128/815
f 1324/131/817 1320/130/812 1311/129/818
f 1309/128/819 1311/129/818 1320/130/812
f 1319/131/820 1315/130/821 1308/129/822
f 1305/128/823 1308/129/822 1315/130/821
f 1322/130/824 1312/128/825 1316/131/813
f 1303/129/826 1316/131/813 1312/128/825
f 1313/131/825 1306/130/819 1298/129/827
f 1294/128/828 1298/129/827 1306/130/819
f 1307/131/822 1302/130/829 1295/129/830
f 1292/128/831 1295/129/830 1302/130/829
f 1310/130/832 1301/128/833 1304/131/826
f 1291/129/834 1304/131/826 1301/128/833
f 1299/131/835 1296/130/836 1286/129/837
f 1284/128/838 1286/129/837 1296/130/836
f 1297/131/830 1293/130/839 1283/129/840
f 1279/128/841 1283/129/840 1293/130/839
f 1300/130/842 1288/128/843 1290/131/834
f 1280/129/841 1290/131/834 1288/128/843
f 1289/131/844 1285/130/845 1275/129/846
f 1272/128/847 1275/129/846 1285/130/845
f 1282/131/845 1278/130/848 1270/129/849
f 1269/128/850 1270/129/849 1278/130/848
f 1287/130/851 1277/128/852 1281/131/848
f 1266/129/850 1281/131/848 1277/128/852
f 1276/131/853 1273/130/854 1263/129/855
f 1261/128/856 1263/129/855 1273/130/854
f 1271/131/857 1267/130/858 1259/129/859
f 1256/128/860 1259/129/859 1267/130/858
f 1274/130/861 1264/128/862 1268/131/863
f 1255/129/864 1268/131/863 1264/128/862
f 1262/131/865 1260/130/866 1250/129/867
f 1248/128/868 1250/129/867 1260/130/866
f 1258/131/869 1257/130/870 1246/129/871
f 1243/128/872 1246/129/871 1257/130/870
f 1265/130/862 1252/128/873 1254/131/870
f 1244/129/874 1254/131/870 1252/128/873
f 1251/131/867 1247/130/868 1241/129/875
f 1237/128/876 1241/129/875 1247/130/868
f 1249/131/877 1242/130/874 1235/129/878
f 1231/128/879 1235/129/878 1242/130/874
f 1253/130/880 1240/128/881 1245/131/872
f 1232/129/882 1245/131/872 1240/128/881
f 1239/131/883 1234/130/884 1228/129/885
f 1223/128/886 1228/129/885 1234/130/884
f 1236/131/878 1233/130/879 1222/129/886
f 1219/128/887 1222/129/886 1233/130/879
f 1238/130/881 1226/128/888 1230/131/882
f 1218/129/889 1230/131/882 1226/128/888
f 1227/131/890 1224/130/891 1217/129/892
f 1213/128/893 1217/129/892 1224/130/891
f 1225/131/894 1221/130/895 1212/129/896
f 1208/128/897 1212/129/896 1221/130/895
f 1229/130/898 1215/128/892 1220/131/899
f 1209/129/900 1220/131/899 1215/128/892
f 1214/131/892 1211/130/893 1203/129/901
f 1199/128/902 1203/129/901 1211/130/893
f 1210/131/896 1206/130/903 1200/129/904
f 1194/128/905 1200/129/904 1206/130/903
f 1216/130/906 1205/128/907 1207/131/903
f 1195/129/908 1207/131/903 1205/128/907
f 1202/131/909 1198/130/910 1192/129/911
f 1188/128/912 1192/129/911 1198/130/910
f 1201/131/913 1196/130/914 1187/129/915
f 1184/128/916 1187/129/915 1196/130/914
f 1204/130/907 1190/128/917 1197/131/908
f 1183/129/918 1197/131/908 1190/128/917
f 1191/131/919 1189/130/920 1180/129/921
f 1174/128/922 1180/129/921 1189/130/920
f 1186/131/923 1185/130/916 1175/129/922
f 1171/128/924 1175/129/922 1185/130/916
f 1193/130/925 1181/128/926 1182/131/927
f 1170/129/928 1182/131/927 1181/128/926
f 1179/131/929 1176/130/930 1168/129/931
f 1165/128/932 1168/129/931 1176/130/930
f 1177/131/922 1173/130/924 1162/129/932
f 1158/128/933 1162/129/932 1173/130/924
f 1178/130/934 1167/128/931 1172/131/924
f 1160/129/933 1172/131/924 1167/128/931
f 1169/131/931 1163/130/935 1152/129/936
f 1146/128/937 1152/129/936 1163/130/935
f 1161/130/933 1156/128/938 1164/131/939
f 1149/129/940 1164/131/939 1156/128/938
f 1159/131/941 1166/130/942 1155/129/943
f 1153/128/936 1155/129/943 1166/130/942
f 1154/131/944 1151/130/945 1142/129/946
f 1135/128/947 1142/129/946 1151/130/945
f 1147/130/948 1138/128/949 1150/131/950
f 1137/129/951 1150/131/950 1138/128/949
f 1157/130/944 1143/128/952 1148/131/940
f 1139/129/953 1148/131/940 1143/128/952
f 1144/131/954 1136/130/947 1133/129/955
f 1128/128/956 1133/129/955 1136/130/947
f 1145/130/952 1132/128/957 1140/131/958
f 1131/129/959 1140/131/958 1132/128/957
f 1141/130/958 1130/128/960 1134/131/951
f 1129/129/956 1134/131/951 1130/128/960
usemtl material5
f 1571/132/961 1590/133/962 1563/134/963
f 1581/135/964 1563/134/963 1590/133/962
f 1563/134/963 1581/135/964 1574/136/965
f 1573/137/966 1574/136/965 1581/135/964
f 1585/138/967 1568/139/968 1583/140/969
f 1565/141/970 1583/140/969 1568/139/968
f 1583/140/969 1565/141/970 1587/142/971
f 1561/143/972 1587/142/971 1565/141/970
f 1587/142/971 1561/143/972 1588/144/973
f 1560/145/974 1588/144/973 1561/143/972
f 1588/144/973 1560/145/974 1577/146/975
f 1582/147/976 1577/146/975 1580/148/977
f 1584/149/978 1580/148/977 1577/146/975
f 1570/150/979 1564/151/980 1551/152/981
f 1557/153/982 1551/152/981 1564/151/980
f 1551/152/981 1557/153/982 1545/154/983
f 1544/155/984 1545/154/983 1557/153/982
f 1545/154/983 1544/155/984 1534/156/985
f 1529/157/986 1534/156/985 1544/155/984
f 1534/156/985 1529/157/986 1514/158/987
f 1510/159/988 1514/158/987 1529/157/986
f 1514/158/987 1510/159/988 1486/160/989
f 1489/161/990 1486/160/989 1510/159/988
f 1486/160/989 1489/161/990 1470/162/991
f 1480/163/992 1470/162/991 1489/161/990
f 1562/164/993 1556/165/994 1559/166/995
f 1547/167/996 1559/166/995 1556/165/994
f 1559/166/995 1547/167/996 1576/168/997
f 1552/169/998 1576/168/997 1547/167/996
f 1576/168/997 1552/169/998 1546/170/999
f 1536/171/1000 1546/170/999 1552/169/998
f 1546/170/999 1536/171/1000 1525/172/1001
f 1509/173/1002 1525/172/1001 1536/171/1000
f 1525/172/1001 1509/173/1002 1528/174/1003
f 1513/175/1004 1528/174/1003 1509/173/1002
f 1528/174/1003 1513/175/1004 1533/176/1005
f 1515/177/1006 1533/176/1005 1513/175/1004
f 1533/176/1005 1515/177/1006 1529/157/986
f 1510/159/988 1529/157/986 1515/177/1006
f 1576/168/997 1546/170/999 1567/178/1007
f 1550/179/1008 1567/178/1007 1546/170/999
f 1567/178/1007 1550/179/1008 1579/180/1009
f 1572/181/1010 1579/180/1009 1550/179/1008
f 1575/182/1011 1550/179/1008 1553/183/1012
f 1528/174/1003 1553/183/1012 1550/179/1008
f 1553/183/1012 1528/174/1003 1542/184/1013
f 1533/176/1005 1542/184/1013 1528/174/1003
f 1542/184/1013 1533/176/1005 1544/155/984
f 1529/157/986 1544/155/984 1533/176/1005
f 1563/134/963 1574/136/965 1558/185/1014
f 1554/186/1015 1558/185/1014 1574/136/965
f 1553/183/1012 1542/184/1013 1557/153/982
f 1544/155/984 1557/153/982 1542/184/1013
f 1556/165/994 1569/187/1016 1548/188/1017
f 1549/189/1018 1548/188/1017 1569/187/1016
f 1548/188/1017 1549/189/1018 1543/190/1019
f 1540/191/1020 1543/190/1019 1549/189/1018
f 1543/190/1019 1540/191/1020 1537/192/1021
f 1561/143/972 1565/141/970 1555/193/1022
f 1568/139/968 1555/193/1022 1565/141/970
f 1539/194/1023 1532/195/1024 1538/196/1025
f 1535/197/1026 1538/196/1025 1532/195/1024
f 1538/196/1025 1535/197/1026 1527/198/1027
f 1523/199/1028 1527/198/1027 1535/197/1026
f 1527/198/1027 1523/199/1028 1516/200/1029
f 1526/201/1030 1511/202/1031 1541/203/1032
f 1530/204/1033 1541/203/1032 1511/202/1031
f 1541/203/1032 1530/204/1033 1547/167/996
f 1552/169/998 1547/167/996 1530/204/1033
f 1524/205/1034 1531/206/1035 1504/207/1036
f 1500/208/1037 1504/207/1036 1531/206/1035
f 1512/209/1038 1519/210/1039 1502/211/1040
f 1508/212/1041 1502/211/1040 1519/210/1039
f 1502/211/1040 1508/212/1041 1488/213/1042
f 1492/214/1043 1488/213/1042 1508/212/1041
f 1488/213/1042 1492/214/1043 1497/215/1044
f 1491/216/1045 1497/215/1044 1492/214/1043
f 1519/210/1039 1517/217/1046 1508/212/1041
f 1522/218/1047 1508/212/1041 1517/217/1046
f 1508/212/1041 1522/218/1047 1492/214/1043
f 1505/219/1048 1492/214/1043 1522/218/1047
f 1492/214/1043 1505/219/1048 1491/216/1045
f 1501/220/1049 1491/216/1045 1505/219/1048
f 1511/202/1050 1503/221/1051 1495/222/1052
f 1487/223/1053 1495/222/1052 1503/221/1051
f 1495/222/1052 1487/223/1053 1482/224/1054
f 1496/225/1055 1482/224/1054 1487/223/1053
f 1498/226/1056 1490/227/1057 1506/228/1058
f 1499/229/1059 1506/228/1058 1490/227/1057
f 1480/163/992 1489/161/990 1477/230/1060
f 1493/231/1061 1477/230/1060 1489/161/990
f 1477/230/1060 1493/231/1061 1484/232/1062
f 1515/177/1006 1484/232/1062 1493/231/1061
f 1484/232/1062 1515/177/1006 1513/175/1004
f 1466/233/1063 1472/234/1064 1473/235/1065
f 1460/236/1066 1473/235/1065 1472/234/1064
f 1473/235/1065 1460/236/1066 1457/237/1067
f 1436/238/1068 1464/239/1069 1449/240/1070
f 1454/241/1071 1449/240/1070 1464/239/1069
f 1449/240/1070 1454/241/1071 1432/242/1072
f 1435/243/1073 1432/242/1072 1454/241/1071
f 1463/244/1074 1471/245/1075 1453/246/1076
f 1465/247/1077 1453/246/1076 1471/245/1075
f 1453/246/1076 1465/247/1077 1448/248/1078
f 1451/249/1079 1448/248/1078 1465/247/1077
f 1448/248/1078 1451/249/1079 1444/250/1080
f 1455/251/1081 1444/250/1080 1451/249/1079
f 1456/252/1082 1469/253/1083 1474/254/1084
f 1479/255/1085 1474/254/1084 1469/253/1083
f 1474/254/1084 1479/255/1085 1467/256/1086
f 1478/257/1087 1467/256/1086 1479/255/1085
f 1467/256/1086 1478/257/1087 1452/258/1088
f 1454/241/1071 1447/259/1089 1435/243/1073
f 1445/260/1090 1435/243/1073 1447/259/1089
f 1451/249/1079 1477/230/1060 1455/251/1081
f 1484/232/1062 1455/251/1081 1477/230/1060
f 1455/251/1081 1484/232/1062 1476/261/1091
f 1513/175/1004 1476/261/1091 1484/232/1062
f 1476/261/1091 1513/175/1004 1509/173/1002
f 1455/251/1081 1476/261/1091 1445/260/1080
f 1427/262/1092 1445/260/1080 1476/261/1091
f 1445/260/1080 1427/262/1092 1420/263/1093
f 1415/264/1094 1420/263/1093 1427/262/1092
f 1420/263/1093 1415/264/1094 1414/265/1095
f 1412/266/1096 1414/265/1095 1415/264/1094
f 1414/265/1095 1412/266/1096 1396/267/1097
f 1411/268/1098 1396/267/1097 1412/266/1096
f 1396/267/1097 1411/268/1098 1399/269/1099
f 1397/270/1100 1399/269/1099 1411/268/1098
f 1399/269/1099 1397/270/1100 1392/271/1101
f 1384/272/1102 1392/271/1101 1397/270/1100
f 1392/271/1101 1384/272/1102 1370/273/1103
f 1373/274/1104 1370/273/1103 1384/272/1102
f 1436/238/1068 1449/240/1070 1430/275/1105
f 1432/242/1072 1430/275/1105 1449/240/1070
f 1369/276/1106 1371/277/1107 1375/278/1108
f 1378/279/1109 1375/278/1108 1371/277/1107
f 1375/278/1108 1378/279/1109 1386/280/1110
f 1382/281/1111 1386/280/1110 1378/279/1109
f 1386/280/1110 1382/281/1111 1394/282/1112
f 1383/283/1113 1394/282/1112 1382/281/1111
f 1383/283/1113 1382/281/1111 1368/284/1114
f 1378/279/1109 1368/284/1114 1382/281/1111
f 1368/284/1114 1378/279/1109 1371/277/1107
f 1370/273/1103 1367/285/1115 1392/271/1101
f 1375/278/1108 1392/271/1101 1367/285/1115
f 1392/271/1101 1375/278/1108 1386/280/1110
f 1399/269/1099 1386/280/1110 1396/267/1097
f 1394/282/1112 1396/267/1097 1386/280/1110
f 1396/267/1097 1394/282/1112 1405/286/1116
f 1406/287/1117 1405/286/1116 1394/282/1112
f 1405/286/1116 1406/287/1117 1414/265/1095
f 1413/288/1118 1414/265/1095 1406/287/1117
f 1414/265/1095 1413/288/1118 1416/289/1119
f 1425/290/1120 1416/289/1119 1413/288/1118
f 1416/289/1119 1425/290/1120 1424/291/1121
f 1428/292/1122 1424/291/1121 1425/290/1120
f 1424/291/1121 1428/292/1122 1431/293/1105
f 1437/294/1123 1431/293/1105 1428/292/1122
f 1431/293/1105 1433/295/1124 1424/291/1121
f 1426/296/1125 1424/291/1121 1433/295/1124
f 1424/291/1121 1426/296/1125 1416/289/1119
f 1420/263/1093 1416/289/1119 1426/296/1125
f 1416/289/1119 1420/263/1093 1414/265/1095
f 1434/297/1126 1443/298/1127 1426/296/1125
f 1420/263/1093 1426/296/1125 1443/298/1127
f 1402/299/1128 1408/300/1129 1403/301/1130
f 1410/302/1131 1403/301/1130 1408/300/1129
f 1403/301/1130 1410/302/1131 1401/303/1132
f 1418/304/1133 1408/300/1129 1421/305/1134
f 1417/306/1135 1421/305/1134 1408/300/1129
f 1421/305/1134 1417/306/1135 1423/307/1136
f 1441/308/1137 1423/307/1136 1417/306/1135
f 1423/307/1136 1441/308/1137 1440/309/1138
f 1450/310/1139 1440/309/1138 1441/308/1137
f 1440/309/1138 1450/310/1139 1462/311/1140
f 1475/312/1141 1462/311/1140 1450/310/1139
f 1462/311/1140 1475/312/1141 1483/313/1142
f 1494/314/1143 1483/313/1142 1475/312/1141
f 1462/311/1140 1468/315/1144 1439/316/1145
f 1442/317/1146 1439/316/1145 1468/315/1144
f 1439/316/1145 1442/317/1146 1421/305/1134
f 1418/304/1133 1421/305/1134 1442/317/1146
f 1483/313/1142 1496/225/1056 1462/311/1140
f 1468/315/1144 1462/311/1140 1496/225/1056
f 1412/266/1096 1415/264/1094 1411/268/1098
f 1422/318/1147 1411/268/1098 1415/264/1094
f 1411/268/1098 1422/318/1147 1407/319/1148
f 1419/320/1149 1407/319/1148 1422/318/1147
f 1407/319/1148 1419/320/1149 1400/321/1150
f 1409/322/1151 1400/321/1150 1419/320/1149
f 1400/321/1150 1409/322/1151 1389/323/1152
f 1395/324/1153 1389/323/1152 1409/322/1151
f 1389/323/1152 1395/324/1153 1388/325/1154
f 1398/326/1155 1388/325/1154 1395/324/1153
f 1388/325/1154 1398/326/1155 1390/327/1156
f 1401/303/1157 1390/327/1156 1398/326/1155
f 1390/327/1156 1401/303/1157 1391/328/1158
f 1404/301/1159 1398/326/1155 1402/299/1128
f 1395/324/1153 1402/299/1128 1398/326/1155
f 1402/299/1128 1395/324/1153 1409/322/1151
f 1411/268/1098 1407/319/1148 1397/270/1100
f 1400/321/1150 1397/270/1100 1407/319/1148
f 1397/270/1100 1400/321/1150 1393/329/1160
f 1387/330/1161 1393/329/1160 1400/321/1150
f 1393/329/1160 1387/330/1161 1385/331/1162
f 1364/332/1163 1385/331/1162 1387/330/1161
f 1385/331/1162 1364/332/1163 1373/274/1104
f 1385/331/1162 1384/272/1102 1393/329/1160
f 1397/270/1100 1393/329/1160 1384/272/1102
f 1387/330/1161 1389/323/1152 1379/333/1164
f 1374/334/1165 1379/333/1164 1389/323/1152
f 1379/333/1164 1374/334/1165 1363/335/1166
f 1372/336/1167 1363/335/1166 1374/334/1165
f 1363/335/1166 1372/336/1167 1362/337/1168
f 1365/338/1169 1362/337/1168 1372/336/1167
f 1376/339/1170 1372/336/1167 1377/340/1171
f 1374/334/1165 1377/340/1171 1372/336/1167
f 1377/340/1171 1374/334/1165 1381/341/1172
f 1389/323/1152 1381/341/1172 1374/334/1165
f 1381/341/1172 1389/323/1152 1388/325/1154
f 1387/330/1161 1380/342/1173 1364/332/1163
f 1366/343/1174 1364/332/1163 1380/342/1173
f 1381/341/1172 1390/327/1156 1377/340/1171
f 1391/328/1158 1377/340/1171 1390/327/1156
f 1377/340/1171 1391/328/1158 1376/339/1170
f 1409/322/1151 1417/306/1135 1402/299/1128
f 1408/300/1129 1402/299/1128 1417/306/1135
f 1409/322/1151 1438/344/1175 1417/306/1135
f 1441/308/1137 1417/306/1135 1438/344/1175
f 1422/318/1147 1427/262/1092 1419/320/1149
f 1429/345/1176 1419/320/1149 1427/262/1092
f 1419/320/1149 1429/345/1176 1438/344/1175
f 1446/346/1177 1438/344/1175 1429/345/1176
f 1438/344/1175 1446/346/1177 1458/347/1178
f 1485/348/1179 1458/347/1178 1446/346/1177
f 1458/347/1178 1485/348/1179 1481/349/1180
f 1507/350/1181 1481/349/1180 1485/348/1179
f 1481/349/1180 1507/350/1181 1494/314/1143
f 1511/202/1031 1494/314/1143 1507/350/1181
f 1429/345/1176 1476/261/1091 1485/348/1179
f 1509/173/1002 1485/348/1179 1476/261/1091
f 1485/348/1179 1509/173/1002 1536/171/1000
f 1441/308/1137 1458/347/1178 1475/312/1141
f 1481/349/1180 1475/312/1141 1458/347/1178
f 1475/312/1141 1481/349/1180 1494/314/1143
f 1489/161/990 1510/159/988 1493/231/1061
f 1515/177/1006 1493/231/1061 1510/159/988
f 1511/202/1031 1507/350/1181 1530/204/1033
f 1518/351/1182 1530/204/1033 1507/350/1181
f 1530/204/1033 1518/351/1182 1536/171/1000
f 1485/348/1179 1536/171/1000 1518/351/1182
f 1528/174/1003 1550/179/1008 1525/172/1001
f 1546/170/999 1525/172/1001 1550/179/1008
f 1537/192/1021 1541/203/1032 1543/190/1019
f 1547/167/996 1543/190/1019 1541/203/1032
f 1543/190/1019 1547/167/996 1548/188/1017
f 1556/165/994 1548/188/1017 1547/167/996
f 1584/149/978 1566/352/1183 1586/353/1184
f 1578/354/1185 1586/353/1184 1566/352/1183
f 1586/353/1184 1578/354/1185 1581/135/964
f 1573/137/966 1581/135/964 1578/354/1185
f 1380/342/1173 1379/333/1164 1366/343/1174
f 1363/335/1166 1366/343/1174 1379/333/1164
f 1440/309/1138 1439/316/1145 1423/307/1136
f 1421/305/1134 1423/307/1136 1439/316/1145
f 1577/146/975 1582/147/976 1588/144/973
f 1566/352/1183 1584/149/978 1577/146/975
f 1550/179/1008 1575/182/1011 1572/181/1010
f 1536/171/1000 1552/169/998 1530/204/1033
f 1526/201/1030 1541/203/1032 1537/192/1021
f 1523/199/1028 1535/197/1026 1532/195/1024
f 1511/202/1031 1526/201/1030 1521/355/1186
f 1485/348/1179 1518/351/1182 1507/350/1181
f 1441/308/1137 1475/312/1141 1450/310/1139
f 1440/309/1138 1462/311/1140 1439/316/1145
f 1438/344/1175 1458/347/1178 1441/308/1137
f 1429/345/1176 1485/348/1179 1446/346/1177
f 1427/262/1092 1476/261/1091 1429/345/1176
f 1426/296/1125 1433/295/1124 1434/297/1126
f 1419/320/1149 1438/344/1175 1409/322/1151
f 1415/264/1094 1427/262/1092 1422/318/1147
f 1408/300/1129 1418/304/1133 1410/302/1131
f 1405/286/1116 1414/265/1095 1396/267/1097
f 1398/326/1155 1404/301/1159 1401/303/1157
f 1388/325/1154 1390/327/1156 1381/341/1172
f 1387/330/1161 1400/321/1150 1389/323/1152
f 1386/280/1110 1399/269/1099 1392/271/1101
f 1384/272/1102 1385/331/1162 1373/274/1104
f 1380/342/1173 1387/330/1161 1379/333/1164
f 1372/336/1167 1376/339/1170 1365/338/1169
f 1425/290/1120 1437/294/1123 1428/292/1122
f 1436/238/1068 1461/356/1187 1464/239/1069
f 1459/357/1066 1471/245/1075 1463/244/1074
f 1516/200/1029 1520/358/1186 1527/198/1027
f 1571/132/961 1589/359/1188 1590/133/962
usemtl material6
f 1681/360/1189 1680/361/1190 1678/362/1191
f 1679/363/979 1678/362/1191 1680/361/1190
f 1678/362/1191 1679/363/979 1676/364/246
f 1677/365/981 1676/364/246 1679/363/979
f 1676/364/246 1677/365/981 1674/366/246
f 1672/367/246 1674/366/246 1677/365/981
s 0
f 1674/366/246 1672/367/246 1671/368/246
f 1670/369/246 1671/368/246 1672/367/246
s 1
f 1671/368/246 1670/369/246 1669/370/1192
f 1665/371/246 1669/370/1192 1670/369/246
f 1672/367/246 1673/372/1193 1670/369/246
f 1667/373/1194 1670/369/246 1673/372/1193
f 1670/369/246 1667/373/1194 1665/371/246
f 1664/374/1195 1665/371/246 1667/373/1194
f 1665/371/246 1664/374/1195 1660/375/1196
f 1659/376/989 1660/375/1196 1664/374/1195
f 1660/375/1196 1659/376/989 1657/377/1197
f 1658/378/1198 1657/377/1197 1659/376/989
f 1657/377/1197 1658/378/1198 1654/379/246
f 1655/380/1082 1654/379/246 1658/378/1198
f 1654/379/246 1655/380/1082 1651/381/246
f 1652/382/1199 1651/381/246 1655/380/1082
f 1678/362/1191 1676/364/246 1675/383/246
s 0
f 1674/366/246 1675/383/246 1676/364/246
s 1
f 1675/383/246 1674/366/246 1669/370/1192
f 1671/368/246 1669/370/1192 1674/366/246
f 1668/384/1192 1662/385/1200 1666/386/1201
f 1661/387/1202 1666/386/1201 1662/385/1200
f 1636/278/1203 1629/285/1204 1632/276/1106
f 1621/388/1205 1632/276/1106 1629/285/1204
f 1632/276/1106 1621/388/1205 1634/277/1206
f 1620/389/1207 1634/277/1206 1621/388/1205
f 1634/277/1206 1620/389/1207 1631/284/1208
f 1611/390/1209 1631/284/1208 1620/389/1207
f 1626/338/1210 1612/391/1211 1622/337/1212
f 1614/392/1213 1622/337/1212 1612/391/1211
f 1622/337/1212 1614/392/1213 1623/335/1214
f 1605/393/1215 1623/335/1214 1614/392/1213
f 1623/335/1214 1605/393/1215 1628/343/1216
f 1615/394/1217 1628/343/1216 1605/393/1215
f 1628/343/1216 1615/394/1217 1604/395/1218
f 1593/396/1219 1604/395/1218 1615/394/1217
f 1604/395/1218 1593/396/1219 1598/397/1220
f 1628/343/1216 1604/395/1218 1624/332/1221
f 1616/398/1222 1624/332/1221 1604/395/1218
f 1624/332/1221 1616/398/1222 1635/274/1223
f 1619/399/1224 1635/274/1223 1616/398/1222
f 1635/274/1223 1619/399/1224 1633/273/1225
f 1618/400/1226 1633/273/1225 1619/399/1224
f 1633/273/1225 1618/400/1226 1629/285/1204
f 1617/401/1227 1629/285/1204 1618/400/1226
f 1629/285/1204 1617/401/1227 1621/388/1205
f 1620/389/1207 1621/388/1205 1617/401/1227
f 1610/402/1228 1625/403/1229 1627/404/246
f 1637/405/1230 1627/404/246 1625/403/1229
f 1627/404/246 1637/405/1230 1638/406/246
f 1640/407/1231 1638/406/246 1637/405/1230
f 1638/406/246 1640/407/1231 1639/408/1232
f 1642/409/246 1639/408/1232 1640/407/1231
f 1639/408/1232 1642/409/246 1641/410/1233
f 1644/411/246 1641/410/1233 1642/409/246
f 1642/409/246 1643/412/1234 1645/413/246
f 1647/414/246 1645/413/246 1643/412/1234
s 0
f 1645/413/246 1647/414/246 1648/415/246
f 1651/381/246 1648/415/246 1647/414/246
s 1
f 1647/414/246 1646/416/1235 1651/381/246
f 1649/417/1236 1651/381/246 1646/416/1235
f 1651/381/246 1649/417/1236 1650/418/246
f 1653/419/1237 1650/418/246 1649/417/1236
f 1650/418/246 1653/419/1237 1657/377/1197
f 1609/420/1238 1627/404/246 1630/421/1208
f 1638/406/246 1630/421/1208 1627/404/246
f 1630/421/1208 1638/406/246 1639/408/1232
f 1613/422/1239 1602/423/1240 1607/424/1228
f 1601/425/1241 1607/424/1228 1602/423/1240
f 1607/424/1228 1601/425/1241 1606/426/1242
f 1600/427/1243 1611/390/1209 1591/428/1244
f 1620/389/1207 1591/428/1244 1611/390/1209
f 1591/428/1244 1620/389/1207 1595/429/1245
f 1617/401/1227 1595/429/1245 1620/389/1207
f 1595/429/1245 1617/401/1227 1618/400/1226
f 1594/430/1246 1618/400/1226 1598/397/1220
f 1619/399/1224 1598/397/1220 1618/400/1226
f 1598/397/1220 1619/399/1224 1616/398/1222
f 1592/431/1247 1615/394/1217 1599/432/1248
f 1597/433/1249 1599/432/1248 1615/394/1217
f 1597/433/1249 1605/393/1215 1596/434/1250
f 1614/392/1213 1596/434/1250 1605/393/1215
f 1596/434/1250 1614/392/1213 1603/435/1251
f 1612/391/1211 1603/435/1251 1614/392/1213
s 0
f 1642/409/246 1645/413/246 1644/411/246
f 1648/415/246 1644/411/246 1645/413/246
f 1651/381/246 1650/418/246 1654/379/246
s 1
f 1657/377/1197 1654/379/246 1650/418/246
f 1672/367/246 1677/365/981 1673/372/1193
f 1662/385/1200 1668/384/1192 1665/371/246
f 1652/382/1199 1655/380/1082 1656/436/1252
f 1646/416/1235 1647/414/246 1643/412/1234
f 1610/402/1228 1627/404/246 1609/420/1238
f 1598/397/1220 1616/398/1222 1604/395/1218
f 1597/433/1249 1615/394/1217 1605/393/1215
f 1595/429/1245 1618/400/1226 1594/430/1246
f 1593/396/1219 1615/394/1217 1592/431/1247
f 1608/437/1242 1625/403/1229 1610/402/1228
f 1640/407/1231 1643/412/1234 1642/409/246
f 1660/375/1196 1663/438/1200 1665/371/246
