# Source-author permission confirmed by the user on 2026-07-25.
# Normalized to metres and Z-up; source UVs/material assignments retained.
# Blender 4.2.0
# www.blender.org
mtllib rv_mod_cit_statue.mtl
o rv_mod_cit_statue
v -0.172191 1.003847 12.900400
v 0.172191 1.003847 12.900400
v 0.123690 0.950587 12.767212
v -0.123690 0.950587 12.767212
v 0.000000 0.882966 13.333794
v -0.172191 0.762084 12.900400
v 0.172191 0.762084 12.900400
v -0.123690 0.815344 12.767212
v 0.123690 0.815344 12.767212
v -0.172191 0.762084 12.900400
v -0.172191 1.003847 12.900400
v -0.123690 0.950587 12.767212
v -0.123690 0.815344 12.767212
v 0.172191 1.003847 12.900400
v 0.172191 0.762084 12.900400
v 0.123690 0.815344 12.767212
v 0.123690 0.950587 12.767212
v -0.123690 0.815344 12.767212
v -0.123690 0.950587 12.767212
v -0.123690 0.950587 11.158774
v -0.123690 0.815344 11.158774
v 0.123690 0.815344 12.767212
v 0.123690 0.815344 11.158774
v 0.123690 0.950587 11.158774
v 0.123690 0.950587 12.767212
v 0.123690 0.950587 12.767212
v 0.123690 0.950587 11.158774
v -0.123690 0.950587 11.158774
v -0.123690 0.950587 12.767212
v -0.123690 0.815344 12.767212
v -0.123690 0.815344 11.158774
v 0.123690 0.815344 11.158774
v 0.123690 0.815344 12.767212
v -0.123690 0.950587 11.158774
v 0.123690 0.950587 11.158774
v 0.409064 0.977302 10.971207
v -0.409064 0.977302 10.971207
v 0.409064 0.977302 10.882023
v -0.409064 0.977302 10.882023
v 0.123690 0.950587 11.158774
v 0.123690 0.815344 11.158774
v 0.409064 0.788629 10.971207
v 0.409064 0.977302 10.971207
v -0.123690 0.950587 11.158774
v -0.409064 0.977302 10.971207
v -0.409064 0.788629 10.971207
v -0.123690 0.815344 11.158774
v 0.123690 0.815344 11.158774
v -0.123690 0.815344 11.158774
v -0.409064 0.788629 10.971207
v 0.409064 0.788629 10.971207
v -0.409064 0.788629 10.882023
v 0.409064 0.788629 10.882023
v 0.409064 0.977302 10.971207
v 0.409064 0.788629 10.971207
v 0.409064 0.788629 10.882023
v 0.409064 0.977302 10.882023
v -0.409064 0.977302 10.971207
v -0.409064 0.977302 10.882023
v -0.409064 0.788629 10.882023
v -0.409064 0.788629 10.971207
v -0.197126 0.833710 10.882023
v -0.197126 0.932221 10.882023
v -0.280135 0.833710 2.755361
v -0.280135 0.932221 2.755361
v 0.000000 0.882966 1.444203
v 0.000000 0.932221 10.882023
v 0.197126 0.932221 10.882023
v 0.280135 0.932221 2.755361
v 0.000000 0.976369 2.755361
v 0.197126 0.932221 10.882023
v 0.197126 0.833710 10.882023
v 0.280135 0.932221 2.755361
v 0.280135 0.833710 2.755361
v 0.000000 0.882966 1.444203
v 0.409064 0.788629 10.882023
v -0.409064 0.788629 10.882023
v -0.409064 0.977302 10.882023
v 0.409064 0.977302 10.882023
v 0.197126 0.833710 10.882023
v -0.197126 0.833710 10.882023
v 0.280135 0.833710 2.755361
v -0.280135 0.833710 2.755361
v 0.000000 0.882966 1.444203
v 0.000000 0.932221 10.882023
v 0.000000 0.976369 2.755361
v -0.280135 0.932221 2.755361
v -0.197126 0.932221 10.882023
v 0.000000 0.882966 1.444203
v -0.280135 0.932221 2.755361
v 0.000000 0.976369 2.755361
v 0.000000 0.882966 1.444203
v 0.000000 0.976369 2.755361
v 0.280135 0.932221 2.755361
v 0.000000 0.882966 13.333794
v 0.000000 0.882966 13.333794
v 0.000000 0.882966 13.333794
v -2.859357 2.066233 0.490266
v -2.859357 2.066233 0.000000
v -2.859357 -2.066233 0.000000
v -2.859357 -2.066233 0.490266
v -2.859357 -2.066233 0.490266
v -2.075523 -1.390525 1.345665
v -2.075523 1.384275 1.345665
v -2.859357 2.066233 0.490266
v -2.075523 1.384275 1.345665
v 2.075523 1.384275 1.345665
v 2.859357 2.066233 0.490266
v -2.859357 2.066233 0.490266
v -2.859357 2.066233 0.000000
v -2.859357 2.066233 0.490266
v 2.859357 2.066233 0.490266
v 2.859357 2.066233 0.000000
v -2.859357 -2.066233 0.000000
v 2.859357 -2.066233 0.000000
v 2.859357 -2.066233 0.490266
v -2.859357 -2.066233 0.490266
v -2.075523 1.384275 1.345665
v -2.075523 -1.390525 1.345665
v -2.067702 -1.388635 1.503142
v -2.067702 1.388635 1.503142
v -2.067702 1.388635 1.503142
v 2.067702 1.388635 1.503142
v 2.075523 1.384275 1.345665
v -2.075523 1.384275 1.345665
v -2.075523 -1.390525 1.345665
v -2.859357 -2.066233 0.490266
v 2.859357 -2.066233 0.490266
v 2.075523 -1.390525 1.345665
v -2.067702 -1.388635 1.503142
v 2.067702 -1.388635 1.503142
v 2.067702 1.388635 1.503142
v -2.067702 1.388635 1.503142
v -2.067702 -1.388635 1.503142
v -2.075523 -1.390525 1.345665
v 2.075523 -1.390525 1.345665
v 2.067702 -1.388635 1.503142
v 2.067702 1.388635 1.503142
v 2.067702 -1.388635 1.503142
v 2.075523 -1.390525 1.345665
v 2.075523 1.384275 1.345665
v 2.075523 1.384275 1.345665
v 2.075523 -1.390525 1.345665
v 2.859357 -2.066233 0.490266
v 2.859357 2.066233 0.490266
v 2.859357 -2.066233 0.000000
v 2.859357 2.066233 0.000000
v 2.859357 2.066233 0.490266
v 2.859357 -2.066233 0.490266
v 0.704990 0.315810 14.674614
v 1.060365 0.263226 15.090281
v 1.183057 -0.522314 14.577178
v 0.861522 0.002704 14.587263
v -0.696058 0.315810 14.674614
v 0.004466 0.177988 14.674614
v -0.852590 0.002704 14.587263
v 0.004466 -0.245664 14.345835
v -0.487545 -0.176421 14.345835
v -1.051433 0.263226 15.090281
v -1.174125 -0.522314 14.577178
v -0.995917 -0.422976 15.762216
v -0.995917 0.283804 15.795345
v -0.742484 -0.362245 16.583136
v -0.742484 0.405266 16.277496
v -0.291587 -0.301514 17.037094
v -0.379309 0.557688 16.635466
v 0.000000 -0.301514 17.128559
v 0.000000 0.557688 16.697695
v 0.291587 -0.301514 17.037094
v 0.379309 0.557688 16.635466
v 0.751416 -0.362245 16.583136
v 0.751416 0.405266 16.277496
v 1.004849 -0.422976 15.762216
v 1.004849 0.283804 15.795345
v 1.183057 -0.522314 14.577178
v 1.060365 0.263226 15.090281
v -0.696058 0.315810 14.674614
v -0.852590 0.002704 14.587263
v -1.174125 -0.522314 14.577178
v -1.051433 0.263226 15.090281
v 0.704990 0.315810 14.674614
v 0.861522 0.002704 14.587263
v 0.496477 -0.176421 14.345835
v -0.852590 0.002704 14.587263
v -0.531147 -0.921760 14.682322
v -0.427152 -1.313501 14.741840
v 0.004466 -1.473611 14.939733
v -0.723682 -1.342229 15.153731
v 0.496477 -0.176421 14.345835
v 0.861522 0.002704 14.587263
v 0.540079 -0.921760 14.682322
v 0.436085 -1.313501 14.741840
v 0.732614 -1.342229 15.153731
v 0.004466 -1.473611 14.939733
v 0.732614 -1.342229 15.153731
v 0.456827 -1.819787 14.800034
v 0.004466 -1.850778 14.663602
v 0.004466 -1.473611 14.939733
v -0.447895 -1.819787 14.800034
v -0.723682 -1.342229 15.153731
v -0.520253 -1.839135 15.523376
v -0.447895 -1.819787 14.800034
v 0.004466 -2.051166 15.599478
v 0.004466 -1.850778 14.663602
v 0.529185 -1.839135 15.523376
v 0.456827 -1.819787 14.800034
v 0.876359 -1.191677 15.474973
v 0.751416 -1.245441 16.390934
v 0.004466 -1.792046 16.368601
v -0.742484 -1.245441 16.390934
v -0.867427 -1.191677 15.474973
v 0.291587 -1.231785 16.897629
v 0.000000 -1.205583 17.022110
v -0.291587 -1.231785 16.897629
v 0.000000 0.557688 16.697695
v 0.000362 0.539554 16.559284
v -0.342023 0.539554 16.503113
v -0.379309 0.557688 16.635466
v -0.669844 0.401970 16.179989
v -0.742484 0.405266 16.277496
v -0.898607 0.292332 15.744774
v -0.995917 0.283804 15.795345
v -0.974284 0.267068 15.129672
v -1.051433 0.263226 15.090281
v -0.627938 0.315101 14.733140
v -0.696058 0.315810 14.674614
v 0.004394 0.173666 14.733140
v 0.004466 0.177988 14.674614
v 0.636725 0.315101 14.733140
v 0.704990 0.315810 14.674614
v 0.983071 0.267068 15.129672
v 1.060365 0.263226 15.090281
v 0.907394 0.292332 15.744774
v 1.004849 0.283804 15.795345
v 0.678631 0.401970 16.179989
v 0.751416 0.405266 16.277496
v 0.342748 0.539554 16.503113
v 0.379309 0.557688 16.635466
v 0.678631 0.401970 16.179989
v 0.379999 -0.157101 16.005028
v 0.001849 -0.080395 16.216494
v 0.342748 0.539554 16.503113
v 0.000362 0.539554 16.559284
v -0.342023 0.539554 16.503113
v 0.907394 0.292332 15.744774
v 0.356635 -0.170479 15.198379
v 0.983071 0.267068 15.129672
v 0.636725 0.315101 14.733140
v -0.371806 -0.157101 16.005028
v -0.669844 0.401970 16.179989
v -0.898607 0.292332 15.744774
v -0.974284 0.267068 15.129672
v -0.348443 -0.170479 15.198379
v 0.004394 0.173666 14.733140
v -0.627938 0.315101 14.733140
v 0.004096 -0.151796 15.198379
v -0.487545 -0.176421 14.345835
v 0.067579 0.488522 15.455615
v 0.030902 0.418572 15.932570
v -0.000492 0.420818 15.929790
v 0.000000 0.528503 15.447965
v -0.067579 0.488522 15.455615
v -0.033790 0.508513 15.451790
v -0.031882 0.418305 15.932570
v -0.318772 0.154670 15.196414
v -0.533938 0.056314 15.533255
v -0.556691 -0.069059 15.544888
v -0.289696 0.065523 15.037584
v 0.681685 -0.241681 16.340654
v 0.482201 0.211985 16.270027
v 0.509239 0.296760 15.991813
v 0.681685 -0.241681 15.973247
v -0.294009 0.342441 15.410013
v -0.173281 0.377207 15.407675
v -0.123730 0.309117 15.808983
v -0.294009 0.309882 15.672858
v 0.147005 0.199850 16.661869
v 0.278399 0.305016 16.241280
v 0.254619 0.146686 16.661869
v 0.318772 0.154670 15.196414
v 0.533938 0.056314 15.533255
v 0.509239 0.192416 15.520625
v 0.350335 0.251447 15.368835
v 0.289696 0.065523 15.037584
v 0.141096 0.360683 16.224100
v 0.556691 -0.069059 15.544888
v -0.031882 0.418305 15.932570
v -0.031882 0.352963 15.909329
v -0.088211 0.431104 15.426631
v -0.067579 0.488522 15.455615
v 0.000000 0.401545 16.211452
v -0.103195 0.389402 15.405581
v -0.031882 0.305506 15.892450
v 0.030902 0.418572 15.932570
v 0.067579 0.488522 15.455615
v -0.147005 0.199850 16.661869
v -0.482201 0.211985 16.270027
v -0.681685 -0.241681 16.340654
v -0.254619 0.146686 16.661869
v -0.681685 -0.241681 15.973247
v -0.509239 0.296760 15.991813
v -0.509239 0.189168 15.951693
v 0.088211 0.431104 15.426631
v 0.031470 0.353075 15.909329
v 0.031882 0.305506 15.892450
v 0.103195 0.389402 15.405581
v 0.000000 0.362654 15.278681
v 0.113039 0.342306 15.227696
v 0.188000 0.374456 15.407227
v 0.103195 0.389402 15.405581
v 0.300232 0.280123 15.279709
v 0.294009 0.342441 15.410013
v 0.411928 0.330998 15.991813
v 0.249663 -0.057222 14.818896
v 0.246850 0.165239 15.009770
v 0.222514 0.077541 14.833760
v 0.266794 0.226640 15.138322
v 0.294009 0.367711 15.991813
v 0.000000 0.420347 15.991813
v 0.147464 0.397552 15.991817
v -0.389826 0.270718 16.254738
v -0.074213 0.214664 16.661869
v -0.509239 0.296760 15.991813
v -0.681685 -0.241681 15.973247
v 0.000000 0.219310 16.661869
v 0.031882 0.305506 15.892450
v 0.294009 0.309882 15.672858
v 0.294009 0.259986 15.951693
v -0.278399 0.305016 16.241280
v 0.030902 0.418572 15.932570
v 0.031882 0.305506 15.892450
v -0.588018 -0.241681 15.560905
v -0.509239 0.192416 15.520625
v -0.350335 0.251447 15.368835
v -0.249663 -0.057222 14.818896
v 0.079319 0.209919 16.661869
v -0.256252 0.301956 15.155420
v -0.228881 0.272606 14.970859
v -0.128294 0.356706 16.225073
v -0.413327 0.347260 15.992540
v 0.228881 0.272606 14.970859
v 0.257288 0.303066 15.162404
v 0.588018 -0.241681 15.560905
v -0.136202 0.403049 15.991754
v -0.294009 0.367711 15.991813
v -0.031882 0.305506 15.892450
v -0.103195 0.389402 15.405581
v -0.031882 0.305506 15.892450
v -0.294009 0.259986 15.951693
v -0.031882 0.352963 15.909329
v -0.294009 0.305308 15.968572
v -0.294009 0.259986 15.951693
v -0.402040 0.226771 15.955083
v -0.399560 0.271255 15.973707
v -0.509239 0.234435 15.968572
v -0.031882 0.418305 15.932570
v 0.000000 0.382733 15.370797
v 0.114362 0.313769 15.101344
v 0.257288 0.303066 15.162404
v 0.006293 0.362552 15.187235
v -0.256252 0.301956 15.155420
v 0.000000 0.318193 15.074714
v 0.257288 0.303066 15.162404
v -0.294009 0.367711 15.991813
v 0.509239 0.192416 15.520625
v 0.509239 0.189168 15.951693
v 0.509239 0.296760 15.991813
v 0.681685 -0.241681 15.973247
v -0.509239 0.189168 15.951693
v -0.509239 0.192416 15.520625
v 0.294009 0.259986 15.951693
v 0.509239 0.189168 15.951693
v 0.681685 -0.241681 15.973247
v 0.294009 0.367711 15.991813
v -0.588018 -0.241681 15.560905
v 0.103195 0.389402 15.405581
v 0.000000 0.382733 15.370797
v -0.103195 0.389402 15.405581
v 0.588018 -0.241681 15.560905
v 0.000000 0.362654 15.278681
v -0.256252 0.301956 15.155420
v -0.401976 0.334165 15.995195
v -0.222908 0.093617 14.844729
v -0.272224 0.177729 15.019361
v 0.000000 0.528503 15.447965
v -0.067579 0.488522 15.455615
v 0.067579 0.488522 15.455615
v -0.681685 -0.241681 15.973247
v 0.294009 0.305308 15.968572
v 0.031470 0.353075 15.909329
v -0.411219 0.238123 15.950730
v 0.509239 0.234435 15.968572
v 0.410148 0.267876 15.973061
v -0.405494 0.275894 15.466114
v 0.411740 0.223351 15.954751
v 0.411683 0.330764 15.994858
v 0.421743 0.236023 15.950652
v 0.415086 0.263976 15.465783
v 0.000000 0.444062 15.403263
v 0.088211 0.431104 15.426631
v -0.088211 0.431104 15.426631
v -0.044600 0.439202 15.412026
v -0.102423 0.379712 15.358972
v -0.147874 0.360249 15.344221
v -0.035204 0.513510 15.450833
v -0.052336 0.385234 15.383841
v -0.571505 0.057997 15.958070
v -0.572991 0.058836 15.957550
v -0.533938 0.056314 15.533255
v 0.533938 0.056314 15.533255
v -0.414822 0.279670 15.672858
v 0.570607 0.057501 15.958116
v 0.572267 0.058413 15.957625
v -0.245994 0.300073 15.093814
v -0.128273 0.307171 15.064428
v 0.246667 0.301033 15.098550
v -0.509239 0.220405 15.672858
v -0.544133 0.078075 15.672858
v -0.556691 -0.069059 15.544888
v -0.236749 0.297121 15.037245
v -0.564059 -0.056229 15.672858
v -0.619056 -0.067627 15.964406
v -0.588018 -0.241681 15.672858
v 0.237081 0.297946 15.039879
v 0.556691 -0.069059 15.544888
v 0.618401 -0.067964 15.964437
v 0.618301 -0.067843 15.964197
v 0.425640 0.276806 15.672858
v -0.618721 -0.067598 15.964153
v 0.509239 0.220405 15.672858
v 0.542997 0.077708 15.672858
v 0.563236 -0.056464 15.672858
v 0.588018 -0.241681 15.672858
v 0.111004 0.317422 15.049866
v -0.289945 0.227680 15.136917
v 0.108001 0.299675 14.967684
v -0.297241 0.278977 15.265837
v 0.109007 -0.060700 14.810954
v -0.052336 0.385234 15.383841
v 0.249663 -0.057222 14.818896
v 0.107253 0.318796 15.011316
v 0.000000 0.314904 15.032409
v 0.000000 -0.062175 14.807586
v 0.000000 0.291175 14.950767
v 0.000000 0.375480 15.337523
v 0.000000 0.310769 14.993952
v -0.129235 0.303319 15.017585
v -0.249663 -0.057222 14.818896
v -0.155072 -0.059099 14.814611
v -0.132922 0.280391 14.962435
v -0.120895 0.310533 15.112789
v -0.703770 -0.865935 15.216396
v -1.209491 -0.807075 15.130288
v -0.567127 -1.131348 15.219964
v -1.147126 -1.220241 15.061118
v 0.000000 -1.763945 14.685362
v -1.069723 -1.658740 14.631827
v 0.000000 -1.759235 13.369774
v 0.000000 -1.409586 15.195937
v 1.147126 -1.220241 15.061118
v 0.567127 -1.131348 15.219964
v 1.209491 -0.807075 15.130288
v 0.703770 -0.865935 15.216396
v 0.703770 -0.865935 15.216396
v 1.209491 -0.807075 15.130288
v 1.234323 -0.181203 15.032454
v 0.646479 -0.317379 15.132499
v 1.240404 0.176740 14.699475
v 0.832899 0.184748 14.695175
v -1.209491 -0.807075 15.130288
v -0.703770 -0.865935 15.216396
v -0.646479 -0.317379 15.132499
v -1.234323 -0.181203 15.032454
v -0.832899 0.184748 14.695175
v -1.240404 0.176740 14.699475
v 1.209491 -0.807075 15.130288
v 1.199248 -0.806765 15.100663
v 1.234323 -0.214665 14.995504
v 1.234323 -0.181203 15.032454
v -1.209491 -0.807075 15.130288
v -1.199248 -0.806765 15.100663
v -1.147126 -1.142162 14.993462
v -1.147126 -1.220241 15.061118
v 1.147126 -1.220241 15.061118
v 1.147126 -1.142162 14.993462
v 1.199248 -0.806765 15.100663
v -1.209491 -0.807075 15.130288
v -1.234323 -0.181203 15.032454
v -1.234323 -0.214665 14.995504
v -1.199248 -0.806765 15.100663
v -1.147126 -1.220241 15.061118
v -1.147126 -1.142162 14.993462
v -1.069723 -1.491427 14.631827
v -1.069723 -1.658740 14.631827
v 1.234323 -0.181203 15.032454
v 1.234323 -0.214665 14.995504
v 1.240404 0.115392 14.681000
v 1.240404 0.176740 14.699475
v 1.199248 -0.806765 15.100663
v 2.053098 -0.681796 14.856229
v 1.234323 -0.214665 14.995504
v 1.937070 -0.073363 14.807044
v 1.240404 0.115392 14.681000
v 1.850329 0.181057 14.591536
v 1.246485 0.311600 14.290959
v 1.763587 0.287068 14.206904
v 1.191927 0.456601 13.729379
v 1.685646 0.349945 13.620959
v 1.574208 0.391286 12.649376
v -1.234323 -0.181203 15.032454
v -1.240404 0.176740 14.699475
v -1.240404 0.115392 14.681000
v -1.234323 -0.214665 14.995504
v 1.147126 -1.220241 15.061118
v 1.069723 -1.658740 14.631827
v 1.069723 -1.491427 14.631827
v -1.199248 -0.806765 15.100663
v -2.053098 -0.681796 14.856229
v -2.035139 -1.120206 14.574229
v -1.147126 -1.142162 14.993462
v -0.958029 -1.527472 13.613733
v -1.069723 -1.491427 14.631827
v -0.646479 -0.280547 14.991394
v 0.000000 -0.174844 14.991394
v 0.000000 0.170059 14.666710
v -0.810602 0.013209 14.681527
v 0.000000 0.313088 14.271927
v -0.933911 0.156951 14.290165
v -0.164362 0.577540 13.049491
v -1.008466 0.332887 13.817269
v 0.000000 0.443418 12.797838
v -0.960186 0.395171 13.008184
v 0.000000 -0.174844 14.991394
v 0.646479 -0.280547 14.991394
v 0.000000 0.170059 14.666710
v 0.810602 0.013209 14.681527
v 0.000000 0.313088 14.271927
v 0.933911 0.156951 14.290165
v 1.008466 0.332887 13.817269
v -2.053098 -0.681796 14.856229
v -1.199248 -0.806765 15.100663
v -1.937070 -0.073363 14.807044
v -1.234323 -0.214665 14.995504
v -1.850329 0.181057 14.591536
v -1.240404 0.115392 14.681000
v -1.763587 0.287068 14.206904
v -1.246485 0.311600 14.290959
v -1.685646 0.349945 13.620959
v -1.191927 0.456601 13.729379
v -1.180945 0.468217 12.049134
v -0.941664 0.497818 11.934943
v -1.181902 0.432438 11.947551
v 2.053098 -0.681796 14.856229
v 1.199248 -0.806765 15.100663
v 2.035139 -1.120206 14.574229
v 1.147126 -1.142162 14.993462
v 1.069723 -1.491427 14.631827
v -2.053098 -0.681796 14.856229
v -1.937070 -0.073363 14.807044
v -1.931031 -0.054525 14.701149
v -2.047059 -0.618091 14.750334
v -2.053098 -0.681796 14.856229
v -2.047059 -0.618091 14.750334
v -1.984319 -1.026630 14.505353
v -2.035139 -1.120206 14.574229
v 2.053098 -0.681796 14.856229
v 2.047059 -0.618091 14.750334
v 1.931031 -0.054525 14.701149
v 1.937070 -0.073363 14.807044
v 2.047059 -0.618091 14.750334
v 1.984319 -1.026630 14.505353
v 2.709799 -0.748731 14.090798
v 1.849168 -1.146772 13.787140
v 1.225741 -0.854411 1.486970
v 2.053098 -0.681796 14.856229
v 2.035139 -1.120206 14.574229
v 1.984319 -1.026630 14.505353
v 2.047059 -0.618091 14.750334
v -2.047059 -0.618091 14.750334
v -2.374694 -0.513095 14.610601
v -2.709799 -0.748731 14.090798
v -1.984319 -1.026630 14.505353
v -1.225741 -0.854411 1.486970
v -1.849168 -1.146772 13.787140
v 2.374694 -0.513095 14.610601
v 2.386317 -0.488487 14.438498
v 2.099963 -0.293851 14.497420
v 1.931031 -0.054525 14.701149
v -1.240404 0.176740 14.699475
v -0.832899 0.184748 14.695175
v -1.246485 0.400834 14.290959
v -0.933911 0.395707 14.285198
v -1.191927 0.533199 13.729379
v -1.008466 0.546309 13.821451
v -0.941664 0.497818 11.934943
v 1.240404 0.115392 14.681000
v 1.246485 0.311600 14.290959
v 1.246485 0.400834 14.290959
v 1.240404 0.176740 14.699475
v 0.832899 0.184748 14.695175
v 1.240404 0.176740 14.699475
v 0.933911 0.395707 14.285198
v 1.246485 0.400834 14.290959
v 1.008466 0.546309 13.821451
v 1.191927 0.533199 13.729379
v 0.963767 0.497818 12.569093
v -0.810602 0.013209 14.681527
v -0.933911 0.156951 14.290165
v -0.933911 0.395707 14.285198
v -0.832899 0.184748 14.695175
v 0.810602 0.013209 14.681527
v 0.832899 0.184748 14.695175
v 0.933911 0.395707 14.285198
v 0.933911 0.156951 14.290165
v -1.240404 0.176740 14.699475
v -1.246485 0.400834 14.290959
v -1.246485 0.311600 14.290959
v -1.240404 0.115392 14.681000
v -1.069723 -1.658740 14.631827
v -0.958029 -1.694784 13.613733
v -0.520329 -1.170820 1.486970
v -0.000000 -1.207041 1.486970
v 1.069723 -1.491427 14.631827
v 1.069723 -1.658740 14.631827
v 0.958029 -1.694784 13.613733
v 0.958029 -1.527472 13.613733
v -1.069723 -1.658740 14.631827
v -1.069723 -1.491427 14.631827
v -0.958029 -1.527472 13.613733
v -0.958029 -1.694784 13.613733
v 0.000000 -1.759235 13.369774
v 1.069723 -1.658740 14.631827
v -1.931031 -0.054525 14.701149
v -2.029531 -0.203742 14.536915
v -2.315885 -0.398378 14.477992
v -2.374694 -0.513095 14.610601
v -2.374694 -0.513095 14.610601
v -2.315885 -0.398378 14.477992
v -2.614283 -0.659540 14.022031
v -2.709799 -0.748731 14.090798
v -2.035139 -1.120206 14.574229
v -1.984319 -1.026630 14.505353
v -1.849168 -1.146772 13.787140
v -1.849168 -1.260452 13.857693
v -1.849168 -1.260452 13.857693
v -1.225741 -0.939532 1.486970
v -0.520329 -1.054745 1.486970
v -2.029531 -0.203742 14.536915
v -2.255425 0.861383 12.043969
v -2.315885 -0.398378 14.477992
v -2.612490 0.374016 11.987241
v -2.614283 -0.659540 14.022031
v -1.874884 -0.148768 14.295686
v -1.510260 0.391286 12.102073
v -1.895469 0.626256 12.431802
v -2.029531 -0.203742 14.536915
v 2.035139 -1.120206 14.574229
v 1.849168 -1.260452 13.857693
v 1.849168 -1.146772 13.787140
v 1.984319 -1.026630 14.505353
v 2.374694 -0.513095 14.610601
v 2.709799 -0.748731 14.090798
v 2.614283 -0.659540 14.022031
v 2.386317 -0.488487 14.438498
v 1.574208 0.391286 12.649376
v 2.099963 -0.293851 14.497420
v 2.309171 0.861383 12.295341
v 1.977810 0.626256 12.738934
v 2.386317 -0.488487 14.438498
v 2.614283 -0.659540 14.022031
v 2.618594 0.374016 12.190164
v 1.246485 0.311600 14.290959
v 1.191927 0.456601 13.729379
v 1.191927 0.533199 13.729379
v 1.246485 0.400834 14.290959
v -1.246485 0.400834 14.290959
v -1.191927 0.533199 13.729379
v -1.191927 0.456601 13.729379
v -1.246485 0.311600 14.290959
v 0.933911 0.395707 14.285198
v 1.008466 0.546309 13.821451
v 1.008466 0.332887 13.817269
v 0.933911 0.156951 14.290165
v -0.933911 0.395707 14.285198
v -0.933911 0.156951 14.290165
v -1.008466 0.332887 13.817269
v -1.008466 0.546309 13.821451
v -2.709799 -0.748731 14.090798
v -2.614283 -0.659540 14.022031
v -1.690463 -0.406788 1.486970
v -1.776184 -0.490504 1.486970
v 2.614283 -0.659540 14.022031
v 2.709799 -0.748731 14.090798
v 1.776184 -0.490504 1.486970
v 1.690463 -0.406788 1.486970
v -1.849168 -1.146772 13.787140
v -1.225741 -0.854411 1.486970
v -1.225741 -0.939532 1.486970
v -1.849168 -1.260452 13.857693
v 0.958029 -1.527472 13.613733
v 1.849168 -1.260452 13.857693
v 0.520329 -1.054745 1.486970
v 1.225741 -0.939532 1.486970
v -1.008466 0.546309 13.821451
v -1.008466 0.332887 13.817269
v -0.960186 0.395171 13.008184
v -0.941664 0.497818 11.934943
v 1.008466 0.332887 13.817269
v 1.008466 0.546309 13.821451
v 0.963767 0.497818 12.569093
v 0.987044 0.395171 12.935623
v 1.849168 -1.146772 13.787140
v 1.849168 -1.260452 13.857693
v 1.225741 -0.939532 1.486970
v 1.225741 -0.854411 1.486970
v 0.958029 -1.527472 13.613733
v 0.958029 -1.694784 13.613733
v 0.520329 -1.170820 1.486970
v 0.520329 -1.054745 1.486970
v -0.958029 -1.527472 13.613733
v -0.520329 -1.054745 1.486970
v -0.520329 -1.170820 1.486970
v -0.958029 -1.694784 13.613733
v 0.958029 -1.694784 13.613733
v 0.520329 -1.170820 1.486970
v 1.311995 0.910262 12.880150
v 1.311995 0.916136 12.749537
v 1.226115 0.432438 12.546771
v 1.240671 0.468217 12.647310
v 1.311995 0.910262 12.880150
v 1.977810 0.626256 12.738934
v 2.309171 0.861383 12.295341
v 1.357627 1.250179 12.640974
v 2.297286 0.871237 11.991639
v 1.366381 1.277819 12.244940
v 1.608144 0.744455 1.486970
v 1.049111 0.998854 1.486970
v 0.508915 0.952183 12.839419
v 1.311995 0.916136 12.749537
v 1.368928 1.124284 12.550248
v 0.589530 1.230680 12.681018
v 1.366381 1.156804 12.231688
v 0.593302 1.283422 12.400674
v 1.049111 0.951767 1.486970
v 0.721181 0.998922 1.486970
v 0.508915 0.952183 12.839419
v 0.589530 1.230680 12.681018
v 0.538809 1.164289 12.524582
v 0.519640 0.986232 12.678784
v 0.508915 0.952183 12.839419
v 0.963767 0.497818 12.569093
v 1.226115 0.432438 12.546771
v 1.311995 0.916136 12.749537
v 0.508915 0.952183 12.839419
v 0.519640 0.986232 12.678784
v 0.490608 0.830324 12.524582
v 0.468832 0.601196 12.676774
v 0.987044 0.395171 12.935623
v 0.963767 0.497818 12.569093
v 0.433457 0.563840 12.157108
v 0.000000 0.443418 12.797838
v 0.623950 0.423370 1.486970
v -0.000000 0.483965 1.486970
v 1.311995 0.910262 12.880150
v 1.357627 1.250179 12.640974
v 1.368928 1.124284 12.550248
v 1.311995 0.916136 12.749537
v 1.977810 0.626256 12.738934
v 1.311995 0.910262 12.880150
v 1.240671 0.468217 12.647310
v 1.574208 0.391286 12.649376
v -0.291971 0.752453 12.693145
v -0.250797 1.034323 12.549047
v -0.285752 0.738369 12.151331
v -0.253133 1.058680 12.397041
v -0.257197 1.009027 12.096553
v 0.518608 0.864769 12.181757
v 0.433457 0.563840 12.157108
v 0.468832 0.601196 12.676774
v 1.574208 0.391286 12.649376
v 1.685646 0.349945 13.620959
v 1.841117 0.100897 14.226988
v 1.874884 -0.148768 14.295686
v 1.937070 -0.073363 14.807044
v 1.931031 -0.054525 14.701149
v 1.226115 0.432438 12.546771
v 1.240671 0.468217 12.647310
v 1.357627 1.250179 12.640974
v 1.366381 1.277819 12.244940
v 1.366381 1.156804 12.231688
v 1.368928 1.124284 12.550248
v -0.250797 1.034323 12.549047
v -0.291971 0.752453 12.693145
v 0.138559 1.194540 12.630797
v 0.081520 0.936136 12.770878
v 0.283166 0.957849 12.691735
v 0.519640 0.986232 12.678784
v 0.538809 1.164289 12.524582
v -0.250797 1.034323 12.549047
v 0.138559 1.194540 12.630797
v 0.136223 1.218897 12.393096
v -0.253133 1.058680 12.397041
v -0.038150 1.149090 12.006911
v -0.257197 1.009027 12.096553
v 0.538809 1.164289 12.524582
v 0.536986 1.187078 12.397946
v 0.548918 1.142569 12.117108
v 0.490608 0.830324 12.524582
v 0.519640 0.986232 12.678784
v 0.308962 0.850406 12.579022
v 0.283166 0.957849 12.691735
v 0.081520 0.936136 12.770878
v -0.291971 0.752453 12.693145
v -0.002510 0.633556 12.509551
v 0.002415 0.629038 12.206110
v 0.589530 1.230680 12.681018
v 0.593302 1.283422 12.400674
v 0.536986 1.187078 12.397946
v 0.538809 1.164289 12.524582
v -0.002510 0.633556 12.509551
v -0.291971 0.752453 12.693145
v -0.285752 0.738369 12.151331
v 0.002415 0.629038 12.206110
v -1.215903 0.910262 12.290131
v -1.297499 1.250179 12.060719
v -2.255425 0.861383 12.043969
v -1.895469 0.626256 12.431802
v -1.895469 0.626256 12.431802
v -1.510260 0.391286 12.102073
v -1.180945 0.468217 12.049134
v -1.215903 0.910262 12.290131
v -1.215903 0.910262 12.290131
v -1.235834 0.916136 12.161048
v -1.322512 1.124284 11.972780
v -1.297499 1.250179 12.060719
v 1.366381 1.156804 12.231688
v 1.366381 1.277819 12.244940
v 1.049111 0.998854 1.486970
v 1.049111 0.951767 1.486970
v 0.002415 0.629038 12.206110
v -0.285752 0.738369 12.151331
v -0.038150 1.149090 12.006911
v 0.313887 0.845887 12.146697
v 0.548918 1.142569 12.117108
v 0.518608 0.864769 12.181757
v 2.614283 -0.659540 14.022031
v 1.690463 -0.406788 1.486970
v 1.924270 0.278947 1.486970
v 2.618594 0.374016 12.190164
v 1.733575 0.740535 1.364884
v 2.366002 0.923793 11.974907
v 0.518608 0.864769 12.181757
v 0.490608 0.830324 12.524582
v 0.313887 0.845887 12.146697
v 0.727440 0.693048 12.157108
v 0.840139 0.674534 1.486970
v 0.600345 0.676881 1.486970
v 0.518608 0.864769 12.181757
v -1.215903 0.910262 12.290131
v -1.180945 0.468217 12.049134
v -1.181902 0.432438 11.947551
v -1.235834 0.916136 12.161048
v -1.235834 0.916136 12.161048
v -0.459237 0.952183 12.152270
v -0.557195 1.230680 12.003966
v -1.322512 1.124284 11.972780
v -0.592548 1.283422 11.725835
v -1.368607 1.156804 11.657562
v -0.721181 0.998922 1.486970
v -1.049111 0.951767 1.486970
v 0.727440 0.693048 12.157108
v 0.807343 1.040733 12.084272
v 0.881942 0.800511 1.486970
v 0.840139 0.674534 1.486970
v 0.433457 0.563840 12.157108
v 0.518608 0.864769 12.181757
v 0.600345 0.676881 1.486970
v 0.623950 0.423370 1.486970
v 0.518608 0.864769 12.181757
v 0.548918 1.142569 12.117108
v 0.807343 1.040733 12.084272
v 0.727440 0.693048 12.157108
v -1.235834 0.916136 12.161048
v -1.181902 0.432438 11.947551
v -0.459237 0.952183 12.152270
v -0.941664 0.497818 11.934943
v -0.437745 0.601196 11.986143
v 0.548918 1.142569 12.117108
v 0.593302 1.283422 12.400674
v 0.721181 0.998922 1.486970
v 0.644556 0.914513 1.486970
v -1.510260 0.391286 12.102073
v -1.874884 -0.148768 14.295686
v -1.841117 0.100897 14.226988
v -1.685646 0.349945 13.620959
v -1.850329 0.181057 14.591536
v -1.763587 0.287068 14.206904
v -1.931031 -0.054525 14.701149
v -1.937070 -0.073363 14.807044
v 0.807343 1.040733 12.084272
v 0.548918 1.142569 12.117108
v 0.644556 0.914513 1.486970
v 0.881942 0.800511 1.486970
v -1.297499 1.250179 12.060719
v -1.322512 1.124284 11.972780
v -1.368607 1.156804 11.657562
v -1.366585 1.277819 11.670659
v -1.297499 1.250179 12.060719
v -1.366585 1.277819 11.670659
v -2.254807 0.871237 11.742010
v -1.049111 0.998854 1.486970
v -1.608144 0.744455 1.486970
v -0.459237 0.952183 12.152270
v -0.488003 0.986232 11.993869
v -0.524433 1.164289 11.842810
v -0.557195 1.230680 12.003966
v -0.557195 1.230680 12.003966
v -0.524433 1.164289 11.842810
v -0.536897 1.187078 11.716776
v -0.592548 1.283422 11.725835
v -0.459237 0.952183 12.152270
v -0.437745 0.601196 11.986143
v -0.476539 0.830324 11.837376
v -0.488003 0.986232 11.993869
v 2.297286 0.871237 11.991639
v 2.366002 0.923793 11.974907
v 1.733575 0.740535 1.364884
v 1.608144 0.744455 1.486970
v -2.325272 0.923793 11.735961
v -1.733575 0.740535 1.364884
v -1.924270 0.278947 1.486970
v -2.612490 0.374016 11.987241
v -1.690463 -0.406788 1.486970
v -2.614283 -0.659540 14.022031
v -0.488003 0.986232 11.993869
v -0.476539 0.830324 11.837376
v -0.254439 0.957849 11.980403
v -0.292777 0.850406 11.871316
v -0.045157 0.936136 12.036308
v 0.008877 0.633556 11.767175
v 0.317190 0.752453 11.916966
v -0.941664 0.497818 11.934943
v -0.960186 0.395171 13.008184
v -0.461180 0.563840 11.465801
v -0.623950 0.423370 1.486970
v 0.008877 0.633556 11.767175
v -0.030225 0.629038 11.466223
v 0.249931 0.738369 11.379308
v 0.317190 0.752453 11.916966
v -0.476539 0.830324 11.837376
v -0.543008 0.864769 11.499892
v -0.346408 0.845887 11.442302
v -0.030225 0.629038 11.466223
v -0.524433 1.164289 11.842810
v -0.117624 1.194540 11.903551
v -0.142099 1.218897 11.667102
v -0.536897 1.187078 11.716776
v -0.012375 1.149090 11.263721
v -0.580413 1.142569 11.439073
v 0.260034 1.034323 11.778428
v 0.245219 1.058680 11.627130
v 0.215382 1.009027 11.328097
v -0.524433 1.164289 11.842810
v -0.488003 0.986232 11.993869
v -0.117624 1.194540 11.903551
v -0.254439 0.957849 11.980403
v -0.045157 0.936136 12.036308
v 0.317190 0.752453 11.916966
v 0.260034 1.034323 11.778428
v -0.437745 0.601196 11.986143
v -0.461180 0.563840 11.465801
v -0.543008 0.864769 11.499892
v 0.260034 1.034323 11.778428
v 0.317190 0.752453 11.916966
v 0.245219 1.058680 11.627130
v 0.249931 0.738369 11.379308
v 0.215382 1.009027 11.328097
v -2.254807 0.871237 11.742010
v -1.608144 0.744455 1.486970
v -1.733575 0.740535 1.364884
v -2.325272 0.923793 11.735961
v -0.592548 1.283422 11.725835
v -0.580413 1.142569 11.439073
v -0.644556 0.914513 1.486970
v -0.721181 0.998922 1.486970
v -1.368607 1.156804 11.657562
v -1.049111 0.951767 1.486970
v -1.049111 0.998854 1.486970
v -1.366585 1.277819 11.670659
v -0.461180 0.563840 11.465801
v -0.623950 0.423370 1.486970
v -0.600345 0.676881 1.486970
v -0.543008 0.864769 11.499892
v -0.543008 0.864769 11.499892
v -0.753288 0.693048 11.498943
v -0.840893 1.040733 11.435579
v -0.580413 1.142569 11.439073
v -0.753288 0.693048 11.498943
v -0.543008 0.864769 11.499892
v -0.600345 0.676881 1.486970
v -0.840139 0.674534 1.486970
v -0.543008 0.864769 11.499892
v -0.580413 1.142569 11.439073
v -0.012375 1.149090 11.263721
v -0.346408 0.845887 11.442302
v 0.249931 0.738369 11.379308
v -0.030225 0.629038 11.466223
v -0.840893 1.040733 11.435579
v -0.881942 0.800511 1.486970
v -0.644556 0.914513 1.486970
v -0.580413 1.142569 11.439073
v -0.840893 1.040733 11.435579
v -0.753288 0.693048 11.498943
v -0.840139 0.674534 1.486970
v -0.881942 0.800511 1.486970
v 0.000000 0.492047 13.043413
v 1.850329 0.181057 14.591536
v 1.763587 0.287068 14.206904
v 0.164362 0.577540 13.049491
v 0.000000 0.492047 13.043413
v 0.987044 0.395171 12.935623
v 0.468832 0.601196 12.676774
v -1.895469 0.626256 12.431802
v -0.257197 1.009027 12.096553
v -2.325272 0.923793 11.735961
v -1.776184 -0.490504 1.486970
v 1.776184 -0.490504 1.486970
v 0.215382 1.009027 11.328097
v -0.580413 1.142569 11.439073
v -0.592548 1.283422 11.725835
v -0.536897 1.187078 11.716776
v -0.461180 0.563840 11.465801
v -0.437745 0.601196 11.986143
v -0.941664 0.497818 11.934943
v -2.325272 0.923793 11.735961
v -2.255425 0.861383 12.043969
v -2.254807 0.871237 11.742010
v -0.941664 0.497818 11.934943
v -1.191927 0.456601 13.729379
v -1.191927 0.533199 13.729379
v 2.366002 0.923793 11.974907
v 2.297286 0.871237 11.991639
v 2.309171 0.861383 12.295341
v 2.366002 0.923793 11.974907
v -1.510260 0.391286 12.102073
v 0.548918 1.142569 12.117108
v 0.593302 1.283422 12.400674
v 0.433457 0.563840 12.157108
v 0.963767 0.497818 12.569093
v 0.468832 0.601196 12.676774
v 0.963767 0.497818 12.569093
v 0.963767 0.497818 12.569093
v 1.191927 0.456601 13.729379
v 1.874884 -0.148768 14.295686
v 2.709799 -0.748731 14.090798
v 2.374694 -0.513095 14.610601
v 2.047059 -0.618091 14.750334
v 1.874884 -0.148768 14.295686
v 1.931031 -0.054525 14.701149
v 2.099963 -0.293851 14.497420
v -1.874884 -0.148768 14.295686
v -2.029531 -0.203742 14.536915
v -1.931031 -0.054525 14.701149
v -2.374694 -0.513095 14.610601
v -2.047059 -0.618091 14.750334
v -1.931031 -0.054525 14.701149
v 2.374694 -0.513095 14.610601
v 1.931031 -0.054525 14.701149
v 2.047059 -0.618091 14.750334
v 0.810602 0.013209 14.681527
v 0.646479 -0.280547 14.991394
v -0.810602 0.013209 14.681527
v -0.832899 0.184748 14.695175
v -0.646479 -0.280547 14.991394
v -0.832899 0.184748 14.695175
v -0.646479 -0.317379 15.132499
v -0.646479 -0.280547 14.991394
v 0.832899 0.184748 14.695175
v 0.646479 -0.280547 14.991394
v 0.646479 -0.317379 15.132499
v 1.069723 -1.658740 14.631827
v -0.172191 1.003847 12.900400
v -0.172191 1.003847 12.900400
v -0.172191 1.003847 12.900400
v -0.172191 1.003847 12.900400
v -0.172191 1.003847 12.900400
v 0.172191 1.003847 12.900400
v 0.172191 1.003847 12.900400
v 0.172191 1.003847 12.900400
v 0.172191 1.003847 12.900400
v 0.123690 0.950587 12.767212
v 0.123690 0.950587 12.767212
v 0.123690 0.950587 12.767212
v 0.123690 0.950587 12.767212
v -0.123690 0.950587 12.767212
v -0.123690 0.950587 12.767212
v -0.123690 0.950587 12.767212
v 0.123690 0.950587 12.767212
v 0.123690 0.950587 12.767212
v 0.123690 0.950587 12.767212
v 0.123690 0.950587 12.767212
v 0.123690 0.950587 11.158774
v 0.123690 0.950587 11.158774
v 0.123690 0.950587 11.158774
v -0.123690 0.950587 11.158774
v -0.123690 0.950587 11.158774
v -0.123690 0.950587 11.158774
v -0.123690 0.950587 11.158774
v -0.123690 0.950587 12.767212
v -0.123690 0.950587 12.767212
v -0.123690 0.950587 12.767212
v -0.123690 0.950587 11.158774
v -0.123690 0.950587 11.158774
v -0.123690 0.950587 11.158774
v -0.123690 0.950587 11.158774
v 0.123690 0.950587 11.158774
v 0.123690 0.950587 11.158774
v 0.123690 0.950587 11.158774
v 0.409064 0.977302 10.971207
v 0.409064 0.977302 10.971207
v 0.409064 0.977302 10.971207
v 0.409064 0.977302 10.971207
v 0.409064 0.977302 10.971207
v -0.409064 0.977302 10.971207
v -0.409064 0.977302 10.971207
v -0.409064 0.977302 10.971207
v -0.409064 0.977302 10.971207
v -0.409064 0.977302 10.971207
v 0.409064 0.977302 10.882023
v 0.409064 0.977302 10.882023
v 0.409064 0.977302 10.882023
v 0.409064 0.977302 10.882023
v -0.409064 0.977302 10.882023
v -0.409064 0.977302 10.882023
v -0.409064 0.977302 10.882023
v -0.409064 0.788629 10.882023
v -0.409064 0.788629 10.882023
v -0.409064 0.788629 10.882023
v -0.409064 0.788629 10.882023
v 0.409064 0.788629 10.882023
v 0.409064 0.788629 10.882023
v 0.409064 0.788629 10.882023
v -0.409064 0.788629 10.882023
v -0.409064 0.788629 10.882023
v -0.409064 0.788629 10.882023
v -0.409064 0.788629 10.882023
v 0.280135 0.932221 2.755361
v 0.280135 0.932221 2.755361
v 0.280135 0.932221 2.755361
v 0.280135 0.932221 2.755361
v 0.000000 0.976369 2.755361
v 0.000000 0.976369 2.755361
v 0.000000 0.976369 2.755361
v 0.197126 0.932221 10.882023
v 0.197126 0.932221 10.882023
v 0.280135 0.932221 2.755361
v 0.280135 0.932221 2.755361
v 0.280135 0.932221 2.755361
v 0.280135 0.932221 2.755361
v 0.280135 0.932221 2.755361
v 0.409064 0.788629 10.882023
v 0.409064 0.788629 10.882023
v 0.409064 0.788629 10.882023
v 0.409064 0.788629 10.882023
v -0.409064 0.788629 10.882023
v -0.409064 0.788629 10.882023
v -0.409064 0.788629 10.882023
v -0.409064 0.977302 10.882023
v -0.409064 0.977302 10.882023
v -0.409064 0.977302 10.882023
v -0.409064 0.977302 10.882023
v 0.000000 0.976369 2.755361
v 0.000000 0.976369 2.755361
v 0.000000 0.976369 2.755361
v -0.280135 0.932221 2.755361
v -0.280135 0.932221 2.755361
v -0.280135 0.932221 2.755361
v -0.280135 0.932221 2.755361
v -0.197126 0.932221 10.882023
v -0.197126 0.932221 10.882023
v 0.000000 0.882966 1.444203
v 0.000000 0.882966 1.444203
v 0.000000 0.882966 1.444203
v -0.280135 0.932221 2.755361
v -0.280135 0.932221 2.755361
v -0.280135 0.932221 2.755361
v 0.000000 0.976369 2.755361
v 0.000000 0.976369 2.755361
v 0.000000 0.976369 2.755361
v 0.000000 0.882966 1.444203
v 0.000000 0.882966 1.444203
v 0.000000 0.882966 1.444203
v 0.000000 0.976369 2.755361
v 0.000000 0.976369 2.755361
v 0.000000 0.976369 2.755361
v 0.280135 0.932221 2.755361
v 0.280135 0.932221 2.755361
v 0.280135 0.932221 2.755361
v 0.000000 0.882966 13.333794
v 0.000000 0.882966 13.333794
v 0.000000 0.882966 13.333794
v -2.859357 2.066233 0.490266
v -2.859357 2.066233 0.490266
v -2.859357 2.066233 0.490266
v -2.859357 2.066233 0.490266
v -2.859357 2.066233 0.000000
v -2.859357 2.066233 0.000000
v -2.859357 -2.066233 0.000000
v -2.859357 -2.066233 0.000000
v -2.859357 -2.066233 0.490266
v -2.859357 -2.066233 0.490266
v -2.859357 -2.066233 0.490266
v -2.859357 -2.066233 0.490266
v -2.859357 -2.066233 0.490266
v -2.859357 -2.066233 0.490266
v -2.859357 -2.066233 0.490266
v -2.075523 -1.390525 1.345665
v -2.075523 -1.390525 1.345665
v -2.075523 -1.390525 1.345665
v -2.075523 1.384275 1.345665
v -2.075523 1.384275 1.345665
v -2.075523 1.384275 1.345665
v -2.075523 1.384275 1.345665
v -2.859357 2.066233 0.490266
v -2.859357 2.066233 0.490266
v -2.859357 2.066233 0.490266
v -2.075523 1.384275 1.345665
v -2.075523 1.384275 1.345665
v -2.075523 1.384275 1.345665
v -2.075523 1.384275 1.345665
v 2.075523 1.384275 1.345665
v 2.075523 1.384275 1.345665
v 2.075523 1.384275 1.345665
v 2.859357 2.066233 0.490266
v 2.859357 2.066233 0.490266
v 2.859357 2.066233 0.490266
v 2.859357 2.066233 0.490266
v -2.859357 2.066233 0.490266
v -2.859357 2.066233 0.490266
v -2.859357 2.066233 0.490266
v -2.859357 2.066233 0.490266
v -2.859357 2.066233 0.490266
v -2.859357 2.066233 0.490266
v 2.859357 2.066233 0.490266
v 2.859357 2.066233 0.490266
v 2.859357 2.066233 0.490266
v 2.859357 2.066233 0.490266
v 2.859357 2.066233 0.000000
v 2.859357 2.066233 0.000000
v -2.859357 -2.066233 0.000000
v -2.859357 -2.066233 0.000000
v -2.859357 -2.066233 0.000000
v 2.859357 -2.066233 0.000000
v 2.859357 -2.066233 0.490266
v 2.859357 -2.066233 0.490266
v 2.859357 -2.066233 0.490266
v 2.859357 -2.066233 0.490266
v -2.859357 -2.066233 0.490266
v -2.859357 -2.066233 0.490266
v -2.859357 -2.066233 0.490266
v -2.075523 1.384275 1.345665
v -2.075523 1.384275 1.345665
v -2.075523 1.384275 1.345665
v -2.075523 1.384275 1.345665
v -2.075523 -1.390525 1.345665
v -2.075523 -1.390525 1.345665
v -2.075523 -1.390525 1.345665
v -2.067702 -1.388635 1.503142
v -2.067702 -1.388635 1.503142
v -2.067702 -1.388635 1.503142
v -2.067702 -1.388635 1.503142
v -2.067702 1.388635 1.503142
v -2.067702 1.388635 1.503142
v -2.067702 1.388635 1.503142
v 2.067702 1.388635 1.503142
v 2.067702 1.388635 1.503142
v 2.067702 1.388635 1.503142
v 2.075523 1.384275 1.345665
v 2.075523 1.384275 1.345665
v 2.075523 1.384275 1.345665
v 2.075523 1.384275 1.345665
v -2.075523 1.384275 1.345665
v -2.075523 1.384275 1.345665
v -2.075523 1.384275 1.345665
v -2.075523 -1.390525 1.345665
v -2.075523 -1.390525 1.345665
v -2.075523 -1.390525 1.345665
v -2.075523 -1.390525 1.345665
v -2.859357 -2.066233 0.490266
v -2.859357 -2.066233 0.490266
v -2.859357 -2.066233 0.490266
v 2.859357 -2.066233 0.490266
v 2.859357 -2.066233 0.490266
v 2.859357 -2.066233 0.490266
v 2.859357 -2.066233 0.490266
v 2.075523 -1.390525 1.345665
v 2.075523 -1.390525 1.345665
v 2.075523 -1.390525 1.345665
v -2.067702 -1.388635 1.503142
v -2.067702 -1.388635 1.503142
v -2.067702 -1.388635 1.503142
v -2.067702 -1.388635 1.503142
v 2.067702 -1.388635 1.503142
v 2.067702 -1.388635 1.503142
v 2.067702 -1.388635 1.503142
v 2.067702 1.388635 1.503142
v 2.067702 1.388635 1.503142
v 2.067702 1.388635 1.503142
v 2.067702 1.388635 1.503142
v -2.067702 1.388635 1.503142
v -2.067702 1.388635 1.503142
v -2.067702 1.388635 1.503142
v -2.067702 -1.388635 1.503142
v -2.067702 -1.388635 1.503142
v -2.067702 -1.388635 1.503142
v -2.067702 -1.388635 1.503142
v -2.075523 -1.390525 1.345665
v -2.075523 -1.390525 1.345665
v -2.075523 -1.390525 1.345665
v 2.075523 -1.390525 1.345665
v 2.075523 -1.390525 1.345665
v 2.075523 -1.390525 1.345665
v 2.075523 -1.390525 1.345665
v 2.067702 -1.388635 1.503142
v 2.067702 -1.388635 1.503142
v 2.067702 -1.388635 1.503142
v 2.067702 1.388635 1.503142
v 2.067702 1.388635 1.503142
v 2.067702 1.388635 1.503142
v 2.067702 1.388635 1.503142
v 2.067702 -1.388635 1.503142
v 2.067702 -1.388635 1.503142
v 2.067702 -1.388635 1.503142
v 2.075523 -1.390525 1.345665
v 2.075523 -1.390525 1.345665
v 2.075523 -1.390525 1.345665
v 2.075523 -1.390525 1.345665
v 2.075523 1.384275 1.345665
v 2.075523 1.384275 1.345665
v 2.075523 1.384275 1.345665
v 2.075523 1.384275 1.345665
v 2.075523 1.384275 1.345665
v 2.075523 1.384275 1.345665
v 2.075523 1.384275 1.345665
v 2.075523 -1.390525 1.345665
v 2.075523 -1.390525 1.345665
v 2.075523 -1.390525 1.345665
v 2.859357 -2.066233 0.490266
v 2.859357 -2.066233 0.490266
v 2.859357 -2.066233 0.490266
v 2.859357 -2.066233 0.490266
v 2.859357 2.066233 0.490266
v 2.859357 2.066233 0.490266
v 2.859357 2.066233 0.490266
v 2.859357 2.066233 0.000000
v 2.859357 2.066233 0.490266
v 2.859357 2.066233 0.490266
v 2.859357 2.066233 0.490266
v 2.859357 2.066233 0.490266
v 2.859357 -2.066233 0.490266
v 2.859357 -2.066233 0.490266
v 2.859357 -2.066233 0.490266
v 0.704990 0.315810 14.674614
v 0.704990 0.315810 14.674614
v 0.704990 0.315810 14.674614
v 0.704990 0.315810 14.674614
v 1.060365 0.263226 15.090281
v 1.060365 0.263226 15.090281
v 1.060365 0.263226 15.090281
v 1.183057 -0.522314 14.577178
v 1.183057 -0.522314 14.577178
v 1.183057 -0.522314 14.577178
v 1.183057 -0.522314 14.577178
v 0.861522 0.002704 14.587263
v 0.861522 0.002704 14.587263
v 0.861522 0.002704 14.587263
v -0.696058 0.315810 14.674614
v -0.696058 0.315810 14.674614
v -0.696058 0.315810 14.674614
v 0.004466 0.177988 14.674614
v 0.004466 0.177988 14.674614
v 0.004466 0.177988 14.674614
v 0.004466 0.177988 14.674614
v 0.004466 0.177988 14.674614
v 0.004466 0.177988 14.674614
v 0.004466 0.177988 14.674614
v -0.852590 0.002704 14.587263
v -0.852590 0.002704 14.587263
v -0.852590 0.002704 14.587263
v -0.852590 0.002704 14.587263
v -0.852590 0.002704 14.587263
v 0.004466 -0.245664 14.345835
v 0.004466 -0.245664 14.345835
v -0.487545 -0.176421 14.345835
v -1.174125 -0.522314 14.577178
v -1.174125 -0.522314 14.577178
v -1.174125 -0.522314 14.577178
v -1.174125 -0.522314 14.577178
v -1.174125 -0.522314 14.577178
v -1.174125 -0.522314 14.577178
v -1.174125 -0.522314 14.577178
v 0.000000 -0.301514 17.128559
v 0.000000 -0.301514 17.128559
v 0.000000 -0.301514 17.128559
v 0.000000 -0.301514 17.128559
v 0.000000 -0.301514 17.128559
v 0.000000 0.557688 16.697695
v 0.000000 0.557688 16.697695
v 0.000000 0.557688 16.697695
v 0.000000 0.557688 16.697695
v 0.000000 0.557688 16.697695
v 0.379309 0.557688 16.635466
v 0.379309 0.557688 16.635466
v 0.379309 0.557688 16.635466
v 0.379309 0.557688 16.635466
v 0.379309 0.557688 16.635466
v 0.751416 0.405266 16.277496
v 0.751416 0.405266 16.277496
v 0.751416 0.405266 16.277496
v 0.751416 0.405266 16.277496
v 0.751416 0.405266 16.277496
v 1.004849 0.283804 15.795345
v 1.004849 0.283804 15.795345
v 1.004849 0.283804 15.795345
v 1.004849 0.283804 15.795345
v 1.004849 0.283804 15.795345
v 1.183057 -0.522314 14.577178
v 1.183057 -0.522314 14.577178
v 1.183057 -0.522314 14.577178
v 1.183057 -0.522314 14.577178
v 1.183057 -0.522314 14.577178
v 1.183057 -0.522314 14.577178
v 1.183057 -0.522314 14.577178
v 1.183057 -0.522314 14.577178
v 1.183057 -0.522314 14.577178
v 1.060365 0.263226 15.090281
v 1.060365 0.263226 15.090281
v 1.060365 0.263226 15.090281
v 0.861522 0.002704 14.587263
v 0.861522 0.002704 14.587263
v 0.861522 0.002704 14.587263
v 0.861522 0.002704 14.587263
v 0.496477 -0.176421 14.345835
v 0.496477 -0.176421 14.345835
v 0.496477 -0.176421 14.345835
v -0.852590 0.002704 14.587263
v -0.852590 0.002704 14.587263
v -0.852590 0.002704 14.587263
v -0.852590 0.002704 14.587263
v -0.852590 0.002704 14.587263
v -0.427152 -1.313501 14.741840
v -0.427152 -1.313501 14.741840
v 0.496477 -0.176421 14.345835
v 0.861522 0.002704 14.587263
v 0.861522 0.002704 14.587263
v 0.861522 0.002704 14.587263
v 0.861522 0.002704 14.587263
v 0.540079 -0.921760 14.682322
v 0.540079 -0.921760 14.682322
v 0.436085 -1.313501 14.741840
v 0.436085 -1.313501 14.741840
v 0.732614 -1.342229 15.153731
v 0.732614 -1.342229 15.153731
v 0.732614 -1.342229 15.153731
v 0.732614 -1.342229 15.153731
v 0.732614 -1.342229 15.153731
v 0.732614 -1.342229 15.153731
v 0.004466 -1.473611 14.939733
v 0.004466 -1.473611 14.939733
v 0.732614 -1.342229 15.153731
v 0.732614 -1.342229 15.153731
v 0.732614 -1.342229 15.153731
v 0.732614 -1.342229 15.153731
v 0.004466 -1.850778 14.663602
v 0.004466 -1.850778 14.663602
v 0.004466 -1.850778 14.663602
v 0.004466 -1.850778 14.663602
v 0.004466 -1.850778 14.663602
v 0.004466 -1.473611 14.939733
v 0.004466 -1.473611 14.939733
v 0.004466 -1.473611 14.939733
v 0.004466 -1.473611 14.939733
v 0.004466 -1.473611 14.939733
v 0.004466 -2.051166 15.599478
v 0.004466 -2.051166 15.599478
v 0.004466 -2.051166 15.599478
v 0.004466 -2.051166 15.599478
v 0.004466 -2.051166 15.599478
v 0.004466 -1.850778 14.663602
v 0.004466 -1.850778 14.663602
v 0.004466 -1.850778 14.663602
v 0.004466 -1.850778 14.663602
v 0.004466 -1.850778 14.663602
v 0.456827 -1.819787 14.800034
v 0.456827 -1.819787 14.800034
v 0.456827 -1.819787 14.800034
v 0.456827 -1.819787 14.800034
v 0.456827 -1.819787 14.800034
v 0.004466 -1.792046 16.368601
v 0.004466 -1.792046 16.368601
v 0.004466 -1.792046 16.368601
v 0.004466 -1.792046 16.368601
v 0.004466 -1.792046 16.368601
v 0.004466 -1.792046 16.368601
v 0.000000 -1.205583 17.022110
v 0.000000 -1.205583 17.022110
v 0.000000 -1.205583 17.022110
v 0.000000 -1.205583 17.022110
v 0.000000 0.557688 16.697695
v 0.000000 0.557688 16.697695
v 0.000000 0.557688 16.697695
v 0.000000 0.557688 16.697695
v 0.000000 0.557688 16.697695
v 0.000362 0.539554 16.559284
v 0.000362 0.539554 16.559284
v 0.000362 0.539554 16.559284
v 0.000362 0.539554 16.559284
v 0.000362 0.539554 16.559284
v -0.342023 0.539554 16.503113
v -0.342023 0.539554 16.503113
v -0.342023 0.539554 16.503113
v -0.342023 0.539554 16.503113
v -0.342023 0.539554 16.503113
v -0.379309 0.557688 16.635466
v -0.379309 0.557688 16.635466
v -0.379309 0.557688 16.635466
v -0.379309 0.557688 16.635466
v -0.379309 0.557688 16.635466
v -0.669844 0.401970 16.179989
v -0.669844 0.401970 16.179989
v -0.669844 0.401970 16.179989
v -0.669844 0.401970 16.179989
v -0.669844 0.401970 16.179989
v -0.627938 0.315101 14.733140
v -0.627938 0.315101 14.733140
v -0.627938 0.315101 14.733140
v -0.627938 0.315101 14.733140
v -0.627938 0.315101 14.733140
v -0.696058 0.315810 14.674614
v -0.696058 0.315810 14.674614
v -0.696058 0.315810 14.674614
v -0.696058 0.315810 14.674614
v -0.696058 0.315810 14.674614
v 0.004394 0.173666 14.733140
v 0.004394 0.173666 14.733140
v 0.004394 0.173666 14.733140
v 0.004394 0.173666 14.733140
v 0.004394 0.173666 14.733140
v 0.004466 0.177988 14.674614
v 0.004466 0.177988 14.674614
v 0.004466 0.177988 14.674614
v 0.004466 0.177988 14.674614
v 0.004466 0.177988 14.674614
v 0.636725 0.315101 14.733140
v 0.636725 0.315101 14.733140
v 0.636725 0.315101 14.733140
v 0.636725 0.315101 14.733140
v 0.636725 0.315101 14.733140
v 0.704990 0.315810 14.674614
v 0.704990 0.315810 14.674614
v 0.704990 0.315810 14.674614
v 0.704990 0.315810 14.674614
v 0.704990 0.315810 14.674614
v 0.983071 0.267068 15.129672
v 0.983071 0.267068 15.129672
v 0.983071 0.267068 15.129672
v 0.983071 0.267068 15.129672
v 0.983071 0.267068 15.129672
v 1.060365 0.263226 15.090281
v 1.060365 0.263226 15.090281
v 1.060365 0.263226 15.090281
v 1.060365 0.263226 15.090281
v 1.060365 0.263226 15.090281
v 0.907394 0.292332 15.744774
v 0.907394 0.292332 15.744774
v 0.907394 0.292332 15.744774
v 0.907394 0.292332 15.744774
v 0.907394 0.292332 15.744774
v 1.004849 0.283804 15.795345
v 1.004849 0.283804 15.795345
v 1.004849 0.283804 15.795345
v 1.004849 0.283804 15.795345
v 1.004849 0.283804 15.795345
v 0.678631 0.401970 16.179989
v 0.678631 0.401970 16.179989
v 0.678631 0.401970 16.179989
v 0.678631 0.401970 16.179989
v 0.678631 0.401970 16.179989
v 0.751416 0.405266 16.277496
v 0.751416 0.405266 16.277496
v 0.751416 0.405266 16.277496
v 0.751416 0.405266 16.277496
v 0.751416 0.405266 16.277496
v 0.342748 0.539554 16.503113
v 0.342748 0.539554 16.503113
v 0.342748 0.539554 16.503113
v 0.342748 0.539554 16.503113
v 0.342748 0.539554 16.503113
v 0.001849 -0.080395 16.216494
v 0.001849 -0.080395 16.216494
v 0.001849 -0.080395 16.216494
v 0.001849 -0.080395 16.216494
v 0.000362 0.539554 16.559284
v 0.000362 0.539554 16.559284
v 0.000362 0.539554 16.559284
v 0.000362 0.539554 16.559284
v -0.342023 0.539554 16.503113
v -0.342023 0.539554 16.503113
v -0.342023 0.539554 16.503113
v -0.342023 0.539554 16.503113
v -0.342023 0.539554 16.503113
v 0.356635 -0.170479 15.198379
v 0.356635 -0.170479 15.198379
v 0.356635 -0.170479 15.198379
v 0.356635 -0.170479 15.198379
v -0.669844 0.401970 16.179989
v -0.669844 0.401970 16.179989
v -0.669844 0.401970 16.179989
v -0.669844 0.401970 16.179989
v -0.898607 0.292332 15.744774
v -0.898607 0.292332 15.744774
v -0.898607 0.292332 15.744774
v -0.898607 0.292332 15.744774
v -0.974284 0.267068 15.129672
v -0.974284 0.267068 15.129672
v -0.974284 0.267068 15.129672
v -0.974284 0.267068 15.129672
v -0.974284 0.267068 15.129672
v -0.974284 0.267068 15.129672
v -0.348443 -0.170479 15.198379
v -0.348443 -0.170479 15.198379
v 0.004394 0.173666 14.733140
v 0.004394 0.173666 14.733140
v 0.004394 0.173666 14.733140
v 0.004394 0.173666 14.733140
v 0.004394 0.173666 14.733140
v 0.004394 0.173666 14.733140
v 0.004394 0.173666 14.733140
v -0.627938 0.315101 14.733140
v -0.627938 0.315101 14.733140
v -0.627938 0.315101 14.733140
v 0.004096 -0.151796 15.198379
v 0.350335 0.251447 15.368835
v 0.350335 0.251447 15.368835
v 0.350335 0.251447 15.368835
v 0.350335 0.251447 15.368835
v 0.350335 0.251447 15.368835
v 0.350335 0.251447 15.368835
v -0.031882 0.418305 15.932570
v -0.031882 0.418305 15.932570
v -0.031882 0.418305 15.932570
v -0.031882 0.352963 15.909329
v -0.031882 0.352963 15.909329
v -0.031882 0.352963 15.909329
v -0.031882 0.352963 15.909329
v -0.031882 0.352963 15.909329
v -0.088211 0.431104 15.426631
v -0.088211 0.431104 15.426631
v -0.088211 0.431104 15.426631
v -0.088211 0.431104 15.426631
v -0.088211 0.431104 15.426631
v -0.067579 0.488522 15.455615
v -0.067579 0.488522 15.455615
v -0.067579 0.488522 15.455615
v -0.067579 0.488522 15.455615
v -0.031882 0.305506 15.892450
v -0.031882 0.305506 15.892450
v -0.031882 0.305506 15.892450
v -0.031882 0.305506 15.892450
v 0.030902 0.418572 15.932570
v 0.030902 0.418572 15.932570
v 0.030902 0.418572 15.932570
v 0.067579 0.488522 15.455615
v 0.067579 0.488522 15.455615
v 0.067579 0.488522 15.455615
v 0.067579 0.488522 15.455615
v 0.031470 0.353075 15.909329
v 0.031470 0.353075 15.909329
v 0.031470 0.353075 15.909329
v 0.031470 0.353075 15.909329
v 0.031470 0.353075 15.909329
v 0.031470 0.353075 15.909329
v 0.031882 0.305506 15.892450
v 0.031882 0.305506 15.892450
v 0.031882 0.305506 15.892450
v 0.103195 0.389402 15.405581
v 0.103195 0.389402 15.405581
v 0.103195 0.389402 15.405581
v 0.103195 0.389402 15.405581
v 0.300232 0.280123 15.279709
v 0.300232 0.280123 15.279709
v 0.300232 0.280123 15.279709
v 0.300232 0.280123 15.279709
v 0.300232 0.280123 15.279709
v 0.114362 0.313769 15.101344
v 0.114362 0.313769 15.101344
v 0.114362 0.313769 15.101344
v 0.114362 0.313769 15.101344
v 0.257288 0.303066 15.162404
v 0.257288 0.303066 15.162404
v 0.257288 0.303066 15.162404
v 0.000000 0.318193 15.074714
v 0.000000 0.318193 15.074714
v 0.000000 0.318193 15.074714
v 0.000000 0.318193 15.074714
v 0.000000 0.318193 15.074714
v 0.000000 0.318193 15.074714
v 0.000000 0.318193 15.074714
v 0.000000 0.318193 15.074714
v 0.415086 0.263976 15.465783
v 0.415086 0.263976 15.465783
v 0.415086 0.263976 15.465783
v 0.415086 0.263976 15.465783
v 0.415086 0.263976 15.465783
v -0.703770 -0.865935 15.216396
v -1.209491 -0.807075 15.130288
v -1.209491 -0.807075 15.130288
v -1.209491 -0.807075 15.130288
v -1.209491 -0.807075 15.130288
v 1.147126 -1.220241 15.061118
v 1.147126 -1.220241 15.061118
v 1.147126 -1.220241 15.061118
v 1.147126 -1.220241 15.061118
v 1.147126 -1.220241 15.061118
v 1.147126 -1.220241 15.061118
v 1.147126 -1.220241 15.061118
v 1.147126 -1.220241 15.061118
v 1.209491 -0.807075 15.130288
v 1.209491 -0.807075 15.130288
v 1.209491 -0.807075 15.130288
v 1.209491 -0.807075 15.130288
v 0.703770 -0.865935 15.216396
v 0.703770 -0.865935 15.216396
v 1.209491 -0.807075 15.130288
v 1.209491 -0.807075 15.130288
v 1.209491 -0.807075 15.130288
v 1.234323 -0.181203 15.032454
v 1.234323 -0.181203 15.032454
v 1.234323 -0.181203 15.032454
v 1.234323 -0.181203 15.032454
v 1.234323 -0.181203 15.032454
v 0.646479 -0.317379 15.132499
v 0.646479 -0.317379 15.132499
v 0.646479 -0.317379 15.132499
v 0.646479 -0.317379 15.132499
v 1.240404 0.176740 14.699475
v 1.240404 0.176740 14.699475
v 1.240404 0.176740 14.699475
v 1.240404 0.176740 14.699475
v 0.832899 0.184748 14.695175
v 0.832899 0.184748 14.695175
v 0.832899 0.184748 14.695175
v -1.209491 -0.807075 15.130288
v -1.209491 -0.807075 15.130288
v -1.209491 -0.807075 15.130288
v -1.209491 -0.807075 15.130288
v -0.703770 -0.865935 15.216396
v -0.703770 -0.865935 15.216396
v -0.646479 -0.317379 15.132499
v -0.646479 -0.317379 15.132499
v -0.646479 -0.317379 15.132499
v -1.234323 -0.181203 15.032454
v -1.234323 -0.181203 15.032454
v -1.234323 -0.181203 15.032454
v -1.234323 -0.181203 15.032454
v -1.234323 -0.181203 15.032454
v -0.832899 0.184748 14.695175
v -0.832899 0.184748 14.695175
v -0.832899 0.184748 14.695175
v -0.832899 0.184748 14.695175
v -1.240404 0.176740 14.699475
v -1.240404 0.176740 14.699475
v -1.240404 0.176740 14.699475
v 1.199248 -0.806765 15.100663
v 1.234323 -0.214665 14.995504
v 1.234323 -0.214665 14.995504
v 1.234323 -0.214665 14.995504
v 1.234323 -0.214665 14.995504
v -1.209491 -0.807075 15.130288
v -1.209491 -0.807075 15.130288
v -1.209491 -0.807075 15.130288
v -1.209491 -0.807075 15.130288
v -1.199248 -0.806765 15.100663
v -1.199248 -0.806765 15.100663
v -1.199248 -0.806765 15.100663
v -1.147126 -1.142162 14.993462
v -1.147126 -1.142162 14.993462
v -1.147126 -1.142162 14.993462
v -1.147126 -1.142162 14.993462
v 1.147126 -1.220241 15.061118
v 1.147126 -1.220241 15.061118
v 1.147126 -1.142162 14.993462
v 1.147126 -1.142162 14.993462
v 1.147126 -1.142162 14.993462
v 1.147126 -1.142162 14.993462
v 1.147126 -1.142162 14.993462
v 1.147126 -1.142162 14.993462
v 1.199248 -0.806765 15.100663
v 1.199248 -0.806765 15.100663
v -1.209491 -0.807075 15.130288
v -1.209491 -0.807075 15.130288
v -1.209491 -0.807075 15.130288
v -1.209491 -0.807075 15.130288
v -1.234323 -0.181203 15.032454
v -1.234323 -0.181203 15.032454
v -1.234323 -0.181203 15.032454
v -1.234323 -0.214665 14.995504
v -1.234323 -0.214665 14.995504
v -1.234323 -0.214665 14.995504
v -1.234323 -0.214665 14.995504
v -1.199248 -0.806765 15.100663
v -1.199248 -0.806765 15.100663
v -1.199248 -0.806765 15.100663
v -1.147126 -1.142162 14.993462
v -1.147126 -1.142162 14.993462
v -1.147126 -1.142162 14.993462
v -1.069723 -1.491427 14.631827
v -1.069723 -1.491427 14.631827
v -1.069723 -1.491427 14.631827
v -1.069723 -1.491427 14.631827
v -1.069723 -1.658740 14.631827
v -1.069723 -1.658740 14.631827
v -1.069723 -1.658740 14.631827
v 1.234323 -0.181203 15.032454
v 1.234323 -0.181203 15.032454
v 1.234323 -0.181203 15.032454
v 1.234323 -0.181203 15.032454
v 1.240404 0.115392 14.681000
v 1.240404 0.115392 14.681000
v 1.240404 0.115392 14.681000
v 1.240404 0.115392 14.681000
v 1.240404 0.176740 14.699475
v 1.240404 0.176740 14.699475
v 1.240404 0.176740 14.699475
v 2.053098 -0.681796 14.856229
v 2.053098 -0.681796 14.856229
v 2.053098 -0.681796 14.856229
v 2.053098 -0.681796 14.856229
v 1.234323 -0.214665 14.995504
v 1.234323 -0.214665 14.995504
v 1.234323 -0.214665 14.995504
v 1.234323 -0.214665 14.995504
v 1.234323 -0.214665 14.995504
v 1.937070 -0.073363 14.807044
v 1.937070 -0.073363 14.807044
v 1.937070 -0.073363 14.807044
v 1.937070 -0.073363 14.807044
v 1.937070 -0.073363 14.807044
v 1.850329 0.181057 14.591536
v 1.850329 0.181057 14.591536
v 1.850329 0.181057 14.591536
v 1.850329 0.181057 14.591536
v 1.850329 0.181057 14.591536
v 1.685646 0.349945 13.620959
v 1.685646 0.349945 13.620959
v 1.685646 0.349945 13.620959
v 1.685646 0.349945 13.620959
v 1.574208 0.391286 12.649376
v 1.574208 0.391286 12.649376
v 1.574208 0.391286 12.649376
v 1.574208 0.391286 12.649376
v -1.234323 -0.181203 15.032454
v -1.234323 -0.181203 15.032454
v -1.234323 -0.181203 15.032454
v -1.234323 -0.181203 15.032454
v -1.240404 0.176740 14.699475
v -1.240404 0.176740 14.699475
v -1.240404 0.176740 14.699475
v 1.069723 -1.658740 14.631827
v 1.069723 -1.658740 14.631827
v 1.069723 -1.658740 14.631827
v 1.069723 -1.658740 14.631827
v 1.069723 -1.491427 14.631827
v 1.069723 -1.491427 14.631827
v 1.069723 -1.491427 14.631827
v -1.199248 -0.806765 15.100663
v -1.199248 -0.806765 15.100663
v -1.199248 -0.806765 15.100663
v -1.199248 -0.806765 15.100663
v -2.053098 -0.681796 14.856229
v -2.053098 -0.681796 14.856229
v -2.053098 -0.681796 14.856229
v -2.035139 -1.120206 14.574229
v -2.035139 -1.120206 14.574229
v -2.035139 -1.120206 14.574229
v -2.035139 -1.120206 14.574229
v -2.035139 -1.120206 14.574229
v -2.035139 -1.120206 14.574229
v -1.147126 -1.142162 14.993462
v -1.147126 -1.142162 14.993462
v -1.147126 -1.142162 14.993462
v -1.147126 -1.142162 14.993462
v -1.147126 -1.142162 14.993462
v -0.958029 -1.527472 13.613733
v -0.958029 -1.527472 13.613733
v -0.958029 -1.527472 13.613733
v -0.958029 -1.527472 13.613733
v -0.958029 -1.527472 13.613733
v -0.958029 -1.527472 13.613733
v -0.958029 -1.527472 13.613733
v -1.069723 -1.491427 14.631827
v -1.069723 -1.491427 14.631827
v -1.069723 -1.491427 14.631827
v -0.164362 0.577540 13.049491
v -0.164362 0.577540 13.049491
v -0.164362 0.577540 13.049491
v -0.164362 0.577540 13.049491
v -1.008466 0.332887 13.817269
v -1.008466 0.332887 13.817269
v -1.008466 0.332887 13.817269
v -1.008466 0.332887 13.817269
v -1.008466 0.332887 13.817269
v 0.000000 0.443418 12.797838
v 0.000000 0.443418 12.797838
v 0.000000 0.443418 12.797838
v 0.000000 0.443418 12.797838
v 0.000000 0.443418 12.797838
v 0.000000 0.443418 12.797838
v 0.000000 0.443418 12.797838
v 0.000000 0.443418 12.797838
v -0.960186 0.395171 13.008184
v -0.960186 0.395171 13.008184
v -0.960186 0.395171 13.008184
v 0.000000 -0.174844 14.991394
v 0.000000 -0.174844 14.991394
v 0.000000 0.170059 14.666710
v 0.000000 0.170059 14.666710
v 0.000000 0.170059 14.666710
v 0.000000 0.170059 14.666710
v 0.000000 0.170059 14.666710
v 0.810602 0.013209 14.681527
v 0.810602 0.013209 14.681527
v 0.810602 0.013209 14.681527
v 0.810602 0.013209 14.681527
v 0.810602 0.013209 14.681527
v 0.000000 0.313088 14.271927
v 0.000000 0.313088 14.271927
v 0.000000 0.313088 14.271927
v 0.000000 0.313088 14.271927
v 0.000000 0.313088 14.271927
v 0.000000 0.313088 14.271927
v 0.000000 0.313088 14.271927
v 0.000000 0.313088 14.271927
v 0.933911 0.156951 14.290165
v 0.933911 0.156951 14.290165
v 0.933911 0.156951 14.290165
v 0.933911 0.156951 14.290165
v 1.008466 0.332887 13.817269
v 1.008466 0.332887 13.817269
v 1.008466 0.332887 13.817269
v 1.008466 0.332887 13.817269
v -2.053098 -0.681796 14.856229
v -2.053098 -0.681796 14.856229
v -2.053098 -0.681796 14.856229
v -1.199248 -0.806765 15.100663
v -1.199248 -0.806765 15.100663
v -1.199248 -0.806765 15.100663
v -1.199248 -0.806765 15.100663
v -1.937070 -0.073363 14.807044
v -1.937070 -0.073363 14.807044
v -1.937070 -0.073363 14.807044
v -1.937070 -0.073363 14.807044
v -1.937070 -0.073363 14.807044
v -1.234323 -0.214665 14.995504
v -1.234323 -0.214665 14.995504
v -1.234323 -0.214665 14.995504
v -1.234323 -0.214665 14.995504
v -1.234323 -0.214665 14.995504
v -1.246485 0.311600 14.290959
v -1.246485 0.311600 14.290959
v -1.246485 0.311600 14.290959
v -1.246485 0.311600 14.290959
v -1.246485 0.311600 14.290959
v -1.685646 0.349945 13.620959
v -1.685646 0.349945 13.620959
v -1.685646 0.349945 13.620959
v -1.685646 0.349945 13.620959
v -1.685646 0.349945 13.620959
v -1.685646 0.349945 13.620959
v -1.191927 0.456601 13.729379
v -1.191927 0.456601 13.729379
v -1.191927 0.456601 13.729379
v -1.191927 0.456601 13.729379
v -1.191927 0.456601 13.729379
v -1.180945 0.468217 12.049134
v -1.180945 0.468217 12.049134
v -1.180945 0.468217 12.049134
v -1.180945 0.468217 12.049134
v -1.180945 0.468217 12.049134
v -1.180945 0.468217 12.049134
v -0.941664 0.497818 11.934943
v -0.941664 0.497818 11.934943
v -0.941664 0.497818 11.934943
v -0.941664 0.497818 11.934943
v -1.181902 0.432438 11.947551
v -1.181902 0.432438 11.947551
v -1.181902 0.432438 11.947551
v 2.053098 -0.681796 14.856229
v 2.053098 -0.681796 14.856229
v 2.053098 -0.681796 14.856229
v 1.199248 -0.806765 15.100663
v 1.199248 -0.806765 15.100663
v 1.199248 -0.806765 15.100663
v 1.199248 -0.806765 15.100663
v 2.035139 -1.120206 14.574229
v 2.035139 -1.120206 14.574229
v 2.035139 -1.120206 14.574229
v 2.035139 -1.120206 14.574229
v 2.035139 -1.120206 14.574229
v 2.035139 -1.120206 14.574229
v 2.035139 -1.120206 14.574229
v 1.147126 -1.142162 14.993462
v 1.147126 -1.142162 14.993462
v 1.147126 -1.142162 14.993462
v 1.147126 -1.142162 14.993462
v 1.069723 -1.491427 14.631827
v 1.069723 -1.491427 14.631827
v 1.069723 -1.491427 14.631827
v 1.069723 -1.491427 14.631827
v -2.053098 -0.681796 14.856229
v -2.053098 -0.681796 14.856229
v -2.053098 -0.681796 14.856229
v -2.053098 -0.681796 14.856229
v -1.937070 -0.073363 14.807044
v -1.937070 -0.073363 14.807044
v -1.937070 -0.073363 14.807044
v -1.931031 -0.054525 14.701149
v -1.931031 -0.054525 14.701149
v -1.931031 -0.054525 14.701149
v -1.931031 -0.054525 14.701149
v -2.047059 -0.618091 14.750334
v -2.047059 -0.618091 14.750334
v -2.047059 -0.618091 14.750334
v -2.053098 -0.681796 14.856229
v -2.053098 -0.681796 14.856229
v -2.053098 -0.681796 14.856229
v -2.053098 -0.681796 14.856229
v -2.047059 -0.618091 14.750334
v -2.047059 -0.618091 14.750334
v -2.047059 -0.618091 14.750334
v -1.984319 -1.026630 14.505353
v -1.984319 -1.026630 14.505353
v -1.984319 -1.026630 14.505353
v -1.984319 -1.026630 14.505353
v -2.035139 -1.120206 14.574229
v -2.035139 -1.120206 14.574229
v -2.035139 -1.120206 14.574229
v 2.053098 -0.681796 14.856229
v 2.053098 -0.681796 14.856229
v 2.053098 -0.681796 14.856229
v 2.053098 -0.681796 14.856229
v 2.047059 -0.618091 14.750334
v 2.047059 -0.618091 14.750334
v 2.047059 -0.618091 14.750334
v 1.931031 -0.054525 14.701149
v 1.931031 -0.054525 14.701149
v 1.931031 -0.054525 14.701149
v 1.931031 -0.054525 14.701149
v 1.937070 -0.073363 14.807044
v 1.937070 -0.073363 14.807044
v 1.937070 -0.073363 14.807044
v 2.047059 -0.618091 14.750334
v 2.047059 -0.618091 14.750334
v 2.047059 -0.618091 14.750334
v 1.984319 -1.026630 14.505353
v 1.984319 -1.026630 14.505353
v 1.984319 -1.026630 14.505353
v 1.984319 -1.026630 14.505353
v 2.709799 -0.748731 14.090798
v 2.709799 -0.748731 14.090798
v 2.709799 -0.748731 14.090798
v 2.709799 -0.748731 14.090798
v 2.709799 -0.748731 14.090798
v 2.709799 -0.748731 14.090798
v 1.849168 -1.146772 13.787140
v 1.849168 -1.146772 13.787140
v 1.849168 -1.146772 13.787140
v 1.849168 -1.146772 13.787140
v 1.225741 -0.854411 1.486970
v 1.225741 -0.854411 1.486970
v 1.225741 -0.854411 1.486970
v 2.053098 -0.681796 14.856229
v 2.053098 -0.681796 14.856229
v 2.053098 -0.681796 14.856229
v 2.053098 -0.681796 14.856229
v 2.035139 -1.120206 14.574229
v 2.035139 -1.120206 14.574229
v 2.035139 -1.120206 14.574229
v 1.984319 -1.026630 14.505353
v 1.984319 -1.026630 14.505353
v 1.984319 -1.026630 14.505353
v 1.984319 -1.026630 14.505353
v 2.047059 -0.618091 14.750334
v 2.047059 -0.618091 14.750334
v 2.047059 -0.618091 14.750334
v -2.047059 -0.618091 14.750334
v -2.047059 -0.618091 14.750334
v -2.047059 -0.618091 14.750334
v -2.047059 -0.618091 14.750334
v -2.374694 -0.513095 14.610601
v -2.374694 -0.513095 14.610601
v -2.374694 -0.513095 14.610601
v -2.709799 -0.748731 14.090798
v -2.709799 -0.748731 14.090798
v -2.709799 -0.748731 14.090798
v -2.709799 -0.748731 14.090798
v -2.709799 -0.748731 14.090798
v -2.709799 -0.748731 14.090798
v -1.984319 -1.026630 14.505353
v -1.984319 -1.026630 14.505353
v -1.984319 -1.026630 14.505353
v -1.984319 -1.026630 14.505353
v -1.984319 -1.026630 14.505353
v -1.849168 -1.146772 13.787140
v -1.849168 -1.146772 13.787140
v -1.849168 -1.146772 13.787140
v 2.374694 -0.513095 14.610601
v 2.374694 -0.513095 14.610601
v 2.374694 -0.513095 14.610601
v 2.374694 -0.513095 14.610601
v 2.099963 -0.293851 14.497420
v 2.099963 -0.293851 14.497420
v 2.099963 -0.293851 14.497420
v 2.099963 -0.293851 14.497420
v 1.931031 -0.054525 14.701149
v 1.931031 -0.054525 14.701149
v 1.931031 -0.054525 14.701149
v -1.240404 0.176740 14.699475
v -1.240404 0.176740 14.699475
v -1.240404 0.176740 14.699475
v -0.832899 0.184748 14.695175
v -0.832899 0.184748 14.695175
v -0.832899 0.184748 14.695175
v -0.832899 0.184748 14.695175
v -1.246485 0.400834 14.290959
v -1.246485 0.400834 14.290959
v -1.246485 0.400834 14.290959
v -1.246485 0.400834 14.290959
v -1.246485 0.400834 14.290959
v -0.933911 0.395707 14.285198
v -0.933911 0.395707 14.285198
v -0.933911 0.395707 14.285198
v -0.933911 0.395707 14.285198
v -0.933911 0.395707 14.285198
v -1.191927 0.533199 13.729379
v -1.191927 0.533199 13.729379
v -1.191927 0.533199 13.729379
v -1.191927 0.533199 13.729379
v -1.191927 0.533199 13.729379
v -1.008466 0.546309 13.821451
v -1.008466 0.546309 13.821451
v -1.008466 0.546309 13.821451
v -1.008466 0.546309 13.821451
v -0.941664 0.497818 11.934943
v -0.941664 0.497818 11.934943
v -0.941664 0.497818 11.934943
v 1.240404 0.115392 14.681000
v 1.240404 0.115392 14.681000
v 1.240404 0.115392 14.681000
v 1.240404 0.115392 14.681000
v 1.246485 0.311600 14.290959
v 1.246485 0.311600 14.290959
v 1.246485 0.311600 14.290959
v 1.246485 0.400834 14.290959
v 1.246485 0.400834 14.290959
v 1.246485 0.400834 14.290959
v 1.246485 0.400834 14.290959
v 0.832899 0.184748 14.695175
v 0.832899 0.184748 14.695175
v 0.832899 0.184748 14.695175
v 1.240404 0.176740 14.699475
v 1.240404 0.176740 14.699475
v 1.240404 0.176740 14.699475
v 1.240404 0.176740 14.699475
v 0.933911 0.395707 14.285198
v 0.933911 0.395707 14.285198
v 0.933911 0.395707 14.285198
v 0.933911 0.395707 14.285198
v 0.933911 0.395707 14.285198
v 1.246485 0.400834 14.290959
v 1.246485 0.400834 14.290959
v 1.246485 0.400834 14.290959
v 1.246485 0.400834 14.290959
v 1.246485 0.400834 14.290959
v 1.191927 0.533199 13.729379
v 1.191927 0.533199 13.729379
v 1.191927 0.533199 13.729379
v 1.191927 0.533199 13.729379
v 0.963767 0.497818 12.569093
v 0.963767 0.497818 12.569093
v 0.963767 0.497818 12.569093
v -0.810602 0.013209 14.681527
v -0.810602 0.013209 14.681527
v -0.810602 0.013209 14.681527
v -0.810602 0.013209 14.681527
v -0.933911 0.156951 14.290165
v -0.933911 0.156951 14.290165
v -0.933911 0.156951 14.290165
v -0.933911 0.395707 14.285198
v -0.933911 0.395707 14.285198
v -0.933911 0.395707 14.285198
v -0.933911 0.395707 14.285198
v -0.832899 0.184748 14.695175
v -0.832899 0.184748 14.695175
v -0.832899 0.184748 14.695175
v 0.810602 0.013209 14.681527
v 0.810602 0.013209 14.681527
v 0.810602 0.013209 14.681527
v 0.832899 0.184748 14.695175
v 0.832899 0.184748 14.695175
v 0.832899 0.184748 14.695175
v 0.832899 0.184748 14.695175
v 0.933911 0.395707 14.285198
v 0.933911 0.395707 14.285198
v 0.933911 0.395707 14.285198
v 0.933911 0.395707 14.285198
v 0.933911 0.156951 14.290165
v 0.933911 0.156951 14.290165
v 0.933911 0.156951 14.290165
v -1.246485 0.400834 14.290959
v -1.246485 0.400834 14.290959
v -1.246485 0.400834 14.290959
v -1.246485 0.311600 14.290959
v -1.246485 0.311600 14.290959
v -1.246485 0.311600 14.290959
v -1.246485 0.311600 14.290959
v -1.240404 0.115392 14.681000
v -1.240404 0.115392 14.681000
v -1.240404 0.115392 14.681000
v -0.520329 -1.170820 1.486970
v -0.520329 -1.170820 1.486970
v -0.520329 -1.170820 1.486970
v 1.069723 -1.491427 14.631827
v 1.069723 -1.491427 14.631827
v 1.069723 -1.491427 14.631827
v 1.069723 -1.491427 14.631827
v 1.069723 -1.658740 14.631827
v 1.069723 -1.658740 14.631827
v 1.069723 -1.658740 14.631827
v 0.958029 -1.694784 13.613733
v 0.958029 -1.694784 13.613733
v 0.958029 -1.694784 13.613733
v 0.958029 -1.694784 13.613733
v 0.958029 -1.527472 13.613733
v 0.958029 -1.527472 13.613733
v 0.958029 -1.527472 13.613733
v -1.069723 -1.658740 14.631827
v -1.069723 -1.658740 14.631827
v -1.069723 -1.658740 14.631827
v -1.069723 -1.658740 14.631827
v -1.069723 -1.491427 14.631827
v -1.069723 -1.491427 14.631827
v -1.069723 -1.491427 14.631827
v -0.958029 -1.527472 13.613733
v -0.958029 -1.527472 13.613733
v -0.958029 -1.527472 13.613733
v -0.958029 -1.527472 13.613733
v 1.069723 -1.658740 14.631827
v 1.069723 -1.658740 14.631827
v 1.069723 -1.658740 14.631827
v 1.069723 -1.658740 14.631827
v -1.931031 -0.054525 14.701149
v -1.931031 -0.054525 14.701149
v -1.931031 -0.054525 14.701149
v -1.931031 -0.054525 14.701149
v -2.029531 -0.203742 14.536915
v -2.029531 -0.203742 14.536915
v -2.029531 -0.203742 14.536915
v -2.315885 -0.398378 14.477992
v -2.315885 -0.398378 14.477992
v -2.315885 -0.398378 14.477992
v -2.315885 -0.398378 14.477992
v -2.374694 -0.513095 14.610601
v -2.374694 -0.513095 14.610601
v -2.374694 -0.513095 14.610601
v -2.374694 -0.513095 14.610601
v -2.374694 -0.513095 14.610601
v -2.374694 -0.513095 14.610601
v -2.374694 -0.513095 14.610601
v -2.315885 -0.398378 14.477992
v -2.315885 -0.398378 14.477992
v -2.315885 -0.398378 14.477992
v -2.614283 -0.659540 14.022031
v -2.614283 -0.659540 14.022031
v -2.614283 -0.659540 14.022031
v -2.614283 -0.659540 14.022031
v -2.709799 -0.748731 14.090798
v -2.709799 -0.748731 14.090798
v -2.709799 -0.748731 14.090798
v -2.035139 -1.120206 14.574229
v -2.035139 -1.120206 14.574229
v -2.035139 -1.120206 14.574229
v -2.035139 -1.120206 14.574229
v -1.984319 -1.026630 14.505353
v -1.984319 -1.026630 14.505353
v -1.984319 -1.026630 14.505353
v -1.849168 -1.146772 13.787140
v -1.849168 -1.146772 13.787140
v -1.849168 -1.146772 13.787140
v -1.849168 -1.146772 13.787140
v -1.849168 -1.260452 13.857693
v -1.849168 -1.260452 13.857693
v -1.849168 -1.260452 13.857693
v -1.849168 -1.260452 13.857693
v -1.849168 -1.260452 13.857693
v -1.849168 -1.260452 13.857693
v -1.849168 -1.260452 13.857693
v -1.225741 -0.939532 1.486970
v -1.225741 -0.939532 1.486970
v -1.225741 -0.939532 1.486970
v -0.520329 -1.054745 1.486970
v -2.029531 -0.203742 14.536915
v -2.029531 -0.203742 14.536915
v -2.029531 -0.203742 14.536915
v -2.029531 -0.203742 14.536915
v -2.255425 0.861383 12.043969
v -2.255425 0.861383 12.043969
v -2.255425 0.861383 12.043969
v -2.255425 0.861383 12.043969
v -2.255425 0.861383 12.043969
v -2.255425 0.861383 12.043969
v -2.612490 0.374016 11.987241
v -2.612490 0.374016 11.987241
v -2.612490 0.374016 11.987241
v -2.612490 0.374016 11.987241
v -2.612490 0.374016 11.987241
v -2.614283 -0.659540 14.022031
v -2.614283 -0.659540 14.022031
v -2.614283 -0.659540 14.022031
v -1.874884 -0.148768 14.295686
v -1.874884 -0.148768 14.295686
v -1.874884 -0.148768 14.295686
v -1.874884 -0.148768 14.295686
v -1.510260 0.391286 12.102073
v -1.510260 0.391286 12.102073
v -1.510260 0.391286 12.102073
v -1.895469 0.626256 12.431802
v -1.895469 0.626256 12.431802
v -1.895469 0.626256 12.431802
v -1.895469 0.626256 12.431802
v -2.029531 -0.203742 14.536915
v -2.029531 -0.203742 14.536915
v -2.029531 -0.203742 14.536915
v 2.035139 -1.120206 14.574229
v 2.035139 -1.120206 14.574229
v 2.035139 -1.120206 14.574229
v 2.035139 -1.120206 14.574229
v 1.849168 -1.260452 13.857693
v 1.849168 -1.260452 13.857693
v 1.849168 -1.260452 13.857693
v 1.849168 -1.146772 13.787140
v 1.849168 -1.146772 13.787140
v 1.849168 -1.146772 13.787140
v 1.849168 -1.146772 13.787140
v 1.984319 -1.026630 14.505353
v 1.984319 -1.026630 14.505353
v 1.984319 -1.026630 14.505353
v 2.709799 -0.748731 14.090798
v 2.709799 -0.748731 14.090798
v 2.709799 -0.748731 14.090798
v 2.614283 -0.659540 14.022031
v 2.614283 -0.659540 14.022031
v 2.614283 -0.659540 14.022031
v 2.614283 -0.659540 14.022031
v 2.386317 -0.488487 14.438498
v 2.386317 -0.488487 14.438498
v 2.386317 -0.488487 14.438498
v 1.574208 0.391286 12.649376
v 1.574208 0.391286 12.649376
v 1.574208 0.391286 12.649376
v 1.574208 0.391286 12.649376
v 2.099963 -0.293851 14.497420
v 2.099963 -0.293851 14.497420
v 2.099963 -0.293851 14.497420
v 2.099963 -0.293851 14.497420
v 2.099963 -0.293851 14.497420
v 2.099963 -0.293851 14.497420
v 2.309171 0.861383 12.295341
v 2.309171 0.861383 12.295341
v 2.309171 0.861383 12.295341
v 2.309171 0.861383 12.295341
v 2.309171 0.861383 12.295341
v 2.309171 0.861383 12.295341
v 2.309171 0.861383 12.295341
v 1.977810 0.626256 12.738934
v 1.977810 0.626256 12.738934
v 1.977810 0.626256 12.738934
v 1.977810 0.626256 12.738934
v 2.614283 -0.659540 14.022031
v 2.614283 -0.659540 14.022031
v 2.614283 -0.659540 14.022031
v 2.614283 -0.659540 14.022031
v 2.618594 0.374016 12.190164
v 2.618594 0.374016 12.190164
v 2.618594 0.374016 12.190164
v 2.618594 0.374016 12.190164
v 1.246485 0.311600 14.290959
v 1.246485 0.311600 14.290959
v 1.246485 0.311600 14.290959
v 1.246485 0.311600 14.290959
v 1.191927 0.456601 13.729379
v 1.191927 0.456601 13.729379
v 1.191927 0.533199 13.729379
v 1.191927 0.533199 13.729379
v 1.191927 0.533199 13.729379
v 1.191927 0.533199 13.729379
v 1.191927 0.533199 13.729379
v 1.246485 0.400834 14.290959
v 1.246485 0.400834 14.290959
v 1.246485 0.400834 14.290959
v -1.246485 0.400834 14.290959
v -1.246485 0.400834 14.290959
v -1.246485 0.400834 14.290959
v -1.246485 0.400834 14.290959
v -1.191927 0.533199 13.729379
v -1.191927 0.533199 13.729379
v -1.191927 0.533199 13.729379
v -1.191927 0.456601 13.729379
v -1.191927 0.456601 13.729379
v -1.191927 0.456601 13.729379
v -1.191927 0.456601 13.729379
v -1.246485 0.311600 14.290959
v -1.246485 0.311600 14.290959
v -1.246485 0.311600 14.290959
v 0.933911 0.395707 14.285198
v 0.933911 0.395707 14.285198
v 0.933911 0.395707 14.285198
v 0.933911 0.395707 14.285198
v 1.008466 0.546309 13.821451
v 1.008466 0.546309 13.821451
v 1.008466 0.546309 13.821451
v 1.008466 0.332887 13.817269
v 1.008466 0.332887 13.817269
v 1.008466 0.332887 13.817269
v 1.008466 0.332887 13.817269
v 0.933911 0.156951 14.290165
v 0.933911 0.156951 14.290165
v 0.933911 0.156951 14.290165
v -0.933911 0.395707 14.285198
v -0.933911 0.395707 14.285198
v -0.933911 0.395707 14.285198
v -0.933911 0.395707 14.285198
v -0.933911 0.156951 14.290165
v -0.933911 0.156951 14.290165
v -0.933911 0.156951 14.290165
v -1.008466 0.332887 13.817269
v -1.008466 0.332887 13.817269
v -1.008466 0.332887 13.817269
v -1.008466 0.332887 13.817269
v -1.008466 0.546309 13.821451
v -1.008466 0.546309 13.821451
v -1.008466 0.546309 13.821451
v -2.709799 -0.748731 14.090798
v -2.709799 -0.748731 14.090798
v -2.709799 -0.748731 14.090798
v -2.709799 -0.748731 14.090798
v -2.614283 -0.659540 14.022031
v -2.614283 -0.659540 14.022031
v -2.614283 -0.659540 14.022031
v -1.690463 -0.406788 1.486970
v -1.690463 -0.406788 1.486970
v -1.690463 -0.406788 1.486970
v -1.776184 -0.490504 1.486970
v 2.614283 -0.659540 14.022031
v 2.614283 -0.659540 14.022031
v 2.614283 -0.659540 14.022031
v 2.614283 -0.659540 14.022031
v 2.709799 -0.748731 14.090798
v 2.709799 -0.748731 14.090798
v 2.709799 -0.748731 14.090798
v 1.776184 -0.490504 1.486970
v 1.776184 -0.490504 1.486970
v 1.776184 -0.490504 1.486970
v 1.690463 -0.406788 1.486970
v -1.849168 -1.146772 13.787140
v -1.849168 -1.146772 13.787140
v -1.849168 -1.146772 13.787140
v -1.849168 -1.146772 13.787140
v -1.225741 -0.854411 1.486970
v -1.225741 -0.854411 1.486970
v -1.225741 -0.939532 1.486970
v -1.225741 -0.939532 1.486970
v -1.849168 -1.260452 13.857693
v -1.849168 -1.260452 13.857693
v -1.849168 -1.260452 13.857693
v 0.958029 -1.527472 13.613733
v 0.958029 -1.527472 13.613733
v 0.958029 -1.527472 13.613733
v 0.958029 -1.527472 13.613733
v 0.958029 -1.527472 13.613733
v 1.849168 -1.260452 13.857693
v 1.849168 -1.260452 13.857693
v 1.849168 -1.260452 13.857693
v 1.849168 -1.260452 13.857693
v 1.849168 -1.260452 13.857693
v 0.520329 -1.054745 1.486970
v 0.520329 -1.054745 1.486970
v 0.520329 -1.054745 1.486970
v 1.225741 -0.939532 1.486970
v -1.008466 0.546309 13.821451
v -1.008466 0.546309 13.821451
v -1.008466 0.546309 13.821451
v -1.008466 0.546309 13.821451
v -1.008466 0.332887 13.817269
v -1.008466 0.332887 13.817269
v -1.008466 0.332887 13.817269
v -0.960186 0.395171 13.008184
v -0.960186 0.395171 13.008184
v -0.960186 0.395171 13.008184
v -0.960186 0.395171 13.008184
v -0.941664 0.497818 11.934943
v -0.941664 0.497818 11.934943
v -0.941664 0.497818 11.934943
v 1.008466 0.332887 13.817269
v 1.008466 0.332887 13.817269
v 1.008466 0.332887 13.817269
v 1.008466 0.332887 13.817269
v 1.008466 0.546309 13.821451
v 1.008466 0.546309 13.821451
v 1.008466 0.546309 13.821451
v 0.963767 0.497818 12.569093
v 0.963767 0.497818 12.569093
v 0.963767 0.497818 12.569093
v 0.963767 0.497818 12.569093
v 0.987044 0.395171 12.935623
v 0.987044 0.395171 12.935623
v 0.987044 0.395171 12.935623
v 1.849168 -1.146772 13.787140
v 1.849168 -1.146772 13.787140
v 1.849168 -1.146772 13.787140
v 1.849168 -1.146772 13.787140
v 1.849168 -1.260452 13.857693
v 1.849168 -1.260452 13.857693
v 1.849168 -1.260452 13.857693
v 1.225741 -0.939532 1.486970
v 1.225741 -0.939532 1.486970
v 1.225741 -0.939532 1.486970
v 1.225741 -0.854411 1.486970
v 0.958029 -1.527472 13.613733
v 0.958029 -1.527472 13.613733
v 0.958029 -1.527472 13.613733
v 0.958029 -1.527472 13.613733
v 0.958029 -1.694784 13.613733
v 0.958029 -1.694784 13.613733
v 0.958029 -1.694784 13.613733
v 0.520329 -1.170820 1.486970
v 0.520329 -1.170820 1.486970
v 0.520329 -1.170820 1.486970
v 0.520329 -1.054745 1.486970
v -0.958029 -1.527472 13.613733
v -0.958029 -1.527472 13.613733
v -0.958029 -1.527472 13.613733
v -0.958029 -1.527472 13.613733
v -0.520329 -1.054745 1.486970
v -0.520329 -1.054745 1.486970
v -0.958029 -1.694784 13.613733
v -0.958029 -1.694784 13.613733
v -0.958029 -1.694784 13.613733
v 0.958029 -1.694784 13.613733
v 0.958029 -1.694784 13.613733
v 0.958029 -1.694784 13.613733
v 0.958029 -1.694784 13.613733
v 0.958029 -1.694784 13.613733
v 0.520329 -1.170820 1.486970
v 1.311995 0.910262 12.880150
v 1.311995 0.910262 12.880150
v 1.311995 0.910262 12.880150
v 1.311995 0.910262 12.880150
v 1.311995 0.916136 12.749537
v 1.311995 0.916136 12.749537
v 1.311995 0.916136 12.749537
v 1.226115 0.432438 12.546771
v 1.226115 0.432438 12.546771
v 1.226115 0.432438 12.546771
v 1.226115 0.432438 12.546771
v 1.240671 0.468217 12.647310
v 1.240671 0.468217 12.647310
v 1.240671 0.468217 12.647310
v 1.311995 0.910262 12.880150
v 1.311995 0.910262 12.880150
v 1.311995 0.910262 12.880150
v 1.311995 0.910262 12.880150
v 1.977810 0.626256 12.738934
v 1.977810 0.626256 12.738934
v 1.977810 0.626256 12.738934
v 2.309171 0.861383 12.295341
v 2.309171 0.861383 12.295341
v 2.309171 0.861383 12.295341
v 2.309171 0.861383 12.295341
v 2.309171 0.861383 12.295341
v 1.357627 1.250179 12.640974
v 1.357627 1.250179 12.640974
v 1.357627 1.250179 12.640974
v 1.357627 1.250179 12.640974
v 1.357627 1.250179 12.640974
v 1.366381 1.277819 12.244940
v 1.366381 1.277819 12.244940
v 1.366381 1.277819 12.244940
v 1.366381 1.277819 12.244940
v 1.366381 1.277819 12.244940
v 1.608144 0.744455 1.486970
v 1.608144 0.744455 1.486970
v 1.608144 0.744455 1.486970
v 1.049111 0.998854 1.486970
v 0.508915 0.952183 12.839419
v 0.508915 0.952183 12.839419
v 0.508915 0.952183 12.839419
v 0.508915 0.952183 12.839419
v 1.311995 0.916136 12.749537
v 1.311995 0.916136 12.749537
v 1.311995 0.916136 12.749537
v 0.589530 1.230680 12.681018
v 0.589530 1.230680 12.681018
v 0.589530 1.230680 12.681018
v 0.589530 1.230680 12.681018
v 0.589530 1.230680 12.681018
v 0.593302 1.283422 12.400674
v 0.593302 1.283422 12.400674
v 0.593302 1.283422 12.400674
v 0.593302 1.283422 12.400674
v 0.593302 1.283422 12.400674
v 0.721181 0.998922 1.486970
v 0.508915 0.952183 12.839419
v 0.508915 0.952183 12.839419
v 0.508915 0.952183 12.839419
v 0.508915 0.952183 12.839419
v 0.589530 1.230680 12.681018
v 0.589530 1.230680 12.681018
v 0.589530 1.230680 12.681018
v 0.538809 1.164289 12.524582
v 0.538809 1.164289 12.524582
v 0.538809 1.164289 12.524582
v 0.538809 1.164289 12.524582
v 0.508915 0.952183 12.839419
v 0.508915 0.952183 12.839419
v 0.508915 0.952183 12.839419
v 0.508915 0.952183 12.839419
v 0.508915 0.952183 12.839419
v 0.963767 0.497818 12.569093
v 0.963767 0.497818 12.569093
v 0.963767 0.497818 12.569093
v 0.963767 0.497818 12.569093
v 1.226115 0.432438 12.546771
v 1.226115 0.432438 12.546771
v 1.226115 0.432438 12.546771
v 1.226115 0.432438 12.546771
v 1.311995 0.916136 12.749537
v 1.311995 0.916136 12.749537
v 1.311995 0.916136 12.749537
v 0.519640 0.986232 12.678784
v 0.519640 0.986232 12.678784
v 0.519640 0.986232 12.678784
v 0.490608 0.830324 12.524582
v 0.490608 0.830324 12.524582
v 0.490608 0.830324 12.524582
v 0.490608 0.830324 12.524582
v 0.490608 0.830324 12.524582
v 0.490608 0.830324 12.524582
v 0.987044 0.395171 12.935623
v 0.987044 0.395171 12.935623
v 0.987044 0.395171 12.935623
v 0.987044 0.395171 12.935623
v 0.963767 0.497818 12.569093
v 0.963767 0.497818 12.569093
v 0.963767 0.497818 12.569093
v 0.433457 0.563840 12.157108
v 0.433457 0.563840 12.157108
v 0.433457 0.563840 12.157108
v 0.433457 0.563840 12.157108
v 0.433457 0.563840 12.157108
v 0.000000 0.443418 12.797838
v 0.000000 0.443418 12.797838
v 0.000000 0.443418 12.797838
v 0.000000 0.443418 12.797838
v 0.000000 0.443418 12.797838
v 0.000000 0.443418 12.797838
v 0.000000 0.443418 12.797838
v 0.000000 0.443418 12.797838
v 0.623950 0.423370 1.486970
v 0.623950 0.423370 1.486970
v 0.623950 0.423370 1.486970
v -0.000000 0.483965 1.486970
v -0.000000 0.483965 1.486970
v 1.311995 0.910262 12.880150
v 1.311995 0.910262 12.880150
v 1.311995 0.910262 12.880150
v 1.311995 0.910262 12.880150
v 1.357627 1.250179 12.640974
v 1.357627 1.250179 12.640974
v 1.357627 1.250179 12.640974
v 1.368928 1.124284 12.550248
v 1.368928 1.124284 12.550248
v 1.368928 1.124284 12.550248
v 1.368928 1.124284 12.550248
v 1.311995 0.916136 12.749537
v 1.311995 0.916136 12.749537
v 1.311995 0.916136 12.749537
v 1.977810 0.626256 12.738934
v 1.977810 0.626256 12.738934
v 1.977810 0.626256 12.738934
v 1.977810 0.626256 12.738934
v 1.311995 0.910262 12.880150
v 1.311995 0.910262 12.880150
v 1.311995 0.910262 12.880150
v 1.240671 0.468217 12.647310
v 1.240671 0.468217 12.647310
v 1.240671 0.468217 12.647310
v 1.240671 0.468217 12.647310
v 1.574208 0.391286 12.649376
v 1.574208 0.391286 12.649376
v 1.574208 0.391286 12.649376
v 0.518608 0.864769 12.181757
v 0.518608 0.864769 12.181757
v 0.518608 0.864769 12.181757
v 0.433457 0.563840 12.157108
v 0.433457 0.563840 12.157108
v 0.433457 0.563840 12.157108
v 0.433457 0.563840 12.157108
v 0.468832 0.601196 12.676774
v 0.468832 0.601196 12.676774
v 1.574208 0.391286 12.649376
v 1.574208 0.391286 12.649376
v 1.574208 0.391286 12.649376
v 1.574208 0.391286 12.649376
v 1.685646 0.349945 13.620959
v 1.685646 0.349945 13.620959
v 1.685646 0.349945 13.620959
v 1.685646 0.349945 13.620959
v 1.685646 0.349945 13.620959
v 1.874884 -0.148768 14.295686
v 1.874884 -0.148768 14.295686
v 1.874884 -0.148768 14.295686
v 1.874884 -0.148768 14.295686
v 1.937070 -0.073363 14.807044
v 1.937070 -0.073363 14.807044
v 1.937070 -0.073363 14.807044
v 1.937070 -0.073363 14.807044
v 1.931031 -0.054525 14.701149
v 1.931031 -0.054525 14.701149
v 1.931031 -0.054525 14.701149
v 1.931031 -0.054525 14.701149
v 1.226115 0.432438 12.546771
v 1.226115 0.432438 12.546771
v 1.226115 0.432438 12.546771
v 1.226115 0.432438 12.546771
v 1.240671 0.468217 12.647310
v 1.240671 0.468217 12.647310
v 1.240671 0.468217 12.647310
v 1.240671 0.468217 12.647310
v 1.357627 1.250179 12.640974
v 1.357627 1.250179 12.640974
v 1.357627 1.250179 12.640974
v 1.357627 1.250179 12.640974
v 1.366381 1.277819 12.244940
v 1.366381 1.277819 12.244940
v 1.366381 1.277819 12.244940
v 1.366381 1.156804 12.231688
v 1.366381 1.156804 12.231688
v 1.366381 1.156804 12.231688
v 1.366381 1.156804 12.231688
v 1.368928 1.124284 12.550248
v 1.368928 1.124284 12.550248
v 1.368928 1.124284 12.550248
v 0.548918 1.142569 12.117108
v 0.548918 1.142569 12.117108
v 0.548918 1.142569 12.117108
v 0.548918 1.142569 12.117108
v 0.519640 0.986232 12.678784
v 0.519640 0.986232 12.678784
v 0.519640 0.986232 12.678784
v 0.519640 0.986232 12.678784
v 0.283166 0.957849 12.691735
v 0.283166 0.957849 12.691735
v 0.283166 0.957849 12.691735
v 0.283166 0.957849 12.691735
v 0.081520 0.936136 12.770878
v 0.081520 0.936136 12.770878
v 0.081520 0.936136 12.770878
v 0.081520 0.936136 12.770878
v -0.291971 0.752453 12.693145
v -0.291971 0.752453 12.693145
v -0.291971 0.752453 12.693145
v -0.291971 0.752453 12.693145
v -0.002510 0.633556 12.509551
v -0.002510 0.633556 12.509551
v -0.002510 0.633556 12.509551
v -0.002510 0.633556 12.509551
v 0.002415 0.629038 12.206110
v 0.002415 0.629038 12.206110
v 0.002415 0.629038 12.206110
v 0.002415 0.629038 12.206110
v 0.589530 1.230680 12.681018
v 0.589530 1.230680 12.681018
v 0.589530 1.230680 12.681018
v 0.589530 1.230680 12.681018
v 0.593302 1.283422 12.400674
v 0.593302 1.283422 12.400674
v 0.536986 1.187078 12.397946
v 0.536986 1.187078 12.397946
v 0.536986 1.187078 12.397946
v 0.536986 1.187078 12.397946
v 0.536986 1.187078 12.397946
v 0.538809 1.164289 12.524582
v 0.538809 1.164289 12.524582
v 0.538809 1.164289 12.524582
v -0.002510 0.633556 12.509551
v -0.002510 0.633556 12.509551
v -0.002510 0.633556 12.509551
v -0.002510 0.633556 12.509551
v -0.291971 0.752453 12.693145
v -0.291971 0.752453 12.693145
v -0.291971 0.752453 12.693145
v -0.285752 0.738369 12.151331
v -0.285752 0.738369 12.151331
v -0.285752 0.738369 12.151331
v -0.285752 0.738369 12.151331
v 0.002415 0.629038 12.206110
v 0.002415 0.629038 12.206110
v 0.002415 0.629038 12.206110
v -1.215903 0.910262 12.290131
v -1.215903 0.910262 12.290131
v -1.215903 0.910262 12.290131
v -1.215903 0.910262 12.290131
v -1.297499 1.250179 12.060719
v -1.297499 1.250179 12.060719
v -2.255425 0.861383 12.043969
v -2.255425 0.861383 12.043969
v -2.255425 0.861383 12.043969
v -2.255425 0.861383 12.043969
v -2.255425 0.861383 12.043969
v -2.255425 0.861383 12.043969
v -1.895469 0.626256 12.431802
v -1.895469 0.626256 12.431802
v -1.895469 0.626256 12.431802
v -1.895469 0.626256 12.431802
v -1.895469 0.626256 12.431802
v -1.895469 0.626256 12.431802
v -1.895469 0.626256 12.431802
v -1.510260 0.391286 12.102073
v -1.510260 0.391286 12.102073
v -1.510260 0.391286 12.102073
v -1.180945 0.468217 12.049134
v -1.180945 0.468217 12.049134
v -1.180945 0.468217 12.049134
v -1.180945 0.468217 12.049134
v -1.215903 0.910262 12.290131
v -1.215903 0.910262 12.290131
v -1.215903 0.910262 12.290131
v -1.215903 0.910262 12.290131
v -1.215903 0.910262 12.290131
v -1.215903 0.910262 12.290131
v -1.215903 0.910262 12.290131
v -1.235834 0.916136 12.161048
v -1.235834 0.916136 12.161048
v -1.235834 0.916136 12.161048
v -1.322512 1.124284 11.972780
v -1.322512 1.124284 11.972780
v -1.322512 1.124284 11.972780
v -1.322512 1.124284 11.972780
v -1.297499 1.250179 12.060719
v -1.297499 1.250179 12.060719
v -1.297499 1.250179 12.060719
v 1.366381 1.156804 12.231688
v 1.366381 1.156804 12.231688
v 1.366381 1.156804 12.231688
v 1.366381 1.156804 12.231688
v 1.366381 1.277819 12.244940
v 1.366381 1.277819 12.244940
v 1.366381 1.277819 12.244940
v 1.049111 0.998854 1.486970
v 1.049111 0.998854 1.486970
v 1.049111 0.998854 1.486970
v 1.049111 0.951767 1.486970
v 0.002415 0.629038 12.206110
v 0.002415 0.629038 12.206110
v 0.002415 0.629038 12.206110
v 0.002415 0.629038 12.206110
v -0.285752 0.738369 12.151331
v -0.285752 0.738369 12.151331
v -0.285752 0.738369 12.151331
v -0.285752 0.738369 12.151331
v -0.038150 1.149090 12.006911
v -0.038150 1.149090 12.006911
v -0.038150 1.149090 12.006911
v -0.038150 1.149090 12.006911
v -0.038150 1.149090 12.006911
v -0.038150 1.149090 12.006911
v 0.313887 0.845887 12.146697
v 0.313887 0.845887 12.146697
v 0.313887 0.845887 12.146697
v 0.313887 0.845887 12.146697
v 0.313887 0.845887 12.146697
v 0.548918 1.142569 12.117108
v 0.548918 1.142569 12.117108
v 0.548918 1.142569 12.117108
v 0.548918 1.142569 12.117108
v 0.518608 0.864769 12.181757
v 0.518608 0.864769 12.181757
v 0.518608 0.864769 12.181757
v 2.614283 -0.659540 14.022031
v 2.614283 -0.659540 14.022031
v 2.614283 -0.659540 14.022031
v 2.614283 -0.659540 14.022031
v 1.690463 -0.406788 1.486970
v 1.690463 -0.406788 1.486970
v 2.618594 0.374016 12.190164
v 2.618594 0.374016 12.190164
v 2.618594 0.374016 12.190164
v 2.618594 0.374016 12.190164
v 2.618594 0.374016 12.190164
v 1.733575 0.740535 1.364884
v 1.733575 0.740535 1.364884
v 2.366002 0.923793 11.974907
v 2.366002 0.923793 11.974907
v 2.366002 0.923793 11.974907
v 0.518608 0.864769 12.181757
v 0.518608 0.864769 12.181757
v 0.518608 0.864769 12.181757
v 0.313887 0.845887 12.146697
v 0.313887 0.845887 12.146697
v 0.313887 0.845887 12.146697
v 0.313887 0.845887 12.146697
v 0.313887 0.845887 12.146697
v 0.727440 0.693048 12.157108
v 0.727440 0.693048 12.157108
v 0.727440 0.693048 12.157108
v 0.727440 0.693048 12.157108
v 0.840139 0.674534 1.486970
v 0.840139 0.674534 1.486970
v 0.600345 0.676881 1.486970
v 0.600345 0.676881 1.486970
v 0.518608 0.864769 12.181757
v 0.518608 0.864769 12.181757
v 0.518608 0.864769 12.181757
v -1.215903 0.910262 12.290131
v -1.215903 0.910262 12.290131
v -1.215903 0.910262 12.290131
v -1.215903 0.910262 12.290131
v -1.180945 0.468217 12.049134
v -1.180945 0.468217 12.049134
v -1.180945 0.468217 12.049134
v -1.181902 0.432438 11.947551
v -1.181902 0.432438 11.947551
v -1.181902 0.432438 11.947551
v -1.181902 0.432438 11.947551
v -1.235834 0.916136 12.161048
v -1.235834 0.916136 12.161048
v -1.235834 0.916136 12.161048
v -1.235834 0.916136 12.161048
v -1.235834 0.916136 12.161048
v -1.235834 0.916136 12.161048
v -1.235834 0.916136 12.161048
v -0.459237 0.952183 12.152270
v -0.459237 0.952183 12.152270
v -0.459237 0.952183 12.152270
v -0.557195 1.230680 12.003966
v -0.557195 1.230680 12.003966
v -0.557195 1.230680 12.003966
v -0.557195 1.230680 12.003966
v -0.557195 1.230680 12.003966
v -1.322512 1.124284 11.972780
v -1.322512 1.124284 11.972780
v -1.322512 1.124284 11.972780
v -1.322512 1.124284 11.972780
v -1.322512 1.124284 11.972780
v -0.592548 1.283422 11.725835
v -0.592548 1.283422 11.725835
v -0.592548 1.283422 11.725835
v -0.592548 1.283422 11.725835
v -0.592548 1.283422 11.725835
v -1.368607 1.156804 11.657562
v -1.368607 1.156804 11.657562
v -1.368607 1.156804 11.657562
v -1.368607 1.156804 11.657562
v -1.368607 1.156804 11.657562
v -0.721181 0.998922 1.486970
v -0.721181 0.998922 1.486970
v -0.721181 0.998922 1.486970
v 0.727440 0.693048 12.157108
v 0.727440 0.693048 12.157108
v 0.727440 0.693048 12.157108
v 0.727440 0.693048 12.157108
v 0.807343 1.040733 12.084272
v 0.807343 1.040733 12.084272
v 0.807343 1.040733 12.084272
v 0.881942 0.800511 1.486970
v 0.881942 0.800511 1.486970
v 0.881942 0.800511 1.486970
v 0.433457 0.563840 12.157108
v 0.433457 0.563840 12.157108
v 0.433457 0.563840 12.157108
v 0.433457 0.563840 12.157108
v 0.518608 0.864769 12.181757
v 0.518608 0.864769 12.181757
v 0.518608 0.864769 12.181757
v 0.600345 0.676881 1.486970
v 0.600345 0.676881 1.486970
v 0.600345 0.676881 1.486970
v 0.623950 0.423370 1.486970
v 0.518608 0.864769 12.181757
v 0.518608 0.864769 12.181757
v 0.518608 0.864769 12.181757
v 0.518608 0.864769 12.181757
v 0.548918 1.142569 12.117108
v 0.548918 1.142569 12.117108
v 0.548918 1.142569 12.117108
v 0.807343 1.040733 12.084272
v 0.807343 1.040733 12.084272
v 0.807343 1.040733 12.084272
v 0.807343 1.040733 12.084272
v 0.727440 0.693048 12.157108
v 0.727440 0.693048 12.157108
v 0.727440 0.693048 12.157108
v -1.181902 0.432438 11.947551
v -1.181902 0.432438 11.947551
v -1.181902 0.432438 11.947551
v -1.181902 0.432438 11.947551
v -0.459237 0.952183 12.152270
v -0.459237 0.952183 12.152270
v -0.459237 0.952183 12.152270
v -0.459237 0.952183 12.152270
v -0.459237 0.952183 12.152270
v -0.941664 0.497818 11.934943
v -0.941664 0.497818 11.934943
v -0.941664 0.497818 11.934943
v -0.941664 0.497818 11.934943
v -0.437745 0.601196 11.986143
v -0.437745 0.601196 11.986143
v -0.437745 0.601196 11.986143
v 0.548918 1.142569 12.117108
v 0.548918 1.142569 12.117108
v 0.548918 1.142569 12.117108
v 0.548918 1.142569 12.117108
v 0.593302 1.283422 12.400674
v 0.593302 1.283422 12.400674
v 0.593302 1.283422 12.400674
v 0.721181 0.998922 1.486970
v 0.721181 0.998922 1.486970
v 0.721181 0.998922 1.486970
v 0.644556 0.914513 1.486970
v -1.510260 0.391286 12.102073
v -1.510260 0.391286 12.102073
v -1.510260 0.391286 12.102073
v -1.510260 0.391286 12.102073
v -1.874884 -0.148768 14.295686
v -1.874884 -0.148768 14.295686
v -1.874884 -0.148768 14.295686
v -1.874884 -0.148768 14.295686
v -1.685646 0.349945 13.620959
v -1.685646 0.349945 13.620959
v -1.685646 0.349945 13.620959
v -1.685646 0.349945 13.620959
v -1.685646 0.349945 13.620959
v -1.850329 0.181057 14.591536
v -1.850329 0.181057 14.591536
v -1.850329 0.181057 14.591536
v -1.850329 0.181057 14.591536
v -1.850329 0.181057 14.591536
v -1.850329 0.181057 14.591536
v -1.931031 -0.054525 14.701149
v -1.931031 -0.054525 14.701149
v -1.931031 -0.054525 14.701149
v -1.931031 -0.054525 14.701149
v -1.931031 -0.054525 14.701149
v 0.548918 1.142569 12.117108
v 0.548918 1.142569 12.117108
v 0.548918 1.142569 12.117108
v 0.644556 0.914513 1.486970
v 0.644556 0.914513 1.486970
v 0.644556 0.914513 1.486970
v -1.297499 1.250179 12.060719
v -1.297499 1.250179 12.060719
v -1.297499 1.250179 12.060719
v -1.297499 1.250179 12.060719
v -1.322512 1.124284 11.972780
v -1.322512 1.124284 11.972780
v -1.322512 1.124284 11.972780
v -1.368607 1.156804 11.657562
v -1.368607 1.156804 11.657562
v -1.368607 1.156804 11.657562
v -1.368607 1.156804 11.657562
v -1.366585 1.277819 11.670659
v -1.366585 1.277819 11.670659
v -1.366585 1.277819 11.670659
v -1.297499 1.250179 12.060719
v -1.366585 1.277819 11.670659
v -1.366585 1.277819 11.670659
v -1.366585 1.277819 11.670659
v -1.366585 1.277819 11.670659
v -1.366585 1.277819 11.670659
v -2.254807 0.871237 11.742010
v -2.254807 0.871237 11.742010
v -2.254807 0.871237 11.742010
v -2.254807 0.871237 11.742010
v -2.254807 0.871237 11.742010
v -1.049111 0.998854 1.486970
v -1.049111 0.998854 1.486970
v -1.049111 0.998854 1.486970
v -1.608144 0.744455 1.486970
v -0.459237 0.952183 12.152270
v -0.459237 0.952183 12.152270
v -0.459237 0.952183 12.152270
v -0.459237 0.952183 12.152270
v -0.524433 1.164289 11.842810
v -0.524433 1.164289 11.842810
v -0.524433 1.164289 11.842810
v -0.524433 1.164289 11.842810
v -0.557195 1.230680 12.003966
v -0.557195 1.230680 12.003966
v -0.557195 1.230680 12.003966
v -0.557195 1.230680 12.003966
v -0.557195 1.230680 12.003966
v -0.557195 1.230680 12.003966
v -0.557195 1.230680 12.003966
v -0.524433 1.164289 11.842810
v -0.524433 1.164289 11.842810
v -0.524433 1.164289 11.842810
v -0.536897 1.187078 11.716776
v -0.536897 1.187078 11.716776
v -0.536897 1.187078 11.716776
v -0.536897 1.187078 11.716776
v -0.592548 1.283422 11.725835
v -0.592548 1.283422 11.725835
v -0.592548 1.283422 11.725835
v -0.437745 0.601196 11.986143
v -0.437745 0.601196 11.986143
v -0.476539 0.830324 11.837376
v -0.476539 0.830324 11.837376
v -0.476539 0.830324 11.837376
v -0.476539 0.830324 11.837376
v -0.476539 0.830324 11.837376
v -0.476539 0.830324 11.837376
v -0.488003 0.986232 11.993869
v -0.488003 0.986232 11.993869
v -0.488003 0.986232 11.993869
v 2.297286 0.871237 11.991639
v 2.297286 0.871237 11.991639
v 2.297286 0.871237 11.991639
v 2.297286 0.871237 11.991639
v 2.366002 0.923793 11.974907
v 2.366002 0.923793 11.974907
v 2.366002 0.923793 11.974907
v 1.733575 0.740535 1.364884
v 1.733575 0.740535 1.364884
v 1.733575 0.740535 1.364884
v 1.608144 0.744455 1.486970
v -2.325272 0.923793 11.735961
v -2.325272 0.923793 11.735961
v -2.325272 0.923793 11.735961
v -2.325272 0.923793 11.735961
v -1.733575 0.740535 1.364884
v -1.733575 0.740535 1.364884
v -2.612490 0.374016 11.987241
v -2.612490 0.374016 11.987241
v -2.612490 0.374016 11.987241
v -2.612490 0.374016 11.987241
v -2.612490 0.374016 11.987241
v -2.614283 -0.659540 14.022031
v -2.614283 -0.659540 14.022031
v -2.614283 -0.659540 14.022031
v -0.488003 0.986232 11.993869
v -0.488003 0.986232 11.993869
v -0.488003 0.986232 11.993869
v -0.476539 0.830324 11.837376
v -0.476539 0.830324 11.837376
v -0.476539 0.830324 11.837376
v -0.254439 0.957849 11.980403
v -0.254439 0.957849 11.980403
v -0.254439 0.957849 11.980403
v -0.254439 0.957849 11.980403
v -0.254439 0.957849 11.980403
v -0.045157 0.936136 12.036308
v -0.045157 0.936136 12.036308
v -0.045157 0.936136 12.036308
v -0.045157 0.936136 12.036308
v -0.045157 0.936136 12.036308
v 0.008877 0.633556 11.767175
v 0.008877 0.633556 11.767175
v 0.008877 0.633556 11.767175
v 0.008877 0.633556 11.767175
v 0.008877 0.633556 11.767175
v 0.317190 0.752453 11.916966
v 0.317190 0.752453 11.916966
v 0.317190 0.752453 11.916966
v -0.941664 0.497818 11.934943
v -0.941664 0.497818 11.934943
v -0.941664 0.497818 11.934943
v -0.941664 0.497818 11.934943
v -0.960186 0.395171 13.008184
v -0.960186 0.395171 13.008184
v -0.960186 0.395171 13.008184
v -0.461180 0.563840 11.465801
v -0.461180 0.563840 11.465801
v -0.461180 0.563840 11.465801
v -0.461180 0.563840 11.465801
v -0.461180 0.563840 11.465801
v -0.623950 0.423370 1.486970
v 0.008877 0.633556 11.767175
v 0.008877 0.633556 11.767175
v 0.008877 0.633556 11.767175
v 0.008877 0.633556 11.767175
v -0.030225 0.629038 11.466223
v -0.030225 0.629038 11.466223
v -0.030225 0.629038 11.466223
v 0.249931 0.738369 11.379308
v 0.249931 0.738369 11.379308
v 0.249931 0.738369 11.379308
v 0.249931 0.738369 11.379308
v 0.317190 0.752453 11.916966
v 0.317190 0.752453 11.916966
v 0.317190 0.752453 11.916966
v -0.476539 0.830324 11.837376
v -0.476539 0.830324 11.837376
v -0.543008 0.864769 11.499892
v -0.543008 0.864769 11.499892
v -0.543008 0.864769 11.499892
v -0.346408 0.845887 11.442302
v -0.346408 0.845887 11.442302
v -0.346408 0.845887 11.442302
v -0.346408 0.845887 11.442302
v -0.346408 0.845887 11.442302
v -0.030225 0.629038 11.466223
v -0.030225 0.629038 11.466223
v -0.030225 0.629038 11.466223
v -0.030225 0.629038 11.466223
v -0.524433 1.164289 11.842810
v -0.524433 1.164289 11.842810
v -0.524433 1.164289 11.842810
v -0.524433 1.164289 11.842810
v -0.536897 1.187078 11.716776
v -0.536897 1.187078 11.716776
v -0.536897 1.187078 11.716776
v -0.536897 1.187078 11.716776
v -0.536897 1.187078 11.716776
v -0.580413 1.142569 11.439073
v -0.580413 1.142569 11.439073
v -0.580413 1.142569 11.439073
v -0.524433 1.164289 11.842810
v -0.524433 1.164289 11.842810
v -0.524433 1.164289 11.842810
v -0.488003 0.986232 11.993869
v -0.488003 0.986232 11.993869
v -0.488003 0.986232 11.993869
v -0.488003 0.986232 11.993869
v -0.437745 0.601196 11.986143
v -0.461180 0.563840 11.465801
v -0.461180 0.563840 11.465801
v -0.461180 0.563840 11.465801
v -0.461180 0.563840 11.465801
v -0.543008 0.864769 11.499892
v -0.543008 0.864769 11.499892
v -0.543008 0.864769 11.499892
v -2.254807 0.871237 11.742010
v -2.254807 0.871237 11.742010
v -2.254807 0.871237 11.742010
v -2.254807 0.871237 11.742010
v -1.608144 0.744455 1.486970
v -1.608144 0.744455 1.486970
v -1.733575 0.740535 1.364884
v -1.733575 0.740535 1.364884
v -2.325272 0.923793 11.735961
v -2.325272 0.923793 11.735961
v -2.325272 0.923793 11.735961
v -0.592548 1.283422 11.725835
v -0.592548 1.283422 11.725835
v -0.592548 1.283422 11.725835
v -0.592548 1.283422 11.725835
v -0.580413 1.142569 11.439073
v -0.580413 1.142569 11.439073
v -0.580413 1.142569 11.439073
v -0.644556 0.914513 1.486970
v -0.644556 0.914513 1.486970
v -0.644556 0.914513 1.486970
v -1.368607 1.156804 11.657562
v -1.368607 1.156804 11.657562
v -1.368607 1.156804 11.657562
v -1.368607 1.156804 11.657562
v -1.049111 0.951767 1.486970
v -1.049111 0.951767 1.486970
v -1.049111 0.998854 1.486970
v -1.049111 0.998854 1.486970
v -1.366585 1.277819 11.670659
v -1.366585 1.277819 11.670659
v -1.366585 1.277819 11.670659
v -0.461180 0.563840 11.465801
v -0.461180 0.563840 11.465801
v -0.461180 0.563840 11.465801
v -0.461180 0.563840 11.465801
v -0.600345 0.676881 1.486970
v -0.600345 0.676881 1.486970
v -0.543008 0.864769 11.499892
v -0.543008 0.864769 11.499892
v -0.543008 0.864769 11.499892
v -0.753288 0.693048 11.498943
v -0.753288 0.693048 11.498943
v -0.753288 0.693048 11.498943
v -0.840893 1.040733 11.435579
v -0.840893 1.040733 11.435579
v -0.840893 1.040733 11.435579
v -0.840893 1.040733 11.435579
v -0.543008 0.864769 11.499892
v -0.543008 0.864769 11.499892
v -0.543008 0.864769 11.499892
v -0.543008 0.864769 11.499892
v -0.543008 0.864769 11.499892
v -0.543008 0.864769 11.499892
v -0.543008 0.864769 11.499892
v -0.580413 1.142569 11.439073
v -0.580413 1.142569 11.439073
v -0.580413 1.142569 11.439073
v -0.012375 1.149090 11.263721
v -0.012375 1.149090 11.263721
v -0.012375 1.149090 11.263721
v -0.012375 1.149090 11.263721
v -0.012375 1.149090 11.263721
v -0.012375 1.149090 11.263721
v -0.346408 0.845887 11.442302
v -0.346408 0.845887 11.442302
v -0.346408 0.845887 11.442302
v -0.346408 0.845887 11.442302
v -0.346408 0.845887 11.442302
v 0.249931 0.738369 11.379308
v 0.249931 0.738369 11.379308
v 0.249931 0.738369 11.379308
v 0.249931 0.738369 11.379308
v 0.249931 0.738369 11.379308
v -0.030225 0.629038 11.466223
v -0.030225 0.629038 11.466223
v -0.030225 0.629038 11.466223
v -0.840893 1.040733 11.435579
v -0.840893 1.040733 11.435579
v -0.840893 1.040733 11.435579
v -0.840893 1.040733 11.435579
v -0.881942 0.800511 1.486970
v -0.881942 0.800511 1.486970
v -0.580413 1.142569 11.439073
v -0.580413 1.142569 11.439073
v -0.580413 1.142569 11.439073
v -0.840893 1.040733 11.435579
v -0.840893 1.040733 11.435579
v -0.840893 1.040733 11.435579
v -0.840893 1.040733 11.435579
v -0.753288 0.693048 11.498943
v -0.753288 0.693048 11.498943
v -0.753288 0.693048 11.498943
v -0.881942 0.800511 1.486970
v 1.850329 0.181057 14.591536
v 1.850329 0.181057 14.591536
v 1.850329 0.181057 14.591536
v 1.850329 0.181057 14.591536
v 1.850329 0.181057 14.591536
v 0.000000 0.492047 13.043413
v 0.000000 0.492047 13.043413
v 0.000000 0.492047 13.043413
v 0.987044 0.395171 12.935623
v 0.987044 0.395171 12.935623
v 0.987044 0.395171 12.935623
v 0.987044 0.395171 12.935623
v 0.987044 0.395171 12.935623
v 0.468832 0.601196 12.676774
v 0.468832 0.601196 12.676774
v 0.468832 0.601196 12.676774
v -1.895469 0.626256 12.431802
v -1.895469 0.626256 12.431802
v -1.895469 0.626256 12.431802
v -0.257197 1.009027 12.096553
v -0.257197 1.009027 12.096553
v -0.257197 1.009027 12.096553
v -2.325272 0.923793 11.735961
v -2.325272 0.923793 11.735961
v -2.325272 0.923793 11.735961
v -1.776184 -0.490504 1.486970
v -1.776184 -0.490504 1.486970
v 1.776184 -0.490504 1.486970
v 0.215382 1.009027 11.328097
v 0.215382 1.009027 11.328097
v 0.215382 1.009027 11.328097
v -0.580413 1.142569 11.439073
v -0.580413 1.142569 11.439073
v -0.580413 1.142569 11.439073
v -0.592548 1.283422 11.725835
v -0.592548 1.283422 11.725835
v -0.592548 1.283422 11.725835
v -0.536897 1.187078 11.716776
v -0.536897 1.187078 11.716776
v -0.536897 1.187078 11.716776
v -0.461180 0.563840 11.465801
v -0.461180 0.563840 11.465801
v -0.461180 0.563840 11.465801
v -0.437745 0.601196 11.986143
v -0.437745 0.601196 11.986143
v -0.437745 0.601196 11.986143
v -0.941664 0.497818 11.934943
v -0.941664 0.497818 11.934943
v -0.941664 0.497818 11.934943
v -2.325272 0.923793 11.735961
v -2.325272 0.923793 11.735961
v -2.325272 0.923793 11.735961
v -2.254807 0.871237 11.742010
v -2.254807 0.871237 11.742010
v -2.254807 0.871237 11.742010
v -0.941664 0.497818 11.934943
v -0.941664 0.497818 11.934943
v -0.941664 0.497818 11.934943
v -1.191927 0.456601 13.729379
v -1.191927 0.456601 13.729379
v -1.191927 0.456601 13.729379
v -1.191927 0.533199 13.729379
v -1.191927 0.533199 13.729379
v -1.191927 0.533199 13.729379
v 2.366002 0.923793 11.974907
v 2.366002 0.923793 11.974907
v 2.366002 0.923793 11.974907
v 2.297286 0.871237 11.991639
v 2.297286 0.871237 11.991639
v 2.297286 0.871237 11.991639
v 2.366002 0.923793 11.974907
v 2.366002 0.923793 11.974907
v 2.366002 0.923793 11.974907
v -1.510260 0.391286 12.102073
v -1.510260 0.391286 12.102073
v -1.510260 0.391286 12.102073
v 0.548918 1.142569 12.117108
v 0.548918 1.142569 12.117108
v 0.548918 1.142569 12.117108
v 0.433457 0.563840 12.157108
v 0.433457 0.563840 12.157108
v 0.433457 0.563840 12.157108
v 0.963767 0.497818 12.569093
v 0.963767 0.497818 12.569093
v 0.963767 0.497818 12.569093
v 0.468832 0.601196 12.676774
v 0.468832 0.601196 12.676774
v 0.468832 0.601196 12.676774
v 0.963767 0.497818 12.569093
v 0.963767 0.497818 12.569093
v 0.963767 0.497818 12.569093
v 0.963767 0.497818 12.569093
v 0.963767 0.497818 12.569093
v 0.963767 0.497818 12.569093
v 1.191927 0.456601 13.729379
v 1.874884 -0.148768 14.295686
v 1.874884 -0.148768 14.295686
v 1.874884 -0.148768 14.295686
v 2.709799 -0.748731 14.090798
v 2.709799 -0.748731 14.090798
v 2.709799 -0.748731 14.090798
v 2.374694 -0.513095 14.610601
v 2.374694 -0.513095 14.610601
v 2.374694 -0.513095 14.610601
v 2.047059 -0.618091 14.750334
v 2.047059 -0.618091 14.750334
v 2.047059 -0.618091 14.750334
v 1.874884 -0.148768 14.295686
v 1.874884 -0.148768 14.295686
v 1.874884 -0.148768 14.295686
v 1.931031 -0.054525 14.701149
v 1.931031 -0.054525 14.701149
v 1.931031 -0.054525 14.701149
v 2.099963 -0.293851 14.497420
v 2.099963 -0.293851 14.497420
v 2.099963 -0.293851 14.497420
v -1.874884 -0.148768 14.295686
v -1.874884 -0.148768 14.295686
v -1.874884 -0.148768 14.295686
v -2.029531 -0.203742 14.536915
v -2.029531 -0.203742 14.536915
v -2.029531 -0.203742 14.536915
v -1.931031 -0.054525 14.701149
v -1.931031 -0.054525 14.701149
v -1.931031 -0.054525 14.701149
v -2.374694 -0.513095 14.610601
v -2.374694 -0.513095 14.610601
v -2.374694 -0.513095 14.610601
v -2.047059 -0.618091 14.750334
v -2.047059 -0.618091 14.750334
v -2.047059 -0.618091 14.750334
v -1.931031 -0.054525 14.701149
v -1.931031 -0.054525 14.701149
v -1.931031 -0.054525 14.701149
v 2.374694 -0.513095 14.610601
v 2.374694 -0.513095 14.610601
v 2.374694 -0.513095 14.610601
v 1.931031 -0.054525 14.701149
v 1.931031 -0.054525 14.701149
v 1.931031 -0.054525 14.701149
v 2.047059 -0.618091 14.750334
v 2.047059 -0.618091 14.750334
v 2.047059 -0.618091 14.750334
v 0.810602 0.013209 14.681527
v 0.646479 -0.280547 14.991394
v 0.646479 -0.280547 14.991394
v 0.646479 -0.280547 14.991394
v -0.810602 0.013209 14.681527
v -0.810602 0.013209 14.681527
v -0.810602 0.013209 14.681527
v -0.832899 0.184748 14.695175
v -0.832899 0.184748 14.695175
v -0.832899 0.184748 14.695175
v -0.646479 -0.280547 14.991394
v -0.646479 -0.280547 14.991394
v -0.646479 -0.280547 14.991394
v -0.832899 0.184748 14.695175
v -0.832899 0.184748 14.695175
v -0.832899 0.184748 14.695175
v -0.646479 -0.280547 14.991394
v 0.832899 0.184748 14.695175
v 0.832899 0.184748 14.695175
v 0.832899 0.184748 14.695175
v 0.646479 -0.280547 14.991394
v 0.646479 -0.280547 14.991394
vn -0.0000 0.9861 -0.1659
vn -0.0000 0.9285 -0.3713
vn -0.0000 -0.2064 0.9785
vn -0.0000 -0.9985 -0.0541
vn -0.0000 -0.9862 -0.1657
vn -0.0000 0.5857 -0.8105
vn -0.0000 -0.5857 0.8105
vn -0.9938 -0.0000 -0.1115
vn -0.8936 -0.0000 0.4488
vn -0.5902 -0.0000 0.8073
vn 0.8210 -0.0000 0.5710
vn -0.5901 -0.0000 -0.8073
vn 0.5902 -0.0000 0.8073
vn -1.0000 -0.0000 -0.0000
vn 1.0000 -0.0000 -0.0000
vn -0.0000 1.0000 -0.0000
vn -0.0000 -1.0000 -0.0000
vn -0.0000 0.9900 0.1410
vn -0.0000 0.9956 0.0942
vn -0.0000 0.9989 0.0472
vn -0.0000 0.9989 0.0471
vn 0.5493 -0.0000 0.8357
vn -0.5492 -0.0000 0.8357
vn -0.0000 -0.5856 0.8106
vn -0.0000 -0.9956 0.0942
vn -0.0000 -0.3846 0.9231
vn -0.0000 -0.9989 0.0471
vn -0.9999 -0.0000 0.0101
vn -0.7035 -0.0000 0.7107
vn -0.9980 -0.0002 -0.0633
vn -0.9244 -0.0000 0.3813
vn 0.0461 -0.0000 -0.9989
vn 0.0781 0.9969 0.0027
vn 0.1557 0.9878 0.0054
vn 0.9999 -0.0000 0.0102
vn 0.9980 -0.0000 -0.0631
vn 0.0077 -0.0000 1.0000
vn 0.9950 -0.0000 -0.1000
vn 0.9980 -0.0000 -0.0633
vn 0.9780 0.0001 -0.2088
vn -0.0000 -0.0000 -1.0000
vn -0.0000 -1.0000 -0.0002
vn -0.0000 -0.7094 0.7048
vn -0.0000 -0.9999 -0.0127
vn -0.0000 -0.9998 -0.0188
vn -0.0000 0.1333 -0.9911
vn -0.0781 0.9969 0.0027
vn -0.1553 0.9854 -0.0702
vn 0.1553 0.9854 -0.0702
vn 0.2590 -0.0000 0.9659
vn 0.9999 -0.0000 0.0145
vn -0.0000 0.9862 -0.1657
vn -0.0000 0.9632 0.2687
vn -0.0000 0.9985 -0.0540
vn -0.1402 -0.0000 0.9901
vn -0.8210 -0.0000 0.5709
vn 0.5784 0.6351 0.5120
vn 0.6937 0.4869 0.5307
vn -0.5783 0.6351 -0.5120
vn -0.6937 0.4870 -0.5307
vn -0.0000 -0.0000 1.0000
vn -0.0000 -0.9739 -0.2271
vn -1.0000 -0.0001 -0.0000
vn -0.0000 -0.0000 -0.0000
vn 0.7667 0.1348 0.6277
vn 0.2088 0.0366 -0.9773
vn -0.9878 0.1557 -0.0000
vn -0.9878 0.1556 -0.0000
vn -0.0000 0.7318 -0.6815
vn -0.0000 0.0710 0.9975
vn -0.9878 -0.1557 -0.0000
vn 0.9878 0.1557 -0.0000
vn -0.7666 0.1351 -0.6277
vn -0.0001 1.0000 -0.0000
vn 0.0001 -1.0000 -0.0000
vn 1.0000 0.0001 -0.0000
vn 0.1464 0.3535 -0.9239
vn -0.0000 -0.1392 0.9903
vn -0.0000 0.6953 0.7188
vn 0.9223 -0.0864 0.3768
vn -0.9732 -0.0911 -0.2113
vn -0.0000 -0.2673 0.9636
vn -0.9541 0.0894 0.2857
vn -0.8331 0.0780 -0.5476
vn 0.9541 0.0893 -0.2857
vn 0.8331 0.0781 0.5476
vn -0.1464 -0.3535 -0.9239
vn -0.0000 0.2078 0.9782
vn -0.0000 0.9985 -0.0543
vn -0.5493 -0.0000 0.8357
vn -0.1557 0.9878 0.0054
vn 0.5784 0.6351 -0.5120
vn 0.3203 0.3517 0.8796
vn 0.6937 0.4870 -0.5307
vn 0.3574 0.2509 0.8996
vn -0.5784 0.6351 0.5120
vn -0.3203 0.3517 -0.8796
vn -0.6937 0.4870 0.5307
vn -0.3574 0.2509 -0.8996
vn 0.7667 0.1345 -0.6277
vn 0.2088 0.0367 0.9773
vn 0.9878 -0.1556 -0.0000
vn -0.0000 0.7318 0.6815
vn -0.0000 0.0710 -0.9975
vn 0.9878 0.1558 -0.0000
vn -0.7667 0.1348 0.6277
vn -0.2087 0.0368 -0.9773
vn -0.9541 0.0893 -0.2857
vn -0.8331 0.0779 0.5476
vn 0.9542 0.0893 0.2857
vn 0.8331 0.0780 -0.5476
vn -0.7373 -0.0000 0.6756
vn -0.0000 0.7819 0.6234
vn -0.9988 -0.0000 0.0496
vn -0.0000 0.9996 -0.0277
vn -0.0000 -0.7847 0.6199
vn -0.0000 -0.9999 0.0120
vn 0.9988 -0.0000 0.0496
vn 0.7373 -0.0000 0.6756
vn 0.7101 0.6178 -0.3376
vn 0.5824 0.5068 0.6356
vn 0.7127 -0.6144 0.3385
vn 0.5838 -0.5033 -0.6371
vn 0.6349 -0.3540 -0.6867
vn -0.0496 0.0276 0.9984
vn 0.7046 -0.1703 0.6888
vn 0.0496 -0.0120 -0.9987
vn -0.7046 -0.1702 0.6888
vn -0.0496 -0.0120 -0.9987
vn -0.7127 -0.6143 0.3385
vn -0.5838 -0.5033 -0.6371
vn 0.6349 0.3539 -0.6867
vn -0.0496 -0.0276 0.9984
vn -0.7101 0.6178 -0.3376
vn -0.5825 0.5067 0.6356
vn 0.7102 0.6178 0.3376
vn 0.5824 0.5067 -0.6356
vn 0.7127 -0.6144 -0.3385
vn 0.5839 -0.5032 0.6371
vn -0.6349 0.3540 0.6867
vn 0.0496 -0.0276 -0.9984
vn 0.7046 -0.1703 -0.6888
vn 0.0496 -0.0120 0.9987
vn -0.7046 -0.1703 -0.6888
vn -0.0496 -0.0120 0.9987
vn -0.7127 -0.6144 -0.3385
vn -0.5838 -0.5033 0.6371
vn -0.6349 -0.3539 0.6867
vn 0.0496 0.0276 -0.9984
vn -0.7101 0.6179 0.3376
vn -0.5824 0.5067 -0.6356
vn 0.7542 0.4820 -0.4459
vn 0.7974 0.4950 -0.3453
vn 0.0484 0.2459 -0.9681
vn -0.0100 0.5055 -0.8628
vn 0.0450 0.6149 -0.7873
vn -0.0100 0.5057 -0.8626
vn -0.0025 0.7172 -0.6969
vn 0.0449 0.6150 -0.7872
vn 0.0450 0.6151 -0.7871
vn -0.0025 0.7174 -0.6967
vn 0.1234 0.8771 -0.4641
vn -0.9934 0.0284 0.1111
vn -0.9905 -0.0904 0.1033
vn -0.9614 0.0513 0.2703
vn -0.8680 0.0415 0.4948
vn -0.7816 0.2220 0.5829
vn -0.5748 0.0561 0.8163
vn -0.4029 0.1516 0.9026
vn -0.4010 0.3670 0.8393
vn 0.0415 0.1629 0.9858
vn 0.0922 0.4339 0.8962
vn 0.0924 0.4339 0.8962
vn 0.4494 0.1781 0.8754
vn 0.5476 0.3164 0.7746
vn 0.5478 0.3164 0.7745
vn 0.8214 0.0513 0.5681
vn 0.8713 0.1185 0.4762
vn 0.8714 0.1183 0.4761
vn 0.9654 -0.0692 0.2516
vn 0.9715 0.0260 0.2356
vn 0.9716 0.0262 0.2353
vn 0.8431 -0.3055 -0.4425
vn 0.9915 0.1059 0.0750
vn 0.3684 -0.2414 -0.8978
vn 0.3544 -0.2319 -0.9059
vn -0.6611 0.4364 0.6103
vn -0.0484 0.2459 -0.9681
vn 0.0177 0.5140 -0.8576
vn 0.0178 0.5142 -0.8575
vn -0.0018 0.6788 -0.7343
vn -0.0101 0.5057 -0.8626
vn -0.0020 0.6786 -0.7345
vn -0.0026 0.7172 -0.6969
vn -0.3489 -0.2214 -0.9106
vn -0.5834 -0.4274 -0.6906
vn -0.8723 -0.4542 -0.1814
vn -0.8722 -0.4542 -0.1814
vn -0.1902 -0.3908 0.9006
vn -0.8602 -0.3890 -0.3298
vn 0.6230 -0.2913 -0.7259
vn 0.2732 -0.1919 -0.9426
vn 0.1495 -0.1720 -0.9737
vn 0.2730 -0.1918 -0.9427
vn 0.1494 -0.1719 -0.9737
vn 0.1494 -0.1720 -0.9737
vn 0.8432 -0.3053 -0.4425
vn 0.2955 -0.6810 -0.6700
vn 0.8432 -0.3055 -0.4424
vn 0.6891 -0.6649 -0.2881
vn 0.2956 -0.6810 -0.6700
vn 0.2955 -0.6809 -0.6701
vn 0.6892 -0.6649 -0.2880
vn 0.2398 -0.9411 -0.2383
vn 0.1748 0.5419 -0.8220
vn 0.0509 0.5632 -0.8247
vn -0.0735 0.5717 -0.8172
vn -0.0737 0.5716 -0.8172
vn -0.1738 0.5557 -0.8130
vn -0.1493 0.5315 -0.8338
vn -0.6286 -0.7650 0.1399
vn -0.7135 -0.6898 -0.1229
vn 0.0766 -0.9919 0.1017
vn -0.7137 -0.6896 -0.1229
vn 0.0996 -0.9837 -0.1497
vn 0.0765 -0.9919 0.1016
vn 0.0767 -0.9919 0.1017
vn 0.0998 -0.9837 -0.1497
vn 0.5733 -0.8180 0.0471
vn 0.0997 -0.9837 -0.1495
vn 0.7083 -0.6909 -0.1449
vn 0.5734 -0.8179 0.0472
vn 0.5735 -0.8178 0.0473
vn 0.7083 -0.6909 -0.1448
vn 0.9235 -0.3834 -0.0150
vn 0.6892 -0.6649 -0.2879
vn 0.9235 -0.3834 -0.0152
vn 0.9234 -0.3835 -0.0151
vn 0.6893 -0.6649 -0.2878
vn 0.8432 -0.3055 -0.4423
vn 0.7830 -0.4986 0.3719
vn 0.0766 -0.9919 0.1018
vn 0.7829 -0.4988 0.3718
vn -0.0601 -0.8546 0.5158
vn -0.0600 -0.8547 0.5157
vn -0.6285 -0.7651 0.1401
vn -0.0599 -0.8546 0.5158
vn -0.8491 -0.3875 0.3591
vn -0.9446 -0.3047 -0.1217
vn -0.8600 -0.3892 -0.3300
vn 0.9654 -0.0692 0.2514
vn 0.8214 0.0512 0.5680
vn 0.5077 -0.3495 0.7875
vn -0.0654 -0.4044 0.9123
vn -0.0598 -0.8546 0.5158
vn -0.0654 -0.4043 0.9123
vn -0.5010 -0.4572 0.7348
vn -0.0600 -0.8546 0.5158
vn -0.0599 -0.8547 0.5157
vn -0.5012 -0.4569 0.7349
vn 0.5078 -0.3495 0.7874
vn 0.4496 0.1779 0.8753
vn 0.5077 -0.3494 0.7875
vn 0.0416 0.1627 0.9858
vn -0.0655 -0.4043 0.9123
vn 0.0071 0.9915 -0.1299
vn -0.0573 0.9868 -0.1513
vn -0.1360 0.9757 -0.1720
vn -0.1361 0.9756 -0.1720
vn -0.1981 0.9635 -0.1801
vn -0.1826 0.9686 -0.1688
vn -0.1825 0.9686 -0.1688
vn -0.1243 0.9319 0.3407
vn -0.1021 0.9922 -0.0710
vn -0.0718 0.9974 -0.0004
vn -0.0468 0.8046 0.5920
vn -0.0566 0.9978 0.0350
vn 0.0267 0.9990 -0.0353
vn 0.1182 0.9926 -0.0289
vn 0.1184 0.9926 -0.0288
vn 0.0644 0.9974 -0.0313
vn -0.0732 0.9971 -0.0220
vn -0.0733 0.9971 -0.0222
vn -0.1198 0.9926 -0.0214
vn -0.0192 0.9995 -0.0259
vn -0.0190 0.9995 -0.0257
vn 0.0544 0.9980 0.0317
vn 0.0694 0.9976 -0.0001
vn 0.0989 0.9925 -0.0722
vn 0.1443 0.9831 -0.1123
vn 0.1443 0.9831 -0.1124
vn 0.1815 0.9689 -0.1682
vn 0.1960 0.9641 -0.1789
vn 0.1341 0.9761 -0.1708
vn 0.0564 0.9869 -0.1508
vn 0.0563 0.9870 -0.1508
vn -0.0071 0.9915 -0.1299
vn -0.5090 0.5235 -0.6833
vn -0.1002 0.5273 -0.8437
vn -0.5287 0.6784 0.5101
vn -0.1001 0.5273 -0.8438
vn -0.0002 0.4839 -0.8751
vn -0.2957 0.5300 -0.7947
vn -0.6170 0.6292 -0.4727
vn -0.6603 0.7226 -0.2046
vn -0.3957 0.8460 0.3574
vn -0.3240 0.4547 0.8296
vn -0.5455 0.8130 0.2037
vn -0.3958 0.8459 0.3575
vn -0.2239 0.3581 0.9065
vn -0.3172 0.7451 0.5867
vn 0.3274 0.5097 -0.7956
vn 0.5946 0.6661 -0.4503
vn 0.6021 0.5126 -0.6121
vn 0.5947 0.6661 -0.4502
vn 0.7011 0.6411 -0.3121
vn 0.6023 0.5126 -0.6120
vn 0.4893 0.8374 0.2436
vn 0.0812 0.8086 0.5827
vn 0.2086 0.9324 0.2951
vn 0.0810 0.8085 0.5829
vn -0.3957 0.8459 0.3575
vn -0.3170 0.7451 0.5868
vn -0.0000 0.8194 0.5732
vn 0.0811 0.8085 0.5829
vn 0.3204 0.8216 0.4715
vn -0.7330 0.6174 0.2854
vn 0.3205 0.8217 0.4714
vn 0.4895 0.8373 0.2435
vn 0.5946 0.6661 -0.4502
vn -0.5612 -0.2754 -0.7805
vn -0.3490 -0.2214 -0.9106
vn -0.6230 -0.2913 -0.7259
vn 0.8996 -0.1332 -0.4160
vn -0.6469 0.0957 0.7566
vn -0.5222 0.8528 -0.0082
vn 0.5223 -0.8526 0.0164
vn -0.1480 0.9477 0.2826
vn 0.1297 -0.8302 -0.5422
vn -0.8657 0.4248 -0.2647
vn -0.7719 0.3788 0.5105
vn 0.7819 -0.3747 -0.4982
vn -0.4541 0.2176 0.8639
vn 0.8649 -0.3543 -0.3557
vn -0.6912 0.2831 0.6649
vn 0.9967 -0.0000 -0.0812
vn 0.9868 0.0001 0.1619
vn -0.9967 -0.0000 0.0812
vn 0.9868 0.0001 -0.1619
vn 0.6824 0.2865 -0.6726
vn 0.6902 -0.2558 -0.6769
vn -0.0784 0.0291 0.9965
vn 0.9870 0.0676 0.1456
vn 0.9553 0.0655 -0.2882
vn 0.9553 -0.0654 0.2882
vn -0.9744 0.1758 0.1403
vn 0.4799 0.8310 0.2813
vn -0.4210 -0.7289 -0.5399
vn 0.9744 0.1758 -0.1403
vn 0.9454 0.1706 0.2779
vn -0.7819 0.3747 0.4982
vn -0.4541 0.2176 -0.8639
vn -0.7125 0.2379 0.6601
vn -0.1220 0.0407 -0.9917
vn -0.9028 0.1252 0.4114
vn -0.6551 0.0909 -0.7500
vn 0.9759 0.2183 -0.0000
vn 0.9759 0.2184 -0.0000
vn -0.9759 0.2183 -0.0000
vn 0.9028 0.1252 -0.4114
vn 0.6551 0.0909 0.7500
vn 0.7126 0.2378 -0.6601
vn 0.7819 0.3747 -0.4982
vn 0.4541 0.2176 0.8639
vn 0.8601 0.3609 -0.3605
vn 0.6824 0.2864 0.6726
vn -0.9967 -0.0000 -0.0812
vn -0.9868 -0.0001 0.1619
vn -0.9868 -0.0001 -0.1619
vn -0.8649 0.3543 0.3557
vn -0.6912 0.2831 -0.6649
vn 0.9812 0.1930 -0.0000
vn 0.9812 0.1931 -0.0000
vn -0.9812 0.1931 -0.0000
vn -0.9812 0.1930 -0.0000
vn 0.8755 0.1295 -0.4656
vn 0.8657 0.4248 -0.2647
vn 0.7719 0.3788 0.5105
vn -0.8315 0.5162 0.2053
vn -0.5222 -0.8528 -0.0082
vn -0.4438 0.8878 0.1220
vn -0.4339 0.8678 -0.2421
vn 0.1481 0.9477 -0.2826
vn -0.1296 -0.8302 0.5422
vn 0.4438 0.8878 0.1220
vn 0.4338 0.8679 -0.2421
vn 0.7017 0.4632 -0.5413
vn 0.7541 0.4820 -0.4462
vn -0.8721 -0.4543 -0.1816
vn 0.0415 0.1628 0.9858
vn 0.0417 0.1628 0.9858
vn 0.4495 0.1782 0.8754
vn 0.0925 0.4339 0.8962
vn 0.5477 0.3164 0.7745
vn 0.8714 0.1184 0.4760
vn 0.9654 -0.0692 0.2513
vn 0.8431 -0.3054 -0.4425
vn 0.9716 0.0261 0.2354
vn -0.5832 -0.4273 -0.6908
vn -0.3491 -0.2214 -0.9106
vn -0.5833 -0.4275 -0.6907
vn -0.6450 -0.7556 0.1144
vn 0.2195 0.4956 -0.8403
vn 0.0510 0.5632 -0.8248
vn 0.1749 0.5419 -0.8221
vn 0.0508 0.5632 -0.8247
vn -0.1742 0.5556 -0.8130
vn -0.0738 0.5717 -0.8172
vn 0.0417 0.1626 0.9858
vn -0.5748 0.0559 0.8164
vn -0.0655 -0.4042 0.9123
vn -0.0574 0.9868 -0.1514
vn -0.1980 0.9635 -0.1801
vn 0.0269 0.9990 -0.0355
vn 0.0644 0.9974 -0.0315
vn 0.1184 0.9925 -0.0291
vn 0.0642 0.9974 -0.0313
vn -0.1198 0.9926 -0.0212
vn -0.0734 0.9971 -0.0220
vn -0.1196 0.9926 -0.0212
vn 0.0990 0.9925 -0.0724
vn 0.1444 0.9831 -0.1124
vn 0.1340 0.9762 -0.1708
vn 0.4439 0.8878 -0.1220
vn 0.3272 0.5097 -0.7957
vn 0.3271 0.5097 -0.7958
vn 0.0001 0.4839 -0.8751
vn -0.1000 0.5273 -0.8438
vn 0.3205 0.8216 0.4715
vn 0.0813 0.8085 0.5829
vn 0.4895 0.8373 0.2436
vn 0.0812 0.8085 0.5829
vn -0.8996 0.1332 0.4160
vn 0.6469 -0.0957 -0.7566
vn 0.5222 -0.8528 0.0082
vn -0.5223 0.8526 -0.0164
vn 0.1480 -0.9477 -0.2826
vn -0.1297 0.8302 0.5422
vn -0.8657 0.4248 0.2647
vn -0.7720 0.3787 -0.5105
vn 0.4541 -0.2176 -0.8639
vn 0.6912 -0.2831 -0.6649
vn 0.9967 -0.0000 0.0812
vn 0.9868 -0.0000 -0.1619
vn -0.6902 0.2558 0.6769
vn 0.0784 -0.0291 -0.9965
vn 0.9870 0.0676 -0.1456
vn 0.9553 0.0655 0.2882
vn 0.9870 -0.0677 0.1456
vn -0.9553 0.0654 -0.2882
vn -0.9454 0.1706 0.2779
vn -0.4799 -0.8310 -0.2813
vn 0.4210 0.7289 0.5399
vn 0.9744 0.1758 0.1403
vn 0.9453 0.1707 -0.2779
vn -0.7819 0.3748 -0.4982
vn -0.7125 0.2379 -0.6601
vn -0.9028 0.1252 -0.4114
vn 0.9759 0.2182 -0.0000
vn -0.9759 0.2182 -0.0000
vn 0.9028 0.1252 0.4114
vn 0.6551 0.0909 -0.7500
vn 0.7125 0.2379 0.6601
vn 0.1220 0.0407 -0.9917
vn 0.7819 0.3747 0.4982
vn 0.4541 0.2177 -0.8639
vn 0.8601 0.3610 0.3605
vn -0.9868 -0.0000 -0.1619
vn -0.9868 -0.0000 0.1619
vn -0.8648 0.3543 -0.3557
vn -0.9812 -0.1930 -0.0000
vn -0.9812 0.1929 -0.0000
vn 0.8657 0.4248 0.2647
vn 0.7719 0.3789 -0.5105
vn 0.5222 0.8528 0.0082
vn -0.5222 -0.8527 -0.0164
vn -0.4435 0.8879 -0.1220
vn -0.4339 0.8678 0.2421
vn -0.1481 -0.9477 0.2826
vn 0.7011 0.6412 -0.3118
vn 0.5947 0.6662 -0.4501
vn 0.0201 0.9779 0.2081
vn 0.0201 0.5640 0.8255
vn 0.3305 0.5797 0.7448
vn -0.0588 0.9146 0.4001
vn -0.2529 0.7497 0.6115
vn -0.2095 0.3733 0.9038
vn -0.9137 0.2021 -0.3525
vn -0.8629 0.2236 -0.4533
vn -0.8918 0.2754 -0.3590
vn 0.6306 0.2503 0.7346
vn 0.6637 0.6865 0.2969
vn 0.8673 0.4224 0.2635
vn -0.2062 0.9630 0.1733
vn -0.1800 0.9829 -0.0396
vn -0.3959 0.8797 -0.2634
vn 0.5293 0.7394 0.4162
vn 0.3463 0.8888 0.3002
vn 0.1785 0.9184 0.3530
vn 0.8254 0.2684 -0.4966
vn 0.8081 0.2057 -0.5520
vn 0.8603 0.3199 -0.3969
vn 0.8808 0.2406 -0.4077
vn 0.8917 0.3174 -0.3228
vn -0.9861 0.1209 0.1137
vn -0.9914 0.0673 0.1126
vn -0.9972 -0.0252 0.0709
vn -0.0053 0.9736 0.2281
vn 0.2714 0.9306 0.2455
vn -0.9833 0.1067 0.1477
vn -0.9756 0.1602 0.1502
vn -0.9510 0.2497 0.1823
vn 0.9841 0.1188 0.1318
vn 0.9855 0.1244 0.1156
vn 0.9971 -0.0176 0.0741
vn 0.9825 0.1130 0.1480
vn 0.9841 0.1188 0.1319
vn 0.9896 -0.0404 0.1380
vn 0.1134 0.8328 0.5419
vn 0.2327 0.9576 -0.1698
vn -0.0690 0.9727 -0.2217
vn -0.5053 0.8514 0.1406
vn -0.7792 0.6236 0.0623
vn -0.3969 0.8035 -0.4437
vn -0.0244 0.0088 0.9997
vn -0.6658 0.3769 -0.6439
vn -0.5508 0.2239 0.8040
vn 0.3771 0.9215 -0.0932
vn 0.2320 0.9723 -0.0291
vn 0.9439 0.2107 -0.2541
vn 0.9071 0.2373 -0.3475
vn 0.9157 0.2763 -0.2919
vn 0.9592 0.1811 -0.2169
vn 0.3108 0.7467 0.5881
vn 0.1887 0.9371 0.2936
vn -0.6381 0.7036 0.3128
vn -0.2358 0.9235 0.3025
vn -0.3537 0.8727 0.3365
vn -0.9322 0.3504 0.0908
vn -0.7579 0.5824 -0.2940
vn 0.1577 0.9822 0.1024
vn 0.0133 0.9997 0.0221
vn -0.2459 -0.3050 -0.9201
vn 0.0085 -0.9855 0.1697
vn 0.4523 0.5574 -0.6962
vn -0.0595 0.9589 0.2775
vn -0.1730 0.9491 0.2632
vn 0.0282 0.9830 0.1817
vn -0.1978 0.9295 0.3112
vn 0.0012 0.9626 0.2709
vn 0.3542 0.6755 -0.6468
vn -0.3455 0.6797 0.6470
vn 0.2057 -0.2482 -0.9466
vn -0.0000 -0.9854 -0.1700
vn -0.4528 0.5555 -0.6974
vn 0.0952 0.6573 0.7476
vn 0.2347 0.9659 0.1095
vn 0.1565 0.9723 0.1738
vn -0.5059 0.5952 0.6243
vn -0.1428 0.1680 -0.9754
vn 0.6262 -0.7739 -0.0947
vn -0.0588 0.4271 0.9023
vn -0.2214 0.3360 -0.9155
vn -0.1437 0.8579 0.4934
vn -0.3021 0.8537 -0.4241
vn -0.6993 0.1260 0.7036
vn -0.9141 0.2585 -0.3124
vn -0.3462 0.9078 -0.2367
vn -0.2166 0.9705 0.1057
vn 0.5915 0.4908 -0.6397
vn 0.9140 0.1301 -0.3844
vn -0.2000 0.9718 0.1247
vn -0.8178 0.5630 0.1192
vn -0.6150 0.6468 -0.4510
vn -0.3740 0.1084 -0.9211
vn -0.1726 -0.3549 -0.9188
vn 0.3377 -0.9398 0.0532
vn -0.1670 0.9611 0.2202
vn -0.1088 0.3519 -0.9297
vn -0.1869 0.3453 -0.9197
vn -0.1668 0.2138 -0.9625
vn 0.3299 0.9180 -0.2200
vn -0.3054 -0.8501 0.4291
vn 0.4368 0.5785 0.6889
vn -0.0002 0.9774 -0.2112
vn -0.1226 0.9553 -0.2688
vn -0.0834 0.9578 -0.2749
vn -0.6939 0.5887 -0.4147
vn -0.3284 0.8464 -0.4193
vn -0.5696 0.8000 -0.1884
vn -0.0209 0.9948 -0.0997
vn 0.0915 0.9910 -0.0974
vn 0.0525 0.9963 0.0677
vn -0.0521 0.2820 0.9580
vn 0.0226 -0.0990 -0.9948
vn 0.0392 0.9846 -0.1704
vn -0.3026 0.3228 -0.8968
vn -0.0544 0.1382 -0.9889
vn 0.1988 0.6428 0.7398
vn 0.7506 0.5629 -0.3461
vn 0.6979 0.6634 0.2699
vn 0.1901 0.1747 -0.9661
vn 0.4155 0.3640 -0.8336
vn 0.3856 0.1141 -0.9156
vn 0.1903 0.7246 -0.6623
vn 0.5060 0.5952 -0.6243
vn 0.1428 0.1681 0.9754
vn 0.0022 0.9771 -0.2130
vn -0.6263 0.7365 -0.2556
vn 0.3112 0.5531 -0.7728
vn 0.3186 0.8125 0.4882
vn 0.4857 0.4453 0.7522
vn 0.6176 0.1666 -0.7687
vn 0.4897 0.8019 0.3423
vn -0.0490 -0.1379 -0.9892
vn 0.5899 0.7165 0.3723
vn -0.3413 -0.5358 -0.7723
vn -0.0249 -0.0084 -0.9997
vn -0.7014 0.4284 0.5697
vn -0.7832 0.3659 -0.5026
vn -0.9808 0.1689 -0.0980
vn 0.0322 0.4855 -0.8737
vn -0.2842 0.4886 -0.8249
vn 0.7014 0.0613 -0.7101
vn 0.7655 0.6079 -0.2109
vn 0.6984 -0.2594 0.6671
vn -0.0224 -0.0985 -0.9949
vn -0.2230 0.9747 -0.0164
vn -0.4908 0.8668 -0.0878
vn -0.9020 0.3668 -0.2280
vn -0.9719 0.2303 0.0479
vn -0.9865 -0.0625 -0.1517
vn 0.9521 0.0604 0.2999
vn 0.1824 0.3451 -0.9207
vn 0.2356 0.7204 -0.6523
vn -0.3074 0.8230 0.4776
vn 0.3062 0.4825 -0.8206
vn -0.4588 0.7828 -0.4204
vn -0.5589 0.7653 0.3194
vn -0.6936 0.7201 -0.0205
vn 0.2162 -0.3687 -0.9041
vn 0.8255 0.2684 -0.4966
vn 0.9156 0.2764 -0.2920
vn 0.7506 0.5629 -0.3460
vn 0.7654 0.6079 -0.2110
vn 0.8254 0.2684 -0.4967
vn 0.6698 0.6918 -0.2699
vn -0.0249 0.4708 -0.8819
vn -0.2698 0.4704 -0.8402
vn -0.0782 0.9942 -0.0739
vn -0.4542 0.8831 -0.1173
vn 0.6950 0.7068 -0.1322
vn 0.6855 0.7166 -0.1287
vn -0.4196 0.9054 0.0649
vn -0.7647 0.6444 -0.0022
vn -0.7187 0.2472 0.6499
vn -0.9306 0.2032 0.3044
vn -0.2197 -0.1290 -0.9670
vn 0.2395 0.0451 -0.9699
vn -0.9839 0.1786 -0.0001
vn -0.8913 0.1211 -0.4370
vn 0.7279 0.1088 0.6769
vn 0.9828 0.1721 -0.0673
vn -0.7874 0.2425 -0.5667
vn -0.9730 0.1879 -0.1342
vn -0.9828 0.1364 -0.1248
vn -0.9739 0.2084 -0.0904
vn -0.9860 0.1554 -0.0599
vn -0.0085 0.9855 -0.1697
vn -0.0082 0.9424 0.3344
vn 0.4561 0.8899 -0.0062
vn -0.0000 0.9854 0.1700
vn -0.0001 0.9422 -0.3351
vn 0.6698 0.6918 -0.2698
vn 0.8337 0.5520 -0.0130
vn 0.9697 0.2221 -0.1016
vn 0.9683 0.1951 -0.1557
vn 0.9797 0.1416 -0.1419
vn 0.9838 0.1508 -0.0967
vn 0.9808 0.1815 -0.0711
vn 0.3299 -0.9180 -0.2200
vn -0.9413 0.1753 -0.2884
vn -0.9342 0.2069 -0.2907
vn 0.1679 0.4673 0.8680
vn 0.5462 0.8063 -0.2270
vn 0.0526 0.9963 0.0675
vn 0.0722 0.3976 -0.9147
vn 0.1169 0.7887 -0.6036
vn 0.0638 0.9979 0.0065
vn -0.0209 0.9948 -0.0998
vn -0.0524 0.9964 -0.0661
vn -0.6715 0.6772 -0.3010
vn -0.0228 0.5992 -0.8002
vn -0.0054 0.3755 -0.9268
vn -0.1786 0.9773 0.1139
vn 0.9771 -0.0732 -0.2000
vn -0.9174 0.0686 0.3920
vn 0.0603 0.9833 -0.1719
vn -0.0658 0.9595 -0.2740
vn -0.0938 0.9760 -0.1967
vn -0.3884 0.5696 -0.7244
vn -0.0731 0.4006 -0.9133
vn -0.0328 0.4199 -0.9070
vn -0.1216 0.7963 -0.5925
vn -0.0606 0.9840 0.1673
vn -0.0210 0.9948 -0.0999
vn 0.3054 -0.8500 -0.4291
vn -0.0000 0.9854 -0.1700
vn -0.0085 0.9855 0.1697
vn 0.0083 -0.9424 0.3344
vn 0.3542 0.6754 0.6468
vn 0.0758 0.1447 -0.9866
vn -0.3456 0.6797 -0.6470
vn -0.0738 0.1452 0.9866
vn -0.0000 -0.9422 -0.3351
vn -0.5060 0.5952 -0.6243
vn -0.3299 -0.9180 0.2200
vn 0.7505 0.5631 -0.3460
vn 0.8254 0.2683 -0.4967
vn 0.3772 0.9214 -0.0933
vn 0.8255 0.2683 -0.4966
vn 0.5060 0.5952 0.6243
vn 0.7027 0.6716 -0.2349
vn 0.8254 0.2682 -0.4968
vn -0.9756 0.1601 0.1502
vn -0.9913 0.0676 0.1127
vn -0.9861 0.1211 0.1138
vn -0.9913 0.0673 0.1127
vn -0.9756 0.1599 0.1502
vn -0.9833 0.1064 0.1476
vn 0.9520 0.2640 0.1546
vn 0.9854 0.1247 0.1157
vn 0.9841 0.1190 0.1319
vn 0.9520 0.2641 0.1546
vn 0.9825 0.1133 0.1481
vn 0.1131 0.3525 -0.9290
vn 0.6697 0.6919 -0.2697
vn 0.0526 0.9963 0.0676
vn 0.0408 0.4202 -0.9065
vn -0.0209 0.9948 -0.0996
vn 0.7506 0.5630 -0.3460
vn 0.0393 0.9846 -0.1705
vn 0.0915 0.9910 -0.0976
vn -0.0208 0.9948 -0.0999
vn -0.1761 -0.0775 0.9813
vn -0.2041 -0.1363 0.9694
vn -0.2290 -0.4642 0.8556
vn -0.1152 -0.3318 0.9363
vn -0.2290 -0.4645 0.8555
vn -0.0379 -0.8696 0.4923
vn -0.1094 -0.9196 0.3774
vn -0.0279 -0.9995 -0.0141
vn 0.0071 -0.7126 0.7015
vn 0.1853 -0.5583 0.8087
vn 0.1967 -0.2384 0.9511
vn 0.1967 -0.2381 0.9511
vn 0.2041 -0.1363 0.9694
vn 0.1761 -0.0775 0.9813
vn 0.1391 0.1550 0.9781
vn 0.0852 0.3446 0.9349
vn 0.0348 0.5194 0.8538
vn 0.0347 0.5196 0.8537
vn -0.0142 0.6686 0.7435
vn 0.0049 0.6557 0.7550
vn -0.1397 0.1562 0.9778
vn -0.0879 0.3375 0.9372
vn -0.0390 0.5176 0.8547
vn -0.0390 0.5178 0.8546
vn 0.0101 0.6717 0.7408
vn -0.0057 0.6811 0.7322
vn 0.9779 -0.0796 -0.1934
vn 0.9859 -0.0754 -0.1496
vn 0.5254 -0.0183 0.8507
vn -0.9681 -0.0837 -0.2362
vn -0.9818 -0.1242 -0.1433
vn 0.9778 -0.0796 -0.1936
vn 0.9789 -0.0625 -0.1947
vn 0.9441 -0.0422 -0.3269
vn -0.9858 -0.0754 -0.1499
vn -0.9386 -0.1135 -0.3257
vn -0.9879 -0.0500 -0.1466
vn -0.9841 -0.0000 -0.1774
vn 0.9999 -0.0070 0.0114
vn 0.9999 -0.0042 0.0138
vn 0.2509 0.1548 0.9556
vn 0.2425 0.1387 0.9602
vn 0.1887 0.3369 0.9225
vn 0.1151 0.5106 0.8521
vn 0.1886 0.3369 0.9225
vn 0.1886 0.3371 0.9224
vn 0.1151 0.5108 0.8519
vn 0.0223 0.7570 0.6530
vn 0.1150 0.5108 0.8520
vn 0.0331 0.8654 0.5000
vn 0.0222 0.7572 0.6528
vn 0.0331 0.8655 0.4999
vn -0.0145 0.4268 0.9042
vn 0.0331 0.8655 0.4998
vn 0.1331 0.9730 0.1884
vn 0.0472 0.9481 0.3144
vn 0.1091 0.6552 0.7475
vn 0.2205 0.9743 0.0456
vn 0.0196 0.9982 0.0572
vn 0.2196 0.9754 0.0187
vn -0.9999 -0.0070 0.0114
vn 0.0689 0.0007 -0.9976
vn -0.9999 -0.0099 0.0088
vn 0.9789 -0.0625 -0.1946
vn 0.7655 -0.6283 0.1388
vn 0.9779 -0.0000 -0.2093
vn -0.3590 -0.4321 0.8273
vn -0.3074 -0.7702 0.5588
vn -0.6667 -0.6086 0.4303
vn -0.6666 -0.6086 0.4303
vn -0.4205 -0.9064 0.0414
vn -0.9883 -0.1108 -0.1045
vn -0.1158 0.6846 0.7196
vn -0.1109 0.6182 0.7782
vn -0.1051 0.6211 0.7766
vn -0.0035 0.9599 0.2802
vn -0.1095 0.6818 0.7233
vn -0.0876 0.9435 0.3197
vn 0.0277 0.9992 -0.0274
vn -0.2819 0.9551 -0.0913
vn -0.2818 0.9551 -0.0912
vn -0.1418 0.9305 -0.3376
vn -0.0337 0.9966 0.0747
vn 0.1114 0.6812 0.7236
vn 0.1157 0.6846 0.7197
vn 0.1380 0.7834 0.6060
vn 0.1492 0.8602 0.4877
vn 0.1381 0.7834 0.6060
vn 0.1381 0.7836 0.6058
vn 0.1492 0.8603 0.4875
vn 0.0445 0.9640 0.2622
vn 0.1459 0.9162 0.3731
vn 0.1459 0.9162 0.3732
vn 0.0805 0.9720 0.2208
vn -0.2559 0.1263 0.9584
vn -0.2411 0.1418 0.9601
vn -0.1910 0.3265 0.9257
vn -0.2411 0.1419 0.9601
vn -0.1135 0.5222 0.8452
vn -0.1909 0.3267 0.9256
vn -0.1134 0.5225 0.8451
vn -0.0133 0.7961 0.6050
vn -0.0289 0.8676 0.4965
vn -0.0132 0.7961 0.6050
vn -0.0390 0.9596 0.2787
vn -0.1453 0.9549 0.2589
vn -0.0391 0.9596 0.2785
vn -0.1453 0.9550 0.2587
vn -0.1898 0.9784 0.0813
vn -0.1455 0.9549 0.2588
vn -0.1960 0.9775 0.0774
vn -0.1900 0.9784 0.0814
vn -0.1899 0.9784 0.0812
vn -0.1960 0.9776 0.0773
vn -0.2085 0.9750 -0.0775
vn -0.1959 0.9776 0.0773
vn -0.1954 0.9678 -0.1586
vn -0.2084 0.9750 -0.0775
vn -0.2085 0.9749 -0.0777
vn -0.1955 0.9678 -0.1588
vn -0.2645 0.9104 -0.3182
vn 0.3044 -0.5241 0.7954
vn 0.3589 -0.4323 0.8272
vn 0.3628 -0.7678 0.5281
vn 0.3590 -0.4321 0.8273
vn 0.3704 -0.5392 0.7563
vn 0.3628 -0.7679 0.5279
vn 0.3628 -0.7678 0.5280
vn 0.3703 -0.5395 0.7562
vn 0.3560 -0.8750 0.3281
vn -0.9802 0.1964 0.0230
vn -0.9802 0.1964 0.0229
vn -0.9759 0.2069 0.0688
vn -0.9661 0.0622 -0.2505
vn -0.9006 0.2084 -0.3814
vn 0.9803 0.1964 0.0229
vn 0.9824 0.1855 -0.0230
vn 0.5665 -0.4861 0.6655
vn 0.5185 -0.7551 0.4012
vn 0.5193 -0.8372 0.1716
vn 0.5184 -0.7553 0.4010
vn 0.4146 -0.9098 0.0177
vn 0.5192 -0.8373 0.1716
vn 0.5192 -0.8372 0.1716
vn 0.4146 -0.9099 0.0177
vn 0.4924 -0.8689 -0.0507
vn 0.9662 0.0620 -0.2503
vn 0.9903 -0.0869 -0.1087
vn -0.5182 -0.5736 0.6344
vn -0.5222 -0.7913 0.3182
vn -0.6350 -0.7423 0.2137
vn -0.6351 -0.7423 0.2136
vn -0.5852 -0.8094 -0.0499
vn -0.8104 -0.5833 -0.0549
vn 0.6372 0.7685 -0.0579
vn 0.6659 0.6968 -0.2665
vn -0.0122 0.8766 0.4810
vn 0.0054 0.8842 0.4671
vn 0.0104 0.9202 0.3914
vn -0.0639 0.9369 0.3436
vn 0.0104 0.9202 0.3913
vn 0.0104 0.9203 0.3911
vn -0.0639 0.9370 0.3434
vn -0.0916 0.9789 0.1825
vn -0.0641 0.9370 0.3435
vn -0.1484 0.9764 0.1566
vn -0.0918 0.9789 0.1826
vn -0.0916 0.9790 0.1823
vn -0.1483 0.9765 0.1564
vn -0.0574 0.9980 -0.0277
vn 0.9999 -0.0019 0.0142
vn 0.9999 -0.0020 0.0142
vn 0.9999 -0.0038 0.0128
vn 0.0126 0.8879 0.4600
vn -0.0053 0.8825 0.4704
vn -0.0107 0.9089 0.4170
vn 0.0436 0.9409 0.3360
vn -0.0107 0.9089 0.4169
vn 0.0437 0.9409 0.3358
vn 0.0688 0.9846 0.1608
vn 0.0438 0.9409 0.3357
vn 0.1137 0.9898 0.0857
vn 0.0690 0.9846 0.1607
vn 0.0689 0.9846 0.1605
vn 0.1136 0.9898 0.0854
vn 0.0510 0.9979 -0.0405
vn 0.9693 0.0674 -0.2365
vn 0.9757 0.1402 -0.1683
vn -0.9693 0.0672 -0.2367
vn -0.9531 -0.0063 -0.3026
vn -0.9999 -0.0020 0.0142
vn -0.9999 -0.0041 0.0135
vn -0.0209 -0.3495 0.9367
vn -0.0693 -0.9976 -0.0085
vn -0.0740 -0.9962 -0.0461
vn -0.0278 -0.9995 -0.0142
vn -0.0741 -0.9962 -0.0461
vn 0.0262 -0.9986 -0.0462
vn 0.9940 -0.0000 -0.1091
vn -0.9940 -0.0000 -0.1091
vn 0.1855 -0.5584 0.8085
vn 0.0976 -0.9952 -0.0035
vn -0.3514 -0.8615 0.3665
vn -0.6261 0.7720 -0.1098
vn -0.6260 0.7720 -0.1098
vn -0.7208 0.6495 0.2422
vn -0.7214 0.6813 0.1241
vn -0.6504 0.7557 0.0767
vn -0.9677 0.0984 -0.2320
vn -0.9648 -0.1386 -0.2233
vn -0.4204 -0.9064 0.0414
vn -0.2295 -0.9724 -0.0421
vn -0.1610 -0.9860 -0.0442
vn -0.2065 0.8929 0.4002
vn -0.5439 0.7590 0.3579
vn -0.7402 0.6025 0.2985
vn -0.5440 0.7590 0.3578
vn -0.8028 0.5319 0.2694
vn -0.7403 0.6024 0.2984
vn -0.7404 0.6023 0.2984
vn -0.8028 0.5319 0.2693
vn -0.8270 0.5015 0.2540
vn 0.4731 0.8153 0.3338
vn 0.2574 0.8932 0.3686
vn 0.9677 0.0986 -0.2320
vn 0.9161 0.3300 -0.2276
vn 0.7014 0.7042 0.1103
vn 0.7479 0.6482 0.1432
vn -0.0835 0.9264 0.3672
vn 0.1146 0.8970 0.4270
vn -0.2761 0.8436 0.4606
vn 0.1145 0.8970 0.4270
vn 0.7179 0.6005 0.3523
vn 0.6661 0.6529 0.3606
vn 0.7180 0.6003 0.3522
vn 0.8395 0.4726 0.2680
vn 0.6662 0.6528 0.3605
vn 0.8395 0.4727 0.2680
vn 0.8401 0.4781 0.2563
vn 0.9953 -0.0000 -0.0967
vn 0.9917 -0.0000 -0.1289
vn -0.9953 -0.0000 -0.0967
vn -0.9875 -0.0001 -0.1573
vn -0.9876 -0.0033 -0.1569
vn 0.9875 -0.0001 -0.1573
vn 0.9875 0.0031 -0.1577
vn -0.6971 0.7160 -0.0370
vn -0.6972 0.7160 -0.0370
vn -0.6982 0.7149 -0.0371
vn 0.6972 0.7160 -0.0370
vn 0.6982 0.7149 -0.0370
vn -0.9986 -0.0159 -0.0509
vn -0.9982 -0.0317 -0.0511
vn 0.3049 -0.9521 0.0227
vn 0.2391 -0.9709 0.0136
vn 0.2390 -0.9709 0.0134
vn 0.2305 -0.9722 -0.0409
vn 0.1611 -0.9864 -0.0337
vn 0.9963 0.0736 0.0455
vn 0.9885 0.1479 0.0312
vn -0.9954 -0.0928 0.0234
vn -0.9829 -0.1840 0.0109
vn 0.9986 -0.0159 -0.0509
vn 0.9987 -0.0000 -0.0506
vn 0.9993 -0.0000 -0.0361
vn -0.9993 -0.0000 -0.0361
vn -0.0278 -0.9995 -0.0141
vn 0.0694 -0.9974 -0.0210
vn 0.0263 -0.9986 -0.0462
vn 0.0694 -0.9965 -0.0456
vn -0.9888 0.1379 0.0571
vn -0.9889 0.1036 0.1063
vn 0.4401 0.5575 0.7039
vn 0.4530 0.7317 0.5094
vn 0.4587 0.8346 0.3051
vn 0.4587 0.8346 0.3050
vn 0.3972 0.9176 0.0169
vn 0.4076 0.9131 -0.0000
vn 0.4028 0.9146 -0.0363
vn 0.4139 0.9096 -0.0358
vn 0.1611 0.5602 0.8125
vn 0.1713 0.7633 0.6229
vn 0.2051 0.8804 0.4275
vn 0.2051 0.8805 0.4274
vn 0.1691 0.9817 0.0869
vn 0.1665 0.9850 0.0457
vn 0.1664 0.9850 0.0456
vn 0.1494 0.9885 -0.0238
vn 0.1423 0.9895 -0.0241
vn -0.9765 0.2101 0.0488
vn -0.9967 0.0608 -0.0537
vn 0.0405 -0.4651 0.8843
vn 0.0076 -0.4826 0.8758
vn 0.0844 -0.3979 0.9135
vn -0.9879 0.1551 -0.0026
vn -0.9837 0.1801 0.0005
vn -0.5358 0.0570 0.8424
vn -0.0368 0.9709 0.2365
vn -0.1237 0.9803 0.1539
vn 0.0004 0.9979 0.0652
vn 0.0005 0.9979 0.0650
vn -0.0995 0.9950 -0.0072
vn 0.0819 0.9966 -0.0018
vn -0.9859 0.1509 -0.0722
vn -0.9614 0.2748 0.0124
vn -0.0380 -0.3626 0.9312
vn -0.0650 -0.2560 0.9645
vn -0.5812 0.0804 0.8098
vn -0.5686 0.0666 0.8199
vn -0.7395 0.0834 0.6680
vn -0.9957 0.0920 0.0120
vn 0.4376 -0.0458 -0.8980
vn -0.9788 0.2049 0.0036
vn -0.9895 0.1325 0.0578
vn 0.9663 0.2270 -0.1217
vn 0.9475 0.3080 -0.0861
vn 0.9840 0.0909 -0.1533
vn 0.9840 0.0909 -0.1534
vn 0.9166 0.3974 -0.0435
vn -0.4117 0.9108 -0.0305
vn 0.0193 0.9982 0.0572
vn -0.4195 0.9077 -0.0091
vn -0.9990 -0.0432 -0.0115
vn -0.9961 -0.0886 -0.0011
vn -0.1446 0.1865 0.9718
vn -0.1056 0.1339 0.9854
vn -0.0551 0.4679 0.8821
vn -0.1134 0.3376 0.9344
vn 0.1510 0.3172 0.9363
vn 0.0383 0.1681 0.9850
vn -0.1732 0.4150 0.8932
vn -0.1634 0.9866 0.0007
vn -0.4473 0.8943 0.0102
vn -0.2571 0.8544 0.4515
vn -0.4597 0.6537 0.6011
vn -0.0681 0.9895 0.1277
vn 0.0935 0.9948 0.0412
vn 0.0641 0.9823 -0.1758
vn 0.1292 -0.7094 0.6929
vn 0.1260 -0.7068 0.6961
vn 0.2889 -0.8273 0.4817
vn 0.1261 -0.7068 0.6961
vn 0.2324 -0.6769 0.6984
vn 0.2890 -0.8273 0.4817
vn 0.2326 -0.6768 0.6984
vn 0.2903 -0.6970 0.6556
vn 0.2424 -0.6753 0.6966
vn 0.2424 -0.6751 0.6968
vn 0.4471 -0.7816 0.4350
vn 0.2890 -0.8274 0.4816
vn 0.4472 -0.7816 0.4350
vn 0.5706 -0.8210 0.0183
vn -0.8740 0.4778 0.0886
vn -0.8722 0.4888 0.0205
vn -0.8859 0.4542 0.0945
vn -0.3626 -0.9318 0.0140
vn -0.3561 -0.9344 0.0081
vn -0.2054 0.6403 0.7402
vn -0.3237 0.8378 0.4396
vn -0.1845 0.7552 0.6290
vn 0.3095 -0.5232 0.7940
vn 0.3519 -0.4264 0.8332
vn 0.9633 0.1507 -0.2220
vn 0.9523 0.0233 -0.3042
vn -0.9996 -0.0017 0.0295
vn -0.9996 -0.0000 0.0295
vn 0.0551 -0.3534 -0.9338
vn 0.0010 -0.2811 -0.9597
vn 0.1435 -0.2774 -0.9500
vn 0.1436 -0.2773 -0.9500
vn 0.1811 -0.2386 -0.9541
vn 0.1854 -0.2419 -0.9524
vn 0.9729 -0.2202 -0.0700
vn 0.9972 -0.0249 -0.0706
vn 0.9729 0.2219 -0.0646
vn 0.9729 0.2222 -0.0646
vn 0.9221 0.3818 -0.0625
vn 0.9159 0.3967 -0.0614
vn 0.1069 -0.9901 -0.0908
vn -0.0000 -0.9992 -0.0411
vn 0.2001 -0.9795 -0.0233
vn -0.0003 -0.9992 -0.0410
vn 0.2000 -0.9795 -0.0232
vn 0.2003 -0.9795 -0.0232
vn 0.5707 -0.8210 0.0183
vn 0.3417 0.9398 -0.0055
vn 0.6345 0.7729 -0.0087
vn 0.9859 0.1379 -0.0944
vn 0.9748 0.1717 -0.1427
vn -0.0662 0.5565 0.8282
vn -0.0983 0.7431 0.6619
vn -0.1527 0.9108 0.3835
vn -0.1527 0.9109 0.3834
vn -0.1581 0.9822 0.1012
vn -0.1576 0.9872 0.0255
vn -0.1576 0.9872 0.0254
vn -0.1506 0.9883 -0.0249
vn -0.1423 0.9895 -0.0244
vn -0.9632 0.2686 -0.0112
vn -0.9632 0.2686 -0.0106
vn -0.9491 0.3149 -0.0106
vn -0.9957 0.0916 -0.0146
vn -0.9956 -0.0927 -0.0166
vn -0.2180 -0.1743 -0.9603
vn -0.2346 -0.1474 -0.9609
vn 0.0290 -0.4009 0.9157
vn 0.1162 -0.4997 0.8584
vn 0.0760 -0.4767 0.8757
vn 0.1164 -0.4998 0.8583
vn 0.0997 -0.5135 0.8523
vn 0.0762 -0.4769 0.8756
vn 0.0760 -0.4768 0.8757
vn 0.0995 -0.5134 0.8524
vn -0.0040 -0.4280 0.9038
vn -0.8574 0.5143 -0.0208
vn -0.8574 0.5143 -0.0207
vn -0.7403 0.6720 -0.0211
vn -0.9678 0.2210 -0.1205
vn -0.9653 0.2332 -0.1172
vn -0.9167 0.3899 -0.0876
vn -0.9166 0.3900 -0.0876
vn -0.9307 0.3604 -0.0619
vn -0.8745 0.4806 -0.0648
vn -0.9684 0.2358 -0.0807
vn -0.9308 0.3602 -0.0619
vn -0.9654 0.2331 -0.1173
vn -0.3991 -0.9168 0.0170
vn -0.3991 -0.9168 0.0174
vn -0.3019 -0.6286 0.7168
vn 0.9855 -0.0432 -0.1638
vn 0.9847 0.0024 -0.1742
vn -0.3237 0.8379 0.4395
vn -0.4035 0.9141 0.0409
vn -0.4157 0.9094 -0.0155
vn -0.4161 0.9085 -0.0376
vn -0.4139 0.9096 -0.0373
vn 0.9757 0.2103 -0.0614
vn 0.9347 0.3526 0.0448
vn 0.8784 0.4779 -0.0105
vn 0.8652 0.5012 -0.0149
vn 0.9813 0.1551 -0.1139
vn 0.9774 0.1801 -0.1104
vn 0.9700 0.2041 -0.1323
vn -0.3098 0.9508 0.0048
vn -0.3098 0.9508 0.0047
vn 0.0183 0.9997 -0.0133
vn -0.9128 0.4039 -0.0611
vn -0.9829 0.1723 -0.0643
vn -0.9975 -0.0105 -0.0696
vn -0.9975 -0.0107 -0.0697
vn -0.9695 -0.2356 -0.0676
vn -0.9862 -0.1472 -0.0757
vn -0.0457 -0.7094 0.7034
vn -0.0501 -0.7056 0.7069
vn -0.1205 -0.6877 0.7159
vn -0.2901 -0.8577 0.4244
vn -0.1206 -0.6877 0.7159
vn -0.2902 -0.8577 0.4244
vn -0.1990 -0.6621 0.7225
vn -0.3213 -0.7739 0.5457
vn -0.1989 -0.6621 0.7225
vn -0.3212 -0.7740 0.5457
vn -0.0982 -0.6711 0.7348
vn -0.0329 0.9946 0.0986
vn 0.0004 0.9979 0.0651
vn 0.0371 0.9988 0.0317
vn 0.0370 0.9988 0.0315
vn 0.0817 0.9967 -0.0018
vn -0.0967 0.9952 -0.0124
vn 0.3618 -0.9319 -0.0269
vn 0.3689 -0.9292 -0.0218
vn -0.0042 -0.9992 -0.0408
vn -0.2013 -0.9795 -0.0005
vn -0.2903 -0.8577 0.4243
vn -0.2902 -0.8578 0.4243
vn -0.5650 -0.8210 0.0825
vn -0.3213 -0.7740 0.5456
vn -0.0732 0.9864 0.1473
vn 0.1772 0.9842 -0.0036
vn -0.0736 0.9957 -0.0568
vn -0.0735 0.9957 -0.0570
vn 0.1253 0.9853 -0.1162
vn -0.0574 0.9871 -0.1492
vn 0.2449 0.9651 0.0927
vn 0.3909 0.9204 -0.0097
vn 0.1773 0.9842 -0.0037
vn 0.2300 0.4619 0.8566
vn 0.1256 0.9853 -0.1161
vn -0.1608 0.6192 0.7686
vn -0.0380 0.4535 0.8904
vn 0.0489 0.4700 0.8813
vn -0.0378 0.4533 0.8905
vn -0.0159 0.2176 0.9759
vn 0.0490 0.4698 0.8814
vn 0.1665 0.3307 0.9289
vn 0.1922 0.1952 0.9617
vn 0.9774 0.1802 -0.1105
vn 0.9729 0.2050 -0.1068
vn 0.9481 0.2758 -0.1586
vn 0.5826 0.0978 0.8069
vn 0.3452 0.0442 0.9375
vn 0.9864 0.1274 -0.1041
vn 0.7820 0.0858 0.6174
vn 0.7346 0.0775 0.6741
vn 0.3058 0.9521 0.0034
vn 0.3058 0.9521 0.0033
vn 0.5967 0.8023 0.0199
vn 0.9127 0.4081 -0.0193
vn 0.9127 0.4081 -0.0194
vn 0.7401 0.6719 -0.0280
vn 0.9995 -0.0101 0.0316
vn 0.9993 -0.0201 0.0317
vn 0.9961 0.0869 -0.0129
vn 0.9646 0.2635 -0.0105
vn 0.1083 -0.1744 -0.9787
vn -0.3099 0.6796 -0.6649
vn -0.3402 0.9403 -0.0069
vn -0.3402 0.9403 -0.0067
vn -0.0069 0.7057 0.7084
vn -0.2887 -0.2326 -0.9287
vn -0.1443 -0.2524 -0.9568
vn -0.2056 -0.3074 -0.9291
vn -0.2055 -0.3075 -0.9291
vn -0.0494 -0.2905 -0.9556
vn -0.1583 -0.3333 -0.9294
vn 0.3986 -0.9169 0.0195
vn 0.3638 -0.9313 0.0190
vn 0.9602 0.2791 -0.0102
vn 0.9490 0.3149 -0.0115
vn -0.1419 0.9305 -0.3377
vn 0.0278 0.9992 -0.0276
vn 0.4607 0.8873 -0.0232
vn 0.9283 0.3627 -0.0821
vn 0.9148 0.3947 -0.0852
vn 0.8745 0.4806 -0.0648
vn 0.0444 0.9640 0.2621
vn -0.1544 0.9836 -0.0928
vn -0.4607 0.8873 -0.0230
vn 0.1306 0.9884 -0.0774
vn 0.0444 0.9640 0.2620
vn 0.0804 0.9720 0.2206
vn 0.0069 -0.7128 0.7013
vn 0.9474 0.3081 -0.0861
vn 0.9284 0.3625 -0.0821
vn 0.8806 0.4738 -0.0034
vn -0.9654 0.2329 -0.1173
vn -0.9846 0.0922 -0.1488
vn -0.9685 0.2356 -0.0807
vn -0.4204 -0.9064 0.0415
vn -0.3075 -0.7702 0.5587
vn -0.2764 -0.9602 0.0412
vn -0.1417 0.9305 -0.3377
vn -0.1543 0.9837 -0.0928
vn 0.1306 0.9884 -0.0775
vn 0.0184 -0.4975 0.8673
vn 0.0406 -0.4651 0.8843
vn 0.1059 -0.4280 0.8975
vn -0.5440 0.7589 0.3579
vn -0.2063 0.8929 0.4002
vn 0.1941 0.9083 0.3705
vn 0.0007 -0.2809 -0.9597
vn -0.1226 -0.2626 -0.9571
vn -0.2836 -0.1614 -0.9453
vn -0.7880 0.5437 0.2889
vn -0.5850 -0.8095 -0.0499
vn -0.5222 -0.7913 0.3181
vn -0.5506 -0.8328 -0.0578
vn 0.5506 -0.8328 -0.0578
vn -0.1440 -0.2524 -0.9568
vn 0.1753 -0.1614 -0.9712
vn -0.0491 -0.2904 -0.9557
vn 0.8375 0.5037 -0.2120
vn 0.1946 -0.9790 0.0615
vn 0.5961 0.8024 0.0274
vn -0.9904 -0.0000 -0.1381
vn -0.5992 0.7991 0.0494
vn 0.8418 0.4820 0.2432
vn 0.6663 0.6528 0.3605
vn -0.2274 0.9738 0.0002
vn -0.8560 0.5037 -0.1162
vn -0.8721 0.4888 0.0203
vn -0.1864 -0.9790 0.0831
vn -0.4120 0.9107 -0.0305
vn 0.2408 0.9705 -0.0129
vn 0.9812 -0.0000 -0.1929
vn 0.3766 0.8984 0.2259
vn 0.1146 0.8970 0.4269
vn 0.4642 -0.6550 0.5962
vn 0.6747 0.6929 -0.2545
vn -0.6529 0.7128 -0.2561
vn -0.3461 0.1521 0.9258
vn 0.3461 0.1521 0.9258
vn -0.9251 0.1481 -0.3496
vn -0.9546 0.1448 -0.2602
vn 0.9251 0.1481 -0.3496
vn 0.8956 0.4303 0.1123
vn -0.8956 0.4303 0.1123
vn -0.9898 0.1153 0.0837
vn -0.9794 0.1140 -0.1667
vn -0.1642 0.9326 -0.3213
vn 0.0396 0.9962 0.0774
vn -0.0158 0.9305 -0.3659
vn -0.0125 0.7321 0.6810
vn -0.3235 0.7633 -0.5592
vn 0.1462 -0.3449 0.9272
vn -0.9998 0.0196 -0.0053
vn -0.9998 0.0196 0.0105
vn 0.2694 0.9307 0.2474
vn 0.2440 0.8430 -0.4795
vn -0.9784 -0.2007 0.0496
vn -0.9748 -0.2000 -0.0990
vn 0.3279 0.8831 0.3357
vn 0.2696 0.7262 -0.6324
vn 0.3587 0.8954 -0.2637
vn -0.3202 -0.7991 0.5088
vn -0.3587 0.8954 0.2637
vn 0.3203 -0.7991 -0.5088
vn -0.3279 0.8831 -0.3357
vn -0.2697 0.7262 0.6324
vn 0.4544 -0.8132 0.3636
vn -0.1287 0.9909 -0.0393
vn 0.1286 -0.9886 0.0786
vn -0.4544 -0.8132 -0.3636
vn 0.3587 0.6422 0.6774
vn 0.9346 0.2995 0.1917
vn 0.8823 0.2827 -0.3763
vn -0.2015 0.9786 -0.0426
vn 0.2009 -0.9759 0.0851
vn 0.6936 -0.7169 -0.0704
vn -0.6884 0.7116 0.1405
vn -0.6936 -0.7169 0.0704
vn 0.6884 0.7116 -0.1405
vn 0.2015 0.9786 0.0426
vn 0.2009 0.9759 -0.0851
vn -0.9346 0.2995 -0.1917
vn -0.8823 0.2827 0.3763
vn -0.4064 0.6822 0.6078
vn -0.1337 0.2243 -0.9653
vn 0.5134 0.7776 -0.3630
vn 0.4057 0.6146 0.6765
vn -0.8329 -0.2960 -0.4677
vn 0.5300 0.1885 0.8268
vn 0.7971 -0.5138 0.3172
vn -0.6713 0.4327 -0.6017
vn -0.5503 0.7796 0.2992
vn -0.4735 0.6707 -0.5709
vn 0.4065 0.6822 -0.6078
vn 0.1336 0.2243 0.9653
vn 0.9087 -0.1792 0.3771
vn 0.7020 -0.1384 -0.6986
vn 0.7360 -0.5175 -0.4365
vn 0.5064 -0.3560 0.7854
vn -0.3999 0.7182 -0.5694
vn 0.1710 -0.3071 0.9362
vn 0.7610 -0.1375 0.6341
vn -0.1928 0.0348 -0.9806
vn 0.7639 0.1184 -0.6344
vn 0.1928 0.0299 0.9808
vn -0.9695 0.2417 -0.0412
vn 0.9671 -0.2409 0.0822
vn -0.5096 -0.5381 0.6714
vn -0.0677 -0.0715 -0.9951
vn 0.9735 -0.2033 -0.1047
vn 0.9574 -0.1999 0.2083
vn -0.9393 0.1169 -0.3225
vn -0.7859 0.0978 0.6105
vn 0.2570 0.8154 0.5187
vn 0.1388 0.4406 -0.8869
vn -0.1973 0.7362 -0.6473
vn -0.0419 0.1564 0.9868
vn 0.7276 0.1715 -0.6642
vn -0.1146 -0.0270 0.9930
vn -0.5781 -0.7065 0.4083
vn -0.1311 -0.1058 0.9857
vn 0.3045 0.8930 -0.3315
vn 0.2517 0.7385 0.6255
vn 0.9708 0.2268 -0.0775
vn 0.9620 0.2248 0.1546
vn -0.4114 0.8955 0.1701
vn 0.3934 -0.8561 -0.3352
vn 0.0036 0.8635 0.5043
vn -0.0020 -0.4914 -0.8709
vn 0.5333 0.5856 -0.6105
vn 0.1715 0.1883 0.9670
vn -0.4073 0.3377 -0.8486
vn -0.3712 0.3079 0.8760
vn 0.7907 0.6047 -0.0954
vn 0.7798 0.5965 0.1899
vn -0.7474 0.1057 0.6560
vn -0.1381 0.0195 -0.9902
vn -0.7449 -0.1226 -0.6558
vn -0.1381 -0.0227 0.9902
vn -0.8011 0.5976 0.0343
vn -0.7997 0.5965 -0.0686
vn 0.0450 0.7172 0.6955
vn 0.0020 0.0326 -0.9995
vn -0.5991 0.5353 -0.5954
vn -0.2169 0.1938 0.9568
vn -0.3913 -0.6238 -0.6766
vn 0.0449 0.0715 0.9964
vn 0.9184 0.1262 0.3750
vn 0.7121 0.0978 -0.6952
vn 0.5457 0.5582 0.6250
vn 0.1529 0.1564 -0.9758
vn -0.4998 0.8652 0.0406
vn -0.4986 0.8630 -0.0811
vn -0.0728 0.8460 -0.5281
vn -0.0380 0.4405 0.8969
vn 0.1260 -0.9877 -0.0926
vn 0.8459 -0.5202 -0.1179
vn 0.7071 -0.1956 -0.6795
vn 0.0738 -0.0204 0.9971
vn -0.7071 -0.1956 0.6795
vn -0.0738 -0.0204 -0.9971
vn 0.4545 0.8700 -0.1913
vn -0.4292 -0.8215 0.3755
vn 0.0015 0.8523 -0.5230
vn -0.0008 -0.4529 0.8916
vn -0.8309 -0.5313 0.1653
vn 0.9956 -0.0111 -0.0926
vn -0.9828 0.0108 0.1845
vn -0.1044 -0.9896 0.0991
vn -0.7815 0.5105 0.3588
vn -0.6217 0.4061 -0.6698
vn 0.1321 0.8173 0.5609
vn 0.0591 0.3661 -0.9287
vn -0.1109 -0.9705 0.2141
vn -0.9964 0.0488 0.0692
vn -0.9892 0.0484 -0.1381
vn 0.6459 -0.4872 0.5877
vn -0.2468 0.1861 -0.9510
vn -0.3045 0.8930 -0.3315
vn -0.2518 0.7385 0.6255
vn 0.5174 -0.6324 -0.5764
vn -0.2125 0.2596 0.9421
vn -0.8663 0.4962 -0.0576
vn 0.7610 -0.6462 -0.0576
vn -0.1311 0.1057 0.9857
vn 0.7020 -0.2605 -0.6628
vn -0.1138 0.0422 0.9926
vn -0.2384 0.6931 0.6803
vn -0.0242 0.0704 -0.9972
vn 0.0426 0.0810 0.9958
vn -0.0000 0.7563 -0.6542
vn 0.4607 0.8873 -0.0230
vn -0.0000 0.8187 -0.5742
vn -0.0621 0.3801 0.9229
vn -0.0000 0.9296 -0.3687
vn -0.0000 0.7727 -0.6347
vn -0.0000 0.1942 0.9810
vn 0.1206 0.7055 -0.6984
vn -0.0041 -0.0241 0.9997
vn 0.2434 -0.9660 -0.0873
vn 0.2406 -0.9549 0.1740
vn 0.9313 0.3641 0.0062
vn 0.9312 0.3642 -0.0125
vn -0.1937 -0.6887 -0.6986
vn 0.0064 0.0229 0.9997
vn 0.8243 -0.5653 0.0311
vn -0.8231 0.5645 -0.0622
vn -0.9854 0.0947 -0.1414
vn -0.9556 0.0918 0.2800
vn -0.9224 -0.3599 -0.1402
vn -0.8949 -0.3493 0.2777
vn -0.9887 -0.0114 0.1492
vn -0.9554 -0.0111 -0.2950
vn 0.1327 -0.9854 0.1066
vn 0.2084 0.6829 0.7001
vn 0.0057 0.0188 -0.9998
vn 0.7746 0.6325 -0.0017
vn 0.7745 0.6325 0.0035
vn 0.2620 -0.9635 0.0544
vn -0.2609 0.9592 -0.1086
vn 0.5411 0.4669 0.6995
vn 0.0163 0.0141 -0.9998
vn 0.0167 0.9984 0.0538
vn 0.0169 0.9941 -0.1075
vn 0.5421 -0.4763 -0.6923
vn -0.0311 0.0274 0.9991
vn 0.6061 -0.3890 0.6938
vn -0.0314 0.0201 -0.9993
vn 0.2958 0.6540 -0.6962
vn 0.0126 0.0278 0.9995
vn 0.6953 -0.2153 -0.6857
vn -0.0569 0.0176 0.9982
vn -0.7158 0.1403 0.6841
vn -0.0629 0.0123 -0.9979
vn 0.1917 0.4145 0.8896
vn 0.7346 0.1538 0.6608
vn 0.1241 0.0260 -0.9919
vn 0.2162 0.2087 0.9538
vn 0.6924 -0.3589 -0.6259
vn 0.1922 -0.0996 0.9763
vn -0.9945 -0.0739 0.0738
vn 0.9864 0.0734 -0.1472
vn 0.8828 -0.4476 0.1424
vn 0.8558 -0.4338 -0.2819
vn 0.9863 -0.1024 -0.1295
vn -0.9613 0.0996 0.2568
vn -0.9923 0.1206 0.0286
vn 0.9911 -0.1204 -0.0571
vn -0.1885 0.9214 -0.3398
vn -0.1542 0.7534 0.6392
vn -0.3720 0.6801 -0.6317
vn 0.0968 -0.1771 0.9794
vn -0.7466 -0.0863 -0.6597
vn 0.1288 0.0149 0.9916
vn -0.9120 -0.3517 -0.2112
vn 0.8498 0.3277 0.4129
vn 0.9930 0.0498 0.1075
vn 0.9757 0.0490 -0.2137
vn 0.1315 0.7287 -0.6720
vn 0.0172 0.0952 0.9953
vn 0.0677 -0.9213 0.3829
vn -0.0519 0.7049 -0.7074
vn -0.7075 -0.1935 -0.6796
vn -0.0735 -0.0201 0.9971
vn -0.7182 -0.1321 -0.6832
vn 0.0654 0.0120 0.9978
vn -0.6999 -0.2028 0.6849
vn 0.0595 0.0172 -0.9981
vn 0.4588 -0.5431 0.7033
vn 0.4552 -0.5388 0.7089
vn -0.0596 0.9739 0.2189
vn 0.0553 -0.9025 -0.4272
vn 0.4353 -0.6495 -0.6235
vn -0.1239 0.1848 0.9749
vn -0.3725 0.7549 0.5397
vn 0.1847 -0.3743 -0.9087
vn 0.3228 -0.9179 -0.2307
vn -0.2966 0.8429 0.4489
vn -0.7154 0.2862 0.6374
vn 0.1739 -0.0696 -0.9823
vn 0.6266 -0.4421 0.6418
vn -0.1439 0.1015 -0.9844
vn 0.1862 0.9369 0.2958
vn 0.1607 0.8092 -0.5652
vn 0.2122 -0.6833 -0.6987
vn -0.0070 0.0227 0.9997
vn 0.2766 -0.6596 0.6988
vn -0.0090 0.0214 -0.9997
vn 0.9288 -0.3660 -0.0588
vn -0.9239 0.3641 0.1174
vn 0.2349 0.7326 -0.6389
vn -0.0561 -0.1748 0.9830
vn -0.4485 -0.6642 -0.5980
vn 0.1593 0.2360 0.9586
vn -0.2940 0.6541 0.6969
vn -0.0117 0.0260 -0.9996
vn -0.9646 -0.2625 0.0253
vn -0.9636 -0.2624 -0.0505
vn 0.9989 0.0464 -0.0056
vn 0.9989 0.0465 0.0113
vn 0.1084 -0.9727 0.2052
vn -0.1016 0.9101 -0.4018
vn -0.7716 0.6345 -0.0454
vn -0.7692 0.6325 0.0907
vn -0.2229 -0.9696 -0.1005
vn -0.2195 -0.9549 0.2000
vn -0.1078 -0.9877 0.1134
vn -0.1056 -0.9685 -0.2254
vn -0.5754 0.4243 -0.6992
vn -0.0178 0.0132 0.9998
vn -0.2848 0.6546 0.7003
vn -0.0076 0.0176 -0.9998
vn 0.2721 0.9615 -0.0393
vn -0.2713 -0.9593 0.0785
vn -0.3614 0.8679 -0.3409
vn 0.2951 -0.7086 0.6409
vn 0.7302 -0.2152 -0.6485
vn 0.1524 -0.0449 0.9873
vn 0.0218 0.8159 0.5778
vn 0.0088 0.3322 -0.9432
vn -0.0764 0.9662 0.2464
vn 0.0693 -0.8759 -0.4775
vn -0.8182 -0.5697 0.0776
vn -0.8108 -0.5646 -0.1546
vn 0.9922 0.0915 -0.0843
vn 0.9816 0.0905 0.1681
vn -0.4738 -0.5828 -0.6602
vn -0.0810 -0.0996 0.9917
vn 0.7075 -0.1936 0.6796
vn 0.0735 -0.0201 -0.9971
vn -0.9313 0.3534 0.0878
vn -0.9205 0.3493 -0.1750
vn 0.1181 0.7449 0.6567
vn -0.6042 -0.3905 -0.6946
vn -0.5414 -0.4760 0.6931
vn 0.0295 0.0259 -0.9992
vn -0.0000 -0.9985 -0.0545
vn 0.0001 -0.9941 0.1088
vn 0.2236 -0.9317 -0.2863
vn -0.1952 0.8129 0.5487
vn 0.9185 0.3839 -0.0949
vn 0.9060 0.3787 0.1889
vn 0.8115 -0.4951 0.3103
vn -0.6893 0.4204 -0.5900
vn 0.5267 -0.4833 -0.6993
vn 0.0162 -0.0149 0.9998
vn 0.8926 -0.3667 -0.2622
vn 0.7979 -0.3276 0.5060
vn 0.2896 -0.6560 0.6970
vn -0.5207 -0.6815 -0.5143
vn -0.2860 -0.3744 0.8821
vn 0.0556 0.4526 0.8900
vn -0.0612 0.7649 -0.6412
vn 0.0550 0.7679 0.6382
vn 0.0132 0.1848 -0.9827
vn -0.8936 -0.4394 0.0922
vn 0.9771 0.1052 -0.1850
vn 0.9925 0.1191 -0.0271
vn -0.0213 0.3721 0.9279
vn -0.1696 -0.9109 -0.3762
vn -0.1312 -0.7049 0.6971
vn -0.0935 -0.8657 -0.4918
vn -0.0851 0.9481 -0.3063
vn -0.0726 0.8092 0.5831
vn 0.1061 0.6916 0.7145
vn 0.0579 -0.7400 -0.6701
vn 0.1691 0.9818 0.0869
vn -0.2212 -0.6983 0.6808
vn 0.0220 0.0696 -0.9973
vn 0.3106 0.7634 0.5663
vn -0.1351 -0.3322 -0.9335
vn -0.9744 0.2248 0.0030
vn -0.9744 0.2247 -0.0060
vn -0.2348 0.7326 0.6389
vn 0.0561 -0.1748 -0.9830
vn -0.8603 -0.5009 -0.0946
vn 0.8487 0.4941 0.1883
vn -0.1548 -0.9590 0.2375
vn -0.1413 -0.8759 -0.4614
vn 0.9156 -0.3905 -0.0962
vn 0.9028 -0.3850 0.1915
vn -0.0000 0.7228 -0.6910
vn -0.0000 0.0449 0.9990
vn 0.2457 0.8983 -0.3642
vn 0.1938 0.7087 0.6784
vn -0.1269 -0.9455 0.2998
vn 0.1091 0.8130 -0.5720
vn -0.1766 0.7790 0.6017
vn -0.0610 0.2691 -0.9612
vn -0.2344 -0.7440 0.6257
vn -0.0651 -0.2069 -0.9762
vn 0.9974 -0.0448 -0.0556
vn 0.9928 -0.0445 0.1111
vn -0.1715 -0.9658 -0.1945
vn -0.1615 -0.9101 0.3816
vn 0.7465 0.5296 0.4028
vn 0.5509 0.3909 -0.7374
vn 0.4659 -0.5577 -0.6870
vn 0.0360 -0.0431 0.9984
vn -0.7104 -0.2293 -0.6654
vn 0.1090 0.0352 0.9934
vn -0.4659 -0.5577 -0.6870
vn -0.0360 -0.0431 0.9984
vn -0.4930 -0.5324 0.6881
vn -0.0360 -0.0389 -0.9986
vn 0.4930 -0.5325 -0.6881
vn 0.0360 -0.0389 0.9986
vn 0.6578 -0.3085 -0.6871
vn 0.0506 -0.0237 0.9984
vn 0.6462 -0.3327 0.6868
vn 0.0503 -0.0259 -0.9984
vn -0.0000 -0.9617 -0.2742
vn -0.0001 0.8497 0.5273
vn -0.4917 -0.5334 0.6883
vn 0.0356 0.0387 -0.9986
vn -0.0000 -1.0000 -0.0098
vn 0.0001 -0.9998 0.0196
vn 0.5846 -0.4244 -0.6915
vn -0.0354 0.0257 0.9990
vn 0.4537 0.5853 0.6720
vn 0.0594 0.0766 -0.9953
vn -0.0000 -1.0000 0.0098
vn -0.0001 0.9998 -0.0196
vn -0.6460 -0.4871 -0.5877
vn 0.2468 0.1861 0.9510
vn -0.7104 -0.2292 0.6654
vn 0.1090 0.0352 -0.9934
vn -0.0000 -0.9617 0.2742
vn 0.0001 -0.8497 -0.5273
vn -0.6463 -0.3326 -0.6868
vn -0.0503 -0.0259 0.9984
vn -0.6578 -0.3085 0.6871
vn -0.0506 -0.0237 -0.9984
vn 0.7095 -0.6626 -0.2399
vn 0.6468 -0.6040 0.4657
vn -0.7096 -0.6626 0.2399
vn 0.6468 0.6040 -0.4657
vn 0.3632 -0.7338 -0.5742
vn -0.1512 0.3053 0.9402
vn -0.0000 -0.9999 -0.0104
vn -0.0001 0.9998 0.0208
vn -0.0000 -0.9999 0.0104
vn 0.0001 -0.9998 -0.0208
vn -0.3235 -0.7633 -0.5592
vn 0.1461 0.3449 0.9272
vn -0.3632 -0.7337 0.5742
vn 0.1511 0.3053 -0.9402
vn -0.2802 -0.7446 -0.6058
vn 0.0936 0.2489 0.9640
vn -0.3009 -0.7300 0.6136
vn 0.0941 0.2284 -0.9690
vn 0.3007 -0.7301 -0.6136
vn -0.0941 0.2284 0.9690
vn 0.2802 -0.7446 0.6058
vn 0.7075 -0.5309 0.4665
vn 0.4517 -0.3390 -0.8252
vn 0.8241 -0.5602 0.0842
vn 0.8153 -0.5542 -0.1677
vn 0.1592 0.3371 0.9279
vn 0.0093 0.0197 0.9998
vn 0.4577 -0.8428 -0.2831
vn 0.4007 -0.7379 0.5431
vn 0.5895 0.5240 -0.6148
vn -0.1824 -0.1622 0.9697
vn -0.6848 -0.5993 -0.4146
vn -0.4938 -0.4323 0.7545
vn 0.8241 0.5601 -0.0842
vn -0.8153 -0.5543 0.1677
vn -0.5895 0.5240 0.6148
vn 0.1824 -0.1622 -0.9697
vn -0.4577 -0.8428 0.2831
vn -0.4007 -0.7379 -0.5431
vn -0.7360 -0.5175 -0.4365
vn -0.5063 -0.3561 0.7854
vn 0.4203 0.8197 0.3892
vn 0.3180 0.6203 -0.7170
vn -0.1612 -0.9132 -0.3742
vn -0.1251 -0.7090 0.6940
vn -0.1612 -0.9132 0.3742
vn -0.1251 -0.7090 -0.6940
vn -0.7104 0.2293 -0.6654
vn -0.7104 0.2293 0.6654
vn -0.1090 0.0352 -0.9934
vn -0.0000 -0.9642 -0.2653
vn -0.0000 -0.8993 0.4374
vn -0.0264 0.8509 -0.5246
vn -0.0140 0.4493 0.8933
vn -0.0233 0.8602 0.5094
vn -0.0130 0.4809 -0.8767
vn -0.5517 -0.6430 -0.5312
vn 0.2836 0.3306 0.9002
vn -0.3735 -0.7799 0.5022
vn 0.2140 0.4469 -0.8686
vn 0.3734 -0.7800 -0.5022
vn -0.2140 0.4469 0.8686
vn 0.5516 -0.6430 0.5312
vn 0.0234 0.8602 0.5094
vn 0.0130 0.4809 -0.8767
vn -0.0000 -0.9893 0.1458
vn -0.0000 -0.9575 -0.2884
vn 0.0264 0.8509 0.5246
vn 0.9998 0.0196 0.0053
vn 0.9998 0.0196 -0.0105
vn 0.1464 -0.9533 -0.2643
vn -0.1306 0.8503 0.5099
vn 0.0822 -0.8671 -0.4913
vn -0.0489 0.5149 0.8559
vn 0.1464 0.9532 -0.2643
vn -0.1305 -0.8503 0.5099
vn 0.0393 0.9587 0.2817
vn -0.0344 -0.8405 -0.5407
vn -0.1872 0.9815 -0.0396
vn -0.1868 0.9792 0.0791
vn -0.0392 0.9587 -0.2817
vn 0.0345 -0.8405 0.5407
vn -0.0822 -0.8671 0.4913
vn 0.0488 0.5149 -0.8559
vn -0.1872 -0.9815 0.0396
vn 0.1867 0.9792 -0.0791
vn -0.1997 -0.9010 0.3852
vn 0.1521 0.6867 -0.7109
vn -0.1518 -0.9766 0.1524
vn 0.1463 0.9423 -0.3012
vn 0.9800 0.1434 -0.1376
vn 0.9520 0.1394 0.2726
vn -0.0128 0.6992 -0.7148
vn -0.0589 0.9944 0.0876
vn 0.0583 -0.9829 -0.1746
vn -0.9800 0.1434 -0.1376
vn -0.9520 0.1392 0.2726
vn 0.1997 -0.9010 -0.3852
vn -0.1522 0.6866 0.7109
vn 0.1518 -0.9766 -0.1524
vn -0.1464 0.9422 0.3012
vn -0.0000 -0.9141 -0.4054
vn 0.0001 -0.6713 0.7412
vn 0.0171 0.9283 -0.3715
vn 0.0133 0.7239 0.6898
vn 0.0589 0.9944 -0.0876
vn -0.0582 -0.9829 0.1746
vn 0.0158 0.9305 -0.3659
vn 0.0124 0.7322 0.6810
vn -0.0000 -0.3282 0.9446
vn -0.0000 0.5366 0.8438
vn -0.0000 -0.9370 0.3494
vn 0.0001 -0.7558 -0.6548
vn -0.8141 -0.0246 -0.5801
vn -0.3267 -0.0099 0.9451
vn -0.0395 0.9962 0.0774
vn -0.0392 0.9872 -0.1543
vn 0.1488 0.9855 0.0819
vn -0.1472 -0.9755 -0.1633
vn -0.1487 0.9855 -0.0819
vn 0.1473 -0.9755 0.1633
vn 0.9898 0.1152 0.0837
vn 0.9794 0.1140 -0.1667
vn 0.1853 -0.5585 0.8085
vn 0.1967 -0.2382 0.9511
vn 0.1494 0.1469 0.9778
vn 0.1390 0.1550 0.9781
vn 0.0851 0.3448 0.9348
vn -0.1469 0.1645 0.9754
vn -0.1398 0.1562 0.9778
vn -0.0878 0.3378 0.9371
vn 0.0101 0.6716 0.7408
vn 0.9386 -0.1135 -0.3257
vn 0.9858 -0.0754 -0.1499
vn 0.9778 -0.0797 -0.1936
vn -0.9441 -0.0422 -0.3269
vn -0.9680 -0.0836 -0.2364
vn 0.9818 -0.1242 -0.1433
vn 0.9779 -0.0796 -0.1935
vn -0.9989 -0.0347 0.0314
vn -0.9859 -0.0754 -0.1496
vn -0.9883 -0.0998 -0.1152
vn 0.9999 -0.0099 0.0090
vn -0.9999 -0.0042 0.0138
vn 0.9921 -0.0822 -0.0949
vn 0.9789 -0.0625 -0.1945
vn -0.3044 -0.5241 0.7954
vn -0.3075 -0.7701 0.5589
vn -0.3589 -0.4323 0.8272
vn -0.3075 -0.7703 0.5587
vn -0.4204 -0.9064 0.0416
vn -0.6668 -0.6085 0.4303
vn 0.0277 0.9992 -0.0275
vn 0.0277 0.9992 -0.0277
vn -0.1417 0.9306 -0.3376
vn -0.9824 0.1855 -0.0230
vn -0.9803 0.1964 0.0229
vn -0.9903 -0.0869 -0.1087
vn -0.9662 0.0620 -0.2503
vn 0.9759 0.2069 0.0688
vn 0.9802 0.1964 0.0230
vn 0.9006 0.2084 -0.3814
vn 0.9661 0.0622 -0.2505
vn -0.4642 -0.6550 0.5962
vn -0.5221 -0.7912 0.3183
vn -0.5181 -0.5738 0.6343
vn -0.5221 -0.7913 0.3181
vn -0.5849 -0.8095 -0.0499
vn -0.6350 -0.7424 0.2137
vn 0.5769 0.8022 0.1537
vn 0.6371 0.7686 -0.0577
vn 0.9999 -0.0000 0.0156
vn 0.9531 -0.0063 -0.3026
vn 0.9693 0.0672 -0.2367
vn -0.9547 0.1448 -0.2600
vn -0.9693 0.0674 -0.2365
vn -0.9999 -0.0000 0.0149
vn -0.9999 -0.0021 0.0142
vn -0.0378 -0.8696 0.4922
vn 0.7656 -0.6282 0.1386
vn 0.1853 -0.5585 0.8086
vn -0.4386 0.7803 -0.4459
vn -0.6260 0.7720 -0.1101
vn -0.7832 0.5981 0.1700
vn -0.7215 0.6811 0.1242
vn -0.9161 0.3300 -0.2276
vn -0.9677 0.0986 -0.2320
vn 0.6635 0.6934 0.2810
vn 0.4733 0.8152 0.3338
vn 0.9648 -0.1386 -0.2233
vn 0.9677 0.0984 -0.2320
vn 0.6504 0.7557 0.0767
vn -0.2759 0.8437 0.4606
vn 0.1143 0.8970 0.4270
vn -0.9875 0.0031 -0.1577
vn 0.9876 -0.0033 -0.1569
vn -0.6961 0.7170 -0.0368
vn 0.6961 0.7170 -0.0369
vn 0.6971 0.7160 -0.0370
vn -0.9987 -0.0000 -0.0506
vn 0.3560 -0.8751 0.3278
vn 0.3049 -0.9521 0.0226
vn 0.3629 -0.7678 0.5280
vn 0.2391 -0.9709 0.0134
vn 0.9982 -0.0012 0.0595
vn -0.9994 -0.0007 0.0357
vn -0.9954 -0.0927 0.0234
vn 0.9982 -0.0317 -0.0511
vn -0.9851 0.1717 0.0077
vn 0.4111 0.6419 0.6473
vn 0.4529 0.7317 0.5094
vn 0.4401 0.5577 0.7038
vn 0.4529 0.7318 0.5093
vn 0.3971 0.9176 0.0169
vn 0.1121 0.6710 0.7329
vn 0.1610 0.5604 0.8124
vn 0.2051 0.8805 0.4275
vn -0.9237 0.3526 0.1498
vn -0.9764 0.2103 0.0490
vn 0.0182 -0.4977 0.8672
vn 0.0074 -0.4828 0.8757
vn 0.0404 -0.4652 0.8843
vn -0.9787 0.2041 -0.0221
vn -0.0937 0.9572 0.2740
vn -0.1238 0.9803 0.1540
vn -0.1239 0.9803 0.1537
vn -0.0997 0.9950 -0.0072
vn 0.0003 0.9979 0.0650
vn -0.9876 0.0233 -0.1553
vn -0.9859 0.1507 -0.0724
vn -0.0104 -0.4647 0.8854
vn -0.0379 -0.3628 0.9311
vn -0.9599 0.2758 -0.0507
vn -0.9788 0.2050 0.0036
vn -0.9836 0.1802 0.0004
vn 0.9149 0.3946 -0.0852
vn 0.9474 0.3082 -0.0861
vn 0.9662 0.2272 -0.1216
vn 0.8805 0.4741 -0.0032
vn 0.9165 0.3977 -0.0434
vn 0.9474 0.3082 -0.0860
vn 0.2197 0.9754 0.0188
vn -0.4198 0.9076 -0.0092
vn -0.9998 0.0024 -0.0219
vn -0.8614 0.5012 0.0827
vn -0.8740 0.4779 0.0886
vn -0.3690 -0.9292 0.0199
vn -0.3626 -0.9319 0.0140
vn -0.2210 0.5086 0.8322
vn -0.3238 0.8379 0.4395
vn -0.2054 0.6401 0.7403
vn 0.2630 -0.6136 0.7445
vn 0.3094 -0.5235 0.7939
vn 0.9520 0.2748 -0.1345
vn 0.9633 0.1509 -0.2218
vn -0.9996 -0.0032 0.0296
vn -0.9996 -0.0016 0.0295
vn -0.1224 -0.2628 -0.9571
vn 0.0009 -0.2810 -0.9597
vn 0.0552 -0.3534 -0.9338
vn 0.0010 -0.2810 -0.9597
vn 0.9438 -0.3218 -0.0760
vn 0.9972 -0.0250 -0.0706
vn 0.9729 -0.2204 -0.0701
vn 0.9972 -0.0248 -0.0706
vn 0.9222 0.3817 -0.0625
vn 0.0098 1.0000 -0.0016
vn 0.3414 0.9399 -0.0055
vn 0.9936 0.1036 -0.0458
vn -0.0117 0.4668 0.8843
vn -0.0661 0.5563 0.8284
vn -0.0983 0.7432 0.6618
vn -0.1581 0.9822 0.1013
vn -0.1526 0.9109 0.3834
vn -0.1581 0.9822 0.1011
vn -0.9751 0.2216 -0.0119
vn -0.9619 0.2732 -0.0122
vn -0.9957 0.0920 -0.0146
vn -0.2011 -0.2012 -0.9587
vn -0.2179 -0.1744 -0.9603
vn -0.9415 0.3365 -0.0198
vn -0.8575 0.5141 -0.0209
vn -0.8575 0.5141 -0.0208
vn -0.9679 0.2207 -0.1205
vn -0.9653 0.2332 -0.1173
vn -0.9454 0.3258 0.0040
vn -0.9684 0.2359 -0.0806
vn -0.3647 -0.9310 0.0167
vn -0.3991 -0.9168 0.0171
vn 0.9842 -0.0886 -0.1531
vn -0.3748 0.9177 0.1314
vn -0.3238 0.8379 0.4394
vn -0.4162 0.9085 -0.0376
vn 0.9843 0.0608 -0.1657
vn 0.9757 0.2101 -0.0616
vn 0.8909 0.4542 -0.0060
vn 0.9898 0.1057 -0.0953
vn -0.6039 0.7967 0.0222
vn -0.3101 0.9507 0.0047
vn -0.3100 0.9507 0.0048
vn -0.9281 0.3677 -0.0594
vn -0.9830 0.1722 -0.0643
vn -0.9695 -0.2357 -0.0676
vn -0.9975 -0.0107 -0.0696
vn -0.0293 0.9951 0.0947
vn 0.0006 0.9979 0.0651
vn 0.0820 0.9966 -0.0018
vn 0.0373 0.9988 0.0316
vn 0.3547 -0.9344 -0.0321
vn 0.3618 -0.9318 -0.0269
vn -0.1179 -0.9900 -0.0778
vn -0.2014 -0.9795 -0.0006
vn -0.0045 -0.9992 -0.0408
vn -0.2016 -0.9795 -0.0004
vn -0.5649 -0.8210 0.0825
vn -0.0736 0.9957 -0.0570
vn 0.9897 0.1325 -0.0541
vn 0.9729 0.2049 -0.1068
vn -0.0181 0.9997 -0.0135
vn 0.3056 0.9522 0.0034
vn 0.9946 0.1036 -0.0088
vn 0.9128 0.4079 -0.0193
vn 0.9995 -0.0000 0.0314
vn 0.9956 -0.0927 -0.0149
vn 0.9962 0.0867 -0.0129
vn 0.1248 -0.1474 -0.9812
vn 0.1083 -0.1743 -0.9787
vn -0.6325 0.7745 -0.0109
vn -0.2837 -0.2414 -0.9280
vn -0.1442 -0.2524 -0.9568
vn -0.1442 -0.2525 -0.9568
vn 0.4328 -0.9013 0.0200
vn 0.9700 0.2428 -0.0089
vn 0.9283 0.3626 -0.0821
vn -0.1420 0.9305 -0.3376
vn -0.4607 0.8873 -0.0232
vn -0.1544 0.9836 -0.0929
vn -0.1542 0.9837 -0.0928
vn 0.0445 0.9640 0.2621
vn 0.1307 0.9884 -0.0774
vn -0.9898 0.1152 -0.0837
vn -0.9794 0.1139 0.1667
vn -0.0396 -0.9962 -0.0774
vn 0.0391 0.9873 0.1543
vn -0.0158 0.9305 0.3659
vn -0.0124 0.7321 -0.6810
vn 0.3235 -0.7633 0.5592
vn -0.1462 0.3449 -0.9272
vn -0.9998 0.0197 0.0053
vn -0.9998 0.0196 -0.0105
vn 0.2694 0.9307 -0.2474
vn 0.2439 0.8430 0.4795
vn -0.9784 -0.2007 -0.0496
vn -0.9748 -0.2001 0.0990
vn 0.3279 0.8831 -0.3357
vn 0.2695 0.7262 0.6324
vn -0.3587 -0.8954 0.2637
vn 0.3202 0.7991 -0.5088
vn 0.3587 -0.8954 -0.2637
vn -0.3203 0.7991 0.5088
vn -0.3278 0.8831 0.3357
vn -0.2696 0.7262 -0.6324
vn -0.4544 0.8132 -0.3636
vn 0.3588 -0.6422 0.6774
vn 0.1287 -0.9909 0.0393
vn -0.1286 0.9886 -0.0786
vn 0.4544 0.8132 0.3636
vn -0.3587 -0.6422 -0.6774
vn 0.9346 0.2995 -0.1917
vn 0.8823 0.2828 0.3763
vn 0.2015 -0.9786 0.0426
vn -0.2009 0.9759 -0.0851
vn -0.6936 0.7169 0.0704
vn 0.6884 -0.7116 -0.1405
vn 0.6936 0.7169 -0.0704
vn -0.6884 -0.7116 0.1405
vn 0.2015 0.9786 -0.0426
vn 0.2008 0.9759 0.0851
vn -0.9346 0.2996 0.1917
vn -0.8823 0.2827 -0.3763
vn -0.4064 0.6822 -0.6078
vn -0.1336 0.2243 0.9653
vn 0.5133 0.7776 0.3630
vn 0.4057 0.6147 -0.6765
vn 0.8329 0.2960 0.4677
vn -0.5300 -0.1885 -0.8268
vn -0.7971 0.5138 -0.3172
vn 0.6713 -0.4327 0.6017
vn -0.5502 0.7796 -0.2992
vn -0.4734 0.6707 0.5709
vn 0.4064 0.6822 0.6078
vn 0.1336 0.2243 -0.9653
vn 0.9087 -0.1791 -0.3771
vn 0.7020 -0.1383 0.6986
vn 0.7360 -0.5176 0.4365
vn 0.5064 -0.3561 -0.7854
vn 0.3999 -0.7182 0.5694
vn -0.1710 0.3071 -0.9362
vn -0.7610 0.1375 -0.6341
vn 0.1928 -0.0348 0.9806
vn 0.7639 0.1185 0.6344
vn 0.1928 0.0299 -0.9808
vn 0.9695 -0.2417 0.0412
vn -0.9671 0.2409 -0.0822
vn -0.5096 -0.5381 -0.6714
vn -0.0677 -0.0715 0.9951
vn 0.9735 -0.2034 0.1047
vn 0.9574 -0.2000 -0.2083
vn -0.9393 0.1170 0.3225
vn -0.7859 0.0978 -0.6105
vn 0.2570 0.8154 -0.5187
vn 0.1388 0.4405 0.8869
vn -0.1974 0.7362 0.6473
vn -0.0419 0.1564 -0.9868
vn -0.7276 -0.1715 0.6642
vn 0.1146 0.0270 -0.9930
vn -0.5949 -0.4799 0.6448
vn 0.1311 0.1058 -0.9857
vn 0.3045 0.8930 0.3315
vn 0.2518 0.7385 -0.6255
vn 0.9709 0.2268 0.0775
vn -0.9620 -0.2248 -0.1546
vn 0.4114 -0.8955 -0.1701
vn -0.3934 0.8561 0.3352
vn -0.0036 -0.8635 -0.5043
vn 0.0020 0.4914 0.8709
vn 0.5333 0.5856 0.6105
vn 0.1715 0.1883 -0.9670
vn 0.7907 0.6047 0.0954
vn 0.7799 0.5965 -0.1899
vn -0.7474 0.1057 -0.6560
vn -0.1381 0.0195 0.9902
vn -0.7449 -0.1227 0.6558
vn -0.1381 -0.0228 -0.9902
vn -0.8011 0.5975 -0.0343
vn -0.7998 0.5964 0.0686
vn 0.0450 0.7172 -0.6955
vn 0.0020 0.0326 0.9995
vn -0.5991 0.5353 0.5954
vn -0.2169 0.1938 -0.9568
vn 0.3913 0.6238 0.6766
vn -0.0449 -0.0715 -0.9964
vn 0.9184 0.1262 -0.3750
vn 0.7121 0.0979 0.6952
vn 0.5457 0.5581 -0.6250
vn 0.1529 0.1564 0.9758
vn -0.4997 0.8652 -0.0406
vn -0.4985 0.8631 0.0811
vn -0.0729 0.8460 0.5281
vn -0.0380 0.4405 -0.8969
vn 0.1261 -0.9877 0.0926
vn 0.1245 -0.9749 -0.1845
vn -0.8459 0.5202 0.1179
vn 0.8282 -0.5092 -0.2341
vn 0.7071 -0.1956 0.6795
vn 0.0738 -0.0204 -0.9971
vn -0.7072 -0.1956 -0.6795
vn -0.0738 -0.0204 0.9971
vn -0.4545 -0.8700 0.1913
vn 0.4292 0.8215 -0.3755
vn -0.0015 -0.8523 0.5230
vn 0.0008 0.4529 -0.8916
vn -0.8309 -0.5313 -0.1653
vn -0.7965 -0.5093 0.3260
vn -0.9956 0.0111 0.0926
vn 0.9828 -0.0108 -0.1845
vn 0.1044 0.9896 -0.0991
vn -0.1029 -0.9749 0.1973
vn -0.7815 0.5105 -0.3588
vn -0.6217 0.4060 0.6698
vn 0.1320 0.8173 -0.5609
vn 0.0591 0.3661 0.9287
vn 0.1109 0.9705 -0.2141
vn -0.1030 -0.9025 0.4182
vn -0.9964 0.0487 -0.0692
vn -0.9892 0.0483 0.1381
vn -0.6459 0.4872 -0.5877
vn 0.2468 -0.1861 0.9510
vn -0.3044 0.8930 0.3315
vn -0.2518 0.7385 -0.6255
vn 0.2125 -0.2596 -0.9421
vn -0.5949 0.4799 0.6448
vn 0.1311 -0.1057 -0.9857
vn -0.7020 0.2605 0.6628
vn 0.1138 -0.0422 -0.9926
vn -0.2384 0.6931 -0.6803
vn -0.0242 0.0704 0.9972
vn -0.0000 0.7563 0.6542
vn -0.0000 0.1441 -0.9896
vn -0.0000 0.8187 0.5742
vn -0.0000 0.3406 -0.9402
vn -0.0000 0.9296 0.3687
vn -0.0000 0.7282 -0.6854
vn -0.1206 -0.7055 0.6984
vn 0.0041 0.0241 -0.9997
vn 0.2434 -0.9660 0.0873
vn 0.2407 -0.9549 -0.1740
vn 0.9314 0.3641 -0.0062
vn 0.9313 0.3641 0.0125
vn 0.1937 0.6887 0.6986
vn -0.0064 -0.0229 -0.9997
vn -0.8243 0.5653 -0.0311
vn 0.8231 -0.5645 0.0622
vn -0.9854 0.0946 0.1414
vn -0.9556 0.0917 -0.2800
vn -0.9224 -0.3600 0.1402
vn -0.8949 -0.3493 -0.2777
vn -0.9887 -0.0113 -0.1492
vn -0.9554 -0.0110 0.2950
vn 0.1326 -0.9854 -0.1066
vn 0.1304 -0.9685 0.2120
vn 0.2084 0.6829 -0.7001
vn 0.0057 0.0188 0.9998
vn 0.7745 0.6325 0.0017
vn 0.7745 0.6326 -0.0035
vn -0.2620 0.9635 -0.0544
vn 0.2609 -0.9592 0.1086
vn 0.5411 0.4669 -0.6995
vn 0.0163 0.0141 0.9998
vn 0.0170 0.9984 -0.0538
vn 0.0166 0.9941 0.1075
vn -0.5421 0.4763 0.6923
vn 0.0311 -0.0274 -0.9991
vn -0.6061 0.3890 -0.6938
vn 0.0314 -0.0201 0.9993
vn 0.2957 0.6541 0.6962
vn 0.0126 0.0278 -0.9995
vn -0.6953 0.2153 0.6857
vn 0.0569 -0.0176 -0.9982
vn -0.7158 0.1404 -0.6841
vn -0.0629 0.0123 0.9979
vn 0.7347 0.1538 -0.6608
vn 0.6925 -0.3588 0.6259
vn 0.1923 -0.0996 -0.9763
vn -0.9864 -0.0734 0.1472
vn 0.8829 -0.4475 -0.1424
vn -0.9863 0.1024 0.1295
vn 0.9923 -0.1206 -0.0286
vn -0.9911 0.1204 0.0571
vn -0.1885 0.9214 0.3398
vn -0.1542 0.7535 -0.6392
vn 0.3720 -0.6801 0.6317
vn -0.0968 0.1771 -0.9794
vn 0.7466 0.0863 0.6597
vn -0.1288 -0.0149 -0.9916
vn 0.9120 0.3517 0.2112
vn -0.8498 -0.3277 -0.4129
vn 0.9930 0.0499 -0.1075
vn 0.9757 0.0491 0.2137
vn 0.1315 0.7287 0.6720
vn 0.0172 0.0952 -0.9953
vn -0.0677 0.9213 -0.3829
vn 0.0519 -0.7049 0.7074
vn -0.7075 -0.1936 0.6796
vn -0.0735 -0.0201 -0.9971
vn 0.7182 0.1321 0.6832
vn -0.0654 -0.0120 -0.9978
vn 0.6999 0.2028 -0.6849
vn -0.0595 -0.0172 0.9981
vn 0.0596 -0.9739 -0.2189
vn -0.0553 0.9025 0.4272
vn -0.4353 0.6495 0.6235
vn 0.1239 -0.1848 -0.9749
vn 0.3725 -0.7549 -0.5397
vn -0.1847 0.3743 0.9087
vn -0.3228 0.9179 0.2307
vn 0.2966 -0.8429 -0.4489
vn 0.7154 -0.2862 -0.6374
vn -0.1739 0.0696 0.9823
vn -0.6266 0.4421 -0.6418
vn 0.1439 -0.1015 0.9844
vn 0.1862 0.9369 -0.2958
vn 0.1608 0.8091 0.5652
vn -0.2122 0.6833 0.6987
vn -0.2766 0.6596 -0.6988
vn 0.0090 -0.0214 0.9997
vn -0.9288 0.3660 0.0588
vn 0.9239 -0.3641 -0.1174
vn -0.2349 -0.7326 0.6389
vn 0.0561 0.1748 -0.9830
vn 0.4485 0.6642 0.5980
vn -0.1593 -0.2360 -0.9586
vn -0.2940 0.6541 -0.6969
vn -0.0117 0.0261 0.9996
vn -0.9646 -0.2625 -0.0253
vn -0.9637 -0.2623 0.0505
vn 0.9989 0.0463 0.0056
vn 0.9989 0.0464 -0.0113
vn -0.1084 0.9727 -0.2052
vn 0.1016 -0.9101 0.4018
vn -0.7716 0.6345 0.0454
vn -0.7693 0.6324 -0.0907
vn -0.2228 -0.9697 0.1005
vn -0.2194 -0.9549 -0.2000
vn -0.1078 -0.9877 -0.1134
vn -0.1057 -0.9685 0.2254
vn -0.5754 0.4243 0.6992
vn -0.0178 0.0132 -0.9998
vn -0.2847 0.6546 -0.7003
vn -0.0076 0.0176 0.9998
vn -0.2721 -0.9615 0.0393
vn 0.2713 0.9593 -0.0785
vn 0.3614 -0.8679 0.3409
vn -0.2951 0.7086 -0.6409
vn 0.7302 -0.2152 0.6485
vn 0.1524 -0.0449 -0.9873
vn 0.0218 0.8159 -0.5778
vn 0.0089 0.3322 0.9432
vn 0.0764 -0.9662 -0.2464
vn -0.0693 0.8759 0.4775
vn -0.8182 -0.5696 -0.0776
vn -0.8108 -0.5645 0.1546
vn 0.9922 0.0915 0.0843
vn 0.9816 0.0906 -0.1681
vn -0.4738 -0.5828 0.6602
vn -0.0810 -0.0996 -0.9917
vn 0.7075 -0.1936 -0.6796
vn 0.0735 -0.0201 0.9971
vn -0.9314 0.3534 -0.0878
vn -0.9206 0.3492 0.1750
vn 0.6042 0.3905 0.6946
vn -0.0295 -0.0191 -0.9994
vn 0.5414 0.4760 -0.6931
vn -0.0295 -0.0259 0.9992
vn -0.0000 -0.9985 0.0545
vn -0.0000 -0.9941 -0.1088
vn -0.2236 0.9317 0.2863
vn 0.1952 -0.8129 -0.5487
vn 0.9185 0.3838 0.0949
vn 0.9061 0.3787 -0.1889
vn -0.8115 0.4951 -0.3103
vn 0.6893 -0.4204 0.5900
vn 0.5267 -0.4833 0.6993
vn 0.0162 -0.0149 -0.9998
vn 0.8926 -0.3667 0.2622
vn 0.7978 -0.3277 -0.5060
vn -0.2896 0.6560 -0.6970
vn 0.0115 -0.0260 0.9996
vn -0.5207 -0.6815 0.5143
vn -0.2860 -0.3743 -0.8821
vn -0.0612 0.7649 0.6412
vn -0.0142 0.1771 -0.9841
vn 0.0549 0.7679 -0.6382
vn 0.0132 0.1848 0.9827
vn 0.8936 0.4394 -0.0922
vn -0.8821 -0.4339 0.1836
vn 0.9771 0.1052 0.1850
vn 0.9262 0.0997 -0.3636
vn 0.9925 0.1191 0.0271
vn 0.9914 0.1190 -0.0543
vn -0.1697 -0.9109 0.3762
vn -0.1313 -0.7049 -0.6971
vn -0.0851 0.9481 0.3063
vn -0.0727 0.8091 -0.5831
vn -0.0579 0.7400 0.6701
vn 0.0080 -0.1015 -0.9948
vn 0.2212 0.6983 -0.6808
vn -0.0220 -0.0696 0.9973
vn -0.3106 -0.7634 -0.5663
vn 0.1351 0.3322 0.9335
vn -0.9744 0.2248 -0.0030
vn -0.9744 0.2247 0.0060
vn 0.2348 -0.7326 -0.6389
vn -0.0561 0.1748 0.9830
vn 0.8603 0.5009 0.0946
vn -0.8487 -0.4941 -0.1883
vn -0.1547 -0.9590 -0.2375
vn -0.1412 -0.8759 0.4614
vn 0.9155 -0.3906 0.0962
vn 0.9028 -0.3851 -0.1915
vn -0.0000 0.7228 0.6910
vn -0.0000 0.0449 -0.9990
vn 0.2458 0.8983 0.3642
vn 0.1938 0.7086 -0.6784
vn 0.1269 0.9455 -0.2998
vn -0.1091 -0.8130 0.5720
vn -0.1766 0.7790 -0.6017
vn -0.0611 0.2691 0.9612
vn -0.2344 -0.7440 -0.6257
vn -0.0652 -0.2069 0.9762
vn 0.9974 -0.0448 0.0556
vn 0.9928 -0.0446 -0.1111
vn -0.1715 -0.9658 0.1945
vn -0.1616 -0.9101 -0.3816
vn 0.7465 0.5297 -0.4028
vn 0.5508 0.3909 0.7374
vn 0.4659 -0.5577 0.6870
vn 0.0360 -0.0431 -0.9984
vn 0.7104 0.2293 0.6654
vn -0.1090 -0.0352 -0.9934
vn -0.4659 -0.5577 0.6870
vn -0.0360 -0.0431 -0.9984
vn -0.4930 -0.5324 -0.6881
vn -0.0360 -0.0389 0.9986
vn 0.4930 -0.5324 0.6881
vn 0.0360 -0.0389 -0.9986
vn 0.6578 -0.3085 0.6871
vn 0.0506 -0.0237 -0.9984
vn 0.6462 -0.3327 -0.6868
vn 0.0503 -0.0259 0.9984
vn -0.0000 0.9617 0.2742
vn 0.4917 0.5334 -0.6883
vn -0.0356 -0.0387 0.9986
vn -0.0000 -0.9998 -0.0196
vn -0.5846 0.4244 0.6915
vn 0.0354 -0.0257 -0.9990
vn 0.4537 0.5853 -0.6720
vn 0.0594 0.0766 0.9953
vn -0.0000 1.0000 -0.0098
vn 0.6460 0.4871 0.5877
vn -0.2468 -0.1861 -0.9510
vn 0.7104 0.2292 -0.6654
vn -0.1090 -0.0352 0.9934
vn -0.0000 -0.8497 0.5273
vn -0.6462 -0.3327 0.6868
vn -0.0503 -0.0259 -0.9984
vn -0.6579 -0.3085 -0.6871
vn -0.0506 -0.0237 0.9984
vn 0.7096 -0.6626 0.2399
vn 0.6469 -0.6039 -0.4657
vn 0.7096 0.6626 -0.2399
vn -0.6468 -0.6040 0.4657
vn -0.3632 0.7338 0.5742
vn 0.1512 -0.3053 -0.9402
vn -0.0000 0.9999 0.0104
vn -0.0000 -0.9998 0.0208
vn 0.3235 0.7633 0.5592
vn -0.1461 -0.3449 -0.9272
vn 0.3632 0.7337 -0.5742
vn -0.1511 -0.3053 0.9402
vn 0.2802 0.7446 0.6058
vn -0.0936 -0.2489 -0.9640
vn 0.3009 0.7300 -0.6136
vn -0.0941 -0.2284 0.9690
vn -0.3007 0.7301 0.6136
vn 0.0941 -0.2284 -0.9690
vn -0.2802 0.7446 -0.6058
vn 0.0936 -0.2489 0.9640
vn 0.7075 -0.5309 -0.4665
vn 0.4518 -0.3389 0.8252
vn 0.8241 -0.5601 -0.0842
vn 0.8154 -0.5541 0.1677
vn 0.4577 -0.8428 0.2831
vn 0.4008 -0.7378 -0.5431
vn -0.5895 -0.5240 0.6148
vn 0.1824 0.1622 -0.9697
vn -0.6848 -0.5993 0.4146
vn -0.4938 -0.4322 -0.7545
vn -0.8241 -0.5601 0.0842
vn 0.8153 0.5543 -0.1677
vn 0.5895 -0.5240 -0.6148
vn -0.1824 0.1622 0.9697
vn -0.4578 -0.8428 -0.2831
vn -0.4007 -0.7379 0.5431
vn -0.7360 -0.5175 0.4365
vn -0.5064 -0.3561 -0.7854
vn 0.4202 0.8197 -0.3892
vn 0.3179 0.6203 0.7170
vn 0.0978 -0.9952 -0.0037
vn 0.7104 -0.2293 0.6654
vn -0.1090 0.0352 0.9934
vn -0.0263 0.8509 0.5246
vn -0.0139 0.4493 -0.8933
vn -0.0233 0.8602 -0.5094
vn -0.0131 0.4809 0.8767
vn 0.5517 0.6430 0.5312
vn -0.2836 -0.3306 -0.9002
vn 0.3735 0.7799 -0.5022
vn -0.2140 -0.4469 0.8686
vn -0.3734 0.7800 0.5022
vn 0.2140 -0.4469 -0.8686
vn -0.5516 0.6430 -0.5312
vn 0.2836 -0.3306 0.9002
vn 0.0233 0.8602 -0.5094
vn 0.0130 0.4809 0.8767
vn -0.0000 -0.9893 -0.1458
vn 0.0001 -0.9575 0.2884
vn 0.0264 0.8509 -0.5246
vn 0.0139 0.4493 0.8933
vn 0.9998 0.0196 -0.0053
vn 0.9997 0.0197 0.0105
vn -0.1464 0.9533 0.2643
vn 0.1306 -0.8503 -0.5099
vn -0.0822 0.8671 0.4913
vn 0.0489 -0.5149 -0.8559
vn -0.1464 -0.9532 0.2643
vn 0.1305 0.8503 -0.5099
vn -0.0393 -0.9587 -0.2817
vn 0.0344 0.8405 0.5407
vn -0.1871 0.9815 0.0396
vn -0.1867 0.9792 -0.0791
vn 0.0392 -0.9587 0.2817
vn -0.0345 0.8405 -0.5407
vn 0.0822 0.8671 -0.4913
vn -0.0488 -0.5149 0.8559
vn 0.1872 0.9815 -0.0396
vn -0.1867 -0.9792 0.0791
vn 0.1997 0.9010 -0.3852
vn -0.1521 -0.6867 0.7109
vn 0.1518 0.9766 -0.1524
vn -0.1463 -0.9423 0.3012
vn 0.9801 0.1434 0.1376
vn 0.9520 0.1393 -0.2726
vn 0.0589 -0.9944 -0.0876
vn -0.0583 0.9829 0.1746
vn -0.9800 0.1435 0.1376
vn -0.9520 0.1393 -0.2726
vn -0.1997 0.9010 0.3852
vn 0.1522 -0.6866 -0.7109
vn -0.1518 0.9766 0.1524
vn 0.1464 -0.9422 -0.3012
vn -0.0000 -0.9141 0.4054
vn -0.0000 -0.6713 -0.7412
vn 0.0171 0.9283 0.3715
vn 0.0133 0.7239 -0.6898
vn -0.0589 -0.9944 0.0876
vn 0.0582 0.9829 -0.1746
vn 0.0159 0.9305 0.3659
vn 0.0124 0.7321 -0.6810
vn -0.0000 -0.9370 -0.3494
vn -0.0000 -0.7558 0.6548
vn -0.8141 -0.0246 0.5801
vn -0.3267 -0.0099 -0.9451
vn -0.0395 0.9962 -0.0774
vn -0.0393 0.9872 0.1543
vn -0.1488 -0.9855 -0.0819
vn 0.1472 0.9755 0.1633
vn 0.1487 -0.9855 0.0819
vn -0.1473 0.9755 -0.1633
vn 0.9898 0.1152 -0.0837
vn 0.9794 0.1141 0.1667
vn 0.1854 -0.5584 0.8086
vt 0.279688 1.449321
vt 0.201237 1.484635
vt 0.266828 1.484635
vt 0.234033 1.334409
vt 0.188377 1.449321
vt 0.266828 1.911106
vt 0.201237 1.911106
vt 0.125571 1.960838
vt 0.342494 1.960838
vt 0.125571 1.984485
vt 0.342494 1.984485
vt 0.109401 0.015167
vt 0.122603 1.781002
vt 0.078049 1.989532
vt 0.190024 0.015167
vt 0.145471 1.781002
vt 0.190024 1.781002
vt 0.046698 0.015167
vt 0.033496 1.781002
vt 0.820865 0.808152
vt 0.982584 0.845447
vt 0.820865 0.845447
vt 0.648104 0.015167
vt 0.692657 1.781002
vt 0.679455 0.015167
vt 0.078049 1.781002
vt 0.648104 1.781002
vt 0.982584 0.808152
vt 0.158673 0.015167
vt 0.160357 0.077255
vt 0.696948 0.013595
vt 0.696948 0.077255
vt 0.248907 0.222095
vt 0.457777 0.198133
vt 0.992405 0.072341
vt 0.372859 0.072341
vt 0.372859 0.019229
vt 0.992405 0.019229
vt 0.372859 0.015323
vt 0.992405 0.068434
vt 0.372859 0.068434
vt 0.608963 0.242543
vt 0.248341 0.242543
vt 0.458624 0.215197
vt 0.907487 0.198133
vt 0.457777 0.195509
vt 0.907487 0.195509
vt 0.676866 0.226701
vt 0.100965 0.534712
vt 0.676866 0.534712
vt 0.458624 0.212571
vt 0.906640 0.212571
vt 0.609209 0.222095
vt 0.160357 0.013595
vt 0.906640 0.215197
vt 0.100965 0.226701
vt 0.992405 0.015323
vt 0.340933 0.441846
vt 0.469954 0.426847
vt 0.389132 0.428399
vt 0.362149 0.441846
vt 0.427366 0.391234
vt 0.416707 0.391234
vt 0.349027 0.505834
vt 0.454662 0.609272
vt 0.345860 0.614372
vt 0.445313 0.735645
vt 0.327162 0.688594
vt 0.435964 0.805528
vt 0.293836 0.740158
vt 0.436219 0.875307
vt 0.277812 0.795871
vt 0.591749 0.452195
vt 0.616397 0.482659
vt 0.596172 0.515602
vt 0.531445 0.443033
vt 0.704187 0.440151
vt 0.669687 0.461153
vt 0.672666 0.572505
vt 0.705306 0.584220
vt 0.572996 0.565053
vt 0.581272 0.706057
vt 0.687713 0.710056
vt 0.579170 0.784058
vt 0.602897 0.855681
vt 0.306489 0.723326
vt 0.327669 0.673584
vt 0.344547 0.606587
vt 0.348436 0.511898
vt 0.341042 0.450856
vt 0.362814 0.450856
vt 0.306489 0.731973
vt 0.401924 0.679204
vt 0.413733 0.646651
vt 0.415792 0.522475
vt 0.412916 0.522475
vt 0.457147 0.487498
vt 0.466156 0.346210
vt 0.476850 0.485267
vt 0.447852 0.346210
vt 0.447295 0.486382
vt 0.437444 0.485267
vt 0.372686 0.607144
vt 0.301477 0.462631
vt 0.364209 0.560837
vt 0.655892 0.334351
vt 0.597733 0.247824
vt 0.655892 0.227233
vt 0.371428 0.421930
vt 0.406965 0.499388
vt 0.371428 0.498562
vt 0.531381 0.133583
vt 0.538314 0.256206
vt 0.500006 0.133583
vt 0.559287 0.510568
vt 0.612817 0.462631
vt 0.550085 0.560837
vt 0.619450 0.459240
vt 0.541608 0.607144
vt 0.447852 0.352986
vt 0.457147 0.264902
vt 0.497730 0.260554
vt 0.447852 0.357908
vt 0.431429 0.493717
vt 0.427060 0.499855
vt 0.466322 0.352986
vt 0.487234 0.499855
vt 0.466442 0.357908
vt 0.489886 0.551648
vt 0.457147 0.536852
vt 0.414288 0.133583
vt 0.258401 0.227233
vt 0.382912 0.133583
vt 0.258401 0.334351
vt 0.308678 0.335714
vt 0.278394 0.336850
vt 0.542865 0.498562
vt 0.511514 0.499291
vt 0.527181 0.650755
vt 0.529936 0.670903
vt 0.540752 0.573308
vt 0.535043 0.605892
vt 0.577080 0.328938
vt 0.542865 0.328938
vt 0.316561 0.247824
vt 0.435717 0.133583
vt 0.346270 0.252015
vt 0.308678 0.328938
vt 0.500006 0.328938
vt 0.457147 0.328938
vt 0.457004 0.346210
vt 0.375980 0.256206
vt 0.457147 0.133583
vt 0.419715 0.260892
vt 0.480241 0.133583
vt 0.542865 0.421930
vt 0.542865 0.340636
vt 0.371428 0.340636
vt 0.340053 0.340636
vt 0.285710 0.454570
vt 0.384357 0.670903
vt 0.340053 0.328938
vt 0.417616 0.328938
vt 0.523877 0.626598
vt 0.628584 0.454570
vt 0.371428 0.328938
vt 0.308678 0.340636
vt 0.292915 0.338665
vt 0.482865 0.493717
vt 0.420246 0.381033
vt 0.340053 0.335714
vt 0.371428 0.335714
vt 0.457147 0.509996
vt 0.432056 0.509542
vt 0.442104 0.504925
vt 0.355006 0.510568
vt 0.414288 0.517707
vt 0.368721 0.541678
vt 0.457147 0.596319
vt 0.532159 0.570753
vt 0.489886 0.585161
vt 0.382436 0.572789
vt 0.457147 0.559844
vt 0.546951 0.537936
vt 0.605615 0.328938
vt 0.605615 0.340636
vt 0.605615 0.335714
vt 0.621379 0.338665
vt 0.457147 0.519697
vt 0.340053 0.482438
vt 0.577080 0.340636
vt 0.308678 0.466313
vt 0.605615 0.466313
vt 0.374574 0.575248
vt 0.542865 0.335714
vt 0.577080 0.480978
vt 0.457147 0.500530
vt 0.444288 0.497124
vt 0.419494 0.598268
vt 0.384938 0.589660
vt 0.529563 0.588262
vt 0.340053 0.421930
vt 0.308678 0.421930
vt 0.635899 0.336850
vt 0.294843 0.459240
vt 0.285710 0.421930
vt 0.294843 0.421930
vt 0.301477 0.421930
vt 0.577080 0.421930
vt 0.605615 0.421930
vt 0.612817 0.421930
vt 0.628584 0.421930
vt 0.619450 0.421930
vt 0.387387 0.648750
vt 0.379964 0.606172
vt 0.527171 0.604391
vt 0.488916 0.672761
vt 0.486271 0.629899
vt 0.488753 0.599187
vt 0.457147 0.607649
vt 0.387243 0.605200
vt 0.457147 0.632456
vt 0.457147 0.674200
vt 0.487709 0.612108
vt 0.457147 0.618086
vt 0.418988 0.611052
vt 0.390416 0.626598
vt 0.411936 0.672152
vt 0.418393 0.629054
vt 0.421900 0.585218
vt 0.577080 0.335714
vt 0.389407 2.170204
vt 0.302446 2.158279
vt 0.416025 2.152989
vt 0.318247 2.119051
vt 0.520634 2.028427
vt 0.336930 2.021931
vt 0.520575 1.823430
vt 0.516201 2.132772
vt 0.709417 2.130764
vt 0.609415 2.158780
vt 0.714882 2.170630
vt 0.629393 2.177390
vt 0.195533 1.767918
vt 0.320878 1.585931
vt 0.172752 1.600950
vt 0.320878 1.457383
vt 0.215029 1.447535
vt 0.320878 1.757674
vt 0.175189 1.601182
vt 0.320878 1.586162
vt 0.217466 1.447766
vt 0.320878 1.457614
vt 0.316766 1.237137
vt 0.266670 1.037551
vt 0.315292 1.032348
vt 0.317271 2.113925
vt 0.260124 1.243199
vt 0.325679 1.789205
vt 0.474584 1.755577
vt 0.325679 1.627823
vt 0.447050 1.601506
vt 0.325679 1.476535
vt 0.434923 1.465415
vt 0.325679 1.345166
vt 0.422212 1.335609
vt 0.325679 1.259940
vt 0.413558 1.247775
vt 0.426750 1.103070
vt 0.304188 2.153729
vt 0.165590 2.045489
vt 0.354332 1.872742
vt 0.334837 2.033575
vt 1.215389 1.052155
vt 1.401842 0.894886
vt 1.168054 0.921873
vt 1.401842 0.762511
vt 1.132491 0.790362
vt 1.354438 0.378554
vt 1.110988 0.631126
vt 1.404355 0.326920
vt 1.123553 0.291083
vt 1.406869 1.036791
vt 1.220416 1.052155
vt 1.406869 0.894886
vt 1.173081 0.921873
vt 1.406869 0.762511
vt 1.137517 0.790362
vt 1.116015 0.631126
vt 0.377499 1.100091
vt 0.325679 1.086774
vt 0.375697 1.085643
vt 0.857150 2.140882
vt 0.713132 2.165975
vt 0.859572 2.066270
vt 0.708440 2.125638
vt 0.699612 2.044498
vt 0.855323 2.128757
vt 0.849737 2.061773
vt 0.969954 2.020116
vt 0.828196 1.940630
vt 0.718245 0.038096
vt 0.157277 2.107854
vt 0.045914 1.992445
vt 0.173084 2.041511
vt 0.300267 0.025580
vt 0.197630 1.921748
vt 0.320878 1.647823
vt 0.217466 1.641292
vt 0.320878 1.535807
vt 0.240030 1.530759
vt 0.320878 1.434978
vt 0.268889 1.445272
vt 0.320878 1.174778
vt 0.215029 1.641139
vt 0.320878 1.647670
vt 0.237593 1.530605
vt 0.320878 1.535654
vt 0.266452 1.445119
vt 0.320878 1.434824
vt 0.320878 1.266001
vt 0.356425 1.861099
vt 0.424498 0.007163
vt 0.513667 0.007299
vt 0.701705 2.032855
vt 0.301332 0.019656
vt 0.423046 0.015240
vt 0.808857 0.913501
vt 0.745636 0.134156
vt 0.726269 0.925138
vt 0.650001 0.183119
vt 0.657570 0.833256
vt 0.861102 0.836360
vt 0.845805 0.286835
vt 0.959556 0.303625
vt 0.662596 0.833256
vt 0.315292 0.131273
vt 0.260124 1.919450
vt 0.316766 1.868043
vt 0.266670 0.213887
vt 0.316766 1.861107
vt 0.260124 1.911134
vt 0.266670 0.175400
vt 0.681020 1.882524
vt 0.829618 1.943731
vt 0.600478 0.020554
vt 0.719310 0.032173
vt 0.266670 0.052952
vt 0.316766 1.864422
vt 0.260124 1.919438
vt 0.266670 0.166431
vt 0.316766 1.869127
vt 0.260124 1.920839
vt 0.683112 1.870881
vt 0.601930 0.012476
vt 0.420152 1.907705
vt 0.312693 1.800278
vt 0.469096 1.841931
vt 0.312693 1.716196
vt 0.461394 1.742739
vt 0.312693 0.050153
vt 0.406775 0.041091
vt 0.428024 0.115031
vt 0.316134 0.254619
vt 0.437744 0.239331
vt 0.316134 0.333767
vt 0.437332 0.313725
vt 0.316134 1.959646
vt 0.415673 1.961722
vt 0.316134 0.133228
vt 0.316134 0.160333
vt 0.506791 1.756746
vt 0.415490 1.686237
vt 0.323821 1.785920
vt 0.469493 0.027646
vt 0.325415 0.027605
vt 0.312693 1.895166
vt 0.364093 1.973299
vt 0.312693 1.978084
vt 1.200242 1.557075
vt 1.189746 1.520344
vt 1.198657 1.418963
vt 1.190342 1.481597
vt 1.191378 1.405000
vt 0.359989 0.508171
vt 0.387010 0.933769
vt 0.326291 0.967004
vt 0.389892 1.134450
vt 1.090497 1.541183
vt 1.105036 1.576890
vt 1.053635 1.556716
vt 0.988470 1.514108
vt 1.091092 1.480591
vt 1.135541 1.382150
vt 0.988935 1.481827
vt 0.985893 1.410239
vt 1.000757 1.514108
vt 0.993356 1.553414
vt 1.047060 1.527984
vt 1.126456 1.510275
vt 1.125201 1.432926
vt 0.426733 1.837299
vt 0.312693 1.785565
vt 0.312693 1.871102
vt 0.371595 1.901981
vt 0.266670 0.141477
vt 0.316766 1.854742
vt 0.260124 1.906775
vt 1.045804 1.417781
vt 0.993620 1.426719
vt 0.312762 1.939906
vt 0.494150 0.056688
vt 0.489495 1.664107
vt 0.616059 0.038050
vt 0.598498 1.631417
vt 0.315292 0.096812
vt 0.260124 1.864061
vt 0.266670 0.098763
vt 0.316134 0.175207
vt 0.434671 0.258663
vt 0.316134 0.256931
vt 0.435984 0.349479
vt 0.316134 0.352261
vt 0.416591 1.873144
vt 0.316134 1.870313
vt 0.326271 1.945426
vt 0.369886 0.080816
vt 0.339391 0.079474
vt 1.406608 1.097616
vt 1.455678 1.175465
vt 1.445844 1.187374
vt 0.316134 0.125303
vt 0.437008 0.179318
vt 0.316134 0.063144
vt 0.416777 0.072093
vt 0.326291 0.366771
vt 0.418676 0.761750
vt 0.461352 1.022980
vt 0.442466 0.917033
vt 0.457152 1.683450
vt 0.312693 1.709480
vt 0.406164 0.045374
vt 0.312693 0.054396
vt 0.605872 1.595531
vt 0.498383 0.056688
vt 0.493820 1.633630
vt 0.312762 0.057138
vt 1.250212 1.378825
vt 1.247290 1.338933
vt 1.190675 1.375392
vt 1.200448 1.347585
vt 1.137327 1.389643
vt 1.123554 1.321039
vt 1.044962 1.359222
vt 0.488704 1.651745
vt 0.418979 1.578772
vt 0.467899 0.027646
vt 1.062107 1.222169
vt 1.214118 1.238226
vt 1.133521 1.244324
vt 1.259498 1.340319
vt 1.162039 1.295529
vt 1.262676 1.308191
vt 1.128971 1.192704
vt 1.273768 1.237403
vt 1.155800 1.355802
vt 1.063308 1.285340
vt 1.070914 1.209114
vt 1.059532 1.323907
vt 1.408836 1.097809
vt 1.449672 1.082717
vt 1.412902 1.088454
vt 1.264233 1.252906
vt 0.394764 1.822170
vt 0.345523 0.079763
vt 0.376017 0.081105
vt 1.401842 0.389263
vt 1.359465 0.378554
vt 1.406869 0.389263
vt 0.433923 1.143395
vt 0.199052 1.924848
vt 0.316134 0.068780
vt 0.389726 0.057196
vt 0.726725 0.033014
vt 0.201865 0.048093
vt 0.807543 0.066230
vt 1.396577 1.094634
vt 1.403736 1.168698
vt 1.473975 1.151314
vt 1.404266 1.193292
vt 1.470202 1.152948
vt 1.399498 1.168331
vt 0.866129 0.836360
vt 0.490165 0.263577
vt 0.397695 0.138746
vt 0.309307 0.130009
vt 0.326569 1.085672
vt 0.468380 0.958813
vt 0.325335 0.972099
vt 0.325152 0.972393
vt 0.395594 0.138847
vt 0.309307 0.130110
vt 0.309307 0.031580
vt 0.309307 0.031479
vt 1.161623 0.900796
vt 1.215389 1.097392
vt 1.166650 0.900796
vt 1.220416 1.097392
vt 0.197970 1.768150
vt 0.100101 2.091680
vt 0.491998 1.750325
vt 0.312693 1.915009
vt 0.315292 0.170943
vt 1.401842 1.036791
vt 1.438557 1.093442
vt 0.324899 1.830225
vt 0.620291 0.038050
vt 0.502874 1.768026
vt 0.396940 1.935752
vt 1.410938 1.088380
vt 0.474170 1.773454
vt 0.315292 0.122041
vt 0.315292 0.005727
vt 0.157044 2.119917
vt 0.320878 1.757443
vt 0.667327 2.062264
s 1
usemtl material1
f 1/1/1 3/2/2 4/3/2
f 5/4/3 6/1/4 7/5/5
f 6/1/4 8/3/6 7/5/5
f 7/5/5 8/3/6 9/2/7
f 10/1/8 12/3/9 13/3/10
f 14/5/11 16/2/12 17/2/13
s 0
f 18/3/14 20/6/14 21/6/14
f 22/2/15 24/7/15 25/2/15
f 26/2/16 28/6/16 29/3/16
f 30/3/17 32/7/17 33/2/17
s 1
f 34/6/18 36/8/19 37/9/20
f 1124/9/21 38/10/16 39/11/16
s 0
f 40/7/22 42/8/22 43/8/22
f 44/6/23 46/9/23 47/6/23
s 1
f 48/7/24 50/9/25 51/8/26
f 51/8/27 52/11/17 53/10/17
s 0
f 54/8/15 56/10/15 57/10/15
f 58/9/14 60/11/14 61/9/14
s 1
f 62/12/28 63/12/29 64/13/30
f 63/12/29 65/13/31 64/13/30
f 64/13/30 65/13/31 66/14/32
f 67/15/33 69/16/33 70/17/34
f 71/18/35 72/18/35 73/19/36
f 72/18/37 74/19/38 1156/19/36
f 1157/19/39 74/19/38 75/14/40
s 0
f 76/20/41 78/21/41 79/22/41
s 1
f 80/18/42 81/12/43 82/19/44
f 81/12/43 83/13/45 82/19/44
f 82/19/44 83/13/45 84/14/46
f 85/23/47 87/24/47 88/25/16
s 0
f 89/14/48 90/13/48 91/26/48
f 92/14/49 93/26/49 94/19/49
s 1
f 14/5/11 95/4/50 15/5/51
f 1082/1/52 96/4/53 2/5/54
f 10/1/8 97/4/55 11/1/56
f 17/2/13 1091/2/57 14/5/11
f 14/5/11 1087/5/58 95/4/50
f 11/1/56 1083/1/59 12/3/9
f 97/4/55 1199/4/60 11/1/56
f 33/2/61 9/2/7 30/3/15
f 12/3/9 19/3/62 13/3/10
f 27/7/61 35/7/14 1105/6/63
f 1158/19/64 1147/16/64 1154/18/64
f 5/4/3 97/4/55 6/1/4
f 7/5/5 15/5/51 5/4/3
f 9/2/7 16/2/12 7/5/5
f 75/14/61 1190/14/65 1159/19/66
f 1148/16/61 1196/19/67 1151/17/68
f 1187/26/61 1193/26/69 1181/14/70
f 86/27/61 1188/26/71 1175/24/72
f 65/13/31 1184/13/73 66/14/32
f 63/12/29 1179/25/64 65/13/31
f 1152/17/64 1172/27/64 67/15/64
f 74/19/38 82/19/44 75/14/40
f 72/18/37 80/18/42 74/19/38
f 66/14/32 84/14/46 64/13/30
f 64/13/30 83/13/45 62/12/28
f 56/10/61 1161/20/17 57/10/74
f 1129/10/61 79/22/15 1133/11/63
f 59/11/61 1168/21/16 1143/11/75
f 1136/11/61 77/28/14 1140/10/76
f 45/9/61 58/9/77 46/9/78
f 50/9/64 61/9/64 1137/11/64
f 1134/11/64 59/11/64 1125/9/64
f 1119/8/64 54/8/64 1130/10/64
f 1141/10/64 56/10/64 51/8/64
f 42/8/61 55/8/79 43/8/77
f 41/7/61 48/7/24 42/8/80
f 46/9/61 50/9/25 47/6/81
f 31/6/61 49/6/24 32/7/15
f 20/6/61 44/6/17 21/6/82
f 1126/9/61 45/9/83 1112/6/84
f 1116/7/61 40/7/85 1120/8/86
f 23/7/61 41/7/87 24/7/88
f 22/2/64 33/2/64 23/7/64
f 21/6/64 31/6/64 18/3/64
f 1092/2/61 1098/2/14 1095/3/63
f 19/3/64 1109/3/64 20/6/64
f 24/7/64 1102/7/64 25/2/64
f 16/2/12 22/2/87 17/2/13
f 6/1/4 10/1/8 8/3/6
f 1088/5/89 1093/2/2 1084/1/1
f 11/1/56 12/3/9 10/1/8
f 15/5/51 16/2/12 14/5/11
s 0
f 19/3/14 20/6/14 18/3/14
f 23/7/15 24/7/15 22/2/15
f 1103/7/16 1106/6/16 1099/2/16
f 31/6/17 32/7/17 30/3/17
s 1
f 1117/7/18 1121/8/19 1113/6/18
f 1122/8/19 1131/10/16 1127/9/21
s 0
f 41/7/22 42/8/22 40/7/22
f 45/9/90 46/9/90 44/6/90
s 1
f 49/6/24 50/9/25 48/7/24
f 50/9/25 1138/11/17 51/8/26
s 0
f 55/8/15 56/10/15 54/8/15
f 59/11/14 1144/11/14 58/9/14
s 1
f 68/29/16 1149/16/33 67/15/33
s 0
f 1165/28/41 1169/21/41 1162/20/41
s 1
f 1173/27/91 1176/24/47 85/23/47
f 1089/5/61 14/5/92 1094/2/93
f 1200/4/61 95/4/94 1090/5/95
f 1096/3/61 12/3/96 1085/1/97
f 1086/1/61 11/1/98 1201/4/99
f 8/3/6 30/3/15 9/2/7
f 18/3/61 13/3/10 19/3/62
f 1114/6/61 1107/6/14 1118/7/76
f 68/29/64 1155/18/64 1150/16/64
f 10/1/8 6/1/4 97/4/55
f 95/4/50 5/4/3 15/5/51
f 15/5/51 7/5/5 16/2/12
f 1197/19/61 1160/19/100 1191/14/101
f 1194/26/61 1153/17/67 1198/19/102
f 1192/14/61 1182/14/103 1195/26/104
f 1185/13/61 1177/24/72 1189/26/105
f 1183/14/61 66/14/106 1186/13/107
f 1178/24/64 65/13/64 1180/25/64
f 85/23/64 67/15/64 1174/27/64
f 84/14/46 75/14/40 82/19/44
f 82/19/44 74/19/38 80/18/42
f 83/13/45 64/13/30 84/14/46
f 81/12/43 62/12/28 83/13/45
f 79/22/61 57/10/16 1163/20/75
f 1170/21/61 1135/11/14 79/22/76
f 1166/28/61 1145/11/17 1171/21/74
f 1164/20/61 1142/10/15 1167/28/63
f 61/9/61 46/9/78 58/9/77
f 1146/11/64 1139/11/64 61/9/64
f 58/9/64 1128/9/64 59/11/64
f 57/10/64 1132/10/64 54/8/64
f 55/8/64 51/8/64 56/10/64
f 54/8/61 43/8/77 55/8/79
f 51/8/26 42/8/80 48/7/24
f 49/6/24 47/6/81 50/9/25
f 48/7/24 32/7/15 49/6/24
f 47/6/61 21/6/82 44/6/17
f 44/6/61 1115/6/108 45/9/109
f 43/8/61 1123/8/110 40/7/111
f 40/7/61 24/7/88 41/7/87
f 32/7/64 23/7/64 33/2/64
f 30/3/64 18/3/64 31/6/64
f 1110/3/61 1097/3/14 1100/2/76
f 1108/6/64 20/6/64 1111/3/64
f 1101/2/64 25/2/64 1104/7/64
f 25/2/61 17/2/13 22/2/87
f 13/3/10 8/3/6 10/1/8
s 0
f 98/30/14 100/31/14 101/32/14
f 102/32/112 104/33/112 105/30/112
f 106/34/113 108/35/113 109/36/113
f 110/37/16 112/35/16 113/38/16
f 114/39/17 116/40/17 117/41/17
f 118/33/114 120/42/114 121/43/114
f 122/44/115 124/45/115 125/34/115
f 126/46/116 128/40/116 129/47/116
f 130/48/61 132/49/61 133/50/61
f 134/51/117 136/47/117 137/52/117
f 138/43/118 140/53/118 141/33/118
f 142/33/119 144/32/119 145/30/119
f 146/31/15 148/30/15 149/32/15
s 1
f 110/37/64 99/54/64 111/36/64
f 1224/30/61 1202/30/17 1213/32/75
f 1360/32/64 1254/40/64 146/31/64
f 1327/43/61 1306/49/61 139/42/75
f 1348/32/61 1361/32/16 1352/30/74
f 1244/35/64 1356/30/64 1248/38/64
f 107/45/61 1341/33/120 1234/35/121
f 1292/40/61 1349/32/122 1296/47/123
f 1334/53/61 143/53/16 1338/33/74
f 123/55/61 1328/43/124 1278/45/125
f 1320/47/61 1335/53/126 1324/52/127
f 1299/48/61 1313/51/15 131/56/61
f 1297/47/61 1321/47/15 1285/46/63
f 119/53/61 135/46/128 1268/42/129
f 1269/42/61 1300/48/61 1272/43/74
f 122/44/61 1310/50/61 1275/55/76
f 1255/40/61 1293/40/15 1258/41/63
f 1214/32/61 127/41/130 103/53/131
f 1273/43/61 122/44/132 1261/33/133
f 1227/34/61 1282/34/14 1231/45/76
f 1217/53/61 1265/53/17 1220/33/74
f 1208/31/64 1250/39/64 1210/32/64
f 1235/35/61 1245/35/14 1238/36/63
f 1221/33/61 1228/34/134 1225/30/135
s 0
f 1206/54/14 1209/31/14 1203/30/14
f 1218/53/112 1222/33/112 1215/32/112
f 1232/45/113 1236/35/113 1229/34/113
f 1241/36/16 1246/35/16 110/37/16
f 115/57/17 1256/40/17 1251/39/17
f 1266/53/114 1270/42/114 1262/33/114
f 1276/55/115 1279/45/115 122/44/115
s 1
f 1289/41/116 1294/40/116 1286/46/116
s 0
f 1303/56/61 1307/49/61 1301/48/61
f 1317/46/117 1322/47/117 1314/51/117
f 1331/42/118 1336/53/118 1329/43/118
f 1345/53/119 1350/32/119 1342/33/119
f 147/54/15 1357/30/15 146/31/15
s 1
f 1204/30/64 1242/36/64 1207/54/64
f 1211/32/61 1216/32/17 1205/30/74
f 1253/57/64 146/31/64 1257/40/64
f 1304/56/61 1332/42/16 1308/49/61
f 1358/30/61 1353/30/16 1362/32/75
f 1355/54/64 1249/38/64 1359/30/64
f 1354/30/61 1237/35/136 1343/33/137
f 1346/53/61 1298/47/138 1351/32/139
f 1344/33/61 1339/33/16 1347/53/75
f 1340/33/61 1280/45/140 1330/43/141
f 1333/42/61 1325/52/142 1337/53/143
f 1326/52/61 1305/56/61 1315/51/63
f 1318/46/61 1287/46/15 1323/47/76
f 1316/51/61 1271/42/144 1319/46/145
f 1311/50/61 1274/43/17 1302/48/61
f 1309/49/61 1277/55/14 1312/50/61
f 1290/41/61 1259/41/15 1295/40/76
f 1288/46/61 1219/53/146 1291/41/147
f 1283/34/61 1263/33/148 122/44/149
f 1281/45/61 1233/45/14 1284/34/63
f 1264/33/61 1223/33/17 1267/53/75
f 1260/41/64 1212/32/64 1252/39/64
f 1243/36/61 1239/36/14 1247/35/76
f 1240/36/61 1226/30/150 1230/34/151
f 150/58/152 152/59/152 153/60/153
f 154/58/154 155/61/155 156/60/156
f 1380/61/157 157/62/158 1387/60/159
f 1388/60/160 1392/62/161 158/63/162
f 159/64/163 161/65/164 162/66/165
f 162/66/165 163/67/166 164/68/167
f 164/68/167 165/69/168 166/70/169
f 166/70/170 167/71/171 168/72/172
f 1407/72/173 169/69/174 170/70/175
f 1412/70/176 171/67/177 172/68/178
f 1417/68/179 173/65/180 174/66/181
f 1422/66/182 175/59/183 176/64/184
f 177/58/185 179/59/186 180/64/187
f 181/58/188 182/60/189 1381/61/155
f 1439/60/190 183/63/191 1382/61/157
f 1383/61/192 1443/63/193 1393/62/194
f 184/60/195 186/73/196 160/59/197
f 1395/59/198 187/74/199 188/75/200
f 189/63/201 190/60/202 191/76/203
f 1454/60/204 1427/59/183 1458/76/205
f 1459/76/206 1428/59/207 192/73/208
f 1429/59/209 193/75/210 1460/73/211
f 1461/73/212 1462/75/213 194/74/214
f 195/75/215 197/77/216 198/74/217
f 1479/74/218 199/78/219 200/75/220
f 201/79/221 202/78/222 203/80/223
f 202/78/224 204/77/225 1484/80/226
f 1485/80/227 1489/77/228 205/79/229
f 1490/77/230 206/78/231 205/79/232
f 205/79/233 1494/78/234 207/81/235
f 1495/78/231 1463/75/236 207/81/237
f 207/81/238 1464/75/239 1430/59/240
f 205/79/233 208/82/241 1486/80/242
f 208/82/243 209/83/244 1487/80/242
f 1488/80/242 1499/83/245 201/79/246
f 1500/83/247 210/82/248 201/79/221
f 201/79/221 210/82/248 202/78/222
f 210/82/248 211/81/249 202/78/222
f 202/78/222 211/81/249 188/75/250
f 211/81/249 161/65/164 188/75/250
f 188/75/250 161/65/164 1396/59/198
f 205/79/233 207/81/235 208/82/241
f 207/81/235 173/65/251 208/82/241
f 208/82/241 173/65/251 171/67/252
f 212/84/253 213/85/254 1501/83/255
f 1505/85/256 214/84/257 1502/83/258
f 1503/83/259 214/84/260 210/82/248
f 214/84/260 165/69/168 210/82/248
f 210/82/248 165/69/168 163/67/166
f 1504/83/245 208/82/241 212/84/261
f 208/82/241 171/67/252 212/84/261
f 212/84/261 171/67/252 169/69/262
f 210/82/248 161/65/164 211/81/249
f 212/84/263 1402/71/264 1506/85/256
f 1507/85/265 165/69/168 214/84/260
f 215/72/266 217/86/267 218/70/268
f 1524/70/269 219/87/270 220/68/271
f 220/68/272 221/88/273 222/66/274
f 222/66/274 223/89/275 224/64/276
f 224/64/277 225/90/278 226/58/279
f 1539/58/280 227/91/281 228/61/282
f 1549/61/283 229/90/284 230/58/285
f 1559/58/286 231/89/287 232/64/288
f 1569/64/288 233/88/289 234/66/290
f 1579/66/291 235/87/292 236/68/293
f 1589/68/293 237/86/294 238/70/295
f 238/70/296 216/92/297 1509/72/266
f 239/87/298 241/93/299 242/86/300
f 1599/93/301 243/92/302 242/86/303
f 240/94/304 245/88/305 246/95/306
f 245/88/307 247/89/308 1612/95/306
f 1613/95/309 247/89/310 248/90/311
f 244/86/312 249/94/313 250/87/314
f 249/94/315 251/88/316 1616/87/317
f 252/89/318 254/91/319 255/90/320
f 1632/91/321 1614/95/322 248/90/323
f 256/96/324 1633/91/325 253/95/326
f 240/94/304 239/87/327 245/88/305
f 1630/95/328 1624/89/329 249/94/330
f 1431/59/183 173/65/251 207/81/235
f 185/76/331 1446/60/332 257/63/333
f 1570/64/61 151/64/334 1560/58/335
f 1455/60/61 1374/60/336 1432/59/337
f 1433/59/61 1370/59/338 1436/64/339
f 1447/60/61 1389/60/340 257/63/341
f 1590/68/61 1418/68/342 1580/66/343
f 238/70/61 1413/70/344 1591/68/345
f 1510/72/61 1408/72/346 238/70/347
f 1525/70/61 166/70/348 1511/72/349
f 220/68/272 164/68/167 1526/70/350
f 222/66/274 162/66/165 220/68/272
f 224/64/276 159/64/163 222/66/274
f 1581/66/61 1423/66/351 1571/64/352
f 1491/77/61 1474/77/353 1496/78/354
f 202/78/222 199/78/219 1492/77/355
f 188/75/250 200/75/220 202/78/222
f 187/74/199 1480/74/356 188/75/200
f 1497/78/61 196/78/357 1465/75/358
f 1466/75/61 1470/75/359 1468/74/360
f 1574/88/61 245/88/361 1584/87/362
f 1564/89/61 247/89/363 1575/88/364
f 1554/90/61 248/90/365 1565/89/366
f 1544/91/61 1634/91/367 1555/90/368
f 1534/90/61 1639/90/369 1545/91/369
f 223/89/61 1625/89/370 1535/90/371
f 221/88/273 1620/88/372 223/89/275
f 1529/87/61 1617/87/373 221/88/374
f 1519/86/61 1607/86/375 1530/87/376
f 1514/92/61 1603/92/377 1520/86/378
f 1594/86/61 242/86/348 1515/92/379
f 1585/87/61 239/87/380 1595/86/381
f 1384/61/61 1550/61/382 181/58/383
f 1377/58/61 1540/58/384 1385/61/385
f 180/64/187 224/64/386 177/58/185
f 1440/60/61 1456/60/387 1444/63/388
f 178/60/389 1448/60/390 179/59/186
f 1375/60/61 1441/60/391 1363/58/392
f 159/64/61 180/64/393 1397/59/394
f 1390/60/61 178/60/395 1378/58/396
f 1367/64/397 1371/59/398 1364/58/398
f 1398/59/399 161/65/164 159/64/163
f 161/65/164 163/67/166 162/66/165
f 163/67/166 165/69/168 164/68/167
f 165/69/168 1403/71/400 166/70/169
f 1404/71/401 169/69/402 1409/72/403
f 169/69/262 171/67/252 1414/70/404
f 171/67/252 173/65/251 1419/68/405
f 173/65/406 1434/59/407 1424/66/408
f 178/60/389 179/59/186 177/58/185
f 185/76/331 1451/73/409 1449/60/410
f 1452/73/411 187/74/412 1399/59/198
f 196/78/413 1475/77/414 1471/75/415
f 1476/77/416 199/78/417 1481/74/418
f 163/67/166 161/65/164 210/82/248
f 169/69/262 1405/71/419 212/84/261
f 1406/71/264 165/69/420 1508/85/421
f 1516/92/297 1521/86/267 1512/72/266
f 1522/86/422 1531/87/423 1527/70/269
f 1532/87/423 221/88/273 220/68/272
f 221/88/273 223/89/275 222/66/274
f 223/89/275 1536/90/278 224/64/276
f 1537/90/424 1546/91/425 1541/58/426
f 1547/91/427 1556/90/428 1551/61/429
f 1557/90/430 1566/89/287 1561/58/286
f 1567/89/287 1576/88/289 1572/64/288
f 1577/88/431 1586/87/292 1582/66/432
f 1587/87/292 1596/86/294 1592/68/293
f 1597/86/433 1517/92/297 238/70/296
f 240/94/304 1600/93/299 239/87/327
f 177/58/185 1379/58/434 178/60/389
f 1601/93/301 249/94/330 1608/86/435
f 1609/86/436 1604/92/437 1602/93/438
f 1631/95/439 1635/91/440 1626/89/441
f 1642/96/324 1615/95/309 1636/91/442
f 1365/58/61 1562/58/443 1368/64/444
f 1372/59/61 1435/59/445 1376/60/446
f 1369/64/61 1437/64/447 1373/59/448
f 1394/63/61 257/63/449 1391/60/450
f 1425/66/61 1583/66/361 1420/68/451
f 1421/68/61 1593/68/380 1415/70/452
f 1416/70/61 238/70/453 1410/72/454
f 1411/72/61 1513/72/346 166/70/378
f 166/70/169 1528/70/375 164/68/167
f 164/68/167 220/68/272 162/66/165
f 162/66/165 222/66/274 159/64/163
f 1438/64/61 1573/64/455 1426/66/456
f 196/78/61 1498/78/457 1477/77/458
f 1478/77/61 1493/77/459 199/78/460
f 199/78/219 202/78/222 200/75/220
f 200/75/220 188/75/250 1482/74/461
f 1472/75/61 1467/75/462 196/78/463
f 1483/74/61 1469/74/464 1473/75/465
f 239/87/327 1588/87/466 245/88/305
f 245/88/307 1578/88/467 247/89/308
f 247/89/310 1568/89/468 248/90/311
f 248/90/61 1558/90/469 1637/91/367
f 1638/91/61 1548/91/369 1640/90/470
f 1641/90/61 1538/90/471 1627/89/472
f 1628/89/61 223/89/473 1621/88/474
f 1622/88/61 221/88/475 1618/87/476
f 1619/87/61 1533/87/477 1610/86/350
f 1611/86/61 1523/86/348 1605/92/478
f 1606/92/61 1518/92/377 242/86/479
f 242/86/300 1598/86/480 239/87/298
f 1563/58/61 181/58/481 1552/61/382
f 1553/61/61 1386/61/385 1542/58/482
f 1543/58/61 177/58/185 224/64/386
f 1453/63/61 1445/63/483 1457/60/484
f 1400/59/61 179/59/485 1450/60/486
f 181/58/61 1366/58/487 1442/60/488
f 179/59/186 1401/59/489 180/64/187
f 1629/89/329 1623/88/490 249/94/491
f 261/97/492 259/98/493 258/99/494
f 264/100/495 263/101/496 262/102/497
f 268/103/498 266/104/499 265/105/500
f 272/106/501 270/107/502 269/108/503
f 276/109/504 274/110/505 273/111/506
f 279/112/507 278/113/508 277/114/509
f 283/115/510 281/116/511 280/117/512
f 280/117/512 286/118/513 284/119/514
f 290/102/515 288/120/516 287/100/517
f 291/121/518 277/114/509 285/122/519
f 293/123/520 289/124/521 292/125/522
f 304/126/523 295/99/524 294/98/525
f 270/107/502 279/112/507 269/108/503
f 306/127/526 1677/126/527 305/128/528
f 310/127/529 308/129/530 307/130/531
f 296/131/532 298/132/533 299/133/534
f 300/134/535 355/135/536 429/136/537
f 312/137/538 308/129/530 309/138/539
f 316/139/540 284/119/514 314/140/541
f 317/141/542 284/119/514 315/142/543
f 278/113/508 313/143/544 318/144/545
f 318/144/545 285/122/519 278/113/508
f 297/145/546 322/146/547 321/147/548
f 324/134/549 297/145/546 323/148/550
f 291/121/518 320/149/551 319/150/552
f 331/128/553 1683/128/554 390/126/555
f 264/100/495 320/149/551 260/151/556
f 329/152/557 322/146/547 325/153/558
f 277/114/509 339/154/559 336/155/560
f 259/98/493 1670/98/561 258/99/494
f 262/102/497 1662/102/562 264/100/495
f 356/100/563 1649/100/564 350/120/565
f 312/137/538 326/128/566 327/156/567
f 327/156/567 326/128/566 328/157/568
f 292/125/61 347/125/569 1666/123/570
f 348/123/571 346/123/572 352/158/573
f 352/158/573 349/158/574 353/159/575
f 332/160/576 268/103/498 335/161/577
f 297/145/546 340/162/578 323/148/550
f 344/163/579 291/121/518 319/150/552
f 329/152/557 336/155/560 339/154/559
f 341/164/580 315/142/543 316/139/540
f 314/140/541 286/118/513 343/165/581
f 340/162/578 329/152/557 345/166/582
f 329/152/557 344/163/579 345/166/582
f 352/158/573 350/120/565 348/123/571
f 302/167/583 369/167/584 408/168/585
f 1686/127/61 376/127/586 303/169/587
f 276/109/504 346/123/572 275/170/588
f 302/167/583 354/171/589 353/159/575
f 353/159/575 351/172/590 352/158/573
f 364/166/591 350/120/565 351/172/590
f 326/128/566 309/138/539 310/127/529
f 1663/102/61 386/102/592 1657/124/593
f 258/99/494 387/99/594 261/97/492
f 357/173/595 403/174/596 439/175/597
f 334/176/598 404/177/599 437/178/600
f 362/179/601 359/180/602 358/181/603
f 361/182/604 381/182/605 360/183/606
f 301/148/607 354/171/589 355/135/536
f 351/172/590 382/162/608 364/166/591
f 342/180/609 308/129/530 311/184/610
f 313/143/544 270/107/502 271/185/611
f 366/186/612 392/187/613 413/188/614
f 261/97/492 385/97/615 263/101/496
f 1684/128/61 326/128/616 1687/127/617
f 307/130/531 445/189/618 310/127/529
f 334/176/598 394/190/619 273/111/506
f 264/100/495 344/163/579 319/150/552
f 328/157/568 371/157/620 397/191/621
f 326/128/566 331/128/553 328/157/568
f 372/186/622 366/186/612 412/188/623
f 301/148/607 323/148/550 382/162/608
f 300/134/535 324/134/549 301/148/607
f 364/166/591 345/166/582 356/100/563
f 374/144/624 318/144/545 396/143/625
f 330/98/626 259/98/493 374/144/624
f 367/185/627 271/185/611 368/106/628
f 370/192/629 333/192/630 409/104/631
f 333/192/630 370/192/629 334/176/598
f 376/127/586 310/127/529 377/173/632
f 377/173/632 357/173/595 406/175/633
f 282/193/634 365/193/635 281/116/511
f 365/193/635 282/193/634 1643/115/636
f 342/180/609 363/180/637 308/129/530
f 307/130/531 380/130/638 337/182/639
f 337/182/639 435/194/640 437/178/600
f 360/183/606 363/180/637 1699/180/641
f 337/182/61 361/182/642 1702/179/643
f 371/157/620 390/126/555 389/195/644
f 395/191/645 392/187/613 366/186/612
f 392/187/613 396/143/625 367/185/627
f 374/144/624 390/126/555 330/98/626
f 389/195/644 395/191/645 371/157/620
f 369/167/584 302/167/583 391/159/646
f 396/143/625 389/195/644 374/144/624
f 345/166/582 364/166/591 340/162/578
f 400/169/647 385/97/615 387/99/594
f 405/101/648 401/124/649 386/102/650
f 401/124/649 406/175/633 378/125/651
f 377/173/632 400/169/647 376/127/586
f 1644/115/652 317/141/653 1690/184/654
f 365/193/655 1645/115/656 398/196/657
f 366/186/612 372/186/622 395/191/645
f 271/185/611 367/185/627 313/143/544
f 405/101/648 399/197/658 402/198/659
f 377/173/632 402/198/659 399/197/658
f 333/192/630 265/105/500 266/104/499
f 334/176/598 435/194/640 265/105/500
f 337/182/639 415/199/660 414/200/661
f 276/109/504 391/159/646 349/158/574
f 342/180/662 317/141/542 416/201/663
f 273/111/506 411/202/664 276/109/504
f 417/203/665 391/159/646 411/202/664
f 388/134/666 300/134/535 422/136/667
f 417/203/665 394/190/619 370/192/629
f 368/106/628 373/106/668 427/204/669
f 332/160/576 375/160/670 267/205/671
f 379/165/672 343/165/581 425/118/673
f 417/203/665 407/168/674 369/167/584
f 423/206/675 422/136/667 421/207/676
f 370/192/629 418/208/677 417/203/665
f 418/208/677 422/136/667 407/168/674
f 423/206/675 419/205/678 375/160/670
f 302/167/583 408/168/585 355/135/536
f 1671/98/61 330/98/679 1678/126/680
f 419/205/678 418/208/677 409/104/631
f 327/156/567 397/191/621 428/209/681
f 1667/123/61 348/123/682 1652/120/683
f 327/156/567 1710/196/684 312/137/538
f 430/210/685 397/191/621 372/186/622
f 430/210/685 412/188/623 431/211/686
f 365/193/635 428/209/681 430/210/685
f 433/212/687 426/204/688 373/106/668
f 431/211/686 426/204/688 432/213/689
f 430/210/685 410/116/690 365/193/635
f 387/99/594 1673/99/691 400/169/647
f 379/165/672 432/213/689 433/212/687
f 432/213/689 410/116/690 431/211/686
f 383/214/692 268/103/498 384/215/693
f 378/125/651 292/125/694 401/124/649
f 367/185/627 427/204/669 392/187/613
f 416/201/663 315/142/543 424/216/695
f 416/201/663 1695/181/696 342/180/662
f 384/215/693 265/105/500 435/194/640
f 341/164/580 438/217/697 436/218/698
f 408/168/585 407/168/674 429/136/537
f 412/188/623 427/204/669 426/204/688
f 409/104/631 266/104/499 419/205/678
f 281/116/511 410/116/690 286/118/513
f 424/216/695 434/219/699 416/201/663
f 1703/179/700 434/219/699 442/220/701
f 435/194/640 420/221/702 384/215/693
f 273/111/506 403/174/596 404/177/599
f 444/222/703 438/217/697 443/223/704
f 436/218/698 424/216/695 341/164/580
f 360/183/606 308/129/530 363/180/637
f 347/125/705 378/125/651 439/175/597
f 1700/180/61 342/180/706 1696/181/707
f 442/220/701 441/224/708 446/225/709
f 414/200/661 447/226/710 420/221/702
f 346/123/572 274/110/505 275/170/588
f 307/130/531 403/174/596 445/189/618
f 338/227/711 449/228/712 448/161/713
f 278/113/508 285/122/519 277/114/509
f 444/222/703 449/228/712 450/229/714
f 446/225/709 436/218/698 444/222/703
f 318/144/545 260/151/556 320/149/551
f 420/221/702 383/214/692 384/215/693
f 446/225/709 415/199/660 442/220/701
f 274/110/505 439/175/597 403/174/596
f 307/130/531 437/178/600 404/177/599
f 386/102/650 262/102/497 405/101/648
f 361/182/604 360/183/606 451/230/715
f 1704/179/716 451/230/715 360/183/606
f 420/221/702 450/229/714 338/227/711
f 450/229/714 446/225/709 444/222/703
f 263/101/496 405/101/648 262/102/497
f 337/182/639 437/178/600 307/130/531
f 347/125/705 439/175/597 274/110/505
f 263/101/496 260/151/556 261/97/492
f 338/227/711 383/214/692 420/221/702
f 259/98/493 260/151/556 318/144/545
f 404/177/599 403/174/596 307/130/531
f 347/125/705 274/110/505 346/123/572
f 406/175/633 439/175/597 378/125/651
f 308/129/530 360/183/606 307/130/531
f 380/130/638 307/130/531 360/183/606
f 274/110/505 403/174/596 273/111/506
f 425/118/673 286/118/513 410/116/690
f 267/205/671 419/205/678 266/104/499
f 413/188/614 427/204/669 412/188/623
f 297/145/546 298/132/533 296/131/532
f 301/148/607 355/135/536 300/134/535
f 422/136/667 429/136/537 407/168/674
f 368/106/628 427/204/669 367/185/627
f 1658/124/61 401/124/649 292/125/694
f 303/169/587 400/169/647 1674/99/717
f 350/120/565 1653/120/718 348/123/571
f 390/126/555 1679/126/719 330/98/626
f 1680/126/61 390/126/679 1685/128/720
f 319/150/552 320/149/551 264/100/495
f 429/136/537 355/135/536 408/168/585
f 286/118/513 425/118/673 343/165/581
f 1675/99/61 258/99/721 1672/98/722
f 1650/100/61 264/100/723 1664/102/724
f 1654/120/61 350/120/682 1651/100/725
f 346/123/572 1668/123/726 347/125/705
f 349/158/574 352/158/573 346/123/572
f 391/159/646 353/159/575 349/158/574
f 267/205/671 268/103/498 332/160/576
f 419/205/678 267/205/671 375/160/670
f 426/204/688 427/204/669 373/106/668
f 429/136/537 422/136/667 300/134/535
f 424/216/695 315/142/543 341/164/580
f 284/119/514 286/118/513 314/140/541
f 1691/184/654 317/141/542 342/180/662
f 1705/179/700 415/199/660 337/182/639
f 353/159/575 391/159/646 302/167/583
f 407/168/674 408/168/585 369/167/584
f 400/169/647 303/169/587 376/127/586
f 349/158/574 346/123/572 276/109/504
f 437/178/600 435/194/640 334/176/598
f 334/176/598 265/105/500 333/192/630
f 396/143/625 313/143/544 367/185/627
f 312/137/538 309/138/539 326/128/566
f 401/124/649 1659/124/727 386/102/650
f 385/97/615 261/97/492 387/99/594
f 445/189/618 403/174/596 357/173/595
f 273/111/506 404/177/599 334/176/598
f 442/220/701 415/199/660 1706/179/700
f 380/130/638 360/183/606 381/182/605
f 397/191/621 395/191/645 372/186/622
f 1692/184/728 1711/196/684 1646/115/729
f 1712/196/684 1693/184/728 312/137/730
f 280/117/512 317/141/542 1647/115/731
f 427/204/669 413/188/614 392/187/613
f 405/101/648 263/101/496 385/97/615
f 310/127/529 1688/127/732 326/128/566
f 357/173/595 310/127/529 445/189/618
f 370/192/629 394/190/619 334/176/598
f 345/166/582 344/163/579 264/100/495
f 395/191/645 397/191/621 371/157/620
f 371/157/620 328/157/568 331/128/553
f 413/188/614 412/188/623 366/186/612
f 340/162/578 382/162/608 323/148/550
f 323/148/550 301/148/607 324/134/549
f 264/100/495 356/100/563 345/166/582
f 313/143/544 396/143/625 318/144/545
f 318/144/545 374/144/624 259/98/493
f 272/106/501 368/106/628 271/185/611
f 266/104/499 409/104/631 333/192/630
f 357/173/595 377/173/632 310/127/529
f 439/175/597 406/175/633 357/173/595
f 410/116/690 281/116/511 365/193/635
f 381/182/605 337/182/639 380/130/638
f 414/200/661 435/194/640 337/182/639
f 451/230/715 1707/179/733 361/182/604
f 382/162/608 340/162/578 364/166/591
f 260/151/556 259/98/493 261/97/492
f 260/151/556 263/101/496 264/100/495
f 267/205/671 266/104/499 268/103/498
f 271/185/611 270/107/502 272/106/501
f 275/170/588 274/110/505 276/109/504
f 270/107/502 278/113/508 279/112/507
f 282/193/634 281/116/511 1648/115/734
f 281/116/511 286/118/513 280/117/512
f 1660/124/735 1655/120/736 1665/102/737
f 1656/120/738 1661/124/739 1669/123/740
f 303/169/741 1676/99/742 1681/126/743
f 303/169/744 1682/126/743 1689/127/745
f 309/138/539 308/129/530 310/127/529
f 447/226/710 446/225/709 450/229/714
f 315/142/543 284/119/514 316/139/540
f 280/117/512 284/119/514 317/141/542
f 270/107/502 313/143/544 278/113/508
f 320/149/551 285/122/519 318/144/545
f 296/131/532 322/146/547 297/145/546
f 298/132/533 297/145/546 324/134/549
f 285/122/519 320/149/551 291/121/518
f 321/147/548 322/146/547 329/152/557
f 291/121/518 339/154/559 277/114/509
f 321/147/548 340/162/578 297/145/546
f 339/154/559 291/121/518 344/163/579
f 325/153/558 336/155/560 329/152/557
f 321/147/548 329/152/557 340/162/578
f 339/154/559 344/163/579 329/152/557
f 351/172/590 350/120/565 352/158/573
f 355/135/536 354/171/589 302/167/583
f 354/171/589 351/172/590 353/159/575
f 356/100/563 350/120/565 364/166/591
f 382/162/608 354/171/589 301/148/607
f 354/171/589 382/162/608 351/172/590
f 331/128/553 390/126/555 371/157/620
f 393/231/746 392/187/613 395/191/645
f 393/231/746 396/143/625 392/187/613
f 389/195/644 390/126/555 374/144/624
f 393/231/746 395/191/645 389/195/644
f 393/231/746 389/195/644 396/143/625
f 399/197/658 385/97/615 400/169/647
f 402/198/659 401/124/649 405/101/648
f 402/198/659 406/175/633 401/124/649
f 399/197/658 400/169/647 377/173/632
f 385/97/615 399/197/658 405/101/648
f 406/175/633 402/198/659 377/173/632
f 411/202/664 391/159/646 276/109/504
f 394/190/619 411/202/664 273/111/506
f 369/167/584 391/159/646 417/203/665
f 411/202/664 394/190/619 417/203/665
f 418/208/677 407/168/674 417/203/665
f 388/134/666 422/136/667 423/206/675
f 409/104/631 418/208/677 370/192/629
f 421/207/676 422/136/667 418/208/677
f 421/207/676 419/205/678 423/206/675
f 421/207/676 418/208/677 419/205/678
f 328/157/568 397/191/621 327/156/567
f 428/209/681 1713/196/684 327/156/567
f 428/209/681 397/191/621 430/210/685
f 372/186/622 412/188/623 430/210/685
f 1714/196/747 428/209/681 365/193/635
f 432/213/689 426/204/688 433/212/687
f 412/188/623 426/204/688 431/211/686
f 431/211/686 410/116/690 430/210/685
f 425/118/673 432/213/689 379/165/672
f 425/118/673 410/116/690 432/213/689
f 335/161/577 268/103/498 383/214/692
f 317/141/542 315/142/543 416/201/663
f 434/219/699 1697/181/748 416/201/663
f 268/103/498 265/105/500 384/215/693
f 440/140/749 438/217/697 341/164/580
f 441/224/708 434/219/699 424/216/695
f 1698/181/748 434/219/699 1708/179/750
f 414/200/661 420/221/702 435/194/640
f 436/218/698 438/217/697 444/222/703
f 441/224/708 424/216/695 436/218/698
f 434/219/699 441/224/708 442/220/701
f 415/199/660 447/226/710 414/200/661
f 450/229/714 449/228/712 338/227/711
f 443/223/704 449/228/712 444/222/703
f 441/224/708 436/218/698 446/225/709
f 447/226/710 415/199/660 446/225/709
f 447/226/710 450/229/714 420/221/702
f 312/137/538 1694/184/751 308/129/530
f 360/183/752 1701/180/753 1709/179/754
f 452/232/755 453/233/756 454/234/757
f 1716/233/756 455/235/758 454/234/759
f 454/234/759 455/235/758 456/236/760
f 455/235/758 457/237/761 456/236/760
f 456/236/760 457/237/761 458/238/762
f 459/239/763 460/240/764 461/241/765
f 461/241/766 462/242/767 463/243/768
f 464/244/769 466/245/770 467/246/771
f 1742/246/772 468/247/773 469/248/774
f 470/249/775 472/250/776 473/251/777
f 1762/251/778 474/252/779 475/253/780
f 476/254/781 478/255/782 479/256/783
f 480/233/784 482/257/784 483/235/785
f 476/254/786 485/255/787 486/256/788
f 487/256/789 489/258/789 490/255/790
f 491/254/791 493/255/791 494/256/792
f 495/255/793 497/254/793 498/258/794
f 499/259/795 500/260/796 501/261/797
f 1835/260/796 502/262/798 1839/261/799
f 1840/261/800 1844/262/801 503/263/802
f 1845/262/803 504/264/804 503/263/802
f 503/263/805 1849/264/806 505/265/807
f 1850/264/808 506/266/809 505/265/810
f 505/265/810 506/266/809 507/267/811
f 506/266/809 508/268/812 507/267/811
f 507/267/813 1854/268/812 509/269/814
f 510/258/815 512/256/816 513/254/817
f 1792/255/818 515/254/819 516/258/820
f 517/270/821 519/271/822 520/257/823
f 1889/257/824 521/272/825 522/273/826
f 523/274/827 525/275/828 526/276/829
f 526/276/829 527/277/830 528/278/831
f 528/278/832 529/279/833 530/280/834
f 1908/280/835 531/281/836 532/282/837
f 533/283/838 534/284/839 535/285/840
f 534/284/839 536/286/841 1926/285/842
f 1927/285/843 1931/286/844 537/287/845
f 1932/286/844 538/288/846 1936/287/845
f 1937/287/845 1944/288/847 539/289/848
f 540/260/849 541/259/850 542/262/851
f 1955/259/852 543/261/853 1959/262/851
f 1960/262/854 1964/261/855 544/264/856
f 1965/261/855 545/263/857 544/264/858
f 544/264/858 545/263/857 546/266/859
f 545/263/857 547/265/860 546/266/859
f 546/266/861 1969/265/862 548/268/863
f 1970/265/864 549/267/865 1974/268/866
f 1975/268/867 1980/267/868 550/290/869
f 1981/267/870 551/291/871 1985/290/872
f 1986/290/873 1991/291/874 552/292/875
f 553/293/876 554/294/877 555/295/878
f 2001/294/879 556/296/880 2005/295/881
f 2006/295/882 2012/296/883 557/297/884
f 558/256/885 560/258/886 561/255/887
f 562/254/888 564/255/888 565/256/889
f 566/254/890 568/255/890 569/256/891
f 570/298/892 571/299/893 572/300/894
f 2065/299/895 573/301/896 2069/300/897
f 2070/300/898 2075/301/899 574/302/900
f 575/256/901 577/258/901 578/255/902
f 579/303/903 581/304/904 582/305/905
f 2109/305/906 583/306/907 584/307/908
f 585/255/909 587/254/909 588/258/910
f 589/308/911 590/309/912 591/310/913
f 2131/309/912 592/311/914 2135/310/915
f 2136/310/916 2140/311/917 593/312/918
f 2141/311/919 594/313/920 2145/312/921
f 2146/312/922 2150/313/923 595/314/924
f 596/258/925 598/256/926 599/254/927
f 600/315/928 601/316/929 602/317/930
f 2171/316/929 603/318/931 2175/317/930
f 2176/317/932 2180/318/933 604/319/934
f 2181/318/935 605/320/936 604/319/937
f 604/319/938 2185/320/939 606/321/940
f 607/258/941 609/256/941 610/254/942
f 611/255/943 613/254/943 614/258/944
f 615/256/945 617/258/945 618/255/946
f 619/237/947 620/322/948 458/238/762
f 620/322/948 621/323/949 458/238/762
f 458/238/950 2230/323/951 622/324/952
s 0
f 623/255/953 625/254/953 626/258/953
f 627/254/954 629/255/954 630/256/954
s 1
f 1720/240/955 631/238/956 632/325/957
f 633/255/958 635/254/959 636/258/960
f 637/254/961 639/255/961 640/256/962
f 641/254/963 643/255/963 644/256/964
f 1894/272/965 646/326/966 647/327/967
f 648/328/968 649/329/969 650/330/970
f 2316/329/971 651/331/972 650/330/973
f 650/330/974 2322/331/975 652/332/976
f 653/333/977 655/334/977 656/328/978
f 657/256/979 659/258/979 660/255/980
f 661/256/981 663/258/981 664/255/982
f 665/335/983 666/328/984 668/334/985
f 2372/328/986 669/330/987 667/329/988
f 669/330/989 670/336/990 2378/329/991
f 2379/329/991 2389/336/992 671/331/993
f 672/258/994 674/256/995 675/254/994
s 0
f 676/256/996 678/258/996 679/255/996
s 1
f 680/256/997 682/258/997 683/255/998
f 684/254/999 686/255/999 687/256/1000
f 688/337/1001 690/338/1002 691/339/1003
f 692/340/1004 694/341/1004 695/342/1005
f 696/343/1006 698/339/1006 699/337/1007
f 2007/295/881 700/344/1008 701/345/1009
f 2491/345/1010 702/346/1011 703/347/1012
f 704/254/1013 706/255/1013 707/256/1014
f 708/255/1015 710/254/1015 711/258/1016
f 712/348/1017 714/349/1017 715/350/1018
s 0
f 716/351/1019 718/352/1019 719/353/1019
f 720/343/1020 722/339/1020 723/337/1020
s 1
f 2258/325/957 458/238/1021 724/354/1022
f 458/238/950 622/324/952 2559/354/1022
f 2560/354/1022 622/324/1023 725/355/1024
f 726/254/1025 728/255/1025 729/256/1026
f 730/356/1027 732/357/1028 733/358/1029
f 2591/358/1030 734/359/1031 735/360/1032
f 2596/360/1032 736/361/1033 737/362/1034
f 738/363/1035 740/364/1036 741/365/1037
f 2612/365/1038 742/366/1039 743/367/1040
f 2617/367/1041 744/368/1042 745/369/1043
f 746/258/1044 748/256/1044 749/254/1045
f 750/363/1046 752/370/1047 753/371/1048
f 754/254/1049 756/255/1050 757/256/1051
f 758/372/1052 760/373/1053 761/374/1054
f 2671/374/1055 762/375/1056 763/376/1057
f 764/256/1058 766/258/1058 767/255/1059
f 768/377/1060 770/378/1060 771/379/1061
f 772/380/1062 773/381/1063 774/382/1064
f 773/381/1063 775/383/1065 774/382/1064
f 774/382/1064 775/383/1065 776/384/1066
f 2653/255/1050 778/254/1067 779/258/1068
f 780/385/1069 782/386/1070 783/387/1071
f 2730/387/1072 782/386/1070 785/388/1073
f 786/292/1074 507/267/1075 787/290/1076
f 788/256/1077 790/258/1077 791/255/1078
f 792/381/1079 793/380/1080 794/389/1081
f 793/380/1080 795/390/1082 794/389/1081
f 794/389/1081 795/390/1082 796/391/1083
f 796/391/1083 798/392/1084 794/389/1081
f 799/381/1085 801/393/1086 802/383/1087
f 802/383/1087 803/394/1088 804/384/1089
f 800/389/1090 806/395/1091 801/393/1086
f 801/393/1086 807/396/1092 803/394/1088
f 808/397/1093 809/398/1094 810/399/1095
f 2768/398/1096 811/391/1097 810/399/1095
f 810/399/1098 2772/391/1099 812/390/1100
f 2776/390/1100 813/380/1101 810/399/1098
f 2780/380/1102 814/400/1103 810/399/1098
f 810/399/1104 2784/400/1105 815/401/1106
f 816/258/1107 818/256/1108 819/254/1109
f 820/400/1110 822/382/1110 823/401/1111
f 824/402/1112 826/403/1113 827/404/1114
f 828/404/1115 830/405/1115 831/402/1116
f 832/254/1117 834/255/1117 835/256/1118
f 836/406/1119 838/407/1119 839/408/1120
f 840/401/1121 842/394/1122 843/409/1123
f 2888/409/1124 844/396/1125 845/410/1126
f 846/411/1127 848/412/1128 849/413/1129
f 2906/413/1130 850/414/1131 851/415/1132
f 852/410/1133 853/397/1134 854/409/1135
f 853/397/1136 810/399/1098 2919/409/1137
f 2920/409/1138 810/399/1104 2788/401/1139
f 855/416/1140 857/417/1140 858/418/1141
f 859/256/1142 861/258/1142 862/255/1143
f 863/419/1144 865/420/1145 866/421/1146
f 2961/421/1147 867/422/1148 868/423/1149
f 2971/423/1150 869/424/1151 870/425/1152
f 871/426/1153 873/427/1154 874/428/1155
f 875/418/1156 877/407/1156 878/417/1157
f 879/429/1158 881/430/1158 882/431/1159
f 883/419/1160 884/432/1161 885/433/1162
f 3014/432/1163 886/434/1164 3018/433/1165
f 3019/433/1166 3023/434/1167 887/435/1168
f 888/407/1169 890/406/1170 891/416/1171
f 892/436/1172 894/386/1173 895/437/1174
f 3049/437/1175 896/438/1176 897/439/1177
f 898/388/1178 3054/438/1179 894/386/1180
f 900/407/1181 902/406/1182 903/416/1183
f 904/254/1184 906/255/1184 907/256/1185
f 2826/403/1186 909/440/1187 910/441/1188
f 3091/441/1188 911/442/1189 912/443/1190
f 913/255/1191 915/254/1191 916/258/1192
f 917/255/1193 919/254/1193 920/258/1194
f 921/256/1195 923/258/1196 924/255/1197
f 925/406/1198 927/407/1199 928/408/1200
f 929/444/1201 931/445/1202 932/446/1203
f 3153/446/1204 933/447/1205 934/411/1206
f 935/448/1207 936/449/1208 937/450/1209
f 3164/449/1208 938/451/1210 3167/450/1209
f 3168/450/1211 938/451/1212 939/452/1213
f 938/451/1212 940/453/1214 3172/452/1213
f 3173/452/1215 3177/453/1216 941/454/1217
f 942/455/1218 2672/374/1219 944/456/1220
f 3192/456/1221 2682/376/1222 945/457/1223
f 946/453/1224 948/458/1224 949/454/1225
f 950/449/1226 952/459/1227 938/451/1228
f 938/451/1229 953/460/1230 3178/453/1231
f 954/461/1232 956/462/1233 957/463/1234
f 3230/463/1235 958/464/1236 959/465/1237
f 955/466/1238 961/467/1239 956/462/1240
f 956/462/1240 962/468/1241 958/464/1242
f 963/461/1243 964/448/1244 965/466/1245
f 3241/448/1246 966/450/1247 965/466/1248
f 965/466/1248 966/450/1247 967/452/1249
f 967/452/1249 969/469/1250 965/466/1248
f 3127/258/1251 971/256/1252 972/254/1253
f 973/469/1254 974/454/1255 975/467/1256
f 974/454/1255 976/458/1257 975/467/1256
f 975/467/1256 976/458/1257 977/468/1258
f 978/407/1259 980/406/1260 981/408/1261
f 982/416/1262 984/408/1263 985/407/1264
f 986/407/1265 988/406/1265 989/408/1266
f 990/407/1267 992/406/1267 993/408/1268
f 994/470/1269 996/471/1269 997/472/1270
f 998/407/1271 1000/406/1272 1001/416/1273
f 1002/473/1274 1004/464/1275 1005/459/1276
f 3317/459/1277 1006/458/1278 1007/460/1279
f 1008/416/1280 1010/408/1280 1011/406/1281
f 1012/474/1282 1014/475/1282 1015/476/1283
f 1913/281/1284 1904/279/1285 1016/477/1286
f 1017/438/1287 781/437/1288 1018/439/1289
f 1938/287/1290 1019/478/1291 1020/479/1292
f 1021/282/1293 1939/287/1294 1948/289/1295
f 456/236/760 459/239/1296 454/234/759
f 782/386/1297 3347/438/1298 784/480/1299
f 894/386/1300 893/387/1301 3060/388/1302
f 1895/272/1303 1883/271/1304 645/481/1305
f 1914/281/1306 1019/478/1307 3355/282/1308
f 751/482/1309 2634/363/1310 1022/483/1311
f 2317/329/1312 2312/328/1313 1023/334/1314
f 2882/394/1315 841/382/1316 1024/384/1317
f 2323/331/975 2318/329/971 1025/484/1318
f 583/306/1319 2103/304/1320 1026/485/1321
f 1027/486/1322 2071/300/894 2079/302/900
f 3311/464/1323 1028/468/1324 3322/458/1325
s 0
f 1029/254/1326 1030/255/1326 1031/256/1326
f 1032/487/1327 1033/488/1327 1034/489/1327
f 1035/256/1328 1036/254/1328 1037/255/1328
f 1038/254/1329 1039/255/1329 1040/256/1329
f 1041/256/1330 1042/254/1330 1043/255/1330
s 1
f 1044/484/1331 2380/329/1332 2393/331/993
f 1987/290/869 1045/269/1333 1976/268/867
f 1046/255/1334 2798/256/1335 1047/254/1334
s 0
f 1048/490/1336 1049/491/1336 1050/492/1336
s 1
f 2742/292/1337 1051/291/1338 507/267/813
f 1052/255/1339 2403/256/995 1053/254/1339
f 2368/335/983 1054/493/1340 2373/328/1341
s 0
f 1055/494/1342 1056/495/1342 1057/496/1342
f 1058/497/1343 1059/498/1343 1060/499/1343
f 1061/497/1344 1062/500/1344 1063/498/1344
f 1064/501/1345 1065/502/1345 1066/503/1345
f 1067/495/1346 1068/504/1346 1069/496/1346
s 1
f 1070/254/1347 1071/255/1347 612/256/1348
s 0
f 1072/255/1349 1073/256/1349 1074/254/1349
f 1075/505/1350 1076/506/1350 1077/274/1350
f 1078/507/1351 1079/284/1351 1080/508/1351
s 1
f 1753/249/61 1717/233/1352 471/509/1353
f 1821/256/61 457/237/761 491/254/1354
f 479/256/783 1737/245/1355 476/254/781
f 1862/258/61 1763/251/1356 511/255/1357
f 2247/254/61 1822/256/17 628/258/74
f 685/258/61 528/278/1358 2446/255/1359
f 1746/247/61 2172/316/1360 1750/248/1361
f 2613/365/61 747/255/1362 2605/363/1363
f 3024/434/61 3393/489/1364 3027/435/1365
f 1751/248/61 3507/507/1366 1743/246/1367
f 3491/255/61 3510/284/1368 2209/256/1369
f 3497/256/61 3503/505/1370 3500/254/1371
f 1759/250/61 1076/506/1372 1767/252/1373
f 526/276/829 3494/255/1374 523/274/827
f 2203/254/61 3498/256/1375 2192/258/1376
f 534/284/61 3492/255/1377 1933/286/1378
f 3448/495/61 3481/495/1379 3451/496/1380
f 567/258/61 3487/496/1381 2055/255/1382
f 2125/258/61 3484/504/1383 2117/255/1384
f 2273/258/61 3472/501/1385 2262/255/1386
f 2027/258/61 3478/503/1387 2031/255/1388
f 2096/303/61 3475/502/1389 580/510/1390
f 3045/387/61 3463/497/1391 3061/388/1392
f 2263/255/61 3469/498/1393 634/256/1394
f 2341/328/61 3466/500/1395 2330/333/1396
f 3442/493/61 3454/497/1397 2374/328/1398
f 2121/254/61 3460/499/1399 2126/258/1400
f 2738/388/61 3457/498/1401 2731/387/1402
f 2072/300/61 3445/494/1403 2062/298/1404
f 661/256/61 3449/495/1405 662/254/1406
f 2732/387/61 3443/493/1407 2721/385/1408
f 3435/291/61 3438/255/1409 507/267/1410
f 2186/320/61 2404/256/1411 2189/321/1412
f 2639/482/61 3436/291/1413 2643/370/1414
f 2715/254/61 3426/490/1415 2719/258/1416
f 3360/483/61 3432/492/1417 2640/482/1418
f 759/511/61 3429/491/1419 2666/373/1420
f 3030/407/61 3423/255/1421 889/408/1422
f 806/395/61 2799/256/1423 2764/396/1424
f 3050/437/61 1977/268/1425 3041/436/1426
f 897/439/1427 546/266/859 3051/437/1428
f 3055/438/61 544/264/858 897/439/1427
f 899/480/61 1961/262/1429 3056/438/1430
f 829/512/61 3420/269/1431 2842/405/1432
f 2913/415/61 3417/484/1433 2907/413/1434
f 2908/413/61 2394/331/1435 2900/411/1436
f 1043/255/61 2381/329/1437 3411/256/1438
f 2586/357/61 1043/255/1439 734/359/1440
f 3136/406/61 3414/254/1441 926/416/1442
f 2154/314/61 3402/254/1443 2147/312/1444
f 677/254/61 3408/256/17 2418/258/75
f 1982/267/61 3405/255/1445 1992/291/1446
f 3261/408/61 3396/256/1447 3253/407/1448
f 3092/441/61 3399/255/1449 2827/403/1450
f 2319/329/61 1036/254/1451 3369/484/1452
f 970/255/61 3390/488/1453 3246/256/1454
f 3193/456/61 3387/487/1455 3185/455/1456
f 3235/465/61 3378/254/1457 3231/463/1458
f 3118/254/61 3384/256/1459 3122/258/1460
f 3264/416/61 3381/255/1461 983/406/1462
f 976/458/1257 3323/458/1463 977/468/1258
f 962/468/1241 3375/468/1464 958/464/1242
f 693/513/61 2073/300/1465 2471/341/1466
f 2463/339/61 3372/485/1467 2453/337/1468
f 3154/446/61 2324/331/1469 3147/444/1470
f 3158/411/61 2327/332/1471 3155/446/1472
f 803/394/1088 2883/394/1473 804/384/1089
f 2765/396/61 2893/396/1474 803/394/1475
f 776/384/1066 3366/384/1476 774/382/1064
f 2828/403/61 2320/329/1477 2832/404/1478
f 2337/334/61 3363/334/1479 2342/328/1480
f 757/256/1051 3361/483/1481 754/254/1049
f 2673/374/61 1915/281/1482 2659/372/1483
f 2301/256/61 2304/481/1484 2290/254/1485
f 1846/262/61 2734/480/1486 1851/264/1487
f 1852/264/61 3348/438/1488 506/266/1489
f 506/266/1490 1018/439/1491 1855/268/1492
f 1856/268/61 2725/437/1493 1858/269/1494
f 2525/258/61 3356/282/1495 2514/255/1496
f 527/277/1497 1940/287/1498 1016/477/1499
f 525/275/828 1928/285/1500 527/277/830
f 524/514/1501 1924/283/1502 525/275/828
f 1016/477/61 3352/479/1503 1916/281/1504
f 3330/416/61 3339/474/1505 1009/407/1506
f 1001/416/1273 1014/475/64 998/407/1271
f 995/515/61 1013/516/1507 3297/471/1508
f 3298/471/61 3331/416/1509 997/472/1510
f 3268/406/61 3336/406/1511 3271/408/1512
f 3217/459/61 3318/459/1513 3222/460/1514
f 951/473/61 3304/473/1515 3218/459/1516
f 947/460/61 3327/460/1517 3205/458/1518
f 958/464/61 3312/464/1519 3236/465/1520
f 997/472/1270 1003/465/1521 994/470/1269
f 3289/406/61 1000/406/1522 3291/408/1523
f 994/470/61 999/408/1524 3294/515/1525
f 3247/256/61 3285/407/1526 3250/254/1527
f 3197/457/61 991/416/1528 3194/456/1529
f 3078/255/61 3274/407/1530 3082/256/1531
f 3086/440/61 3282/408/1532 3096/442/1533
f 870/425/61 987/416/1534 2972/423/1535
f 2966/422/61 3265/416/1536 2976/424/1537
f 3148/444/61 3262/408/1538 930/517/1539
f 3099/443/61 979/416/1540 3093/441/1541
f 961/467/1239 975/467/1256 962/468/1241
f 960/469/1542 973/469/1254 961/467/1239
f 3206/458/61 976/458/1543 3209/454/1544
f 968/454/1545 974/454/1255 969/469/1250
f 3212/449/61 3128/258/1546 3214/473/1547
f 955/466/1238 965/466/1248 960/469/1542
f 3226/461/61 3238/461/1548 955/466/1549
f 3182/454/61 968/454/1550 3174/452/1551
f 3175/452/61 967/452/1552 3169/450/1553
f 3170/450/61 966/450/1554 3161/448/1555
f 914/256/61 3242/448/1556 3104/254/1557
f 918/256/61 3227/461/1558 3119/254/1559
f 3198/453/61 3179/453/1560 3202/460/1561
f 3210/454/61 3183/454/1562 3199/453/1563
f 1917/281/61 2674/374/1564 1921/282/1565
f 2507/255/61 943/518/1566 2511/256/1567
f 3129/258/61 3165/449/1568 3133/255/1569
f 689/343/61 3159/411/1570 2460/338/1571
f 734/359/61 3137/406/1572 2601/361/1573
f 2911/414/61 3143/407/1574 2914/415/1575
f 3100/255/61 921/256/1576 914/256/1577
f 3028/435/61 922/254/1578 3020/433/1579
f 2956/420/61 3111/255/1580 2967/422/1581
f 3105/254/61 3115/256/1582 3108/258/1583
f 864/433/61 3101/255/1584 2957/420/1585
f 3083/256/61 3087/440/1586 3071/254/1587
f 2973/423/61 3079/255/1588 2962/421/1589
f 2856/255/61 905/258/1590 2860/256/1591
f 872/519/61 900/407/1592 2986/427/1593
f 3040/416/61 3068/406/1594 3031/407/1595
f 880/520/61 901/408/1596 3007/430/1597
f 559/254/61 899/480/1598 2028/258/1599
f 2331/333/61 3046/387/1600 654/335/1601
f 2622/369/61 3037/406/1602 2618/367/1603
f 1993/291/61 3025/434/1604 1995/292/1605
f 2949/419/61 883/419/1606 2953/433/1607
f 2942/258/61 3015/432/1608 2946/255/1609
f 2932/418/61 3000/429/1610 2924/416/1611
f 2979/426/61 3011/431/1612 2983/519/1613
f 2894/396/61 3004/520/1614 2897/410/1615
f 2667/373/61 2989/418/1616 2679/375/1617
f 2930/417/61 2996/407/1618 2933/418/1619
f 777/256/61 876/416/1620 2716/254/1621
f 2925/416/64 2980/426/64 856/407/64
f 833/258/61 2950/419/1622 2857/255/1623
f 2849/254/61 2935/256/1624 2853/258/1625
f 1996/292/61 2943/258/1626 1988/290/1627
f 2843/405/61 860/254/1628 2846/402/1629
f 2889/409/61 2921/409/1630 2874/401/1631
f 2898/410/61 2916/410/1632 2890/409/1633
f 2654/255/61 853/397/1634 2712/256/1635
f 2474/342/61 847/447/1636 2464/340/1637
f 2813/382/61 2878/382/1638 2817/401/1639
f 742/366/1640 2863/406/1641 744/368/1042
f 2604/362/61 2870/407/1642 2597/360/1643
f 789/254/61 837/416/1644 2757/258/1645
f 2820/402/61 2850/254/1646 825/521/1647
f 2833/404/61 2835/404/1648 2821/402/1649
f 2334/335/61 2839/512/1650 2338/334/1651
f 2785/400/61 2806/400/1652 2789/401/1653
f 2781/380/61 821/380/1654 2786/400/1655
f 774/382/1064 2814/382/1656 772/380/1062
f 2627/255/61 2792/258/1657 2630/256/1658
f 805/392/1659 2803/254/1660 806/395/1091
f 2619/367/61 817/255/1661 2614/365/1662
f 793/380/1080 2782/380/1663 795/390/1082
f 795/390/1082 2777/390/1664 796/391/1083
f 796/391/1083 2773/391/1665 797/398/1666
f 755/258/61 2769/398/1667 2655/255/1668
f 798/392/1084 805/392/1659 794/389/1081
f 775/383/1065 802/383/1087 776/384/1066
f 773/381/1063 799/381/1085 775/383/1065
f 794/389/1081 800/389/1090 792/381/1079
f 2631/256/61 798/392/1084 749/254/1669
f 772/380/1062 793/380/1080 773/381/1063
f 765/254/61 2750/256/1670 2691/258/1671
f 740/364/1672 2761/255/1673 742/366/1674
f 2598/360/61 2754/254/1675 2592/358/1676
f 2572/255/61 2743/292/1677 2576/256/1678
f 2705/378/61 2746/290/1679 2709/379/1680
f 2056/255/61 2739/388/1681 2059/256/1682
f 2385/334/61 2698/377/1683 2369/335/1684
f 2577/256/61 2706/378/1685 2565/254/1686
f 2579/356/61 769/356/1687 731/377/1688
f 2566/254/61 2684/256/1689 727/258/1690
f 739/371/61 2695/255/1691 740/364/1692
f 2593/358/61 2688/254/1693 2580/356/1694
f 2521/254/61 2663/511/1695 2526/258/1696
f 749/254/61 2650/258/1697 2623/258/1698
f 2606/363/61 2635/363/1699 2609/371/1700
f 2569/258/61 2647/371/1701 2573/255/1702
f 2382/329/61 2587/357/1703 2386/334/1704
f 717/522/61 2561/354/1705 2546/352/1706
f 624/256/61 2259/325/1707 2240/254/1708
f 2254/255/61 2550/343/17 630/256/75
f 620/322/61 2556/337/1709 2231/323/1710
f 2311/327/61 721/338/1711 1896/272/1712
f 2486/344/61 2539/351/1713 2496/346/1714
f 2241/254/61 2543/522/16 2244/258/74
f 2076/301/61 2528/348/1715 2080/302/1716
f 2499/347/61 2535/349/1717 2492/345/1718
f 658/254/61 713/523/1719 2351/258/1720
f 2190/321/61 2522/254/1721 604/319/1722
f 681/254/61 709/256/1723 2432/258/1724
f 2151/313/61 2500/254/1725 2155/314/1726
f 1922/282/61 2508/255/1727 1909/280/1728
f 2447/255/61 705/258/1729 2450/256/1730
f 2344/256/61 2008/295/1731 2348/254/1732
f 2245/258/61 2487/344/1733 2233/255/1734
f 2297/255/61 2475/343/1735 2302/256/1736
f 2305/481/61 2483/337/1737 2308/326/1738
f 583/306/61 697/338/1739 2114/307/1740
f 2358/254/61 2468/513/1741 2361/258/1742
f 2283/255/61 2457/343/1743 2287/256/1744
f 2142/311/61 2439/254/1745 2152/313/1746
f 608/255/61 2443/258/1747 2199/256/1748
f 2213/254/61 2425/256/1749 2217/258/1750
f 1945/288/61 2436/255/1751 1949/289/1752
f 604/319/61 2429/254/1753 2177/317/1754
f 616/254/61 2411/256/17 2223/258/75
f 1971/265/61 2422/255/1755 1983/267/1756
f 2148/312/61 2415/254/1757 2137/310/1758
f 597/255/61 2397/258/16 2164/256/17
f 2182/318/61 2408/254/1759 2187/320/1760
f 507/267/811 673/255/1761 505/265/810
f 2362/258/61 2390/336/1762 2365/255/1763
f 586/256/61 669/330/1764 2122/254/1765
f 2118/255/61 661/256/1766 586/256/1767
f 576/254/61 2345/256/1768 2089/258/1769
f 2066/299/61 2355/255/1770 2077/301/1771
f 638/258/61 650/330/1772 2284/255/1773
f 2266/256/61 2313/328/1774 2269/254/1775
f 2115/307/61 2298/255/1776 2110/305/1777
f 2041/255/61 642/258/1778 2045/256/1779
f 2100/510/61 2276/254/1780 2104/304/1781
f 2270/254/61 2280/258/1782 2274/258/1783
f 514/256/61 1721/240/1784 1869/254/1785
f 2260/325/61 1870/254/1786 1722/240/1787
f 619/237/947 2248/254/1788 620/322/948
f 1897/272/61 2255/255/1789 1901/273/1790
f 1871/254/61 2237/256/16 1873/258/74
f 1866/255/61 615/256/1791 512/256/1792
f 545/263/61 2227/255/1793 1972/265/1794
f 2138/310/61 2220/254/1795 2128/308/1796
f 1934/286/61 2206/255/1797 1946/288/1798
f 2178/317/61 2214/254/1799 2168/315/1800
f 2132/309/61 2204/254/1801 2143/311/1802
f 528/278/831 2196/255/1803 526/276/829
f 2165/256/61 2183/318/1804 599/254/1805
f 1828/254/61 2157/258/1806 1832/258/1807
f 505/265/807 2161/255/1808 503/263/805
f 1768/252/61 2133/309/1809 1771/253/1810
f 563/258/61 2097/303/1811 2042/255/1812
f 2048/254/61 2082/256/1813 2052/258/1814
f 2063/298/61 2093/255/1815 2067/299/1816
f 2009/295/61 2086/254/1817 1998/293/1818
f 1836/260/61 2049/254/1819 1847/262/1820
f 518/524/61 2034/254/1821 1884/271/1822
f 2032/255/61 2038/258/1823 2020/256/1824
f 1962/262/61 2024/254/1825 1952/260/1826
f 1874/258/61 2016/297/1827 1793/255/1828
f 1794/255/61 2013/296/1829 1798/256/1830
f 499/259/61 2002/294/1831 1837/260/1832
f 512/256/816 545/263/1833 513/254/817
f 1807/258/61 1966/261/1834 1811/255/1835
f 1876/270/61 1956/259/1836 1880/524/1837
f 492/258/61 1890/257/1838 1817/255/1839
f 481/270/61 1877/270/1840 1786/257/1841
f 488/254/61 1863/258/1842 1808/258/1843
f 496/256/61 1841/261/1844 1829/254/1845
f 477/258/61 499/259/1846 1775/255/1847
f 1738/245/61 1824/255/1848 1747/247/1849
f 1776/255/61 496/256/1850 479/256/1851
f 1787/257/61 1814/258/1852 483/235/1853
f 1779/233/61 1800/256/1854 1783/270/1855
f 1764/251/61 1804/254/1856 1754/249/1857
f 1723/240/61 484/258/1858 1728/242/1859
f 1718/233/61 1780/233/1860 455/235/1861
f 1729/242/61 465/525/1862 1732/243/1863
f 456/236/760 1724/240/1864 459/239/1296
f 1725/240/764 1730/242/767 461/241/1865
f 1734/525/1866 1739/245/770 464/244/1867
f 1740/245/1868 1748/247/773 1744/246/772
f 1757/509/1869 1760/250/776 1755/249/1870
f 1761/250/1871 1769/252/1872 1765/251/778
f 1774/258/1873 1777/255/1874 476/254/1875
f 1784/270/1876 1788/257/1877 1781/233/1877
f 1790/258/1878 1795/255/818 476/254/1879
f 1805/254/1880 1809/258/1881 1801/256/1881
f 1815/258/1882 1818/255/791 491/254/791
f 496/256/1883 1830/254/793 1825/255/793
f 1867/255/1884 512/256/815 1864/258/815
f 514/256/1885 1872/254/819 1796/255/1886
f 1881/524/1887 1885/271/1888 1878/270/1889
f 1886/271/1890 1898/272/1891 1891/257/1892
f 524/514/1501 525/275/828 523/274/827
f 525/275/828 527/277/830 526/276/829
f 527/277/830 1905/279/1893 528/278/831
f 1906/279/1894 1918/281/1895 1910/280/834
f 2025/254/1896 2029/258/1897 2021/256/1897
f 2039/258/1898 2043/255/1899 2035/254/1899
f 2053/258/1900 2057/255/1901 2050/254/1901
f 2087/254/1902 2090/258/1903 2083/256/1903
f 2101/510/1904 2105/304/1905 2098/303/1906
f 2106/304/1907 583/306/1908 2111/305/1909
f 586/256/1910 2123/254/1911 2119/255/1911
f 2162/255/1912 2166/256/925 2158/258/925
f 2197/255/1913 2200/256/1914 2193/258/1914
f 2210/256/1915 2215/254/1916 2207/255/1916
f 2221/254/1917 2224/258/1918 615/256/945
s 0
f 2238/256/953 2242/254/953 2234/255/953
f 2251/258/954 2256/255/954 2249/254/954
s 1
f 456/236/1919 1081/526/1920 1726/240/1921
f 2267/256/1922 2271/254/1923 2264/255/1923
f 2281/258/1924 2285/255/1925 2277/254/1925
f 2294/258/1926 2299/255/1927 2291/254/1927
f 2306/481/1305 2309/326/966 1899/272/965
f 2335/335/1928 2339/334/1929 2332/333/1929
f 2349/254/1930 2352/258/1931 2346/256/1931
f 2359/254/1932 2363/258/981 661/256/981
f 2383/329/991 2387/334/1933 2375/328/1934
f 2401/255/994 2405/256/995 2398/258/994
s 0
f 2416/254/996 2419/258/996 2412/256/996
s 1
f 2430/254/1935 2433/258/997 2426/256/997
f 2444/258/1936 2448/255/999 2440/254/999
f 2458/343/1937 2461/338/1001 2454/337/1001
f 2469/513/1938 2472/341/1939 2465/340/1939
f 2479/338/1940 2481/339/1006 2476/343/1006
f 2017/297/1941 2488/344/1942 2010/295/1943
f 2489/344/1942 2497/346/1011 2493/345/1944
f 2504/258/1945 2509/255/1013 2501/254/1013
f 2518/256/1946 2523/254/1015 2515/255/1947
f 2532/523/1948 2536/349/1017 2529/348/1017
s 0
f 2544/522/1019 2547/352/1019 2540/351/1019
f 2554/338/1020 722/339/1020 2551/343/1020
s 1
f 2570/258/1949 2574/255/1025 2567/254/1025
f 2583/377/1950 2588/357/1951 2581/356/1952
f 2589/357/1953 734/359/1954 2594/358/1030
f 734/359/1954 2602/361/1033 2599/360/1032
f 2610/371/1955 740/364/1036 2607/363/1956
f 740/364/1672 742/366/1674 2615/365/1957
f 742/366/1640 744/368/1042 2620/367/1041
f 2628/255/1958 2632/256/1959 2624/258/1959
f 2641/482/1960 2644/370/1961 2636/363/1962
f 2651/258/1963 2656/255/1050 754/254/1049
f 2664/511/1964 2668/373/1965 2660/372/1052
f 2669/373/1966 2680/375/1967 2675/374/1968
f 2689/254/1969 2692/258/1970 2685/256/1970
f 2702/356/1971 2707/378/1972 2699/377/1972
f 2713/256/1973 2717/254/1974 2657/255/1975
f 2726/437/1976 782/386/1977 2722/385/1978
f 2735/480/1979 2740/388/1980 782/386/1981
f 1859/269/1982 2747/290/1983 507/267/813
f 2755/254/1984 2758/258/1077 2751/256/1077
f 797/398/1666 798/392/1084 796/391/1083
f 800/389/1090 801/393/1086 799/381/1085
f 801/393/1086 803/394/1088 802/383/1087
f 805/392/1659 806/395/1091 800/389/1090
f 806/395/1091 2766/396/1092 801/393/1086
f 2796/255/1985 2800/256/1108 2793/258/1986
f 2810/380/1987 2815/382/1988 2807/400/1988
f 2824/521/1989 2829/403/1990 2822/402/1991
f 2840/512/1992 2844/405/1993 2836/404/1993
f 2854/258/1994 2858/255/1995 2851/254/1995
f 2867/416/1996 2871/407/1997 2864/406/1997
f 2879/382/1998 2884/394/1999 2875/401/2000
f 2885/394/2001 2895/396/1125 2891/409/1124
f 2904/447/2002 848/412/2003 2901/411/2004
f 848/412/2005 2912/414/2006 2909/413/1130
f 2928/407/2007 2931/417/2008 2926/416/2008
f 2939/254/2009 2944/258/1142 2936/256/1142
f 2954/433/2010 2958/420/1145 2951/419/2011
f 2959/420/2012 2968/422/2013 2963/421/2014
f 2969/422/2015 2977/424/1151 2974/423/1150
f 2984/519/2016 2987/427/1153 2981/426/1153
f 2993/416/2017 2997/407/2018 2990/418/2018
f 3005/520/2019 3008/430/2020 3001/429/2020
f 3034/408/2021 3038/406/2022 3032/407/2023
f 3047/387/1301 894/386/1300 3042/436/2024
f 894/386/2025 3057/438/1179 3052/437/1174
f 899/480/2026 3058/438/1179 3062/388/2027
f 3065/408/2028 3069/406/1181 900/407/2029
f 3075/258/2030 3080/255/1184 3072/254/1184
f 908/521/2031 3088/440/1187 2830/403/2032
f 3089/440/1187 3097/442/2033 3094/441/1188
f 914/256/2034 3106/254/2035 3102/255/2035
f 3116/256/2036 3120/254/1193 3112/255/1193
f 3125/254/2037 3130/258/1196 921/256/1195
f 3140/416/2038 3144/407/2039 3138/406/2040
f 3151/517/2041 931/445/1202 3149/444/1201
f 931/445/2042 933/447/2043 3156/446/2044
f 3189/518/2045 2676/374/1219 3186/455/1218
f 2677/374/2046 2683/376/2047 3195/456/2048
f 3203/460/2049 3207/458/2050 3200/453/2050
f 3215/473/2051 3219/459/2052 3213/449/2053
f 3220/459/2054 3223/460/2055 938/451/1229
f 955/466/1238 956/462/1240 3228/461/1232
f 956/462/1240 958/464/1242 3232/463/2056
f 960/469/1542 961/467/1239 955/466/1238
f 961/467/1239 962/468/1241 956/462/1240
f 968/454/1545 969/469/1250 967/452/1249
f 3245/255/2057 3248/256/2058 3131/258/1196
f 3257/416/2059 3259/406/2060 3254/407/2060
f 3269/406/2061 3272/408/2062 3266/416/2062
f 3278/416/2063 3280/406/1265 3275/407/1265
f 991/416/2064 3290/406/2065 3286/407/2065
f 3295/515/2066 3299/471/2067 994/470/2067
f 3301/408/2068 1000/406/1272 998/407/1271
f 3308/465/2069 3313/464/2070 3305/473/1274
f 3314/464/2071 3324/458/1278 3319/459/1277
f 3334/407/2072 1010/408/1280 3332/416/1280
f 3343/516/2073 1014/475/1282 3340/474/1282
f 527/277/1497 1016/477/1499 1907/279/1285
f 782/386/1977 2727/437/1976 3349/438/2074
f 1919/281/2075 3353/479/2076 1019/478/2077
f 1019/478/2078 1941/287/2079 3357/282/2080
f 1715/232/61 1758/509/2081 1719/233/2082
f 455/235/758 491/254/1354 457/237/761
f 1735/525/61 476/254/2083 1741/245/2084
f 1772/253/61 1868/255/2085 1766/251/2086
f 1819/255/61 2252/258/17 1823/256/75
f 1911/280/61 2449/255/2087 528/278/2088
f 2169/315/61 1752/248/2089 2173/316/2090
f 2625/258/61 2608/363/2091 2629/255/2092
f 3391/488/61 3029/435/2093 3394/489/2094
f 1080/508/61 1745/246/2095 3508/507/2096
f 3509/507/61 2211/256/2097 3511/284/2098
f 3506/274/61 3501/254/2099 3504/505/2100
f 3505/505/61 1770/252/2101 1076/506/2102
f 3502/254/61 523/274/2103 3495/255/2104
f 3496/255/61 2194/258/2105 3499/256/2106
f 3490/254/61 1935/286/2107 3493/255/2108
f 3488/496/61 3452/496/2109 3482/495/2110
f 3485/504/61 2058/255/2111 3489/496/2112
f 3483/495/61 2120/255/2113 3486/504/2114
f 3479/503/61 2265/255/2115 3473/501/2116
f 3476/502/61 2033/255/2117 3480/503/2118
f 3474/501/61 2102/510/2119 3477/502/2120
f 3470/498/61 3063/388/2121 3464/497/2122
f 3467/500/61 2268/256/2123 3471/498/2124
f 3465/497/61 2333/333/2125 3468/500/2126
f 3461/499/61 2376/328/2127 3455/497/2128
f 3458/498/61 2127/258/2129 3462/499/2130
f 3456/497/61 2733/387/2131 3459/498/2132
f 3453/496/61 2064/298/2133 3446/494/2134
f 3447/494/61 2360/254/2135 3450/495/2136
f 2370/335/61 2723/385/2137 3444/493/2138
f 3441/254/61 507/267/2139 3439/255/2140
f 3440/255/61 2191/321/2141 2406/256/2142
f 2744/292/61 2645/370/2143 3437/291/2144
f 3433/492/61 2720/258/2145 3427/490/2146
f 3430/491/61 2642/482/2147 3434/492/2148
f 3428/490/61 2670/373/2149 3431/491/2150
f 1047/254/61 3035/408/2151 3424/255/2152
f 3425/255/61 2767/396/2153 2801/256/2154
f 3421/269/61 3043/436/2155 1978/268/2156
f 1979/268/61 3053/437/2157 546/266/2158
f 546/266/859 897/439/1427 544/264/858
f 544/264/61 3059/438/2159 1963/262/2160
f 1989/290/61 2845/405/2161 3422/269/2162
f 2395/331/61 2910/413/2163 3418/484/2164
f 2391/336/61 2902/411/2165 2396/331/2166
f 3419/484/61 3412/256/2167 2384/329/2168
f 3415/254/61 734/359/1440 1043/255/1439
f 3413/256/61 3141/416/2169 3416/254/2170
f 3409/256/61 2149/312/2171 3403/254/2172
f 3406/255/61 2420/258/17 3410/256/74
f 3404/254/61 1994/291/2173 3407/255/2174
f 3400/255/61 3255/407/2175 3397/256/2176
f 1036/254/61 2831/403/2177 3401/255/2178
f 3398/256/61 3370/484/2179 1036/254/2180
f 3388/487/61 3249/256/2181 3392/488/2182
f 3395/489/61 3187/455/2183 3389/487/2184
f 3385/256/61 3233/463/2185 3379/254/2186
f 3382/255/61 3123/258/2187 3386/256/2188
f 3380/254/61 3270/406/2189 3383/255/2190
f 3376/468/61 977/468/2191 3325/458/2192
f 3315/464/61 958/464/2193 3377/468/2194
f 3374/486/61 2473/341/2195 2074/300/2196
f 2107/304/61 2455/337/2197 3373/485/2198
f 3371/484/61 3150/444/2199 2325/331/2200
f 2326/331/61 3157/446/2201 2328/332/2202
f 3367/384/61 804/384/2203 2886/394/2204
f 2887/394/61 803/394/2205 2896/396/2206
f 2880/382/61 774/382/2207 3368/384/2208
f 3364/334/61 2834/404/2209 2321/329/2210
f 2314/328/61 2343/328/2211 3365/334/2212
f 2637/363/61 754/254/2213 3362/483/2214
f 3358/282/61 2661/372/2215 1920/281/2216
f 1887/271/61 2292/254/2217 2307/481/2218
f 3350/438/61 1853/264/2219 2736/480/2220
f 1018/439/1491 506/266/1490 3351/438/2221
f 2728/437/61 1857/268/2222 1018/439/2223
f 2724/385/61 1860/269/2224 2729/437/2225
f 1950/289/61 2516/255/2226 3359/282/2227
f 3354/479/61 1016/477/2228 1942/287/2229
f 1943/287/61 527/277/2230 1929/285/2231
f 1930/285/61 525/275/2232 1925/283/2233
f 3346/476/61 3335/407/2234 3341/474/2235
f 3344/516/64 998/407/1271 1014/475/64
f 3342/474/61 3300/471/2236 3345/516/2237
f 3337/406/61 997/472/2238 3333/416/2239
f 1010/408/61 3273/408/2240 3338/406/2241
f 3328/460/61 3224/460/2242 3320/459/2243
f 3321/459/61 3221/459/2244 3306/473/2245
f 3326/458/61 3208/458/2246 3329/460/2247
f 3309/465/61 3237/465/2248 3316/464/2249
f 3307/473/61 994/470/2250 3310/465/2251
f 3302/408/61 3292/408/2252 1000/406/2253
f 998/407/61 3296/515/2254 3303/408/2255
f 3293/408/61 3251/254/2256 3287/407/2257
f 3288/407/61 3196/456/2258 991/416/2259
f 3283/408/61 3084/256/2260 3276/407/2261
f 3281/406/61 3098/442/2262 3284/408/2263
f 3277/407/61 2975/423/2264 3279/416/2265
f 985/407/61 2978/424/2266 3267/416/2267
f 3260/406/61 3152/517/2268 3263/408/2269
f 3256/407/61 3095/441/2270 3258/416/2271
f 977/468/1258 962/468/1241 975/467/1256
f 975/467/1256 961/467/1239 973/469/1254
f 974/454/1255 3211/454/2272 976/458/1257
f 973/469/1254 969/469/1250 974/454/1255
f 3252/254/61 3216/473/2273 3132/258/2274
f 969/469/1250 960/469/1542 965/466/1248
f 965/466/1248 955/466/1238 3239/461/2275
f 967/452/1249 3176/452/2276 968/454/1545
f 966/450/1247 3171/450/2277 967/452/1249
f 3243/448/61 3162/448/2278 966/450/2279
f 3240/461/61 3107/254/2280 3244/448/2281
f 3234/463/61 3121/254/2282 3229/461/2283
f 3225/460/61 3204/460/2284 3180/453/2285
f 3181/453/61 3201/453/2286 3184/454/2287
f 3190/518/61 1923/282/2288 2678/374/2289
f 3188/455/61 2512/256/2290 3191/518/2291
f 3163/448/61 3134/255/2292 3166/449/2293
f 933/447/61 2462/338/2294 3160/411/2295
f 3146/408/61 2603/361/2296 3139/406/2297
f 3142/416/61 2915/415/2298 3145/407/2299
f 3135/255/61 914/256/1577 921/256/1576
f 921/256/61 3021/433/2300 3126/254/2301
f 3124/258/61 2970/422/2302 3113/255/2303
f 3114/255/61 3109/258/2304 3117/256/2305
f 3110/258/61 2960/420/2306 3103/255/2307
f 3085/521/61 3073/254/2308 3090/440/2309
f 3076/258/61 2964/421/2310 3081/255/2311
f 3074/254/61 2861/256/2312 3077/258/2313
f 903/416/1183 2988/427/2314 900/407/1181
f 3066/408/61 3033/407/2315 3070/406/2316
f 900/407/61 3009/430/2317 3067/408/2318
f 3064/388/61 2030/258/2319 899/480/2320
f 3044/436/61 2336/335/2321 3048/387/2322
f 3036/408/61 2621/367/2323 3039/406/2324
f 3016/432/61 1997/292/2325 3026/434/2326
f 3022/433/61 2955/433/2327 883/419/2328
f 883/419/61 2947/255/2329 3017/432/2330
f 3012/431/61 2927/416/2331 3002/429/2332
f 3010/430/61 2985/519/2333 3013/431/2334
f 3003/429/61 2899/410/2335 3006/520/2336
f 2999/417/61 2681/375/2337 2991/418/2338
f 2994/416/61 2934/418/2339 2998/407/2340
f 2992/418/61 2718/254/2341 2995/416/2342
f 874/428/64 2929/407/64 2982/426/64
f 2965/421/61 2859/255/2343 2952/419/2344
f 2948/255/61 2855/258/2345 2937/256/2346
f 2940/254/61 1990/290/2347 2945/258/2348
f 2938/256/61 2847/402/2349 2941/254/2350
f 2790/401/61 2876/401/2351 2922/409/2352
f 2923/409/61 2892/409/2353 2917/410/2354
f 2918/410/61 2714/256/2355 853/397/2356
f 2903/411/61 2466/340/2357 2905/447/2358
f 2877/401/61 2818/401/2359 2881/382/2360
f 2873/408/61 744/368/2361 2865/406/2362
f 2868/416/61 2600/360/2363 2872/407/2364
f 2866/406/61 2759/258/2365 2869/416/2366
f 2862/256/61 2825/521/2367 2852/254/2368
f 2848/402/61 2823/402/2369 2837/404/2370
f 2838/404/61 2340/334/2371 2841/512/2372
f 2819/401/61 2791/401/2373 2808/400/2374
f 2809/400/61 2787/400/2375 2811/380/2376
f 2812/380/61 772/380/2377 2816/382/2378
f 2804/254/61 2633/256/2379 2794/258/2380
f 2802/256/61 806/395/2381 2805/254/2382
f 2795/258/61 2616/365/2383 2797/255/2384
f 2778/390/61 795/390/2385 2783/380/2386
f 2774/391/61 796/391/2387 2779/390/2388
f 2770/398/61 797/398/2389 2775/391/2390
f 808/397/61 2658/255/2391 2771/398/2392
f 800/389/1090 794/389/1081 805/392/1659
f 804/384/1089 776/384/1066 802/383/1087
f 802/383/1087 775/383/1065 799/381/1085
f 799/381/1085 792/381/1079 800/389/1090
f 797/398/1666 749/254/1669 798/392/1084
f 792/381/1079 773/381/1063 793/380/1080
f 2762/255/61 2693/258/2393 2752/256/2394
f 2760/258/61 742/366/2395 2763/255/2396
f 2753/256/61 2595/358/2397 2756/254/2398
f 2748/290/61 2578/256/2399 2745/292/2400
f 1861/269/61 2710/379/2401 2749/290/2402
f 2737/480/61 2060/256/2403 2741/388/2404
f 2711/379/61 2371/335/2405 2700/377/2406
f 2703/356/61 2568/254/2407 2708/378/2408
f 2701/377/61 2584/377/2409 2704/356/2410
f 2696/255/61 2571/258/2411 2686/256/2412
f 2694/258/61 740/364/2413 2697/255/2414
f 2687/256/61 2582/356/2415 2690/254/2416
f 2662/372/61 2527/258/2417 2665/511/2418
f 754/254/61 2626/258/2419 2652/258/2420
f 2648/371/61 2611/371/2421 2638/363/2422
f 2646/370/61 2575/255/2423 2649/371/2424
f 2585/377/61 2388/334/2425 2590/357/2426
f 2564/355/61 2548/352/2427 2562/354/2428
f 2563/354/61 2243/254/2429 2261/325/2430
f 2557/337/61 630/256/17 2552/343/74
f 722/339/61 2232/323/2431 2558/337/2432
f 2553/343/61 1900/272/2433 2555/338/2434
f 2549/353/61 2498/346/2435 2541/351/2436
f 2542/351/61 2246/258/16 2545/522/75
f 2538/350/61 2081/302/2437 2530/348/2438
f 2533/523/61 2494/345/2439 2537/349/2440
f 2531/348/61 2353/258/2441 2534/523/1736
f 2519/256/61 604/319/2442 2524/254/2443
f 2517/255/61 2434/258/1729 2520/256/2444
f 2513/256/61 2156/314/2445 2502/254/2446
f 2505/258/61 1912/280/2447 2510/255/2448
f 2503/254/61 2451/256/2449 2506/258/1724
f 2495/345/61 2350/254/2450 2011/295/2451
f 2018/297/61 2235/255/2452 2490/344/2453
f 2484/337/61 2303/256/1719 2477/343/2454
f 2482/339/61 2310/326/2455 2485/337/2456
f 2478/343/61 2116/307/2457 2480/338/2458
f 2467/340/61 2364/258/2459 2470/513/2460
f 2456/337/61 2288/256/2461 2459/343/2462
f 2452/256/61 2153/313/2463 2441/254/2464
f 2442/254/61 2201/256/2465 2445/258/1750
f 2437/255/61 2218/258/1747 2427/256/2466
f 2435/258/61 1951/289/2467 2438/255/2468
f 2428/256/61 2179/317/2469 2431/254/2470
f 2423/255/61 2225/258/17 2413/256/74
f 2421/258/61 1984/267/2471 2424/255/2472
f 2414/256/61 2139/310/2473 2417/254/2474
f 2409/254/61 2167/256/17 2399/258/75
f 2407/256/61 2188/320/2475 2410/254/2476
f 2400/258/61 505/265/2477 2402/255/2478
f 669/330/61 2366/255/2479 2392/336/2480
f 2377/328/61 2124/254/2481 669/330/2482
f 2367/255/61 586/256/1767 661/256/1766
f 2356/255/61 2091/258/2483 2347/256/2484
f 2354/258/61 2078/301/2485 2357/255/2486
f 2329/332/61 2286/255/2487 650/330/2488
f 650/330/61 2272/254/2489 2315/328/2490
f 2295/258/61 2112/305/2491 2300/255/2492
f 2293/254/61 2046/256/2493 2296/258/2494
f 2289/256/61 2108/304/2495 2278/254/2496
f 2279/254/61 2275/258/2497 2282/258/2498
f 631/238/2499 1081/526/1920 456/236/1919
f 630/256/61 620/322/2500 2250/254/1790
f 2253/258/61 1902/273/1788 2257/255/2501
f 2236/255/61 1875/258/16 2239/256/75
f 2228/255/61 512/256/1792 615/256/1791
f 2226/258/61 1973/265/2502 2229/255/2503
f 615/256/61 2129/308/2504 2222/254/2505
f 2219/258/61 1947/288/2506 2208/255/2507
f 2212/256/61 2170/315/2508 2216/254/2509
f 2202/256/61 2144/311/2510 2205/254/2511
f 2195/258/61 526/276/2512 2198/255/2513
f 2174/316/61 599/254/2514 2184/318/2515
f 599/254/61 1833/258/2516 2159/258/2517
f 2160/258/61 503/263/2518 2163/255/2519
f 2130/308/61 1773/253/2520 2134/309/2521
f 2113/305/61 2044/255/2522 2099/303/2523
f 2094/255/61 2054/258/2524 2084/256/2525
f 2092/258/61 2068/299/2526 2095/255/2527
f 2085/256/61 1999/293/2528 2088/254/2529
f 2061/256/61 1848/262/2530 2051/254/2531
f 2047/256/61 1888/271/2532 2036/254/2533
f 2037/254/61 2022/256/2534 2040/258/2535
f 2023/256/61 1953/260/2536 2026/254/2537
f 2014/296/61 1797/255/2538 2019/297/2539
f 2003/294/61 1799/256/2540 2015/296/2541
f 2000/293/61 1838/260/2542 2004/294/2543
f 1967/261/61 513/254/817 545/263/1833
f 1957/259/61 1812/255/2544 1968/261/2545
f 1954/260/61 1882/524/2546 1958/259/2547
f 1903/273/61 1820/255/2548 1892/257/2549
f 1893/257/61 1789/257/2550 1879/270/2551
f 513/254/61 1810/258/2552 1865/258/2553
f 503/263/61 1831/254/2554 1842/261/2555
f 1843/261/61 1778/255/2556 499/259/2557
f 1834/258/61 1749/247/2558 1826/255/2559
f 1827/255/61 479/256/1851 496/256/1850
f 491/254/61 483/235/2560 1816/258/2561
f 1813/255/61 1785/270/2562 1802/256/2563
f 1803/256/61 1756/249/2564 1806/254/2565
f 476/254/61 1731/242/2566 1791/258/2567
f 483/235/61 455/235/2568 1782/233/2569
f 464/244/61 1733/243/2570 1736/525/2571
f 1081/526/1920 631/238/2499 1727/240/2572
