mtllib ShadowlandsCaveEntrance.mtl
o tripo_node_38e0d0f0-2154-492f-8fbe-42ac62ee03b4
g tripo_node_38e0d0f0-2154-492f-8fbe-42ac62ee03b4
usemtl tripo_node_38e0d0f0_2154_492f_8fbe_42ac62ee03b4_material
v -0.487304628 0.046875030 0.276367247
vt 0.626220703 0.337158203
vn -0.527919114 0.102432102 0.843094945
v -0.485351503 0.000000000 0.278320372
vt 0.599365234 0.318115234
vn -0.432722151 -0.653017223 0.621546566
v -0.475585878 0.000000000 0.282226622
vt 0.605468750 0.311035156
vn -0.164479539 -0.673583269 0.720577598
v -0.499023378 0.000000000 0.262695372
vt 0.587890625 0.330810547
vn -0.723244488 -0.636769712 0.267286122
v -0.497070283 0.000000000 0.153320387
vt 0.493164062 0.305175781
vn -0.574518263 -0.818491817 0.000000111
v -0.493164033 0.058593780 0.270507872
vt 0.632080078 0.347656250
vn -0.622182190 0.315028995 0.716691017
v -0.499023408 0.054687530 0.262695372
vt 0.627685547 0.354736328
vn -0.935501099 0.125781640 0.330177009
v -0.499023408 0.064453155 0.252929747
vt 0.636962891 0.361328125
vn -0.945938110 0.291664243 0.141890809
v -0.469726503 0.042968780 0.284179747
vt 0.634765625 0.323730469
vn -0.203985780 0.164757863 0.965010226
v -0.493164033 0.072265655 0.258789122
vt 0.644042969 0.354980469
vn -0.684509099 0.597961962 0.416999876
v -0.467773408 0.080078155 0.268554747
vt 0.660400391 0.338134766
vn -0.275343001 0.574287117 0.770960748
v -0.491210908 0.078125030 0.245117262
vt 0.653076172 0.362060547
vn -0.684022307 0.723333955 0.094347976
v -0.499023408 0.066406280 0.211914137
vt 0.657226562 0.386962891
vn -0.968203902 0.244018823 0.055101149
v -0.491210908 0.078125030 0.213867262
vt 0.666259766 0.380126953
vn -0.708573580 0.692827463 0.133841723
v -0.469726533 0.091796905 0.209960997
vt 0.684570312 0.367919922
vn -0.298280180 0.934087873 0.196236953
v -0.469726533 0.089843780 0.254882872
vt 0.668212891 0.346191406
vn -0.433017164 0.850288272 0.299175531
v -0.461914033 0.095703155 0.223632872
vt 0.687744141 0.357666016
vn -0.322106570 0.942750812 -0.086418830
v -0.446289033 0.101562530 0.245117247
vt 0.691162109 0.340576172
vn -0.282903850 0.950871229 0.125735015
v -0.442382783 0.097656280 0.258789122
vt 0.687011719 0.331787109
vn -0.188835919 0.818289101 0.542903304
v -0.436523408 0.087890655 0.268554747
vt 0.682861328 0.322753906
vn -0.047273330 0.535765409 0.843042612
v -0.422851503 0.058593780 0.282226622
vt 0.672363281 0.301025391
vn 0.007881702 0.346790165 0.937909603
v -0.405273408 0.103515655 0.256835997
vt 0.713134766 0.312744141
vn -0.031574406 0.726212800 0.686744571
v -0.413085908 0.107421905 0.247070372
vt 0.712890625 0.322509766
vn -0.157499865 0.960749149 0.228374764
v -0.409179658 0.107421905 0.223632872
vt 0.726562500 0.332031250
vn -0.275624752 0.960749149 0.031499967
v -0.432617158 0.095703155 0.213867247
vt 0.713134766 0.349853516
vn -0.369655073 0.896609962 -0.243815005
v -0.438476533 0.089843780 0.204101622
vt 0.710693359 0.358154297
vn -0.299770743 0.946644366 0.118330538
v -0.430664033 0.099609405 0.202148497
vt 0.720703125 0.356445312
vn -0.676013708 0.613128781 0.408752561
v -0.411132783 0.109375030 0.213867247
vt 0.730224609 0.336425781
vn -0.315420508 0.859520972 0.402161181
v -0.387695283 0.113281280 0.213867232
vt 0.746093750 0.323730469
vn -0.110308103 0.992772579 0.047274854
v -0.397460908 0.113281280 0.204101607
vt 0.744140625 0.333740234
vn 0.078877203 0.962301970 0.260294765
v -0.389648408 0.113281280 0.237304732
vt 0.734863281 0.316162109
vn -0.117945842 0.982881844 0.141534939
v -0.372070283 0.115234405 0.182617232
vt 0.770507812 0.322265625
vn -0.252776921 0.940014124 0.229079068
v -0.387695283 0.117187515 0.168945357
vt 0.769287109 0.335205078
vn 0.212955236 0.875482559 0.433797598
v -0.377929658 0.119140640 0.166992232
vt 0.775390625 0.330322266
vn -0.369746447 0.668690443 0.645089686
v -0.362304658 0.121093780 0.182617232
vt 0.775390625 0.316406250
vn -0.636180103 0.604763865 0.479098707
v -0.344726533 0.154296905 0.182617232
vt 0.796875000 0.309326172
vn -0.598722219 0.504187167 0.622356057
v -0.348632783 0.121093780 0.204101607
vt 0.770507812 0.298828125
vn -0.558605015 0.653017223 0.511399090
v -0.356445283 0.115234405 0.208007857
vt 0.763427734 0.303710938
vn -0.212796465 0.953643322 0.212796435
v -0.336914033 0.119140655 0.215820357
vt 0.767578125 0.286865234
vn -0.393896133 0.653867722 0.645989835
v -0.325195283 0.158203155 0.200195357
vt 0.797607422 0.287597656
vn -0.423728168 0.604205072 0.674826443
v -0.315429658 0.134765655 0.217773482
vt 0.781005859 0.273681641
vn -0.117669597 0.462834150 0.878600359
v -0.333007783 0.113281280 0.227539107
vt 0.760253906 0.281494141
vn 0.031511702 0.937472939 0.346628666
v -0.323242158 0.115234405 0.223632857
vt 0.765380859 0.274658203
vn -0.086624838 0.629999399 0.771749198
v -0.297851533 0.107421905 0.229492232
vt 0.764648438 0.252197266
vn 0.126074210 0.858880401 0.496417046
v -0.293945283 0.134765655 0.213867232
vt 0.785888672 0.257568359
vn 0.212723851 0.519991457 0.827259064
v -0.280273408 0.109375030 0.225585967
vt 0.769287109 0.237792969
vn 0.180738598 0.699379623 0.691521347
v -0.286132783 0.105468780 0.233398482
vt 0.763671875 0.238037109
vn 0.063119486 0.820552766 0.568074942
v -0.250976533 0.111328155 0.213867217
vt 0.787109375 0.227050781
vn 0.102460757 0.788159311 0.606882691
v -0.348632783 0.111328155 0.243164107
vt 0.745117188 0.286621094
vn 0.063133210 0.923323095 0.378799200
v -0.329101533 0.105468780 0.249023482
vt 0.745117188 0.267578125
vn 0.204902381 0.748681664 0.630468726
v -0.387695283 0.109375030 0.249023482
vt 0.726806641 0.307861328
vn 0.000000030 0.858880401 0.512176275
v -0.299804658 0.091796905 0.247070357
vt 0.745361328 0.236816406
vn 0.118179940 0.614535332 0.779987097
v -0.250976533 0.105468780 0.233398467
vt 0.775390625 0.217041016
vn 0.007888485 0.867730379 0.496972829
v -0.350585908 0.101562530 0.256835997
vt 0.733154297 0.276855469
vn 0.078801326 0.630410075 0.772252262
v -0.333007783 0.083984405 0.262695342
vt 0.726318359 0.251464844
vn 0.212796524 0.401948780 0.890592396
v -0.354492158 0.070312530 0.272460997
vt 0.709960938 0.261230469
vn 0.133775458 0.346242130 0.928558290
v -0.270507783 0.068359405 0.276367217
vt 0.732910156 0.199707031
vn -0.102425650 0.646070063 0.756374598
v -0.243164018 0.064453155 0.282226592
vt 0.740966797 0.180908203
vn -0.015707098 0.565458596 0.824627101
v -0.266601503 0.052734405 0.286132842
vt 0.723876953 0.187744141
vn -0.086557731 0.236066893 0.967874110
v -0.305664033 0.076171905 0.258789092
vt 0.729248047 0.228027344
vn -0.015757225 0.512112796 0.858773649
v -0.284179658 0.064453155 0.276367217
vt 0.725585938 0.205566406
vn -0.292528898 0.513902307 0.806431234
v -0.284179628 0.046875030 0.284179717
vt 0.714599609 0.196289062
vn -0.323668420 0.165781468 0.931533873
v -0.280273378 0.001953155 0.284179717
vt 0.691162109 0.177490234
vn -0.141125336 -0.486098856 0.862433493
v -0.305664033 0.050781280 0.270507842
vt 0.709228516 0.213623047
vn -0.329535842 0.251075059 0.910147011
v -0.313476533 0.064453155 0.264648467
vt 0.718017578 0.227539062
vn 0.101980492 0.321630478 0.941357434
v -0.315429628 0.027343780 0.274414092
vt 0.691406250 0.213867188
vn 0.212335408 0.062914208 0.975169480
v -0.295898378 0.019531280 0.278320342
vt 0.692138672 0.195556641
vn -0.549141943 -0.141207963 0.823713303
v -0.288085878 0.000000030 0.280273467
vt 0.687744141 0.180175781
vn -0.408941954 -0.715648592 0.566227555
v -0.305664003 0.021484405 0.272460967
vt 0.688232422 0.203369141
vn -0.165781304 -0.323668510 0.931533813
v -0.305664003 0.009765655 0.260742217
vt 0.676025391 0.192626953
vn -0.307048440 -0.740065694 0.598351121
v -0.303710908 0.000000030 0.249023497
vt 0.669433594 0.181884766
vn -0.150072172 -0.963621795 0.221159160
v -0.315429628 0.015625030 0.272460967
vt 0.679687500 0.206542969
vn 0.433797777 -0.449572057 0.780835688
v -0.311523408 0.000000030 0.247070372
vt 0.662109375 0.187011719
vn 0.063017599 -0.976771712 0.204806998
v -0.491210908 0.000000000 0.077148512
vt 0.454833984 0.229492188
vn -0.369746506 -0.865364134 -0.338278621
v -0.442382783 0.000000000 0.040039133
vt 0.469726562 0.175781250
vn -0.094809048 -0.995495498 0.000000056
v -0.334960878 0.000000030 0.278320342
vt 0.665527344 0.214355469
vn 0.314639062 -0.778731346 0.542752147
v -0.336914003 0.009765655 0.282226592
vt 0.672363281 0.221435547
vn 0.274909735 -0.078545548 0.958256364
v -0.499023408 0.001953125 0.088867262
vt 0.454345703 0.244873047
vn -0.796040952 -0.599001169 -0.086697400
v -0.346679628 0.000000000 0.282226622
vt 0.663574219 0.226562500
vn 0.078730524 -0.724319637 0.684954524
v -0.372070253 0.027343780 0.286132872
vt 0.673583984 0.253662109
vn 0.078995384 0.055296730 0.995340228
v -0.422851503 0.042968780 0.286132872
vt 0.661132812 0.293212891
vn 0.000000126 0.102629848 0.994719684
v -0.370117128 0.042968780 0.282226622
vt 0.684814453 0.259033203
vn 0.133837640 0.244056702 0.960481048
vt 0.335449219 0.520751953
vt 0.307128906 0.563232422
vt 0.294677734 0.563720703
v -0.499023408 0.005859390 0.157226637
vt 0.264404297 0.492919922
vn -0.988820970 -0.149107978 0.000000136
vt 0.265136719 0.486572266
vt 0.261718750 0.562744141
vt 0.207763672 0.458007812
v -0.499023408 0.074218780 0.194336012
vt 0.246826172 0.557617188
vn -0.960481048 0.244056612 0.133837625
vt 0.254638672 0.572998047
v -0.499023408 0.103515640 0.149414122
vt 0.204101562 0.547851562
vn -0.907483220 0.418231368 0.039455894
v -0.491210908 0.083984405 0.200195387
vt 0.242919922 0.569091797
vn -0.670936465 0.655149758 0.347308367
vt 0.241699219 0.590576172
v -0.471679658 0.103515655 0.188476622
vt 0.222900391 0.582519531
vn -0.188812539 0.865390956 0.464164227
v -0.491210908 0.109375015 0.161132872
vt 0.207275391 0.559570312
vn -0.534522533 0.801783741 0.267261297
v -0.444335908 0.107421905 0.176757872
vt 0.205322266 0.598876953
vn -0.298648357 0.825212657 0.479409277
vt 0.227294922 0.613769531
v -0.471679658 0.111328155 0.170898497
vt 0.208251953 0.576660156
vn -0.102661803 0.955544472 0.276397109
v -0.436523408 0.115234405 0.176757872
vt 0.200683594 0.605712891
vn -0.782614768 0.474312067 0.403165281
v -0.446289033 0.113281265 0.163085997
vt 0.194580078 0.592041016
vn -0.394447386 0.883562148 0.252446353
vt 0.219970703 0.619384766
v -0.491210908 0.111328140 0.145507872
vt 0.196289062 0.553710938
vn -0.440412819 0.896554530 -0.047187064
v -0.428710908 0.132812515 0.180664122
vt 0.192138672 0.617919922
vn -0.486907631 0.730361521 0.479054362
v -0.440429658 0.121093765 0.159179747
vt 0.187744141 0.596679688
vn -0.860565066 0.481600612 0.165797040
v -0.448242158 0.115234390 0.139648497
vt 0.178222656 0.581298828
vn -0.300294429 0.948298156 0.102732286
v -0.442382783 0.119140640 0.133789122
vt 0.171875000 0.583740234
vn -0.714148521 0.659213901 0.235433623
v -0.461914033 0.113281265 0.120117255
vt 0.168457031 0.563232422
vn -0.385194421 0.864722192 0.322305560
v -0.434570283 0.136718765 0.161132872
vt 0.180419922 0.607177734
vn -0.734724700 0.655721962 0.173805907
v -0.436523408 0.136718765 0.120117255
vt 0.156250000 0.589111328
vn -0.607713759 0.710314810 0.355157465
v -0.428710908 0.138671890 0.129882872
vt 0.156982422 0.599365234
vn -0.322814673 0.936949790 0.133849964
v -0.416992158 0.148437530 0.120117247
vt 0.148925781 0.603027344
vn -0.442152739 0.718498230 0.536899745
v -0.428710908 0.156250015 0.100586005
vt 0.136718750 0.589111328
vn -0.534853041 0.770817637 0.346081436
v -0.426757783 0.140625015 0.161132872
vt 0.176757812 0.612792969
vn -0.157597631 0.969225407 0.189117134
v -0.405273408 0.142578155 0.137695372
vt 0.155761719 0.618896484
vn -0.165921077 0.892813563 0.418753266
v -0.473632783 0.123046890 0.102539130
vt 0.155761719 0.552246094
vn -0.621334910 0.637064993 0.456170052
v -0.413085908 0.130859405 0.182617247
vt 0.189941406 0.631103516
vn 0.283719778 0.866921484 0.409817368
v -0.475585908 0.126953140 0.090820380
vt 0.147705078 0.548339844
vn -0.787304044 0.614097118 0.055111364
v -0.479492158 0.107421890 0.114257880
vt 0.170410156 0.548095703
vn -0.525542736 0.847143531 0.078439243
v -0.485351533 0.103515640 0.104492262
vt 0.166259766 0.538818359
vn -0.706039846 0.706039727 -0.054914143
v -0.495117158 0.099609390 0.114257887
vt 0.177978516 0.534423828
vn -0.694313943 0.694313824 -0.189358279
v -0.499023408 0.087890640 0.098632887
vt 0.172607422 0.519531250
vn -0.959678411 0.267451316 -0.086528271
v -0.493164033 0.091796890 0.081054762
vt 0.156982422 0.515136719
vn -0.708837330 0.677333295 -0.196899161
v -0.483398408 0.101562515 0.086914137
vt 0.155273438 0.530273438
vn -0.813118577 0.544710398 -0.205253139
v -0.473632783 0.121093765 0.069336005
vt 0.135498047 0.535888672
vn -0.852271736 0.434027225 -0.291981876
v -0.459960938 0.132812500 0.059570376
vt 0.125732422 0.539306641
vn -0.693968415 0.630880237 -0.346984118
v -0.475585938 0.097656265 0.059570383
vt 0.138916016 0.515380859
vn -0.765109003 0.552140415 -0.331284225
v -0.463867188 0.107421890 0.036132880
vt 0.118408203 0.518554688
vn -0.850288332 0.299175441 -0.433017045
v -0.493164062 0.078125015 0.030273510
vt 0.133544922 0.484375000
vn -0.616086185 0.734564185 -0.284347355
v -0.499023438 0.070312515 0.030273510
vt 0.139160156 0.475341797
vn -0.933742821 0.321709663 -0.156931445
v -0.499023408 0.054687515 0.063476637
vt 0.168701172 0.476562500
vn -0.976135910 -0.157441318 -0.149569079
v -0.499023438 0.062500015 0.047851637
vt 0.155029297 0.475585938
vn 0.220664099 -0.937822342 -0.267949253
v -0.497070283 0.005859390 0.077148512
vt 0.198974609 0.453613281
vn -0.804022551 -0.370481014 -0.465071678
vt 0.203369141 0.447509766
v -0.477539033 0.017578140 0.055664137
vt 0.176513672 0.448242188
vn -0.738146603 -0.431894332 -0.518272996
v -0.499023438 0.064453140 0.036132887
vt 0.151367188 0.463623047
vn -0.983003378 -0.180872664 0.031456247
v -0.471679658 0.017578140 0.040039137
vt 0.168701172 0.438964844
vn -0.821961045 -0.569050014 0.023710547
v -0.463867158 0.007812515 0.040039133
vt 0.172607422 0.430664062
vn -0.560132682 -0.828365386 0.007889304
v -0.469726533 0.005859390 0.055664137
vt 0.184326172 0.436279297
vn -0.585149467 -0.585149407 -0.561427057
vt 0.175048828 0.414794922
vt 0.098388672 0.269531250
vt 0.099609375 0.271240234
v -0.163085893 0.000000030 0.282226592
vt 0.068603516 0.266845703
vn 0.000000121 -0.734197855 0.678935647
vt 0.093750000 0.256347656
v 0.036132861 0.031250045 0.284179688
vt 0.017089844 0.271972656
vn -0.086376093 0.345504820 0.934433341
v 0.116210982 0.001953155 0.284179658
vt 0.005859375 0.293212891
vn 0.055295087 -0.600345194 0.797827244
v -0.016601516 0.023437545 0.284179688
vt 0.030761719 0.270263672
vn 0.054973580 -0.047120046 0.997375369
v -0.172851518 0.046875030 0.286132842
vt 0.072265625 0.256835938
vn 0.110171475 0.188865229 0.975803435
v -0.200195268 0.058593780 0.284179717
vt 0.078857422 0.253906250
vn 0.047174051 0.424565613 0.904167414
vt 0.088867188 0.251953125
v -0.198242143 0.068359405 0.276367217
vt 0.078369141 0.250976562
vn 0.110521026 0.718386352 0.686808765
vt 0.087890625 0.233154297
v -0.170898393 0.058593780 0.280273467
vt 0.070800781 0.253662109
vn 0.275710285 0.622317433 0.732601404
v -0.151367143 0.037109420 0.284179717
vt 0.065185547 0.258544922
vn 0.094862528 0.213440478 0.972339690
v -0.092773393 0.027343795 0.286132812
vt 0.050292969 0.262939453
vn 0.078701265 0.102311522 0.991634309
v -0.149414018 0.048828170 0.276367217
vt 0.063964844 0.255126953
vn 0.244079426 0.653502822 0.716490984
v -0.172851518 0.076171905 0.256835967
vt 0.069824219 0.246582031
vn 0.323065132 0.780084014 0.535815120
v -0.213867158 0.103515655 0.233398467
vt 0.079589844 0.235351562
vn 0.267476171 0.936166644 0.228141382
v -0.053710889 0.027343795 0.282226562
vt 0.040771484 0.265869141
vn 0.031586379 0.434311390 0.900208950
v -0.090820268 0.039062545 0.278320312
vt 0.048095703 0.259277344
vn 0.102713123 0.718991518 0.687387288
v -0.016601518 0.037109420 0.270507812
vt 0.029296875 0.262207031
vn -0.023597889 0.849525154 0.527020156
v 0.024414107 0.041015670 0.272460938
vt 0.018310547 0.264404297
vn -0.133655384 0.849105000 0.511035323
v -0.053710893 0.041015670 0.268554688
vt 0.038085938 0.257568359
vn 0.110676296 0.845882893 0.521759450
v -0.016601529 0.062500045 0.190429702
vt 0.024902344 0.239257812
vn 0.039253410 0.989186585 0.141312316
v -0.149414018 0.066406295 0.252929717
vt 0.062500000 0.247314453
vn 0.330626696 0.802950501 0.495939970
v -0.129882768 0.070312545 0.229492217
vt 0.054931641 0.242187500
vn 0.094664380 0.993976593 -0.055220976
v -0.157226518 0.076171920 0.243164092
vt 0.064453125 0.243652344
vn 0.401612163 0.897721350 0.181119129
v -0.184570268 0.089843780 0.243164092
vt 0.072509766 0.241210938
vn 0.354759902 0.890841544 0.283807814
v -0.190429643 0.091796905 0.231445342
vt 0.073242188 0.237792969
vn 0.448902309 0.826925516 -0.338645756
v -0.155273393 0.072265670 0.231445342
vt 0.062500000 0.240722656
vn 0.212955132 0.875482559 -0.433797717
v -0.202148408 0.080078155 0.209960982
vt 0.072265625 0.230712891
vn 0.518464923 0.785553038 -0.337787867
v -0.221679658 0.103515655 0.219726592
vt 0.080322266 0.231201172
vn 0.596799314 0.753851771 -0.274841905
v -0.231445283 0.109375030 0.221679717
vt 0.083251953 0.229736328
vn 0.228141487 0.936166763 0.267476141
v -0.217773408 0.089843780 0.209960967
vt 0.076660156 0.229248047
vn 0.780084014 0.622491300 0.063036956
v -0.182617158 0.064453155 0.206054732
vt 0.065673828 0.230468750
vn 0.473631710 0.852537155 -0.221028239
v -0.225585908 0.107421905 0.211914092
vt 0.081298828 0.227294922
vn 0.714742959 0.589073956 0.377007186
v -0.202148408 0.080078155 0.200195357
vt 0.071533203 0.227783203
vn 0.651506722 0.667205691 0.361075908
v -0.182617158 0.066406280 0.196289107
vt 0.064941406 0.227294922
vn 0.502816021 0.777793467 0.377111912
v -0.157226533 0.054687545 0.204101592
vt 0.059082031 0.232421875
vn 0.172906980 0.966707587 -0.188625947
v -0.233398408 0.113281280 0.213867217
vt 0.083740234 0.227294922
vn 0.236125410 0.794955373 0.558829904
vt 0.087890625 0.228271484
v -0.227539033 0.130859405 0.194335967
vt 0.083984375 0.220214844
vn 0.550277770 0.621027768 0.558138788
v -0.186523408 0.095703155 0.170898467
vt 0.067626953 0.218261719
vn 0.636376500 0.644232988 0.424250871
v -0.219726533 0.123046905 0.192382842
vt 0.081054688 0.220458984
vn 0.708727419 0.590606213 0.385862559
v -0.221679658 0.126953155 0.180664092
vt 0.081054688 0.217041016
vn 0.701461792 0.701461911 -0.126105621
v -0.188476533 0.101562515 0.159179717
vt 0.068115234 0.214599609
vn 0.564675450 0.823485136 0.054898895
v -0.165039033 0.082031280 0.165039092
vt 0.059814453 0.218505859
vn 0.415651172 0.792089880 0.447020918
v -0.225585908 0.134765655 0.182617217
vt 0.083740234 0.216796875
vn 0.886417747 0.462819904 -0.007844541
v -0.241210908 0.160156280 0.172851592
vt 0.089843750 0.211181641
vn 0.566034973 0.676097274 0.471695721
v -0.235351533 0.126953140 0.163085967
vt 0.081787109 0.210937500
vn 0.842049956 0.495786488 -0.212480038
v -0.237304658 0.158203155 0.163085967
vt 0.088378906 0.208740234
vn 0.882218003 0.448985964 0.141784891
v -0.243164033 0.167968780 0.159179717
vt 0.090820312 0.206787109
vn 0.573382974 0.691201389 0.439855278
v -0.235351533 0.130859405 0.157226592
vt 0.082031250 0.208984375
vn 0.942431033 0.054975193 0.329850703
v -0.225585908 0.142578155 0.147460967
vt 0.083251953 0.203613281
vn 0.622781456 -0.055183101 0.780447483
v -0.229492158 0.121093765 0.145507842
vt 0.078125000 0.207275391
vn 0.766230106 0.466057479 0.442359477
v -0.200195283 0.105468765 0.133789092
vt 0.069091797 0.206542969
vn 0.545390666 0.806229770 0.229222074
v -0.231445283 0.169921905 0.147460967
vt 0.089355469 0.199707031
vn 0.416999876 0.322584778 0.849735320
v -0.209960908 0.115234390 0.131835967
vt 0.072509766 0.204833984
vn 0.559854150 0.228672832 0.796412051
v -0.170898408 0.087890640 0.124023467
vt 0.059326172 0.207031250
vn 0.542903364 0.818289101 0.188835844
v -0.180664033 0.099609390 0.120117217
vt 0.062500000 0.204345703
vn 0.616393864 0.410929233 0.671711087
v -0.163085908 0.085937530 0.151367202
vt 0.059082031 0.214843750
vn 0.432254285 0.895945251 0.102169096
v -0.151367158 0.078125030 0.112304717
vt 0.052001953 0.206298828
vn 0.481555611 0.876273394 -0.015788812
v -0.129882783 0.070312530 0.165039092
vt 0.050292969 0.221679688
vn 0.102690630 0.916316330 0.387064636
v -0.192382798 0.144531280 0.131835967
vt 0.075195312 0.197509766
vn 0.488431424 -0.102412954 0.866571605
v -0.176757798 0.115234390 0.116210967
vt 0.063964844 0.199951172
vn 0.591211498 -0.063062489 0.804047406
v -0.202148423 0.173828155 0.135742217
vt 0.083496094 0.194580078
vn 0.408752620 0.172933817 0.896111190
v -0.166992173 0.171875030 0.116210960
vt 0.073730469 0.188476562
vn 0.646571994 0.094620347 0.756962180
v -0.166992173 0.210937530 0.104492210
vt 0.082763672 0.182373047
vn 0.590551317 0.236220539 0.771653473
v -0.192382798 0.214843780 0.118164085
vt 0.090576172 0.185546875
vn 0.400681585 0.345686048 0.848501980
v -0.215820298 0.216796905 0.125976592
vt 0.096191406 0.189697266
vn 0.197137922 0.441588789 0.875292003
v -0.247070283 0.179687530 0.145507842
vt 0.093750000 0.199462891
vn 0.133552313 0.652049243 0.746321380
v -0.233398423 0.222656280 0.124023467
vt 0.099853516 0.189697266
vn -0.125766039 0.605249465 0.786038160
v -0.145507798 0.132812530 0.090820342
vt 0.058837891 0.189941406
vn 0.765633166 -0.071038060 0.639342964
v -0.153320298 0.179687530 0.096679710
vt 0.070068359 0.182861328
vn 0.852935970 0.094770715 0.513340890
v -0.135742173 0.132812530 0.077148460
vt 0.055175781 0.187011719
vn 0.975169599 0.062914215 0.212335184
v -0.157226548 0.099609405 0.096679717
vt 0.055908203 0.198730469
vn 0.788404405 0.015768146 0.614955246
v -0.157226548 0.083984405 0.102539092
vt 0.053466797 0.202880859
vn 0.777289808 0.549598932 0.306204975
v -0.145507798 0.074218780 0.081054717
vt 0.047607422 0.198730469
vn 0.825442195 0.550294816 0.125781521
v -0.147460923 0.089843780 0.077148467
vt 0.049804688 0.195312500
vn 0.946173489 -0.015769500 0.323275775
v -0.137695298 0.103515655 0.053710964
vt 0.048339844 0.187744141
vn 0.992372215 -0.110263534 -0.055131916
v -0.137695298 0.117187530 0.055664089
vt 0.049804688 0.186035156
vn 0.949640453 0.117724061 -0.290386051
v -0.141601548 0.082031280 0.049804714
vt 0.045166016 0.190185547
vn 0.997713923 -0.054992061 -0.039280202
v -0.143554673 0.146484405 0.057617210
vt 0.052978516 0.182373047
vn 0.974326253 0.110004619 -0.196436882
v -0.143554673 0.152343780 0.079101592
vt 0.057373047 0.181884766
vn 0.963171303 0.268424809 -0.015789831
v -0.145507798 0.091796905 0.030273464
vt 0.043212891 0.183593750
vn 0.890592396 0.070932157 -0.449237019
v -0.141601548 0.070312530 0.053710964
vt 0.042724609 0.192871094
vn 0.918530405 0.392534405 -0.047104262
v -0.145507798 0.066406280 0.030273464
vt 0.039306641 0.186523438
vn 0.826925516 0.448902458 -0.338645816
v -0.137695298 0.068359405 0.084960960
vt 0.045410156 0.200439453
vn 0.417504072 0.905905128 -0.070897013
v -0.135742173 0.062500030 0.040039089
vt 0.038574219 0.191650391
vn 0.323145300 0.937909722 -0.126105607
v -0.155273423 0.115234405 0.022460964
vt 0.044921875 0.177246094
vn 0.946261585 0.007885540 -0.323306173
v -0.155273423 0.123046905 0.016601589
vt 0.045898438 0.175292969
vn 0.986794353 -0.118415289 -0.110521086
v -0.159179673 0.099609405 0.006835965
vt 0.040283203 0.174560547
vn 0.999009490 -0.031464823 -0.031464998
v -0.157226548 0.080078155 0.014648465
vt 0.039794922 0.179443359
vn 0.914037764 0.165472388 -0.370343029
v -0.155273423 0.064453155 0.010742216
vt 0.037841797 0.181152344
vn 0.764324665 0.543694973 -0.346704125
v -0.159179673 0.068359405 0.002929717
vt 0.036621094 0.179199219
vn 0.960868239 0.267782956 -0.070883863
v -0.151367173 0.058593780 -0.000976534
vt 0.035400391 0.181152344
vn 0.434040725 0.899648130 -0.047350001
v -0.104492180 0.058593780 -0.030273415
vt 0.026367188 0.176025391
vn -0.000000046 0.999876022 -0.015746122
v -0.098632798 0.058593780 0.022460960
vt 0.029541016 0.188232422
vn 0.055019226 0.998206854 -0.023579739
v -0.096679665 0.060546905 0.094726585
vt 0.035156250 0.206787109
vn 0.133605808 0.990255177 -0.039295904
v -0.010742174 0.058593780 0.036132820
vt 0.010253906 0.200195312
vn 0.150105014 0.987533152 0.047401529
v -0.014648411 0.050781280 0.129882827
vt 0.019287109 0.222656250
vn 0.110345684 0.993111670 -0.039409254
v -0.110351540 0.066406280 0.135742217
vt 0.042724609 0.215576172
vn 0.243513852 0.958345056 -0.149250537
v -0.040039036 0.054687530 0.143554702
vt 0.026855469 0.223144531
vn 0.110109925 0.967395008 -0.228085056
v -0.016601533 0.062500030 0.168945327
vt 0.023437500 0.233154297
vn 0.094441302 0.975894094 -0.196752906
v -0.092773408 0.064453155 0.147460967
vt 0.039550781 0.220214844
vn 0.181434438 0.954503298 -0.236653790
v -0.049804658 0.068359405 0.166992202
vt 0.031494141 0.229492188
vn 0.165139377 0.951517820 -0.259504914
v -0.133789033 0.076171905 0.151367217
vt 0.050537109 0.217529297
vn 0.267625242 0.960302532 0.078713238
v -0.108398408 0.072265655 0.159179717
vt 0.044677734 0.221923828
vn 0.102508426 0.985658526 -0.134049624
v -0.088867158 0.074218795 0.176757842
vt 0.041015625 0.228515625
vn -0.039241377 0.996730208 0.070634380
v -0.045898404 0.066406295 0.188476577
vt 0.031982422 0.236083984
vn 0.133816764 0.983947039 0.118073590
v -0.124023400 0.054687545 0.192382842
vt 0.050537109 0.230712891
vn -0.117858417 0.958581686 0.259288490
v -0.084960900 0.068359420 0.196289092
vt 0.041015625 0.235107422
vn -0.086673334 0.984923959 0.149708405
v -0.075195275 0.066406295 0.208007842
vt 0.039794922 0.239013672
vn 0.133783624 0.967964053 0.212479860
v -0.102539025 0.068359420 0.219726592
vt 0.046875000 0.240966797
vn 0.078869820 0.993760109 0.078869797
v -0.096679650 0.064453170 0.202148467
vt 0.044433594 0.236083984
vn -0.339003354 0.914520621 -0.220746353
v -0.125976533 0.054687545 0.202148467
vt 0.051513672 0.233398438
vn -0.141281962 0.957577288 -0.251167804
v -0.157226533 0.056640670 0.192382842
vt 0.058593750 0.229003906
vn 0.197039872 0.890620172 0.409842849
vt 0.299804688 0.921142578
vt 0.303710938 0.929443359
v 0.250976592 0.000000030 0.252929658
vt 0.160156250 0.924316406
vn 0.197722793 -0.862070918 0.466625541
vt 0.267578125 0.919677734
vt 0.236572266 0.061279297
vt 0.235107422 0.079589844
vt 0.223876953 0.036376953
vt 0.222167969 0.068603516
vt 0.997070312 0.559326172
vt 0.999755859 0.551513672
v -0.006835910 0.050781280 0.145507827
vt 1.000000000 0.557128906
vn 0.220363110 0.944413662 -0.243973598
vt 0.074462891 0.598388672
vt 0.075195312 0.592773438
v 0.030273465 0.048828155 0.147460952
vt 0.081542969 0.599365234
vn -0.023638995 0.937676728 -0.346704036
v 0.016601594 0.062500045 0.170898452
vt 0.081787109 0.592773438
vn -0.062953189 0.952165782 -0.299027294
v 0.028320339 0.046875030 0.131835952
vt 0.079589844 0.602539062
vn -0.015745636 0.999845147 0.007872755
vt 0.070800781 0.600341797
v 0.002929708 0.052734405 0.092773445
vt 0.071044922 0.608154297
vn 0.102514818 0.993605554 0.047314491
v 0.045898467 0.066406280 0.168945327
vt 0.087158203 0.594970703
vn -0.102374978 0.913499057 -0.393749595
v 0.030273458 0.050781280 0.094726562
vt 0.076171875 0.609619141
vn -0.031479519 0.999473393 0.007869829
v 0.034179702 0.046875030 0.047851566
vt 0.070556641 0.618164062
vn -0.015746122 0.999876022 -0.000000042
v 0.014648452 0.048828155 0.043945316
vt 0.066650391 0.617919922
vn 0.212433845 0.975622237 0.055075381
v 0.071289085 0.056640655 0.096679688
vt 0.083984375 0.612304688
vn -0.236948848 0.971490085 0.007898282
v 0.036132824 0.050781280 0.012695317
vt 0.064941406 0.624267578
vn 0.071084611 0.987286627 0.142169207
v 0.083007820 0.054687530 -0.014648440
vt 0.069091797 0.631103516
vn -0.071024880 0.994347930 0.078916460
v 0.065429688 0.058593780 -0.051757812
vt 0.060302734 0.636474609
vn 0.031471644 0.999225974 0.023603717
v 0.114257820 0.058593780 -0.032226570
vt 0.071533203 0.635742188
vn -0.039339650 0.999225974 -0.000000039
v 0.077148452 0.052734405 0.043945309
vt 0.077636719 0.621826172
vn -0.189541355 0.979296744 -0.071078010
v 0.127929702 0.062500030 0.030273430
vt 0.083740234 0.628173828
vn -0.330708712 0.929133832 -0.165354326
v 0.098632827 0.064453155 0.071289055
vt 0.086181641 0.619140625
vn -0.275368720 0.951988876 -0.133750513
v 0.110351585 0.070312530 0.106445305
vt 0.093261719 0.613769531
vn -0.369849563 0.928558409 0.031476565
v 0.081054717 0.054687530 0.135742188
vt 0.089599609 0.605224609
vn -0.235310450 0.964772701 0.117655195
v 0.067382842 0.050781280 0.147460938
vt 0.088378906 0.601806641
vn -0.110304706 0.969105005 -0.220609292
v 0.108398467 0.060546905 0.145507812
vt 0.096191406 0.605224609
vn -0.392922074 0.919437528 -0.015716869
v 0.125976577 0.070312530 0.069335930
vt 0.091308594 0.622314453
vn -0.431654811 0.886854351 -0.164813623
v 0.141601577 0.083984405 0.098632805
vt 0.099121094 0.618408203
vn -0.746620953 0.644451737 0.165042594
v 0.131835952 0.070312530 0.051757801
vt 0.089355469 0.625732422
vn -0.843435466 0.520249784 -0.134003669
v 0.133789077 0.078125030 0.075195305
vt 0.094238281 0.622558594
vn -0.885216594 0.458415687 0.079037294
v 0.135742202 0.091796905 0.073242180
vt 0.096435547 0.624023438
vn -0.977074802 0.007879602 0.212750301
v 0.137695342 0.080078155 0.145507812
vt 0.103027344 0.608154297
vn -0.536298335 0.843881130 -0.015773445
v 0.137695327 0.066406280 0.022460926
vt 0.084228516 0.630371094
vn -0.777865648 0.463576376 -0.424290270
v 0.155273467 0.093750030 0.118164048
vt 0.104492188 0.616210938
vn -0.722240984 0.620185137 0.306167424
v 0.143554702 0.099609405 0.092773423
vt 0.100830078 0.621582031
vn -0.887894034 0.062859744 0.455733359
v 0.172851592 0.103515670 0.129882783
vt 0.109619141 0.615234375
vn -0.624745131 0.648469567 0.434949189
v 0.159179702 0.113281280 0.114257798
vt 0.107666016 0.619628906
vn -0.726054311 0.110486530 0.678703070
v 0.137695327 0.119140655 0.088867180
vt 0.102783203 0.625488281
vn -0.835474849 -0.078818403 0.543846965
v 0.129882827 0.130859405 0.077148430
vt 0.102294922 0.629394531
vn -0.956021488 0.134317040 0.260733247
v 0.133789077 0.085937530 0.051757801
vt 0.092041016 0.627441406
vn -0.998762369 -0.015728582 0.047185756
v 0.133789077 0.082031280 0.036132801
vt 0.088867188 0.629638672
vn -0.976620197 -0.031503923 -0.212651029
v 0.129882827 0.109375030 0.040039051
vt 0.093505859 0.632324219
vn -0.949406683 0.070616961 -0.306006968
v 0.127929702 0.125000030 0.061523426
vt 0.099121094 0.631103516
vn -0.993605554 0.110400572 -0.023657151
v 0.145507827 0.156250045 0.096679673
vt 0.110107422 0.629638672
vn -0.882519126 0.070916705 0.464898586
v 0.137695327 0.148437530 0.073242180
vt 0.104980469 0.632568359
vn -0.956723034 0.282311678 0.070578039
v 0.141601577 0.175781280 0.079101548
vt 0.108398438 0.634033203
vn -0.978442669 0.023671966 0.205157459
v 0.137695327 0.144531280 0.049804673
vt 0.100585938 0.635742188
vn -0.949874640 0.196255013 -0.243356198
v 0.147460952 0.126953155 0.024414049
vt 0.093750000 0.638671875
vn -0.884085119 0.126297802 -0.449936032
v 0.155273438 0.123046905 0.002929673
vt 0.089111328 0.643554688
vn -0.970280230 -0.078884624 -0.228765115
v 0.153320312 0.111328155 0.008789049
vt 0.088867188 0.640136719
vn -0.877943814 0.063275166 -0.474564075
v 0.141601577 0.091796905 0.018554676
vt 0.087646484 0.634033203
vn -0.819634914 0.078810982 -0.567439377
v 0.155273452 0.080078155 0.002929675
vt 0.083740234 0.636962891
vn -0.838886976 0.109760836 -0.533124208
v 0.159179688 0.099609405 -0.004882826
vt 0.084716797 0.640869141
vn -0.992003083 -0.007873090 -0.125968516
v 0.151367188 0.181640655 -0.026367204
vt 0.082275391 0.651855469
vn -0.958996356 -0.094327569 -0.267261118
v 0.155273452 0.064453155 -0.000976574
vt 0.081298828 0.635986328
vn -0.745976210 0.526109457 -0.408323765
v 0.159179688 0.068359405 -0.008789075
vt 0.080322266 0.637451172
vn -0.960302532 0.267625242 -0.078713208
v 0.153320312 0.064453155 -0.038085949
vt 0.075439453 0.641357422
vn -0.958049595 0.282703102 0.047117312
v 0.151367188 0.058593780 -0.012695324
vt 0.078125000 0.636474609
vn -0.433865190 0.899284065 -0.055219185
v 0.141601577 0.060546905 0.004882802
vt 0.080566406 0.633300781
vn -0.204902425 0.953584015 -0.220664084
v 0.149414062 0.058593780 -0.057617199
vt 0.069824219 0.642822266
vn -0.401674449 0.913612366 -0.063007735
vt 0.994384766 0.570312500
vt 0.994384766 0.563720703
vt 0.998779297 0.563964844
vt 0.078613281 0.586669922
v 0.016601596 0.064453170 0.192382827
vt 0.084472656 0.588378906
vn -0.094234422 0.989461064 0.109940089
vt 0.090820312 0.571044922
v 0.043945346 0.068359420 0.190429702
vt 0.089111328 0.590576172
vn -0.141890749 0.985352337 0.094593793
v 0.069335967 0.072265670 0.178710938
vt 0.093017578 0.594726562
vn -0.070774123 0.967245400 -0.243777320
v 0.077148467 0.056640655 0.157226562
vt 0.091308594 0.600585938
vn -0.102156661 0.880118132 -0.463633657
v 0.090820342 0.074218795 0.180664062
vt 0.097167969 0.596191406
vn -0.086344324 0.981184721 -0.172688544
v 0.106445342 0.062500030 0.157226562
vt 0.097167969 0.602539062
vn -0.322514951 0.881016254 -0.346113533
v 0.143554717 0.085937530 0.159179673
vt 0.105712891 0.605468750
vn -0.543357670 0.803224266 -0.244117141
v 0.110351592 0.074218795 0.174804688
vt 0.100585938 0.598876953
vn -0.322814733 0.905455649 -0.275573462
v 0.083007850 0.068359420 0.209960938
vt 0.097900391 0.588867188
vn -0.078555316 0.974085748 0.212099299
v 0.110351592 0.074218795 0.184570312
vt 0.101318359 0.596679688
vn -0.188625887 0.958848178 0.212204099
v 0.125976592 0.083984420 0.180664062
vt 0.104736328 0.599121094
vn -0.503671706 0.857815862 0.102308340
v 0.129882842 0.072265670 0.200195312
vt 0.106201172 0.594238281
vn -0.470983177 0.863469183 0.180543557
v 0.118164100 0.068359420 0.202148438
vt 0.103759766 0.592773438
vn -0.165508345 0.969406009 0.181271002
v 0.071289107 0.050781295 0.274414062
vt 0.099853516 0.573730469
vn -0.213307142 0.845328391 0.489816457
vt 0.087402344 0.564208984
vt 0.093750000 0.567382812
v 0.096679725 0.064453170 0.235351562
vt 0.102294922 0.583984375
vn -0.165472388 0.977074921 0.133953780
v 0.108398475 0.066406295 0.225585938
vt 0.103759766 0.587158203
vn -0.315981060 0.947943091 -0.039497625
v 0.106445350 0.066406295 0.243164062
vt 0.104736328 0.583007812
vn -0.394828528 0.916002095 0.071069136
v 0.104492232 0.046875045 0.286132812
vt 0.106201172 0.571044922
vn -0.071111143 0.284445047 0.956051350
v 0.100585982 0.058593795 0.276367188
vt 0.105468750 0.574951172
vn -0.260448754 0.812915862 0.520897567
vt 0.115478516 0.556884766
v 0.129882857 0.080078170 0.239257812
vt 0.109863281 0.585205078
vn -0.315508842 0.922863364 0.220856190
v 0.120117232 0.060546920 0.280273408
vt 0.109619141 0.574951172
vn 0.000000064 0.695158303 0.718856752
v 0.131835982 0.046875045 0.284179658
vt 0.111572266 0.571289062
vn 0.211883813 0.196188658 0.957400382
v 0.147460967 0.089843795 0.219726548
vt 0.112304688 0.591064453
vn -0.363162965 0.931591868 0.015789699
v 0.137695357 0.074218795 0.250976533
vt 0.112060547 0.582519531
vn 0.141491279 0.833226323 0.534522474
v 0.133789107 0.058593795 0.278320283
vt 0.112060547 0.574951172
vn 0.322315544 0.628908336 0.707521796
v 0.155273482 0.000000030 0.276367158
vt 0.119140625 0.561279297
vn 0.055075560 -0.755320311 0.653037429
vt 0.104492188 0.505615234
vt 0.129394531 0.565185547
v 0.219726607 0.000000030 0.274414033
vt 0.126464844 0.569091797
vn 0.196509689 -0.644551277 0.738875926
v 0.155273482 0.048828170 0.272460908
vt 0.116210938 0.575439453
vn 0.267874420 0.606656730 0.748472452
v 0.155273482 0.037109420 0.278320283
vt 0.115966797 0.571533203
vn 0.149899453 0.189346582 0.970400989
v 0.186523482 0.027343810 0.280273408
vt 0.121337891 0.572021484
vn 0.141399652 0.125688523 0.981941283
v 0.182617232 0.039062560 0.276367158
vt 0.121093750 0.574951172
vn 0.197242200 0.536498606 0.820527196
v 0.157226607 0.072265670 0.245117188
vt 0.115478516 0.583984375
vn 0.165472418 0.701287687 0.693407953
v 0.157226607 0.087890670 0.229492173
vt 0.114746094 0.589111328
vn -0.078762114 0.850631118 0.519830048
v 0.188476592 0.093750060 0.225585908
vt 0.120849609 0.591796875
vn -0.086354852 0.753642797 0.651586890
v 0.186523467 0.099609435 0.213867158
vt 0.119628906 0.594726562
vn -0.236132666 0.944530606 0.228261530
v 0.186523482 0.060546935 0.252929658
vt 0.121093750 0.582031250
vn 0.329110801 0.619041681 0.713073254
v 0.196289107 0.033203185 0.274414033
vt 0.123779297 0.573974609
vn 0.471987665 0.503453493 0.723714232
v 0.211914107 0.017578185 0.272460908
vt 0.127197266 0.572509766
vn 0.354925454 0.402248770 0.843933582
v 0.192382857 0.078125060 0.237304673
vt 0.121826172 0.587402344
vn 0.228226289 0.527281284 0.818466306
v 0.225585982 0.015625060 0.270507783
vt 0.130371094 0.571533203
vn 0.047322016 0.362801343 0.930664241
v 0.241210982 0.019531310 0.268554658
vt 0.130859375 0.569335938
vn 0.300041705 -0.110541575 0.947499692
v 0.213867232 0.025390685 0.264648408
vt 0.127929688 0.574951172
vn 0.369415164 0.730970383 0.573772371
v 0.211914107 0.037109435 0.245117173
vt 0.126708984 0.579589844
vn 0.512033343 0.575052798 0.638072193
v 0.208007857 0.066406310 0.235351548
vt 0.124511719 0.585449219
vn 0.196692005 0.291104078 0.936253488
v 0.208007857 0.085937560 0.231445283
vt 0.124267578 0.589843750
vn -0.110486440 0.347243488 0.931243718
v 0.217773482 0.035156310 0.243164048
vt 0.127685547 0.579833984
vn -0.063111506 0.631115913 0.773116887
v 0.219726607 0.072265685 0.235351548
vt 0.126220703 0.586669922
vn -0.276483238 0.157990515 0.947943032
v 0.206054717 0.099609435 0.223632783
vt 0.124267578 0.593750000
vn -0.258992791 0.698495924 0.667102814
v 0.223632857 0.025390685 0.262695283
vt 0.129882812 0.576171875
vn -0.205618694 0.688032031 0.695940375
v 0.243164107 0.033203185 0.266601533
vt 0.132568359 0.576171875
vn -0.062803447 0.306167364 0.949903846
v 0.223632857 0.039062560 0.245117173
vt 0.128662109 0.580566406
vn -0.605361581 0.432401180 0.668256402
v 0.247070357 0.070312560 0.249023423
vt 0.131591797 0.586425781
vn -0.299249619 0.275624752 0.913499236
v 0.229492232 0.091796935 0.237304658
vt 0.128173828 0.590087891
vn -0.394631535 0.220993757 0.891867578
v 0.243164107 0.093750060 0.243164033
vt 0.130859375 0.589599609
vn -0.315734744 0.323628217 0.891950965
v 0.245117217 0.109375060 0.233398408
vt 0.131835938 0.594970703
vn -0.236191198 0.810923159 0.535366714
v 0.204101592 0.105468810 0.211914033
vt 0.123291016 0.596435547
vn -0.284064025 0.931098759 0.228829339
v 0.245117217 0.115234435 0.206054658
vt 0.130859375 0.600830078
vn -0.197580591 0.798225760 0.569032192
v 0.192382842 0.101562560 0.190429658
vt 0.119628906 0.600097656
vn -0.292245954 0.821448147 0.489709496
v 0.213867217 0.109375060 0.192382783
vt 0.124023438 0.601562500
vn -0.355734020 0.758899271 0.545458853
v 0.237304717 0.130859420 0.196289033
vt 0.128662109 0.604736328
vn -0.323054940 0.512160480 0.795818567
v 0.274414092 0.136718810 0.198242158
vt 0.134277344 0.603515625
vn -0.039412774 0.496602148 0.867083073
v 0.209960967 0.132812545 0.176757783
vt 0.124267578 0.609130859
vn -0.402348816 0.670581460 0.623246372
v 0.227539092 0.146484420 0.176757783
vt 0.128662109 0.610351562
vn -0.416999757 0.684509099 0.597962022
v 0.282226592 0.162109435 0.180664033
vt 0.137451172 0.612792969
vn -0.062714666 0.689862072 0.721219301
v 0.237304717 0.164062545 0.161132783
vt 0.132080078 0.615478516
vn -0.330636889 0.834464669 0.440849245
v 0.188476592 0.126953185 0.176757783
vt 0.120117188 0.606445312
vn -0.410225242 0.725783229 0.552226305
v 0.165039092 0.093750045 0.202148423
vt 0.114501953 0.596435547
vn -0.290888101 0.951282620 0.102203906
v 0.165039092 0.095703170 0.194335923
vt 0.114257812 0.598388672
vn -0.165395349 0.882108629 0.441054314
v 0.147460967 0.091796920 0.194335923
vt 0.110595703 0.597900391
vn -0.417258203 0.740042865 0.527477324
v 0.170898467 0.111328185 0.176757783
vt 0.115234375 0.604003906
vn -0.502691865 0.761892378 0.408437163
v 0.188476592 0.128906295 0.168945283
vt 0.119628906 0.608154297
vn -0.511035383 0.849104881 -0.133655354
v 0.170898467 0.113281295 0.166992158
vt 0.114501953 0.606201172
vn -0.645269394 0.747568130 -0.157382712
v 0.155273467 0.091796905 0.149414048
vt 0.107666016 0.608886719
vn -0.568694890 0.805651069 -0.165869281
v 0.206054717 0.128906295 0.153320283
vt 0.120361328 0.613281250
vn -0.668194413 0.715361059 -0.204388812
v 0.208007842 0.136718795 0.166992158
vt 0.123535156 0.611328125
vn -0.599001169 0.796041071 0.086697586
v 0.178710967 0.105468795 0.141601533
vt 0.112060547 0.613037109
vn -0.583183706 0.811728477 -0.031523395
v 0.221679717 0.154296920 0.157226533
vt 0.127929688 0.615722656
vn -0.556234241 0.579737246 0.595405877
v 0.204101592 0.126953170 0.143554658
vt 0.119140625 0.615234375
vn -0.764300883 0.370331407 0.527919352
v 0.211914092 0.136718795 0.153320283
vt 0.122802734 0.614257812
vn -0.876136899 0.370976835 0.307831943
v 0.192382842 0.150390670 0.139648408
vt 0.121337891 0.620117188
vn -0.526125669 0.062821008 0.848083436
v 0.180664092 0.117187545 0.129882783
vt 0.113037109 0.616943359
vn -0.575427771 0.149768904 0.804022551
v 0.168945327 0.154296920 0.124023423
vt 0.116699219 0.624511719
vn -0.583183527 0.031523447 0.811728537
v 0.231445342 0.166015670 0.151367158
vt 0.130859375 0.618408203
vn -0.141534939 0.857072949 0.495372444
v 0.157226577 0.171875045 0.114257790
vt 0.116455078 0.629394531
vn -0.701461792 0.126105502 0.701461971
v 0.147460952 0.189453170 0.094726540
vt 0.114746094 0.633544922
vn -0.854645669 0.133293331 0.501810431
v 0.190429702 0.175781295 0.133789033
vt 0.124267578 0.624755859
vn -0.416163266 0.259120554 0.871587455
v 0.176757827 0.207031295 0.116210915
vt 0.125488281 0.632812500
vn -0.439692587 0.337621152 0.832275510
v 0.198242202 0.205078170 0.124023415
vt 0.129638672 0.629638672
vn -0.118132114 0.370147645 0.921431243
v 0.206054702 0.169921920 0.141601533
vt 0.126708984 0.622070312
vn -0.274638563 0.423728257 0.863150120
v 0.217773452 0.177734420 0.135742158
vt 0.130371094 0.623535156
vn 0.149181515 0.675242364 0.722352266
v 0.209960952 0.203125045 0.122070283
vt 0.132080078 0.628417969
vn 0.442152798 0.252658755 0.860618651
v 0.227539077 0.181640670 0.125976533
vt 0.133789062 0.624511719
vn 0.614116132 0.692848980 0.377917498
v 0.213867202 0.226562545 0.120117158
vt 0.134033203 0.633300781
vn -0.062859654 0.369301111 0.927181423
v 0.221679702 0.220703170 0.120117158
vt 0.135498047 0.633300781
vn 0.361009389 -0.109872334 0.926067173
v 0.235351577 0.236328170 0.114257783
vt 0.137939453 0.636962891
vn 0.189446911 0.410468102 0.891978681
v 0.249023452 0.236328170 0.108398408
vt 0.140869141 0.638183594
vn 0.678175330 -0.047314487 0.733375490
v 0.247070327 0.244140670 0.106445283
vt 0.140869141 0.639160156
vn 0.393896252 0.645989776 0.653867662
v 0.223632827 0.201171920 0.106445283
vt 0.137451172 0.630615234
vn 0.779237866 -0.125937358 0.613944829
v 0.221679702 0.193359420 0.114257783
vt 0.135009766 0.628173828
vn 0.780084014 0.504296780 0.370342791
v 0.233398452 0.185546920 0.092773408
vt 0.138916016 0.628906250
vn 0.812941253 0.315705389 0.489343137
v 0.256835938 0.248046920 0.090820275
vt 0.145996094 0.640380859
vn 0.605998755 0.708310246 0.362025112
v 0.233398452 0.257812530 0.075195283
vt 0.147949219 0.644042969
vn 0.684530318 0.393408298 0.613716722
v 0.258789062 0.240234420 0.092773400
vt 0.145019531 0.638916016
vn 0.892145514 0.039475519 0.450020134
v 0.256835938 0.222656295 0.084960900
vt 0.145019531 0.636718750
vn 0.802627325 -0.354100227 0.480002522
v 0.268554688 0.240234420 0.065429650
vt 0.150146484 0.641357422
vn 0.833612680 0.259520948 0.487584621
v 0.264648438 0.248046920 0.063476525
vt 0.150390625 0.643310547
vn 0.596946657 0.761892498 0.251345843
v 0.280273438 0.244140670 0.043945275
vt 0.155273438 0.644287109
vn 0.502428532 0.808595896 0.306167305
v 0.272460938 0.248046920 0.036132775
vt 0.155517578 0.646728516
vn 0.608472407 0.624276817 0.489938676
v 0.282226562 0.236328170 0.049804650
vt 0.154052734 0.642578125
vn 0.614382863 0.417465299 0.669519603
v 0.284179688 0.218750045 0.051757775
vt 0.153320312 0.640869141
vn 0.441987544 0.323597997 0.836619079
v 0.268554688 0.224609420 0.065429650
vt 0.149169922 0.638671875
vn 0.718655109 -0.023691861 0.694962978
v 0.276367188 0.214843795 0.061523400
vt 0.150878906 0.638427734
vn 0.449656129 0.520654440 0.725760579
v 0.286132812 0.208984420 0.061523404
vt 0.154296875 0.638916016
vn 0.566227496 0.652734458 0.503313243
v 0.262695312 0.201171920 0.069335900
vt 0.147949219 0.634033203
vn -0.133937091 0.480598211 0.866652429
v 0.280273438 0.199218795 0.088867150
vt 0.149902344 0.631835938
vn 0.149768934 0.804022491 0.575427830
v 0.249023452 0.193359420 0.073242158
vt 0.145263672 0.632568359
vn 0.456636399 0.118095659 0.881780386
v 0.250976562 0.183593780 0.079101533
vt 0.144042969 0.630859375
vn -0.204300448 0.660047889 0.722909510
v 0.254882842 0.164062545 0.104492165
vt 0.142089844 0.625488281
vn -0.173637912 0.883974910 0.434094816
v 0.276367217 0.185546935 0.102539025
vt 0.146972656 0.626464844
vn -0.322494864 0.700049996 0.637124121
v 0.270507842 0.166015685 0.118164033
vt 0.142089844 0.622070312
vn -0.345164418 0.902134299 0.258873343
v 0.243164077 0.181640655 0.081054658
vt 0.142333984 0.629882812
vn 0.488977909 0.528411567 0.694033027
v 0.252929717 0.162109420 0.118164040
vt 0.138671875 0.623779297
vn 0.031445365 0.998391926 -0.047168169
v 0.247070327 0.164062545 0.108398415
vt 0.139404297 0.625488281
vn 0.434473932 0.868947864 0.236985669
v 0.239257827 0.167968795 0.139648408
vt 0.134277344 0.621093750
vn 0.314027429 0.942082405 0.117760211
v 0.247070342 0.167968795 0.147460908
vt 0.134765625 0.618896484
vn -0.157946214 0.987163544 -0.023691949
v 0.280273467 0.177734435 0.153320283
vt 0.141601562 0.618652344
vn -0.047168173 0.998391926 -0.031445451
vt 0.999755859 0.518066406
vt 0.996337891 0.510498047
vt 0.999023438 0.499267578
vt 0.976318359 0.151855469
vt 0.960937500 0.146484375
vt 0.982910156 0.139404297
v 0.139648452 0.189453155 0.051757798
vt 0.963378906 0.123291016
vn -0.992741704 -0.102425769 -0.063031085
v 0.137695327 0.203125045 0.073242173
vt 0.948974609 0.134765625
vn -0.963261247 0.007895554 0.268449962
vt 0.946777344 0.153320312
vt 0.968505859 0.158935547
v 0.133789077 0.226562530 0.053710919
vt 0.943359375 0.115722656
vn -0.986333430 0.047343969 0.157813475
v 0.147460952 0.246093795 0.075195290
vt 0.924316406 0.129150391
vn -0.751346171 -0.466625541 0.466625661
v 0.133789062 0.240234405 0.016601546
vt 0.944335938 0.085449219
vn -0.936891675 -0.346413791 0.047238376
v 0.143554688 0.203125030 0.004882796
vt 0.969238281 0.088378906
vn -0.969888031 -0.212902293 -0.118278891
v 0.137695312 0.246093795 0.053710919
vt 0.934082031 0.109863281
vn -0.906045675 -0.370296955 0.204845250
v 0.131835938 0.242187530 -0.010742204
vt 0.949218750 0.066162109
vn -0.898445904 -0.409817457 -0.157621950
v 0.145507812 0.207031280 -0.018554704
vt 0.972412109 0.071289062
vn -0.944413662 -0.243973583 -0.220363051
v 0.120117188 0.259765655 0.006835922
vt 0.933593750 0.067626953
vn -0.894427180 -0.447213620 0.000000137
v 0.137695312 0.244140655 -0.028320331
vt 0.954101562 0.055175781
vn -0.787621439 -0.330801040 -0.519829988
v 0.145507812 0.218750030 -0.028320329
vt 0.967773438 0.060546875
vn -0.882519364 -0.244268790 -0.401861340
v 0.159179688 0.207031280 -0.045898456
vt 0.979003906 0.050781250
vn -0.881043613 0.031465780 -0.471987486
v 0.122070312 0.263671905 -0.020507829
vt 0.937255859 0.050781250
vn -0.855909526 -0.384766728 -0.345504642
v 0.149414062 0.240234405 -0.038085956
vt 0.960937500 0.048339844
vn -0.624764800 -0.094901033 -0.775024474
v 0.165039062 0.214843780 -0.051757835
vt 0.979980469 0.046386719
vn -0.809569478 0.259376556 -0.526612997
v 0.133789062 0.269531280 -0.038085956
vt 0.944091797 0.039306641
vn -0.511478305 -0.306886971 -0.802627206
v 0.165039062 0.253906280 -0.051757835
vt 0.968505859 0.036865234
vn -0.774467707 -0.142249212 -0.616412938
v 0.174804688 0.228515655 -0.059570335
vt 0.982910156 0.038085938
vn -0.883754849 0.047343951 -0.465549260
v 0.151367173 0.287109405 -0.047851581
vt 0.950683594 0.023681641
vn -0.581956089 -0.259520948 -0.770698369
v 0.172851548 0.285156280 -0.081054710
vt 0.968750000 0.009765625
vn -0.937414765 -0.212690815 -0.275710106
v 0.149414048 0.306640655 -0.055664085
vt 0.942871094 0.012695312
vn -0.653017223 -0.432722270 -0.621546388
v 0.141601548 0.306640655 -0.049804710
vt 0.938476562 0.016357422
vn -0.339743286 -0.497763336 -0.798001468
v 0.143554673 0.318359405 -0.061523460
vt 0.932373047 0.007080078
vn -0.457260370 -0.575517297 -0.678006530
v 0.161132798 0.312500030 -0.075195335
vt 0.945068359 0.000244141
vn -0.828984797 -0.418439984 -0.371069163
v 0.114257805 0.296875030 -0.036132827
vt 0.924072266 0.028076172
vn -0.552140534 -0.331284344 -0.765108883
v 0.122070305 0.314453155 -0.049804706
vt 0.920654297 0.015625000
vn -0.402662337 -0.513197064 -0.757952392
v 0.104492180 0.294921905 -0.026367202
vt 0.917968750 0.033203125
vn -0.813854396 -0.410877973 -0.410877764
v 0.108398430 0.314453155 -0.040039081
vt 0.910644531 0.020996094
vn -0.637854636 -0.464610159 -0.614230275
v 0.122070305 0.277343780 -0.032226577
vt 0.934082031 0.038818359
vn -0.699574113 -0.455902249 -0.550226629
v 0.100585930 0.316406280 -0.028320327
vt 0.903320312 0.023681641
vn -0.898780942 -0.346897960 -0.268057317
v 0.116210938 0.271484405 -0.004882829
vt 0.927001953 0.054199219
vn -0.971520424 -0.236956254 0.000000138
v 0.112304688 0.281250030 -0.012695328
vt 0.922363281 0.045654297
vn -0.834438801 -0.551044524 -0.007871930
v 0.100585938 0.296875030 -0.010742202
vt 0.909423828 0.037109375
vn -0.920974374 -0.385707259 0.055101171
v 0.098632805 0.320312530 -0.012695328
vt 0.893554688 0.027343750
vn -0.957194090 -0.243221506 0.156917199
v 0.088867180 0.337890655 -0.030273452
vt 0.891601562 0.011718750
vn -0.940278292 -0.316059977 -0.126423851
v 0.088867180 0.343750030 -0.008789078
vt 0.879150391 0.017578125
vn -0.955484807 -0.078965716 0.284276575
v 0.118164062 0.281250030 0.000976546
vt 0.916015625 0.050781250
vn -0.927840352 -0.212302506 0.306659251
v 0.102539062 0.302734405 0.006835922
vt 0.899658203 0.040771484
vn -0.886990964 -0.243333846 0.392474025
v 0.104492188 0.322265655 0.000976546
vt 0.885986328 0.033447266
vn -0.888854921 -0.094391696 0.448360592
v 0.102539062 0.351562530 0.022460921
vt 0.861083984 0.031738281
vn -0.962212145 -0.047321942 0.268157601
v 0.090820305 0.363281280 -0.024414079
vt 0.871093750 0.005859375
vn -0.871829331 0.133523375 0.471259236
v 0.104492188 0.361328155 0.014648419
vt 0.852050781 0.027099609
vn -0.788968444 0.599615991 0.134124711
v 0.116210938 0.314453155 0.030273421
vt 0.885986328 0.052490234
vn -0.920974314 0.055101011 0.385707349
v 0.118164062 0.304687530 0.030273421
vt 0.892822266 0.055419922
vn -0.826541066 -0.377847344 0.417206615
v 0.124023438 0.287109405 0.016601544
vt 0.909423828 0.058349609
vn -0.925024033 -0.079061911 0.371591002
v 0.125976562 0.308593780 0.055664044
vt 0.887451172 0.071044922
vn -0.881671190 -0.417219490 0.220417947
v 0.120117188 0.277343780 0.024414046
vt 0.917236328 0.068115234
vn -0.874178410 0.480404317 0.070879415
v 0.114257812 0.328125030 0.016601544
vt 0.878417969 0.041748047
vn -0.832583368 -0.172800347 0.526255667
v 0.135742188 0.294921905 0.047851544
vt 0.898681641 0.075683594
vn -0.975410879 -0.007866250 0.220254198
v 0.118164070 0.271484405 0.067382798
vt 0.915039062 0.098144531
vn -0.986671269 -0.039466888 0.157867536
v 0.122070320 0.283203155 0.067382798
vt 0.906250000 0.094238281
vn -0.832994640 0.542232275 0.110018246
v 0.139648452 0.296875030 0.081054673
vt 0.888427734 0.096435547
vn -0.956021547 0.023702988 0.292337298
v 0.127929702 0.312500030 0.090820298
vt 0.874755859 0.091796875
vn -0.861639917 -0.403152674 0.308293343
v 0.122070320 0.259765655 0.053710923
vt 0.924072266 0.097412109
vn -0.816874206 -0.573383033 0.062836610
v 0.127929702 0.257812530 0.083007798
vt 0.916748047 0.114990234
vn -0.731331825 -0.636966527 0.243777409
v 0.129882827 0.283203155 0.090820298
vt 0.897705078 0.107177734
vn -0.793653488 0.495051175 0.353608072
v 0.147460952 0.296875030 0.096679665
vt 0.882324219 0.109619141
vn -0.777409613 0.031410486 0.628209949
v 0.127929702 0.269531280 0.096679673
vt 0.904541016 0.114990234
vn -0.881999135 -0.078749940 0.464624673
v 0.141601577 0.281250030 0.112304673
vt 0.891113281 0.122314453
vn -0.612353563 0.423937112 0.667308450
v 0.141601577 0.255859405 0.106445298
vt 0.905273438 0.129882812
vn -0.528411448 -0.694033146 0.488977998
v 0.143554702 0.269531280 0.116210915
vt 0.895019531 0.128662109
vn -0.599615932 -0.134124637 0.788968503
v 0.161132827 0.246093795 0.088867165
vt 0.914306641 0.142822266
vn -0.573435962 -0.463461995 0.675554812
vt 0.944580078 0.171630859
vt 0.917236328 0.170654297
v 0.163085952 0.255859405 0.120117165
vt 0.893310547 0.144531250
vn -0.173056662 -0.676494598 0.715825796
v 0.172851577 0.246093795 0.096679665
vt 0.904296875 0.152099609
vn -0.338561594 -0.385802865 0.858214676
v 0.186523452 0.242187545 0.102539040
vt 0.897705078 0.160156250
vn -0.221124530 0.355378896 0.908190489
vt 0.911865234 0.181152344
vt 0.897949219 0.178955078
v 0.202148452 0.246093795 0.102539033
vt 0.888427734 0.167724609
vn -0.055027705 0.644611120 0.762527764
vt 0.885986328 0.186523438
v 0.184570327 0.250000030 0.100585915
vt 0.892578125 0.158447266
vn 0.078767158 -0.448971987 0.890067339
v 0.180664077 0.257812530 0.120117165
vt 0.884765625 0.152587891
vn 0.275071025 -0.675888479 0.683747590
v 0.202148452 0.251953155 0.096679658
vt 0.883056641 0.166748047
vn 0.290888190 0.102203973 0.951282561
v 0.200195327 0.265625030 0.112304658
vt 0.873291016 0.161376953
vn 0.519347191 -0.511478126 0.684593797
v 0.217773452 0.257812530 0.088867158
vt 0.870849609 0.172851562
vn 0.503251195 0.110086232 0.857099414
vt 0.875244141 0.190185547
vt 0.861083984 0.178222656
v 0.198242202 0.275390685 0.118164040
vt 0.868652344 0.155029297
vn 0.535649121 -0.204806909 0.819227815
v 0.180664077 0.273437530 0.127929658
vt 0.876220703 0.146728516
vn 0.165631965 -0.023661640 0.985903800
v 0.227539077 0.287109435 0.098632783
vt 0.845703125 0.161865234
vn 0.659214020 -0.235433489 0.714148402
v 0.202148452 0.292968780 0.116210908
vt 0.856933594 0.148681641
vn 0.362970829 -0.126250625 0.923207998
v 0.163085952 0.275390655 0.125976548
vt 0.883056641 0.138183594
vn -0.260741144 0.181728795 0.948150218
v 0.188476577 0.294921905 0.116210915
vt 0.861816406 0.140869141
vn -0.110400505 0.023657314 0.993605673
v 0.159179702 0.296875030 0.106445290
vt 0.875732422 0.121582031
vn -0.440412670 0.047187105 0.896554649
v 0.180664077 0.312500030 0.124023415
vt 0.854248047 0.132324219
vn -0.070610367 -0.133375347 0.988547087
v 0.139648452 0.314453155 0.108398423
vt 0.869140625 0.105224609
vn -0.639044464 -0.347135365 0.686381280
v 0.202148452 0.308593780 0.122070283
vt 0.846679688 0.142333984
vn 0.363027334 0.031567641 0.931243658
v 0.151367202 0.316406280 0.118164040
vt 0.862792969 0.114013672
vn -0.418622524 -0.205362007 0.884636521
v 0.168945327 0.322265685 0.122070290
vt 0.853515625 0.122314453
vn -0.102460623 0.409842938 0.906383336
v 0.186523452 0.324218810 0.120117165
vt 0.844970703 0.129638672
vn 0.204048768 0.643538237 0.737714469
v 0.147460952 0.328125060 0.114257790
vt 0.858154297 0.107421875
vn -0.379544407 0.561409593 0.735367477
v 0.129882827 0.326171935 0.100585923
vt 0.864990234 0.093750000
vn -0.786621571 0.346113533 0.511304200
v 0.174804702 0.337890685 0.096679665
vt 0.836425781 0.109130859
vn -0.078749806 0.157499894 0.984374106
v 0.125976577 0.324218810 0.086914048
vt 0.868652344 0.084960938
vn -0.957194090 0.243221402 0.156917155
v 0.124023445 0.320312530 0.055664044
vt 0.878417969 0.067871094
vn -0.989919007 -0.007856537 0.141417116
v 0.124023438 0.333984405 0.038085919
vt 0.870361328 0.054199219
vn -0.908785760 -0.252879560 0.331904471
v 0.135742188 0.339843780 0.071289048
vt 0.856689453 0.073730469
vn -0.896637678 -0.094382934 0.432588518
v 0.145507812 0.341796905 0.083007783
vt 0.850097656 0.083740234
vn -0.628442287 -0.015711054 0.777697563
v 0.161132827 0.341796935 0.088867158
vt 0.842773438 0.096679688
vn -0.418439776 -0.023685256 0.907935679
v 0.155273452 0.353515685 0.108398408
vt 0.830810547 0.090820312
vn -0.299770594 -0.686317146 0.662651122
v 0.125976577 0.357421935 0.096679665
vt 0.835449219 0.070800781
vn -0.566490173 -0.558622360 0.605830014
v 0.114257820 0.353515655 0.069335915
vt 0.846191406 0.055908203
vn -0.748286605 -0.574999332 0.330821604
v 0.106445312 0.343750030 0.024414046
vt 0.865478516 0.036865234
vn -0.792211652 -0.486308187 0.368653089
v 0.108398445 0.365234405 0.065429665
vt 0.838378906 0.047363281
vn -0.980460048 0.015687328 0.196092144
v 0.108398430 0.369140655 -0.010742206
vt 0.849365234 0.012939453
vn -0.787499189 0.275624752 0.551249623
v 0.118164055 0.373046905 0.002929667
vt 0.843994141 0.015380859
vn -0.918275714 0.094182111 0.384577155
v 0.124023438 0.378906280 0.024414040
vt 0.833007812 0.022216797
vn -0.983459592 -0.007867712 0.180956692
v 0.112304688 0.375000030 0.055664044
vt 0.833007812 0.039550781
vn -0.804422438 0.591487050 -0.055205382
v 0.118164070 0.373046935 0.096679665
vt 0.826660156 0.062255859
vn -0.769272447 0.117745787 0.627977669
v 0.116210945 0.382812530 0.077148415
vt 0.823974609 0.049072266
vn -0.769272506 0.627977490 0.117745869
v 0.129882812 0.390625030 0.057617161
vt 0.814453125 0.037597656
vn -0.969918132 0.102511637 0.220794514
v 0.098632805 0.390625030 0.016601544
vt 0.819335938 0.010986328
vn -0.724746466 -0.590826035 0.354495704
v 0.122070312 0.398437530 0.053710915
vt 0.808593750 0.033447266
vn -0.847143471 -0.274537235 0.454947561
v 0.120117188 0.406250030 0.049804665
vt 0.803466797 0.030517578
vn -0.869707882 0.284631670 0.403228343
v 0.133789062 0.392578155 0.071289040
vt 0.808837891 0.047363281
vn -0.834464610 0.330636919 0.440849364
v 0.125976562 0.386718780 0.090820290
vt 0.816650391 0.057861328
vn -0.454723686 0.791846454 0.407683343
v 0.133789062 0.400390655 0.079101540
vt 0.801757812 0.048095703
vn -0.518833220 -0.353750020 0.778250098
v 0.127929688 0.410156280 0.075195290
vt 0.797119141 0.042724609
vn -0.801288784 0.235673204 0.549904168
v 0.133789062 0.419921905 0.069335915
vt 0.788574219 0.039794922
vn -0.527395606 0.779286027 0.338477790
v 0.124023438 0.416015655 0.041992165
vt 0.794677734 0.025390625
vn -0.613811851 0.723983169 0.314775348
v 0.141601562 0.427734405 0.036132786
vt 0.777832031 0.027832031
vn -0.307918221 0.907963991 0.284232199
v 0.139648438 0.410156280 0.083007790
vt 0.793457031 0.050292969
vn -0.267285883 0.196533874 0.943362534
v 0.143554688 0.425781280 0.057617161
vt 0.778564453 0.040039062
vn -0.157828093 0.970642745 0.181502268
v 0.155273438 0.429687530 0.036132786
vt 0.767822266 0.035156250
vn 0.070793748 0.943916738 0.322504848
v 0.145507812 0.419921905 0.077148408
vt 0.786132812 0.049072266
vn -0.141190544 0.784392238 0.603981972
v 0.166992188 0.404296905 0.083007783
vt 0.785400391 0.068603516
vn -0.094251692 -0.164940640 0.981789827
v 0.170898438 0.414062560 0.081054658
vt 0.778320312 0.065917969
vn -0.062853858 0.549971998 0.832814693
v 0.176757812 0.421875060 0.071289033
vt 0.769531250 0.064453125
vn -0.015718332 0.935241103 0.353662580
v 0.163085938 0.423828155 0.051757783
vt 0.765136719 0.049804688
vn 0.164813623 0.981033683 0.102027431
v 0.176757812 0.423828185 0.032226533
vt 0.750488281 0.048095703
vn 0.497220457 0.805023551 0.323587805
v 0.172851562 0.437500060 0.018554658
vt 0.745605469 0.035156250
vn 0.464999676 0.496525079 0.732965410
v 0.211914062 0.423828185 0.057617154
vt 0.751708984 0.085937500
vn 0.228765190 0.970280230 -0.078884646
v 0.182617188 0.417968810 0.043945283
vt 0.754394531 0.059814453
vn 0.227466658 0.956929028 -0.180404723
v 0.202148438 0.421875060 0.075195275
vt 0.761962891 0.082763672
vn 0.134003758 0.898613393 0.417776346
v 0.178710938 0.429687560 0.014648407
vt 0.740478516 0.043212891
vn 0.762527764 0.298722267 0.573861003
v 0.196289062 0.414062560 0.086914033
vt 0.770019531 0.083984375
vn 0.039473090 0.521043658 0.852616847
v 0.188476562 0.433593810 0.008789030
vt 0.731689453 0.042480469
vn 0.133552372 -0.133552194 0.982001781
v 0.211914062 0.410156310 0.083007775
vt 0.765136719 0.097656250
vn 0.409537762 0.417413503 0.811199605
v 0.188476562 0.416015685 0.028320281
vt 0.745605469 0.060546875
vn 0.447199821 0.894399703 0.007845514
v 0.188476562 0.416015685 0.006835906
vt 0.736816406 0.056884766
vn 0.646250606 0.598963976 0.472866148
v 0.192382812 0.419921935 0.002929655
vt 0.734130859 0.055419922
vn 0.118154332 -0.031507738 0.992495239
v 0.215820312 0.419921935 0.014648402
vt 0.724853516 0.066650391
vn -0.031562537 -0.102578633 0.994224131
v 0.208007812 0.406250060 0.006835904
vt 0.732177734 0.072265625
vn 0.197328165 0.591984391 0.781419277
v 0.204101562 0.414062560 0.034179654
vt 0.743408203 0.076904297
vn 0.165781349 0.931533813 -0.323668599
v 0.184570312 0.443359435 0.008789030
vt 0.730224609 0.037109375
vn 0.354925454 0.433797717 0.828159153
v 0.225585938 0.394531310 0.004882777
vt 0.729980469 0.098876953
v 0.231445312 0.414062560 0.010742150
vt 0.718017578 0.080566406
vn 0.322106659 -0.086418778 0.942750871
v 0.235351562 0.406250060 0.030273398
vt 0.739257812 0.114257812
vn 0.321630388 0.878600359 -0.353009135
v 0.215820312 0.429687560 0.012695277
vt 0.721923828 0.062011719
vn 0.243604213 0.534357488 0.809394240
v 0.208007798 0.439453185 0.000976527
vt 0.719726562 0.052246094
vn 0.432641983 0.786621749 0.440508097
v 0.235351562 0.423828185 0.006835899
vt 0.709228516 0.061767578
vn 0.466057479 0.537150979 0.703035772
v 0.245117188 0.404296935 0.043945272
vt 0.749267578 0.129638672
vn 0.591211379 0.804047465 0.063062437
v 0.258789062 0.390625060 0.016601523
vt 0.729003906 0.131347656
vn 0.267782897 0.952992380 -0.141767532
v 0.219726562 0.417968810 0.069335900
vt 0.756591797 0.100585938
vn 0.511731744 0.763661265 0.393639743
v 0.252929688 0.392578185 0.051757772
vt 0.758300781 0.137939453
vn 0.709563911 0.536114931 0.457274348
v 0.272460938 0.384765685 0.022460897
vt 0.737548828 0.144287109
vn 0.624999225 0.743669987 0.237341389
v 0.233398438 0.400390685 0.071289025
vt 0.763183594 0.118408203
vn 0.651125669 0.376554668 0.658970416
v 0.217773438 0.396484435 0.083007775
vt 0.770996094 0.107666016
vn 0.369792402 -0.125886679 0.920546710
v 0.243164062 0.382812560 0.067382775
vt 0.770996094 0.132324219
vn 0.536715865 0.252572179 0.805073559
v 0.254882812 0.363281280 0.069335900
vt 0.780273438 0.146240234
vn 0.628035665 0.400372773 0.667287767
v 0.280273438 0.365234435 0.038085897
vt 0.758056641 0.155273438
vn 0.732965529 0.464999676 0.496524900
v 0.231445312 0.380859435 0.071289025
vt 0.776123047 0.125488281
vn 0.181412071 -0.102537118 0.978046954
v 0.198242188 0.400390685 0.088867158
vt 0.774902344 0.092041016
vn 0.031578541 -0.236837983 0.971035898
v 0.208007812 0.378906280 0.069335900
vt 0.785156250 0.111572266
vn 0.228085116 0.165165052 0.959529936
v 0.174804688 0.392578185 0.077148408
vt 0.788818359 0.080566406
vn 0.039393399 0.299389005 0.953317583
v 0.233398438 0.373046905 0.073242150
vt 0.781494141 0.129882812
vn 0.243536547 0.557777107 0.793457448
v 0.186523438 0.388671935 0.077148408
vt 0.786621094 0.091796875
vn 0.275070995 0.141465083 0.950959325
v 0.225585952 0.359375060 0.096679650
vt 0.800781250 0.131103516
vn 0.290978074 0.660598755 0.692055762
v 0.155273438 0.394531280 0.077148408
vt 0.796142578 0.064453125
vn -0.063133098 0.378799260 0.923323095
v 0.206054702 0.363281310 0.096679650
vt 0.803710938 0.117919922
vn 0.370239526 0.716846645 0.590807557
v 0.176757827 0.382812560 0.106445283
vt 0.803710938 0.093017578
vn 0.393932879 0.716957867 0.575141907
v 0.161132827 0.388671905 0.104492158
vt 0.805175781 0.080078125
vn 0.023659511 0.867514372 0.496849120
v 0.141601562 0.392578155 0.077148415
vt 0.803222656 0.055908203
vn -0.220301703 0.542886615 0.810395837
v 0.137695327 0.378906310 0.104492165
vt 0.818115234 0.071533203
vn -0.386787117 0.568340361 0.726212740
v 0.155273452 0.378906310 0.114257783
vt 0.813720703 0.082763672
vn -0.188882649 0.432856292 0.881452739
v 0.153320327 0.363281310 0.114257783
vt 0.823242188 0.087402344
vn -0.298473179 -0.227782220 0.926838219
v 0.174804702 0.369140685 0.116210908
vt 0.814208984 0.096923828
vn 0.228141576 0.204540670 0.951900542
v 0.174804702 0.353515685 0.114257783
vt 0.822998047 0.102294922
vn 0.039475601 -0.450020224 0.892145455
v 0.204101577 0.355468810 0.104492150
vt 0.811279297 0.119384766
vn 0.308120102 0.189612359 0.932260334
v 0.202148452 0.345703185 0.102539025
vt 0.818847656 0.122070312
vn 0.039506394 -0.379260004 0.924446344
v 0.227539077 0.347656310 0.102539025
vt 0.808349609 0.135498047
vn 0.291113198 0.094415113 0.952018440
v 0.239257827 0.353515685 0.092773400
vt 0.799072266 0.140136719
vn 0.595991433 0.423467636 0.682253182
v 0.241210952 0.339843810 0.094726533
vt 0.807128906 0.146484375
vn 0.606111467 -0.023614667 0.795029104
v 0.264648438 0.337890685 0.069335900
vt 0.794189453 0.161621094
vn 0.709299445 0.126097724 0.693537056
v 0.315429688 0.322265685 0.020507768
vt 0.765136719 0.186767578
vn 0.765251875 0.213008299 0.607467830
v 0.227539077 0.324218810 0.096679658
vt 0.821044922 0.145996094
vn 0.433865309 0.055219267 0.899284124
v 0.249023452 0.318359405 0.083007783
vt 0.814941406 0.162353516
vn 0.661663592 -0.118154138 0.740432918
v 0.301757812 0.306640685 0.034179643
vt 0.794433594 0.192382812
vn 0.660353780 -0.078613475 0.746828496
v 0.290039062 0.279296935 0.036132775
vt 0.816894531 0.198730469
vn 0.557639539 -0.290600777 0.777553558
v 0.215820327 0.328125060 0.098632783
vt 0.823486328 0.137939453
vn 0.164981499 0.314250320 0.934894562
v 0.196289077 0.333984435 0.094726540
vt 0.828613281 0.124267578
vn 0.055166136 0.204902396 0.977226615
v 0.204101577 0.316406280 0.116210908
vt 0.839599609 0.139892578
vn 0.456410080 0.558708847 0.692484140
v 0.225585952 0.308593810 0.102539033
vt 0.831787109 0.153076172
vn 0.622491360 0.063037157 0.780083954
v 0.252929688 0.291015685 0.071289033
vt 0.828613281 0.175537109
vn 0.666487396 -0.282276899 0.690010369
v 0.252929688 0.255859405 0.051757779
vt 0.845458984 0.191406250
vn 0.714919508 0.306394100 0.628500462
v 0.278320312 0.251953155 0.030273400
vt 0.836425781 0.205566406
vn 0.592464507 -0.157990426 0.789952397
vt 0.841308594 0.206298828
vt 0.853027344 0.197753906
vt 0.864990234 0.193847656
vt 0.596191406 0.933593750
vt 0.611328125 0.921142578
vt 0.609619141 0.943847656
vt 0.624023438 0.929687500
vt 0.637695312 0.939941406
vt 0.636230469 0.932617188
v 0.157226562 0.187500030 -0.040039081
vt 0.644287109 0.939453125
vn -0.891978741 -0.094723463 -0.442042410
vt 0.640380859 0.928466797
vt 0.650878906 0.932128906
v 0.155273438 0.154296905 -0.036132827
vt 0.637939453 0.955566406
vn -0.961106837 0.015755795 -0.275727212
vt 0.617187500 0.961669922
v 0.161132812 0.199218780 -0.055664081
vt 0.654052734 0.935058594
vn -0.998762369 0.015728500 0.047185756
v 0.170898438 0.169921905 -0.057617206
vt 0.649414062 0.949462891
vn -0.979418874 -0.102681056 -0.173767731
v 0.170898438 0.158203155 -0.061523456
vt 0.650878906 0.956054688
vn -0.996147394 0.086280443 -0.015687235
v 0.163085938 0.207031280 -0.061523456
vt 0.658447266 0.932128906
vn -0.840412080 0.541947901 0.000000087
vt 0.653320312 0.929443359
v 0.168945312 0.171875030 -0.063476585
vt 0.651855469 0.948242188
vn -0.814566433 -0.253069222 0.521955371
v 0.153320312 0.189453155 -0.067382835
vt 0.659179688 0.939941406
vn -0.744622886 -0.109733924 0.658403635
v 0.157226562 0.140625030 -0.045898456
vt 0.643554688 0.965576172
vn -0.908785880 0.173854619 -0.379319191
v 0.153320312 0.117187530 -0.040039074
vt 0.640625000 0.974609375
vn -0.998854995 0.047189955 0.007865129
v 0.155273438 0.113281280 -0.057617199
vt 0.647460938 0.979492188
vn -0.921688616 0.086654432 -0.378128558
v 0.168945312 0.142578155 -0.067382827
vt 0.653808594 0.965332031
vn -0.997898698 0.015714895 -0.062859625
v 0.172851562 0.123046920 -0.079101577
vt 0.659912109 0.977294922
vn -0.968954682 -0.094532214 -0.228452593
v 0.165039062 0.146484405 -0.073242202
vt 0.656494141 0.963378906
vn -0.708859146 -0.283543676 0.645849645
v 0.172851562 0.121093795 -0.086914077
vt 0.664550781 0.976806641
vn -0.826157153 -0.330462873 0.456353605
v 0.141601562 0.138671905 -0.090820320
vt 0.670410156 0.965332031
vn -0.678027570 -0.425738364 0.599187374
v 0.153320312 0.119140655 -0.100585952
vt 0.675292969 0.974121094
vn -0.660598576 -0.526906133 0.534770429
v 0.137695298 0.177734405 -0.084960952
vt 0.666503906 0.947265625
vn -0.714831054 -0.015710576 0.699120700
v 0.135742173 0.160156280 -0.088867195
vt 0.668945312 0.955810547
vn -0.777769387 -0.196406424 0.597075701
v 0.137695298 0.136718780 -0.102539070
vt 0.675781250 0.965332031
vn -0.916316271 -0.387064666 0.102690749
v 0.176757812 0.101562545 -0.090820327
vt 0.671386719 0.984863281
vn -0.979908049 -0.110634819 0.165952295
v 0.155273423 0.109375030 -0.106445327
vt 0.677246094 0.977783203
vn -0.786402643 -0.228056774 0.574074090
v 0.149414048 0.117187530 -0.114257827
vt 0.681396484 0.975097656
vn -0.939808905 -0.284311980 0.189541444
v 0.129882798 0.177734405 -0.094726577
vt 0.671630859 0.948242188
vn -0.960421562 0.188935354 0.204680100
v 0.151367188 0.197265655 -0.073242210
vt 0.662597656 0.936767578
vn -0.809769452 0.479572177 0.338059187
v 0.141601548 0.134765655 -0.122070320
vt 0.684570312 0.967041016
vn -0.920461237 -0.298953265 -0.251749963
v 0.149414048 0.123046905 -0.129882827
vt 0.689453125 0.971191406
vn -0.975169599 -0.062914215 -0.212335184
v 0.133789048 0.177734405 -0.114257827
vt 0.680664062 0.947021484
vn -0.960243106 0.102320917 -0.259737730
v 0.141601548 0.195312530 -0.120117202
vt 0.682861328 0.939697266
vn -0.867244840 0.488810658 -0.094608434
v 0.145507798 0.154296905 -0.143554702
vt 0.693847656 0.957763672
vn -0.876273394 -0.149992794 -0.457872421
v 0.157226548 0.132812530 -0.149414077
vt 0.698486328 0.968994141
vn -0.853281915 -0.000000060 -0.521449924
v 0.161132798 0.156250030 -0.165039077
vt 0.705078125 0.958007812
vn -0.622781456 -0.165549532 -0.764680862
v 0.168945298 0.140625030 -0.163085952
vt 0.707031250 0.965576172
vn -0.638548017 -0.086716443 -0.764680743
v 0.186523423 0.142578155 -0.174804717
vt 0.716308594 0.965820312
vn -0.393420488 0.110157654 -0.912735224
v 0.151367173 0.175781280 -0.155273452
vt 0.699707031 0.948486328
vn -0.819100916 0.086635612 -0.567069709
v 0.188476548 0.166015655 -0.178710967
vt 0.717529297 0.954345703
vn -0.227663055 -0.023551390 -0.973455191
v 0.202148423 0.142578155 -0.178710967
vt 0.723388672 0.965087891
vn -0.070774190 0.385325402 -0.920062780
v 0.166992173 0.185546905 -0.168945327
vt 0.708007812 0.944335938
vn -0.568340480 0.055255253 -0.820936024
v 0.153320298 0.208984405 -0.141601577
vt 0.693115234 0.933593750
vn -0.954859912 0.189393625 -0.228850588
v 0.155273423 0.195312530 -0.153320327
vt 0.699462891 0.939941406
vn -0.849577785 0.157329157 -0.503453314
v 0.208007798 0.185546905 -0.178710967
vt 0.726074219 0.946533203
vn 0.236066729 0.086557806 -0.967874169
v 0.159179673 0.212890655 -0.157226577
vt 0.701171875 0.932128906
vn -0.849761844 -0.000000060 -0.527166903
v 0.182617173 0.199218780 -0.174804717
vt 0.714599609 0.938476562
vn -0.268449992 -0.007895639 -0.963261366
v 0.172851548 0.208984405 -0.170898467
vt 0.710205078 0.933837891
vn -0.573878944 -0.047168188 -0.817580700
v 0.223632798 0.185546905 -0.170898467
vt 0.733642578 0.947509766
vn 0.290189266 0.015685884 -0.956840813
v 0.200195298 0.205078155 -0.176757842
vt 0.722900391 0.937500000
vn 0.039320003 -0.031456154 -0.998731434
v 0.194335908 0.240234405 -0.180664092
vt 0.722656250 0.922119141
vn 0.031471554 -0.023603804 -0.999225974
v 0.219726548 0.144531280 -0.174804717
vt 0.732666016 0.966308594
vn -0.188556135 0.589237452 -0.785649955
v 0.176757783 0.244140655 -0.178710967
vt 0.715332031 0.920166016
vn -0.378976405 -0.055267431 -0.923754632
v 0.161132798 0.250000030 -0.166992202
vt 0.707519531 0.916992188
vn -0.793261826 -0.070686750 -0.604763806
v 0.165039033 0.285156280 -0.170898452
vt 0.713623047 0.903808594
vn -0.362654835 -0.055186644 -0.930288136
v 0.155273423 0.253906280 -0.151367202
vt 0.700195312 0.915527344
vn -0.989522040 -0.054973498 -0.133506805
v 0.159179658 0.302734405 -0.170898452
vt 0.712646484 0.896240234
vn -0.583129406 -0.252164066 -0.772252202
v 0.153320283 0.292968780 -0.159179702
vt 0.706542969 0.899414062
vn -0.889212728 -0.204597652 -0.409195065
v 0.180664033 0.294921905 -0.178710967
vt 0.721923828 0.900146484
vn -0.150044292 -0.055279482 -0.987132728
v 0.149414048 0.292968780 -0.145507827
vt 0.700927734 0.899658203
vn -0.954028547 -0.299612314 0.007884671
v 0.157226548 0.261718780 -0.135742202
vt 0.694091797 0.912597656
vn -0.947233975 -0.055255342 0.315744787
v 0.155273423 0.232421905 -0.133789077
vt 0.690429688 0.924316406
vn -0.967185616 0.094359539 0.235899076
v 0.174804673 0.263671905 -0.100585960
vt 0.678222656 0.911132812
vn -0.958049536 -0.047117226 0.282703251
v 0.172851548 0.244140655 -0.100585960
vt 0.675781250 0.917968750
vn -0.933771431 0.094161816 0.345260173
v 0.200195283 0.287109405 -0.178710967
vt 0.729736328 0.903808594
vn 0.204142883 0.102071472 -0.973605216
v 0.196289033 0.304687530 -0.176757842
vt 0.729248047 0.896484375
vn 0.331067950 0.102473430 -0.938026309
v 0.209960908 0.300781280 -0.170898467
vt 0.736572266 0.898437500
vn 0.510735452 0.440018326 -0.738602221
v 0.155273423 0.214843780 -0.125976577
vt 0.686523438 0.930664062
vn -0.911550879 0.369335264 0.180738643
v 0.166992173 0.222656280 -0.104492210
vt 0.677001953 0.926025391
vn -0.865524828 0.361946762 0.346210033
v 0.178710923 0.230468780 -0.079101585
vt 0.665771484 0.923339844
vn -0.996392667 0.070610456 0.047073796
v 0.176757798 0.259765655 -0.083007835
vt 0.668212891 0.915283203
vn -0.991634309 -0.078701191 -0.102311350
v 0.157226548 0.210937530 -0.108398460
vt 0.678466797 0.931152344
vn -0.757009387 0.622955561 0.197137937
v 0.176757798 0.220703155 -0.075195335
vt 0.663818359 0.926025391
vn -0.884636521 0.466013819 0.015797175
vt 0.657226562 0.924072266
v 0.227539033 0.294921905 -0.163085967
vt 0.744140625 0.900146484
vn 0.518033504 0.580825567 -0.627919555
v 0.225585908 0.283203155 -0.170898467
vt 0.740722656 0.905273438
vn 0.426427931 0.189523548 -0.884443402
v 0.258789033 0.269531280 -0.153320342
vt 0.755371094 0.910644531
vn 0.488567710 0.299444795 -0.819533169
v 0.254882783 0.283203155 -0.149414092
vt 0.755615234 0.904296875
vn 0.560167491 0.536498547 -0.631174862
v 0.221679658 0.261718780 -0.170898467
vt 0.737792969 0.914306641
vn 0.395111799 -0.134338081 -0.908757448
v 0.254882783 0.259765655 -0.157226592
vt 0.752197266 0.914306641
vn 0.346628577 -0.031511724 -0.937472999
v 0.208007783 0.255859405 -0.176757842
vt 0.730712891 0.916503906
vn 0.329983056 0.047140427 -0.942809165
v 0.237304673 0.250000030 -0.159179717
vt 0.744873047 0.919189453
vn 0.449865937 -0.047354341 -0.891839802
v 0.217773423 0.222656280 -0.176757842
vt 0.731201172 0.930908203
vn 0.227473602 -0.047063559 -0.972646356
v 0.221679673 0.240234405 -0.174804717
vt 0.734863281 0.923583984
vn 0.403253287 0.197673202 -0.893483102
v 0.245117173 0.218750030 -0.166992217
vt 0.743164062 0.933349609
vn 0.394398242 0.189311191 -0.899228275
v 0.250976533 0.238281280 -0.153320342
vt 0.750244141 0.924316406
vn 0.425830901 0.102514848 -0.898976624
v 0.266601533 0.230468780 -0.147460967
vt 0.757324219 0.927490234
vn 0.251586497 0.039310381 -0.967036188
v 0.266601533 0.201171905 -0.163085967
vt 0.752685547 0.941162109
vn 0.385384887 0.298869997 -0.873015046
v 0.290039033 0.232421905 -0.149414107
vt 0.767333984 0.926025391
vn -0.000000128 -0.062867567 -0.998021960
v 0.282226533 0.177734405 -0.165039092
vt 0.757812500 0.951904297
vn 0.259834379 0.559037745 -0.787377357
v 0.250976533 0.185546905 -0.168945342
vt 0.745361328 0.948242188
vn 0.015693503 0.149089515 -0.988699138
v 0.239257798 0.187500030 -0.166992217
vt 0.740478516 0.947021484
vn 0.047073536 0.070610456 -0.996392667
v 0.258789033 0.167968780 -0.172851592
vt 0.748535156 0.957031250
vn -0.125410303 0.697594106 -0.705432355
v 0.284179658 0.214843780 -0.145507857
vt 0.763671875 0.934326172
vn 0.149227321 0.117811121 -0.981759608
v 0.295898408 0.193359405 -0.149414107
vt 0.767333984 0.944824219
vn 0.243814871 0.369654983 -0.896610022
v 0.309570283 0.199218780 -0.147460982
vt 0.772705078 0.941406250
vn -0.141382217 0.023563635 -0.989674628
v 0.315429658 0.214843780 -0.151367232
vt 0.776855469 0.934326172
vn -0.196092129 0.015687309 -0.980460048
v 0.311523408 0.234375030 -0.147460982
vt 0.779541016 0.924560547
vn 0.102109149 0.361309767 -0.926838160
v 0.280273408 0.171875030 -0.172851592
vt 0.757812500 0.957031250
vn 0.023613168 0.897304058 -0.440780967
v 0.258789033 0.162109405 -0.196289092
vt 0.750976562 0.967041016
vn -0.212796509 0.890592396 -0.401948750
v 0.280273408 0.253906280 -0.149414092
vt 0.764404297 0.917236328
vn 0.355079889 0.347189337 -0.867973387
v 0.307617158 0.248046905 -0.139648482
vt 0.778564453 0.917724609
vn 0.403872401 0.688959002 -0.601849377
v 0.344726533 0.220703155 -0.151367232
vt 0.790771484 0.919677734
vn 0.126105383 0.701461792 -0.701461911
v 0.286132783 0.263671905 -0.137695357
vt 0.769042969 0.911376953
vn 0.521189690 0.663332522 -0.536983490
v 0.333007783 0.232421920 -0.141601607
vt 0.787353516 0.916748047
vn 0.386955947 0.766014993 -0.513309121
v 0.352539033 0.230468795 -0.131835982
vt 0.794921875 0.908203125
vn -0.031378698 0.807998538 -0.588348508
v 0.329101533 0.244140670 -0.124023482
vt 0.786132812 0.909423828
vn 0.267683208 0.700700521 -0.661335409
v 0.336914033 0.259765655 -0.114257857
vt 0.788085938 0.903564453
vn 0.149522781 0.543004155 -0.826310873
v 0.297851533 0.263671905 -0.122070350
vt 0.775878906 0.907226562
vn 0.369746387 0.668690443 -0.645089686
v 0.295898408 0.281250030 -0.112304725
vt 0.779052734 0.899658203
vn 0.204237357 0.573436022 -0.793384075
v 0.282226533 0.275390655 -0.118164100
vt 0.770996094 0.899902344
vn 0.600457489 0.489847004 -0.632060707
v 0.274414033 0.279296905 -0.129882842
vt 0.767089844 0.902343750
vn 0.700439990 0.472206831 -0.535167813
v 0.258789033 0.289062530 -0.137695342
vt 0.760498047 0.901367188
vn 0.550141692 0.479409337 -0.683747709
vt 0.184082031 0.971923828
vt 0.177490234 0.969970703
vt 0.180419922 0.969238281
v 0.155273438 0.068359405 -0.055664074
vt 0.184082031 0.968994141
vn -0.931446791 0.236808449 -0.276276469
vt 0.184326172 0.959716797
vt 0.180908203 0.958007812
vt 0.175048828 0.960937500
vt 0.176757812 0.952148438
v 0.161132812 0.064453155 -0.067382827
vt 0.186767578 0.969482422
vn -0.710868657 0.592390418 -0.379129887
vt 0.191650391 0.957519531
v 0.141601562 0.058593780 -0.086914070
vt 0.190673828 0.973876953
vn -0.086458884 0.982487082 0.165057793
vt 0.181396484 0.979980469
v 0.104492188 0.058593780 -0.088867195
vt 0.191894531 0.981445312
vn -0.031456146 0.998731434 0.039320093
vt 0.185791016 0.989501953
v 0.133789062 0.062500030 -0.098632820
vt 0.193603516 0.975341797
vn -0.221138388 0.884553611 0.410685599
v 0.110351555 0.062500030 -0.116210945
vt 0.194824219 0.980957031
vn -0.205157354 0.970552027 0.126250654
v 0.114257805 0.066406280 -0.133789062
vt 0.196777344 0.980468750
vn -0.474030703 0.876956761 0.079005137
v 0.170898438 0.062500045 -0.088867202
vt 0.192138672 0.969482422
vn -0.559193850 0.803348899 0.204775259
v 0.149414062 0.080078155 -0.106445327
vt 0.197753906 0.971191406
vn -0.543357551 0.496109128 0.677228391
v 0.125976548 0.076171905 -0.133789062
vt 0.200195312 0.974853516
vn -0.653847456 0.732624233 0.189064398
v 0.174804688 0.070312545 -0.086914077
vt 0.192871094 0.967285156
vn -0.957783818 0.235520557 -0.164864302
vt 0.194335938 0.958740234
v 0.172851562 0.068359420 -0.092773452
vt 0.193847656 0.968505859
vn -0.677774906 0.378293008 0.630488396
vt 0.195800781 0.962402344
vt 0.197265625 0.956787109
v 0.157226562 0.089843780 -0.104492202
vt 0.198242188 0.968261719
vn -0.643676877 0.133445233 0.753573120
v 0.145507798 0.097656280 -0.124023452
vt 0.201904297 0.969726562
vn -0.925582767 0.211785883 0.313757002
vt 0.200439453 0.965332031
vt 0.083007812 0.986572266
vt 0.064941406 0.987792969
vt 0.080078125 0.968017578
vt 0.110107422 0.967041016
vt 0.114257812 0.937744141
vt 0.124023438 0.910156250
vt 0.116943359 0.894531250
v 0.161132798 0.314453155 -0.083007835
vt 0.127685547 0.910400391
vn -0.875074387 -0.473013252 0.102486327
v 0.172851548 0.291015655 -0.090820335
vt 0.129394531 0.940673828
vn -0.936398506 -0.330493629 0.118033573
vt 0.129638672 0.968750000
vt 0.125976562 0.981689453
v 0.165039048 0.289062530 -0.110351585
vt 0.151367188 0.953369141
vn -0.844196200 -0.362925500 0.394484371
vt 0.170654297 0.986572266
vt 0.000000000 0.884033203
vt 0.002441406 0.881347656
vt 0.008544922 0.886962891
vt 0.000976562 0.890136719
vt 0.004882812 0.877197266
v 0.143554673 0.097656280 -0.151367202
vt 0.017333984 0.879882812
vn -0.858214557 0.480285168 -0.181091040
v 0.137695298 0.087890655 -0.135742202
vt 0.016357422 0.887939453
vn -0.780084014 0.598852336 0.181231722
vt 0.006347656 0.892822266
vt 0.019775391 0.893798828
v 0.125976548 0.074218780 -0.157226562
vt 0.027099609 0.887451172
vn -0.662712872 0.717938960 -0.213014796
vt 0.024414062 0.898925781
vt 0.011718750 0.901611328
v 0.106445298 0.058593780 -0.161132812
vt 0.035888672 0.894287109
vn -0.393213600 0.888662577 -0.235928133
v 0.151367173 0.109375030 -0.157226577
vt 0.014892578 0.872558594
vn -0.843566418 0.409957379 -0.346887022
vt 0.005126953 0.868652344
v 0.137695298 0.068359390 -0.186523438
vt 0.035400391 0.876708984
vn -0.604037762 0.745241284 -0.282407165
v 0.168945298 0.130859405 -0.166992202
vt 0.010498047 0.861572266
vn -0.676013887 0.408752441 -0.613128722
vt 0.006347656 0.860595703
v 0.157226548 0.099609390 -0.182617202
vt 0.023681641 0.866210938
vn -0.764324784 0.401861399 -0.504296601
vt 0.007080078 0.853271484
v 0.153320298 0.082031265 -0.188476562
vt 0.031250000 0.868408203
vn -0.764229834 0.583020627 -0.275752932
v 0.170898423 0.109375030 -0.190429717
vt 0.022460938 0.858154297
vn -0.544083595 0.638706744 -0.544083416
v 0.184570298 0.128906280 -0.180664092
vt 0.012939453 0.854003906
vn -0.455902308 0.550226688 -0.699573994
vt 0.006835938 0.847656250
v 0.202148423 0.128906280 -0.194335967
vt 0.013916016 0.845703125
vn -0.461939603 0.657676578 -0.595040679
vt 0.002929688 0.842041016
v 0.188476548 0.115234405 -0.194335967
vt 0.019531250 0.850585938
vn -0.440835685 0.598276854 -0.669125319
v 0.211914048 0.117187530 -0.211914092
vt 0.020263672 0.838867188
vn -0.513133168 0.481555581 -0.710491836
v 0.217773423 0.134765655 -0.202148467
vt 0.011962891 0.837890625
vn -0.551249564 0.692999363 -0.464624554
v 0.235351533 0.138671905 -0.215820342
vt 0.012451172 0.829101562
vn -0.362609774 0.543914378 -0.756750524
v 0.213867158 0.093750030 -0.225585967
vt 0.031250000 0.835449219
vn -0.181231767 0.598852336 -0.780084014
v 0.231445283 0.111328155 -0.223632842
vt 0.025878906 0.826904297
vn -0.235404700 0.360953629 -0.902384102
v 0.194335923 0.105468780 -0.208007842
vt 0.025390625 0.846679688
vn -0.354045600 0.684487879 -0.637281835
v 0.192382783 0.087890655 -0.233398467
vt 0.038085938 0.843261719
vn -0.110521086 0.718386173 -0.686808825
v 0.172851548 0.093750030 -0.221679717
vt 0.035888672 0.852294922
vn -0.345217645 0.761047721 -0.549209654
v 0.159179673 0.089843765 -0.206054702
vt 0.033935547 0.860351562
vn -0.763377488 0.598110080 -0.243965909
v 0.168945283 0.074218765 -0.235351562
vt 0.046142578 0.851562500
vn -0.431867778 0.588910401 -0.683136046
v 0.198242158 0.068359405 -0.250976592
vt 0.043457031 0.838867188
vn -0.039442405 0.733626485 -0.678407311
v 0.157226548 0.074218765 -0.225585938
vt 0.044677734 0.857666016
vn -0.582605064 0.637716174 -0.503874481
v 0.147460923 0.070312515 -0.211914062
vt 0.041748047 0.864990234
vn -0.654742002 0.717849612 -0.236653656
v 0.129882798 0.054687515 -0.221679688
vt 0.051513672 0.870605469
vn -0.481615692 0.829010546 -0.284232140
v 0.172851533 0.050781280 -0.260742217
vt 0.058593750 0.847412109
vn -0.488719553 0.827670157 -0.275889993
v 0.188476533 0.062500030 -0.254882842
vt 0.052734375 0.843261719
vn -0.252470016 0.788968444 -0.560167611
v 0.165039033 0.048828140 -0.252929717
vt 0.058593750 0.851562500
vn -0.378410667 0.748937547 -0.543965161
v 0.151367158 0.052734390 -0.247070312
vt 0.057861328 0.857910156
vn -0.212796524 0.811778843 -0.543813109
v 0.161132783 0.044921890 -0.258789092
vt 0.062255859 0.849365234
vn -0.196625039 0.951664925 -0.235949993
v 0.116210923 0.052734390 -0.194335938
vt 0.045654297 0.882568359
vn -0.417932272 0.883177519 -0.212908849
v 0.129882783 0.048828140 -0.239257812
vt 0.059082031 0.867675781
vn -0.204540685 0.951900601 -0.228141472
v 0.147460908 0.046875015 -0.256835967
vt 0.062744141 0.857177734
vn -0.047140539 0.942809105 -0.329983205
v 0.153320283 0.042968765 -0.270507842
vt 0.067382812 0.850585938
vn -0.149643525 0.850604653 -0.504062057
v 0.188476533 0.058593780 -0.272460967
vt 0.068847656 0.840087891
vn -0.283438295 0.834568083 -0.472397029
v 0.131835908 0.042968765 -0.270507842
vt 0.069824219 0.861083984
vn -0.047273524 0.843042612 -0.535765409
v 0.153320283 0.033203140 -0.278320342
vt 0.071289062 0.852294922
vn -0.055116538 0.322824597 -0.944852650
v 0.186523408 0.052734405 -0.276367217
vt 0.072998047 0.843750000
vn -0.149806276 0.394226640 -0.906721354
v 0.108398408 0.031250015 -0.278320312
vt 0.080566406 0.866699219
vn -0.047391370 0.379129827 -0.924129069
v 0.165039033 0.007812515 -0.280273467
vt 0.080322266 0.844726562
vn -0.000000127 -0.086291149 -0.996270061
v 0.110351533 0.041015640 -0.270507812
vt 0.075439453 0.868164062
vn -0.086582080 0.850077510 -0.519491851
v 0.081054665 0.041015640 -0.258789062
vt 0.077880859 0.880615234
vn -0.110321827 0.961375296 -0.252164036
v 0.063476540 0.031250015 -0.272460938
vt 0.088134766 0.883056641
vn -0.070963129 0.630782187 -0.772708297
v 0.065429665 0.007812515 -0.280273438
vt 0.096923828 0.876464844
vn -0.023612665 0.015741644 -0.999597251
v 0.004882787 0.000000030 -0.278320312
vt 0.110839844 0.894042969
vn -0.047226600 -0.653300345 -0.755624473
v -0.000976589 0.027343765 -0.274414062
vt 0.106689453 0.901123047
vn -0.062821120 0.526125729 -0.848083377
v -0.012695337 0.037109390 -0.258789062
vt 0.101806641 0.910156250
vn -0.055186678 0.930288196 -0.362654746
v 0.049804665 0.041015640 -0.254882812
vt 0.083984375 0.892578125
vn -0.023680927 0.963021278 -0.268382996
v 0.022460919 0.042968765 -0.217773423
vt 0.079101562 0.911621094
vn 0.015738228 0.999380589 -0.031476602
v 0.112304665 0.048828140 -0.211914062
vt 0.053222656 0.879638672
vn -0.290888131 0.951282620 -0.102203920
v 0.096679673 0.044921890 -0.202148438
vt 0.053955078 0.887451172
vn -0.220966235 0.970672905 -0.094699807
v 0.073242173 0.042968765 -0.192382812
vt 0.056396484 0.897949219
vn -0.094514623 0.992402971 -0.078762174
v 0.040039048 0.041015640 -0.178710923
vt 0.060791016 0.912597656
vn -0.007878724 0.984832287 -0.173330531
v 0.086914048 0.046875015 -0.176757812
vt 0.047607422 0.897216797
vn -0.212855995 0.946026325 -0.244390145
v 0.004882799 0.042968765 -0.178710923
vt 0.068115234 0.924560547
vn -0.000000066 0.984862804 -0.173335910
v -0.028320327 0.041015640 -0.178710923
vt 0.075439453 0.933349609
vn -0.031456176 0.983003378 -0.180872664
v -0.012695323 0.054687530 -0.145507798
vt 0.058349609 0.938720703
vn -0.000000078 0.961226106 -0.275761604
v 0.067382805 0.056640655 -0.137695312
vt 0.039550781 0.913818359
vn -0.078555368 0.974085748 -0.212099358
v -0.000976570 0.058593780 -0.120117180
vt 0.045898438 0.941406250
vn 0.039261855 0.997252405 -0.062819101
v 0.098632805 0.060546905 -0.131835938
vt 0.029541016 0.904296875
vn -0.188410714 0.981305599 -0.039252240
vt 0.020996094 0.905273438
vt 0.017822266 0.914550781
v 0.061523434 0.060546905 -0.104492188
vt 0.030761719 0.924072266
vn -0.015744174 0.999752104 -0.015744168
vt 0.017089844 0.936767578
vt 0.000000000 0.936035156
vt 0.018310547 0.944580078
vt 0.013916016 0.955078125
v 0.004882821 0.058593780 -0.002929680
vt 0.030029297 0.960449219
vn 0.078916460 0.994347930 0.071024798
vt 0.033447266 0.946533203
vt 0.060791016 0.955322266
v -0.069335938 0.058593780 -0.053710923
vt 0.025390625 0.996582031
vn 0.015741648 0.999597251 0.023612488
vt 0.074218750 0.063720703
vt 0.075195312 0.045898438
vt 0.082275391 0.066162109
vt 0.090576172 0.050292969
vt 0.119628906 0.062255859
vt 0.094970703 0.053955078
vt 0.112548828 0.043457031
v -0.047851570 0.060546905 -0.120117173
vt 0.121582031 0.047851562
vn -0.000000056 0.995495498 -0.094809145
v -0.083007820 0.060546905 -0.106445298
vt 0.127685547 0.053466797
vn 0.047189958 0.998854995 0.007864949
vt 0.116943359 0.039550781
v -0.067382820 0.054687530 -0.143554658
vt 0.127441406 0.045166016
vn 0.078713246 0.960302532 -0.267625302
v -0.096679695 0.062500030 -0.124023415
vt 0.131591797 0.052490234
vn 0.275752991 0.961196363 -0.007878737
v -0.108398452 0.062500030 -0.151367158
vt 0.135742188 0.048583984
vn 0.387112916 0.869029224 -0.308110416
v -0.090820327 0.054687530 -0.157226533
vt 0.133300781 0.044433594
vn 0.228708267 0.875400960 -0.425870806
v -0.071289077 0.041015640 -0.176757783
vt 0.131347656 0.037841797
vn 0.086870313 0.971368849 -0.221124664
vt 0.122070312 0.032714844
vt 0.115234375 0.031494141
v -0.047851581 0.041015640 -0.221679673
vt 0.130126953 0.026855469
vn -0.015697557 0.996791542 -0.078487568
vt 0.121582031 0.020507812
v -0.100585952 0.042968765 -0.194335908
vt 0.137695312 0.035888672
vn 0.149379507 0.974898219 -0.165103778
vt 0.131347656 0.015625000
v -0.110351585 0.035156265 -0.258789062
vt 0.144531250 0.023925781
vn 0.094743967 0.923754573 -0.371080935
v -0.069335960 0.035156265 -0.254882812
vt 0.136718750 0.021972656
vn -0.007849810 0.926266909 -0.376786560
v -0.086914085 0.025390640 -0.268554688
vt 0.140136719 0.020019531
vn 0.015757183 0.512112737 -0.858773768
v -0.047851589 0.025390640 -0.270507812
vt 0.138183594 0.014404297
vn -0.062976643 0.535300255 -0.842310846
vt 0.132812500 0.012695312
vt 0.132080078 0.006591797
v -0.108398460 0.000000030 -0.272460938
vt 0.144775391 0.004150391
vn 0.015695987 -0.674930334 -0.737714529
vt 0.069335938 0.014648438
vt 0.063720703 0.026611328
vt 0.063232422 0.020263672
v -0.110351562 0.058593780 -0.081054665
vt 0.056396484 0.030029297
vn 0.007861803 0.998453617 0.055032831
vt 0.057617188 0.035888672
v -0.108398445 0.062500030 -0.104492165
vt 0.054443359 0.034179688
vn 0.180404633 0.956929028 0.227466643
vt 0.054687500 0.038330078
v -0.129882812 0.060546905 -0.086914040
vt 0.053955078 0.029541016
vn 0.219866693 0.903023839 0.369061857
v -0.118164070 0.072265655 -0.122070290
vt 0.049804688 0.036621094
vn 0.496910959 0.851847470 0.165636897
v -0.143554688 0.058593780 -0.073242158
vt 0.054687500 0.025146484
vn 0.078635380 0.990806222 0.110089526
v -0.147460938 0.058593780 -0.041992161
vt 0.058593750 0.019042969
vn 0.236926600 0.971399188 -0.015795184
vt 0.063476562 0.010986328
v -0.170898438 0.062500015 -0.075195283
vt 0.052246094 0.023437500
vn 0.606732011 0.756445110 0.244268626
v -0.157226562 0.064453155 -0.047851533
vt 0.057373047 0.018554688
vn 0.840308309 0.424080908 -0.337694168
v -0.153320312 0.064453155 -0.024414035
vt 0.060546875 0.013183594
vn 0.992741704 -0.102425680 -0.063031338
vt 0.063476562 0.008056641
vt 0.061523438 0.004394531
v -0.153320312 0.089843780 -0.024414035
vt 0.057861328 0.011962891
vn 0.997991085 -0.031432740 0.055007253
v -0.153320312 0.136718780 -0.020507786
vt 0.054199219 0.008300781
vn 0.995340228 0.078995295 -0.055296816
vt 0.060791016 0.001220703
v -0.155273438 0.158203155 -0.024414038
vt 0.052246094 0.004882812
vn 0.946290970 0.000000027 -0.323316216
v -0.151367188 0.117187530 -0.030273411
vt 0.054443359 0.012451172
vn 0.992218256 0.070872769 -0.102371842
v -0.159179688 0.146484405 -0.034179661
vt 0.051757812 0.011474609
vn 0.872044504 0.157125175 -0.463519275
v -0.168945312 0.142578155 -0.051757786
vt 0.050781250 0.015625000
vn 0.981789827 0.094251864 -0.164940819
v -0.157226562 0.113281280 -0.047851533
vt 0.053466797 0.016601562
vn 0.884085000 0.126297891 -0.449936271
v -0.174804688 0.070312515 -0.073242158
vt 0.052001953 0.022216797
vn 0.965277612 0.219738036 -0.141260281
v -0.174804688 0.121093765 -0.071289033
vt 0.048339844 0.020996094
vn 0.940014184 -0.252776891 0.229078978
v -0.165039062 0.146484405 -0.059570286
vt 0.049804688 0.015136719
vn 0.669021904 -0.306962878 0.676892519
v -0.172851562 0.070312515 -0.079101533
vt 0.051269531 0.023925781
vn 0.697679996 0.282207638 0.658484280
v -0.174804688 0.103515640 -0.077148408
vt 0.047851562 0.023681641
vn 0.871802509 -0.102102920 0.479098529
v -0.151367188 0.119140655 -0.086914033
vt 0.044433594 0.023925781
vn 0.686701894 -0.544625521 0.481480569
v -0.139648438 0.138671905 -0.077148415
vt 0.041503906 0.020507812
vn 0.745241404 -0.400076896 0.533435822
v -0.155273438 0.109375030 -0.090820283
vt 0.045166016 0.026611328
vn 0.787499309 -0.275624692 0.551249385
v -0.149414062 0.117187530 -0.100585908
vt 0.043212891 0.028076172
vn 0.949874640 -0.274757057 0.149153754
v -0.157226562 0.089843780 -0.090820283
vt 0.048583984 0.027587891
vn 0.682925701 0.109896131 0.722174108
v -0.153320312 0.076171905 -0.088867158
vt 0.050537109 0.027832031
vn 0.424723268 0.448318928 0.786524296
v -0.145507827 0.099609405 -0.112304658
vt 0.046142578 0.031250000
vn 0.935819328 0.220192850 0.275240839
v -0.149414077 0.123046905 -0.116210908
vt 0.042724609 0.030029297
vn 0.968924522 -0.039387148 -0.244200632
v -0.145507812 0.082031280 -0.100585908
vt 0.049560547 0.031005859
vn 0.660598755 0.526906133 0.534770310
v -0.145507827 0.103515655 -0.133789048
vt 0.042236328 0.037109375
vn 0.889075041 0.416999847 -0.188830242
v -0.137695327 0.087890655 -0.122070290
vt 0.046386719 0.034912109
vn 0.770960748 0.605754972 0.196673527
v -0.137695327 0.087890655 -0.139648423
vt 0.044433594 0.039062500
vn 0.744874597 0.627262950 -0.227382943
v -0.124023445 0.074218780 -0.143554658
vt 0.048339844 0.041259766
vn 0.557776988 0.793457508 -0.243536577
vt 0.052490234 0.044189453
v -0.157226577 0.103515655 -0.159179673
vt 0.037597656 0.041259766
vn 0.766325593 0.458215326 -0.450315177
v -0.159179702 0.132812515 -0.133789048
vt 0.038818359 0.035400391
vn 0.854987383 0.031375702 -0.517698944
v -0.151367202 0.082031265 -0.170898408
vt 0.041992188 0.045654297
vn 0.743576825 0.601189911 -0.292684644
v -0.141601577 0.068359390 -0.180664033
vt 0.045166016 0.049072266
vn 0.604186356 0.721885085 -0.337402910
v -0.168945327 0.109375015 -0.170898423
vt 0.035156250 0.044677734
vn 0.607581258 0.599690735 -0.520784080
v -0.168945327 0.128906280 -0.153320298
vt 0.032226562 0.041259766
vn 0.706910372 0.353455245 -0.612655878
v -0.161132827 0.091796890 -0.190429673
vt 0.038574219 0.049560547
vn 0.744325697 0.571955681 -0.344740480
v -0.106445327 0.048828140 -0.176757783
vt 0.052978516 0.050537109
vn 0.329535872 0.878762603 -0.345228225
vt 0.055908203 0.046630859
vt 0.059326172 0.052246094
vt 0.054931641 0.054931641
v -0.118164077 0.046875015 -0.198242158
vt 0.051269531 0.055419922
vn 0.377496570 0.865096509 -0.330309659
v -0.153320327 0.068359390 -0.200195283
vt 0.042968750 0.053955078
vn 0.621277273 0.613413095 -0.487584919
v -0.131835952 0.044921890 -0.215820283
vt 0.049316406 0.059570312
vn 0.260343313 0.891478896 -0.370792180
vt 0.054687500 0.070068359
v -0.172851577 0.093750000 -0.206054658
vt 0.035888672 0.052734375
vn 0.432588279 0.660680413 -0.613489032
v -0.166992202 0.066406265 -0.215820283
vt 0.040527344 0.057617188
vn 0.416754663 0.456071258 -0.786329806
v -0.141601577 0.041015640 -0.233398408
vt 0.048583984 0.064697266
vn 0.007899215 0.987409830 -0.157985613
v -0.159179702 0.042968765 -0.227539033
vt 0.044677734 0.063232422
vn 0.023540335 0.737600982 -0.674826443
v -0.159179717 0.042968765 -0.264648408
vt 0.045166016 0.071044922
vn 0.141561165 0.943741679 -0.298851579
v -0.159179702 0.037109390 -0.239257783
vt 0.044921875 0.066162109
vn -0.188271523 0.980580688 -0.054912534
v -0.178710952 0.035156250 -0.231445268
vt 0.041259766 0.065429688
vn 0.204376146 0.848947525 -0.487358838
v -0.176757827 0.035156250 -0.239257768
vt 0.041503906 0.067138672
vn 0.172907040 0.966707587 0.188625798
v -0.125976592 0.029296890 -0.270507783
vt 0.051269531 0.072021484
vn 0.126262337 0.465592802 -0.875945866
vt 0.058837891 0.074951172
v -0.182617217 0.048828125 -0.262695283
vt 0.038818359 0.072753906
vn 0.355423182 0.931998670 -0.071084723
vt 0.051269531 0.075927734
vt 0.064697266 0.081542969
v -0.161132842 0.035156265 -0.272460908
vt 0.043457031 0.073974609
vn 0.086772904 0.354980588 -0.930837989
v -0.186523467 0.044921875 -0.270507783
vt 0.038330078 0.074951172
vn 0.126187712 0.481091142 -0.867541432
v -0.192382827 0.042968750 -0.239257768
vt 0.038085938 0.066650391
vn 0.621796727 0.779213607 0.078708328
v -0.204101592 0.060546875 -0.260742158
vt 0.032958984 0.070068359
vn 0.480523497 0.827130735 -0.291465193
v -0.178710967 0.007812500 -0.272460908
vt 0.042480469 0.082519531
vn -0.015787359 -0.102617063 -0.994595706
v -0.215820342 0.017578125 -0.272460908
vt 0.035644531 0.083251953
vn -0.015744258 -0.015744170 -0.999752104
v -0.272460967 0.000000030 -0.268554658
vt 0.034179688 0.095458984
vn -0.023540515 -0.737601042 -0.674826384
v -0.463867217 0.000000000 -0.254882753
vt 0.016113281 0.120605469
vn -0.212849364 -0.859280646 -0.465115130
v -0.233398467 0.066406250 -0.266601533
vt 0.027587891 0.072753906
vn 0.220301658 0.401263922 -0.889075100
v -0.260742217 0.037109375 -0.272460908
vt 0.025878906 0.083007812
vn 0.015745949 -0.000000043 -0.999876022
v -0.352539092 0.066406250 -0.270507753
vt 0.006103516 0.084472656
vn -0.094664551 0.055220865 -0.993976474
v -0.381835967 0.035156250 -0.268554628
vt 0.002929688 0.093017578
vn -0.070688993 -0.000000047 -0.997498453
v -0.278320342 0.068359375 -0.272460908
vt 0.019287109 0.077392578
vn 0.055029344 0.125781611 -0.990530550
v -0.323242217 0.080078125 -0.270507783
vt 0.010009766 0.078857422
vn -0.015797216 0.157970756 -0.987317502
v -0.358398467 0.091796875 -0.266601503
vt 0.002441406 0.079345703
vn -0.141225472 0.305988222 -0.941502333
v -0.329101592 0.103515625 -0.264648408
vt 0.006347656 0.073974609
vn -0.015728677 0.487584770 -0.872934043
v -0.274414092 0.091796875 -0.266601533
vt 0.017578125 0.071777344
vn 0.165292725 0.409296572 -0.897304118
v -0.249023467 0.078125000 -0.264648408
vt 0.023193359 0.071533203
vn 0.213466972 0.395309418 -0.893399358
v -0.305664092 0.113281250 -0.254882783
vt 0.009521484 0.069580078
vn 0.094432473 0.771199524 -0.629550636
v -0.340820342 0.111328125 -0.256835908
vt 0.003173828 0.073242188
vn -0.118459739 0.766038835 -0.631784678
v -0.336914092 0.117187500 -0.247070268
vt 0.003173828 0.071044922
vn -0.118337996 0.938814044 -0.323456943
v -0.313476592 0.121093750 -0.241210893
vt 0.006835938 0.067138672
vn 0.031518467 0.969195187 -0.244268745
v -0.270507842 0.101562500 -0.258789033
vt 0.017089844 0.068847656
vn 0.260448664 0.686637640 -0.678745389
v -0.288085967 0.115234375 -0.245117143
vt 0.012207031 0.066406250
vn 0.236897007 0.916002095 -0.323759407
v -0.282226592 0.117187500 -0.215820283
vt 0.011962891 0.060546875
vn 0.157285318 0.943712413 -0.290978044
v -0.303710967 0.121093750 -0.200195268
vt 0.006103516 0.060791016
vn -0.164981484 0.934894562 -0.314250290
v -0.293945342 0.128906250 -0.196289018
vt 0.007324219 0.058837891
vn -0.371000111 0.536765873 -0.757787168
v -0.241210967 0.087890625 -0.256835908
vt 0.023193359 0.068115234
vn 0.565545678 0.628384292 -0.534126699
v -0.264648467 0.105468750 -0.249023408
vt 0.017578125 0.066162109
vn 0.386666656 0.844353974 -0.370884538
v -0.260742217 0.111328125 -0.215820283
vt 0.016601562 0.059326172
vn 0.189541161 0.758165121 -0.623906791
v -0.276367217 0.121093750 -0.208007783
vt 0.012207031 0.058593750
vn -0.055116527 0.661396742 -0.748008370
v -0.276367217 0.146484375 -0.196289033
vt 0.009277344 0.054687500
vn -0.220561489 0.504140198 -0.834982336
v -0.311523467 0.160156250 -0.176757768
vt 0.000244141 0.054443359
vn -0.487223387 0.644392073 -0.589382946
v -0.252929717 0.134765640 -0.206054658
vt 0.015625000 0.054443359
vn 0.047318839 0.481076181 -0.875400960
v -0.262695342 0.154296875 -0.192382783
vt 0.010986328 0.052001953
vn 0.039466731 0.718296647 -0.694616675
v -0.301757842 0.166015625 -0.170898393
vt 0.000976562 0.052001953
vn -0.196436837 0.911466479 -0.361443639
v -0.245117202 0.103515625 -0.217773408
vt 0.020751953 0.058593750
vn 0.424198538 0.652009010 -0.628442466
v -0.237304702 0.138671890 -0.200195283
vt 0.018310547 0.052001953
vn 0.353662461 0.573719263 -0.738761842
v -0.260742217 0.162109375 -0.180664033
vt 0.010253906 0.050048828
vn 0.173589185 0.891617656 -0.418192416
v -0.280273467 0.171875000 -0.157226533
vt 0.003906250 0.048828125
vn -0.055137020 0.866437256 -0.496232271
v -0.241210952 0.152343765 -0.186523408
vt 0.015136719 0.050292969
vn 0.418544173 0.797603190 -0.434338480
v -0.258789092 0.167968750 -0.157226533
vt 0.008789062 0.046630859
vn 0.125394657 0.689671278 -0.713182867
v -0.280273467 0.179687500 -0.149414033
vt 0.004150391 0.047119141
vn -0.282773018 0.502707362 -0.816899478
v -0.239257827 0.158203140 -0.161132783
vt 0.014160156 0.046630859
vn 0.354155004 0.676829755 -0.645349383
v -0.250976592 0.187500015 -0.153320283
vt 0.008056641 0.043212891
vn -0.015728677 0.133692548 -0.990898132
v -0.268554717 0.199218765 -0.147460908
vt 0.003173828 0.044921875
vn -0.407946825 0.298114836 -0.862964153
v -0.247070327 0.218750015 -0.151367158
vt 0.001708984 0.041015625
vn -0.394976377 0.181689039 -0.900545835
v -0.235351577 0.181640640 -0.151367158
vt 0.013427734 0.043701172
vn -0.109940253 0.094234340 -0.989461064
v -0.215820327 0.132812515 -0.186523408
vt 0.020751953 0.048583984
vn 0.541697264 0.706561863 -0.455339938
v -0.219726577 0.144531265 -0.161132783
vt 0.019531250 0.045654297
vn 0.252187371 0.622587860 -0.740800858
v -0.204101577 0.142578140 -0.163085908
vt 0.023193359 0.043945312
vn 0.039506115 0.379260004 -0.924446344
v -0.204101577 0.167968765 -0.165039033
vt 0.021728516 0.041259766
vn -0.133692712 -0.015728587 -0.990898013
v -0.202148452 0.128906250 -0.176757783
vt 0.025146484 0.046386719
vn 0.442249149 0.687065780 -0.576503634
v -0.208007827 0.117187500 -0.196289033
vt 0.025634766 0.050048828
vn 0.520864964 0.473513722 -0.710270643
v -0.184570327 0.128906265 -0.166992158
vt 0.028076172 0.043457031
vn 0.448097050 0.503126562 -0.738967299
v -0.186523452 0.142578140 -0.161132783
vt 0.026367188 0.041748047
vn 0.331129700 0.157680839 -0.930317163
v -0.186523452 0.115234375 -0.176757783
vt 0.030273438 0.046142578
vn 0.470215887 0.540748298 -0.697487116
v -0.194335952 0.105468750 -0.190429658
vt 0.030029297 0.049560547
vn 0.400471300 0.659600019 -0.636042953
v -0.192382827 0.087890625 -0.217773408
vt 0.032958984 0.056152344
vn 0.149694398 0.646049917 -0.748472571
v -0.209960952 0.093750000 -0.208007783
vt 0.028320312 0.054687500
vn 0.157251254 0.597555220 -0.786256969
v -0.229492202 0.111328125 -0.208007783
vt 0.022949219 0.054687500
vn 0.362384409 0.362384528 -0.858693838
v -0.208007842 0.072265625 -0.231445268
vt 0.031982422 0.062011719
vn 0.094312817 0.730925202 -0.675909400
v -0.229492202 0.097656250 -0.213867158
vt 0.024414062 0.057128906
vn 0.432896376 0.425025672 -0.794955432
v -0.223632827 0.085937500 -0.215820283
vt 0.026855469 0.058349609
vn 0.299166113 0.417258143 -0.858134806
v -0.235351592 0.089843750 -0.227539033
vt 0.023925781 0.061279297
vn 0.787621319 0.519830167 -0.330801100
v -0.227539077 0.072265625 -0.223632768
vt 0.027587891 0.061767578
vn 0.504892588 0.741561174 -0.441781223
v -0.219726577 0.072265625 -0.223632768
vt 0.029052734 0.061279297
vn -0.126168326 0.796436846 -0.591413558
v -0.213867217 0.068359375 -0.239257768
vt 0.031005859 0.064697266
vn 0.394631594 0.891867518 -0.220993817
v -0.231445342 0.078125000 -0.239257768
vt 0.026367188 0.064941406
vn 0.731444955 0.676390052 -0.086515129
v -0.231445342 0.074218750 -0.256835908
vt 0.026855469 0.069580078
vn 0.583636820 0.709828615 -0.394349307
v -0.206054717 0.060546875 -0.245117143
vt 0.033203125 0.066406250
vn 0.747082472 0.652714252 -0.125824571
v -0.200195327 0.064453125 -0.233398393
vt 0.033935547 0.062988281
vn 0.583183527 0.512255847 -0.630468845
v -0.192382827 0.044921875 -0.231445268
vt 0.037841797 0.065185547
vn 0.611618817 0.501841187 -0.611618996
v -0.180664077 0.058593750 -0.223632768
vt 0.038574219 0.061035156
vn 0.362418145 0.275753021 -0.890288472
vt 0.984863281 0.950439453
vt 0.983642578 0.953369141
v -0.137695312 0.136718765 -0.088867165
vt 0.980468750 0.947998047
vn 0.927983880 -0.369620681 0.047185514
vt 0.981445312 0.945312500
v -0.141601577 0.134765640 -0.108398415
vt 0.979248047 0.952392578
vn 0.915630996 -0.292054713 -0.276268095
vt 0.980957031 0.956054688
v -0.135742188 0.162109405 -0.075195290
vt 0.976562500 0.942871094
vn 0.840593696 -0.180688292 0.510640860
v -0.133789077 0.175781265 -0.102539048
vt 0.971435547 0.947509766
vn 0.962541521 0.039448455 -0.268249393
v -0.147460952 0.154296890 -0.129882798
vt 0.973632812 0.955810547
vn 0.840593576 -0.180688351 -0.510641098
vt 0.977539062 0.959716797
vt 0.984619141 0.960205078
v -0.163085952 0.156250015 -0.149414048
vt 0.970947266 0.960205078
vn 0.655170083 -0.142085090 -0.742000043
vt 0.982666016 0.966308594
vt 0.976806641 0.963867188
v -0.166992202 0.140625015 -0.149414048
vt 0.974365234 0.962158203
vn 0.725467205 -0.055198595 -0.686039746
vt 0.972412109 0.966552734
vt 0.975585938 0.968017578
v -0.149414077 0.177734390 -0.137695298
vt 0.967773438 0.954833984
vn 0.834051192 0.031473644 -0.550788641
v -0.180664077 0.166015640 -0.161132783
vt 0.967285156 0.963378906
vn 0.353433341 -0.039270408 -0.934635162
vt 0.970947266 0.969970703
vt 0.964599609 0.967529297
v -0.161132827 0.183593765 -0.149414048
vt 0.965332031 0.957275391
vn 0.623032928 0.047318958 -0.780762970
v -0.182617202 0.193359390 -0.161132783
vt 0.960937500 0.960693359
v -0.200195327 0.203125015 -0.163085908
vt 0.957519531 0.963378906
vn -0.023603894 -0.031471729 -0.999225974
v -0.161132827 0.208984390 -0.145507798
vt 0.960449219 0.953369141
vn 0.745218337 0.007844408 -0.666774452
v -0.151367202 0.207031265 -0.127929673
vt 0.962158203 0.949218750
vn 0.941879272 0.204073861 -0.266865909
v -0.178710952 0.210937515 -0.159179658
vt 0.957763672 0.958007812
vn 0.432896316 -0.086579308 -0.897276342
v -0.161132827 0.244140640 -0.151367173
vt 0.952880859 0.952148438
vn 0.779672563 -0.070879318 -0.622163117
v -0.221679702 0.181640640 -0.157226533
vt 0.959960938 0.969726562
vn -0.363208354 -0.000000057 -0.931707978
vt 0.958740234 0.972656250
v -0.176757827 0.240234390 -0.163085908
vt 0.952392578 0.957275391
vn 0.410161346 -0.094652675 -0.907087982
v -0.217773452 0.216796890 -0.161132783
vt 0.953613281 0.966064453
vn -0.260448903 -0.071031541 -0.962871194
v -0.198242202 0.238281265 -0.166992158
vt 0.949462891 0.962158203
vn -0.039320264 -0.031456154 -0.998731434
v -0.172851577 0.275390625 -0.163085908
vt 0.947265625 0.956054688
vn 0.418348551 -0.031573504 -0.907737672
v -0.155273452 0.289062500 -0.147460923
vt 0.945800781 0.949707031
vn 0.862725258 -0.203916863 -0.462734610
v -0.151367202 0.283203155 -0.133789048
vt 0.947998047 0.947021484
vn 0.986425579 -0.094696820 -0.134154007
v -0.186523467 0.298828125 -0.165039033
vt 0.941650391 0.958740234
vn -0.062859893 -0.015714984 -0.997898698
v -0.166992217 0.300781250 -0.161132798
vt 0.942138672 0.956298828
vn 0.354155004 -0.110181615 -0.928673446
v -0.155273452 0.246093765 -0.137695298
vt 0.954345703 0.948974609
vn 0.984740555 -0.015755814 -0.173314482
v -0.155273452 0.265625030 -0.124023415
vt 0.951904297 0.945556641
vn 0.952018440 -0.094414979 0.291112930
v -0.157226577 0.246093765 -0.120117165
vt 0.955810547 0.945068359
vn 0.958049655 0.047117248 0.282703012
v -0.172851577 0.267578155 -0.086914040
vt 0.953613281 0.937011719
vn 0.960987508 -0.094523296 0.259939104
v -0.208007842 0.298828125 -0.159179658
vt 0.939208984 0.962158203
vn -0.447572052 0.306233376 -0.840178847
v -0.172851577 0.244140640 -0.086914040
vt 0.957031250 0.937255859
vn 0.945233643 0.047261734 0.322954684
v -0.155273452 0.226562515 -0.118164040
vt 0.959228516 0.945800781
vn 0.950255275 0.172773749 0.259160399
v -0.153320327 0.212890640 -0.110351540
vt 0.962402344 0.944824219
vn 0.870889664 0.470751196 0.141225204
v -0.166992202 0.222656265 -0.090820290
vt 0.960937500 0.939697266
vn 0.867973387 0.347189397 0.355079859
v -0.178710952 0.230468765 -0.065429665
vt 0.961425781 0.933837891
vn 0.994347930 0.071024895 0.078916371
v -0.174804702 0.257812530 -0.067382790
vt 0.957519531 0.932373047
vn 0.984954536 -0.126074135 -0.118194669
v -0.174804688 0.228515640 -0.043945290
vt 0.963867188 0.929199219
vn 0.827670217 0.102473468 -0.551780224
v -0.176757812 0.220703140 -0.061523415
vt 0.963378906 0.933349609
vn 0.873014987 0.487630039 0.007864865
v -0.133789077 0.185546890 -0.094726548
vt 0.969970703 0.945068359
vn 0.930837989 0.354980648 -0.086773172
v -0.131835938 0.169921905 -0.084960923
vt 0.974121094 0.944335938
vn 0.995930731 -0.071137860 0.055329360
v -0.133789062 0.183593780 -0.073242173
vt 0.972167969 0.940917969
vn 0.897443116 0.251913905 0.362126052
v -0.157226562 0.203125015 -0.051757786
vt 0.968994141 0.933593750
vn 0.833071828 0.510845959 0.212197408
v -0.163085938 0.214843780 -0.038085915
vt 0.967285156 0.929687500
vn 0.826361835 0.251843601 -0.503687322
v -0.163085938 0.255859405 -0.038085915
vt 0.965820312 0.925292969
vn 0.749403358 -0.173546061 -0.638965130
v -0.151367188 0.189453155 -0.053710915
vt 0.972412109 0.935058594
vn 0.694378853 -0.047343947 0.718050599
v -0.159179688 0.199218765 -0.043945286
vt 0.970703125 0.932128906
vn 0.961375356 -0.063040942 0.267924130
v -0.153320312 0.160156280 -0.061523415
vt 0.979003906 0.938720703
vn 0.533321142 -0.250974536 0.807824433
v -0.170898438 0.171875030 -0.047851536
vt 0.978271484 0.933349609
vn 0.949874640 -0.243356243 0.196254969
vt 0.983154297 0.938232422
vt 0.987792969 0.940917969
v -0.157226562 0.207031280 -0.030273415
vt 0.969238281 0.928955078
vn 0.898864686 -0.063078210 -0.433662921
v -0.147460938 0.240234405 -0.024414044
vt 0.969238281 0.923828125
vn 0.667864203 -0.141430095 -0.730722249
v -0.161132812 0.195312530 -0.038085911
vt 0.971923828 0.930908203
vn 0.951311946 -0.243724525 -0.188690081
v -0.149414062 0.195312530 -0.008789040
vt 0.974121094 0.926025391
vn 0.958345056 -0.149250433 -0.243514031
v -0.139648438 0.236328155 -0.014648418
vt 0.971191406 0.921630859
vn 0.842180312 -0.299092084 -0.448638260
v -0.153320312 0.185546905 -0.022460913
vt 0.975341797 0.928466797
vn 0.925139666 0.007907201 -0.379544646
v -0.172851562 0.158203155 -0.049804661
vt 0.981445312 0.934326172
vn 0.994688690 -0.007894306 0.102626480
vt 0.984375000 0.936523438
vt 0.985351562 0.931640625
vt 0.981445312 0.928466797
vt 0.987304688 0.929199219
vt 0.987792969 0.918701172
v -0.145507812 0.199218780 0.012695334
vt 0.974365234 0.919677734
vn 0.975894094 -0.196752802 -0.094441488
v -0.143554673 0.193359405 0.049804710
vt 0.977050781 0.912109375
vn 0.990530550 -0.133642957 -0.031445537
vt 0.985595703 0.909912109
v -0.145507798 0.187500030 0.071289085
vt 0.978515625 0.907714844
vn 0.983368337 -0.055068575 0.173072696
vt 0.985351562 0.905517578
vt 0.949951172 0.971679688
vt 0.956787109 0.975341797
v -0.219726577 0.242187515 -0.161132783
vt 0.947998047 0.965820312
vn -0.425236553 0.165369660 -0.889846563
v -0.208007827 0.257812500 -0.163085908
vt 0.945556641 0.963378906
vn -0.344994754 0.101930179 -0.933053613
v -0.237304702 0.251953125 -0.143554658
vt 0.943359375 0.969482422
vn -0.440235943 -0.055029538 -0.896194279
v -0.252929717 0.240234390 -0.137695283
vt 0.943603516 0.972656250
vn -0.417258292 0.078727901 -0.905371428
vt 0.947998047 0.976318359
v -0.266601592 0.230468765 -0.131835908
vt 0.943115234 0.975830078
vn -0.292091250 0.047366075 -0.955216885
v -0.254882842 0.259765625 -0.141601533
vt 0.940185547 0.972167969
vn -0.315597326 -0.063119508 -0.946791649
v -0.290039092 0.232421890 -0.133789018
vt 0.941162109 0.978759766
vn -0.047191594 -0.000000046 -0.998885930
v -0.221679702 0.263671875 -0.155273408
vt 0.942871094 0.966064453
vn -0.439801276 -0.070682384 -0.895309448
v -0.223632827 0.283203125 -0.155273408
vt 0.938964844 0.965820312
vn -0.377566844 0.102257594 -0.920318782
v -0.227539077 0.294921875 -0.149414033
vt 0.936035156 0.965820312
vn -0.518465102 0.534176052 -0.667719960
v -0.260742217 0.269531250 -0.137695283
vt 0.936767578 0.973144531
vn -0.502428651 0.306167305 -0.808595836
v -0.288085967 0.250000000 -0.129882768
vt 0.936767578 0.979003906
vn -0.387052745 0.402850598 -0.829398453
v -0.254882842 0.283203125 -0.133789033
vt 0.933837891 0.972900391
vn -0.576773405 0.545169234 -0.608377278
v -0.284179717 0.263671875 -0.122070275
vt 0.934082031 0.978271484
vn -0.559714913 0.638547897 -0.528181553
v -0.313476592 0.244140640 -0.122070268
vt 0.934082031 0.984130859
vn -0.394349307 0.709828615 -0.583636880
v -0.295898438 0.263671875 -0.104492150
vt 0.930664062 0.982666016
vn -0.402474284 0.631331980 -0.662898540
v -0.274414092 0.279296875 -0.112304650
vt 0.931396484 0.976562500
vn -0.708507836 0.440849185 -0.551061392
v -0.258789092 0.291015625 -0.122070275
vt 0.932128906 0.973144531
vn -0.582821846 0.448930174 -0.677333295
v -0.282226562 0.275390625 -0.102539025
vt 0.929931641 0.978759766
vn -0.606205404 0.464494854 -0.645569146
v -0.280273467 0.296875000 -0.102539025
vt 0.927246094 0.977783203
vn -0.764135063 0.307229459 -0.567192852
v -0.295898438 0.281250000 -0.096679650
vt 0.928222656 0.981445312
vn -0.220301926 0.542886496 -0.810395837
v -0.286132812 0.289062500 -0.092773400
vt 0.927490234 0.980957031
vn -0.644870281 0.495449007 -0.581955969
v -0.336914062 0.259765625 -0.096679643
vt 0.926757812 0.988769531
vn -0.157872468 0.536765873 -0.828829825
v -0.321289062 0.285156250 -0.083007768
vt 0.923339844 0.984863281
vn -0.306205243 0.549598873 -0.777289867
vt 0.977783203 0.862060547
vt 0.970214844 0.864501953
vt 0.971679688 0.842529297
v -0.284179717 0.214843765 -0.129882768
vt 0.962158203 0.847167969
vn -0.149227574 0.117811091 -0.981759489
vt 0.956054688 0.838867188
v -0.295898438 0.193359390 -0.133789018
vt 0.958251953 0.856445312
vn -0.252627343 0.355257004 -0.899984360
v -0.303710967 0.171875000 -0.143554643
vt 0.960205078 0.867675781
vn -0.323910981 0.624120891 -0.711023808
v -0.315429717 0.166015625 -0.143554643
vt 0.956542969 0.870849609
vn -0.426374942 0.647458076 -0.631666362
v -0.323242188 0.177734375 -0.135742143
vt 0.947998047 0.865966797
vn 0.086764798 0.189305261 -0.978077412
v -0.307617188 0.199218750 -0.131835893
vt 0.949951172 0.853515625
vn 0.086751305 0.070978411 -0.993698299
v -0.315429717 0.214843750 -0.133789018
vt 0.942626953 0.845703125
vn 0.102371581 0.070872694 -0.992218256
v -0.334960967 0.201171875 -0.139648393
vt 0.934570312 0.855712891
vn 0.251167685 0.141281858 -0.957577348
v -0.346679717 0.181640625 -0.147460893
vt 0.933349609 0.868652344
vn 0.371590763 0.079061866 -0.925024152
v -0.321289092 0.226562515 -0.131835893
vt 0.937744141 0.838378906
vn -0.062859900 0.369301051 -0.927181423
vt 0.954589844 0.829101562
v -0.352539092 0.207031250 -0.141601518
vt 0.923339844 0.856445312
vn 0.134003609 0.417776376 -0.898613393
vt 0.938964844 0.824951172
v -0.350585967 0.218750000 -0.133789018
vt 0.921630859 0.847412109
vn -0.070793882 0.660741687 -0.747267485
v -0.372070342 0.224609375 -0.129882768
vt 0.907226562 0.846923828
vn 0.110541500 0.710624695 -0.694833159
v -0.389648467 0.203125000 -0.151367143
vt 0.902099609 0.868652344
vn 0.071095593 0.489770561 -0.868947864
v -0.352539062 0.226562515 -0.122070268
vt 0.917724609 0.838623047
vn -0.055221017 0.851979792 -0.520654380
v -0.407226592 0.218750000 -0.139648378
vt 0.888183594 0.861083984
vn -0.109896198 0.682925522 -0.722174287
v -0.372070312 0.240234390 -0.112304635
vt 0.903076172 0.832031250
vn 0.118220128 0.732965469 -0.669914722
v -0.352539062 0.230468765 -0.112304643
vt 0.915771484 0.831542969
vn 0.023647606 0.811904967 -0.583310425
v -0.327148438 0.244140640 -0.106445268
vt 0.928222656 0.820556641
vn -0.292565674 0.687924385 -0.664202809
vt 0.940917969 0.813476562
vt 0.924072266 0.807861328
v -0.364257812 0.253906250 -0.098632768
vt 0.904785156 0.818115234
vn -0.086579412 0.700505078 -0.708376050
v -0.391601562 0.244140640 -0.106445260
vt 0.890380859 0.831054688
vn -0.141151592 0.839067280 -0.525397301
v -0.420898467 0.226562500 -0.125976503
vt 0.877197266 0.853271484
vn -0.314037293 0.785092890 -0.533863187
v -0.438476592 0.201171875 -0.141601503
vt 0.866699219 0.873535156
vn -0.496109307 0.543357670 -0.677228272
v -0.395507812 0.251953125 -0.088867135
vt 0.883056641 0.820068359
vn -0.371266186 0.861021399 -0.347568244
v -0.440429688 0.222656250 -0.114257753
vt 0.862548828 0.852783203
vn -0.598852456 0.732806146 -0.323065013
v -0.452148438 0.197265625 -0.129882753
vt 0.854736328 0.872070312
vn -0.766325772 0.450315058 -0.458215326
v -0.344726562 0.269531250 -0.086914018
vt 0.911132812 0.803466797
vn -0.244079486 0.653502762 -0.716490984
vt 0.920898438 0.790771484
v -0.336914062 0.296875000 -0.067382768
vt 0.909179688 0.781982422
vn -0.432040989 0.549870074 -0.714831173
v -0.364257812 0.273437500 -0.073242143
vt 0.895507812 0.799072266
vn -0.370573163 0.741146088 -0.559801817
v -0.340820312 0.306640625 -0.055664022
vt 0.903076172 0.773925781
vn -0.645589352 0.566858828 -0.511747479
v -0.370117188 0.277343750 -0.061523389
vt 0.887939453 0.793212891
vn -0.583183646 0.748681605 -0.315234303
v -0.348632812 0.306640625 -0.041992147
vt 0.894042969 0.769287109
vn -0.780447602 0.607014716 -0.149782792
v -0.397460938 0.255859375 -0.067382760
vt 0.873535156 0.809814453
vn -0.599392295 0.796560764 -0.078867353
v -0.375976562 0.277343750 -0.036132764
vt 0.875000000 0.782470703
vn -0.724746585 0.685358107 0.070899189
v -0.446289062 0.220703125 -0.096679628
vt 0.853027344 0.845703125
vn -0.717046976 0.693407953 -0.070916653
v -0.459960938 0.197265625 -0.110351503
vt 0.844238281 0.862304688
vn -0.889212728 0.409195155 -0.204597488
v -0.463867188 0.167968750 -0.124023370
vt 0.834472656 0.879638672
vn -0.942082465 0.117760241 -0.314027339
v -0.469726562 0.173828125 -0.088867128
vt 0.822753906 0.858398438
vn -0.991542220 0.125910074 0.031477656
v -0.469726562 0.154296875 -0.094726495
vt 0.814941406 0.867431641
v -0.454101562 0.210937500 -0.073242128
vt 0.837890625 0.837402344
vn -0.813828886 0.568890035 0.118518859
v -0.436523438 0.226562515 -0.063476503
vt 0.846435547 0.824707031
vn -0.651827991 0.730361521 0.204187140
v -0.407226562 0.246093765 -0.049804635
vt 0.858886719 0.805419922
vn -0.663808644 0.719126105 0.205464646
v -0.405273438 0.240234390 -0.034179635
vt 0.850341797 0.797607422
vn -0.723960757 0.582316220 0.369849563
v -0.450195312 0.205078125 -0.049804624
vt 0.827880859 0.825195312
vn -0.737964451 0.329728812 0.588801622
v -0.463867188 0.191406250 -0.073242128
vt 0.826904297 0.844238281
vn -0.936079741 0.314648628 0.157324433
v -0.461914062 0.179687500 -0.059570249
vt 0.816162109 0.838623047
vn -0.818390310 -0.015738288 0.574447274
v -0.463867188 0.154296875 -0.069335870
vt 0.805908203 0.850341797
vn -0.840593576 -0.180688351 0.510641098
v -0.461914062 0.142578125 -0.073242120
vt 0.800048828 0.855468750
vn -0.862513006 0.329323143 0.384210467
v -0.465820312 0.142578125 -0.098632745
vt 0.808105469 0.871093750
vn -0.942809105 0.329983145 0.047140561
v -0.452148438 0.142578125 -0.061523374
vt 0.795410156 0.844726562
vn -0.682820320 0.463062078 0.565092802
v -0.477539062 0.128906265 -0.065429620
vt 0.787841797 0.860351562
vn -0.795547009 0.543492436 0.267807961
v -0.481445312 0.128906265 -0.100585870
vt 0.797363281 0.878662109
vn -0.838886917 0.533124268 0.109760985
v -0.479492188 0.121093765 -0.065429620
vt 0.783203125 0.863037109
vn -0.949465036 -0.188323677 0.251098305
v -0.467773438 0.125000015 -0.041992120
vt 0.781250000 0.846191406
vn -0.777865529 0.424290329 0.463576496
v -0.465820312 0.113281265 -0.038085870
vt 0.772216797 0.847656250
vn -0.747174919 -0.424710006 0.511225104
v -0.446289062 0.154296875 -0.057617124
vt 0.800292969 0.836669922
vn -0.723333836 -0.094347902 0.684022367
v -0.461914062 0.119140640 -0.032226495
vt 0.774414062 0.841308594
vn -0.674680948 -0.031380512 0.737442195
v -0.438476562 0.105468765 -0.024413997
vt 0.756347656 0.838378906
vn -0.766397417 -0.545169353 0.339743316
v -0.452148438 0.134765625 -0.036132749
vt 0.785156250 0.832031250
vn -0.843094885 0.527919173 0.102432176
v -0.444335938 0.173828125 -0.047851499
vt 0.808593750 0.826660156
vn -0.778707147 -0.086523041 0.621392787
v -0.442382812 0.148437500 -0.051757749
vt 0.795898438 0.833740234
vn -0.927840412 0.306659102 0.212302580
v -0.440429688 0.171875000 -0.038085874
vt 0.805175781 0.819824219
vn -0.958581686 0.259288460 0.117858522
v -0.454101562 0.126953140 -0.028320247
vt 0.777587891 0.833984375
vn -0.865712464 0.141662002 0.480077058
v -0.450195312 0.156250000 -0.004882749
vt 0.782958984 0.814453125
vn -0.944413662 0.243973494 0.220363289
v -0.446289062 0.117187515 -0.022460874
vt 0.767089844 0.833740234
vn -0.763542831 -0.448679835 0.464423090
v -0.436523438 0.103515640 -0.014648374
vt 0.753173828 0.835449219
vn -0.938171983 -0.299584359 -0.173443437
v -0.452148438 0.138671875 -0.004882748
vt 0.774658203 0.821289062
vn -0.948623955 -0.071146823 0.308302909
v -0.444335938 0.123046890 0.004882876
vt 0.761962891 0.818847656
vn -0.982729971 -0.039309233 0.180822432
v -0.446289062 0.113281265 0.008789128
vt 0.753662109 0.819824219
vn -0.903023899 0.219866619 -0.369061798
v -0.446289062 0.148437500 0.002929751
vt 0.775878906 0.813476562
vn -0.773767173 0.110538170 0.623751283
v -0.440429688 0.128906265 0.012695376
vt 0.765380859 0.812500000
vn -0.895558000 0.329942375 0.298519462
v -0.444335938 0.123046890 0.018554751
vt 0.760009766 0.812255859
vn -0.790915668 0.545731664 -0.276820391
v -0.442382812 0.173828125 0.000976624
vt 0.791259766 0.805175781
vn -0.779672563 0.480404347 0.401649565
v -0.424804688 0.148437515 0.020507872
vt 0.774414062 0.797363281
vn -0.741884351 0.449866056 0.497220457
v -0.428710938 0.142578125 0.028320374
vt 0.767822266 0.797851562
vn -0.701287687 0.693407953 -0.165472299
vt 0.740234375 0.801269531
v -0.413085938 0.158203140 0.038085997
vt 0.775146484 0.783203125
vn -0.723244607 0.636769593 -0.267285973
v -0.407226562 0.164062515 0.030273495
vt 0.781982422 0.783935547
vn -0.886145115 0.423467547 0.188207909
v -0.403320312 0.191406265 0.041992243
vt 0.791992188 0.769775391
vn -0.856728733 0.510893226 0.070739150
v -0.405273438 0.193359390 0.020507868
vt 0.800537109 0.778808594
vn -0.856226385 0.361343235 0.369198620
v -0.399414062 0.197265640 0.034179743
vt 0.798339844 0.769775391
vn -0.613944948 0.779237807 0.125937462
v -0.422851562 0.185546890 0.006835996
vt 0.799072266 0.793212891
vn -0.593019664 0.577205896 0.561392069
v -0.407226562 0.197265640 0.010742243
vt 0.806152344 0.782714844
vn -0.527281284 0.818466485 0.228226274
v -0.374023438 0.212890640 0.000976613
vt 0.825683594 0.768066406
vn -0.549870133 0.714831233 0.432040900
v -0.372070312 0.210937515 0.047851615
vt 0.807373047 0.749511719
vn -0.229079098 0.940014124 0.252776921
v -0.424804688 0.189453140 -0.002929629
vt 0.803955078 0.796875000
vn -0.575213492 0.795843244 0.189111322
v -0.356445312 0.214843765 0.022460986
vt 0.823974609 0.751220703
vn -0.204073831 0.941879332 0.266865790
v -0.434570312 0.183593750 -0.032226503
vt 0.811523438 0.813476562
vn -0.805073619 0.536715686 0.252572209
v -0.407226562 0.201171890 -0.022460882
vt 0.822753906 0.795166016
vn -0.616086066 0.544999242 0.568694890
v -0.434570312 0.191406250 -0.038085878
vt 0.817871094 0.815185547
vn -0.652855515 0.196643233 0.731512964
v -0.415039062 0.222656265 -0.030273382
vt 0.837402344 0.801269531
vn -0.624530315 0.284596086 0.727301240
v -0.381835938 0.263671875 -0.016601512
vt 0.860839844 0.776855469
vn -0.747568130 0.535101354 0.393456966
v -0.381835938 0.236328140 -0.004882761
vt 0.841796875 0.772949219
vn -0.605811059 0.039338395 0.794635475
v -0.356445312 0.291015625 -0.010742143
vt 0.875244141 0.760009766
vn -0.755741537 0.582550764 0.299147755
v -0.338867188 0.310546875 0.002929730
vt 0.882080078 0.743408203
vn -0.821268737 0.426428050 0.379047245
v -0.354492188 0.275390625 0.008789108
vt 0.862792969 0.751708984
vn -0.680613160 0.324478418 0.656870961
v -0.379882812 0.253906250 -0.006835888
vt 0.852783203 0.772216797
vn -0.680102229 0.292602181 0.672194183
v -0.379882812 0.216796890 -0.006835886
vt 0.829345703 0.773681641
vn -0.588801444 0.109909639 0.800770164
v -0.352539062 0.236328140 0.018554734
vt 0.840576172 0.747314453
vn -0.487584680 -0.015728522 0.872934103
v -0.352539062 0.220703140 0.016601611
vt 0.830566406 0.749755859
vn -0.455620646 0.353498876 0.816975176
v -0.340820312 0.214843765 0.024414109
vt 0.830810547 0.738769531
vn -0.086827070 0.907737613 0.410455227
v -0.344726562 0.212890640 0.045898482
vt 0.819824219 0.737304688
vn -0.228141472 0.951900601 0.204540595
v -0.338867188 0.220703140 0.020507859
vt 0.835937500 0.735351562
vn -0.055253476 0.197334319 0.978778005
v -0.319335938 0.216796890 0.018554730
vt 0.826660156 0.732910156
vn -0.133775309 0.723960817 0.676745892
v -0.331054688 0.289062500 0.024414103
vt 0.866455078 0.732910156
v -0.311523438 0.322265625 0.040039100
vt 0.880126953 0.714843750
vn -0.740226269 0.212618202 0.637854695
v -0.331054688 0.251953155 0.026367230
vt 0.848632812 0.729492188
vn -0.228615806 -0.086716354 0.969646990
v -0.311523438 0.263671905 0.032226603
vt 0.849609375 0.716552734
vn -0.361398876 -0.259264499 0.895641029
v -0.299804688 0.234375015 0.022460977
vt 0.829345703 0.716308594
vn -0.330790579 -0.110263541 0.937240362
v -0.295898438 0.226562515 0.026367228
vt 0.826171875 0.714111328
vn -0.543559790 0.409639299 0.732624292
v -0.323242188 0.222656265 0.016601607
vt 0.830810547 0.729980469
vn 0.118077435 -0.220410913 0.968233824
vt 0.549072266 0.569824219
vt 0.564697266 0.584960938
v -0.213867202 0.308593750 -0.141601533
vt 0.549804688 0.589599609
vn -0.552209258 0.686317027 -0.473322093
v -0.225585952 0.306640625 -0.131835908
vt 0.555908203 0.603271484
vn -0.518609107 0.502893507 -0.691478670
v -0.202148467 0.308593750 -0.159179658
vt 0.538574219 0.572021484
vn -0.619822502 0.156916991 -0.768893480
v -0.209960952 0.314453125 -0.137695283
vt 0.543212891 0.593750000
vn -0.758165300 0.126360804 -0.639701784
vt 0.537841797 0.552978516
v -0.225585952 0.326171875 -0.127929658
vt 0.536132812 0.614990234
vn -0.694833219 0.110541560 -0.710624635
v -0.243164077 0.322265625 -0.116210908
vt 0.552246094 0.627197266
vn -0.552966893 0.560866296 -0.616162956
v -0.204101592 0.324218750 -0.155273408
vt 0.527587891 0.583984375
vn -0.801858127 -0.007861415 -0.597462773
v -0.231445327 0.332031250 -0.118164033
vt 0.539306641 0.627197266
vn -0.828288078 0.323426664 -0.457530379
v -0.196289092 0.320312500 -0.163085908
vt 0.525878906 0.572265625
vn -0.496972919 -0.007888516 -0.867730200
v -0.196289092 0.337890625 -0.163085908
vt 0.510742188 0.582031250
vn -0.572447956 0.141151443 -0.807700276
v -0.217773452 0.339843750 -0.137695283
vt 0.516357422 0.616943359
vn -0.763661325 0.173201457 -0.621950805
v -0.174804717 0.339843750 -0.170898408
vt 0.500732422 0.562011719
vn -0.054992240 0.039280027 -0.997713923
v -0.231445327 0.343750000 -0.120117165
vt 0.525634766 0.633544922
vn -0.889075041 0.188830018 -0.416999638
v -0.233398452 0.351562500 -0.102539040
vt 0.522460938 0.658691406
vn -0.823992193 0.337444305 -0.455157399
v -0.219726577 0.371093750 -0.108398415
vt 0.500732422 0.645019531
vn -0.889625967 0.370021373 -0.267674953
v -0.227539077 0.363281250 -0.096679665
vt 0.502197266 0.653076172
vn -0.694033206 0.654599369 -0.299696058
v -0.209960952 0.367187500 -0.127929658
vt 0.495361328 0.628662109
vn -0.777793527 0.377111942 -0.502815902
v -0.217773452 0.375000000 -0.088867165
vt 0.491210938 0.663574219
vn -0.888854921 0.259577125 0.377566844
v -0.217773452 0.384765625 -0.108398415
vt 0.484130859 0.650878906
vn -0.912820220 0.173121005 -0.369849414
v -0.182617217 0.419921875 -0.131835908
vt 0.447509766 0.627197266
vn -0.653340936 0.527395606 -0.543138683
v -0.202148452 0.406250000 -0.118164040
vt 0.463134766 0.643554688
vn -0.732419789 0.448902339 -0.511906147
v -0.221679702 0.392578125 -0.096679665
vt 0.477783203 0.666748047
vn -0.980942965 0.141255736 -0.133408099
v -0.213867202 0.417968750 -0.077148415
vt 0.454101562 0.679931641
vn -0.862964272 0.455017447 -0.219663516
v -0.219726577 0.388671875 -0.090820290
vt 0.480224609 0.670654297
vn -0.847639143 -0.070636608 0.525850356
v -0.217773452 0.406250000 -0.084960915
vt 0.465576172 0.675781250
vn -0.981184721 0.086344220 0.172688648
v -0.204101577 0.390625000 -0.079101540
vt 0.481445312 0.686523438
vn -0.912001550 -0.086482942 0.400966346
v -0.204101577 0.384765625 -0.073242165
vt 0.490234375 0.686035156
vn -0.833509624 0.503251016 -0.228035539
v -0.223632827 0.378906280 -0.071289040
vt 0.511718750 0.685058594
vn -0.308495760 0.743553579 -0.593260884
v -0.233398452 0.388671875 -0.057617165
vt 0.509521484 0.702392578
vn -0.290600955 0.636180103 -0.714720905
v -0.208007827 0.396484375 -0.059570294
vt 0.477050781 0.705322266
vn -0.786792159 0.180962130 -0.590093970
v -0.213867202 0.414062500 -0.067382790
vt 0.459228516 0.690673828
vn -0.951517940 -0.306687623 -0.023591217
v -0.217773452 0.419921875 -0.055664040
vt 0.452148438 0.696533203
vn -0.895779252 0.062861636 -0.440031767
v -0.221679702 0.406250000 -0.047851540
vt 0.461181641 0.708740234
vn -0.497903287 0.276612788 -0.821935296
v -0.231445327 0.421875000 -0.036132790
vt 0.453125000 0.716552734
vn -0.613432169 0.566244960 -0.550515890
v -0.213867202 0.429687500 -0.055664040
vt 0.443847656 0.695068359
vn -0.735827744 0.585497260 -0.340221316
v -0.219726577 0.433593750 -0.034179665
vt 0.442871094 0.716064453
v -0.180664077 0.472656250 -0.022460923
vt 0.398925781 0.715087891
vn -0.732601583 0.622317374 -0.275710195
v -0.213867202 0.443359375 -0.014648418
vt 0.433349609 0.732421875
v -0.192382827 0.443359375 -0.071289048
vt 0.425781250 0.677490234
vn -0.661069095 0.684678674 -0.306924880
v -0.170898452 0.464843750 -0.055664048
vt 0.402587891 0.685791016
vn -0.583618820 0.796560764 -0.157734752
v -0.174804702 0.462890625 -0.069335923
vt 0.402832031 0.672119141
vn -0.769628286 0.636121213 -0.054973371
v -0.157226577 0.474609405 -0.057617176
vt 0.392089844 0.687500000
vn -0.903888106 0.400854677 0.149338141
v -0.165039092 0.445312530 -0.122070298
vt 0.418457031 0.626953125
vn -0.638567805 0.607033551 -0.473013103
v -0.161132827 0.476562530 -0.084960923
vt 0.390380859 0.659667969
vn -0.714743018 0.589073837 -0.377007246
v -0.161132827 0.484375030 -0.067382798
vt 0.386962891 0.675781250
vn -0.960749149 0.275624692 -0.031499855
v -0.143554717 0.470703155 -0.116210923
vt 0.388671875 0.625976562
vn -0.503624976 0.645269334 -0.574447095
v -0.124023460 0.488281280 -0.112304680
vt 0.365966797 0.624511719
vn -0.251773536 0.857603312 -0.448471427
v -0.110351585 0.486328155 -0.120117180
vt 0.361083984 0.608398438
vn -0.165637076 0.851847351 -0.496910930
v -0.159179717 0.427734405 -0.145507812
vt 0.426513672 0.599365234
vn -0.362058997 0.511604846 -0.779213488
v -0.184570342 0.388671875 -0.151367158
vt 0.466796875 0.600097656
vn -0.605830014 0.377660155 -0.700244904
v -0.125976592 0.460937530 -0.133789062
vt 0.389648438 0.594238281
vn -0.243815139 0.495494962 -0.833689928
v -0.067382842 0.470703155 -0.145507812
vt 0.351074219 0.567138672
vn -0.197211578 0.307649821 -0.930837989
v -0.104492217 0.460937530 -0.137695312
vt 0.377441406 0.578613281
vn -0.150198936 0.031620748 -0.988150001
v -0.182617217 0.367187500 -0.161132783
vt 0.482666016 0.579833984
vn -0.400471598 0.282685667 -0.871614337
v -0.098632842 0.445312530 -0.139648438
vt 0.381591797 0.565917969
vn 0.039433576 -0.205055252 -0.977955699
v -0.071289092 0.449218780 -0.143554688
vt 0.360595703 0.558349609
vn -0.110031866 -0.377251774 -0.919551075
v -0.067382835 0.437500030 -0.133789062
vt 0.363769531 0.546386719
vn -0.000000048 -0.781638563 -0.623731732
v -0.161132842 0.394531280 -0.161132798
vt 0.451904297 0.579589844
vn -0.149255201 0.298510104 -0.942663550
v -0.165039092 0.369140625 -0.165039048
vt 0.472412109 0.566406250
vn 0.007847407 0.149103284 -0.988790512
v -0.141601592 0.423828155 -0.149414048
vt 0.419189453 0.582031250
vn 0.094414920 0.338320553 -0.936282575
v -0.139648467 0.390625030 -0.159179673
vt 0.443115234 0.561523438
vn 0.471856147 0.039321337 -0.880798399
v -0.149414092 0.365234375 -0.161132798
vt 0.467041016 0.551269531
vn 0.502877951 -0.007857486 -0.864321768
v -0.120117217 0.439453155 -0.141601562
vt 0.397705078 0.575439453
vn 0.150086179 0.134287700 -0.979510665
v -0.124023460 0.417968780 -0.143554673
vt 0.412109375 0.564697266
vn 0.568765700 -0.039497640 -0.821550667
v -0.106445335 0.429687530 -0.135742188
vt 0.394287109 0.559082031
vn 0.408185303 -0.423884869 -0.808521152
v -0.131835967 0.408203155 -0.151367173
vt 0.425048828 0.565429688
vn 0.552071691 0.149848074 -0.820221007
v -0.120117210 0.382812530 -0.135742173
vt 0.432861328 0.536132812
vn 0.873799026 -0.236161888 -0.425091565
v -0.116210960 0.406250030 -0.131835923
vt 0.413330078 0.546630859
vn 0.817050695 -0.196406424 -0.542081833
v -0.102539085 0.419921905 -0.122070305
vt 0.395507812 0.543212891
vn 0.632732391 -0.640641570 -0.435003608
v -0.088867210 0.429687530 -0.127929688
vt 0.381835938 0.548339844
vn 0.236220434 -0.771653533 -0.590551198
v -0.071289085 0.429687530 -0.118164062
vt 0.368164062 0.537841797
vn 0.157641664 -0.945850074 -0.283755004
v -0.096679710 0.417968780 -0.100585930
vt 0.387695312 0.526367188
vn 0.575213492 -0.795843244 -0.189111322
v -0.110351585 0.400390655 -0.112304680
vt 0.408447266 0.528320312
vn 0.895061016 -0.400422007 -0.196285412
v -0.104492202 0.408203155 -0.088867180
vt 0.393554688 0.511718750
vn 0.732715189 -0.638171256 -0.236359820
v -0.090820327 0.417968780 -0.086914055
vt 0.380615234 0.515136719
vn 0.487403929 -0.817580760 -0.306592822
v -0.092773452 0.410156280 -0.077148430
vt 0.381591797 0.503173828
vn 0.548265398 -0.595259666 -0.587427378
v -0.118164085 0.378906250 -0.108398430
vt 0.423583984 0.513916016
vn 0.884057522 -0.465708822 0.039466757
v -0.122070327 0.378906280 -0.075195305
vt 0.412353516 0.484375000
vn 0.590313315 -0.558829904 -0.582442582
v -0.086914077 0.378906280 -0.055664055
vt 0.382568359 0.468994141
vn 0.581722140 -0.463805526 -0.668194413
v -0.122070327 0.382812530 -0.083007805
vt 0.413574219 0.492919922
vn 0.794364929 -0.605604947 -0.047190078
v -0.102539077 0.355468780 -0.051757801
vt 0.403808594 0.451171875
vn 0.536214888 -0.417932272 -0.733352840
v -0.090820320 0.355468780 -0.038085930
vt 0.389160156 0.443847656
vn 0.829243183 -0.410672814 -0.379082710
v -0.139648452 0.363281280 -0.081054680
vt 0.434326172 0.481445312
vn 0.851979911 -0.520654321 -0.055221010
v -0.131835952 0.357421875 -0.110351555
vt 0.445800781 0.504638672
vn 0.858214557 -0.480285168 0.181091040
v -0.131835952 0.353515625 -0.131835923
vt 0.457763672 0.519287109
vn 0.945850074 -0.283754975 -0.157641768
v -0.137695327 0.345703125 -0.106445305
vt 0.455078125 0.495361328
vn 0.946202874 -0.236550644 0.220780551
v -0.137695327 0.357421905 -0.071289055
vt 0.433105469 0.471923828
vn 0.630057991 -0.464667827 -0.622182369
v -0.149414077 0.333984405 -0.071289040
vt 0.454345703 0.462646484
vn 0.907737613 -0.418348640 -0.031573582
v -0.147460952 0.332031280 -0.063476540
vt 0.453613281 0.456298828
vn 0.645269275 -0.503624856 -0.574447215
v -0.161132827 0.314453155 -0.067382790
vt 0.469970703 0.450683594
vn 0.878762603 -0.470765650 -0.078461044
v -0.110351570 0.330078155 -0.043945301
vt 0.424316406 0.432617188
vn 0.472778082 -0.512176335 -0.717046916
v -0.143554702 0.328125000 -0.092773415
vt 0.466308594 0.477539062
vn 0.918275714 -0.251152307 0.306091785
v -0.145507827 0.312500030 -0.104492165
vt 0.484130859 0.478027344
vn 0.866007566 -0.417258143 0.275547743
v -0.137695327 0.320312500 -0.124023423
vt 0.482421875 0.499023438
vn 0.945556402 -0.323065042 0.039398074
v -0.157226577 0.287109405 -0.114257790
vt 0.510253906 0.478027344
vn 0.880771101 -0.275240868 0.385337204
v -0.165039077 0.289062530 -0.094726540
vt 0.507324219 0.462890625
vn 0.872233093 -0.353607953 0.337891966
v -0.149414077 0.296875030 -0.125976548
vt 0.506347656 0.492919922
vn 0.940601349 -0.331976920 0.071137808
vt 0.530273438 0.480957031
vt 0.522705078 0.496093750
vt 0.522460938 0.509765625
v -0.137695327 0.328125000 -0.141601548
vt 0.483886719 0.515625000
vn 0.931795120 -0.252690166 -0.260586888
v -0.137695342 0.359375000 -0.147460923
vt 0.461669922 0.535156250
vn 0.822063684 -0.134375796 -0.553312242
v -0.141601592 0.335937500 -0.155273423
vt 0.485351562 0.530273438
vn 0.794758320 -0.141640097 -0.590167224
v -0.155273467 0.341796875 -0.166992173
vt 0.490234375 0.546142578
vn 0.408853441 -0.031450298 -0.912058055
vt 0.526855469 0.535888672
v -0.155273467 0.306640625 -0.155273423
vt 0.514160156 0.527099609
vn 0.612863660 -0.259288490 -0.746436596
vt 0.541503906 0.519531250
vt 0.693359375 0.749511719
vt 0.708740234 0.745605469
vt 0.702392578 0.771240234
vt 0.691650391 0.775390625
v -0.264648467 0.308593750 -0.110351525
vt 0.674560547 0.778564453
vn -0.576719463 0.497716606 -0.647821605
vt 0.692382812 0.793945312
vt 0.677734375 0.798339844
vt 0.672607422 0.757812500
v -0.282226562 0.306640625 -0.088867150
vt 0.665039062 0.799560547
vn -0.708859384 0.283543617 -0.645849407
v -0.264648467 0.320312500 -0.092773400
vt 0.658447266 0.781005859
vn -0.471143007 0.494699955 -0.730271399
vt 0.681884766 0.810546875
vt 0.690673828 0.806884766
v -0.290039062 0.292968750 -0.079101525
vt 0.670166016 0.812744141
vn -0.307372749 0.496524990 -0.811778903
v -0.291992188 0.318359375 -0.081054650
vt 0.651855469 0.806640625
vn -0.426627725 0.221214250 -0.876956701
v -0.303710938 0.292968750 -0.083007775
vt 0.668457031 0.823730469
vn -0.149643555 0.504061937 -0.850604653
vt 0.683837891 0.818603516
vt 0.671386719 0.838378906
v -0.313476562 0.306640625 -0.075195268
vt 0.654296875 0.828125000
vn -0.394791663 0.378999829 -0.836958051
vt 0.654785156 0.849365234
v -0.319335938 0.337890625 -0.055664025
vt 0.624267578 0.828857422
vn -0.587770104 0.501563728 -0.634791493
vt 0.641601562 0.854003906
v -0.295898438 0.335937500 -0.071289025
vt 0.634765625 0.807128906
vn -0.471695930 0.455972522 -0.754713178
v -0.270507842 0.339843750 -0.086914025
vt 0.642578125 0.781982422
vn -0.369849652 0.409195185 -0.834128737
v -0.321289062 0.349609375 -0.040039025
vt 0.608398438 0.832763672
vn -0.732965529 0.606863856 -0.307372570
v -0.305664062 0.359375000 -0.047851525
vt 0.604980469 0.815429688
vn -0.528181791 0.638547957 -0.559714794
vt 0.632568359 0.864990234
v -0.250976592 0.345703125 -0.088867165
vt 0.640380859 0.765869141
vn -0.385528237 0.377660155 -0.841867507
v -0.266601562 0.365234375 -0.065429658
vt 0.614501953 0.780029297
vn -0.376415730 0.635201335 -0.674411237
v -0.243164077 0.361328155 -0.081054665
vt 0.624755859 0.760498047
vn -0.434677482 0.663870871 -0.608548284
v -0.250976562 0.406250000 -0.034179661
vt 0.571777344 0.769531250
vn -0.458286971 0.647922814 -0.608415246
v -0.243164077 0.332031250 -0.094726533
vt 0.653564453 0.762451172
vn -0.487841398 0.487841219 -0.723893464
vt 0.631103516 0.747070312
vt 0.608398438 0.742187500
vt 0.643066406 0.749023438
vt 0.594482422 0.750732422
v -0.233398452 0.335937500 -0.100585908
vt 0.654296875 0.753417969
vn -0.808595836 0.306167305 -0.502428353
vt 0.664550781 0.746093750
vt 0.585205078 0.735351562
vt 0.577392578 0.743164062
vt 0.561035156 0.752197266
v -0.243164077 0.421875000 -0.020507788
vt 0.552978516 0.767578125
vn -0.482277572 0.703650773 -0.521808386
vt 0.550781250 0.743652344
vt 0.532958984 0.745605469
v -0.256835938 0.408203125 -0.026367161
vt 0.565185547 0.777587891
vn -0.465115279 0.685847819 -0.559714854
v -0.250976562 0.427734375 -0.008789037
vt 0.543457031 0.776611328
vn -0.528214514 0.819914997 -0.220746309
v -0.291992188 0.380859375 -0.030273404
vt 0.581542969 0.809326172
vn -0.604260921 0.706278920 -0.368834496
v -0.213867202 0.441406250 0.000976582
vt 0.520751953 0.751708984
vn -0.503251076 0.833509564 0.228035659
v -0.249023438 0.427734375 0.000976588
vt 0.535644531 0.779541016
vn -0.513838053 0.822140813 0.245061263
v -0.280273438 0.400390625 -0.010742158
vt 0.558837891 0.805175781
vn -0.718498230 0.694811404 -0.031582274
v -0.264648438 0.412109375 0.004882840
vt 0.537353516 0.801513672
vn -0.623654008 0.655231416 0.426295221
v -0.237304688 0.423828125 0.022460962
vt 0.517089844 0.781982422
vn -0.465418875 0.528526664 0.709961236
v -0.204101562 0.441406250 0.016601581
vt 0.505859375 0.751220703
vn -0.442001194 0.789287865 0.426215500
v -0.180664062 0.460937500 0.014648451
vt 0.493164062 0.734375000
vn -0.711579144 0.442760408 0.545544147
v -0.215820312 0.429687500 0.028320333
vt 0.502929688 0.769775391
vn -0.196448788 0.447903484 0.872233033
v -0.301757812 0.375000000 -0.018554654
vt 0.578857422 0.823974609
vn -0.748310030 0.661663473 -0.047261618
v -0.309570312 0.361328125 0.000976598
vt 0.571044922 0.844970703
vn -0.778924167 0.574358225 0.251773536
v -0.323242188 0.349609375 -0.026367148
vt 0.599121094 0.841064453
vn -0.811905026 0.583310425 0.023647800
v -0.340820312 0.320312500 -0.022460897
vt 0.611083984 0.864501953
vn -0.891035318 0.433689743 0.134049669
vt 0.597900391 0.883056641
v -0.315429688 0.337890625 0.024414100
vt 0.566406250 0.871582031
vn -0.789336979 0.434135407 0.434135467
v -0.278320312 0.369140625 0.051757846
vt 0.525634766 0.855224609
vn -0.748472452 0.456962168 0.480598241
v -0.249023423 0.355468780 0.094726585
vt 0.500000000 0.884765625
vn -0.653017163 0.432722270 0.621546566
v -0.270507812 0.386718750 0.038085967
vt 0.523437500 0.835937500
vn -0.629784584 0.739996910 0.236169279
v -0.249023438 0.398437500 0.071289085
vt 0.500732422 0.852539062
vn -0.683136046 0.588910401 0.431867719
v -0.276367188 0.388671875 0.022460967
vt 0.533691406 0.826660156
vn -0.583636880 0.709828615 0.394349247
v -0.258789062 0.392578125 0.032226589
vt 0.518554688 0.826416016
vn -0.259128630 0.942285776 -0.212014318
v -0.243164062 0.406250000 0.057617214
vt 0.499267578 0.837402344
vn -0.496741056 0.867325664 -0.031539086
v -0.254882812 0.404296875 0.014648465
vt 0.525634766 0.804931641
vn -0.252210915 0.338908553 0.906383276
v -0.262695312 0.390625000 0.024414090
vt 0.524169922 0.821533203
vn -0.055109572 0.952608287 0.299166203
v -0.241210938 0.388671875 0.020507839
vt 0.510498047 0.812988281
vn -0.094723426 0.978808463 0.181553155
v -0.233398438 0.406250000 0.045898460
vt 0.493896484 0.822753906
vn -0.252218932 0.890647769 -0.378328234
v -0.221679688 0.396484375 0.022460962
vt 0.498535156 0.798828125
vn -0.496278405 0.701091766 0.512033284
v -0.237304688 0.394531250 0.014648462
vt 0.510986328 0.805664062
vn -0.228615835 0.260149211 0.938113749
v -0.231445312 0.414062500 0.026367210
vt 0.509521484 0.787109375
vn -0.266832769 -0.109872349 0.957459331
v -0.213867188 0.421875000 0.028320333
vt 0.498779297 0.775390625
vn 0.118073776 -0.133816749 0.983947039
vt 0.524169922 0.918457031
vt 0.539306641 0.925048828
vt 0.530029297 0.951416016
vt 0.545654297 0.939697266
v -0.168945327 0.296875030 -0.073242165
vt 0.554931641 0.958984375
vt 0.568359375 0.935058594
vt 0.570556641 0.964355469
v -0.172851577 0.281250030 -0.069335915
vt 0.541992188 0.964843750
vn 0.966528416 -0.196448818 -0.165017158
vt 0.513671875 0.952880859
vt 0.521728516 0.966796875
vt 0.498535156 0.989746094
vt 0.520996094 0.993408203
v -0.151367188 0.283203155 -0.034179669
vt 0.545654297 0.999511719
vn 0.606430709 -0.220520303 -0.763945401
v -0.161132827 0.304687530 -0.057617169
vt 0.563720703 0.973144531
vn 0.826925457 -0.338645667 -0.448902518
vt 0.586425781 0.974121094
v -0.151367202 0.306640655 -0.041992173
vt 0.565185547 0.989990234
vn 0.643201470 -0.470635295 -0.603982031
v -0.141601562 0.306640655 -0.036132798
vt 0.566894531 1.000000000
vn 0.243273750 -0.580718279 -0.776906788
v -0.145507827 0.316406280 -0.049804673
vt 0.575927734 0.987548828
vn 0.470751107 -0.611976504 -0.635514140
vt 0.604492188 0.998535156
vt 0.216552734 0.427246094
vt 0.208251953 0.421386719
v -0.116210945 0.296875030 -0.024414049
vt 0.226806641 0.416015625
vn 0.478950888 -0.392582744 -0.785165548
v -0.133789062 0.269531280 -0.024414046
vt 0.235107422 0.432861328
vn 0.519813895 -0.267782986 -0.811224937
vt 0.223876953 0.438476562
v -0.120117195 0.314453155 -0.036132801
vt 0.217529297 0.411621094
vn 0.448902309 -0.511906266 -0.732419729
vt 0.211425781 0.406005859
v -0.102539070 0.316406280 -0.022460926
vt 0.222412109 0.397949219
vn 0.789287806 -0.442001224 -0.426215529
v -0.104492188 0.294921905 -0.014648425
vt 0.230468750 0.408203125
vn 0.794856787 -0.440712720 -0.417103201
v -0.094726570 0.333984405 -0.034179680
vt 0.213134766 0.392089844
vn 0.774443507 -0.418831736 -0.474149197
v -0.088867195 0.337890655 -0.018554680
vt 0.216552734 0.383300781
vn 0.956958413 -0.274537206 -0.094127171
v -0.098632812 0.320312530 -0.002929677
vt 0.228271484 0.388671875
vn 0.953880250 -0.275915712 0.118249506
v -0.088867195 0.343750030 0.000976570
vt 0.222900391 0.374267578
vn 0.960481107 -0.039363924 0.275547713
v -0.124023438 0.277343780 -0.018554673
vt 0.235595703 0.424072266
vn 0.746620893 -0.416535914 -0.518705189
v -0.100585938 0.296875030 0.000976574
vt 0.235595703 0.402099609
vn 0.926695347 -0.369107425 0.070680045
v -0.114257812 0.281250030 -0.000976549
vt 0.241699219 0.414794922
vn 0.797827244 -0.600345194 -0.055295035
v -0.118164062 0.271484405 0.006835952
vt 0.248779297 0.419433594
vn 0.980152965 -0.197611436 -0.015809039
v -0.118164062 0.281250030 0.012695327
vt 0.248046875 0.411865234
vn 0.903692782 -0.314327866 0.290753186
v -0.104492188 0.300781280 0.016601574
vt 0.241210938 0.396484375
vn 0.876273394 -0.276302338 0.394717604
v -0.104492188 0.322265655 0.012695324
vt 0.234619141 0.382324219
vn 0.896610022 -0.149434939 0.416844875
v -0.122070312 0.263671905 -0.010742172
vt 0.243896484 0.428222656
vn 0.877696514 -0.292565554 -0.379544586
vt 0.249511719 0.446044922
vt 0.243164062 0.449218750
vt 0.228271484 0.450439453
vt 0.234619141 0.464355469
vt 0.240234375 0.466064453
v -0.133789062 0.242187530 0.002929705
vt 0.258056641 0.441650391
vn 0.894785285 -0.439543635 -0.078490034
vt 0.259033203 0.466552734
vt 0.272216797 0.464355469
v -0.120117188 0.259765655 0.018554702
vt 0.258789062 0.426269531
vn 0.915402889 -0.402461588 -0.007891507
v -0.135742188 0.240234405 0.028320331
vt 0.273681641 0.440429688
vn 0.914719641 -0.402161211 0.039427470
vt 0.296875000 0.462890625
v -0.137695298 0.222656280 0.065429702
vt 0.302001953 0.446044922
vn 0.973695338 -0.007852328 0.227718920
vt 0.312988281 0.460205078
v -0.139648423 0.246093780 0.057617206
vt 0.294189453 0.435058594
vn 0.827130795 -0.480523527 0.291465014
v -0.125976548 0.259765655 0.083007827
vt 0.296386719 0.421630859
vn 0.727642357 -0.640641510 0.245183751
v -0.149414048 0.248046905 0.079101585
vt 0.311767578 0.431152344
vn 0.684339762 -0.495556265 0.534886062
v -0.145507798 0.210937530 0.083007835
vt 0.318603516 0.447021484
vn 0.858640492 0.023632366 0.512033165
vt 0.334960938 0.457275391
vt 0.326904297 0.472656250
vt 0.339599609 0.437255859
vt 0.346923828 0.458496094
v -0.120117180 0.271484405 0.077148452
vt 0.287353516 0.415039062
vn 0.990499973 -0.070749938 0.117916539
v -0.141601548 0.261718780 0.114257827
vt 0.314453125 0.411376953
vn 0.527477384 -0.716424406 0.456622094
v -0.165039048 0.248046905 0.090820335
vt 0.326416016 0.425048828
vn 0.442359775 -0.466057420 0.766230106
v -0.180664048 0.248046905 0.096679710
vt 0.340576172 0.415527344
vn 0.228616074 -0.354748845 0.906580389
vt 0.354980469 0.430419922
v -0.159179673 0.261718780 0.127929702
vt 0.326904297 0.406250000
vn 0.283008844 -0.762551308 0.581740201
v -0.194335923 0.251953155 0.098632835
vt 0.347900391 0.408691406
vn -0.015804337 -0.339796215 0.940366328
vt 0.365966797 0.423583984
vt 0.372070312 0.410644531
v -0.213867173 0.248046905 0.100585967
vt 0.357177734 0.395996094
vn -0.196825892 0.488128483 0.850288272
v -0.127929673 0.273437530 0.104492202
vt 0.301757812 0.408447266
vn 0.881425500 -0.086568519 0.464322209
v -0.145507798 0.273437530 0.127929702
vt 0.317626953 0.401611328
vn 0.611826003 -0.101970911 0.784392059
v -0.124023430 0.285156280 0.086914077
vt 0.289062500 0.405029297
vn 0.850710213 0.496247649 0.173292711
v -0.174804673 0.265625030 0.137695342
vt 0.333496094 0.396240234
vn 0.039416675 -0.559714794 0.827747405
v -0.139648423 0.285156280 0.116210952
vt 0.307617188 0.398437500
vn 0.673142016 0.506836295 0.538513482
v -0.157226548 0.283203155 0.131835952
vt 0.321777344 0.392578125
vn 0.385731220 0.393603235 0.834438741
v -0.198242173 0.263671905 0.124023460
vt 0.345458984 0.392333984
vn -0.415459454 -0.713336170 0.564397931
v -0.176757798 0.279296905 0.139648467
vt 0.332031250 0.388427734
vn 0.070969738 0.197137877 0.977803648
v -0.209960923 0.255859405 0.100585967
vt 0.355468750 0.392822266
vn -0.361845821 -0.416909486 0.833819032
v -0.192382798 0.273437530 0.135742217
vt 0.340332031 0.386718750
vn -0.408437014 -0.243491352 0.879710853
v -0.223632798 0.277343780 0.110351592
vt 0.354003906 0.375976562
vn -0.652008891 -0.424198657 0.628442466
v -0.227539048 0.248046905 0.094726592
vt 0.364746094 0.393798828
vn -0.535698831 0.724769056 0.433285862
v -0.247070298 0.222656280 0.118164092
vt 0.377685547 0.407226562
vn -0.393749565 0.629999399 0.669374406
v -0.225585923 0.255859405 0.086914092
vt 0.363769531 0.386718750
vn -0.740892708 -0.047291033 0.669956386
v -0.233398423 0.242187530 0.081054717
vt 0.370605469 0.388671875
vn -0.488022625 0.676934600 0.550993323
v -0.250976562 0.234375030 0.100585967
vt 0.376953125 0.400878906
vn -0.322315454 0.801858068 0.503126621
v -0.245117173 0.259765655 0.073242217
vt 0.373046875 0.377197266
vn -0.615184724 -0.268157482 0.741376698
v -0.245117173 0.250000030 0.073242217
vt 0.375244141 0.383300781
vn -0.488734663 0.472969115 0.733102143
v -0.264648438 0.255859405 0.053710971
vt 0.385253906 0.373535156
vn -0.661089420 -0.196752846 0.724050522
v -0.288085938 0.279296905 0.051757850
vt 0.389648438 0.351562500
vn -0.536298215 -0.339129806 0.772900641
v -0.245117173 0.289062530 0.092773467
vt 0.364013672 0.359863281
vn -0.661335289 -0.322794646 0.677081525
v -0.254882812 0.322265655 0.092773467
vt 0.360839844 0.334960938
vn -0.686808705 -0.110520966 0.718386412
v -0.303710938 0.302734405 0.047851600
vt 0.389404297 0.329833984
vn -0.629063725 -0.102222875 0.770603359
v -0.223632798 0.302734405 0.120117217
vt 0.347900391 0.359130859
vn -0.623188019 -0.118326865 0.773068964
v -0.266601562 0.343750000 0.081054717
vt 0.362304688 0.314941406
vn -0.724229813 0.220417783 0.653381407
v -0.211914048 0.287109405 0.124023467
vt 0.344970703 0.372802734
vn -0.549971879 -0.172848344 0.817101300
v -0.200195298 0.291015655 0.129882842
vt 0.338623047 0.373535156
vn -0.323064923 -0.039398152 0.945556343
v -0.186523423 0.294921905 0.129882842
vt 0.330322266 0.375732422
vn 0.157813475 0.047344059 0.986333430
v -0.165039048 0.298828155 0.120117210
vt 0.315917969 0.382812500
vn 0.496432662 0.047279350 0.866786897
v -0.182617173 0.312500030 0.137695342
vt 0.325683594 0.365966797
vn 0.196936011 -0.149671212 0.968924582
v -0.200195298 0.314453155 0.137695342
vt 0.333007812 0.357910156
vn -0.291112930 0.094415069 0.952018440
v -0.151367173 0.298828155 0.108398460
vt 0.302001953 0.388183594
vn 0.765633166 0.071038179 0.639342964
v -0.157226548 0.316406280 0.129882827
vt 0.310791016 0.370849609
vn 0.440508246 -0.125859410 0.888882399
v -0.141601548 0.316406280 0.118164077
vt 0.299072266 0.376220703
vn 0.709299564 -0.315244108 0.630488217
v -0.182617173 0.322265655 0.135742217
vt 0.322509766 0.360351562
vn 0.094321772 0.479468554 0.872475505
v -0.141601548 0.326171905 0.118164077
vt 0.296875000 0.371337891
vn 0.548652768 0.525139034 0.650545299
v -0.163085923 0.326171905 0.127929702
vt 0.311279297 0.363769531
vn 0.283825606 0.678027689 0.678027630
v -0.182617173 0.335937530 0.120117210
vt 0.314941406 0.349853516
vn 0.275343239 0.055068679 0.959767461
v -0.200195298 0.332031280 0.125976592
vt 0.326904297 0.346191406
vn 0.063219994 0.142244756 0.987810552
v -0.209960923 0.326171905 0.125976592
vt 0.334228516 0.346923828
vn -0.385623515 0.133787811 0.912904978
v -0.223632798 0.320312530 0.118164092
vt 0.343750000 0.346435547
vn -0.583183527 -0.031523425 0.811728537
v -0.192382798 0.349609405 0.129882842
vt 0.319335938 0.336914062
vn -0.079024710 -0.221269518 0.972005606
v -0.217773423 0.351562530 0.127929717
vt 0.332519531 0.329833984
vn -0.347665787 0.197537467 0.916573763
v -0.231445298 0.343750030 0.120117210
vt 0.342041016 0.329345703
vn -0.614554346 0.039394524 0.787890375
vt 0.348388672 0.309814453
vt 0.392578125 0.298095703
v -0.223632798 0.361328155 0.118164085
vt 0.333984375 0.320800781
vn -0.470809072 0.619898677 0.627745569
v -0.198242173 0.361328155 0.127929717
vt 0.321289062 0.326904297
vn -0.299166143 0.417258203 0.858134806
v -0.165039048 0.357421905 0.139648452
vt 0.303466797 0.333984375
vn -0.007872905 -0.125968605 0.992003083
v -0.204101548 0.369140655 0.116210960
vt 0.322265625 0.315673828
vn -0.322784603 0.810898006 0.488113374
v -0.233398438 0.373046905 0.090820335
vt 0.334472656 0.302246094
vn -0.338320494 0.637301564 0.692377031
v -0.254882812 0.371093780 0.079101585
vt 0.345458984 0.295654297
vn -0.651687324 0.345472842 0.675242364
vt 0.357177734 0.281738281
vt 0.337158203 0.279052734
v -0.166992173 0.376953155 0.133789077
vt 0.300781250 0.323974609
vn -0.055109486 0.582586944 0.810897887
v -0.149414048 0.367187530 0.131835952
vt 0.290527344 0.330810547
vn 0.599317729 0.260230094 0.757032752
v -0.211914062 0.378906280 0.086914085
vt 0.318603516 0.301269531
vn -0.172608659 0.313834131 0.933656454
v -0.237304688 0.382812500 0.084960960
vt 0.332275391 0.294921875
vn -0.039393149 -0.299388945 0.953317583
v -0.223632812 0.398437500 0.096679710
vt 0.317871094 0.289062500
vn -0.486143589 0.078410290 0.870354116
v -0.200195312 0.400390625 0.104492210
vt 0.301757812 0.291748047
vn 0.023680989 -0.268382937 0.963021278
v -0.186523438 0.386718750 0.084960952
vt 0.298095703 0.302734375
vn -0.125676736 0.188515335 0.973995626
v -0.172851548 0.384765625 0.120117202
vt 0.297363281 0.315917969
vn -0.244268715 0.882519305 0.401861459
v -0.155273423 0.382812530 0.124023452
vt 0.287597656 0.321533203
vn 0.299064368 0.779141247 0.550907791
v -0.161132812 0.394531280 0.086914077
vt 0.277343750 0.305419922
vn 0.007867798 0.180956617 0.983459711
v -0.202148438 0.412109375 0.102539085
vt 0.299072266 0.286621094
vn -0.133523315 0.471259147 0.871829391
v -0.170898438 0.404296875 0.096679702
vt 0.280761719 0.296386719
vn 0.164940819 -0.290609747 0.942518234
v -0.208007812 0.421875000 0.090820335
vt 0.298828125 0.279052734
vn -0.290977985 0.849341273 0.440399170
v -0.172851562 0.414062500 0.096679702
vt 0.278320312 0.291503906
vn 0.055224452 0.449684083 0.891478896
v -0.137695312 0.404296905 0.096679695
vt 0.261230469 0.304687500
vn 0.464322448 -0.220356315 0.857815802
vt 0.331787109 0.269531250
vt 0.345214844 0.258300781
v -0.176757812 0.421875000 0.086914077
vt 0.277587891 0.284179688
vn -0.015781322 0.915317416 0.402424008
v -0.208007812 0.423828125 0.075195335
vt 0.296142578 0.272705078
vn -0.221124664 0.971368849 -0.086870402
vt 0.322753906 0.262939453
vt 0.336425781 0.252197266
v -0.147460938 0.419921905 0.094726577
vt 0.262939453 0.294677734
vn 0.157475501 0.606280506 0.779503405
v -0.161132812 0.425781280 0.069335952
vt 0.262939453 0.278564453
vn -0.180923015 0.975410879 0.125859454
v -0.143554688 0.425781280 0.083007827
vt 0.256835938 0.289794922
vn 0.267013907 0.918841958 0.290573925
v -0.131835938 0.416015655 0.086914070
vt 0.254394531 0.299316406
vn 0.748286784 0.448972076 0.488355428
v -0.202148438 0.414062500 0.049804706
vt 0.291259766 0.262695312
vn -0.189111352 0.937676728 -0.291546553
vt 0.310302734 0.252441406
v -0.182617188 0.417968750 0.059570327
vt 0.275634766 0.269531250
vn -0.268074185 0.954028547 -0.134037077
v -0.155273438 0.429687530 0.057617199
vt 0.253173828 0.278564453
vn -0.149992719 0.892062068 0.426295161
v -0.178710938 0.423828125 0.047851577
vt 0.268310547 0.264648438
vn -0.536298335 0.772900581 0.339129835
v -0.190429688 0.416015625 0.043945331
vt 0.279296875 0.262207031
vn -0.466072023 0.884746850 0.000000022
v -0.206054688 0.406250000 0.022460958
vt 0.291748047 0.252441406
vn -0.220117837 0.636769712 0.738967240
vt 0.284667969 0.245117188
v -0.188476562 0.416015625 0.022460954
vt 0.277587891 0.254394531
vn -0.699012816 0.557639360 0.447682440
v -0.180664062 0.429687500 0.030273454
vt 0.266357422 0.256591797
vn -0.796535850 0.307573289 0.520508707
v -0.192382812 0.419921875 0.018554706
vt 0.277099609 0.251953125
vn -0.165657476 -0.015776880 0.986057222
v -0.188476562 0.435546875 0.024414079
vt 0.268798828 0.250000000
vn -0.204578459 -0.078684039 0.975682557
v -0.174804688 0.437500000 0.034179702
vt 0.257324219 0.260253906
vn -0.615606129 0.386726975 0.686637700
v -0.184570312 0.445312500 0.024414079
vt 0.263916016 0.249023438
vn -0.463576287 0.424290270 0.777865529
vt 0.284179688 0.242675781
vt 0.265869141 0.242187500
vt 0.248291016 0.245605469
v -0.165039062 0.453125030 0.036132827
vt 0.245361328 0.260009766
vn -0.629608989 0.181012616 0.755530953
v -0.153320312 0.443359405 0.045898449
vt 0.245849609 0.271972656
vn -0.377753645 0.306924909 0.873555541
v -0.141601562 0.449218780 0.051757824
vt 0.238281250 0.272949219
vn -0.448763192 -0.220445111 0.866034508
v -0.133789062 0.488281280 0.061523445
vt 0.226806641 0.252685547
vn -0.471142828 0.494700015 0.730271518
v -0.110351562 0.458984405 0.075195320
vt 0.220458984 0.266601562
vn -0.299584210 -0.173443541 0.938172042
v -0.106445312 0.451171905 0.071289070
vt 0.220214844 0.271728516
vn -0.149117008 -0.667102814 0.729889035
v -0.079101562 0.460937530 0.079101562
vt 0.208496094 0.260986328
vn 0.141208082 -0.054914154 0.988455713
v -0.137695312 0.433593780 0.047851574
vt 0.238525391 0.283935547
vn 0.205266103 0.300004214 0.931591868
v -0.131835938 0.439453155 0.049804699
vt 0.235107422 0.281250000
vn -0.102588117 -0.512941241 0.852271676
v -0.100585938 0.429687530 0.040039070
vt 0.222167969 0.293212891
vn 0.242915198 -0.705237329 0.666057467
v -0.108398438 0.421875030 0.038085945
vt 0.226806641 0.297851562
vn 0.536215007 0.023656601 0.843749881
v -0.141601562 0.427734405 0.059570324
vt 0.245605469 0.286132812
vn 0.314308494 0.895779192 0.314308435
v -0.124023438 0.416015655 0.059570320
vt 0.240234375 0.299804688
vn 0.615089238 0.678175271 0.402173579
v -0.096679688 0.408203155 0.034179691
vt 0.221679688 0.308349609
vn 0.725760698 0.307659447 0.615318656
v -0.120117188 0.406250030 0.067382820
vt 0.243896484 0.307373047
vn 0.826310873 0.149522960 0.543004036
v -0.090820312 0.398437530 0.030273443
vt 0.220214844 0.315429688
vn 0.846067965 -0.284658283 0.450708926
v -0.124023438 0.398437530 0.069335945
vt 0.246826172 0.312255859
vn 0.746805608 -0.361611068 0.558138788
v -0.098632812 0.390625030 0.030273445
vt 0.222412109 0.321289062
vn 0.557055593 -0.768893540 0.313834071
v -0.133789062 0.390625030 0.075195320
vt 0.253173828 0.317138672
vn 0.883177578 0.212908924 0.417932093
v -0.143554688 0.392578155 0.086914077
vt 0.265380859 0.312255859
vn 0.431987613 0.306318492 0.848266363
v -0.127929688 0.384765655 0.098632820
vt 0.264160156 0.324218750
vn 0.545527041 0.743181765 0.387403190
v -0.124023438 0.380859405 0.041992199
vt 0.235595703 0.329833984
vn 0.977226615 -0.055165969 0.204902202
v -0.090820320 0.390625030 0.006835944
vt 0.214355469 0.330078125
vn 0.684657514 -0.574482679 0.448568612
v -0.116210938 0.371093780 0.014648448
vt 0.225830078 0.344970703
vn 0.892062128 0.149992794 0.426295042
v -0.114257805 0.378906280 0.077148445
vt 0.251708984 0.333007812
vn 0.794856787 0.598110139 0.102308162
v -0.106445312 0.361328155 0.032226574
vt 0.234619141 0.352050781
vn 0.865846515 0.488022625 0.110198513
v -0.092773445 0.363281280 -0.012695305
vt 0.215087891 0.363769531
vn 0.896554649 -0.047187023 0.440412670
v -0.104492188 0.351562530 0.034179699
vt 0.236816406 0.359130859
vn 0.969405949 0.023644099 0.244321674
v -0.112304680 0.367187530 0.084960945
vt 0.257324219 0.339843750
vn 0.945820689 0.031527411 0.323155254
v -0.106445312 0.341796905 0.036132824
vt 0.240234375 0.364990234
vn 0.864722252 -0.385194391 0.322305441
v -0.114257812 0.328125030 0.030273449
vt 0.242675781 0.375732422
vn 0.833509624 -0.228035584 0.503250957
v -0.124023430 0.371093780 0.108398445
vt 0.269775391 0.333251953
vn 0.691116154 0.235607833 0.683262348
v -0.118164062 0.314453155 0.043945324
vt 0.252441406 0.384521484
vn 0.922261119 0.015765205 0.386245996
v -0.124023438 0.333984405 0.051757824
vt 0.253906250 0.370605469
vn 0.892201185 -0.268449813 0.363196790
v -0.114257805 0.353515655 0.075195320
vt 0.256591797 0.350830078
vn 0.755086839 -0.566314995 0.330350369
v -0.125976548 0.355468780 0.106445320
vt 0.272216797 0.342285156
vn 0.677438498 -0.535649002 0.504140198
v -0.137695312 0.341796905 0.081054695
vt 0.270996094 0.362304688
vn 0.832275510 -0.149181396 0.533912420
v -0.124023430 0.320312530 0.067382827
vt 0.264648438 0.379150391
vn 0.983459711 -0.007867627 0.180956453
v -0.124023430 0.306640655 0.053710949
vt 0.260009766 0.389648438
vn 0.832891881 -0.432160795 0.345728606
v -0.129882798 0.328125030 0.100585952
vt 0.282226562 0.372558594
vn 0.841555059 0.361790061 0.401114851
v -0.129882798 0.314453155 0.094726577
vt 0.281982422 0.380615234
vn 0.880471706 -0.361622244 0.306592703
v -0.141601548 0.298828155 0.092773452
vt 0.289306641 0.391113281
vn 0.916917324 0.055331275 0.395222843
v -0.149414048 0.341796905 0.088867202
vt 0.280029297 0.359130859
vn 0.470983297 -0.180543482 0.863469124
v -0.163085923 0.337890655 0.088867210
vt 0.290039062 0.356933594
vn 0.527150810 -0.007867861 0.849735439
v -0.147460923 0.345703155 0.118164077
vt 0.287353516 0.343505859
vn 0.480837017 -0.811904967 0.331068009
v -0.170898423 0.335937530 0.108398460
vt 0.302978516 0.354492188
vn 0.827978969 -0.031541988 0.559871316
v -0.153320298 0.351562530 0.135742202
vt 0.296875000 0.337890625
vn 0.441287190 -0.457047254 0.772252321
v -0.137695298 0.357421905 0.116210945
vt 0.280029297 0.337890625
vn 0.677396476 -0.165410683 0.716779828
v -0.137695298 0.375000030 0.112304695
vt 0.276123047 0.328369141
vn 0.575427890 0.362598389 0.733079195
vt 0.404296875 0.427978516
vt 0.415527344 0.412841797
v -0.088867195 0.357421905 -0.026367180
vt 0.384765625 0.434814453
vn 0.954384506 -0.291836560 0.063099690
vt 0.394775391 0.417968750
vt 0.841308594 0.555664062
vt 0.859375000 0.561767578
vt 0.837158203 0.564697266
vt 0.857421875 0.573242188
v -0.067382820 0.386718780 -0.032226562
vt 0.893554688 0.572509766
vn 0.834438801 -0.551044405 -0.007872149
vt 0.861816406 0.552490234
v -0.073242195 0.384765655 -0.018554684
vt 0.884277344 0.582519531
vn 0.734977067 -0.545305431 0.403051794
vt 0.838867188 0.596679688
vt 0.870361328 0.605224609
v -0.069335952 0.390625030 -0.043945312
vt 0.898681641 0.562500000
vn 0.748008251 -0.496047616 -0.440931261
vt 0.886718750 0.545410156
v -0.051757824 0.414062530 -0.028320312
vt 0.920410156 0.582519531
vn 0.724746644 -0.685358107 0.070899054
v -0.059570327 0.419921905 -0.055664062
vt 0.927490234 0.556396484
vn 0.472778171 -0.717046916 -0.512176335
v -0.053710949 0.416015655 -0.043945312
vt 0.924560547 0.568359375
vn 0.607335567 -0.725647748 -0.323386550
vt 0.913574219 0.525878906
v -0.055664070 0.417968780 -0.010742188
vt 0.917968750 0.600341797
vn 0.612731397 -0.628442347 0.479187250
v -0.034179699 0.425781280 -0.026367191
vt 0.937011719 0.585205078
vn 0.370296955 -0.906045616 0.204845086
v -0.014648451 0.429687530 -0.045898441
vt 0.957275391 0.571289062
vn 0.118073672 -0.983947039 -0.133816764
v -0.016601574 0.429687530 -0.024414068
vt 0.950683594 0.584716797
vn 0.086764999 -0.978077412 0.189305335
v 0.018554676 0.429687530 -0.026367197
vt 0.972412109 0.581054688
vn -0.141956821 -0.970038831 0.197162405
v -0.032226570 0.435546905 -0.004882816
vt 0.941894531 0.606933594
vn 0.205182984 -0.828623235 0.520848930
v 0.018554678 0.435546905 -0.008789073
vt 0.973632812 0.608154297
vn 0.000000100 -0.881479979 0.472221464
v 0.012695306 0.449218780 0.014648427
vt 0.969970703 0.633544922
vn 0.039387271 -0.921660006 0.385994405
v -0.016601579 0.435546905 -0.065429695
vt 0.964355469 0.552001953
vn 0.094585016 -0.977378368 -0.189169973
v 0.020507796 0.433593780 -0.065429695
vt 0.981933594 0.554687500
vn -0.157990500 -0.947943091 -0.276483327
v -0.026367193 0.453125030 0.016601557
vt 0.947753906 0.635009766
vn 0.039321449 -0.880798221 0.471856236
v 0.014648436 0.457031280 0.049804676
vt 0.977294922 0.669677734
vn -0.055136811 -0.866437256 0.496232271
v -0.018554691 0.460937530 0.040039059
vt 0.961425781 0.662841797
vn -0.133787677 -0.818466365 0.558760762
v -0.049804695 0.441406280 0.008789061
vt 0.928466797 0.626220703
vn 0.401861519 -0.724926472 0.559454083
v -0.045898441 0.453125030 0.024414059
vt 0.934570312 0.645996094
vn 0.331811190 -0.845328271 0.418714017
v -0.079101570 0.423828155 0.018554691
vt 0.896972656 0.627685547
vn 0.574642956 -0.566770971 0.590386450
v -0.077148438 0.435546905 0.034179691
vt 0.903076172 0.645507812
vn 0.442152798 -0.797454000 0.410570323
v -0.038085941 0.460937530 0.040039059
vt 0.942382812 0.664062500
vn 0.142125055 -0.821166396 0.552708209
v -0.084960945 0.406250030 0.012695317
vt 0.883789062 0.615966797
vn 0.797528744 -0.363230824 0.481675714
vt 0.868652344 0.622070312
vt 0.858154297 0.619873047
v -0.088867195 0.416015655 0.022460941
vt 0.884765625 0.627929688
vn 0.725151837 -0.189169943 0.662094891
vt 0.869384766 0.631347656
vt 0.871337891 0.644775391
vt 0.882080078 0.647460938
v -0.073242188 0.453125030 0.073242188
vt 0.902832031 0.683349609
vn 0.292602301 -0.672194123 0.680102229
vt 0.875244141 0.681396484
v -0.057617188 0.455078155 0.061523438
vt 0.917724609 0.676025391
vn 0.636042953 -0.659600019 0.400471359
vt 0.899902344 0.693359375
v -0.045898441 0.464843780 0.051757812
vt 0.933593750 0.674072266
vn 0.721729755 -0.211811900 0.658970356
v -0.061523438 0.462890655 0.071289062
vt 0.914794922 0.687255859
vn 0.605811298 0.039338447 0.794635355
v -0.077148438 0.480468780 0.067382812
vt 0.915039062 0.705810547
vn 0.330350459 0.566315055 0.755086601
v -0.036132816 0.466796905 0.043945309
vt 0.944580078 0.672119141
vn 0.290609926 -0.164940625 0.942518175
v -0.098632812 0.498046905 0.061523438
vt 0.915527344 0.727294922
vn 0.047414955 0.798150957 0.600588799
v -0.120117188 0.490234405 0.065429695
vt 0.896972656 0.736328125
vn -0.227993265 0.605361700 0.762598515
vt 0.889404297 0.715820312
vt 0.890869141 0.746582031
v -0.059570316 0.492187530 0.043945309
vt 0.937255859 0.703369141
vn 0.361711770 0.715560079 0.597610533
v -0.090820320 0.503906250 0.040039062
vt 0.934326172 0.728271484
vn 0.078555286 0.974085748 0.212099269
v -0.045898445 0.498046905 0.026367182
vt 0.952148438 0.703857422
vn 0.172800332 0.958256423 0.227782175
v -0.041992191 0.490234405 0.038085930
vt 0.945556641 0.692871094
vn 0.205234081 0.647276521 0.734106302
v -0.016601570 0.494140655 0.028320303
vt 0.961425781 0.696777344
vn -0.023650659 0.946026444 0.323225647
v -0.018554693 0.484375030 0.040039055
vt 0.956787109 0.684814453
vn -0.141815737 0.543627381 0.827259064
v -0.016601566 0.466796905 0.045898434
vt 0.962158203 0.675048828
vn -0.260149062 -0.228615910 0.938113749
v 0.022460936 0.464843780 0.059570301
vt 0.979980469 0.689208984
vn -0.078918830 -0.394594759 0.915459931
v 0.010742185 0.480468780 0.053710926
vt 0.974609375 0.693603516
vn -0.299444675 0.362485796 0.882574081
v 0.010742183 0.490234405 0.045898426
vt 0.973632812 0.697021484
vn -0.252163976 0.772252262 0.583129287
v 0.006835930 0.498046905 0.022460926
vt 0.977294922 0.711669922
vn -0.173621729 0.978595018 0.110486507
v -0.012695321 0.494140655 0.012695304
vt 0.969482422 0.709472656
vn -0.071111336 0.956051350 -0.284445047
v -0.036132820 0.496093780 0.014648432
vt 0.956787109 0.711914062
vn 0.133457482 0.949903846 -0.282616049
v -0.030273449 0.482421905 -0.006835943
vt 0.967773438 0.729492188
vn 0.070680052 0.926695228 -0.369107455
v -0.014648448 0.486328155 -0.000976571
vt 0.973144531 0.727539062
vn -0.094652750 0.907087922 -0.410161525
v 0.020507801 0.490234405 -0.002929701
vt 0.989501953 0.742675781
vn -0.157499939 0.834749162 -0.527624488
vt 0.919921875 0.519775391
v -0.071289077 0.423828155 -0.075195312
vt 0.928710938 0.534667969
vn 0.433017164 -0.850288272 -0.299175531
vt 0.923095703 0.507080078
v -0.065429710 0.427734405 -0.092773438
vt 0.939208984 0.520507812
vn 0.219927728 -0.973965526 -0.054981913
vt 0.943847656 0.498779297
v -0.053710956 0.431640655 -0.075195312
vt 0.941894531 0.538818359
vn 0.236103445 -0.960153878 -0.149532139
v -0.045898460 0.431640655 -0.122070312
vt 0.961181641 0.497558594
vn -0.007898282 -0.971490085 -0.236948758
vt 0.952880859 0.483642578
v -0.026367208 0.429687530 -0.098632820
vt 0.965576172 0.519775391
vn 0.071066953 -0.994936705 0.071066938
v -0.016601581 0.435546905 -0.079101570
vt 0.965332031 0.538330078
vn 0.094234452 -0.989461064 0.109940149
v 0.014648419 0.437500030 -0.079101570
vt 0.985595703 0.531250000
vn -0.070680097 -0.997375369 -0.015706647
v 0.010742166 0.433593780 -0.100585945
vt 0.987792969 0.515380859
vn -0.015787177 -0.994595706 0.102617063
v 0.010742163 0.433593780 -0.127929702
vt 0.995117188 0.491455078
vn -0.007852368 -0.973695278 -0.227719009
v -0.014648462 0.431640655 -0.125976577
vt 0.979980469 0.494384766
vn 0.031578414 -0.971035898 -0.236837983
v -0.034179714 0.437500030 -0.139648452
vt 0.973632812 0.481445312
vn -0.055183198 -0.780447423 -0.622781277
v 0.008789035 0.439453155 -0.141601577
vt 1.000000000 0.479492188
vn -0.023578277 -0.801659942 -0.597315192
v -0.038085964 0.449218780 -0.147460952
vt 0.975585938 0.468750000
vn -0.078728050 -0.417258203 -0.905371487
vt 0.956787109 0.470458984
v -0.002929716 0.449218780 -0.149414077
vt 0.996093750 0.467285156
vn -0.047354419 -0.449866086 -0.891839743
vt 0.345458984 0.603027344
vt 0.357421875 0.617675781
v -0.170898452 0.496093750 0.016601574
vt 0.298339844 0.614990234
vn -0.620472014 0.683304548 0.384849787
vt 0.336914062 0.595703125
vt 0.354980469 0.635742188
v -0.161132812 0.480468780 0.036132824
vt 0.304199219 0.599853516
vn -0.732897103 0.212776601 0.646210492
vt 0.289306641 0.585205078
vt 0.273681641 0.602050781
v -0.125976577 0.505859375 0.004882818
vt 0.319335938 0.644531250
vn -0.055260517 0.994688690 0.086837865
v -0.176757827 0.496093750 0.000976575
vt 0.281982422 0.622070312
vn -0.779987216 0.614535272 0.118179955
v -0.166992202 0.505859375 -0.045898426
vt 0.273193359 0.657226562
vn -0.677333415 0.708837271 -0.196899191
v -0.182617202 0.472656250 -0.002929673
vt 0.266357422 0.618652344
vn -0.868378997 0.481555611 0.118415415
vt 0.248291016 0.594482422
vt 0.240966797 0.604492188
vt 0.251464844 0.632568359
v -0.176757827 0.482421875 -0.020507799
vt 0.263916016 0.633544922
vn -0.922261119 0.244359717 -0.299537659
v -0.163085952 0.474609405 -0.041992176
vt 0.253417969 0.648681641
vn -0.715449631 0.542483628 -0.440276593
vt 0.243896484 0.655761719
vt 0.251708984 0.664794922
v -0.157226577 0.482421905 -0.047851551
vt 0.256347656 0.657470703
vn -0.944647729 -0.165313393 -0.283394158
v -0.165039077 0.496093780 -0.053710926
vt 0.265869141 0.662597656
vn -0.929854810 -0.063041054 -0.362485647
vt 0.257812500 0.677490234
vt 0.244140625 0.670410156
v -0.161132827 0.505859375 -0.055664051
vt 0.272460938 0.665771484
vn -0.416278988 0.777577519 -0.471259087
v -0.145507827 0.507812500 -0.036132805
vt 0.289550781 0.661376953
vn 0.015741643 0.999597251 -0.023612577
v -0.155273452 0.498046905 -0.065429673
vt 0.269775391 0.675781250
vn -0.377356768 0.707543671 -0.597481310
vt 0.254882812 0.687255859
v -0.139648452 0.503906250 -0.055664055
vt 0.283691406 0.676513672
vn 0.086408086 0.950489879 -0.298500985
v -0.143554702 0.488281280 -0.086914048
vt 0.267578125 0.695556641
vn -0.379047245 0.821268797 -0.426428020
vt 0.265869141 0.719482422
v -0.125976577 0.492187530 -0.086914055
vt 0.279541016 0.701904297
vn -0.000000072 0.973725259 -0.227726102
v -0.096679702 0.500000000 -0.036132812
vt 0.319580078 0.683593750
vn 0.181029350 0.960243046 -0.212512881
vt 0.269042969 0.734130859
v -0.086914077 0.503906250 -0.016601562
vt 0.333984375 0.674804688
vn 0.173632458 0.970763624 -0.165740207
v -0.079101570 0.503906250 0.004882812
vt 0.348388672 0.664306641
vn 0.180510134 0.981033683 -0.070634484
vt 0.376220703 0.663818359
vt 0.377441406 0.676025391
v -0.041992199 0.486328155 -0.004882817
vt 0.365234375 0.688232422
vn 0.323386401 0.883397341 -0.339161515
vt 0.371826172 0.693115234
v -0.055664077 0.490234405 -0.028320316
vt 0.347167969 0.697998047
vn 0.251781225 0.967784286 -0.000000075
v -0.036132824 0.480468780 -0.016601566
vt 0.364990234 0.698974609
vn 0.244359732 0.969556570 -0.015765222
v 0.034179676 0.480468780 -0.022460951
vt 0.401855469 0.728027344
vn -0.228374824 0.960749030 -0.157499850
v -0.004882830 0.486328155 -0.055664074
vt 0.366943359 0.733154297
vn 0.039416518 0.985413551 0.165549427
v -0.073242202 0.490234405 -0.049804688
vt 0.327392578 0.705078125
vn 0.110486463 0.978595018 -0.173621759
v -0.045898456 0.494140655 -0.057617191
vt 0.342041016 0.722656250
vn 0.023677131 0.994440794 0.102600984
v -0.004882833 0.488281280 -0.075195320
vt 0.365478516 0.747070312
vn 0.023608839 0.999442518 0.023608834
v -0.065429702 0.490234405 -0.057617191
vt 0.330078125 0.714111328
vn -0.180911839 0.983216226 0.023597170
v -0.096679710 0.488281280 -0.079101555
vt 0.299560547 0.713623047
vn 0.227662832 0.965604722 -0.125607193
v -0.084960960 0.484375030 -0.073242188
vt 0.311279297 0.716308594
vn 0.094593748 0.985352218 -0.141890764
v -0.092773460 0.488281280 -0.118164055
vt 0.284179688 0.738281250
vn -0.157358497 0.967754304 -0.196698055
v -0.092773467 0.482421905 -0.129882812
vt 0.276611328 0.745117188
vn -0.322305679 0.581722200 -0.746805489
vt 0.282958984 0.764404297
v -0.063476592 0.488281280 -0.133789062
vt 0.296875000 0.759277344
vn -0.117745914 0.769272506 -0.627977610
v -0.067382835 0.496093780 -0.116210938
vt 0.304931641 0.748535156
vn -0.141859934 0.977256954 -0.157622114
v -0.055664085 0.496093780 -0.084960938
vt 0.325439453 0.736572266
vn -0.054973483 0.997375369 0.047120057
v -0.053710964 0.494140655 -0.122070312
vt 0.310546875 0.758544922
vn 0.086528309 0.959678411 -0.267451376
v -0.018554710 0.490234405 -0.094726570
vt 0.347412109 0.757812500
vn 0.180688307 0.982001901 -0.054992173
v -0.028320339 0.488281280 -0.124023445
vt 0.326904297 0.772216797
vn 0.165016964 0.966528416 -0.196448907
v -0.002929715 0.484375030 -0.129882827
vt 0.343994141 0.791015625
vn 0.015702749 0.965723753 -0.259096622
v 0.000976540 0.488281280 -0.096679695
vt 0.363037109 0.764404297
vn -0.197021544 0.977226615 -0.078808613
v -0.020507840 0.482421905 -0.139648452
vt 0.320068359 0.783447266
vn 0.047351267 0.852324724 -0.520865142
v 0.016601533 0.474609405 -0.149414077
vt 0.334960938 0.802734375
vn -0.078603961 0.581668258 -0.809619427
v -0.034179717 0.474609405 -0.147460952
vt 0.305419922 0.785888672
vn -0.039295975 0.487268388 -0.872367680
v 0.016601533 0.462890655 -0.153320327
vt 0.329101562 0.814208984
vn -0.054951556 0.054951373 -0.996975780
v -0.051757842 0.462890655 -0.149414077
vt 0.289794922 0.780517578
vn -0.118180014 0.023635928 -0.992710948
vt 0.275634766 0.776855469
vt 0.283935547 0.794433594
v -0.018554715 0.460937530 -0.151367202
vt 0.303955078 0.798339844
vn -0.055027906 -0.015722265 -0.998361051
vt 0.304687500 0.810058594
vt 0.441650391 0.981445312
vt 0.424560547 0.982910156
v 0.016601540 0.490234405 -0.096679695
vt 0.443359375 0.970214844
vn -0.141264528 0.988851488 -0.047088195
v 0.032226544 0.492187530 -0.069335952
vt 0.423828125 0.954833984
vn -0.055178046 0.993204236 0.102473415
vt 0.408447266 0.976318359
v 0.022460910 0.486328155 -0.135742202
vt 0.475341797 0.969482422
vn -0.189446896 0.891978681 -0.410468072
vt 0.468505859 0.988525391
vt 0.489013672 0.974121094
v 0.047851548 0.488281280 -0.043945331
vt 0.406494141 0.938232422
vn -0.102613829 0.986671269 0.126293883
vt 0.386718750 0.944580078
v 0.047851540 0.494140655 -0.090820327
vt 0.440185547 0.946044922
vn 0.023556381 0.997221589 0.070669197
v 0.047851536 0.496093780 -0.125976577
vt 0.468750000 0.948974609
vn -0.062914222 0.975169480 -0.212335318
v 0.057617158 0.488281280 -0.141601592
vt 0.483154297 0.941894531
vn 0.055183046 0.780447543 -0.622781396
v 0.059570283 0.472656280 -0.153320342
vt 0.498535156 0.939697266
vn 0.086608686 0.338561684 -0.936949849
v 0.065429658 0.494140655 -0.125976592
vt 0.471435547 0.936279297
vn 0.188876837 0.967994034 -0.165267333
v 0.061523419 0.490234405 -0.071289077
vt 0.429687500 0.932128906
vn 0.197481945 0.979510665 0.039496329
v 0.086914033 0.482421905 -0.139648467
vt 0.489501953 0.918212891
vn 0.157475308 0.779503405 -0.606280506
v 0.094726533 0.486328155 -0.127929717
vt 0.481201172 0.911376953
vn 0.110493354 0.970763624 -0.213094518
v 0.108398408 0.482421905 -0.135742217
vt 0.490722656 0.901367188
vn 0.166154504 0.775388241 -0.609233737
v 0.124023408 0.460937530 -0.147460967
vt 0.510009766 0.905761719
vn 0.212197438 0.510845900 -0.833071947
v 0.122070283 0.486328155 -0.124023460
vt 0.484863281 0.888183594
vn 0.228936180 0.899956405 -0.371034712
v 0.137695283 0.466796905 -0.137695342
vt 0.503906250 0.890625000
vn 0.393847227 0.638032734 -0.661663592
v 0.090820290 0.486328155 -0.100585960
vt 0.459228516 0.912109375
vn -0.000000029 0.993883729 0.110431477
v 0.129882783 0.488281280 -0.102539085
vt 0.468261719 0.880371094
vn 0.062803477 0.949903846 -0.306167364
v 0.081054665 0.482421905 -0.084960952
vt 0.444580078 0.917724609
vn -0.039295901 0.990255177 -0.133605897
v 0.096679665 0.486328155 -0.092773460
vt 0.454101562 0.906250000
vn -0.212796494 0.953643203 -0.212796435
v 0.102539040 0.505859375 -0.065429710
vt 0.431152344 0.894531250
vn -0.235404685 0.902384222 -0.360953689
v 0.065429673 0.490234405 -0.059570331
vt 0.420898438 0.927001953
vn -0.213367134 0.964103103 -0.158049703
v 0.147460908 0.484375030 -0.102539092
vt 0.473876953 0.865234375
vn 0.330626577 0.802950501 -0.495940089
v 0.155273408 0.474609405 -0.110351592
vt 0.483886719 0.857910156
vn 0.592095017 0.663146436 -0.457886934
v 0.155273423 0.498046905 -0.079101592
vt 0.457031250 0.854003906
vn 0.369335145 0.691521406 -0.620797694
v 0.165039048 0.474609405 -0.088867217
vt 0.470947266 0.838378906
vn 0.812789202 0.576054633 -0.086802870
v 0.051757798 0.488281280 -0.032226581
vt 0.397216797 0.932373047
vn -0.401749253 0.905905068 -0.133916378
v 0.143554673 0.501953125 -0.075195342
vt 0.448974609 0.863037109
vn 0.015728438 0.872934043 -0.487584829
v 0.090820298 0.507812500 -0.040039085
vt 0.409423828 0.898925781
vn -0.266832948 0.957459271 -0.109872386
v 0.120117165 0.509765625 -0.057617214
vt 0.428710938 0.879150391
vn 0.023613205 0.991757095 -0.125937447
v 0.161132798 0.505859375 -0.069335967
vt 0.446289062 0.848632812
vn 0.425025582 0.794955373 -0.432896584
v 0.081054673 0.505859375 -0.022460960
vt 0.393798828 0.903320312
vn -0.268609047 0.955932021 -0.118503973
v 0.096679673 0.507812500 -0.018554712
vt 0.393554688 0.890625000
vn 0.055131752 0.992372096 0.110263512
v 0.053710926 0.503906250 0.002929670
vt 0.368164062 0.916503906
vn -0.181768566 0.956260383 -0.229186371
v 0.038085926 0.486328155 -0.014648452
vt 0.380371094 0.938720703
vn -0.339637280 0.821448028 -0.458115250
vt 0.353515625 0.970458984
vt 0.364746094 0.943359375
v 0.106445305 0.500000000 0.010742162
vt 0.373291016 0.871337891
vn 0.180962190 0.920546770 0.346188486
v 0.057617180 0.503906250 0.018554669
vt 0.357421875 0.906982422
vn 0.102027476 0.981033683 0.164813593
v 0.036132801 0.501953125 0.006835922
vt 0.358642578 0.927246094
vn -0.212119043 0.887757063 -0.408525378
vt 0.339111328 0.953125000
vt 0.335693359 0.935791016
v 0.041992180 0.505859375 0.016601546
vt 0.354736328 0.918457031
vn -0.078487568 0.996791542 -0.015697537
v 0.043945309 0.500000000 0.045898419
vt 0.333984375 0.909179688
vn 0.039471790 0.899956405 0.434189469
vt 0.317871094 0.927490234
v 0.061523430 0.498046905 0.034179669
vt 0.345458984 0.898681641
vn 0.384624451 0.769248843 0.510215938
v 0.040039059 0.490234405 0.057617173
vt 0.321533203 0.906738281
vn -0.007857379 0.502878129 0.864321709
vt 0.308349609 0.922363281
vt 0.298828125 0.906005859
v 0.049804684 0.494140655 0.051757794
vt 0.329833984 0.903320312
vn 0.423467636 0.595991433 0.682253182
v 0.047851559 0.476562530 0.059570294
vt 0.316650391 0.896728516
vn 0.330095381 -0.039297000 0.943129301
v 0.045898434 0.466796905 0.055664048
vt 0.310791016 0.891845703
vn 0.315558016 -0.694227397 0.646893680
v 0.065429688 0.474609405 0.047851544
vt 0.327636719 0.886962891
vn 0.598796725 -0.212730303 0.772132337
v 0.086914055 0.468750030 0.036132790
vt 0.335693359 0.868164062
vn 0.142063096 -0.260448754 0.954978883
v 0.100585930 0.468750030 0.032226536
vt 0.342285156 0.857421875
vn 0.173121169 0.133775413 0.975773215
v 0.100585930 0.457031280 0.030273415
vt 0.334716797 0.851806641
vn -0.086697407 -0.504422009 0.859093785
v 0.094726555 0.494140655 0.022460913
vt 0.360351562 0.874755859
vn 0.259521008 0.581956089 0.770698488
v 0.122070305 0.462890655 0.032226540
vt 0.347656250 0.837890625
vn 0.125502884 -0.086283088 0.988334119
v 0.110351555 0.494140655 0.020507786
vt 0.366455078 0.863525391
vn 0.141561285 0.707806230 0.692077100
v 0.133789062 0.443359405 0.020507788
vt 0.341796875 0.815429688
vn -0.039232749 -0.227550715 0.972975671
v 0.149414062 0.447265655 0.020507783
vt 0.355957031 0.807861328
vn 0.086608939 -0.291320503 0.952696860
vt 0.364746094 0.785156250
v 0.163085938 0.447265655 0.018554658
vt 0.365966797 0.799316406
vn 0.361443758 0.196436808 0.911466420
v 0.129882812 0.484375030 0.026367161
vt 0.364501953 0.842529297
vn 0.212197632 0.510845959 0.833071828
v 0.159179673 0.478515655 0.014648408
vt 0.380371094 0.818603516
vn 0.504296780 0.370342970 0.780083954
v 0.172851548 0.486328185 -0.000976595
vt 0.395507812 0.817626953
vn 0.622182369 0.630058050 0.464667708
v 0.180664048 0.460937560 -0.000976595
vt 0.394287109 0.796875000
vn 0.621335030 0.456170052 0.637064934
v 0.176757798 0.490234435 -0.018554721
vt 0.410888672 0.819091797
vn 0.718632638 0.671250284 0.181632295
vt 0.383300781 0.784179688
vt 0.384033203 0.778076172
vt 0.399414062 0.774414062
v 0.182617173 0.472656310 -0.018554721
vt 0.413085938 0.805419922
vn 0.849972308 0.511557460 0.125921682
v 0.211914048 0.443359435 -0.016601598
vt 0.415771484 0.773681641
vn 0.545186341 0.821730137 0.165926173
v 0.211914048 0.443359435 -0.032226596
vt 0.430175781 0.777587891
vn 0.567756951 0.812207937 -0.134053841
v 0.178710923 0.472656310 -0.036132846
vt 0.431152344 0.809082031
vn 0.809769392 0.479572237 -0.338059247
v 0.200195298 0.445312560 -0.061523471
vt 0.458740234 0.791992188
vn 0.622955561 0.757009387 -0.197137967
v 0.176757798 0.484375060 -0.038085971
vt 0.429443359 0.818603516
vn 0.936949790 0.133850008 -0.322814792
v 0.163085923 0.474609405 -0.055664096
vt 0.452880859 0.821044922
vn 0.760275841 0.485949546 -0.431084394
v 0.170898423 0.464843810 -0.071289092
vt 0.468261719 0.820800781
vn 0.601095796 0.798824787 -0.023727583
v 0.166992173 0.505859375 -0.061523471
vt 0.440917969 0.842041016
vn 0.643538177 0.737714589 -0.204048842
v 0.165039048 0.496093780 -0.067382842
vt 0.448974609 0.840087891
vn 0.924417496 -0.086911038 -0.371347368
v 0.157226548 0.482421905 -0.061523471
vt 0.454345703 0.829101562
vn 0.954741001 -0.110465869 -0.276164860
v 0.159179673 0.474609405 -0.073242217
vt 0.463867188 0.829833984
vn 0.888168275 0.448014110 0.102178507
v 0.176757798 0.462890685 -0.086914092
vt 0.478027344 0.829101562
vn 0.672446430 0.727824450 -0.134489417
v 0.161132798 0.484375030 -0.083007842
vt 0.463378906 0.843505859
vn 0.975410879 0.220254108 -0.007866353
vt 0.957031250 0.389404297
vt 0.978515625 0.414550781
vt 0.959716797 0.424804688
v 0.163085908 0.445312530 -0.137695342
vt 0.934326172 0.398925781
vn 0.597222984 0.605081260 -0.526499331
v 0.190429673 0.437500060 -0.106445342
vt 0.921386719 0.437011719
vn 0.682400107 0.611807108 -0.400027812
vt 0.957763672 0.447509766
v 0.161132783 0.425781280 -0.159179717
vt 0.927246094 0.373779297
vn 0.402662188 0.513197005 -0.757952631
vt 0.978271484 0.370361328
vt 0.943603516 0.452880859
v 0.180664033 0.416015685 -0.149414092
vt 0.907226562 0.391357422
vn 0.644870043 0.495449036 -0.581956089
vt 0.960693359 0.361572266
vt 0.947509766 0.466308594
vt 0.918945312 0.478515625
v 0.211914048 0.429687560 -0.079101600
vt 0.905761719 0.466308594
vn 0.772732258 0.567721725 -0.283860952
v 0.213867173 0.417968810 -0.096679725
vt 0.897460938 0.450683594
vn 0.859280586 0.449348599 -0.244382694
v 0.225585923 0.429687560 -0.051757850
vt 0.898437500 0.490234375
vn 0.629141569 0.692055821 -0.353892297
vt 0.915771484 0.505859375
v 0.217773423 0.419921935 -0.071289100
vt 0.894042969 0.472412109
vn 0.899648070 0.047349926 -0.434040904
v 0.227539048 0.437500060 -0.024414100
vt 0.898437500 0.510253906
vn 0.449936092 0.884085059 -0.126297966
vt 0.911865234 0.517822266
v 0.249023423 0.427734435 -0.012695353
vt 0.890625000 0.531005859
vn 0.535366714 0.810923159 0.236191124
v 0.239257798 0.419921935 -0.045898475
vt 0.885742188 0.494384766
vn 0.582604885 0.637716234 -0.503874660
v 0.247070298 0.417968810 -0.038085978
vt 0.883544922 0.502685547
vn 0.527477205 0.716424465 -0.456622273
v 0.221679673 0.406250060 -0.063476600
vt 0.876464844 0.478027344
vn 0.550907791 0.228233293 -0.802751660
v 0.237304673 0.386718810 -0.073242225
vt 0.840576172 0.472900391
vn 0.283543557 0.645849466 -0.708859324
v 0.249023423 0.406250060 -0.051757853
vt 0.857177734 0.495361328
vn 0.449908048 0.639343143 -0.623556972
v 0.209960923 0.396484435 -0.073242225
vt 0.869628906 0.465087891
vn 0.742624819 0.197506621 -0.639921606
v 0.213867173 0.414062560 -0.086914100
vt 0.891113281 0.459472656
vn 0.963171303 -0.268424749 -0.015789809
v 0.204101548 0.384765685 -0.086914100
vt 0.859130859 0.452880859
vn 0.829450071 0.489770561 -0.268583983
v 0.204101548 0.390625060 -0.092773475
vt 0.864990234 0.451171875
vn 0.943362534 -0.078613475 0.322315365
v 0.223632798 0.378906280 -0.086914100
vt 0.844726562 0.453857422
vn 0.291872799 0.780957222 -0.552192092
v 0.247070298 0.361328155 -0.094726600
vt 0.825195312 0.445800781
vn 0.425976574 0.670518816 -0.607411265
v 0.225585923 0.367187530 -0.110351600
vt 0.843505859 0.428222656
vn 0.650405467 0.705259025 -0.282103688
v 0.249023423 0.349609405 -0.104492225
vt 0.814697266 0.434814453
vn 0.449572057 0.433797717 -0.780835927
v 0.217773423 0.375000030 -0.104492225
vt 0.854003906 0.435058594
vn 0.884085059 0.371000022 0.284170032
v 0.217773423 0.406250060 -0.102539100
vt 0.885986328 0.445068359
vn 0.977712512 0.118271731 0.173464999
v 0.219726548 0.388671935 -0.106445350
vt 0.868652344 0.437500000
vn 0.861370862 -0.047414847 0.505758882
v 0.221679673 0.392578185 -0.112304725
vt 0.873291016 0.434326172
vn 0.977256954 0.141859919 -0.157622218
v 0.196289033 0.410156310 -0.135742217
vt 0.896484375 0.409179688
vn 0.691350579 0.494944215 -0.526369333
v 0.217773423 0.384765685 -0.122070350
vt 0.865966797 0.422607422
vn 0.903274417 0.172800377 -0.392728150
v 0.219726548 0.371093780 -0.124023475
vt 0.852050781 0.416992188
vn 0.866894484 0.386162132 -0.315234542
v 0.209960908 0.367187530 -0.141601592
vt 0.854980469 0.397949219
vn 0.769960642 0.392837107 -0.502831638
v 0.233398423 0.353515655 -0.116210975
vt 0.827636719 0.421386719
vn 0.785383284 0.361276358 -0.502645493
v 0.233398423 0.335937530 -0.116210967
vt 0.810546875 0.414306641
vn 0.809769392 0.338059098 -0.479572326
v 0.229492173 0.343750030 -0.135742217
vt 0.824951172 0.401611328
vn 0.852430880 0.252572119 -0.457787097
v 0.231445298 0.332031280 -0.133789092
vt 0.813964844 0.398193359
vn 0.812031150 0.362654716 -0.457260460
v 0.243164048 0.322265655 -0.131835967
vt 0.800781250 0.399169922
vn 0.536966622 0.576449633 -0.615932465
v 0.217773408 0.339843780 -0.153320342
vt 0.829833984 0.383056641
vn 0.755530775 0.181012616 -0.629609227
v 0.225585923 0.326171905 -0.143554717
vt 0.813232422 0.385009766
vn 0.686808705 0.110520966 -0.718386412
v 0.182617158 0.388671935 -0.165039092
vt 0.886230469 0.371093750
vn 0.597481251 0.377356678 -0.707543790
v 0.196289033 0.335937530 -0.176757842
vt 0.838134766 0.352783203
vn 0.582550704 0.125956923 -0.802975416
v 0.225585923 0.306640655 -0.147460967
vt 0.797119141 0.374023438
vn 0.502505779 0.486802608 -0.714500666
vt 0.767333984 0.369384766
vt 0.788818359 0.358398438
v 0.211914033 0.308593780 -0.157226592
vt 0.805664062 0.360107422
vn 0.606111228 0.621854544 -0.495909423
vt 0.803710938 0.346191406
v 0.209960908 0.314453155 -0.153320342
vt 0.809570312 0.364257812
vn 0.737850785 0.102043211 -0.667205691
v 0.202148408 0.312500030 -0.170898467
vt 0.816162109 0.347900391
vn 0.731512785 0.196643233 -0.652855694
vt 0.814208984 0.336914062
v 0.202148408 0.324218780 -0.170898467
vt 0.824707031 0.354248047
vn 0.744668722 -0.039193090 -0.666282654
v 0.192382783 0.322265655 -0.178710967
vt 0.829589844 0.342529297
vt 0.816406250 0.318603516
v 0.172851533 0.339843780 -0.186523467
vt 0.853027344 0.334228516
vn 0.055007249 0.031432748 -0.997991085
v 0.180664033 0.365234405 -0.176757842
vt 0.870849609 0.353759766
vn 0.434027135 0.291981965 -0.852271736
v 0.151367158 0.341796905 -0.180664077
vt 0.864257812 0.317382812
vn -0.505050004 -0.071022697 -0.860163033
vt 0.833251953 0.300781250
v 0.159179658 0.396484375 -0.174804702
vt 0.903320312 0.354003906
vn 0.158089057 0.324082822 -0.932726264
v 0.161132783 0.369140655 -0.180664077
vt 0.883300781 0.337646484
vn -0.071002871 0.149894625 -0.986149132
v 0.145507783 0.367187530 -0.174804702
vt 0.889160156 0.323974609
vn -0.574233949 -0.031464931 -0.818086445
v 0.131835908 0.404296905 -0.168945327
vt 0.922119141 0.339111328
vn -0.511035502 0.133655354 -0.849104941
v 0.141601533 0.425781280 -0.163085967
vt 0.932128906 0.356933594
vn -0.055101171 0.385707200 -0.920974374
v 0.118164040 0.382812530 -0.149414077
vt 0.920166016 0.309814453
vn -0.887976408 -0.251462370 -0.385051578
v 0.102539033 0.460937530 -0.147460967
vt 0.971679688 0.351074219
vn 0.015744491 -0.125956967 -0.991910815
vt 0.999755859 0.344726562
v 0.116210908 0.439453155 -0.153320342
vt 0.954345703 0.345214844
vn -0.251695663 0.125847712 -0.959589303
v 0.096679658 0.445312530 -0.149414092
vt 0.969970703 0.336425781
vn -0.134216681 -0.197377354 -0.971096396
v 0.122070283 0.417968780 -0.157226577
vt 0.938232422 0.337890625
vn -0.606280565 -0.000000061 -0.795250833
v 0.114257790 0.406250030 -0.143554702
vt 0.939453125 0.319335938
vn -0.852537274 -0.221028209 -0.473631650
v 0.104492158 0.431640655 -0.147460967
vt 0.958251953 0.332275391
vn -0.487705529 -0.361846000 -0.794487834
v 0.084960915 0.431640655 -0.135742217
vt 0.972900391 0.318603516
vn -0.252911150 -0.782443762 -0.569049895
v 0.059570286 0.439453155 -0.143554717
vt 0.990478516 0.318603516
vn -0.031527415 -0.748774707 -0.662074447
v 0.100585915 0.419921905 -0.133789077
vt 0.957519531 0.316894531
vn -0.668256402 -0.605361640 -0.432401061
v 0.094726540 0.417968780 -0.110351585
vt 0.967529297 0.298583984
vn -0.488977849 -0.843881130 -0.220828608
v 0.110351540 0.400390655 -0.124023460
vt 0.944580078 0.301269531
vn -0.899676144 -0.426162452 -0.094702624
v 0.112304665 0.402343780 -0.098632835
vt 0.955322266 0.280029297
vn -0.771749198 -0.629999399 -0.086624779
v 0.100585915 0.412109405 -0.096679710
vt 0.967773438 0.284667969
vn -0.575213492 -0.795843244 -0.189111173
v 0.102539048 0.406250030 -0.086914085
vt 0.968017578 0.275146484
vn -0.550822675 -0.590167105 -0.590167046
v 0.116210915 0.380859405 -0.120117210
vt 0.931396484 0.288574219
vn -0.880036592 -0.455733269 0.133577123
v 0.125976548 0.380859405 -0.090820335
vt 0.941650391 0.261230469
vn -0.737442076 -0.580539584 -0.345185548
v 0.137695298 0.367187530 -0.094726585
vt 0.926757812 0.256835938
vn -0.828288019 -0.560080469 0.015777046
v 0.133789048 0.367187530 -0.084960960
vt 0.934570312 0.248046875
vn -0.631469667 -0.481495619 -0.607789457
v 0.083007798 0.390625030 -0.069335952
vt 0.982177734 0.244140625
vn -0.489206225 -0.418192416 -0.765370846
v 0.106445298 0.357421905 -0.067382835
vt 0.939697266 0.221679688
vn -0.504375041 -0.386162162 -0.772324145
v 0.131835908 0.355468780 -0.145507827
vt 0.895996094 0.292724609
vn -0.943479061 -0.306630731 -0.125797063
v 0.133789048 0.353515655 -0.131835952
vt 0.899414062 0.280761719
vn -0.923064351 -0.347135395 0.165678367
v 0.143554673 0.357421905 -0.090820342
vt 0.917724609 0.249023438
vn -0.914719641 -0.386390239 -0.118282586
v 0.145507798 0.335937530 -0.077148460
vt 0.901611328 0.229736328
vn -0.653847456 -0.472660840 -0.590825915
v 0.135742158 0.359375030 -0.159179702
vt 0.892089844 0.305908203
vn -0.871721864 -0.180627093 -0.455494136
v 0.135742158 0.330078155 -0.153320327
vt 0.870605469 0.287841797
vn -0.946026444 -0.244390219 -0.212855816
v 0.137695283 0.339843780 -0.165039077
vt 0.873535156 0.301757812
vn -0.875945926 -0.126262531 -0.465592712
v 0.145507783 0.326171905 -0.168945327
vt 0.858154297 0.301513672
vn -0.743553698 -0.308495730 -0.593260825
vt 0.832275391 0.285888672
vt 0.838134766 0.272949219
v 0.137695298 0.320312530 -0.135742202
vt 0.868408203 0.270507812
vn -0.949815989 -0.298289359 0.094196767
v 0.155273423 0.289062530 -0.131835952
vt 0.841796875 0.258789062
vn -0.889488041 -0.306991518 0.338477880
vt 0.823486328 0.250244141
vt 0.840087891 0.237548828
v 0.145507798 0.310546905 -0.118164085
vt 0.864257812 0.252441406
vn -0.856332004 -0.432094187 0.282825410
vt 0.847412109 0.218750000
vt 0.877441406 0.222900391
v 0.143554673 0.328125030 -0.106445335
vt 0.883544922 0.250000000
vn -0.919551015 -0.235782370 0.314376563
v 0.137695298 0.341796905 -0.122070335
vt 0.892089844 0.267822266
vn -0.962301910 -0.134091288 0.236631766
v 0.149414048 0.333984405 -0.084960960
vt 0.895751953 0.234375000
vn -0.915402889 -0.402461648 -0.007891267
vt 0.879150391 0.214111328
vt 0.897705078 0.208496094
v 0.110351555 0.332031280 -0.057617206
vt 0.925781250 0.204101562
vn -0.495679080 -0.479943246 -0.723848641
vt 0.911132812 0.190917969
vt 0.923095703 0.183837891
v 0.096679680 0.333984405 -0.045898452
vt 0.938720703 0.196044922
vn -0.756562591 -0.425566494 -0.496494025
v 0.092773423 0.359375030 -0.055664077
vt 0.948730469 0.211669922
vn -0.718991518 -0.450357348 -0.529367208
v 0.086914055 0.355468780 -0.038085952
vt 0.953125000 0.196044922
vn -0.964802384 -0.251005530 -0.078439079
vt 0.931640625 0.175781250
vt 0.943115234 0.181640625
vt 0.265136719 0.144775391
vt 0.286865234 0.155029297
v 0.256835938 0.421875060 -0.022460978
vt 0.260498047 0.162353516
vn 0.611618936 0.768444419 -0.188190579
vt 0.270996094 0.168457031
vt 0.254638672 0.131835938
vt 0.269531250 0.137695312
v 0.268554688 0.394531310 -0.047851603
vt 0.235107422 0.140625000
vn 0.487509310 0.684085727 -0.542550862
v 0.276367158 0.361328185 -0.079101607
vt 0.209472656 0.107666016
vn 0.385206223 0.644630969 -0.660353780
vt 0.249511719 0.101318359
vt 0.224365234 0.081298828
v 0.272460908 0.337890655 -0.102539100
vt 0.194580078 0.082031250
vn 0.345760584 0.416484475 -0.840827227
vt 0.214599609 0.070312500
v 0.307617188 0.357421935 -0.063476607
vt 0.188476562 0.132080078
vn 0.504140139 0.677438438 -0.535649061
v 0.315429688 0.339843810 -0.075195357
vt 0.171630859 0.120117188
vn 0.553744674 0.522102237 -0.648672521
v 0.291992188 0.380859435 -0.043945353
vt 0.212158203 0.150146484
vn 0.589164674 0.722708702 -0.361354470
v 0.321289062 0.349609435 -0.057617232
vt 0.176513672 0.139404297
vn 0.722174108 0.612278163 -0.321838617
v 0.301757812 0.375000060 -0.034179732
vt 0.204101562 0.161865234
vn 0.730068862 0.682967722 -0.023550740
v 0.264648438 0.412109435 -0.012695353
vt 0.251708984 0.175048828
vn 0.662341952 0.646571934 0.378481001
v 0.323242188 0.349609435 -0.041992232
vt 0.176269531 0.154785156
vn 0.821268797 0.568570733 0.047380760
v 0.309570312 0.359375060 -0.010742233
vt 0.191162109 0.184814453
vn 0.770698547 0.581956089 0.259520799
v 0.348632812 0.306640655 -0.059570361
vt 0.135009766 0.141357422
vn 0.772636175 0.614955425 -0.157681003
vt 0.281738281 0.185546875
vt 0.303466797 0.177246094
vt 0.306396484 0.188720703
v 0.338867188 0.322265685 -0.041992236
vt 0.150390625 0.157226562
vn 0.880036652 0.455733299 0.133576855
vt 0.297851562 0.191894531
vt 0.281250000 0.194580078
v 0.254882812 0.404296935 -0.000976602
vt 0.256835938 0.188720703
vn 0.299770802 0.378657758 0.875645936
v 0.274414062 0.388671935 0.004882771
vt 0.233154297 0.196044922
vn 0.558000982 0.730902672 0.392958373
v 0.237304688 0.394531310 -0.000976600
vt 0.266357422 0.201660156
vn 0.204168305 0.235578746 0.950167418
vt 0.275878906 0.208496094
v 0.262695312 0.390625060 0.008789022
vt 0.244384766 0.200927734
vn 0.118396893 0.907709360 0.402549297
v 0.241210938 0.388671935 0.004882775
vt 0.262207031 0.206054688
vn 0.110171340 0.975803435 0.188865125
vt 0.265380859 0.224121094
vt 0.244873047 0.209472656
vt 0.230712891 0.213378906
vt 0.254150391 0.229003906
vt 0.211425781 0.228027344
vt 0.236572266 0.238525391
v 0.319335938 0.337890685 0.002929642
vt 0.170654297 0.199707031
vn 0.817580760 0.448097229 0.361622125
vt 0.163085938 0.222167969
vt 0.213134766 0.255126953
v 0.338867188 0.310546935 -0.014648485
vt 0.140869141 0.183593750
vn 0.832891822 0.432160914 0.345728546
v 0.331054688 0.291015685 0.006835893
vt 0.129394531 0.206542969
vn 0.674432039 0.156844720 0.721485376
v 0.358398438 0.289062560 -0.030273486
vt 0.118164062 0.165771484
vn 0.755718112 0.590404868 0.283394158
v 0.374023438 0.279296935 -0.059570361
vt 0.104736328 0.142089844
vn 0.707106709 0.707106829 -0.000000124
vt 0.139404297 0.230712891
vt 0.132812500 0.265625000
v 0.313476562 0.263671935 0.016601522
vt 0.112304688 0.227539062
vn 0.409843028 -0.197039798 0.890620112
vt 0.128662109 0.247558594
v 0.370117188 0.277343780 -0.079101615
vt 0.105712891 0.125488281
vn 0.574518263 0.755530953 -0.314804673
v 0.338867188 0.304687530 -0.077148482
vt 0.135009766 0.121093750
vn 0.566665590 0.566665709 -0.598147273
v 0.364257812 0.273437530 -0.092773482
vt 0.104492188 0.111328125
vn 0.378410429 0.748937488 -0.543965220
v 0.346679688 0.269531280 -0.104492232
vt 0.108154297 0.093994141
vn 0.227887601 0.652230322 -0.722954273
v 0.319335938 0.287109405 -0.100585982
vt 0.129394531 0.089355469
vn 0.259352446 0.550141752 -0.793776155
v 0.315429688 0.302734405 -0.094726607
vt 0.143554688 0.095703125
vn 0.379070699 0.339584231 -0.860806704
v 0.293945283 0.320312530 -0.098632850
vt 0.168945312 0.088623047
vn 0.400557786 0.227768198 -0.887510717
v 0.301757812 0.292968780 -0.098632850
vt 0.143554688 0.081542969
vt 0.136718750 0.065673828
vt 0.112060547 0.068603516
v 0.290039062 0.292968780 -0.094726600
vt 0.151611328 0.075195312
vn 0.314882457 0.480195940 -0.818694770
v 0.288085908 0.289062530 -0.108398475
vt 0.146972656 0.064941406
vn 0.600064337 0.529004216 -0.600064516
vt 0.140625000 0.052734375
v 0.282226533 0.306640655 -0.104492225
vt 0.166503906 0.071289062
vn 0.694833040 0.236874938 -0.679041564
v 0.266601533 0.320312530 -0.108398475
vt 0.185546875 0.067626953
vn 0.450694859 0.482322723 -0.751158357
v 0.280273408 0.296875030 -0.118164100
vt 0.159667969 0.059326172
vn 0.770769954 0.306735009 -0.558415115
vt 0.150878906 0.043701172
v 0.266601533 0.308593780 -0.125976592
vt 0.176513672 0.052001953
vn 0.581237376 0.486982763 -0.651928604
vt 0.168212891 0.033691406
v 0.243164048 0.332031280 -0.110351592
vt 0.205078125 0.057373047
vn 0.465839386 0.505317390 -0.726393878
vt 0.212890625 0.049560547
vt 0.196533203 0.040283203
vt 0.191650391 0.016601562
vt 0.163574219 0.017089844
v 0.231445298 0.169921905 -0.170898467
vt 0.737060547 0.954833984
vn 0.031605851 0.197537392 -0.979785740
v 0.241210923 0.158203155 -0.176757842
vt 0.740722656 0.961669922
vn -0.362519652 0.693515658 -0.622587860
vt 0.740478516 0.975830078
vt 0.736328125 0.978515625
v 0.241210923 0.152343780 -0.202148467
vt 0.747314453 0.971679688
vn -0.442166626 0.805374742 -0.394791514
vt 0.747314453 0.979248047
v 0.254882783 0.148437530 -0.213867217
vt 0.753417969 0.975830078
vn -0.086523160 0.621392608 -0.778707206
v 0.272460908 0.156250030 -0.206054717
vt 0.758056641 0.971191406
vn 0.102732167 0.695418596 -0.711223662
v 0.258789033 0.117187530 -0.227539092
vt 0.758056641 0.989013672
vn -0.150161415 0.537419200 -0.829838634
vt 0.413085938 0.255371094
vt 0.412597656 0.262207031
vt 0.409423828 0.255615234
v 0.243164033 0.101562530 -0.233398467
vt 0.408691406 0.259521484
vn -0.442608356 0.679719746 -0.584875107
v 0.223632783 0.087890655 -0.231445342
vt 0.405273438 0.254394531
vn -0.315705448 0.489343226 -0.812941134
vt 0.406005859 0.252929688
vt 0.398193359 0.253417969
vt 0.402343750 0.250000000
v 0.221679658 0.074218780 -0.235351577
vt 0.402343750 0.255371094
vn 0.039445836 0.481240809 -0.875700533
v 0.215820283 0.068359405 -0.243164077
vt 0.400634766 0.255615234
vn 0.007872943 0.897526503 -0.440890253
v 0.227539033 0.072265655 -0.239257827
vt 0.402832031 0.256347656
vn -0.638032734 0.661663532 -0.393847317
v 0.233398408 0.089843780 -0.243164092
vt 0.405517578 0.258544922
vn -0.487584859 0.621277332 -0.613412976
v 0.206054658 0.064453155 -0.256835967
vt 0.397949219 0.256347656
vn -0.196533918 0.943362474 -0.267286003
v 0.229492158 0.076171905 -0.254882842
vt 0.402099609 0.259277344
vn -0.700961351 0.708837152 -0.078759633
vt 0.396240234 0.253173828
vt 0.395751953 0.248291016
v 0.190429658 0.060546905 -0.260742217
vt 0.395507812 0.254150391
vn -0.313785881 0.917823493 -0.243184000
vt 0.392578125 0.251464844
vt 0.393798828 0.255615234
vt 0.392089844 0.249023438
vt 0.391113281 0.249267578
v 0.208007783 0.062500030 -0.270507842
vt 0.396484375 0.258544922
vn -0.251462400 0.840827167 -0.479350060
v 0.227539033 0.072265655 -0.268554717
vt 0.399902344 0.261230469
vn -0.535698891 0.724769056 -0.433285803
v 0.209960908 0.056640655 -0.276367217
vt 0.395019531 0.259521484
vn -0.110157840 0.393420339 -0.912735283
vt 0.392333984 0.255615234
vt 0.388427734 0.249267578
v 0.235351533 0.068359405 -0.276367217
vt 0.399169922 0.263427734
vn -0.133457690 0.282615960 -0.949903846
v 0.247070283 0.037109405 -0.280273467
vt 0.394042969 0.267089844
vn -0.063125469 0.086797290 -0.994224012
vt 0.386718750 0.250488281
vt 0.383544922 0.256103516
v 0.237304658 0.078125030 -0.274414092
vt 0.401367188 0.263916016
vn -0.410468161 0.323638231 -0.852510571
v 0.202148408 0.000000030 -0.278320342
vt 0.385986328 0.265625000
vn 0.007890366 -0.741699636 -0.670685768
vt 0.364013672 0.226074219
v 0.239257783 0.085937530 -0.270507842
vt 0.402832031 0.263671875
vn -0.606675565 0.614554346 -0.504249632
v 0.266601533 0.066406280 -0.278320342
vt 0.400146484 0.270751953
vn -0.189023390 0.102387540 -0.976620197
v 0.254882783 0.099609405 -0.266601592
vt 0.406250000 0.266113281
vn -0.471375555 0.793481946 -0.384956568
v 0.268554658 0.103515655 -0.272460967
vt 0.406982422 0.269287109
vn -0.283192664 0.723714292 -0.629316807
v 0.268554658 0.093750030 -0.278320342
vt 0.405029297 0.270019531
vn -0.165385231 0.307143718 -0.937182188
v 0.264648408 0.111328155 -0.235351592
vt 0.412109375 0.264404297
vn -0.299175590 0.850288272 -0.433017164
v 0.288085908 0.115234405 -0.260742217
vt 0.411621094 0.271484375
vn -0.227768317 0.918926954 -0.322017133
v 0.278320283 0.123046905 -0.223632842
vt 0.416992188 0.264648438
vn 0.134237379 0.647498488 -0.750150740
vt 0.418701172 0.258056641
vt 0.422607422 0.258789062
v 0.284179658 0.117187530 -0.231445357
vt 0.415771484 0.267089844
vn -0.086848803 0.947440624 -0.307918221
v 0.311523408 0.113281280 -0.270507842
vt 0.412353516 0.276611328
vn -0.094696976 0.749683380 -0.654986560
v 0.315429658 0.121093780 -0.256835967
vt 0.415527344 0.275878906
vn -0.054981995 0.973965526 -0.219927743
v 0.336914033 0.103515655 -0.280273467
vt 0.412353516 0.282470703
vn 0.007872660 0.456622154 -0.889626026
v 0.309570283 0.123046905 -0.209960982
vt 0.422119141 0.269531250
vn 0.212796330 0.890592396 -0.401948810
v 0.344726533 0.117187530 -0.268554747
vt 0.416259766 0.282226562
vn 0.062984221 0.866034448 -0.496001571
v 0.313476533 0.121093780 -0.219726607
vt 0.420898438 0.271484375
vn 0.007894297 0.994688690 -0.102626652
v 0.377929658 0.115234405 -0.260742247
vt 0.420898438 0.287597656
vn -0.290171653 0.729350090 -0.619555414
v 0.364257783 0.117187530 -0.243164107
vt 0.422607422 0.283203125
vn -0.354759961 0.890841424 -0.283807844
v 0.389648408 0.105468780 -0.272460997
vt 0.419433594 0.291503906
vn -0.141732410 0.362204701 -0.921259820
v 0.385742158 0.136718780 -0.254882872
vt 0.427001953 0.287109375
vn -0.615932465 0.536966681 -0.576449513
v 0.348632783 0.119140655 -0.213867232
vt 0.425781250 0.277099609
vn -0.338908613 0.906383336 -0.252211034
v 0.334960908 0.123046905 -0.196289107
vt 0.426757812 0.272705078
vn -0.023668414 0.915175021 -0.402361453
v 0.346679658 0.123046905 -0.202148482
vt 0.427490234 0.275146484
vn -0.456127793 0.802155614 -0.385349244
v 0.366210908 0.140625030 -0.213867232
vt 0.431152344 0.279052734
vn -0.646471441 0.701658010 -0.299584240
v 0.401367158 0.130859405 -0.270507872
vt 0.425537109 0.291259766
vn -0.338782400 0.433326185 -0.835137784
v 0.389648408 0.146484405 -0.247070357
vt 0.430175781 0.286376953
vn -0.568039596 0.717938960 -0.402361333
v 0.405273408 0.148437530 -0.258789122
vt 0.430664062 0.289550781
vn -0.292236984 0.710846364 -0.639761746
v 0.375976533 0.148437530 -0.209960982
vt 0.434082031 0.279296875
vn -0.418439925 0.907935619 -0.023685262
v 0.407226533 0.160156280 -0.239257872
vt 0.435546875 0.287109375
vn -0.290574014 0.918841839 -0.267013878
v 0.352539033 0.138671905 -0.184570357
vt 0.433105469 0.272949219
vn -0.416999847 0.889074981 -0.188830063
v 0.342773408 0.136718780 -0.178710982
vt 0.431884766 0.271240234
vn -0.070916817 0.882519305 -0.464898556
v 0.360351533 0.140625030 -0.178710982
vt 0.435546875 0.272705078
vn -0.290645719 0.934779286 -0.204237491
v 0.411132783 0.162109405 -0.221679747
vt 0.439453125 0.285156250
vn -0.251586646 0.967036128 0.039310403
v 0.432617158 0.162109420 -0.243164122
vt 0.438232422 0.290771484
vn -0.086376287 0.934433341 -0.345504820
v 0.446289033 0.152343780 -0.262695372
vt 0.435302734 0.295410156
v 0.444335908 0.167968795 -0.221679747
vt 0.443603516 0.290527344
vn 0.070634365 0.996730208 -0.039241396
v 0.430664033 0.162109420 -0.190429747
vt 0.447509766 0.282470703
vn -0.188503698 0.981789827 -0.023562975
v 0.456054658 0.160156295 -0.247070372
vt 0.439697266 0.295410156
vn 0.503671646 0.794856846 -0.338404506
v 0.456054658 0.164062545 -0.217773497
vt 0.444824219 0.293212891
vn 0.565528274 0.824728906 -0.000000110
v 0.469726533 0.146484420 -0.202148497
vt 0.447998047 0.297851562
vn 0.835968375 0.544168115 -0.070978582
v 0.493164033 0.093750030 -0.239257872
vt 0.436035156 0.308837891
vn 0.943391562 0.283017486 -0.172955260
v 0.401367158 0.152343780 -0.192382872
vt 0.442138672 0.278808594
vn -0.378893673 0.915659547 -0.134191483
v 0.416992158 0.158203155 -0.188476622
vt 0.445800781 0.280273438
vn -0.181181133 0.748356342 -0.638072312
v 0.381835908 0.142578155 -0.182617232
vt 0.438720703 0.275634766
vn -0.299166352 0.795152426 -0.527477324
v 0.397460908 0.156250030 -0.184570357
vt 0.443359375 0.276855469
vn -0.346887261 0.409957439 -0.843566418
v 0.407226533 0.185546905 -0.180664122
vt 0.449951172 0.275634766
vn -0.023680989 0.363106340 -0.931446731
v 0.375976533 0.179687530 -0.176757857
vt 0.446044922 0.271240234
vn -0.274977595 0.188555941 -0.942779958
v 0.360351533 0.144531280 -0.170898482
vt 0.437500000 0.271484375
vn -0.440781116 0.519491792 -0.732011199
v 0.344726533 0.140625030 -0.166992232
vt 0.434570312 0.269775391
vn -0.031503003 0.858454049 -0.511922181
v 0.338867158 0.146484405 -0.159179732
vt 0.435546875 0.267822266
vn 0.102473319 0.551780045 -0.827670217
v 0.348632783 0.181640655 -0.165039107
vt 0.443847656 0.266113281
vn -0.423976451 0.070662662 -0.902912498
v 0.344726533 0.154296905 -0.161132857
vt 0.437744141 0.267822266
vn -0.471987724 0.031465780 -0.881043494
v 0.325195283 0.177734405 -0.151367232
vt 0.439208984 0.262451172
vn -0.118279167 0.212902203 -0.969888031
v 0.354492158 0.207031280 -0.161132857
vt 0.449462891 0.264160156
vn -0.165822908 0.402712435 -0.900180817
v 0.391601533 0.205078170 -0.168945357
vt 0.452880859 0.267822266
vn -0.094626307 0.528329372 -0.843750060
v 0.334960908 0.201171905 -0.157226607
vt 0.445312500 0.261230469
vn -0.315744787 0.055255260 -0.947233975
vt 0.450927734 0.254638672
vt 0.451904297 0.260986328
vt 0.446289062 0.257080078
vt 0.442138672 0.257812500
vt 0.439697266 0.256103516
v 0.303710908 0.171875030 -0.161132857
vt 0.435302734 0.259765625
vn 0.283192426 0.629316747 -0.723714411
vt 0.434570312 0.255371094
v 0.317382783 0.166015655 -0.161132857
vt 0.434814453 0.262695312
vn 0.401948690 0.685677350 -0.606864035
vt 0.431396484 0.256591797
v 0.329101533 0.156250030 -0.161132857
vt 0.435058594 0.265625000
vn 0.613431990 0.550516009 -0.566245079
v 0.299804658 0.166015655 -0.188476607
vt 0.428955078 0.260986328
vn 0.197673142 0.893483043 -0.403253466
vt 0.424804688 0.255859375
v 0.309570283 0.160156280 -0.192382857
vt 0.428466797 0.263183594
vn 0.495939910 0.614021003 -0.614021063
v 0.333007783 0.140625030 -0.176757857
vt 0.431152344 0.269042969
vn 0.505144119 0.663001835 -0.552501559
v 0.321289033 0.134765655 -0.192382857
vt 0.427001953 0.268798828
vn 0.581722140 0.322305560 -0.746805608
v 0.329101533 0.126953155 -0.190429732
vt 0.427246094 0.270996094
vn 0.275932789 0.725309372 -0.630703926
v 0.291992158 0.130859405 -0.211914107
vt 0.420898438 0.265380859
vn 0.481870949 0.379177243 -0.789952636
vt 0.309570312 0.884033203
vt 0.303710938 0.888671875
v 0.354492158 0.226562545 -0.141601607
vt 0.302246094 0.876220703
vn -0.047139101 0.872071505 -0.487103045
vt 0.298583984 0.878417969
v 0.370117158 0.224609420 -0.149414107
vt 0.306640625 0.867919922
vn -0.118308574 0.717737913 -0.686189055
vt 0.319580078 0.882080078
vt 0.322753906 0.854492188
v 0.409179658 0.218750045 -0.159179747
vt 0.305419922 0.847900391
vn 0.110520840 0.686808765 -0.718386352
v 0.364257783 0.236328170 -0.131835982
vt 0.291992188 0.871826172
vn -0.283543766 0.708859205 -0.645849466
v 0.379882783 0.240234420 -0.133789107
vt 0.289794922 0.864257812
vn -0.086797453 0.757503986 -0.647034705
v 0.364257783 0.251953155 -0.118164107
vt 0.271728516 0.869384766
vn 0.023562104 0.699012697 -0.714720964
vt 0.278808594 0.886474609
v 0.393554658 0.246093795 -0.125976607
vt 0.281738281 0.854003906
vn 0.220445022 0.866034329 -0.448763311
v 0.418945283 0.228515670 -0.143554747
vt 0.299804688 0.838134766
vn 0.322315395 0.801858068 -0.503126740
v 0.440429658 0.203125045 -0.161132872
vt 0.320312500 0.843750000
vn 0.520136654 0.567421913 -0.638349712
v 0.383789062 0.255859405 -0.108398490
vt 0.266113281 0.857177734
vn 0.276483268 0.853148699 -0.442373425
vt 0.256835938 0.879394531
vt 0.249267578 0.872802734
vt 0.239746094 0.870849609
v 0.395507812 0.255859405 -0.094726615
vt 0.255371094 0.849853516
vn 0.519057810 0.833638489 -0.188748434
v 0.424804658 0.234375045 -0.124023490
vt 0.282470703 0.830078125
vn 0.465781361 0.852616847 -0.236838117
v 0.442382783 0.218750045 -0.135742247
vt 0.292236328 0.815917969
vn 0.592464387 0.726756334 -0.347579241
v 0.446289062 0.220703170 -0.116210997
vt 0.277832031 0.811279297
vn 0.689861953 0.721219420 -0.062714852
vt 0.225341797 0.866455078
v 0.416992188 0.240234420 -0.077148490
vt 0.245361328 0.829589844
vn 0.652049243 0.746321440 0.133552134
v 0.395507812 0.257812530 -0.061523490
vt 0.230468750 0.846191406
vn 0.700505137 0.708376050 0.086579166
v 0.385742188 0.261718810 -0.036132865
vt 0.210205078 0.849121094
vn 0.730970383 0.573772550 0.369415015
vt 0.201660156 0.874755859
v 0.422851562 0.228515670 -0.063476615
vt 0.235351562 0.819335938
vn 0.701396525 0.583183706 0.409804553
v 0.452148438 0.212890670 -0.090820372
vt 0.260009766 0.801757812
vn 0.774346888 0.608415425 0.173832834
v 0.458007783 0.203125045 -0.133789122
vt 0.288330078 0.805908203
vn 0.826361835 0.503687263 -0.251843750
v 0.354492188 0.273437560 -0.006835985
vt 0.182128906 0.865234375
vn 0.673583388 0.336791724 0.657918572
vt 0.184570312 0.892089844
vt 0.166503906 0.882812500
v 0.422851562 0.216796920 -0.053710993
vt 0.226318359 0.811523438
vn 0.661335349 0.267683387 0.700700462
v 0.381835938 0.253906310 -0.024414113
vt 0.199707031 0.844482422
vn 0.690690279 0.313950151 0.651446283
v 0.356445312 0.234375045 0.000976517
vt 0.169677734 0.841064453
vn 0.512112916 0.015757376 0.858773708
v 0.452148438 0.203125045 -0.073242247
vt 0.246826172 0.795654297
vn 0.765657008 0.315734893 0.560429156
v 0.461914062 0.185546935 -0.081054747
vt 0.252685547 0.782958984
vn 0.831891000 0.078480333 0.549361765
v 0.465820312 0.191406295 -0.104492247
vt 0.266845703 0.786621094
vn 0.943916857 0.322504938 0.070793614
v 0.444335938 0.171875060 -0.071289122
vt 0.235595703 0.776611328
vn 0.762905061 -0.110109940 0.637064874
v 0.434570312 0.187500060 -0.057617240
vt 0.227294922 0.788818359
vn 0.597463012 0.007861415 0.801858008
v 0.440429688 0.173828185 -0.061523493
vt 0.229003906 0.776855469
vn 0.942663670 0.298510194 0.149254948
v 0.385742188 0.236328170 -0.024414113
vt 0.196289062 0.831787109
vn 0.636769772 0.031445473 0.770412624
v 0.416992188 0.197265670 -0.047851615
vt 0.215820312 0.799804688
vn 0.671795130 0.474208385 0.569049895
v 0.383789062 0.216796920 -0.026367236
vt 0.190429688 0.819335938
vn 0.619212925 0.047028877 0.783813596
v 0.440429688 0.177734435 -0.024414117
vt 0.206787109 0.771484375
vn 0.773068786 0.591634333 0.228765115
v 0.356445312 0.220703170 0.000976517
vt 0.165283203 0.831787109
vn 0.455691129 0.314269751 0.832814634
v 0.450195312 0.158203185 -0.026367243
vt 0.211425781 0.755126953
vn 0.941039085 0.235259831 0.243101627
v 0.442382812 0.148437560 -0.075195365
vt 0.233642578 0.763427734
vn 0.875400901 0.268140852 0.402211070
v 0.379882812 0.210937545 -0.020507861
vt 0.183837891 0.816406250
vn 0.637065113 0.621335030 0.456169933
v 0.413085938 0.195312545 -0.016601615
vt 0.193847656 0.790527344
vn 0.505632758 0.805852234 0.308119893
v 0.436523438 0.177734435 -0.018554742
vt 0.202636719 0.771240234
vn 0.604335368 0.447365135 0.659274757
v 0.446289062 0.150390685 -0.018554742
vt 0.204101562 0.749023438
vn 0.763542950 0.102330543 0.637597561
v 0.450195312 0.140625060 -0.028320367
vt 0.210205078 0.740478516
vn 0.965634525 -0.109909557 0.235520467
v 0.444335938 0.123046920 -0.018554740
vt 0.198486328 0.729736328
vn 0.992741704 0.063031256 -0.102425851
v 0.399414062 0.197265670 -0.004882862
vt 0.180908203 0.794433594
vn 0.615031898 0.630801857 0.473101288
v 0.442382812 0.126953170 -0.010742240
vt 0.194580078 0.734619141
vn 0.752553582 0.658484459 -0.007839227
v 0.416992188 0.158203170 -0.004882863
vt 0.181152344 0.761718750
vn 0.574731946 0.409398109 0.708573520
v 0.458007812 0.134765685 0.024414008
vt 0.166015625 0.723388672
vn 0.646893680 0.694227457 -0.315558046
v 0.471679688 0.123046920 0.032226507
vt 0.162353516 0.709228516
vn 0.824474514 0.494684756 -0.274824977
v 0.426757812 0.144531310 0.000976511
vt 0.178710938 0.748535156
vn 0.653928578 0.748472512 -0.110301338
v 0.399414062 0.166015670 0.006835889
vt 0.169677734 0.771484375
vn 0.793677926 0.534357488 0.290753186
v 0.438476562 0.152343810 0.032226510
vt 0.156738281 0.740234375
vn 0.503251016 0.833509564 -0.228035718
v 0.456054688 0.142578185 0.045898382
vt 0.150146484 0.723632812
vn 0.637064934 0.770769954 -0.007865117
v 0.407226562 0.160156295 0.012695263
vt 0.167480469 0.763183594
vn 0.566314995 0.802279711 -0.188771799
v 0.403320312 0.169921920 0.036132764
vt 0.150878906 0.764648438
vn 0.551044405 0.834438801 -0.007872173
v 0.426757812 0.160156310 0.049804635
vt 0.143310547 0.745117188
vn 0.415651172 0.901884615 0.117637038
v 0.471679688 0.126953170 0.053710882
vt 0.146728516 0.707031250
vn 0.747267425 0.637143850 0.188783199
v 0.483398438 0.105468795 0.049804632
vt 0.152832031 0.691406250
vn 0.742624819 0.639921486 -0.197506741
v 0.444335938 0.148437560 0.059570257
vt 0.139404297 0.729980469
vn 0.550686240 0.763093829 0.338278621
v 0.420898438 0.152343795 0.079101518
vt 0.124755859 0.739013672
vn 0.465115219 0.780447543 0.417815268
v 0.459960967 0.115234420 0.079101510
vt 0.127197266 0.702392578
vn 0.410724074 0.860940874 0.300144434
v 0.483398467 0.107421920 0.065429628
vt 0.142333984 0.689208984
vn 0.550907850 0.834232092 -0.023610450
v 0.495117217 0.101562545 0.069335878
vt 0.140136719 0.677490234
vn 0.677333355 0.708837330 -0.196899369
v 0.491210967 0.113281295 0.100585878
vt 0.121093750 0.678466797
vn 0.385707170 0.920974374 -0.055101126
v 0.499023467 0.107421920 0.106445253
vt 0.119628906 0.671630859
vn 0.872367680 0.487268448 0.039295703
v 0.499023438 0.091796920 0.055664003
vt 0.144287109 0.672363281
vn 0.949815989 0.298289359 -0.094196767
v 0.395507812 0.171875045 0.045898389
vt 0.142578125 0.765625000
vn 0.408739895 0.856781721 0.314415216
v 0.387695342 0.164062560 0.088867143
vt 0.111572266 0.760498047
vn 0.426374882 0.868541420 0.252666503
v 0.387695312 0.183593795 0.036132764
vt 0.146972656 0.781738281
vn 0.638428986 0.630547106 0.441382825
v 0.375976562 0.173828170 0.055664018
vt 0.129394531 0.783935547
vn 0.267949224 0.882656276 0.386162043
v 0.393554688 0.181640670 0.026367139
vt 0.155029297 0.779785156
vn 0.809094667 0.581291378 0.086408041
v 0.385742188 0.197265670 0.016601514
vt 0.161621094 0.795166016
vn 0.804022491 0.465071887 0.370480806
v 0.370117188 0.207031295 0.036132768
vt 0.145019531 0.804443359
vn 0.558829963 0.590313375 0.582442462
v 0.358398438 0.216796920 0.034179639
vt 0.143310547 0.815917969
vn 0.023603803 0.818263769 0.574358225
v 0.368164062 0.214843795 0.026367141
vt 0.150634766 0.811279297
vn 0.548871934 0.799784780 0.243071750
v 0.362304688 0.175781295 0.055664018
vt 0.121826172 0.793457031
vn 0.078749947 0.881999195 0.464624524
v 0.358398438 0.218750045 0.026367143
vt 0.148437500 0.819091797
vn 0.007894325 0.994688690 0.102626562
v 0.358398438 0.214843795 0.004882767
vt 0.162841797 0.825927734
vn 0.181327343 0.961823404 0.204978675
v 0.344726562 0.212890670 0.028320270
vt 0.139648438 0.825439453
vn -0.221124634 0.908190489 0.355378866
v 0.344726562 0.205078170 0.038085897
vt 0.131835938 0.819335938
vn -0.086557768 0.590167165 0.802627265
v 0.340820312 0.181640670 0.049804647
vt 0.116943359 0.811035156
vn 0.094371319 0.692055881 0.715648532
v 0.333007812 0.207031295 0.038085897
vt 0.125732422 0.824707031
vn 0.299027324 0.621662021 0.723960698
v 0.342773438 0.220703170 0.002929644
vt 0.156982422 0.838867188
vn 0.047322027 0.268157512 0.962212205
v 0.344726562 0.214843795 0.008789019
vt 0.153564453 0.833007812
vn 0.007885514 0.946261644 0.323306024
v 0.333007812 0.212890670 0.028320272
vt 0.134521484 0.831787109
vn 0.355456471 0.876792669 0.323860228
v 0.329101562 0.218750045 0.000976521
vt 0.146972656 0.842773438
vn 0.260513783 0.481555670 0.836801589
v 0.313476562 0.230468795 0.004882772
vt 0.137939453 0.854736328
vn 0.505002797 0.331408054 0.796957254
v 0.334960938 0.251953185 0.010742144
vt 0.157714844 0.860107422
vn 0.291836739 -0.063099749 0.954384565
vt 0.145019531 0.875488281
v 0.309570312 0.230468795 0.032226522
vt 0.121582031 0.849853516
vn 0.552966774 0.774153471 0.308081418
v 0.311523438 0.222656295 0.040039022
vt 0.117187500 0.844482422
vn 0.463476270 0.534176052 0.706997633
v 0.317382812 0.183593795 0.055664025
vt 0.104003906 0.834960938
vn 0.322794706 0.677081406 0.661335289
vt 0.104492188 0.869628906
v 0.297851562 0.240234420 0.014648399
vt 0.127685547 0.864990234
vn 0.632416070 0.324113280 0.703562796
vt 0.109375000 0.878417969
vt 0.116210938 0.880371094
vt 0.125488281 0.893066406
vt 0.990722656 0.250976562
vt 0.993896484 0.262207031
vt 0.987060547 0.261962891
vt 0.988037109 0.275146484
vt 0.216796875 0.306884766
vt 0.205566406 0.314453125
vt 0.198730469 0.307128906
vt 0.210693359 0.318115234
vt 0.196533203 0.324462891
vt 0.201904297 0.343261719
vt 0.188476562 0.338867188
v 0.456054658 0.181640670 -0.159179747
vt 0.184570312 0.313476562
vn 0.783693254 0.305640399 -0.540748477
v 0.467773438 0.171875045 -0.135742247
vt 0.177246094 0.325683594
vn 0.973455191 0.086354941 -0.211962178
v 0.469726562 0.160156295 -0.108398490
vt 0.170654297 0.341064453
vn 0.993760109 -0.078869805 0.078869723
vt 0.186279297 0.351318359
v 0.454101533 0.160156295 -0.168945372
vt 0.171875000 0.307861328
vn 0.734724522 0.608320415 -0.300210178
v 0.438476533 0.166015670 -0.180664122
vt 0.182861328 0.300048828
vn 0.340168029 0.688247204 -0.640781999
v 0.461914033 0.152343795 -0.151367247
vt 0.166015625 0.317871094
vn 0.880118072 0.463633657 -0.102156706
v 0.463867188 0.162109420 -0.088867240
vt 0.173339844 0.350830078
vn 0.827259243 -0.141815782 0.543627262
vt 0.179931641 0.362792969
v 0.465820312 0.144531295 -0.122070365
vt 0.161132812 0.334228516
vn 0.928903520 0.369987041 0.015743989
v 0.463867188 0.144531295 -0.096679740
vt 0.163085938 0.349609375
vn 0.877011538 0.339743227 0.339743078
v 0.454101562 0.144531310 -0.084960990
vt 0.165771484 0.359619141
vn 0.677775025 0.378293067 0.630488276
vt 0.169433594 0.368408203
vt 0.184082031 0.365722656
v 0.477539062 0.130859420 -0.086914115
vt 0.152832031 0.353271484
vn 0.807725251 0.517571568 0.282311589
v 0.452148438 0.130859435 -0.053710993
vt 0.157226562 0.379150391
vn 0.865578413 0.354100317 0.354100108
vt 0.167724609 0.394531250
vt 0.159667969 0.394531250
v 0.469726562 0.125000045 -0.065429740
vt 0.151855469 0.366210938
vn 0.802950561 0.330626726 0.495939910
v 0.446289062 0.119140670 -0.045898490
vt 0.150634766 0.385009766
vn 0.812941253 -0.315705270 0.489343137
vt 0.152099609 0.402099609
v 0.461914062 0.119140670 -0.053710990
vt 0.150146484 0.374511719
vn 0.652009070 -0.078555234 0.754130781
v 0.479492188 0.123046920 -0.088867240
vt 0.147949219 0.352783203
vn 0.952018440 -0.212433785 0.220301658
v 0.465820312 0.115234420 -0.061523490
vt 0.146972656 0.369384766
vn 0.757221282 -0.481150925 0.441712320
v 0.438476562 0.105468795 -0.047851611
vt 0.142333984 0.384033203
vn 0.732011318 -0.519491792 0.440780938
v 0.442382812 0.105468795 -0.024414113
vt 0.144531250 0.399658203
vn 0.892813385 -0.007900984 -0.450357348
v 0.436523438 0.107421920 -0.036132861
vt 0.143554688 0.391357422
vn 0.851000786 -0.464898497 -0.244268820
v 0.430664062 0.093750045 -0.045898486
vt 0.135986328 0.387451172
vn 0.988577425 0.117687844 0.094150096
v 0.450195312 0.095703170 -0.071289115
vt 0.130859375 0.371337891
vn 0.763377488 -0.243965924 0.598110020
v 0.459960938 0.099609420 -0.090820365
vt 0.130615234 0.358886719
vn 0.927983999 -0.267385155 0.259520799
v 0.438476562 0.089843795 -0.059570361
vt 0.130126953 0.380615234
vn 0.739974082 0.385731190 0.551044345
v 0.481445312 0.130859420 -0.127929747
vt 0.147949219 0.331298828
vn 0.849472523 0.519122124 0.094385698
v 0.436523438 0.089843795 -0.036132861
vt 0.135253906 0.393066406
vn 0.800301552 0.407996893 -0.439381450
v 0.440429688 0.083984420 -0.041992240
vt 0.130615234 0.390625000
vn 0.502893507 0.864348352 -0.000000104
v 0.458007812 0.089843795 -0.077148490
vt 0.125000000 0.367675781
vn 0.575302780 0.740800798 0.346757710
v 0.481445312 0.072265670 -0.040039118
vt 0.109130859 0.390869141
vn 0.496417075 0.858880401 0.126074076
v 0.448242188 0.083984420 -0.026367240
vt 0.130615234 0.399658203
vn 0.544710338 0.702597558 -0.457872629
v 0.450195312 0.091796920 -0.020507865
vt 0.134277344 0.403320312
vn 0.745355904 0.298142403 -0.596284926
v 0.483398438 0.072265670 -0.026367243
vt 0.110107422 0.400634766
vn 0.542332768 0.793849528 -0.275096446
v 0.487304688 0.076171920 -0.065429747
vt 0.108154297 0.375976562
vn 0.550703347 0.818187833 0.165210903
v 0.493164062 0.058593795 -0.030273493
vt 0.100585938 0.397460938
vn 0.899648130 0.434040815 -0.047350042
v 0.459960938 0.087890670 -0.010742241
vt 0.128906250 0.409179688
vn 0.527526259 0.700744033 -0.480285347
v 0.493164062 0.080078170 0.000976506
vt 0.110595703 0.417968750
vn 0.614344597 0.708859205 -0.346553534
v 0.465820312 0.097656295 0.006835883
vt 0.133544922 0.418945312
vn 0.829450071 0.268583834 -0.489770651
v 0.479492188 0.101562545 0.034179632
vt 0.131103516 0.435058594
vn 0.718050599 0.583909392 -0.378752112
v 0.461914062 0.111328170 0.004882758
vt 0.142089844 0.418945312
vn 0.838527739 0.237319201 -0.490459770
vt 0.145996094 0.435791016
vt 0.131347656 0.444335938
v 0.493164062 0.095703170 0.041992132
vt 0.121826172 0.440673828
vn 0.685677290 0.685677409 -0.244321957
vt 0.125000000 0.454345703
vt 0.118164062 0.449218750
v 0.499023438 0.072265670 0.002929630
vt 0.104492188 0.418701172
vn 0.941270530 0.290225148 -0.172566414
v 0.499023467 0.058593795 0.100585878
vt 0.100097656 0.473876953
vn 0.996791542 -0.078487478 -0.015697630
vt 0.114746094 0.476806641
v 0.499023467 0.044921920 0.081054628
vt 0.089111328 0.461914062
vn 0.989461064 -0.094234340 0.109940000
v 0.491210967 0.037109420 0.096679628
vt 0.083740234 0.471435547
vn 0.997991085 -0.007858156 -0.062865712
v 0.499023467 0.011718795 0.081054628
vt 0.068115234 0.461669922
vn 0.994719684 0.000000039 -0.102629930
v 0.499023467 0.023437545 0.104492128
vt 0.074462891 0.475830078
vn 0.984008014 0.125953063 -0.125953153
v 0.493164092 0.017578170 0.055664010
vt 0.072753906 0.447265625
vn 0.841633081 -0.527003825 -0.117986038
v 0.499023438 0.037109420 0.022460882
vt 0.084716797 0.430175781
vn 0.997991085 -0.055007339 0.031432662
v 0.499023438 0.033203170 -0.022460993
vt 0.084472656 0.403320312
vn 0.999195039 0.039338432 -0.007867810
v 0.497070312 0.005859420 0.026367133
vt 0.066650391 0.427734375
vn 0.802627325 -0.511478126 0.306886822
v 0.497070342 0.011718795 0.071289003
vt 0.068603516 0.456542969
vn 0.862831295 -0.337288618 -0.376508355
v 0.499023467 0.000000060 0.088867128
vt 0.062988281 0.466552734
vn 0.701461852 -0.701461792 -0.126105562
v 0.493164092 0.015625045 0.040039010
vt 0.072021484 0.437500000
vn 0.827670336 -0.488719523 0.275889963
v 0.471679717 0.003906310 0.057617135
vt 0.060058594 0.449462891
vn 0.447709948 -0.848292589 -0.282764196
v 0.456054717 0.000000060 0.049804639
vt 0.055175781 0.446533203
vn 0.078497238 -0.996914387 0.000000033
v 0.471679717 0.003906310 0.043945260
vt 0.060791016 0.441406250
vn 0.401077807 -0.880798221 0.251656592
v 0.491210938 0.000000060 0.018554633
vt 0.060302734 0.424804688
vn 0.353498936 -0.926952541 0.125688478
v 0.497070312 0.000000060 -0.057617240
vt 0.062255859 0.383544922
vn 0.583455563 -0.812106907 0.007884492
v 0.499023438 0.005859420 -0.053710993
vt 0.065917969 0.382568359
vn 0.986149251 -0.165673018 0.007889071
v 0.495117158 0.000000060 -0.245117232
vt 0.056152344 0.278808594
vn 0.582876027 -0.779793561 -0.228424430
v 0.499023408 0.003906310 -0.237304732
vt 0.060791016 0.283691406
vn 0.932027698 -0.339637190 -0.126376748
v 0.499023438 0.064453170 -0.069335997
vt 0.099121094 0.374755859
vn 0.921688557 0.378128707 0.086654350
v 0.499023438 0.062500045 -0.106445372
vt 0.097412109 0.354003906
vn 0.955484867 0.284276485 -0.078965828
v 0.493164062 0.074218795 -0.092773497
vt 0.104980469 0.360839844
vn 0.686039567 0.725467324 -0.055198714
v 0.463867188 0.089843795 -0.098632865
vt 0.123291016 0.355468750
vn 0.800301611 0.596303225 0.062768623
v 0.463867188 0.097656295 -0.112304740
vt 0.126953125 0.347167969
vn 0.939809024 -0.284311920 0.189541206
v 0.465820312 0.083984420 -0.122070365
vt 0.118164062 0.342529297
vn 0.899676085 0.426162422 -0.094702892
v 0.495117188 0.066406295 -0.116210997
vt 0.099609375 0.348388672
v 0.499023438 0.039062545 -0.137695357
vt 0.082519531 0.337402344
vn 0.977226615 0.181259811 -0.110332169
v 0.483398438 0.121093795 -0.116210997
vt 0.143066406 0.338378906
vn 0.973605216 -0.149181396 0.172736287
v 0.487304688 0.117187545 -0.139648497
vt 0.138183594 0.325683594
vn 0.977105319 0.000000052 0.212756678
v 0.499023438 0.027343795 -0.163085982
vt 0.075927734 0.321044922
vn 0.983368337 0.180939823 -0.015734030
v 0.493164062 0.046875045 -0.147460982
vt 0.087646484 0.330566406
vn 0.760719955 0.572500706 -0.305856615
v 0.465820312 0.074218795 -0.139648482
vt 0.111572266 0.332031250
vn 0.867730319 0.402311385 -0.291873097
v 0.499023438 0.035156280 -0.180664107
vt 0.081542969 0.310058594
vn 0.958256423 0.227782309 0.172800213
v 0.499023408 0.050781280 -0.190429732
vt 0.092041016 0.301269531
vn 0.946762145 0.094676264 0.307697564
v 0.491210938 0.041015670 -0.168945357
vt 0.085937500 0.317138672
vn 0.710691214 0.702794731 0.031586152
v 0.465820312 0.058593795 -0.165039107
vt 0.101806641 0.318115234
vn 0.872475445 0.479468554 -0.094321810
v 0.467773438 0.093750045 -0.131835997
vt 0.122802734 0.335693359
vn 0.858880460 -0.472778171 0.196990803
v 0.463867188 0.082031295 -0.151367232
vt 0.114746094 0.325195312
vn 0.915117979 -0.347113699 0.205112532
v 0.487304688 0.103515670 -0.151367247
vt 0.129394531 0.320556641
vn 0.826541185 -0.417206407 0.377847254
v 0.491210938 0.044921905 -0.178710982
vt 0.088623047 0.310302734
vn 0.605605066 0.542684972 0.582009971
v 0.469726562 0.052734405 -0.174804732
vt 0.099121094 0.313232422
vn 0.672089040 0.640461385 0.371625602
v 0.465820312 0.068359405 -0.170898482
vt 0.105957031 0.314453125
vn 0.841841578 -0.275368631 0.464192837
v 0.491210908 0.056640655 -0.182617232
vt 0.097412109 0.303710938
vn 0.533912599 0.149181500 0.832275271
v 0.469726533 0.060546905 -0.178710982
vt 0.102783203 0.309570312
vn 0.614859939 0.023648515 0.788281798
v 0.491210908 0.085937530 -0.174804747
vt 0.118652344 0.305419922
vn 0.768704474 -0.352976441 0.533386588
v 0.491210908 0.070312530 -0.182617232
vt 0.107421875 0.301269531
vn 0.597075701 -0.196406364 0.777769387
v 0.499023408 0.074218780 -0.192382857
vt 0.107910156 0.295410156
vn 0.972218156 0.047425326 0.229222015
v 0.499023408 0.050781280 -0.239257857
vt 0.085693359 0.278564453
vn 0.972218096 0.047425304 -0.229222283
v 0.495117158 0.091796905 -0.182617247
vt 0.120849609 0.300537109
vn 0.984374106 0.078749977 0.157499716
vt 0.121582031 0.271240234
v 0.491210938 0.111328170 -0.159179747
vt 0.133300781 0.314697266
vn 0.981941283 0.141399577 0.125688344
v 0.481445283 0.132812545 -0.170898497
vt 0.147216797 0.308837891
vn 0.872071505 0.487103045 -0.047139138
vt 0.156005859 0.292236328
v 0.463867158 0.154296920 -0.186523497
vt 0.163330078 0.299560547
vn 0.636907399 0.770579338 0.023589045
v 0.475585908 0.142578170 -0.157226622
vt 0.156005859 0.315429688
vn 0.748309910 0.661663532 0.047261551
vt 0.168701172 0.283691406
v 0.446289033 0.162109420 -0.186523497
vt 0.175048828 0.298583984
vn 0.275727302 0.961106777 -0.015755927
vt 0.174804688 0.281250000
vt 0.181396484 0.294433594
vt 0.187011719 0.291015625
v 0.424804658 0.193359420 -0.174804747
vt 0.198486328 0.296142578
vn 0.243371144 0.471041173 -0.847874224
vt 0.212890625 0.294677734
vt 0.200439453 0.285400391
vt 0.213378906 0.285644531
vt 0.211914062 0.274414062
vt 0.107666016 0.773681641
vt 0.109375000 0.801757812
v 0.440429717 0.115234420 0.110351510
vt 0.082519531 0.805419922
vn 0.441259652 0.858880401 0.260027915
v 0.444335967 0.117187545 0.094726510
vt 0.093017578 0.810302734
vn 0.510137498 0.776978672 0.368868560
v 0.491210967 0.111328170 0.118164003
vt 0.095703125 0.770263672
vn 0.392473906 0.855593085 0.337527424
vt 0.104736328 0.765380859
v 0.450195342 0.097656295 0.145507753
vt 0.064697266 0.783691406
vn -0.157867372 0.765656948 0.623576224
v 0.432617217 0.107421920 0.124023385
vt 0.071044922 0.804443359
vn 0.613489032 0.432588458 0.660680354
v 0.426757842 0.126953170 0.151367128
vt 0.058349609 0.824707031
vn 0.835293353 0.252164066 0.488567650
v 0.426757842 0.097656295 0.133789003
vt 0.061035156 0.803955078
vn 0.526223183 0.306309015 0.793261588
v 0.407226592 0.083984435 0.178710893
vt 0.017333984 0.807128906
vn 0.800055444 0.258841515 0.541213810
v 0.491210967 0.087890670 0.151367128
vt 0.072753906 0.752929688
vn 0.449488282 0.662403703 0.599317610
v 0.499023467 0.089843795 0.137695253
vt 0.083251953 0.752685547
vn 0.898780942 0.346897960 0.268057317
v 0.499023467 0.042968795 0.110351503
vt 0.102050781 0.721923828
vn 0.983003378 -0.031456072 -0.180872753
vt 0.112548828 0.730712891
vt 0.111328125 0.718017578
vt 0.102783203 0.708984375
v 0.499023467 0.003906310 0.129882768
vt 0.078125000 0.694091797
vn 1.000000000 0.000000044 -0.000000131
vt 0.112304688 0.694824219
vt 0.102539062 0.687744141
v 0.499023467 0.000000060 0.241210893
vt 0.009765625 0.698242188
vn 0.717738032 -0.686188936 0.118308388
v 0.499023467 0.072265670 0.153320268
vt 0.072021484 0.740478516
vn 0.931446731 0.236808568 0.276276469
v 0.499023467 0.037109435 0.178710893
vt 0.047851562 0.723144531
vn 0.961942971 0.189234734 0.197119325
v 0.491210967 0.074218795 0.163085893
vt 0.063720703 0.745849609
vn 0.591726422 0.520719171 0.615395367
v 0.491210967 0.042968810 0.188476518
vt 0.041259766 0.730712891
vn 0.686317146 0.552209198 0.473322004
v 0.499023467 0.023437560 0.198242143
vt 0.034667969 0.714843750
vn 0.962391794 0.244542211 0.118326724
v 0.475585967 0.050781310 0.192382768
vt 0.037109375 0.744384766
vn 0.244064286 0.818796158 0.519620538
v 0.499023467 0.009765685 0.243164018
vt 0.008056641 0.704589844
vn 0.942285776 0.259128600 0.212014169
v 0.495117217 0.005859435 0.254882753
vt 0.000244141 0.701904297
vn 0.787304103 -0.055111226 0.614097059
v 0.491210967 0.017578185 0.250976503
vt 0.000488281 0.708984375
vn 0.677333415 0.582821727 0.448930115
v 0.491210967 0.033203185 0.204101518
vt 0.029541016 0.725097656
vn 0.723714292 0.629316866 0.283192426
v 0.446289092 0.062500060 0.227539018
vt 0.004638672 0.750976562
vn 0.574731946 0.803050101 0.157460704
v 0.469726592 0.048828185 0.206054643
vt 0.025634766 0.742187500
vn 0.410455227 0.907737613 0.086826995
v 0.456054717 0.054687560 0.209960893
vt 0.017578125 0.750488281
vn 0.282755375 0.918955266 -0.274901181
v 0.456054717 0.048828185 0.194335893
vt 0.025878906 0.754882812
vn 0.133605808 0.990255177 0.039295778
v 0.444335967 0.052734435 0.194335893
vt 0.015625000 0.764892578
vn 0.403051794 0.877230585 -0.260798365
v 0.428710967 0.076171935 0.202148393
vt 0.002197266 0.776611328
vn 0.583909273 0.757503986 -0.291954786
v 0.405273467 0.080078185 0.186523393
vt 0.011718750 0.799316406
vn 0.632198751 0.774443567 -0.023707571
v 0.446289092 0.052734435 0.184570268
vt 0.025878906 0.765136719
vn -0.149338022 0.903888106 0.400854707
v 0.420898467 0.052734435 0.174804643
vt 0.021484375 0.783691406
vn 0.512925208 0.749660075 -0.418231487
v 0.418945342 0.050781295 0.166992143
vt 0.025390625 0.787597656
vn 0.472192168 0.826336265 0.306924820
v 0.452148467 0.082031295 0.163085893
vt 0.052001953 0.772949219
vn -0.235607684 0.683262467 0.691116035
v 0.424804717 0.052734420 0.165039018
vt 0.029541016 0.785644531
vn -0.212433830 0.747452497 0.629433632
v 0.426757842 0.082031295 0.141601518
vt 0.051269531 0.796875000
vn 0.078633063 0.534704268 0.841372907
v 0.416992217 0.058593795 0.163085893
vt 0.028564453 0.791503906
vn 0.726552427 0.418557435 0.544914126
vt 0.743652344 0.359375000
vt 0.754638672 0.352294922
v 0.424804717 0.138671935 0.094726518
vt 0.745361328 0.379882812
vn 0.564970970 0.698366940 0.439421803
vt 0.760009766 0.385009766
v 0.434570342 0.121093795 0.104492135
vt 0.737060547 0.365234375
vn 0.699985027 0.684255004 0.204489872
vt 0.730957031 0.362304688
vt 0.701171875 0.377197266
v 0.418945342 0.138671935 0.104492143
vt 0.739257812 0.384765625
vn 0.465144068 0.882985413 0.063070290
v 0.424804717 0.138671935 0.131835878
vt 0.719970703 0.379638672
vn 0.769272506 0.635827303 0.062797621
v 0.418945342 0.136718810 0.151367128
vt 0.705810547 0.384521484
vn 0.370573103 0.741146147 0.559801698
v 0.416992217 0.144531310 0.133789003
vt 0.719726562 0.385253906
vn 0.172933728 0.974717557 0.141491175
v 0.399414092 0.142578185 0.112304643
vt 0.736572266 0.400878906
vn -0.031597119 0.955812752 0.292273283
v 0.399414092 0.148437560 0.100585893
vt 0.746582031 0.401123047
vn 0.464092463 0.660741746 0.589947939
v 0.411132842 0.121093795 0.165039003
vt 0.691162109 0.390625000
vn 0.346285105 0.472206891 0.810621679
vt 0.661621094 0.392089844
v 0.401367217 0.134765685 0.153320253
vt 0.704345703 0.396240234
vn -0.244268700 0.851000726 0.464898527
v 0.372070342 0.164062560 0.112304643
vt 0.751708984 0.426025391
vn 0.614554405 0.653948903 0.441218406
vt 0.765869141 0.411132812
v 0.383789092 0.136718810 0.120117143
vt 0.731689453 0.414062500
vn 0.354848176 0.599299073 0.717581689
v 0.375976592 0.125000045 0.133789018
vt 0.717285156 0.416992188
vn -0.197377279 0.844774902 0.497390807
v 0.366210967 0.171875060 0.102539018
vt 0.762695312 0.430664062
vn 0.488128453 0.850288272 0.196825892
vt 0.797363281 0.406005859
vt 0.794677734 0.424804688
v 0.346679717 0.181640685 0.098632768
vt 0.770263672 0.447753906
vn 0.227473676 0.972646296 -0.047063600
vt 0.799316406 0.433593750
v 0.346679717 0.181640685 0.120117143
vt 0.755126953 0.449218750
vn 0.353892177 0.880798340 0.314570725
v 0.356445342 0.167968810 0.131835893
vt 0.741943359 0.442871094
vn 0.558138907 0.550277710 0.621027708
v 0.364257842 0.119140670 0.141601518
vt 0.709716797 0.426269531
vn 0.322494984 0.700049996 0.637124002
v 0.321289062 0.179687545 0.061523400
vt 0.798095703 0.461425781
vn 0.150072232 0.963621795 0.221159026
vt 0.805175781 0.447265625
v 0.334960967 0.185546935 0.112304643
vt 0.761230469 0.457763672
vn 0.007854042 0.997467637 0.070686631
v 0.299804717 0.179687560 0.094726525
vt 0.777587891 0.479736328
vn 0.023691904 0.987163544 0.157946125
v 0.323242217 0.173828185 0.141601518
vt 0.739257812 0.467041016
vn 0.118048079 0.873555601 0.472192168
vt 0.803955078 0.461669922
vt 0.822265625 0.456054688
v 0.303710938 0.183593795 0.065429650
vt 0.797119141 0.473632812
vn 0.470983207 0.769272506 0.431734502
v 0.295898438 0.208984420 0.051757779
vt 0.812988281 0.483154297
vn 0.448028058 0.440167874 0.778153777
vt 0.827636719 0.475341797
vt 0.831298828 0.498046875
vt 0.834960938 0.496826172
vt 0.816650391 0.492187500
vt 0.806640625 0.491455078
v 0.293945312 0.183593795 0.081054650
vt 0.787109375 0.482666016
vn 0.566437721 0.770984709 0.291085988
vt 0.785888672 0.495605469
vt 0.811279297 0.499023438
v 0.290039092 0.177734435 0.106445275
vt 0.770263672 0.486572266
vn 0.276371330 0.844906569 0.457986653
v 0.293945342 0.171875060 0.120117150
vt 0.757568359 0.485351562
vn -0.133556381 0.966319680 0.219975173
v 0.282226592 0.171875060 0.116210900
vt 0.764160156 0.491943359
vn -0.157622054 0.866921484 0.472866297
vt 0.773437500 0.500488281
vt 0.758789062 0.497314453
v 0.284179717 0.169921935 0.129882768
vt 0.749511719 0.491210938
vn -0.118515141 0.987625599 -0.102713093
vt 0.761474609 0.508789062
vt 0.732910156 0.499755859
v 0.297851592 0.173828185 0.145507768
vt 0.736816406 0.485107422
vn 0.118179835 0.992710948 -0.023636034
v 0.284179717 0.175781310 0.165039018
vt 0.723632812 0.495849609
vn 0.071129046 0.908870935 0.410967708
vt 0.730712891 0.519287109
v 0.307617217 0.167968810 0.157226518
vt 0.727050781 0.478271484
vn 0.376821429 0.792894959 0.478877097
vt 0.708984375 0.500976562
v 0.315429717 0.154296935 0.165039018
vt 0.715820312 0.471923828
vn 0.575052857 0.512033284 0.638072193
v 0.295898467 0.158203185 0.182617143
vt 0.707031250 0.489746094
vn 0.362294644 0.614325643 0.700961232
v 0.333007842 0.121093795 0.166992143
vt 0.696044922 0.451660156
vn 0.605605066 0.582010031 0.542684913
v 0.319335967 0.121093810 0.186523393
vt 0.686767578 0.467773438
vn 0.544761419 0.623712301 0.560551465
v 0.344726592 0.115234420 0.163085893
vt 0.694824219 0.441650391
vn 0.424290359 0.777865589 0.463576347
v 0.290039092 0.138671935 0.196289018
vt 0.690429688 0.493652344
vn 0.245000064 0.474193543 0.845645010
vt 0.687255859 0.505126953
vt 0.695312500 0.522460938
v 0.305664092 0.119140685 0.198242143
vt 0.678955078 0.479980469
vn 0.377859145 0.732101977 0.566788495
v 0.291992217 0.117187560 0.206054643
vt 0.673339844 0.490966797
vn 0.070741318 0.652391613 0.754573405
v 0.325195342 0.115234435 0.190429643
vt 0.681152344 0.463623047
vn 0.402311355 0.867730379 0.291872859
v 0.305664092 0.115234435 0.209960893
vt 0.669921875 0.481445312
vn 0.094359554 0.967185616 0.235898882
v 0.270507842 0.113281310 0.208007783
vt 0.669433594 0.505859375
vn 0.007872099 0.834438801 0.551044405
vt 0.667968750 0.523925781
v 0.258789092 0.113281310 0.227539033
vt 0.654296875 0.514892578
vn -0.031430852 0.958640933 0.282877594
vt 0.648193359 0.524658203
v 0.307617217 0.111328185 0.233398393
vt 0.652099609 0.483398438
vn 0.062953107 0.952165782 0.299027234
v 0.336914092 0.105468810 0.235351518
vt 0.647949219 0.463134766
vn 0.292091131 0.899956405 0.323668480
v 0.256835967 0.103515685 0.243164033
vt 0.639648438 0.518310547
vn -0.102432005 0.575195670 0.811577260
vt 0.635253906 0.528320312
vt 0.616210938 0.528808594
v 0.274414092 0.107421935 0.237304658
vt 0.645263672 0.505859375
vn -0.007854501 0.722619653 0.691201329
v 0.262695342 0.074218810 0.250976533
vt 0.617431641 0.517333984
vn -0.134036943 0.268074155 0.954028547
v 0.309570342 0.105468810 0.245117143
vt 0.642089844 0.482666016
vn -0.015702769 0.730181515 0.683072865
v 0.290039092 0.082031310 0.250976533
vt 0.622314453 0.498046875
vn -0.149583027 0.338530242 0.928989947
v 0.317382842 0.089843810 0.254882783
vt 0.628173828 0.479003906
vn -0.109946795 0.447640926 0.887428463
v 0.334960967 0.095703185 0.250976533
vt 0.633789062 0.466308594
vn 0.165451854 0.685443223 0.709079146
v 0.334960967 0.066406310 0.268554658
vt 0.607421875 0.468261719
vn -0.094182029 0.384577066 0.918275774
v 0.299804717 0.052734435 0.262695283
vt 0.597656250 0.493164062
vn -0.196188465 0.172646001 0.965247929
v 0.266601592 0.044921935 0.260742158
vt 0.594482422 0.516845703
vn -0.007892514 0.205208495 0.978686512
vt 0.587646484 0.535156250
vt 0.578857422 0.536621094
vt 0.575195312 0.546875000
v 0.268554717 0.031250060 0.260742158
vt 0.584228516 0.515869141
vn 0.133775488 -0.173121005 0.975773156
vt 0.562744141 0.527587891
vt 0.564453125 0.551269531
v 0.264648467 0.003906280 0.250976533
vt 0.563232422 0.517822266
vn 0.086903043 -0.039501272 0.995433331
v 0.305664092 0.000000030 0.250976533
vt 0.552734375 0.490722656
vn -0.094452955 -0.834335327 0.543105125
v 0.299804717 0.037109435 0.262695283
vt 0.584472656 0.495117188
vn -0.133775234 -0.173121020 0.975773275
v 0.317382842 0.044921935 0.268554658
vt 0.588134766 0.483154297
vn -0.299612135 0.007884561 0.954028487
v 0.354492247 0.037109435 0.280273378
vt 0.584960938 0.457031250
vn -0.149806023 0.228651509 0.961913109
vt 0.416015625 0.373535156
vt 0.441406250 0.343017578
vt 0.539794922 0.348876953
v 0.329101622 0.035156310 0.272460908
vt 0.580322266 0.475585938
vn -0.400966108 -0.086482897 0.912001669
v 0.317382842 0.001953155 0.254882783
vt 0.559570312 0.479736328
vn -0.416999668 0.251773447 0.873339176
v 0.350585997 0.000000060 0.278320253
vt 0.559082031 0.451416016
vn -0.276130229 -0.757386148 0.591708064
v 0.346679747 0.015625060 0.280273378
vt 0.569580078 0.459960938
vn -0.416690230 -0.094344959 0.904139459
v 0.360351622 0.021484435 0.284179628
vt 0.573974609 0.450683594
vn -0.102549806 0.039442327 0.993945599
v 0.358398497 0.003906310 0.282226503
vt 0.562744141 0.447998047
vn -0.102690488 -0.387064636 0.916316330
v 0.395507872 0.031250060 0.282226503
vt 0.579589844 0.427490234
vn 0.015693760 0.149089605 0.988699138
v 0.389648497 0.044921935 0.278320253
vt 0.589355469 0.430419922
vn 0.055029575 0.440235853 0.896194339
v 0.428710997 0.027343810 0.282226503
vt 0.575195312 0.402832031
vn 0.078545727 0.172800392 0.981820107
v 0.424804747 0.001953185 0.280273378
vt 0.561523438 0.404785156
vn 0.157499969 -0.653624356 0.740249336
v 0.432617247 0.000000060 0.270507753
vt 0.554931641 0.395019531
vn -0.007879565 -0.977074921 0.212750241
v 0.358398467 0.083984435 0.254882753
vt 0.624511719 0.450195312
vn 0.180738598 0.691521466 0.699379504
v 0.360351592 0.091796935 0.241210893
vt 0.635742188 0.446777344
vn 0.291872948 0.867730379 0.402311295
v 0.401367217 0.074218810 0.252929628
vt 0.614013672 0.417724609
vn 0.267088085 0.730564356 0.628442287
v 0.434570372 0.009765685 0.280273378
vt 0.563476562 0.396728516
vn -0.047220547 -0.275453925 0.960153878
v 0.440429747 0.000000060 0.278320253
vt 0.558349609 0.389160156
vn -0.220199481 -0.794291317 0.566227496
v 0.422851622 0.042968810 0.276367128
vt 0.586914062 0.406005859
vn 0.196692020 0.574340522 0.794635415
v 0.446289122 0.019531310 0.282226503
vt 0.568847656 0.388183594
vn 0.189565063 0.142173752 0.971520305
v 0.450195372 0.031250060 0.276367128
vt 0.576416016 0.385009766
vn 0.401861519 0.559454203 0.724926472
v 0.430664092 0.064453185 0.245117143
vt 0.609619141 0.393310547
vn 0.456962198 0.748472512 0.480598092
v 0.448242247 0.005859435 0.282226503
vt 0.561279297 0.384033203
vn 0.133577123 -0.251439005 0.958611369
v 0.458007872 0.000000060 0.276367128
vt 0.557861328 0.374755859
vn 0.307659507 -0.725760579 0.615318775
v 0.463867247 0.017578185 0.274414003
vt 0.567382812 0.371582031
vn 0.534770489 0.212335378 0.817884088
v 0.487304747 0.000000060 0.258789003
vt 0.551513672 0.355957031
vn 0.392401457 -0.737714529 0.549361825
vt 0.556152344 0.350097656
vt 0.570068359 0.349609375
vt 0.614501953 0.375976562
v 0.426757842 0.074218810 0.231445268
vt 0.621337891 0.393066406
vn 0.472397029 0.834568083 0.283438116
vt 0.637939453 0.383300781
v 0.399414092 0.083984435 0.239257768
vt 0.625244141 0.416503906
vn 0.307162791 0.866356611 0.393798381
v 0.411132842 0.085937560 0.208007753
vt 0.641601562 0.399414062
vn 0.371347159 0.924417555 -0.086911149
vt 0.656005859 0.393554688
v 0.389648467 0.093750060 0.213867143
vt 0.644042969 0.416992188
vn 0.149601609 0.984221458 -0.094485328
v 0.389648467 0.085937560 0.194335893
vt 0.658447266 0.408691406
vn 0.039309159 0.998453617 0.039309148
v 0.362304717 0.095703185 0.223632768
vt 0.648193359 0.441406250
vn 0.316069752 0.948209405 0.031606898
v 0.348632842 0.103515685 0.202148393
vt 0.666503906 0.447753906
vn 0.559714794 0.827747405 0.039416429
v 0.389648467 0.089843810 0.188476518
vt 0.664794922 0.408203125
vn 0.165139526 0.605511367 0.778514564
v 0.387695342 0.103515685 0.182617143
vt 0.675537109 0.408691406
vn 0.031457167 0.526906133 0.849341154
v 0.362304717 0.101562560 0.178710893
vt 0.680419922 0.427001953
vn 0.109923214 0.714500606 0.690945566
v 0.370117217 0.083984435 0.186523408
vt 0.667480469 0.422851562
vn 0.134317130 0.782199502 0.608377337
v 0.375976592 0.082031310 0.194335908
vt 0.660888672 0.419677734
vn -0.197611526 0.980152965 0.015808901
v 0.370117217 0.117187545 0.145507768
vt 0.706542969 0.422119141
vn -0.212374687 0.904558897 0.369689316
v 0.352539092 0.103515685 0.182617143
vt 0.679199219 0.437988281
vn 0.505459309 0.789780140 0.347503155
v 0.362304717 0.085937560 0.194335893
vt 0.666015625 0.431152344
vn 0.692827463 0.708573639 0.133841544
v 0.368164092 0.078125060 0.194335908
vt 0.661621094 0.426513672
vn 0.157110602 0.919097006 0.361354351
v 0.366210967 0.091796935 0.213867143
vt 0.651367188 0.434082031
vn 0.055331122 0.916917264 -0.395222992
vt 0.702880859 0.031005859
vt 0.711425781 0.028808594
v 0.137695312 0.433593780 0.022460911
vt 0.700683594 0.041015625
vn -0.244602993 0.552329540 0.796932638
vt 0.725830078 0.032470703
vt 0.701660156 0.047119141
v 0.114257805 0.425781280 0.010742165
vt 0.679199219 0.048095703
vn -0.526320398 0.235665917 0.816975176
vt 0.690673828 0.026123047
v 0.106445305 0.437500030 0.012695290
vt 0.681640625 0.058593750
vn -0.266685009 -0.525526524 0.807899117
vt 0.703125000 0.070556641
v 0.096679680 0.417968780 0.000976543
vt 0.661132812 0.053955078
vn -0.708134711 0.173099607 0.684530318
vt 0.686279297 0.016357422
v 0.088867180 0.427734405 -0.002929707
vt 0.660644531 0.065673828
vn -0.463247508 -0.439692676 0.769462228
vt 0.707275391 0.086914062
v 0.092773430 0.402343780 0.014648419
vt 0.658691406 0.038818359
vn -0.914037764 0.055157434 0.401861578
vt 0.657226562 0.029052734
v 0.088867180 0.408203155 -0.006835956
vt 0.648193359 0.054443359
vn -0.860565007 -0.165796965 0.481600761
v 0.096679680 0.386718780 -0.006835956
vt 0.640136719 0.036621094
vn -0.793457448 -0.557777107 0.243536606
vt 0.654541016 0.005126953
vt 0.641601562 0.012207031
vt 0.631591797 0.020263672
v 0.086914055 0.398437530 -0.016601579
vt 0.636962891 0.051269531
vn -0.716846526 -0.370239466 0.590807796
v 0.079101555 0.417968780 -0.014648455
vt 0.645263672 0.068603516
vn -0.489480376 -0.457901090 0.742115617
v 0.081054680 0.380859405 -0.032226577
vt 0.620117188 0.046386719
vn -0.748937428 -0.378410518 0.543965220
v 0.065429680 0.402343780 -0.032226577
vt 0.622314453 0.072998047
vn -0.640641451 -0.577368379 0.506186008
vt 0.616943359 0.029052734
vt 0.631347656 0.000000000
v 0.049804676 0.425781280 -0.018554702
vt 0.637695312 0.095947266
vn -0.236169130 -0.739996910 0.629784703
vt 0.601318359 0.029785156
vt 0.619873047 0.015136719
vt 0.607421875 0.013671875
vt 0.600830078 0.013183594
v 0.079101548 0.373046905 -0.045898452
vt 0.607177734 0.048339844
vn -0.858853698 -0.512160480 -0.007879256
vt 0.594238281 0.035644531
v 0.073242173 0.386718780 -0.059570331
vt 0.595703125 0.063720703
vn -0.717046916 -0.512176335 -0.472778022
vt 0.583984375 0.030517578
vt 0.581787109 0.064208984
v 0.057617176 0.406250030 -0.047851577
vt 0.608886719 0.083496094
vn -0.771199524 -0.629550636 -0.094432458
v 0.077148423 0.423828155 -0.084960952
vt 0.568359375 0.093261719
vn -0.449908197 -0.797205687 -0.402549326
vt 0.556396484 0.072021484
vt 0.549804688 0.080322266
v 0.057617173 0.417968780 -0.065429702
vt 0.592773438 0.094238281
vn -0.623130023 -0.583691359 -0.520589530
v 0.043945301 0.419921905 -0.034179702
vt 0.622558594 0.099609375
vn -0.496247560 -0.850710213 0.173292920
v 0.043945298 0.421875030 -0.051757827
vt 0.607177734 0.103271484
vn -0.482533962 -0.838501632 -0.253132463
v 0.057617169 0.429687530 -0.081054702
vt 0.578125000 0.104003906
vn -0.282485485 -0.933771491 -0.219710872
vt 0.631835938 0.124511719
v 0.018554674 0.427734405 -0.045898449
vt 0.616455078 0.125244141
vn -0.149708405 -0.984923959 -0.086673245
vt 0.621582031 0.146728516
vt 0.602050781 0.130371094
vt 0.587890625 0.129882812
vt 0.592773438 0.146240234
vt 0.647949219 0.125732422
vt 0.646972656 0.142089844
v 0.038085915 0.429687530 -0.102539077
vt 0.562500000 0.126220703
vn -0.110345684 -0.993111670 0.039409254
vt 0.571044922 0.146240234
vt 0.546386719 0.152343750
v 0.065429665 0.427734405 -0.100585952
vt 0.558105469 0.106445312
vn -0.142169237 -0.987286627 -0.071084574
v 0.063476540 0.431640655 -0.127929717
vt 0.534179688 0.115478516
vn -0.125797197 -0.943479061 -0.306630641
vt 0.537597656 0.090576172
vt 0.520019531 0.101318359
vt 0.533691406 0.159912109
vt 0.518554688 0.117187500
v 0.030273410 0.449218780 -0.151367202
vt 0.517089844 0.147460938
vn -0.031476650 -0.456410050 -0.889212668
vt 0.523437500 0.168212891
vt 0.507324219 0.161865234
v 0.065429658 0.451171905 -0.151367217
vt 0.505615234 0.127685547
vn 0.031527247 -0.323155403 -0.945820630
vt 0.482666016 0.121826172
v 0.045898408 0.462890655 -0.155273452
vt 0.503662109 0.145263672
vn -0.000000131 -0.000000044 -1.000000000
vt 0.497802734 0.166503906
vt 0.494384766 0.140136719
vt 0.476318359 0.131347656
vt 0.714355469 0.107421875
v 0.063476555 0.458984405 0.018554671
vt 0.684082031 0.098876953
vn -0.007853968 -0.840386152 0.541931272
vt 0.716308594 0.123779297
v 0.061523430 0.445312530 0.000976546
vt 0.665039062 0.094238281
vn -0.188253999 -0.713796854 0.674577296
v 0.041992180 0.447265655 0.002929674
vt 0.664794922 0.111328125
vn 0.070654109 -0.816446245 0.573082566
vt 0.671630859 0.136962891
v 0.032226555 0.453125030 0.020507799
vt 0.680419922 0.123535156
vn 0.157710344 -0.938376069 0.307535022
vt 0.702392578 0.146240234
vt 0.710205078 0.141357422
vt 0.728515625 0.163574219
vt 0.674804688 0.546142578
vt 0.687255859 0.546875000
v -0.424804717 0.193359375 -0.153320253
vt 0.675781250 0.565917969
vn -0.259120703 0.447571903 -0.855883121
vt 0.666503906 0.566406250
v -0.405273467 0.183593750 -0.159179628
vt 0.687255859 0.561035156
vn -0.015691843 0.313834071 -0.949348211
v -0.381835967 0.171875000 -0.161132768
vt 0.701171875 0.553466797
vn 0.212479770 0.133783609 -0.967964053
vt 0.702148438 0.526611328
vt 0.714111328 0.535156250
v -0.399414092 0.154296875 -0.165039003
vt 0.700195312 0.566894531
vn 0.283754885 0.441396654 -0.851265073
v -0.360351592 0.144531250 -0.151367143
vt 0.720703125 0.555664062
vn 0.464422852 0.448679835 -0.763542950
v -0.342773438 0.154296875 -0.141601518
vt 0.725585938 0.543945312
vn 0.322106421 0.086418800 -0.942750990
vt 0.728271484 0.526367188
v -0.422851592 0.160156250 -0.165039003
vt 0.686523438 0.580322266
vn 0.102093421 0.675388038 -0.730361581
v -0.438476592 0.166015625 -0.159179628
vt 0.674804688 0.585205078
vn -0.339594960 0.616009176 -0.710779846
v -0.334960938 0.150390625 -0.141601518
vt 0.731201172 0.543212891
vn -0.276268125 0.536749184 -0.797230482
vt 0.739746094 0.531250000
v -0.346679688 0.138671875 -0.147460893
vt 0.728759766 0.552001953
vn 0.039445851 0.781030178 -0.623246372
v -0.336914092 0.140625000 -0.157226518
vt 0.737060547 0.552734375
vn -0.527477384 0.716424406 -0.456622094
v -0.362304717 0.140625000 -0.161132768
vt 0.721923828 0.562500000
vn 0.290609717 0.942518234 -0.164940774
vt 0.753417969 0.512207031
vt 0.757568359 0.516845703
vt 0.755615234 0.530517578
vt 0.753906250 0.541015625
v -0.323242217 0.134765625 -0.176757768
vt 0.752929688 0.556396484
vn -0.637143910 0.188783303 -0.747267365
vt 0.774658203 0.556396484
v -0.329101592 0.126953125 -0.172851518
vt 0.750732422 0.561523438
vn -0.361009389 0.643538237 -0.674930274
vt 0.774414062 0.563964844
v -0.342773467 0.136718750 -0.161132768
vt 0.736083984 0.557617188
vn 0.055014081 0.903804302 -0.424395114
v -0.331054717 0.121093750 -0.182617143
vt 0.757080078 0.567626953
vn -0.086408250 0.950489879 -0.298500985
vt 0.792724609 0.591796875
v -0.338867217 0.123046875 -0.178710893
vt 0.750732422 0.567871094
vn 0.252658606 0.860618711 -0.442152768
v -0.354492217 0.138671875 -0.166992143
vt 0.731201172 0.562988281
vn 0.378046513 0.913612485 -0.149643525
v -0.348632842 0.119140625 -0.206054643
vt 0.764160156 0.587646484
vn -0.063031279 0.992741704 -0.102425762
vt 0.786376953 0.605468750
v -0.350585967 0.121093750 -0.192382768
vt 0.755371094 0.578613281
vn 0.449809939 0.789140403 -0.418244541
v -0.366210967 0.140625000 -0.196289018
vt 0.739013672 0.582275391
vn 0.620625138 0.714897394 -0.322096735
v -0.377929717 0.148437500 -0.190429643
vt 0.727294922 0.580810547
vn 0.379556328 0.925168633 -0.000000090
v -0.370117217 0.113281250 -0.237304643
vt 0.767089844 0.611816406
vn 0.102203831 0.951282620 -0.290888101
vt 0.787109375 0.614501953
v -0.374023467 0.117187500 -0.233398393
vt 0.762451172 0.609863281
vn 0.574447036 0.645269334 -0.503624916
v -0.387695342 0.136718750 -0.235351518
vt 0.748046875 0.609130859
vn 0.623595595 0.536765933 -0.568340421
v -0.383789092 0.111328125 -0.247070268
vt 0.762695312 0.623779297
vn 0.290403724 0.627900124 -0.722085238
v -0.391601592 0.101562500 -0.254882753
vt 0.762451172 0.635986328
vn 0.062929600 0.346113533 -0.936079860
vt 0.796142578 0.621093750
v -0.401367217 0.130859375 -0.250976503
vt 0.746093750 0.623291016
vn 0.346596301 0.456877083 -0.819227934
vt 0.783935547 0.640136719
v -0.391601592 0.146484375 -0.227539018
vt 0.738281250 0.604248047
vn 0.541797519 0.730248928 -0.416163504
v -0.405273467 0.146484375 -0.239257753
vt 0.735839844 0.613525391
vn 0.292236716 0.710846305 -0.639761806
v -0.407226592 0.158203125 -0.221679628
vt 0.723876953 0.603759766
vn 0.314921528 0.889653563 -0.330667734
v -0.411132842 0.162109375 -0.204101503
vt 0.712646484 0.594482422
vn 0.259120554 0.965813160 0.007852064
v -0.434570342 0.162109375 -0.223632753
vt 0.710937500 0.612548828
vn 0.039378539 0.937211275 -0.346531957
v -0.448242217 0.152343750 -0.241210878
vt 0.713134766 0.627441406
vn -0.165165111 0.739310026 -0.652795017
v -0.450195342 0.138671875 -0.250976503
vt 0.718017578 0.637207031
vn -0.196991041 0.472778171 -0.858880401
v -0.456054717 0.158203125 -0.225585878
vt 0.702392578 0.622314453
vn -0.543290257 0.787377179 -0.291329533
v -0.415039092 0.117187500 -0.258789003
vt 0.744384766 0.637939453
vn 0.118551947 0.237104118 -0.964223564
v -0.405273467 0.083984375 -0.258789003
vt 0.756103516 0.654541016
vn 0.023536701 0.149066582 -0.988547087
v -0.456054717 0.148437500 -0.239257753
vt 0.709228516 0.631347656
vn -0.620567799 0.581291258 -0.526304185
v -0.461914092 0.103515625 -0.258789003
vt 0.716796875 0.661621094
vn -0.331232905 0.197162315 -0.922719836
v -0.383789092 0.060546875 -0.264648378
vt 0.769531250 0.666992188
vn -0.133688584 0.125824392 -0.983003378
vt 0.788330078 0.657226562
vt 0.770019531 0.685058594
v -0.461914092 0.130859375 -0.249023378
vt 0.711181641 0.644287109
vn -0.585735857 0.427428722 -0.688635111
v -0.440429717 0.091796875 -0.262695253
vt 0.733154297 0.662109375
vn -0.039473135 0.094735160 -0.994719684
v -0.420898467 0.058593750 -0.264648378
vt 0.747314453 0.676269531
vn -0.031383544 0.078458481 -0.996423304
v -0.405273467 0.035156250 -0.266601503
vt 0.755126953 0.689208984
vn -0.070669375 0.023556368 -0.997221589
v -0.461914092 0.035156250 -0.260742128
vt 0.716796875 0.700439453
vn -0.275753140 -0.007878712 -0.961196303
v -0.436523467 0.000000000 -0.262695253
vt 0.732666016 0.718750000
vn -0.086579345 -0.708376050 -0.700505078
vt 0.822021484 0.731933594
vt 0.714355469 0.722900391
v -0.469726592 0.005859375 -0.256835878
vt 0.710693359 0.718750000
vn -0.458115339 -0.339637250 -0.821447968
v -0.471679717 0.093750000 -0.254882753
vt 0.708740234 0.669433594
vn -0.565755367 0.110007912 -0.817201972
v -0.477539092 0.041015625 -0.252929628
vt 0.703857422 0.699707031
vn -0.592390597 -0.000000061 -0.805651009
v -0.489257842 0.005859375 -0.239257738
vt 0.689208984 0.718017578
vn -0.734977067 -0.403051972 -0.545305371
v -0.497070342 0.000000000 -0.219726488
vt 0.669921875 0.727539062
vn -0.702160060 -0.686381221 -0.189346418
v -0.491210967 0.046875000 -0.239257738
vt 0.690185547 0.696533203
vn -0.843960047 0.007887416 -0.536348224
v -0.489257842 0.091796875 -0.237304628
vt 0.690429688 0.671386719
vn -0.865846694 0.204654604 -0.456537187
v -0.499023467 0.056640625 -0.217773363
vt 0.672851562 0.690185547
vn -0.982729971 0.039309144 -0.180822179
v -0.481445342 0.105468750 -0.243164003
vt 0.698242188 0.662109375
vn -0.785553098 0.337787718 -0.518464863
v -0.491210967 0.099609375 -0.215820253
vt 0.678710938 0.659912109
vn -0.905905128 0.401749164 -0.133916289
v -0.495117217 0.087890625 -0.217773378
vt 0.677246094 0.668701172
vn -0.963621795 0.221159041 -0.150072142
v -0.499023438 0.003906250 -0.196288988
vt 0.655273438 0.720947266
vn -0.975320280 -0.220233664 -0.015730835
v -0.499023438 0.037109390 -0.159179613
vt 0.633300781 0.690673828
vn -0.966528416 0.196448818 0.165017158
v -0.499023438 0.072265625 -0.170898363
vt 0.646484375 0.666015625
vn -0.978229523 0.031555757 0.205112770
v -0.499023438 0.003906250 -0.071288988
vt 0.577880859 0.705322266
vn -0.996883690 -0.078494824 -0.007849343
v -0.499023438 0.000000000 0.000976639
vt 0.533203125 0.700439453
vn -0.701287568 -0.654009879 0.283666998
vt 0.501953125 0.732910156
v -0.499023438 0.041015640 0.002929762
vt 0.528564453 0.667968750
v -0.499023438 0.062500015 -0.043945238
vt 0.561035156 0.654541016
vn -0.914208114 0.394055188 0.094573356
v -0.499023438 0.037109390 -0.116210863
vt 0.603759766 0.685058594
vn -0.981184721 0.172688469 -0.086344138
v -0.499023438 0.060546890 -0.084960863
vt 0.585937500 0.660888672
vn -0.949816108 0.298289329 -0.094196521
v -0.493164062 0.072265640 -0.069335863
vt 0.578369141 0.650878906
vn -0.690690279 0.722085118 -0.039243702
v -0.487304688 0.074218765 -0.043945242
vt 0.566162109 0.643310547
vn -0.543004155 0.826310813 0.149522945
v -0.463867188 0.087890640 -0.079101495
vt 0.590087891 0.629394531
vn -0.787621379 0.614344656 0.047257364
v -0.495117188 0.064453140 -0.092773363
vt 0.590087891 0.657958984
vn -0.746874809 0.605361581 -0.275164306
v -0.469726562 0.080078140 -0.102538995
vt 0.601074219 0.638427734
vn -0.742254436 0.623809457 -0.244785935
v -0.465820312 0.087890640 -0.102538995
vt 0.604248047 0.633544922
vn -0.992218256 0.118121177 0.039373867
v -0.459960938 0.097656265 -0.069335870
vt 0.590087891 0.623291016
vn -0.925839067 -0.282459408 0.251075149
v -0.467773438 0.068359390 -0.124023370
vt 0.609375000 0.649902344
vn -0.845143855 0.442318231 -0.300144434
v -0.493164062 0.044921890 -0.127929613
vt 0.608642578 0.677734375
vn -0.770770073 0.558414936 -0.306734949
v -0.491210938 0.039062515 -0.147460863
vt 0.624755859 0.683349609
vn -0.487118036 0.864241660 0.125707895
v -0.467773438 0.097656265 -0.104492120
vt 0.609619141 0.627197266
vn -0.856305599 -0.463504910 0.227824569
v -0.465820312 0.056640640 -0.143554613
vt 0.618408203 0.664062500
vn -0.878600299 0.462834030 -0.117669582
v -0.465820312 0.082031265 -0.129882738
vt 0.616699219 0.643554688
vn -0.905708313 -0.346531957 0.244147614
vt 0.601074219 0.607177734
v -0.483398438 0.119140640 -0.094726488
vt 0.616210938 0.610839844
vn -0.961942911 -0.197119489 0.189234808
vt 0.621093750 0.604492188
v -0.489257812 0.115234390 -0.118163988
vt 0.627685547 0.618408203
vn -0.976014972 -0.047226571 0.212519541
v -0.487304688 0.101562515 -0.131835878
vt 0.630859375 0.630615234
vn -0.802155495 -0.456127673 0.385349393
v -0.465820312 0.068359390 -0.149413988
vt 0.623291016 0.658203125
vn -0.833818913 -0.298916221 0.464106888
v -0.481445312 0.130859375 -0.145507753
vt 0.647216797 0.613281250
vn -0.875945926 0.481375635 -0.031565525
v -0.469726562 0.050781265 -0.153320238
vt 0.625000000 0.668457031
vn -0.661889434 0.622491241 0.417620808
v -0.491210938 0.083984390 -0.153320238
vt 0.637939453 0.649414062
vn -0.737873554 -0.368936837 0.565179884
v -0.491210938 0.109375015 -0.137695253
vt 0.636962891 0.627441406
vn -0.987687230 0.110620931 0.110621087
v -0.471679688 0.060546890 -0.157226488
vt 0.628417969 0.664794922
vn -0.511398911 -0.055073727 0.857576907
v -0.493164062 0.052734390 -0.161132738
vt 0.636230469 0.677246094
vn -0.449432284 0.315391123 0.835786581
v -0.493164062 0.068359390 -0.161132738
vt 0.640136719 0.665039062
vn -0.646049857 -0.149694502 0.748472571
v -0.497070312 0.089843765 -0.163085878
vt 0.645996094 0.650146484
vn -0.981789827 0.094251789 0.164940819
v -0.471679717 0.144531250 -0.178710878
vt 0.670166016 0.615234375
vn -0.832814753 0.549971879 -0.062853850
v -0.465820342 0.152343750 -0.163085878
vt 0.665771484 0.604003906
vn -0.645269334 0.763306439 0.031476606
v -0.456054717 0.162109375 -0.196289003
vt 0.686767578 0.608642578
vn -0.541931272 0.840386152 -0.007854043
v -0.444335967 0.166015625 -0.200195253
vt 0.693847656 0.604980469
vn -0.110417835 0.993760109 -0.015773999
v -0.448242217 0.160156250 -0.165039003
vt 0.674072266 0.593505859
vn -0.299166292 0.952608287 -0.055109568
v -0.475585938 0.140625000 -0.133789003
vt 0.643310547 0.604003906
vn -0.748008430 0.661396801 0.055116475
vt 0.627929688 0.594726562
v -0.452148467 0.160156250 -0.151367128
vt 0.664794922 0.591796875
vn -0.698087633 0.651025414 -0.298059791
v -0.461914062 0.150390625 -0.127929628
vt 0.645996094 0.595214844
vn -0.888168335 0.448014051 -0.102178551
vt 0.628173828 0.588623047
vt 0.648681641 0.585449219
v -0.428710967 0.160156250 -0.168945253
vt 0.685058594 0.585449219
vn 0.173298150 0.976771712 -0.126035139
v -0.450195342 0.177734375 -0.145507753
vt 0.664306641 0.581298828
vn -0.709189415 0.330954939 -0.622510493
vt 0.657226562 0.570556641
v -0.403320342 0.150390625 -0.172851503
vt 0.700927734 0.575439453
vn 0.338982195 0.938113689 -0.070949852
v -0.383789092 0.142578125 -0.163085893
vt 0.710937500 0.568115234
vn 0.243965834 0.763377309 -0.598110199
vt 0.001220703 0.648681641
vt 0.001220703 0.568603516
vt 0.003662109 0.694580078
vt 0.353027344 0.209960938
v 0.469726533 0.000000060 -0.270507872
vt 0.409912109 0.317138672
vn 0.236081466 -0.881370842 -0.409207880
vt 0.414794922 0.319824219
vt 0.357421875 0.499755859
v 0.491210908 0.005859405 -0.258789122
vt 0.415283203 0.317871094
vn 0.747915506 -0.370021403 -0.551095784
vt 0.417236328 0.320556641
v 0.446289033 0.001953185 -0.280273497
vt 0.409912109 0.311523438
vn 0.071038045 -0.639343143 -0.765633166
v 0.471679658 0.007812530 -0.276367247
vt 0.412353516 0.314941406
vn 0.431987435 -0.306318432 -0.848266482
vt 0.425537109 0.314941406
vt 0.433349609 0.317626953
v 0.485351533 0.041015655 -0.266601622
vt 0.419921875 0.312744141
vn 0.737600863 0.023540458 -0.674826503
v 0.463867158 0.037109405 -0.280273497
vt 0.416259766 0.309814453
vn 0.306763351 -0.007865759 -0.951753378
v 0.487304658 0.095703155 -0.256835997
vt 0.431884766 0.307617188
vn 0.879033089 0.259000838 -0.400274128
vt 0.441162109 0.313232422
v 0.477539033 0.099609405 -0.270507872
vt 0.427978516 0.305908203
vn 0.715360999 0.204388902 -0.668194532
v 0.456054658 0.148437530 -0.260742247
vt 0.435791016 0.297119141
vn 0.605754793 0.574287117 -0.550686300
v 0.461914033 0.128906280 -0.272460997
vt 0.431396484 0.300781250
vn 0.564831734 0.400089234 -0.721729696
v 0.450195283 0.138671905 -0.272460997
vt 0.431884766 0.297851562
vn 0.165905431 0.466115624 -0.869029224
v 0.463867158 0.097656280 -0.280273497
vt 0.425781250 0.303955078
vn 0.323749125 0.110548496 -0.939662457
v 0.415039033 0.117187530 -0.278320372
vt 0.423828125 0.294921875
vn -0.141500115 0.212249950 -0.966916621
v 0.434570283 0.089843780 -0.282226622
vt 0.420410156 0.300537109
vn -0.039262038 0.062819004 -0.997252405
v 0.432617158 0.062500030 -0.282226622
vt 0.415771484 0.303710938
vn -0.007870002 0.031479433 -0.999473393
v 0.401367158 0.091796905 -0.276367247
vt 0.417724609 0.294921875
vn -0.047283825 0.165492862 -0.985076845
v 0.416992158 0.068359405 -0.280273497
vt 0.415039062 0.299804688
vn -0.039501455 0.086902864 -0.995433331
v 0.420898408 0.035156280 -0.284179747
vt 0.411376953 0.304443359
vn 0.023612402 -0.015741730 -0.999597251
v 0.366210908 0.087890655 -0.282226622
vt 0.413085938 0.289550781
vn 0.102109149 0.267055035 -0.958256423
v 0.391601533 0.039062530 -0.284179747
vt 0.408447266 0.298339844
vn 0.023603633 -0.031471729 -0.999225974
v 0.364257783 0.068359405 -0.286132872
vt 0.408691406 0.290039062
vn 0.054951288 0.054951381 -0.996975780
v 0.291992158 0.001953155 -0.280273467
vt 0.395507812 0.283203125
vn -0.007870945 -0.425025642 -0.905147076
v 0.334960908 0.080078155 -0.286132842
vt 0.408203125 0.284179688
vn -0.000000136 0.141421303 -0.989949524
v 0.288085908 0.091796905 -0.280273467
vt 0.406250000 0.274414062
vn -0.117724165 0.290385902 -0.949640512
v 0.290039033 0.068359405 -0.286132842
vt 0.402587891 0.276611328
vn -0.141780764 0.102397077 -0.984587789
v 0.278320283 0.039062530 -0.284179717
vt 0.398193359 0.277099609
vn -0.055329613 -0.071137950 -0.995930731
v 0.262695283 0.029296905 -0.282226592
vt 0.395507812 0.273437500
vn -0.078487657 -0.015697550 -0.996791542
vt 0.899658203 0.886962891
vt 0.714355469 0.886962891
vt 0.784912109 0.884521484
vt 0.397460938 0.986816406
vt 0.217285156 0.986816406
vt 0.403808594 0.980224609
vt 0.141113281 0.939697266
vt 0.330810547 0.939697266
vt 0.330322266 0.975830078
vt 0.009277344 0.134521484
vt 0.032958984 0.119384766
v -0.458007812 0.087890640 -0.055663995
vt 0.023193359 0.137939453
vn -0.605773628 0.723781466 0.330422014
vt 0.013427734 0.141113281
vt 0.019287109 0.162597656
vt 0.002197266 0.156005859
v -0.450195312 0.095703140 -0.049804620
vt 0.024658203 0.147216797
vn -0.794955194 -0.236125335 0.558830023
vt 0.038818359 0.165039062
v -0.434570312 0.091796890 -0.030273372
vt 0.038574219 0.154052734
vn -0.876792490 0.118485466 0.466042995
v -0.442382812 0.085937515 -0.036132745
vt 0.035888672 0.147460938
vn -0.559593141 0.701461852 0.441369265
v -0.430664062 0.091796890 -0.020507749
vt 0.043457031 0.156250000
vn -0.985934496 0.157749474 -0.055212211
vt 0.046630859 0.163085938
v -0.483398438 0.070312515 -0.016601492
vt 0.050537109 0.122558594
vn -0.535649002 0.834982336 0.126035109
v -0.440429688 0.082031265 -0.018554622
vt 0.047119141 0.149169922
vn -0.526906133 0.849341154 -0.031457044
v -0.438476562 0.087890640 -0.010742122
vt 0.051757812 0.153564453
vn -0.786038339 0.408739835 -0.463762522
vt 0.063720703 0.168457031
v -0.493164062 0.056640640 -0.006835864
vt 0.059082031 0.113037109
vn -0.867757320 0.496988267 0.000000092
vt 0.037597656 0.111816406
vt 0.061523438 0.099609375
v -0.483398438 0.070312515 -0.002929616
vt 0.060302734 0.124267578
vn -0.553744853 0.806885302 -0.205676585
v -0.450195312 0.083984390 0.000976629
vt 0.059814453 0.147705078
vn -0.505901277 0.774661303 -0.379425913
vt 0.083007812 0.125976562
vt 0.084228516 0.119628906
v -0.459960938 0.089843765 0.022461005
vt 0.074218750 0.148925781
vn -0.654416263 0.583455443 -0.480956435
vt 0.096923828 0.148681641
vt 0.084960938 0.159667969
vt 0.069091797 0.173583984
vt 0.099609375 0.179443359
v -0.499023438 0.054687515 0.022461012
vt 0.076904297 0.110107422
vn -0.984587789 -0.141780674 0.102397263
vt 0.085937500 0.114990234
vt 0.089599609 0.113281250
v -0.499023438 0.029296890 0.006836013
vt 0.067626953 0.095214844
vn -0.939311028 -0.134187326 0.315734953
vt 0.073486328 0.080078125
v -0.477539062 0.015625015 0.024414137
vt 0.084228516 0.086181641
vn -0.714831114 -0.432040870 0.549870253
vt 0.092529297 0.081054688
vt 0.093261719 0.075195312
v -0.469726562 0.005859390 0.024414135
vt 0.087158203 0.074951172
vn -0.574002922 -0.542550802 0.613318384
vt 0.098632812 0.062500000
vt 0.813476562 0.942626953
vt 0.796386719 0.895263672
vt 0.985839844 0.899169922
vt 0.558105469 0.931152344
vt 0.508544922 0.889160156
vt 0.709472656 0.886718750
vt 0.008544922 0.570800781
vt 0.008544922 0.693359375
vt 0.008300781 0.682373047
vt 0.997802734 0.269531250
vt 0.997802734 0.316162109
vt 0.987304688 0.303710938
vt 0.241210938 0.049560547
vt 0.248046875 0.026123047
v -0.426757812 0.164062500 0.063476630
vt 0.271484375 0.052001953
vn -0.606280506 0.779503405 -0.157475382
vt 0.254394531 0.062500000
v -0.446289062 0.150390625 0.069336005
vt 0.267333984 0.034423828
vn -0.613945007 0.779237807 -0.125937372
vt 0.255615234 0.004638672
v -0.411132812 0.177734390 0.059570368
vt 0.275390625 0.068847656
vn -0.777577639 0.628345490 0.023563033
vt 0.263427734 0.086669922
vt 0.301269531 0.019287109
v -0.415039062 0.169921890 0.077148490
vt 0.287353516 0.053710938
vn -0.496247619 0.850710213 0.173292860
v -0.409179688 0.175781265 0.069335990
vt 0.283691406 0.064941406
vn -0.535101414 0.763306439 0.361980408
v -0.391601562 0.199218765 0.059570368
vt 0.279052734 0.091796875
vn -0.503671646 0.747637570 0.432842851
vt 0.261718750 0.096435547
vt 0.283447266 0.113769531
v -0.383789062 0.201171890 0.061523493
vt 0.283691406 0.095458984
vn -0.126074120 0.717046976 0.685528278
v -0.399414062 0.175781265 0.077148490
vt 0.293701172 0.065917969
vn -0.307803094 0.891839743 0.331480265
v -0.368164062 0.207031265 0.055664115
vt 0.290283203 0.110107422
vn 0.047349956 0.710248530 0.702356756
v -0.383789033 0.181640655 0.098632865
vt 0.315673828 0.061767578
vn -0.197137877 0.977803648 -0.070969641
v -0.385742188 0.175781265 0.077148490
vt 0.300781250 0.074462891
vn 0.047140457 0.942809105 0.329983145
v -0.358398438 0.179687515 0.067382857
vt 0.309814453 0.095947266
vn -0.150030091 0.718565464 0.679083765
v -0.354492188 0.208984390 0.051757861
vt 0.298095703 0.119873047
vn -0.070793703 0.747267485 0.660741687
vt 0.301025391 0.129638672
vt 0.283447266 0.129394531
v -0.344726562 0.207031265 0.057617236
vt 0.307861328 0.121826172
vn -0.504187107 0.622355998 0.598722339
v -0.364257812 0.175781265 0.075195357
vt 0.311523438 0.087402344
vn -0.047088195 0.988851488 0.141264439
v -0.336914062 0.181640640 0.081054732
vt 0.329589844 0.102783203
vn -0.543105066 0.724140108 0.425038785
v -0.329101562 0.214843765 0.069335982
vt 0.323730469 0.129882812
vn -0.615031779 0.630801857 0.473101467
v -0.321289062 0.222656265 0.063476607
vt 0.325195312 0.140136719
vn -0.141312405 0.989186585 0.039253410
v -0.338867158 0.179687530 0.090820357
vt 0.334716797 0.096191406
vn -0.173287496 0.984587789 0.023630086
v -0.362304658 0.183593780 0.108398482
vt 0.333251953 0.071289062
vn 0.031445354 0.990530550 -0.133643046
v -0.325195283 0.183593780 0.100585982
vt 0.347656250 0.101318359
vn -0.614173234 0.716535449 0.330708712
v -0.331054658 0.179687530 0.112304732
vt 0.352539062 0.091308594
vn -0.000000021 0.986179948 0.165678173
v -0.362304658 0.185546905 0.127929732
vt 0.345214844 0.061767578
vn 0.031445388 0.990530550 0.133642957
v -0.317382812 0.210937515 0.088867232
vt 0.342285156 0.125000000
vn -0.604260802 0.612108409 0.510090411
v -0.307617188 0.216796890 0.088867225
vt 0.347656250 0.134277344
vn -0.205406874 0.876929462 0.434514612
v -0.311523408 0.197265640 0.110351600
vt 0.359863281 0.115478516
vn -0.463805467 0.668194354 0.581722260
v -0.319335908 0.177734405 0.124023482
vt 0.366943359 0.095947266
vn -0.379047126 0.821268797 0.426428080
v -0.325195283 0.171875030 0.137695357
vt 0.372314453 0.082519531
vn 0.055307023 0.971823633 0.229129091
v -0.352539033 0.173828155 0.157226607
vt 0.370117188 0.054199219
vn -0.109946884 0.887428582 0.447640926
v -0.313476533 0.169921905 0.147460982
vt 0.384521484 0.085205078
vn 0.031401731 0.997006595 -0.070654057
v -0.313476533 0.173828155 0.133789107
vt 0.376220703 0.095214844
vn 0.110277288 0.874341130 0.472616822
v -0.307617158 0.189453155 0.120117225
vt 0.368408203 0.111816406
vn -0.102636129 0.671082854 0.734243572
v -0.297851533 0.167968780 0.135742232
vt 0.388183594 0.100830078
v -0.288085938 0.212890655 0.098632850
vt 0.364990234 0.142089844
vn -0.188783318 0.747267485 0.637143791
v -0.291992188 0.216796905 0.086914100
vt 0.355957031 0.146972656
vn -0.243221447 0.957194030 0.156917036
v -0.282226533 0.199218780 0.112304725
vt 0.378417969 0.133056641
vn -0.196673587 0.605754972 0.770960748
v -0.286132783 0.179687530 0.124023475
vt 0.387451172 0.117187500
vn -0.086867616 0.655456185 0.750220835
v -0.274414033 0.181640655 0.125976592
vt 0.395019531 0.123046875
vn -0.395903736 0.657200336 0.641364217
v -0.282226562 0.222656280 0.090820350
vt 0.363525391 0.153564453
vn -0.582821727 0.677333295 0.448930293
v -0.293945312 0.210937530 0.055664103
vt 0.333740234 0.161132812
vn -0.109855518 0.988699138 -0.102008671
v -0.264648408 0.203125030 0.118164100
vt 0.391601562 0.141357422
vn -0.489541411 0.505333185 0.710624814
v -0.297851562 0.210937530 0.045898478
vt 0.325683594 0.162841797
v -0.286132812 0.214843780 0.047851600
vt 0.333007812 0.170166016
vn -0.676557422 0.700158298 0.228141516
v -0.323242188 0.218750015 0.051757853
vt 0.315917969 0.143310547
vn 0.007844335 0.980550528 -0.196110144
vt 0.292480469 0.145751953
vt 0.299072266 0.163818359
vt 0.316162109 0.180175781
v -0.278320312 0.242187515 0.036132850
vt 0.334228516 0.189941406
vn -0.691222548 0.000000001 0.722641945
vt 0.311767578 0.188476562
vt 0.315429688 0.213867188
vt 0.308593750 0.239257812
vt 0.333984375 0.241699219
vt 0.341796875 0.220458984
vt 0.353027344 0.196044922
v -0.274414062 0.238281265 0.047851600
vt 0.344238281 0.184326172
vn -0.842284739 0.472309172 0.259770125
v -0.286132812 0.220703155 0.077148475
vt 0.352783203 0.157958984
vn -0.770412743 0.636769593 -0.031445339
v -0.262695312 0.248046890 0.057617221
vt 0.356445312 0.189697266
vn -0.677606583 0.520023704 0.520023763
vt 0.373779297 0.191650391
v -0.278320312 0.234375015 0.075195350
vt 0.358398438 0.168701172
vn -0.716313481 0.684827089 0.133816868
v -0.272460938 0.234375030 0.086914100
vt 0.367431641 0.166503906
vn -0.479928315 0.763164759 0.432722300
vt 0.385986328 0.171386719
vt 0.384765625 0.193359375
v -0.262695283 0.222656280 0.106445350
vt 0.383300781 0.158691406
vn -0.486982703 0.581237495 0.651928604
vt 0.398437500 0.158935547
vt 0.397216797 0.184570312
v -0.256835908 0.185546905 0.139648467
vt 0.413330078 0.125732422
vn -0.354220867 0.669083953 0.653340876
vt 0.409912109 0.161865234
vt 0.424316406 0.123779297
v -0.258789033 0.175781280 0.155273467
vt 0.421386719 0.112060547
vn 0.102203913 0.951282620 0.290888041
vt 0.437988281 0.123779297
vt 0.435302734 0.114257812
v -0.276367158 0.171875030 0.141601592
vt 0.403320312 0.109619141
vn -0.298510194 0.942663670 0.149255082
v -0.254882783 0.171875030 0.166992217
vt 0.430664062 0.104736328
vn 0.338782281 0.835137725 0.433326095
vt 0.446044922 0.107421875
v -0.270507783 0.177734405 0.159179717
vt 0.416992188 0.102294922
vn 0.078458481 0.996423304 -0.031383466
v -0.284179658 0.171875030 0.147460982
vt 0.402099609 0.101806641
vn -0.118504040 0.955932021 -0.268608987
v -0.309570283 0.177734405 0.168945357
vt 0.400390625 0.074707031
v -0.297851533 0.177734405 0.176757857
vt 0.410888672 0.076904297
vn 0.110181600 0.928673387 0.354155093
v -0.313476533 0.160156280 0.202148482
vt 0.420654297 0.049560547
vn 0.007885583 0.662383139 0.749123752
vt 0.477050781 0.095703125
v -0.315429658 0.175781280 0.182617232
vt 0.405517578 0.063720703
vn -0.181689069 0.900545895 0.394976288
vt 0.445800781 0.043701172
vt 0.481689453 0.063720703
vt 0.469482422 0.038574219
vt 0.433837891 0.032470703
vt 0.411865234 0.043457031
v -0.327148408 0.173828155 0.163085982
vt 0.386962891 0.067871094
vn -0.125910163 0.991542220 -0.031477559
v -0.336914033 0.167968780 0.174804732
vt 0.389404297 0.054931641
vn -0.408739865 0.786038280 0.463762611
vt 0.391357422 0.041259766
vt 0.411132812 0.021972656
v -0.381835908 0.167968780 0.149414107
vt 0.350097656 0.035888672
vn -0.622781277 0.512415051 0.591248214
vt 0.366943359 0.001220703
v -0.391601533 0.136718780 0.151367232
vt 0.346191406 0.010498047
vn -0.417296916 0.559020519 0.716491103
v -0.374023408 0.181640655 0.137695357
vt 0.344238281 0.049560547
vn -0.362384528 0.858693779 0.362384558
v -0.393554658 0.166015655 0.127929732
vt 0.330322266 0.033935547
vn -0.716424406 0.527477264 0.456622243
v -0.387695283 0.177734405 0.118164115
vt 0.323242188 0.044677734
vn -0.525332749 0.815441847 0.243064448
v -0.405273408 0.167968780 0.110351622
vt 0.314697266 0.032714844
vn -0.457786858 0.094714560 0.884002507
v -0.401367158 0.148437530 0.131835997
vt 0.328613281 0.018554688
vn -0.534621537 0.605380356 0.589656234
vt 0.328857422 0.012207031
vt 0.312011719 0.015136719
vt 0.302734375 0.003662109
vt 0.312744141 0.002197266
vt 0.572509766 0.045898438
vt 0.538574219 0.062500000
vt 0.525390625 0.051269531
vt 0.502685547 0.113769531
vt 0.510742188 0.042480469
vt 0.502441406 0.002197266
vt 0.995605469 0.542480469
vt 0.994384766 0.549316406
vt 0.994384766 0.538574219
vt 0.998779297 0.533935547
vt 0.995117188 0.522705078
vt 0.999023438 0.523437500
vt 0.171630859 0.654785156
vt 0.159423828 0.634765625
vt 0.177734375 0.649902344
v -0.397460908 0.132812530 0.155273482
vt 0.166015625 0.633544922
vn 0.236639053 0.820348561 0.520605683
vt 0.207519531 0.649414062
v -0.420898408 0.123046905 0.196289122
vt 0.202636719 0.628173828
vn -0.290888011 0.699703753 0.652532637
vt 0.216796875 0.639648438
vt 0.935546875 0.940429688
vt 0.916015625 0.986816406
vt 0.761230469 0.981445312
vt 0.940917969 0.932617188
vt 0.938476562 0.917480469
v -0.122070305 0.277343780 0.036132827
vt 0.262695312 0.413330078
vn 0.881425381 0.464322299 0.086568423
v -0.125976562 0.287109405 0.030273452
vt 0.257324219 0.406494141
vn 0.903441787 -0.102128141 0.416368693
v -0.137695312 0.294921905 0.061523456
vt 0.271240234 0.397216797
vn 0.985903800 0.023661740 0.165631697
f 1/1/1 2/2/2 3/3/3
f 2/2/2 1/1/1 4/4/4
f 2/2/2 4/4/4 5/5/5
f 2/2/2 5/5/5 3/3/3
f 4/4/4 1/1/1 6/6/6
f 4/4/4 6/6/6 7/7/7
f 7/7/7 6/6/6 8/8/8
f 6/6/6 1/1/1 9/9/9
f 9/9/9 1/1/1 3/3/3
f 8/8/8 6/6/6 10/10/10
f 6/6/6 9/9/9 11/11/11
f 6/6/6 11/11/11 10/10/10
f 8/8/8 10/10/10 12/12/12
f 8/8/8 12/12/12 13/13/13
f 13/13/13 12/12/12 14/14/14
f 14/14/14 12/12/12 15/15/15
f 12/12/12 10/10/10 16/16/16
f 16/16/16 10/10/10 11/11/11
f 15/15/15 12/12/12 17/17/17
f 12/12/12 16/16/16 18/18/18
f 12/12/12 18/18/18 17/17/17
f 16/16/16 11/11/11 19/19/19
f 16/16/16 19/19/19 18/18/18
f 19/19/19 11/11/11 20/20/20
f 20/20/20 11/11/11 21/21/21
f 21/21/21 11/11/11 9/9/9
f 19/19/19 20/20/20 22/22/22
f 22/22/22 20/20/20 21/21/21
f 18/18/18 19/19/19 23/23/23
f 23/23/23 19/19/19 22/22/22
f 24/24/24 17/17/17 18/18/18
f 24/24/24 18/18/18 23/23/23
f 25/25/25 15/15/15 17/17/17
f 25/25/25 17/17/17 24/24/24
f 15/15/15 25/25/25 26/26/26
f 26/26/26 25/25/25 27/27/27
f 27/27/27 25/25/25 28/28/28
f 28/28/28 25/25/25 24/24/24
f 28/28/28 24/24/24 29/29/29
f 28/28/28 29/29/29 30/30/30
f 31/31/31 24/24/24 23/23/23
f 24/24/24 31/31/31 29/29/29
f 30/30/30 29/29/29 32/32/32
f 30/30/30 32/32/32 33/33/33
f 33/33/33 32/32/32 34/34/34
f 34/34/34 32/32/32 35/35/35
f 34/34/34 35/35/35 36/36/36
f 36/36/36 35/35/35 37/37/37
f 37/37/37 35/35/35 32/32/32
f 32/32/32 29/29/29 38/38/38
f 32/32/32 38/38/38 37/37/37
f 38/38/38 29/29/29 31/31/31
f 37/37/37 38/38/38 39/39/39
f 37/37/37 39/39/39 40/40/40
f 40/40/40 39/39/39 41/41/41
f 39/39/39 38/38/38 42/42/42
f 42/42/42 38/38/38 31/31/31
f 41/41/41 39/39/39 43/43/43
f 43/43/43 39/39/39 42/42/42
f 41/41/41 43/43/43 44/44/44
f 44/44/44 43/43/43 42/42/42
f 41/41/41 44/44/44 45/45/45
f 45/45/45 44/44/44 46/46/46
f 46/46/46 44/44/44 47/47/47
f 47/47/47 44/44/44 42/42/42
f 46/46/46 47/47/47 48/48/48
f 49/49/49 42/42/42 31/31/31
f 47/47/47 42/42/42 50/50/50
f 50/50/50 42/42/42 49/49/49
f 49/49/49 31/31/31 51/51/51
f 51/51/51 31/31/31 23/23/23
f 51/51/51 23/23/23 22/22/22
f 51/51/51 22/22/22 49/49/49
f 47/47/47 50/50/50 52/52/52
f 47/47/47 52/52/52 53/53/53
f 50/50/50 49/49/49 54/54/54
f 54/54/54 49/49/49 22/22/22
f 52/52/52 50/50/50 55/55/55
f 55/55/55 50/50/50 54/54/54
f 54/54/54 22/22/22 56/56/56
f 54/54/54 56/56/56 55/55/55
f 56/56/56 22/22/22 21/21/21
f 57/57/57 53/53/53 52/52/52
f 53/53/53 57/57/57 58/58/58
f 58/58/58 57/57/57 59/59/59
f 57/57/57 52/52/52 60/60/60
f 60/60/60 52/52/52 55/55/55
f 59/59/59 57/57/57 61/61/61
f 61/61/61 57/57/57 60/60/60
f 59/59/59 61/61/61 62/62/62
f 59/59/59 62/62/62 63/63/63
f 61/61/61 60/60/60 64/64/64
f 61/61/61 64/64/64 62/62/62
f 60/60/60 55/55/55 65/65/65
f 60/60/60 65/65/65 64/64/64
f 65/65/65 55/55/55 66/66/66
f 65/65/65 66/66/66 64/64/64
f 66/66/66 55/55/55 56/56/56
f 67/67/67 63/63/63 62/62/62
f 67/67/67 62/62/62 64/64/64
f 63/63/63 67/67/67 68/68/68
f 67/67/67 64/64/64 69/69/69
f 69/69/69 64/64/64 66/66/66
f 68/68/68 67/67/67 70/70/70
f 70/70/70 67/67/67 69/69/69
f 68/68/68 70/70/70 71/71/71
f 70/70/70 69/69/69 72/72/72
f 72/72/72 69/69/69 66/66/66
f 71/71/71 70/70/70 73/73/73
f 73/73/73 70/70/70 72/72/72
f 71/71/71 73/73/73 74/74/74
f 71/71/71 74/74/74 75/75/75
f 73/73/73 72/72/72 76/76/76
f 73/73/73 76/76/76 74/74/74
f 72/72/72 66/66/66 77/77/77
f 72/72/72 77/77/77 76/76/76
f 74/74/74 76/76/76 5/5/5
f 74/74/74 5/5/5 78/78/78
f 5/5/5 76/76/76 3/3/3
f 76/76/76 77/77/77 79/79/79
f 76/76/76 79/79/79 3/3/3
f 79/79/79 77/77/77 80/80/80
f 79/79/79 80/80/80 3/3/3
f 80/80/80 77/77/77 66/66/66
f 3/3/3 80/80/80 81/81/81
f 3/3/3 81/81/81 9/9/9
f 9/9/9 81/81/81 21/21/21
f 81/81/81 80/80/80 82/82/82
f 81/81/81 82/82/82 21/21/21
f 82/82/82 80/80/80 66/66/66
f 21/21/21 82/82/82 56/56/56
f 56/56/56 82/82/82 66/66/66
f 4/83/4 7/84/7 8/85/8
f 4/83/4 8/85/8 83/86/83
f 4/83/4 83/86/83 5/87/5
f 83/86/83 8/85/8 13/88/13
f 5/87/5 83/86/83 78/89/78
f 83/86/83 13/88/13 84/90/84
f 84/90/84 13/88/13 14/91/14
f 83/86/83 84/90/84 85/92/85
f 83/86/83 85/92/85 78/89/78
f 84/90/84 14/91/14 86/93/86
f 84/90/84 86/93/86 85/92/85
f 86/93/86 14/91/14 15/94/15
f 86/93/86 15/94/15 87/95/87
f 85/92/85 86/93/86 88/96/88
f 88/96/88 86/93/86 87/95/87
f 87/95/87 15/94/15 89/97/89
f 89/97/89 15/94/15 26/98/26
f 88/96/88 87/95/87 90/99/90
f 89/97/89 26/98/26 91/100/91
f 87/95/87 89/97/89 92/101/92
f 87/95/87 92/101/92 90/99/90
f 92/101/92 89/97/89 91/100/91
f 91/100/91 26/98/26 27/102/27
f 88/96/88 90/99/90 93/103/93
f 88/96/88 93/103/93 85/92/85
f 93/103/93 90/99/90 92/101/92
f 91/100/91 27/102/27 94/104/94
f 92/101/92 91/100/91 95/105/95
f 95/105/95 91/100/91 94/104/94
f 93/103/93 92/101/92 96/106/96
f 92/101/92 95/105/95 97/107/97
f 92/101/92 97/107/97 96/106/96
f 93/103/93 96/106/96 98/108/98
f 98/108/98 96/106/96 97/107/97
f 97/107/97 95/105/95 99/109/99
f 99/109/99 95/105/95 94/104/94
f 97/107/97 99/109/99 100/110/100
f 97/107/97 100/110/100 98/108/98
f 100/110/100 99/109/99 101/111/101
f 100/110/100 101/111/101 102/112/102
f 98/108/98 100/110/100 103/113/103
f 101/111/101 99/109/99 104/114/104
f 104/114/104 99/109/99 94/104/94
f 101/111/101 104/114/104 105/115/105
f 98/108/98 103/113/103 106/116/106
f 105/115/105 104/114/104 107/117/107
f 107/117/107 104/114/104 94/104/94
f 106/116/106 103/113/103 108/118/108
f 98/108/98 106/116/106 109/119/109
f 98/108/98 109/119/109 93/103/93
f 106/116/106 108/118/108 110/120/110
f 106/116/106 110/120/110 109/119/109
f 93/103/93 109/119/109 111/121/111
f 111/121/111 109/119/109 110/120/110
f 93/103/93 111/121/111 85/92/85
f 85/92/85 111/121/111 112/122/112
f 85/92/85 112/122/112 78/89/78
f 111/121/111 110/120/110 113/123/113
f 111/121/111 113/123/113 112/122/112
f 114/124/114 110/120/110 108/118/108
f 110/120/110 114/124/114 113/123/113
f 114/124/114 108/118/108 115/125/115
f 115/125/115 108/118/108 116/126/116
f 114/124/114 115/125/115 117/127/117
f 114/124/114 117/127/117 113/123/113
f 117/127/117 115/125/115 118/128/118
f 113/123/113 117/127/117 119/129/119
f 113/123/113 119/129/119 120/130/120
f 113/123/113 120/130/120 112/122/112
f 112/122/112 120/130/120 121/131/121
f 112/122/112 121/131/121 78/89/78
f 121/131/121 120/130/120 122/132/122
f 78/89/78 121/131/121 123/133/123
f 78/89/78 123/133/123 74/134/74
f 121/131/121 122/132/122 124/135/124
f 121/131/121 124/135/124 123/133/123
f 124/135/124 122/132/122 125/136/125
f 124/135/124 125/136/125 126/137/126
f 124/135/124 126/137/126 127/138/127
f 74/134/74 123/133/123 128/139/128
f 128/139/128 123/133/123 124/135/124
f 128/139/128 124/135/124 127/138/127
f 74/134/74 128/139/128 75/140/75
f 75/140/75 128/139/128 127/138/127
f 63/141/63 68/142/68 129/143/129
f 63/141/63 129/143/129 59/144/59
f 130/145/130 129/143/129 131/146/131
f 129/143/129 130/145/130 132/147/132
f 59/144/59 129/143/129 133/148/133
f 59/144/59 133/148/133 134/149/134
f 59/144/59 134/149/134 58/150/58
f 58/150/58 134/149/134 135/151/135
f 58/150/58 135/151/135 53/152/53
f 134/149/134 133/148/133 136/153/136
f 134/149/134 136/153/136 135/151/135
f 133/148/133 129/143/129 137/154/137
f 133/148/133 137/154/137 136/153/136
f 137/154/137 129/143/129 138/155/138
f 136/153/136 137/154/137 139/156/139
f 139/156/139 137/154/137 138/155/138
f 135/151/135 136/153/136 140/157/140
f 140/157/140 136/153/136 139/156/139
f 141/158/141 53/152/53 135/151/135
f 138/155/138 129/143/129 142/159/142
f 142/159/142 129/143/129 132/147/132
f 139/156/139 138/155/138 143/160/143
f 143/160/143 138/155/138 142/159/142
f 142/159/142 132/147/132 144/161/144
f 144/161/144 132/147/132 145/162/145
f 143/160/143 142/159/142 146/163/146
f 146/163/146 142/159/142 144/161/144
f 144/161/144 145/162/145 147/164/147
f 144/161/144 147/164/147 146/163/146
f 139/156/139 143/160/143 148/165/148
f 139/156/139 148/165/148 140/157/140
f 143/160/143 146/163/146 149/166/149
f 143/160/143 149/166/149 148/165/148
f 140/157/140 148/165/148 150/167/150
f 150/167/150 148/165/148 149/166/149
f 140/157/140 150/167/150 151/168/151
f 140/157/140 151/168/151 135/151/135
f 135/151/135 151/168/151 141/158/141
f 151/168/151 150/167/150 152/169/152
f 151/168/151 152/169/152 141/158/141
f 152/169/152 150/167/150 153/170/153
f 153/170/153 150/167/150 149/166/149
f 152/169/152 153/170/153 154/171/154
f 141/158/141 152/169/152 155/172/155
f 155/172/155 152/169/152 154/171/154
f 141/158/141 155/172/155 156/173/156
f 141/158/141 156/173/156 53/152/53
f 155/172/155 154/171/154 157/174/157
f 154/171/154 153/170/153 158/175/158
f 156/173/156 155/172/155 159/176/159
f 159/176/159 155/172/155 157/174/157
f 157/174/157 154/171/154 160/177/160
f 157/174/157 160/177/160 159/176/159
f 154/171/154 158/175/158 161/178/161
f 154/171/154 161/178/161 160/177/160
f 158/175/158 153/170/153 162/179/162
f 158/175/158 162/179/162 161/178/161
f 162/179/162 153/170/153 149/166/149
f 163/180/163 156/173/156 159/176/159
f 156/173/156 163/180/163 48/181/48
f 48/181/48 163/180/163 164/182/164
f 164/182/164 163/180/163 159/176/159
f 165/183/165 159/176/159 160/177/160
f 165/183/165 160/177/160 161/178/161
f 164/182/164 159/176/159 166/184/166
f 166/184/166 159/176/159 165/183/165
f 164/182/164 166/184/166 167/185/167
f 166/184/166 165/183/165 168/186/168
f 166/184/166 168/186/168 167/185/167
f 165/183/165 161/178/161 169/187/169
f 165/183/165 169/187/169 168/186/168
f 164/182/164 167/185/167 170/188/170
f 164/182/164 170/188/170 171/189/171
f 170/188/170 167/185/167 172/190/172
f 172/190/172 167/185/167 168/186/168
f 171/189/171 170/188/170 173/191/173
f 173/191/173 170/188/170 172/190/172
f 171/189/171 173/191/173 174/192/174
f 173/191/173 172/190/172 175/193/175
f 174/192/174 173/191/173 176/194/176
f 176/194/176 173/191/173 175/193/175
f 175/193/175 172/190/172 177/195/177
f 175/193/175 177/195/177 176/194/176
f 178/196/178 172/190/172 168/186/168
f 172/190/172 178/196/178 177/195/177
f 174/192/174 176/194/176 179/197/179
f 177/195/177 178/196/178 180/198/180
f 177/195/177 180/198/180 176/194/176
f 178/196/178 168/186/168 181/199/181
f 180/198/180 178/196/178 182/200/182
f 182/200/182 178/196/178 181/199/181
f 181/199/181 168/186/168 183/201/183
f 183/201/183 168/186/168 169/187/169
f 181/199/181 183/201/183 184/202/184
f 181/199/181 184/202/184 182/200/182
f 183/201/183 169/187/169 185/203/185
f 186/204/186 176/194/176 180/198/180
f 187/205/187 180/198/180 182/200/182
f 180/198/180 187/205/187 186/204/186
f 176/194/176 186/204/186 188/206/188
f 176/194/176 188/206/188 179/197/179
f 186/204/186 187/205/187 189/207/189
f 186/204/186 189/207/189 188/206/188
f 188/206/188 189/207/189 190/208/190
f 188/206/188 190/208/190 191/209/191
f 188/206/188 191/209/191 179/197/179
f 179/197/179 191/209/191 192/210/192
f 179/197/179 192/210/192 193/211/193
f 193/211/193 192/210/192 194/212/194
f 195/213/195 189/207/189 187/205/187
f 189/207/189 195/213/195 196/214/196
f 196/214/196 195/213/195 197/215/197
f 195/213/195 187/205/187 198/216/198
f 195/213/195 198/216/198 197/215/197
f 198/216/198 187/205/187 182/200/182
f 198/216/198 182/200/182 199/217/199
f 199/217/199 182/200/182 184/202/184
f 198/216/198 199/217/199 200/218/200
f 200/218/200 199/217/199 184/202/184
f 197/215/197 198/216/198 201/219/201
f 201/219/201 198/216/198 200/218/200
f 197/215/197 201/219/201 202/220/202
f 197/215/197 202/220/202 203/221/203
f 201/219/201 200/218/200 204/222/204
f 201/219/201 204/222/204 202/220/202
f 197/215/197 203/221/203 205/223/205
f 197/215/197 205/223/205 206/224/206
f 203/221/203 202/220/202 207/225/207
f 207/225/207 202/220/202 204/222/204
f 203/221/203 207/225/207 205/223/205
f 204/222/204 200/218/200 208/226/208
f 204/222/204 208/226/208 209/227/209
f 204/222/204 209/227/209 207/225/207
f 208/226/208 200/218/200 210/228/210
f 210/228/210 200/218/200 184/202/184
f 209/227/209 208/226/208 211/229/211
f 211/229/211 208/226/208 210/228/210
f 212/230/212 205/223/205 207/225/207
f 205/223/205 212/230/212 213/231/213
f 213/231/213 212/230/212 214/232/214
f 212/230/212 207/225/207 215/233/215
f 212/230/212 215/233/215 214/232/214
f 215/233/215 207/225/207 216/234/216
f 215/233/215 216/234/216 214/232/214
f 216/234/216 207/225/207 209/227/209
f 214/232/214 216/234/216 217/235/217
f 217/235/217 216/234/216 218/236/218
f 218/236/218 216/234/216 209/227/209
f 218/236/218 209/227/209 211/229/211
f 218/236/218 211/229/211 219/237/219
f 219/237/219 211/229/211 220/238/220
f 220/238/220 211/229/211 221/239/221
f 221/239/221 211/229/211 210/228/210
f 220/238/220 221/239/221 222/240/222
f 222/240/222 221/239/221 223/241/223
f 221/239/221 210/228/210 224/242/224
f 223/241/223 221/239/221 225/243/225
f 225/243/225 221/239/221 224/242/224
f 223/241/223 225/243/225 226/244/226
f 224/242/224 210/228/210 184/202/184
f 226/244/226 225/243/225 227/245/227
f 227/245/227 225/243/225 224/242/224
f 226/244/226 227/245/227 228/246/228
f 224/242/224 184/202/184 229/247/229
f 229/247/229 184/202/184 183/201/183
f 227/245/227 224/242/224 230/248/230
f 230/248/230 224/242/224 229/247/229
f 229/247/229 183/201/183 185/203/185
f 229/247/229 185/203/185 230/248/230
f 227/245/227 230/248/230 231/249/231
f 231/249/231 230/248/230 185/203/185
f 227/245/227 231/249/231 228/246/228
f 232/250/232 226/244/226 228/246/228
f 232/250/232 228/246/228 231/249/231
f 226/244/226 232/250/232 147/164/147
f 231/249/231 185/203/185 233/251/233
f 233/251/233 185/203/185 169/187/169
f 232/250/232 231/249/231 234/252/234
f 234/252/234 231/249/231 233/251/233
f 147/164/147 232/250/232 235/253/235
f 235/253/235 232/250/232 234/252/234
f 147/164/147 235/253/235 146/163/146
f 146/163/146 235/253/235 236/254/236
f 236/254/236 235/253/235 234/252/234
f 146/163/146 236/254/236 149/166/149
f 236/254/236 234/252/234 237/255/237
f 236/254/236 237/255/237 149/166/149
f 237/255/237 234/252/234 233/251/233
f 149/166/149 237/255/237 238/256/238
f 238/256/238 237/255/237 233/251/233
f 149/166/149 238/256/238 162/179/162
f 238/256/238 233/251/233 239/257/239
f 238/256/238 239/257/239 162/179/162
f 239/257/239 233/251/233 169/187/169
f 162/179/162 239/257/239 161/178/161
f 161/178/161 239/257/239 169/187/169
f 68/258/68 71/259/71 240/260/240
f 68/258/68 240/260/240 129/261/129
f 53/262/53 156/263/156 47/264/47
f 47/264/47 156/263/156 48/265/48
f 223/266/223 226/267/226 241/268/241
f 241/269/241 226/270/226 242/271/242
f 242/271/242 226/270/226 243/272/243
f 241/269/241 242/271/242 244/273/244
f 241/269/241 244/273/244 223/274/223
f 223/274/223 244/273/244 245/275/245
f 242/271/242 243/272/243 246/276/246
f 245/275/245 244/273/244 247/277/247
f 245/275/245 247/277/247 248/278/248
f 245/275/245 248/278/248 249/279/249
f 247/277/247 244/273/244 250/280/250
f 247/277/247 250/280/250 248/278/248
f 249/279/249 248/278/248 251/281/251
f 251/281/251 248/278/248 252/282/252
f 251/281/251 252/282/252 253/283/253
f 253/283/253 252/282/252 254/284/254
f 252/282/252 248/278/248 255/285/255
f 252/282/252 255/285/255 254/284/254
f 255/285/255 248/278/248 250/280/250
f 254/284/254 255/285/255 256/286/256
f 255/285/255 250/280/250 257/287/257
f 255/285/255 257/287/257 256/286/256
f 257/287/257 250/280/250 258/288/258
f 259/289/259 250/280/250 244/273/244
f 250/280/250 259/289/259 258/288/258
f 259/289/259 244/273/244 260/290/260
f 260/290/260 244/273/244 242/271/242
f 259/289/259 260/290/260 261/291/261
f 259/289/259 261/291/261 258/288/258
f 260/290/260 242/271/242 246/276/246
f 262/292/262 257/287/257 258/288/258
f 257/287/257 262/292/262 256/286/256
f 262/292/262 258/288/258 263/293/263
f 256/286/256 262/292/262 264/294/264
f 262/292/262 263/293/263 265/295/265
f 262/292/262 265/295/265 264/294/264
f 265/295/265 263/293/263 266/296/266
f 265/295/265 266/296/266 264/294/264
f 263/293/263 258/288/258 267/297/267
f 267/297/267 258/288/258 261/291/261
f 256/286/256 264/294/264 268/298/268
f 263/293/263 267/297/267 269/299/269
f 263/293/263 269/299/269 270/300/270
f 263/293/263 270/300/270 266/296/266
f 269/299/269 267/297/267 271/301/271
f 270/300/270 269/299/269 272/302/272
f 272/302/272 269/299/269 271/301/271
f 266/296/266 270/300/270 273/303/273
f 273/303/273 270/300/270 272/302/272
f 266/296/266 273/303/273 274/304/274
f 275/305/275 264/294/264 266/296/266
f 275/305/275 266/296/266 274/304/274
f 264/294/264 275/305/275 276/306/276
f 264/294/264 276/306/276 268/298/268
f 276/306/276 275/305/275 277/307/277
f 275/305/275 274/304/274 278/308/278
f 275/305/275 278/308/278 277/307/277
f 279/309/279 274/304/274 273/303/273
f 279/309/279 273/303/273 272/302/272
f 274/304/274 279/309/279 280/310/280
f 280/310/280 279/309/279 281/311/281
f 274/304/274 280/310/280 282/312/282
f 274/304/274 282/312/282 278/308/278
f 278/308/278 282/312/282 277/307/277
f 277/307/277 282/312/282 283/313/283
f 283/313/283 282/312/282 284/314/284
f 277/307/277 283/313/283 285/315/285
f 285/315/285 283/313/283 284/314/284
f 286/316/286 276/306/276 277/307/277
f 286/316/286 277/307/277 285/315/285
f 276/306/276 286/316/286 268/298/268
f 286/316/286 285/315/285 287/317/287
f 285/315/285 284/314/284 288/318/288
f 285/315/285 288/318/288 287/317/287
f 288/318/288 284/314/284 289/319/289
f 286/316/286 287/317/287 290/320/290
f 286/316/286 290/320/290 268/298/268
f 290/320/290 287/317/287 288/318/288
f 290/320/290 288/318/288 291/321/291
f 291/321/291 288/318/288 292/322/292
f 291/321/291 292/322/292 293/323/293
f 291/321/291 293/323/293 290/320/290
f 268/298/268 290/320/290 294/324/294
f 294/324/294 290/320/290 293/323/293
f 268/298/268 294/324/294 256/286/256
f 256/286/256 294/324/294 254/284/254
f 254/284/254 294/324/294 293/323/293
f 254/284/254 293/323/293 295/325/295
f 243/326/243 226/327/226 147/328/147
f 147/329/147 296/330/296 243/272/243
f 243/272/243 296/330/296 246/276/246
f 296/330/296 147/329/147 145/331/145
f 246/276/246 296/330/296 297/332/297
f 297/332/297 296/330/296 145/331/145
f 246/276/246 297/332/297 298/333/298
f 246/276/246 298/333/298 299/334/299
f 246/276/246 299/334/299 260/290/260
f 260/290/260 299/334/299 261/291/261
f 299/334/299 298/333/298 300/335/300
f 300/335/300 298/333/298 297/332/297
f 261/291/261 299/334/299 301/336/301
f 301/336/301 299/334/299 300/335/300
f 261/291/261 301/336/301 302/337/302
f 261/291/261 302/337/302 267/297/267
f 301/336/301 300/335/300 303/338/303
f 301/336/301 303/338/303 302/337/302
f 300/335/300 297/332/297 304/339/304
f 304/339/304 297/332/297 145/331/145
f 303/338/303 300/335/300 305/340/305
f 305/340/305 300/335/300 304/339/304
f 303/338/303 305/340/305 306/341/306
f 303/338/303 306/341/306 302/337/302
f 306/341/306 305/340/305 307/342/307
f 305/340/305 304/339/304 308/343/308
f 305/340/305 308/343/308 307/342/307
f 304/339/304 145/331/145 309/344/309
f 132/345/132 130/346/130 145/331/145
f 145/331/145 130/346/130 309/344/309
f 308/343/308 304/339/304 310/347/310
f 310/347/310 304/339/304 309/344/309
f 308/343/308 310/347/310 311/348/311
f 308/343/308 311/348/311 307/342/307
f 311/348/311 310/347/310 312/349/312
f 309/344/309 130/346/130 313/350/313
f 310/347/310 309/344/309 314/351/314
f 310/347/310 314/351/314 312/349/312
f 314/351/314 309/344/309 313/350/313
f 313/350/313 130/346/130 131/352/131
f 311/348/311 312/349/312 315/353/315
f 315/353/315 312/349/312 314/351/314
f 314/351/314 313/350/313 316/354/316
f 314/351/314 316/354/316 315/353/315
f 313/350/313 131/352/131 317/355/317
f 313/350/313 317/355/317 316/354/316
f 311/348/311 315/353/315 318/356/318
f 311/348/311 318/356/318 307/342/307
f 315/353/315 316/354/316 319/357/319
f 316/354/316 317/355/317 320/358/320
f 316/354/316 320/358/320 319/357/319
f 317/355/317 131/352/131 321/359/321
f 321/359/321 131/352/131 129/360/129
f 321/359/321 129/360/129 240/361/240
f 321/359/321 240/361/240 322/362/322
f 319/357/319 320/358/320 323/363/323
f 323/363/323 320/358/320 317/355/317
f 317/355/317 321/359/321 324/364/324
f 317/355/317 324/364/324 323/363/323
f 321/359/321 322/362/322 325/365/325
f 321/359/321 325/365/325 324/364/324
f 323/363/323 324/364/324 326/366/326
f 326/366/326 324/364/324 325/365/325
f 319/357/319 323/363/323 327/367/327
f 327/367/327 323/363/323 326/366/326
f 319/357/319 327/367/327 328/368/328
f 319/357/319 328/368/328 315/353/315
f 315/353/315 328/368/328 318/356/318
f 328/368/328 327/367/327 329/369/329
f 318/356/318 328/368/328 330/370/330
f 330/370/330 328/368/328 329/369/329
f 327/367/327 326/366/326 331/371/331
f 327/367/327 331/371/331 329/369/329
f 332/372/332 326/366/326 325/365/325
f 326/366/326 332/372/332 331/371/331
f 332/372/332 325/365/325 333/373/333
f 333/373/333 325/365/325 322/362/322
f 329/369/329 331/371/331 334/374/334
f 333/373/333 322/362/322 335/375/335
f 335/375/335 322/362/322 336/376/336
f 332/372/332 333/373/333 337/377/337
f 337/377/337 333/373/333 335/375/335
f 338/378/338 331/371/331 332/372/332
f 338/378/338 332/372/332 337/377/337
f 334/374/334 331/371/331 339/379/339
f 339/379/339 331/371/331 338/378/338
f 334/374/334 339/379/339 340/380/340
f 334/374/334 340/380/340 329/369/329
f 339/379/339 338/378/338 341/381/341
f 341/381/341 338/378/338 337/377/337
f 340/380/340 339/379/339 342/382/342
f 342/382/342 339/379/339 341/381/341
f 329/369/329 340/380/340 343/383/343
f 344/384/344 337/377/337 335/375/335
f 337/377/337 344/384/344 341/381/341
f 344/384/344 335/375/335 345/385/345
f 342/382/342 341/381/341 346/386/346
f 346/386/346 341/381/341 344/384/344
f 344/384/344 345/385/345 347/387/347
f 344/384/344 347/387/347 346/386/346
f 346/386/346 347/387/347 342/382/342
f 348/388/348 340/380/340 342/382/342
f 348/388/348 342/382/342 347/387/347
f 340/380/340 348/388/348 343/383/343
f 348/388/348 347/387/347 349/389/349
f 348/388/348 349/389/349 343/383/343
f 343/383/343 349/389/349 350/390/350
f 329/369/329 343/383/343 330/370/330
f 343/383/343 350/390/350 351/391/351
f 343/383/343 351/391/351 330/370/330
f 351/391/351 350/390/350 352/392/352
f 330/370/330 351/391/351 353/393/353
f 351/391/351 352/392/352 354/394/354
f 351/391/351 354/394/354 353/393/353
f 354/394/354 352/392/352 355/395/355
f 355/395/355 352/392/352 356/396/356
f 354/394/354 355/395/355 357/397/357
f 357/397/357 355/395/355 358/398/358
f 358/398/358 355/395/355 359/399/359
f 358/398/358 359/399/359 360/400/360
f 358/398/358 360/400/360 357/397/357
f 361/401/361 353/393/353 354/394/354
f 361/401/361 354/394/354 357/397/357
f 362/402/362 330/370/330 353/393/353
f 330/370/330 362/402/362 318/356/318
f 318/356/318 362/402/362 307/342/307
f 362/402/362 353/393/353 363/403/363
f 307/342/307 362/402/362 364/404/364
f 364/404/364 362/402/362 363/403/363
f 307/342/307 364/404/364 306/341/306
f 363/403/363 353/393/353 365/405/365
f 363/403/363 365/405/365 364/404/364
f 364/404/364 365/405/365 306/341/306
f 365/405/365 353/393/353 361/401/361
f 306/341/306 365/405/365 302/337/302
f 365/405/365 361/401/361 366/406/366
f 366/406/366 361/401/361 357/397/357
f 302/337/302 365/405/365 367/407/367
f 367/407/367 365/405/365 366/406/366
f 302/337/302 367/407/367 368/408/368
f 302/337/302 368/408/368 267/297/267
f 367/407/367 366/406/366 369/409/369
f 367/407/367 369/409/369 368/408/368
f 366/406/366 357/397/357 370/410/370
f 366/406/366 370/410/370 369/409/369
f 267/297/267 368/408/368 271/301/271
f 368/408/368 369/409/369 371/411/371
f 368/408/368 371/411/371 271/301/271
f 370/410/370 357/397/357 372/412/372
f 371/411/371 369/409/369 373/413/373
f 371/411/371 373/413/373 271/301/271
f 369/409/369 370/410/370 374/414/374
f 369/409/369 374/414/374 373/413/373
f 374/414/374 370/410/370 372/412/372
f 372/412/372 357/397/357 360/400/360
f 373/413/373 374/414/374 375/415/375
f 375/415/375 374/414/374 372/412/372
f 271/301/271 373/413/373 376/416/376
f 376/416/376 373/413/373 375/415/375
f 271/301/271 376/416/376 272/302/272
f 376/416/376 375/415/375 377/417/377
f 376/416/376 377/417/377 272/302/272
f 372/412/372 360/400/360 378/418/378
f 272/302/272 377/417/377 379/419/379
f 272/302/272 379/419/379 279/309/279
f 279/309/279 379/419/379 380/420/380
f 379/419/379 377/417/377 381/421/381
f 381/421/381 377/417/377 375/415/375
f 379/419/379 381/421/381 382/422/382
f 382/422/382 381/421/381 383/423/383
f 381/421/381 375/415/375 384/424/384
f 381/421/381 384/424/384 383/423/383
f 384/424/384 375/415/375 372/412/372
f 384/424/384 372/412/372 378/418/378
f 383/423/383 384/424/384 385/425/385
f 385/425/385 384/424/384 378/418/378
f 383/423/383 385/425/385 386/426/386
f 385/425/385 378/418/378 387/427/387
f 385/425/385 387/427/387 386/426/386
f 383/423/383 386/426/386 388/428/388
f 388/428/388 386/426/386 389/429/389
f 388/428/388 389/429/389 390/430/390
f 390/430/390 389/429/389 391/431/391
f 390/430/390 391/431/391 392/432/392
f 389/429/389 386/426/386 393/433/393
f 389/429/389 393/433/393 391/431/391
f 394/434/394 386/426/386 387/427/387
f 386/426/386 394/434/394 393/433/393
f 394/434/394 387/427/387 395/435/395
f 394/434/394 395/435/395 393/433/393
f 392/432/392 391/431/391 396/436/396
f 392/432/392 396/436/396 397/437/397
f 396/436/396 391/431/391 398/438/398
f 399/439/399 391/431/391 393/433/393
f 391/431/391 399/439/399 398/438/398
f 396/436/396 398/438/398 400/440/400
f 400/440/400 398/438/398 399/439/399
f 396/436/396 400/440/400 401/441/401
f 402/442/402 403/443/403 401/441/401
f 402/442/402 401/441/401 400/440/400
f 402/442/402 400/440/400 404/444/404
f 404/444/404 400/440/400 405/445/405
f 400/440/400 399/439/399 406/446/406
f 400/440/400 406/446/406 405/445/405
f 405/445/405 406/446/406 407/447/407
f 405/445/405 407/447/407 408/448/408
f 407/447/407 406/446/406 409/449/409
f 407/447/407 409/449/409 410/450/410
f 406/446/406 399/439/399 411/451/411
f 406/446/406 411/451/411 409/449/409
f 411/451/411 399/439/399 393/433/393
f 410/450/410 409/449/409 412/452/412
f 412/452/412 409/449/409 411/451/411
f 410/450/410 412/452/412 413/453/413
f 410/450/410 413/453/413 414/454/414
f 414/454/414 413/453/413 415/455/415
f 411/451/411 393/433/393 416/456/416
f 411/451/411 416/456/416 412/452/412
f 412/452/412 416/456/416 413/453/413
f 416/456/416 393/433/393 395/435/395
f 415/455/415 413/453/413 417/457/417
f 416/456/416 395/435/395 418/458/418
f 416/456/416 418/458/418 413/453/413
f 413/453/413 418/458/418 417/457/417
f 418/458/418 395/435/395 387/427/387
f 418/458/418 387/427/387 419/459/419
f 418/458/418 419/459/419 417/457/417
f 419/459/419 387/427/387 378/418/378
f 417/457/417 419/459/419 420/460/420
f 420/460/420 419/459/419 378/418/378
f 417/457/417 420/460/420 421/461/421
f 420/460/420 378/418/378 360/400/360
f 420/460/420 360/400/360 421/461/421
f 223/462/223 245/463/245 222/464/222
f 280/465/280 281/466/281 282/467/282
f 282/467/282 281/466/281 422/468/422
f 422/468/422 281/466/281 423/469/423
f 423/469/423 281/466/281 380/470/380
f 380/470/380 281/466/281 279/471/279
f 422/468/422 423/469/423 424/472/424
f 423/469/423 380/470/380 425/473/425
f 423/469/423 425/473/425 424/472/424
f 422/468/422 424/472/424 426/474/426
f 422/468/422 426/474/426 427/475/427
f 426/474/426 424/472/424 428/476/428
f 428/476/428 424/472/424 425/473/425
f 427/475/427 426/474/426 429/477/429
f 427/475/427 429/477/429 430/478/430
f 426/474/426 428/476/428 431/479/431
f 426/474/426 431/479/431 429/477/429
f 430/478/430 429/477/429 432/480/432
f 430/478/430 432/480/432 433/481/433
f 433/481/433 432/480/432 434/482/434
f 432/480/432 429/477/429 435/483/435
f 435/483/435 429/477/429 431/479/431
f 434/482/434 432/480/432 436/484/436
f 434/482/434 436/484/436 437/485/437
f 432/480/432 435/483/435 438/486/438
f 432/480/432 438/486/438 436/484/436
f 437/485/437 436/484/436 439/487/439
f 437/485/437 439/487/439 440/488/440
f 439/487/439 436/484/436 441/489/441
f 441/489/441 436/484/436 438/486/438
f 439/487/439 441/489/441 442/490/442
f 442/490/442 441/489/441 443/491/443
f 441/489/441 438/486/438 444/492/444
f 441/489/441 444/492/444 443/491/443
f 443/491/443 444/492/444 445/493/445
f 443/491/443 445/493/445 446/494/446
f 445/493/445 444/492/444 447/495/447
f 447/495/447 444/492/444 438/486/438
f 445/493/445 447/495/447 448/496/448
f 448/496/448 447/495/447 449/497/449
f 448/496/448 449/497/449 450/498/450
f 447/495/447 438/486/438 451/499/451
f 447/495/447 451/499/451 449/497/449
f 451/499/451 438/486/438 435/483/435
f 450/498/450 449/497/449 452/500/452
f 451/499/451 435/483/435 453/501/453
f 453/501/453 435/483/435 431/479/431
f 449/497/449 451/499/451 454/502/454
f 454/502/454 451/499/451 453/501/453
f 452/500/452 449/497/449 455/503/455
f 455/503/455 449/497/449 454/502/454
f 452/500/452 455/503/455 456/504/456
f 452/500/452 456/504/456 457/505/457
f 457/505/457 456/504/456 458/506/458
f 455/503/455 454/502/454 459/507/459
f 459/507/459 454/502/454 453/501/453
f 456/504/456 455/503/455 460/508/460
f 460/508/460 455/503/455 459/507/459
f 458/506/458 456/504/456 461/509/461
f 461/509/461 456/504/456 460/508/460
f 458/506/458 461/509/461 462/510/462
f 458/506/458 462/510/462 463/511/463
f 463/511/463 462/510/462 464/512/464
f 461/509/461 460/508/460 465/513/465
f 460/508/460 459/507/459 466/514/466
f 460/508/460 466/514/466 465/513/465
f 466/514/466 459/507/459 467/515/467
f 466/514/466 467/515/467 468/516/468
f 466/514/466 468/516/468 465/513/465
f 467/515/467 459/507/459 469/517/469
f 469/517/469 459/507/459 453/501/453
f 461/509/461 465/513/465 470/518/470
f 467/515/467 469/517/469 471/519/471
f 467/515/467 471/519/471 468/516/468
f 469/517/469 453/501/453 472/520/472
f 472/520/472 453/501/453 431/479/431
f 471/519/471 469/517/469 473/521/473
f 473/521/473 469/517/469 472/520/472
f 468/516/468 471/519/471 474/522/474
f 474/522/474 471/519/471 473/521/473
f 468/516/468 474/522/474 475/523/475
f 472/520/472 431/479/431 476/524/476
f 476/524/476 431/479/431 428/476/428
f 476/524/476 428/476/428 477/525/477
f 476/524/476 477/525/477 472/520/472
f 477/525/477 428/476/428 425/473/425
f 474/522/474 473/521/473 478/526/478
f 478/526/478 473/521/473 472/520/472
f 474/522/474 478/526/478 479/527/479
f 474/522/474 479/527/479 475/523/475
f 478/526/478 472/520/472 480/528/480
f 480/528/480 472/520/472 477/525/477
f 479/527/479 478/526/478 481/529/481
f 481/529/481 478/526/478 480/528/480
f 480/528/480 477/525/477 482/530/482
f 482/530/482 477/525/477 425/473/425
f 481/529/481 480/528/480 483/531/483
f 483/531/483 480/528/480 482/530/482
f 482/530/482 425/473/425 484/532/484
f 484/532/484 425/473/425 380/470/380
f 484/532/484 380/470/380 379/533/379
f 484/532/484 379/533/379 382/534/382
f 482/530/482 484/532/484 485/535/485
f 482/530/482 485/535/485 483/531/483
f 484/532/484 382/534/382 486/536/486
f 484/532/484 486/536/486 485/535/485
f 486/536/486 382/534/382 487/537/487
f 487/537/487 382/534/382 383/538/383
f 487/537/487 383/538/383 388/539/388
f 487/537/487 388/539/388 488/540/488
f 488/540/488 388/539/388 390/541/390
f 486/536/486 487/537/487 489/542/489
f 489/542/489 487/537/487 488/540/488
f 490/543/490 485/535/485 486/536/486
f 490/543/490 486/536/486 489/542/489
f 489/542/489 488/540/488 491/544/491
f 491/544/491 488/540/488 390/541/390
f 490/543/490 489/542/489 492/545/492
f 492/545/492 489/542/489 491/544/491
f 491/544/491 390/541/390 493/546/493
f 491/544/491 493/546/493 492/545/492
f 493/546/493 390/541/390 392/547/392
f 493/546/493 392/547/392 397/548/397
f 493/546/493 397/548/397 492/545/492
f 490/543/490 492/545/492 494/549/494
f 490/543/490 494/549/494 495/550/495
f 490/543/490 495/550/495 485/535/485
f 494/549/494 492/545/492 496/551/496
f 496/551/496 492/545/492 397/548/397
f 495/550/495 494/549/494 497/552/497
f 497/552/497 494/549/494 496/551/496
f 485/535/485 495/550/495 498/553/498
f 485/535/485 498/553/498 483/531/483
f 483/531/483 498/553/498 481/529/481
f 498/553/498 495/550/495 499/554/499
f 499/554/499 495/550/495 497/552/497
f 481/529/481 498/553/498 500/555/500
f 500/555/500 498/553/498 499/554/499
f 481/529/481 500/555/500 479/527/479
f 499/554/499 497/552/497 501/556/501
f 499/554/499 501/556/501 500/555/500
f 479/527/479 500/555/500 502/557/502
f 501/556/501 497/552/497 503/558/503
f 503/558/503 497/552/497 496/551/496
f 500/555/500 501/556/501 504/559/504
f 500/555/500 504/559/504 502/557/502
f 479/527/479 502/557/502 475/523/475
f 504/559/504 501/556/501 505/560/505
f 501/556/501 503/558/503 506/561/506
f 501/556/501 506/561/506 505/560/505
f 504/559/504 505/560/505 507/562/507
f 504/559/504 507/562/507 502/557/502
f 507/562/507 505/560/505 506/561/506
f 475/523/475 502/557/502 508/563/508
f 508/563/508 502/557/502 507/562/507
f 507/562/507 506/561/506 509/564/509
f 475/523/475 508/563/508 510/565/510
f 475/523/475 510/565/510 511/566/511
f 475/523/475 511/566/511 468/516/468
f 468/516/468 511/566/511 465/513/465
f 465/513/465 511/566/511 512/567/512
f 512/567/512 511/566/511 510/565/510
f 465/513/465 512/567/512 470/518/470
f 510/565/510 508/563/508 513/568/513
f 510/565/510 513/568/513 512/567/512
f 513/568/513 508/563/508 514/569/514
f 514/569/514 508/563/508 507/562/507
f 514/569/514 507/562/507 515/570/515
f 515/570/515 507/562/507 509/564/509
f 514/569/514 515/570/515 516/571/516
f 516/571/516 515/570/515 509/564/509
f 513/568/513 514/569/514 517/572/517
f 517/572/517 514/569/514 516/571/516
f 518/573/518 512/567/512 513/568/513
f 518/573/518 513/568/513 517/572/517
f 519/574/519 470/518/470 512/567/512
f 519/574/519 512/567/512 518/573/518
f 470/518/470 519/574/519 461/509/461
f 461/509/461 519/574/519 462/510/462
f 462/510/462 519/574/519 520/575/520
f 520/575/520 519/574/519 518/573/518
f 462/510/462 520/575/520 464/512/464
f 521/576/521 464/512/464 522/577/522
f 522/577/522 464/512/464 523/578/523
f 464/512/464 520/575/520 524/579/524
f 464/512/464 524/579/524 523/578/523
f 520/575/520 518/573/518 525/580/525
f 525/580/525 518/573/518 517/572/517
f 524/579/524 520/575/520 526/581/526
f 526/581/526 520/575/520 525/580/525
f 523/578/523 524/579/524 527/582/527
f 527/582/527 524/579/524 526/581/526
f 523/578/523 527/582/527 528/583/528
f 528/583/528 527/582/527 529/584/529
f 528/583/528 529/584/529 530/585/530
f 527/582/527 526/581/526 531/586/531
f 527/582/527 531/586/531 529/584/529
f 531/586/531 526/581/526 532/587/532
f 532/587/532 526/581/526 525/580/525
f 529/584/529 531/586/531 533/588/533
f 530/585/530 529/584/529 534/589/534
f 534/589/534 529/584/529 533/588/533
f 530/585/530 534/589/534 535/590/535
f 530/585/530 535/590/535 536/591/536
f 536/591/536 535/590/535 537/592/537
f 535/590/535 534/589/534 538/593/538
f 538/593/538 534/589/534 533/588/533
f 537/592/537 535/590/535 539/594/539
f 537/592/537 539/594/539 540/595/540
f 535/590/535 538/593/538 541/596/541
f 535/590/535 541/596/541 539/594/539
f 538/593/538 533/588/533 542/597/542
f 541/596/541 538/593/538 543/598/543
f 543/598/543 538/593/538 542/597/542
f 539/594/539 541/596/541 544/599/544
f 544/599/544 541/596/541 543/598/543
f 545/600/545 540/595/540 539/594/539
f 545/600/545 539/594/539 544/599/544
f 540/595/540 545/600/545 546/601/546
f 540/595/540 546/601/546 547/602/547
f 545/600/545 544/599/544 548/603/548
f 546/601/546 545/600/545 549/604/549
f 549/604/549 545/600/545 548/603/548
f 550/605/550 544/599/544 543/598/543
f 544/599/544 550/605/550 548/603/548
f 547/602/547 546/601/546 551/606/551
f 550/605/550 543/598/543 552/607/552
f 552/607/552 543/598/543 542/597/542
f 547/602/547 551/606/551 553/608/553
f 550/605/550 552/607/552 554/609/554
f 551/606/551 546/601/546 555/610/555
f 555/610/555 546/601/546 549/604/549
f 551/606/551 555/610/555 556/611/556
f 553/608/553 551/606/551 557/612/557
f 557/612/557 551/606/551 556/611/556
f 553/608/553 557/612/557 558/613/558
f 557/612/557 556/611/556 559/614/559
f 559/614/559 556/611/556 555/610/555
f 557/612/557 559/614/559 558/613/558
f 555/610/555 549/604/549 560/615/560
f 555/610/555 560/615/560 559/614/559
f 560/615/560 549/604/549 548/603/548
f 553/608/553 558/613/558 561/616/561
f 558/613/558 559/614/559 562/617/408
f 562/617/408 559/614/559 560/615/560
f 558/613/558 562/617/408 563/618/562
f 562/617/408 560/615/560 564/619/563
f 564/619/563 560/615/560 548/603/548
f 558/613/558 563/618/562 565/620/564
f 558/613/558 565/620/564 561/616/561
f 561/616/561 565/620/564 566/621/565
f 566/621/565 565/620/564 567/622/566
f 564/619/563 548/603/548 568/623/567
f 564/619/563 568/623/567 569/624/568
f 568/623/567 548/603/548 570/625/569
f 570/625/569 548/603/548 550/605/550
f 570/625/569 550/605/550 554/609/554
f 568/623/567 570/625/569 571/626/570
f 568/623/567 571/626/570 572/627/571
f 570/625/569 554/609/554 573/628/572
f 570/625/569 573/628/572 571/626/570
f 573/628/572 554/609/554 574/629/573
f 574/629/573 554/609/554 552/607/552
f 571/626/570 573/628/572 575/630/574
f 575/630/574 573/628/572 574/629/573
f 571/626/570 575/630/574 576/631/575
f 571/626/570 576/631/575 577/632/576
f 575/630/574 574/629/573 578/633/577
f 575/630/574 578/633/577 576/631/575
f 574/629/573 552/607/552 579/634/578
f 574/629/573 579/634/578 578/633/577
f 579/634/578 552/607/552 542/597/542
f 578/633/577 579/634/578 580/635/579
f 579/634/578 542/597/542 581/636/580
f 578/633/577 580/635/579 582/637/581
f 578/633/577 582/637/581 576/631/575
f 580/635/579 579/634/578 583/638/582
f 583/638/582 579/634/578 581/636/580
f 582/637/581 580/635/579 584/639/583
f 581/636/580 542/597/542 585/640/584
f 585/640/584 542/597/542 533/588/533
f 580/635/579 583/638/582 586/641/585
f 580/635/579 586/641/585 584/639/583
f 583/638/582 581/636/580 587/642/586
f 583/638/582 587/642/586 586/641/585
f 581/636/580 585/640/584 588/643/587
f 581/636/580 588/643/587 587/642/586
f 585/640/584 533/588/533 589/644/588
f 585/640/584 589/644/588 588/643/587
f 589/644/588 533/588/533 531/586/531
f 589/644/588 531/586/531 532/587/532
f 589/644/588 532/587/532 588/643/587
f 588/643/587 532/587/532 590/645/589
f 590/645/589 532/587/532 525/580/525
f 588/643/587 590/645/589 591/646/590
f 591/646/590 590/645/589 525/580/525
f 588/643/587 591/646/590 587/642/586
f 591/646/590 525/580/525 592/647/591
f 592/647/591 525/580/525 517/572/517
f 592/647/591 517/572/517 516/571/516
f 591/646/590 592/647/591 593/648/592
f 591/646/590 593/648/592 587/642/586
f 592/647/591 516/571/516 594/649/593
f 592/647/591 594/649/593 593/648/592
f 594/649/593 516/571/516 509/564/509
f 587/642/586 593/648/592 595/650/594
f 595/650/594 593/648/592 594/649/593
f 587/642/586 595/650/594 586/641/585
f 586/641/585 595/650/594 584/639/583
f 595/650/594 594/649/593 596/651/595
f 596/651/595 594/649/593 509/564/509
f 584/639/583 595/650/594 597/652/596
f 597/652/596 595/650/594 596/651/595
f 584/639/583 597/652/596 598/653/597
f 584/639/583 598/653/597 582/637/581
f 582/637/581 598/653/597 576/631/575
f 598/653/597 597/652/596 599/654/598
f 598/653/597 599/654/598 576/631/575
f 576/631/575 599/654/598 600/655/599
f 576/631/575 600/655/599 601/656/600
f 599/654/598 597/652/596 602/657/601
f 602/657/601 597/652/596 596/651/595
f 600/655/599 599/654/598 603/658/602
f 603/658/602 599/654/598 602/657/601
f 600/655/599 603/658/602 604/659/603
f 604/659/603 603/658/602 605/660/604
f 602/657/601 596/651/595 606/661/605
f 606/661/605 596/651/595 607/662/606
f 607/662/606 596/651/595 509/564/509
f 607/662/606 509/564/509 506/561/506
f 606/661/605 607/662/606 608/663/607
f 608/663/607 607/662/606 506/561/506
f 606/661/605 608/663/607 602/657/601
f 608/663/607 506/561/506 503/558/503
f 602/657/601 608/663/607 609/664/608
f 609/664/608 608/663/607 503/558/503
f 602/657/601 609/664/608 603/658/602
f 609/664/608 503/558/503 496/551/496
f 609/664/608 496/551/496 603/658/602
f 603/658/602 496/551/496 610/665/609
f 603/658/602 610/665/609 605/660/604
f 610/665/609 496/551/496 397/548/397
f 605/660/604 610/665/609 611/666/610
f 611/666/610 610/665/609 397/548/397
f 605/660/604 611/666/610 612/667/611
f 612/667/611 611/666/610 403/668/403
f 403/668/403 611/666/610 401/669/401
f 401/669/401 611/666/610 397/548/397
f 401/669/401 397/548/397 396/670/396
f 282/671/282 422/672/422 284/673/284
f 284/673/284 422/672/422 427/674/427
f 284/673/284 427/674/427 289/675/289
f 289/675/289 427/674/427 430/676/430
f 289/675/289 430/676/430 613/677/612
f 613/677/612 430/676/430 433/678/433
f 613/677/612 433/678/433 434/679/434
f 289/675/289 613/677/612 614/680/613
f 289/675/289 614/680/613 288/681/288
f 613/677/612 434/679/434 615/682/614
f 614/680/613 613/677/612 616/683/615
f 616/683/615 613/677/612 615/682/614
f 614/680/613 616/683/615 617/684/616
f 615/682/614 434/679/434 618/685/617
f 618/685/617 434/679/434 437/686/437
f 616/683/615 615/682/614 619/687/618
f 616/683/615 619/687/618 617/684/616
f 619/687/618 615/682/614 620/688/619
f 614/680/613 617/684/616 621/689/620
f 614/680/613 621/689/620 622/690/621
f 622/690/621 621/689/620 623/691/622
f 623/691/622 621/689/620 624/692/623
f 624/692/623 621/689/620 617/684/616
f 623/691/622 624/692/623 625/693/624
f 624/692/623 617/684/616 626/694/625
f 624/692/623 626/694/625 625/693/624
f 626/694/625 617/684/616 619/687/618
f 625/693/624 626/694/625 627/695/626
f 627/695/626 626/694/625 628/696/627
f 627/695/626 628/696/627 629/697/628
f 626/694/625 619/687/618 630/698/629
f 630/698/629 619/687/618 620/688/619
f 628/696/627 626/694/625 631/699/630
f 631/699/630 626/694/625 630/698/629
f 629/697/628 628/696/627 632/700/631
f 632/700/631 628/696/627 631/699/630
f 633/701/632 629/697/628 634/702/633
f 634/702/633 629/697/628 635/703/634
f 635/703/634 629/697/628 632/700/631
f 631/699/630 630/698/629 636/704/635
f 631/699/630 636/704/635 632/700/631
f 637/705/636 630/698/629 620/688/619
f 630/698/629 637/705/636 636/704/635
f 637/705/636 620/688/619 615/682/614
f 637/705/636 615/682/614 618/685/617
f 635/703/634 632/700/631 638/706/637
f 635/703/634 638/706/637 639/707/638
f 632/700/631 636/704/635 640/708/639
f 632/700/631 640/708/639 638/706/637
f 636/704/635 637/705/636 641/709/640
f 636/704/635 641/709/640 640/708/639
f 639/707/638 638/706/637 642/710/641
f 642/710/641 638/706/637 640/708/639
f 639/707/638 642/710/641 643/711/642
f 643/711/642 642/710/641 644/712/643
f 643/711/642 644/712/643 645/713/644
f 645/713/644 644/712/643 646/714/645
f 644/712/643 642/710/641 647/715/646
f 647/715/646 642/710/641 640/708/639
f 646/714/645 644/712/643 648/716/647
f 646/714/645 648/716/647 649/717/648
f 644/712/643 647/715/646 650/718/649
f 644/712/643 650/718/649 648/716/647
f 647/715/646 640/708/639 651/719/650
f 651/719/650 640/708/639 641/709/640
f 650/718/649 647/715/646 652/720/651
f 652/720/651 647/715/646 651/719/650
f 649/717/648 648/716/647 653/721/652
f 650/718/649 652/720/651 654/722/653
f 654/722/653 652/720/651 651/719/650
f 655/723/654 648/716/647 650/718/649
f 650/718/649 654/722/653 656/724/655
f 650/718/649 656/724/655 655/723/654
f 649/717/648 653/721/652 657/725/656
f 653/721/652 648/716/647 658/726/657
f 658/726/657 648/716/647 655/723/654
f 653/721/652 658/726/657 657/725/656
f 658/726/657 655/723/654 659/727/658
f 649/717/648 657/725/656 660/728/659
f 655/723/654 656/724/655 661/729/660
f 655/723/654 661/729/660 659/727/658
f 661/729/660 656/724/655 662/730/661
f 662/730/661 656/724/655 654/722/653
f 661/729/660 662/730/661 663/731/662
f 662/730/661 654/722/653 664/732/663
f 664/732/663 654/722/653 651/719/650
f 663/731/662 662/730/661 665/733/664
f 665/733/664 662/730/661 666/734/665
f 666/734/665 662/730/661 664/732/663
f 663/731/662 665/733/664 667/735/666
f 663/731/662 667/735/666 661/729/660
f 661/729/660 667/735/666 659/727/658
f 666/734/665 664/732/663 668/736/667
f 668/736/667 664/732/663 669/737/668
f 669/737/668 664/732/663 670/738/669
f 670/738/669 664/732/663 651/719/650
f 669/737/668 670/738/669 671/739/670
f 671/739/670 670/738/669 672/740/671
f 659/727/658 667/735/666 673/741/672
f 673/741/672 667/735/666 674/742/673
f 673/741/672 674/742/673 675/743/674
f 670/738/669 651/719/650 676/744/675
f 676/744/675 651/719/650 641/709/640
f 672/740/671 670/738/669 677/745/676
f 677/745/676 670/738/669 676/744/675
f 672/740/671 677/745/676 678/746/677
f 672/740/671 678/746/677 679/747/678
f 676/744/675 641/709/640 680/748/679
f 676/744/675 680/748/679 677/745/676
f 680/748/679 641/709/640 637/705/636
f 680/748/679 637/705/636 618/685/617
f 677/745/676 680/748/679 681/749/680
f 681/749/680 680/748/679 618/685/617
f 677/745/676 681/749/680 678/746/677
f 681/749/680 618/685/617 437/686/437
f 678/746/677 681/749/680 440/750/440
f 440/750/440 681/749/680 437/686/437
f 682/751/681 683/752/682 675/743/674
f 675/743/674 683/752/682 673/741/672
f 683/752/682 682/751/681 684/753/683
f 684/753/683 682/751/681 685/754/684
f 673/741/672 683/752/682 686/755/685
f 686/755/685 683/752/682 687/756/686
f 687/756/686 683/752/682 684/753/683
f 673/741/672 686/755/685 688/757/687
f 673/741/672 688/757/687 659/727/658
f 688/757/687 686/755/685 689/758/688
f 689/758/688 686/755/685 687/756/686
f 659/727/658 688/757/687 690/759/689
f 659/727/658 690/759/689 658/726/657
f 688/757/687 689/758/688 691/760/690
f 688/757/687 691/760/690 690/759/689
f 658/726/657 690/759/689 657/725/656
f 690/759/689 691/760/690 692/761/691
f 690/759/689 692/761/691 657/725/656
f 692/761/691 691/760/690 689/758/688
f 693/762/692 689/758/688 687/756/686
f 689/758/688 693/762/692 692/761/691
f 693/762/692 687/756/686 694/763/693
f 692/761/691 693/762/692 695/764/694
f 695/764/694 693/762/692 694/763/693
f 694/763/693 687/756/686 696/765/695
f 696/765/695 687/756/686 684/753/683
f 695/764/694 694/763/693 697/766/696
f 692/761/691 695/764/694 698/767/697
f 698/767/697 695/764/694 697/766/696
f 692/761/691 698/767/697 699/768/698
f 692/761/691 699/768/698 657/725/656
f 698/767/697 697/766/696 700/769/699
f 698/767/697 700/769/699 699/768/698
f 697/766/696 694/763/693 701/770/700
f 701/770/700 694/763/693 696/765/695
f 697/766/696 701/770/700 702/771/701
f 702/771/701 701/770/700 703/772/702
f 703/772/702 701/770/700 696/765/695
f 703/772/702 696/765/695 704/773/703
f 704/773/703 696/765/695 705/774/704
f 706/775/705 700/769/699 697/766/696
f 700/769/699 706/775/705 707/776/706
f 705/774/704 696/765/695 708/777/707
f 708/777/707 696/765/695 684/753/683
f 705/774/704 708/777/707 709/778/708
f 705/774/704 709/778/708 710/779/709
f 708/777/707 684/753/683 711/780/710
f 708/777/707 711/780/710 709/778/708
f 710/779/709 709/778/708 712/781/711
f 712/781/711 709/778/708 713/782/712
f 713/782/712 709/778/708 714/783/713
f 713/782/712 714/783/713 715/784/714
f 711/780/710 684/753/683 685/754/684
f 714/783/713 709/778/708 716/785/715
f 714/783/713 716/785/715 715/784/714
f 716/785/715 709/778/708 711/780/710
f 715/784/714 716/785/715 717/786/716
f 717/786/716 716/785/715 718/787/717
f 718/787/717 716/785/715 711/780/710
f 718/787/717 711/780/710 719/788/718
f 719/788/718 711/780/710 685/754/684
f 719/788/718 685/754/684 720/789/719
f 295/790/295 293/791/293 292/792/292
f 295/790/295 292/792/292 721/793/720
f 721/793/720 292/792/292 623/794/622
f 623/794/622 292/792/292 622/795/621
f 622/795/621 292/792/292 288/796/288
f 622/795/621 288/796/288 614/797/613
f 721/793/720 623/794/622 722/798/721
f 721/793/720 722/798/721 295/790/295
f 722/798/721 623/794/622 625/799/624
f 295/790/295 722/798/721 723/800/722
f 295/790/295 723/800/722 254/801/254
f 254/801/254 723/800/722 724/802/723
f 254/801/254 724/802/723 253/803/253
f 724/802/723 723/800/722 725/804/724
f 724/802/723 725/804/724 726/805/725
f 726/805/725 725/804/724 727/806/726
f 725/804/724 723/800/722 728/807/727
f 728/807/727 723/800/722 722/798/721
f 725/804/724 728/807/727 729/808/728
f 725/804/724 729/808/728 730/809/729
f 728/807/727 722/798/721 731/810/730
f 731/810/730 722/798/721 625/799/624
f 731/810/730 625/799/624 627/811/626
f 728/807/727 731/810/730 732/812/731
f 728/807/727 732/812/731 729/808/728
f 731/810/730 627/811/626 633/813/632
f 731/810/730 633/813/632 732/812/731
f 633/813/632 627/811/626 629/814/628
f 729/808/728 732/812/731 733/815/732
f 733/815/732 732/812/731 633/813/632
f 729/808/728 733/815/732 734/816/733
f 733/815/732 633/813/632 634/817/633
f 678/818/677 440/819/440 439/820/439
f 678/818/677 439/820/439 679/821/678
f 679/821/678 439/820/439 442/822/442
f 446/823/446 442/822/442 443/824/443
f 442/822/442 446/823/446 735/825/734
f 442/822/442 735/825/734 736/826/735
f 679/821/678 442/822/442 671/827/670
f 671/827/670 442/822/442 736/826/735
f 679/821/678 671/827/670 672/828/671
f 671/827/670 736/826/735 737/829/736
f 671/827/670 737/829/736 669/830/668
f 634/831/633 635/832/634 734/833/733
f 634/831/633 734/833/733 733/834/732
f 734/833/733 635/832/634 639/835/638
f 734/833/733 639/835/638 738/836/737
f 734/833/733 738/836/737 739/837/738
f 734/833/733 739/837/738 729/838/728
f 729/838/728 739/837/738 730/839/729
f 730/839/729 739/837/738 740/840/739
f 740/840/739 739/837/738 738/836/737
f 730/839/729 740/840/739 727/841/726
f 730/839/729 727/841/726 725/842/724
f 727/841/726 740/840/739 741/843/740
f 742/844/741 738/836/737 639/835/638
f 742/844/741 639/835/638 643/845/642
f 740/840/739 738/836/737 743/846/742
f 740/840/739 743/846/742 741/843/740
f 742/844/741 643/845/642 744/847/743
f 744/847/743 643/845/642 645/848/644
f 738/836/737 742/844/741 745/849/744
f 745/849/744 742/844/741 744/847/743
f 744/847/743 645/848/644 646/850/645
f 738/836/737 745/849/744 746/851/745
f 738/836/737 746/851/745 743/846/742
f 745/849/744 744/847/743 747/852/746
f 745/849/744 747/852/746 746/851/745
f 744/847/743 646/850/645 748/853/747
f 744/847/743 748/853/747 747/852/746
f 748/853/747 646/850/645 649/854/648
f 748/853/747 649/854/648 749/855/748
f 749/855/748 649/854/648 660/856/659
f 748/853/747 749/855/748 750/857/749
f 748/853/747 750/857/749 747/852/746
f 750/857/749 749/855/748 751/858/750
f 751/858/750 749/855/748 752/859/751
f 751/858/750 752/859/751 753/860/752
f 751/858/750 753/860/752 754/861/753
f 754/861/753 753/860/752 755/862/754
f 750/857/749 751/858/750 756/863/755
f 756/863/755 751/858/750 754/861/753
f 750/857/749 756/863/755 747/852/746
f 756/863/755 754/861/753 757/864/756
f 756/863/755 757/864/756 747/852/746
f 747/852/746 757/864/756 758/865/757
f 747/852/746 758/865/757 759/866/758
f 747/852/746 759/866/758 746/851/745
f 758/865/757 757/864/756 760/867/759
f 760/867/759 757/864/756 761/868/760
f 759/866/758 758/865/757 762/869/761
f 762/869/761 758/865/757 760/867/759
f 746/851/745 759/866/758 763/870/762
f 763/870/762 759/866/758 762/869/761
f 746/851/745 763/870/762 764/871/763
f 764/871/763 763/870/762 762/869/761
f 746/851/745 764/871/763 743/846/742
f 765/872/764 760/867/759 766/873/765
f 760/867/759 765/872/764 767/874/766
f 760/867/759 767/874/766 762/869/761
f 762/869/761 767/874/766 768/875/767
f 762/869/761 768/875/767 764/871/763
f 768/875/767 767/874/766 769/876/768
f 743/846/742 764/871/763 770/877/769
f 764/871/763 768/875/767 771/878/770
f 743/846/742 770/877/769 741/843/740
f 768/875/767 769/876/768 772/879/771
f 768/875/767 772/879/771 771/878/770
f 772/879/771 769/876/768 773/880/772
f 773/880/772 769/876/768 774/881/773
f 772/879/771 773/880/772 775/882/774
f 772/879/771 775/882/774 771/878/770
f 775/882/774 773/880/772 776/883/775
f 776/883/775 773/880/772 777/884/776
f 775/882/774 776/883/775 778/885/777
f 778/885/777 776/883/775 779/886/778
f 771/878/770 775/882/774 780/887/779
f 780/887/779 775/882/774 778/885/777
f 771/878/770 780/887/779 781/888/780
f 780/887/779 778/885/777 782/889/781
f 780/887/779 782/889/781 781/888/780
f 778/885/777 779/886/778 783/890/782
f 778/885/777 783/890/782 782/889/781
f 783/890/782 779/886/778 784/891/783
f 783/890/782 784/891/783 785/892/784
f 783/890/782 785/892/784 782/889/781
f 782/889/781 785/892/784 786/893/785
f 782/889/781 786/893/785 787/894/786
f 782/889/781 787/894/786 781/888/780
f 787/894/786 786/893/785 788/895/787
f 789/896/788 771/878/770 781/888/780
f 771/878/770 789/896/788 764/871/763
f 764/871/763 789/896/788 770/877/769
f 789/896/788 781/888/780 790/897/789
f 789/896/788 790/897/789 770/877/769
f 781/888/780 787/894/786 791/898/790
f 781/888/780 791/898/790 790/897/789
f 792/899/791 787/894/786 788/895/787
f 787/894/786 792/899/791 791/898/790
f 770/877/769 790/897/789 793/900/792
f 793/900/792 790/897/789 791/898/790
f 793/900/792 791/898/790 792/899/791
f 770/877/769 793/900/792 741/843/740
f 792/899/791 788/895/787 794/901/793
f 794/901/793 788/895/787 795/902/794
f 792/899/791 794/901/793 796/903/795
f 793/900/792 792/899/791 797/904/796
f 797/904/796 792/899/791 796/903/795
f 793/900/792 797/904/796 741/843/740
f 797/904/796 796/903/795 798/905/797
f 741/843/740 797/904/796 799/906/798
f 741/843/740 799/906/798 727/841/726
f 727/841/726 799/906/798 726/907/725
f 726/907/725 799/906/798 724/908/723
f 799/906/798 797/904/796 800/909/799
f 800/909/799 797/904/796 798/905/797
f 799/906/798 800/909/799 724/908/723
f 800/909/799 798/905/797 253/910/253
f 800/909/799 253/910/253 724/908/723
f 245/911/245 249/912/249 222/913/222
f 222/913/222 249/912/249 801/914/800
f 801/914/800 249/912/249 251/915/251
f 801/914/800 251/915/251 253/916/253
f 801/914/800 253/916/253 802/917/801
f 801/918/800 802/919/801 222/920/222
f 222/920/222 802/919/801 220/921/220
f 802/922/801 253/923/253 798/924/797
f 802/922/801 798/924/797 803/925/802
f 802/922/801 803/925/802 804/926/803
f 803/925/802 798/924/797 796/927/795
f 804/926/803 803/925/802 805/928/804
f 805/928/804 803/925/802 796/927/795
f 804/926/803 805/928/804 806/929/805
f 806/929/805 805/928/804 807/930/806
f 807/930/806 805/928/804 808/931/807
f 808/931/807 805/928/804 809/932/808
f 809/932/808 805/928/804 796/927/795
f 809/932/808 796/927/795 795/933/794
f 795/933/794 796/927/795 794/934/793
f 809/932/808 795/933/794 810/935/809
f 810/935/809 795/933/794 788/936/787
f 809/932/808 810/935/809 811/937/810
f 810/935/809 788/936/787 786/938/785
f 811/937/810 810/935/809 812/939/811
f 812/939/811 810/935/809 813/940/812
f 813/940/812 810/935/809 786/938/785
f 812/939/811 813/940/812 814/941/813
f 814/941/813 813/940/812 815/942/814
f 815/942/814 813/940/812 786/938/785
f 815/942/814 786/938/785 785/943/784
f 815/942/814 785/943/784 784/944/783
f 815/942/814 784/944/783 816/945/815
f 220/946/220 802/947/801 219/948/219
f 219/948/219 802/947/801 817/949/816
f 817/949/816 802/947/801 804/950/803
f 817/949/816 804/950/803 818/951/817
f 818/951/817 804/950/803 806/952/805
f 817/949/816 818/951/817 819/953/818
f 818/951/817 806/952/805 820/954/819
f 818/951/817 820/954/819 819/953/818
f 219/948/219 817/949/816 821/955/820
f 821/955/820 817/949/816 819/953/818
f 219/948/219 821/955/820 822/956/821
f 219/948/219 822/956/821 218/957/218
f 821/955/820 819/953/818 823/958/822
f 821/955/820 823/958/822 822/956/821
f 218/957/218 822/956/821 824/959/823
f 824/959/823 822/956/821 823/958/822
f 218/957/218 824/959/823 825/960/824
f 218/957/218 825/960/824 217/961/217
f 217/961/217 825/960/824 214/962/214
f 214/962/214 825/960/824 826/963/825
f 826/963/825 825/960/824 824/959/823
f 214/962/214 826/963/825 827/964/826
f 214/962/214 827/964/826 213/965/213
f 213/965/213 827/964/826 828/966/827
f 827/964/826 826/963/825 829/967/828
f 829/967/828 826/963/825 824/959/823
f 827/964/826 829/967/828 830/968/829
f 830/968/829 829/967/828 831/969/830
f 829/967/828 824/959/823 832/970/831
f 829/967/828 832/970/831 831/969/830
f 832/970/831 824/959/823 833/971/832
f 833/971/832 824/959/823 823/958/822
f 831/969/830 832/970/831 834/972/833
f 834/972/833 832/970/831 833/971/832
f 831/969/830 834/972/833 835/973/834
f 833/971/832 823/958/822 836/974/835
f 834/972/833 833/971/832 837/975/836
f 837/975/836 833/971/832 836/974/835
f 834/972/833 837/975/836 838/976/837
f 834/972/833 838/976/837 839/977/838
f 838/976/837 837/975/836 840/978/839
f 838/976/837 840/978/839 841/979/840
f 837/975/836 836/974/835 842/980/841
f 837/975/836 842/980/841 840/978/839
f 843/981/842 836/974/835 823/958/822
f 836/974/835 843/981/842 842/980/841
f 843/981/842 823/958/822 819/953/818
f 841/979/840 840/978/839 844/982/843
f 844/982/843 840/978/839 842/980/841
f 841/979/840 844/982/843 845/983/844
f 842/980/841 843/981/842 846/984/845
f 846/984/845 843/981/842 819/953/818
f 842/980/841 846/984/845 844/982/843
f 846/984/845 819/953/818 820/954/819
f 845/983/844 844/982/843 847/985/846
f 844/982/843 846/984/845 848/986/847
f 848/986/847 846/984/845 820/954/819
f 844/982/843 848/986/847 847/985/846
f 848/986/847 820/954/819 849/987/848
f 848/986/847 849/987/848 847/985/846
f 849/987/848 820/954/819 850/988/849
f 850/988/849 820/954/819 806/952/805
f 850/988/849 806/952/805 807/989/806
f 847/985/846 849/987/848 851/990/850
f 847/985/846 851/990/850 852/991/851
f 849/987/848 850/988/849 853/992/852
f 849/987/848 853/992/852 851/990/850
f 850/988/849 807/989/806 854/993/853
f 850/988/849 854/993/853 853/992/852
f 851/990/850 853/992/852 855/994/854
f 851/990/850 855/994/854 856/995/855
f 853/992/852 854/993/853 857/996/856
f 853/992/852 857/996/856 855/994/854
f 854/993/853 807/989/806 858/997/857
f 858/997/857 807/989/806 808/998/807
f 858/997/857 808/998/807 809/999/808
f 858/997/857 809/999/808 811/1000/810
f 854/993/853 858/997/857 859/1001/858
f 859/1001/858 858/997/857 811/1000/810
f 860/1002/859 857/996/856 854/993/853
f 860/1002/859 854/993/853 859/1001/858
f 859/1001/858 811/1000/810 861/1003/860
f 859/1001/858 861/1003/860 860/1002/859
f 861/1003/860 811/1000/810 812/1004/811
f 857/996/856 860/1002/859 862/1005/861
f 857/996/856 862/1005/861 855/994/854
f 860/1002/859 861/1003/860 863/1006/862
f 860/1002/859 863/1006/862 862/1005/861
f 861/1003/860 812/1004/811 864/1007/863
f 861/1003/860 864/1007/863 865/1008/864
f 861/1003/860 865/1008/864 863/1006/862
f 864/1007/863 812/1004/811 866/1009/865
f 865/1008/864 864/1007/863 867/1010/866
f 867/1010/866 864/1007/863 866/1009/865
f 865/1008/864 867/1010/866 868/1011/867
f 865/1008/864 868/1011/867 863/1006/862
f 867/1010/866 866/1009/865 869/1012/868
f 867/1010/866 869/1012/868 868/1011/867
f 866/1009/865 812/1004/811 870/1013/869
f 870/1013/869 812/1004/811 814/1014/813
f 869/1012/868 866/1009/865 871/1015/870
f 870/1013/869 814/1014/813 816/1016/815
f 816/1016/815 814/1014/813 815/1017/814
f 866/1009/865 870/1013/869 872/1018/871
f 872/1018/871 870/1013/869 816/1016/815
f 871/1015/870 866/1009/865 873/1019/872
f 873/1019/872 866/1009/865 872/1018/871
f 869/1012/868 871/1015/870 874/1020/873
f 869/1012/868 874/1020/873 868/1011/867
f 871/1015/870 873/1019/872 875/1021/874
f 871/1015/870 875/1021/874 874/1020/873
f 872/1018/871 816/1016/815 876/1022/875
f 873/1019/872 872/1018/871 877/1023/876
f 877/1023/876 872/1018/871 876/1022/875
f 876/1022/875 816/1016/815 878/1024/877
f 876/1022/875 878/1024/877 877/1023/876
f 878/1024/877 816/1016/815 879/1025/878
f 873/1019/872 877/1023/876 880/1026/879
f 873/1019/872 880/1026/879 875/1021/874
f 877/1023/876 878/1024/877 881/1027/880
f 877/1023/876 881/1027/880 880/1026/879
f 881/1027/880 878/1024/877 882/1028/881
f 882/1028/881 878/1024/877 883/1029/882
f 881/1027/880 882/1028/881 884/1030/883
f 881/1027/880 884/1030/883 880/1026/879
f 884/1030/883 882/1028/881 885/1031/884
f 885/1031/884 882/1028/881 886/1032/885
f 885/1031/884 886/1032/885 887/1033/886
f 884/1030/883 885/1031/884 888/1034/887
f 888/1034/887 885/1031/884 887/1033/886
f 880/1026/879 884/1030/883 889/1035/888
f 889/1035/888 884/1030/883 888/1034/887
f 888/1034/887 887/1033/886 890/1036/889
f 890/1036/889 887/1033/886 891/1037/890
f 890/1036/889 891/1037/890 892/1038/891
f 890/1036/889 892/1038/891 893/1039/892
f 888/1034/887 890/1036/889 894/1040/893
f 888/1034/887 894/1040/893 889/1035/888
f 890/1036/889 893/1039/892 895/1041/894
f 890/1036/889 895/1041/894 894/1040/893
f 895/1041/894 893/1039/892 896/1042/895
f 896/1042/895 893/1039/892 897/1043/896
f 896/1042/895 897/1043/896 898/1044/897
f 889/1035/888 894/1040/893 899/1045/898
f 889/1035/888 899/1045/898 880/1026/879
f 894/1040/893 895/1041/894 900/1046/899
f 894/1040/893 900/1046/899 899/1045/898
f 895/1041/894 896/1042/895 901/1047/900
f 895/1041/894 901/1047/900 900/1046/899
f 896/1042/895 898/1044/897 902/1048/901
f 896/1042/895 902/1048/901 901/1047/900
f 902/1048/901 898/1044/897 903/1049/902
f 903/1049/902 898/1044/897 904/1050/903
f 901/1047/900 902/1048/901 905/1051/904
f 905/1051/904 902/1048/901 903/1049/902
f 903/1049/902 904/1050/903 906/1052/905
f 903/1049/902 906/1052/905 905/1051/904
f 906/1052/905 904/1050/903 907/1053/906
f 908/1054/907 900/1046/899 901/1047/900
f 908/1054/907 901/1047/900 905/1051/904
f 900/1046/899 908/1054/907 899/1045/898
f 905/1051/904 906/1052/905 909/1055/908
f 905/1051/904 909/1055/908 908/1054/907
f 906/1052/905 907/1053/906 910/1056/909
f 910/1056/909 907/1053/906 911/1057/910
f 906/1052/905 910/1056/909 912/1058/911
f 906/1052/905 912/1058/911 909/1055/908
f 910/1056/909 911/1057/910 913/1059/912
f 913/1059/912 911/1057/910 914/1060/913
f 912/1058/911 910/1056/909 915/1061/914
f 915/1061/914 910/1056/909 913/1059/912
f 913/1059/912 914/1060/913 916/1062/915
f 916/1062/915 914/1060/913 917/1063/916
f 916/1062/915 917/1063/916 918/1064/917
f 913/1059/912 916/1062/915 919/1065/918
f 913/1059/912 919/1065/918 915/1061/914
f 912/1058/911 915/1061/914 920/1066/919
f 912/1058/911 920/1066/919 909/1055/908
f 915/1061/914 919/1065/918 921/1067/920
f 915/1061/914 921/1067/920 920/1066/919
f 921/1067/920 919/1065/918 922/1068/921
f 922/1068/921 919/1065/918 923/1069/922
f 920/1066/919 921/1067/920 924/1070/923
f 924/1070/923 921/1067/920 922/1068/921
f 909/1055/908 920/1066/919 925/1071/924
f 925/1071/924 920/1066/919 924/1070/923
f 924/1070/923 922/1068/921 926/1072/925
f 926/1072/925 922/1068/921 927/1073/926
f 924/1070/923 926/1072/925 928/1074/927
f 924/1070/923 928/1074/927 925/1071/924
f 928/1074/927 926/1072/925 855/994/854
f 855/994/854 926/1072/925 856/995/855
f 928/1074/927 855/994/854 929/1075/928
f 928/1074/927 929/1075/928 925/1071/924
f 929/1075/928 855/994/854 862/1005/861
f 929/1075/928 862/1005/861 930/1076/929
f 930/1076/929 862/1005/861 863/1006/862
f 925/1071/924 929/1075/928 931/1077/930
f 931/1077/930 929/1075/928 930/1076/929
f 932/1078/931 909/1055/908 925/1071/924
f 932/1078/931 925/1071/924 931/1077/930
f 909/1055/908 932/1078/931 908/1054/907
f 930/1076/929 863/1006/862 933/1079/932
f 930/1076/929 933/1079/932 931/1077/930
f 932/1078/931 931/1077/930 934/1080/933
f 932/1078/931 934/1080/933 908/1054/907
f 934/1080/933 931/1077/930 935/1081/934
f 908/1054/907 934/1080/933 936/1082/935
f 908/1054/907 936/1082/935 899/1045/898
f 934/1080/933 935/1081/934 937/1083/936
f 934/1080/933 937/1083/936 936/1082/935
f 935/1081/934 931/1077/930 938/1084/937
f 935/1081/934 938/1084/937 937/1083/936
f 938/1084/937 931/1077/930 933/1079/932
f 937/1083/936 938/1084/937 939/1085/938
f 939/1085/938 938/1084/937 933/1079/932
f 936/1082/935 937/1083/936 940/1086/939
f 936/1082/935 940/1086/939 899/1045/898
f 940/1086/939 937/1083/936 939/1085/938
f 899/1045/898 940/1086/939 941/1087/940
f 899/1045/898 941/1087/940 880/1026/879
f 880/1026/879 941/1087/940 875/1021/874
f 875/1021/874 941/1087/940 940/1086/939
f 875/1021/874 940/1086/939 939/1085/938
f 875/1021/874 939/1085/938 942/1088/941
f 875/1021/874 942/1088/941 874/1020/873
f 942/1088/941 939/1085/938 943/1089/942
f 943/1089/942 939/1085/938 933/1079/932
f 874/1020/873 942/1088/941 944/1090/943
f 944/1090/943 942/1088/941 943/1089/942
f 874/1020/873 944/1090/943 868/1011/867
f 943/1089/942 933/1079/932 945/1091/944
f 943/1089/942 945/1091/944 944/1090/943
f 944/1090/943 945/1091/944 868/1011/867
f 945/1091/944 933/1079/932 863/1006/862
f 945/1091/944 863/1006/862 868/1011/867
f 838/1092/837 841/1093/840 946/1094/945
f 838/1092/837 946/1094/945 839/1095/838
f 946/1094/945 841/1093/840 947/1096/946
f 947/1096/946 841/1093/840 845/1097/844
f 839/1095/838 946/1094/945 948/1098/947
f 946/1094/945 947/1096/946 949/1099/948
f 947/1096/946 845/1097/844 950/1100/949
f 947/1096/946 950/1100/949 949/1099/948
f 950/1100/949 845/1097/844 852/1101/851
f 852/1101/851 845/1097/844 847/1102/846
f 950/1100/949 852/1101/851 951/1103/950
f 851/1104/850 856/1105/855 852/1101/851
f 852/1101/851 856/1105/855 952/1106/951
f 852/1101/851 952/1106/951 951/1103/950
f 952/1106/951 856/1105/855 927/1107/926
f 952/1106/951 927/1107/926 951/1103/950
f 927/1107/926 856/1105/855 926/1108/925
f 950/1100/949 951/1103/950 953/1109/952
f 950/1100/949 953/1109/952 949/1099/948
f 951/1103/950 927/1107/926 954/1110/953
f 954/1110/953 927/1107/926 922/1111/921
f 954/1110/953 922/1111/921 923/1112/922
f 951/1103/950 954/1110/953 955/1113/954
f 951/1103/950 955/1113/954 953/1109/952
f 954/1110/953 923/1112/922 956/1114/687
f 954/1110/953 956/1114/687 955/1113/954
f 956/1114/687 923/1112/922 957/1115/955
f 953/1109/952 955/1113/954 958/1116/956
f 958/1116/956 955/1113/954 956/1114/687
f 953/1109/952 958/1116/956 959/1117/957
f 953/1109/952 959/1117/957 949/1099/948
f 958/1116/956 956/1114/687 960/1118/958
f 960/1118/958 956/1114/687 957/1115/955
f 958/1116/956 960/1118/958 961/1119/959
f 958/1116/956 961/1119/959 959/1117/957
f 962/1120/960 957/1115/955 923/1112/922
f 962/1120/960 923/1112/922 919/1121/918
f 960/1118/958 957/1115/955 963/1122/961
f 960/1118/958 963/1122/961 961/1119/959
f 957/1115/955 962/1120/960 964/1123/962
f 964/1123/962 962/1120/960 919/1121/918
f 963/1122/961 957/1115/955 965/1124/963
f 965/1124/963 957/1115/955 964/1123/962
f 961/1119/959 963/1122/961 966/1125/964
f 966/1125/964 963/1122/961 965/1124/963
f 961/1119/959 966/1125/964 967/1126/965
f 961/1119/959 967/1126/965 968/1127/966
f 969/1128/967 970/1129/968 966/1125/964
f 969/1128/967 966/1125/964 965/1124/963
f 961/1119/959 968/1127/966 971/1130/969
f 971/1130/969 968/1127/966 972/1131/970
f 961/1119/959 971/1130/969 959/1117/957
f 971/1130/969 972/1131/970 973/1132/971
f 971/1130/969 973/1132/971 959/1117/957
f 973/1132/971 972/1131/970 974/1133/972
f 969/1128/967 965/1124/963 975/1134/973
f 973/1132/971 974/1133/972 976/1135/974
f 959/1117/957 973/1132/971 977/1136/975
f 977/1136/975 973/1132/971 976/1135/974
f 959/1117/957 977/1136/975 978/1137/976
f 977/1136/975 976/1135/974 979/1138/977
f 977/1136/975 979/1138/977 978/1137/976
f 979/1138/977 976/1135/974 980/1139/978
f 980/1139/978 976/1135/974 981/1140/979
f 980/1139/978 981/1140/979 982/1141/980
f 979/1138/977 980/1139/978 983/1142/981
f 983/1142/981 980/1139/978 982/1141/980
f 979/1138/977 983/1142/981 978/1137/976
f 984/1143/982 959/1117/957 978/1137/976
f 959/1117/957 984/1143/982 949/1099/948
f 949/1099/948 984/1143/982 985/1144/983
f 949/1099/948 985/1144/983 946/1094/945
f 946/1094/945 985/1144/983 948/1098/947
f 985/1144/983 984/1143/982 986/1145/984
f 985/1144/983 986/1145/984 948/1098/947
f 986/1145/984 984/1143/982 978/1137/976
f 987/1146/985 978/1137/976 983/1142/981
f 978/1137/976 987/1146/985 986/1145/984
f 988/1147/986 983/1142/981 982/1141/980
f 983/1142/981 988/1147/986 987/1146/985
f 988/1147/986 982/1141/980 989/1148/987
f 986/1145/984 987/1146/985 990/1149/988
f 986/1145/984 990/1149/988 948/1098/947
f 987/1146/985 988/1147/986 991/1150/989
f 987/1146/985 991/1150/989 990/1149/988
f 948/1098/947 990/1149/988 992/1151/990
f 948/1098/947 992/1151/990 839/1095/838
f 990/1149/988 991/1150/989 993/1152/991
f 990/1149/988 993/1152/991 992/1151/990
f 839/1095/838 992/1151/990 835/1153/834
f 839/1095/838 835/1153/834 834/1154/833
f 835/1153/834 992/1151/990 993/1152/991
f 994/1155/992 991/1150/989 988/1147/986
f 994/1155/992 988/1147/986 995/1156/993
f 991/1150/989 994/1155/992 996/1157/994
f 991/1150/989 996/1157/994 993/1152/991
f 996/1157/994 994/1155/992 997/1158/995
f 997/1158/995 994/1155/992 998/1159/996
f 993/1152/991 996/1157/994 999/1160/997
f 999/1160/997 996/1157/994 997/1158/995
f 1000/1161/998 835/1153/834 993/1152/991
f 835/1153/834 1000/1161/998 831/1162/830
f 831/1162/830 1000/1161/998 830/1163/829
f 1000/1161/998 993/1152/991 828/1164/827
f 1000/1161/998 828/1164/827 830/1163/829
f 828/1164/827 993/1152/991 999/1160/997
f 828/1164/827 999/1160/997 997/1158/995
f 830/1163/829 828/1164/827 827/1165/826
f 828/1164/827 997/1158/995 213/1166/213
f 213/1166/213 997/1158/995 1001/1167/999
f 213/1166/213 1001/1167/999 1002/1168/1000
f 213/1166/213 1002/1168/1000 205/1169/205
f 205/1169/205 1002/1168/1000 1003/1170/1001
f 205/1169/205 1003/1170/1001 206/1171/206
f 918/1172/917 964/1123/962 919/1121/918
f 918/1172/917 919/1121/918 916/1173/915
f 964/1123/962 918/1172/917 1004/1174/1002
f 964/1123/962 1004/1174/1002 965/1124/963
f 965/1124/963 1004/1174/1002 1005/1175/1003
f 965/1124/963 1005/1175/1003 975/1134/973
f 1004/1174/1002 918/1172/917 1006/1176/1004
f 1004/1174/1002 1006/1176/1004 1005/1175/1003
f 1006/1176/1004 918/1172/917 1007/1177/1005
f 1007/1177/1005 918/1172/917 917/1178/916
f 1007/1177/1005 917/1178/916 1008/1179/1006
f 1007/1177/1005 1008/1179/1006 1009/1180/1007
f 1007/1177/1005 1009/1180/1007 1006/1176/1004
f 1009/1180/1007 1008/1179/1006 1010/1181/1008
f 1005/1175/1003 1006/1176/1004 1011/1182/1009
f 1011/1182/1009 1006/1176/1004 1009/1180/1007
f 1005/1175/1003 1011/1182/1009 975/1134/973
f 975/1134/973 1011/1182/1009 1012/1183/1010
f 1012/1183/1010 1011/1182/1009 1009/1180/1007
f 975/1134/973 1012/1183/1010 1013/1184/1011
f 1009/1180/1007 1010/1181/1008 1014/1185/1012
f 1009/1180/1007 1014/1185/1012 1012/1183/1010
f 1012/1183/1010 1014/1185/1012 1013/1184/1011
f 1014/1185/1012 1010/1181/1008 1015/1186/1013
f 1013/1184/1011 1014/1185/1012 1016/1187/1014
f 1014/1185/1012 1015/1186/1013 1017/1188/1015
f 1014/1185/1012 1017/1188/1015 1016/1187/1014
f 1017/1188/1015 1015/1186/1013 1018/1189/1016
f 1017/1188/1015 1018/1189/1016 1019/1190/1017
f 1016/1187/1014 1017/1188/1015 1020/1191/1018
f 1016/1187/1014 1020/1191/1018 1021/1192/1019
f 1020/1191/1018 1017/1188/1015 1022/1193/1020
f 1022/1193/1020 1017/1188/1015 1019/1190/1017
f 1020/1191/1018 1022/1193/1020 1023/1194/1021
f 1022/1193/1020 1019/1190/1017 1024/1195/1022
f 1022/1193/1020 1024/1195/1022 1025/1196/1023
f 1024/1195/1022 1019/1190/1017 1026/1197/1024
f 1024/1195/1022 1026/1197/1024 1027/1198/1025
f 917/1199/916 914/1200/913 1008/1201/1006
f 1008/1201/1006 914/1200/913 1028/1202/1026
f 1008/1201/1006 1028/1202/1026 1010/1203/1008
f 1028/1202/1026 914/1200/913 1029/1204/1027
f 1029/1204/1027 914/1200/913 1030/1205/1028
f 1030/1205/1028 914/1200/913 1031/1206/1029
f 1030/1205/1028 1031/1206/1029 1032/1207/1030
f 1030/1205/1028 1032/1207/1030 1029/1204/1027
f 1028/1202/1026 1029/1204/1027 1033/1208/1031
f 1033/1208/1031 1029/1204/1027 1032/1207/1030
f 1028/1202/1026 1033/1208/1031 1010/1203/1008
f 1010/1203/1008 1033/1208/1031 1034/1209/1032
f 1033/1208/1031 1032/1207/1030 1035/1210/1033
f 1033/1208/1031 1035/1210/1033 1034/1209/1032
f 1035/1210/1033 1032/1207/1030 1036/1211/1034
f 1010/1203/1008 1034/1209/1032 1037/1212/1035
f 1037/1212/1035 1034/1209/1032 1035/1210/1033
f 1010/1203/1008 1037/1212/1035 1015/1213/1013
f 1035/1210/1033 1036/1211/1034 1038/1214/1036
f 1035/1210/1033 1038/1214/1036 1037/1212/1035
f 1015/1213/1013 1037/1212/1035 1018/1215/1016
f 1037/1212/1035 1038/1214/1036 1039/1216/1037
f 1037/1212/1035 1039/1216/1037 1018/1215/1016
f 1039/1216/1037 1038/1214/1036 1040/1217/1038
f 1040/1217/1038 1038/1214/1036 1041/1218/1039
f 1018/1215/1016 1039/1216/1037 1042/1219/1040
f 1042/1219/1040 1039/1216/1037 1040/1217/1038
f 1040/1217/1038 1041/1218/1039 1043/1220/1041
f 1042/1219/1040 1040/1217/1038 1044/1221/1042
f 1044/1221/1042 1040/1217/1038 1043/1220/1041
f 1018/1215/1016 1042/1219/1040 1045/1222/1043
f 1045/1222/1043 1042/1219/1040 1044/1221/1042
f 1018/1215/1016 1045/1222/1043 1046/1223/1044
f 1018/1215/1016 1046/1223/1044 1019/1224/1017
f 1019/1224/1017 1046/1223/1044 1026/1225/1024
f 1026/1225/1024 1046/1223/1044 1045/1222/1043
f 1045/1222/1043 1044/1221/1042 1047/1226/1045
f 1045/1222/1043 1047/1226/1045 1026/1225/1024
f 1048/1227/1046 1044/1221/1042 1043/1220/1041
f 1044/1221/1042 1048/1227/1046 1047/1226/1045
f 1048/1227/1046 1043/1220/1041 1049/1228/1047
f 1049/1228/1047 1043/1220/1041 1050/1229/1048
f 1047/1226/1045 1048/1227/1046 1051/1230/1049
f 1051/1230/1049 1048/1227/1046 1049/1228/1047
f 1049/1228/1047 1050/1229/1048 1052/1231/1050
f 1049/1228/1047 1052/1231/1050 1051/1230/1049
f 1052/1231/1050 1050/1229/1048 1053/1232/1051
f 1054/1233/1052 1026/1225/1024 1047/1226/1045
f 1054/1233/1052 1047/1226/1045 1051/1230/1049
f 1026/1225/1024 1054/1233/1052 1027/1234/1025
f 1027/1234/1025 1054/1233/1052 1055/1235/1053
f 1055/1235/1053 1054/1233/1052 1056/1236/1054
f 1056/1236/1054 1054/1233/1052 1051/1230/1049
f 1055/1235/1053 1056/1236/1054 1057/1237/1055
f 1057/1237/1055 1056/1236/1054 1058/1238/1056
f 1058/1238/1056 1056/1236/1054 1051/1230/1049
f 1057/1237/1055 1058/1238/1056 1059/1239/1057
f 1058/1238/1056 1051/1230/1049 1060/1240/1058
f 1060/1240/1058 1051/1230/1049 1052/1231/1050
f 1059/1239/1057 1058/1238/1056 1061/1241/1059
f 1061/1241/1059 1058/1238/1056 1060/1240/1058
f 1060/1240/1058 1052/1231/1050 1062/1242/1060
f 1062/1242/1060 1052/1231/1050 1063/1243/1061
f 1063/1243/1061 1052/1231/1050 1053/1232/1051
f 1063/1243/1061 1053/1232/1051 1064/1244/1062
f 1063/1243/1061 1064/1244/1062 1065/1245/1063
f 1065/1245/1063 1064/1244/1062 1066/1246/83
f 1062/1242/1060 1063/1243/1061 1067/1247/1064
f 1060/1240/1058 1062/1242/1060 1068/1248/1065
f 1068/1248/1065 1062/1242/1060 1067/1247/1064
f 1060/1240/1058 1068/1248/1065 1069/1249/1066
f 1060/1240/1058 1069/1249/1066 1061/1241/1059
f 1069/1249/1066 1068/1248/1065 1070/1250/1067
f 1069/1249/1066 1070/1250/1067 1061/1241/1059
f 1068/1248/1065 1067/1247/1064 1071/1251/1068
f 1068/1248/1065 1071/1251/1068 1070/1250/1067
f 1072/1252/1069 1067/1247/1064 1063/1243/1061
f 1072/1252/1069 1063/1243/1061 1065/1245/1063
f 1067/1247/1064 1072/1252/1069 1071/1251/1068
f 1072/1252/1069 1065/1245/1063 1073/1253/1070
f 1072/1252/1069 1073/1253/1070 1071/1251/1068
f 1073/1253/1070 1065/1245/1063 1074/1254/1071
f 1074/1254/1071 1065/1245/1063 1066/1246/83
f 1074/1254/1071 1066/1246/83 1075/1255/1072
f 1075/1255/1072 1066/1246/83 1076/1256/1073
f 1074/1254/1071 1075/1255/1072 1077/1257/1074
f 1075/1255/1072 1076/1256/1073 1078/1258/1075
f 1075/1255/1072 1078/1258/1075 1077/1257/1074
f 1078/1258/1075 1076/1256/1073 1079/1259/1076
f 1078/1258/1075 1079/1259/1076 1080/1260/1077
f 1078/1258/1075 1080/1260/1077 1081/1261/1078
f 1078/1258/1075 1081/1261/1078 1077/1257/1074
f 1081/1261/1078 1080/1260/1077 1082/1262/1079
f 1074/1254/1071 1077/1257/1074 1083/1263/1080
f 1074/1254/1071 1083/1263/1080 1073/1253/1070
f 1081/1261/1078 1082/1262/1079 1084/1264/1081
f 1084/1264/1081 1082/1262/1079 1085/1265/1082
f 1077/1257/1074 1081/1261/1078 1086/1266/1083
f 1073/1253/1070 1083/1263/1080 1087/1267/1084
f 1083/1263/1080 1077/1257/1074 1088/1268/1085
f 1083/1263/1080 1088/1268/1085 1087/1267/1084
f 1088/1268/1085 1077/1257/1074 1086/1266/1083
f 1073/1253/1070 1087/1267/1084 1071/1251/1068
f 1088/1268/1085 1086/1266/1083 1089/1269/1086
f 1088/1268/1085 1089/1269/1086 1087/1267/1084
f 1090/1270/1087 1086/1266/1083 1081/1261/1078
f 1090/1270/1087 1081/1261/1078 1084/1264/1081
f 1086/1266/1083 1090/1270/1087 1091/1271/1088
f 1086/1266/1083 1091/1271/1088 1089/1269/1086
f 1090/1270/1087 1084/1264/1081 1092/1272/1089
f 1092/1272/1089 1084/1264/1081 1085/1265/1082
f 1092/1272/1089 1085/1265/1082 1093/1273/1090
f 1090/1270/1087 1092/1272/1089 1094/1274/1091
f 1090/1270/1087 1094/1274/1091 1091/1271/1088
f 1092/1272/1089 1093/1273/1090 1095/1275/1092
f 1092/1272/1089 1095/1275/1092 1094/1274/1091
f 1095/1275/1092 1093/1273/1090 1096/1276/1093
f 1091/1271/1088 1094/1274/1091 1097/1277/1094
f 1097/1277/1094 1094/1274/1091 1095/1275/1092
f 1095/1275/1092 1096/1276/1093 1098/1278/1095
f 1095/1275/1092 1098/1278/1095 1097/1277/1094
f 1098/1278/1095 1096/1276/1093 1099/1279/1096
f 1091/1271/1088 1097/1277/1094 1100/1280/1097
f 1100/1280/1097 1097/1277/1094 1098/1278/1095
f 1091/1271/1088 1100/1280/1097 1089/1269/1086
f 1098/1278/1095 1099/1279/1096 1101/1281/1098
f 1098/1278/1095 1101/1281/1098 1100/1280/1097
f 1101/1281/1098 1099/1279/1096 1102/1282/1099
f 1102/1282/1099 1099/1279/1096 116/1283/116
f 1101/1281/1098 1102/1282/1099 1103/1284/1100
f 1101/1281/1098 1103/1284/1100 1104/1285/1101
f 1101/1281/1098 1104/1285/1101 1100/1280/1097
f 1104/1285/1101 1103/1284/1100 1105/1286/1102
f 1104/1285/1101 1105/1286/1102 1106/1287/1103
f 1106/1287/1103 1105/1286/1102 1107/1288/1104
f 1100/1280/1097 1104/1285/1101 1108/1289/1105
f 1108/1289/1105 1104/1285/1101 1106/1287/1103
f 1106/1287/1103 1107/1288/1104 1109/1290/1106
f 1106/1287/1103 1109/1290/1106 1108/1289/1105
f 1109/1290/1106 1107/1288/1104 1110/1291/1107
f 1110/1291/1107 1107/1288/1104 1111/1292/1108
f 1108/1289/1105 1109/1290/1106 1112/1293/1109
f 1108/1289/1105 1112/1293/1109 1100/1280/1097
f 1110/1291/1107 1111/1292/1108 1113/1294/1110
f 1100/1280/1097 1112/1293/1109 1114/1295/1111
f 1100/1280/1097 1114/1295/1111 1089/1269/1086
f 1112/1293/1109 1109/1290/1106 1115/1296/1112
f 1115/1296/1112 1109/1290/1106 1110/1291/1107
f 1112/1293/1109 1115/1296/1112 1114/1295/1111
f 1089/1269/1086 1114/1295/1111 1116/1297/1113
f 1116/1297/1113 1114/1295/1111 1115/1296/1112
f 1089/1269/1086 1116/1297/1113 1087/1267/1084
f 1087/1267/1084 1116/1297/1113 1071/1251/1068
f 1071/1251/1068 1116/1297/1113 1117/1298/1114
f 1117/1298/1114 1116/1297/1113 1115/1296/1112
f 1071/1251/1068 1117/1298/1114 1070/1250/1067
f 1070/1250/1067 1117/1298/1114 1118/1299/1115
f 1070/1250/1067 1118/1299/1115 1061/1241/1059
f 1117/1298/1114 1115/1296/1112 1119/1300/1116
f 1061/1241/1059 1118/1299/1115 1120/1301/1117
f 1061/1241/1059 1120/1301/1117 1059/1239/1057
f 1059/1239/1057 1120/1301/1117 1121/1302/1118
f 1120/1301/1117 1118/1299/1115 1122/1303/1119
f 1120/1301/1117 1122/1303/1119 1121/1302/1118
f 1123/1304/1120 1118/1299/1115 1117/1298/1114
f 1123/1304/1120 1117/1298/1114 1119/1300/1116
f 1118/1299/1115 1123/1304/1120 1122/1303/1119
f 1124/1305/1121 1119/1300/1116 1115/1296/1112
f 1124/1305/1121 1115/1296/1112 1110/1291/1107
f 1123/1304/1120 1119/1300/1116 1125/1306/1122
f 1125/1306/1122 1119/1300/1116 1124/1305/1121
f 1123/1304/1120 1125/1306/1122 1122/1303/1119
f 1124/1305/1121 1110/1291/1107 1126/1307/1123
f 1124/1305/1121 1126/1307/1123 1125/1306/1122
f 1126/1307/1123 1110/1291/1107 1113/1294/1110
f 1126/1307/1123 1113/1294/1110 1127/1308/1124
f 1127/1308/1124 1113/1294/1110 1128/1309/1125
f 1126/1307/1123 1127/1308/1124 1129/1310/1126
f 1126/1307/1123 1129/1310/1126 1125/1306/1122
f 1129/1310/1126 1127/1308/1124 1130/1311/1127
f 1131/1312/732 1122/1303/1119 1125/1306/1122
f 1122/1303/1119 1131/1312/732 1121/1302/1118
f 1121/1302/1118 1131/1312/732 1132/1313/1128
f 1131/1312/732 1125/1306/1122 1133/1314/1129
f 1133/1314/1129 1125/1306/1122 1129/1310/1126
f 1131/1312/732 1133/1314/1129 1134/1315/1130
f 1134/1315/1130 1133/1314/1129 1135/1316/1131
f 1135/1316/1131 1133/1314/1129 1129/1310/1126
f 1136/1317/1132 1135/1316/1131 1130/1311/1127
f 1135/1316/1131 1129/1310/1126 1137/1318/1133
f 1135/1316/1131 1137/1318/1133 1130/1311/1127
f 1130/1311/1127 1137/1318/1133 1129/1310/1126
f 975/1319/973 1013/1320/1011 1138/1321/1134
f 1138/1321/1134 1013/1320/1011 1139/1322/1135
f 975/1319/973 1138/1321/1134 1140/1323/1136
f 1138/1321/1134 1139/1322/1135 1141/1324/1137
f 1138/1321/1134 1141/1324/1137 1140/1323/1136
f 975/1319/973 1140/1323/1136 969/1325/967
f 1141/1324/1137 1139/1322/1135 1142/1326/1138
f 1142/1326/1138 1139/1322/1135 1143/1327/1139
f 1140/1323/1136 1141/1324/1137 1144/1328/1140
f 1144/1328/1140 1141/1324/1137 1142/1326/1138
f 1142/1326/1138 1143/1327/1139 1145/1329/1141
f 1140/1323/1136 1144/1328/1140 1146/1330/1142
f 1140/1323/1136 1146/1330/1142 969/1325/967
f 1144/1328/1140 1142/1326/1138 1147/1331/1143
f 1144/1328/1140 1147/1331/1143 1146/1330/1142
f 1142/1326/1138 1145/1329/1141 1148/1332/1144
f 1142/1326/1138 1148/1332/1144 1147/1331/1143
f 1146/1330/1142 1147/1331/1143 1149/1333/1145
f 1146/1330/1142 1149/1333/1145 969/1325/967
f 1148/1332/1144 1145/1329/1141 1150/1334/1146
f 1150/1334/1146 1145/1329/1141 1151/1335/1147
f 1150/1334/1146 1151/1335/1147 1152/1336/1148
f 1152/1336/1148 1151/1335/1147 1153/1337/1149
f 1148/1332/1144 1150/1334/1146 1154/1338/1150
f 1154/1338/1150 1150/1334/1146 1152/1336/1148
f 1152/1336/1148 1153/1337/1149 1155/1339/1151
f 1154/1338/1150 1152/1336/1148 1156/1340/1152
f 1156/1340/1152 1152/1336/1148 1155/1339/1151
f 1148/1332/1144 1154/1338/1150 1157/1341/1153
f 1154/1338/1150 1156/1340/1152 1158/1342/1154
f 1154/1338/1150 1158/1342/1154 1157/1341/1153
f 1158/1342/1154 1156/1340/1152 1159/1343/1155
f 1159/1343/1155 1156/1340/1152 1155/1339/1151
f 1158/1342/1154 1159/1343/1155 1160/1344/1156
f 1158/1342/1154 1160/1344/1156 1157/1341/1153
f 1159/1343/1155 1155/1339/1151 1161/1345/1157
f 1159/1343/1155 1161/1345/1157 1162/1346/1158
f 1159/1343/1155 1162/1346/1158 1160/1344/1156
f 1161/1345/1157 1155/1339/1151 1163/1347/1159
f 1161/1345/1157 1163/1347/1159 1162/1346/1158
f 1164/1348/1160 1155/1339/1151 1153/1337/1149
f 1155/1339/1151 1164/1348/1160 1163/1347/1159
f 1164/1348/1160 1153/1337/1149 1165/1349/1161
f 1164/1348/1160 1165/1349/1161 1166/1350/1162
f 1164/1348/1160 1166/1350/1162 1167/1351/1163
f 1164/1348/1160 1167/1351/1163 1163/1347/1159
f 1162/1346/1158 1163/1347/1159 1168/1352/1164
f 1168/1352/1164 1163/1347/1159 1167/1351/1163
f 1162/1346/1158 1168/1352/1164 1160/1344/1156
f 1168/1352/1164 1167/1351/1163 1169/1353/1165
f 1168/1352/1164 1169/1353/1165 1160/1344/1156
f 1169/1353/1165 1167/1351/1163 1170/1354/1166
f 1169/1353/1165 1170/1354/1166 1171/1355/1167
f 1169/1353/1165 1171/1355/1167 1172/1356/1168
f 1169/1353/1165 1172/1356/1168 1160/1344/1156
f 1172/1356/1168 1171/1355/1167 1173/1357/119
f 1172/1356/1168 1173/1357/119 1174/1358/1169
f 1174/1358/1169 1173/1357/119 1175/1359/1058
f 1160/1344/1156 1172/1356/1168 1176/1360/1170
f 1176/1360/1170 1172/1356/1168 1174/1358/1169
f 1176/1360/1170 1174/1358/1169 1177/1361/1171
f 1160/1344/1156 1176/1360/1170 1157/1341/1153
f 1176/1360/1170 1177/1361/1171 1178/1362/1172
f 1176/1360/1170 1178/1362/1172 1157/1341/1153
f 1178/1362/1172 1177/1361/1171 1179/1363/1173
f 1157/1341/1153 1178/1362/1172 1180/1364/1174
f 1180/1364/1174 1178/1362/1172 1181/1365/1175
f 1181/1365/1175 1178/1362/1172 1182/1366/1176
f 1180/1364/1174 1181/1365/1175 1183/1367/1177
f 1183/1367/1177 1181/1365/1175 1184/1368/1178
f 1183/1367/1177 1184/1368/1178 1185/1369/1179
f 1180/1364/1174 1183/1367/1177 1186/1370/1180
f 1180/1364/1174 1186/1370/1180 1157/1341/1153
f 1186/1370/1180 1183/1367/1177 1185/1369/1179
f 1157/1341/1153 1186/1370/1180 1187/1371/1181
f 1157/1341/1153 1187/1371/1181 1148/1332/1144
f 1148/1332/1144 1187/1371/1181 1147/1331/1143
f 1186/1370/1180 1185/1369/1179 1188/1372/1182
f 1188/1372/1182 1185/1369/1179 1189/1373/1183
f 1188/1372/1182 1189/1373/1183 1190/1374/1184
f 1147/1331/1143 1187/1371/1181 1191/1375/1185
f 1190/1374/1184 1189/1373/1183 1192/1376/1186
f 1192/1376/1186 1189/1373/1183 1193/1377/1187
f 1147/1331/1143 1191/1375/1185 1149/1333/1145
f 1192/1376/1186 1193/1377/1187 1194/1378/1188
f 1191/1375/1185 1187/1371/1181 1195/1379/1189
f 1195/1379/1189 1187/1371/1181 1186/1370/1180
f 1149/1333/1145 1191/1375/1185 1196/1380/1190
f 1196/1380/1190 1191/1375/1185 1195/1379/1189
f 1195/1379/1189 1186/1370/1180 1197/1381/1191
f 1197/1381/1191 1186/1370/1180 1188/1372/1182
f 1196/1380/1190 1195/1379/1189 1198/1382/1192
f 1198/1382/1192 1195/1379/1189 1197/1381/1191
f 1149/1333/1145 1196/1380/1190 1199/1383/1193
f 1199/1383/1193 1196/1380/1190 1198/1382/1192
f 1197/1381/1191 1188/1372/1182 1200/1384/1194
f 1200/1384/1194 1188/1372/1182 1190/1374/1184
f 1200/1384/1194 1190/1374/1184 1192/1376/1186
f 1197/1381/1191 1200/1384/1194 1201/1385/1195
f 1200/1384/1194 1192/1376/1186 1202/1386/1196
f 1200/1384/1194 1202/1386/1196 1201/1385/1195
f 1203/1387/1197 1198/1382/1192 1197/1381/1191
f 1203/1387/1197 1197/1381/1191 1201/1385/1195
f 1198/1382/1192 1203/1387/1197 1204/1388/1198
f 1198/1382/1192 1204/1388/1198 1199/1383/1193
f 1203/1387/1197 1201/1385/1195 1205/1389/1199
f 1203/1387/1197 1205/1389/1199 1204/1388/1198
f 1201/1385/1195 1202/1386/1196 1206/1390/1200
f 1201/1385/1195 1206/1390/1200 1205/1389/1199
f 1207/1391/1201 1202/1386/1196 1192/1376/1186
f 1202/1386/1196 1207/1391/1201 1206/1390/1200
f 1207/1391/1201 1192/1376/1186 1194/1378/1188
f 1207/1391/1201 1194/1378/1188 1208/1392/1202
f 1207/1391/1201 1208/1392/1202 1209/1393/1203
f 1207/1391/1201 1209/1393/1203 1206/1390/1200
f 1205/1389/1199 1206/1390/1200 1210/1394/1204
f 1210/1394/1204 1206/1390/1200 1209/1393/1203
f 1205/1389/1199 1210/1394/1204 1204/1388/1198
f 1210/1394/1204 1209/1393/1203 1211/1395/1205
f 1211/1395/1205 1209/1393/1203 1212/1396/1206
f 1211/1395/1205 1212/1396/1206 1213/1397/1207
f 1210/1394/1204 1211/1395/1205 1214/1398/1208
f 1210/1394/1204 1214/1398/1208 1204/1388/1198
f 1211/1395/1205 1213/1397/1207 1215/1399/1209
f 1215/1399/1209 1213/1397/1207 1216/1400/1210
f 1214/1398/1208 1211/1395/1205 1217/1401/1211
f 1217/1401/1211 1211/1395/1205 1215/1399/1209
f 1215/1399/1209 1216/1400/1210 1218/1402/1212
f 1218/1402/1212 1216/1400/1210 1219/1403/1213
f 1217/1401/1211 1215/1399/1209 1220/1404/1214
f 1214/1398/1208 1217/1401/1211 1221/1405/1215
f 1221/1405/1215 1217/1401/1211 1220/1404/1214
f 1214/1398/1208 1221/1405/1215 1222/1406/1216
f 1214/1398/1208 1222/1406/1216 1204/1388/1198
f 1221/1405/1215 1220/1404/1214 1223/1407/1217
f 1221/1405/1215 1223/1407/1217 1222/1406/1216
f 1220/1404/1214 1215/1399/1209 1224/1408/1218
f 1224/1408/1218 1215/1399/1209 1218/1402/1212
f 1223/1407/1217 1220/1404/1214 1225/1409/1219
f 1225/1409/1219 1220/1404/1214 1224/1408/1218
f 1225/1409/1219 1224/1408/1218 1226/1410/1220
f 1226/1410/1220 1224/1408/1218 1218/1402/1212
f 1225/1409/1219 1226/1410/1220 1227/1411/1221
f 1226/1410/1220 1218/1402/1212 1228/1412/1222
f 1225/1409/1219 1227/1411/1221 1229/1413/1223
f 1225/1409/1219 1229/1413/1223 1223/1407/1217
f 1229/1413/1223 1227/1411/1221 1230/1414/1224
f 1223/1407/1217 1229/1413/1223 1231/1415/1225
f 1231/1415/1225 1229/1413/1223 1230/1414/1224
f 1223/1407/1217 1231/1415/1225 1222/1406/1216
f 1231/1415/1225 1230/1414/1224 1232/1416/1226
f 1232/1416/1226 1230/1414/1224 1233/1417/1227
f 1231/1415/1225 1232/1416/1226 1234/1418/1228
f 1234/1418/1228 1232/1416/1226 972/1419/970
f 1234/1418/1228 972/1419/970 968/1420/966
f 1234/1418/1228 968/1420/966 967/1421/965
f 1231/1415/1225 1234/1418/1228 1235/1422/1229
f 1235/1422/1229 1234/1418/1228 967/1421/965
f 1231/1415/1225 1235/1422/1229 1222/1406/1216
f 1222/1406/1216 1235/1422/1229 1236/1423/1230
f 1222/1406/1216 1236/1423/1230 1204/1388/1198
f 1204/1388/1198 1236/1423/1230 1199/1383/1193
f 1236/1423/1230 1235/1422/1229 1237/1424/1231
f 1236/1423/1230 1237/1424/1231 1199/1383/1193
f 1237/1424/1231 1235/1422/1229 967/1421/965
f 1199/1383/1193 1237/1424/1231 1238/1425/1232
f 1199/1383/1193 1238/1425/1232 1149/1333/1145
f 1149/1333/1145 1238/1425/1232 969/1325/967
f 969/1325/967 1238/1425/1232 970/1426/968
f 1238/1425/1232 1237/1424/1231 1239/1427/1233
f 1238/1425/1232 1239/1427/1233 970/1426/968
f 1239/1427/1233 1237/1424/1231 967/1421/965
f 970/1426/968 1239/1427/1233 966/1428/964
f 966/1428/964 1239/1427/1233 967/1421/965
f 1139/1429/1135 1013/1430/1011 1016/1431/1014
f 1139/1429/1135 1016/1431/1014 1021/1432/1019
f 1139/1429/1135 1021/1432/1019 1240/1433/1234
f 1240/1433/1234 1021/1432/1019 1020/1434/1018
f 1240/1433/1234 1020/1434/1018 1023/1435/1021
f 1139/1429/1135 1240/1433/1234 1143/1436/1139
f 1240/1433/1234 1023/1435/1021 1241/1437/1235
f 1143/1436/1139 1240/1433/1234 1242/1438/1236
f 1242/1438/1236 1240/1433/1234 1241/1437/1235
f 1241/1437/1235 1023/1435/1021 1025/1439/1023
f 1025/1439/1023 1023/1435/1021 1022/1440/1020
f 1241/1437/1235 1025/1439/1023 1243/1441/1237
f 1241/1437/1235 1243/1441/1237 1244/1442/1238
f 1241/1437/1235 1244/1442/1238 1242/1438/1236
f 1243/1441/1237 1025/1439/1023 1245/1443/1239
f 1243/1441/1237 1245/1443/1239 1244/1442/1238
f 1245/1443/1239 1025/1439/1023 1024/1444/1022
f 1245/1443/1239 1024/1444/1022 1027/1445/1025
f 1245/1443/1239 1027/1445/1025 1246/1446/1240
f 1245/1443/1239 1246/1446/1240 1244/1442/1238
f 1246/1446/1240 1027/1445/1025 1055/1447/1053
f 1246/1446/1240 1055/1447/1053 1247/1448/1241
f 1247/1448/1241 1055/1447/1053 1057/1449/1055
f 1244/1442/1238 1246/1446/1240 1248/1450/1242
f 1248/1450/1242 1246/1446/1240 1247/1448/1241
f 1244/1442/1238 1248/1450/1242 1249/1451/1243
f 1244/1442/1238 1249/1451/1243 1242/1438/1236
f 1247/1448/1241 1057/1449/1055 1250/1452/1244
f 1248/1450/1242 1247/1448/1241 1251/1453/1245
f 1251/1453/1245 1247/1448/1241 1250/1452/1244
f 1250/1452/1244 1057/1449/1055 1059/1454/1057
f 1242/1438/1236 1249/1451/1243 1252/1455/1246
f 1249/1451/1243 1248/1450/1242 1253/1456/1247
f 1253/1456/1247 1248/1450/1242 1251/1453/1245
f 1249/1451/1243 1253/1456/1247 1254/1457/1248
f 1249/1451/1243 1254/1457/1248 1252/1455/1246
f 1253/1456/1247 1251/1453/1245 1255/1458/1249
f 1242/1438/1236 1252/1455/1246 1256/1459/1250
f 1242/1438/1236 1256/1459/1250 1143/1436/1139
f 1252/1455/1246 1254/1457/1248 1153/1460/1149
f 1153/1460/1149 1254/1457/1248 1165/1461/1161
f 1252/1455/1246 1153/1460/1149 1151/1462/1147
f 1165/1461/1161 1254/1457/1248 1166/1463/1162
f 1166/1463/1162 1254/1457/1248 1253/1456/1247
f 1166/1463/1162 1253/1456/1247 1255/1458/1249
f 1143/1436/1139 1256/1459/1250 1257/1464/1251
f 1257/1464/1251 1256/1459/1250 1252/1455/1246
f 1257/1464/1251 1252/1455/1246 1151/1462/1147
f 1143/1436/1139 1257/1464/1251 1145/1465/1141
f 1145/1465/1141 1257/1464/1251 1151/1462/1147
f 1167/1466/1163 1166/1463/1162 1170/1467/1166
f 1170/1467/1166 1166/1463/1162 1171/1468/1167
f 1171/1468/1167 1166/1463/1162 1255/1458/1249
f 1171/1468/1167 1255/1458/1249 1258/1469/1252
f 1171/1468/1167 1258/1469/1252 1173/1470/119
f 1173/1470/119 1258/1469/1252 1175/1471/1058
f 1258/1469/1252 1255/1458/1249 1259/1472/1253
f 1259/1472/1253 1255/1458/1249 1251/1453/1245
f 1175/1471/1058 1258/1469/1252 1260/1473/1254
f 1260/1473/1254 1258/1469/1252 1259/1472/1253
f 1259/1472/1253 1251/1453/1245 1261/1474/1255
f 1259/1472/1253 1261/1474/1255 1260/1473/1254
f 1261/1474/1255 1251/1453/1245 1250/1452/1244
f 1175/1471/1058 1260/1473/1254 1262/1475/1256
f 1262/1475/1256 1260/1473/1254 1263/1476/1257
f 1260/1473/1254 1261/1474/1255 1264/1477/1258
f 1263/1476/1257 1260/1473/1254 1265/1478/1259
f 1265/1478/1259 1260/1473/1254 1264/1477/1258
f 1262/1475/1256 1263/1476/1257 1266/1479/1260
f 1266/1479/1260 1263/1476/1257 1265/1478/1259
f 1267/1480/1261 1268/1481/1262 1262/1475/1256
f 1267/1480/1261 1262/1475/1256 1266/1479/1260
f 1267/1480/1261 1266/1479/1260 1269/1482/1263
f 1270/1483/1264 1264/1477/1258 1261/1474/1255
f 1270/1483/1264 1261/1474/1255 1250/1452/1244
f 1271/1484/1265 1265/1478/1259 1264/1477/1258
f 1271/1484/1265 1264/1477/1258 1270/1483/1264
f 1270/1483/1264 1250/1452/1244 1272/1485/1266
f 1270/1483/1264 1272/1485/1266 1271/1484/1265
f 1272/1485/1266 1250/1452/1244 1059/1454/1057
f 1272/1485/1266 1059/1454/1057 1273/1486/1267
f 1272/1485/1266 1273/1486/1267 1271/1484/1265
f 1273/1486/1267 1059/1454/1057 1121/1487/1118
f 1273/1486/1267 1121/1487/1118 1271/1484/1265
f 1271/1484/1265 1121/1487/1118 1274/1488/1268
f 1271/1484/1265 1274/1488/1268 1275/1489/1269
f 1275/1489/1269 1274/1488/1268 1276/1490/1270
f 1271/1484/1265 1275/1489/1269 1277/1491/1271
f 1277/1491/1271 1275/1489/1269 1278/1492/1272
f 1271/1484/1265 1277/1491/1271 1279/1493/1273
f 1271/1484/1265 1279/1493/1273 1265/1478/1259
f 1279/1493/1273 1277/1491/1271 1280/1494/1274
f 1280/1494/1274 1277/1491/1271 1281/1495/1275
f 1265/1478/1259 1279/1493/1273 1282/1496/1276
f 1265/1478/1259 1282/1496/1276 1266/1479/1260
f 1279/1493/1273 1280/1494/1274 1283/1497/1277
f 1279/1493/1273 1283/1497/1277 1282/1496/1276
f 1283/1497/1277 1280/1494/1274 1284/1498/1278
f 1284/1498/1278 1280/1494/1274 1285/1499/1279
f 1284/1498/1278 1285/1499/1279 1286/1500/1280
f 1283/1497/1277 1284/1498/1278 1287/1501/1281
f 1283/1497/1277 1287/1501/1281 1282/1496/1276
f 1287/1501/1281 1284/1498/1278 1286/1500/1280
f 1288/1502/1282 1266/1479/1260 1282/1496/1276
f 1288/1502/1282 1282/1496/1276 1287/1501/1281
f 1288/1502/1282 1287/1501/1281 1286/1500/1280
f 1266/1479/1260 1288/1502/1282 1269/1482/1263
f 1288/1502/1282 1286/1500/1280 1289/1503/1283
f 1288/1502/1282 1289/1503/1283 1269/1482/1263
f 972/1504/970 1232/1505/1226 974/1506/972
f 974/1506/972 1232/1505/1226 1233/1507/1227
f 974/1506/972 1233/1507/1227 1290/1508/945
f 1290/1508/945 1233/1507/1227 1230/1509/1224
f 1290/1508/945 1230/1509/1224 1227/1510/1221
f 974/1506/972 1290/1508/945 1291/1511/1284
f 1291/1511/1284 1290/1508/945 1227/1510/1221
f 976/1512/974 974/1506/972 981/1513/979
f 981/1513/979 974/1506/972 1291/1511/1284
f 982/1514/980 981/1513/979 989/1515/987
f 989/1515/987 981/1513/979 1291/1511/1284
f 989/1515/987 1291/1511/1284 1292/1516/1285
f 1291/1511/1284 1227/1510/1221 1293/1517/1286
f 1293/1517/1286 1227/1510/1221 1226/1518/1220
f 1292/1516/1285 1291/1511/1284 1294/1519/1287
f 1294/1519/1287 1291/1511/1284 1293/1517/1286
f 1292/1516/1285 1294/1519/1287 1295/1520/1288
f 1295/1520/1288 1294/1519/1287 1296/1521/1289
f 1296/1521/1289 1294/1519/1287 1293/1517/1286
f 1296/1521/1289 1293/1517/1286 1226/1518/1220
f 1296/1521/1289 1226/1518/1220 1228/1522/1222
f 1295/1523/1288 1296/1524/1289 1297/1525/1290
f 1295/1523/1288 1297/1525/1290 1298/1526/1291
f 1295/1523/1288 1298/1526/1291 1292/1527/1285
f 1297/1525/1290 1296/1524/1289 1299/1528/1292
f 1299/1528/1292 1296/1524/1289 1228/1529/1222
f 1299/1528/1292 1228/1529/1222 1300/1530/1293
f 1297/1525/1290 1299/1528/1292 1301/1531/1294
f 1301/1531/1294 1299/1528/1292 1300/1530/1293
f 1302/1532/1295 1303/1533/1296 1300/1530/1293
f 1300/1530/1293 1303/1533/1296 1304/1534/1297
f 1300/1530/1293 1304/1534/1297 1301/1531/1294
f 1304/1534/1297 1303/1533/1296 1305/1535/1298
f 1297/1525/1290 1301/1531/1294 1306/1536/1299
f 1297/1525/1290 1306/1536/1299 1298/1526/1291
f 1301/1531/1294 1304/1534/1297 1307/1537/1300
f 1306/1536/1299 1301/1531/1294 1308/1538/1301
f 1308/1538/1301 1301/1531/1294 1307/1537/1300
f 1306/1536/1299 1308/1538/1301 1309/1539/1302
f 1308/1538/1301 1307/1537/1300 1310/1540/1303
f 1308/1538/1301 1310/1540/1303 1309/1539/1302
f 1307/1537/1300 1304/1534/1297 1311/1541/1304
f 1307/1537/1300 1311/1541/1304 1310/1540/1303
f 1311/1541/1304 1304/1534/1297 1312/1542/1305
f 1312/1542/1305 1304/1534/1297 1305/1535/1298
f 1313/1543/1306 1298/1526/1291 1306/1536/1299
f 1313/1543/1306 1306/1536/1299 1309/1539/1302
f 1298/1526/1291 1313/1543/1306 998/1544/996
f 1298/1526/1291 998/1544/996 995/1545/993
f 1298/1526/1291 995/1545/993 1292/1527/1285
f 1292/1527/1285 995/1545/993 989/1546/987
f 989/1546/987 995/1545/993 988/1547/986
f 995/1545/993 998/1544/996 994/1548/992
f 998/1544/996 1313/1543/1306 1314/1549/1307
f 998/1544/996 1314/1549/1307 997/1550/995
f 997/1550/995 1314/1549/1307 1001/1551/999
f 1314/1549/1307 1313/1543/1306 1315/1552/1308
f 1315/1552/1308 1313/1543/1306 1309/1539/1302
f 1001/1551/999 1314/1549/1307 1316/1553/1309
f 1316/1553/1309 1314/1549/1307 1315/1552/1308
f 1001/1551/999 1316/1553/1309 1002/1554/1000
f 1002/1554/1000 1316/1553/1309 1317/1555/1310
f 1002/1554/1000 1317/1555/1310 1003/1556/1001
f 1317/1555/1310 1316/1553/1309 1318/1557/1311
f 1316/1553/1309 1315/1552/1308 1319/1558/1312
f 1316/1553/1309 1319/1558/1312 1318/1557/1311
f 1317/1555/1310 1318/1557/1311 1320/1559/1313
f 1320/1559/1313 1318/1557/1311 1319/1558/1312
f 1003/1556/1001 1317/1555/1310 1321/1560/1314
f 1321/1560/1314 1317/1555/1310 1320/1559/1313
f 1003/1556/1001 1321/1560/1314 196/1561/196
f 1003/1556/1001 196/1561/196 206/1562/206
f 196/1561/196 1321/1560/1314 190/1563/190
f 190/1563/190 1321/1560/1314 1320/1559/1313
f 196/1561/196 190/1563/190 189/1564/189
f 1322/1565/1315 1319/1558/1312 1315/1552/1308
f 1322/1565/1315 1315/1552/1308 1309/1539/1302
f 1323/1566/1316 1320/1559/1313 1319/1558/1312
f 190/1563/190 1320/1559/1313 1324/1567/1317
f 1324/1567/1317 1320/1559/1313 1323/1566/1316
f 190/1563/190 1324/1567/1317 1325/1568/1318
f 190/1563/190 1325/1568/1318 191/1569/191
f 1324/1567/1317 1323/1566/1316 1326/1570/1319
f 1324/1567/1317 1326/1570/1319 1325/1568/1318
f 191/1569/191 1325/1568/1318 1327/1571/1320
f 191/1569/191 1327/1571/1320 192/1572/192
f 192/1572/192 1327/1571/1320 194/1573/194
f 194/1573/194 1327/1571/1320 1328/1574/1321
f 1329/1575/1322 1323/1566/1316 1319/1558/1312
f 1329/1575/1322 1319/1558/1312 1322/1565/1315
f 1323/1566/1316 1329/1575/1322 1330/1576/1323
f 1323/1566/1316 1330/1576/1323 1326/1570/1319
f 1329/1575/1322 1322/1565/1315 1331/1577/1324
f 1326/1570/1319 1330/1576/1323 1332/1578/1325
f 1326/1570/1319 1332/1578/1325 1325/1568/1318
f 1330/1576/1323 1329/1575/1322 1333/1579/1326
f 1333/1579/1326 1329/1575/1322 1331/1577/1324
f 1330/1576/1323 1333/1579/1326 1334/1580/1327
f 1330/1576/1323 1334/1580/1327 1332/1578/1325
f 1325/1568/1318 1332/1578/1325 1335/1581/1328
f 1325/1568/1318 1335/1581/1328 1327/1571/1320
f 1332/1578/1325 1334/1580/1327 1336/1582/1329
f 1327/1571/1320 1335/1581/1328 1337/1583/1330
f 1327/1571/1320 1337/1583/1330 1328/1574/1321
f 1335/1581/1328 1332/1578/1325 1338/1584/1331
f 1338/1584/1331 1332/1578/1325 1336/1582/1329
f 1337/1583/1330 1335/1581/1328 1339/1585/1332
f 1339/1585/1332 1335/1581/1328 1338/1584/1331
f 1328/1574/1321 1337/1583/1330 1340/1586/1333
f 1328/1574/1321 1340/1586/1333 1341/1587/1334
f 1340/1586/1333 1337/1583/1330 1342/1588/1335
f 1342/1588/1335 1337/1583/1330 1339/1585/1332
f 1340/1586/1333 1342/1588/1335 1343/1589/1336
f 1340/1586/1333 1343/1589/1336 1344/1590/1337
f 1343/1589/1336 1342/1588/1335 1345/1591/1338
f 1343/1589/1336 1345/1591/1338 1346/1592/1339
f 1346/1592/1339 1345/1591/1338 1347/1593/1340
f 1347/1593/1340 1345/1591/1338 1348/1594/1341
f 1345/1591/1338 1342/1588/1335 1349/1595/1342
f 1345/1591/1338 1349/1595/1342 1348/1594/1341
f 1349/1595/1342 1342/1588/1335 1339/1585/1332
f 1348/1594/1341 1349/1595/1342 1350/1596/1343
f 1348/1594/1341 1350/1596/1343 1351/1597/1344
f 1349/1595/1342 1339/1585/1332 1352/1598/1345
f 1349/1595/1342 1352/1598/1345 1350/1596/1343
f 1351/1597/1344 1350/1596/1343 1353/1599/1346
f 1352/1598/1345 1339/1585/1332 1354/1600/1347
f 1354/1600/1347 1339/1585/1332 1338/1584/1331
f 1354/1600/1347 1338/1584/1331 1355/1601/1348
f 1354/1600/1347 1355/1601/1348 1352/1598/1345
f 1355/1601/1348 1338/1584/1331 1336/1582/1329
f 1355/1601/1348 1336/1582/1329 1356/1602/1349
f 1356/1602/1349 1336/1582/1329 1334/1580/1327
f 1356/1602/1349 1334/1580/1327 1357/1603/1350
f 1357/1603/1350 1334/1580/1327 1333/1579/1326
f 1355/1601/1348 1356/1602/1349 1358/1604/1351
f 1358/1604/1351 1356/1602/1349 1357/1603/1350
f 1359/1605/1352 1352/1598/1345 1355/1601/1348
f 1359/1605/1352 1355/1601/1348 1358/1604/1351
f 1357/1603/1350 1333/1579/1326 1360/1606/1353
f 1360/1606/1353 1333/1579/1326 1331/1577/1324
f 1358/1604/1351 1357/1603/1350 1361/1607/1354
f 1357/1603/1350 1360/1606/1353 1362/1608/1355
f 1357/1603/1350 1362/1608/1355 1361/1607/1354
f 1358/1604/1351 1361/1607/1354 1363/1609/1356
f 1358/1604/1351 1363/1609/1356 1359/1605/1352
f 1361/1607/1354 1362/1608/1355 1364/1610/1357
f 1363/1609/1356 1361/1607/1354 1365/1611/1358
f 1365/1611/1358 1361/1607/1354 1364/1610/1357
f 1363/1609/1356 1365/1611/1358 1366/1612/1359
f 1359/1605/1352 1363/1609/1356 1367/1613/1360
f 1367/1613/1360 1363/1609/1356 1366/1612/1359
f 1359/1605/1352 1367/1613/1360 1368/1614/1361
f 1359/1605/1352 1368/1614/1361 1369/1615/1362
f 1359/1605/1352 1369/1615/1362 1352/1598/1345
f 1352/1598/1345 1369/1615/1362 1350/1596/1343
f 1368/1614/1361 1367/1613/1360 1370/1616/1363
f 1370/1616/1363 1367/1613/1360 1366/1612/1359
f 1369/1615/1362 1368/1614/1361 1371/1617/1364
f 1371/1617/1364 1368/1614/1361 1370/1616/1363
f 1350/1596/1343 1369/1615/1362 1372/1618/1365
f 1372/1618/1365 1369/1615/1362 1371/1617/1364
f 1350/1596/1343 1372/1618/1365 1353/1599/1346
f 1353/1599/1346 1372/1618/1365 1276/1619/1270
f 1353/1599/1346 1276/1619/1270 1274/1620/1268
f 1372/1618/1365 1371/1617/1364 1373/1621/1366
f 1372/1618/1365 1373/1621/1366 1276/1619/1270
f 1371/1617/1364 1370/1616/1363 1374/1622/1367
f 1371/1617/1364 1374/1622/1367 1373/1621/1366
f 1374/1622/1367 1370/1616/1363 1375/1623/1368
f 1375/1623/1368 1370/1616/1363 1366/1612/1359
f 1373/1621/1366 1374/1622/1367 1376/1624/1369
f 1276/1619/1270 1373/1621/1366 1377/1625/1370
f 1377/1625/1370 1373/1621/1366 1376/1624/1369
f 1276/1619/1270 1377/1625/1370 1378/1626/1371
f 1276/1619/1270 1378/1626/1371 1275/1627/1269
f 1275/1627/1269 1378/1626/1371 1278/1628/1272
f 1374/1622/1367 1375/1623/1368 1379/1629/1372
f 1374/1622/1367 1379/1629/1372 1376/1624/1369
f 1379/1629/1372 1375/1623/1368 1380/1630/1373
f 1377/1625/1370 1376/1624/1369 1381/1631/1374
f 1378/1626/1371 1377/1625/1370 1382/1632/1375
f 1382/1632/1375 1377/1625/1370 1381/1631/1374
f 1378/1626/1371 1382/1632/1375 1383/1633/1376
f 1378/1626/1371 1383/1633/1376 1278/1628/1272
f 1382/1632/1375 1381/1631/1374 1384/1634/1377
f 1382/1632/1375 1384/1634/1377 1383/1633/1376
f 1381/1631/1374 1376/1624/1369 1385/1635/1378
f 1381/1631/1374 1385/1635/1378 1384/1634/1377
f 1386/1636/1379 1376/1624/1369 1379/1629/1372
f 1376/1624/1369 1386/1636/1379 1385/1635/1378
f 1386/1636/1379 1379/1629/1372 1387/1637/1380
f 1385/1635/1378 1386/1636/1379 1388/1638/1381
f 1388/1638/1381 1386/1636/1379 1387/1637/1380
f 1385/1635/1378 1388/1638/1381 1384/1634/1377
f 1387/1637/1380 1379/1629/1372 1380/1630/1373
f 1389/1639/1382 1383/1633/1376 1384/1634/1377
f 1384/1634/1377 1388/1638/1381 1390/1640/1383
f 1383/1633/1376 1389/1639/1382 1391/1641/1384
f 1383/1633/1376 1391/1641/1384 1278/1628/1272
f 1389/1639/1382 1384/1634/1377 1392/1642/1385
f 1392/1642/1385 1384/1634/1377 1390/1640/1383
f 1389/1639/1382 1392/1642/1385 1391/1641/1384
f 1390/1640/1383 1388/1638/1381 1393/1643/1386
f 1390/1640/1383 1393/1643/1386 1392/1642/1385
f 1278/1628/1272 1391/1641/1384 1281/1644/1275
f 1278/1628/1272 1281/1644/1275 1277/1645/1271
f 1391/1641/1384 1392/1642/1385 1394/1646/1387
f 1281/1644/1275 1391/1641/1384 1395/1647/1388
f 1395/1647/1388 1391/1641/1384 1394/1646/1387
f 1285/1648/1279 1280/1649/1274 1281/1644/1275
f 1285/1648/1279 1281/1644/1275 1395/1647/1388
f 1394/1646/1387 1392/1642/1385 1396/1650/1389
f 1396/1650/1389 1392/1642/1385 1393/1643/1386
f 1395/1647/1388 1394/1646/1387 1397/1651/1390
f 1394/1646/1387 1396/1650/1389 1398/1652/1391
f 1394/1646/1387 1398/1652/1391 1397/1651/1390
f 1398/1652/1391 1396/1650/1389 1399/1653/1392
f 1399/1653/1392 1396/1650/1389 1393/1643/1386
f 1285/1648/1279 1395/1647/1388 1400/1654/1393
f 1285/1648/1279 1400/1654/1393 1286/1655/1280
f 1395/1647/1388 1397/1651/1390 1401/1656/1394
f 1395/1647/1388 1401/1656/1394 1400/1654/1393
f 1397/1651/1390 1398/1652/1391 1402/1657/1395
f 1401/1656/1394 1397/1651/1390 1403/1658/1396
f 1403/1658/1396 1397/1651/1390 1402/1657/1395
f 1400/1654/1393 1401/1656/1394 1404/1659/1397
f 1404/1659/1397 1401/1656/1394 1403/1658/1396
f 1405/1660/1398 1286/1655/1280 1400/1654/1393
f 1405/1660/1398 1400/1654/1393 1404/1659/1397
f 1286/1655/1280 1405/1660/1398 1289/1661/1283
f 1405/1660/1398 1404/1659/1397 1406/1662/1399
f 1404/1659/1397 1403/1658/1396 1407/1663/1400
f 1404/1659/1397 1407/1663/1400 1406/1662/1399
f 1405/1660/1398 1406/1662/1399 1408/1664/1401
f 1405/1660/1398 1408/1664/1401 1289/1661/1283
f 1408/1664/1401 1406/1662/1399 1407/1663/1400
f 1289/1661/1283 1408/1664/1401 1409/1665/1402
f 1409/1665/1402 1408/1664/1401 1407/1663/1400
f 1407/1663/1400 1403/1658/1396 1410/1666/1403
f 1407/1663/1400 1410/1666/1403 1409/1665/1402
f 1410/1666/1403 1403/1658/1396 1402/1657/1395
f 1289/1661/1283 1409/1665/1402 1411/1667/1404
f 1411/1667/1404 1409/1665/1402 1410/1666/1403
f 1289/1661/1283 1411/1667/1404 1269/1668/1263
f 1269/1668/1263 1411/1667/1404 1267/1669/1261
f 1267/1669/1261 1411/1667/1404 1268/1670/1262
f 1268/1670/1262 1411/1667/1404 1412/1671/1405
f 1412/1671/1405 1411/1667/1404 1410/1666/1403
f 1410/1666/1403 1402/1657/1395 1413/1672/1406
f 1412/1671/1405 1410/1666/1403 1414/1673/1407
f 1414/1673/1407 1410/1666/1403 1413/1672/1406
f 1412/1671/1405 1414/1673/1407 1415/1674/1408
f 1415/1674/1408 1414/1673/1407 1416/1675/1409
f 1416/1675/1409 1414/1673/1407 1417/1676/1410
f 1416/1675/1409 1417/1676/1410 1418/1677/1411
f 1414/1673/1407 1413/1672/1406 1419/1678/1412
f 1419/1678/1412 1413/1672/1406 1402/1657/1395
f 1417/1676/1410 1414/1673/1407 1420/1679/1413
f 1420/1679/1413 1414/1673/1407 1419/1678/1412
f 1417/1676/1410 1420/1679/1413 1421/1680/1414
f 1421/1680/1414 1420/1679/1413 1422/1681/1415
f 1422/1681/1415 1420/1679/1413 1419/1678/1412
f 1419/1678/1412 1402/1657/1395 1423/1682/1416
f 1423/1682/1416 1402/1657/1395 1398/1652/1391
f 1422/1681/1415 1419/1678/1412 1424/1683/1417
f 1424/1683/1417 1419/1678/1412 1423/1682/1416
f 1422/1681/1415 1424/1683/1417 1425/1684/1418
f 1423/1682/1416 1398/1652/1391 1399/1653/1392
f 1423/1682/1416 1399/1653/1392 1424/1683/1417
f 1425/1684/1418 1424/1683/1417 1426/1685/1419
f 1426/1685/1419 1424/1683/1417 1399/1653/1392
f 1425/1684/1418 1426/1685/1419 1427/1686/1420
f 1426/1685/1419 1399/1653/1392 1428/1687/1421
f 1426/1685/1419 1428/1687/1421 1427/1686/1420
f 1428/1687/1421 1399/1653/1392 1393/1643/1386
f 1427/1686/1420 1428/1687/1421 1429/1688/1422
f 1428/1687/1421 1393/1643/1386 1430/1689/1423
f 1428/1687/1421 1430/1689/1423 1429/1688/1422
f 1430/1689/1423 1393/1643/1386 1431/1690/1424
f 1431/1690/1424 1393/1643/1386 1388/1638/1381
f 1431/1690/1424 1388/1638/1381 1387/1637/1380
f 1430/1689/1423 1431/1690/1424 1432/1691/1425
f 1432/1691/1425 1431/1690/1424 1387/1637/1380
f 1429/1688/1422 1430/1689/1423 1433/1692/1426
f 1429/1688/1422 1433/1692/1426 1434/1693/1427
f 1434/1693/1427 1433/1692/1426 1435/1694/1428
f 1433/1692/1426 1430/1689/1423 1436/1695/1429
f 1436/1695/1429 1430/1689/1423 1432/1691/1425
f 1435/1694/1428 1433/1692/1426 1437/1696/1430
f 1437/1696/1430 1433/1692/1426 1436/1695/1429
f 1435/1694/1428 1437/1696/1430 1438/1697/1431
f 1438/1697/1431 1437/1696/1430 1439/1698/1432
f 1439/1698/1432 1437/1696/1430 1436/1695/1429
f 1438/1697/1431 1439/1698/1432 1305/1535/1298
f 1305/1535/1298 1439/1698/1432 1312/1542/1305
f 1439/1698/1432 1436/1695/1429 1440/1699/1433
f 1440/1699/1433 1436/1695/1429 1432/1691/1425
f 1312/1542/1305 1439/1698/1432 1441/1700/1434
f 1441/1700/1434 1439/1698/1432 1440/1699/1433
f 1312/1542/1305 1441/1700/1434 1442/1701/1435
f 1440/1699/1433 1432/1691/1425 1443/1702/1436
f 1312/1542/1305 1442/1701/1435 1444/1703/1437
f 1312/1542/1305 1444/1703/1437 1311/1541/1304
f 1442/1701/1435 1441/1700/1434 1445/1704/1438
f 1442/1701/1435 1445/1704/1438 1444/1703/1437
f 1441/1700/1434 1440/1699/1433 1446/1705/1439
f 1441/1700/1434 1446/1705/1439 1445/1704/1438
f 1446/1705/1439 1440/1699/1433 1447/1706/1440
f 1447/1706/1440 1440/1699/1433 1443/1702/1436
f 1445/1704/1438 1446/1705/1439 1448/1707/1441
f 1448/1707/1441 1446/1705/1439 1447/1706/1440
f 1444/1703/1437 1445/1704/1438 1449/1708/1442
f 1450/1709/1443 1311/1541/1304 1444/1703/1437
f 1450/1709/1443 1444/1703/1437 1449/1708/1442
f 1311/1541/1304 1450/1709/1443 1310/1540/1303
f 1449/1708/1442 1445/1704/1438 1451/1710/1444
f 1451/1710/1444 1445/1704/1438 1448/1707/1441
f 1449/1708/1442 1451/1710/1444 1452/1711/1445
f 1449/1708/1442 1452/1711/1445 1450/1709/1443
f 1452/1711/1445 1451/1710/1444 1362/1608/1355
f 1452/1711/1445 1362/1608/1355 1360/1606/1353
f 1362/1608/1355 1451/1710/1444 1364/1610/1357
f 1364/1610/1357 1451/1710/1444 1448/1707/1441
f 1452/1711/1445 1360/1606/1353 1453/1712/1446
f 1452/1711/1445 1453/1712/1446 1450/1709/1443
f 1453/1712/1446 1360/1606/1353 1331/1577/1324
f 1364/1610/1357 1448/1707/1441 1454/1713/1447
f 1454/1713/1447 1448/1707/1441 1447/1706/1440
f 1364/1610/1357 1454/1713/1447 1455/1714/1448
f 1364/1610/1357 1455/1714/1448 1365/1611/1358
f 1454/1713/1447 1447/1706/1440 1456/1715/1449
f 1454/1713/1447 1456/1715/1449 1455/1714/1448
f 1365/1611/1358 1455/1714/1448 1457/1716/1450
f 1457/1716/1450 1455/1714/1448 1456/1715/1449
f 1365/1611/1358 1457/1716/1450 1366/1612/1359
f 1366/1612/1359 1457/1716/1450 1458/1717/1451
f 1458/1717/1451 1457/1716/1450 1456/1715/1449
f 1366/1612/1359 1458/1717/1451 1375/1623/1368
f 1375/1623/1368 1458/1717/1451 1380/1630/1373
f 1458/1717/1451 1456/1715/1449 1459/1718/1452
f 1459/1718/1452 1456/1715/1449 1447/1706/1440
f 1458/1717/1451 1459/1718/1452 1380/1630/1373
f 1459/1718/1452 1447/1706/1440 1443/1702/1436
f 1380/1630/1373 1459/1718/1452 1460/1719/1453
f 1460/1719/1453 1459/1718/1452 1443/1702/1436
f 1380/1630/1373 1460/1719/1453 1387/1637/1380
f 1460/1719/1453 1443/1702/1436 1432/1691/1425
f 1460/1719/1453 1432/1691/1425 1387/1637/1380
f 1302/1720/1295 1228/1412/1222 1218/1402/1212
f 1228/1412/1222 1302/1720/1295 1300/1721/1293
f 1302/1720/1295 1218/1402/1212 1219/1403/1213
f 1302/1720/1295 1219/1403/1213 1461/1722/1454
f 1302/1720/1295 1461/1722/1454 1303/1723/1296
f 1303/1724/1296 1461/1725/1454 1305/1726/1298
f 1305/1726/1298 1461/1725/1454 1438/1727/1431
f 1438/1727/1431 1461/1725/1454 1462/1728/1455
f 1462/1728/1455 1461/1725/1454 1219/1729/1213
f 1438/1727/1431 1462/1728/1455 1463/1730/1456
f 1438/1727/1431 1463/1730/1456 1435/1731/1428
f 1435/1731/1428 1463/1730/1456 1434/1732/1427
f 1462/1728/1455 1219/1729/1213 1464/1733/1457
f 1464/1733/1457 1219/1729/1213 1216/1734/1210
f 1463/1730/1456 1462/1728/1455 1465/1735/1458
f 1464/1733/1457 1216/1734/1210 1466/1736/1459
f 1462/1728/1455 1464/1733/1457 1467/1737/1460
f 1462/1728/1455 1467/1737/1460 1465/1735/1458
f 1467/1737/1460 1464/1733/1457 1466/1736/1459
f 1466/1736/1459 1216/1734/1210 1213/1738/1207
f 1463/1730/1456 1465/1735/1458 1468/1739/1461
f 1463/1730/1456 1468/1739/1461 1434/1732/1427
f 1465/1735/1458 1467/1737/1460 1469/1740/1462
f 1465/1735/1458 1469/1740/1462 1468/1739/1461
f 1469/1740/1462 1467/1737/1460 1470/1741/1463
f 1470/1741/1463 1467/1737/1460 1466/1736/1459
f 1469/1740/1462 1470/1741/1463 1471/1742/1464
f 1471/1742/1464 1470/1741/1463 1472/1743/1465
f 1469/1740/1462 1471/1742/1464 1473/1744/1466
f 1469/1740/1462 1473/1744/1466 1468/1739/1461
f 1473/1744/1466 1471/1742/1464 1474/1745/1467
f 1473/1744/1466 1474/1745/1467 1475/1746/1468
f 1470/1741/1463 1466/1736/1459 1476/1747/1469
f 1470/1741/1463 1476/1747/1469 1477/1748/1470
f 1473/1744/1466 1475/1746/1468 1478/1749/1471
f 1478/1749/1471 1475/1746/1468 1479/1750/1472
f 1478/1749/1471 1479/1750/1472 1480/1751/1473
f 1473/1744/1466 1478/1749/1471 1481/1752/1474
f 1473/1744/1466 1481/1752/1474 1468/1739/1461
f 1481/1752/1474 1478/1749/1471 1482/1753/1475
f 1482/1753/1475 1478/1749/1471 1480/1751/1473
f 1468/1739/1461 1481/1752/1474 1483/1754/1476
f 1481/1752/1474 1482/1753/1475 1484/1755/1477
f 1481/1752/1474 1484/1755/1477 1483/1754/1476
f 1482/1753/1475 1480/1751/1473 1485/1756/1478
f 1468/1739/1461 1483/1754/1476 1486/1757/1479
f 1468/1739/1461 1486/1757/1479 1434/1732/1427
f 1434/1732/1427 1486/1757/1479 1427/1758/1420
f 1434/1732/1427 1427/1758/1420 1429/1759/1422
f 1427/1758/1420 1486/1757/1479 1487/1760/1480
f 1487/1760/1480 1486/1757/1479 1483/1754/1476
f 1427/1758/1420 1487/1760/1480 1425/1761/1418
f 1425/1761/1418 1487/1760/1480 1422/1762/1415
f 1422/1762/1415 1487/1760/1480 1421/1763/1414
f 1421/1763/1414 1487/1760/1480 1483/1754/1476
f 1421/1763/1414 1483/1754/1476 1484/1755/1477
f 1421/1763/1414 1484/1755/1477 1488/1764/1481
f 1421/1763/1414 1488/1764/1481 1417/1765/1410
f 1488/1764/1481 1484/1755/1477 1489/1766/1482
f 1417/1765/1410 1488/1764/1481 1418/1767/1411
f 1489/1766/1482 1484/1755/1477 1490/1768/1483
f 1490/1768/1483 1484/1755/1477 1482/1753/1475
f 1488/1764/1481 1489/1766/1482 1491/1769/1484
f 1488/1764/1481 1491/1769/1484 1418/1767/1411
f 1491/1769/1484 1489/1766/1482 1490/1768/1483
f 1490/1768/1483 1482/1753/1475 1485/1756/1478
f 1418/1767/1411 1491/1769/1484 1492/1770/1485
f 1490/1768/1483 1485/1756/1478 1493/1771/1486
f 1418/1767/1411 1492/1770/1485 1494/1772/1487
f 1493/1771/1486 1485/1756/1478 1480/1751/1473
f 1418/1767/1411 1494/1772/1487 1495/1773/1488
f 1418/1767/1411 1495/1773/1488 1416/1774/1409
f 1416/1774/1409 1495/1773/1488 1415/1775/1408
f 1494/1772/1487 1492/1770/1485 1496/1776/1489
f 1496/1776/1489 1492/1770/1485 1491/1769/1484
f 1496/1776/1489 1491/1769/1484 1490/1768/1483
f 1494/1772/1487 1496/1776/1489 1497/1777/1490
f 1497/1777/1490 1496/1776/1489 1498/1778/1491
f 1496/1776/1489 1490/1768/1483 1499/1779/1492
f 1496/1776/1489 1499/1779/1492 1498/1778/1491
f 1499/1779/1492 1490/1768/1483 1493/1771/1486
f 1498/1778/1491 1499/1779/1492 1500/1780/1493
f 1499/1779/1492 1493/1771/1486 1501/1781/1494
f 1499/1779/1492 1501/1781/1494 1500/1780/1493
f 1501/1781/1494 1493/1771/1486 1502/1782/1495
f 1502/1782/1495 1493/1771/1486 1480/1751/1473
f 1502/1782/1495 1480/1751/1473 1503/1783/1496
f 1502/1782/1495 1503/1783/1496 1504/1784/1497
f 1502/1782/1495 1504/1784/1497 1501/1781/1494
f 1501/1781/1494 1504/1784/1497 1505/1785/1498
f 1501/1781/1494 1505/1785/1498 1500/1780/1493
f 1500/1780/1493 1505/1785/1498 1506/1786/1499
f 1500/1780/1493 1506/1786/1499 1507/1787/1500
f 1500/1780/1493 1507/1787/1500 1498/1778/1491
f 1498/1778/1491 1507/1787/1500 1508/1788/1501
f 1508/1788/1501 1507/1787/1500 1509/1789/1502
f 1509/1789/1502 1507/1787/1500 1510/1790/1503
f 1509/1789/1502 1510/1790/1503 1511/1791/1504
f 1511/1791/1504 1510/1790/1503 1507/1787/1500
f 1212/1792/1206 1512/1793/1505 1213/1738/1207
f 1512/1793/1505 1212/1792/1206 1209/1794/1203
f 1213/1738/1207 1512/1793/1505 1466/1736/1459
f 1512/1793/1505 1209/1794/1203 1513/1795/1506
f 1513/1795/1506 1209/1794/1203 1208/1796/1202
f 1466/1736/1459 1512/1793/1505 1514/1797/1507
f 1514/1797/1507 1512/1793/1505 1513/1795/1506
f 1466/1736/1459 1514/1797/1507 1476/1747/1469
f 1513/1795/1506 1208/1796/1202 1515/1798/1508
f 1515/1798/1508 1208/1796/1202 1194/1799/1188
f 1514/1797/1507 1513/1795/1506 1516/1800/1509
f 1516/1800/1509 1513/1795/1506 1515/1798/1508
f 1476/1747/1469 1514/1797/1507 1517/1801/1510
f 1517/1801/1510 1514/1797/1507 1516/1800/1509
f 1476/1747/1469 1517/1801/1510 1518/1802/1511
f 1518/1802/1511 1517/1801/1510 1519/1803/1512
f 1519/1803/1512 1517/1801/1510 1516/1800/1509
f 1519/1803/1512 1516/1800/1509 1520/1804/1513
f 1516/1800/1509 1515/1798/1508 1521/1805/1514
f 1516/1800/1509 1521/1805/1514 1520/1804/1513
f 1521/1805/1514 1515/1798/1508 1522/1806/1515
f 1521/1805/1514 1522/1806/1515 1520/1804/1513
f 1522/1806/1515 1515/1798/1508 1194/1799/1188
f 1520/1804/1513 1522/1806/1515 1523/1807/1516
f 1522/1806/1515 1194/1799/1188 1524/1808/1517
f 1522/1806/1515 1524/1808/1517 1523/1807/1516
f 1524/1808/1517 1194/1799/1188 1193/1809/1187
f 1523/1807/1516 1524/1808/1517 1525/1810/1518
f 1495/1811/1488 1494/1812/1487 1526/1813/1519
f 1495/1811/1488 1526/1813/1519 1415/1814/1408
f 1526/1813/1519 1494/1812/1487 1497/1815/1490
f 1415/1814/1408 1526/1813/1519 1527/1816/1520
f 1415/1814/1408 1527/1816/1520 1412/1817/1405
f 1412/1817/1405 1527/1816/1520 1268/1818/1262
f 1268/1818/1262 1527/1816/1520 1526/1813/1519
f 1526/1813/1519 1497/1815/1490 1528/1819/1521
f 1268/1818/1262 1526/1813/1519 1529/1820/1522
f 1529/1820/1522 1526/1813/1519 1530/1821/1523
f 1530/1821/1523 1526/1813/1519 1528/1819/1521
f 1268/1818/1262 1529/1820/1522 1531/1822/1524
f 1268/1818/1262 1531/1822/1524 1262/1823/1256
f 1262/1823/1256 1531/1822/1524 1175/1824/1058
f 1175/1824/1058 1531/1822/1524 1174/1825/1169
f 1531/1822/1524 1529/1820/1522 1532/1826/1525
f 1531/1822/1524 1532/1826/1525 1174/1825/1169
f 1532/1826/1525 1529/1820/1522 1530/1821/1523
f 1174/1825/1169 1532/1826/1525 1533/1827/1526
f 1174/1825/1169 1533/1827/1526 1177/1828/1171
f 1177/1828/1171 1533/1827/1526 1179/1829/1173
f 1533/1827/1526 1532/1826/1525 1534/1830/1527
f 1533/1827/1526 1534/1830/1527 1179/1829/1173
f 1532/1826/1525 1530/1821/1523 1535/1831/1528
f 1532/1826/1525 1535/1831/1528 1534/1830/1527
f 1179/1829/1173 1534/1830/1527 1182/1832/1176
f 1182/1832/1176 1534/1830/1527 1535/1831/1528
f 1179/1829/1173 1182/1832/1176 1178/1833/1172
f 1535/1831/1528 1530/1821/1523 1536/1834/1529
f 1535/1831/1528 1536/1834/1529 1182/1832/1176
f 1536/1834/1529 1530/1821/1523 1537/1835/1530
f 1537/1835/1530 1530/1821/1523 1528/1819/1521
f 1182/1832/1176 1536/1834/1529 1538/1836/1531
f 1182/1832/1176 1538/1836/1531 1181/1837/1175
f 1536/1834/1529 1537/1835/1530 1539/1838/1532
f 1536/1834/1529 1539/1838/1532 1538/1836/1531
f 1181/1837/1175 1538/1836/1531 1540/1839/1533
f 1540/1839/1533 1538/1836/1531 1539/1838/1532
f 1181/1837/1175 1540/1839/1533 1184/1840/1178
f 1184/1840/1178 1540/1839/1533 1541/1841/1534
f 1541/1841/1534 1540/1839/1533 1539/1838/1532
f 1539/1838/1532 1537/1835/1530 1542/1842/1535
f 1542/1842/1535 1537/1835/1530 1528/1819/1521
f 1539/1838/1532 1542/1842/1535 1541/1841/1534
f 1184/1840/1178 1541/1841/1534 1185/1843/1179
f 1542/1842/1535 1528/1819/1521 1543/1844/1536
f 1543/1844/1536 1528/1819/1521 1544/1845/1537
f 1544/1845/1537 1528/1819/1521 1497/1815/1490
f 1544/1845/1537 1497/1815/1490 1498/1846/1491
f 1544/1845/1537 1498/1846/1491 1508/1847/1501
f 1544/1845/1537 1508/1847/1501 1545/1848/1538
f 1544/1845/1537 1545/1848/1538 1543/1844/1536
f 1545/1848/1538 1508/1847/1501 1509/1849/1502
f 1542/1842/1535 1543/1844/1536 1546/1850/1539
f 1546/1850/1539 1543/1844/1536 1545/1848/1538
f 1545/1848/1538 1509/1849/1502 1547/1851/1540
f 1545/1848/1538 1547/1851/1540 1546/1850/1539
f 1547/1851/1540 1509/1849/1502 1548/1852/1541
f 1547/1851/1540 1548/1852/1541 1549/1853/1542
f 1547/1851/1540 1549/1853/1542 1546/1850/1539
f 1542/1842/1535 1546/1850/1539 1550/1854/1543
f 1542/1842/1535 1550/1854/1543 1541/1841/1534
f 1546/1850/1539 1549/1853/1542 1551/1855/1544
f 1551/1855/1544 1549/1853/1542 1552/1856/1545
f 1550/1854/1543 1546/1850/1539 1553/1857/1546
f 1553/1857/1546 1546/1850/1539 1551/1855/1544
f 1541/1841/1534 1550/1854/1543 1554/1858/1547
f 1541/1841/1534 1554/1858/1547 1185/1843/1179
f 1550/1854/1543 1553/1857/1546 1555/1859/1548
f 1550/1854/1543 1555/1859/1548 1554/1858/1547
f 1185/1843/1179 1554/1858/1547 1556/1860/1549
f 1556/1860/1549 1554/1858/1547 1555/1859/1548
f 1185/1843/1179 1556/1860/1549 1557/1861/1550
f 1185/1843/1179 1557/1861/1550 1189/1862/1183
f 1557/1861/1550 1556/1860/1549 1558/1863/1551
f 1557/1861/1550 1558/1863/1551 1189/1862/1183
f 1556/1860/1549 1555/1859/1548 1559/1864/1552
f 1559/1864/1552 1555/1859/1548 1553/1857/1546
f 1556/1860/1549 1559/1864/1552 1558/1863/1551
f 1559/1864/1552 1553/1857/1546 1560/1865/1553
f 1560/1865/1553 1553/1857/1546 1551/1855/1544
f 1558/1863/1551 1559/1864/1552 1561/1866/1554
f 1561/1866/1554 1559/1864/1552 1560/1865/1553
f 1560/1865/1553 1551/1855/1544 1562/1867/1555
f 1560/1865/1553 1562/1867/1555 1561/1866/1554
f 1562/1867/1555 1551/1855/1544 1552/1856/1545
f 1561/1866/1554 1562/1867/1555 1563/1868/1556
f 1562/1867/1555 1552/1856/1545 1564/1869/1557
f 1562/1867/1555 1564/1869/1557 1563/1868/1556
f 1564/1869/1557 1552/1856/1545 1565/1870/1558
f 1561/1866/1554 1563/1868/1556 1566/1871/1559
f 1566/1871/1559 1563/1868/1556 1564/1869/1557
f 1561/1866/1554 1566/1871/1559 1558/1863/1551
f 1566/1871/1559 1564/1869/1557 1567/1872/1560
f 1558/1863/1551 1566/1871/1559 1568/1873/1561
f 1568/1873/1561 1566/1871/1559 1567/1872/1560
f 1558/1863/1551 1568/1873/1561 1189/1862/1183
f 1568/1873/1561 1567/1872/1560 1569/1874/1562
f 1189/1862/1183 1568/1873/1561 1570/1875/1563
f 1189/1862/1183 1570/1875/1563 1193/1876/1187
f 1193/1876/1187 1570/1875/1563 1524/1877/1517
f 1570/1875/1563 1568/1873/1561 1571/1878/1564
f 1571/1878/1564 1568/1873/1561 1569/1874/1562
f 1570/1875/1563 1571/1878/1564 1524/1877/1517
f 1571/1878/1564 1569/1874/1562 1525/1879/1518
f 1571/1878/1564 1525/1879/1518 1524/1877/1517
f 1565/1880/1558 1552/1881/1545 1572/1882/1565
f 1572/1882/1565 1552/1881/1545 1573/1883/1566
f 1573/1883/1566 1552/1881/1545 1549/1884/1542
f 1565/1880/1558 1572/1882/1565 1574/1885/1567
f 1565/1880/1558 1574/1885/1567 1564/1886/1557
f 1564/1886/1557 1574/1885/1567 1567/1887/1560
f 1573/1883/1566 1549/1884/1542 1575/1888/1568
f 1575/1888/1568 1549/1884/1542 1548/1889/1541
f 1572/1882/1565 1573/1883/1566 1576/1890/1569
f 1576/1890/1569 1573/1883/1566 1575/1888/1568
f 1574/1885/1567 1572/1882/1565 1577/1891/1570
f 1577/1891/1570 1572/1882/1565 1576/1890/1569
f 1567/1887/1560 1574/1885/1567 1578/1892/1571
f 1578/1892/1571 1574/1885/1567 1577/1891/1570
f 1567/1887/1560 1578/1892/1571 1579/1893/1572
f 1577/1891/1570 1576/1890/1569 1580/1894/1573
f 1577/1891/1570 1580/1894/1573 1578/1892/1571
f 1576/1890/1569 1575/1888/1568 1581/1895/1574
f 1576/1890/1569 1581/1895/1574 1580/1894/1573
f 1579/1893/1572 1578/1892/1571 1582/1896/1575
f 1582/1896/1575 1578/1892/1571 1583/1897/1576
f 1583/1897/1576 1578/1892/1571 1580/1894/1573
f 1579/1893/1572 1582/1896/1575 1584/1898/1577
f 1579/1893/1572 1584/1898/1577 1585/1899/1578
f 1584/1898/1577 1582/1896/1575 1583/1897/1576
f 1584/1898/1577 1583/1897/1576 1586/1900/1579
f 1584/1898/1577 1586/1900/1579 1587/1901/1580
f 1583/1897/1576 1580/1894/1573 1588/1902/1581
f 1586/1900/1579 1583/1897/1576 1589/1903/1582
f 1589/1903/1582 1583/1897/1576 1588/1902/1581
f 1588/1902/1581 1580/1894/1573 1590/1904/1583
f 1590/1904/1583 1580/1894/1573 1581/1895/1574
f 1588/1902/1581 1590/1904/1583 1591/1905/1584
f 1588/1902/1581 1591/1905/1584 1589/1903/1582
f 1591/1905/1584 1590/1904/1583 1592/1906/1585
f 1591/1905/1584 1592/1906/1585 1589/1903/1582
f 1590/1904/1583 1581/1895/1574 1593/1907/1586
f 1590/1904/1583 1593/1907/1586 1592/1906/1585
f 1593/1907/1586 1581/1895/1574 1575/1888/1568
f 1594/1908/1587 1586/1900/1579 1589/1903/1582
f 1586/1900/1579 1594/1908/1587 1595/1909/1588
f 1595/1909/1588 1594/1908/1587 1596/1910/1589
f 1596/1910/1589 1594/1908/1587 1589/1903/1582
f 1595/1909/1588 1596/1910/1589 1597/1911/1590
f 1593/1907/1586 1575/1888/1568 1598/1912/1591
f 1598/1912/1591 1575/1888/1568 1548/1889/1541
f 1596/1910/1589 1589/1903/1582 1599/1913/1592
f 1599/1913/1592 1589/1903/1582 1592/1906/1585
f 1600/1914/1593 1592/1906/1585 1593/1907/1586
f 1600/1914/1593 1593/1907/1586 1598/1912/1591
f 1599/1913/1592 1592/1906/1585 1601/1915/1594
f 1601/1915/1594 1592/1906/1585 1600/1914/1593
f 1596/1910/1589 1599/1913/1592 1602/1916/1595
f 1602/1916/1595 1599/1913/1592 1601/1915/1594
f 1600/1914/1593 1598/1912/1591 1603/1917/1596
f 1601/1915/1594 1600/1914/1593 1604/1918/1597
f 1604/1918/1597 1600/1914/1593 1603/1917/1596
f 1603/1917/1596 1598/1912/1591 1605/1919/1598
f 1603/1917/1596 1605/1919/1598 1604/1918/1597
f 1606/1920/1599 1598/1912/1591 1548/1889/1541
f 1598/1912/1591 1606/1920/1599 1605/1919/1598
f 1606/1920/1599 1548/1889/1541 1509/1921/1502
f 1606/1920/1599 1509/1921/1502 1511/1922/1504
f 1606/1920/1599 1511/1922/1504 1605/1919/1598
f 1607/1923/1600 1601/1915/1594 1604/1918/1597
f 1601/1915/1594 1607/1923/1600 1602/1916/1595
f 1608/1924/1601 1604/1918/1597 1605/1919/1598
f 1604/1918/1597 1608/1924/1601 1607/1923/1600
f 1605/1919/1598 1511/1922/1504 1609/1925/1602
f 1609/1925/1602 1511/1922/1504 1507/1926/1500
f 1609/1925/1602 1507/1926/1500 1506/1927/1499
f 1605/1919/1598 1609/1925/1602 1610/1928/1603
f 1610/1928/1603 1609/1925/1602 1506/1927/1499
f 1605/1919/1598 1610/1928/1603 1608/1924/1601
f 1610/1928/1603 1506/1927/1499 1611/1929/1604
f 1610/1928/1603 1611/1929/1604 1608/1924/1601
f 1611/1929/1604 1506/1927/1499 1505/1930/1498
f 1608/1924/1601 1611/1929/1604 1612/1931/1605
f 1608/1924/1601 1612/1931/1605 1607/1923/1600
f 1611/1929/1604 1505/1930/1498 1613/1932/1606
f 1613/1932/1606 1505/1930/1498 1504/1933/1497
f 1613/1932/1606 1504/1933/1497 1503/1934/1496
f 1611/1929/1604 1613/1932/1606 1614/1935/1607
f 1611/1929/1604 1614/1935/1607 1612/1931/1605
f 1613/1932/1606 1503/1934/1496 1615/1936/1608
f 1613/1932/1606 1615/1936/1608 1614/1935/1607
f 1615/1936/1608 1503/1934/1496 1616/1937/1609
f 1615/1936/1608 1616/1937/1609 1617/1938/1610
f 1615/1936/1608 1617/1938/1610 1614/1935/1607
f 1614/1935/1607 1617/1938/1610 1612/1931/1605
f 1612/1931/1605 1617/1938/1610 1618/1939/1611
f 1612/1931/1605 1618/1939/1611 1619/1940/1612
f 1619/1940/1612 1618/1939/1611 1620/1941/1613
f 1612/1931/1605 1619/1940/1612 1621/1942/1614
f 1612/1931/1605 1621/1942/1614 1607/1923/1600
f 1619/1940/1612 1620/1941/1613 1622/1943/1615
f 1621/1942/1614 1619/1940/1612 1623/1944/1616
f 1621/1942/1614 1623/1944/1616 1607/1923/1600
f 1623/1944/1616 1619/1940/1612 1622/1943/1615
f 1622/1943/1615 1620/1941/1613 1624/1945/1617
f 1622/1943/1615 1624/1945/1617 1625/1946/1618
f 1625/1946/1618 1624/1945/1617 547/1947/547
f 1622/1943/1615 1625/1946/1618 1626/1948/1619
f 1626/1948/1619 1625/1946/1618 547/1947/547
f 1623/1944/1616 1622/1943/1615 1627/1949/1620
f 1627/1949/1620 1622/1943/1615 1626/1948/1619
f 1627/1949/1620 1626/1948/1619 1628/1950/1621
f 1623/1944/1616 1627/1949/1620 1629/1951/1622
f 1629/1951/1622 1627/1949/1620 1628/1950/1621
f 1628/1950/1621 1626/1948/1619 1630/1952/1623
f 1628/1950/1621 1630/1952/1623 1629/1951/1622
f 1630/1952/1623 1626/1948/1619 547/1947/547
f 1623/1944/1616 1629/1951/1622 1631/1953/1624
f 1623/1944/1616 1631/1953/1624 1607/1923/1600
f 1631/1953/1624 1629/1951/1622 1630/1952/1623
f 1630/1952/1623 547/1947/547 561/1954/561
f 561/1954/561 547/1947/547 553/1955/553
f 1630/1952/1623 561/1954/561 566/1956/565
f 1630/1952/1623 566/1956/565 1632/1957/1625
f 1630/1952/1623 1632/1957/1625 1631/1953/1624
f 1632/1957/1625 566/1956/565 1633/1958/1626
f 1632/1957/1625 1633/1958/1626 1634/1959/1627
f 1632/1957/1625 1634/1959/1627 1635/1960/1628
f 1635/1960/1628 1634/1959/1627 1636/1961/1629
f 1631/1953/1624 1632/1957/1625 1637/1962/1630
f 1637/1962/1630 1632/1957/1625 1635/1960/1628
f 1635/1960/1628 1636/1961/1629 1638/1963/1631
f 1635/1960/1628 1638/1963/1631 1637/1962/1630
f 1638/1963/1631 1636/1961/1629 1639/1964/1632
f 1631/1953/1624 1637/1962/1630 1640/1965/1633
f 1631/1953/1624 1640/1965/1633 1607/1923/1600
f 1607/1923/1600 1640/1965/1633 1602/1916/1595
f 1640/1965/1633 1637/1962/1630 1641/1966/1634
f 1640/1965/1633 1641/1966/1634 1602/1916/1595
f 1637/1962/1630 1638/1963/1631 1642/1967/1635
f 1637/1962/1630 1642/1967/1635 1641/1966/1634
f 1638/1963/1631 1639/1964/1632 1643/1968/1636
f 1638/1963/1631 1643/1968/1636 1642/1967/1635
f 1643/1968/1636 1639/1964/1632 1644/1969/1637
f 1643/1968/1636 1644/1969/1637 1597/1911/1590
f 1602/1916/1595 1641/1966/1634 1645/1970/1638
f 1645/1970/1638 1641/1966/1634 1642/1967/1635
f 1645/1970/1638 1642/1967/1635 1643/1968/1636
f 1645/1970/1638 1643/1968/1636 1597/1911/1590
f 1602/1916/1595 1645/1970/1638 1596/1910/1589
f 1596/1910/1589 1645/1970/1638 1597/1911/1590
f 1587/1971/1580 1586/1972/1579 1595/1973/1588
f 1587/1971/1580 1595/1973/1588 1646/1974/1639
f 1646/1974/1639 1595/1973/1588 1647/1975/1640
f 1647/1975/1640 1595/1973/1588 1597/1976/1590
f 1587/1971/1580 1646/1974/1639 1648/1977/1641
f 1587/1971/1580 1648/1977/1641 1584/1978/1577
f 1647/1975/1640 1597/1976/1590 1644/1979/1637
f 1646/1974/1639 1647/1975/1640 1649/1980/1642
f 1646/1974/1639 1649/1980/1642 1648/1977/1641
f 1584/1978/1577 1648/1977/1641 1585/1981/1578
f 1639/1982/1632 1636/1983/1629 1644/1979/1637
f 1647/1975/1640 1644/1979/1637 1650/1984/1643
f 1650/1984/1643 1644/1979/1637 1636/1983/1629
f 1647/1975/1640 1650/1984/1643 1651/1985/1644
f 1647/1975/1640 1651/1985/1644 1649/1980/1642
f 1650/1984/1643 1636/1983/1629 1652/1986/1645
f 1652/1986/1645 1636/1983/1629 1634/1987/1627
f 1650/1984/1643 1652/1986/1645 1653/1988/1646
f 1650/1984/1643 1653/1988/1646 1651/1985/1644
f 1652/1986/1645 1634/1987/1627 1654/1989/1647
f 1654/1989/1647 1634/1987/1627 1633/1990/1626
f 1654/1989/1647 1633/1990/1626 1655/1991/1648
f 1652/1986/1645 1654/1989/1647 1656/1992/1649
f 1656/1992/1649 1654/1989/1647 1657/1993/1650
f 1652/1986/1645 1656/1992/1649 1653/1988/1646
f 1653/1988/1646 1656/1992/1649 1658/1994/1651
f 1658/1994/1651 1656/1992/1649 1659/1995/1652
f 1659/1995/1652 1656/1992/1649 1660/1996/1653
f 1653/1988/1646 1658/1994/1651 1661/1997/1654
f 1661/1997/1654 1658/1994/1651 1659/1995/1652
f 1653/1988/1646 1661/1997/1654 1662/1998/1655
f 1653/1988/1646 1662/1998/1655 1651/1985/1644
f 1661/1997/1654 1659/1995/1652 1663/1999/1656
f 1662/1998/1655 1661/1997/1654 1664/2000/1657
f 1664/2000/1657 1661/1997/1654 1663/1999/1656
f 1663/1999/1656 1659/1995/1652 1665/2001/1658
f 1665/2001/1658 1659/1995/1652 1666/2002/1659
f 1665/2001/1658 1666/2002/1659 1667/2003/1660
f 1665/2001/1658 1667/2003/1660 1663/1999/1656
f 1667/2003/1660 1666/2002/1659 1668/2004/1661
f 1664/2000/1657 1663/1999/1656 1669/2005/1662
f 1669/2005/1662 1663/1999/1656 1667/2003/1660
f 1670/2006/1663 1662/1998/1655 1664/2000/1657
f 1662/1998/1655 1670/2006/1663 1651/1985/1644
f 1670/2006/1663 1664/2000/1657 1671/2007/1664
f 1671/2007/1664 1664/2000/1657 1669/2005/1662
f 1670/2006/1663 1671/2007/1664 1672/2008/1665
f 1670/2006/1663 1672/2008/1665 1651/1985/1644
f 1672/2008/1665 1671/2007/1664 1669/2005/1662
f 1651/1985/1644 1672/2008/1665 1673/2009/1666
f 1651/1985/1644 1673/2009/1666 1649/1980/1642
f 1672/2008/1665 1669/2005/1662 1674/2010/1667
f 1672/2008/1665 1674/2010/1667 1673/2009/1666
f 1674/2010/1667 1669/2005/1662 1675/2011/1668
f 1675/2011/1668 1669/2005/1662 1667/2003/1660
f 1673/2009/1666 1674/2010/1667 1676/2012/1669
f 1676/2012/1669 1674/2010/1667 1675/2011/1668
f 1673/2009/1666 1676/2012/1669 1649/1980/1642
f 1675/2011/1668 1667/2003/1660 1677/2013/1670
f 1677/2013/1670 1667/2003/1660 1668/2004/1661
f 1677/2013/1670 1668/2004/1661 1678/2014/1671
f 1675/2011/1668 1677/2013/1670 1679/2015/1672
f 1675/2011/1668 1679/2015/1672 1676/2012/1669
f 1677/2013/1670 1678/2014/1671 1680/2016/1673
f 1677/2013/1670 1680/2016/1673 1679/2015/1672
f 1680/2016/1673 1678/2014/1671 1681/2017/1674
f 1676/2012/1669 1679/2015/1672 1682/2018/1675
f 1682/2018/1675 1679/2015/1672 1680/2016/1673
f 1676/2012/1669 1682/2018/1675 1649/1980/1642
f 1680/2016/1673 1681/2017/1674 1683/2019/1676
f 1680/2016/1673 1683/2019/1676 1682/2018/1675
f 1649/1980/1642 1682/2018/1675 1684/2020/1677
f 1649/1980/1642 1684/2020/1677 1648/1977/1641
f 1684/2020/1677 1682/2018/1675 1685/2021/1678
f 1685/2021/1678 1682/2018/1675 1683/2019/1676
f 1683/2019/1676 1681/2017/1674 1686/2022/1679
f 685/2023/684 682/2024/681 1686/2022/1679
f 1686/2022/1679 682/2024/681 1687/2025/1680
f 1687/2025/1680 682/2024/681 675/2026/674
f 1683/2019/1676 1686/2022/1679 1688/2027/1681
f 1688/2027/1681 1686/2022/1679 1687/2025/1680
f 1687/2025/1680 675/2026/674 1689/2028/1682
f 1687/2025/1680 1689/2028/1682 1688/2027/1681
f 1689/2028/1682 675/2026/674 674/2029/673
f 1683/2019/1676 1688/2027/1681 1690/2030/1683
f 1690/2030/1683 1688/2027/1681 1689/2028/1682
f 1683/2019/1676 1690/2030/1683 1685/2021/1678
f 1689/2028/1682 674/2029/673 1691/2031/688
f 1689/2028/1682 1691/2031/688 1690/2030/1683
f 1690/2030/1683 1691/2031/688 1685/2021/1678
f 1691/2031/688 674/2029/673 667/2032/666
f 1685/2021/1678 1691/2031/688 1692/2033/1684
f 1692/2033/1684 1691/2031/688 667/2032/666
f 1685/2021/1678 1692/2033/1684 1693/2034/1685
f 1685/2021/1678 1693/2034/1685 1684/2020/1677
f 1692/2033/1684 667/2032/666 1694/2035/1686
f 1694/2035/1686 667/2032/666 665/2036/664
f 1684/2020/1677 1693/2034/1685 1695/2037/1687
f 1684/2020/1677 1695/2037/1687 1648/1977/1641
f 1693/2034/1685 1692/2033/1684 1696/2038/1688
f 1693/2034/1685 1696/2038/1688 1695/2037/1687
f 1692/2033/1684 1694/2035/1686 1697/2039/1689
f 1692/2033/1684 1697/2039/1689 1696/2038/1688
f 1695/2037/1687 1696/2038/1688 1698/2040/1690
f 1698/2040/1690 1696/2038/1688 1697/2039/1689
f 1648/1977/1641 1695/2037/1687 1699/2041/1691
f 1699/2041/1691 1695/2037/1687 1698/2040/1690
f 1648/1977/1641 1699/2041/1691 1585/1981/1578
f 1698/2040/1690 1697/2039/1689 1700/2042/1692
f 1701/2043/1693 1579/2044/1572 1585/1981/1578
f 1701/2043/1693 1585/1981/1578 1702/2045/1694
f 1702/2045/1694 1585/1981/1578 1699/2041/1691
f 1701/2043/1693 1702/2045/1694 1703/2046/1695
f 1699/2041/1691 1698/2040/1690 1704/2047/1696
f 1699/2041/1691 1704/2047/1696 1702/2045/1694
f 1704/2047/1696 1698/2040/1690 1705/2048/1697
f 1705/2048/1697 1698/2040/1690 1700/2042/1692
f 1702/2045/1694 1704/2047/1696 1706/2049/1698
f 1702/2045/1694 1706/2049/1698 1703/2046/1695
f 1703/2046/1695 1706/2049/1698 1707/2050/1699
f 1703/2046/1695 1707/2050/1699 1708/2051/1700
f 1706/2049/1698 1704/2047/1696 1709/2052/1701
f 1706/2049/1698 1709/2052/1701 1707/2050/1699
f 1709/2052/1701 1704/2047/1696 1705/2048/1697
f 1707/2050/1699 1709/2052/1701 1710/2053/1702
f 1709/2052/1701 1705/2048/1697 1711/2054/1703
f 1709/2052/1701 1711/2054/1703 1710/2053/1702
f 1711/2054/1703 1705/2048/1697 1700/2042/1692
f 1710/2053/1702 1711/2054/1703 1712/2055/1704
f 1710/2053/1702 1712/2055/1704 1713/2056/1705
f 1713/2056/1705 1712/2055/1704 1714/2057/1706
f 1712/2055/1704 1711/2054/1703 1715/2058/1707
f 1715/2058/1707 1711/2054/1703 1700/2042/1692
f 1714/2057/1706 1712/2055/1704 1716/2059/1708
f 1712/2055/1704 1715/2058/1707 1717/2060/1709
f 1712/2055/1704 1717/2060/1709 1716/2059/1708
f 1714/2057/1706 1716/2059/1708 1718/2061/1710
f 1718/2061/1710 1716/2059/1708 1717/2060/1709
f 1714/2057/1706 1718/2061/1710 1719/2062/1711
f 1719/2062/1711 1718/2061/1710 1720/2063/1712
f 1715/2058/1707 1700/2042/1692 1721/2064/1713
f 1717/2060/1709 1715/2058/1707 1722/2065/1714
f 1722/2065/1714 1715/2058/1707 1721/2064/1713
f 1718/2061/1710 1717/2060/1709 1723/2066/1715
f 1723/2066/1715 1717/2060/1709 1722/2065/1714
f 1720/2063/1712 1718/2061/1710 1724/2067/1716
f 1724/2067/1716 1718/2061/1710 1723/2066/1715
f 1721/2064/1713 1700/2042/1692 1725/2068/1717
f 1725/2068/1717 1700/2042/1692 1697/2039/1689
f 1721/2064/1713 1725/2068/1717 1726/2069/1718
f 1725/2068/1717 1697/2039/1689 1727/2070/1719
f 1725/2068/1717 1727/2070/1719 1726/2069/1718
f 1727/2070/1719 1697/2039/1689 1694/2035/1686
f 1727/2070/1719 1694/2035/1686 1728/2071/1720
f 1727/2070/1719 1728/2071/1720 1726/2069/1718
f 1728/2071/1720 1694/2035/1686 665/2036/664
f 1728/2071/1720 665/2036/664 666/2072/665
f 1728/2071/1720 666/2072/665 1726/2069/1718
f 1726/2069/1718 666/2072/665 668/2073/667
f 1729/2074/1721 1721/2064/1713 1726/2069/1718
f 1729/2074/1721 1726/2069/1718 668/2073/667
f 1721/2064/1713 1729/2074/1721 1722/2065/1714
f 1729/2074/1721 668/2073/667 1730/2075/1722
f 1730/2075/1722 668/2073/667 669/2076/668
f 1730/2075/1722 669/2076/668 737/2077/736
f 1730/2075/1722 737/2077/736 1731/2078/1723
f 1730/2075/1722 1731/2078/1723 1729/2074/1721
f 1731/2078/1723 737/2077/736 736/2079/735
f 1731/2078/1723 736/2079/735 735/2080/734
f 1729/2074/1721 1731/2078/1723 1732/2081/1724
f 1732/2081/1724 1731/2078/1723 735/2080/734
f 1733/2082/1725 1722/2065/1714 1729/2074/1721
f 1733/2082/1725 1729/2074/1721 1732/2081/1724
f 1722/2065/1714 1733/2082/1725 1723/2066/1715
f 1732/2081/1724 735/2080/734 1734/2083/1726
f 1732/2081/1724 1734/2083/1726 1733/2082/1725
f 1733/2082/1725 1734/2083/1726 1723/2066/1715
f 1734/2083/1726 735/2080/734 446/2084/446
f 1723/2066/1715 1734/2083/1726 1724/2067/1716
f 1724/2067/1716 1734/2083/1726 446/2084/446
f 1724/2067/1716 446/2084/446 445/2085/445
f 1724/2067/1716 445/2085/445 1735/2086/1727
f 1735/2086/1727 445/2085/445 448/2087/448
f 1724/2067/1716 1735/2086/1727 1720/2063/1712
f 1735/2086/1727 448/2087/448 450/2088/450
f 1720/2063/1712 1735/2086/1727 1736/2089/1728
f 1736/2089/1728 1735/2086/1727 450/2088/450
f 1720/2063/1712 1736/2089/1728 1737/2090/1729
f 1737/2090/1729 1736/2089/1728 1738/2091/1730
f 1736/2089/1728 450/2088/450 452/2092/452
f 1736/2089/1728 452/2092/452 457/2093/457
f 1657/2094/1650 1654/2095/1647 1739/2096/1731
f 1739/2096/1731 1654/2095/1647 1655/2097/1648
f 1660/2098/1653 1656/2099/1649 1657/2094/1650
f 1660/2098/1653 1657/2094/1650 1740/2100/1732
f 1740/2100/1732 1657/2094/1650 1739/2096/1731
f 1660/2098/1653 1740/2100/1732 1741/2101/1733
f 1660/2098/1653 1741/2101/1733 1659/2102/1652
f 1659/2102/1652 1741/2101/1733 1666/2103/1659
f 1666/2103/1659 1741/2101/1733 1742/2104/1734
f 1666/2103/1659 1742/2104/1734 1668/2105/1661
f 1741/2101/1733 1740/2100/1732 1743/2106/1735
f 1741/2101/1733 1743/2106/1735 1744/2107/1736
f 1741/2101/1733 1744/2107/1736 1742/2104/1734
f 1743/2106/1735 1740/2100/1732 1745/2108/1737
f 1745/2108/1737 1740/2100/1732 1739/2096/1731
f 1743/2106/1735 1745/2108/1737 1746/2109/1738
f 1743/2106/1735 1746/2109/1738 1744/2107/1736
f 1745/2108/1737 1739/2096/1731 1747/2110/1739
f 1745/2108/1737 1747/2110/1739 1746/2109/1738
f 1747/2110/1739 1739/2096/1731 1748/2111/1740
f 1748/2111/1740 1739/2096/1731 1655/2097/1648
f 1746/2109/1738 1747/2110/1739 1749/2112/1741
f 1749/2112/1741 1747/2110/1739 1750/2113/1742
f 1750/2113/1742 1747/2110/1739 1748/2111/1740
f 1746/2109/1738 1749/2112/1741 1751/2114/1743
f 1748/2111/1740 1655/2097/1648 567/2115/566
f 567/2115/566 1655/2097/1648 1633/2116/1626
f 567/2115/566 1633/2116/1626 566/2117/565
f 1749/2112/1741 1750/2113/1742 1752/2118/1744
f 1749/2112/1741 1752/2118/1744 1751/2114/1743
f 565/2119/564 563/2120/562 567/2115/566
f 1748/2111/1740 567/2115/566 1753/2121/1745
f 1753/2121/1745 567/2115/566 563/2120/562
f 1748/2111/1740 1753/2121/1745 1754/2122/1746
f 1748/2111/1740 1754/2122/1746 1750/2113/1742
f 1753/2121/1745 563/2120/562 1755/2123/1747
f 1755/2123/1747 563/2120/562 562/2124/408
f 1754/2122/1746 1753/2121/1745 1756/2125/1748
f 1756/2125/1748 1753/2121/1745 1755/2123/1747
f 1755/2123/1747 562/2124/408 1757/2126/1749
f 1755/2123/1747 1757/2126/1749 1756/2125/1748
f 1757/2126/1749 562/2124/408 564/2127/563
f 1757/2126/1749 564/2127/563 569/2128/568
f 1757/2126/1749 569/2128/568 1756/2125/1748
f 1756/2125/1748 569/2128/568 1754/2122/1746
f 1754/2122/1746 569/2128/568 572/2129/571
f 572/2129/571 569/2128/568 568/2130/567
f 1754/2122/1746 572/2129/571 1750/2113/1742
f 1750/2113/1742 572/2129/571 577/2131/576
f 577/2131/576 572/2129/571 571/2132/570
f 1750/2113/1742 577/2131/576 1758/2133/1750
f 1758/2133/1750 577/2131/576 601/2134/600
f 601/2134/600 577/2131/576 576/2135/575
f 1750/2113/1742 1758/2133/1750 1759/2136/1751
f 1759/2136/1751 1758/2133/1750 601/2134/600
f 1750/2113/1742 1759/2136/1751 1752/2118/1744
f 1752/2118/1744 1759/2136/1751 1751/2114/1743
f 1759/2136/1751 601/2134/600 1760/2137/1752
f 1751/2114/1743 1759/2136/1751 1761/2138/1753
f 1751/2114/1743 1761/2138/1753 1762/2139/1754
f 1760/2137/1752 601/2134/600 604/2140/603
f 604/2140/603 601/2134/600 600/2141/599
f 1760/2137/1752 604/2140/603 1763/2142/1755
f 1763/2142/1755 604/2140/603 605/2143/604
f 1751/2114/1743 1762/2139/1754 1764/2144/1756
f 1751/2114/1743 1764/2144/1756 1765/2145/1757
f 1751/2114/1743 1765/2145/1757 1746/2109/1738
f 1765/2145/1757 1764/2144/1756 1766/2146/1758
f 1765/2145/1757 1766/2146/1758 1767/2147/1759
f 1746/2109/1738 1765/2145/1757 1744/2107/1736
f 1765/2145/1757 1767/2147/1759 1768/2148/1760
f 1744/2107/1736 1765/2145/1757 1769/2149/1761
f 1769/2149/1761 1765/2145/1757 1768/2148/1760
f 1744/2107/1736 1769/2149/1761 1770/2150/1762
f 1744/2107/1736 1770/2150/1762 1742/2104/1734
f 1769/2149/1761 1768/2148/1760 1771/2151/904
f 1769/2149/1761 1771/2151/904 1770/2150/1762
f 1771/2151/904 1768/2148/1760 717/2152/716
f 717/2152/716 1768/2148/1760 715/2153/714
f 1770/2150/1762 1771/2151/904 1772/2154/1763
f 1771/2151/904 717/2152/716 1773/2155/1764
f 1771/2151/904 1773/2155/1764 1772/2154/1763
f 1773/2155/1764 717/2152/716 718/2156/717
f 1770/2150/1762 1772/2154/1763 1774/2157/1765
f 1774/2157/1765 1772/2154/1763 1773/2155/1764
f 1775/2158/1766 1742/2104/1734 1770/2150/1762
f 1775/2158/1766 1770/2150/1762 1774/2157/1765
f 1742/2104/1734 1775/2158/1766 1668/2105/1661
f 1773/2155/1764 718/2156/717 1776/2159/1767
f 1773/2155/1764 1776/2159/1767 1774/2157/1765
f 1776/2159/1767 718/2156/717 719/2160/718
f 1774/2157/1765 1776/2159/1767 1777/2161/1768
f 1777/2161/1768 1776/2159/1767 719/2160/718
f 1774/2157/1765 1777/2161/1768 1775/2158/1766
f 1777/2161/1768 719/2160/718 720/2162/719
f 1778/2163/1769 1668/2105/1661 1775/2158/1766
f 1668/2105/1661 1778/2163/1769 1678/2164/1671
f 1678/2164/1671 1778/2163/1769 1681/2165/1674
f 1681/2165/1674 1778/2163/1769 1775/2158/1766
f 1681/2165/1674 1775/2158/1766 1777/2161/1768
f 1681/2165/1674 1777/2161/1768 1686/2166/1679
f 1686/2166/1679 1777/2161/1768 720/2162/719
f 1686/2166/1679 720/2162/719 685/2167/684
f 1779/2168/1770 699/768/698 700/769/699
f 699/768/698 1779/2168/1770 657/725/656
f 657/725/656 1779/2168/1770 660/728/659
f 1779/2168/1770 700/769/699 1780/2169/1771
f 1779/2168/1770 1780/2169/1771 660/728/659
f 1780/2169/1771 700/769/699 707/776/706
f 660/728/659 1780/2169/1771 752/2170/751
f 660/728/659 752/2170/751 749/2171/748
f 752/2170/751 1780/2169/1771 1781/2172/1772
f 1781/2172/1772 1780/2169/1771 707/776/706
f 752/2170/751 1781/2172/1772 753/2173/752
f 1781/2172/1772 707/776/706 1782/2174/1773
f 1781/2172/1772 1782/2174/1773 753/2173/752
f 1782/2174/1773 707/776/706 1783/2175/1774
f 753/2173/752 1782/2174/1773 1784/2176/1775
f 753/2177/752 1784/2178/1775 755/2179/754
f 755/2179/754 1784/2178/1775 1785/2180/1776
f 755/2179/754 1785/2180/1776 1786/2181/1777
f 755/2179/754 1786/2181/1777 754/2182/753
f 761/2183/760 757/2184/756 754/2182/753
f 761/2183/760 754/2182/753 1786/2181/1777
f 761/2183/760 1786/2181/1777 1787/2185/1778
f 761/2183/760 1787/2185/1778 1788/2186/1779
f 1787/2185/1778 1786/2181/1777 1789/2187/1780
f 1787/2185/1778 1789/2187/1780 1788/2186/1779
f 1789/2187/1780 1786/2181/1777 1790/2188/1781
f 1790/2188/1781 1786/2181/1777 1785/2180/1776
f 1788/2186/1779 1789/2187/1780 1791/2189/1782
f 1788/2186/1779 1791/2189/1782 761/2183/760
f 1789/2187/1780 1790/2188/1781 1792/2190/1783
f 1792/2190/1783 1790/2188/1781 1785/2180/1776
f 1789/2187/1780 1792/2190/1783 1791/2189/1782
f 766/2191/765 760/2192/759 761/2183/760
f 766/2191/765 761/2183/760 1791/2189/1782
f 766/2191/765 1791/2189/1782 1793/2193/1784
f 766/2191/765 1793/2193/1784 765/2194/764
f 1793/2193/1784 1791/2189/1782 774/2195/773
f 1793/2193/1784 774/2195/773 765/2194/764
f 767/2196/766 765/2194/764 769/2197/768
f 769/2197/768 765/2194/764 774/2195/773
f 774/2195/773 1791/2189/1782 1794/2198/1785
f 1794/2198/1785 1791/2189/1782 1795/2199/1786
f 1795/2199/1786 1791/2189/1782 1792/2190/1783
f 774/2195/773 1794/2198/1785 1796/2200/1787
f 774/2195/773 1796/2200/1787 777/2201/776
f 774/2195/773 777/2201/776 773/2202/772
f 1796/2200/1787 1794/2198/1785 1797/2203/1788
f 1797/2203/1788 1794/2198/1785 1795/2199/1786
f 777/2201/776 1796/2200/1787 1798/2204/1789
f 1798/2204/1789 1796/2200/1787 1797/2203/1788
f 776/2205/775 777/2201/776 779/2206/778
f 779/2206/778 777/2201/776 1798/2204/1789
f 1797/2203/1788 1795/2199/1786 1799/2207/1790
f 1797/2203/1788 1799/2207/1790 1798/2204/1789
f 779/2206/778 1798/2204/1789 1800/2208/1791
f 779/2206/778 1800/2208/1791 784/2209/783
f 1801/2210/1792 1795/2199/1786 1792/2190/1783
f 1795/2199/1786 1801/2210/1792 1799/2207/1790
f 1801/2210/1792 1792/2190/1783 1785/2180/1776
f 1798/2204/1789 1799/2207/1790 1802/2211/1793
f 1801/2210/1792 1785/2180/1776 1803/2212/1794
f 1799/2207/1790 1801/2210/1792 1804/2213/1795
f 1804/2213/1795 1801/2210/1792 1803/2212/1794
f 1799/2207/1790 1804/2213/1795 1805/2214/1796
f 1799/2207/1790 1805/2214/1796 1802/2211/1793
f 1803/2212/1794 1785/2180/1776 1806/2215/1797
f 1806/2215/1797 1785/2180/1776 1784/2178/1775
f 1803/2212/1794 1806/2215/1797 1807/2216/1798
f 1803/2212/1794 1807/2216/1798 1804/2213/1795
f 1806/2215/1797 1784/2178/1775 1808/2217/1799
f 1808/2217/1799 1784/2178/1775 1782/2218/1773
f 1808/2217/1799 1782/2218/1773 1783/2219/1774
f 1807/2216/1798 1806/2215/1797 1809/2220/1800
f 1809/2220/1800 1806/2215/1797 1808/2217/1799
f 1804/2213/1795 1807/2216/1798 1810/2221/1801
f 1810/2221/1801 1807/2216/1798 1811/2222/1802
f 1811/2222/1802 1807/2216/1798 1809/2220/1800
f 1804/2213/1795 1810/2221/1801 1812/2223/1803
f 1809/2220/1800 1808/2217/1799 1813/2224/1804
f 1810/2221/1801 1811/2222/1802 1814/2225/1805
f 1810/2221/1801 1814/2225/1805 1812/2223/1803
f 1811/2222/1802 1809/2220/1800 1815/2226/1806
f 1815/2226/1806 1809/2220/1800 1813/2224/1804
f 1814/2225/1805 1811/2222/1802 1816/2227/1807
f 1811/2222/1802 1815/2226/1806 1817/2228/1808
f 1811/2222/1802 1817/2228/1808 1816/2227/1807
f 1814/2225/1805 1816/2227/1807 1818/2229/1809
f 1814/2225/1805 1818/2229/1809 1812/2223/1803
f 1816/2227/1807 1817/2228/1808 1819/2230/1810
f 1817/2228/1808 1815/2226/1806 1820/2231/1811
f 1817/2228/1808 1820/2231/1811 1819/2230/1810
f 1820/2231/1811 1815/2226/1806 1821/2232/1812
f 1821/2232/1812 1815/2226/1806 1813/2224/1804
f 1820/2231/1811 1821/2232/1812 1822/2233/1813
f 1820/2231/1811 1822/2233/1813 1823/2234/1814
f 1820/2231/1811 1823/2234/1814 1819/2230/1810
f 1816/2227/1807 1819/2230/1810 1824/2235/1815
f 1816/2227/1807 1824/2235/1815 1818/2229/1809
f 1819/2230/1810 1823/2234/1814 1825/2236/1816
f 1819/2230/1810 1825/2236/1816 1826/2237/1817
f 1819/2230/1810 1826/2237/1817 1824/2235/1815
f 1825/2236/1816 1823/2234/1814 1827/2238/1818
f 1826/2237/1817 1825/2236/1816 1828/2239/1819
f 1828/2239/1819 1825/2236/1816 1827/2238/1818
f 1829/2240/1820 1823/2234/1814 1822/2233/1813
f 1823/2234/1814 1829/2240/1820 1827/2238/1818
f 1829/2240/1820 1822/2233/1813 1830/2241/1821
f 1830/2241/1821 1822/2233/1813 1821/2232/1812
f 1827/2238/1818 1829/2240/1820 1831/2242/1822
f 1831/2242/1822 1829/2240/1820 1830/2241/1821
f 1828/2239/1819 1827/2238/1818 1832/2243/1823
f 1833/2244/1824 1826/2237/1817 1828/2239/1819
f 1833/2244/1824 1828/2239/1819 1832/2243/1823
f 1826/2237/1817 1833/2244/1824 1834/2245/932
f 1826/2237/1817 1834/2245/932 1824/2235/1815
f 1833/2244/1824 1832/2243/1823 1835/2246/1825
f 1835/2246/1825 1832/2243/1823 1836/2247/1826
f 1833/2244/1824 1835/2246/1825 1837/2248/1827
f 1833/2244/1824 1837/2248/1827 1834/2245/932
f 1837/2248/1827 1835/2246/1825 1838/2249/1828
f 1837/2248/1827 1838/2249/1828 1839/2250/1829
f 1837/2248/1827 1839/2250/1829 1840/2251/1830
f 1836/2247/1826 1832/2243/1823 1841/2252/1831
f 1836/2247/1826 1841/2252/1831 1842/2253/1832
f 1843/2254/1833 1832/2243/1823 1827/2238/1818
f 1832/2243/1823 1843/2254/1833 1841/2252/1831
f 1843/2254/1833 1827/2238/1818 1831/2242/1822
f 1842/2253/1832 1841/2252/1831 1844/2255/1834
f 1844/2255/1834 1841/2252/1831 1843/2254/1833
f 1844/2255/1834 1843/2254/1833 1831/2242/1822
f 1842/2253/1832 1844/2255/1834 1845/2256/1835
f 1845/2256/1835 1844/2255/1834 1846/2257/1836
f 1844/2255/1834 1831/2242/1822 1847/2258/1837
f 1844/2255/1834 1847/2258/1837 1846/2257/1836
f 1847/2258/1837 1831/2242/1822 1848/2259/1838
f 1848/2259/1838 1831/2242/1822 1830/2241/1821
f 1847/2258/1837 1848/2259/1838 1849/2260/1839
f 1849/2260/1839 1848/2259/1838 1830/2241/1821
f 1846/2257/1836 1847/2258/1837 1850/2261/1840
f 1847/2258/1837 1849/2260/1839 1851/2262/1841
f 1847/2258/1837 1851/2262/1841 1850/2261/1840
f 1851/2262/1841 1849/2260/1839 1852/2263/1842
f 1851/2262/1841 1852/2263/1842 1850/2261/1840
f 1846/2257/1836 1850/2261/1840 1853/2264/1843
f 1846/2257/1836 1853/2264/1843 1854/2265/1844
f 1853/2264/1843 1850/2261/1840 1855/2266/1845
f 1855/2266/1845 1850/2261/1840 1852/2263/1842
f 1853/2264/1843 1855/2266/1845 705/2267/704
f 1853/2264/1843 705/2267/704 710/2268/709
f 705/2267/704 1855/2266/1845 704/2269/703
f 704/2269/703 1855/2266/1845 703/2270/702
f 703/2270/702 1855/2266/1845 1852/2263/1842
f 703/2270/702 1852/2263/1842 702/2271/701
f 702/2271/701 1852/2263/1842 1856/2272/1846
f 702/2271/701 1856/2272/1846 697/2273/696
f 697/2273/696 1856/2272/1846 1857/2274/1847
f 1857/2274/1847 1856/2272/1846 1852/2263/1842
f 697/2273/696 1857/2274/1847 706/2275/705
f 1857/2274/1847 1852/2263/1842 1858/2276/1848
f 1858/2276/1848 1852/2263/1842 1849/2260/1839
f 706/2275/705 1857/2274/1847 1859/2277/1849
f 706/2275/705 1859/2277/1849 707/2278/706
f 707/2278/706 1859/2277/1849 1783/2219/1774
f 1859/2277/1849 1857/2274/1847 1860/2279/1850
f 1859/2277/1849 1860/2279/1850 1783/2219/1774
f 1860/2279/1850 1857/2274/1847 1858/2276/1848
f 1783/2219/1774 1860/2279/1850 1808/2217/1799
f 1858/2276/1848 1849/2260/1839 1861/2280/1851
f 1858/2276/1848 1861/2280/1851 1860/2279/1850
f 1861/2280/1851 1849/2260/1839 1830/2241/1821
f 1860/2279/1850 1861/2280/1851 1862/2281/1852
f 1861/2280/1851 1830/2241/1821 1863/2282/1853
f 1861/2280/1851 1863/2282/1853 1862/2281/1852
f 1863/2282/1853 1830/2241/1821 1821/2232/1812
f 1863/2282/1853 1821/2232/1812 1813/2224/1804
f 1862/2281/1852 1863/2282/1853 1864/2283/1854
f 1864/2283/1854 1863/2282/1853 1813/2224/1804
f 1862/2281/1852 1864/2283/1854 1860/2279/1850
f 1864/2283/1854 1813/2224/1804 1808/2217/1799
f 1864/2283/1854 1808/2217/1799 1860/2279/1850
f 710/2284/709 712/2285/711 1865/2286/1855
f 1865/2286/1855 712/2285/711 713/2287/712
f 710/2284/709 1865/2286/1855 1866/2288/1856
f 710/2284/709 1866/2288/1856 1853/2289/1843
f 1853/2289/1843 1866/2288/1856 1854/2290/1844
f 1854/2290/1844 1866/2288/1856 1867/2291/1857
f 1866/2288/1856 1865/2286/1855 1868/2292/1858
f 1868/2292/1858 1865/2286/1855 713/2287/712
f 1867/2291/1857 1866/2288/1856 1869/2293/1859
f 1869/2293/1859 1866/2288/1856 1868/2292/1858
f 1868/2292/1858 713/2287/712 1870/2294/1860
f 1868/2292/1858 1870/2294/1860 1869/2293/1859
f 1870/2294/1860 713/2287/712 715/2295/714
f 1867/2291/1857 1869/2293/1859 1871/2296/1861
f 1871/2296/1861 1869/2293/1859 1870/2294/1860
f 1867/2291/1857 1871/2296/1861 1872/2297/1862
f 1867/2291/1857 1872/2297/1862 1873/2298/1863
f 1871/2296/1861 1870/2294/1860 1874/2299/1864
f 1871/2296/1861 1874/2299/1864 1872/2297/1862
f 1874/2299/1864 1870/2294/1860 1767/2300/1759
f 1874/2299/1864 1767/2300/1759 1766/2301/1758
f 1874/2299/1864 1766/2301/1758 1764/2302/1756
f 1874/2299/1864 1764/2302/1756 1875/2303/1865
f 1872/2297/1862 1874/2299/1864 1876/2304/1866
f 1876/2304/1866 1874/2299/1864 1875/2303/1865
f 1872/2297/1862 1876/2304/1866 1877/2305/1867
f 1877/2305/1867 1876/2304/1866 1878/2306/1868
f 1878/2306/1868 1876/2304/1866 1875/2303/1865
f 1875/2303/1865 1764/2302/1756 1762/2307/1754
f 1878/2306/1868 1875/2303/1865 1879/2308/1869
f 1875/2303/1865 1762/2307/1754 1880/2309/1870
f 1875/2303/1865 1880/2309/1870 1879/2308/1869
f 1880/2309/1870 1762/2307/1754 1881/2310/1871
f 1881/2310/1871 1762/2307/1754 1761/2311/1753
f 1879/2308/1869 1880/2309/1870 1882/2312/1872
f 1882/2312/1872 1880/2309/1870 1881/2310/1871
f 1878/2306/1868 1879/2308/1869 1883/2313/1873
f 1883/2313/1873 1879/2308/1869 1882/2312/1872
f 1878/2306/1868 1883/2313/1873 1884/2314/1874
f 1881/2310/1871 1761/2311/1753 1885/2315/1875
f 1885/2315/1875 1761/2311/1753 1759/2316/1751
f 1885/2315/1875 1759/2316/1751 1760/2317/1752
f 1882/2312/1872 1881/2310/1871 1886/2318/1876
f 1881/2310/1871 1885/2315/1875 1887/2319/1877
f 1881/2310/1871 1887/2319/1877 1886/2318/1876
f 1885/2315/1875 1760/2317/1752 1888/2320/1878
f 1885/2315/1875 1888/2320/1878 1887/2319/1877
f 1889/2321/1879 1883/2313/1873 1882/2312/1872
f 1889/2321/1879 1882/2312/1872 1886/2318/1876
f 1883/2313/1873 1889/2321/1879 1890/2322/1880
f 1883/2313/1873 1890/2322/1880 1891/2323/1881
f 1890/2322/1880 1889/2321/1879 1892/2324/1882
f 1892/2324/1882 1889/2321/1879 1893/2325/1883
f 1893/2325/1883 1889/2321/1879 1886/2318/1876
f 1892/2324/1882 1893/2325/1883 1894/2326/1884
f 1895/2327/1885 1886/2318/1876 1887/2319/1877
f 1895/2327/1885 1887/2319/1877 1888/2320/1878
f 1893/2325/1883 1886/2318/1876 1896/2328/1886
f 1896/2328/1886 1886/2318/1876 1895/2327/1885
f 1893/2325/1883 1896/2328/1886 1894/2326/1884
f 1895/2327/1885 1888/2320/1878 1897/2329/1887
f 1895/2327/1885 1897/2329/1887 1896/2328/1886
f 1894/2326/1884 1896/2328/1886 1898/2330/1888
f 1897/2329/1887 1888/2320/1878 1899/2331/1889
f 1894/2326/1884 1898/2330/1888 1900/2332/1890
f 1894/2326/1884 1900/2332/1890 1901/2333/1891
f 1896/2328/1886 1897/2329/1887 1902/2334/1892
f 1902/2334/1892 1897/2329/1887 1899/2331/1889
f 1898/2330/1888 1896/2328/1886 1903/2335/1893
f 1903/2335/1893 1896/2328/1886 1902/2334/1892
f 1900/2332/1890 1898/2330/1888 1904/2336/1894
f 1904/2336/1894 1898/2330/1888 1903/2335/1893
f 1900/2332/1890 1904/2336/1894 1905/2337/1895
f 1900/2332/1890 1905/2337/1895 1906/2338/1896
f 1906/2338/1896 1905/2337/1895 1907/2339/1897
f 1904/2336/1894 1903/2335/1893 1908/2340/1898
f 1908/2340/1898 1903/2335/1893 1902/2334/1892
f 1905/2337/1895 1904/2336/1894 1909/2341/1899
f 1905/2337/1895 1909/2341/1899 1907/2339/1897
f 1909/2341/1899 1904/2336/1894 1910/2342/1900
f 1910/2342/1900 1904/2336/1894 1908/2340/1898
f 1907/2339/1897 1909/2341/1899 1911/2343/1901
f 1907/2339/1897 1911/2343/1901 1912/2344/1902
f 1909/2341/1899 1910/2342/1900 1913/2345/1903
f 1909/2341/1899 1913/2345/1903 1911/2343/1901
f 1910/2342/1900 1908/2340/1898 1914/2346/1904
f 1910/2342/1900 1914/2346/1904 1913/2345/1903
f 1911/2343/1901 1913/2345/1903 1915/2347/1905
f 1912/2344/1902 1911/2343/1901 1916/2348/1906
f 1916/2348/1906 1911/2343/1901 1915/2347/1905
f 1915/2347/1905 1913/2345/1903 1917/2349/1907
f 1917/2349/1907 1913/2345/1903 1914/2346/1904
f 1915/2347/1905 1917/2349/1907 1918/2350/1908
f 1918/2350/1908 1917/2349/1907 1914/2346/1904
f 1916/2348/1906 1915/2347/1905 1919/2351/1909
f 1919/2351/1909 1915/2347/1905 1918/2350/1908
f 1912/2344/1902 1916/2348/1906 1920/2352/1910
f 1912/2344/1902 1920/2352/1910 1921/2353/1911
f 1916/2348/1906 1919/2351/1909 1922/2354/1912
f 1916/2348/1906 1922/2354/1912 1920/2352/1910
f 1922/2354/1912 1919/2351/1909 1923/2355/1913
f 1920/2352/1910 1922/2354/1912 1924/2356/1914
f 1924/2356/1914 1922/2354/1912 1923/2355/1913
f 1921/2353/1911 1920/2352/1910 1925/2357/1915
f 1925/2357/1915 1920/2352/1910 1924/2356/1914
f 1921/2353/1911 1925/2357/1915 1926/2358/1916
f 1925/2357/1915 1924/2356/1914 1927/2359/1917
f 1925/2357/1915 1927/2359/1917 1926/2358/1916
f 1926/2358/1916 1927/2359/1917 1928/2360/1918
f 1926/2358/1916 1928/2360/1918 1929/2361/1919
f 1930/2362/1920 1923/2355/1913 1919/2351/1909
f 1923/2355/1913 1930/2362/1920 1931/2363/1921
f 1930/2362/1920 1919/2351/1909 1918/2350/1908
f 1930/2362/1920 1918/2350/1908 1932/2364/1922
f 1930/2362/1920 1932/2364/1922 1933/2365/1923
f 1932/2364/1922 1918/2350/1908 1934/2366/1924
f 1934/2366/1924 1918/2350/1908 1914/2346/1904
f 1934/2366/1924 1914/2346/1904 1935/2367/1925
f 1934/2366/1924 1935/2367/1925 1932/2364/1922
f 1935/2367/1925 1914/2346/1904 1908/2340/1898
f 1933/2365/1923 1932/2364/1922 1936/2368/1926
f 1936/2368/1926 1932/2364/1922 1935/2367/1925
f 1933/2365/1923 1936/2368/1926 1937/2369/1927
f 1935/2367/1925 1908/2340/1898 1938/2370/1928
f 1935/2367/1925 1938/2370/1928 1936/2368/1926
f 1936/2368/1926 1938/2370/1928 1937/2369/1927
f 1938/2370/1928 1908/2340/1898 1902/2334/1892
f 1933/2365/1923 1937/2369/1927 1939/2371/1929
f 1938/2370/1928 1902/2334/1892 1940/2372/1930
f 1938/2370/1928 1940/2372/1930 1937/2369/1927
f 1940/2372/1930 1902/2334/1892 1941/2373/1931
f 1941/2373/1931 1902/2334/1892 1899/2331/1889
f 1937/2369/1927 1940/2372/1930 1942/2374/1932
f 1939/2371/1929 1937/2369/1927 1943/2375/1933
f 1943/2375/1933 1937/2369/1927 1942/2374/1932
f 1939/2371/1929 1943/2375/1933 1944/2376/1934
f 1944/2376/1934 1943/2375/1933 1945/2377/1935
f 1941/2373/1931 1899/2331/1889 1946/2378/1936
f 1940/2372/1930 1941/2373/1931 1947/2379/1937
f 1940/2372/1930 1947/2379/1937 1942/2374/1932
f 1947/2379/1937 1941/2373/1931 1946/2378/1936
f 1943/2375/1933 1942/2374/1932 1948/2380/1938
f 1948/2380/1938 1942/2374/1932 1947/2379/1937
f 1943/2375/1933 1948/2380/1938 1945/2377/1935
f 1946/2378/1936 1899/2331/1889 1888/2320/1878
f 1947/2379/1937 1946/2378/1936 1949/2381/1939
f 1947/2379/1937 1949/2381/1939 1948/2380/1938
f 1949/2381/1939 1946/2378/1936 1950/2382/1940
f 1949/2381/1939 1950/2382/1940 1948/2380/1938
f 1946/2378/1936 1888/2320/1878 1951/2383/1941
f 1946/2378/1936 1951/2383/1941 1950/2382/1940
f 1951/2383/1941 1888/2320/1878 1760/2317/1752
f 1951/2383/1941 1760/2317/1752 1763/2384/1755
f 1951/2383/1941 1763/2384/1755 1950/2382/1940
f 1948/2380/1938 1950/2382/1940 1952/2385/1942
f 1948/2380/1938 1952/2385/1942 1945/2377/1935
f 1945/2377/1935 1952/2385/1942 1953/2386/1943
f 1945/2377/1935 1953/2386/1943 1954/2387/1944
f 1953/2386/1943 1952/2385/1942 402/2388/402
f 1952/2385/1942 1950/2382/1940 1955/2389/1945
f 1952/2385/1942 1955/2389/1945 402/2388/402
f 1955/2389/1945 1950/2382/1940 1763/2384/1755
f 402/2388/402 1955/2389/1945 403/2390/403
f 403/2390/403 1955/2389/1945 612/2391/611
f 612/2391/611 1955/2389/1945 1763/2384/1755
f 612/2391/611 1763/2384/1755 605/2392/604
f 1870/2393/1860 715/2394/714 1767/2395/1759
f 1767/2395/1759 715/2394/714 1768/2396/1760
f 1872/2397/1862 1877/2398/1867 1873/2399/1863
f 1878/2400/1868 1884/2401/1874 1877/2398/1867
f 1877/2398/1867 1884/2401/1874 1873/2399/1863
f 1883/2402/1873 1891/2403/1881 1884/2401/1874
f 1873/2399/1863 1884/2401/1874 1956/2404/1946
f 1884/2401/1874 1891/2403/1881 1957/2405/1947
f 1884/2401/1874 1957/2405/1947 1956/2404/1946
f 1957/2405/1947 1891/2403/1881 1958/2406/1948
f 1958/2406/1948 1891/2403/1881 1890/2407/1880
f 1956/2404/1946 1957/2405/1947 1959/2408/1949
f 1873/2399/1863 1956/2404/1946 1960/2409/1950
f 1960/2409/1950 1956/2404/1946 1959/2408/1949
f 1959/2408/1949 1957/2405/1947 1961/2410/1951
f 1961/2410/1951 1957/2405/1947 1958/2406/1948
f 1958/2406/1948 1890/2407/1880 1962/2411/1952
f 1962/2411/1952 1890/2407/1880 1892/2412/1882
f 1961/2410/1951 1958/2406/1948 1963/2413/1953
f 1958/2406/1948 1962/2411/1952 1964/2414/1954
f 1958/2406/1948 1964/2414/1954 1963/2413/1953
f 1962/2411/1952 1892/2412/1882 1965/2415/1955
f 1962/2411/1952 1965/2415/1955 1964/2414/1954
f 1901/2416/1891 1892/2412/1882 1894/2417/1884
f 1892/2412/1882 1901/2416/1891 1965/2415/1955
f 1964/2414/1954 1965/2415/1955 1966/2418/1956
f 1964/2414/1954 1966/2418/1956 1963/2413/1953
f 1965/2415/1955 1901/2416/1891 1967/2419/1957
f 1967/2419/1957 1901/2416/1891 1900/2420/1890
f 1967/2419/1957 1900/2420/1890 1906/2421/1896
f 1965/2415/1955 1967/2419/1957 1968/2422/1958
f 1965/2415/1955 1968/2422/1958 1966/2418/1956
f 1967/2419/1957 1906/2421/1896 1969/2423/1959
f 1969/2423/1959 1906/2421/1896 1907/2424/1897
f 1968/2422/1958 1967/2419/1957 1970/2425/1960
f 1970/2425/1960 1967/2419/1957 1969/2423/1959
f 1966/2418/1956 1968/2422/1958 1971/2426/1961
f 1968/2422/1958 1970/2425/1960 1972/2427/1962
f 1968/2422/1958 1972/2427/1962 1971/2426/1961
f 1970/2425/1960 1969/2423/1959 1973/2428/1963
f 1970/2425/1960 1973/2428/1963 1972/2427/1962
f 1969/2423/1959 1907/2424/1897 1974/2429/1964
f 1973/2428/1963 1969/2423/1959 1975/2430/1965
f 1975/2430/1965 1969/2423/1959 1974/2429/1964
f 1973/2428/1963 1975/2430/1965 1976/2431/1966
f 1972/2427/1962 1973/2428/1963 1977/2432/1967
f 1977/2432/1967 1973/2428/1963 1976/2431/1966
f 1972/2427/1962 1977/2432/1967 1978/2433/1968
f 1972/2427/1962 1978/2433/1968 1971/2426/1961
f 1977/2432/1967 1976/2431/1966 1979/2434/1969
f 1980/2435/1970 1966/2418/1956 1971/2426/1961
f 1966/2418/1956 1980/2435/1970 1963/2413/1953
f 1981/2436/1971 1976/2431/1966 1975/2430/1965
f 1981/2436/1971 1975/2430/1965 1974/2429/1964
f 1979/2434/1969 1976/2431/1966 1982/2437/1972
f 1982/2437/1972 1976/2431/1966 1981/2436/1971
f 1977/2432/1967 1979/2434/1969 1983/2438/1973
f 1977/2432/1967 1983/2438/1973 1978/2433/1968
f 1979/2434/1969 1982/2437/1972 1984/2439/1974
f 1979/2434/1969 1984/2439/1974 1983/2438/1973
f 1982/2437/1972 1981/2436/1971 1985/2440/1975
f 1981/2436/1971 1974/2429/1964 1986/2441/1976
f 1981/2436/1971 1986/2441/1976 1985/2440/1975
f 1984/2439/1974 1982/2437/1972 1987/2442/1977
f 1987/2442/1977 1982/2437/1972 1985/2440/1975
f 1983/2438/1973 1984/2439/1974 1988/2443/1978
f 1984/2439/1974 1987/2442/1977 1989/2444/1979
f 1984/2439/1974 1989/2444/1979 1988/2443/1978
f 1987/2442/1977 1985/2440/1975 1990/2445/1980
f 1990/2445/1980 1985/2440/1975 1986/2441/1976
f 1987/2442/1977 1990/2445/1980 1991/2446/1981
f 1987/2442/1977 1991/2446/1981 1989/2444/1979
f 1990/2445/1980 1986/2441/1976 1992/2447/1982
f 1992/2447/1982 1986/2441/1976 1974/2429/1964
f 1991/2446/1981 1990/2445/1980 1993/2448/1983
f 1993/2448/1983 1990/2445/1980 1992/2447/1982
f 1992/2447/1982 1974/2429/1964 1994/2449/1984
f 1992/2447/1982 1994/2449/1984 1993/2448/1983
f 1994/2449/1984 1974/2429/1964 1907/2424/1897
f 1994/2449/1984 1907/2424/1897 1912/2450/1902
f 1994/2449/1984 1912/2450/1902 1993/2448/1983
f 1993/2448/1983 1912/2450/1902 1921/2451/1911
f 1993/2448/1983 1921/2451/1911 1995/2452/1985
f 1993/2448/1983 1995/2452/1985 1991/2446/1981
f 1995/2452/1985 1921/2451/1911 1926/2453/1916
f 1995/2452/1985 1926/2453/1916 1929/2454/1919
f 1991/2446/1981 1995/2452/1985 1996/2455/1986
f 1996/2455/1986 1995/2452/1985 1929/2454/1919
f 1991/2446/1981 1996/2455/1986 1989/2444/1979
f 1997/2456/1987 1929/2454/1919 1928/2457/1918
f 1929/2454/1919 1997/2456/1987 1998/2458/1988
f 1929/2454/1919 1998/2458/1988 1996/2455/1986
f 1998/2458/1988 1997/2456/1987 1999/2459/1989
f 1998/2458/1988 1999/2459/1989 2000/2460/1990
f 2000/2460/1990 1999/2459/1989 2001/2461/1991
f 1998/2458/1988 2000/2460/1990 2002/2462/1992
f 1996/2455/1986 1998/2458/1988 2003/2463/1993
f 2003/2463/1993 1998/2458/1988 2002/2462/1992
f 1996/2455/1986 2003/2463/1993 2004/2464/1994
f 1996/2455/1986 2004/2464/1994 1989/2444/1979
f 2004/2464/1994 2003/2463/1993 2005/2465/1995
f 2002/2462/1992 2000/2460/1990 2006/2466/1996
f 2006/2466/1996 2000/2460/1990 2007/2467/1997
f 2003/2463/1993 2002/2462/1992 2008/2468/1998
f 2003/2463/1993 2008/2468/1998 2005/2465/1995
f 2002/2462/1992 2006/2466/1996 2009/2469/1999
f 2009/2469/1999 2006/2466/1996 2007/2467/1997
f 2009/2469/1999 2007/2467/1997 2010/2470/2000
f 2002/2462/1992 2009/2469/1999 2011/2471/2001
f 2011/2471/2001 2009/2469/1999 2010/2470/2000
f 2002/2462/1992 2011/2471/2001 2008/2468/1998
f 2008/2468/1998 2011/2471/2001 2005/2465/1995
f 2011/2471/2001 2010/2470/2000 2012/2472/2002
f 2011/2471/2001 2012/2472/2002 2005/2465/1995
f 2005/2465/1995 2012/2472/2002 2013/2473/2003
f 2005/2465/1995 2013/2473/2003 2014/2474/2004
f 2005/2465/1995 2014/2474/2004 2004/2464/1994
f 2015/2475/2005 2016/2476/2006 2013/2473/2003
f 2013/2473/2003 2016/2476/2006 2014/2474/2004
f 2004/2464/1994 2014/2474/2004 2017/2477/2007
f 2004/2464/1994 2017/2477/2007 1989/2444/1979
f 1989/2444/1979 2017/2477/2007 1988/2443/1978
f 2017/2477/2007 2014/2474/2004 2018/2478/2008
f 1988/2443/1978 2017/2477/2007 2019/2479/2009
f 2019/2479/2009 2017/2477/2007 2018/2478/2008
f 1988/2443/1978 2019/2479/2009 2020/2480/2010
f 1988/2443/1978 2020/2480/2010 1983/2438/1973
f 1983/2438/1973 2020/2480/2010 1978/2433/1968
f 1978/2433/1968 2020/2480/2010 2021/2481/2011
f 1978/2433/1968 2021/2481/2011 1971/2426/1961
f 2020/2480/2010 2019/2479/2009 2022/2482/2012
f 2020/2480/2010 2022/2482/2012 2021/2481/2011
f 2019/2479/2009 2018/2478/2008 2023/2483/852
f 2019/2479/2009 2023/2483/852 2022/2482/2012
f 2023/2483/852 2018/2478/2008 2024/2484/2013
f 2024/2484/2013 2018/2478/2008 2014/2474/2004
f 1971/2426/1961 2021/2481/2011 2025/2485/2014
f 1971/2426/1961 2025/2485/2014 1980/2435/1970
f 2025/2485/2014 2021/2481/2011 2026/2486/2015
f 2025/2485/2014 2026/2486/2015 1980/2435/1970
f 2024/2484/2013 2014/2474/2004 2027/2487/2016
f 2027/2487/2016 2014/2474/2004 2016/2476/2006
f 2023/2483/852 2024/2484/2013 2028/2488/2017
f 2028/2488/2017 2024/2484/2013 2027/2487/2016
f 2023/2483/852 2028/2488/2017 2029/2489/2018
f 2023/2483/852 2029/2489/2018 2022/2482/2012
f 2027/2487/2016 2016/2476/2006 2030/2490/2019
f 2030/2490/2019 2016/2476/2006 2031/2491/2020
f 2028/2488/2017 2027/2487/2016 2032/2492/2021
f 2032/2492/2021 2027/2487/2016 2030/2490/2019
f 2029/2489/2018 2028/2488/2017 2033/2493/2022
f 2033/2493/2022 2028/2488/2017 2032/2492/2021
f 2022/2482/2012 2029/2489/2018 2034/2494/2023
f 2022/2482/2012 2034/2494/2023 2021/2481/2011
f 2029/2489/2018 2033/2493/2022 2035/2495/2024
f 2029/2489/2018 2035/2495/2024 2034/2494/2023
f 2021/2481/2011 2034/2494/2023 2036/2496/2025
f 2036/2496/2025 2034/2494/2023 2035/2495/2024
f 2021/2481/2011 2036/2496/2025 2026/2486/2015
f 2037/2497/2026 2032/2492/2021 2030/2490/2019
f 2037/2497/2026 2030/2490/2019 2031/2491/2020
f 2038/2498/2027 2033/2493/2022 2032/2492/2021
f 2038/2498/2027 2032/2492/2021 2037/2497/2026
f 2033/2493/2022 2038/2498/2027 2039/2499/2028
f 2033/2493/2022 2039/2499/2028 2035/2495/2024
f 2038/2498/2027 2037/2497/2026 2040/2500/2029
f 2040/2500/2029 2037/2497/2026 2031/2491/2020
f 2039/2499/2028 2038/2498/2027 2041/2501/2030
f 2041/2501/2030 2038/2498/2027 2040/2500/2029
f 2035/2495/2024 2039/2499/2028 2042/2502/2031
f 2042/2502/2031 2039/2499/2028 2041/2501/2030
f 2035/2495/2024 2042/2502/2031 2036/2496/2025
f 2041/2501/2030 2040/2500/2029 2043/2503/2032
f 2041/2501/2030 2043/2503/2032 2042/2502/2031
f 2040/2500/2029 2031/2491/2020 2044/2504/2033
f 2040/2500/2029 2044/2504/2033 2043/2503/2032
f 2044/2504/2033 2031/2491/2020 2045/2505/2034
f 2043/2503/2032 2044/2504/2033 2042/2502/2031
f 2042/2502/2031 2044/2504/2033 2046/2506/2035
f 2046/2506/2035 2044/2504/2033 1840/2507/1830
f 2047/2508/2036 2036/2496/2025 2042/2502/2031
f 2047/2508/2036 2042/2502/2031 2046/2506/2035
f 2047/2508/2036 2046/2506/2035 1840/2507/1830
f 2036/2496/2025 2047/2508/2036 2026/2486/2015
f 2047/2508/2036 1840/2507/1830 2048/2509/2037
f 2047/2508/2036 2048/2509/2037 2026/2486/2015
f 2048/2509/2037 1840/2507/1830 1839/2510/1829
f 2026/2486/2015 2048/2509/2037 1980/2435/1970
f 2048/2509/2037 1839/2510/1829 2049/2511/2038
f 1980/2435/1970 2048/2509/2037 2050/2512/2039
f 2050/2512/2039 2048/2509/2037 2049/2511/2038
f 1980/2435/1970 2050/2512/2039 1963/2413/1953
f 1963/2413/1953 2050/2512/2039 1961/2410/1951
f 1961/2410/1951 2050/2512/2039 1959/2408/1949
f 1959/2408/1949 2050/2512/2039 2049/2511/2038
f 2049/2511/2038 1839/2510/1829 1838/2513/1828
f 1959/2408/1949 2049/2511/2038 2051/2514/2040
f 2051/2514/2040 2049/2511/2038 1838/2513/1828
f 2051/2514/2040 1838/2513/1828 1835/2515/1825
f 2051/2514/2040 1835/2515/1825 1836/2516/1826
f 1959/2408/1949 2051/2514/2040 1960/2409/1950
f 1960/2409/1950 2051/2514/2040 1836/2516/1826
f 1960/2409/1950 1836/2516/1826 1842/2517/1832
f 1960/2409/1950 1842/2517/1832 2052/2518/2041
f 1960/2409/1950 2052/2518/2041 1873/2399/1863
f 1873/2399/1863 2052/2518/2041 1867/2519/1857
f 2052/2518/2041 1842/2517/1832 1845/2520/1835
f 1867/2519/1857 2052/2518/2041 1854/2521/1844
f 1854/2521/1844 2052/2518/2041 1845/2520/1835
f 1854/2521/1844 1845/2520/1835 1846/2522/1836
f 1927/2523/1917 1924/2524/1914 2053/2525/2042
f 2053/2525/2042 1924/2524/1914 2054/2526/2043
f 1927/2523/1917 2053/2525/2042 2055/2527/2044
f 1927/2523/1917 2055/2527/2044 1928/2528/1918
f 2055/2527/2044 2053/2525/2042 2056/2529/2045
f 2056/2529/2045 2053/2525/2042 2057/2530/2046
f 2057/2530/2046 2053/2525/2042 2058/2531/2047
f 2057/2530/2046 2058/2531/2047 2059/2532/2048
f 2057/2530/2046 2059/2532/2048 2056/2529/2045
f 2059/2532/2048 2058/2531/2047 2060/2533/2049
f 2055/2527/2044 2056/2529/2045 2061/2534/2050
f 2062/2535/2051 1928/2528/1918 2055/2527/2044
f 2062/2535/2051 2055/2527/2044 2061/2534/2050
f 1928/2528/1918 2062/2535/2051 2063/2536/2052
f 1928/2528/1918 2063/2536/2052 1997/2537/1987
f 1997/2537/1987 2063/2536/2052 1999/2538/1989
f 1999/2538/1989 2063/2536/2052 2001/2539/1991
f 2001/2539/1991 2063/2536/2052 2064/2540/2053
f 2001/2539/1991 2064/2540/2053 2000/2541/1990
f 2000/2541/1990 2064/2540/2053 2007/2542/1997
f 2007/2542/1997 2064/2540/2053 2065/2543/2054
f 2066/2544/2055 2063/2536/2052 2062/2535/2051
f 2063/2536/2052 2066/2544/2055 2064/2540/2053
f 2064/2540/2053 2066/2544/2055 2067/2545/2056
f 2066/2544/2055 2062/2535/2051 2068/2546/2057
f 2068/2546/2057 2062/2535/2051 2061/2534/2050
f 2067/2545/2056 2066/2544/2055 2069/2547/2058
f 2069/2547/2058 2066/2544/2055 2068/2546/2057
f 2064/2540/2053 2067/2545/2056 2070/2548/2059
f 2064/2540/2053 2070/2548/2059 2065/2543/2054
f 2070/2548/2059 2067/2545/2056 2069/2547/2058
f 2068/2546/2057 2061/2534/2050 2071/2549/2060
f 2068/2546/2057 2071/2549/2060 2069/2547/2058
f 2065/2543/2054 2070/2548/2059 2072/2550/2061
f 2065/2543/2054 2072/2550/2061 2073/2551/2062
f 2073/2551/2062 2072/2550/2061 2074/2552/2063
f 2072/2550/2061 2070/2548/2059 2075/2553/2064
f 2072/2550/2061 2075/2553/2064 2074/2552/2063
f 2075/2553/2064 2070/2548/2059 2069/2547/2058
f 2074/2552/2063 2075/2553/2064 2076/2554/2065
f 2075/2553/2064 2069/2547/2058 2077/2555/2066
f 2075/2553/2064 2077/2555/2066 2076/2554/2065
f 2077/2555/2066 2069/2547/2058 2071/2549/2060
f 2076/2554/2065 2077/2555/2066 2078/2556/2067
f 2077/2555/2066 2071/2549/2060 2079/2557/2068
f 2077/2555/2066 2079/2557/2068 2078/2556/2067
f 2076/2554/2065 2078/2556/2067 2080/2558/2069
f 2080/2558/2069 2078/2556/2067 2079/2557/2068
f 2076/2554/2065 2080/2558/2069 2081/2559/2070
f 2081/2559/2070 2080/2558/2069 2082/2560/2071
f 2079/2557/2068 2071/2549/2060 2083/2561/2072
f 2079/2557/2068 2083/2561/2072 2080/2558/2069
f 2082/2560/2071 2080/2558/2069 2084/2562/2073
f 2082/2560/2071 2084/2562/2073 2085/2563/2074
f 2085/2563/2074 2084/2562/2073 2080/2558/2069
f 2085/2563/2074 2080/2558/2069 2083/2561/2072
f 2082/2560/2071 2085/2563/2074 2060/2533/2049
f 2083/2561/2072 2071/2549/2060 2086/2564/2075
f 2086/2564/2075 2071/2549/2060 2061/2534/2050
f 2086/2564/2075 2061/2534/2050 2056/2529/2045
f 2083/2561/2072 2086/2564/2075 2087/2565/2076
f 2083/2561/2072 2087/2565/2076 2085/2563/2074
f 2086/2564/2075 2056/2529/2045 2088/2566/2077
f 2086/2564/2075 2088/2566/2077 2087/2565/2076
f 2088/2566/2077 2056/2529/2045 2059/2532/2048
f 2085/2563/2074 2087/2565/2076 2089/2567/2078
f 2089/2567/2078 2087/2565/2076 2088/2566/2077
f 2089/2567/2078 2088/2566/2077 2059/2532/2048
f 2085/2563/2074 2089/2567/2078 2060/2533/2049
f 2060/2533/2049 2089/2567/2078 2059/2532/2048
f 2054/2568/2043 1924/2569/1914 2090/2570/2079
f 2090/2570/2079 1924/2569/1914 1923/2571/1913
f 2054/2568/2043 2090/2570/2079 2091/2572/2080
f 2054/2568/2043 2091/2572/2080 2053/2573/2042
f 2053/2573/2042 2091/2572/2080 2058/2574/2047
f 2091/2572/2080 2090/2570/2079 2092/2575/2081
f 2058/2574/2047 2091/2572/2080 2093/2576/2082
f 2093/2576/2082 2091/2572/2080 2092/2575/2081
f 2058/2574/2047 2093/2576/2082 2094/2577/2083
f 2093/2576/2082 2092/2575/2081 2095/2578/2084
f 2093/2576/2082 2095/2578/2084 2094/2577/2083
f 2092/2575/2081 2090/2570/2079 2096/2579/2085
f 2092/2575/2081 2096/2579/2085 2095/2578/2084
f 2096/2579/2085 2090/2570/2079 2097/2580/2086
f 2097/2580/2086 2090/2570/2079 1923/2571/1913
f 2058/2574/2047 2094/2577/2083 2098/2581/2087
f 2058/2574/2047 2098/2581/2087 2060/2582/2049
f 2094/2577/2083 2095/2578/2084 2099/2583/2088
f 2094/2577/2083 2099/2583/2088 2098/2581/2087
f 2097/2580/2086 1923/2571/1913 2100/2584/2089
f 2100/2584/2089 1923/2571/1913 1931/2585/1921
f 2096/2579/2085 2097/2580/2086 2101/2586/2090
f 2101/2586/2090 2097/2580/2086 2100/2584/2089
f 2102/2587/2091 2095/2578/2084 2096/2579/2085
f 2102/2587/2091 2096/2579/2085 2101/2586/2090
f 2095/2578/2084 2102/2587/2091 2099/2583/2088
f 2100/2584/2089 1931/2585/1921 2103/2588/2092
f 2103/2588/2092 1931/2585/1921 1930/2589/1920
f 2103/2588/2092 1930/2589/1920 1933/2590/1923
f 2103/2588/2092 1933/2590/1923 2104/2591/2093
f 2104/2591/2093 1933/2590/1923 1939/2592/1929
f 2100/2584/2089 2103/2588/2092 2105/2593/2094
f 2105/2593/2094 2103/2588/2092 2104/2591/2093
f 2100/2584/2089 2105/2593/2094 2106/2594/2095
f 2100/2584/2089 2106/2594/2095 2101/2586/2090
f 2107/2595/2096 2102/2587/2091 2101/2586/2090
f 2107/2595/2096 2101/2586/2090 2106/2594/2095
f 2104/2591/2093 1939/2592/1929 2108/2596/2097
f 2108/2596/2097 1939/2592/1929 1944/2597/1934
f 2105/2593/2094 2104/2591/2093 2109/2598/2098
f 2109/2598/2098 2104/2591/2093 2110/2599/2099
f 2110/2599/2099 2104/2591/2093 2108/2596/2097
f 2105/2593/2094 2109/2598/2098 2111/2600/2100
f 2105/2593/2094 2111/2600/2100 2106/2594/2095
f 2108/2596/2097 1944/2597/1934 1954/2601/1944
f 1954/2601/1944 1944/2597/1934 1945/2602/1935
f 2108/2596/2097 1954/2601/1944 2112/2603/2101
f 2108/2596/2097 2112/2603/2101 2110/2599/2099
f 2112/2603/2101 1954/2601/1944 2113/2604/2102
f 2113/2604/2102 1954/2601/1944 1953/2605/1943
f 2113/2604/2102 1953/2605/1943 404/2606/404
f 404/2606/404 1953/2605/1943 402/2607/402
f 2113/2604/2102 404/2606/404 405/2608/405
f 2113/2604/2102 405/2608/405 408/2609/408
f 2113/2604/2102 408/2609/408 2112/2603/2101
f 2112/2603/2101 408/2609/408 2114/2610/2103
f 2112/2603/2101 2114/2610/2103 2110/2599/2099
f 2114/2610/2103 408/2609/408 410/2611/410
f 410/2611/410 408/2609/408 407/2612/407
f 2110/2599/2099 2114/2610/2103 2115/2613/2104
f 2115/2613/2104 2114/2610/2103 410/2611/410
f 2110/2599/2099 2115/2613/2104 2116/2614/2105
f 2110/2599/2099 2116/2614/2105 2109/2598/2098
f 2115/2613/2104 410/2611/410 2117/2615/2106
f 2115/2613/2104 2117/2615/2106 2116/2614/2105
f 2117/2615/2106 410/2611/410 414/2616/414
f 2117/2615/2106 414/2616/414 415/2617/415
f 2109/2598/2098 2116/2614/2105 2111/2600/2100
f 2116/2614/2105 2117/2615/2106 2118/2618/2107
f 2118/2618/2107 2117/2615/2106 415/2617/415
f 2116/2614/2105 2118/2618/2107 2111/2600/2100
f 2118/2618/2107 415/2617/415 417/2619/417
f 2118/2618/2107 417/2619/417 421/2620/421
f 2111/2600/2100 2118/2618/2107 2119/2621/2108
f 2119/2621/2108 2118/2618/2107 421/2620/421
f 2119/2621/2108 421/2620/421 2120/2622/2109
f 2120/2622/2109 421/2620/421 360/2623/360
f 2111/2600/2100 2119/2621/2108 2121/2624/2110
f 2121/2624/2110 2119/2621/2108 2120/2622/2109
f 2120/2622/2109 360/2623/360 359/2625/359
f 2111/2600/2100 2121/2624/2110 2122/2626/2111
f 2111/2600/2100 2122/2626/2111 2106/2594/2095
f 2121/2624/2110 2120/2622/2109 2123/2627/2112
f 2123/2627/2112 2120/2622/2109 359/2625/359
f 2121/2624/2110 2123/2627/2112 2122/2626/2111
f 2106/2594/2095 2122/2626/2111 2107/2595/2096
f 2107/2595/2096 2122/2626/2111 2124/2628/2113
f 2122/2626/2111 2123/2627/2112 2125/2629/2114
f 2122/2626/2111 2125/2629/2114 2124/2628/2113
f 2107/2595/2096 2124/2628/2113 2126/2630/2115
f 2126/2630/2115 2124/2628/2113 2125/2629/2114
f 2123/2627/2112 359/2625/359 2127/2631/2116
f 2123/2627/2112 2127/2631/2116 2125/2629/2114
f 2127/2631/2116 359/2625/359 356/2632/356
f 356/2632/356 359/2625/359 355/2633/355
f 2125/2629/2114 2127/2631/2116 2128/2634/2117
f 2127/2631/2116 356/2632/356 2129/2635/2118
f 2127/2631/2116 2129/2635/2118 2128/2634/2117
f 2125/2629/2114 2128/2634/2117 2130/2636/2119
f 2125/2629/2114 2130/2636/2119 2126/2630/2115
f 2128/2634/2117 2129/2635/2118 2131/2637/2120
f 2128/2634/2117 2131/2637/2120 2130/2636/2119
f 2129/2635/2118 356/2632/356 2132/2638/2121
f 2129/2635/2118 2132/2638/2121 2131/2637/2120
f 2132/2638/2121 356/2632/356 352/2639/352
f 2132/2638/2121 352/2639/352 2133/2640/2122
f 2133/2640/2122 352/2639/352 350/2641/350
f 2131/2637/2120 2132/2638/2121 2134/2642/2123
f 2134/2642/2123 2132/2638/2121 2133/2640/2122
f 2135/2643/2124 2130/2636/2119 2131/2637/2120
f 2135/2643/2124 2131/2637/2120 2134/2642/2123
f 2133/2640/2122 350/2641/350 2136/2644/2125
f 2136/2644/2125 350/2641/350 349/2645/349
f 2136/2644/2125 349/2645/349 347/2646/347
f 2133/2640/2122 2136/2644/2125 2137/2647/2126
f 2133/2640/2122 2137/2647/2126 2134/2642/2123
f 2136/2644/2125 347/2646/347 2138/2648/2127
f 2134/2642/2123 2137/2647/2126 2139/2649/2128
f 2134/2642/2123 2139/2649/2128 2135/2643/2124
f 2137/2647/2126 2136/2644/2125 2140/2650/2129
f 2140/2650/2129 2136/2644/2125 2138/2648/2127
f 2139/2649/2128 2137/2647/2126 2141/2651/2130
f 2141/2651/2130 2137/2647/2126 2140/2650/2129
f 2139/2649/2128 2141/2651/2130 2142/2652/2131
f 2139/2649/2128 2142/2652/2131 2135/2643/2124
f 2141/2651/2130 2140/2650/2129 2143/2653/2132
f 2141/2651/2130 2143/2653/2132 2142/2652/2131
f 2140/2650/2129 2138/2648/2127 2144/2654/2133
f 2140/2650/2129 2144/2654/2133 2143/2653/2132
f 2145/2655/2134 2138/2648/2127 347/2646/347
f 2138/2648/2127 2145/2655/2134 2144/2654/2133
f 2145/2655/2134 347/2646/347 345/2656/345
f 2145/2655/2134 345/2656/345 336/2657/336
f 336/2657/336 345/2656/345 335/2658/335
f 2144/2654/2133 2145/2655/2134 2146/2659/2135
f 2146/2659/2135 2145/2655/2134 336/2657/336
f 2146/2659/2135 336/2657/336 240/2660/240
f 240/2660/240 336/2657/336 322/2661/322
f 2146/2659/2135 240/2660/240 2147/2662/2136
f 2147/2662/2136 240/2660/240 2148/2663/2137
f 2146/2659/2135 2147/2662/2136 2149/2664/2138
f 2146/2659/2135 2149/2664/2138 2144/2654/2133
f 2149/2664/2138 2147/2662/2136 2148/2663/2137
f 2144/2654/2133 2149/2664/2138 2150/2665/2139
f 2150/2665/2139 2149/2664/2138 2148/2663/2137
f 2144/2654/2133 2150/2665/2139 2143/2653/2132
f 2143/2653/2132 2150/2665/2139 2151/2666/2140
f 2010/2667/2000 2007/2668/1997 2148/2663/2137
f 2148/2663/2137 2007/2668/1997 2065/2669/2054
f 2150/2665/2139 2148/2663/2137 2152/2670/2141
f 2150/2665/2139 2152/2670/2141 2151/2666/2140
f 2152/2670/2141 2148/2663/2137 2153/2671/2142
f 2153/2671/2142 2148/2663/2137 2154/2672/2143
f 2154/2672/2143 2148/2663/2137 2065/2669/2054
f 2152/2670/2141 2153/2671/2142 2155/2673/2144
f 2152/2670/2141 2155/2673/2144 2151/2666/2140
f 2155/2673/2144 2153/2671/2142 2154/2672/2143
f 2151/2666/2140 2155/2673/2144 2156/2674/2145
f 2155/2673/2144 2154/2672/2143 2157/2675/2146
f 2155/2673/2144 2157/2675/2146 2156/2674/2145
f 2151/2666/2140 2156/2674/2145 2158/2676/2147
f 2158/2676/2147 2156/2674/2145 2157/2675/2146
f 2151/2666/2140 2158/2676/2147 2159/2677/2148
f 2151/2666/2140 2159/2677/2148 2143/2653/2132
f 2158/2676/2147 2157/2675/2146 2160/2678/2149
f 2158/2676/2147 2160/2678/2149 2159/2677/2148
f 2161/2679/2150 2157/2675/2146 2154/2672/2143
f 2157/2675/2146 2161/2679/2150 2160/2678/2149
f 2161/2679/2150 2154/2672/2143 2162/2680/2151
f 2162/2680/2151 2154/2672/2143 2065/2669/2054
f 2143/2653/2132 2159/2677/2148 2163/2681/2152
f 2143/2653/2132 2163/2681/2152 2142/2652/2131
f 2142/2652/2131 2163/2681/2152 2164/2682/2153
f 2163/2681/2152 2159/2677/2148 2165/2683/2154
f 2163/2681/2152 2165/2683/2154 2164/2682/2153
f 2142/2652/2131 2164/2682/2153 2135/2643/2124
f 2161/2679/2150 2162/2680/2151 2166/2684/2155
f 2161/2679/2150 2166/2684/2155 2160/2678/2149
f 2166/2684/2155 2162/2680/2151 2167/2685/2156
f 2168/2686/2157 2159/2677/2148 2160/2678/2149
f 2159/2677/2148 2168/2686/2157 2165/2683/2154
f 2160/2678/2149 2166/2684/2155 2169/2687/2158
f 2168/2686/2157 2160/2678/2149 2170/2688/2159
f 2170/2688/2159 2160/2678/2149 2169/2687/2158
f 2165/2683/2154 2168/2686/2157 2171/2689/2160
f 2171/2689/2160 2168/2686/2157 2170/2688/2159
f 2172/2690/2161 2166/2684/2155 2167/2685/2156
f 2166/2684/2155 2172/2690/2161 2169/2687/2158
f 2173/2691/2162 2167/2685/2156 2162/2680/2151
f 2167/2685/2156 2173/2691/2162 2172/2690/2161
f 2173/2691/2162 2162/2680/2151 2065/2669/2054
f 2169/2687/2158 2172/2690/2161 2174/2692/2163
f 2174/2692/2163 2172/2690/2161 2173/2691/2162
f 2169/2687/2158 2174/2692/2163 2170/2688/2159
f 2173/2691/2162 2065/2669/2054 2175/2693/2164
f 2173/2691/2162 2175/2693/2164 2174/2692/2163
f 2175/2693/2164 2065/2669/2054 2073/2694/2062
f 2175/2693/2164 2073/2694/2062 2174/2692/2163
f 2174/2692/2163 2073/2694/2062 2074/2695/2063
f 2174/2692/2163 2074/2695/2063 2170/2688/2159
f 2170/2688/2159 2074/2695/2063 2076/2696/2065
f 2170/2688/2159 2076/2696/2065 2171/2689/2160
f 2171/2689/2160 2076/2696/2065 2176/2697/2165
f 2171/2689/2160 2176/2697/2165 2165/2683/2154
f 2176/2697/2165 2076/2696/2065 2081/2698/2070
f 2165/2683/2154 2176/2697/2165 2177/2699/2166
f 2165/2683/2154 2177/2699/2166 2164/2682/2153
f 2176/2697/2165 2081/2698/2070 2178/2700/2167
f 2178/2700/2167 2081/2698/2070 2082/2701/2071
f 2177/2699/2166 2176/2697/2165 2179/2702/2168
f 2177/2699/2166 2179/2702/2168 2164/2682/2153
f 2179/2702/2168 2176/2697/2165 2178/2700/2167
f 2178/2700/2167 2082/2701/2071 2180/2703/2169
f 2178/2700/2167 2180/2703/2169 2179/2702/2168
f 2180/2703/2169 2082/2701/2071 2060/2582/2049
f 2164/2682/2153 2179/2702/2168 2181/2704/2170
f 2164/2682/2153 2181/2704/2170 2135/2643/2124
f 2135/2643/2124 2181/2704/2170 2182/2705/2171
f 2135/2643/2124 2182/2705/2171 2130/2636/2119
f 2180/2703/2169 2060/2582/2049 2183/2706/2172
f 2183/2706/2172 2060/2582/2049 2098/2581/2087
f 2183/2706/2172 2098/2581/2087 2184/2707/2173
f 2184/2707/2173 2098/2581/2087 2099/2583/2088
f 2183/2706/2172 2184/2707/2173 2185/2708/2174
f 2185/2708/2174 2184/2707/2173 2099/2583/2088
f 2180/2703/2169 2183/2706/2172 2186/2709/2175
f 2186/2709/2175 2183/2706/2172 2185/2708/2174
f 2180/2703/2169 2186/2709/2175 2187/2710/2176
f 2180/2703/2169 2187/2710/2176 2179/2702/2168
f 2185/2708/2174 2099/2583/2088 2188/2711/2177
f 2188/2711/2177 2099/2583/2088 2102/2587/2091
f 2188/2711/2177 2102/2587/2091 2107/2595/2096
f 2188/2711/2177 2107/2595/2096 2126/2630/2115
f 2188/2711/2177 2126/2630/2115 2185/2708/2174
f 2185/2708/2174 2126/2630/2115 2189/2712/2178
f 2185/2708/2174 2189/2712/2178 2186/2709/2175
f 2189/2712/2178 2126/2630/2115 2130/2636/2119
f 2189/2712/2178 2130/2636/2119 2182/2705/2171
f 2186/2709/2175 2189/2712/2178 2190/2713/2179
f 2190/2713/2179 2189/2712/2178 2182/2705/2171
f 2186/2709/2175 2190/2713/2179 2187/2710/2176
f 2190/2713/2179 2182/2705/2171 2181/2704/2170
f 2187/2710/2176 2190/2713/2179 2191/2714/2180
f 2190/2713/2179 2181/2704/2170 2192/2715/2181
f 2190/2713/2179 2192/2715/2181 2191/2714/2180
f 2191/2714/2180 2192/2715/2181 2187/2710/2176
f 2192/2715/2181 2181/2704/2170 2179/2702/2168
f 2192/2715/2181 2179/2702/2168 2187/2710/2176
f 537/2716/537 540/2717/540 2193/2718/2182
f 2193/2718/2182 540/2717/540 547/2719/547
f 2193/2718/2182 547/2719/547 1624/2720/1617
f 537/2716/537 2193/2718/2182 2194/2721/2183
f 537/2716/537 2194/2721/2183 536/2722/536
f 2193/2718/2182 1624/2720/1617 2195/2723/2184
f 2193/2718/2182 2195/2723/2184 2194/2721/2183
f 2195/2723/2184 1624/2720/1617 1620/2724/1613
f 536/2722/536 2194/2721/2183 2196/2725/2185
f 2196/2725/2185 2194/2721/2183 2195/2723/2184
f 536/2722/536 2196/2725/2185 530/2726/530
f 2195/2723/2184 1620/2724/1613 2197/2727/2186
f 2195/2723/2184 2197/2727/2186 2196/2725/2185
f 2197/2727/2186 1620/2724/1613 1618/2728/1611
f 530/2726/530 2196/2725/2185 2198/2729/2187
f 530/2726/530 2198/2729/2187 528/2730/528
f 2198/2729/2187 2196/2725/2185 2199/2731/2188
f 2199/2731/2188 2196/2725/2185 2197/2727/2186
f 528/2730/528 2198/2729/2187 2200/2732/2189
f 2200/2732/2189 2198/2729/2187 2199/2731/2188
f 528/2730/528 2200/2732/2189 523/2733/523
f 523/2733/523 2200/2732/2189 522/2734/522
f 522/2734/522 2200/2732/2189 521/2735/521
f 2200/2732/2189 2199/2731/2188 2201/2736/2190
f 2200/2732/2189 2201/2736/2190 521/2735/521
f 2201/2736/2190 2199/2731/2188 2202/2737/2191
f 2202/2737/2191 2199/2731/2188 2197/2727/2186
f 521/2735/521 2201/2736/2190 2203/2738/2192
f 2201/2736/2190 2202/2737/2191 2204/2739/2193
f 2201/2736/2190 2204/2739/2193 2203/2738/2192
f 521/2735/521 2203/2738/2192 463/2740/463
f 521/2735/521 463/2740/463 464/2741/464
f 2202/2737/2191 2197/2727/2186 2205/2742/2194
f 2202/2737/2191 2205/2742/2194 2204/2739/2193
f 463/2740/463 2203/2738/2192 1738/2743/1730
f 463/2740/463 1738/2743/1730 458/2744/458
f 458/2744/458 1738/2743/1730 457/2745/457
f 457/2745/457 1738/2743/1730 1736/2746/1728
f 1738/2743/1730 2203/2738/2192 2206/2747/2195
f 2206/2747/2195 2203/2738/2192 2204/2739/2193
f 1738/2743/1730 2206/2747/2195 1737/2748/1729
f 1737/2748/1729 2206/2747/2195 2207/2749/2196
f 1737/2748/1729 2207/2749/2196 1720/2750/1712
f 1720/2750/1712 2207/2749/2196 1719/2751/1711
f 2206/2747/2195 2204/2739/2193 2208/2752/2197
f 2206/2747/2195 2208/2752/2197 2207/2749/2196
f 1719/2751/1711 2207/2749/2196 2209/2753/2198
f 1719/2751/1711 2209/2753/2198 1714/2754/1706
f 1714/2754/1706 2209/2753/2198 1713/2755/1705
f 2207/2749/2196 2208/2752/2197 2210/2756/2199
f 2207/2749/2196 2210/2756/2199 2209/2753/2198
f 2208/2752/2197 2204/2739/2193 2211/2757/2200
f 2210/2756/2199 2208/2752/2197 2212/2758/2201
f 2212/2758/2201 2208/2752/2197 2211/2757/2200
f 2211/2757/2200 2204/2739/2193 2205/2742/2194
f 2210/2756/2199 2212/2758/2201 2213/2759/2202
f 2210/2756/2199 2213/2759/2202 2209/2753/2198
f 2212/2758/2201 2211/2757/2200 1472/2760/1465
f 2212/2758/2201 1472/2760/1465 2214/2761/2203
f 2214/2761/2203 1472/2760/1465 1470/2762/1463
f 2214/2761/2203 1470/2762/1463 1477/2763/1470
f 2214/2761/2203 1477/2763/1470 2212/2758/2201
f 2212/2758/2201 1477/2763/1470 2213/2759/2202
f 2213/2759/2202 1477/2763/1470 1518/2764/1511
f 1518/2764/1511 1477/2763/1470 1476/2765/1469
f 1474/2766/1467 1472/2760/1465 2211/2757/2200
f 1474/2766/1467 2211/2757/2200 2205/2742/2194
f 1472/2760/1465 1474/2766/1467 1471/2767/1464
f 2213/2759/2202 1518/2764/1511 2215/2768/2204
f 2215/2768/2204 1518/2764/1511 1519/2769/1512
f 2215/2768/2204 1519/2769/1512 1520/2770/1513
f 2213/2759/2202 2215/2768/2204 2216/2771/2205
f 2216/2771/2205 2215/2768/2204 1520/2770/1513
f 2213/2759/2202 2216/2771/2205 2209/2753/2198
f 2216/2771/2205 1520/2770/1513 2217/2772/2206
f 2216/2771/2205 2217/2772/2206 2209/2753/2198
f 2209/2753/2198 2217/2772/2206 1713/2755/1705
f 1713/2755/1705 2217/2772/2206 1710/2773/1702
f 1710/2773/1702 2217/2772/2206 1707/2774/1699
f 2217/2772/2206 1520/2770/1513 1523/2775/1516
f 1707/2774/1699 2217/2772/2206 1708/2776/1700
f 1708/2776/1700 2217/2772/2206 1523/2775/1516
f 1708/2776/1700 1523/2775/1516 2218/2777/2207
f 2218/2777/2207 1523/2775/1516 1525/2778/1518
f 2218/2777/2207 1525/2778/1518 1569/2779/1562
f 1708/2776/1700 2218/2777/2207 2219/2780/2208
f 1708/2776/1700 2219/2780/2208 1703/2781/1695
f 2218/2777/2207 1569/2779/1562 2220/2782/2209
f 2218/2777/2207 2220/2782/2209 2219/2780/2208
f 2220/2782/2209 1569/2779/1562 1567/2783/1560
f 2220/2782/2209 1567/2783/1560 1579/2784/1572
f 2220/2782/2209 1579/2784/1572 2219/2780/2208
f 2219/2780/2208 1579/2784/1572 1703/2781/1695
f 1703/2781/1695 1579/2784/1572 1701/2785/1693
f 1617/2786/1610 2221/2787/2210 1618/2728/1611
f 1618/2728/1611 2221/2787/2210 2197/2727/2186
f 2221/2787/2210 1617/2786/1610 1616/2788/1609
f 2197/2727/2186 2221/2787/2210 2222/2789/2211
f 2197/2727/2186 2222/2789/2211 2205/2742/2194
f 2205/2742/2194 2222/2789/2211 2223/2790/2212
f 2223/2790/2212 2222/2789/2211 2221/2787/2210
f 2205/2742/2194 2223/2790/2212 1474/2766/1467
f 1474/2766/1467 2223/2790/2212 1475/2791/1468
f 2223/2790/2212 2221/2787/2210 2224/2792/2213
f 2223/2790/2212 2224/2792/2213 1475/2791/1468
f 2224/2792/2213 2221/2787/2210 1616/2788/1609
f 1475/2791/1468 2224/2792/2213 1479/2793/1472
f 1479/2793/1472 2224/2792/2213 1616/2788/1609
f 1479/2793/1472 1616/2788/1609 1503/2794/1496
f 1479/2793/1472 1503/2794/1496 1480/2795/1473
f 1043/2796/1041 1041/2797/1039 2225/2798/2214
f 1043/2796/1041 2225/2798/2214 1050/2799/1048
f 2225/2798/2214 1041/2797/1039 2226/2800/2215
f 2226/2800/2215 1041/2797/1039 2227/2801/2216
f 2227/2801/2216 1041/2797/1039 1038/2802/1036
f 2227/2801/2216 1038/2802/1036 1036/2803/1034
f 2226/2800/2215 2227/2801/2216 2228/2804/2217
f 2227/2801/2216 1036/2803/1034 2229/2805/2218
f 2227/2801/2216 2229/2805/2218 2228/2804/2217
f 2229/2805/2218 1036/2803/1034 2230/2806/2219
f 2230/2806/2219 1036/2803/1034 1032/2807/1030
f 2231/2808/2220 2225/2798/2214 2226/2800/2215
f 2231/2808/2220 2226/2800/2215 2228/2804/2217
f 2225/2798/2214 2231/2808/2220 2232/2809/2221
f 2225/2798/2214 2232/2809/2221 1050/2799/1048
f 2230/2806/2219 1032/2807/1030 2233/2810/2222
f 2233/2810/2222 1032/2807/1030 1031/2811/1029
f 2230/2806/2219 2233/2810/2222 2234/2812/2223
f 2230/2806/2219 2234/2812/2223 2229/2805/2218
f 2234/2812/2223 2233/2810/2222 2235/2813/2224
f 2235/2813/2224 2233/2810/2222 1031/2811/1029
f 2229/2805/2218 2234/2812/2223 2236/2814/2225
f 2229/2805/2218 2236/2814/2225 2228/2804/2217
f 914/2815/913 911/2816/910 1031/2811/1029
f 1031/2811/1029 911/2816/910 907/2817/906
f 1031/2811/1029 907/2817/906 904/2818/903
f 1031/2811/1029 904/2818/903 2235/2813/2224
f 2235/2813/2224 904/2818/903 2237/2819/2226
f 2237/2819/2226 904/2818/903 898/2820/897
f 2237/2819/2226 898/2820/897 2238/2821/2227
f 2237/2819/2226 2238/2821/2227 2235/2813/2224
f 2238/2821/2227 898/2820/897 897/2822/896
f 2239/2823/2228 2234/2812/2223 2235/2813/2224
f 2239/2823/2228 2235/2813/2224 2238/2821/2227
f 2234/2812/2223 2239/2823/2228 2236/2814/2225
f 2238/2821/2227 897/2822/896 2240/2824/2229
f 2240/2824/2229 897/2822/896 893/2825/892
f 2239/2823/2228 2238/2821/2227 2241/2826/2230
f 2241/2826/2230 2238/2821/2227 2240/2824/2229
f 2236/2814/2225 2239/2823/2228 2242/2827/2231
f 2242/2827/2231 2239/2823/2228 2241/2826/2230
f 2240/2824/2229 893/2825/892 2243/2828/2232
f 2243/2828/2232 893/2825/892 892/2829/891
f 2241/2826/2230 2240/2824/2229 2244/2830/2233
f 2244/2830/2233 2240/2824/2229 2243/2828/2232
f 2242/2827/2231 2241/2826/2230 2245/2831/2234
f 2245/2831/2234 2241/2826/2230 2244/2830/2233
f 2236/2814/2225 2242/2827/2231 2246/2832/2235
f 2246/2832/2235 2242/2827/2231 2245/2831/2234
f 2243/2828/2232 892/2829/891 2247/2833/2236
f 2243/2828/2232 2247/2833/2236 2244/2830/2233
f 2247/2833/2236 892/2829/891 891/2834/890
f 2244/2830/2233 2247/2833/2236 2248/2835/2237
f 2245/2831/2234 2244/2830/2233 2249/2836/2238
f 2249/2836/2238 2244/2830/2233 2248/2835/2237
f 2248/2835/2237 2247/2833/2236 2250/2837/2239
f 2250/2837/2239 2247/2833/2236 891/2834/890
f 2248/2835/2237 2250/2837/2239 2249/2836/2238
f 2250/2837/2239 891/2834/890 2251/2838/2240
f 2251/2838/2240 891/2834/890 887/2839/886
f 2249/2836/2238 2250/2837/2239 2252/2840/2241
f 2252/2840/2241 2250/2837/2239 2251/2838/2240
f 2251/2838/2240 887/2839/886 886/2841/885
f 2253/2842/2242 2245/2831/2234 2249/2836/2238
f 2245/2831/2234 2253/2842/2242 2246/2832/2235
f 2253/2842/2242 2249/2836/2238 2254/2843/2243
f 2254/2843/2243 2249/2836/2238 2252/2840/2241
f 2246/2832/2235 2253/2842/2242 2255/2844/2244
f 2255/2844/2244 2253/2842/2242 2254/2843/2243
f 2246/2832/2235 2255/2844/2244 2256/2845/2245
f 2255/2844/2244 2254/2843/2243 2257/2846/2246
f 2255/2844/2244 2257/2846/2246 2256/2845/2245
f 2254/2843/2243 2252/2840/2241 2258/2847/2247
f 2254/2843/2243 2258/2847/2247 2257/2846/2246
f 2258/2847/2247 2252/2840/2241 2259/2848/2248
f 2257/2846/2246 2258/2847/2247 2260/2849/2249
f 2261/2850/2250 2252/2840/2241 2251/2838/2240
f 2252/2840/2241 2261/2850/2250 2259/2848/2248
f 2261/2850/2250 2251/2838/2240 2262/2851/2251
f 2262/2851/2251 2251/2838/2240 886/2841/885
f 2258/2847/2247 2259/2848/2248 2263/2852/2252
f 2258/2847/2247 2263/2852/2252 2260/2849/2249
f 2259/2848/2248 2261/2850/2250 2264/2853/2253
f 2262/2851/2251 886/2841/885 2265/2854/2254
f 2265/2854/2254 886/2841/885 882/2855/881
f 2265/2854/2254 882/2855/881 883/2856/882
f 2263/2852/2252 2259/2848/2248 2266/2857/2255
f 2266/2857/2255 2259/2848/2248 2264/2853/2253
f 2267/2858/2256 2261/2850/2250 2262/2851/2251
f 2261/2850/2250 2267/2858/2256 2264/2853/2253
f 2262/2851/2251 2265/2854/2254 2268/2859/2257
f 2262/2851/2251 2268/2859/2257 2267/2858/2256
f 2268/2859/2257 2265/2854/2254 2269/2860/2258
f 2269/2860/2258 2265/2854/2254 883/2856/882
f 2267/2858/2256 2268/2859/2257 2270/2861/2259
f 2267/2858/2256 2270/2861/2259 2264/2853/2253
f 2270/2861/2259 2268/2859/2257 2269/2860/2258
f 2269/2860/2258 883/2856/882 2271/2862/2260
f 2269/2860/2258 2271/2862/2260 2270/2861/2259
f 2271/2862/2260 883/2856/882 878/2863/877
f 2271/2862/2260 878/2863/877 879/2864/878
f 2270/2861/2259 2271/2862/2260 2272/2865/2261
f 2272/2865/2261 2271/2862/2260 879/2864/878
f 2273/2866/2262 2264/2853/2253 2270/2861/2259
f 2264/2853/2253 2273/2866/2262 2266/2857/2255
f 2270/2861/2259 2272/2865/2261 2274/2867/2263
f 2270/2861/2259 2274/2867/2263 2273/2866/2262
f 2272/2865/2261 879/2864/878 2275/2868/2264
f 2272/2865/2261 2275/2868/2264 2274/2867/2263
f 2275/2868/2264 879/2864/878 2276/2869/2265
f 2274/2867/2263 2275/2868/2264 2277/2870/2266
f 2273/2866/2262 2274/2867/2263 2278/2871/2267
f 2278/2871/2267 2274/2867/2263 2277/2870/2266
f 2277/2870/2266 2275/2868/2264 2279/2872/2268
f 2277/2870/2266 2279/2872/2268 2278/2871/2267
f 2279/2872/2268 2275/2868/2264 2276/2869/2265
f 2280/2873/2269 2266/2857/2255 2273/2866/2262
f 2280/2873/2269 2273/2866/2262 2278/2871/2267
f 2266/2857/2255 2280/2873/2269 2263/2852/2252
f 2263/2852/2252 2280/2873/2269 2260/2849/2249
f 2280/2873/2269 2278/2871/2267 2281/2874/2270
f 2280/2873/2269 2281/2874/2270 2260/2849/2249
f 2282/2875/2271 2278/2871/2267 2279/2872/2268
f 2278/2871/2267 2282/2875/2271 2281/2874/2270
f 2283/2876/2272 2279/2872/2268 2276/2869/2265
f 2279/2872/2268 2283/2876/2272 2284/2877/2273
f 2282/2875/2271 2279/2872/2268 2285/2878/2274
f 2285/2878/2274 2279/2872/2268 2284/2877/2273
f 2283/2876/2272 2276/2869/2265 2286/2879/2275
f 2283/2876/2272 2286/2879/2275 2284/2877/2273
f 2287/2880/2276 2276/2869/2265 75/2881/75
f 2276/2869/2265 2287/2880/2276 2286/2879/2275
f 2286/2879/2275 2287/2880/2276 2288/2882/278
f 2286/2879/2275 2288/2882/278 2289/2883/2277
f 2284/2877/2273 2286/2879/2275 2290/2884/2278
f 2286/2879/2275 2289/2883/2277 2291/2885/2279
f 2286/2879/2275 2291/2885/2279 2290/2884/2278
f 2291/2885/2279 2289/2883/2277 2292/2886/2280
f 2292/2886/2280 2289/2883/2277 2293/2887/2281
f 2292/2886/2280 2293/2887/2281 2294/2888/2282
f 2291/2885/2279 2292/2886/2280 2295/2889/2283
f 2291/2885/2279 2295/2889/2283 2290/2884/2278
f 2292/2886/2280 2294/2888/2282 2296/2890/2284
f 2292/2886/2280 2296/2890/2284 2295/2889/2283
f 2296/2890/2284 2294/2888/2282 2297/2891/2285
f 2297/2891/2285 2294/2888/2282 2298/2892/2286
f 2295/2889/2283 2296/2890/2284 2299/2893/2287
f 2299/2893/2287 2296/2890/2284 2297/2891/2285
f 2290/2884/2278 2295/2889/2283 2300/2894/2288
f 2300/2894/2288 2295/2889/2283 2299/2893/2287
f 2290/2884/2278 2300/2894/2288 2301/2895/2289
f 2290/2884/2278 2301/2895/2289 2284/2877/2273
f 2297/2891/2285 2298/2892/2286 2302/2896/2290
f 2301/2895/2289 2300/2894/2288 2303/2897/2291
f 2303/2897/2291 2300/2894/2288 2299/2893/2287
f 2299/2893/2287 2297/2891/2285 2304/2898/2292
f 2299/2893/2287 2304/2898/2292 2303/2897/2291
f 2304/2898/2292 2297/2891/2285 2302/2896/2290
f 2302/2896/2290 2298/2892/2286 1080/2899/1077
f 2302/2896/2290 1080/2899/1077 2305/2900/2293
f 2305/2900/2293 1080/2899/1077 1079/2901/1076
f 2302/2896/2290 2305/2900/2293 2306/2902/2294
f 2306/2902/2294 2305/2900/2293 1079/2901/1076
f 2304/2898/2292 2302/2896/2290 2307/2903/2295
f 2307/2903/2295 2302/2896/2290 2306/2902/2294
f 2308/2904/2296 2303/2897/2291 2304/2898/2292
f 2306/2902/2294 1079/2901/1076 2309/2905/2297
f 2303/2897/2291 2308/2904/2296 2310/2906/2298
f 2303/2897/2291 2310/2906/2298 2301/2895/2289
f 2308/2904/2296 2304/2898/2292 2311/2907/2299
f 2311/2907/2299 2304/2898/2292 2307/2903/2295
f 2307/2903/2295 2306/2902/2294 2312/2908/2300
f 2312/2908/2300 2306/2902/2294 2309/2905/2297
f 2307/2903/2295 2312/2908/2300 2311/2907/2299
f 2310/2906/2298 2308/2904/2296 2313/2909/2301
f 2313/2909/2301 2308/2904/2296 2311/2907/2299
f 2314/2910/2302 2301/2895/2289 2310/2906/2298
f 2314/2910/2302 2310/2906/2298 2313/2909/2301
f 2301/2895/2289 2314/2910/2302 2284/2877/2273
f 2313/2909/2301 2311/2907/2299 2315/2911/2303
f 2313/2909/2301 2315/2911/2303 2314/2910/2302
f 2284/2877/2273 2314/2910/2302 2285/2878/2274
f 2285/2878/2274 2314/2910/2302 2315/2911/2303
f 2285/2878/2274 2315/2911/2303 2311/2907/2299
f 2285/2878/2274 2311/2907/2299 2316/2912/2304
f 2316/2912/2304 2311/2907/2299 2312/2908/2300
f 2285/2878/2274 2316/2912/2304 2282/2875/2271
f 2282/2875/2271 2316/2912/2304 2281/2874/2270
f 2281/2874/2270 2316/2912/2304 2312/2908/2300
f 2281/2874/2270 2312/2908/2300 2309/2905/2297
f 2281/2874/2270 2309/2905/2297 2317/2913/2305
f 2281/2874/2270 2317/2913/2305 2260/2849/2249
f 2317/2913/2305 2309/2905/2297 2318/2914/2306
f 2260/2849/2249 2317/2913/2305 2319/2915/2307
f 2319/2915/2307 2317/2913/2305 2318/2914/2306
f 2260/2849/2249 2319/2915/2307 2320/2916/2308
f 2260/2849/2249 2320/2916/2308 2257/2846/2246
f 2319/2915/2307 2318/2914/2306 2321/2917/2309
f 2319/2915/2307 2321/2917/2309 2320/2916/2308
f 2318/2914/2306 2309/2905/2297 2322/2918/2310
f 2322/2918/2310 2309/2905/2297 1079/2901/1076
f 2322/2918/2310 1079/2901/1076 1076/2919/1073
f 2257/2846/2246 2320/2916/2308 2256/2845/2245
f 2318/2914/2306 2322/2918/2310 2323/2920/2311
f 2318/2914/2306 2323/2920/2311 2321/2917/2309
f 2322/2918/2310 1076/2919/1073 2324/2921/2312
f 2322/2918/2310 2324/2921/2312 2323/2920/2311
f 2324/2921/2312 1076/2919/1073 1066/2922/83
f 2324/2921/2312 1066/2922/83 1064/2923/1062
f 2324/2921/2312 1064/2923/1062 2323/2920/2311
f 2325/2924/2313 2320/2916/2308 2321/2917/2309
f 2320/2916/2308 2325/2924/2313 2256/2845/2245
f 2232/2809/2221 2321/2917/2309 2323/2920/2311
f 2321/2917/2309 2232/2809/2221 2325/2924/2313
f 2323/2920/2311 1064/2923/1062 2326/2925/2314
f 2323/2920/2311 2326/2925/2314 2232/2809/2221
f 2326/2925/2314 1064/2923/1062 1053/2926/1051
f 2326/2925/2314 1053/2926/1051 1050/2799/1048
f 2326/2925/2314 1050/2799/1048 2232/2809/2221
f 2325/2924/2313 2232/2809/2221 2231/2808/2220
f 2325/2924/2313 2231/2808/2220 2327/2927/2315
f 2325/2924/2313 2327/2927/2315 2256/2845/2245
f 2327/2927/2315 2231/2808/2220 2228/2804/2217
f 2256/2845/2245 2327/2927/2315 2328/2928/2316
f 2328/2928/2316 2327/2927/2315 2228/2804/2217
f 2256/2845/2245 2328/2928/2316 2246/2832/2235
f 2328/2928/2316 2228/2804/2217 2236/2814/2225
f 2328/2928/2316 2236/2814/2225 2246/2832/2235
f 784/2929/783 1800/2930/1791 816/2931/815
f 816/2932/815 1800/2208/1791 2329/2933/2317
f 2015/2934/2005 879/2935/878 2329/2933/2317
f 2015/2934/2005 2329/2933/2317 2330/2936/2318
f 2015/2934/2005 2330/2936/2318 2016/2937/2006
f 2329/2933/2317 1800/2208/1791 2331/2938/2319
f 2330/2936/2318 2329/2933/2317 2332/2939/2320
f 2332/2939/2320 2329/2933/2317 2331/2938/2319
f 2016/2937/2006 2330/2936/2318 2045/2940/2034
f 2016/2937/2006 2045/2940/2034 2031/2941/2020
f 2330/2936/2318 2332/2939/2320 2333/2942/2321
f 2330/2936/2318 2333/2942/2321 2045/2940/2034
f 2333/2942/2321 2332/2939/2320 2334/2943/2322
f 2334/2943/2322 2332/2939/2320 2331/2938/2319
f 2045/2940/2034 2333/2942/2321 2335/2944/2323
f 2044/2945/2033 2045/2940/2034 1840/2251/1830
f 1840/2251/1830 2045/2940/2034 2335/2944/2323
f 1840/2251/1830 2335/2944/2323 1837/2248/1827
f 2335/2944/2323 2333/2942/2321 2336/2946/2324
f 2336/2946/2324 2333/2942/2321 2334/2943/2322
f 1837/2248/1827 2335/2944/2323 2337/2947/2325
f 1837/2248/1827 2337/2947/2325 1834/2245/932
f 2335/2944/2323 2336/2946/2324 2338/2948/2326
f 2335/2944/2323 2338/2948/2326 2337/2947/2325
f 1834/2245/932 2337/2947/2325 2339/2949/2327
f 2339/2949/2327 2337/2947/2325 2338/2948/2326
f 1834/2245/932 2339/2949/2327 1824/2235/1815
f 2338/2948/2326 2336/2946/2324 2340/2950/2328
f 2338/2948/2326 2340/2950/2328 2339/2949/2327
f 2340/2950/2328 2336/2946/2324 2334/2943/2322
f 1824/2235/1815 2339/2949/2327 2341/2951/2329
f 2341/2951/2329 2339/2949/2327 2340/2950/2328
f 1824/2235/1815 2341/2951/2329 1818/2229/1809
f 2340/2950/2328 2334/2943/2322 2342/2952/2330
f 2340/2950/2328 2342/2952/2330 2341/2951/2329
f 2342/2952/2330 2334/2943/2322 2343/2953/2331
f 1818/2229/1809 2341/2951/2329 2344/2954/2332
f 2344/2954/2332 2341/2951/2329 2342/2952/2330
f 2342/2952/2330 2343/2953/2331 2345/2955/2333
f 2342/2952/2330 2345/2955/2333 2344/2954/2332
f 2343/2953/2331 2334/2943/2322 2346/2956/2334
f 2343/2953/2331 2346/2956/2334 2345/2955/2333
f 2346/2956/2334 2334/2943/2322 2331/2938/2319
f 1818/2229/1809 2344/2954/2332 2347/2957/2335
f 2347/2957/2335 2344/2954/2332 2345/2955/2333
f 1818/2229/1809 2347/2957/2335 1812/2223/1803
f 2345/2955/2333 2346/2956/2334 2348/2958/2336
f 2348/2958/2336 2346/2956/2334 2331/2938/2319
f 2347/2957/2335 2345/2955/2333 2349/2959/2337
f 2349/2959/2337 2345/2955/2333 2348/2958/2336
f 2348/2958/2336 2331/2938/2319 2350/2960/2338
f 2348/2958/2336 2350/2960/2338 2349/2959/2337
f 2350/2960/2338 2331/2938/2319 1800/2208/1791
f 2351/2961/2339 1812/2223/1803 2347/2957/2335
f 2351/2961/2339 2347/2957/2335 2349/2959/2337
f 1812/2223/1803 2351/2961/2339 2352/2962/2340
f 1812/2223/1803 2352/2962/2340 1804/2213/1795
f 1804/2213/1795 2352/2962/2340 1805/2214/1796
f 1805/2214/1796 2352/2962/2340 1802/2211/1793
f 2352/2962/2340 2351/2961/2339 2353/2963/2341
f 2352/2962/2340 2353/2963/2341 1802/2211/1793
f 2353/2963/2341 2351/2961/2339 2349/2959/2337
f 2353/2963/2341 2349/2959/2337 2354/2964/2342
f 2354/2964/2342 2349/2959/2337 2350/2960/2338
f 1802/2211/1793 2353/2963/2341 2355/2965/2343
f 2355/2965/2343 2353/2963/2341 2354/2964/2342
f 2355/2965/2343 2354/2964/2342 2350/2960/2338
f 2355/2965/2343 2350/2960/2338 1800/2208/1791
f 1802/2211/1793 2355/2965/2343 1798/2204/1789
f 1798/2204/1789 2355/2965/2343 1800/2208/1791
f 2329/2966/2317 879/2967/878 816/2968/815
f 879/2969/878 2015/2970/2005 2276/2971/2265
f 2276/2972/2265 2015/2973/2005 2013/2974/2003
f 2294/2975/2282 2293/2976/2281 2356/2977/2344
f 2294/2975/2282 2356/2977/2344 2298/2978/2286
f 1082/2979/1079 1080/2980/1077 2298/2978/2286
f 1082/2979/1079 2298/2978/2286 2357/2981/2345
f 2357/2981/2345 2298/2978/2286 2356/2977/2344
f 1082/2979/1079 2357/2981/2345 1085/2982/1082
f 1085/2982/1082 2357/2981/2345 2358/2983/2346
f 2357/2981/2345 2356/2977/2344 2359/2984/2347
f 2357/2981/2345 2359/2984/2347 2358/2983/2346
f 1085/2982/1082 2358/2983/2346 2360/2985/2348
f 2360/2985/2348 2358/2983/2346 2359/2984/2347
f 1085/2982/1082 2360/2985/2348 1093/2986/1090
f 2359/2984/2347 2356/2977/2344 2361/2987/2349
f 2361/2987/2349 2356/2977/2344 2293/2976/2281
f 2360/2985/2348 2359/2984/2347 2362/2988/2350
f 2362/2988/2350 2359/2984/2347 2361/2987/2349
f 1093/2986/1090 2360/2985/2348 2363/2989/2351
f 2363/2989/2351 2360/2985/2348 2362/2988/2350
f 1093/2986/1090 2363/2989/2351 1096/2990/1093
f 2361/2987/2349 2293/2976/2281 2364/2991/2352
f 2364/2991/2352 2293/2976/2281 2289/2992/2277
f 2364/2991/2352 2289/2992/2277 2288/2993/278
f 2362/2988/2350 2361/2987/2349 2365/2994/2353
f 2365/2994/2353 2361/2987/2349 2364/2991/2352
f 2362/2988/2350 2365/2994/2353 2366/2995/2354
f 2362/2988/2350 2366/2995/2354 2363/2989/2351
f 2365/2994/2353 2364/2991/2352 119/2996/119
f 2365/2994/2353 119/2996/119 2366/2995/2354
f 119/2996/119 2364/2991/2352 120/2997/120
f 2366/2995/2354 119/2996/119 2367/2998/2355
f 2366/2995/2354 2367/2998/2355 2363/2989/2351
f 2367/2998/2355 119/2996/119 117/2999/117
f 2367/2998/2355 117/2999/117 118/3000/118
f 2367/2998/2355 118/3000/118 2363/2989/2351
f 2363/2989/2351 118/3000/118 1096/2990/1093
f 1096/2990/1093 118/3000/118 1099/3001/1096
f 1099/3001/1096 118/3000/118 115/3002/115
f 2368/3003/2356 120/2997/120 2364/2991/2352
f 2368/3003/2356 2364/2991/2352 2288/2993/278
f 120/2997/120 2368/3003/2356 125/3004/125
f 120/2997/120 125/3004/125 122/3005/122
f 2368/3003/2356 2288/2993/278 2369/3006/2357
f 2369/3006/2357 2288/2993/278 2287/3007/2276
f 125/3004/125 2368/3003/2356 2370/3008/2358
f 2370/3008/2358 2368/3003/2356 2369/3006/2357
f 2370/3008/2358 2369/3006/2357 2287/3007/2276
f 125/3004/125 2370/3008/2358 126/3009/126
f 126/3009/126 2370/3008/2358 127/3010/127
f 2370/3008/2358 2287/3007/2276 2371/3011/2359
f 2370/3008/2358 2371/3011/2359 127/3010/127
f 2371/3011/2359 2287/3007/2276 75/3012/75
f 2371/3011/2359 75/3012/75 127/3010/127
f 75/3013/75 2276/3014/2265 2013/3015/2003
f 71/3016/71 75/3017/75 2148/3018/2137
f 71/3019/71 2148/3020/2137 240/3021/240
f 1099/3022/1096 115/3023/115 116/3024/116
f 1102/3025/1099 116/3026/116 2372/3027/2360
f 1102/3025/1099 2372/3027/2360 1103/3028/1100
f 2372/3027/2360 116/3026/116 2373/3029/2361
f 2373/3029/2361 116/3026/116 108/3030/108
f 1103/3028/1100 2372/3027/2360 2374/3031/2362
f 1103/3028/1100 2374/3031/2362 1105/3032/1102
f 2373/3029/2361 108/3030/108 103/3033/103
f 2372/3027/2360 2373/3029/2361 2375/3034/2363
f 2375/3034/2363 2373/3029/2361 103/3033/103
f 2374/3031/2362 2372/3027/2360 2376/3035/2364
f 2376/3035/2364 2372/3027/2360 2375/3034/2363
f 1105/3032/1102 2374/3031/2362 2377/3036/2365
f 2377/3036/2365 2374/3031/2362 2376/3035/2364
f 1105/3032/1102 2377/3036/2365 1107/3037/1104
f 1107/3037/1104 2377/3036/2365 1111/3038/1108
f 2377/3036/2365 2376/3035/2364 2378/3039/2366
f 2377/3036/2365 2378/3039/2366 1111/3038/1108
f 2376/3035/2364 2375/3034/2363 2379/3040/2367
f 2376/3035/2364 2379/3040/2367 2378/3039/2366
f 1111/3038/1108 2378/3039/2366 2380/3041/2368
f 2379/3040/2367 2375/3034/2363 2381/3042/2369
f 2378/3039/2366 2379/3040/2367 2382/3043/2370
f 2382/3043/2370 2379/3040/2367 2381/3042/2369
f 2380/3041/2368 2378/3039/2366 2383/3044/2371
f 2383/3044/2371 2378/3039/2366 2382/3043/2370
f 1111/3038/1108 2380/3041/2368 2384/3045/2372
f 2384/3045/2372 2380/3041/2368 2383/3044/2371
f 1111/3038/1108 2384/3045/2372 1128/3046/1125
f 1111/3038/1108 1128/3046/1125 1113/3047/1110
f 2384/3045/2372 2383/3044/2371 2385/3048/2373
f 2384/3045/2372 2385/3048/2373 1128/3046/1125
f 2383/3044/2371 2382/3043/2370 2386/3049/2374
f 2386/3049/2374 2382/3043/2370 2381/3042/2369
f 2385/3048/2373 2383/3044/2371 2387/3050/2375
f 2387/3050/2375 2383/3044/2371 2386/3049/2374
f 1128/3046/1125 2385/3048/2373 2388/3051/2376
f 2388/3051/2376 2385/3048/2373 2387/3050/2375
f 1128/3046/1125 2388/3051/2376 2389/3052/2377
f 2387/3050/2375 2386/3049/2374 2390/3053/2378
f 2390/3053/2378 2386/3049/2374 2391/3054/2379
f 2391/3054/2379 2386/3049/2374 2381/3042/2369
f 2387/3050/2375 2390/3053/2378 2392/3055/2380
f 2390/3053/2378 2391/3054/2379 2393/3056/2381
f 2390/3053/2378 2393/3056/2381 2392/3055/2380
f 2391/3054/2379 2381/3042/2369 2394/3057/2382
f 2391/3054/2379 2394/3057/2382 2393/3056/2381
f 2395/3058/2383 2388/3051/2376 2387/3050/2375
f 2395/3058/2383 2387/3050/2375 2392/3055/2380
f 2388/3051/2376 2395/3058/2383 2396/3059/2384
f 2388/3051/2376 2396/3059/2384 2389/3052/2377
f 2395/3058/2383 2392/3055/2380 2397/3060/2385
f 2395/3058/2383 2397/3060/2385 2396/3059/2384
f 2398/3061/2386 2392/3055/2380 2393/3056/2381
f 2392/3055/2380 2398/3061/2386 2397/3060/2385
f 2398/3061/2386 2393/3056/2381 2399/3062/2387
f 2399/3062/2387 2393/3056/2381 2400/3063/2388
f 2400/3063/2388 2393/3056/2381 2394/3057/2382
f 2398/3061/2386 2399/3062/2387 2401/3064/2389
f 2401/3064/2389 2399/3062/2387 2400/3063/2388
f 2397/3060/2385 2398/3061/2386 2402/3065/2390
f 2402/3065/2390 2398/3061/2386 2401/3064/2389
f 2397/3060/2385 2402/3065/2390 2403/3066/2391
f 2397/3060/2385 2403/3066/2391 2396/3059/2384
f 2402/3065/2390 2401/3064/2389 2404/3067/1937
f 2402/3065/2390 2404/3067/1937 2403/3066/2391
f 2396/3059/2384 2403/3066/2391 2405/3068/2392
f 2396/3059/2384 2405/3068/2392 2406/3069/2393
f 2396/3059/2384 2406/3069/2393 2389/3052/2377
f 2405/3068/2392 2403/3066/2391 2407/3070/2394
f 2403/3066/2391 2404/3067/1937 2408/3071/2395
f 2403/3066/2391 2408/3071/2395 2407/3070/2394
f 2408/3071/2395 2404/3067/1937 2409/3072/2396
f 2408/3071/2395 2409/3072/2396 2407/3070/2394
f 2405/3068/2392 2407/3070/2394 2410/3073/2397
f 2405/3068/2392 2410/3073/2397 2406/3069/2393
f 2411/3074/2398 2389/3052/2377 2406/3069/2393
f 2410/3073/2397 2407/3070/2394 2412/3075/2399
f 2412/3075/2399 2407/3070/2394 2409/3072/2396
f 2389/3052/2377 2411/3074/2398 2413/3076/2374
f 2411/3074/2398 2406/3069/2393 2414/3077/2400
f 2411/3074/2398 2414/3077/2400 2413/3076/2374
f 2389/3052/2377 2413/3076/2374 2415/3078/2401
f 2389/3052/2377 2415/3078/2401 1128/3046/1125
f 1128/3046/1125 2415/3078/2401 1127/3079/1124
f 1127/3079/1124 2415/3078/2401 1130/3080/1127
f 1130/3080/1127 2415/3078/2401 2413/3076/2374
f 1130/3080/1127 2413/3076/2374 2414/3077/2400
f 1130/3080/1127 2414/3077/2400 1136/3081/1132
f 1136/3081/1132 2414/3077/2400 2416/3082/2402
f 1136/3081/1132 2416/3082/2402 1135/3083/1131
f 1135/3083/1131 2416/3082/2402 1134/3084/1130
f 1131/3085/732 1134/3084/1130 1351/3086/1344
f 1351/3086/1344 1134/3084/1130 1348/3087/1341
f 1348/3087/1341 1134/3084/1130 2416/3082/2402
f 1348/3087/1341 2416/3082/2402 1347/3088/1340
f 2416/3082/2402 2414/3077/2400 2417/3089/2403
f 2416/3082/2402 2417/3089/2403 1347/3088/1340
f 2417/3089/2403 2414/3077/2400 2418/3090/2404
f 2418/3090/2404 2414/3077/2400 2406/3069/2393
f 1347/3088/1340 2417/3089/2403 2419/3091/2405
f 1347/3088/1340 2419/3091/2405 1346/3092/1339
f 2418/3090/2404 2406/3069/2393 2410/3073/2397
f 2417/3089/2403 2418/3090/2404 2420/3093/2406
f 2417/3089/2403 2420/3093/2406 2419/3091/2405
f 2420/3093/2406 2418/3090/2404 2410/3073/2397
f 2419/3091/2405 2420/3093/2406 2421/3094/2407
f 2419/3091/2405 2421/3094/2407 1346/3092/1339
f 2421/3094/2407 2420/3093/2406 2410/3073/2397
f 1346/3092/1339 2421/3094/2407 1344/3095/1337
f 1346/3092/1339 1344/3095/1337 1343/3096/1336
f 2421/3094/2407 2410/3073/2397 2422/3097/2408
f 2421/3094/2407 2422/3097/2408 1344/3095/1337
f 2422/3097/2408 2410/3073/2397 2412/3075/2399
f 1344/3095/1337 2422/3097/2408 1341/3098/1334
f 1341/3098/1334 2422/3097/2408 2412/3075/2399
f 1344/3095/1337 1341/3098/1334 1340/3099/1333
f 1341/3098/1334 2412/3075/2399 2409/3072/2396
f 1341/3098/1334 2409/3072/2396 2423/3100/2409
f 1341/3098/1334 2423/3100/2409 194/3101/194
f 194/3101/194 2423/3100/2409 193/3102/193
f 2423/3100/2409 2409/3072/2396 2424/3103/2410
f 2423/3100/2409 2424/3103/2410 193/3102/193
f 179/3104/179 193/3102/193 174/3105/174
f 174/3105/174 193/3102/193 2424/3103/2410
f 2424/3103/2410 2409/3072/2396 2425/3106/2411
f 2425/3106/2411 2409/3072/2396 2404/3067/1937
f 174/3105/174 2424/3103/2410 2426/3107/2412
f 174/3105/174 2426/3107/2412 171/3108/171
f 2424/3103/2410 2425/3106/2411 2427/3109/2413
f 2424/3103/2410 2427/3109/2413 2426/3107/2412
f 2425/3106/2411 2404/3067/1937 2428/3110/2414
f 2425/3106/2411 2428/3110/2414 2427/3109/2413
f 2428/3110/2414 2404/3067/1937 2401/3064/2389
f 2427/3109/2413 2428/3110/2414 2429/3111/2398
f 2429/3111/2398 2428/3110/2414 2401/3064/2389
f 2426/3107/2412 2427/3109/2413 2430/3112/2415
f 2430/3112/2415 2427/3109/2413 2429/3111/2398
f 2431/3113/2416 171/3108/171 2426/3107/2412
f 2431/3113/2416 2426/3107/2412 2430/3112/2415
f 171/3108/171 2431/3113/2416 164/3114/164
f 2430/3112/2415 2429/3111/2398 2432/3115/2417
f 2430/3112/2415 2432/3115/2417 2431/3113/2416
f 164/3114/164 2431/3113/2416 45/3116/45
f 164/3114/164 45/3116/45 48/3117/48
f 48/3117/48 45/3116/45 46/3118/46
f 45/3116/45 2431/3113/2416 41/3119/41
f 41/3119/41 2431/3113/2416 40/3120/40
f 40/3120/40 2431/3113/2416 2432/3115/2417
f 2433/3121/2418 2432/3115/2417 2429/3111/2398
f 2433/3121/2418 2429/3111/2398 2401/3064/2389
f 40/3120/40 2432/3115/2417 2434/3122/2419
f 2434/3122/2419 2432/3115/2417 2433/3121/2418
f 2433/3121/2418 2401/3064/2389 2400/3063/2388
f 2433/3121/2418 2400/3063/2388 2434/3122/2419
f 40/3120/40 2434/3122/2419 36/3123/36
f 36/3123/36 2434/3122/2419 2400/3063/2388
f 40/3120/40 36/3123/36 37/3124/37
f 36/3123/36 2400/3063/2388 2435/3125/2420
f 36/3123/36 2435/3125/2420 34/3126/34
f 34/3126/34 2435/3125/2420 2436/3127/2421
f 2435/3125/2420 2400/3063/2388 2437/3128/2422
f 2437/3128/2422 2400/3063/2388 2394/3057/2382
f 2437/3128/2422 2394/3057/2382 2381/3042/2369
f 2435/3125/2420 2437/3128/2422 2438/3129/2423
f 2435/3125/2420 2438/3129/2423 2436/3127/2421
f 2437/3128/2422 2381/3042/2369 2439/3130/2424
f 2437/3128/2422 2439/3130/2424 2438/3129/2423
f 2439/3130/2424 2381/3042/2369 2375/3034/2363
f 2439/3130/2424 2375/3034/2363 103/3033/103
f 2438/3129/2423 2439/3130/2424 2440/3131/2425
f 2440/3131/2425 2439/3130/2424 103/3033/103
f 2436/3127/2421 2438/3129/2423 2441/3132/2426
f 2441/3132/2426 2438/3129/2423 2440/3131/2425
f 2436/3127/2421 2441/3132/2426 105/3133/105
f 2440/3131/2425 103/3033/103 102/3134/102
f 2440/3131/2425 102/3134/102 2441/3132/2426
f 2441/3132/2426 102/3134/102 105/3133/105
f 102/3134/102 103/3033/103 100/3135/100
f 105/3133/105 102/3134/102 101/3136/101
f 1131/3137/732 1351/3138/1344 1132/3139/1128
f 1132/3139/1128 1351/3138/1344 1353/3140/1346
f 1132/3139/1128 1353/3140/1346 1274/3141/1268
f 1132/3139/1128 1274/3141/1268 1121/3142/1118
f 206/3143/206 196/3144/196 197/3145/197
f 1328/3146/1321 1341/3147/1334 194/3148/194
f 34/3149/34 2436/3150/2421 33/3151/33
f 33/3151/33 2436/3150/2421 2442/3152/2427
f 2442/3152/2427 2436/3150/2421 105/115/105
f 2442/3152/2427 105/115/105 107/117/107
f 2442/3152/2427 107/117/107 33/3151/33
f 33/3151/33 107/117/107 30/3153/30
f 30/3153/30 107/117/107 2443/3154/2428
f 30/3153/30 2443/3154/2428 28/3155/28
f 2443/3154/2428 107/117/107 94/104/94
f 28/3155/28 2443/3154/2428 27/102/27
f 27/102/27 2443/3154/2428 94/104/94
f 2010/3156/2000 2148/3157/2137 75/3158/75
f 2010/3156/2000 75/3158/75 2012/3159/2002
f 2012/3159/2002 75/3158/75 2013/3160/2003
f 2444/3161/2429 1322/1565/1315 1309/1539/1302
f 2444/3161/2429 1309/1539/1302 1310/1540/1303
f 1322/1565/1315 2444/3161/2429 1331/1577/1324
f 2444/3161/2429 1310/1540/1303 2445/3162/2430
f 2445/3162/2430 1310/1540/1303 1450/1709/1443
f 1331/1577/1324 2444/3161/2429 2446/3163/2431
f 2446/3163/2431 2444/3161/2429 2445/3162/2430
f 2446/3163/2431 2445/3162/2430 1450/1709/1443
f 1331/1577/1324 2446/3163/2431 1453/1712/1446
f 1453/1712/1446 2446/3163/2431 1450/1709/1443
