# File produced by Tripo

mtllib ShyrackCaveEntranceMirrored.mtl

# 6092 vertex positions
v -0.46979660 0.01430704 -0.36179978
v -0.45389998 0.00000009 -0.36815846
v -0.46661729 0.00000009 -0.35862046
v -0.47615522 0.00000009 -0.34590316
v -0.47615522 0.01430704 -0.34908253
v -0.47615522 0.01430704 -0.34908253
v -0.47615522 0.00000009 -0.34590316
v -0.47774488 0.00000009 -0.33159626
v -0.45707929 0.01271737 -0.36974812
v -0.46502763 0.02702431 -0.36338943
v -0.43482405 0.01430704 -0.37610674
v -0.43164474 0.00000009 -0.37610674
v -0.40621018 0.00000009 -0.37928605
v -0.45548964 0.02225533 -0.36974812
v -0.40779984 0.01748635 -0.37610674
v -0.43959308 0.02702430 -0.37292743
v -0.38077563 0.02384499 -0.37133777
v -0.38554460 0.00000009 -0.37928605
v -0.44595170 0.03338295 -0.36497909
v -0.44913101 0.03656228 -0.35067219
v -0.36646867 0.01430699 -0.37292743
v -0.36805838 0.00000006 -0.37769639
v -0.35057211 0.02066565 -0.36815846
v -0.34580314 0.00000006 -0.37610674
v -0.32036859 0.00000006 -0.36656880
v -0.41892749 0.03974159 -0.36179978
v -0.41256887 0.03179328 -0.37133777
v -0.39031363 0.04133125 -0.36179978
v -0.39826190 0.04927954 -0.35385150
v -0.35534108 0.04610021 -0.35544115
v -0.37123770 0.06040716 -0.34590316
v -0.42369646 0.04292090 -0.34749287
v -0.42369646 0.04292090 -0.34749287
v -0.41892749 0.03974159 -0.36179978
v -0.44913101 0.03656228 -0.35067219
v -0.38395494 0.06676580 -0.33795494
v -0.39190322 0.06994513 -0.32841694
v -0.35693073 0.08425204 -0.32682729
v -0.36964798 0.08902104 -0.32046866
v -0.39826190 0.04927954 -0.35385150
v -0.40462053 0.05245887 -0.33954459
v -0.39190322 0.06994513 -0.32841694
v -0.42687577 0.03974159 -0.32841694
v -0.33944446 0.07471411 -0.33318597
v -0.39826190 0.06676580 -0.31252033
v -0.40938950 0.05086921 -0.32205832
v -0.38554460 0.08584173 -0.29980308
v -0.37918597 0.09061070 -0.31252033
v -0.36964798 0.08902104 -0.32046866
v -0.40303087 0.06199683 -0.29344440
v -0.41415846 0.04768988 -0.29980308
v -0.36646867 0.10650730 -0.29662377
v -0.34898245 0.09855901 -0.31093067
v -0.35852039 0.10491764 -0.30457205
v -0.35852039 0.10491764 -0.30457205
v -0.32990652 0.09537968 -0.30934107
v -0.34421343 0.10968662 -0.29503405
v -0.34421343 0.10968662 -0.29503405
v -0.30447197 0.08266239 -0.31728935
v -0.31559956 0.10173831 -0.29503411
v -0.31559956 0.10173831 -0.29503411
v -0.32990652 0.09537968 -0.30934107
v -0.31400990 0.06676580 -0.33795494
v -0.32990652 0.10968661 -0.28549612
v -0.32195824 0.04610021 -0.35385150
v -0.29175466 0.05881749 -0.33954459
v -0.32195824 0.04610021 -0.35385150
v -0.29175466 0.05881749 -0.33954459
v -0.29811329 0.04292090 -0.35226184
v -0.32354790 0.02384496 -0.36338949
v -0.29811329 0.02384496 -0.35862052
v -0.29811329 0.02384496 -0.35862052
v -0.28221673 0.03974158 -0.34908253
v -0.29811329 0.00000006 -0.35703087
v -0.29811329 0.00000006 -0.35703087
v -0.28221673 0.02225530 -0.35067219
v -0.28221673 0.00000006 -0.34749287
v -0.33785480 0.11286593 -0.27118921
v -0.30924088 0.10809695 -0.27754784
v -0.35375136 0.11286595 -0.28231680
v -0.34898239 0.10491764 -0.25847191
v -0.31559956 0.11127627 -0.25847197
v -0.36010998 0.10809696 -0.27436846
v -0.37282729 0.10173831 -0.28708577
v -0.38077557 0.09061070 -0.27277881
v -0.36646867 0.09855901 -0.26324087
v -0.37759626 0.08266239 -0.24575463
v -0.39349288 0.07948308 -0.28390646
v -0.39349288 0.07789342 -0.25688225
v -0.41097915 0.05722785 -0.27436846
v -0.40303081 0.06994513 -0.26642019
v -0.39349288 0.07789342 -0.25688225
v -0.40303081 0.06994513 -0.26642019
v -0.41415846 0.06517614 -0.25211328
v -0.41097915 0.05722785 -0.27436846
v -0.41892743 0.05245887 -0.25847191
v -0.41892749 0.04292090 -0.28072715
v -0.41892743 0.05245887 -0.25847191
v -0.40779984 0.06994513 -0.24416496
v -0.37759626 0.08266239 -0.24575463
v -0.41574812 0.06199683 -0.23621665
v -0.39508253 0.07153478 -0.22985803
v -0.41892743 0.06040718 -0.24416496
v -0.42210674 0.05245887 -0.24734426
v -0.42051709 0.05245887 -0.23462698
v -0.40938950 0.06199683 -0.22190970
v -0.41256881 0.05086921 -0.21714070
v -0.39667219 0.05881751 -0.20601313
v -0.38713425 0.06676580 -0.21396142
v -0.42687577 0.04133125 -0.25052363
v -0.42369640 0.03974159 -0.23303731
v -0.42369640 0.03974159 -0.23303731
v -0.42687577 0.04133125 -0.25052363
v -0.43641371 0.03020363 -0.23303731
v -0.44118267 0.03338295 -0.25052363
v -0.44277233 0.03338295 -0.26165122
v -0.41892743 0.05245887 -0.25847191
v -0.42687577 0.03974159 -0.26483053
v -0.41892749 0.04292090 -0.28072715
v -0.44277233 0.03179328 -0.27277881
v -0.46661723 0.03179328 -0.26006156
v -0.46820688 0.02861397 -0.26959950
v -0.43164474 0.03338294 -0.28708577
v -0.43164474 0.03338294 -0.28708577
v -0.44913101 0.02861397 -0.28867543
v -0.44913101 0.02861397 -0.28867543
v -0.44277233 0.03179328 -0.27277881
v -0.42846543 0.03497261 -0.30457205
v -0.46820688 0.02861397 -0.26959950
v -0.46820688 0.02225533 -0.28390646
v -0.46820688 0.02861397 -0.26959950
v -0.46820688 0.02225533 -0.28390646
v -0.48251384 0.02384502 -0.26959950
v -0.44754130 0.02861397 -0.30616170
v -0.46343791 0.02066568 -0.30616170
v -0.44913101 0.03338295 -0.33000660
v -0.47933453 0.01271737 -0.28231680
v -0.47138625 0.01112771 -0.30616170
v -0.48569316 0.00000009 -0.28072709
v -0.47456557 0.00000009 -0.30616170
v -0.46661723 0.02543466 -0.33000660
v -0.47456557 0.01271737 -0.32841694
v -0.46820694 0.02861397 -0.35067219
v -0.46502763 0.02702431 -0.36338943
v -0.26632011 0.00000006 -0.33636528
v -0.26790977 0.02384496 -0.33954459
v -0.24565454 0.00000006 -0.31887901
v -0.27108908 0.04133123 -0.33954459
v -0.25042349 0.02702427 -0.32046866
v -0.21863031 0.00000004 -0.29821342
v -0.25678217 0.04927953 -0.32205832
v -0.27744776 0.05245885 -0.33954459
v -0.22657861 0.03020360 -0.29980308
v -0.26949942 0.06358647 -0.32205832
v -0.28380638 0.07312442 -0.32205832
v -0.31400990 0.06676580 -0.33795494
v -0.28380638 0.07312442 -0.32205832
v -0.25678217 0.07789342 -0.30457205
v -0.30447197 0.08266239 -0.31728935
v -0.29493397 0.09537967 -0.29662377
v -0.29493397 0.09537967 -0.29662377
v -0.27267873 0.08584170 -0.30457205
v -0.25837177 0.10014865 -0.28867549
v -0.29493397 0.09537967 -0.29662377
v -0.23611657 0.06199682 -0.29821342
v -0.22816825 0.08425204 -0.27913749
v -0.20750268 0.05563815 -0.27913749
v -0.20273371 0.02861394 -0.28231680
v -0.19637506 0.00000004 -0.28072715
v -0.18365778 0.02543463 -0.27118921
v -0.19637506 0.00000004 -0.28072715
v -0.18365778 0.02543463 -0.27118921
v -0.18047847 0.00000007 -0.26959956
v -0.16935085 0.00000007 -0.26324093
v -0.20273371 0.02861394 -0.28231680
v -0.18365778 0.05245884 -0.26959956
v -0.18365778 0.05245884 -0.26959956
v -0.16935085 0.02225530 -0.26642025
v -0.16935083 0.04451053 -0.26800990
v -0.15504390 0.02225530 -0.26642025
v -0.15504390 0.00000007 -0.26324093
v -0.13755764 0.02066565 -0.26959956
v -0.13755764 0.00000007 -0.26483059
v -0.12007139 0.02225530 -0.27277887
v -0.13755764 0.00000007 -0.26483059
v -0.12007139 0.02225530 -0.27277887
v -0.11848173 0.00000007 -0.26959956
v -0.13914730 0.04292087 -0.27754784
v -0.12007139 0.02225530 -0.27277887
v -0.13914730 0.04292087 -0.27754784
v -0.12325070 0.04292087 -0.28072721
v -0.15504389 0.04292087 -0.27118921
v -0.14391628 0.06517611 -0.28867549
v -0.12801969 0.06358644 -0.29026520
v -0.15504389 0.06199680 -0.27754784
v -0.16617151 0.06199680 -0.27118921
v -0.15663354 0.06517611 -0.27913749
v -0.15027493 0.08425203 -0.28867549
v -0.14073697 0.08584170 -0.29662377
v -0.16458185 0.08107272 -0.27436852
v -0.17411982 0.06994508 -0.26642025
v -0.18842675 0.07312442 -0.26165128
v -0.16458185 0.08107272 -0.27436852
v -0.18842675 0.07312442 -0.26165128
v -0.18683709 0.09061067 -0.24893396
v -0.20750268 0.09061067 -0.25211328
v -0.20750268 0.07630374 -0.26800990
v -0.20750268 0.07630374 -0.26800990
v -0.20750268 0.07630374 -0.26800990
v -0.20750268 0.09061067 -0.25211328
v -0.22657858 0.09696932 -0.26006162
v -0.22657858 0.09696932 -0.26006162
v -0.21545096 0.09537965 -0.23144770
v -0.21545096 0.09537965 -0.23144770
v -0.23293722 0.10173832 -0.23939601
v -0.24088551 0.10491763 -0.26800990
v -0.24406485 0.09379001 -0.28708583
v -0.25201315 0.10968661 -0.26959956
v -0.25360280 0.11127628 -0.24575464
v -0.24088551 0.09696934 -0.21555109
v -0.26314074 0.11286593 -0.27118921
v -0.27267873 0.10650729 -0.28231680
v -0.24088551 0.09696934 -0.21555109
v -0.25360280 0.11127628 -0.24575464
v -0.26473039 0.10491764 -0.21873042
v -0.30924088 0.10809695 -0.27754784
v -0.26949942 0.11604526 -0.25529259
v -0.28539598 0.11286593 -0.26483059
v -0.29493397 0.11127628 -0.24734429
v -0.29493397 0.11127628 -0.24734429
v -0.32354784 0.10332797 -0.24575463
v -0.30129260 0.10491764 -0.23462701
v -0.28539598 0.11286593 -0.26483059
v -0.29493397 0.11127628 -0.24734429
v -0.28062701 0.11445560 -0.23780634
v -0.26949942 0.11604526 -0.25529259
v -0.30129260 0.10491764 -0.23462701
v -0.27267873 0.11127628 -0.22985804
v -0.30129260 0.10491764 -0.23462701
v -0.32354784 0.10332797 -0.24575463
v -0.33149612 0.08902104 -0.23303734
v -0.28857529 0.10809696 -0.22667870
v -0.28221667 0.10491764 -0.21555109
v -0.29652363 0.09537967 -0.21078210
v -0.33149612 0.08902104 -0.23303734
v -0.30924088 0.09061070 -0.22190972
v -0.28698564 0.10173832 -0.19965449
v -0.27108908 0.10014866 -0.19647519
v -0.24724415 0.09379001 -0.19647519
v -0.28698564 0.10173832 -0.18852687
v -0.30924088 0.09061070 -0.22190972
v -0.31718922 0.07471411 -0.20760278
v -0.33785480 0.07312444 -0.21555108
v -0.33944446 0.05722784 -0.19329585
v -0.31718922 0.07471411 -0.20760278
v -0.30606157 0.08266239 -0.19806482
v -0.32036853 0.06040716 -0.19011652
v -0.31718922 0.07471411 -0.20760278
v -0.32036853 0.06040716 -0.19011652
v -0.30606157 0.08266239 -0.19806482
v -0.31718922 0.04451057 -0.16627161
v -0.33626515 0.03974161 -0.16627161
v -0.31718922 0.04451057 -0.16627161
v -0.30765122 0.05245888 -0.15832332
v -0.30447191 0.02543466 -0.13447842
v -0.31083053 0.06994511 -0.18057856
v -0.29493397 0.05245887 -0.14719568
v -0.30606157 0.07312445 -0.16786128
v -0.30606157 0.08743139 -0.17580958
v -0.29652363 0.07471411 -0.15991299
v -0.27903736 0.07312444 -0.15673368
v -0.27903736 0.05086921 -0.14560604
v -0.29175466 0.02702431 -0.13129909
v -0.27744770 0.02543466 -0.13129911
v -0.25996143 0.04768988 -0.14560606
v -0.25996143 0.02384499 -0.13288878
v -0.27585804 0.00000009 -0.11540250
v -0.29493397 0.09061071 -0.16945095
v -0.27744770 0.08902106 -0.16786131
v -0.30129260 0.09855901 -0.18216822
v -0.30129260 0.09855901 -0.18216822
v -0.29493397 0.09061071 -0.16945095
v -0.29175466 0.10014866 -0.17898890
v -0.30606157 0.08743139 -0.17580958
v -0.30447191 0.09220035 -0.19011652
v -0.30606157 0.08266239 -0.19806482
v -0.29811329 0.09696934 -0.19806482
v -0.29652363 0.10173832 -0.18852687
v -0.12801969 0.06358644 -0.29026520
v -0.11530241 0.06676577 -0.29185486
v -0.14073697 0.08584170 -0.29662377
v -0.12960935 0.08584169 -0.29662383
v -0.12007138 0.08743136 -0.29662383
v -0.14232662 0.10809693 -0.29662383
v -0.14232662 0.10809693 -0.29662383
v -0.15345424 0.10650726 -0.28867549
v -0.14232662 0.10809693 -0.29662383
v -0.15345424 0.10650726 -0.28867549
v -0.15981288 0.13035215 -0.29503411
v -0.13278867 0.10968658 -0.29821348
v -0.12484036 0.11286591 -0.29980314
v -0.14073697 0.13353148 -0.30139279
v -0.15981288 0.13035215 -0.29503411
v -0.15027492 0.13035215 -0.30139279
v -0.15981288 0.14783843 -0.30298239
v -0.16617152 0.14306946 -0.29980308
v -0.15027493 0.15260741 -0.30298245
v -0.13119900 0.13671081 -0.30457211
v -0.13755764 0.16055571 -0.30616176
v -0.11848172 0.11286591 -0.30616176
v -0.11371275 0.08902101 -0.30139279
v -0.12325071 0.13830046 -0.31252044
v -0.12643003 0.15737639 -0.31728941
v -0.12325070 0.16691434 -0.32205838
v -0.12801969 0.17327298 -0.31411010
v -0.11848173 0.13671081 -0.32046872
v -0.12007138 0.15419707 -0.32364804
v -0.11689207 0.17963162 -0.32205838
v -0.12166104 0.19552822 -0.30775142
v -0.11530241 0.16214536 -0.32841700
v -0.10576445 0.18281095 -0.32523775
v -0.10894375 0.20029721 -0.30934113
v -0.11053343 0.13830046 -0.32682741
v -0.11371276 0.11127625 -0.31569976
v -0.08668852 0.18440060 -0.32205844
v -0.08986783 0.20188686 -0.30775148
v -0.10258513 0.16373503 -0.33159637
v -0.08509887 0.16691434 -0.32841706
v -0.10099547 0.13830046 -0.33000672
v -0.05966430 0.20347653 -0.30616182
v -0.09145749 0.22096276 -0.28867555
v -0.05966429 0.22414209 -0.29026520
v -0.06125396 0.18757993 -0.31887907
v -0.01992280 0.20983514 -0.30934113
v -0.01992279 0.23050073 -0.29662383
v -0.01674347 0.25116634 -0.28390658
v -0.01515386 0.03179324 -0.37133789
v -0.00000007 0.00000003 -0.37610686
v -0.00000006 0.00000003 -0.36815852
v -0.04058842 0.03020360 -0.36021024
v -0.01515386 0.03179324 -0.37133789
v -0.00000006 0.00000003 -0.36815852
v -0.01674351 0.05881746 -0.36497921
v -0.05966433 0.02702425 -0.35067230
v -0.05966433 0.02702425 -0.35067230
v -0.00000006 0.00000003 -0.36815852
v -0.00000008 0.00000003 -0.36021024
v -0.00000008 0.00000003 -0.36021024
v -0.07238162 0.00000004 -0.34908259
v -0.04376772 0.05404848 -0.35226196
v -0.07238160 0.02543460 -0.34113431
v -0.04853670 0.07153474 -0.34272397
v -0.01674351 0.05881746 -0.36497921
v -0.04853670 0.07153474 -0.34272397
v -0.02310214 0.08266236 -0.35226196
v -0.06125399 0.05086917 -0.34113431
v -0.06602295 0.06676577 -0.33477569
v -0.02310214 0.08266236 -0.35226196
v -0.04853670 0.07153474 -0.34272397
v -0.05648500 0.08266236 -0.33477569
v -0.07397126 0.07948305 -0.33159637
v -0.05648500 0.08266236 -0.33477569
v -0.08668853 0.07630374 -0.32841706
v -0.08032990 0.06358644 -0.33000672
v -0.07556093 0.04768986 -0.33318603
v -0.08191957 0.02384494 -0.32841706
v -0.08191957 0.00000004 -0.33477569
v -0.08827820 0.02384494 -0.30934113
v -0.08509888 0.00000004 -0.31252044
v -0.09145752 0.00000004 -0.29026520
v -0.08509888 0.04451053 -0.32364810
v -0.09463683 0.02384494 -0.29026520
v -0.10258514 0.00000007 -0.27595824
v -0.08986785 0.04292087 -0.30934113
v -0.09145752 0.06040713 -0.32205844
v -0.10576445 0.02225530 -0.27913755
v -0.10894377 0.04451053 -0.28390658
v -0.10894377 0.04451053 -0.28390658
v -0.09940581 0.04768986 -0.29344451
v -0.11530241 0.06676577 -0.29185486
v -0.09940581 0.04768986 -0.29344451
v -0.10735411 0.06835543 -0.29662383
v -0.09622649 0.05563815 -0.30934113
v -0.10735411 0.06835543 -0.29662383
v -0.10417479 0.07153474 -0.31093079
v -0.09940582 0.07471408 -0.32364810
v -0.10735411 0.06835543 -0.29662383
v -0.11053343 0.08743136 -0.31252044
v -0.10417479 0.07153474 -0.31093079
v -0.10735412 0.08107270 -0.32046872
v -0.11053343 0.08743136 -0.31252044
v -0.10258514 0.08902101 -0.32682741
v -0.10735412 0.08107270 -0.32046872
v -0.10894378 0.09061067 -0.32205844
v -0.10894378 0.09061067 -0.32205844
v -0.10894378 0.11127625 -0.32364810
v -0.10894378 0.09061067 -0.32205844
v -0.10099547 0.11127625 -0.32682741
v -0.10099547 0.11127625 -0.32682741
v -0.08827820 0.08743136 -0.32841706
v -0.08668853 0.11127625 -0.32682741
v -0.08668853 0.11127625 -0.32682741
v -0.08509887 0.13989012 -0.32841706
v -0.06761262 0.11127625 -0.32682741
v -0.06443329 0.14147978 -0.32523775
v -0.08668853 0.11127625 -0.32682741
v -0.06443329 0.14147978 -0.32523775
v -0.06761262 0.11127625 -0.32682741
v -0.06761262 0.09220032 -0.32841706
v -0.06125396 0.16850400 -0.32523775
v -0.03740907 0.14306945 -0.32682741
v -0.06125396 0.16850400 -0.32523775
v -0.06761262 0.09220032 -0.32841706
v -0.05012636 0.09537964 -0.33318603
v -0.04376771 0.11286591 -0.33000672
v -0.03740908 0.09537964 -0.33795500
v -0.04058840 0.08584167 -0.34113431
v -0.01833316 0.10968658 -0.34113431
v -0.00879519 0.14624874 -0.33477569
v -0.03422974 0.17168331 -0.32364810
v -0.00720552 0.17486261 -0.32841706
v -0.03105043 0.18916957 -0.31728941
v -0.03105043 0.18916957 -0.31728941
v -0.01038485 0.18916956 -0.32205844
v -0.01038485 0.18916956 -0.32205844
v -0.00000005 0.19236164 -0.32327032
v -0.00000005 0.17806505 -0.33041859
v -0.16458185 0.10173829 -0.26800990
v -0.16458185 0.11763489 -0.27436852
v -0.17094049 0.13512115 -0.28390646
v -0.16617152 0.14306946 -0.29980308
v -0.17570949 0.14942811 -0.29344445
v -0.17729913 0.12240389 -0.25529259
v -0.18524744 0.14465913 -0.26642025
v -0.17570949 0.14942811 -0.29344445
v -0.18524744 0.14465913 -0.26642025
v -0.18842675 0.16055574 -0.27595818
v -0.17094050 0.16055572 -0.29662377
v -0.18365777 0.10809694 -0.24416499
v -0.19160606 0.13512117 -0.23144770
v -0.18842675 0.16055574 -0.27595818
v -0.19955435 0.15578675 -0.24098566
v -0.18365775 0.17327300 -0.27913749
v -0.17094047 0.18440060 -0.27754784
v -0.18365775 0.20029722 -0.25052363
v -0.20273368 0.17327300 -0.24893396
v -0.19955435 0.15578675 -0.24098566
v -0.19796470 0.18757994 -0.25211328
v -0.19637503 0.21301448 -0.22032008
v -0.18047842 0.22573178 -0.21873046
v -0.18683706 0.23685940 -0.18693724
v -0.21545096 0.18440063 -0.22032008
v -0.20273368 0.17327300 -0.24893396
v -0.20909230 0.16691436 -0.21555109
v -0.20909230 0.16691436 -0.21555109
v -0.20114399 0.14306948 -0.20919245
v -0.21068196 0.20029724 -0.22190973
v -0.20432334 0.22255245 -0.19011657
v -0.21545096 0.20824552 -0.20124419
v -0.21386129 0.17327300 -0.19488554
v -0.21545096 0.18440063 -0.22032008
v -0.22021993 0.19234893 -0.19806485
v -0.21386129 0.17327300 -0.19488554
v -0.21704061 0.21460417 -0.17898893
v -0.22021993 0.19234893 -0.19806485
v -0.21386129 0.17327300 -0.19488554
v -0.22021993 0.19870758 -0.18057860
v -0.22021993 0.19870758 -0.18057860
v -0.21386129 0.17804199 -0.17580962
v -0.22021991 0.20665586 -0.15832336
v -0.22021991 0.20665586 -0.15832336
v -0.20432332 0.23368007 -0.15991303
v -0.19319569 0.24639738 -0.15832336
v -0.18206808 0.25116634 -0.19011657
v -0.18206808 0.25116634 -0.19011657
v -0.19319569 0.24639738 -0.15832336
v -0.19001636 0.26070431 -0.16150269
v -0.21704060 0.22255246 -0.15991303
v -0.22180957 0.23526976 -0.13924745
v -0.21227159 0.24798703 -0.13765778
v -0.20432329 0.26229396 -0.13447848
v -0.21227159 0.24798703 -0.13765778
v -0.22339921 0.21937315 -0.13765778
v -0.22339921 0.26388362 -0.12176119
v -0.22339921 0.26388362 -0.12176119
v -0.20273364 0.27501124 -0.13765778
v -0.23134750 0.24957670 -0.12335085
v -0.20432329 0.28772852 -0.14560609
v -0.19001636 0.27501124 -0.16627167
v -0.21704057 0.28931817 -0.12335085
v -0.23134752 0.23526976 -0.12017152
v -0.24088547 0.26070431 -0.11063357
v -0.24088547 0.26070431 -0.11063357
v -0.23134750 0.24957670 -0.12335085
v -0.23134752 0.23526976 -0.12017152
v -0.21863022 0.27819055 -0.11858187
v -0.22339921 0.26388362 -0.12176119
v -0.23452683 0.27501124 -0.11063357
v -0.23452683 0.27501124 -0.11063357
v -0.24088547 0.24798703 -0.10586457
v -0.24565445 0.26388362 -0.09950594
v -0.23929581 0.27978021 -0.10109560
v -0.21863022 0.27819055 -0.11858187
v -0.23452683 0.27501124 -0.11063357
v -0.22975785 0.29090783 -0.10268527
v -0.22975785 0.29090783 -0.10268527
v -0.24406479 0.28454921 -0.08837832
v -0.24565445 0.25434569 -0.08519901
v -0.23452684 0.23368008 -0.09473696
v -0.22816819 0.21460417 -0.11222322
v -0.22816819 0.21460417 -0.11222322
v -0.25042343 0.27024224 -0.08678866
v -0.23611650 0.23685941 -0.07407138
v -0.24883376 0.26070431 -0.06135410
v -0.25201309 0.27660090 -0.06453343
v -0.23929580 0.24639738 -0.05499547
v -0.25042337 0.27978021 -0.03432989
v -0.23452684 0.21301450 -0.08360934
v -0.23452684 0.22414213 -0.06771275
v -0.23452683 0.23209043 -0.05022649
v -0.24088548 0.21301450 -0.06135411
v -0.24406479 0.19870758 -0.06771275
v -0.24088548 0.17804199 -0.08519900
v -0.22975786 0.19393860 -0.10109560
v -0.24088548 0.17804199 -0.08519900
v -0.22975786 0.19393860 -0.10109560
v -0.23929581 0.15101779 -0.09791628
v -0.25837171 0.16214541 -0.06612307
v -0.22816819 0.21460417 -0.11222322
v -0.22180957 0.16532473 -0.12335084
v -0.22021991 0.19711792 -0.13129915
v -0.22021991 0.19711792 -0.13129915
v -0.21545094 0.18440065 -0.15514405
v -0.23929581 0.11763493 -0.10586456
v -0.25837171 0.13989016 -0.07566103
v -0.25678205 0.11445562 -0.08043000
v -0.23770618 0.07789344 -0.11063354
v -0.21068195 0.15578675 -0.15196471
v -0.22657855 0.08266240 -0.13447846
v -0.22339921 0.12081424 -0.12970948
v -0.21227162 0.11922457 -0.15196471
v -0.22021993 0.08743137 -0.15514404
v -0.23929584 0.04133126 -0.10109558
v -0.24883381 0.04927956 -0.07725069
v -0.23293720 0.05881752 -0.12811981
v -0.22975788 0.06517614 -0.13924743
v -0.23293720 0.03179330 -0.11858185
v -0.23611651 0.00635873 -0.09314728
v -0.23134755 0.00158975 -0.10904389
v -0.23293720 0.05086923 -0.13765775
v -0.23452686 0.02543464 -0.12811980
v -0.23452686 0.00000009 -0.11699219
v -0.23452686 0.00000009 -0.11699219
v -0.23452686 0.02543464 -0.12811980
v -0.24406482 0.00000009 -0.11858185
v -0.22816823 0.06835546 -0.14719573
v -0.24406482 0.02384499 -0.13288878
v -0.23293720 0.05086923 -0.13765775
v -0.25996143 0.00000009 -0.11858183
v -0.25996143 0.02384499 -0.13288878
v -0.24247518 0.04768988 -0.14242673
v -0.22816823 0.06835546 -0.14719573
v -0.25996143 0.04768988 -0.14560606
v -0.23770620 0.06676582 -0.15196471
v -0.25837183 0.06835547 -0.15514404
v -0.25837183 0.06835547 -0.15514404
v -0.25360280 0.08266240 -0.16627166
v -0.25360280 0.08266240 -0.16627166
v -0.23293722 0.07948309 -0.16309233
v -0.21386129 0.09537965 -0.17421995
v -0.25360280 0.08266240 -0.16627166
v -0.23293722 0.07948309 -0.16309233
v -0.25042349 0.09061070 -0.18057859
v -0.27426839 0.09696934 -0.17898893
v -0.27426839 0.09696934 -0.17898893
v -0.29175466 0.10014866 -0.17898890
v -0.27744770 0.08902106 -0.16786131
v -0.22975789 0.08743136 -0.17739926
v -0.25042349 0.09061070 -0.18057859
v -0.22975789 0.08743136 -0.17739926
v -0.21227163 0.09855898 -0.19170621
v -0.22657858 0.09061067 -0.19488554
v -0.22657858 0.09061067 -0.19488554
v -0.22180958 0.09379001 -0.21237177
v -0.22180958 0.09379001 -0.21237177
v -0.23293722 0.10173832 -0.23939601
v -0.23293722 0.10173832 -0.23939601
v -0.22180958 0.09379001 -0.21237177
v -0.20750265 0.10014864 -0.20919245
v -0.20750265 0.10014864 -0.20919245
v -0.20591299 0.11922457 -0.17263030
v -0.20432334 0.11922457 -0.19011655
v -0.20750265 0.10014864 -0.20919245
v -0.20591299 0.14942813 -0.17263030
v -0.20432334 0.14783844 -0.19170623
v -0.20432334 0.14783844 -0.19170623
v -0.19955434 0.11763491 -0.20760280
v -0.19955434 0.11763491 -0.20760280
v -0.20432334 0.11922457 -0.19011655
v -0.20750265 0.10014864 -0.20919245
v -0.19319572 0.11445559 -0.22667871
v -0.20114399 0.09855898 -0.22826837
v -0.20114399 0.09855898 -0.22826837
v -0.16617152 0.14306946 -0.29980308
v -0.15981288 0.14783843 -0.30298239
v -0.15027493 0.15260741 -0.30298245
v -0.15981287 0.16850400 -0.29503417
v -0.15981287 0.16850400 -0.29503417
v -0.13755764 0.16055571 -0.30616176
v -0.14550593 0.17804196 -0.29662383
v -0.15504389 0.19870755 -0.27754790
v -0.16935082 0.21301448 -0.24893403
v -0.14550593 0.17804196 -0.29662383
v -0.13278866 0.18757993 -0.30139279
v -0.13914728 0.20506619 -0.28867549
v -0.13914728 0.20506619 -0.28867549
v -0.15345421 0.22255245 -0.27436858
v -0.16458182 0.23050076 -0.25211334
v -0.17411979 0.24321803 -0.22190979
v -0.17253013 0.25911465 -0.22667876
v -0.16299216 0.24639736 -0.25529265
v -0.18047841 0.26706293 -0.19488555
v -0.18047841 0.26706293 -0.19488555
v -0.16776115 0.27183193 -0.22985810
v -0.17729910 0.27978021 -0.19806486
v -0.16776115 0.27183193 -0.22985810
v -0.18683705 0.28772852 -0.16945098
v -0.20114398 0.29885614 -0.15037507
v -0.17729910 0.27978021 -0.19806486
v -0.18683705 0.28772852 -0.16945098
v -0.17888874 0.29726648 -0.16945098
v -0.20114398 0.29885614 -0.15037507
v -0.16299216 0.29249752 -0.19806488
v -0.16299216 0.29249752 -0.19806488
v -0.19478533 0.30839410 -0.15037507
v -0.21068193 0.31952173 -0.13606812
v -0.19478533 0.30839410 -0.15037507
v -0.21068193 0.31952173 -0.13606812
v -0.19955431 0.32588038 -0.12811983
v -0.16617146 0.30521479 -0.16627169
v -0.18524736 0.31634241 -0.14560609
v -0.18524736 0.31634241 -0.14560609
v -0.17888872 0.32429072 -0.12970950
v -0.15822315 0.32111138 -0.13765781
v -0.18524736 0.31634241 -0.14560609
v -0.15822315 0.32111138 -0.13765781
v -0.16617146 0.30521479 -0.16627169
v -0.17094043 0.33382869 -0.11063359
v -0.17888872 0.32429072 -0.12970950
v -0.17094043 0.33382869 -0.11063359
v -0.19001634 0.33541831 -0.10586460
v -0.20432329 0.33382869 -0.09950595
v -0.18047838 0.34654593 -0.08678869
v -0.18047838 0.34654593 -0.08678869
v -0.19001634 0.33541831 -0.10586460
v -0.20432329 0.33382869 -0.09950595
v -0.21227159 0.32747003 -0.09473697
v -0.19478533 0.34336662 -0.08043005
v -0.18842667 0.35608390 -0.06453345
v -0.20273364 0.33541831 -0.07407139
v -0.19637497 0.34495628 -0.05181617
v -0.18683700 0.36403221 -0.04545753
v -0.17411974 0.36085287 -0.06930242
v -0.18047838 0.34654593 -0.08678869
v -0.17411974 0.36085287 -0.06930242
v -0.16140246 0.34495628 -0.08996800
v -0.15663350 0.33064935 -0.11540257
v -0.13914722 0.34336662 -0.10109565
v -0.15504383 0.36085287 -0.07248175
v -0.13119893 0.33064935 -0.12653020
v -0.11530233 0.34018728 -0.13288884
v -0.12007131 0.35608390 -0.10904394
v -0.13119894 0.31793207 -0.15037510
v -0.10099540 0.34972525 -0.14242679
v -0.13596793 0.30203548 -0.18057863
v -0.09145744 0.32905969 -0.16627170
v -0.08827811 0.35608390 -0.14719579
v -0.10894370 0.32111138 -0.15832339
v -0.07874016 0.33541831 -0.17104068
v -0.10576439 0.30362514 -0.18852693
v -0.15345420 0.29885614 -0.18693727
v -0.16299216 0.29249752 -0.19806488
v -0.13596794 0.29408717 -0.20601320
v -0.10417474 0.29249752 -0.21237184
v -0.16299216 0.29249752 -0.19806488
v -0.13596794 0.29408717 -0.20601320
v -0.12960930 0.28295955 -0.22985810
v -0.08509881 0.30839410 -0.19329591
v -0.07079187 0.31634241 -0.19647524
v -0.10258508 0.28136989 -0.23144776
v -0.12960930 0.28295955 -0.22985810
v -0.08032984 0.29567683 -0.21555115
v -0.06284358 0.30680445 -0.21396150
v -0.05648494 0.32111138 -0.19806492
v -0.06125391 0.34018728 -0.17104068
v -0.03581935 0.32270107 -0.20124424
v -0.04535733 0.30362514 -0.22349948
v -0.00561582 0.32588038 -0.20601322
v -0.07238155 0.28454921 -0.23303743
v -0.01197446 0.30362511 -0.23303744
v -0.04058836 0.28295955 -0.24416506
v -0.05648496 0.26547325 -0.25688237
v -0.00402618 0.28772849 -0.25529271
v -0.00402618 0.28772849 -0.25529271
v -0.04535733 0.30362514 -0.22349948
v -0.01197446 0.30362511 -0.23303744
v -0.04058836 0.28295955 -0.24416506
v -0.00402618 0.28772849 -0.25529271
v -0.05648496 0.26547325 -0.25688237
v -0.00000003 0.29354405 -0.25126654
v -0.00000003 0.29220200 -0.25529271
v -0.00000003 0.29220200 -0.25529271
v -0.00000003 0.29020613 -0.25869942
v -0.01356415 0.26865256 -0.27118927
v -0.00000004 0.28293058 -0.27190316
v -0.00000004 0.27588677 -0.28023201
v -0.05807462 0.24480768 -0.27436858
v -0.09940577 0.26388362 -0.25529271
v -0.09940577 0.26388362 -0.25529271
v -0.09463681 0.24162838 -0.27118927
v -0.09940577 0.26388362 -0.25529271
v -0.12642999 0.26865259 -0.25052369
v -0.11371273 0.21778347 -0.29026520
v -0.12643002 0.21301448 -0.29185486
v -0.13278864 0.23209041 -0.28072721
v -0.11689204 0.23844905 -0.27595824
v -0.13278864 0.23209041 -0.28072721
v -0.14391625 0.22573178 -0.28231686
v -0.11689204 0.23844905 -0.27595824
v -0.13755761 0.24957669 -0.27277893
v -0.12007136 0.25434569 -0.26642025
v -0.15504389 0.23685940 -0.27118927
v -0.14391625 0.26547328 -0.25688231
v -0.14868523 0.24321803 -0.27436858
v -0.15663353 0.25752500 -0.25847197
v -0.15345421 0.27978021 -0.22985810
v -0.15345421 0.27978021 -0.22985810
v -0.09622643 0.01271735 -0.04863684
v -0.09622643 0.04927954 -0.05658515
v -0.19001639 0.00794838 -0.06453342
v -0.19001636 0.04768988 -0.06771275
v -0.09622642 0.08266239 -0.06135412
v -0.19001636 0.08425206 -0.07089206
v -0.25360274 0.08425207 -0.08043000
v -0.09622642 0.10809695 -0.06135413
v -0.19001637 0.11286595 -0.07248172
v -0.25678205 0.11445562 -0.08043000
v -0.25837171 0.13989016 -0.07566103
v -0.09622642 0.12876253 -0.05658515
v -0.19001636 0.13512118 -0.06771275
v -0.19001636 0.15578677 -0.05976445
v -0.25837171 0.16214541 -0.06612307
v -0.24406482 0.01112771 -0.07248170
v -0.24883381 0.04927956 -0.07725069
v -0.24406482 0.01112771 -0.07248170
v -0.25360274 0.08425207 -0.08043000
v -0.09622642 0.14624879 -0.04863686
v -0.09622641 0.16055574 -0.03750924
v -0.00000001 0.16055572 -0.03750926
v -0.00000001 0.16590162 -0.03149511
v -0.09622640 0.17327301 -0.02320230
v -0.19001634 0.17327301 -0.04704717
v -0.09622640 0.17327301 -0.02320230
v -0.00000001 0.17327298 -0.02320232
v -0.00000001 0.17661418 -0.01651994
v -0.25678205 0.18122132 -0.05181613
v -0.25837171 0.16214541 -0.06612307
v -0.25678205 0.18122132 -0.05181613
v -0.25360274 0.19552827 -0.03591954
v -0.25360274 0.19552827 -0.03591954
v -0.25360274 0.19552827 -0.03591954
v -0.19001634 0.17327301 -0.04704717
v -0.19001634 0.18757996 -0.03115058
v -0.19001634 0.19711792 -0.01207465
v -0.24883375 0.20506622 -0.01525396
v -0.19001634 0.20188691 0.00859093
v -0.24406478 0.20983519 0.00859094
v -0.24406478 0.20983519 0.00859094
v -0.19001634 0.20188691 0.00859093
v -0.24406478 0.20983519 0.03402549
v -0.19001633 0.20188691 0.03084616
v -0.24883375 0.20506622 -0.01525396
v -0.24565443 0.20824553 -0.04386784
v -0.23770612 0.22255246 -0.02002294
v -0.23929580 0.22096281 -0.04545751
v -0.09622639 0.14624879 0.08489458
v 0.00000000 0.14624877 0.08489455
v 0.00000000 0.13889816 0.08823576
v -0.09622639 0.18122131 -0.00730570
v -0.09622639 0.18440063 0.01018056
v -0.09622639 0.18440063 0.02766682
v -0.09622639 0.18440063 0.02766682
v -0.19001633 0.19711792 0.05151174
v -0.09622639 0.18122131 0.04515308
v -0.19001630 0.18599030 0.07058766
v -0.25996137 0.20029727 0.04674278
v -0.09622639 0.17327301 0.06104967
v -0.24406475 0.19552828 0.07694632
v -0.24565440 0.18440065 0.08966359
v -0.09622639 0.16055574 0.07376696
v -0.19001630 0.17327303 0.08489459
v -0.19001631 0.15737644 0.09602223
v -0.25042337 0.17009372 0.10079122
v -0.25519240 0.15578678 0.10714985
v -0.19001631 0.13830051 0.10397052
v -0.09622638 0.12876254 0.09284289
v -0.19001633 0.11445562 0.10873950
v -0.09622638 0.10809696 0.09761187
v -0.00000001 0.18306413 0.00282990
v -0.00000001 0.18440062 0.01018053
v -0.00000000 0.18440062 0.02031616
v -0.00000000 0.18440062 0.02766679
v -0.00000000 0.18255778 0.03780242
v -0.00000000 0.18122129 0.04515306
v -0.00000000 0.17661420 0.05436726
v 0.00000000 0.17327298 0.06104966
v -0.24406478 0.20983519 0.00859094
v -0.24406478 0.20983519 0.03402549
v -0.23134749 0.22732145 0.03402549
v -0.22975780 0.22573179 0.05787039
v -0.25996137 0.20029727 0.04674278
v -0.23452681 0.22732145 0.00700128
v -0.22657849 0.24639738 0.02766685
v -0.22975783 0.24321805 0.00382195
v -0.23293714 0.23844907 -0.02320227
v -0.22975780 0.21460417 0.08489460
v -0.24406475 0.19552828 0.07694632
v -0.22021985 0.25275603 0.04992209
v -0.23293714 0.26388362 0.01653923
v -0.23452678 0.20029727 0.10556019
v -0.23452678 0.20029727 0.10556019
v -0.24406475 0.19552828 0.07694632
v -0.24565440 0.18440065 0.08966359
v -0.25042337 0.17009372 0.10079122
v -0.24247508 0.18599032 0.11986714
v -0.24883373 0.17009372 0.12781543
v -0.23293711 0.19552828 0.13735339
v -0.24088541 0.17804202 0.14689136
v -0.21545087 0.24003874 0.08648427
v -0.23452678 0.20029727 0.10556019
v -0.23293711 0.19552828 0.13735339
v -0.21863019 0.22255246 0.11986712
v -0.21545087 0.24003874 0.08648427
v -0.23293711 0.18122134 0.15960863
v -0.22657849 0.27501124 0.02289787
v -0.19955425 0.27978021 0.07853597
v -0.19955425 0.27978021 0.07853597
v -0.22657849 0.27501124 0.02289787
v -0.22021985 0.25275603 0.04992209
v -0.20591290 0.28454921 0.04833241
v -0.19955425 0.27978021 0.07853597
v -0.21545088 0.28613886 0.03084616
v -0.22339916 0.19870761 0.15166034
v -0.22339916 0.19870761 0.15166034
v -0.23293711 0.19552828 0.13735339
v -0.23293711 0.18122134 0.15960863
v -0.21068190 0.30362514 0.01812888
v -0.23134747 0.28772852 0.01018059
v -0.21863021 0.30839410 -0.01207466
v -0.20273359 0.32270107 -0.02161262
v -0.19637497 0.31475276 0.03879445
v -0.19955428 0.32111138 0.01335989
v -0.19637497 0.34336662 -0.01684364
v -0.19637497 0.34177697 0.01812887
v -0.19319563 0.33541831 0.04197377
v -0.18524730 0.31952173 0.06899798
v -0.18365765 0.34177697 0.06104968
v -0.19319563 0.34495628 0.04674276
v -0.19478528 0.34972525 0.03879445
v -0.18524733 0.35290459 0.05628071
v -0.16617139 0.35608390 0.07535663
v -0.16458173 0.33382869 0.09602220
v -0.19319563 0.35767356 0.03084615
v -0.19319563 0.35767356 0.01335989
v -0.19001631 0.36244255 -0.01525399
v -0.18524733 0.36403221 0.03720479
v -0.19319563 0.35767356 0.01335989
v -0.18524733 0.36403221 0.03720479
v -0.18206801 0.36880118 0.01653921
v -0.16299209 0.37674949 0.01971852
v -0.16617140 0.37357017 0.04197375
v -0.18683699 0.35926321 0.04833241
v -0.18683699 0.35926321 0.04833241
v -0.16776107 0.37039083 0.05469104
v -0.18524733 0.35290459 0.05628071
v -0.14391616 0.38787711 0.05946001
v -0.16776106 0.36403221 0.06422900
v -0.16776106 0.36403221 0.06422900
v -0.14232649 0.38469779 0.06899798
v -0.16617139 0.35608390 0.07535663
v -0.13914716 0.37833914 0.08171526
v -0.14232649 0.38469779 0.06899798
v -0.13914716 0.37833914 0.08171526
v -0.12166092 0.40377373 0.07217728
v -0.16617139 0.35608390 0.07535663
v -0.16458173 0.33382869 0.09602220
v -0.13278852 0.37039083 0.09602219
v -0.11212295 0.40377373 0.08489456
v -0.09940566 0.39582542 0.10079116
v -0.12960920 0.35608390 0.11191879
v -0.09304702 0.37515983 0.12304640
v -0.05648484 0.38946676 0.13258435
v -0.08668838 0.35131490 0.14212231
v -0.05330552 0.36562186 0.15166026
v -0.07874008 0.33859763 0.15483961
v -0.07874008 0.33859763 0.15483961
v -0.08668838 0.35131490 0.14212231
v -0.10894362 0.31793207 0.15166029
v -0.12642989 0.33223900 0.13576369
v -0.12642989 0.33223900 0.13576369
v -0.15822309 0.31316310 0.12463608
v -0.13914716 0.28772852 0.15324995
v -0.10576430 0.30998376 0.16119826
v -0.12642989 0.33223900 0.13576369
v -0.15822309 0.31316310 0.12463608
v -0.15504377 0.30044580 0.13735335
v -0.16458173 0.33382869 0.09602220
v -0.18524732 0.26706293 0.12940508
v -0.19160596 0.27501124 0.10714983
v -0.20750254 0.22255246 0.14053270
v -0.17888868 0.25911465 0.14371201
v -0.14868513 0.29567683 0.14530165
v -0.13914716 0.28772852 0.15324995
v -0.21386120 0.19711795 0.16119829
v -0.16935071 0.25275603 0.15324996
v -0.14868513 0.29567683 0.14530165
v -0.16935071 0.25275603 0.15324996
v -0.13914716 0.28772852 0.15324995
v -0.21386120 0.19711795 0.16119829
v -0.19955425 0.22096281 0.15324998
v -0.22339916 0.17963168 0.16755693
v -0.22339915 0.15896609 0.17073625
v -0.18842664 0.21619383 0.15801896
v -0.21227153 0.17804202 0.17391555
v -0.21227153 0.15896609 0.17550524
v -0.20273358 0.19393861 0.16596726
v -0.20273358 0.19393861 0.16596726
v -0.20273356 0.17645237 0.17550522
v -0.20432322 0.15578678 0.17868453
v -0.20273356 0.17645237 0.17550522
v -0.19478527 0.19234896 0.16755691
v -0.19478527 0.19234896 0.16755691
v -0.20273356 0.17645237 0.17550522
v -0.20114391 0.17645237 0.17868453
v -0.19478527 0.19234896 0.16755691
v -0.20114391 0.17645237 0.17868453
v -0.19319561 0.19393861 0.16914658
v -0.18842664 0.21619383 0.15801896
v -0.19478527 0.19234896 0.16755691
v -0.18047833 0.21142484 0.15960863
v -0.18047833 0.21142484 0.15960863
v -0.19478527 0.19234896 0.16755691
v -0.19319561 0.19393861 0.16914658
v -0.18842664 0.21619383 0.15801896
v -0.18047833 0.21142484 0.15960863
v -0.16140240 0.24480772 0.15801895
v -0.17888866 0.21142486 0.16119829
v -0.17888866 0.21142486 0.16119829
v -0.17888866 0.21142486 0.16119829
v -0.19319561 0.19393861 0.16914658
v -0.19796458 0.19870761 0.17232589
v -0.19796458 0.19870761 0.17232589
v -0.19319561 0.19393861 0.16914658
v -0.20591287 0.17804202 0.18186386
v -0.18365765 0.21937315 0.16437760
v -0.20432322 0.20506623 0.17709488
v -0.15822309 0.24003875 0.16119827
v -0.15822309 0.24003875 0.16119827
v -0.17888866 0.21142486 0.16119829
v -0.18365765 0.21937315 0.16437760
v -0.16140240 0.24480772 0.15801895
v -0.13278852 0.27978021 0.15960860
v -0.13278852 0.27978021 0.15960860
v -0.13437819 0.27024224 0.16437759
v -0.13278852 0.27978021 0.15960860
v -0.13437819 0.27024224 0.16437759
v -0.12801954 0.28613886 0.16596724
v -0.13437819 0.27024224 0.16437759
v -0.14232649 0.26547328 0.16755688
v -0.16140240 0.24321806 0.16437759
v -0.14232649 0.26547328 0.16755688
v -0.16140240 0.24321806 0.16437759
v -0.16776106 0.24957672 0.16914657
v -0.18365765 0.21937315 0.16437760
v -0.19001628 0.22891113 0.17073624
v -0.20432322 0.20506623 0.17709488
v -0.17253001 0.25593534 0.18027420
v -0.20591287 0.21619384 0.18822250
v -0.19319560 0.23685941 0.17868453
v -0.00402605 0.37515986 0.18504313
v -0.01674333 0.39900473 0.15324992
v -0.02469163 0.37357017 0.16437756
v -0.01674333 0.39900473 0.15324992
v 0.00000003 0.41351560 0.14878501
v 0.00000002 0.42488080 0.13194017
v -0.05648484 0.41808063 0.10556012
v -0.00402607 0.43556690 0.10873943
v 0.00000002 0.43585449 0.11089627
v 0.00000002 0.43629894 0.10910544
v -0.09145737 0.41331166 0.09284286
v -0.10099533 0.41490132 0.08330490
v -0.08191940 0.42443928 0.08648421
v -0.05171587 0.43556690 0.08012557
v -0.05648484 0.41808063 0.10556012
v -0.08191940 0.42443928 0.08648421
v -0.00879505 0.44192553 0.08489454
v -0.07715043 0.43238756 0.07217727
v -0.09622635 0.42284963 0.07853593
v -0.07715043 0.43238756 0.07217727
v -0.10735398 0.41490132 0.07376695
v -0.09304704 0.42920825 0.06740830
v -0.12325057 0.40695304 0.06104967
v -0.10735397 0.42125994 0.06422898
v -0.12325057 0.40695304 0.06104967
v -0.09145737 0.43397725 0.05151169
v -0.10576431 0.42443928 0.04833238
v -0.12166092 0.40854269 0.04674273
v -0.10576431 0.42443928 0.04833238
v -0.14232650 0.38946676 0.04515307
v -0.10258500 0.42602894 0.02607714
v -0.11848161 0.40854269 0.02607715
v -0.13914719 0.38946676 0.02289784
v -0.08986772 0.43715656 0.02925646
v -0.08986772 0.43715656 0.02925646
v -0.08986772 0.43715656 0.02925646
v -0.09145737 0.43397725 0.05151169
v -0.07556077 0.43874621 0.05469101
v -0.07238146 0.44351521 0.03561509
v -0.07238146 0.44351521 0.03561509
v -0.08032976 0.43874621 0.01177019
v -0.04853656 0.44669452 0.03561508
v -0.07238146 0.44351521 0.03561509
v -0.04853656 0.44669452 0.03561508
v -0.07079181 0.44351521 0.01653917
v -0.05171588 0.44510487 0.01494951
v -0.04853655 0.44192553 0.05787032
v -0.00879506 0.44669452 0.06104963
v -0.00879506 0.44669452 0.06104963
v -0.00402608 0.44828418 0.02766678
v -0.02310202 0.44351521 0.00223222
v 0.00000002 0.44871554 0.03111771
v 0.00000002 0.44861060 0.02853728
v 0.00000001 0.44798595 0.02483360
v -0.03581935 0.34336662 -0.16945104
v -0.00084683 0.35131490 -0.16627172
v -0.06920220 0.35926321 -0.14560612
v -0.04376764 0.36244255 -0.14083716
v -0.09463675 0.37198049 -0.12811986
v -0.01515376 0.36403221 -0.14242682
v -0.07715049 0.37357017 -0.12811987
v -0.10894369 0.36562186 -0.12494054
v -0.11212301 0.37198049 -0.10904394
v -0.09781606 0.37992880 -0.11063360
v -0.05648491 0.37515983 -0.12335090
v -0.04217797 0.37674949 -0.11858192
v -0.02946069 0.37357017 -0.12653023
v -0.04058830 0.38310814 -0.10586464
v -0.06125389 0.38310814 -0.10586464
v -0.08032981 0.38310814 -0.10904396
v -0.02151238 0.38151845 -0.11381295
v -0.00084681 0.37674949 -0.12494058
v -0.01356408 0.39264607 -0.09314737
v -0.04217796 0.39582542 -0.08201975
v -0.06443319 0.39582542 -0.07884042
v -0.00000001 0.37773740 -0.12352924
v -0.00000001 0.37708086 -0.12490376
v -0.04376760 0.41490132 -0.04704723
v -0.06602284 0.41172197 -0.04545757
v -0.00243645 0.40695304 -0.07089213
v -0.01833305 0.41967028 -0.04386792
v -0.00561577 0.42920825 -0.03432996
v -0.03740896 0.43397725 -0.01525404
v -0.00561577 0.42920825 -0.03432996
v -0.03740896 0.43397725 -0.01525404
v -0.05171588 0.44510487 0.01494951
v -0.05330554 0.44033587 0.00064257
v -0.06443316 0.43874621 0.00064257
v -0.07079181 0.44351521 0.01653917
v -0.05966420 0.42920825 -0.01843335
v -0.07397113 0.43079790 -0.00889539
v -0.08032976 0.43874621 0.01177019
v -0.09145739 0.42920825 0.00700122
v -0.10099535 0.41967028 0.00382190
v -0.09145740 0.41808063 -0.01525402
v -0.08509877 0.40854269 -0.04227824
v -0.11530229 0.40536338 0.00064258
v -0.10894366 0.39900473 -0.02479197
v -0.08350911 0.39264607 -0.08043008
v -0.10417468 0.39264607 -0.05181620
v -0.10099537 0.38628745 -0.08360939
v -0.11530232 0.37515983 -0.08519905
v -0.12484027 0.37674949 -0.05817483
v -0.12325063 0.36403221 -0.08837836
v -0.13437824 0.36085287 -0.07725074
v -0.12960924 0.38469779 -0.02956095
v -0.13437821 0.38787711 -0.00253673
v -0.15345414 0.37992880 -0.03274027
v -0.15822311 0.37992880 -0.00730570
v -0.15186448 0.37357017 -0.05340584
v -0.17411973 0.37515983 -0.03591957
v -0.17729902 0.37357017 -0.01207467
v -0.17729902 0.37357017 -0.01207467
v -0.17253006 0.37198049 -0.05340583
v -0.18683700 0.36403221 -0.04545753
v -0.09622638 0.10809696 0.09761187
v -0.09622639 0.08266239 0.09761187
v -0.19001633 0.08425206 0.10873952
v -0.19001633 0.11445562 0.10873950
v -0.19001633 0.04768988 0.10556019
v -0.09622639 0.04927954 0.09284289
v -0.09622640 0.01271735 0.08489459
v -0.19001633 0.00794838 0.10079122
v -0.24247511 0.01589668 0.10714986
v -0.22339919 0.04610023 0.11509816
v -0.22657849 0.08425206 0.11986715
v -0.24565440 0.12081427 0.12304647
v -0.24565440 0.12081427 0.12304647
v -0.25678205 0.13830051 0.11350852
v -0.25678205 0.13830051 0.11350852
v -0.24565440 0.12081427 0.12304647
v -0.24088541 0.13989019 0.14212237
v -0.24565440 0.12081427 0.12304647
v -0.22657849 0.08425206 0.11986715
v -0.22657847 0.11127631 0.14530170
v -0.24088541 0.13989019 0.14212237
v -0.22816816 0.04610023 0.13099477
v -0.22657849 0.08425206 0.11986715
v -0.22339919 0.04610023 0.11509816
v -0.22498885 0.00635873 0.13099477
v -0.22816816 0.08107275 0.13576373
v -0.22657847 0.11127631 0.14530170
v -0.22975782 0.02225533 0.14212239
v -0.22975782 0.00158975 0.13894306
v -0.22975782 0.02225533 0.14212239
v -0.22975782 0.00158975 0.13894306
v -0.24088544 0.00000009 0.14053273
v -0.23929578 0.02543464 0.14371204
v -0.22657849 0.04927956 0.14530171
v -0.22657849 0.04927956 0.14530171
v -0.22021987 0.07948309 0.15166034
v -0.23611645 0.05245890 0.15007068
v -0.25519240 0.02543464 0.14371204
v -0.22021987 0.07948309 0.15166034
v -0.22657849 0.07948309 0.15801898
v -0.21068189 0.11127631 0.16278796
v -0.21068189 0.11127631 0.16278796
v -0.25042337 0.05404855 0.15166034
v -0.27585793 0.02702430 0.14530171
v -0.26790965 0.05563821 0.15325001
v -0.24088542 0.08266243 0.15960863
v -0.25519234 0.08425209 0.16278796
v -0.26314068 0.08743142 0.16755693
v -0.28857523 0.05881754 0.15801901
v -0.22657846 0.10968664 0.17232591
v -0.21545085 0.10650732 0.16755693
v -0.26790965 0.09379007 0.17232591
v -0.24247506 0.11127632 0.17550524
v -0.28857523 0.08107279 0.17073627
v -0.24247506 0.11127632 0.17550524
v -0.26790965 0.09379007 0.17232591
v -0.25519234 0.11286598 0.18345353
v -0.28380620 0.09537973 0.18186389
v -0.28380620 0.09537973 0.18186389
v -0.30924082 0.08584176 0.18663289
v -0.30924082 0.08584176 0.18663289
v -0.28857523 0.08107279 0.17073627
v -0.31559944 0.06994517 0.17232594
v -0.23293710 0.13512120 0.19458115
v -0.25519234 0.11922462 0.19935013
v -0.22657846 0.13512120 0.18663286
v -0.22657846 0.10968664 0.17232591
v -0.23452675 0.13671085 0.20411912
v -0.25360268 0.12081428 0.21365708
v -0.22180948 0.15578678 0.19776048
v -0.22180948 0.15578681 0.20729844
v -0.23452675 0.13512123 0.21683641
v -0.22975776 0.13353154 0.22955368
v -0.22975776 0.13353154 0.22955368
v -0.25360268 0.12081428 0.21365708
v -0.25042337 0.11922462 0.22955368
v -0.22975776 0.13353154 0.22955368
v -0.25042337 0.11922462 0.22955368
v -0.24406470 0.11286598 0.24386063
v -0.22339913 0.12717289 0.24545029
v -0.23452674 0.10014870 0.26134688
v -0.20909218 0.11763495 0.26770550
v -0.22021984 0.07789345 0.27883309
v -0.20750253 0.14783850 0.24227096
v -0.21545084 0.15260747 0.22796403
v -0.21545084 0.15260747 0.22796403
v -0.21545084 0.15260747 0.22796403
v -0.20750253 0.14783850 0.24227096
v -0.20750253 0.18122135 0.22637436
v -0.19955422 0.17645238 0.23909165
v -0.21227153 0.18281101 0.21524674
v -0.22021982 0.15578681 0.21683641
v -0.21227153 0.18281101 0.21524674
v -0.21545084 0.18440065 0.20570877
v -0.21386118 0.18281099 0.19458114
v -0.21068187 0.17963168 0.18663284
v -0.21704049 0.15578678 0.19140184
v -0.20909220 0.15419713 0.18504319
v -0.21545084 0.13194188 0.18186387
v -0.20432322 0.15419713 0.18186386
v -0.20591287 0.17804202 0.18186386
v -0.20750253 0.13035223 0.17709489
v -0.20750253 0.13035223 0.17709489
v -0.20750253 0.13035223 0.17709489
v -0.20432322 0.15419713 0.18186386
v -0.20432322 0.15578678 0.17868453
v -0.20432322 0.13353154 0.17391557
v -0.20432322 0.13353154 0.17391557
v -0.20750253 0.13035223 0.17709489
v -0.20432322 0.15578678 0.17868453
v -0.20432322 0.13353154 0.17391557
v -0.20432322 0.13353154 0.17391557
v -0.21068187 0.14147985 0.17391557
v -0.21068187 0.14147985 0.17391557
v -0.21704051 0.13671085 0.16596727
v -0.21704051 0.13671085 0.16596727
v -0.22975779 0.13671085 0.15483965
v -0.23452677 0.16055578 0.16119830
v -0.22975779 0.13671085 0.15483965
v -0.22975779 0.13671085 0.15483965
v -0.23452677 0.16055578 0.16119830
v -0.24247508 0.15896609 0.14848101
v -0.24724406 0.13989019 0.13258441
v -0.25042337 0.15419713 0.13258441
v -0.25678205 0.13830051 0.11350852
v -0.25519240 0.15578678 0.10714985
v -0.07556076 0.33382869 0.16278790
v -0.05012619 0.35131490 0.15960857
v -0.05012619 0.35131490 0.15960857
v -0.07556076 0.33382869 0.16278790
v -0.05012619 0.34813559 0.16596721
v -0.02628130 0.36085290 0.17073618
v -0.02469163 0.37357017 0.16437756
v -0.02628130 0.36085290 0.17073618
v -0.01197435 0.36562186 0.18822245
v -0.00402605 0.37515986 0.18504313
v -0.02946061 0.35767359 0.17550516
v -0.05012619 0.34813559 0.16596721
v -0.01674333 0.36244255 0.19140176
v -0.02787096 0.36085290 0.19617075
v -0.02628128 0.36085290 0.21524666
v -0.03581925 0.35767359 0.18345347
v -0.04853652 0.35449427 0.21683632
v -0.02787095 0.35767359 0.23273292
v -0.05012619 0.35608393 0.20093973
v -0.04853652 0.35131490 0.23273292
v -0.04694685 0.34654593 0.24386054
v -0.07874005 0.33541831 0.24227090
v -0.04535719 0.33859763 0.25498813
v -0.08032972 0.34018728 0.23114328
v -0.08191938 0.34336662 0.21683633
v -0.07556074 0.32747003 0.25339848
v -0.04058821 0.32429075 0.27565372
v -0.10894360 0.32270107 0.24068125
v -0.11212292 0.32747003 0.22955362
v -0.07556073 0.31952173 0.26611578
v -0.10735394 0.31793207 0.24862956
v -0.08350903 0.30521482 0.28201234
v -0.12960918 0.31475276 0.23591226
v -0.10735393 0.31157345 0.25816751
v -0.13278851 0.31793207 0.22796395
v -0.11212292 0.30203551 0.26929510
v -0.12801953 0.30362514 0.24862956
v -0.12801951 0.30998376 0.24386056
v -0.14073680 0.30998376 0.22955362
v -0.12801951 0.30998376 0.24386056
v -0.14073680 0.30998376 0.22955362
v -0.13914715 0.30362514 0.23432261
v -0.12801953 0.30362514 0.24862956
v -0.13278851 0.31793207 0.22796395
v -0.14232646 0.31316310 0.22637430
v -0.14709543 0.30839410 0.21842600
v -0.14232646 0.31316310 0.22637430
v -0.13278851 0.31793207 0.22796395
v -0.14550577 0.31316310 0.21683633
v -0.14550577 0.31316310 0.21683633
v -0.14550577 0.30044580 0.22001566
v -0.13914715 0.29726648 0.23909159
v -0.14868510 0.30680445 0.20093976
v -0.14868510 0.30680445 0.20093976
v -0.14709543 0.30839410 0.21842600
v -0.14550577 0.29249752 0.22319497
v -0.14550577 0.28931817 0.24386056
v -0.13278849 0.29567683 0.25657785
v -0.11212292 0.30203551 0.26929510
v -0.15345408 0.28295955 0.22637430
v -0.14709546 0.28772852 0.20252940
v -0.14709546 0.29726648 0.20252940
v -0.14709546 0.29249752 0.18504316
v -0.15504375 0.27978024 0.25021923
v -0.15504375 0.27660090 0.20252940
v -0.12007121 0.28931820 0.27883309
v -0.12007121 0.28931820 0.27883309
v -0.14073680 0.28613886 0.26452613
v -0.15504375 0.27978024 0.25021923
v -0.15345408 0.28295955 0.22637430
v -0.17094035 0.26706293 0.22637431
v -0.15504375 0.27660090 0.20252940
v -0.14073680 0.28613886 0.26452613
v -0.16140239 0.27024227 0.25657785
v -0.14709544 0.27660093 0.27088475
v -0.14709544 0.27660093 0.27088475
v -0.09463665 0.28931820 0.29631931
v -0.08350903 0.30521482 0.28201234
v -0.09463665 0.28931820 0.29631931
v -0.06920209 0.28772855 0.31062627
v -0.06920209 0.28772855 0.31062627
v -0.06284345 0.30521482 0.29313999
v -0.10258495 0.27660090 0.30426759
v -0.12007121 0.28931820 0.27883309
v -0.08032970 0.27024227 0.31857455
v -0.12642984 0.27819055 0.28678137
v -0.12007121 0.28931820 0.27883309
v -0.14709544 0.27660093 0.27088475
v -0.10258495 0.27660090 0.30426759
v -0.14709544 0.26865262 0.27406406
v -0.08986766 0.25911468 0.32016420
v -0.16140239 0.27024227 0.25657785
v -0.12960917 0.27024227 0.28837103
v -0.10894359 0.26547331 0.30585724
v -0.10894359 0.26547331 0.30585724
v -0.12960917 0.26070431 0.28837103
v -0.09622630 0.25434572 0.31698489
v -0.08827800 0.25275606 0.32175386
v -0.07874004 0.24957673 0.32493317
v -0.08668835 0.24639742 0.32016420
v -0.08668835 0.23844911 0.31857455
v -0.09622630 0.25434572 0.31698489
v -0.11053325 0.25911468 0.30426759
v -0.09622631 0.24003877 0.30903661
v -0.09622631 0.24798708 0.31221592
v -0.09622631 0.24798708 0.31221592
v -0.11053325 0.25116637 0.29790896
v -0.11212292 0.23844911 0.29155034
v -0.09622631 0.24003877 0.30903661
v -0.12801953 0.25275603 0.28360206
v -0.08986767 0.23050082 0.32175386
v -0.12801953 0.24162844 0.27724344
v -0.10099529 0.23050082 0.31062627
v -0.10099529 0.23050082 0.31062627
v -0.11053326 0.22891115 0.29631931
v -0.10735393 0.21778353 0.31539524
v -0.10735393 0.21778353 0.31539524
v -0.09622630 0.21778353 0.32652283
v -0.07397106 0.23209047 0.32811254
v -0.11530223 0.21619387 0.30108833
v -0.11530223 0.19870760 0.31698489
v -0.11530223 0.19870760 0.31698489
v -0.07715039 0.21937318 0.33606076
v -0.10417461 0.19870760 0.32970220
v -0.12484019 0.17645235 0.31698489
v -0.11212291 0.17486270 0.33129185
v -0.08350902 0.20029727 0.34241945
v -0.08986767 0.17963170 0.34559876
v -0.09463666 0.16214544 0.34718841
v -0.12484019 0.17645235 0.31698489
v -0.12801951 0.17804201 0.30585730
v -0.12007122 0.20029727 0.30585730
v -0.12801951 0.17963168 0.29313999
v -0.13437815 0.15896611 0.30744696
v -0.12166087 0.20188692 0.29472965
v -0.12960920 0.18281099 0.28042275
v -0.13596782 0.15896611 0.29631931
v -0.12325054 0.20347656 0.28201240
v -0.11848155 0.21937318 0.28837103
v -0.13755749 0.18599032 0.27088475
v -0.13755748 0.16055577 0.28519171
v -0.14550579 0.16373508 0.27724344
v -0.12960918 0.20665590 0.27088475
v -0.15027477 0.19234896 0.26293647
v -0.15822308 0.16691439 0.27247441
v -0.12325054 0.22096285 0.27724344
v -0.14073680 0.21142489 0.26293647
v -0.13119884 0.22891115 0.27088475
v -0.16617136 0.19711794 0.25816751
v -0.17411967 0.17168339 0.26611584
v -0.15663341 0.21778353 0.25816751
v -0.14868510 0.23368013 0.26293647
v -0.14232646 0.24480775 0.26929510
v -0.18047832 0.20188694 0.25021929
v -0.18842660 0.17327306 0.25339860
v -0.19160593 0.20665590 0.23909165
v -0.17094034 0.22414216 0.25339854
v -0.16140239 0.23844911 0.25975716
v -0.18206798 0.22891115 0.24545024
v -0.19955423 0.21142489 0.22796403
v -0.16935068 0.24480775 0.25498819
v -0.15186442 0.24798708 0.26770544
v -0.20432322 0.21460420 0.21683641
v -0.18842660 0.23526978 0.23591232
v -0.19160593 0.24003877 0.22478470
v -0.21227153 0.18281101 0.21524674
v -0.20432322 0.21460420 0.21683641
v -0.20750253 0.21460420 0.20411912
v -0.21545084 0.18440065 0.20570877
v -0.19160593 0.24162844 0.21047775
v -0.19160593 0.24003877 0.22478470
v -0.21386118 0.18281099 0.19458114
v -0.21068187 0.17963168 0.18663284
v -0.21068187 0.17963168 0.18663284
v -0.21068187 0.17963168 0.18663284
v -0.19319560 0.24003877 0.19299148
v -0.17253001 0.26070431 0.19935012
v -0.17570932 0.26070431 0.24068126
v -0.17570932 0.26070431 0.24068126
v -0.17411967 0.25275603 0.24862957
v -0.16140239 0.26229396 0.26293647
v -0.15663341 0.25434572 0.26611578
v -0.14550579 0.26070431 0.27565372
v -0.14073680 0.25275603 0.27565372
v -0.00402604 0.36403221 0.21206734
v -0.01356400 0.36244255 0.21365701
v -0.01674332 0.35926324 0.23432259
v -0.03105026 0.35290462 0.24227089
v -0.02469162 0.34972525 0.24862954
v -0.00561570 0.35767359 0.23591225
v -0.01674331 0.34495628 0.25657779
v 0.00000003 0.36252242 0.22112601
v 0.00000003 0.36633283 0.21206734
v -0.00084671 0.34177697 0.26452607
v -0.04535719 0.30362517 0.29949862
v -0.01674331 0.31952173 0.28678137
v -0.04535719 0.30362517 0.29949862
v -0.03105024 0.29885614 0.30426759
v -0.03105024 0.29885614 0.30426759
v 0.00000003 0.33980125 0.26669002
v 0.00000003 0.34165597 0.26482850
v -0.02787093 0.27501124 0.32175386
v -0.01038467 0.28931820 0.31380558
v -0.00879501 0.26229399 0.33129185
v -0.04058821 0.26229399 0.32493317
v -0.04694684 0.28295958 0.31539524
v -0.05648480 0.26865262 0.32334352
v -0.06761242 0.25752503 0.32652283
v -0.02628127 0.25116634 0.33129185
v -0.05330549 0.25116634 0.32652283
v -0.07238141 0.24162844 0.32334352
v -0.06125379 0.24162844 0.32652283
v -0.05807447 0.23685946 0.33129185
v -0.04217787 0.24321806 0.33129185
v -0.01356398 0.23526977 0.34559876
v -0.03422957 0.22732149 0.34241945
v -0.05648480 0.22255251 0.34082979
v -0.03105023 0.20506622 0.35672635
v -0.00720535 0.21142486 0.36149538
v -0.05807447 0.20188692 0.35195738
v -0.06125379 0.17804202 0.35990572
v -0.06443311 0.15737645 0.36308503
v -0.10099529 0.14624883 0.34559876
v -0.03105025 0.15737645 0.37262297
v -0.02946058 0.17963170 0.36785400
v -0.00243637 0.18440065 0.37421262
v -0.05171585 0.35449427 0.18822245
v -0.08350904 0.34495628 0.20093974
v -0.05330551 0.34972525 0.17391551
v -0.08350906 0.34336662 0.18504314
v -0.08032974 0.33700797 0.17232585
v -0.07556076 0.33382869 0.16278790
v -0.11530226 0.32905969 0.18345349
v -0.11053327 0.31952173 0.16914655
v -0.11053327 0.31952173 0.16914655
v -0.07556076 0.33382869 0.16278790
v -0.10576430 0.30998376 0.16119826
v -0.11530224 0.33064935 0.21524668
v -0.11689191 0.33064935 0.19935010
v -0.13596782 0.32111138 0.21524668
v -0.13596782 0.32111138 0.21524668
v -0.11689191 0.33064935 0.19935010
v -0.13755748 0.32111138 0.19935010
v -0.11689191 0.33064935 0.19935010
v -0.11530226 0.32905969 0.18345349
v -0.13596782 0.31793207 0.18345349
v -0.13596782 0.31793207 0.18345349
v -0.12960918 0.31157342 0.17232586
v -0.11053327 0.31952173 0.16914655
v -0.14709544 0.31316310 0.19935010
v -0.14550577 0.30998376 0.18504316
v -0.14868510 0.30203548 0.18504316
v -0.14709546 0.29249752 0.18504316
v -0.14550577 0.30998376 0.18504316
v -0.14073680 0.30203548 0.17391554
v -0.14391613 0.29567683 0.17709485
v -0.14073680 0.30203548 0.17391554
v -0.14232647 0.28295955 0.17550519
v -0.13437819 0.28772852 0.16914655
v -0.14232647 0.28295955 0.17550519
v -0.12166090 0.30203548 0.16596724
v -0.10576430 0.30998376 0.16119826
v -0.12166090 0.30203548 0.16596724
v -0.10576430 0.30998376 0.16119826
v -0.12801954 0.28613886 0.16596724
v -0.12801954 0.28613886 0.16596724
v -0.10576430 0.30998376 0.16119826
v -0.14232649 0.26547328 0.16755688
v -0.12801954 0.28613886 0.16596724
v -0.13437819 0.28772852 0.16914655
v -0.14868511 0.26865259 0.17232586
v -0.14232647 0.28295955 0.17550519
v -0.15345410 0.27183193 0.18345349
v -0.14550580 0.28454921 0.18504316
v -0.14550580 0.28454921 0.18504316
v -0.14550580 0.28454921 0.18504316
v -0.14550580 0.28454921 0.18504316
v -0.20114391 0.17645237 0.17868453
v -0.20114391 0.17645237 0.17868453
v -0.27903724 0.10332802 0.19776048
v -0.27903724 0.10332802 0.19776048
v -0.27585793 0.10809699 0.21524674
v -0.30447179 0.09537973 0.20252948
v -0.30447179 0.09537973 0.20252948
v -0.28380620 0.09537973 0.18186389
v -0.30924082 0.08584176 0.18663289
v -0.29970282 0.10014870 0.22001573
v -0.27108890 0.10650734 0.22955368
v -0.24406470 0.11286598 0.24386063
v -0.29493386 0.10014869 0.23591234
v -0.32195807 0.09855904 0.22796404
v -0.32831669 0.09220041 0.21047777
v -0.32831669 0.09220041 0.21047777
v -0.33626503 0.08107279 0.19140185
v -0.34580296 0.09061076 0.21683642
v -0.34103400 0.09537973 0.23273303
v -0.34580296 0.09061076 0.21683642
v -0.33785468 0.09220041 0.24862961
v -0.35852021 0.08425210 0.23750201
v -0.35852021 0.08425210 0.23750201
v -0.36010987 0.08266245 0.21842608
v -0.31877875 0.09696940 0.24227098
v -0.35534096 0.08107279 0.25180894
v -0.37759614 0.06835552 0.24068132
v -0.37600648 0.06676586 0.25657791
v -0.31400979 0.08902110 0.25498825
v -0.33308572 0.08425210 0.25975722
v -0.35057193 0.07312448 0.26452619
v -0.37123752 0.06040721 0.26929522
v -0.37123752 0.06040721 0.26929522
v -0.37600648 0.06676586 0.25657791
v -0.39190310 0.05245893 0.26134688
v -0.38554448 0.04292096 0.27565384
v -0.36487883 0.05563824 0.27724349
v -0.34580296 0.06040721 0.27406418
v -0.36964780 0.04292096 0.28360212
v -0.38554448 0.04292096 0.27565384
v -0.32513738 0.06835552 0.27088481
v -0.34580296 0.04451062 0.28360212
v -0.31877875 0.04927960 0.28042281
v -0.36487883 0.02543469 0.29314011
v -0.36487883 0.02543469 0.29314011
v -0.38554448 0.04292096 0.27565384
v -0.37759614 0.02225541 0.29314011
v -0.41256869 0.03020367 0.27724349
v -0.34421331 0.02702436 0.29155046
v -0.39508241 0.02066575 0.29314011
v -0.34739262 0.00000013 0.30585736
v -0.37759614 0.02225541 0.29314011
v -0.34739262 0.00000013 0.30585736
v -0.36169952 0.00000013 0.30744702
v -0.37918580 0.00000016 0.31221604
v -0.40938932 0.00000016 0.32016432
v -0.41892731 0.01430710 0.30267805
v -0.33944434 0.01112776 0.29949868
v -0.31400973 0.02861401 0.29155040
v -0.31242007 0.01271741 0.29949868
v -0.31400973 0.00000013 0.30585736
v -0.29493386 0.05563822 0.27883309
v -0.28380626 0.01748639 0.30108839
v -0.28221655 0.00000013 0.31062633
v -0.25360268 0.00000013 0.31698495
v -0.28380626 0.01748639 0.30108839
v -0.25360268 0.00000013 0.31698495
v -0.25360268 0.02225538 0.30267805
v -0.22657844 0.00000012 0.31857461
v -0.28698558 0.03497265 0.28996074
v -0.26155102 0.04133128 0.28996074
v -0.26155102 0.04133128 0.28996074
v -0.23134743 0.03974162 0.29314005
v -0.22657844 0.01589672 0.30744702
v -0.28698558 0.03497265 0.28996074
v -0.26949930 0.06040721 0.27724344
v -0.26949930 0.06040721 0.27724344
v -0.24247506 0.06835552 0.27565378
v -0.25678200 0.08743143 0.25975722
v -0.28221655 0.07948312 0.26293653
v -0.28221655 0.07948312 0.26293653
v -0.26631993 0.10014869 0.24545029
v -0.26631993 0.10014869 0.24545029
v -0.29016489 0.09220041 0.24862961
v -0.30606145 0.07471415 0.26770550
v -0.29811317 0.02702431 0.14689140
v -0.27903724 0.00000009 0.13735342
v -0.25837171 0.00000009 0.13894308
v -0.30288213 0.00000010 0.13576378
v -0.32513738 0.02702431 0.14848106
v -0.32831669 0.00000010 0.13417411
v -0.35375130 0.00000010 0.13576378
v -0.32036841 0.05086924 0.15960868
v -0.31559944 0.06994517 0.17232594
v -0.35216159 0.02702431 0.14848107
v -0.32036841 0.05086924 0.15960868
v -0.34898227 0.04927959 0.16119833
v -0.34898227 0.04927959 0.16119833
v -0.32036841 0.05086924 0.15960868
v -0.35216159 0.02702431 0.14848107
v -0.35375130 0.00000010 0.13576378
v -0.37600648 0.02543467 0.15325005
v -0.37600648 0.00000012 0.14053276
v -0.39508241 0.00000012 0.14530174
v -0.34262365 0.06676586 0.17550525
v -0.37441683 0.04768991 0.16437766
v -0.37441683 0.04768991 0.16437766
v -0.36010987 0.07789348 0.19776051
v -0.36964786 0.06358653 0.17868459
v -0.38077545 0.06994517 0.22001573
v -0.38554448 0.06835552 0.19776052
v -0.37759614 0.06835552 0.24068132
v -0.39667207 0.05404858 0.24386065
v -0.40303075 0.05722789 0.21842609
v -0.39985138 0.04133129 0.26611584
v -0.39190310 0.05245893 0.26134688
v -0.39985138 0.04133129 0.26611584
v -0.41256869 0.03974165 0.25180894
v -0.41256869 0.03974165 0.25180894
v -0.43641359 0.03020367 0.26134688
v -0.42051697 0.04292096 0.22160542
v -0.42051697 0.04292096 0.22160542
v -0.42846525 0.02543472 0.28360212
v -0.45707917 0.02225538 0.27247453
v -0.45072049 0.01907609 0.28996080
v -0.44595152 0.01112778 0.30585736
v -0.44277221 0.00000016 0.32334363
v -0.47138608 0.01271746 0.29155046
v -0.46820676 0.00794847 0.30426770
v -0.46661711 0.00000016 0.31698501
v -0.47933435 0.00476915 0.30108839
v -0.48251373 0.00000016 0.30744708
v -0.48410338 0.00635882 0.29314011
v -0.49364132 0.00000018 0.29790914
v -0.48887235 0.00635882 0.28519183
v -0.49841028 0.00000018 0.28837115
v -0.47456539 0.01430711 0.28042281
v -0.48092407 0.01271743 0.26929522
v -0.49205166 0.00635879 0.27565390
v -0.49999994 0.00000018 0.27883321
v -0.49364132 0.00476913 0.26770556
v -0.50000000 0.00000015 0.26611590
v -0.48728269 0.00794844 0.25816762
v -0.49523103 0.00000015 0.24862970
v -0.46502745 0.02066572 0.25657791
v -0.47456545 0.01271743 0.24068135
v -0.48410338 0.00000015 0.22796412
v -0.46184814 0.00000015 0.20252950
v -0.45548952 0.01589674 0.21842611
v -0.44277221 0.03020369 0.23591237
v -0.43005496 0.03656232 0.20570882
v -0.43641359 0.02066572 0.19299157
v -0.43800324 0.00000015 0.18027429
v -0.43800324 0.00000015 0.18027429
v -0.43641359 0.02066572 0.19299157
v -0.42687565 0.00000012 0.16755700
v -0.42528600 0.02543470 0.17709497
v -0.43005496 0.03656232 0.20570882
v -0.42051697 0.00000012 0.15960871
v -0.42051697 0.04292096 0.22160542
v -0.42210662 0.04927960 0.20093985
v -0.42528600 0.04133129 0.18822259
v -0.41574800 0.05563824 0.19935019
v -0.41574800 0.05563824 0.19935019
v -0.41892731 0.05086927 0.18504326
v -0.42051697 0.03815198 0.17550530
v -0.40938938 0.05563824 0.18186392
v -0.40462041 0.06199688 0.19776054
v -0.40462041 0.06199688 0.19776054
v -0.39190310 0.06040722 0.18027425
v -0.39190310 0.06040722 0.18027425
v -0.39508241 0.04610026 0.16755699
v -0.41097903 0.04292096 0.17073631
v -0.42051697 0.02225536 0.16755700
v -0.41097903 0.02384503 0.16119836
v -0.40938938 0.00000012 0.15166040
v -0.39508241 0.02543469 0.15642937
v -0.22498885 0.00635873 0.13099477
v -0.22339919 0.04610023 0.11509816
v -0.24247511 0.01589668 0.10714986
v -0.00000001 0.02808684 0.08823576
v -0.00000001 0.01271735 0.08489457
v -0.00084671 0.16055575 0.37898165
v -0.00243637 0.13830051 0.37898165
v -0.03263991 0.13512121 0.37421262
v -0.07079175 0.13194188 0.36308503
v -0.10894360 0.13035221 0.34082979
v -0.03422957 0.11445563 0.37421262
v -0.00243638 0.11604527 0.37898165
v -0.05966413 0.11445563 0.36944366
v -0.08827802 0.11604528 0.35513669
v -0.09622632 0.10491766 0.34718841
v -0.07397108 0.10650732 0.36149538
v -0.08032972 0.09537970 0.35513669
v -0.08032972 0.09537970 0.35513669
v -0.09622632 0.10491766 0.34718841
v -0.09940564 0.09855902 0.33765048
v -0.06284346 0.09855902 0.36626434
v -0.03581924 0.09855901 0.37262297
v -0.08191938 0.08743140 0.34559876
v -0.09940565 0.09220038 0.32652283
v -0.08191939 0.07948311 0.33447117
v -0.06284346 0.07948311 0.35354704
v -0.06284346 0.07948311 0.35354704
v -0.08191938 0.08743140 0.34559876
v -0.08191939 0.07948311 0.33447117
v -0.06284346 0.08743140 0.36149538
v -0.06284346 0.07948311 0.35354704
v -0.03581924 0.08584173 0.36944366
v -0.00402604 0.09696935 0.37739193
v -0.03581924 0.07789344 0.36149538
v -0.00402604 0.08584173 0.37421262
v -0.06284346 0.07153480 0.34082979
v -0.06284346 0.07948311 0.35354704
v -0.06284346 0.07153480 0.34082979
v -0.03581924 0.07789344 0.36149538
v -0.08350904 0.07153480 0.32334352
v -0.00561570 0.07630378 0.36467469
v 0.00000002 0.00000010 0.34718841
v -0.00084674 0.02066569 0.33924013
v 0.00000002 0.00000010 0.34559876
v -0.00243639 0.03815193 0.33447117
v 0.00000002 0.03815193 0.33477569
v 0.00000002 0.03945136 0.33479601
v 0.00000002 0.00000010 0.34559876
v -0.00084674 0.02066569 0.33924013
v -0.02946062 0.01907603 0.33765048
v -0.02946062 0.01907603 0.33765048
v -0.00084674 0.02066569 0.33924013
v -0.00243639 0.03815193 0.33447117
v 0.00000002 0.00000010 0.34559876
v -0.02946062 0.01907603 0.33765048
v -0.05171585 0.01748638 0.33606076
v 0.00000002 0.00000010 0.34559876
v -0.07397109 0.00000012 0.34559876
v -0.07238143 0.01907603 0.33447117
v -0.07397109 0.00000012 0.34559876
v -0.07238143 0.01907603 0.33447117
v -0.09781599 0.00000012 0.34241945
v -0.09463667 0.02384502 0.32970220
v -0.05171585 0.03497262 0.33129185
v -0.07079177 0.03656228 0.32652283
v -0.07079177 0.03656228 0.32652283
v -0.09145734 0.04451059 0.32175386
v -0.05171585 0.03497262 0.33129185
v -0.02946061 0.03656228 0.33288151
v -0.00243639 0.05086921 0.33447117
v -0.02787095 0.04927956 0.33129185
v -0.07079177 0.03656228 0.32652283
v -0.05171585 0.03497262 0.33129185
v -0.05012619 0.04768990 0.32970220
v -0.02787095 0.04927956 0.33129185
v -0.06761245 0.05086923 0.32493317
v -0.06761245 0.05086923 0.32493317
v -0.08668836 0.05881752 0.31857455
v -0.00243639 0.05086921 0.33447117
v -0.00243638 0.06199683 0.34082979
v -0.02787095 0.04927956 0.33129185
v 0.00000003 0.06085984 0.34050494
v 0.00000003 0.06183441 0.34115463
v -0.02787095 0.06040718 0.33765048
v -0.00243638 0.06199683 0.34082979
v -0.04694687 0.06040718 0.33288151
v -0.06443313 0.06199683 0.32970220
v -0.06443313 0.06199683 0.32970220
v -0.03899856 0.06835549 0.34559876
v -0.01674332 0.06994514 0.35195738
v -0.01674332 0.06994514 0.35195738
v -0.12166089 0.00000012 0.33765054
v -0.11689191 0.02861398 0.32493323
v -0.14232647 0.00000012 0.33288157
v -0.11212293 0.05404854 0.31539524
v -0.10576429 0.07153480 0.31221592
v -0.13755748 0.06835549 0.30744702
v -0.13914715 0.03179331 0.31857461
v -0.15981272 0.03020364 0.31380564
v -0.16140239 0.00000012 0.32652295
v -0.10099530 0.08266242 0.31698489
v -0.10099530 0.08266242 0.31698489
v -0.12642987 0.08584173 0.30585730
v -0.11848157 0.09696937 0.31062627
v -0.10099530 0.08266242 0.31698489
v -0.11848157 0.09696937 0.31062627
v -0.12642987 0.08584173 0.30585730
v -0.11689190 0.10491766 0.32016426
v -0.14073680 0.10650732 0.30108833
v -0.13278851 0.11127630 0.30426764
v -0.13278851 0.11127630 0.30426764
v -0.15345410 0.09855904 0.29790902
v -0.13755748 0.06835549 0.30744702
v -0.15027475 0.12558325 0.29472965
v -0.13119884 0.11763494 0.31221592
v -0.11689190 0.11127630 0.32970220
v -0.11371257 0.11922460 0.33606082
v -0.11371257 0.11922460 0.33606082
v -0.13119884 0.12240393 0.32175392
v -0.12960917 0.13035221 0.32652289
v -0.10894360 0.13035221 0.34082979
v -0.12642986 0.13989018 0.32811254
v -0.13596782 0.13671085 0.32016426
v -0.13755748 0.13353154 0.31539524
v -0.13596781 0.14465916 0.31857461
v -0.12166087 0.15419713 0.32811254
v -0.12642986 0.13989018 0.32811254
v -0.13119882 0.15737644 0.31698489
v -0.12166087 0.15419713 0.32811254
v -0.13119882 0.15737644 0.31698489
v -0.13119882 0.15737644 0.31698489
v -0.12801951 0.17804201 0.30585730
v -0.13437815 0.15896611 0.30744696
v -0.13914713 0.14465916 0.31062627
v -0.13914713 0.13035221 0.30585730
v -0.14073679 0.14306949 0.30108833
v -0.14232646 0.12717289 0.29790902
v -0.14232646 0.12717289 0.29790902
v -0.13596782 0.15896611 0.29631931
v -0.14232646 0.14147983 0.29313999
v -0.14232646 0.14147983 0.29313999
v -0.14232646 0.14147983 0.29313999
v -0.15186442 0.14306949 0.28837103
v -0.14550579 0.16373508 0.27724344
v -0.15186442 0.14306949 0.28837103
v -0.15822308 0.16691439 0.27247441
v -0.16458172 0.14465918 0.28360212
v -0.16458172 0.14465918 0.28360212
v -0.16458170 0.12399358 0.29155040
v -0.18047832 0.14465918 0.27565378
v -0.18206798 0.12081428 0.28360212
v -0.18047832 0.14465918 0.27565378
v -0.19637491 0.14465918 0.25975722
v -0.19637491 0.14465918 0.25975722
v -0.20909218 0.11763495 0.26770550
v -0.20909218 0.11763495 0.26770550
v -0.17411967 0.09379004 0.29155040
v -0.19637494 0.08584175 0.28360212
v -0.19637494 0.08584175 0.28360212
v -0.17411967 0.09379004 0.29155040
v -0.16299203 0.06040719 0.30108839
v -0.19637494 0.08584175 0.28360212
v -0.16299203 0.06040719 0.30108839
v -0.18524729 0.05404855 0.29631937
v -0.15981272 0.03020364 0.31380564
v -0.20591287 0.04768991 0.29314005
v -0.22339915 0.01907605 0.30585736
v -0.18047830 0.02543469 0.30903667
v -0.16140239 0.00000012 0.32652295
v -0.18047830 0.00000012 0.32175398
v -0.20114389 0.02066571 0.30585736
v -0.22498880 0.00953808 0.31062633
v -0.20114389 0.00000012 0.31857461
v -0.48887247 0.00000012 -0.26959950
v -0.48887247 0.01430705 -0.26800984
v -0.48887247 0.01430705 -0.26800984
v -0.48887247 0.00000012 -0.26959950
v -0.49205178 0.01589672 -0.25688219
v -0.48569316 0.02702433 -0.25688225
v -0.49205178 0.00000012 -0.25847185
v -0.46661723 0.03179328 -0.26006156
v -0.49205178 0.00000012 -0.24575455
v -0.48569316 0.02702433 -0.25688225
v -0.46343791 0.03020363 -0.24734426
v -0.46343791 0.03020363 -0.24734426
v -0.48569316 0.02702433 -0.25688225
v -0.48092419 0.02543467 -0.24416494
v -0.45548958 0.02702433 -0.22985800
v -0.45548958 0.02702433 -0.22985800
v -0.48887247 0.01430705 -0.24416488
v -0.46979654 0.02225535 -0.22667867
v -0.47933453 0.01271740 -0.22508901
v -0.48251384 0.00000012 -0.22508897
v -0.47615516 0.00000012 -0.19488545
v -0.46979654 0.01430705 -0.19806477
v -0.45866895 0.02225535 -0.19965443
v -0.45548958 0.01271740 -0.17263022
v -0.45866895 0.00000012 -0.17104055
v -0.44913095 0.02066569 -0.17421988
v -0.44595164 0.01112774 -0.15832327
v -0.44436198 0.00000013 -0.15355429
v -0.43641371 0.01748639 -0.15673362
v -0.43800336 0.02384502 -0.17421989
v -0.43323433 0.01112774 -0.14560600
v -0.43005502 0.00000012 -0.13765770
v -0.43323433 0.01112774 -0.14560600
v -0.43005502 0.00000012 -0.13765770
v -0.41574812 0.00000012 -0.12494044
v -0.41892743 0.01112774 -0.13765770
v -0.41892743 0.01112774 -0.13765770
v -0.40144116 0.00000012 -0.11540248
v -0.40462047 0.01271741 -0.13288873
v -0.43641371 0.01748639 -0.15673362
v -0.42528605 0.02066571 -0.15355431
v -0.43800336 0.02384502 -0.17421989
v -0.38713419 0.00000012 -0.10904384
v -0.41097915 0.02225536 -0.15355431
v -0.39349288 0.02702434 -0.15832330
v -0.39031357 0.01430707 -0.13129908
v -0.39031357 0.01430707 -0.13129908
v -0.38713419 0.00000012 -0.10904384
v -0.37123758 0.00000010 -0.10586452
v -0.37282729 0.01589672 -0.13129908
v -0.39349288 0.02702434 -0.15832330
v -0.35375130 0.00000010 -0.10586452
v -0.42210674 0.02702433 -0.17739920
v -0.44436198 0.02543467 -0.20283376
v -0.45866895 0.02225535 -0.19965443
v -0.44436198 0.02543467 -0.20283376
v -0.42846537 0.02861397 -0.20601310
v -0.40779984 0.03179328 -0.18216819
v -0.41256881 0.03815192 -0.20760275
v -0.41256881 0.03815192 -0.20760275
v -0.42846537 0.02861397 -0.20601310
v -0.40779984 0.03179328 -0.18216819
v -0.37600660 0.03179330 -0.15832330
v -0.39508253 0.03974159 -0.18693718
v -0.40462047 0.04768988 -0.20442343
v -0.38395488 0.04768988 -0.18693718
v -0.36010998 0.03974161 -0.16786127
v -0.36964798 0.06040716 -0.19965447
v -0.35375136 0.01907602 -0.13447841
v -0.33467549 0.01907602 -0.13606808
v -0.33467543 0.00000010 -0.10904386
v -0.31718922 0.02066568 -0.13606808
v -0.31718916 0.00000010 -0.11063351
v -0.30447191 0.02543466 -0.13447842
v -0.31718916 0.00000010 -0.11063351
v -0.30129254 0.00000010 -0.11222319
v -0.28857535 0.00000009 -0.11381285
v -0.36964798 0.07471411 -0.22508904
v -0.35534102 0.08902104 -0.24257530
v -0.34898239 0.10491764 -0.25847191
v -0.27585804 0.00000009 -0.11540250
v -0.23929578 0.25275603 -0.02797125
v -0.24724407 0.26547328 -0.03115057
v -0.23452680 0.25752500 -0.00094703
v -0.24088544 0.26865259 -0.00253669
v -0.24565442 0.27978021 -0.00889533
v -0.23611645 0.29249752 -0.00889533
v -0.24247509 0.29249752 -0.03750921
v -0.23770611 0.27819055 0.00700127
v -0.24247509 0.29249752 -0.03750921
v -0.23611645 0.29249752 -0.00889533
v -0.22816816 0.30680445 -0.04068853
v -0.23134747 0.28772852 0.01018059
v -0.23293714 0.26388362 0.01653923
v -0.24406479 0.28931817 -0.06771275
v -0.23134750 0.30203548 -0.06771275
v -0.23134750 0.30203548 -0.06771275
v -0.24406479 0.28454921 -0.08837832
v -0.23134750 0.29726648 -0.08837833
v -0.22975785 0.29090783 -0.10268527
v -0.21704057 0.31157342 -0.06771276
v -0.21386121 0.31634241 -0.04545752
v -0.20273362 0.32905969 -0.05022651
v -0.20750260 0.32429072 -0.07089207
v -0.22180955 0.30680445 -0.08837833
v -0.21704057 0.31793207 -0.08996800
v -0.22975785 0.29090783 -0.10268527
v -0.22657852 0.30362514 -0.10109561
v -0.22816817 0.29885614 -0.11063357
v -0.21863022 0.27819055 -0.11858187
v -0.22816817 0.29885614 -0.11063357
v -0.22657852 0.31316310 -0.10586459
v -0.22816817 0.30998376 -0.11858188
v -0.22657852 0.31316310 -0.10586459
v -0.22021990 0.30203548 -0.12970950
v -0.22657852 0.31793207 -0.12335086
v -0.22339921 0.32270107 -0.11063357
v -0.22339921 0.32270107 -0.11063357
v -0.22339921 0.32270107 -0.11063357
v -0.21227159 0.32747003 -0.09473697
v -0.21545091 0.32747003 -0.11699221
v -0.22657852 0.31793207 -0.12335086
v -0.21545091 0.32747003 -0.11699221
v -0.21545091 0.32747003 -0.11699221
v -0.22021990 0.32429072 -0.12653017
v -0.22021990 0.32429072 -0.12653017
v -0.21545091 0.32747003 -0.11699221
v -0.21068193 0.31952173 -0.13606812
v -0.22657852 0.31793207 -0.12335086
v -0.22021990 0.32429072 -0.12653017
v -0.21704057 0.31157342 -0.13447848
v -0.21068193 0.31952173 -0.13606812
v -0.21704057 0.31157342 -0.13447848
v -0.20114398 0.29885614 -0.15037507
v -0.20432329 0.28772852 -0.14560609
v -0.38554460 0.01271741 -0.14242670
v -0.30765122 0.01271735 -0.18852685
v -0.30765122 0.00000009 -0.18852685
v -0.38554460 0.01271741 -0.14242670
v -0.30765122 0.00000009 -0.18852685
v -0.38554460 0.00000012 -0.14242670
v -0.30765122 0.01271735 -0.18852685
v -0.38554460 0.01271741 -0.14242670
v -0.36328930 0.01271738 -0.08678862
v -0.30765122 0.01271737 -0.11699217
v -0.43641365 0.01271741 -0.06771267
v -0.43641365 0.00000012 -0.06771267
v -0.45389986 0.01271741 0.02289795
v -0.45389986 0.00000013 0.02289795
v -0.43641365 0.01271741 -0.06771267
v -0.45389986 0.01271741 0.02289795
v -0.41256875 0.01271741 0.02289794
v -0.38554460 0.01271741 -0.14242670
v -0.39985144 0.01271741 -0.03750915
v -0.36328930 0.01271738 -0.08678862
v -0.39985144 0.01271741 -0.03750915
v -0.41256875 0.01271741 0.02289794
v -0.41256875 0.03020366 0.02289793
v -0.39985144 0.03020366 -0.03750915
v -0.39985144 0.01271741 -0.03750915
v -0.39985144 0.03020366 -0.03750915
v -0.36328930 0.01271738 -0.08678862
v -0.39985144 0.03020366 -0.03750915
v -0.41256875 0.03020366 0.02289793
v -0.39985144 0.03020366 0.08330501
v -0.36328930 0.03020364 -0.08678862
v -0.30765122 0.01271737 -0.11699217
v -0.36328930 0.03020364 -0.08678862
v -0.39985144 0.03020366 -0.03750915
v -0.36328924 0.03020364 0.13258447
v -0.30765122 0.03020364 -0.11699217
v -0.20273367 0.01271737 -0.11381286
v -0.20273368 0.00000007 -0.20283382
v -0.20273368 0.00000007 -0.20283382
v -0.30765122 0.01271735 -0.18852685
v -0.20273368 0.01271735 -0.20283382
v -0.20273368 0.01271735 -0.20283382
v -0.30765122 0.01271735 -0.18852685
v -0.30765122 0.01271737 -0.11699217
v -0.20273368 0.00000007 -0.20283382
v -0.20273368 0.01271735 -0.20283382
v -0.20273367 0.01271737 -0.11381286
v -0.20273367 0.01271737 -0.11381286
v -0.45389986 0.01271741 0.02289795
v -0.45389986 0.00000013 0.02289795
v -0.43641359 0.01271741 0.11350856
v -0.43641359 0.00000012 0.11350857
v -0.45389986 0.01271741 0.02289795
v -0.43641359 0.01271741 0.11350856
v -0.39985144 0.01271741 0.08330501
v -0.41256875 0.01271741 0.02289794
v -0.41256875 0.01271741 0.02289794
v -0.39985144 0.01271741 0.08330501
v -0.39985144 0.03020366 0.08330501
v -0.41256875 0.01271741 0.02289794
v -0.39985144 0.03020366 0.08330501
v -0.41256875 0.03020366 0.02289793
v -0.39985144 0.01271741 0.08330501
v -0.43641359 0.01271741 0.11350856
v -0.36328924 0.01271738 0.13258447
v -0.38554448 0.01271743 0.18822257
v -0.38554448 0.01271743 0.18822257
v -0.30765110 0.01271737 0.16278800
v -0.38554448 0.00000013 0.18822257
v -0.30765110 0.01271737 0.16278800
v -0.38554448 0.01271743 0.18822257
v -0.30765110 0.01271738 0.23432270
v -0.30765110 0.01271738 0.23432270
v -0.38554448 0.01271743 0.18822257
v -0.38554448 0.00000013 0.18822257
v -0.30765110 0.01271738 0.23432270
v -0.38554448 0.00000013 0.18822257
v -0.30765110 0.00000012 0.23432270
v -0.39985144 0.03020366 0.08330501
v -0.39985144 0.01271741 0.08330501
v -0.36328924 0.03020364 0.13258447
v -0.36328924 0.03020364 0.13258447
v -0.39985144 0.01271741 0.08330501
v -0.36328924 0.01271738 0.13258447
v -0.39985144 0.03020366 0.08330501
v -0.36328924 0.03020364 0.13258447
v -0.39985144 0.03020366 -0.03750915
v -0.30765110 0.03020366 0.16278800
v -0.30765110 0.03020366 0.16278800
v -0.30765110 0.03020366 0.16278800
v -0.36328924 0.01271738 0.13258447
v -0.30765110 0.01271737 0.16278800
v -0.30765110 0.03020366 0.16278800
v -0.30765110 0.01271737 0.16278800
v -0.20273361 0.03020364 0.15483966
v -0.30765110 0.03020366 0.16278800
v -0.20273361 0.03020364 0.15483966
v -0.30765122 0.03020364 -0.11699217
v -0.30765122 0.03020364 -0.11699217
v -0.20273367 0.01271737 -0.11381286
v -0.30765122 0.03020364 -0.11699217
v -0.20273367 0.03020363 -0.10586456
v -0.20273367 0.01271737 -0.11381286
v -0.20273367 0.03020363 -0.10586456
v -0.20273361 0.03020364 0.15483966
v -0.20273367 0.03020363 -0.10586456
v -0.20273361 0.01271737 0.15007068
v -0.20273361 0.03020364 0.15483966
v -0.30765110 0.01271737 0.16278800
v -0.20273361 0.01271737 0.15007068
v -0.20273361 0.01271737 0.15007068
v -0.20273361 0.01271737 0.15007068
v -0.30765110 0.01271738 0.23432270
v -0.20273356 0.01271738 0.24862961
v -0.20273356 0.01271738 0.24862961
v -0.20273361 0.01271737 0.15007068
v -0.20273356 0.01271738 0.24862961
v -0.20273356 0.00000010 0.24862961
v -0.20273356 0.00000010 0.24862961
v -0.25508636 0.02225533 -0.08996796
v -0.25508636 0.02225533 -0.08360933
v -0.25349665 0.05245888 -0.08201966
v -0.25508636 0.02225533 -0.08996796
v -0.25349665 0.05245888 -0.08201966
v -0.25349665 0.05245888 -0.08678865
v -0.25349665 0.05245888 -0.08201966
v -0.25508636 0.02225533 -0.08360933
v -0.24713805 0.05245888 -0.08201966
v -0.25349665 0.05245888 -0.08201966
v -0.24713805 0.05245888 -0.08201966
v -0.25349665 0.05245888 -0.08678865
v -0.24554840 0.02225533 -0.08360933
v -0.24713805 0.05245888 -0.08678865
v -0.24713805 0.05245888 -0.08678865
v -0.24713805 0.05245888 -0.08201966
v -0.24554840 0.02225533 -0.08360933
v -0.24554840 0.02225533 -0.08360933
v -0.25508636 0.02225533 -0.08360933
v -0.25508636 0.02225533 -0.08996796
v -0.24554840 0.02225533 -0.08996796
v -0.25349665 0.05245888 -0.08678865
v -0.24713805 0.05245888 -0.08678865
v -0.25508636 0.02225533 -0.08996796
v -0.24554840 0.02225533 -0.08996796
v -0.24554840 0.02225533 -0.08996796
v -0.25667602 0.05245888 -0.07884034
v -0.25826567 0.02225533 -0.08042999
v -0.26462430 0.02225533 -0.08042999
v -0.26144499 0.05245888 -0.07884034
v -0.25667602 0.05245888 -0.07884034
v -0.26144499 0.05245888 -0.07884034
v -0.25667602 0.05245888 -0.07248169
v -0.25667602 0.05245888 -0.07248169
v -0.26144499 0.05245888 -0.07884034
v -0.26144499 0.05245888 -0.07248169
v -0.25826567 0.02225533 -0.08042999
v -0.25667602 0.05245888 -0.07884034
v -0.25826567 0.02225533 -0.07089204
v -0.25826567 0.02225533 -0.07089204
v -0.25667602 0.05245888 -0.07884034
v -0.25667602 0.05245888 -0.07248169
v -0.25826567 0.02225533 -0.07089204
v -0.25667602 0.05245888 -0.07248169
v -0.26144499 0.05245888 -0.07248169
v -0.25826567 0.02225533 -0.08042999
v -0.25826567 0.02225533 -0.07089204
v -0.26462430 0.02225533 -0.07089203
v -0.26462430 0.02225533 -0.07089203
v -0.26462430 0.02225533 -0.08042999
v -0.25826567 0.02225533 -0.08042999
v -0.26462430 0.02225533 -0.07089203
v -0.26462430 0.02225533 -0.08042999
v -0.26462430 0.02225533 -0.07089203
v -0.26144499 0.05245888 -0.07248169
v -0.26144499 0.05245888 -0.07884034
v -0.24395873 0.05245888 -0.07725069
v -0.23601045 0.02225533 -0.07884035
v -0.24236907 0.02225533 -0.07884035
v -0.23601045 0.02225533 -0.07884035
v -0.24395873 0.05245888 -0.07725069
v -0.23918976 0.05245888 -0.07725069
v -0.23918976 0.05245888 -0.07725069
v -0.24395873 0.05245888 -0.07725069
v -0.24395873 0.05245888 -0.07248170
v -0.24395873 0.05245888 -0.07248170
v -0.24395873 0.05245888 -0.07725069
v -0.24236907 0.02225533 -0.07884035
v -0.23918976 0.05245888 -0.07248170
v -0.24236907 0.02225533 -0.07884035
v -0.23601045 0.02225533 -0.07884035
v -0.24236907 0.02225533 -0.06930239
v -0.24236907 0.02225533 -0.07884035
v -0.24236907 0.02225533 -0.06930239
v -0.24395873 0.05245888 -0.07248170
v -0.24395873 0.05245888 -0.07248170
v -0.24236907 0.02225533 -0.06930239
v -0.23918976 0.05245888 -0.07248170
v -0.24236907 0.02225533 -0.06930239
v -0.23601045 0.02225533 -0.07884035
v -0.23601045 0.02225533 -0.06930239
v -0.23601045 0.02225533 -0.06930239
v -0.23918976 0.05245888 -0.07725069
v -0.23918976 0.05245888 -0.07248170
v -0.23601045 0.02225533 -0.07884035
v -0.23601045 0.02225533 -0.06930239
v -0.25508636 0.02225533 -0.06771272
v -0.25508636 0.02225533 -0.05976442
v -0.25349665 0.05245888 -0.06294375
v -0.25508636 0.02225533 -0.06771272
v -0.25349665 0.05245888 -0.06294375
v -0.25349665 0.05245888 -0.06930239
v -0.25349665 0.05245888 -0.06930239
v -0.25349665 0.05245888 -0.06294375
v -0.24713805 0.05245888 -0.06294375
v -0.24713805 0.05245888 -0.06930239
v -0.25349665 0.05245888 -0.06930239
v -0.24713805 0.05245888 -0.06930239
v -0.25508636 0.02225533 -0.06771272
v -0.25508636 0.02225533 -0.06771272
v -0.24713805 0.05245888 -0.06930239
v -0.24554840 0.02225533 -0.06771272
v -0.25349665 0.05245888 -0.06294375
v -0.25508636 0.02225533 -0.05976442
v -0.24713805 0.05245888 -0.06294375
v -0.24713805 0.05245888 -0.06294375
v -0.25508636 0.02225533 -0.05976442
v -0.24554840 0.02225533 -0.05976442
v -0.24554840 0.02225533 -0.05976442
v -0.25508636 0.02225533 -0.05976442
v -0.25508636 0.02225533 -0.06771272
v -0.24713805 0.05245888 -0.06294375
v -0.24554840 0.02225533 -0.05976442
v -0.24713805 0.05245888 -0.06930239
v -0.24554840 0.02225533 -0.06771272
v -0.24554840 0.02225533 -0.06771272
v -0.25826567 0.05404854 -0.08996795
v -0.25826567 0.06040719 -0.08996795
v -0.24077943 0.06040719 -0.08996796
v -0.25826567 0.06040719 -0.08996795
v -0.25826567 0.05404854 -0.08996795
v -0.25826567 0.05404854 -0.06294374
v -0.25826567 0.06040719 -0.06294374
v -0.24077943 0.05404854 -0.08996796
v -0.25826567 0.05404854 -0.08996795
v -0.24077943 0.05404854 -0.08996796
v -0.25826567 0.05404854 -0.06294374
v -0.24077943 0.05404854 -0.06294375
v -0.25826567 0.05404854 -0.06294374
v -0.24077943 0.05404854 -0.06294375
v -0.25826567 0.06040719 -0.06294374
v -0.24077943 0.05404854 -0.06294375
v -0.24077943 0.05404854 -0.08996796
v -0.24077943 0.06040719 -0.06294375
v -0.24077943 0.06040719 -0.06294375
v -0.24077943 0.06040719 -0.08996796
v -0.25826567 0.06040719 -0.06294374
v -0.24077943 0.06040719 -0.06294375
v -0.25826567 0.06040719 -0.06453340
v -0.24077943 0.06040719 -0.08996796
v -0.24236907 0.06040719 -0.06453341
v -0.24236907 0.06040719 -0.08996796
v -0.25826567 0.06040719 -0.06453340
v -0.24236907 0.06040719 -0.06453341
v -0.25826561 0.11127630 -0.06453340
v -0.24236906 0.11127630 -0.06453341
v -0.24236906 0.11127630 -0.06453341
v -0.24236907 0.06040719 -0.06453341
v -0.24236907 0.06040719 -0.08996796
v -0.25826561 0.11127630 -0.06453340
v -0.24236906 0.11127630 -0.06453341
v -0.25985527 0.11127630 -0.06135409
v -0.24236906 0.11127629 -0.08996797
v -0.24236906 0.11127629 -0.08996797
v -0.24236907 0.06040719 -0.08996796
v -0.25826567 0.06040719 -0.08996795
v -0.23918974 0.11127630 -0.06135410
v -0.24236906 0.11127629 -0.08996797
v -0.25985527 0.11127630 -0.06135409
v -0.23918974 0.11127630 -0.06135410
v -0.25985527 0.11922460 -0.06135409
v -0.25826561 0.11127629 -0.08996795
v -0.25826561 0.11127629 -0.08996795
v -0.25826567 0.06040719 -0.08996795
v -0.25826567 0.06040719 -0.06453340
v -0.25826561 0.11127630 -0.06453340
v -0.24236906 0.11127629 -0.08996797
v -0.25826561 0.11127629 -0.08996795
v -0.23918974 0.11127629 -0.09155763
v -0.23918974 0.11127630 -0.06135410
v -0.25826561 0.11127629 -0.08996795
v -0.25826561 0.11127630 -0.06453340
v -0.25985527 0.11127629 -0.09155761
v -0.25985527 0.11127629 -0.09155761
v -0.25985527 0.11127630 -0.06135409
v -0.23918974 0.11127630 -0.06135410
v -0.23918974 0.11127629 -0.09155763
v -0.23918974 0.11922460 -0.06135410
v -0.23918974 0.11922460 -0.06135410
v -0.25985527 0.11922460 -0.06135409
v -0.23918974 0.11922460 -0.06135410
v -0.25826561 0.11922460 -0.06453340
v -0.23918974 0.11922459 -0.09155763
v -0.23918974 0.11922459 -0.09155763
v -0.23918974 0.11127629 -0.09155763
v -0.25985527 0.11127629 -0.09155761
v -0.25985527 0.11127629 -0.09155761
v -0.25985527 0.11127630 -0.06135409
v -0.25985527 0.11922459 -0.09155761
v -0.25985527 0.11127629 -0.09155761
v -0.25985527 0.11922459 -0.09155761
v -0.23918974 0.11922459 -0.09155763
v -0.25985527 0.11922459 -0.09155761
v -0.25985527 0.11127630 -0.06135409
v -0.25985527 0.11922460 -0.06135409
v -0.25826561 0.11922460 -0.06453340
v -0.23918974 0.11922460 -0.06135410
v -0.24236906 0.11922460 -0.06453341
v -0.24236906 0.11922460 -0.06453341
v -0.23918974 0.11922460 -0.06135410
v -0.23918974 0.11922459 -0.09155763
v -0.25826561 0.11922460 -0.06453340
v -0.24236906 0.11922460 -0.06453341
v -0.24236906 0.14465915 -0.05976443
v -0.25826561 0.14465915 -0.05976443
v -0.25985527 0.11922459 -0.09155761
v -0.25985527 0.11922460 -0.06135409
v -0.25826561 0.11922459 -0.08996795
v -0.25826561 0.11922459 -0.08996795
v -0.25985527 0.11922460 -0.06135409
v -0.25826561 0.11922460 -0.06453340
v -0.24236906 0.11922459 -0.08996797
v -0.23918974 0.11922459 -0.09155763
v -0.24236906 0.11922459 -0.08996797
v -0.25826561 0.11922459 -0.08996795
v -0.25826561 0.11922460 -0.06453340
v -0.25826561 0.14465915 -0.05976443
v -0.24236906 0.11922460 -0.06453341
v -0.24236906 0.11922459 -0.08996797
v -0.24236906 0.15260744 -0.08360934
v -0.24236906 0.15260744 -0.08360934
v -0.24236906 0.11922459 -0.08996797
v -0.25826561 0.11922459 -0.08996795
v -0.24236906 0.14465915 -0.05976443
v -0.25826561 0.15260744 -0.08360933
v -0.25826561 0.15260744 -0.08360933
v -0.25826561 0.16691437 -0.04863681
v -0.25826561 0.18281098 -0.06930239
v -0.25826561 0.18281098 -0.06930239
v -0.25826561 0.18599032 -0.03115055
v -0.24236906 0.18281098 -0.06930240
v -0.24236906 0.18281098 -0.06930240
v -0.25826561 0.18281098 -0.06930239
v -0.25826561 0.18599032 -0.03115055
v -0.25826561 0.20665589 -0.04545750
v -0.25826561 0.18281098 -0.06930239
v -0.25826561 0.20665589 -0.04545750
v -0.24236906 0.18281098 -0.06930240
v -0.25826561 0.19711794 -0.00730566
v -0.24236906 0.14465915 -0.05976443
v -0.24236906 0.18281098 -0.06930240
v -0.24236904 0.16691437 -0.04863681
v -0.24236906 0.14465915 -0.05976443
v -0.24236904 0.16691437 -0.04863681
v -0.25826561 0.14465915 -0.05976443
v -0.25826561 0.16691437 -0.04863681
v -0.24236904 0.20665586 -0.04545750
v -0.24236904 0.20665586 -0.04545750
v -0.24236904 0.18599030 -0.03115055
v -0.24236904 0.18599030 -0.03115055
v -0.24236904 0.16691437 -0.04863681
v -0.24236904 0.20665586 -0.04545750
v -0.25826561 0.18599032 -0.03115055
v -0.25826561 0.22096284 -0.01525396
v -0.25826561 0.22096284 -0.01525396
v -0.25826561 0.20188692 0.01812891
v -0.24236904 0.22096281 -0.01525396
v -0.24236904 0.22096281 -0.01525396
v -0.24236904 0.19711792 -0.00730566
v -0.24236904 0.19711792 -0.00730566
v -0.25826561 0.19711794 -0.00730566
v -0.25826561 0.22573182 0.01812890
v -0.25826561 0.22573182 0.01812890
v -0.25826561 0.20188692 0.01812891
v -0.25826561 0.22096284 0.05151176
v -0.25826561 0.19711794 0.04356346
v -0.25826561 0.22573182 0.01812890
v -0.24236904 0.22573179 0.01812890
v -0.24236904 0.22573179 0.01812890
v -0.25826561 0.22573182 0.01812890
v -0.25826561 0.22096284 0.05151176
v -0.24236904 0.22573179 0.01812890
v -0.24236903 0.22096281 0.05151176
v -0.24236904 0.20188691 0.01812890
v -0.24236904 0.20188691 0.01812890
v -0.25826561 0.20188692 0.01812891
v -0.25826561 0.20188692 0.01812891
v -0.24236904 0.20188691 0.01812890
v -0.25826561 0.19711794 0.04356346
v -0.24236904 0.20188691 0.01812890
v -0.24236904 0.22573179 0.01812890
v -0.24236904 0.19711794 0.04356346
v -0.24236903 0.22096281 0.05151176
v -0.24236904 0.19711794 0.04356346
v -0.24236901 0.18599032 0.06740835
v -0.25826561 0.18599032 0.06740836
v -0.25826561 0.20665589 0.08171530
v -0.25826561 0.18599032 0.06740836
v -0.25826561 0.20665589 0.08171530
v -0.24236901 0.20665586 0.08171529
v -0.24236901 0.20665586 0.08171529
v -0.24236901 0.16691439 0.08489461
v -0.24236901 0.18599032 0.06740835
v -0.25826561 0.16691439 0.08489462
v -0.24236901 0.16691439 0.08489461
v -0.25826561 0.18599032 0.06740836
v -0.25826561 0.16691439 0.08489462
v -0.25826561 0.18281099 0.10556020
v -0.25826561 0.20665589 0.08171530
v -0.25826561 0.15260747 0.11986715
v -0.25826561 0.14465916 0.09602225
v -0.25826561 0.14465916 0.09602225
v -0.24236901 0.14465916 0.09602224
v -0.25826561 0.11922461 0.12463613
v -0.25826561 0.14465916 0.09602225
v -0.24236901 0.14465916 0.09602224
v -0.25826561 0.11922461 0.10079123
v -0.25826561 0.14465916 0.09602225
v -0.25826561 0.11922461 0.10079123
v -0.25826561 0.11922461 0.12463613
v -0.24236901 0.11922461 0.10079122
v -0.25826561 0.11922461 0.10079123
v -0.24236901 0.11922461 0.10079122
v -0.23918968 0.11922461 0.09761190
v -0.23918968 0.11922461 0.09761190
v -0.24236901 0.11922461 0.10079122
v -0.23918968 0.11922461 0.12781543
v -0.25826561 0.11922461 0.12463613
v -0.25826561 0.11922461 0.10079123
v -0.25985527 0.11922461 0.09761192
v -0.25985527 0.11922461 0.09761192
v -0.25826561 0.11922461 0.10079123
v -0.23918968 0.11922461 0.09761190
v -0.25985527 0.11922461 0.12781543
v -0.25985527 0.11922461 0.09761192
v -0.23918968 0.11922461 0.09761190
v -0.23918968 0.11127631 0.09761190
v -0.23918968 0.11127631 0.09761190
v -0.23918968 0.11922461 0.09761190
v -0.23918968 0.11127631 0.12781543
v -0.25985527 0.11922461 0.12781543
v -0.25985527 0.11922461 0.09761192
v -0.25985527 0.11127631 0.09761192
v -0.25985527 0.11127631 0.09761192
v -0.25985527 0.11922461 0.12781543
v -0.25985527 0.11127631 0.09761192
v -0.25985527 0.11127631 0.12781543
v -0.25985527 0.11127631 0.09761192
v -0.23918968 0.11127631 0.09761190
v -0.24236901 0.11127631 0.10079122
v -0.25985527 0.11127631 0.12781543
v -0.25985527 0.11127631 0.09761192
v -0.25826561 0.11127631 0.10079123
v -0.25826561 0.11127631 0.10079123
v -0.25985527 0.11127631 0.09761192
v -0.24236901 0.11127631 0.10079122
v -0.25826561 0.11127631 0.12463613
v -0.24236901 0.11127631 0.12463612
v -0.25826561 0.11127631 0.12463613
v -0.25826561 0.11127631 0.10079123
v -0.25826561 0.06040719 0.10079124
v -0.25826561 0.06040719 0.12463614
v -0.25826561 0.11127631 0.10079123
v -0.24236901 0.11127631 0.10079122
v -0.24236903 0.06040719 0.10079122
v -0.25826561 0.06040719 0.10079124
v -0.24236901 0.11127631 0.10079122
v -0.24236901 0.11127631 0.12463612
v -0.24236903 0.06040719 0.12463612
v -0.24236901 0.11127631 0.10079122
v -0.24236903 0.06040719 0.12463612
v -0.24236903 0.06040719 0.10079122
v -0.24236903 0.06040719 0.12463612
v -0.24236901 0.11127631 0.12463612
v -0.25826561 0.06040719 0.12463614
v -0.25826561 0.11127631 0.12463613
v -0.24236903 0.06040719 0.12463612
v -0.25826561 0.06040719 0.12463614
v -0.25826561 0.06040719 0.12622578
v -0.24236903 0.06040719 0.10079122
v -0.24236903 0.06040719 0.12463612
v -0.24077937 0.06040719 0.12622578
v -0.24077937 0.06040719 0.12622578
v -0.24077937 0.06040719 0.09920157
v -0.25826561 0.06040719 0.10079124
v -0.24236903 0.06040719 0.10079122
v -0.24077937 0.06040719 0.12622578
v -0.25826561 0.06040719 0.09920157
v -0.24077937 0.06040719 0.12622578
v -0.25826561 0.06040719 0.12622578
v -0.25826561 0.05404854 0.12622578
v -0.25826561 0.06040719 0.09920157
v -0.24077937 0.06040719 0.09920157
v -0.24077937 0.05404854 0.09920157
v -0.24077937 0.06040719 0.09920157
v -0.24077937 0.06040719 0.12622578
v -0.24077937 0.05404854 0.12622578
v -0.24077937 0.05404854 0.12622578
v -0.24077937 0.05404854 0.09920157
v -0.25826561 0.05404854 0.12622578
v -0.25826561 0.06040719 0.12622578
v -0.25826561 0.05404854 0.09920157
v -0.25826561 0.06040719 0.09920157
v -0.25826561 0.05404854 0.12622578
v -0.25826561 0.05404854 0.09920157
v -0.24077937 0.05404854 0.12622578
v -0.25826561 0.05404854 0.09920157
v -0.24077937 0.05404854 0.09920157
v -0.24236901 0.18281099 0.10556019
v -0.24236901 0.18281099 0.10556019
v -0.24236901 0.18281099 0.10556019
v -0.25826561 0.20665589 0.08171530
v -0.25826561 0.18281099 0.10556020
v -0.24236901 0.15260747 0.11986714
v -0.25826561 0.15260747 0.11986715
v -0.24236901 0.14465916 0.09602224
v -0.24236901 0.14465916 0.09602224
v -0.24236901 0.18281099 0.10556019
v -0.24236901 0.15260747 0.11986714
v -0.24236901 0.15260747 0.11986714
v -0.25826561 0.15260747 0.11986715
v -0.25826561 0.11922461 0.12463613
v -0.24236901 0.11922461 0.10079122
v -0.24236901 0.11922461 0.12463612
v -0.24236901 0.11922461 0.12463612
v -0.24236901 0.11922461 0.12463612
v -0.24236901 0.11922461 0.10079122
v -0.23918968 0.11922461 0.12781543
v -0.23918968 0.11922461 0.12781543
v -0.25985527 0.11922461 0.12781543
v -0.25985527 0.11127631 0.12781543
v -0.23918968 0.11127631 0.12781543
v -0.23918968 0.11922461 0.12781543
v -0.23918968 0.11127631 0.12781543
v -0.24236901 0.11127631 0.12463612
v -0.23918968 0.11127631 0.12781543
v -0.24713799 0.05245888 0.10079122
v -0.24554834 0.02225533 0.09761191
v -0.25508630 0.02225533 0.09761191
v -0.24713799 0.05245888 0.10079122
v -0.25508630 0.02225533 0.09761191
v -0.25349665 0.05245888 0.10079123
v -0.24713799 0.05245888 0.10079122
v -0.25349665 0.05245888 0.10079123
v -0.25349665 0.05245888 0.10556021
v -0.24713799 0.05245888 0.10079122
v -0.25349665 0.05245888 0.10556021
v -0.24713799 0.05245888 0.10556020
v -0.24713799 0.05245888 0.10079122
v -0.24713799 0.05245888 0.10556020
v -0.24554834 0.02225533 0.09761191
v -0.25349665 0.05245888 0.10556021
v -0.25349665 0.05245888 0.10079123
v -0.25508630 0.02225533 0.10556021
v -0.25349665 0.05245888 0.10556021
v -0.25508630 0.02225533 0.10556021
v -0.24713799 0.05245888 0.10556020
v -0.25508630 0.02225533 0.09761191
v -0.25508630 0.02225533 0.10556021
v -0.25508630 0.02225533 0.09761191
v -0.24554834 0.02225533 0.09761191
v -0.24554834 0.02225533 0.10556021
v -0.24554834 0.02225533 0.09761191
v -0.24554834 0.02225533 0.10556021
v -0.25508630 0.02225533 0.10556021
v -0.24554834 0.02225533 0.10556021
v -0.26144493 0.05245888 0.10873954
v -0.25826561 0.02225533 0.10714988
v -0.26462430 0.02225533 0.10714988
v -0.26462430 0.02225533 0.10714988
v -0.25826561 0.02225533 0.10714988
v -0.26462424 0.02225533 0.11668784
v -0.26462430 0.02225533 0.10714988
v -0.26462424 0.02225533 0.11668784
v -0.26144493 0.05245888 0.10873954
v -0.26144493 0.05245888 0.10873954
v -0.26462424 0.02225533 0.11668784
v -0.26144493 0.05245888 0.11509819
v -0.25826561 0.02225533 0.10714988
v -0.26144493 0.05245888 0.10873954
v -0.25667596 0.05245888 0.10873954
v -0.25667596 0.05245888 0.10873954
v -0.26144493 0.05245888 0.10873954
v -0.26144493 0.05245888 0.11509819
v -0.25667596 0.05245888 0.10873954
v -0.26144493 0.05245888 0.11509819
v -0.25667596 0.05245888 0.11509819
v -0.25667596 0.05245888 0.10873954
v -0.25667596 0.05245888 0.11509819
v -0.25826561 0.02225533 0.10714988
v -0.25667596 0.05245888 0.11509819
v -0.26144493 0.05245888 0.11509819
v -0.26462424 0.02225533 0.11668784
v -0.25826561 0.02225533 0.11668784
v -0.26462424 0.02225533 0.11668784
v -0.25826561 0.02225533 0.10714988
v -0.25826561 0.02225533 0.11668784
v -0.25826561 0.02225533 0.10714988
v -0.25667596 0.05245888 0.11509819
v -0.25826561 0.02225533 0.11668784
v -0.25508630 0.02225533 0.11986716
v -0.25508630 0.02225533 0.12781546
v -0.25349665 0.05245888 0.11827750
v -0.25349665 0.05245888 0.12463614
v -0.25349665 0.05245888 0.11827750
v -0.25349665 0.05245888 0.12463614
v -0.24713799 0.05245888 0.11827748
v -0.25508630 0.02225533 0.12781546
v -0.25508630 0.02225533 0.11986716
v -0.24554834 0.02225533 0.12781546
v -0.24554834 0.02225533 0.11986716
v -0.25349665 0.05245888 0.12463614
v -0.25508630 0.02225533 0.12781546
v -0.24713799 0.05245888 0.12463612
v -0.24713799 0.05245888 0.12463612
v -0.25508630 0.02225533 0.12781546
v -0.24554834 0.02225533 0.12781546
v -0.24713799 0.05245888 0.12463612
v -0.24713799 0.05245888 0.12463612
v -0.24554834 0.02225533 0.12781546
v -0.24554834 0.02225533 0.11986716
v -0.24713799 0.05245888 0.11827748
v -0.25349665 0.05245888 0.11827750
v -0.24713799 0.05245888 0.11827748
v -0.25508630 0.02225533 0.11986716
v -0.25508630 0.02225533 0.11986716
v -0.24713799 0.05245888 0.11827748
v -0.24554834 0.02225533 0.11986716
v -0.23918971 0.05245888 0.11032918
v -0.23601039 0.02225533 0.10873953
v -0.24236903 0.02225533 0.10873953
v -0.24236903 0.02225533 0.10873953
v -0.23601039 0.02225533 0.10873953
v -0.24236903 0.02225533 0.11827750
v -0.24236903 0.02225533 0.11827750
v -0.23601039 0.02225533 0.10873953
v -0.23601039 0.02225533 0.11827748
v -0.23918971 0.05245888 0.11032918
v -0.24236903 0.02225533 0.10873953
v -0.24395868 0.05245888 0.11032918
v -0.23918971 0.05245888 0.11032918
v -0.24395868 0.05245888 0.11032918
v -0.23918971 0.05245888 0.11668783
v -0.24236903 0.02225533 0.10873953
v -0.24236903 0.02225533 0.11827750
v -0.24395868 0.05245888 0.11668783
v -0.24395868 0.05245888 0.11668783
v -0.24236903 0.02225533 0.11827750
v -0.23601039 0.02225533 0.11827748
v -0.24395868 0.05245888 0.11032918
v -0.23918971 0.05245888 0.11668783
v -0.24395868 0.05245888 0.11668783
v -0.23601039 0.02225533 0.11827748
v -0.23601039 0.02225533 0.10873953
v -0.23918971 0.05245888 0.11032918
v -0.23601039 0.02225533 0.11827748
v -0.23918971 0.05245888 0.11032918
v -0.23918971 0.05245888 0.11668783
v -0.23918971 0.19870758 0.00700128
v -0.26144493 0.19870760 0.01335992
v -0.26144493 0.19870760 0.00700129
v -0.23918971 0.19870758 0.00700128
v -0.26144493 0.19870760 0.00700129
v -0.26144493 0.23050080 0.00064264
v -0.23918971 0.19870758 0.00700128
v -0.26144493 0.23050080 0.00064264
v -0.23918971 0.23050077 0.00064263
v -0.26144493 0.23050080 0.00064264
v -0.26144493 0.19870760 0.00700129
v -0.26144493 0.23209046 0.01018060
v -0.26144493 0.19870760 0.01335992
v -0.23918971 0.23050077 0.00064263
v -0.26144493 0.23050080 0.00064264
v -0.23918971 0.23209043 0.01018059
v -0.23918971 0.23209043 0.01018059
v -0.26144493 0.23050080 0.00064264
v -0.26144493 0.23209046 0.01018060
v -0.23918971 0.19870758 0.00700128
v -0.23918971 0.23050077 0.00064263
v -0.23918971 0.19870758 0.01335992
v -0.23918971 0.19870758 0.00700128
v -0.23918971 0.19870758 0.01335992
v -0.26144493 0.19870760 0.01335992
v -0.23918971 0.19870758 0.01335992
v -0.23918971 0.23050077 0.00064263
v -0.23918971 0.23209043 0.01018059
v -0.26144493 0.23209046 0.01018060
v -0.26144493 0.19870760 0.01335992
v -0.26303458 0.23368011 0.01018060
v -0.26144493 0.23209046 0.01018060
v -0.26303458 0.23368011 0.01018060
v -0.23918971 0.23209043 0.01018059
v -0.26303458 0.19711794 0.01335992
v -0.23918971 0.19870758 0.01335992
v -0.23760006 0.23368008 0.01018059
v -0.23760006 0.19711792 0.01335992
v -0.23760006 0.19711792 0.01335992
v -0.23918971 0.19870758 0.01335992
v -0.26303458 0.23368011 0.01018060
v -0.26303458 0.19711794 0.01335992
v -0.26303458 0.19711794 0.02289789
v -0.26303458 0.19711794 0.02289789
v -0.26303458 0.19711794 0.01335992
v -0.23760006 0.19711792 0.02289788
v -0.23760006 0.19711792 0.02289788
v -0.26303458 0.19711794 0.01335992
v -0.23760006 0.19711792 0.01335992
v -0.26303458 0.23368011 0.01018060
v -0.26303458 0.19711794 0.02289789
v -0.26303458 0.23368011 0.02607720
v -0.26303458 0.23368011 0.01018060
v -0.26303458 0.23368011 0.02607720
v -0.23760006 0.23368008 0.01018059
v -0.23760006 0.23368008 0.02607719
v -0.23760006 0.19711792 0.01335992
v -0.23760006 0.23368008 0.01018059
v -0.23760006 0.19711792 0.02289788
v -0.23760006 0.23368008 0.02607719
v -0.23760006 0.23368008 0.01018059
v -0.26303458 0.23368011 0.02607720
v -0.26303458 0.19711794 0.02289789
v -0.23760006 0.19711792 0.02289788
v -0.23918971 0.19870758 0.02289788
v -0.26303458 0.23368011 0.02607720
v -0.26303458 0.19711794 0.02289789
v -0.26144493 0.19870760 0.02289789
v -0.26144493 0.19870760 0.02289789
v -0.23760006 0.23368008 0.02607719
v -0.26144493 0.23209046 0.02607720
v -0.23760006 0.19711792 0.02289788
v -0.23760006 0.23368008 0.02607719
v -0.23918971 0.23209043 0.02607719
v -0.23918971 0.23209043 0.02607719
v -0.26144493 0.23209046 0.02607720
v -0.23918971 0.19870758 0.02289788
v -0.23918971 0.23209043 0.02607719
v -0.23918971 0.23050077 0.03561515
v -0.26144493 0.23209046 0.02607720
v -0.26144493 0.19870760 0.02289789
v -0.26144493 0.19870760 0.02925652
v -0.26144493 0.19870760 0.02289789
v -0.23918971 0.19870758 0.02289788
v -0.23918971 0.19870758 0.02925652
v -0.23918971 0.19870758 0.02925652
v -0.26144493 0.19870760 0.02289789
v -0.23918971 0.19870758 0.02925652
v -0.26144493 0.19870760 0.02925652
v -0.23918971 0.23050077 0.03561515
v -0.23918971 0.23209043 0.02607719
v -0.26144493 0.23050080 0.03561516
v -0.26144493 0.23209046 0.02607720
v -0.23918971 0.23050077 0.03561515
v -0.26144493 0.23050080 0.03561516
v -0.23918971 0.19870758 0.02925652
v -0.26144493 0.23050080 0.03561516
v -0.26144493 0.23209046 0.02607720
v -0.26144493 0.19870760 0.02925652
v -0.26144493 0.19870760 0.02925652
v -0.00000005 0.25953802 -0.29332471
v -0.00000005 0.24174812 -0.30065000
v -0.00000004 0.26987955 -0.28587639
v -0.00000007 0.03330861 -0.37588400
v -0.00000007 0.01663944 -0.37512630
v -0.01515386 0.03179324 -0.37133789
v -0.00000006 0.04839025 -0.37494594
v -0.00000006 0.07649110 -0.36776978
v -0.00000006 0.06338386 -0.37182885
v -0.01674351 0.05881746 -0.36497921
v -0.00000006 0.10375556 -0.35627967
v -0.00000006 0.08686273 -0.36381298
v -0.00000005 0.14771459 -0.33917326
v -0.00000005 0.13431250 -0.34419906
v -0.00000005 0.16850486 -0.33392715
v -0.00000005 0.22865106 -0.30934113
v -0.00000005 0.20319422 -0.31863838
v -0.00000003 0.31433907 -0.22673509
v -0.00000003 0.30619106 -0.23731403
v -0.01197446 0.30362511 -0.23303744
v -0.00000001 0.14624877 -0.04863688
v -0.00000001 0.15226291 -0.04395920
v -0.00000001 0.13889815 -0.05197807
v -0.00000002 0.10809693 -0.06135416
v -0.00000002 0.11678404 -0.05934944
v -0.00000002 0.08266237 -0.06135415
v -0.00000002 0.09335421 -0.06135415
v -0.00000003 0.01271735 -0.04863687
v -0.00000003 0.02808684 -0.05197807
v -0.00000002 0.04927953 -0.05658517
v -0.00000002 0.06331255 -0.05858989
v 0.00000000 0.16590162 0.06842103
v 0.00000000 0.16055572 0.07376693
v 0.00000000 0.15226294 0.08021688
v -0.00000000 0.11678404 0.09560713
v -0.00000000 0.10809693 0.09761184
v -0.09622638 0.10809696 0.09761187
v -0.00000000 0.09335420 0.09761184
v -0.00000000 0.08266237 0.09761184
v -0.09622639 0.08266239 0.09761187
v 0.00000003 0.39408022 0.17097817
v 0.00000003 0.40585425 0.15781628
v 0.00000002 0.42751473 0.12752782
v 0.00000002 0.44339138 0.08577404
v 0.00000002 0.44391155 0.08148999
v 0.00000002 0.44241413 0.08929207
v -0.00000003 0.33037299 -0.20208216
v -0.00000003 0.32700354 -0.20863393
v -0.00000002 0.35177362 -0.16609532
v -0.00000002 0.35131490 -0.16681966
v -0.00000002 0.35216171 -0.16522950
v -0.00000001 0.37655407 -0.12559196
v -0.00000000 0.40637973 -0.07347190
v -0.00000000 0.40277627 -0.07924569
v -0.00000000 0.40721408 -0.07211036
v 0.00000001 0.44560009 0.01379911
v -0.00000000 0.40825245 -0.07007999
v 0.00000000 0.43257770 -0.02983735
v 0.00000000 0.42722619 -0.04027608
v 0.00000003 0.37579554 0.18885730
v 0.00000003 0.37963325 0.18414845
v -0.00402605 0.37515986 0.18504313
v 0.00000003 0.37343436 0.19482073
v 0.00000003 0.34332931 0.26240927
v 0.00000004 0.18496290 0.37458748
v 0.00000004 0.19008559 0.37285906
v 0.00000003 0.27979887 0.32245952
v 0.00000004 0.29762596 0.30826706
v 0.00000004 0.21382666 0.36329669
v 0.00000004 0.23201168 0.35223132
v 0.00000004 0.25877595 0.33612907
v 0.00000004 0.26709127 0.33049226
v 0.00000004 0.24910143 0.34228563
v -0.00000000 0.06331253 0.09484758
v -0.00000000 0.04927953 0.09284286
v 0.00000004 0.18228909 0.37502480
v 0.00000004 0.15982190 0.37909454
v 0.00000004 0.16067672 0.37910259
v 0.00000004 0.13629404 0.37912494
v 0.00000004 0.13845278 0.37928617
v 0.00000003 0.11432545 0.37898165
v 0.00000003 0.11604527 0.37912494
v 0.00000003 0.09531157 0.37715513
v 0.00000003 0.09696935 0.37761569
v 0.00000003 0.08433196 0.37345773
v 0.00000003 0.08584173 0.37444943
v 0.00000003 0.07309480 0.35905898
v 0.00000003 0.07630378 0.36566567
v 0.00000002 0.00000010 0.34733784
v 0.00000002 0.00068811 0.34708256
v 0.00000002 0.00000010 0.34718841
v 0.00000002 0.02066569 0.33939886
v 0.00000002 0.02128665 0.33918363
v -0.00084674 0.02066569 0.33924013
v 0.00000003 0.06280898 0.34245408
v 0.00000003 0.06443325 0.34472805
v 0.46979642 0.01430696 -0.36179990
v 0.46661711 0.00000003 -0.35862058
v 0.45389980 0.00000003 -0.36815858
v 0.47615504 0.00000003 -0.34590328
v 0.47615504 0.01430696 -0.34908265
v 0.47774476 0.00000003 -0.33159637
v 0.45389980 0.00000003 -0.36815858
v 0.45707911 0.01271731 -0.36974823
v 0.46979642 0.01430696 -0.36179990
v 0.46502745 0.02702424 -0.36338955
v 0.45707911 0.01271731 -0.36974823
v 0.43482387 0.01430696 -0.37610686
v 0.43164456 0.00000003 -0.37610686
v 0.40621006 0.00000003 -0.37928617
v 0.45548946 0.02225526 -0.36974823
v 0.46502745 0.02702424 -0.36338955
v 0.40779972 0.01748629 -0.37610686
v 0.43959284 0.02702424 -0.37292755
v 0.38077551 0.02384493 -0.37133789
v 0.38554448 0.00000003 -0.37928617
v 0.44595152 0.03338288 -0.36497921
v 0.44595152 0.03338288 -0.36497921
v 0.44913083 0.03656220 -0.35067230
v 0.46502745 0.02702424 -0.36338955
v 0.36646855 0.01430695 -0.37292755
v 0.36805820 0.00000000 -0.37769651
v 0.35057193 0.02066559 -0.36815858
v 0.34580296 0.00000001 -0.37610686
v 0.32036841 0.00000001 -0.36656886
v 0.41892731 0.03974153 -0.36179990
v 0.41892731 0.03974153 -0.36179990
v 0.41256869 0.03179322 -0.37133789
v 0.39031345 0.04133119 -0.36179990
v 0.39826173 0.04927948 -0.35385162
v 0.35534090 0.04610017 -0.35544127
v 0.39031345 0.04133119 -0.36179990
v 0.37123752 0.06040710 -0.34590328
v 0.39826173 0.04927948 -0.35385162
v 0.35534090 0.04610017 -0.35544127
v 0.42369628 0.04292084 -0.34749299
v 0.42369628 0.04292084 -0.34749299
v 0.38395482 0.06676574 -0.33795506
v 0.39190316 0.06994505 -0.32841706
v 0.35693061 0.08425200 -0.32682741
v 0.36964792 0.08902098 -0.32046878
v 0.40462041 0.05245881 -0.33954471
v 0.42369628 0.04292084 -0.34749299
v 0.42687565 0.03974153 -0.32841706
v 0.33944434 0.07471405 -0.33318603
v 0.39826179 0.06676574 -0.31252044
v 0.40938944 0.05086915 -0.32205844
v 0.38554448 0.08584167 -0.29980320
v 0.37918586 0.09061064 -0.31252044
v 0.40303075 0.06199677 -0.29344451
v 0.41415840 0.04768983 -0.29980320
v 0.36646855 0.10650724 -0.29662389
v 0.34898233 0.09855895 -0.31093079
v 0.35852027 0.10491758 -0.30457217
v 0.32990640 0.09537964 -0.30934113
v 0.32990640 0.09537964 -0.30934113
v 0.34421331 0.10968656 -0.29503417
v 0.35852027 0.10491758 -0.30457217
v 0.34421331 0.10968656 -0.29503417
v 0.33944434 0.07471405 -0.33318603
v 0.30447179 0.08266234 -0.31728941
v 0.31559944 0.10173827 -0.29503417
v 0.31400979 0.06676574 -0.33795500
v 0.32990640 0.10968656 -0.28549618
v 0.32195807 0.04610017 -0.35385156
v 0.29175460 0.05881745 -0.33954465
v 0.32195807 0.04610017 -0.35385156
v 0.29811317 0.04292084 -0.35226190
v 0.32354772 0.02384491 -0.36338955
v 0.32354772 0.02384491 -0.36338955
v 0.32354772 0.02384491 -0.36338955
v 0.29811317 0.02384491 -0.35862058
v 0.32036841 0.00000001 -0.36656886
v 0.28221661 0.03974153 -0.34908259
v 0.29811317 0.00000001 -0.35703093
v 0.28221661 0.02225526 -0.35067225
v 0.28221661 0.00000001 -0.34749293
v 0.33785468 0.11286588 -0.27118927
v 0.30924082 0.10809691 -0.27754790
v 0.35375130 0.11286588 -0.28231692
v 0.35375130 0.11286588 -0.28231692
v 0.34898233 0.10491758 -0.25847203
v 0.31559944 0.11127622 -0.25847203
v 0.36010987 0.10809690 -0.27436858
v 0.34898233 0.10491758 -0.25847203
v 0.37282723 0.10173826 -0.28708589
v 0.38077545 0.09061064 -0.27277893
v 0.36646855 0.09855895 -0.26324099
v 0.37759614 0.08266233 -0.24575472
v 0.39349282 0.07948302 -0.28390658
v 0.39349276 0.07789336 -0.25688237
v 0.41097903 0.05722779 -0.27436858
v 0.40303069 0.06994505 -0.26642030
v 0.39349276 0.07789336 -0.25688237
v 0.41415834 0.06517608 -0.25211340
v 0.40303069 0.06994505 -0.26642030
v 0.41892731 0.05245881 -0.25847203
v 0.41892731 0.05245881 -0.25847203
v 0.41892737 0.04292084 -0.28072727
v 0.40779972 0.06994505 -0.24416508
v 0.37759614 0.08266233 -0.24575472
v 0.41574800 0.06199677 -0.23621677
v 0.39508241 0.07153472 -0.22985812
v 0.41892731 0.06040710 -0.24416508
v 0.42210668 0.05245881 -0.24734437
v 0.42051697 0.05245881 -0.23462710
v 0.40938938 0.06199677 -0.22190982
v 0.41256869 0.05086915 -0.21714082
v 0.39667207 0.05881745 -0.20601322
v 0.38713413 0.06676574 -0.21396151
v 0.42687565 0.04133117 -0.25052375
v 0.42369634 0.03974153 -0.23303743
v 0.43641359 0.03020357 -0.23303743
v 0.44118255 0.03338288 -0.25052375
v 0.44118255 0.03338288 -0.25052375
v 0.44277227 0.03338288 -0.26165134
v 0.42687565 0.04133117 -0.25052375
v 0.42687565 0.03974153 -0.26483065
v 0.44277227 0.03338288 -0.26165134
v 0.41892737 0.04292084 -0.28072727
v 0.44277227 0.03179322 -0.27277893
v 0.42687565 0.03974153 -0.26483065
v 0.46661717 0.03179322 -0.26006168
v 0.46820682 0.02861390 -0.26959962
v 0.43164462 0.03338288 -0.28708589
v 0.44277227 0.03179322 -0.27277893
v 0.43164462 0.03338288 -0.28708589
v 0.44913089 0.02861391 -0.28867555
v 0.44913089 0.02861391 -0.28867555
v 0.43164462 0.03338288 -0.28708589
v 0.44277227 0.03179322 -0.27277893
v 0.42846531 0.03497253 -0.30457217
v 0.42846531 0.03497253 -0.30457217
v 0.46820682 0.02861390 -0.26959962
v 0.46820682 0.02225526 -0.28390658
v 0.48251373 0.02384494 -0.26959962
v 0.46820682 0.02225526 -0.28390658
v 0.44754124 0.02861391 -0.30616182
v 0.42687565 0.03974153 -0.32841706
v 0.46343786 0.02066560 -0.30616182
v 0.44913089 0.03338288 -0.33000672
v 0.47933441 0.01271729 -0.28231692
v 0.47138613 0.01112764 -0.30616182
v 0.48569310 0.00000003 -0.28072721
v 0.47456545 0.00000003 -0.30616182
v 0.47774476 0.00000003 -0.33159637
v 0.46661717 0.02543458 -0.33000672
v 0.47456545 0.01271729 -0.32841706
v 0.47456545 0.01271729 -0.32841706
v 0.46820676 0.02861390 -0.35067230
v 0.47615504 0.01430696 -0.34908265
v 0.26631999 0.00000001 -0.33636534
v 0.26790971 0.02384491 -0.33954465
v 0.24565440 0.00000001 -0.31887907
v 0.27108902 0.04133119 -0.33954465
v 0.25042343 0.02702424 -0.32046872
v 0.21863019 0.00000001 -0.29821348
v 0.25678205 0.04927950 -0.32205838
v 0.27744764 0.05245881 -0.33954465
v 0.22657850 0.03020357 -0.29980314
v 0.26949930 0.06358643 -0.32205838
v 0.28380626 0.07312439 -0.32205838
v 0.25678205 0.07789338 -0.30457211
v 0.29493386 0.09537964 -0.29662383
v 0.27267861 0.08584167 -0.30457211
v 0.25837171 0.10014861 -0.28867555
v 0.23611644 0.06199677 -0.29821348
v 0.22816817 0.08425200 -0.27913755
v 0.20750259 0.05563812 -0.27913755
v 0.22657850 0.03020357 -0.29980314
v 0.20273359 0.02861391 -0.28231686
v 0.20750259 0.05563812 -0.27913755
v 0.21863019 0.00000001 -0.29821348
v 0.19637497 0.00000001 -0.28072721
v 0.18365766 0.02543460 -0.27118927
v 0.18047835 0.00000004 -0.26959962
v 0.16935073 0.00000004 -0.26324099
v 0.18365766 0.05245881 -0.26959962
v 0.16935073 0.02225529 -0.26642030
v 0.16935073 0.04451051 -0.26800996
v 0.15504378 0.02225529 -0.26642030
v 0.15504378 0.00000004 -0.26324099
v 0.15504378 0.00000004 -0.26324099
v 0.13755755 0.02066563 -0.26959962
v 0.15504378 0.02225529 -0.26642030
v 0.13755755 0.00000004 -0.26483065
v 0.12007127 0.02225529 -0.27277893
v 0.11848161 0.00000004 -0.26959962
v 0.13914721 0.04292084 -0.27754790
v 0.12325060 0.04292084 -0.28072727
v 0.13914721 0.04292084 -0.27754790
v 0.15504378 0.04292084 -0.27118927
v 0.15504378 0.02225529 -0.26642030
v 0.15504378 0.04292084 -0.27118927
v 0.14391614 0.06517608 -0.28867555
v 0.12801957 0.06358643 -0.29026526
v 0.15504378 0.06199677 -0.27754790
v 0.16935073 0.04451051 -0.26800996
v 0.16617142 0.06199677 -0.27118927
v 0.15663345 0.06517608 -0.27913755
v 0.15027478 0.08425201 -0.28867555
v 0.14073685 0.08584167 -0.29662383
v 0.16458176 0.08107269 -0.27436858
v 0.16617142 0.06199677 -0.27118927
v 0.17411970 0.06994507 -0.26642030
v 0.17411970 0.06994507 -0.26642030
v 0.18842666 0.07312439 -0.26165134
v 0.18842666 0.07312439 -0.26165134
v 0.18683700 0.09061064 -0.24893402
v 0.18842666 0.07312439 -0.26165134
v 0.20750259 0.09061064 -0.25211334
v 0.20750259 0.07630371 -0.26800996
v 0.20750259 0.09061064 -0.25211334
v 0.22816817 0.08425200 -0.27913755
v 0.20750259 0.07630371 -0.26800996
v 0.20750259 0.09061064 -0.25211334
v 0.22657849 0.09696929 -0.26006168
v 0.21545087 0.09537962 -0.23144776
v 0.23293711 0.10173828 -0.23939607
v 0.24088542 0.10491759 -0.26800996
v 0.24406472 0.09378998 -0.28708589
v 0.25201303 0.10968658 -0.26959962
v 0.25360268 0.11127624 -0.24575470
v 0.24088539 0.09696929 -0.21555115
v 0.26314062 0.11286590 -0.27118927
v 0.27267861 0.10650725 -0.28231686
v 0.24088539 0.09696929 -0.21555115
v 0.26473033 0.10491760 -0.21873048
v 0.25360268 0.11127624 -0.24575470
v 0.26949930 0.11604522 -0.25529265
v 0.28539592 0.11286590 -0.26483065
v 0.29493386 0.11127624 -0.24734437
v 0.32354772 0.10332793 -0.24575472
v 0.29493386 0.11127624 -0.24734437
v 0.30129248 0.10491760 -0.23462710
v 0.32354772 0.10332793 -0.24575472
v 0.28062689 0.11445557 -0.23780639
v 0.28062689 0.11445557 -0.23780639
v 0.27267861 0.11127624 -0.22985810
v 0.27267861 0.11127624 -0.22985810
v 0.33149606 0.08902098 -0.23303743
v 0.27267861 0.11127624 -0.22985810
v 0.28857523 0.10809692 -0.22667879
v 0.28221655 0.10491760 -0.21555115
v 0.28221655 0.10491760 -0.21555115
v 0.29652351 0.09537964 -0.21078219
v 0.30924082 0.09061064 -0.22190981
v 0.28698558 0.10173827 -0.19965458
v 0.28698558 0.10173827 -0.19965458
v 0.27108896 0.10014862 -0.19647525
v 0.24724405 0.09378998 -0.19647525
v 0.28698558 0.10173827 -0.18852696
v 0.31718910 0.07471405 -0.20760287
v 0.33785468 0.07312439 -0.21555117
v 0.33944434 0.05722779 -0.19329594
v 0.30606151 0.08266234 -0.19806491
v 0.32036841 0.06040712 -0.19011661
v 0.31718910 0.04451053 -0.16627170
v 0.33626503 0.03974155 -0.16627170
v 0.30765116 0.05245882 -0.15832341
v 0.30447179 0.02543461 -0.13447851
v 0.31083047 0.06994507 -0.18057865
v 0.29493386 0.05245882 -0.14719577
v 0.30606151 0.07312441 -0.16786137
v 0.30606151 0.08743133 -0.17580967
v 0.29652351 0.07471406 -0.15991308
v 0.27903724 0.07312441 -0.15673374
v 0.27903724 0.05086917 -0.14560610
v 0.29175454 0.02702427 -0.13129918
v 0.27744758 0.02543461 -0.13129917
v 0.27903724 0.05086917 -0.14560610
v 0.25996131 0.04768986 -0.14560612
v 0.27744758 0.02543461 -0.13129917
v 0.25996131 0.02384496 -0.13288884
v 0.27585793 0.00000006 -0.11540258
v 0.29493386 0.09061065 -0.16945104
v 0.29493386 0.09061065 -0.16945104
v 0.27744758 0.08902100 -0.16786137
v 0.29652351 0.07471406 -0.15991308
v 0.30129248 0.09855895 -0.18216830
v 0.30129248 0.09855895 -0.18216830
v 0.29175454 0.10014861 -0.17898899
v 0.30447179 0.09220031 -0.19011661
v 0.29811317 0.09696929 -0.19806491
v 0.29652351 0.10173827 -0.18852696
v 0.29811317 0.09696929 -0.19806491
v 0.12801957 0.06358643 -0.29026526
v 0.11530229 0.06676574 -0.29185492
v 0.12960923 0.08584167 -0.29662389
v 0.12007127 0.08743133 -0.29662389
v 0.12960923 0.08584167 -0.29662389
v 0.14232650 0.10809691 -0.29662389
v 0.15345411 0.10650724 -0.28867555
v 0.14232650 0.10809691 -0.29662389
v 0.15981275 0.13035214 -0.29503417
v 0.15345411 0.10650724 -0.28867555
v 0.13278855 0.10968658 -0.29821354
v 0.12484025 0.11286590 -0.29980320
v 0.12484025 0.11286590 -0.29980320
v 0.13278855 0.10968658 -0.29821354
v 0.12960923 0.08584167 -0.29662389
v 0.14073685 0.13353147 -0.30139285
v 0.15027478 0.13035215 -0.30139285
v 0.15981275 0.14783840 -0.30298245
v 0.16617140 0.14306943 -0.29980314
v 0.15027481 0.15260740 -0.30298251
v 0.13119888 0.13671079 -0.30457217
v 0.13755754 0.16055569 -0.30616182
v 0.11848161 0.11286590 -0.30616182
v 0.13119888 0.13671079 -0.30457217
v 0.11371263 0.08902098 -0.30139285
v 0.12325059 0.13830045 -0.31252050
v 0.12642990 0.15737638 -0.31728947
v 0.13755754 0.16055569 -0.30616182
v 0.12325060 0.16691433 -0.32205844
v 0.12801959 0.17327297 -0.31411016
v 0.11848161 0.13671079 -0.32046878
v 0.12007126 0.15419705 -0.32364810
v 0.11689197 0.17963161 -0.32205844
v 0.12166096 0.19552821 -0.30775148
v 0.11530228 0.16214536 -0.32841706
v 0.10576433 0.18281093 -0.32523775
v 0.10894366 0.20029719 -0.30934113
v 0.11053331 0.13830045 -0.32682741
v 0.11371262 0.11127623 -0.31569982
v 0.08668841 0.18440059 -0.32205844
v 0.08668841 0.18440059 -0.32205844
v 0.08986773 0.20188686 -0.30775148
v 0.10894366 0.20029719 -0.30934113
v 0.10258502 0.16373502 -0.33159637
v 0.08509876 0.16691433 -0.32841706
v 0.10099536 0.13830045 -0.33000672
v 0.05966419 0.20347652 -0.30616182
v 0.09145739 0.22096275 -0.28867555
v 0.05966420 0.22414209 -0.29026520
v 0.06125386 0.18757991 -0.31887907
v 0.06125386 0.18757991 -0.31887907
v 0.05966419 0.20347652 -0.30616182
v 0.01992270 0.20983514 -0.30934113
v 0.05966420 0.22414209 -0.29026520
v 0.06125386 0.18757991 -0.31887907
v 0.01992270 0.23050073 -0.29662383
v 0.01674339 0.25116634 -0.28390658
v 0.01515372 0.03179324 -0.37133789
v -0.00000006 0.00000003 -0.36815852
v -0.00000007 0.00000003 -0.37610686
v 0.04058827 0.03020358 -0.36021024
v -0.00000006 0.00000003 -0.36815852
v 0.01515372 0.03179324 -0.37133789
v 0.01515372 0.03179324 -0.37133789
v 0.01674338 0.05881746 -0.36497921
v 0.04058827 0.03020358 -0.36021024
v 0.04058827 0.03020358 -0.36021024
v 0.05966419 0.02702425 -0.35067230
v -0.00000006 0.00000003 -0.36815852
v 0.05966419 0.02702425 -0.35067230
v -0.00000008 0.00000003 -0.36021024
v -0.00000006 0.00000003 -0.36815852
v 0.07238148 0.00000003 -0.34908259
v -0.00000008 0.00000003 -0.36021024
v 0.04376760 0.05404848 -0.35226196
v 0.04376760 0.05404848 -0.35226196
v 0.07238148 0.02543458 -0.34113431
v 0.01674338 0.05881746 -0.36497921
v 0.04853657 0.07153474 -0.34272397
v 0.04376760 0.05404848 -0.35226196
v 0.02310202 0.08266236 -0.35226196
v 0.06125385 0.05086915 -0.34113431
v 0.06602283 0.06676576 -0.33477569
v 0.06125385 0.05086915 -0.34113431
v 0.02310202 0.08266236 -0.35226196
v 0.05648488 0.08266236 -0.33477569
v 0.04853657 0.07153474 -0.34272397
v 0.07397114 0.07948305 -0.33159637
v 0.07397114 0.07948305 -0.33159637
v 0.08668841 0.07630371 -0.32841706
v 0.06602283 0.06676576 -0.33477569
v 0.08032976 0.06358643 -0.33000672
v 0.08668841 0.07630371 -0.32841706
v 0.08032976 0.06358643 -0.33000672
v 0.07556079 0.04768984 -0.33318603
v 0.06125385 0.05086915 -0.34113431
v 0.07556079 0.04768984 -0.33318603
v 0.08191943 0.02384493 -0.32841706
v 0.07238148 0.02543458 -0.34113431
v 0.07238148 0.00000003 -0.34908259
v 0.08191943 0.00000003 -0.33477569
v 0.08827808 0.02384493 -0.30934113
v 0.08509874 0.00000003 -0.31252044
v 0.09145739 0.00000003 -0.29026520
v 0.08509874 0.04451051 -0.32364810
v 0.09463672 0.02384493 -0.29026520
v 0.10258501 0.00000004 -0.27595824
v 0.08986773 0.04292084 -0.30934113
v 0.09145738 0.06040712 -0.32205844
v 0.10576432 0.02225529 -0.27913755
v 0.10894365 0.04451051 -0.28390658
v 0.09940570 0.04768984 -0.29344451
v 0.10735399 0.06835541 -0.29662383
v 0.09622637 0.05563813 -0.30934113
v 0.10417467 0.07153474 -0.31093079
v 0.09940569 0.07471406 -0.32364810
v 0.11053331 0.08743133 -0.31252044
v 0.08668841 0.07630371 -0.32841706
v 0.10735399 0.08107270 -0.32046872
v 0.10258502 0.08902100 -0.32682741
v 0.10894366 0.09061065 -0.32205844
v 0.10894366 0.11127623 -0.32364810
v 0.10099536 0.11127623 -0.32682741
v 0.08827808 0.08743133 -0.32841706
v 0.08668841 0.11127623 -0.32682741
v 0.08509876 0.13989010 -0.32841706
v 0.06761250 0.11127623 -0.32682741
v 0.06443319 0.14147978 -0.32523775
v 0.08668841 0.11127623 -0.32682741
v 0.06761250 0.11127623 -0.32682741
v 0.06443319 0.14147978 -0.32523775
v 0.06761250 0.09220032 -0.32841706
v 0.08827808 0.08743133 -0.32841706
v 0.06761250 0.11127623 -0.32682741
v 0.06125386 0.16850398 -0.32523775
v 0.08509876 0.16691433 -0.32841706
v 0.06125386 0.18757991 -0.31887907
v 0.03740896 0.14306943 -0.32682741
v 0.05012624 0.09537964 -0.33318603
v 0.04376760 0.11286590 -0.33000672
v 0.03740896 0.14306943 -0.32682741
v 0.03740896 0.09537964 -0.33795500
v 0.04058827 0.08584167 -0.34113431
v 0.01833305 0.10968658 -0.34113431
v 0.01833305 0.10968658 -0.34113431
v 0.00879508 0.14624874 -0.33477569
v 0.03422964 0.17168331 -0.32364810
v 0.00720541 0.17486261 -0.32841706
v 0.03105032 0.18916956 -0.31728941
v 0.01992270 0.20983514 -0.30934113
v 0.01038473 0.18916956 -0.32205844
v 0.16458176 0.10173827 -0.26800996
v 0.16458176 0.11763486 -0.27436858
v 0.16458176 0.11763486 -0.27436858
v 0.17094038 0.13512112 -0.28390652
v 0.17570937 0.14942807 -0.29344451
v 0.17729904 0.12240385 -0.25529265
v 0.17729904 0.12240385 -0.25529265
v 0.16458176 0.10173827 -0.26800996
v 0.16458176 0.11763486 -0.27436858
v 0.18524735 0.14465909 -0.26642030
v 0.18524735 0.14465909 -0.26642030
v 0.17094038 0.13512112 -0.28390652
v 0.17570937 0.14942807 -0.29344451
v 0.18842666 0.16055569 -0.27595824
v 0.17094037 0.16055569 -0.29662383
v 0.18365766 0.10809691 -0.24416505
v 0.18365766 0.10809691 -0.24416505
v 0.19160597 0.13512114 -0.23144776
v 0.19955428 0.15578672 -0.24098572
v 0.18365769 0.17327297 -0.27913755
v 0.17094041 0.18440057 -0.27754790
v 0.18365769 0.20029718 -0.25052369
v 0.20273362 0.17327297 -0.24893402
v 0.19796465 0.18757991 -0.25211334
v 0.19637497 0.21301447 -0.22032014
v 0.18047838 0.22573175 -0.21873052
v 0.18683700 0.23685937 -0.18693730
v 0.21545087 0.18440059 -0.22032014
v 0.20909224 0.16691433 -0.21555115
v 0.20114391 0.14306945 -0.20919251
v 0.21068190 0.20029719 -0.22190979
v 0.20432325 0.22255243 -0.19011663
v 0.21068190 0.20029719 -0.22190979
v 0.21545087 0.20824549 -0.20124425
v 0.21545087 0.18440059 -0.22032014
v 0.20432325 0.22255243 -0.19011663
v 0.21386121 0.17327297 -0.19488560
v 0.20909224 0.16691433 -0.21555115
v 0.20114391 0.14306945 -0.20919251
v 0.22021987 0.19234890 -0.19806491
v 0.21704055 0.21460414 -0.17898899
v 0.22021987 0.19870755 -0.18057866
v 0.21386121 0.17804196 -0.17580968
v 0.22021988 0.20665583 -0.15832342
v 0.20432326 0.23368007 -0.15991309
v 0.19319564 0.24639735 -0.15832342
v 0.18683700 0.23685937 -0.18693730
v 0.18206801 0.25116634 -0.19011663
v 0.19001633 0.26070428 -0.16150275
v 0.21704057 0.22255245 -0.15991309
v 0.22180951 0.23526973 -0.13924751
v 0.21227154 0.24798702 -0.13765784
v 0.20432326 0.26229393 -0.13447854
v 0.22339916 0.21937312 -0.13765784
v 0.22339916 0.26388359 -0.12176125
v 0.20273358 0.27501121 -0.13765784
v 0.23134747 0.24957667 -0.12335091
v 0.20432326 0.28772849 -0.14560615
v 0.19001633 0.26070428 -0.16150275
v 0.19001633 0.27501121 -0.16627173
v 0.20432326 0.28772849 -0.14560615
v 0.21704054 0.28931814 -0.12335091
v 0.23134747 0.23526973 -0.12017158
v 0.24088544 0.26070428 -0.11063363
v 0.21863019 0.27819052 -0.11858193
v 0.23452678 0.27501121 -0.11063363
v 0.24088544 0.24798702 -0.10586463
v 0.24565443 0.26388359 -0.09950600
v 0.23929578 0.27978021 -0.10109566
v 0.22975782 0.29090783 -0.10268532
v 0.24406475 0.28454918 -0.08837838
v 0.24565443 0.25434566 -0.08519907
v 0.23452678 0.23368007 -0.09473702
v 0.22816816 0.21460414 -0.11222328
v 0.25042343 0.27024224 -0.08678872
v 0.23611647 0.23685938 -0.07407144
v 0.24883375 0.26070428 -0.06135417
v 0.25201309 0.27660087 -0.06453349
v 0.23929580 0.24639735 -0.05499553
v 0.25201309 0.27660087 -0.06453349
v 0.25042343 0.27978021 -0.03432995
v 0.24883375 0.26070428 -0.06135417
v 0.23452678 0.21301448 -0.08360940
v 0.23452678 0.22414210 -0.06771281
v 0.23929580 0.24639735 -0.05499553
v 0.23452680 0.23209041 -0.05022655
v 0.23452678 0.22414210 -0.06771281
v 0.24088544 0.21301448 -0.06135417
v 0.24088544 0.21301448 -0.06135417
v 0.24406475 0.19870755 -0.06771281
v 0.23452678 0.22414210 -0.06771281
v 0.23452678 0.21301448 -0.08360940
v 0.24088544 0.17804196 -0.08519906
v 0.22975782 0.19393857 -0.10109566
v 0.22816816 0.21460414 -0.11222328
v 0.23929575 0.15101776 -0.09791633
v 0.25837171 0.16214538 -0.06612314
v 0.22180951 0.16532469 -0.12335090
v 0.22180951 0.16532469 -0.12335090
v 0.22021985 0.19711789 -0.13129921
v 0.21545088 0.18440059 -0.15514411
v 0.23929575 0.11763489 -0.10586462
v 0.25837171 0.13989012 -0.07566110
v 0.25678205 0.11445558 -0.08043008
v 0.23770609 0.07789341 -0.11063360
v 0.21068189 0.15578672 -0.15196477
v 0.22657847 0.08266237 -0.13447852
v 0.22339916 0.12081420 -0.12970954
v 0.21227154 0.11922453 -0.15196477
v 0.21068189 0.15578672 -0.15196477
v 0.22021988 0.08743134 -0.15514410
v 0.23929575 0.04133122 -0.10109564
v 0.24883372 0.04927953 -0.07725075
v 0.23293710 0.05881748 -0.12811987
v 0.22975779 0.06517610 -0.13924749
v 0.23293710 0.03179327 -0.11858191
v 0.23611644 0.00635870 -0.09314734
v 0.23134744 0.00158972 -0.10904395
v 0.23293710 0.05086918 -0.13765781
v 0.23452678 0.02543461 -0.12811986
v 0.23452678 0.00000006 -0.11699225
v 0.23452678 0.00000006 -0.11699225
v 0.24406475 0.00000006 -0.11858191
v 0.23452678 0.02543461 -0.12811986
v 0.22816816 0.06835541 -0.14719579
v 0.24406475 0.00000006 -0.11858191
v 0.24406475 0.02384496 -0.13288884
v 0.23452678 0.02543461 -0.12811986
v 0.24406475 0.02384496 -0.13288884
v 0.23293710 0.05086918 -0.13765781
v 0.23452678 0.02543461 -0.12811986
v 0.25996131 0.00000006 -0.11858191
v 0.24247509 0.04768986 -0.14242679
v 0.23293710 0.05086918 -0.13765781
v 0.24247509 0.04768986 -0.14242679
v 0.22816816 0.06835541 -0.14719579
v 0.23293710 0.05086918 -0.13765781
v 0.23770612 0.06676577 -0.15196477
v 0.22021988 0.08743134 -0.15514410
v 0.22816816 0.06835541 -0.14719579
v 0.25837171 0.06835543 -0.15514410
v 0.27903724 0.07312441 -0.15673374
v 0.25360268 0.08266237 -0.16627172
v 0.23293713 0.07948306 -0.16309239
v 0.21386118 0.09537962 -0.17422001
v 0.21386118 0.09537962 -0.17422001
v 0.25042337 0.09061065 -0.18057865
v 0.27426827 0.09696929 -0.17898899
v 0.22975780 0.08743133 -0.17739932
v 0.21227153 0.09855895 -0.19170627
v 0.22657849 0.09061064 -0.19488560
v 0.22180946 0.09378996 -0.21237183
v 0.23293711 0.10173828 -0.23939607
v 0.22180946 0.09378996 -0.21237183
v 0.20750256 0.10014861 -0.20919251
v 0.21545087 0.09537962 -0.23144776
v 0.20591290 0.11922453 -0.17263035
v 0.20591290 0.11922453 -0.17263035
v 0.21227153 0.09855895 -0.19170627
v 0.20432325 0.11922453 -0.19011661
v 0.20591290 0.11922453 -0.17263035
v 0.21227153 0.09855895 -0.19170627
v 0.20750256 0.10014861 -0.20919251
v 0.20432325 0.11922453 -0.19011661
v 0.20591290 0.14942807 -0.17263035
v 0.20432325 0.14783841 -0.19170628
v 0.19955425 0.11763487 -0.20760286
v 0.19955425 0.11763487 -0.20760286
v 0.19319563 0.11445555 -0.22667877
v 0.19319563 0.11445555 -0.22667877
v 0.18683700 0.09061064 -0.24893402
v 0.19955425 0.11763487 -0.20760286
v 0.20114391 0.09855895 -0.22826843
v 0.19319563 0.11445555 -0.22667877
v 0.20114391 0.09855895 -0.22826843
v 0.20750256 0.10014861 -0.20919251
v 0.20114391 0.09855895 -0.22826843
v 0.18683700 0.09061064 -0.24893402
v 0.20750256 0.10014861 -0.20919251
v 0.17570937 0.14942807 -0.29344451
v 0.17094037 0.16055569 -0.29662383
v 0.15981278 0.16850397 -0.29503423
v 0.17094041 0.18440057 -0.27754790
v 0.14550583 0.17804195 -0.29662389
v 0.15504381 0.19870752 -0.27754796
v 0.15504381 0.19870752 -0.27754796
v 0.16935076 0.21301447 -0.24893406
v 0.13278857 0.18757991 -0.30139285
v 0.13278857 0.18757991 -0.30139285
v 0.13914719 0.20506617 -0.28867555
v 0.12166096 0.19552821 -0.30775148
v 0.15345415 0.22255243 -0.27436864
v 0.15504381 0.19870752 -0.27754796
v 0.13914719 0.20506617 -0.28867555
v 0.15345415 0.22255243 -0.27436864
v 0.16458176 0.23050073 -0.25211340
v 0.18047838 0.22573175 -0.21873052
v 0.16935076 0.21301447 -0.24893406
v 0.15345415 0.22255243 -0.27436864
v 0.17411973 0.24321802 -0.22190985
v 0.18683700 0.23685937 -0.18693730
v 0.18206801 0.25116634 -0.19011663
v 0.17253007 0.25911462 -0.22667882
v 0.16299210 0.24639733 -0.25529271
v 0.18047835 0.26706290 -0.19488561
v 0.19001633 0.26070428 -0.16150275
v 0.19001633 0.27501121 -0.16627173
v 0.16776110 0.27183190 -0.22985813
v 0.17729904 0.27978021 -0.19806492
v 0.18683702 0.28772849 -0.16945104
v 0.18683702 0.28772849 -0.16945104
v 0.20114395 0.29885611 -0.15037513
v 0.17888871 0.29726645 -0.16945104
v 0.17888871 0.29726645 -0.16945104
v 0.16299210 0.29249749 -0.19806491
v 0.19478530 0.30839407 -0.15037513
v 0.21068189 0.31952170 -0.13606818
v 0.19478530 0.30839407 -0.15037513
v 0.19955426 0.32588035 -0.12811989
v 0.21068189 0.31952170 -0.13606818
v 0.16617143 0.30521476 -0.16627172
v 0.19478530 0.30839407 -0.15037513
v 0.18524736 0.31634238 -0.14560615
v 0.16617143 0.30521476 -0.16627172
v 0.18524736 0.31634238 -0.14560615
v 0.17888871 0.32429069 -0.12970956
v 0.19955426 0.32588035 -0.12811989
v 0.15822312 0.32111138 -0.13765784
v 0.16617143 0.30521476 -0.16627172
v 0.17094040 0.33382866 -0.11063363
v 0.19001630 0.33541828 -0.10586464
v 0.20432326 0.33382866 -0.09950601
v 0.18047833 0.34654590 -0.08678874
v 0.21227154 0.32747000 -0.09473703
v 0.20432326 0.33382866 -0.09950601
v 0.19478530 0.34336659 -0.08043010
v 0.19478530 0.34336659 -0.08043010
v 0.18842664 0.35608387 -0.06453349
v 0.20273358 0.33541828 -0.07407145
v 0.19637497 0.34495625 -0.05181622
v 0.18683700 0.36403218 -0.04545758
v 0.17411971 0.36085287 -0.06930247
v 0.16140243 0.34495625 -0.08996805
v 0.15663347 0.33064932 -0.11540262
v 0.13914719 0.34336659 -0.10109568
v 0.15504380 0.36085287 -0.07248180
v 0.13119891 0.33064932 -0.12653023
v 0.13119891 0.33064932 -0.12653023
v 0.11530231 0.34018728 -0.13288887
v 0.13914719 0.34336659 -0.10109568
v 0.12007129 0.35608387 -0.10904397
v 0.15822312 0.32111138 -0.13765784
v 0.13119891 0.31793204 -0.15037513
v 0.16617143 0.30521476 -0.16627172
v 0.10099535 0.34972522 -0.14242682
v 0.13596788 0.30203545 -0.18057866
v 0.09145740 0.32905966 -0.16627173
v 0.09145740 0.32905966 -0.16627173
v 0.08827808 0.35608387 -0.14719582
v 0.10099535 0.34972522 -0.14242682
v 0.10894366 0.32111138 -0.15832342
v 0.07874013 0.33541828 -0.17104071
v 0.10576434 0.30362511 -0.18852696
v 0.15345415 0.29885611 -0.18693730
v 0.15345415 0.29885611 -0.18693730
v 0.13596788 0.29408714 -0.20601323
v 0.13596788 0.29408714 -0.20601323
v 0.10417469 0.29249749 -0.21237187
v 0.12960924 0.28295952 -0.22985813
v 0.08509877 0.30839407 -0.19329594
v 0.07079182 0.31634238 -0.19647527
v 0.07874013 0.33541828 -0.17104071
v 0.10258503 0.28136986 -0.23144779
v 0.10258503 0.28136986 -0.23144779
v 0.08032978 0.29567680 -0.21555118
v 0.06284353 0.30680445 -0.21396153
v 0.05648490 0.32111138 -0.19806492
v 0.05648490 0.32111138 -0.19806492
v 0.06125387 0.34018728 -0.17104071
v 0.05648490 0.32111138 -0.19806492
v 0.03581931 0.32270107 -0.20124424
v 0.06125387 0.34018728 -0.17104071
v 0.04535726 0.30362514 -0.22349948
v 0.04535726 0.30362514 -0.22349948
v 0.00561577 0.32588038 -0.20601322
v 0.07238150 0.28454918 -0.23303746
v 0.01197440 0.30362511 -0.23303744
v 0.04058829 0.28295955 -0.24416506
v 0.05648489 0.26547325 -0.25688237
v 0.00402611 0.28772849 -0.25529271
v 0.00402611 0.28772849 -0.25529271
v 0.01197440 0.30362511 -0.23303744
v 0.04535726 0.30362514 -0.22349948
v 0.00402611 0.28772849 -0.25529271
v -0.00000003 0.29220200 -0.25529271
v -0.00000003 0.29354405 -0.25126654
v 0.00402611 0.28772849 -0.25529271
v -0.00000003 0.29020613 -0.25869942
v -0.00000003 0.29220200 -0.25529271
v 0.01356407 0.26865256 -0.27118927
v 0.01356407 0.26865256 -0.27118927
v -0.00000004 0.27588677 -0.28023201
v -0.00000004 0.28293058 -0.27190316
v 0.05807456 0.24480768 -0.27436858
v 0.01356407 0.26865256 -0.27118927
v 0.05648489 0.26547325 -0.25688237
v 0.05807456 0.24480768 -0.27436858
v 0.09940571 0.26388359 -0.25529271
v 0.10258503 0.28136986 -0.23144779
v 0.09463672 0.24162835 -0.27118927
v 0.12960924 0.28295952 -0.22985813
v 0.12642992 0.26865256 -0.25052375
v 0.11371266 0.21778345 -0.29026526
v 0.12642993 0.21301447 -0.29185492
v 0.12166096 0.19552821 -0.30775148
v 0.13278857 0.23209040 -0.28072727
v 0.11689197 0.23844904 -0.27595830
v 0.14391619 0.22573175 -0.28231692
v 0.13755755 0.24957666 -0.27277899
v 0.12007127 0.25434566 -0.26642030
v 0.14391619 0.22573175 -0.28231692
v 0.15504381 0.23685937 -0.27118933
v 0.14391619 0.26547325 -0.25688237
v 0.12642992 0.26865256 -0.25052375
v 0.14391619 0.26547325 -0.25688237
v 0.14868517 0.24321802 -0.27436864
v 0.14868517 0.24321802 -0.27436864
v 0.15663348 0.25752497 -0.25847203
v 0.13755755 0.24957666 -0.27277899
v 0.15345415 0.27978021 -0.22985813
v 0.09622637 0.01271734 -0.04863686
v 0.19001630 0.00794835 -0.06453346
v 0.09622637 0.04927951 -0.05658517
v 0.19001630 0.04768986 -0.06771279
v 0.09622639 0.08266237 -0.06135415
v 0.19001630 0.08425203 -0.07089210
v 0.25360268 0.08425203 -0.08043006
v 0.09622639 0.10809694 -0.06135415
v 0.19001630 0.11286591 -0.07248177
v 0.25678205 0.11445558 -0.08043008
v 0.25837171 0.13989012 -0.07566110
v 0.09622639 0.12876251 -0.05658517
v 0.19001630 0.13512114 -0.06771279
v 0.19001630 0.15578672 -0.05976450
v 0.25837171 0.16214538 -0.06612314
v 0.24406475 0.01112767 -0.07248176
v 0.24883372 0.04927953 -0.07725075
v 0.24406475 0.01112767 -0.07248176
v 0.25360268 0.08425203 -0.08043006
v 0.09622639 0.14624877 -0.04863688
v 0.09622639 0.16055572 -0.03750926
v 0.19001631 0.17327298 -0.04704722
v 0.09622638 0.17327300 -0.02320232
v 0.09622638 0.17327300 -0.02320232
v 0.25678205 0.18122129 -0.05181620
v 0.25678205 0.18122129 -0.05181620
v 0.25360274 0.19552822 -0.03591961
v 0.25360274 0.19552822 -0.03591961
v 0.19001631 0.18757993 -0.03115062
v 0.25360274 0.19552822 -0.03591961
v 0.19001631 0.19711789 -0.01207470
v 0.19001631 0.18757993 -0.03115062
v 0.25360274 0.19552822 -0.03591961
v 0.24883376 0.20506617 -0.01525403
v 0.19001631 0.19711789 -0.01207470
v 0.19001631 0.20188688 0.00859088
v 0.24406476 0.20983516 0.00859088
v 0.24406476 0.20983516 0.00859088
v 0.24406476 0.20983516 0.03402543
v 0.19001631 0.20188688 0.00859088
v 0.24406476 0.20983516 0.03402543
v 0.19001631 0.20188688 0.03084611
v 0.19001631 0.20188688 0.00859088
v 0.25360274 0.19552822 -0.03591961
v 0.24565445 0.20824550 -0.04386790
v 0.24883376 0.20506617 -0.01525403
v 0.24406475 0.19870755 -0.06771281
v 0.23770614 0.22255245 -0.02002301
v 0.23929580 0.22096278 -0.04545757
v 0.09622637 0.14624877 0.08489455
v 0.09622638 0.18122129 -0.00730572
v 0.09622638 0.18440062 0.01018053
v 0.19001631 0.20188688 0.00859088
v 0.09622638 0.18440062 0.02766679
v 0.09622638 0.18440062 0.02766679
v 0.19001631 0.19711789 0.05151169
v 0.09622639 0.18122129 0.04515306
v 0.19001631 0.19711789 0.05151169
v 0.19001633 0.18599026 0.07058761
v 0.09622639 0.18122129 0.04515306
v 0.25996137 0.20029722 0.04674271
v 0.19001633 0.18599026 0.07058761
v 0.09622637 0.17327300 0.06104965
v 0.25996137 0.20029722 0.04674271
v 0.24406478 0.19552824 0.07694626
v 0.19001633 0.18599026 0.07058761
v 0.24406478 0.19552824 0.07694626
v 0.24565443 0.18440062 0.08966354
v 0.09622637 0.16055572 0.07376693
v 0.19001633 0.17327300 0.08489455
v 0.19001630 0.15737641 0.09602218
v 0.25042337 0.17009367 0.10079116
v 0.25042337 0.17009367 0.10079116
v 0.25519234 0.15578675 0.10714979
v 0.19001630 0.15737641 0.09602218
v 0.25519234 0.15578675 0.10714979
v 0.19001630 0.13830048 0.10397048
v 0.19001630 0.15737641 0.09602218
v 0.09622638 0.12876251 0.09284286
v 0.09622638 0.12876251 0.09284286
v 0.19001630 0.11445558 0.10873946
v 0.09622638 0.10809695 0.09761184
v 0.24406476 0.20983516 0.00859088
v 0.23134749 0.22732143 0.03402543
v 0.24406476 0.20983516 0.03402543
v 0.22975782 0.22573176 0.05787033
v 0.22975782 0.22573176 0.05787033
v 0.25996137 0.20029722 0.04674271
v 0.24406476 0.20983516 0.03402543
v 0.23452680 0.22732143 0.00700121
v 0.24406476 0.20983516 0.00859088
v 0.23452680 0.22732143 0.00700121
v 0.22657852 0.24639735 0.02766679
v 0.22975783 0.24321803 0.00382189
v 0.23293714 0.23844905 -0.02320233
v 0.22975783 0.24321803 0.00382189
v 0.22975782 0.21460414 0.08489455
v 0.24406478 0.19552824 0.07694626
v 0.22021987 0.25275600 0.04992203
v 0.22021987 0.25275600 0.04992203
v 0.23293714 0.26388359 0.01653917
v 0.23452681 0.20029722 0.10556013
v 0.23452681 0.20029722 0.10556013
v 0.24565443 0.18440062 0.08966354
v 0.24406478 0.19552824 0.07694626
v 0.25042337 0.17009367 0.10079116
v 0.23452681 0.20029722 0.10556013
v 0.24247509 0.18599027 0.11986708
v 0.25042337 0.17009367 0.10079116
v 0.24883375 0.17009367 0.12781537
v 0.23293713 0.19552824 0.13735333
v 0.24088541 0.17804199 0.14689130
v 0.21545091 0.24003871 0.08648421
v 0.21863022 0.22255245 0.11986706
v 0.21545091 0.24003871 0.08648421
v 0.23293713 0.18122131 0.15960857
v 0.22657852 0.27501121 0.02289781
v 0.22021987 0.25275600 0.04992203
v 0.23293714 0.26388359 0.01653917
v 0.19955429 0.27978021 0.07853591
v 0.19955429 0.27978021 0.07853591
v 0.20591293 0.28454918 0.04833236
v 0.19955429 0.27978021 0.07853591
v 0.21545090 0.28613883 0.03084610
v 0.22339919 0.19870758 0.15166028
v 0.21068190 0.30362511 0.01812882
v 0.23134749 0.28772849 0.01018053
v 0.21863021 0.30839407 -0.01207472
v 0.20273359 0.32270104 -0.02161267
v 0.19637497 0.31475273 0.03879440
v 0.19955428 0.32111138 0.01335984
v 0.19637497 0.34336659 -0.01684370
v 0.19637497 0.34177694 0.01812882
v 0.19319563 0.33541828 0.04197372
v 0.18524736 0.31952170 0.06899793
v 0.18524736 0.31952170 0.06899793
v 0.20591293 0.28454918 0.04833236
v 0.18365771 0.34177694 0.06104964
v 0.18365771 0.34177694 0.06104964
v 0.18524736 0.31952170 0.06899793
v 0.19637497 0.31475273 0.03879440
v 0.19319563 0.33541828 0.04197372
v 0.19319563 0.34495625 0.04674270
v 0.19478531 0.34972522 0.03879440
v 0.19478531 0.34972522 0.03879440
v 0.18524735 0.35290456 0.05628065
v 0.16617143 0.35608387 0.07535658
v 0.16458178 0.33382866 0.09602216
v 0.16458178 0.33382866 0.09602216
v 0.19319563 0.35767353 0.03084610
v 0.19319563 0.35767353 0.01335984
v 0.19001631 0.36244252 -0.01525404
v 0.18524735 0.36403218 0.03720473
v 0.18524735 0.36403218 0.03720473
v 0.19319563 0.35767353 0.03084610
v 0.19319563 0.35767353 0.01335984
v 0.18206801 0.36880115 0.01653916
v 0.16299210 0.37674946 0.01971848
v 0.16617142 0.37357014 0.04197371
v 0.18683700 0.35926318 0.04833236
v 0.16776107 0.37039080 0.05469100
v 0.14391617 0.38787708 0.05945998
v 0.16776109 0.36403218 0.06422896
v 0.14232652 0.38469777 0.06899793
v 0.13914721 0.37833911 0.08171523
v 0.12166093 0.40377370 0.07217725
v 0.13278855 0.37039080 0.09602216
v 0.11212298 0.40377370 0.08489453
v 0.09940571 0.39582539 0.10079113
v 0.12960924 0.35608387 0.11191876
v 0.09304705 0.37515980 0.12304637
v 0.09940571 0.39582539 0.10079113
v 0.05648488 0.38946676 0.13258435
v 0.09304705 0.37515980 0.12304637
v 0.08668842 0.35131490 0.14212228
v 0.12960924 0.35608387 0.11191876
v 0.05330557 0.36562186 0.15166026
v 0.07874013 0.33859760 0.15483958
v 0.10894368 0.31793204 0.15166026
v 0.12642992 0.33223900 0.13576366
v 0.15822312 0.31316307 0.12463604
v 0.15822312 0.31316307 0.12463604
v 0.13914721 0.28772849 0.15324992
v 0.10576435 0.30998373 0.16119823
v 0.15504381 0.30044580 0.13735332
v 0.15822312 0.31316307 0.12463604
v 0.18524736 0.26706290 0.12940502
v 0.15504381 0.30044580 0.13735332
v 0.19160599 0.27501121 0.10714979
v 0.20750257 0.22255245 0.14053264
v 0.17888871 0.25911462 0.14371195
v 0.14868516 0.29567680 0.14530163
v 0.17888871 0.25911462 0.14371195
v 0.21386123 0.19711789 0.16119823
v 0.14868516 0.29567680 0.14530163
v 0.16935074 0.25275600 0.15324993
v 0.17888871 0.25911462 0.14371195
v 0.13914721 0.28772849 0.15324992
v 0.19955426 0.22096278 0.15324992
v 0.21386123 0.19711789 0.16119823
v 0.22339919 0.17963165 0.16755687
v 0.23293713 0.18122131 0.15960857
v 0.22339918 0.15896606 0.17073619
v 0.18842667 0.21619380 0.15801890
v 0.18842667 0.21619380 0.15801890
v 0.21386123 0.19711789 0.16119823
v 0.21227156 0.17804199 0.17391549
v 0.22339919 0.17963165 0.16755687
v 0.21227156 0.15896606 0.17550518
v 0.20273361 0.19393858 0.16596720
v 0.20273361 0.19393858 0.16596720
v 0.20273362 0.17645231 0.17550516
v 0.20432325 0.15578675 0.17868447
v 0.19478530 0.19234893 0.16755685
v 0.20273361 0.19393858 0.16596720
v 0.18842667 0.21619380 0.15801890
v 0.19478530 0.19234893 0.16755685
v 0.19478530 0.19234893 0.16755685
v 0.20114394 0.17645231 0.17868447
v 0.20273362 0.17645231 0.17550516
v 0.19319564 0.19393858 0.16914652
v 0.18047836 0.21142483 0.15960857
v 0.18047836 0.21142483 0.15960857
v 0.16140243 0.24480769 0.15801892
v 0.18047836 0.21142483 0.15960857
v 0.17888868 0.21142483 0.16119823
v 0.17888868 0.21142483 0.16119823
v 0.17888868 0.21142483 0.16119823
v 0.19796462 0.19870758 0.17232583
v 0.19319564 0.19393858 0.16914652
v 0.20591293 0.17804199 0.18186380
v 0.18365768 0.21937312 0.16437754
v 0.20432328 0.20506620 0.17709482
v 0.15822312 0.24003872 0.16119824
v 0.15822312 0.24003872 0.16119824
v 0.18365768 0.21937312 0.16437754
v 0.17888868 0.21142483 0.16119823
v 0.13278855 0.27978021 0.15960857
v 0.13278855 0.27978021 0.15960857
v 0.13437822 0.27024224 0.16437756
v 0.13278855 0.27978021 0.15960857
v 0.12801957 0.28613883 0.16596721
v 0.13437822 0.27024224 0.16437756
v 0.13437822 0.27024224 0.16437756
v 0.14232652 0.26547325 0.16755685
v 0.16140243 0.24321803 0.16437756
v 0.16776109 0.24957669 0.16914654
v 0.19001631 0.22891110 0.17073618
v 0.20432328 0.20506620 0.17709482
v 0.17253007 0.25593531 0.18027414
v 0.20591293 0.21619381 0.18822244
v 0.19319566 0.23685938 0.17868447
v 0.00402612 0.37515986 0.18504313
v 0.02469168 0.37357017 0.16437756
v 0.01674339 0.39900473 0.15324992
v 0.05648488 0.38946676 0.13258435
v 0.01674339 0.39900473 0.15324992
v 0.00000002 0.42488080 0.13194017
v 0.00000003 0.41351560 0.14878501
v 0.05648488 0.38946676 0.13258435
v 0.09940571 0.39582539 0.10079113
v 0.05648489 0.41808063 0.10556011
v 0.00402611 0.43556690 0.10873943
v 0.09145741 0.41331166 0.09284283
v 0.10099537 0.41490132 0.08330487
v 0.10099537 0.41490132 0.08330487
v 0.08191946 0.42443928 0.08648419
v 0.05171591 0.43556690 0.08012556
v 0.00879508 0.44192553 0.08489454
v 0.07715047 0.43238756 0.07217725
v 0.09622639 0.42284963 0.07853590
v 0.09622639 0.42284963 0.07853590
v 0.10735401 0.41490132 0.07376692
v 0.09304707 0.42920825 0.06740827
v 0.09304707 0.42920825 0.06740827
v 0.12325058 0.40695301 0.06104964
v 0.10735401 0.42125994 0.06422895
v 0.09145742 0.43397725 0.05151167
v 0.07715047 0.43238756 0.07217725
v 0.10576435 0.42443928 0.04833235
v 0.12166093 0.40854266 0.04674270
v 0.14232650 0.38946673 0.04515303
v 0.10258503 0.42602894 0.02607711
v 0.11848162 0.40854266 0.02607712
v 0.13914719 0.38946673 0.02289780
v 0.08986775 0.43715656 0.02925644
v 0.08986775 0.43715656 0.02925644
v 0.07556082 0.43874621 0.05469099
v 0.09145742 0.43397725 0.05151167
v 0.07715047 0.43238756 0.07217725
v 0.07238149 0.44351521 0.03561506
v 0.08032979 0.43874621 0.01177017
v 0.04853659 0.44669452 0.03561507
v 0.07079184 0.44351521 0.01653915
v 0.05171591 0.44510487 0.01494949
v 0.07556082 0.43874621 0.05469099
v 0.04853659 0.44192553 0.05787031
v 0.04853659 0.44192553 0.05787031
v 0.00879509 0.44669452 0.06104963
v 0.00879509 0.44669452 0.06104963
v 0.00402610 0.44828418 0.02766678
v 0.02310203 0.44351521 0.00223221
v 0.03581931 0.34336662 -0.16945104
v 0.00561577 0.32588038 -0.20601322
v 0.00084679 0.35131490 -0.16627172
v 0.03581931 0.34336662 -0.16945104
v 0.03581931 0.32270107 -0.20124424
v 0.06920216 0.35926318 -0.14560615
v 0.04376760 0.36244255 -0.14083716
v 0.09463672 0.37198049 -0.12811989
v 0.01515372 0.36403221 -0.14242682
v 0.04376760 0.36244255 -0.14083716
v 0.00084679 0.35131490 -0.16627172
v 0.07715046 0.37357014 -0.12811990
v 0.10894366 0.36562183 -0.12494057
v 0.12007129 0.35608387 -0.10904397
v 0.11212298 0.37198049 -0.10904397
v 0.09781605 0.37992877 -0.11063363
v 0.05648489 0.37515983 -0.12335092
v 0.04217796 0.37674949 -0.11858194
v 0.05648489 0.37515983 -0.12335092
v 0.02946067 0.37357017 -0.12653023
v 0.04058829 0.38310814 -0.10586465
v 0.06125386 0.38310814 -0.10586465
v 0.06125386 0.38310814 -0.10586465
v 0.08032978 0.38310811 -0.10904397
v 0.02151237 0.38151845 -0.11381295
v 0.00084679 0.37674949 -0.12494058
v 0.01356407 0.39264607 -0.09314737
v 0.04217795 0.39582542 -0.08201977
v 0.06443318 0.39582542 -0.07884043
v 0.08032978 0.38310811 -0.10904397
v 0.04376761 0.41490132 -0.04704724
v 0.04217795 0.39582542 -0.08201977
v 0.06602287 0.41172197 -0.04545758
v 0.06443318 0.39582542 -0.07884043
v 0.04376761 0.41490132 -0.04704724
v 0.00243645 0.40695304 -0.07089213
v 0.01833306 0.41967028 -0.04386792
v 0.00561577 0.42920825 -0.03432996
v 0.03740897 0.43397725 -0.01525405
v 0.01833306 0.41967028 -0.04386792
v 0.04376761 0.41490132 -0.04704724
v 0.05330557 0.44033587 0.00064255
v 0.06443319 0.43874621 0.00064255
v 0.05966422 0.42920825 -0.01843336
v 0.05966422 0.42920825 -0.01843336
v 0.07397115 0.43079790 -0.00889541
v 0.07397115 0.43079790 -0.00889541
v 0.08032979 0.43874621 0.01177017
v 0.06443319 0.43874621 0.00064255
v 0.09145741 0.42920825 0.00700119
v 0.10099538 0.41967028 0.00382187
v 0.09145741 0.41808063 -0.01525404
v 0.08509877 0.40854266 -0.04227826
v 0.11530231 0.40536335 0.00064255
v 0.10894366 0.39900470 -0.02479200
v 0.08350911 0.39264607 -0.08043009
v 0.08032978 0.38310811 -0.10904397
v 0.10417468 0.39264607 -0.05181623
v 0.10099537 0.38628742 -0.08360942
v 0.10099537 0.38628742 -0.08360942
v 0.11530230 0.37515980 -0.08519908
v 0.11212298 0.37198049 -0.10904397
v 0.12484025 0.37674946 -0.05817486
v 0.12325059 0.36403218 -0.08837839
v 0.12007129 0.35608387 -0.10904397
v 0.13437821 0.36085287 -0.07725077
v 0.13437821 0.36085287 -0.07725077
v 0.12007129 0.35608387 -0.10904397
v 0.12484025 0.37674946 -0.05817486
v 0.12960924 0.38469777 -0.02956098
v 0.13437822 0.38787708 -0.00253676
v 0.15345415 0.37992877 -0.03274030
v 0.15822311 0.37992877 -0.00730574
v 0.15186450 0.37357014 -0.05340588
v 0.15186450 0.37357014 -0.05340588
v 0.17411973 0.37515980 -0.03591962
v 0.17411973 0.37515980 -0.03591962
v 0.15345415 0.37992877 -0.03274030
v 0.17729904 0.37357014 -0.01207472
v 0.17729904 0.37357014 -0.01207472
v 0.15822311 0.37992877 -0.00730574
v 0.18206801 0.36880115 0.01653916
v 0.17729904 0.37357014 -0.01207472
v 0.17253004 0.37198049 -0.05340588
v 0.19001631 0.36244252 -0.01525404
v 0.19637497 0.34495625 -0.05181622
v 0.19001630 0.08425203 0.10873947
v 0.09622638 0.08266237 0.09761184
v 0.19001630 0.04768986 0.10556015
v 0.19001630 0.04768986 0.10556015
v 0.09622638 0.04927951 0.09284286
v 0.09622638 0.08266237 0.09761184
v 0.09622637 0.01271734 0.08489456
v 0.19001630 0.04768986 0.10556015
v 0.19001630 0.00794835 0.10079117
v 0.09622637 0.01271734 0.08489456
v 0.24247509 0.01589665 0.10714980
v 0.22339919 0.04610020 0.11509810
v 0.22657850 0.08425203 0.11986709
v 0.22657850 0.08425203 0.11986709
v 0.24565440 0.12081423 0.12304641
v 0.25678200 0.13830048 0.11350844
v 0.25678200 0.13830048 0.11350844
v 0.24088541 0.13989013 0.14212231
v 0.24565440 0.12081423 0.12304641
v 0.22657844 0.11127627 0.14530164
v 0.22657850 0.08425203 0.11986709
v 0.22816816 0.04610020 0.13099471
v 0.22339919 0.04610020 0.11509810
v 0.22657850 0.08425203 0.11986709
v 0.22498885 0.00635870 0.13099471
v 0.22816816 0.08107270 0.13576367
v 0.22657844 0.11127627 0.14530164
v 0.22975779 0.02225529 0.14212233
v 0.22975779 0.00158972 0.13894300
v 0.22975779 0.02225529 0.14212233
v 0.24088541 0.00000006 0.14053267
v 0.22975779 0.00158972 0.13894300
v 0.23929575 0.02543461 0.14371198
v 0.22657847 0.04927953 0.14530165
v 0.22657847 0.04927953 0.14530165
v 0.22021985 0.07948306 0.15166028
v 0.23611644 0.05245885 0.15007062
v 0.25519240 0.02543461 0.14371198
v 0.22021985 0.07948306 0.15166028
v 0.22657847 0.07948306 0.15801892
v 0.22657847 0.04927953 0.14530165
v 0.22657847 0.07948306 0.15801892
v 0.22816816 0.08107270 0.13576367
v 0.21068189 0.11127627 0.16278790
v 0.22021985 0.07948306 0.15166028
v 0.21068189 0.11127627 0.16278790
v 0.22657844 0.11127627 0.14530164
v 0.25042337 0.05404851 0.15166028
v 0.27585793 0.02702427 0.14530165
v 0.26790965 0.05563818 0.15324995
v 0.24088541 0.08266239 0.15960857
v 0.25519240 0.08425206 0.16278790
v 0.26314068 0.08743137 0.16755687
v 0.28857523 0.05881749 0.15801892
v 0.22657846 0.10968661 0.17232585
v 0.21545085 0.10650729 0.16755687
v 0.21545085 0.10650729 0.16755687
v 0.26790965 0.09379004 0.17232585
v 0.24247508 0.11127628 0.17550518
v 0.28857523 0.08107273 0.17073618
v 0.25519234 0.11286594 0.18345347
v 0.28380626 0.09537968 0.18186383
v 0.30924082 0.08584173 0.18663280
v 0.31559944 0.06994511 0.17232585
v 0.23293711 0.13512117 0.19458109
v 0.25519234 0.11922459 0.19935007
v 0.22657846 0.13512117 0.18663280
v 0.23452677 0.13671082 0.20411906
v 0.25360268 0.12081424 0.21365702
v 0.22180952 0.15578675 0.19776042
v 0.22180952 0.15578675 0.20729838
v 0.23452677 0.13671082 0.20411906
v 0.23452677 0.13512117 0.21683635
v 0.25360268 0.12081424 0.21365702
v 0.23452677 0.13512117 0.21683635
v 0.22975780 0.13353151 0.22955362
v 0.25042337 0.11922459 0.22955362
v 0.24406473 0.11286594 0.24386057
v 0.22339915 0.12717286 0.24545023
v 0.23452677 0.10014866 0.26134682
v 0.20909221 0.11763491 0.26770544
v 0.22021984 0.07789342 0.27883303
v 0.22339915 0.12717286 0.24545023
v 0.20750253 0.14783847 0.24227090
v 0.20909221 0.11763491 0.26770544
v 0.20750253 0.14783847 0.24227090
v 0.21545087 0.15260744 0.22796397
v 0.21545087 0.15260744 0.22796397
v 0.20750259 0.18122131 0.22637430
v 0.20750253 0.14783847 0.24227090
v 0.19955425 0.17645234 0.23909159
v 0.21227156 0.18281098 0.21524668
v 0.22021984 0.15578675 0.21683635
v 0.22021984 0.15578675 0.21683635
v 0.21227156 0.18281098 0.21524668
v 0.21545087 0.15260744 0.22796397
v 0.21545090 0.18440062 0.20570871
v 0.21386124 0.18281096 0.19458108
v 0.21068190 0.17963165 0.18663278
v 0.21704052 0.15578675 0.19140178
v 0.20909221 0.15419710 0.18504313
v 0.21545087 0.13194185 0.18186381
v 0.21545087 0.13194185 0.18186381
v 0.20432325 0.15419710 0.18186380
v 0.20909221 0.15419710 0.18504313
v 0.20432325 0.15419710 0.18186380
v 0.20909221 0.15419710 0.18504313
v 0.20750256 0.13035217 0.17709483
v 0.20750256 0.13035217 0.17709483
v 0.20750256 0.13035217 0.17709483
v 0.20432325 0.15578675 0.17868447
v 0.20432325 0.15419710 0.18186380
v 0.20273362 0.17645231 0.17550516
v 0.20432325 0.13353151 0.17391551
v 0.20750256 0.13035217 0.17709483
v 0.20432325 0.15578675 0.17868447
v 0.20432325 0.13353151 0.17391551
v 0.21068190 0.14147979 0.17391551
v 0.20432325 0.13353151 0.17391551
v 0.21227156 0.15896606 0.17550518
v 0.21704051 0.13671082 0.16596721
v 0.22975779 0.13671082 0.15483959
v 0.23452675 0.16055572 0.16119824
v 0.24088541 0.13989013 0.14212231
v 0.23452675 0.16055572 0.16119824
v 0.24247506 0.15896606 0.14848095
v 0.24088541 0.13989013 0.14212231
v 0.24724406 0.13989013 0.13258435
v 0.25678200 0.13830048 0.11350844
v 0.25042337 0.15419710 0.13258435
v 0.25678200 0.13830048 0.11350844
v 0.25519234 0.15578675 0.10714979
v 0.07556080 0.33382866 0.16278787
v 0.05012625 0.35131490 0.15960857
v 0.05012625 0.35131490 0.15960857
v 0.05012625 0.34813559 0.16596721
v 0.07556080 0.33382866 0.16278787
v 0.05330557 0.36562186 0.15166026
v 0.02628134 0.36085290 0.17073618
v 0.05012625 0.35131490 0.15960857
v 0.02628134 0.36085290 0.17073618
v 0.05012625 0.34813559 0.16596721
v 0.05012625 0.35131490 0.15960857
v 0.01197440 0.36562186 0.18822245
v 0.01197440 0.36562186 0.18822245
v 0.02946066 0.35767359 0.17550516
v 0.02628134 0.36085290 0.17073618
v 0.02946066 0.35767359 0.17550516
v 0.05012625 0.34813559 0.16596721
v 0.02628134 0.36085290 0.17073618
v 0.01197440 0.36562186 0.18822245
v 0.01674338 0.36244255 0.19140176
v 0.02946066 0.35767359 0.17550516
v 0.01674338 0.36244255 0.19140176
v 0.02787100 0.36085290 0.19617075
v 0.02628135 0.36085290 0.21524666
v 0.03581930 0.35767359 0.18345347
v 0.02946066 0.35767359 0.17550516
v 0.02787100 0.36085290 0.19617075
v 0.03581930 0.35767359 0.18345347
v 0.04853660 0.35449427 0.21683632
v 0.02787101 0.35767359 0.23273292
v 0.05012625 0.35608393 0.20093973
v 0.02787101 0.35767359 0.23273292
v 0.04853658 0.35131490 0.23273292
v 0.04853660 0.35449427 0.21683632
v 0.04694693 0.34654593 0.24386054
v 0.07874012 0.33541828 0.24227087
v 0.04535726 0.33859763 0.25498813
v 0.08032978 0.34018728 0.23114325
v 0.08191945 0.34336659 0.21683630
v 0.05012625 0.35608393 0.20093973
v 0.07556079 0.32747000 0.25339848
v 0.04058828 0.32429075 0.27565372
v 0.10894367 0.32270104 0.24068122
v 0.11212298 0.32747000 0.22955360
v 0.07556080 0.31952173 0.26611578
v 0.10735400 0.31793204 0.24862953
v 0.08350911 0.30521476 0.28201234
v 0.12960926 0.31475273 0.23591223
v 0.10735401 0.31157345 0.25816751
v 0.12960926 0.31475273 0.23591223
v 0.13278857 0.31793204 0.22796392
v 0.11212298 0.32747000 0.22955360
v 0.11212298 0.30203545 0.26929510
v 0.12801959 0.30362511 0.24862953
v 0.10735400 0.31793204 0.24862953
v 0.12801959 0.30998373 0.24386053
v 0.12960926 0.31475273 0.23591223
v 0.12801959 0.30362511 0.24862953
v 0.14073688 0.30998373 0.22955360
v 0.13278857 0.31793204 0.22796392
v 0.13914722 0.30362511 0.23432258
v 0.14232653 0.31316307 0.22637427
v 0.14709549 0.30839407 0.21842597
v 0.14232653 0.31316307 0.22637427
v 0.14550583 0.31316307 0.21683630
v 0.14550583 0.31316307 0.21683630
v 0.14550586 0.30044580 0.22001563
v 0.13914722 0.29726645 0.23909156
v 0.14868517 0.30680442 0.20093973
v 0.14550586 0.29249749 0.22319494
v 0.14550586 0.28931814 0.24386053
v 0.13278857 0.29567683 0.25657779
v 0.12801959 0.30362511 0.24862953
v 0.11212298 0.30203545 0.26929510
v 0.13278857 0.29567683 0.25657779
v 0.15345415 0.28295952 0.22637427
v 0.14709552 0.28772849 0.20252937
v 0.14709552 0.29726645 0.20252937
v 0.14709552 0.29249749 0.18504313
v 0.14550586 0.28931814 0.24386053
v 0.15504383 0.27978021 0.25021917
v 0.15345415 0.28295952 0.22637427
v 0.15345415 0.28295952 0.22637427
v 0.15504383 0.27660087 0.20252937
v 0.14709552 0.28772849 0.20252937
v 0.12007130 0.28931814 0.27883303
v 0.08350911 0.30521476 0.28201234
v 0.14073685 0.28613883 0.26452607
v 0.17094038 0.26706290 0.22637425
v 0.15504383 0.27660087 0.20252937
v 0.16140245 0.27024224 0.25657779
v 0.14709549 0.27660090 0.27088469
v 0.09463673 0.28931814 0.29631931
v 0.06920216 0.28772849 0.31062627
v 0.06284352 0.30521482 0.29313999
v 0.10258503 0.27660090 0.30426759
v 0.08032979 0.27024227 0.31857455
v 0.12642995 0.27819052 0.28678131
v 0.14709549 0.26865259 0.27406400
v 0.08986776 0.25911462 0.32016420
v 0.12960924 0.27024224 0.28837097
v 0.10894366 0.26547325 0.30585724
v 0.12960924 0.26070431 0.28837097
v 0.09622638 0.25434569 0.31698489
v 0.08827810 0.25275606 0.32175386
v 0.07874013 0.24957672 0.32493317
v 0.08668843 0.24639739 0.32016420
v 0.08668843 0.23844908 0.31857455
v 0.11053332 0.25911462 0.30426759
v 0.09622637 0.24003875 0.30903661
v 0.09622639 0.24798705 0.31221592
v 0.11053332 0.25116634 0.29790896
v 0.11212298 0.23844908 0.29155034
v 0.12801959 0.25275603 0.28360200
v 0.08986774 0.23050079 0.32175386
v 0.12801959 0.24162841 0.27724338
v 0.10099534 0.23050079 0.31062627
v 0.11053330 0.22891113 0.29631931
v 0.10735400 0.21778350 0.31539524
v 0.09622638 0.21778350 0.32652283
v 0.07397114 0.23209044 0.32811254
v 0.11530232 0.21619384 0.30108827
v 0.11530232 0.19870760 0.31698483
v 0.07715046 0.21937317 0.33606076
v 0.10417467 0.19870760 0.32970220
v 0.12484029 0.17645234 0.31698483
v 0.11212298 0.17486268 0.33129185
v 0.08350910 0.20029725 0.34241945
v 0.08986774 0.17963168 0.34559876
v 0.08986774 0.17963168 0.34559876
v 0.09463671 0.16214542 0.34718841
v 0.11212298 0.17486268 0.33129185
v 0.12801960 0.17804201 0.30585724
v 0.12007130 0.20029725 0.30585724
v 0.12801960 0.17963167 0.29313993
v 0.12801960 0.17804201 0.30585724
v 0.13437822 0.15896609 0.30744690
v 0.12801960 0.17963167 0.29313993
v 0.12166096 0.20188691 0.29472959
v 0.12960926 0.18281098 0.28042269
v 0.13596788 0.15896609 0.29631925
v 0.12325061 0.20347655 0.28201234
v 0.11848164 0.21937317 0.28837097
v 0.13755755 0.18599030 0.27088469
v 0.13755755 0.16055575 0.28519166
v 0.14550583 0.16373508 0.27724338
v 0.12960926 0.20665587 0.27088469
v 0.15027481 0.19234894 0.26293641
v 0.15822311 0.16691437 0.27247435
v 0.12325061 0.22096282 0.27724338
v 0.14073688 0.21142486 0.26293641
v 0.13119891 0.22891113 0.27088469
v 0.16617142 0.19711791 0.25816745
v 0.17411973 0.17168336 0.26611578
v 0.15663345 0.21778350 0.25816745
v 0.14868516 0.23368010 0.26293641
v 0.14232650 0.24480774 0.26929504
v 0.18047835 0.20188689 0.25021923
v 0.18842666 0.17327303 0.25339854
v 0.19160597 0.20665587 0.23909159
v 0.17094038 0.22414215 0.25339848
v 0.16140245 0.23844908 0.25975710
v 0.18206804 0.22891113 0.24545018
v 0.19955428 0.21142486 0.22796397
v 0.16935073 0.24480774 0.25498813
v 0.15186447 0.24798705 0.26770538
v 0.20432328 0.21460418 0.21683635
v 0.18842666 0.23526977 0.23591226
v 0.19160597 0.24003875 0.22478464
v 0.20750259 0.21460418 0.20411906
v 0.21545090 0.18440062 0.20570871
v 0.19160597 0.24162841 0.21047769
v 0.20591293 0.21619381 0.18822244
v 0.20591293 0.21619381 0.18822244
v 0.20432328 0.20506620 0.17709482
v 0.21068190 0.17963165 0.18663278
v 0.19319566 0.24003875 0.19299142
v 0.19319566 0.23685938 0.17868447
v 0.17253007 0.26070428 0.19935006
v 0.19319566 0.23685938 0.17868447
v 0.17253007 0.25593531 0.18027414
v 0.17253007 0.26070428 0.19935006
v 0.17570938 0.26070428 0.24068120
v 0.17411973 0.25275603 0.24862951
v 0.16140245 0.26229396 0.26293641
v 0.15663345 0.25434569 0.26611573
v 0.14550583 0.26070431 0.27565366
v 0.14073685 0.25275603 0.27565366
v 0.00402611 0.36403221 0.21206734
v 0.01674338 0.36244255 0.19140176
v 0.01197440 0.36562186 0.18822245
v 0.00402611 0.36403221 0.21206734
v 0.01356406 0.36244255 0.21365701
v 0.01674338 0.35926324 0.23432259
v 0.03105033 0.35290462 0.24227089
v 0.03105033 0.35290462 0.24227089
v 0.02469169 0.34972525 0.24862954
v 0.02469169 0.34972525 0.24862954
v 0.00561577 0.35767359 0.23591225
v 0.01674339 0.34495628 0.25657779
v 0.00561577 0.35767359 0.23591225
v 0.00402611 0.36403221 0.21206734
v 0.00000003 0.36633283 0.21206734
v 0.00000003 0.36252242 0.22112601
v 0.00084679 0.34177697 0.26452607
v 0.04058828 0.32429075 0.27565372
v 0.04535727 0.30362517 0.29949862
v 0.01674339 0.31952173 0.28678137
v 0.04535727 0.30362517 0.29949862
v 0.03105033 0.29885614 0.30426759
v 0.01674339 0.31952173 0.28678137
v 0.00084679 0.34177697 0.26452607
v 0.02787102 0.27501124 0.32175386
v 0.03105033 0.29885614 0.30426759
v 0.01038476 0.28931820 0.31380558
v 0.00879509 0.26229399 0.33129185
v 0.04058829 0.26229399 0.32493317
v 0.02787102 0.27501124 0.32175386
v 0.04694692 0.28295958 0.31539524
v 0.04058829 0.26229399 0.32493317
v 0.05648489 0.26865262 0.32334352
v 0.06761251 0.25752503 0.32652283
v 0.02628136 0.25116634 0.33129185
v 0.05330556 0.25116634 0.32652283
v 0.02628136 0.25116634 0.33129185
v 0.07238148 0.24162841 0.32334352
v 0.06125386 0.24162844 0.32652283
v 0.05807453 0.23685946 0.33129185
v 0.04217795 0.24321806 0.33129185
v 0.01356406 0.23526977 0.34559876
v 0.03422964 0.22732149 0.34241945
v 0.05648488 0.22255251 0.34082979
v 0.03105031 0.20506620 0.35672635
v 0.01356406 0.23526977 0.34559876
v 0.00720543 0.21142486 0.36149538
v 0.03105031 0.20506620 0.35672635
v 0.05807453 0.20188691 0.35195738
v 0.06125386 0.17804201 0.35990572
v 0.06125386 0.17804201 0.35990572
v 0.06443317 0.15737644 0.36308503
v 0.10099535 0.14624882 0.34559876
v 0.03105032 0.15737644 0.37262297
v 0.02946066 0.17963168 0.36785400
v 0.02946066 0.17963168 0.36785400
v 0.02946066 0.17963168 0.36785400
v 0.00243644 0.18440065 0.37421262
v 0.03105032 0.15737644 0.37262297
v 0.05171591 0.35449427 0.18822245
v 0.05012625 0.35608393 0.20093973
v 0.08350912 0.34495625 0.20093971
v 0.05171591 0.35449427 0.18822245
v 0.08350912 0.34495625 0.20093971
v 0.05330557 0.34972525 0.17391551
v 0.05330557 0.34972525 0.17391551
v 0.05012625 0.34813559 0.16596721
v 0.03581930 0.35767359 0.18345347
v 0.08350911 0.34336659 0.18504311
v 0.08350912 0.34495625 0.20093971
v 0.05330557 0.34972525 0.17391551
v 0.08032978 0.33700794 0.17232582
v 0.05012625 0.34813559 0.16596721
v 0.05330557 0.34972525 0.17391551
v 0.08350911 0.34336659 0.18504311
v 0.08032978 0.33700794 0.17232582
v 0.08032978 0.33700794 0.17232582
v 0.07556080 0.33382866 0.16278787
v 0.05012625 0.34813559 0.16596721
v 0.08350912 0.34495625 0.20093971
v 0.11530230 0.32905966 0.18345346
v 0.08350911 0.34336659 0.18504311
v 0.11530230 0.32905966 0.18345346
v 0.08032978 0.33700794 0.17232582
v 0.08350911 0.34336659 0.18504311
v 0.08032978 0.33700794 0.17232582
v 0.11053332 0.31952170 0.16914652
v 0.07556080 0.33382866 0.16278787
v 0.08032978 0.33700794 0.17232582
v 0.11530230 0.32905966 0.18345346
v 0.11053332 0.31952170 0.16914652
v 0.10576435 0.30998373 0.16119823
v 0.11530231 0.33064932 0.21524665
v 0.08191945 0.34336659 0.21683630
v 0.11530231 0.33064932 0.21524665
v 0.11689197 0.33064932 0.19935007
v 0.13596790 0.32111138 0.21524665
v 0.13755755 0.32111138 0.19935007
v 0.13596790 0.31793204 0.18345346
v 0.13596790 0.31793204 0.18345346
v 0.12960926 0.31157342 0.17232583
v 0.14709552 0.31316307 0.19935007
v 0.14868517 0.30680442 0.20093973
v 0.14550586 0.30998373 0.18504313
v 0.14868517 0.30203545 0.18504313
v 0.14868517 0.30203545 0.18504313
v 0.14550586 0.30998373 0.18504313
v 0.14073688 0.30203545 0.17391551
v 0.14868517 0.30203545 0.18504313
v 0.14391619 0.29567680 0.17709482
v 0.14709552 0.29249749 0.18504313
v 0.14232653 0.28295952 0.17550516
v 0.13437822 0.28772849 0.16914652
v 0.12166094 0.30203545 0.16596721
v 0.12960926 0.31157342 0.17232583
v 0.13437822 0.28772849 0.16914652
v 0.12166094 0.30203545 0.16596721
v 0.12166094 0.30203545 0.16596721
v 0.12801957 0.28613883 0.16596721
v 0.10576435 0.30998373 0.16119823
v 0.12801957 0.28613883 0.16596721
v 0.13278855 0.27978021 0.15960857
v 0.10576435 0.30998373 0.16119823
v 0.14232652 0.26547325 0.16755685
v 0.13437822 0.27024224 0.16437756
v 0.14868517 0.26865256 0.17232583
v 0.14232653 0.28295952 0.17550516
v 0.16776109 0.24957669 0.16914654
v 0.15345415 0.27183190 0.18345346
v 0.15504383 0.27660087 0.20252937
v 0.14550586 0.28454918 0.18504313
v 0.15345415 0.27183190 0.18345346
v 0.14550586 0.28454918 0.18504313
v 0.14709552 0.28772849 0.20252937
v 0.15504383 0.27660087 0.20252937
v 0.14550586 0.28454918 0.18504313
v 0.14709552 0.29249749 0.18504313
v 0.14709552 0.28772849 0.20252937
v 0.20114394 0.17645231 0.17868447
v 0.20114394 0.17645231 0.17868447
v 0.27903724 0.10332798 0.19776042
v 0.27585793 0.10809696 0.21524668
v 0.27903724 0.10332798 0.19776042
v 0.30447185 0.09537968 0.20252939
v 0.29970282 0.10014866 0.22001565
v 0.30447185 0.09537968 0.20252939
v 0.27108896 0.10650730 0.22955362
v 0.29493386 0.10014866 0.23591225
v 0.32195807 0.09855901 0.22796395
v 0.32831675 0.09220035 0.21047768
v 0.32831675 0.09220035 0.21047768
v 0.33626503 0.08107273 0.19140176
v 0.34580302 0.09061070 0.21683633
v 0.34103400 0.09537968 0.23273294
v 0.34580302 0.09061070 0.21683633
v 0.33785468 0.09220035 0.24862953
v 0.35852021 0.08425204 0.23750192
v 0.35852021 0.08425204 0.23750192
v 0.36010987 0.08266239 0.21842599
v 0.34580302 0.09061070 0.21683633
v 0.31877875 0.09696935 0.24227089
v 0.35534096 0.08107273 0.25180882
v 0.35534096 0.08107273 0.25180882
v 0.37759614 0.06835546 0.24068123
v 0.37600648 0.06676580 0.25657779
v 0.31400979 0.08902104 0.25498819
v 0.33785468 0.09220035 0.24862953
v 0.33308572 0.08425206 0.25975716
v 0.33308572 0.08425206 0.25975716
v 0.35057199 0.07312445 0.26452607
v 0.37123752 0.06040716 0.26929510
v 0.39190310 0.05245885 0.26134676
v 0.38554448 0.04292090 0.27565372
v 0.36487889 0.05563818 0.27724338
v 0.34580302 0.06040716 0.27406406
v 0.36964786 0.04292090 0.28360200
v 0.32513744 0.06835546 0.27088475
v 0.32513744 0.06835546 0.27088475
v 0.34580296 0.04451056 0.28360200
v 0.31877869 0.04927954 0.28042275
v 0.36487889 0.02543464 0.29313999
v 0.37759614 0.02225535 0.29313999
v 0.41256869 0.03020361 0.27724338
v 0.34421331 0.02702430 0.29155034
v 0.39508241 0.02066569 0.29313999
v 0.34739262 0.00000009 0.30585724
v 0.36169958 0.00000007 0.30744690
v 0.37918580 0.00000010 0.31221592
v 0.40938938 0.00000010 0.32016420
v 0.40938938 0.00000010 0.32016420
v 0.41892737 0.01430704 0.30267793
v 0.39508241 0.02066569 0.29313999
v 0.33944428 0.01112770 0.29949862
v 0.31400973 0.02861397 0.29155034
v 0.31242007 0.01271737 0.29949862
v 0.31400973 0.00000009 0.30585730
v 0.29493386 0.05563818 0.27883303
v 0.28380626 0.01748635 0.30108833
v 0.28380626 0.01748635 0.30108833
v 0.28221661 0.00000009 0.31062627
v 0.31400973 0.00000009 0.30585730
v 0.25360268 0.00000009 0.31698489
v 0.31877869 0.04927954 0.28042275
v 0.29493386 0.05563818 0.27883303
v 0.25360268 0.02225533 0.30267799
v 0.22657847 0.00000009 0.31857455
v 0.31400973 0.02861397 0.29155034
v 0.28698558 0.03497261 0.28996068
v 0.26155102 0.04133125 0.28996068
v 0.23134747 0.03974158 0.29313999
v 0.22657847 0.01589669 0.30744696
v 0.26949930 0.06040718 0.27724338
v 0.24247508 0.06835547 0.27565372
v 0.25678200 0.08743139 0.25975716
v 0.28221661 0.07948308 0.26293647
v 0.26631999 0.10014866 0.24545023
v 0.29016489 0.09220035 0.24862953
v 0.30606151 0.07471411 0.26770544
v 0.29811317 0.02702427 0.14689131
v 0.27903724 0.00000006 0.13735336
v 0.25837171 0.00000006 0.13894302
v 0.30288219 0.00000004 0.13576369
v 0.32513744 0.02702427 0.14848097
v 0.32831675 0.00000004 0.13417402
v 0.35375130 0.00000004 0.13576369
v 0.32036841 0.05086920 0.15960859
v 0.35216165 0.02702425 0.14848098
v 0.34898233 0.04927953 0.16119824
v 0.37600648 0.02543463 0.15324996
v 0.37600648 0.00000006 0.14053267
v 0.39508241 0.00000006 0.14530165
v 0.34262365 0.06676580 0.17550516
v 0.37441683 0.04768987 0.16437757
v 0.36010987 0.07789342 0.19776042
v 0.36010987 0.07789342 0.19776042
v 0.36010987 0.07789342 0.19776042
v 0.36964786 0.06358647 0.17868450
v 0.34262365 0.06676580 0.17550516
v 0.36964786 0.06358647 0.17868450
v 0.38077545 0.06994511 0.22001565
v 0.38554448 0.06835546 0.19776043
v 0.38554448 0.06835546 0.19776043
v 0.39667207 0.05404852 0.24386056
v 0.40303075 0.05722784 0.21842597
v 0.39985138 0.04133123 0.26611573
v 0.41256869 0.03974158 0.25180882
v 0.43641359 0.03020361 0.26134676
v 0.41256869 0.03974158 0.25180882
v 0.42051703 0.04292090 0.22160530
v 0.40303075 0.05722784 0.21842597
v 0.43641359 0.03020361 0.26134676
v 0.41256869 0.03020361 0.27724338
v 0.42846531 0.02543466 0.28360200
v 0.43641359 0.03020361 0.26134676
v 0.42846531 0.02543466 0.28360200
v 0.45707917 0.02225532 0.27247441
v 0.45072049 0.01907602 0.28996068
v 0.44595152 0.01112773 0.30585724
v 0.44277221 0.00000010 0.32334352
v 0.47138608 0.01271738 0.29155034
v 0.46820676 0.00794840 0.30426759
v 0.46661711 0.00000010 0.31698489
v 0.47933441 0.00476907 0.30108827
v 0.48251373 0.00000010 0.30744696
v 0.48410338 0.00635874 0.29313999
v 0.49364132 0.00000010 0.29790902
v 0.48887235 0.00635874 0.28519171
v 0.49841034 0.00000009 0.28837103
v 0.47456539 0.01430704 0.28042269
v 0.48092413 0.01271735 0.26929510
v 0.49205172 0.00635871 0.27565378
v 0.50000000 0.00000009 0.27883309
v 0.49364138 0.00476906 0.26770544
v 0.50000000 0.00000007 0.26611578
v 0.48728275 0.00794837 0.25816751
v 0.49523103 0.00000007 0.24862958
v 0.46502751 0.02066565 0.25657779
v 0.47456545 0.01271735 0.24068123
v 0.48410344 0.00000007 0.22796400
v 0.46184820 0.00000007 0.20252939
v 0.45548952 0.01589668 0.21842599
v 0.44277227 0.03020361 0.23591225
v 0.44277227 0.03020361 0.23591225
v 0.45548952 0.01589668 0.21842599
v 0.43005496 0.03656225 0.20570870
v 0.46184820 0.00000007 0.20252939
v 0.43641359 0.02066566 0.19299145
v 0.43800324 0.00000007 0.18027417
v 0.42687565 0.00000006 0.16755688
v 0.42528600 0.02543463 0.17709485
v 0.42051703 0.00000006 0.15960859
v 0.42210668 0.04927954 0.20093973
v 0.42528600 0.04133123 0.18822247
v 0.41574800 0.05563818 0.19935007
v 0.41892737 0.05086920 0.18504314
v 0.42051703 0.03815192 0.17550518
v 0.40938938 0.05563818 0.18186380
v 0.41574800 0.05563818 0.19935007
v 0.40462041 0.06199682 0.19776042
v 0.40303075 0.05722784 0.21842597
v 0.40938938 0.05563818 0.18186380
v 0.39190310 0.06040716 0.18027416
v 0.37441683 0.04768987 0.16437757
v 0.39508241 0.04610020 0.16755690
v 0.41097903 0.04292090 0.17073619
v 0.42051703 0.03815192 0.17550518
v 0.42051703 0.02225530 0.16755688
v 0.42051703 0.02225530 0.16755688
v 0.41097903 0.02384496 0.16119824
v 0.42051703 0.00000006 0.15960859
v 0.40938938 0.00000006 0.15166028
v 0.39508241 0.00000006 0.14530165
v 0.39508241 0.02543463 0.15642928
v 0.37600648 0.02543463 0.15324996
v 0.22498885 0.00635870 0.13099471
v 0.24247509 0.01589665 0.10714980
v 0.22339919 0.04610020 0.11509810
v 0.00084679 0.16055575 0.37898165
v 0.00243646 0.13830051 0.37898165
v 0.03263998 0.13512120 0.37421262
v 0.03263998 0.13512120 0.37421262
v 0.07079181 0.13194187 0.36308503
v 0.10894366 0.13035220 0.34082979
v 0.03422964 0.11445561 0.37421262
v 0.00243645 0.11604527 0.37898165
v 0.05966419 0.11445561 0.36944366
v 0.03422964 0.11445561 0.37421262
v 0.08827808 0.11604527 0.35513669
v 0.09622638 0.10491765 0.34718841
v 0.07397114 0.10650731 0.36149538
v 0.08032978 0.09537968 0.35513669
v 0.09940571 0.09855901 0.33765048
v 0.06284352 0.09855901 0.36626434
v 0.03581931 0.09855901 0.37262297
v 0.03581931 0.09855901 0.37262297
v 0.08191945 0.08743139 0.34559876
v 0.09940571 0.09220037 0.32652283
v 0.08191943 0.07948309 0.33447117
v 0.06284350 0.07948309 0.35354704
v 0.06284352 0.08743139 0.36149538
v 0.03581931 0.08584173 0.36944366
v 0.00402610 0.09696935 0.37739193
v 0.03581931 0.08584173 0.36944366
v 0.03581930 0.07789342 0.36149538
v 0.00402610 0.08584173 0.37421262
v 0.03581930 0.07789342 0.36149538
v 0.06284350 0.07153480 0.34082979
v 0.06284350 0.07153480 0.34082979
v 0.08350909 0.07153480 0.32334352
v 0.08191943 0.07948309 0.33447117
v 0.00561576 0.07630378 0.36467469
v 0.00000002 0.00000010 0.34718841
v 0.00000002 0.00000010 0.34559876
v 0.00084678 0.02066569 0.33924013
v 0.00243644 0.03815193 0.33447117
v 0.00000002 0.00000010 0.34559876
v 0.02946066 0.01907603 0.33765048
v 0.00084678 0.02066569 0.33924013
v 0.02946066 0.01907603 0.33765048
v 0.00243644 0.03815193 0.33447117
v 0.00084678 0.02066569 0.33924013
v 0.05171590 0.01748636 0.33606076
v 0.00000002 0.00000010 0.34559876
v 0.07397114 0.00000010 0.34559876
v 0.05171590 0.01748636 0.33606076
v 0.07238148 0.01907603 0.33447117
v 0.09781604 0.00000010 0.34241945
v 0.09463671 0.02384500 0.32970220
v 0.05171591 0.03497261 0.33129185
v 0.02946066 0.01907603 0.33765048
v 0.07079181 0.03656228 0.32652283
v 0.09145740 0.04451057 0.32175386
v 0.02946066 0.03656228 0.33288151
v 0.02946066 0.03656228 0.33288151
v 0.02946066 0.01907603 0.33765048
v 0.00243644 0.05086921 0.33447117
v 0.02787100 0.04927956 0.33129185
v 0.02787100 0.04927956 0.33129185
v 0.05012624 0.04768988 0.32970220
v 0.06761250 0.05086921 0.32493317
v 0.08668841 0.05881751 0.31857455
v 0.00243644 0.06199683 0.34082979
v 0.02787100 0.06040718 0.33765048
v 0.00243644 0.06199683 0.34082979
v 0.04694691 0.06040718 0.33288151
v 0.06443317 0.06199683 0.32970220
v 0.03899860 0.06835547 0.34559876
v 0.03581930 0.07789342 0.36149538
v 0.01674338 0.06994514 0.35195738
v 0.01674338 0.06994514 0.35195738
v 0.00243644 0.06199683 0.34082979
v 0.02787100 0.06040718 0.33765048
v 0.01674338 0.06994514 0.35195738
v 0.12166093 0.00000010 0.33765048
v 0.11689197 0.02861397 0.32493317
v 0.14232652 0.00000010 0.33288151
v 0.11212298 0.05404852 0.31539524
v 0.10576432 0.07153480 0.31221592
v 0.13755755 0.06835546 0.30744696
v 0.13914721 0.03179328 0.31857455
v 0.15981278 0.03020363 0.31380558
v 0.16140243 0.00000009 0.32652289
v 0.10099536 0.08266240 0.31698489
v 0.10099536 0.08266240 0.31698489
v 0.12642992 0.08584173 0.30585724
v 0.11848161 0.09696935 0.31062621
v 0.11848161 0.09696935 0.31062621
v 0.11689197 0.10491765 0.32016420
v 0.14073686 0.10650731 0.30108827
v 0.13278857 0.11127629 0.30426759
v 0.14073686 0.10650731 0.30108827
v 0.15345415 0.09855901 0.29790896
v 0.15027483 0.12558323 0.29472959
v 0.15027483 0.12558323 0.29472959
v 0.13119890 0.11763493 0.31221586
v 0.11689197 0.11127629 0.32970214
v 0.11371264 0.11922459 0.33606076
v 0.13119890 0.12240391 0.32175386
v 0.12960921 0.13035220 0.32652283
v 0.12642992 0.13989016 0.32811248
v 0.13596787 0.13671084 0.32016420
v 0.13755752 0.13353153 0.31539518
v 0.13596787 0.14465915 0.31857455
v 0.12166093 0.15419711 0.32811248
v 0.13119888 0.15737642 0.31698483
v 0.12484029 0.17645234 0.31698483
v 0.13914718 0.14465915 0.31062621
v 0.13914718 0.13035220 0.30585724
v 0.14073685 0.14306949 0.30108827
v 0.14232652 0.12717289 0.29790896
v 0.14232652 0.12717289 0.29790896
v 0.13596788 0.15896609 0.29631925
v 0.14232650 0.14147982 0.29313993
v 0.13755755 0.16055575 0.28519166
v 0.14550583 0.16373508 0.27724338
v 0.15186448 0.14306948 0.28837097
v 0.15822311 0.16691437 0.27247435
v 0.16458173 0.14465915 0.28360206
v 0.16458173 0.14465915 0.28360206
v 0.17411973 0.17168336 0.26611578
v 0.15822311 0.16691437 0.27247435
v 0.16458175 0.12399356 0.29155034
v 0.18047835 0.14465915 0.27565372
v 0.18206801 0.12081424 0.28360206
v 0.19637494 0.14465915 0.25975716
v 0.19637494 0.14465915 0.25975716
v 0.17411971 0.09379002 0.29155034
v 0.19637494 0.08584172 0.28360206
v 0.22021984 0.07789342 0.27883303
v 0.16299209 0.06040716 0.30108833
v 0.18524733 0.05404852 0.29631931
v 0.20591292 0.04768988 0.29313999
v 0.20591292 0.04768988 0.29313999
v 0.22339919 0.01907602 0.30585730
v 0.23134747 0.03974158 0.29313999
v 0.18047836 0.02543466 0.30903661
v 0.18047836 0.00000009 0.32175392
v 0.20114395 0.02066568 0.30585730
v 0.22498885 0.00953805 0.31062627
v 0.20114395 0.00000009 0.31857455
v 0.48887241 0.00000004 -0.26959962
v 0.48887241 0.01430698 -0.26800996
v 0.48887241 0.01430698 -0.26800996
v 0.48887241 0.01430698 -0.26800996
v 0.49205172 0.01589663 -0.25688231
v 0.48887241 0.00000004 -0.26959962
v 0.48569310 0.02702425 -0.25688237
v 0.49205172 0.00000004 -0.25847197
v 0.49205172 0.01589663 -0.25688231
v 0.49205172 0.00000004 -0.24575467
v 0.46343786 0.03020357 -0.24734437
v 0.48092407 0.02543460 -0.24416506
v 0.48092407 0.02543460 -0.24416506
v 0.48569310 0.02702425 -0.25688237
v 0.45548952 0.02702427 -0.22985812
v 0.43641359 0.03020357 -0.23303743
v 0.48887241 0.01430698 -0.24416500
v 0.45548952 0.02702427 -0.22985812
v 0.46979648 0.02225529 -0.22667879
v 0.47933441 0.01271732 -0.22508913
v 0.48251373 0.00000004 -0.22508909
v 0.47615510 0.00000004 -0.19488557
v 0.46979648 0.01430698 -0.19806489
v 0.45866883 0.02225529 -0.19965455
v 0.46979648 0.01430698 -0.19806489
v 0.45548952 0.01271732 -0.17263034
v 0.47615510 0.00000004 -0.19488557
v 0.45866883 0.02225529 -0.19965455
v 0.45866883 0.00000004 -0.17104067
v 0.44913089 0.02066562 -0.17422000
v 0.44595158 0.01112768 -0.15832339
v 0.44436193 0.00000006 -0.15355441
v 0.43641359 0.01748632 -0.15673374
v 0.43800324 0.02384494 -0.17422001
v 0.43323427 0.01112768 -0.14560612
v 0.43005496 0.00000006 -0.13765782
v 0.41574800 0.00000006 -0.12494054
v 0.41892731 0.01112768 -0.13765782
v 0.40144104 0.00000006 -0.11540259
v 0.40462035 0.01271735 -0.13288885
v 0.42528600 0.02066565 -0.15355442
v 0.38713413 0.00000006 -0.10904394
v 0.41097903 0.02225530 -0.15355442
v 0.39349276 0.02702428 -0.15832339
v 0.39031345 0.01430701 -0.13129917
v 0.37123752 0.00000004 -0.10586462
v 0.37282717 0.01589666 -0.13129917
v 0.35375124 0.00000004 -0.10586461
v 0.42210668 0.02702427 -0.17739932
v 0.44436193 0.02543460 -0.20283388
v 0.45548952 0.02702427 -0.22985812
v 0.44436193 0.02543460 -0.20283388
v 0.42846531 0.02861391 -0.20601322
v 0.43641359 0.03020357 -0.23303743
v 0.40779972 0.03179322 -0.18216830
v 0.41256869 0.03815186 -0.20760287
v 0.41256869 0.03815186 -0.20760287
v 0.37600648 0.03179324 -0.15832339
v 0.39508241 0.03974153 -0.18693727
v 0.40462035 0.04768983 -0.20442355
v 0.41256869 0.05086915 -0.21714082
v 0.39667207 0.05881745 -0.20601322
v 0.38395476 0.04768983 -0.18693727
v 0.38713413 0.06676574 -0.21396151
v 0.36010987 0.03974155 -0.16786136
v 0.36964786 0.06040710 -0.19965456
v 0.36964786 0.06040710 -0.19965456
v 0.36010987 0.03974155 -0.16786136
v 0.35375124 0.01907596 -0.13447849
v 0.33467537 0.01907596 -0.13606817
v 0.33467537 0.01907596 -0.13606817
v 0.33467537 0.00000004 -0.10904395
v 0.35375124 0.00000004 -0.10586461
v 0.31718910 0.02066563 -0.13606817
v 0.31718916 0.00000004 -0.11063360
v 0.30129254 0.00000004 -0.11222326
v 0.28857523 0.00000006 -0.11381292
v 0.27585793 0.00000006 -0.11540258
v 0.36964786 0.07471405 -0.22508913
v 0.36964786 0.07471405 -0.22508913
v 0.36964786 0.07471405 -0.22508913
v 0.35534090 0.08902098 -0.24257539
v 0.37759614 0.08266233 -0.24575472
v 0.34898233 0.10491758 -0.25847203
v 0.23929580 0.24639735 -0.05499553
v 0.23929580 0.25275600 -0.02797131
v 0.23293714 0.23844905 -0.02320233
v 0.22975783 0.24321803 0.00382189
v 0.24724410 0.26547325 -0.03115063
v 0.23452680 0.25752497 -0.00094709
v 0.24088545 0.26865256 -0.00253675
v 0.24565445 0.27978021 -0.00889540
v 0.23611648 0.29249749 -0.00889539
v 0.24247511 0.29249749 -0.03750927
v 0.23770614 0.27819052 0.00700120
v 0.22816817 0.30680442 -0.04068859
v 0.24406475 0.28931814 -0.06771281
v 0.25042343 0.27024224 -0.08678872
v 0.24406475 0.28454918 -0.08837838
v 0.23134747 0.30203545 -0.06771281
v 0.23134747 0.29726645 -0.08837838
v 0.22975782 0.29090783 -0.10268532
v 0.21704054 0.31157342 -0.06771282
v 0.21386121 0.31634238 -0.04545758
v 0.20273359 0.32905966 -0.05022656
v 0.20750257 0.32429069 -0.07089213
v 0.20750257 0.32429069 -0.07089213
v 0.22180951 0.30680442 -0.08837838
v 0.20750257 0.32429069 -0.07089213
v 0.21704054 0.31793204 -0.08996806
v 0.20273358 0.33541828 -0.07407145
v 0.22180951 0.30680442 -0.08837838
v 0.22975782 0.29090783 -0.10268532
v 0.22657850 0.30362511 -0.10109567
v 0.22816816 0.29885611 -0.11063363
v 0.21863019 0.27819052 -0.11858193
v 0.22816816 0.29885611 -0.11063363
v 0.22657850 0.31316307 -0.10586465
v 0.21704054 0.28931814 -0.12335091
v 0.22816816 0.30998373 -0.11858194
v 0.22021985 0.30203545 -0.12970956
v 0.21704054 0.28931814 -0.12335091
v 0.22021985 0.30203545 -0.12970956
v 0.22657850 0.31793204 -0.12335092
v 0.21227154 0.32747000 -0.09473703
v 0.21227154 0.32747000 -0.09473703
v 0.22339916 0.32270104 -0.11063363
v 0.21545088 0.32747000 -0.11699227
v 0.21545088 0.32747000 -0.11699227
v 0.22657850 0.31793204 -0.12335092
v 0.22021985 0.32429069 -0.12653023
v 0.21545088 0.32747000 -0.11699227
v 0.22021985 0.32429069 -0.12653023
v 0.22657850 0.31793204 -0.12335092
v 0.21704054 0.31157342 -0.13447854
v 0.22021985 0.32429069 -0.12653023
v 0.38554448 0.01271735 -0.14242679
v 0.30765116 0.00000003 -0.18852694
v 0.30765116 0.01271731 -0.18852694
v 0.38554448 0.01271735 -0.14242679
v 0.38554448 0.00000006 -0.14242679
v 0.30765116 0.00000003 -0.18852694
v 0.30765116 0.01271731 -0.18852694
v 0.36328924 0.01271732 -0.08678871
v 0.38554448 0.01271735 -0.14242679
v 0.30765116 0.01271732 -0.11699224
v 0.43641353 0.01271734 -0.06771279
v 0.43641353 0.00000006 -0.06771279
v 0.45389980 0.01271734 0.02289783
v 0.45389980 0.00000006 0.02289783
v 0.43641353 0.01271734 -0.06771279
v 0.41256869 0.01271734 0.02289783
v 0.45389980 0.01271734 0.02289783
v 0.38554448 0.01271735 -0.14242679
v 0.39985144 0.01271735 -0.03750926
v 0.38554448 0.01271735 -0.14242679
v 0.36328924 0.01271732 -0.08678871
v 0.39985144 0.01271735 -0.03750926
v 0.39985144 0.01271735 -0.03750926
v 0.41256869 0.03020358 0.02289782
v 0.41256869 0.01271734 0.02289783
v 0.39985144 0.01271735 -0.03750926
v 0.39985144 0.03020358 -0.03750926
v 0.41256869 0.03020358 0.02289782
v 0.39985144 0.01271735 -0.03750926
v 0.36328924 0.01271732 -0.08678871
v 0.39985144 0.03020358 -0.03750926
v 0.39985144 0.03020358 -0.03750926
v 0.39985144 0.03020358 0.08330490
v 0.41256869 0.03020358 0.02289782
v 0.36328924 0.03020360 -0.08678871
v 0.36328924 0.01271732 -0.08678871
v 0.30765116 0.01271732 -0.11699224
v 0.36328924 0.03020360 -0.08678871
v 0.36328924 0.03020360 -0.08678871
v 0.36328924 0.03020360 0.13258438
v 0.39985144 0.03020358 -0.03750926
v 0.30765116 0.03020360 -0.11699224
v 0.30765116 0.01271732 -0.11699224
v 0.20273358 0.01271734 -0.11381292
v 0.30765116 0.03020360 -0.11699224
v 0.20273359 0.00000004 -0.20283388
v 0.20273359 0.00000004 -0.20283388
v 0.20273359 0.01271732 -0.20283388
v 0.30765116 0.01271731 -0.18852694
v 0.20273359 0.01271732 -0.20283388
v 0.30765116 0.01271732 -0.11699224
v 0.30765116 0.01271731 -0.18852694
v 0.20273359 0.00000004 -0.20283388
v 0.20273358 0.01271734 -0.11381292
v 0.20273359 0.01271732 -0.20283388
v 0.20273358 0.01271734 -0.11381292
v 0.30765116 0.01271732 -0.11699224
v 0.20273359 0.01271732 -0.20283388
v 0.45389980 0.01271734 0.02289783
v 0.43641353 0.01271734 0.11350844
v 0.45389980 0.00000006 0.02289783
v 0.43641353 0.00000006 0.11350845
v 0.45389980 0.01271734 0.02289783
v 0.39985144 0.01271735 0.08330490
v 0.43641353 0.01271734 0.11350844
v 0.41256869 0.01271734 0.02289783
v 0.41256869 0.01271734 0.02289783
v 0.39985144 0.03020358 0.08330490
v 0.39985144 0.01271735 0.08330490
v 0.39985144 0.03020358 0.08330490
v 0.39985144 0.01271735 0.08330490
v 0.36328924 0.01271732 0.13258438
v 0.43641353 0.01271734 0.11350844
v 0.38554448 0.01271737 0.18822248
v 0.38554448 0.01271737 0.18822248
v 0.30765116 0.01271732 0.16278791
v 0.38554448 0.00000007 0.18822248
v 0.30765116 0.01271732 0.16278791
v 0.30765116 0.01271734 0.23432261
v 0.38554448 0.01271737 0.18822248
v 0.30765116 0.01271734 0.23432261
v 0.38554448 0.00000007 0.18822248
v 0.38554448 0.01271737 0.18822248
v 0.30765116 0.00000006 0.23432261
v 0.36328924 0.03020360 0.13258438
v 0.36328924 0.03020360 0.13258438
v 0.36328924 0.01271732 0.13258438
v 0.39985144 0.01271735 0.08330490
v 0.39985144 0.03020358 0.08330490
v 0.39985144 0.03020358 -0.03750926
v 0.36328924 0.03020360 0.13258438
v 0.30765116 0.03020361 0.16278791
v 0.30765116 0.03020361 0.16278791
v 0.30765116 0.01271732 0.16278791
v 0.20273361 0.03020361 0.15483961
v 0.30765116 0.03020361 0.16278791
v 0.30765116 0.03020360 -0.11699224
v 0.20273361 0.03020361 0.15483961
v 0.30765116 0.03020360 -0.11699224
v 0.20273358 0.01271734 -0.11381292
v 0.20273358 0.03020360 -0.10586462
v 0.30765116 0.03020360 -0.11699224
v 0.20273358 0.01271734 -0.11381292
v 0.20273361 0.03020361 0.15483961
v 0.20273358 0.03020360 -0.10586462
v 0.20273358 0.03020360 -0.10586462
v 0.20273361 0.01271734 0.15007062
v 0.20273361 0.03020361 0.15483961
v 0.20273361 0.01271734 0.15007062
v 0.30765116 0.01271732 0.16278791
v 0.20273361 0.01271734 0.15007062
v 0.20273359 0.01271735 0.24862956
v 0.20273359 0.01271735 0.24862956
v 0.20273361 0.01271734 0.15007062
v 0.20273359 0.00000007 0.24862956
v 0.20273359 0.01271735 0.24862956
v 0.20273359 0.00000007 0.24862956
v 0.25485742 0.02225529 -0.08996802
v 0.25326777 0.05245884 -0.08201972
v 0.25485742 0.02225529 -0.08360939
v 0.25485742 0.02225529 -0.08996802
v 0.25326777 0.05245884 -0.08678871
v 0.25326777 0.05245884 -0.08201972
v 0.25326777 0.05245884 -0.08201972
v 0.24690911 0.05245884 -0.08201972
v 0.25485742 0.02225529 -0.08360939
v 0.25326777 0.05245884 -0.08201972
v 0.25326777 0.05245884 -0.08678871
v 0.24690911 0.05245884 -0.08201972
v 0.24531943 0.02225529 -0.08360939
v 0.25326777 0.05245884 -0.08678871
v 0.24690911 0.05245884 -0.08678871
v 0.24690911 0.05245884 -0.08201972
v 0.24690911 0.05245884 -0.08678871
v 0.24531943 0.02225529 -0.08360939
v 0.24690911 0.05245884 -0.08201972
v 0.24531943 0.02225529 -0.08360939
v 0.25485742 0.02225529 -0.08996802
v 0.25485742 0.02225529 -0.08360939
v 0.24531943 0.02225529 -0.08996802
v 0.25326777 0.05245884 -0.08678871
v 0.25485742 0.02225529 -0.08996802
v 0.24690911 0.05245884 -0.08678871
v 0.24531943 0.02225529 -0.08996802
v 0.24531943 0.02225529 -0.08996802
v 0.25644708 0.05245884 -0.07884041
v 0.26439536 0.02225529 -0.08043006
v 0.25803673 0.02225529 -0.08043007
v 0.26121604 0.05245884 -0.07884041
v 0.25644708 0.05245884 -0.07884041
v 0.25644708 0.05245884 -0.07248177
v 0.26121604 0.05245884 -0.07884041
v 0.25644708 0.05245884 -0.07248177
v 0.26121604 0.05245884 -0.07248177
v 0.26121604 0.05245884 -0.07884041
v 0.25803673 0.02225529 -0.08043007
v 0.25803673 0.02225529 -0.07089211
v 0.25644708 0.05245884 -0.07884041
v 0.25803673 0.02225529 -0.07089211
v 0.25644708 0.05245884 -0.07248177
v 0.25644708 0.05245884 -0.07884041
v 0.25803673 0.02225529 -0.07089211
v 0.26121604 0.05245884 -0.07248177
v 0.25644708 0.05245884 -0.07248177
v 0.25803673 0.02225529 -0.08043007
v 0.26439536 0.02225529 -0.07089210
v 0.25803673 0.02225529 -0.07089211
v 0.26439536 0.02225529 -0.07089210
v 0.26439536 0.02225529 -0.08043006
v 0.26439536 0.02225529 -0.07089210
v 0.25803673 0.02225529 -0.08043007
v 0.26439536 0.02225529 -0.08043006
v 0.26121604 0.05245884 -0.07248177
v 0.26439536 0.02225529 -0.07089210
v 0.26121604 0.05245884 -0.07884041
v 0.24372977 0.05245884 -0.07725075
v 0.24214011 0.02225529 -0.07884040
v 0.23578149 0.02225529 -0.07884040
v 0.23578149 0.02225529 -0.07884040
v 0.23896080 0.05245884 -0.07725075
v 0.24372977 0.05245884 -0.07725075
v 0.23896080 0.05245884 -0.07725075
v 0.24372977 0.05245884 -0.07248176
v 0.24372977 0.05245884 -0.07725075
v 0.24372977 0.05245884 -0.07248176
v 0.24214011 0.02225529 -0.07884040
v 0.24372977 0.05245884 -0.07725075
v 0.23896080 0.05245884 -0.07725075
v 0.23896080 0.05245884 -0.07248176
v 0.24372977 0.05245884 -0.07248176
v 0.24214011 0.02225529 -0.07884040
v 0.24214011 0.02225529 -0.06930245
v 0.23578149 0.02225529 -0.07884040
v 0.24214011 0.02225529 -0.06930245
v 0.24372977 0.05245884 -0.07248176
v 0.23896080 0.05245884 -0.07248176
v 0.24214011 0.02225529 -0.06930245
v 0.23578149 0.02225529 -0.06930245
v 0.23578149 0.02225529 -0.06930245
v 0.23896080 0.05245884 -0.07725075
v 0.23578149 0.02225529 -0.07884040
v 0.23896080 0.05245884 -0.07248176
v 0.23578149 0.02225529 -0.07884040
v 0.23578149 0.02225529 -0.06930245
v 0.23896080 0.05245884 -0.07248176
v 0.25485742 0.02225529 -0.06771278
v 0.25326777 0.05245884 -0.06294381
v 0.25485742 0.02225529 -0.05976449
v 0.25485742 0.02225529 -0.06771278
v 0.25326777 0.05245884 -0.06930245
v 0.25326777 0.05245884 -0.06294381
v 0.25326777 0.05245884 -0.06930245
v 0.24690911 0.05245884 -0.06294381
v 0.25326777 0.05245884 -0.06294381
v 0.25326777 0.05245884 -0.06930245
v 0.24690911 0.05245884 -0.06930245
v 0.24690911 0.05245884 -0.06294381
v 0.25326777 0.05245884 -0.06930245
v 0.25485742 0.02225529 -0.06771278
v 0.24690911 0.05245884 -0.06930245
v 0.25485742 0.02225529 -0.06771278
v 0.24531943 0.02225529 -0.06771278
v 0.24690911 0.05245884 -0.06930245
v 0.25326777 0.05245884 -0.06294381
v 0.24690911 0.05245884 -0.06294381
v 0.25485742 0.02225529 -0.05976449
v 0.24531943 0.02225529 -0.05976449
v 0.24531943 0.02225529 -0.05976449
v 0.25485742 0.02225529 -0.06771278
v 0.25485742 0.02225529 -0.05976449
v 0.24690911 0.05245884 -0.06294381
v 0.24690911 0.05245884 -0.06930245
v 0.24531943 0.02225529 -0.05976449
v 0.24531943 0.02225529 -0.06771278
v 0.24531943 0.02225529 -0.06771278
v 0.25803673 0.05404851 -0.08996803
v 0.24055046 0.06040715 -0.08996802
v 0.25803673 0.06040715 -0.08996803
v 0.25803673 0.06040715 -0.08996803
v 0.25803673 0.05404851 -0.06294382
v 0.25803673 0.05404851 -0.08996803
v 0.25803673 0.06040715 -0.06294382
v 0.25803673 0.05404851 -0.08996803
v 0.24055046 0.05404851 -0.08996802
v 0.24055046 0.06040715 -0.08996802
v 0.25803673 0.05404851 -0.08996803
v 0.25803673 0.05404851 -0.06294382
v 0.24055046 0.05404851 -0.08996802
v 0.24055046 0.05404851 -0.06294381
v 0.25803673 0.05404851 -0.06294382
v 0.25803673 0.06040715 -0.06294382
v 0.24055046 0.05404851 -0.06294381
v 0.24055046 0.05404851 -0.06294381
v 0.24055046 0.06040715 -0.06294381
v 0.24055046 0.05404851 -0.08996802
v 0.24055046 0.06040715 -0.06294381
v 0.24055046 0.06040715 -0.06294381
v 0.24055046 0.06040715 -0.08996802
v 0.24055046 0.05404851 -0.08996802
v 0.25803673 0.06040715 -0.06294382
v 0.25803673 0.06040715 -0.06453347
v 0.24055046 0.06040715 -0.06294381
v 0.24214011 0.06040715 -0.06453346
v 0.24055046 0.06040715 -0.08996802
v 0.24214011 0.06040715 -0.08996802
v 0.25803673 0.06040715 -0.06453347
v 0.25803673 0.11127626 -0.06453347
v 0.24214011 0.06040715 -0.06453346
v 0.24214011 0.11127626 -0.06453347
v 0.24214011 0.11127626 -0.06453347
v 0.24214011 0.06040715 -0.08996802
v 0.24214011 0.06040715 -0.06453346
v 0.25803673 0.11127626 -0.06453347
v 0.25962639 0.11127626 -0.06135416
v 0.24214011 0.11127626 -0.06453347
v 0.24214011 0.11127626 -0.06453347
v 0.24214011 0.11127625 -0.08996803
v 0.24214011 0.06040715 -0.08996802
v 0.24214011 0.11127625 -0.08996803
v 0.25803673 0.06040715 -0.08996803
v 0.24214011 0.06040715 -0.08996802
v 0.23896080 0.11127626 -0.06135416
v 0.24214011 0.11127625 -0.08996803
v 0.25962639 0.11127626 -0.06135416
v 0.25962639 0.11922456 -0.06135416
v 0.23896080 0.11127626 -0.06135416
v 0.25803673 0.11127625 -0.08996803
v 0.25803673 0.11127625 -0.08996803
v 0.25803673 0.06040715 -0.06453347
v 0.25803673 0.06040715 -0.08996803
v 0.25803673 0.11127626 -0.06453347
v 0.24214011 0.11127625 -0.08996803
v 0.23896080 0.11127625 -0.09155769
v 0.25803673 0.11127625 -0.08996803
v 0.23896080 0.11127625 -0.09155769
v 0.25962639 0.11127625 -0.09155769
v 0.25803673 0.11127626 -0.06453347
v 0.25962639 0.11127626 -0.06135416
v 0.23896080 0.11127626 -0.06135416
v 0.23896080 0.11922456 -0.06135416
v 0.23896080 0.11127625 -0.09155769
v 0.23896080 0.11922456 -0.06135416
v 0.25962639 0.11922456 -0.06135416
v 0.25803673 0.11922456 -0.06453347
v 0.23896080 0.11922456 -0.06135416
v 0.23896080 0.11922456 -0.09155769
v 0.23896080 0.11922456 -0.09155769
v 0.25962639 0.11127625 -0.09155769
v 0.23896080 0.11127625 -0.09155769
v 0.25962639 0.11127625 -0.09155769
v 0.25962639 0.11922456 -0.09155769
v 0.25962639 0.11127626 -0.06135416
v 0.25962639 0.11127625 -0.09155769
v 0.23896080 0.11922456 -0.09155769
v 0.25962639 0.11922456 -0.09155769
v 0.25962639 0.11922456 -0.06135416
v 0.25803673 0.11922456 -0.06453347
v 0.24214011 0.11922456 -0.06453347
v 0.23896080 0.11922456 -0.06135416
v 0.24214011 0.11922456 -0.06453347
v 0.23896080 0.11922456 -0.09155769
v 0.23896080 0.11922456 -0.06135416
v 0.25803673 0.11922456 -0.06453347
v 0.24214011 0.14465910 -0.05976450
v 0.24214011 0.11922456 -0.06453347
v 0.25803673 0.14465910 -0.05976449
v 0.25962639 0.11922456 -0.09155769
v 0.25803673 0.11922456 -0.08996803
v 0.25962639 0.11922456 -0.06135416
v 0.25803673 0.11922456 -0.08996803
v 0.25803673 0.11922456 -0.06453347
v 0.25962639 0.11922456 -0.06135416
v 0.24214011 0.11922456 -0.08996803
v 0.23896080 0.11922456 -0.09155769
v 0.24214011 0.11922456 -0.08996803
v 0.25803673 0.11922456 -0.08996803
v 0.25803673 0.14465910 -0.05976449
v 0.25803673 0.11922456 -0.06453347
v 0.24214011 0.11922456 -0.06453347
v 0.24214011 0.15260741 -0.08360939
v 0.24214011 0.11922456 -0.08996803
v 0.24214011 0.15260741 -0.08360939
v 0.25803673 0.11922456 -0.08996803
v 0.24214011 0.11922456 -0.08996803
v 0.24214011 0.14465910 -0.05976450
v 0.25803673 0.15260741 -0.08360940
v 0.25803673 0.15260741 -0.08360940
v 0.25803679 0.16691434 -0.04863688
v 0.25803679 0.18281095 -0.06930247
v 0.25803679 0.18281095 -0.06930247
v 0.25803673 0.18599027 -0.03115062
v 0.24214014 0.18281095 -0.06930246
v 0.24214014 0.18281095 -0.06930246
v 0.25803679 0.18281095 -0.06930247
v 0.25803673 0.20665585 -0.04545757
v 0.25803673 0.18599027 -0.03115062
v 0.25803679 0.18281095 -0.06930247
v 0.24214014 0.18281095 -0.06930246
v 0.25803673 0.20665585 -0.04545757
v 0.25803673 0.19711789 -0.00730573
v 0.24214011 0.14465910 -0.05976450
v 0.24214016 0.16691434 -0.04863688
v 0.24214014 0.18281095 -0.06930246
v 0.24214011 0.14465910 -0.05976450
v 0.25803673 0.14465910 -0.05976449
v 0.24214016 0.16691434 -0.04863688
v 0.25803679 0.16691434 -0.04863688
v 0.24214016 0.20665585 -0.04545757
v 0.24214016 0.20665585 -0.04545757
v 0.24214016 0.18599026 -0.03115062
v 0.24214016 0.18599026 -0.03115062
v 0.24214016 0.20665585 -0.04545757
v 0.24214016 0.16691434 -0.04863688
v 0.25803673 0.18599027 -0.03115062
v 0.25803673 0.22096278 -0.01525402
v 0.25803673 0.22096278 -0.01525402
v 0.25803673 0.20188688 0.01812884
v 0.24214016 0.22096278 -0.01525403
v 0.24214016 0.22096278 -0.01525403
v 0.24214016 0.19711789 -0.00730572
v 0.24214016 0.19711789 -0.00730572
v 0.25803673 0.19711789 -0.00730573
v 0.25803673 0.22573176 0.01812883
v 0.25803673 0.22573176 0.01812883
v 0.25803673 0.22096278 0.05151169
v 0.25803673 0.20188688 0.01812884
v 0.25803673 0.19711789 0.04356340
v 0.24214016 0.22573176 0.01812883
v 0.25803673 0.22573176 0.01812883
v 0.24214016 0.22573176 0.01812883
v 0.25803673 0.22096278 0.05151169
v 0.25803673 0.22573176 0.01812883
v 0.24214016 0.22573176 0.01812883
v 0.24214013 0.22096278 0.05151169
v 0.24214016 0.20188688 0.01812884
v 0.24214016 0.20188688 0.01812884
v 0.25803673 0.20188688 0.01812884
v 0.25803673 0.20188688 0.01812884
v 0.25803673 0.19711789 0.04356340
v 0.24214016 0.20188688 0.01812884
v 0.24214016 0.20188688 0.01812884
v 0.24214016 0.19711789 0.04356340
v 0.24214016 0.22573176 0.01812883
v 0.24214013 0.22096278 0.05151169
v 0.24214016 0.19711789 0.04356340
v 0.24214014 0.18599027 0.06740829
v 0.25803673 0.18599027 0.06740829
v 0.25803673 0.20665585 0.08171523
v 0.25803673 0.18599027 0.06740829
v 0.24214014 0.20665585 0.08171523
v 0.25803673 0.20665585 0.08171523
v 0.24214014 0.20665585 0.08171523
v 0.24214014 0.16691436 0.08489455
v 0.24214014 0.18599027 0.06740829
v 0.25803673 0.16691436 0.08489455
v 0.24214014 0.16691436 0.08489455
v 0.25803673 0.18599027 0.06740829
v 0.25803673 0.18281096 0.10556012
v 0.25803673 0.16691436 0.08489455
v 0.25803673 0.20665585 0.08171523
v 0.25803673 0.15260744 0.11986707
v 0.25803667 0.14465913 0.09602217
v 0.25803667 0.14465913 0.09602217
v 0.24214011 0.14465913 0.09602218
v 0.25803673 0.15260744 0.11986707
v 0.25803673 0.11922457 0.12463605
v 0.25803667 0.14465913 0.09602217
v 0.25803667 0.14465913 0.09602217
v 0.25803667 0.11922457 0.10079116
v 0.24214011 0.14465913 0.09602218
v 0.25803667 0.11922457 0.10079116
v 0.24214011 0.11922457 0.10079116
v 0.25803667 0.11922457 0.10079116
v 0.23896080 0.11922457 0.09761184
v 0.24214011 0.11922457 0.10079116
v 0.23896080 0.11922457 0.09761184
v 0.23896080 0.11922457 0.12781537
v 0.24214011 0.11922457 0.10079116
v 0.25803673 0.11922457 0.12463605
v 0.25962633 0.11922457 0.09761184
v 0.25803667 0.11922457 0.10079116
v 0.25962633 0.11922457 0.09761184
v 0.23896080 0.11922457 0.09761184
v 0.25803667 0.11922457 0.10079116
v 0.25962639 0.11922457 0.12781537
v 0.25962633 0.11922457 0.09761184
v 0.23896080 0.11127627 0.09761184
v 0.23896080 0.11922457 0.09761184
v 0.23896080 0.11127627 0.09761184
v 0.23896080 0.11127627 0.12781537
v 0.23896080 0.11922457 0.09761184
v 0.25962639 0.11922457 0.12781537
v 0.25962633 0.11127627 0.09761184
v 0.25962633 0.11922457 0.09761184
v 0.25962633 0.11127627 0.09761184
v 0.25962639 0.11922457 0.12781537
v 0.25962639 0.11127627 0.12781537
v 0.25962633 0.11127627 0.09761184
v 0.25962633 0.11127627 0.09761184
v 0.24214011 0.11127627 0.10079116
v 0.23896080 0.11127627 0.09761184
v 0.25962639 0.11127627 0.12781537
v 0.25803667 0.11127627 0.10079116
v 0.25962633 0.11127627 0.09761184
v 0.25803667 0.11127627 0.10079116
v 0.25962639 0.11127627 0.12781537
v 0.25803673 0.11127627 0.12463605
v 0.25803667 0.11127627 0.10079116
v 0.24214011 0.11127627 0.12463606
v 0.25803673 0.11127627 0.12463605
v 0.25803673 0.06040715 0.10079116
v 0.25803667 0.11127627 0.10079116
v 0.25803673 0.06040715 0.12463607
v 0.25803667 0.11127627 0.10079116
v 0.24214014 0.06040715 0.10079116
v 0.24214011 0.11127627 0.10079116
v 0.25803673 0.06040715 0.10079116
v 0.24214011 0.11127627 0.10079116
v 0.24214014 0.06040715 0.12463606
v 0.24214011 0.11127627 0.12463606
v 0.24214011 0.11127627 0.10079116
v 0.24214014 0.06040715 0.10079116
v 0.24214014 0.06040715 0.12463606
v 0.24214014 0.06040715 0.12463606
v 0.25803673 0.06040715 0.12463607
v 0.24214011 0.11127627 0.12463606
v 0.25803673 0.06040715 0.12463607
v 0.25803673 0.11127627 0.12463605
v 0.24214011 0.11127627 0.12463606
v 0.24214014 0.06040715 0.12463606
v 0.25803673 0.06040715 0.12622572
v 0.25803673 0.06040715 0.12463607
v 0.24214014 0.06040715 0.10079116
v 0.24055049 0.06040715 0.12622572
v 0.24055049 0.06040715 0.09920151
v 0.24214014 0.06040715 0.10079116
v 0.25803673 0.06040715 0.10079116
v 0.24055049 0.06040715 0.12622572
v 0.25803673 0.06040715 0.09920150
v 0.24055049 0.06040715 0.12622572
v 0.25803673 0.05404851 0.12622572
v 0.25803673 0.06040715 0.12622572
v 0.25803673 0.06040715 0.09920150
v 0.24055049 0.05404851 0.09920151
v 0.24055049 0.06040715 0.09920151
v 0.24055049 0.06040715 0.09920151
v 0.24055049 0.05404851 0.12622572
v 0.24055049 0.06040715 0.12622572
v 0.24055049 0.05404851 0.12622572
v 0.24055049 0.05404851 0.09920151
v 0.25803673 0.05404851 0.12622572
v 0.25803673 0.05404851 0.09920150
v 0.25803673 0.06040715 0.12622572
v 0.25803673 0.06040715 0.09920150
v 0.25803673 0.05404851 0.12622572
v 0.24055049 0.05404851 0.12622572
v 0.25803673 0.05404851 0.09920150
v 0.25803673 0.05404851 0.09920150
v 0.24055049 0.05404851 0.09920151
v 0.25803673 0.06040715 0.09920150
v 0.25803673 0.05404851 0.09920150
v 0.24055049 0.05404851 0.12622572
v 0.24055049 0.05404851 0.09920151
v 0.24214014 0.18281096 0.10556013
v 0.24214014 0.18281096 0.10556013
v 0.24214014 0.18281096 0.10556013
v 0.25803673 0.18281096 0.10556012
v 0.25803673 0.20665585 0.08171523
v 0.24214011 0.15260744 0.11986708
v 0.25803673 0.15260744 0.11986707
v 0.24214011 0.14465913 0.09602218
v 0.24214011 0.14465913 0.09602218
v 0.24214011 0.15260744 0.11986708
v 0.24214014 0.18281096 0.10556013
v 0.25803673 0.11922457 0.12463605
v 0.24214011 0.11922457 0.10079116
v 0.24214011 0.15260744 0.11986708
v 0.24214011 0.11922457 0.12463606
v 0.25803673 0.11922457 0.12463605
v 0.24214011 0.11922457 0.12463606
v 0.24214011 0.11922457 0.12463606
v 0.24214011 0.11922457 0.10079116
v 0.23896080 0.11922457 0.12781537
v 0.24214011 0.11922457 0.12463606
v 0.23896080 0.11922457 0.12781537
v 0.23896080 0.11922457 0.12781537
v 0.25962639 0.11127627 0.12781537
v 0.25962639 0.11922457 0.12781537
v 0.23896080 0.11127627 0.12781537
v 0.23896080 0.11922457 0.12781537
v 0.23896080 0.11922457 0.09761184
v 0.23896080 0.11127627 0.12781537
v 0.23896080 0.11127627 0.12781537
v 0.25803673 0.11127627 0.12463605
v 0.25962639 0.11127627 0.12781537
v 0.24214011 0.11127627 0.12463606
v 0.23896080 0.11127627 0.12781537
v 0.24690911 0.05245884 0.10079116
v 0.25485742 0.02225529 0.09761185
v 0.24531946 0.02225529 0.09761185
v 0.24690911 0.05245884 0.10079116
v 0.25326771 0.05245884 0.10079117
v 0.25485742 0.02225529 0.09761185
v 0.24690911 0.05245884 0.10079116
v 0.25326771 0.05245884 0.10556015
v 0.25326771 0.05245884 0.10079117
v 0.24690911 0.05245884 0.10556014
v 0.24690911 0.05245884 0.10079116
v 0.24531946 0.02225529 0.09761185
v 0.24690911 0.05245884 0.10556014
v 0.25326771 0.05245884 0.10556015
v 0.25485742 0.02225529 0.10556015
v 0.25326771 0.05245884 0.10079117
v 0.25326771 0.05245884 0.10556015
v 0.24690911 0.05245884 0.10556014
v 0.25485742 0.02225529 0.10556015
v 0.25485742 0.02225529 0.09761185
v 0.25485742 0.02225529 0.10556015
v 0.24531946 0.02225529 0.09761185
v 0.25485742 0.02225529 0.09761185
v 0.24531946 0.02225529 0.10556015
v 0.24531946 0.02225529 0.09761185
v 0.25485742 0.02225529 0.10556015
v 0.24531946 0.02225529 0.10556015
v 0.25485742 0.02225529 0.10556015
v 0.24690911 0.05245884 0.10556014
v 0.24531946 0.02225529 0.10556015
v 0.26121604 0.05245884 0.10873947
v 0.26439536 0.02225529 0.10714981
v 0.25803673 0.02225529 0.10714981
v 0.26439536 0.02225529 0.10714981
v 0.26439536 0.02225529 0.11668777
v 0.25803673 0.02225529 0.10714981
v 0.26439536 0.02225529 0.10714981
v 0.26121604 0.05245884 0.10873947
v 0.26439536 0.02225529 0.11668777
v 0.26121604 0.05245884 0.10873947
v 0.26121604 0.05245884 0.11509811
v 0.26439536 0.02225529 0.11668777
v 0.25644708 0.05245884 0.10873947
v 0.25644708 0.05245884 0.10873947
v 0.26121604 0.05245884 0.11509811
v 0.26121604 0.05245884 0.10873947
v 0.25644708 0.05245884 0.10873947
v 0.25644708 0.05245884 0.11509811
v 0.26121604 0.05245884 0.11509811
v 0.25644708 0.05245884 0.10873947
v 0.25803673 0.02225529 0.10714981
v 0.25644708 0.05245884 0.11509811
v 0.25644708 0.05245884 0.11509811
v 0.26439536 0.02225529 0.11668777
v 0.26121604 0.05245884 0.11509811
v 0.25803673 0.02225529 0.11668777
v 0.25803673 0.02225529 0.10714981
v 0.26439536 0.02225529 0.11668777
v 0.25803673 0.02225529 0.11668777
v 0.25803673 0.02225529 0.11668777
v 0.25485742 0.02225529 0.11986710
v 0.25326777 0.05245884 0.11827744
v 0.25485742 0.02225529 0.12781540
v 0.25326777 0.05245884 0.12463608
v 0.25326777 0.05245884 0.11827744
v 0.24690911 0.05245884 0.11827742
v 0.25326777 0.05245884 0.12463608
v 0.25485742 0.02225529 0.12781540
v 0.24531946 0.02225529 0.12781540
v 0.25485742 0.02225529 0.11986710
v 0.24531946 0.02225529 0.11986710
v 0.25326777 0.05245884 0.12463608
v 0.24690911 0.05245884 0.12463606
v 0.25485742 0.02225529 0.12781540
v 0.24690911 0.05245884 0.12463606
v 0.24531946 0.02225529 0.12781540
v 0.25485742 0.02225529 0.12781540
v 0.24690911 0.05245884 0.12463606
v 0.24690911 0.05245884 0.12463606
v 0.24531946 0.02225529 0.11986710
v 0.24531946 0.02225529 0.12781540
v 0.24690911 0.05245884 0.11827742
v 0.25326777 0.05245884 0.11827744
v 0.25485742 0.02225529 0.11986710
v 0.24690911 0.05245884 0.11827742
v 0.25485742 0.02225529 0.11986710
v 0.24531946 0.02225529 0.11986710
v 0.24690911 0.05245884 0.11827742
v 0.23896083 0.05245884 0.11032912
v 0.24214014 0.02225529 0.10873947
v 0.23578152 0.02225529 0.10873947
v 0.24214014 0.02225529 0.10873947
v 0.24214014 0.02225529 0.11827744
v 0.23578152 0.02225529 0.10873947
v 0.24214014 0.02225529 0.11827744
v 0.23578152 0.02225529 0.11827742
v 0.23578152 0.02225529 0.10873947
v 0.23896083 0.05245884 0.11032912
v 0.24372977 0.05245884 0.11032912
v 0.24214014 0.02225529 0.10873947
v 0.23896083 0.05245884 0.11032912
v 0.23896083 0.05245884 0.11668777
v 0.24372977 0.05245884 0.11032912
v 0.24214014 0.02225529 0.10873947
v 0.24372977 0.05245884 0.11668777
v 0.24214014 0.02225529 0.11827744
v 0.24372977 0.05245884 0.11668777
v 0.23578152 0.02225529 0.11827742
v 0.24214014 0.02225529 0.11827744
v 0.24372977 0.05245884 0.11032912
v 0.23896083 0.05245884 0.11668777
v 0.24372977 0.05245884 0.11668777
v 0.24372977 0.05245884 0.11032912
v 0.23896083 0.05245884 0.11668777
v 0.23578152 0.02225529 0.11827742
v 0.23896083 0.05245884 0.11032912
v 0.23578152 0.02225529 0.10873947
v 0.23896083 0.05245884 0.11668777
v 0.23896085 0.19870755 0.00700121
v 0.26121604 0.19870757 0.00700122
v 0.26121604 0.19870757 0.01335985
v 0.23896085 0.19870755 0.00700121
v 0.26121604 0.23050074 0.00064258
v 0.26121604 0.19870757 0.00700122
v 0.23896085 0.23050074 0.00064257
v 0.26121604 0.23050074 0.00064258
v 0.26121604 0.23209041 0.01018053
v 0.26121604 0.19870757 0.00700122
v 0.26121604 0.19870757 0.01335985
v 0.23896085 0.23050074 0.00064257
v 0.23896085 0.23209041 0.01018053
v 0.26121604 0.23050074 0.00064258
v 0.26121604 0.23209041 0.01018053
v 0.23896085 0.19870755 0.00700121
v 0.23896085 0.19870755 0.01335985
v 0.23896085 0.23050074 0.00064257
v 0.23896085 0.19870755 0.01335985
v 0.23896085 0.23209041 0.01018053
v 0.26121604 0.23209041 0.01018053
v 0.26280570 0.23368007 0.01018053
v 0.26121604 0.19870757 0.01335985
v 0.23896085 0.23209041 0.01018053
v 0.26280570 0.19711789 0.01335985
v 0.26280570 0.19711789 0.01335985
v 0.23896085 0.19870755 0.01335985
v 0.26121604 0.19870757 0.01335985
v 0.23896085 0.23209041 0.01018053
v 0.23737119 0.23368007 0.01018053
v 0.26280570 0.23368007 0.01018053
v 0.23737119 0.19711789 0.01335985
v 0.23737119 0.19711789 0.01335985
v 0.23896085 0.19870755 0.01335985
v 0.26280570 0.23368007 0.01018053
v 0.26280570 0.19711789 0.02289782
v 0.26280570 0.19711789 0.01335985
v 0.26280570 0.19711789 0.02289782
v 0.23737119 0.19711789 0.02289781
v 0.26280570 0.19711789 0.01335985
v 0.23737119 0.19711789 0.02289781
v 0.23737119 0.19711789 0.01335985
v 0.26280570 0.19711789 0.01335985
v 0.26280570 0.23368007 0.01018053
v 0.26280570 0.23368007 0.02607713
v 0.26280570 0.19711789 0.02289782
v 0.26280570 0.23368007 0.01018053
v 0.23737119 0.23368007 0.01018053
v 0.26280570 0.23368007 0.02607713
v 0.23737119 0.23368007 0.02607713
v 0.23737119 0.23368007 0.01018053
v 0.23737119 0.19711789 0.01335985
v 0.23737119 0.19711789 0.01335985
v 0.23737119 0.19711789 0.02289781
v 0.23737119 0.23368007 0.02607713
v 0.23737119 0.23368007 0.02607713
v 0.26280570 0.23368007 0.02607713
v 0.23737119 0.23368007 0.01018053
v 0.26280570 0.19711789 0.02289782
v 0.23896085 0.19870755 0.02289781
v 0.23737119 0.19711789 0.02289781
v 0.26280570 0.23368007 0.02607713
v 0.26121604 0.19870757 0.02289782
v 0.26280570 0.19711789 0.02289782
v 0.26121604 0.19870757 0.02289782
v 0.23737119 0.23368007 0.02607713
v 0.26121604 0.23209041 0.02607713
v 0.26280570 0.23368007 0.02607713
v 0.26121604 0.23209041 0.02607713
v 0.23896085 0.23209041 0.02607713
v 0.23737119 0.23368007 0.02607713
v 0.23896085 0.23209041 0.02607713
v 0.23896085 0.19870755 0.02289781
v 0.23896085 0.23050074 0.03561509
v 0.23896085 0.23209041 0.02607713
v 0.26121604 0.23209041 0.02607713
v 0.26121604 0.19870757 0.02925645
v 0.26121604 0.19870757 0.02289782
v 0.26121604 0.19870757 0.02289782
v 0.23896085 0.19870755 0.02925646
v 0.23896085 0.19870755 0.02289781
v 0.23896085 0.19870755 0.02925646
v 0.26121604 0.19870757 0.02289782
v 0.26121604 0.19870757 0.02925645
v 0.23896085 0.19870755 0.02925646
v 0.23896085 0.23050074 0.03561509
v 0.26121604 0.23050074 0.03561509
v 0.23896085 0.23209041 0.02607713
v 0.26121604 0.23050074 0.03561509
v 0.26121604 0.23209041 0.02607713
v 0.23896085 0.23209041 0.02607713
v 0.23896085 0.23050074 0.03561509
v 0.23896085 0.19870755 0.02925646
v 0.26121604 0.23050074 0.03561509
v 0.26121604 0.23050074 0.03561509
v 0.26121604 0.19870757 0.02925645
v 0.26121604 0.23209041 0.02607713
v 0.26121604 0.23050074 0.03561509
v 0.23896085 0.19870755 0.02925646
v 0.26121604 0.19870757 0.02925645
v -0.00000005 0.25953802 -0.29332471
v -0.00000005 0.24174812 -0.30065000
v -0.00000004 0.26987955 -0.28587639
v 0.01515372 0.03179324 -0.37133789
v -0.00000006 0.07649110 -0.36776978
v 0.01674338 0.05881746 -0.36497921
v -0.00000006 0.06338386 -0.37182885
v -0.00000006 0.10375556 -0.35627967
v -0.00000006 0.08686273 -0.36381298
v -0.00000005 0.14771459 -0.33917326
v -0.00000005 0.13431250 -0.34419906
v 0.01197440 0.30362511 -0.23303744
v 0.00000003 0.39408022 0.17097817
v 0.00000003 0.40585425 0.15781628
v -0.00000003 0.33037299 -0.20208216
v 0.00561577 0.32588038 -0.20601322
v -0.00000003 0.32700354 -0.20863393
v 0.00000003 0.37579554 0.18885730
v 0.00402612 0.37515986 0.18504313
v 0.00000003 0.37963325 0.18414845
v 0.00000003 0.37343436 0.19482073
v 0.00000003 0.37579554 0.18885730
v -0.01992279 0.23050073 -0.29662383
v -0.01674347 0.25116634 -0.28390658
v -0.00000005 0.24174812 -0.30065000
v -0.00000005 0.23492801 -0.30547839
v -0.00000005 0.22865106 -0.30934113
v -0.01992280 0.20983514 -0.30934113
v -0.01515386 0.03179324 -0.37133789
v -0.00000007 0.01663944 -0.37512630
v -0.00000007 0.00000003 -0.37753463
v -0.00000007 0.00000003 -0.37610686
v -0.02310214 0.08266236 -0.35226196
v -0.00000006 0.08686273 -0.36381298
v -0.00000006 0.07649110 -0.36776978
v -0.01674351 0.05881746 -0.36497921
v -0.02310214 0.08266236 -0.35226196
v -0.01833316 0.10968658 -0.34113431
v -0.00000006 0.11335320 -0.35121751
v -0.00000006 0.10375556 -0.35627967
v -0.00879519 0.14624874 -0.33477569
v -0.00000005 0.13431250 -0.34419906
v -0.00720552 0.17486261 -0.32841706
v -0.00000005 0.16850486 -0.33392715
v -0.00000005 0.14771459 -0.33917326
v -0.01038485 0.18916956 -0.32205844
v -0.00000005 0.19840050 -0.32090455
v -0.00000005 0.19236164 -0.32327032
v -0.01197446 0.30362511 -0.23303744
v -0.00000003 0.30619106 -0.23731403
v -0.00000003 0.29354405 -0.25126654
v -0.00402618 0.28772849 -0.25529271
v -0.01356415 0.26865256 -0.27118927
v -0.00402618 0.28772849 -0.25529271
v -0.00000003 0.29020613 -0.25869942
v -0.00000004 0.28293058 -0.27190316
v -0.00000004 0.27588677 -0.28023201
v -0.00000004 0.26987955 -0.28587639
v -0.09622643 0.04927954 -0.05658515
v -0.00000002 0.06331255 -0.05858989
v -0.00000002 0.08266237 -0.06135415
v -0.09622642 0.08266239 -0.06135412
v -0.00000002 0.09335421 -0.06135415
v -0.00000002 0.10809693 -0.06135416
v -0.09622642 0.10809695 -0.06135413
v -0.09622642 0.12876253 -0.05658515
v -0.00000002 0.11678404 -0.05934944
v -0.00000001 0.12876251 -0.05658518
v -0.00000001 0.13889815 -0.05197807
v -0.09622642 0.14624879 -0.04863686
v -0.00000001 0.15226291 -0.04395920
v -0.00000001 0.16055572 -0.03750926
v -0.09622641 0.16055574 -0.03750924
v -0.00000001 0.16590162 -0.03149511
v -0.00000001 0.17327298 -0.02320232
v -0.09622640 0.17327301 -0.02320230
v -0.09622640 0.17327301 -0.02320230
v -0.00000001 0.17661418 -0.01651994
v -0.00000001 0.18122129 -0.00730572
v -0.09622639 0.18122131 -0.00730570
v -0.09622639 0.14624879 0.08489458
v -0.09622639 0.16055574 0.07376696
v 0.00000000 0.16055572 0.07376693
v 0.00000000 0.15226294 0.08021688
v -0.09622638 0.12876254 0.09284289
v 0.00000000 0.13889816 0.08823576
v 0.00000000 0.12876251 0.09284286
v -0.09622638 0.10809696 0.09761187
v -0.09622638 0.12876254 0.09284289
v 0.00000000 0.12876251 0.09284286
v -0.00000000 0.11678404 0.09560713
v -0.09622639 0.18440063 0.01018056
v -0.00000001 0.18306413 0.00282990
v -0.00000001 0.18440062 0.01018053
v -0.00000000 0.18440062 0.02031616
v -0.09622639 0.18440063 0.02766682
v -0.09622639 0.18440063 0.02766682
v -0.00000000 0.18440062 0.02766679
v -0.00000000 0.18255778 0.03780242
v -0.09622639 0.18122131 0.04515308
v -0.00000000 0.18122129 0.04515306
v -0.00000000 0.17661420 0.05436726
v -0.09622639 0.17327301 0.06104967
v 0.00000000 0.17327298 0.06104966
v 0.00000000 0.16590162 0.06842103
v -0.05648484 0.38946676 0.13258435
v -0.01674333 0.39900473 0.15324992
v 0.00000002 0.42488080 0.13194017
v 0.00000002 0.42555431 0.13101530
v -0.05648484 0.38946676 0.13258435
v 0.00000002 0.42555431 0.13101530
v 0.00000002 0.42592576 0.13066448
v -0.05648484 0.41808063 0.10556012
v -0.00879505 0.44192553 0.08489454
v -0.00402607 0.43556690 0.10873943
v 0.00000002 0.43629894 0.10910544
v 0.00000002 0.44241413 0.08929207
v -0.00879506 0.44669452 0.06104963
v 0.00000002 0.44391155 0.08148999
v 0.00000002 0.44782934 0.06190077
v -0.00879506 0.44669452 0.06104963
v 0.00000002 0.44782934 0.06190077
v 0.00000002 0.44871554 0.03111771
v -0.00402608 0.44828418 0.02766678
v -0.00561582 0.32588038 -0.20601322
v -0.00000003 0.32700354 -0.20863393
v -0.00000003 0.31433907 -0.22673509
v -0.01197446 0.30362511 -0.23303744
v -0.01515376 0.36403221 -0.14242682
v -0.00084681 0.37674949 -0.12494058
v -0.00000001 0.37655407 -0.12559196
v -0.00000001 0.36747622 -0.14173800
v -0.01356408 0.39264607 -0.09314737
v -0.00000001 0.38973951 -0.10283600
v -0.00000001 0.37773740 -0.12352924
v 0.00000001 0.44560009 0.01379911
v 0.00000001 0.44021493 -0.01426923
v -0.02310202 0.44351521 0.00223222
v -0.00561577 0.42920825 -0.03432996
v 0.00000000 0.42722619 -0.04027608
v 0.00000000 0.41967028 -0.05266779
v -0.01833305 0.41967028 -0.04386792
v -0.00000000 0.10809693 0.09761184
v -0.00000000 0.09335420 0.09761184
v -0.09622639 0.08266239 0.09761187
v -0.00402605 0.37515986 0.18504313
v -0.01197435 0.36562186 0.18822245
v 0.00000003 0.36861545 0.20319040
v 0.00000003 0.37343436 0.19482073
v -0.00402604 0.36403221 0.21206734
v -0.00561570 0.35767359 0.23591225
v 0.00000003 0.35829753 0.23778413
v 0.00000003 0.36252242 0.22112601
v -0.00084671 0.34177697 0.26452607
v -0.01674331 0.31952173 0.28678137
v 0.00000004 0.31335312 0.29471236
v 0.00000003 0.33980125 0.26669002
v -0.00243637 0.18440065 0.37421262
v 0.00000004 0.19008559 0.37285906
v 0.00000004 0.21382666 0.36329669
v -0.00720535 0.21142486 0.36149538
v -0.00879501 0.26229399 0.33129185
v -0.02628127 0.25116634 0.33129185
v 0.00000004 0.24425024 0.34512407
v 0.00000004 0.24910143 0.34228563
v -0.01356398 0.23526977 0.34559876
v 0.00000004 0.24143523 0.34683186
v -0.09622639 0.04927954 0.09284289
v -0.09622639 0.08266239 0.09761187
v -0.00000000 0.08266237 0.09761184
v -0.00000000 0.06331253 0.09484758
v -0.09622640 0.01271735 0.08489459
v -0.00000000 0.04927953 0.09284286
v -0.00000001 0.02808684 0.08823576
v -0.00243638 0.11604527 0.37898165
v -0.00402604 0.09696935 0.37739193
v 0.00000003 0.09696935 0.37761569
v 0.00000003 0.11432545 0.37898165
v -0.00402604 0.08584173 0.37421262
v -0.00561570 0.07630378 0.36467469
v 0.00000003 0.07630378 0.36566567
v 0.00000003 0.08433196 0.37345773
v 0.00000002 0.00000010 0.34718841
v 0.00000002 0.00068811 0.34708256
v 0.00000002 0.02066569 0.33939886
v -0.00084674 0.02066569 0.33924013
v -0.00084674 0.02066569 0.33924013
v 0.00000002 0.02128665 0.33918363
v 0.00000002 0.03815193 0.33477569
v -0.00243639 0.03815193 0.33447117
v -0.00243639 0.05086921 0.33447117
v -0.00243639 0.03815193 0.33447117
v 0.00000002 0.03945136 0.33479601
v 0.00000003 0.05086921 0.33479601
v -0.00243638 0.06199683 0.34082979
v 0.00000003 0.06085984 0.34050494
v -0.01674332 0.06994514 0.35195738
v 0.00000003 0.06994514 0.35315335
v 0.00000003 0.07309480 0.35905898
v -0.20273367 0.03020363 -0.10586456
v -0.20273361 0.03020364 0.15483966
v -0.00000000 0.03020361 0.15483963
v -0.00000004 0.03020361 -0.10586459
v -0.00000006 0.06338386 -0.37182885
v -0.00000006 0.04839025 -0.37494594
v -0.01515386 0.03179324 -0.37133789
v -0.01674351 0.05881746 -0.36497921
v -0.00000005 0.20319422 -0.31863838
v -0.00000005 0.19840050 -0.32090455
v -0.01038485 0.18916956 -0.32205844
v -0.00000003 0.02808684 -0.05197807
v -0.00000002 0.04927953 -0.05658517
v -0.09622643 0.01271735 -0.04863684
v 0.00000003 0.37963325 0.18414845
v 0.00000003 0.39408022 0.17097817
v -0.00402605 0.37515986 0.18504313
v 0.00000002 0.42751473 0.12752782
v -0.00000002 0.35131490 -0.16681966
v -0.00000003 0.33037299 -0.20208216
v -0.00561582 0.32588038 -0.20601322
v -0.00084683 0.35131490 -0.16627172
v -0.00000002 0.35216171 -0.16522950
v -0.00000000 0.40277627 -0.07924569
v -0.00243645 0.40695304 -0.07089213
v 0.00000000 0.41967028 -0.05266779
v -0.00000000 0.40825245 -0.07007999
v -0.01833305 0.41967028 -0.04386792
v 0.00000000 0.43257770 -0.02983735
v 0.00000003 0.36633283 0.21206734
v 0.00000003 0.34332931 0.26240927
v 0.00000004 0.30550981 0.30204976
v 0.00000004 0.31335312 0.29471236
v -0.01674331 0.31952173 0.28678137
v -0.03105024 0.29885614 0.30426759
v 0.00000004 0.29762596 0.30826706
v -0.01038467 0.28931820 0.31380558
v 0.00000004 0.27258772 0.32781279
v 0.00000003 0.27979887 0.32245952
v -0.02787093 0.27501124 0.32175386
v 0.00000004 0.26709127 0.33049226
v 0.00000004 0.23201168 0.35223132
v 0.00000004 0.16067672 0.37910259
v 0.00000004 0.18228909 0.37502480
v -0.00084671 0.16055575 0.37898165
v 0.00000004 0.13845278 0.37928617
v 0.00000004 0.15982190 0.37909454
v -0.00243637 0.13830051 0.37898165
v 0.00000003 0.11604527 0.37912494
v 0.00000004 0.13629404 0.37912494
v 0.00000003 0.08584173 0.37444943
v 0.00000003 0.09531157 0.37715513
v 0.00000003 0.06443325 0.34472805
v 0.00000003 0.06994514 0.35315335
v -0.01674332 0.06994514 0.35195738
v -0.00243638 0.06199683 0.34082979
v 0.01992270 0.23050073 -0.29662383
v -0.00000005 0.23492801 -0.30547839
v -0.00000005 0.24174812 -0.30065000
v 0.01674339 0.25116634 -0.28390658
v 0.01992270 0.20983514 -0.30934113
v 0.01515372 0.03179324 -0.37133789
v -0.00000007 0.00000003 -0.37610686
v -0.00000007 0.00000003 -0.37753463
v -0.00000007 0.01663944 -0.37512630
v 0.02310202 0.08266236 -0.35226196
v 0.01674338 0.05881746 -0.36497921
v -0.00000006 0.07649110 -0.36776978
v -0.00000006 0.08686273 -0.36381298
v 0.02310202 0.08266236 -0.35226196
v -0.00000006 0.10375556 -0.35627967
v -0.00000006 0.11335320 -0.35121751
v 0.01833305 0.10968658 -0.34113431
v 0.01833305 0.10968658 -0.34113431
v -0.00000006 0.11335320 -0.35121751
v -0.00000005 0.13431250 -0.34419906
v 0.00879508 0.14624874 -0.33477569
v -0.00000005 0.14771459 -0.33917326
v 0.00720541 0.17486261 -0.32841706
v 0.01038473 0.18916956 -0.32205844
v 0.01197440 0.30362511 -0.23303744
v 0.00402611 0.28772849 -0.25529271
v -0.00000003 0.29354405 -0.25126654
v -0.00000003 0.30619106 -0.23731403
v 0.01356407 0.26865256 -0.27118927
v -0.00000004 0.28293058 -0.27190316
v -0.00000003 0.29020613 -0.25869942
v 0.00402611 0.28772849 -0.25529271
v -0.00000004 0.26987955 -0.28587639
v -0.00000004 0.27588677 -0.28023201
v 0.09622637 0.04927951 -0.05658517
v 0.09622639 0.08266237 -0.06135415
v 0.09622639 0.10809694 -0.06135415
v 0.09622639 0.12876251 -0.05658517
v 0.09622639 0.14624877 -0.04863688
v 0.09622639 0.16055572 -0.03750926
v 0.09622638 0.17327300 -0.02320232
v 0.09622638 0.17327300 -0.02320232
v 0.09622638 0.18122129 -0.00730572
v 0.09622637 0.14624877 0.08489455
v 0.09622637 0.16055572 0.07376693
v 0.09622638 0.12876251 0.09284286
v 0.09622638 0.10809695 0.09761184
v 0.09622638 0.12876251 0.09284286
v 0.09622638 0.18440062 0.01018053
v 0.09622638 0.18440062 0.02766679
v 0.09622638 0.18440062 0.02766679
v 0.09622639 0.18122129 0.04515306
v 0.09622637 0.17327300 0.06104965
v 0.05648488 0.38946676 0.13258435
v 0.00000002 0.42555431 0.13101530
v 0.00000002 0.42488080 0.13194017
v 0.01674339 0.39900473 0.15324992
v 0.05648488 0.38946676 0.13258435
v 0.05648489 0.41808063 0.10556011
v 0.00000002 0.42555431 0.13101530
v 0.00879508 0.44192553 0.08489454
v 0.00402611 0.43556690 0.10873943
v 0.00879509 0.44669452 0.06104963
v 0.00879509 0.44669452 0.06104963
v 0.00402610 0.44828418 0.02766678
v 0.00561577 0.32588038 -0.20601322
v 0.01197440 0.30362511 -0.23303744
v -0.00000003 0.32700354 -0.20863393
v 0.01515372 0.36403221 -0.14242682
v 0.00084679 0.37674949 -0.12494058
v 0.01356407 0.39264607 -0.09314737
v 0.02310203 0.44351521 0.00223221
v 0.00561577 0.42920825 -0.03432996
v 0.01833306 0.41967028 -0.04386792
v 0.09622638 0.08266237 0.09761184
v 0.00402612 0.37515986 0.18504313
v 0.00000003 0.37343436 0.19482073
v 0.00000003 0.36861545 0.20319040
v 0.01197440 0.36562186 0.18822245
v 0.00402611 0.36403221 0.21206734
v 0.00000003 0.36252242 0.22112601
v 0.00000003 0.35829753 0.23778413
v 0.00561577 0.35767359 0.23591225
v 0.00084679 0.34177697 0.26452607
v 0.01674339 0.31952173 0.28678137
v 0.00243644 0.18440065 0.37421262
v 0.00720543 0.21142486 0.36149538
v 0.00879509 0.26229399 0.33129185
v 0.02628136 0.25116634 0.33129185
v 0.01356406 0.23526977 0.34559876
v 0.09622638 0.04927951 0.09284286
v 0.09622638 0.08266237 0.09761184
v 0.09622637 0.01271734 0.08489456
v 0.00243645 0.11604527 0.37898165
v 0.00402610 0.09696935 0.37739193
v 0.00402610 0.08584173 0.37421262
v 0.00561576 0.07630378 0.36467469
v 0.00000002 0.00000010 0.34718841
v 0.00084678 0.02066569 0.33924013
v 0.00000002 0.02066569 0.33939886
v 0.00000002 0.00068811 0.34708256
v 0.00084678 0.02066569 0.33924013
v 0.00243644 0.03815193 0.33447117
v 0.00243644 0.05086921 0.33447117
v 0.00243644 0.03815193 0.33447117
v 0.00243644 0.06199683 0.34082979
v 0.01674338 0.06994514 0.35195738
v 0.20273358 0.03020360 -0.10586462
v 0.20273361 0.03020361 0.15483961
v -0.00000006 0.06338386 -0.37182885
v 0.01674338 0.05881746 -0.36497921
v 0.01515372 0.03179324 -0.37133789
v 0.01038473 0.18916956 -0.32205844
v 0.09622637 0.01271734 -0.04863686
v 0.00000003 0.37963325 0.18414845
v 0.00402612 0.37515986 0.18504313
v 0.00000003 0.39408022 0.17097817
v 0.00084679 0.35131490 -0.16627172
v 0.00561577 0.32588038 -0.20601322
v 0.00243645 0.40695304 -0.07089213
v 0.01833306 0.41967028 -0.04386792
v 0.00000003 0.36633283 0.21206734
v 0.00402611 0.36403221 0.21206734
v 0.00561577 0.35767359 0.23591225
v 0.03105033 0.29885614 0.30426759
v 0.01674339 0.31952173 0.28678137
v 0.01038476 0.28931820 0.31380558
v 0.02787102 0.27501124 0.32175386
v 0.00084679 0.16055575 0.37898165
v 0.00243646 0.13830051 0.37898165
v 0.00243644 0.06199683 0.34082979
v 0.01674338 0.06994514 0.35195738

# 5816 UV coordinates
vt 0.97835076 0.25631285 0.00000000
vt 0.97070509 0.24777423 0.00000000
vt 0.97912091 0.24864088 0.00000000
vt 0.98755848 0.24944842 0.00000000
vt 0.98564684 0.25701377 0.00000000
vt 0.66272533 0.29096487 0.00000000
vt 0.65598327 0.28772968 0.00000000
vt 0.65766573 0.28058484 0.00000000
vt 0.97107196 0.25456151 0.00000000
vt 0.97529548 0.26271912 0.00000000
vt 0.95944124 0.25413814 0.00000000
vt 0.95825404 0.24670847 0.00000000
vt 0.94490379 0.24639672 0.00000000
vt 0.96982849 0.25923109 0.00000000
vt 0.94571006 0.25559422 0.00000000
vt 0.96165311 0.26068109 0.00000000
vt 0.93168908 0.25945801 0.00000000
vt 0.93414211 0.24639672 0.00000000
vt 0.96517557 0.26539248 0.00000000
vt 0.96818912 0.27250111 0.00000000
vt 0.92418259 0.25453788 0.00000000
vt 0.92500257 0.24668606 0.00000000
vt 0.91578782 0.25851730 0.00000000
vt 0.91342902 0.24692971 0.00000000
vt 0.89942092 0.24863882 0.00000000
vt 0.95151383 0.26965970 0.00000000
vt 0.94818002 0.26327720 0.00000000
vt 0.93651527 0.26987362 0.00000000
vt 0.94052219 0.27582523 0.00000000
vt 0.91813785 0.27343410 0.00000000
vt 0.92625815 0.28258544 0.00000000
vt 0.95456254 0.27712187 0.00000000
vt 0.69441086 0.29482475 0.00000000
vt 0.69547850 0.30269817 0.00000000
vt 0.68080407 0.29478335 0.00000000
vt 0.93284094 0.28800163 0.00000000
vt 0.93740392 0.29288039 0.00000000
vt 0.91841185 0.29827148 0.00000000
vt 0.92492139 0.30251896 0.00000000
vt 0.70668399 0.30118120 0.00000000
vt 0.70619112 0.29279533 0.00000000
vt 0.71816176 0.28818396 0.00000000
vt 0.69375914 0.28466824 0.00000000
vt 0.90944797 0.29215524 0.00000000
vt 0.71585900 0.27941480 0.00000000
vt 0.70510763 0.28313601 0.00000000
vt 0.72843254 0.27435577 0.00000000
vt 0.73146892 0.28137743 0.00000000
vt 0.73403233 0.28729770 0.00000000
vt 0.71373367 0.26909316 0.00000000
vt 0.70388544 0.27106306 0.00000000
vt 0.74259305 0.27488029 0.00000000
vt 0.91397822 0.30920765 0.00000000
vt 0.91876304 0.31405091 0.00000000
vt 0.74501920 0.28009713 0.00000000
vt 0.90393883 0.30838710 0.00000000
vt 0.91101569 0.31914660 0.00000000
vt 0.75394142 0.27653229 0.00000000
vt 0.89080870 0.30043885 0.00000000
vt 0.89589262 0.31592298 0.00000000
vt 0.76942146 0.27921793 0.00000000
vt 0.76155442 0.28721520 0.00000000
vt 0.89631337 0.28709850 0.00000000
vt 0.76206356 0.27250105 0.00000000
vt 0.90071422 0.27363256 0.00000000
vt 0.88468981 0.28304636 0.00000000
vt 0.53033763 0.34664345 0.00000000
vt 0.51213425 0.35146776 0.00000000
vt 0.51850671 0.34236473 0.00000000
vt 0.90159535 0.26105511 0.00000000
vt 0.88818389 0.26196763 0.00000000
vt 0.52074593 0.33210012 0.00000000
vt 0.51071405 0.33958071 0.00000000
vt 0.88688660 0.24962667 0.00000000
vt 0.52069229 0.31942734 0.00000000
vt 0.51152921 0.33082151 0.00000000
vt 0.51086754 0.31914696 0.00000000
vt 0.75878716 0.26454496 0.00000000
vt 0.77334160 0.26959789 0.00000000
vt 0.75041038 0.26915509 0.00000000
vt 0.75327784 0.25655752 0.00000000
vt 0.77100110 0.25911385 0.00000000
vt 0.74736810 0.26463386 0.00000000
vt 0.73950845 0.26964778 0.00000000
vt 0.73416698 0.26124889 0.00000000
vt 0.74328643 0.25782773 0.00000000
vt 0.73572373 0.24647166 0.00000000
vt 0.72459191 0.26544940 0.00000000
vt 0.72635466 0.25141019 0.00000000
vt 0.71072149 0.25844178 0.00000000
vt 0.71907073 0.25534114 0.00000000
vt 0.42999518 0.32613489 0.00000000
vt 0.43266475 0.33405396 0.00000000
vt 0.42349735 0.33701247 0.00000000
vt 0.43431970 0.34300402 0.00000000
vt 0.42460266 0.34470451 0.00000000
vt 0.70183283 0.26067859 0.00000000
vt 0.70751172 0.24938458 0.00000000
vt 0.42124113 0.33200896 0.00000000
vt 0.42670539 0.31626862 0.00000000
vt 0.41571704 0.33571002 0.00000000
vt 0.41596350 0.32414600 0.00000000
vt 0.41874462 0.33862597 0.00000000
vt 0.41852900 0.34316838 0.00000000
vt 0.41270769 0.34003770 0.00000000
vt 0.40987247 0.33103397 0.00000000
vt 0.40479708 0.33439562 0.00000000
vt 0.40257460 0.32420182 0.00000000
vt 0.40818366 0.31942955 0.00000000
vt 0.41730422 0.34978098 0.00000000
vt 0.40846083 0.34550682 0.00000000
vt 0.31822097 0.64689839 0.00000000
vt 0.32739112 0.64604038 0.00000000
vt 0.31974575 0.65495032 0.00000000
vt 0.32933971 0.65437686 0.00000000
vt 0.33525613 0.65364963 0.00000000
vt 0.32911807 0.63815320 0.00000000
vt 0.33468354 0.64448577 0.00000000
vt 0.34154817 0.63815320 0.00000000
vt 0.34097129 0.65234464 0.00000000
vt 0.33770636 0.66591448 0.00000000
vt 0.34294918 0.66553754 0.00000000
vt 0.34688735 0.64512575 0.00000000
vt 0.69321489 0.26276881 0.00000000
vt 0.34989640 0.65346020 0.00000000
vt 0.68390036 0.26222232 0.00000000
vt 0.68862569 0.25464061 0.00000000
vt 0.69363737 0.27195716 0.00000000
vt 0.67697322 0.25027257 0.00000000
vt 0.67427874 0.25782457 0.00000000
vt 0.96712536 0.46710250 0.00000000
vt 0.97089058 0.45980301 0.00000000
vt 0.97443968 0.46955848 0.00000000
vt 0.68308067 0.27134642 0.00000000
vt 0.67360896 0.26987344 0.00000000
vt 0.68167877 0.28403747 0.00000000
vt 0.66710716 0.25532931 0.00000000
vt 0.66689146 0.26875281 0.00000000
vt 0.65987438 0.25392953 0.00000000
vt 0.66087025 0.26800513 0.00000000
vt 0.67190480 0.28275102 0.00000000
vt 0.66455722 0.28045294 0.00000000
vt 0.67061961 0.29311424 0.00000000
vt 0.67020845 0.29966941 0.00000000
vt 0.50063819 0.31905246 0.00000000
vt 0.50224304 0.33144981 0.00000000
vt 0.48648429 0.31913975 0.00000000
vt 0.50345302 0.34037405 0.00000000
vt 0.48891300 0.33327731 0.00000000
vt 0.46870920 0.31910947 0.00000000
vt 0.49206170 0.34494597 0.00000000
vt 0.50596178 0.34629419 0.00000000
vt 0.47244307 0.33502558 0.00000000
vt 0.49719298 0.35354921 0.00000000
vt 0.50314265 0.36035532 0.00000000
vt 0.52146006 0.35979715 0.00000000
vt 0.88005143 0.29492515 0.00000000
vt 0.48617965 0.36132818 0.00000000
vt 0.51069057 0.36996973 0.00000000
vt 0.50022936 0.37882951 0.00000000
vt 0.88508701 0.31272417 0.00000000
vt 0.49281362 0.36779019 0.00000000
vt 0.48154259 0.37432531 0.00000000
vt 0.78054971 0.28191504 0.00000000
vt 0.47580776 0.35207629 0.00000000
vt 0.46655235 0.36479881 0.00000000
vt 0.45778131 0.34854606 0.00000000
vt 0.45699966 0.33405527 0.00000000
vt 0.45394048 0.31905246 0.00000000
vt 0.44550824 0.33222985 0.00000000
vt 0.33139575 0.72850686 0.00000000
vt 0.34306893 0.73866612 0.00000000
vt 0.32982194 0.73839432 0.00000000
vt 0.32877520 0.74492300 0.00000000
vt 0.34578899 0.72751373 0.00000000
vt 0.35688612 0.74041742 0.00000000
vt 0.44443944 0.34587476 0.00000000
vt 0.34036618 0.74617922 0.00000000
vt 0.35200837 0.74743152 0.00000000
vt 0.33953506 0.75360823 0.00000000
vt 0.32794687 0.75224811 0.00000000
vt 0.33779457 0.76273960 0.00000000
vt 0.32692173 0.76124477 0.00000000
vt 0.33764336 0.77197427 0.00000000
vt 0.95945913 0.46234858 0.00000000
vt 0.94828355 0.47242877 0.00000000
vt 0.94948614 0.46096766 0.00000000
vt 0.34999532 0.76396942 0.00000000
vt 0.87918323 0.10209192 0.00000000
vt 0.87037385 0.11368109 0.00000000
vt 0.86829180 0.10570851 0.00000000
vt 0.35055605 0.75507009 0.00000000
vt 0.36300585 0.76475894 0.00000000
vt 0.36070222 0.77267969 0.00000000
vt 0.36096209 0.75672537 0.00000000
vt 0.36130425 0.74991941 0.00000000
vt 0.36299074 0.75654638 0.00000000
vt 0.37300742 0.76233953 0.00000000
vt 0.37375653 0.76875943 0.00000000
vt 0.37134299 0.75191283 0.00000000
vt 0.36586514 0.74541575 0.00000000
vt 0.36816543 0.73790246 0.00000000
vt 0.68445474 0.70780921 0.00000000
vt 0.67195541 0.71085155 0.00000000
vt 0.66831738 0.70095366 0.00000000
vt 0.66083246 0.70780236 0.00000000
vt 0.36829761 0.72751373 0.00000000
vt 0.66505301 0.71572202 0.00000000
vt 0.45438418 0.36042699 0.00000000
vt 0.44936338 0.37054154 0.00000000
vt 0.45990875 0.37488350 0.00000000
vt 0.65665972 0.71683216 0.00000000
vt 0.65135330 0.70359474 0.00000000
vt 0.44518796 0.38199103 0.00000000
vt 0.45528716 0.38571092 0.00000000
vt 0.46864963 0.37816074 0.00000000
vt 0.47549072 0.36965984 0.00000000
vt 0.47353393 0.38162118 0.00000000
vt 0.46639532 0.39156541 0.00000000
vt 0.44829410 0.39737603 0.00000000
vt 0.47837389 0.38459173 0.00000000
vt 0.48574442 0.38163963 0.00000000
vt 0.49482355 0.67246437 0.00000000
vt 0.48666060 0.68893445 0.00000000
vt 0.48177296 0.67428178 0.00000000
vt 0.50096452 0.39299354 0.00000000
vt 0.47653010 0.39325786 0.00000000
vt 0.48654160 0.39320892 0.00000000
vt 0.48694509 0.40371341 0.00000000
vt 0.78247744 0.25446799 0.00000000
vt 0.76720804 0.25100657 0.00000000
vt 0.77963883 0.24677703 0.00000000
vt 0.46976358 0.69798142 0.00000000
vt 0.46548557 0.68888843 0.00000000
vt 0.47309619 0.68468153 0.00000000
vt 0.47822252 0.69372290 0.00000000
vt 0.46205240 0.68188488 0.00000000
vt 0.47718462 0.68056613 0.00000000
vt 0.43036532 0.27429804 0.00000000
vt 0.43411651 0.28679115 0.00000000
vt 0.42414209 0.29105213 0.00000000
vt 0.46903235 0.67831266 0.00000000
vt 0.47237971 0.67205423 0.00000000
vt 0.46325424 0.66812342 0.00000000
vt 0.44483650 0.68007189 0.00000000
vt 0.45565414 0.67355508 0.00000000
vt 0.47052485 0.66295630 0.00000000
vt 0.47931558 0.66194659 0.00000000
vt 0.49219161 0.66228265 0.00000000
vt 0.47139350 0.65705425 0.00000000
vt 0.42040896 0.27859271 0.00000000
vt 0.40930092 0.28286025 0.00000000
vt 0.41177085 0.29415587 0.00000000
vt 0.39752513 0.29442230 0.00000000
vt 0.44778740 0.66481841 0.00000000
vt 0.45537814 0.66032404 0.00000000
vt 0.39749262 0.28423035 0.00000000
vt 0.35477921 0.67870891 0.00000000
vt 0.36646488 0.67907315 0.00000000
vt 0.35490805 0.68725467 0.00000000
vt 0.38266119 0.28202325 0.00000000
vt 0.38083851 0.29210460 0.00000000
vt 0.38106102 0.68216246 0.00000000
vt 0.38133255 0.68985093 0.00000000
vt 0.40018362 0.68892038 0.00000000
vt 0.36643988 0.68769336 0.00000000
vt 0.38616586 0.69733161 0.00000000
vt 0.37012833 0.69404870 0.00000000
vt 0.36205468 0.69642162 0.00000000
vt 0.37302655 0.69983047 0.00000000
vt 0.37669343 0.70823610 0.00000000
vt 0.38919571 0.70518774 0.00000000
vt 0.40183580 0.69554257 0.00000000
vt 0.40416911 0.70262551 0.00000000
vt 0.39287281 0.71451378 0.00000000
vt 0.40648386 0.71144485 0.00000000
vt 0.41947493 0.69996482 0.00000000
vt 0.36398578 0.70288295 0.00000000
vt 0.36718452 0.71136522 0.00000000
vt 0.35613278 0.70012653 0.00000000
vt 0.46447554 0.65260422 0.00000000
vt 0.46783078 0.64494151 0.00000000
vt 0.46964082 0.65182030 0.00000000
vt 0.45843217 0.64884961 0.00000000
vt 0.46055874 0.65637583 0.00000000
vt 0.45534411 0.66027516 0.00000000
vt 0.46412975 0.66113836 0.00000000
vt 0.46675470 0.65627915 0.00000000
vt 0.85756058 0.11025150 0.00000000
vt 0.85404879 0.10459339 0.00000000
vt 0.84987956 0.12010350 0.00000000
vt 0.84743536 0.11527422 0.00000000
vt 0.84454137 0.11119951 0.00000000
vt 0.84127188 0.12618269 0.00000000
vt 0.38527316 0.76823425 0.00000000
vt 0.38454947 0.76115668 0.00000000
vt 0.70185870 0.70081180 0.00000000
vt 0.69559526 0.69840229 0.00000000
vt 0.70057142 0.68705112 0.00000000
vt 0.83799636 0.12272969 0.00000000
vt 0.83438140 0.12025441 0.00000000
vt 0.83049929 0.13290502 0.00000000
vt 0.83859003 0.13965830 0.00000000
vt 0.83456933 0.13576804 0.00000000
vt 0.83069682 0.14480345 0.00000000
vt 0.83475065 0.14592807 0.00000000
vt 0.82593387 0.14256939 0.00000000
vt 0.82602137 0.13001323 0.00000000
vt 0.81865573 0.14014611 0.00000000
vt 0.83115309 0.11686420 0.00000000
vt 0.84138352 0.10812149 0.00000000
vt 0.82131153 0.12664814 0.00000000
vt 0.81426781 0.13354994 0.00000000
vt 0.80921012 0.13495594 0.00000000
vt 0.80994898 0.14015920 0.00000000
vt 0.81804901 0.12310683 0.00000000
vt 0.81205899 0.12948154 0.00000000
vt 0.80341619 0.13769004 0.00000000
vt 0.80126107 0.14783001 0.00000000
vt 0.80733204 0.13034850 0.00000000
vt 0.79844671 0.13551152 0.00000000
vt 0.79477406 0.14613451 0.00000000
vt 0.81348860 0.12026970 0.00000000
vt 0.82725501 0.11246625 0.00000000
vt 0.78985077 0.13207744 0.00000000
vt 0.78581005 0.14281914 0.00000000
vt 0.80222374 0.12714934 0.00000000
vt 0.79414922 0.12365657 0.00000000
vt 0.80950063 0.11691093 0.00000000
vt 0.77141434 0.13657603 0.00000000
vt 0.78043813 0.15548962 0.00000000
vt 0.76519620 0.14886001 0.00000000
vt 0.77722287 0.12736954 0.00000000
vt 0.75143552 0.12825541 0.00000000
vt 0.74524766 0.13991377 0.00000000
vt 0.73784924 0.15103844 0.00000000
vt 0.78987497 0.83141744 0.00000000
vt 0.77162153 0.83388895 0.00000000
vt 0.77162153 0.82976955 0.00000000
vt 0.88343936 0.47659856 0.00000000
vt 0.86914515 0.47838783 0.00000000
vt 0.86133981 0.46177602 0.00000000
vt 0.87217605 0.49233839 0.00000000
vt 0.89443702 0.47414252 0.00000000
vt 0.65932244 0.98478949 0.00000000
vt 0.69445735 0.98478949 0.00000000
vt 0.69339484 0.98876947 0.00000000
vt 0.86251605 0.46219355 0.00000000
vt 0.90004957 0.45980301 0.00000000
vt 0.88741094 0.48907703 0.00000000
vt 0.90294111 0.47324023 0.00000000
vt 0.89215404 0.49844635 0.00000000
vt 0.34939390 0.69960934 0.00000000
vt 0.33226132 0.71203762 0.00000000
vt 0.33522347 0.69711494 0.00000000
vt 0.89827967 0.48735395 0.00000000
vt 0.90204138 0.49598861 0.00000000
vt 0.36460176 0.51556861 0.00000000
vt 0.37966266 0.51607734 0.00000000
vt 0.38208374 0.52382261 0.00000000
vt 0.90625966 0.50276875 0.00000000
vt 0.89722097 0.50459355 0.00000000
vt 0.91320986 0.50152534 0.00000000
vt 0.91017252 0.49439889 0.00000000
vt 0.90716726 0.48552278 0.00000000
vt 0.91145033 0.47247636 0.00000000
vt 0.90866750 0.46001425 0.00000000
vt 0.92205101 0.47229564 0.00000000
vt 0.92001098 0.46002257 0.00000000
vt 0.93165022 0.45980301 0.00000000
vt 0.91469002 0.48375165 0.00000000
vt 0.93236703 0.47195044 0.00000000
vt 0.94082075 0.45996201 0.00000000
vt 0.92277378 0.48228592 0.00000000
vt 0.91777581 0.49282756 0.00000000
vt 0.94036472 0.47147459 0.00000000
vt 0.93935359 0.48310354 0.00000000
vt 0.86550456 0.09862391 0.00000000
vt 0.93238521 0.48436168 0.00000000
vt 0.93839246 0.49558634 0.00000000
vt 0.85984719 0.09247027 0.00000000
vt 0.85087371 0.10061115 0.00000000
vt 0.92474037 0.48950031 0.00000000
vt 0.93381923 0.49550796 0.00000000
vt 0.92684060 0.49834844 0.00000000
vt 0.92038620 0.50117338 0.00000000
vt 0.85089964 0.10019880 0.00000000
vt 0.83713973 0.10310405 0.00000000
vt 0.84364915 0.09595014 0.00000000
vt 0.92453068 0.50465602 0.00000000
vt 0.92944562 0.50626403 0.00000000
vt 0.92085934 0.50866467 0.00000000
vt 0.83606803 0.09709907 0.00000000
vt 0.83180523 0.10076642 0.00000000
vt 0.92474675 0.50955653 0.00000000
vt 0.82327539 0.10903446 0.00000000
vt 0.83137369 0.10007158 0.00000000
vt 0.81948626 0.10580331 0.00000000
vt 0.91967481 0.51967174 0.00000000
vt 0.91373754 0.50738770 0.00000000
vt 0.81320405 0.10047685 0.00000000
vt 0.91253269 0.51941705 0.00000000
vt 0.80242079 0.11225665 0.00000000
vt 0.90297228 0.51916385 0.00000000
vt 0.79263711 0.10600870 0.00000000
vt 0.39215901 0.54366565 0.00000000
vt 0.37600467 0.55439401 0.00000000
vt 0.38289556 0.54027611 0.00000000
vt 0.90325761 0.50957721 0.00000000
vt 0.78265285 0.11775065 0.00000000
vt 0.36259902 0.55033553 0.00000000
vt 0.36968881 0.56690907 0.00000000
vt 0.38627210 0.53094625 0.00000000
vt 0.37693688 0.52906984 0.00000000
vt 0.37099263 0.53672612 0.00000000
vt 0.37050158 0.52635545 0.00000000
vt 0.37339652 0.52177954 0.00000000
vt 0.35858220 0.52955955 0.00000000
vt 0.34779671 0.54605281 0.00000000
vt 0.35590124 0.56381899 0.00000000
vt 0.34210679 0.56003547 0.00000000
vt 0.35120979 0.57240564 0.00000000
vt 0.76232350 0.12065563 0.00000000
vt 0.34121376 0.56820124 0.00000000
vt 0.75318974 0.11465997 0.00000000
vt 0.33560419 0.56781745 0.00000000
vt 0.33794758 0.55992520 0.00000000
vt 0.68412614 0.69759411 0.00000000
vt 0.68880850 0.69061339 0.00000000
vt 0.69435066 0.68169999 0.00000000
vt 0.70349139 0.68012685 0.00000000
vt 0.69988966 0.67455697 0.00000000
vt 0.67814249 0.68502158 0.00000000
vt 0.68520212 0.67330217 0.00000000
vt 0.09671335 0.34117320 0.00000000
vt 0.08171973 0.34423959 0.00000000
vt 0.08545613 0.33506149 0.00000000
vt 0.09937953 0.33534276 0.00000000
vt 0.66951853 0.69080520 0.00000000
vt 0.66569233 0.67423135 0.00000000
vt 0.69155347 0.66582769 0.00000000
vt 0.67243665 0.66323763 0.00000000
vt 0.08864402 0.32856825 0.00000000
vt 0.09305553 0.32095906 0.00000000
vt 0.07849099 0.31088829 0.00000000
vt 0.07017696 0.32678956 0.00000000
vt 0.06606810 0.33614516 0.00000000
vt 0.07375084 0.31962755 0.00000000
vt 0.06267916 0.30171537 0.00000000
vt 0.06776424 0.29226455 0.00000000
vt 0.05281670 0.28214905 0.00000000
vt 0.05488385 0.31846943 0.00000000
vt 0.67853922 0.65495354 0.00000000
vt 0.66031677 0.65357882 0.00000000
vt 0.05211344 0.32814845 0.00000000
vt 0.65435427 0.66614532 0.00000000
vt 0.05821021 0.31051734 0.00000000
vt 0.04813340 0.29306442 0.00000000
vt 0.04874361 0.30392754 0.00000000
vt 0.65033150 0.64735240 0.00000000
vt 0.66482061 0.64442086 0.00000000
vt 0.04432979 0.31140441 0.00000000
vt 0.04053590 0.32144129 0.00000000
vt 0.03916086 0.29690775 0.00000000
vt 0.24109943 0.40142438 0.00000000
vt 0.23082815 0.40003014 0.00000000
vt 0.24396773 0.39239866 0.00000000
vt 0.03695877 0.30507287 0.00000000
vt 0.23289400 0.39023867 0.00000000
vt 0.02769718 0.29724991 0.00000000
vt 0.24756686 0.38093865 0.00000000
vt 0.03578028 0.28164485 0.00000000
vt 0.03926739 0.27351537 0.00000000
vt 0.05691430 0.27523291 0.00000000
vt 0.30136973 0.74450958 0.00000000
vt 0.28475615 0.75071031 0.00000000
vt 0.28525031 0.74293470 0.00000000
vt 0.03113260 0.28938010 0.00000000
vt 0.02135980 0.28009975 0.00000000
vt 0.02482193 0.27242655 0.00000000
vt 0.26991010 0.74560910 0.00000000
vt 0.27044302 0.75409520 0.00000000
vt 0.01856200 0.28833663 0.00000000
vt 0.01557193 0.26342511 0.00000000
vt 0.25852972 0.74839646 0.00000000
vt 0.27013937 0.73898119 0.00000000
vt 0.01266212 0.27139431 0.00000000
vt 0.27161354 0.73139930 0.00000000
vt 0.28585505 0.73510176 0.00000000
vt 0.25844830 0.73411345 0.00000000
vt 0.01029681 0.27835482 0.00000000
vt 0.00488281 0.26509035 0.00000000
vt 0.11516345 0.47274637 0.00000000
vt 0.10625062 0.46741477 0.00000000
vt 0.10709175 0.45958194 0.00000000
vt 0.25737137 0.74037611 0.00000000
vt 0.10536751 0.47877035 0.00000000
vt 0.11559173 0.48132437 0.00000000
vt 0.24901669 0.74489063 0.00000000
vt 0.11657538 0.46560654 0.00000000
vt 0.12184080 0.47323138 0.00000000
vt 0.12179508 0.48229620 0.00000000
vt 0.70498395 0.90220147 0.00000000
vt 0.71434134 0.90220147 0.00000000
vt 0.71252781 0.91156447 0.00000000
vt 0.12038277 0.49006325 0.00000000
vt 0.12945879 0.48313665 0.00000000
vt 0.12791049 0.46673632 0.00000000
vt 0.11999445 0.45618874 0.00000000
vt 0.10863648 0.44862905 0.00000000
vt 0.00488281 0.28832763 0.00000000
vt 0.12923566 0.47501457 0.00000000
vt 0.13098833 0.45533386 0.00000000
vt 0.14048079 0.46743473 0.00000000
vt 0.14070545 0.47566369 0.00000000
vt 0.14192854 0.45816928 0.00000000
vt 0.15582132 0.47405455 0.00000000
vt 0.12306031 0.44424009 0.00000000
vt 0.13269137 0.44797942 0.00000000
vt 0.14274950 0.44988453 0.00000000
vt 0.13475408 0.44075987 0.00000000
vt 0.12980983 0.43401802 0.00000000
vt 0.11795633 0.42668912 0.00000000
vt 0.11141901 0.43738583 0.00000000
vt 0.23328671 0.34131566 0.00000000
vt 0.24124318 0.35121661 0.00000000
vt 0.21919820 0.34704041 0.00000000
vt 0.22519051 0.32832587 0.00000000
vt 0.25167015 0.35705715 0.00000000
vt 0.22638012 0.36290458 0.00000000
vt 0.24252388 0.36731800 0.00000000
vt 0.01323718 0.29926571 0.00000000
vt 0.23594005 0.37961078 0.00000000
vt 0.20179467 0.35018423 0.00000000
vt 0.21361120 0.33215410 0.00000000
vt 0.20073962 0.33432558 0.00000000
vt 0.18074118 0.35183686 0.00000000
vt 0.22116721 0.37845203 0.00000000
vt 0.18254820 0.36618301 0.00000000
vt 0.20325591 0.36512119 0.00000000
vt 0.20248243 0.37802452 0.00000000
vt 0.18457027 0.37839913 0.00000000
vt 0.16197018 0.34500873 0.00000000
vt 0.16752841 0.33236152 0.00000000
vt 0.16964117 0.36071023 0.00000000
vt 0.17249329 0.36743590 0.00000000
vt 0.15573338 0.35404852 0.00000000
vt 0.14429627 0.33915785 0.00000000
vt 0.14063951 0.34726810 0.00000000
vt 0.16469558 0.36533219 0.00000000
vt 0.15177688 0.35870931 0.00000000
vt 0.13921182 0.35155305 0.00000000
vt 0.13689461 0.35619313 0.00000000
vt 0.14929979 0.36386445 0.00000000
vt 0.13451128 0.36067063 0.00000000
vt 0.17371167 0.37212893 0.00000000
vt 0.14654170 0.36881360 0.00000000
vt 0.16214335 0.37062475 0.00000000
vt 0.12984850 0.36758143 0.00000000
vt 0.14192136 0.37576866 0.00000000
vt 0.15851392 0.37543526 0.00000000
vt 0.17256068 0.37484095 0.00000000
vt 0.15383384 0.38378537 0.00000000
vt 0.16945976 0.37987477 0.00000000
vt 0.16443399 0.39005327 0.00000000
vt 0.38164043 0.71801102 0.00000000
vt 0.17329383 0.39339647 0.00000000
vt 0.37315536 0.72263092 0.00000000
vt 0.17727497 0.38362464 0.00000000
vt 0.18979207 0.38916442 0.00000000
vt 0.49111098 0.64527273 0.00000000
vt 0.50197423 0.64494151 0.00000000
vt 0.49125770 0.65384030 0.00000000
vt 0.36086223 0.71489602 0.00000000
vt 0.47860190 0.65260708 0.00000000
vt 0.35761067 0.70607376 0.00000000
vt 0.47836611 0.64550674 0.00000000
vt 0.18104395 0.39111197 0.00000000
vt 0.17190513 0.39680657 0.00000000
vt 0.50200492 0.65274554 0.00000000
vt 0.19137745 0.39838451 0.00000000
vt 0.50295633 0.66191745 0.00000000
vt 0.18291387 0.39987347 0.00000000
vt 0.50481200 0.67115152 0.00000000
vt 0.18539526 0.40919220 0.00000000
vt 0.49812570 0.68519819 0.00000000
vt 0.65057659 0.71422970 0.00000000
vt 0.64104629 0.70135057 0.00000000
vt 0.19372581 0.40799227 0.00000000
vt 0.64414531 0.69323021 0.00000000
vt 0.20267749 0.38897422 0.00000000
vt 0.20271075 0.39771453 0.00000000
vt 0.19365862 0.40766063 0.00000000
vt 0.21783893 0.38907352 0.00000000
vt 0.21702646 0.39869583 0.00000000
vt 0.64577234 0.66117483 0.00000000
vt 0.20176429 0.40678826 0.00000000
vt 0.64981484 0.67919815 0.00000000
vt 0.64104629 0.67460841 0.00000000
vt 0.64549279 0.68875343 0.00000000
vt 0.65973634 0.68439168 0.00000000
vt 0.65556955 0.69346917 0.00000000
vt 0.65479344 0.69662589 0.00000000
vt 0.10315222 0.34394380 0.00000000
vt 0.10666090 0.34100425 0.00000000
vt 0.11096926 0.33739451 0.00000000
vt 0.10360982 0.32970458 0.00000000
vt 0.82338119 0.15236099 0.00000000
vt 0.11713711 0.33184749 0.00000000
vt 0.10992895 0.32321575 0.00000000
vt 0.09931616 0.31148449 0.00000000
vt 0.08325621 0.30201420 0.00000000
vt 0.81671840 0.15075420 0.00000000
vt 0.80850255 0.14964381 0.00000000
vt 0.80612379 0.16062894 0.00000000
vt 0.10971468 0.30804244 0.00000000
vt 0.09928978 0.29878628 0.00000000
vt 0.08717132 0.29331043 0.00000000
vt 0.07252382 0.28348848 0.00000000
vt 0.07699247 0.27604052 0.00000000
vt 0.09025252 0.28582215 0.00000000
vt 0.06147835 0.26780465 0.00000000
vt 0.30215141 0.73585916 0.00000000
vt 0.08100162 0.26996729 0.00000000
vt 0.30282670 0.72887200 0.00000000
vt 0.32057270 0.72940969 0.00000000
vt 0.28660837 0.72809058 0.00000000
vt 0.27327183 0.72511220 0.00000000
vt 0.36320665 0.93532705 0.00000000
vt 0.36382410 0.91926563 0.00000000
vt 0.37029451 0.91932833 0.00000000
vt 0.36320665 0.90576291 0.00000000
vt 0.37302649 0.93635255 0.00000000
vt 0.30366713 0.71895182 0.00000000
vt 0.36907193 0.90519351 0.00000000
vt 0.36809960 0.89283389 0.00000000
vt 0.24502081 0.90398061 0.00000000
vt 0.24898054 0.91583711 0.00000000
vt 0.24162027 0.91845268 0.00000000
vt 0.37828508 0.91941577 0.00000000
vt 0.23847376 0.90614647 0.00000000
vt 0.37582654 0.90402597 0.00000000
vt 0.23204470 0.91352981 0.00000000
vt 0.22367007 0.90550131 0.00000000
vt 0.07720777 0.00488281 0.00000000
vt 0.08036342 0.01944285 0.00000000
vt 0.06390492 0.01333767 0.00000000
vt 0.22419828 0.92233920 0.00000000
vt 0.08602796 0.00924179 0.00000000
vt 0.09659743 0.01465052 0.00000000
vt 0.23247007 0.92835039 0.00000000
vt 0.23859903 0.93373603 0.00000000
vt 0.22367007 0.93718427 0.00000000
vt 0.63295567 0.33626920 0.00000000
vt 0.62488717 0.34527957 0.00000000
vt 0.61855531 0.34052786 0.00000000
vt 0.61363906 0.33773497 0.00000000
vt 0.62636179 0.33139566 0.00000000
vt 0.63410306 0.32352579 0.00000000
vt 0.62073654 0.32752326 0.00000000
vt 0.62766308 0.31635523 0.00000000
vt 0.63888371 0.31426254 0.00000000
vt 0.64087474 0.32768151 0.00000000
vt 0.11134653 0.01180966 0.00000000
vt 0.12242598 0.01707127 0.00000000
vt 0.10798135 0.02132453 0.00000000
vt 0.09271818 0.02164808 0.00000000
vt 0.10097877 0.03217752 0.00000000
vt 0.11951610 0.02672127 0.00000000
vt 0.08596736 0.03429047 0.00000000
vt 0.08440444 0.04419941 0.00000000
vt 0.09909670 0.04444510 0.00000000
vt 0.07211190 0.03275223 0.00000000
vt 0.08207384 0.05388558 0.00000000
vt 0.05475234 0.02821904 0.00000000
vt 0.06516424 0.05476738 0.00000000
vt 0.08087001 0.06132355 0.00000000
vt 0.06772378 0.04431215 0.00000000
vt 0.06399792 0.06254338 0.00000000
vt 0.04951173 0.04366416 0.00000000
vt 0.05204918 0.01877257 0.00000000
vt 0.04603911 0.01304744 0.00000000
vt 0.04098302 0.02677353 0.00000000
vt 0.03569045 0.04288196 0.00000000
vt 0.07413207 0.25024551 0.00000000
vt 0.08862498 0.24655494 0.00000000
vt 0.09803544 0.25738734 0.00000000
vt 0.04706439 0.05475738 0.00000000
vt 0.04684786 0.06347888 0.00000000
vt 0.02406138 0.04218361 0.00000000
vt 0.02704522 0.02835311 0.00000000
vt 0.03338547 0.05547431 0.00000000
vt 0.03594401 0.06606957 0.00000000
vt 0.04629104 0.07139962 0.00000000
vt 0.06372032 0.07201920 0.00000000
vt 0.04354053 0.08198965 0.00000000
vt 0.02948683 0.07431012 0.00000000
vt 0.03968150 0.09752605 0.00000000
vt 0.02196373 0.05800642 0.00000000
vt 0.02240950 0.09090701 0.00000000
vt 0.01420853 0.07378628 0.00000000
vt 0.00488281 0.06355491 0.00000000
vt 0.00821796 0.09274512 0.00000000
vt 0.55622953 0.85516363 0.00000000
vt 0.55622953 0.82691067 0.00000000
vt 0.56446117 0.84291106 0.00000000
vt 0.74034804 0.18096477 0.00000000
vt 0.72236973 0.17170458 0.00000000
vt 0.75220555 0.17345999 0.00000000
vt 0.56042093 0.85469007 0.00000000
vt 0.55907893 0.85643268 0.00000000
vt 0.71933818 0.17224906 0.00000000
vt 0.71974725 0.17026235 0.00000000
vt 0.73164451 0.16112220 0.00000000
vt 0.72125959 0.16261631 0.00000000
vt 0.72290730 0.15725602 0.00000000
vt 0.75857455 0.16090208 0.00000000
vt 0.77229989 0.18233043 0.00000000
vt 0.00855532 0.04153182 0.00000000
vt 0.77593178 0.16866378 0.00000000
vt 0.11951240 0.26600194 0.00000000
vt 0.10514016 0.26847905 0.00000000
vt 0.79143977 0.15890554 0.00000000
vt 0.79842502 0.15961643 0.00000000
vt 0.79613352 0.17100354 0.00000000
vt 0.78730792 0.17102800 0.00000000
vt 0.11082565 0.29275966 0.00000000
vt 0.10576391 0.29722351 0.00000000
vt 0.11765233 0.28579667 0.00000000
vt 0.10565501 0.28410989 0.00000000
vt 0.11239293 0.27732757 0.00000000
vt 0.09816278 0.29160476 0.00000000
vt 0.09868842 0.27523908 0.00000000
vt 0.10143901 0.28860578 0.00000000
vt 0.09410152 0.28078949 0.00000000
vt 0.08710701 0.26391795 0.00000000
vt 0.32203892 0.72102451 0.00000000
vt 0.60821605 0.10538166 0.00000000
vt 0.60868758 0.08605202 0.00000000
vt 0.65710253 0.10801847 0.00000000
vt 0.65758544 0.08749882 0.00000000
vt 0.60901719 0.06843647 0.00000000
vt 0.65811235 0.06855807 0.00000000
vt 0.69127202 0.06919745 0.00000000
vt 0.60917532 0.05504971 0.00000000
vt 0.65852499 0.05375478 0.00000000
vt 0.69321513 0.05369933 0.00000000
vt 0.69404358 0.04038683 0.00000000
vt 0.60915816 0.04385626 0.00000000
vt 0.65851825 0.04200191 0.00000000
vt 0.65831375 0.03058684 0.00000000
vt 0.69371569 0.02793097 0.00000000
vt 0.68517905 0.10683395 0.00000000
vt 0.68828201 0.08717190 0.00000000
vt 0.14829196 0.32832587 0.00000000
vt 0.18530130 0.33440197 0.00000000
vt 0.60901314 0.03373915 0.00000000
vt 0.60871428 0.02425533 0.00000000
vt 0.55882806 0.02472641 0.00000000
vt 0.55882865 0.02057990 0.00000000
vt 0.60825628 0.01436465 0.00000000
vt 0.65773749 0.01947343 0.00000000
vt 0.30995929 0.42258683 0.00000000
vt 0.30803111 0.37285984 0.00000000
vt 0.31189176 0.37270501 0.00000000
vt 0.69221741 0.01572286 0.00000000
vt 0.12667748 0.41407502 0.00000000
vt 0.13605759 0.42173189 0.00000000
vt 0.14558026 0.42726251 0.00000000
vt 0.68969852 0.00488281 0.00000000
vt 0.30900794 0.50507373 0.00000000
vt 0.29843268 0.47131938 0.00000000
vt 0.30948555 0.47182402 0.00000000
vt 0.32051188 0.47185111 0.00000000
vt 0.32080191 0.50261259 0.00000000
vt 0.33147809 0.47146696 0.00000000
vt 0.33331013 0.49971253 0.00000000
vt 0.95077223 0.08758745 0.00000000
vt 0.92319643 0.08215122 0.00000000
vt 0.95330334 0.07474563 0.00000000
vt 0.92539281 0.07088733 0.00000000
vt 0.15700305 0.43031862 0.00000000
vt 0.14310078 0.43562973 0.00000000
vt 0.15708169 0.44127634 0.00000000
vt 0.14381737 0.44308555 0.00000000
vt 0.87973136 0.02577923 0.00000000
vt 0.82986933 0.02251869 0.00000000
vt 0.83015484 0.01836036 0.00000000
vt 0.31918550 0.42241901 0.00000000
vt 0.32843730 0.42202339 0.00000000
vt 0.33749610 0.42148533 0.00000000
vt 0.87674320 0.06316828 0.00000000
vt 0.92707461 0.06005329 0.00000000
vt 0.87781125 0.05400409 0.00000000
vt 0.92836648 0.04864351 0.00000000
vt 0.96249473 0.06770311 0.00000000
vt 0.87865269 0.04470954 0.00000000
vt 0.95697433 0.05081103 0.00000000
vt 0.95822990 0.04220932 0.00000000
vt 0.87924683 0.03526426 0.00000000
vt 0.92896944 0.03866315 0.00000000
vt 0.92917329 0.02857120 0.00000000
vt 0.96084571 0.03295483 0.00000000
vt 0.96313620 0.02486298 0.00000000
vt 0.92904204 0.01786546 0.00000000
vt 0.88004720 0.01581939 0.00000000
vt 0.92854881 0.00532424 0.00000000
vt 0.87971777 0.00488281 0.00000000
vt 0.32254133 0.37227747 0.00000000
vt 0.32640320 0.37212223 0.00000000
vt 0.33164206 0.37191162 0.00000000
vt 0.33544070 0.37175867 0.00000000
vt 0.82766330 0.05413903 0.00000000
vt 0.82793754 0.05029255 0.00000000
vt 0.82831216 0.04498446 0.00000000
vt 0.82858217 0.04113376 0.00000000
vt 0.16962738 0.43065426 0.00000000
vt 0.18200518 0.42710847 0.00000000
vt 0.18531184 0.43769753 0.00000000
vt 0.19730519 0.43366668 0.00000000
vt 0.18520556 0.41612908 0.00000000
vt 0.17145611 0.44076923 0.00000000
vt 0.18473221 0.44856197 0.00000000
vt 0.17192890 0.44959772 0.00000000
vt 0.15744407 0.45013291 0.00000000
vt 0.20982885 0.42494857 0.00000000
vt 0.20276436 0.41407502 0.00000000
vt 0.19723590 0.44919634 0.00000000
vt 0.18054278 0.45922637 0.00000000
vt 0.21827604 0.41477281 0.00000000
vt 0.11723516 0.87066931 0.00000000
vt 0.10199919 0.87539870 0.00000000
vt 0.10467277 0.86694354 0.00000000
vt 0.10532158 0.85717767 0.00000000
vt 0.11866082 0.85947865 0.00000000
vt 0.11726587 0.84991729 0.00000000
vt 0.13010019 0.85985005 0.00000000
vt 0.12848873 0.84890443 0.00000000
vt 0.21475272 0.43926936 0.00000000
vt 0.70264804 0.63117731 0.00000000
vt 0.68686551 0.63594073 0.00000000
vt 0.69268340 0.61865121 0.00000000
vt 0.70861268 0.60715455 0.00000000
vt 0.13626419 0.84741163 0.00000000
vt 0.18620123 0.46405149 0.00000000
vt 0.21648972 0.46165711 0.00000000
vt 0.70952719 0.58459222 0.00000000
vt 0.59226066 0.27196628 0.00000000
vt 0.58621567 0.25474861 0.00000000
vt 0.60382825 0.25865600 0.00000000
vt 0.60554832 0.24258593 0.00000000
vt 0.60073668 0.26858935 0.00000000
vt 0.67824310 0.63350910 0.00000000
vt 0.24429984 0.87419033 0.00000000
vt 0.24164969 0.86537892 0.00000000
vt 0.25477728 0.87000823 0.00000000
vt 0.60884655 0.27708024 0.00000000
vt 0.59507352 0.28101280 0.00000000
vt 0.60648549 0.29365218 0.00000000
vt 0.61744601 0.29924670 0.00000000
vt 0.61928183 0.26667109 0.00000000
vt 0.61960876 0.28077167 0.00000000
vt 0.62896246 0.29822454 0.00000000
vt 0.63082641 0.28022236 0.00000000
vt 0.63032573 0.26748586 0.00000000
vt 0.62645721 0.25101277 0.00000000
vt 0.63672262 0.25790706 0.00000000
vt 0.63562435 0.26664445 0.00000000
vt 0.63684720 0.27093431 0.00000000
vt 0.64131880 0.26220748 0.00000000
vt 0.64813048 0.25014907 0.00000000
vt 0.63964421 0.23706578 0.00000000
vt 0.63987291 0.27541706 0.00000000
vt 0.63866031 0.28386933 0.00000000
vt 0.63931966 0.29875290 0.00000000
vt 0.64511430 0.27281591 0.00000000
vt 0.16518365 0.00488281 0.00000000
vt 0.17759323 0.00952172 0.00000000
vt 0.16715305 0.01285663 0.00000000
vt 0.16956116 0.02338448 0.00000000
vt 0.18097553 0.02026763 0.00000000
vt 0.64334548 0.26691097 0.00000000
vt 0.18331788 0.00710984 0.00000000
vt 0.18749738 0.01814616 0.00000000
vt 0.18828681 0.00544100 0.00000000
vt 0.19115192 0.03323124 0.00000000
vt 0.19288751 0.01575630 0.00000000
vt 0.65110046 0.25650674 0.00000000
vt 0.19632466 0.03236421 0.00000000
vt 0.19948691 0.01326852 0.00000000
vt 0.20366244 0.03100781 0.00000000
vt 0.18040149 0.54006088 0.00000000
vt 0.17314807 0.54230899 0.00000000
vt 0.17651926 0.52588558 0.00000000
vt 0.17944996 0.55967236 0.00000000
vt 0.16687514 0.56921756 0.00000000
vt 0.16422716 0.54420620 0.00000000
vt 0.16865847 0.52356207 0.00000000
vt 0.15738986 0.52341926 0.00000000
vt 0.15447150 0.54977304 0.00000000
vt 0.14312196 0.53075683 0.00000000
vt 0.13137911 0.51343346 0.00000000
vt 0.12927572 0.53908288 0.00000000
vt 0.11848260 0.52282584 0.00000000
vt 0.11955342 0.54215169 0.00000000
vt 0.01030398 0.84980863 0.00000000
vt 0.02036602 0.84823698 0.00000000
vt 0.01369287 0.86855221 0.00000000
vt 0.13988973 0.55961609 0.00000000
vt 0.02794055 0.87003088 0.00000000
vt 0.14996460 0.57700038 0.00000000
vt 0.01276594 0.89069629 0.00000000
vt 0.00726456 0.87023699 0.00000000
vt 0.66675538 0.54819006 0.00000000
vt 0.67963672 0.56350082 0.00000000
vt 0.67241007 0.56957406 0.00000000
vt 0.69511193 0.55321699 0.00000000
vt 0.68207055 0.59122050 0.00000000
vt 0.69415605 0.58726186 0.00000000
vt 0.68045717 0.61774635 0.00000000
vt 0.67354429 0.59449965 0.00000000
vt 0.66674864 0.57085770 0.00000000
vt 0.65934712 0.57267189 0.00000000
vt 0.67139399 0.63246429 0.00000000
vt 0.66592979 0.59577370 0.00000000
vt 0.36946633 0.87286276 0.00000000
vt 0.39448881 0.87347192 0.00000000
vt 0.37151143 0.88022429 0.00000000
vt 0.24723732 0.88070172 0.00000000
vt 0.67257845 0.61758661 0.00000000
vt 0.25700599 0.87607437 0.00000000
vt 0.26755142 0.87500381 0.00000000
vt 0.66586518 0.61714411 0.00000000
vt 0.25896859 0.88230574 0.00000000
vt 0.26867330 0.88108140 0.00000000
vt 0.66514564 0.63119596 0.00000000
vt 0.24963164 0.88685673 0.00000000
vt 0.26018560 0.88719946 0.00000000
vt 0.27104628 0.88521421 0.00000000
vt 0.65934712 0.63953805 0.00000000
vt 0.66118020 0.62977844 0.00000000
vt 0.51873463 0.79999363 0.00000000
vt 0.52871233 0.80149657 0.00000000
vt 0.52877522 0.80333775 0.00000000
vt 0.36449635 0.84933031 0.00000000
vt 0.36320665 0.85983443 0.00000000
vt 0.36320665 0.84871966 0.00000000
vt 0.65207464 0.78486884 0.00000000
vt 0.66578662 0.78486884 0.00000000
vt 0.65360916 0.78949505 0.00000000
vt 0.33721316 0.94352150 0.00000000
vt 0.35023969 0.94352150 0.00000000
vt 0.34940600 0.94467962 0.00000000
vt 0.41599575 0.87286276 0.00000000
vt 0.41654775 0.87770545 0.00000000
vt 0.39667693 0.87940997 0.00000000
vt 0.33699313 0.94466567 0.00000000
vt 0.41626909 0.87883675 0.00000000
vt 0.37452340 0.94123536 0.00000000
vt 0.37804094 0.95313936 0.00000000
vt 0.37440300 0.95444250 0.00000000
vt 0.58527523 0.60570401 0.00000000
vt 0.58912796 0.60540527 0.00000000
vt 0.58832872 0.61781985 0.00000000
vt 0.36946633 0.94170314 0.00000000
vt 0.36946633 0.95630229 0.00000000
vt 0.39832285 0.88238138 0.00000000
vt 0.71005201 0.79665083 0.00000000
vt 0.71002716 0.77835792 0.00000000
vt 0.71474266 0.78024387 0.00000000
vt 0.00488281 0.91459507 0.00000000
vt 0.00657251 0.89123511 0.00000000
vt 0.37406006 0.88554174 0.00000000
vt 0.37910178 0.88795108 0.00000000
vt 0.10199919 0.79356545 0.00000000
vt 0.10505073 0.78888446 0.00000000
vt 0.10515136 0.79779547 0.00000000
vt 0.71002716 0.81666267 0.00000000
vt 0.71266764 0.81232435 0.00000000
vt 0.71287858 0.79704529 0.00000000
vt 0.40897936 0.54959047 0.00000000
vt 0.42452696 0.54848689 0.00000000
vt 0.42410216 0.55378872 0.00000000
vt 0.44165143 0.54996002 0.00000000
vt 0.43927714 0.55624396 0.00000000
vt 0.45374641 0.55903435 0.00000000
vt 0.42299047 0.56072432 0.00000000
vt 0.44887856 0.56566995 0.00000000
vt 0.43691570 0.56138426 0.00000000
vt 0.09312109 0.50415921 0.00000000
vt 0.11372663 0.49752656 0.00000000
vt 0.10677608 0.51079786 0.00000000
vt 0.15699974 0.86917317 0.00000000
vt 0.16841459 0.86654353 0.00000000
vt 0.17579567 0.87405550 0.00000000
vt 0.14713627 0.50044119 0.00000000
vt 0.67497212 0.40806627 0.00000000
vt 0.67704505 0.40711033 0.00000000
vt 0.67704451 0.40801421 0.00000000
vt 0.16148178 0.51352018 0.00000000
vt 0.16810289 0.51551712 0.00000000
vt 0.16327152 0.50543451 0.00000000
vt 0.64988613 0.42198950 0.00000000
vt 0.64645809 0.40613917 0.00000000
vt 0.63358682 0.41700339 0.00000000
vt 0.67244136 0.42071375 0.00000000
vt 0.63636684 0.42541319 0.00000000
vt 0.17002586 0.51058662 0.00000000
vt 0.16968493 0.49910229 0.00000000
vt 0.17381078 0.51691192 0.00000000
vt 0.17501569 0.50609529 0.00000000
vt 0.18240358 0.52433228 0.00000000
vt 0.17873870 0.51375884 0.00000000
vt 0.19332427 0.04758569 0.00000000
vt 0.18262914 0.50195235 0.00000000
vt 0.18644351 0.51033360 0.00000000
vt 0.18614002 0.04952402 0.00000000
vt 0.18836302 0.06089045 0.00000000
vt 0.18381980 0.03505428 0.00000000
vt 0.17727251 0.06406425 0.00000000
vt 0.17556550 0.05196560 0.00000000
vt 0.17221525 0.03744626 0.00000000
vt 0.17997852 0.07243168 0.00000000
vt 0.19364227 0.49752656 0.00000000
vt 0.62875336 0.44763207 0.00000000
vt 0.62851566 0.43591252 0.00000000
vt 0.63724345 0.43506479 0.00000000
vt 0.63871008 0.44529799 0.00000000
vt 0.18382545 0.08171755 0.00000000
vt 0.17132901 0.07786274 0.00000000
vt 0.65120471 0.44587922 0.00000000
vt 0.43799537 0.48939088 0.00000000
vt 0.45042846 0.49090803 0.00000000
vt 0.43760630 0.49934772 0.00000000
vt 0.44739255 0.50139606 0.00000000
vt 0.65142578 0.43404278 0.00000000
vt 0.67230612 0.43333271 0.00000000
vt 0.47261423 0.48038653 0.00000000
vt 0.47283366 0.49788937 0.00000000
vt 0.46128610 0.50988114 0.00000000
vt 0.47513759 0.49639466 0.00000000
vt 0.47496194 0.49770740 0.00000000
vt 0.47470769 0.49961773 0.00000000
vt 0.06298899 0.08535104 0.00000000
vt 0.06349558 0.10408480 0.00000000
vt 0.08054654 0.07109404 0.00000000
vt 0.08120719 0.08437464 0.00000000
vt 0.09328712 0.06100542 0.00000000
vt 0.07853789 0.09897133 0.00000000
vt 0.09229204 0.06928589 0.00000000
vt 0.09418751 0.05371561 0.00000000
vt 0.10215876 0.05270761 0.00000000
vt 0.10236331 0.06054194 0.00000000
vt 0.09308501 0.07980804 0.00000000
vt 0.09446506 0.08737743 0.00000000
vt 0.08917017 0.09319339 0.00000000
vt 0.10156935 0.08922736 0.00000000
vt 0.10303388 0.07880861 0.00000000
vt 0.10281418 0.06915361 0.00000000
vt 0.09618345 0.09843659 0.00000000
vt 0.08840762 0.10810619 0.00000000
vt 0.10763291 0.10424080 0.00000000
vt 0.11548597 0.09026606 0.00000000
vt 0.11840782 0.07897048 0.00000000
vt 0.08922082 0.10868257 0.00000000
vt 0.08844034 0.10856415 0.00000000
vt 0.13614216 0.09222726 0.00000000
vt 0.13768773 0.08052354 0.00000000
vt 0.12043288 0.11197902 0.00000000
vt 0.13693355 0.10577060 0.00000000
vt 0.14269592 0.11346794 0.00000000
vt 0.15473348 0.09827328 0.00000000
vt 0.46755588 0.53127003 0.00000000
vt 0.45245042 0.51903826 0.00000000
vt 0.17216159 0.09312259 0.00000000
vt 0.16456212 0.09131949 0.00000000
vt 0.16500853 0.08556104 0.00000000
vt 0.17387564 0.08332939 0.00000000
vt 0.15377440 0.08641610 0.00000000
vt 0.15959167 0.07959802 0.00000000
vt 0.43180999 0.50118494 0.00000000
vt 0.16795416 0.07069288 0.00000000
vt 0.16530114 0.06402504 0.00000000
vt 0.15516610 0.06872743 0.00000000
vt 0.13980140 0.07040405 0.00000000
vt 0.16211326 0.05377199 0.00000000
vt 0.14800264 0.05608083 0.00000000
vt 0.11813314 0.06890536 0.00000000
vt 0.13311601 0.05793465 0.00000000
vt 0.11611607 0.05938715 0.00000000
vt 0.11395834 0.05024556 0.00000000
vt 0.12801699 0.04447469 0.00000000
vt 0.11062577 0.04374289 0.00000000
vt 0.11580765 0.03719736 0.00000000
vt 0.14415713 0.04294498 0.00000000
vt 0.15874207 0.04035471 0.00000000
vt 0.14244373 0.03006009 0.00000000
vt 0.15564673 0.02719733 0.00000000
vt 0.13112395 0.03011409 0.00000000
vt 0.14065617 0.01928145 0.00000000
vt 0.15265411 0.01692296 0.00000000
vt 0.64808655 0.29838991 0.00000000
vt 0.13190304 0.01964074 0.00000000
vt 0.13515626 0.01107552 0.00000000
vt 0.50238305 0.11291517 0.00000000
vt 0.50354236 0.12603544 0.00000000
vt 0.45466390 0.12953496 0.00000000
vt 0.45337355 0.11393373 0.00000000
vt 0.45651761 0.14854994 0.00000000
vt 0.50544405 0.14341527 0.00000000
vt 0.50766581 0.16268653 0.00000000
vt 0.45876083 0.16920355 0.00000000
vt 0.43123883 0.16790007 0.00000000
vt 0.43859702 0.15049496 0.00000000
vt 0.43494099 0.13099964 0.00000000
vt 0.42356941 0.11291517 0.00000000
vt 0.95826274 0.00488281 0.00000000
vt 0.96369988 0.01527994 0.00000000
vt 0.10199919 0.83821005 0.00000000
vt 0.10458151 0.82652450 0.00000000
vt 0.11794941 0.83179456 0.00000000
vt 0.23437363 0.71056402 0.00000000
vt 0.21418242 0.71820986 0.00000000
vt 0.22167675 0.69932687 0.00000000
vt 0.23905820 0.69783866 0.00000000
vt 0.18530144 0.69580281 0.00000000
vt 0.19836643 0.71104270 0.00000000
vt 0.18036410 0.70300472 0.00000000
vt 0.16752887 0.68398052 0.00000000
vt 0.20318687 0.70342481 0.00000000
vt 0.21678829 0.71120524 0.00000000
vt 0.17835817 0.68367475 0.00000000
vt 0.16836824 0.67830497 0.00000000
vt 0.26070765 0.54420352 0.00000000
vt 0.27135020 0.54226989 0.00000000
vt 0.27307951 0.54788685 0.00000000
vt 0.25981760 0.54941618 0.00000000
vt 0.19069418 0.69073081 0.00000000
vt 0.24650435 0.54475665 0.00000000
vt 0.20436573 0.69424456 0.00000000
vt 0.24522169 0.55042553 0.00000000
vt 0.26131329 0.55754888 0.00000000
vt 0.23006855 0.54365456 0.00000000
vt 0.22965160 0.54835254 0.00000000
vt 0.21994969 0.68712401 0.00000000
vt 0.21183236 0.54226989 0.00000000
vt 0.24564274 0.55799490 0.00000000
vt 0.26230946 0.56827247 0.00000000
vt 0.24639349 0.56715029 0.00000000
vt 0.22944584 0.55610961 0.00000000
vt 0.22972906 0.56377858 0.00000000
vt 0.22818530 0.56862020 0.00000000
vt 0.24621460 0.57827759 0.00000000
vt 0.21254642 0.55258060 0.00000000
vt 0.21363519 0.54617512 0.00000000
vt 0.22481056 0.57202905 0.00000000
vt 0.21309884 0.56101590 0.00000000
vt 0.23329955 0.58129370 0.00000000
vt 0.17524679 0.79023647 0.00000000
vt 0.15986268 0.78661990 0.00000000
vt 0.17243753 0.78305674 0.00000000
vt 0.22363156 0.58156443 0.00000000
vt 0.15600148 0.77793604 0.00000000
vt 0.22963013 0.59446257 0.00000000
vt 0.04296804 0.74366581 0.00000000
vt 0.04350975 0.75734109 0.00000000
vt 0.03208642 0.74744612 0.00000000
vt 0.19017701 0.78231174 0.00000000
vt 0.17700779 0.77549988 0.00000000
vt 0.19114876 0.78783375 0.00000000
vt 0.17926916 0.79734010 0.00000000
vt 0.19150576 0.77702862 0.00000000
vt 0.18025473 0.76891816 0.00000000
vt 0.20342986 0.78287226 0.00000000
vt 0.20421273 0.77767557 0.00000000
vt 0.19241193 0.77016741 0.00000000
vt 0.19479769 0.76368344 0.00000000
vt 0.56906718 0.23706578 0.00000000
vt 0.57127762 0.25304458 0.00000000
vt 0.56396377 0.24894577 0.00000000
vt 0.51818466 0.45245311 0.00000000
vt 0.51071209 0.46298909 0.00000000
vt 0.50413930 0.45731232 0.00000000
vt 0.51103866 0.44629785 0.00000000
vt 0.49411899 0.45020717 0.00000000
vt 0.50134027 0.43548411 0.00000000
vt 0.47995439 0.44151875 0.00000000
vt 0.52156740 0.43774492 0.00000000
vt 0.20610332 0.76632649 0.00000000
vt 0.52738154 0.44430304 0.00000000
vt 0.75112218 0.34910974 0.00000000
vt 0.74536121 0.35579053 0.00000000
vt 0.74158889 0.33696276 0.00000000
vt 0.73622692 0.34320652 0.00000000
vt 0.74635106 0.33277667 0.00000000
vt 0.20540965 0.77263117 0.00000000
vt 0.21947931 0.77557129 0.00000000
vt 0.21911323 0.78058946 0.00000000
vt 0.21787325 0.78605425 0.00000000
vt 0.21636496 0.79027158 0.00000000
vt 0.20379084 0.78721964 0.00000000
vt 0.20397620 0.79260397 0.00000000
vt 0.19234645 0.79430974 0.00000000
vt 0.20454176 0.79536390 0.00000000
vt 0.21591543 0.79359269 0.00000000
vt 0.19328448 0.79889750 0.00000000
vt 0.19971538 0.54520744 0.00000000
vt 0.55270314 0.79999363 0.00000000
vt 0.54053766 0.80367380 0.00000000
vt 0.53956258 0.80211079 0.00000000
vt 0.19852509 0.54261321 0.00000000
vt 0.83187491 0.88099462 0.00000000
vt 0.83014101 0.87872767 0.00000000
vt 0.84345102 0.87872767 0.00000000
vt 0.28259718 0.88201827 0.00000000
vt 0.22733162 0.67830497 0.00000000
vt 0.23190911 0.67898554 0.00000000
vt 0.27778935 0.87971151 0.00000000
vt 0.23145372 0.68408257 0.00000000
vt 0.27970254 0.87410367 0.00000000
vt 0.23402858 0.69145268 0.00000000
vt 0.26542047 0.86771494 0.00000000
vt 0.27834281 0.86537892 0.00000000
vt 0.12498271 0.82615840 0.00000000
vt 0.13202804 0.83729458 0.00000000
vt 0.12461846 0.83988732 0.00000000
vt 0.11260573 0.83455437 0.00000000
vt 0.11534218 0.84163624 0.00000000
vt 0.10231926 0.83906108 0.00000000
vt 0.10393317 0.84871501 0.00000000
vt 0.00526283 0.85039198 0.00000000
vt 0.00488281 0.83432758 0.00000000
vt 0.11144279 0.52787465 0.00000000
vt 0.11354819 0.54380757 0.00000000
vt 0.10818045 0.52958232 0.00000000
vt 0.10224853 0.51666504 0.00000000
vt 0.34237891 0.42526978 0.00000000
vt 0.34769827 0.41996223 0.00000000
vt 0.35705480 0.42781657 0.00000000
vt 0.35488346 0.43423334 0.00000000
vt 0.35026175 0.41765779 0.00000000
vt 0.34494519 0.40580377 0.00000000
vt 0.35877934 0.42477381 0.00000000
vt 0.36120775 0.41879860 0.00000000
vt 0.37110883 0.41939479 0.00000000
vt 0.35450181 0.41441053 0.00000000
vt 0.37176925 0.40753317 0.00000000
vt 0.38007843 0.41797769 0.00000000
vt 0.36356509 0.40701073 0.00000000
vt 0.38001594 0.40703315 0.00000000
vt 0.38622677 0.40705818 0.00000000
vt 0.38564569 0.38981497 0.00000000
vt 0.39324880 0.40657029 0.00000000
vt 0.37938949 0.38982129 0.00000000
vt 0.37184808 0.38952836 0.00000000
vt 0.39286619 0.38998577 0.00000000
vt 0.40646040 0.40665048 0.00000000
vt 0.38541988 0.37287265 0.00000000
vt 0.37896484 0.37216008 0.00000000
vt 0.40050465 0.38866693 0.00000000
vt 0.39031699 0.37277964 0.00000000
vt 0.41054678 0.38237217 0.00000000
vt 0.38328043 0.36127102 0.00000000
vt 0.39619762 0.37168103 0.00000000
vt 0.37860385 0.36029053 0.00000000
vt 0.40318567 0.36771506 0.00000000
vt 0.39211047 0.35977912 0.00000000
vt 0.38819215 0.36114100 0.00000000
vt 0.38055000 0.35466379 0.00000000
vt 0.14188974 0.98587900 0.00000000
vt 0.13251474 0.98380286 0.00000000
vt 0.13541925 0.98081040 0.00000000
vt 0.14451163 0.98289019 0.00000000
vt 0.13439278 0.98923528 0.00000000
vt 0.13061674 0.98529345 0.00000000
vt 0.12610190 0.98257786 0.00000000
vt 0.35811958 0.93319011 0.00000000
vt 0.35593826 0.93843675 0.00000000
vt 0.35453013 0.92929155 0.00000000
vt 0.12553610 0.98518211 0.00000000
vt 0.12727976 0.97847331 0.00000000
vt 0.13812535 0.97752917 0.00000000
vt 0.11719657 0.98164743 0.00000000
vt 0.34979272 0.92138857 0.00000000
vt 0.35675269 0.92760175 0.00000000
vt 0.12909721 0.97426796 0.00000000
vt 0.13994260 0.97186506 0.00000000
vt 0.14794762 0.97764879 0.00000000
vt 0.15744743 0.98637486 0.00000000
vt 0.13046612 0.96774834 0.00000000
vt 0.11805072 0.97163939 0.00000000
vt 0.11807079 0.97667068 0.00000000
vt 0.10896017 0.97438771 0.00000000
vt 0.14212465 0.96453285 0.00000000
vt 0.11834814 0.96453285 0.00000000
vt 0.16151115 0.97821778 0.00000000
vt 0.41008270 0.36153457 0.00000000
vt 0.15094779 0.97071719 0.00000000
vt 0.40518668 0.59627241 0.00000000
vt 0.40428054 0.58360958 0.00000000
vt 0.41665047 0.58447093 0.00000000
vt 0.40806818 0.57115465 0.00000000
vt 0.39704183 0.60389739 0.00000000
vt 0.41089007 0.60015756 0.00000000
vt 0.15357150 0.96454203 0.00000000
vt 0.40273920 0.60778338 0.00000000
vt 0.42005256 0.37415636 0.00000000
vt 0.95368290 0.10059436 0.00000000
vt 0.95765632 0.11239455 0.00000000
vt 0.94303906 0.11612081 0.00000000
vt 0.42906964 0.38657868 0.00000000
vt 0.41722366 0.39258417 0.00000000
vt 0.96095067 0.12051427 0.00000000
vt 0.97304839 0.10822780 0.00000000
vt 0.94824529 0.12622684 0.00000000
vt 0.67102253 0.31471723 0.00000000
vt 0.66767687 0.30758098 0.00000000
vt 0.68376774 0.30979466 0.00000000
vt 0.65717369 0.32158503 0.00000000
vt 0.68462306 0.31420848 0.00000000
vt 0.95316947 0.13185570 0.00000000
vt 0.69478631 0.30806386 0.00000000
vt 0.67357951 0.31845206 0.00000000
vt 0.96446103 0.12619023 0.00000000
vt 0.66175431 0.32657403 0.00000000
vt 0.67564946 0.32296103 0.00000000
vt 0.95714176 0.13364829 0.00000000
vt 0.95250106 0.13517193 0.00000000
vt 0.94756919 0.13725124 0.00000000
vt 0.95254976 0.13871889 0.00000000
vt 0.95329094 0.14314149 0.00000000
vt 0.65598327 0.33549115 0.00000000
vt 0.66420257 0.32914120 0.00000000
vt 0.96048504 0.14146158 0.00000000
vt 0.95901662 0.13730793 0.00000000
vt 0.65911740 0.33825067 0.00000000
vt 0.66825205 0.33261594 0.00000000
vt 0.67368162 0.33775538 0.00000000
vt 0.66190702 0.34177512 0.00000000
vt 0.67849779 0.32690382 0.00000000
vt 0.95426732 0.14812742 0.00000000
vt 0.68296695 0.33166766 0.00000000
vt 0.96253359 0.14665644 0.00000000
vt 0.66490978 0.34659231 0.00000000
vt 0.67348933 0.34342930 0.00000000
vt 0.96464491 0.15426148 0.00000000
vt 0.66797858 0.35391590 0.00000000
vt 0.95653111 0.15576907 0.00000000
vt 0.94496739 0.14770919 0.00000000
vt 0.67599869 0.35061094 0.00000000
vt 0.96888840 0.16435443 0.00000000
vt 0.67423183 0.36297303 0.00000000
vt 0.94533867 0.15582222 0.00000000
vt 0.96020937 0.16601340 0.00000000
vt 0.97430766 0.17593116 0.00000000
vt 0.96452218 0.17837174 0.00000000
vt 0.94766152 0.16648889 0.00000000
vt 0.95065367 0.17730886 0.00000000
vt 0.95309973 0.18631473 0.00000000
vt 0.68254805 0.37274125 0.00000000
vt 0.68719649 0.36864015 0.00000000
vt 0.67931122 0.35903841 0.00000000
vt 0.69165522 0.36368448 0.00000000
vt 0.69382411 0.37696508 0.00000000
vt 0.68353504 0.35499731 0.00000000
vt 0.69568312 0.35839933 0.00000000
vt 0.69836962 0.37314343 0.00000000
vt 0.68832684 0.35060817 0.00000000
vt 0.68085897 0.34559593 0.00000000
vt 0.70026082 0.35405177 0.00000000
vt 0.70233059 0.36870468 0.00000000
vt 0.70686531 0.36459553 0.00000000
vt 0.69297653 0.34614059 0.00000000
vt 0.70574749 0.34811172 0.00000000
vt 0.71296686 0.36063668 0.00000000
vt 0.68585885 0.34191534 0.00000000
vt 0.69789994 0.34116599 0.00000000
vt 0.68871075 0.33613846 0.00000000
vt 0.71277601 0.34275064 0.00000000
vt 0.72046638 0.35515225 0.00000000
vt 0.70402426 0.33476374 0.00000000
vt 0.69614702 0.32960296 0.00000000
vt 0.68961757 0.32646334 0.00000000
vt 0.71954888 0.33677280 0.00000000
vt 0.72890794 0.34955743 0.00000000
vt 0.72571164 0.33055136 0.00000000
vt 0.70965749 0.32832971 0.00000000
vt 0.70089477 0.32415459 0.00000000
vt 0.71498185 0.32285315 0.00000000
vt 0.73070425 0.32479781 0.00000000
vt 0.70379472 0.31897765 0.00000000
vt 0.69286847 0.32242429 0.00000000
vt 0.73513418 0.32003498 0.00000000
vt 0.71865594 0.31707093 0.00000000
vt 0.72233707 0.31171179 0.00000000
vt 0.46705413 0.57935971 0.00000000
vt 0.44967875 0.58059919 0.00000000
vt 0.45018011 0.57377875 0.00000000
vt 0.46651918 0.57397729 0.00000000
vt 0.43408132 0.57711381 0.00000000
vt 0.43452862 0.58462083 0.00000000
vt 0.46687698 0.56797099 0.00000000
vt 0.46797842 0.56323743 0.00000000
vt 0.37799081 0.96798098 0.00000000
vt 0.58527523 0.61970985 0.00000000
vt 0.43542898 0.56833994 0.00000000
vt 0.42050472 0.57049173 0.00000000
vt 0.42034692 0.59222966 0.00000000
vt 0.70700115 0.30758098 0.00000000
vt 0.70563900 0.31335410 0.00000000
vt 0.69455057 0.31333429 0.00000000
vt 0.69364434 0.31829563 0.00000000
vt 0.68530768 0.31848353 0.00000000
vt 0.68537265 0.32332635 0.00000000
vt 0.36998889 0.43116766 0.00000000
vt 0.37055868 0.42606267 0.00000000
vt 0.38117468 0.42359999 0.00000000
vt 0.38520995 0.41571254 0.00000000
vt 0.38925192 0.41835853 0.00000000
vt 0.38289565 0.42921317 0.00000000
vt 0.39460111 0.42163637 0.00000000
vt 0.37498984 0.43290475 0.00000000
vt 0.36990508 0.43361190 0.00000000
vt 0.40025905 0.42914411 0.00000000
vt 0.42207146 0.40100831 0.00000000
vt 0.41477141 0.41781422 0.00000000
vt 0.93120497 0.10531431 0.00000000
vt 0.92354620 0.10836447 0.00000000
vt 0.42704871 0.40759146 0.00000000
vt 0.40183771 0.42929554 0.00000000
vt 0.40049285 0.42956081 0.00000000
vt 0.92091507 0.12372948 0.00000000
vt 0.91227865 0.11458034 0.00000000
vt 0.91030008 0.13143277 0.00000000
vt 0.92747009 0.13087042 0.00000000
vt 0.93124920 0.11896663 0.00000000
vt 0.93589664 0.12764469 0.00000000
vt 0.94155127 0.13365230 0.00000000
vt 0.91955471 0.13724609 0.00000000
vt 0.93408537 0.13700065 0.00000000
vt 0.94473934 0.14188565 0.00000000
vt 0.93851572 0.14202385 0.00000000
vt 0.93619251 0.14528112 0.00000000
vt 0.92786694 0.14156443 0.00000000
vt 0.91164947 0.14760196 0.00000000
vt 0.92270565 0.15130556 0.00000000
vt 0.93425989 0.15422708 0.00000000
vt 0.91968787 0.16475248 0.00000000
vt 0.90718150 0.16201735 0.00000000
vt 0.93372375 0.16637878 0.00000000
vt 0.93445265 0.17923717 0.00000000
vt 0.93585390 0.18984172 0.00000000
vt 0.95695335 0.19432741 0.00000000
vt 0.91831654 0.19029598 0.00000000
vt 0.91787285 0.17878051 0.00000000
vt 0.90387481 0.17681397 0.00000000
vt 0.35700962 0.40600184 0.00000000
vt 0.36364409 0.38897792 0.00000000
vt 0.34929827 0.40446311 0.00000000
vt 0.35544884 0.38864255 0.00000000
vt 0.34792215 0.38894722 0.00000000
vt 0.34237891 0.39066282 0.00000000
vt 0.35463476 0.37057704 0.00000000
vt 0.34532294 0.37087643 0.00000000
vt 0.98979354 0.21756992 0.00000000
vt 0.98302275 0.23623869 0.00000000
vt 0.98302275 0.21627778 0.00000000
vt 0.37126401 0.37110117 0.00000000
vt 0.36299801 0.37018910 0.00000000
vt 0.37161428 0.35925072 0.00000000
vt 0.35019046 0.93425375 0.00000000
vt 0.33699313 0.93863869 0.00000000
vt 0.34379253 0.92902982 0.00000000
vt 0.16639397 0.98637956 0.00000000
vt 0.16807267 0.97821736 0.00000000
vt 0.17989625 0.98114967 0.00000000
vt 0.33699316 0.92406899 0.00000000
vt 0.18028732 0.97377807 0.00000000
vt 0.17048264 0.96927446 0.00000000
vt 0.34730622 0.92380816 0.00000000
vt 0.34134498 0.91911519 0.00000000
vt 0.34373096 0.91547310 0.00000000
vt 0.34577149 0.91099584 0.00000000
vt 0.18628970 0.98244351 0.00000000
vt 0.18778655 0.97504616 0.00000000
vt 0.34091046 0.91058105 0.00000000
vt 0.33738700 0.91264850 0.00000000
vt 0.34268647 0.90398061 0.00000000
vt 0.19111508 0.96723139 0.00000000
vt 0.19631273 0.96988082 0.00000000
vt 0.18105911 0.96662194 0.00000000
vt 0.17236711 0.96261972 0.00000000
vt 0.16495748 0.23603310 0.00000000
vt 0.15605775 0.23260520 0.00000000
vt 0.17314203 0.23260520 0.00000000
vt 0.18949357 0.96381444 0.00000000
vt 0.10199919 0.81458658 0.00000000
vt 0.20251489 0.96261972 0.00000000
vt 0.71197540 0.82535857 0.00000000
vt 0.39704183 0.55286473 0.00000000
vt 0.40976262 0.55408061 0.00000000
vt 0.40164933 0.55655444 0.00000000
vt 0.40989122 0.56085044 0.00000000
vt 0.40197706 0.56177860 0.00000000
vt 0.34727782 0.90692216 0.00000000
vt 0.10888791 0.97024870 0.00000000
vt 0.10877877 0.97023672 0.00000000
vt 0.21542856 0.79642183 0.00000000
vt 0.59104067 0.61635411 0.00000000
vt 0.16285336 0.77146620 0.00000000
vt 0.57349205 0.27087933 0.00000000
vt 0.56558871 0.26528573 0.00000000
vt 0.15134773 0.76368344 0.00000000
vt 0.56663424 0.28307796 0.00000000
vt 0.58021849 0.27617681 0.00000000
vt 0.57440776 0.28934133 0.00000000
vt 0.55877256 0.27715579 0.00000000
vt 0.55890566 0.26064244 0.00000000
vt 0.55653203 0.24440761 0.00000000
vt 0.55146152 0.27211425 0.00000000
vt 0.55114353 0.28683460 0.00000000
vt 0.55869073 0.29362631 0.00000000
vt 0.04598054 0.72787392 0.00000000
vt 0.03457002 0.73197114 0.00000000
vt 0.04202883 0.71911520 0.00000000
vt 0.54566193 0.29509759 0.00000000
vt 0.55214268 0.30101815 0.00000000
vt 0.53866845 0.29123199 0.00000000
vt 0.53910494 0.30374849 0.00000000
vt 0.04331631 0.70631164 0.00000000
vt 0.03606642 0.71308023 0.00000000
vt 0.54472935 0.28312671 0.00000000
vt 0.53241658 0.29957592 0.00000000
vt 0.53077984 0.31416965 0.00000000
vt 0.52352595 0.30964792 0.00000000
vt 0.53797406 0.27903602 0.00000000
vt 0.53270406 0.28759128 0.00000000
vt 0.52540445 0.29541355 0.00000000
vt 0.51692480 0.30518690 0.00000000
vt 0.04557855 0.68505585 0.00000000
vt 0.04036402 0.69075859 0.00000000
vt 0.03401091 0.68142802 0.00000000
vt 0.04015127 0.67424524 0.00000000
vt 0.51317543 0.30069470 0.00000000
vt 0.51779312 0.29154116 0.00000000
vt 0.50555396 0.30187887 0.00000000
vt 0.50602406 0.31113937 0.00000000
vt 0.52391028 0.28185958 0.00000000
vt 0.50836843 0.28986689 0.00000000
vt 0.51375842 0.27664131 0.00000000
vt 0.49572328 0.29774547 0.00000000
vt 0.53963321 0.51686317 0.00000000
vt 0.53665870 0.50047785 0.00000000
vt 0.54484767 0.51254010 0.00000000
vt 0.55026788 0.49268550 0.00000000
vt 0.49870318 0.28730533 0.00000000
vt 0.55139709 0.50611711 0.00000000
vt 0.48271838 0.28610536 0.00000000
vt 0.49304834 0.30405462 0.00000000
vt 0.54410142 0.53302532 0.00000000
vt 0.54944509 0.52783674 0.00000000
vt 0.55683661 0.52207029 0.00000000
vt 0.56962907 0.51228589 0.00000000
vt 0.56419873 0.50081921 0.00000000
vt 0.49003506 0.28321606 0.00000000
vt 0.50224459 0.27196839 0.00000000
vt 0.49328363 0.26948708 0.00000000
vt 0.48584089 0.26896641 0.00000000
vt 0.51935357 0.26512641 0.00000000
vt 0.49782714 0.25503129 0.00000000
vt 0.48776469 0.25230598 0.00000000
vt 0.48901817 0.23706578 0.00000000
vt 0.44497567 0.47323960 0.00000000
vt 0.43395245 0.45673388 0.00000000
vt 0.44761863 0.45761201 0.00000000
vt 0.43440607 0.44273484 0.00000000
vt 0.50814319 0.25872082 0.00000000
vt 0.45919761 0.46247381 0.00000000
vt 0.51345623 0.24609411 0.00000000
vt 0.45861441 0.44676417 0.00000000
vt 0.44442427 0.44339192 0.00000000
vt 0.45555064 0.47550371 0.00000000
vt 0.47072950 0.46735567 0.00000000
vt 0.52448726 0.25263885 0.00000000
vt 0.47568232 0.45356217 0.00000000
vt 0.48795876 0.46219349 0.00000000
vt 0.48237529 0.47496369 0.00000000
vt 0.53530008 0.26170227 0.00000000
vt 0.49711639 0.46846196 0.00000000
vt 0.55064464 0.25625885 0.00000000
vt 0.54425210 0.26784885 0.00000000
vt 0.52935982 0.27301559 0.00000000
vt 0.26429218 0.57964414 0.00000000
vt 0.27687120 0.56714773 0.00000000
vt 0.27476358 0.55673712 0.00000000
vt 0.27953377 0.57909375 0.00000000
vt 0.26679304 0.59340268 0.00000000
vt 0.28253147 0.59181780 0.00000000
vt 0.28483534 0.60470510 0.00000000
vt 0.25300312 0.59381819 0.00000000
vt 0.24093229 0.59432608 0.00000000
vt 0.26964357 0.60702699 0.00000000
vt 0.02096692 0.75219470 0.00000000
vt 0.01231620 0.74016297 0.00000000
vt 0.52693671 0.72051513 0.00000000
vt 0.52191591 0.70621890 0.00000000
vt 0.54031718 0.71787727 0.00000000
vt 0.55562758 0.71410471 0.00000000
vt 0.54376900 0.73022091 0.00000000
vt 0.55806673 0.72585338 0.00000000
vt 0.55997699 0.73604786 0.00000000
vt 0.02372634 0.73599392 0.00000000
vt 0.53104180 0.73345745 0.00000000
vt 0.00488281 0.72919112 0.00000000
vt 0.02809667 0.72075158 0.00000000
vt 0.01523542 0.72455978 0.00000000
vt 0.02687752 0.70435107 0.00000000
vt 0.01727661 0.71148711 0.00000000
vt 0.03467629 0.69675583 0.00000000
vt 0.02661948 0.68727010 0.00000000
vt 0.01621172 0.69622320 0.00000000
vt 0.03096342 0.67461997 0.00000000
vt 0.53226435 0.49218810 0.00000000
vt 0.53967607 0.49217132 0.00000000
vt 0.02129704 0.67672235 0.00000000
vt 0.54037434 0.48244405 0.00000000
vt 0.55383927 0.47792420 0.00000000
vt 0.00878167 0.68702841 0.00000000
vt 0.53286701 0.46808827 0.00000000
vt 0.55906206 0.48939294 0.00000000
vt 0.56637990 0.47518322 0.00000000
vt 0.57027507 0.48403838 0.00000000
vt 0.57530940 0.49203813 0.00000000
vt 0.58217615 0.50038922 0.00000000
vt 0.57930917 0.47759953 0.00000000
vt 0.58318895 0.48356751 0.00000000
vt 0.58843154 0.48929924 0.00000000
vt 0.58682364 0.47857586 0.00000000
vt 0.59104067 0.47999960 0.00000000
vt 0.58562422 0.47384700 0.00000000
vt 0.59192002 0.47235578 0.00000000
vt 0.58480138 0.46913311 0.00000000
vt 0.59058559 0.46690744 0.00000000
vt 0.57662731 0.47227243 0.00000000
vt 0.57570708 0.46572477 0.00000000
vt 0.58291543 0.46430391 0.00000000
vt 0.58814055 0.46245465 0.00000000
vt 0.58131737 0.46035203 0.00000000
vt 0.58406496 0.45715094 0.00000000
vt 0.57539362 0.45870382 0.00000000
vt 0.57673657 0.45119330 0.00000000
vt 0.56447023 0.46619168 0.00000000
vt 0.56436169 0.45578781 0.00000000
vt 0.56604874 0.44540897 0.00000000
vt 0.54948944 0.43988752 0.00000000
vt 0.54950249 0.45203602 0.00000000
vt 0.54791933 0.46555993 0.00000000
vt 0.53226435 0.45805776 0.00000000
vt 0.53352195 0.44716972 0.00000000
vt 0.53355014 0.43466565 0.00000000
vt 0.56019777 0.76583785 0.00000000
vt 0.54789239 0.76958084 0.00000000
vt 0.56075090 0.75691777 0.00000000
vt 0.54675853 0.75923645 0.00000000
vt 0.53686416 0.77201349 0.00000000
vt 0.56109744 0.75153649 0.00000000
vt 0.52746248 0.77741152 0.00000000
vt 0.53073716 0.76613629 0.00000000
vt 0.53743291 0.76234198 0.00000000
vt 0.52680880 0.76308191 0.00000000
vt 0.00488281 0.69984680 0.00000000
vt 0.53325087 0.75852150 0.00000000
vt 0.54056174 0.75630480 0.00000000
vt 0.53031176 0.75406849 0.00000000
vt 0.00928965 0.70477235 0.00000000
vt 0.52191591 0.75783628 0.00000000
vt 0.00766718 0.71571004 0.00000000
vt 0.52486086 0.74641812 0.00000000
vt 0.53466946 0.74377745 0.00000000
vt 0.53803289 0.75126994 0.00000000
vt 0.54906446 0.75399226 0.00000000
vt 0.54815722 0.74822694 0.00000000
vt 0.56088912 0.74424630 0.00000000
vt 0.54605955 0.73999250 0.00000000
vt 0.67090863 0.16580704 0.00000000
vt 0.68946606 0.17798920 0.00000000
vt 0.67090863 0.18190946 0.00000000
vt 0.55628121 0.14900137 0.00000000
vt 0.55719239 0.15709729 0.00000000
vt 0.90279269 0.18893950 0.00000000
vt 0.90359831 0.20016204 0.00000000
vt 0.91912216 0.20158695 0.00000000
vt 0.93935668 0.20271893 0.00000000
vt 0.96237886 0.20231637 0.00000000
vt 0.92007148 0.21205722 0.00000000
vt 0.90376127 0.21145491 0.00000000
vt 0.93316722 0.21183462 0.00000000
vt 0.94961888 0.21057142 0.00000000
vt 0.95571798 0.21633273 0.00000000
vt 0.94162631 0.21581329 0.00000000
vt 0.94624615 0.22195271 0.00000000
vt 0.12476172 0.30649546 0.00000000
vt 0.12765759 0.29634327 0.00000000
vt 0.13388462 0.29635695 0.00000000
vt 0.93530351 0.21989308 0.00000000
vt 0.92113131 0.22014941 0.00000000
vt 0.13120526 0.30765280 0.00000000
vt 0.14048353 0.29750237 0.00000000
vt 0.13816172 0.30931562 0.00000000
vt 0.12741910 0.31859320 0.00000000
vt 0.28971815 0.58472854 0.00000000
vt 0.30041072 0.58064371 0.00000000
vt 0.30347559 0.58701384 0.00000000
vt 0.93614626 0.22607368 0.00000000
vt 0.93770772 0.23187619 0.00000000
vt 0.92151660 0.22687411 0.00000000
vt 0.90481764 0.22109129 0.00000000
vt 0.92242271 0.23273331 0.00000000
vt 0.90502656 0.22690880 0.00000000
vt 0.29328755 0.59161115 0.00000000
vt 0.13238382 0.88028151 0.00000000
vt 0.13399951 0.88784474 0.00000000
vt 0.11783518 0.88028151 0.00000000
vt 0.30727717 0.59307325 0.00000000
vt 0.90633863 0.23374467 0.00000000
vt 0.66877389 0.76314050 0.00000000
vt 0.68028802 0.76314050 0.00000000
vt 0.66907048 0.76390749 0.00000000
vt 0.46344313 0.85304123 0.00000000
vt 0.46456972 0.85361612 0.00000000
vt 0.46426812 0.85421532 0.00000000
vt 0.66420907 0.93403798 0.00000000
vt 0.65744382 0.94298160 0.00000000
vt 0.64555687 0.93403798 0.00000000
vt 0.73039675 0.55942333 0.00000000
vt 0.73040289 0.57429379 0.00000000
vt 0.72098726 0.57384145 0.00000000
vt 0.26597494 0.94206250 0.00000000
vt 0.27675533 0.95728350 0.00000000
vt 0.27630022 0.96887124 0.00000000
vt 0.26597551 0.94206667 0.00000000
vt 0.26597494 0.98040229 0.00000000
vt 0.27742097 0.97958243 0.00000000
vt 0.30102116 0.63309705 0.00000000
vt 0.30112657 0.62164712 0.00000000
vt 0.31346035 0.63327038 0.00000000
vt 0.31291881 0.61918086 0.00000000
vt 0.28569087 0.96876979 0.00000000
vt 0.30097863 0.61169213 0.00000000
vt 0.28738326 0.97885281 0.00000000
vt 0.31198075 0.60760105 0.00000000
vt 0.72115815 0.54819006 0.00000000
vt 0.72100818 0.55978435 0.00000000
vt 0.71440995 0.57422006 0.00000000
vt 0.71440995 0.56091553 0.00000000
vt 0.14006297 0.90848142 0.00000000
vt 0.13003324 0.90958166 0.00000000
vt 0.12907730 0.90294206 0.00000000
vt 0.11745124 0.90279925 0.00000000
vt 0.29953450 0.60421884 0.00000000
vt 0.13846132 0.90111226 0.00000000
vt 0.30985796 0.59987193 0.00000000
vt 0.46048784 0.85888642 0.00000000
vt 0.45727929 0.86465049 0.00000000
vt 0.44975215 0.85116857 0.00000000
vt 0.45867133 0.86475736 0.00000000
vt 0.45836553 0.86530387 0.00000000
vt 0.11668292 0.89617956 0.00000000
vt 0.10332644 0.89652944 0.00000000
vt 0.12700015 0.89617366 0.00000000
vt 0.29695770 0.59828997 0.00000000
vt 0.13618182 0.89511800 0.00000000
vt 0.12138715 0.88934737 0.00000000
vt 0.10942414 0.88838035 0.00000000
vt 0.91305661 0.24063052 0.00000000
vt 0.32604128 0.63309455 0.00000000
vt 0.32474968 0.61671472 0.00000000
vt 0.33701465 0.63286841 0.00000000
vt 0.32312864 0.60249001 0.00000000
vt 0.32020456 0.59316981 0.00000000
vt 0.33683038 0.59488833 0.00000000
vt 0.33672076 0.61472303 0.00000000
vt 0.34773314 0.61529285 0.00000000
vt 0.34740502 0.63227177 0.00000000
vt 0.31694663 0.58728749 0.00000000
vt 0.14736447 0.29925108 0.00000000
vt 0.33131117 0.58565390 0.00000000
vt 0.14854506 0.28702769 0.00000000
vt 0.05086336 0.68983388 0.00000000
vt 0.06232202 0.69387144 0.00000000
vt 0.06004179 0.70101309 0.00000000
vt 0.14210473 0.28584048 0.00000000
vt 0.07330506 0.70174527 0.00000000
vt 0.14928345 0.27595022 0.00000000
vt 0.07294102 0.69666743 0.00000000
vt 0.07352445 0.70973188 0.00000000
vt 0.05514012 0.71060634 0.00000000
vt 0.08486757 0.70108199 0.00000000
vt 0.14394800 0.27523252 0.00000000
vt 0.13627654 0.28460670 0.00000000
vt 0.13082589 0.28352425 0.00000000
vt 0.96627170 0.20805007 0.00000000
vt 0.13859041 0.27486864 0.00000000
vt 0.13434979 0.27300498 0.00000000
vt 0.12439521 0.28126460 0.00000000
vt 0.12991720 0.27019060 0.00000000
vt 0.13612260 0.26798281 0.00000000
vt 0.13901632 0.26792064 0.00000000
vt 0.13452105 0.26442513 0.00000000
vt 0.97068864 0.18877578 0.00000000
vt 0.97342807 0.19631535 0.00000000
vt 0.13012822 0.25894570 0.00000000
vt 0.12439521 0.26442739 0.00000000
vt 0.97813994 0.18591715 0.00000000
vt 0.68925565 0.38104600 0.00000000
vt 0.12742661 0.24655494 0.00000000
vt 0.13400418 0.25511742 0.00000000
vt 0.13796908 0.26200482 0.00000000
vt 0.14404543 0.26674035 0.00000000
vt 0.14242722 0.25974765 0.00000000
vt 0.14872889 0.26560917 0.00000000
vt 0.08308953 0.69692701 0.00000000
vt 0.13871080 0.25144821 0.00000000
vt 0.14637762 0.25790676 0.00000000
vt 0.70637685 0.37906426 0.00000000
vt 0.09008053 0.69340891 0.00000000
vt 0.09389355 0.69750369 0.00000000
vt 0.10391479 0.68983388 0.00000000
vt 0.71254843 0.37594175 0.00000000
vt 0.10889143 0.69470227 0.00000000
vt 0.09842134 0.70298243 0.00000000
vt 0.71880072 0.37261397 0.00000000
vt 0.08813971 0.70794475 0.00000000
vt 0.72723573 0.36891046 0.00000000
vt 0.09234907 0.71705395 0.00000000
vt 0.10367430 0.71056974 0.00000000
vt 0.73729599 0.36303198 0.00000000
vt 0.11116692 0.71950287 0.00000000
vt 0.74635208 0.37618661 0.00000000
vt 0.10031612 0.73129725 0.00000000
vt 0.07759358 0.72047859 0.00000000
vt 0.08083178 0.73298192 0.00000000
vt 0.48309368 0.42859247 0.00000000
vt 0.35675296 0.58064371 0.00000000
vt 0.35055554 0.59847951 0.00000000
vt 0.36919674 0.58409345 0.00000000
vt 0.46787792 0.41065124 0.00000000
vt 0.46545365 0.42263305 0.00000000
vt 0.45095384 0.40859622 0.00000000
vt 0.46277058 0.43361628 0.00000000
vt 0.44624773 0.44209111 0.00000000
vt 0.44934645 0.41972819 0.00000000
vt 0.43395245 0.40897161 0.00000000
vt 0.43463922 0.41914150 0.00000000
vt 0.44743726 0.43062687 0.00000000
vt 0.44068086 0.44267949 0.00000000
vt 0.43491277 0.42998084 0.00000000
vt 0.65944934 0.24818015 0.00000000
vt 0.66640872 0.24647166 0.00000000
vt 0.98030394 0.47029001 0.00000000
vt 0.98769528 0.46914244 0.00000000
vt 0.98005015 0.47617403 0.00000000
vt 0.97359604 0.47639158 0.00000000
vt 0.98803782 0.47515494 0.00000000
vt 0.96434194 0.47163847 0.00000000
vt 0.98805201 0.48179105 0.00000000
vt 0.33854610 0.67615652 0.00000000
vt 0.33089748 0.66614521 0.00000000
vt 0.96434194 0.48578960 0.00000000
vt 0.97291088 0.47647089 0.00000000
vt 0.97360951 0.48352695 0.00000000
vt 0.32090700 0.66499221 0.00000000
vt 0.96482611 0.49586618 0.00000000
vt 0.98055774 0.48268208 0.00000000
vt 0.97286308 0.49457297 0.00000000
vt 0.98012388 0.49381736 0.00000000
vt 0.98701084 0.49349564 0.00000000
vt 0.98743635 0.50952786 0.00000000
vt 0.97922480 0.50879174 0.00000000
vt 0.97223133 0.51001799 0.00000000
vt 0.97807801 0.52372313 0.00000000
vt 0.98484367 0.52467805 0.00000000
vt 0.97284424 0.52398807 0.00000000
vt 0.97713321 0.53253376 0.00000000
vt 0.98226368 0.53627425 0.00000000
vt 0.97173071 0.53515172 0.00000000
vt 0.96738535 0.52633709 0.00000000
vt 0.97458416 0.54151803 0.00000000
vt 0.97936279 0.54717672 0.00000000
vt 0.27440971 0.66822547 0.00000000
vt 0.26751670 0.67058760 0.00000000
vt 0.25969183 0.66446644 0.00000000
vt 0.26834351 0.66227955 0.00000000
vt 0.97058326 0.54918557 0.00000000
vt 0.25300601 0.65855592 0.00000000
vt 0.26398838 0.65573108 0.00000000
vt 0.28131312 0.66714454 0.00000000
vt 0.27843061 0.66166854 0.00000000
vt 0.29070866 0.66459262 0.00000000
vt 0.24760368 0.65248352 0.00000000
vt 0.27618787 0.65459859 0.00000000
vt 0.27603811 0.64488566 0.00000000
vt 0.26095304 0.64885437 0.00000000
vt 0.35695437 0.31924421 0.00000000
vt 0.34335166 0.31692725 0.00000000
vt 0.34237891 0.30858842 0.00000000
vt 0.35789827 0.31017303 0.00000000
vt 0.37227830 0.32197341 0.00000000
vt 0.34280327 0.29953873 0.00000000
vt 0.28998008 0.65605152 0.00000000
vt 0.30586809 0.66350347 0.00000000
vt 0.30633619 0.67125493 0.00000000
vt 0.96450931 0.51106936 0.00000000
vt 0.30518070 0.65498269 0.00000000
vt 0.29037109 0.64784664 0.00000000
vt 0.30392468 0.64545137 0.00000000
vt 0.39676118 0.33636492 0.00000000
vt 0.39267528 0.34523106 0.00000000
vt 0.38377780 0.33118507 0.00000000
vt 0.37419122 0.31268555 0.00000000
vt 0.38862914 0.32445434 0.00000000
vt 0.39849874 0.32984591 0.00000000
vt 0.39121282 0.31767371 0.00000000
vt 0.38101676 0.30458900 0.00000000
vt 0.40058407 0.31024057 0.00000000
vt 0.36065912 0.30034587 0.00000000
vt 0.36179551 0.29042920 0.00000000
vt 0.34460455 0.28966984 0.00000000
vt 0.36264479 0.28131393 0.00000000
vt 0.34562346 0.28061804 0.00000000
vt 0.36381480 0.27429804 0.00000000
vt 0.41638383 0.67870891 0.00000000
vt 0.41758129 0.68686700 0.00000000
vt 0.41843310 0.69342905 0.00000000
vt 0.41565576 0.31097323 0.00000000
vt 0.42773724 0.30401599 0.00000000
vt 0.43955663 0.30069104 0.00000000
vt 0.12439521 0.37409282 0.00000000
vt 0.15637228 0.45863202 0.00000000
vt 0.15588240 0.46647882 0.00000000
vt 0.17078622 0.45780352 0.00000000
vt 0.17071064 0.46451190 0.00000000
vt 0.16844968 0.47105786 0.00000000
vt 0.17175706 0.47851473 0.00000000
vt 0.15639158 0.48191106 0.00000000
vt 0.17695482 0.46811554 0.00000000
vt 0.59096664 0.30612782 0.00000000
vt 0.59433651 0.29136667 0.00000000
vt 0.60128927 0.30847046 0.00000000
vt 0.18140711 0.47270989 0.00000000
vt 0.58510131 0.27331892 0.00000000
vt 0.14058018 0.48338956 0.00000000
vt 0.14226356 0.49264374 0.00000000
vt 0.59746611 0.32223126 0.00000000
vt 0.58578718 0.33225155 0.00000000
vt 0.59502846 0.33295786 0.00000000
vt 0.59258831 0.34073642 0.00000000
vt 0.60637283 0.32298344 0.00000000
vt 0.61011058 0.31148198 0.00000000
vt 0.61883694 0.31459612 0.00000000
vt 0.61457157 0.32519913 0.00000000
vt 0.60204881 0.33355552 0.00000000
vt 0.60834837 0.33498332 0.00000000
vt 0.59234011 0.34095389 0.00000000
vt 0.59923553 0.34048048 0.00000000
vt 0.59624749 0.34518951 0.00000000
vt 0.58510131 0.35024911 0.00000000
vt 0.24875543 0.73118573 0.00000000
vt 0.60367459 0.34360784 0.00000000
vt 0.25077581 0.72439331 0.00000000
vt 0.24394101 0.72476441 0.00000000
vt 0.25860512 0.72655374 0.00000000
vt 0.25201741 0.71967053 0.00000000
vt 0.60853088 0.34634432 0.00000000
vt 0.24470358 0.71895182 0.00000000
vt 0.33949083 0.71692044 0.00000000
vt 0.34950894 0.71954370 0.00000000
vt 0.33827022 0.72261679 0.00000000
vt 0.33226132 0.71692044 0.00000000
vt 0.61148959 0.34884688 0.00000000
vt 0.24738587 0.92672616 0.00000000
vt 0.33255360 0.72185498 0.00000000
vt 0.81779253 0.81748229 0.00000000
vt 0.81328458 0.81388527 0.00000000
vt 0.82427639 0.81388527 0.00000000
vt 0.79487181 0.45746538 0.00000000
vt 0.79981166 0.45764774 0.00000000
vt 0.79760617 0.46528065 0.00000000
vt 0.80287254 0.46440130 0.00000000
vt 0.26035678 0.72102338 0.00000000
vt 0.80105472 0.47821519 0.00000000
vt 0.79487181 0.48017856 0.00000000
vt 0.49481586 0.88834280 0.00000000
vt 0.48922214 0.84176707 0.00000000
vt 0.49576607 0.84098113 0.00000000
vt 0.43339553 0.92147672 0.00000000
vt 0.42680454 0.96838671 0.00000000
vt 0.42680454 0.92147672 0.00000000
vt 0.08332162 0.91016346 0.00000000
vt 0.03644369 0.90842575 0.00000000
vt 0.03282336 0.87758064 0.00000000
vt 0.06563374 0.87758064 0.00000000
vt 0.43339553 0.87463176 0.00000000
vt 0.42680454 0.87463176 0.00000000
vt 0.43339553 0.82680464 0.00000000
vt 0.42680454 0.82680464 0.00000000
vt 0.47090784 0.73338211 0.00000000
vt 0.42435774 0.72240347 0.00000000
vt 0.43313628 0.70286423 0.00000000
vt 0.51703310 0.72520268 0.00000000
vt 0.46439472 0.70968229 0.00000000
vt 0.49545714 0.70286423 0.00000000
vt 0.57509142 0.96779525 0.00000000
vt 0.57509142 0.93580180 0.00000000
vt 0.58415395 0.93580180 0.00000000
vt 0.58415395 0.96779525 0.00000000
vt 0.77368993 0.80432862 0.00000000
vt 0.76462734 0.80432862 0.00000000
vt 0.77368993 0.77252668 0.00000000
vt 0.58527523 0.53790814 0.00000000
vt 0.59186620 0.56921536 0.00000000
vt 0.58527523 0.60052246 0.00000000
vt 0.76462734 0.77252668 0.00000000
vt 0.77368993 0.73971629 0.00000000
vt 0.78484052 0.32323453 0.00000000
vt 0.80378956 0.34877458 0.00000000
vt 0.78484052 0.43692893 0.00000000
vt 0.76462734 0.73971629 0.00000000
vt 0.77368993 0.68531579 0.00000000
vt 0.48922214 0.78649360 0.00000000
vt 0.54001349 0.86441356 0.00000000
vt 0.59528661 0.86441356 0.00000000
vt 0.54079950 0.87095749 0.00000000
vt 0.05086336 0.73786473 0.00000000
vt 0.10523892 0.74527967 0.00000000
vt 0.10523891 0.78235394 0.00000000
vt 0.74937880 0.73566043 0.00000000
vt 0.74844676 0.74218512 0.00000000
vt 0.70277333 0.73566043 0.00000000
vt 0.05086336 0.78400165 0.00000000
vt 0.86010158 0.58274508 0.00000000
vt 0.86010158 0.57615411 0.00000000
vt 0.90792912 0.58274508 0.00000000
vt 0.90792912 0.57615411 0.00000000
vt 0.37409449 0.82680464 0.00000000
vt 0.42192173 0.82680464 0.00000000
vt 0.41014227 0.84837651 0.00000000
vt 0.37815341 0.84783721 0.00000000
vt 0.63884658 0.98299932 0.00000000
vt 0.60685319 0.98299938 0.00000000
vt 0.60685319 0.97393680 0.00000000
vt 0.60263908 0.96905398 0.00000000
vt 0.60263908 0.93580180 0.00000000
vt 0.61135864 0.96658403 0.00000000
vt 0.00488281 0.76635528 0.00000000
vt 0.02911158 0.76222390 0.00000000
vt 0.01185449 0.79738361 0.00000000
vt 0.95477432 0.58274508 0.00000000
vt 0.04122598 0.80747533 0.00000000
vt 0.00488281 0.82944477 0.00000000
vt 0.95477432 0.57615411 0.00000000
vt 0.91383713 0.52455455 0.00000000
vt 0.95630461 0.52455455 0.00000000
vt 0.92534506 0.55979753 0.00000000
vt 0.55265760 0.92432797 0.00000000
vt 0.59956771 0.92432797 0.00000000
vt 0.59956771 0.93091899 0.00000000
vt 0.49315745 0.95784050 0.00000000
vt 0.54006779 0.96443146 0.00000000
vt 0.49315745 0.96443146 0.00000000
vt 0.59261996 0.90642464 0.00000000
vt 0.58390439 0.90890831 0.00000000
vt 0.58390439 0.87584031 0.00000000
vt 0.50142694 0.98947650 0.00000000
vt 0.46836001 0.98920804 0.00000000
vt 0.49901405 0.98074102 0.00000000
vt 0.25262192 0.83404148 0.00000000
vt 0.22367007 0.82088286 0.00000000
vt 0.31383777 0.82088286 0.00000000
vt 0.75600499 0.45258257 0.00000000
vt 0.53305304 0.98074102 0.00000000
vt 0.75307268 0.75613052 0.00000000
vt 0.72026223 0.74706793 0.00000000
vt 0.75307274 0.74706793 0.00000000
vt 0.44975215 0.89333272 0.00000000
vt 0.45881480 0.89333278 0.00000000
vt 0.44975215 0.94786400 0.00000000
vt 0.87516862 0.33221483 0.00000000
vt 0.82079303 0.32809538 0.00000000
vt 0.87516862 0.18721324 0.00000000
vt 0.75600499 0.30758098 0.00000000
vt 0.73760873 0.44055727 0.00000000
vt 0.74517721 0.38592881 0.00000000
vt 0.74756366 0.44055727 0.00000000
vt 0.20972465 0.80378032 0.00000000
vt 0.21878725 0.80789965 0.00000000
vt 0.21878725 0.94301474 0.00000000
vt 0.82079303 0.19298039 0.00000000
vt 0.20972465 0.94054312 0.00000000
vt 0.10536751 0.40386868 0.00000000
vt 0.11302683 0.34912241 0.00000000
vt 0.11476108 0.40386868 0.00000000
vt 0.86010158 0.53516734 0.00000000
vt 0.56598026 0.71948105 0.00000000
vt 0.63571799 0.71948105 0.00000000
vt 0.59796327 0.75930899 0.00000000
vt 0.43827835 0.95784050 0.00000000
vt 0.64719170 0.73566043 0.00000000
vt 0.64719182 0.78674048 0.00000000
vt 0.64060080 0.78674048 0.00000000
vt 0.43827835 0.96443146 0.00000000
vt 0.84173888 0.90745300 0.00000000
vt 0.84090132 0.91064024 0.00000000
vt 0.82553154 0.90745300 0.00000000
vt 0.81863177 0.84584606 0.00000000
vt 0.81863177 0.82963842 0.00000000
vt 0.82102221 0.83026659 0.00000000
vt 0.75848478 0.93463600 0.00000000
vt 0.74280953 0.93545997 0.00000000
vt 0.75848478 0.93134052 0.00000000
vt 0.72839290 0.93051672 0.00000000
vt 0.73168832 0.93051672 0.00000000
vt 0.72839290 0.93298835 0.00000000
vt 0.74280953 0.93051672 0.00000000
vt 0.73168832 0.93298835 0.00000000
vt 0.80606037 0.62399220 0.00000000
vt 0.80593073 0.62152404 0.00000000
vt 0.82162756 0.62152404 0.00000000
vt 0.85383850 0.86284983 0.00000000
vt 0.85383850 0.85790664 0.00000000
vt 0.85713398 0.85790664 0.00000000
vt 0.85713398 0.86284983 0.00000000
vt 0.73662388 0.87382150 0.00000000
vt 0.73662382 0.87711698 0.00000000
vt 0.72088367 0.87299746 0.00000000
vt 0.72088367 0.87794071 0.00000000
vt 0.82180053 0.62481499 0.00000000
vt 0.80593073 0.62969780 0.00000000
vt 0.82162762 0.62969780 0.00000000
vt 0.82180053 0.63298875 0.00000000
vt 0.80606049 0.63216603 0.00000000
vt 0.28945726 0.86801541 0.00000000
vt 0.28748000 0.86949837 0.00000000
vt 0.28748000 0.86537892 0.00000000
vt 0.80446219 0.91751170 0.00000000
vt 0.80775762 0.91998327 0.00000000
vt 0.80446219 0.91998333 0.00000000
vt 0.76212960 0.86492687 0.00000000
vt 0.77782649 0.86492687 0.00000000
vt 0.76238900 0.86986333 0.00000000
vt 0.80240142 0.85231972 0.00000000
vt 0.80240142 0.83611232 0.00000000
vt 0.80558872 0.83694994 0.00000000
vt 0.79475778 0.62904704 0.00000000
vt 0.79475778 0.61335021 0.00000000
vt 0.79722601 0.61347991 0.00000000
vt 0.09906219 0.48822156 0.00000000
vt 0.09494907 0.49096352 0.00000000
vt 0.09312109 0.48822156 0.00000000
vt 0.79804873 0.62922007 0.00000000
vt 0.15317579 0.75679678 0.00000000
vt 0.15134773 0.75405484 0.00000000
vt 0.15728888 0.75405484 0.00000000
vt 0.74316204 0.92563391 0.00000000
vt 0.73821884 0.92563391 0.00000000
vt 0.73904258 0.90989381 0.00000000
vt 0.74233812 0.90989375 0.00000000
vt 0.78664374 0.75587964 0.00000000
vt 0.78664374 0.73967201 0.00000000
vt 0.78983098 0.74050963 0.00000000
vt 0.82590503 0.84584594 0.00000000
vt 0.82590503 0.82963842 0.00000000
vt 0.82829547 0.83026654 0.00000000
vt 0.73483855 0.89512122 0.00000000
vt 0.73236692 0.89512122 0.00000000
vt 0.73236692 0.89264959 0.00000000
vt 0.82381487 0.73160112 0.00000000
vt 0.82330644 0.73401982 0.00000000
vt 0.80779684 0.73160112 0.00000000
vt 0.73483855 0.89264959 0.00000000
vt 0.85976636 0.85171723 0.00000000
vt 0.85647094 0.85171723 0.00000000
vt 0.85976630 0.84677398 0.00000000
vt 0.75028318 0.96143305 0.00000000
vt 0.75512069 0.96245003 0.00000000
vt 0.75028318 0.97745097 0.00000000
vt 0.83171380 0.62934792 0.00000000
vt 0.83171380 0.61358637 0.00000000
vt 0.83418202 0.62921876 0.00000000
vt 0.84705991 0.83914912 0.00000000
vt 0.85300088 0.83914912 0.00000000
vt 0.84888786 0.84189117 0.00000000
vt 0.83500487 0.61341417 0.00000000
vt 0.73502195 0.84449911 0.00000000
vt 0.73749357 0.84449905 0.00000000
vt 0.73419809 0.86023915 0.00000000
vt 0.73914129 0.86023915 0.00000000
vt 0.78883994 0.96665007 0.00000000
vt 0.79290903 0.96729165 0.00000000
vt 0.78883994 0.98251897 0.00000000
vt 0.77939683 0.78639400 0.00000000
vt 0.78186822 0.80206931 0.00000000
vt 0.77857274 0.80206931 0.00000000
vt 0.76299864 0.81250691 0.00000000
vt 0.76299864 0.80921143 0.00000000
vt 0.76629412 0.80921143 0.00000000
vt 0.76629412 0.81250691 0.00000000
vt 0.80434275 0.86038983 0.00000000
vt 0.80350512 0.85720253 0.00000000
vt 0.81971252 0.85720253 0.00000000
vt 0.75787091 0.91868311 0.00000000
vt 0.75787091 0.90247566 0.00000000
vt 0.76265186 0.91742676 0.00000000
vt 0.80207962 0.72671831 0.00000000
vt 0.78664374 0.72353017 0.00000000
vt 0.80291402 0.72353017 0.00000000
vt 0.75466728 0.84430403 0.00000000
vt 0.75878662 0.86004406 0.00000000
vt 0.75384343 0.86004406 0.00000000
vt 0.62967694 0.85188276 0.00000000
vt 0.63462019 0.85188276 0.00000000
vt 0.63462019 0.85600215 0.00000000
vt 0.77335995 0.87491912 0.00000000
vt 0.77418268 0.89065927 0.00000000
vt 0.77006900 0.87474614 0.00000000
vt 0.62967694 0.85600215 0.00000000
vt 0.77006900 0.89044303 0.00000000
vt 0.82935083 0.75842786 0.00000000
vt 0.82935083 0.75513238 0.00000000
vt 0.83841336 0.75513238 0.00000000
vt 0.87870443 0.94947261 0.00000000
vt 0.87870443 0.95276809 0.00000000
vt 0.86469859 0.95276809 0.00000000
vt 0.86469859 0.94947261 0.00000000
vt 0.83841336 0.75842786 0.00000000
vt 0.68556547 0.96008259 0.00000000
vt 0.69462812 0.96008259 0.00000000
vt 0.68556547 0.97408837 0.00000000
vt 0.69462812 0.97408837 0.00000000
vt 0.83570117 0.77725613 0.00000000
vt 0.83570117 0.78631872 0.00000000
vt 0.83240569 0.77725613 0.00000000
vt 0.86469865 0.95765090 0.00000000
vt 0.87870449 0.95765090 0.00000000
vt 0.86469865 0.96094638 0.00000000
vt 0.83240569 0.78631872 0.00000000
vt 0.87870449 0.96094638 0.00000000
vt 0.66840982 0.54298383 0.00000000
vt 0.65934712 0.54298383 0.00000000
vt 0.66840982 0.54215997 0.00000000
vt 0.65934712 0.52897793 0.00000000
vt 0.66017097 0.54215997 0.00000000
vt 0.66017097 0.52897793 0.00000000
vt 0.66544551 0.83325362 0.00000000
vt 0.65720677 0.83325362 0.00000000
vt 0.66544551 0.80688965 0.00000000
vt 0.65720677 0.80688965 0.00000000
vt 0.61525005 0.82171935 0.00000000
vt 0.58888608 0.82171935 0.00000000
vt 0.58888608 0.80853742 0.00000000
vt 0.65069032 0.62733042 0.00000000
vt 0.64250195 0.62642068 0.00000000
vt 0.65169114 0.62578374 0.00000000
vt 0.61525005 0.80853742 0.00000000
vt 0.65232396 0.81611562 0.00000000
vt 0.65232396 0.84247959 0.00000000
vt 0.64408523 0.84247959 0.00000000
vt 0.64104629 0.62460101 0.00000000
vt 0.64104629 0.63952196 0.00000000
vt 0.79492939 0.76965356 0.00000000
vt 0.79492939 0.75894320 0.00000000
vt 0.79904872 0.76965356 0.00000000
vt 0.64408523 0.81611562 0.00000000
vt 0.55763936 0.80853742 0.00000000
vt 0.58400327 0.80853742 0.00000000
vt 0.58400327 0.82171935 0.00000000
vt 0.55763936 0.82171935 0.00000000
vt 0.06403302 0.68125957 0.00000000
vt 0.06868535 0.67446005 0.00000000
vt 0.06378251 0.68308467 0.00000000
vt 0.05086336 0.67424524 0.00000000
vt 0.52291209 0.62620741 0.00000000
vt 0.52291209 0.61302519 0.00000000
vt 0.52373600 0.62703127 0.00000000
vt 0.06983056 0.67424524 0.00000000
vt 0.52373600 0.61137748 0.00000000
vt 0.79712641 0.96152997 0.00000000
vt 0.79712641 0.94587660 0.00000000
vt 0.80124587 0.96152997 0.00000000
vt 0.79904872 0.75894320 0.00000000
vt 0.58888572 0.97393680 0.00000000
vt 0.59959620 0.97393680 0.00000000
vt 0.58970958 0.97558457 0.00000000
vt 0.80124587 0.94587660 0.00000000
vt 0.79769140 0.81863469 0.00000000
vt 0.79769140 0.81451535 0.00000000
vt 0.80840176 0.81451541 0.00000000
vt 0.79842710 0.88915706 0.00000000
vt 0.79444337 0.90429527 0.00000000
vt 0.79444337 0.88810873 0.00000000
vt 0.80181074 0.80963248 0.00000000
vt 0.79769140 0.80963254 0.00000000
vt 0.79769140 0.79892224 0.00000000
vt 0.78806198 0.88322592 0.00000000
vt 0.78806198 0.86703938 0.00000000
vt 0.79204571 0.86808777 0.00000000
vt 0.52683979 0.95156544 0.00000000
vt 0.53686243 0.95156544 0.00000000
vt 0.53496629 0.95291990 0.00000000
vt 0.83912969 0.87367642 0.00000000
vt 0.83748192 0.87202865 0.00000000
vt 0.85313523 0.87202865 0.00000000
vt 0.68705773 0.85891616 0.00000000
vt 0.69529647 0.85891616 0.00000000
vt 0.69529647 0.87232786 0.00000000
vt 0.68705773 0.87232786 0.00000000
vt 0.65834326 0.88809395 0.00000000
vt 0.65834326 0.87244064 0.00000000
vt 0.65916711 0.88727003 0.00000000
vt 0.28971815 0.55712306 0.00000000
vt 0.28971815 0.54226989 0.00000000
vt 0.29044932 0.54396087 0.00000000
vt 0.66740572 0.88727003 0.00000000
vt 0.66905338 0.88809395 0.00000000
vt 0.85231143 0.87367642 0.00000000
vt 0.41889516 0.98505980 0.00000000
vt 0.42479026 0.97326952 0.00000000
vt 0.43768597 0.97695392 0.00000000
vt 0.36772841 0.67006356 0.00000000
vt 0.35477921 0.67253011 0.00000000
vt 0.35477921 0.65491778 0.00000000
vt 0.61749029 0.86096078 0.00000000
vt 0.63510257 0.86096078 0.00000000
vt 0.63510257 0.86919951 0.00000000
vt 0.36768982 0.65665197 0.00000000
vt 0.43584371 0.98984963 0.00000000
vt 0.61749029 0.86919951 0.00000000
vt 0.45058158 0.97695398 0.00000000
vt 0.45316073 0.99021804 0.00000000
vt 0.60016942 0.86919951 0.00000000
vt 0.46347719 0.97326952 0.00000000
vt 0.35913402 0.63815320 0.00000000
vt 0.60016942 0.86096078 0.00000000
vt 0.36946633 0.85776150 0.00000000
vt 0.38879022 0.85325933 0.00000000
vt 0.38502163 0.86572886 0.00000000
vt 0.52689201 0.87918562 0.00000000
vt 0.52689201 0.86170858 0.00000000
vt 0.53513068 0.87918562 0.00000000
vt 0.40232208 0.85495400 0.00000000
vt 0.08969072 0.83694708 0.00000000
vt 0.09619505 0.85626292 0.00000000
vt 0.08486182 0.84890455 0.00000000
vt 0.51663548 0.94491160 0.00000000
vt 0.51663548 0.93201590 0.00000000
vt 0.52487421 0.94491160 0.00000000
vt 0.52487421 0.93201590 0.00000000
vt 0.08486182 0.86956716 0.00000000
vt 0.53513068 0.86170858 0.00000000
vt 0.51663548 0.91860425 0.00000000
vt 0.31918219 0.91271085 0.00000000
vt 0.31462961 0.90009558 0.00000000
vt 0.33211032 0.91111219 0.00000000
vt 0.52487421 0.91860425 0.00000000
vt 0.40219560 0.86797994 0.00000000
vt 0.52689201 0.84438759 0.00000000
vt 0.41562629 0.85325933 0.00000000
vt 0.33141530 0.92841917 0.00000000
vt 0.53513068 0.84438759 0.00000000
vt 0.51663548 0.90496671 0.00000000
vt 0.31855667 0.92633396 0.00000000
vt 0.52487421 0.90496671 0.00000000
vt 0.41942024 0.86502063 0.00000000
vt 0.40853143 0.92723250 0.00000000
vt 0.39677021 0.92343855 0.00000000
vt 0.41149077 0.91000789 0.00000000
vt 0.39846486 0.91013438 0.00000000
vt 0.52689201 0.82691067 0.00000000
vt 0.53513068 0.82691067 0.00000000
vt 0.60991424 0.78229433 0.00000000
vt 0.60991424 0.79053307 0.00000000
vt 0.59243721 0.79053307 0.00000000
vt 0.32557681 0.94489205 0.00000000
vt 0.59243721 0.78229433 0.00000000
vt 0.51663548 0.89155501 0.00000000
vt 0.31462961 0.93915778 0.00000000
vt 0.52487421 0.89155501 0.00000000
vt 0.50888765 0.88667208 0.00000000
vt 0.50064898 0.88667208 0.00000000
vt 0.50888765 0.87326044 0.00000000
vt 0.19620381 0.93623322 0.00000000
vt 0.20352079 0.94619238 0.00000000
vt 0.18411730 0.94204617 0.00000000
vt 0.18811457 0.95444423 0.00000000
vt 0.50064898 0.87326044 0.00000000
vt 0.17074366 0.94471550 0.00000000
vt 0.50888765 0.85962296 0.00000000
vt 0.40923980 0.89283389 0.00000000
vt 0.39677021 0.89660257 0.00000000
vt 0.57511628 0.79053307 0.00000000
vt 0.57511628 0.78229433 0.00000000
vt 0.17110945 0.95773691 0.00000000
vt 0.15758669 0.94211388 0.00000000
vt 0.50064886 0.85962296 0.00000000
vt 0.50888765 0.84621131 0.00000000
vt 0.50064886 0.84621131 0.00000000
vt 0.31921494 0.97326952 0.00000000
vt 0.33250210 0.97509319 0.00000000
vt 0.33182469 0.98858875 0.00000000
vt 0.31462961 0.98546237 0.00000000
vt 0.34891558 0.98577499 0.00000000
vt 0.50888765 0.83331567 0.00000000
vt 0.34526810 0.97326952 0.00000000
vt 0.50064898 0.83331567 0.00000000
vt 0.36454749 0.97795910 0.00000000
vt 0.68217492 0.87906194 0.00000000
vt 0.67393619 0.87906194 0.00000000
vt 0.68217492 0.86565030 0.00000000
vt 0.67552590 0.94786441 0.00000000
vt 0.66492099 0.95607471 0.00000000
vt 0.65568441 0.94786441 0.00000000
vt 0.67393619 0.86565030 0.00000000
vt 0.52291209 0.56747210 0.00000000
vt 0.52426654 0.57559890 0.00000000
vt 0.52291209 0.57749510 0.00000000
vt 0.75795555 0.73566043 0.00000000
vt 0.75960326 0.73730814 0.00000000
vt 0.75795555 0.75131398 0.00000000
vt 0.65194285 0.90468669 0.00000000
vt 0.66430068 0.90468669 0.00000000
vt 0.66594833 0.90551060 0.00000000
vt 0.75298983 0.87494802 0.00000000
vt 0.75463754 0.87577188 0.00000000
vt 0.75298983 0.88565850 0.00000000
vt 0.65029508 0.90551060 0.00000000
vt 0.80280447 0.75038236 0.00000000
vt 0.80280447 0.73967201 0.00000000
vt 0.80692381 0.73967201 0.00000000
vt 0.79692852 0.86703938 0.00000000
vt 0.80104792 0.86703938 0.00000000
vt 0.79692852 0.88269293 0.00000000
vt 0.82231522 0.95474315 0.00000000
vt 0.80717701 0.95872682 0.00000000
vt 0.80612868 0.95474315 0.00000000
vt 0.80692381 0.75038236 0.00000000
vt 0.80446219 0.90864515 0.00000000
vt 0.82064873 0.90864515 0.00000000
vt 0.80551058 0.91262889 0.00000000
vt 0.71228558 0.84589511 0.00000000
vt 0.70157510 0.84589511 0.00000000
vt 0.70322281 0.84424740 0.00000000
vt 0.62508088 0.93482596 0.00000000
vt 0.61624146 0.94774508 0.00000000
vt 0.61649197 0.94591999 0.00000000
vt 0.52438593 0.60538936 0.00000000
vt 0.52291209 0.60649467 0.00000000
vt 0.52291209 0.59728372 0.00000000
vt 0.62347049 0.93572062 0.00000000
vt 0.70322281 0.83188909 0.00000000
vt 0.55265760 0.91944516 0.00000000
vt 0.55265760 0.90708709 0.00000000
vt 0.57902157 0.90708709 0.00000000
vt 0.57902157 0.91944516 0.00000000
vt 0.68357074 0.83813643 0.00000000
vt 0.68357074 0.84637511 0.00000000
vt 0.65720677 0.84637511 0.00000000
vt 0.65720677 0.83813643 0.00000000
vt 0.69789052 0.73566043 0.00000000
vt 0.69264531 0.74685019 0.00000000
vt 0.66877389 0.73566043 0.00000000
vt 0.55265760 0.87584031 0.00000000
vt 0.56501567 0.90220422 0.00000000
vt 0.55265760 0.90220428 0.00000000
vt 0.68845356 0.82278663 0.00000000
vt 0.68845356 0.79642266 0.00000000
vt 0.69669229 0.82278663 0.00000000
vt 0.69669229 0.79642266 0.00000000
vt 0.11012173 0.74610358 0.00000000
vt 0.11012173 0.73786473 0.00000000
vt 0.11094560 0.73786473 0.00000000
vt 0.86439204 0.76331067 0.00000000
vt 0.85205829 0.76408160 0.00000000
vt 0.85118461 0.76331067 0.00000000
vt 0.11094560 0.74692744 0.00000000
vt 0.68483704 0.89297676 0.00000000
vt 0.68401319 0.90203941 0.00000000
vt 0.68401319 0.89380062 0.00000000
vt 0.67083114 0.89297676 0.00000000
vt 0.68483704 0.90203941 0.00000000
vt 0.82848036 0.77237332 0.00000000
vt 0.82848036 0.76331073 0.00000000
vt 0.83177584 0.76331073 0.00000000
vt 0.83693814 0.82114488 0.00000000
vt 0.84600079 0.82114488 0.00000000
vt 0.84600079 0.82444030 0.00000000
vt 0.58390439 0.91565645 0.00000000
vt 0.59791017 0.91565645 0.00000000
vt 0.59791017 0.91895193 0.00000000
vt 0.83177584 0.77237332 0.00000000
vt 0.58390439 0.91895193 0.00000000
vt 0.81167895 0.60438341 0.00000000
vt 0.81167895 0.60108793 0.00000000
vt 0.82568473 0.60438341 0.00000000
vt 0.82568473 0.60108793 0.00000000
vt 0.68609524 0.90692222 0.00000000
vt 0.70010114 0.90692222 0.00000000
vt 0.68609524 0.91598481 0.00000000
vt 0.83693814 0.82444030 0.00000000
vt 0.70010114 0.91598481 0.00000000
vt 0.55763930 0.78229433 0.00000000
vt 0.15383339 0.95509470 0.00000000
vt 0.62177151 0.91565645 0.00000000
vt 0.63924843 0.92389512 0.00000000
vt 0.62177151 0.92389512 0.00000000
vt 0.60445052 0.91565645 0.00000000
vt 0.60445052 0.92389512 0.00000000
vt 0.14610994 0.93623322 0.00000000
vt 0.53760988 0.82202786 0.00000000
vt 0.51873463 0.81433803 0.00000000
vt 0.53527957 0.80921143 0.00000000
vt 0.69788569 0.94696105 0.00000000
vt 0.69788569 0.95519978 0.00000000
vt 0.68040872 0.95519978 0.00000000
vt 0.55100888 0.82144523 0.00000000
vt 0.68040872 0.94696105 0.00000000
vt 0.55275655 0.80921143 0.00000000
vt 0.65194285 0.89644814 0.00000000
vt 0.66430068 0.89644814 0.00000000
vt 0.65029508 0.89480048 0.00000000
vt 0.80713946 0.77453637 0.00000000
vt 0.80713946 0.78524661 0.00000000
vt 0.80302006 0.78524661 0.00000000
vt 0.80302006 0.77453637 0.00000000
vt 0.80104792 0.88269293 0.00000000
vt 0.61624146 0.92877793 0.00000000
vt 0.61667097 0.93106830 0.00000000
vt 0.70157510 0.83024138 0.00000000
vt 0.76195651 0.81806773 0.00000000
vt 0.76673871 0.83308637 0.00000000
vt 0.76195651 0.83433795 0.00000000
vt 0.77857274 0.76095313 0.00000000
vt 0.77857274 0.74468303 0.00000000
vt 0.78176093 0.76011872 0.00000000
vt 0.85245311 0.87855923 0.00000000
vt 0.84981686 0.88053656 0.00000000
vt 0.84833384 0.87855923 0.00000000
vt 0.77349550 0.85804290 0.00000000
vt 0.77761495 0.85804290 0.00000000
vt 0.77497858 0.86002016 0.00000000
vt 0.78230935 0.98698956 0.00000000
vt 0.77983773 0.98698950 0.00000000
vt 0.78395712 0.97131431 0.00000000
vt 0.78581089 0.92534018 0.00000000
vt 0.78828251 0.92534024 0.00000000
vt 0.78581089 0.94101548 0.00000000
vt 0.77902126 0.92768550 0.00000000
vt 0.76336759 0.92850912 0.00000000
vt 0.77902132 0.92439002 0.00000000
vt 0.78993028 0.94101548 0.00000000
vt 0.30643940 0.92906862 0.00000000
vt 0.30960396 0.93170577 0.00000000
vt 0.30643940 0.93550330 0.00000000
vt 0.77983773 0.97131431 0.00000000
vt 0.70800972 0.85077792 0.00000000
vt 0.70537257 0.85394251 0.00000000
vt 0.70157510 0.85077792 0.00000000
vt 0.76336759 0.92356592 0.00000000
vt 0.78022063 0.76583594 0.00000000
vt 0.78186828 0.78151119 0.00000000
vt 0.77857274 0.78151119 0.00000000
vt 0.70157510 0.81860697 0.00000000
vt 0.70487064 0.81860697 0.00000000
vt 0.70157510 0.82355016 0.00000000
vt 0.75707370 0.81806773 0.00000000
vt 0.75681537 0.82300419 0.00000000
vt 0.74131209 0.81806773 0.00000000
vt 0.85782039 0.98440874 0.00000000
vt 0.85782039 0.96813852 0.00000000
vt 0.86100852 0.98357439 0.00000000
vt 0.84027064 0.85155302 0.00000000
vt 0.82459533 0.85320044 0.00000000
vt 0.82459533 0.85072887 0.00000000
vt 0.83638644 0.89405572 0.00000000
vt 0.83836371 0.89553875 0.00000000
vt 0.83638644 0.89817518 0.00000000
vt 0.84324652 0.89817512 0.00000000
vt 0.84324652 0.89405572 0.00000000
vt 0.84522378 0.89553869 0.00000000
vt 0.81718808 0.88064241 0.00000000
vt 0.81400079 0.88147998 0.00000000
vt 0.81400079 0.86527264 0.00000000
vt 0.80350512 0.59259748 0.00000000
vt 0.80597329 0.59272718 0.00000000
vt 0.80679613 0.60846746 0.00000000
vt 0.72620004 0.86786401 0.00000000
vt 0.72437203 0.86512196 0.00000000
vt 0.73031300 0.86512196 0.00000000
vt 0.76861268 0.85489595 0.00000000
vt 0.76366943 0.85489595 0.00000000
vt 0.76778889 0.83922076 0.00000000
vt 0.80350512 0.60829449 0.00000000
vt 0.76966679 0.95280832 0.00000000
vt 0.77378047 0.95259207 0.00000000
vt 0.76966679 0.96850514 0.00000000
vt 0.77295774 0.96833223 0.00000000
vt 0.83968192 0.88917291 0.00000000
vt 0.83638644 0.88917291 0.00000000
vt 0.83968192 0.88587743 0.00000000
vt 0.56301540 0.96426547 0.00000000
vt 0.56301540 0.96014613 0.00000000
vt 0.56795865 0.96426547 0.00000000
vt 0.56795865 0.96014613 0.00000000
vt 0.80207962 0.73478919 0.00000000
vt 0.78664374 0.73160112 0.00000000
vt 0.80291402 0.73160112 0.00000000
vt 0.74402410 0.84430403 0.00000000
vt 0.74896061 0.85980725 0.00000000
vt 0.74402410 0.86006564 0.00000000
vt 0.83638644 0.88587743 0.00000000
vt 0.79844946 0.86133385 0.00000000
vt 0.78270930 0.86215657 0.00000000
vt 0.78292549 0.85804290 0.00000000
vt 0.79862231 0.85804290 0.00000000
vt 0.82343382 0.90173256 0.00000000
vt 0.82024652 0.90257019 0.00000000
vt 0.82024652 0.88636279 0.00000000
vt 0.74705362 0.95655024 0.00000000
vt 0.74705362 0.94034278 0.00000000
vt 0.75183457 0.95529389 0.00000000
vt 0.78839868 0.78639400 0.00000000
vt 0.79004657 0.80206925 0.00000000
vt 0.78675103 0.80206925 0.00000000
vt 0.66389185 0.92717081 0.00000000
vt 0.66114986 0.92899889 0.00000000
vt 0.66114986 0.92305773 0.00000000
vt 0.74150670 0.87494802 0.00000000
vt 0.74744779 0.87494802 0.00000000
vt 0.74333471 0.87769002 0.00000000
vt 0.83564651 0.82976806 0.00000000
vt 0.83317828 0.84533525 0.00000000
vt 0.83317828 0.82963842 0.00000000
vt 0.84662169 0.90305793 0.00000000
vt 0.84909332 0.90305793 0.00000000
vt 0.84662169 0.90635347 0.00000000
vt 0.74540037 0.98403233 0.00000000
vt 0.74045718 0.98403233 0.00000000
vt 0.74128103 0.96835703 0.00000000
vt 0.82719803 0.94382292 0.00000000
vt 0.84289485 0.94382292 0.00000000
vt 0.84306782 0.94711387 0.00000000
vt 0.74457651 0.96835703 0.00000000
vt 0.82732767 0.94629115 0.00000000
vt 0.84909332 0.90635347 0.00000000
vt 0.74150670 0.87006521 0.00000000
vt 0.74150670 0.86512196 0.00000000
vt 0.75724679 0.86594582 0.00000000
vt 0.84974951 0.98440880 0.00000000
vt 0.84974951 0.96813852 0.00000000
vt 0.85293758 0.96897286 0.00000000
vt 0.82446802 0.75513262 0.00000000
vt 0.81293368 0.75842792 0.00000000
vt 0.81293368 0.75513244 0.00000000
vt 0.67966157 0.85125792 0.00000000
vt 0.67313415 0.86076748 0.00000000
vt 0.65928006 0.85125792 0.00000000
vt 0.22436212 0.78406489 0.00000000
vt 0.22436212 0.76368344 0.00000000
vt 0.23387165 0.77021086 0.00000000
vt 0.43895152 0.37690264 0.00000000
vt 0.43723306 0.39361835 0.00000000
vt 0.43395245 0.37655112 0.00000000
vt 0.43395245 0.39393088 0.00000000
vt 0.81125468 0.96560669 0.00000000
vt 0.80665839 0.97618562 0.00000000
vt 0.80665839 0.96360964 0.00000000
vt 0.80665839 0.98106843 0.00000000
vt 0.81923431 0.98106843 0.00000000
vt 0.81723726 0.98566473 0.00000000
vt 0.84463549 0.59382141 0.00000000
vt 0.84157574 0.61034447 0.00000000
vt 0.84157574 0.59259748 0.00000000
vt 0.82380241 0.74708098 0.00000000
vt 0.82289708 0.75024962 0.00000000
vt 0.81180662 0.74708098 0.00000000
vt 0.71569687 0.85077792 0.00000000
vt 0.71948922 0.86811465 0.00000000
vt 0.71447778 0.86811465 0.00000000
vt 0.70432419 0.77918541 0.00000000
vt 0.68694437 0.77918482 0.00000000
vt 0.70514435 0.77835792 0.00000000
vt 0.61863601 0.84484512 0.00000000
vt 0.61945677 0.84567207 0.00000000
vt 0.60710186 0.84480178 0.00000000
vt 0.68612355 0.77835792 0.00000000
vt 0.68690109 0.79071909 0.00000000
vt 0.60627496 0.84562260 0.00000000
vt 0.68607408 0.79153985 0.00000000
vt 0.60627496 0.82660216 0.00000000
vt 0.60710251 0.82742238 0.00000000
vt 0.28603750 0.98528510 0.00000000
vt 0.26759893 0.98995399 0.00000000
vt 0.26597494 0.98528510 0.00000000
vt 0.78092808 0.94573456 0.00000000
vt 0.77629960 0.94747031 0.00000000
vt 0.77629960 0.93339193 0.00000000
vt 0.78337884 0.85285014 0.00000000
vt 0.78337884 0.83877176 0.00000000
vt 0.78800732 0.85111439 0.00000000
vt 0.66114986 0.91039342 0.00000000
vt 0.68121243 0.91039342 0.00000000
vt 0.66385645 0.91817492 0.00000000
vt 0.10010754 0.45854461 0.00000000
vt 0.09312109 0.46291110 0.00000000
vt 0.09312109 0.44736639 0.00000000
vt 0.65932244 0.97990656 0.00000000
vt 0.66591334 0.96095753 0.00000000
vt 0.66756117 0.97990656 0.00000000
vt 0.66097009 0.96095753 0.00000000
vt 0.81565881 0.31147900 0.00000000
vt 0.80867237 0.31584552 0.00000000
vt 0.80867237 0.30030069 0.00000000
vt 0.62433958 0.82495409 0.00000000
vt 0.63522404 0.83239013 0.00000000
vt 0.63407898 0.83260566 0.00000000
vt 0.61485595 0.77731335 0.00000000
vt 0.63387626 0.77731335 0.00000000
vt 0.63305551 0.77814031 0.00000000
vt 0.62455517 0.82609910 0.00000000
vt 0.61479706 0.79049510 0.00000000
vt 0.61567605 0.77814090 0.00000000
vt 0.64541227 0.89794946 0.00000000
vt 0.62966573 0.90861899 0.00000000
vt 0.62988138 0.90747398 0.00000000
vt 0.62433958 0.84699994 0.00000000
vt 0.62337548 0.89794946 0.00000000
vt 0.39015597 0.72751373 0.00000000
vt 0.40753573 0.72751373 0.00000000
vt 0.40718430 0.73251277 0.00000000
vt 0.70322281 0.79642266 0.00000000
vt 0.70487058 0.81372416 0.00000000
vt 0.70157510 0.81372416 0.00000000
vt 0.82334071 0.74219811 0.00000000
vt 0.81180662 0.74219817 0.00000000
vt 0.81180662 0.73890263 0.00000000
vt 0.39046851 0.73079431 0.00000000
vt 0.82359755 0.76331073 0.00000000
vt 0.82030201 0.77484477 0.00000000
vt 0.82030201 0.76331073 0.00000000
vt 0.82683098 0.92904586 0.00000000
vt 0.82181960 0.92904586 0.00000000
vt 0.82683098 0.91751170 0.00000000
vt 0.82181960 0.91751170 0.00000000
vt 0.67032832 0.81611562 0.00000000
vt 0.68186253 0.81611562 0.00000000
vt 0.67032832 0.83291942 0.00000000
vt 0.29564860 0.84376717 0.00000000
vt 0.29435980 0.83892429 0.00000000
vt 0.31173941 0.83892429 0.00000000
vt 0.68186253 0.83291942 0.00000000
vt 0.72717279 0.14696200 0.00000000
vt 0.73263103 0.13796644 0.00000000
vt 0.72441369 0.15315665 0.00000000
vt 0.45125267 0.61887205 0.00000000
vt 0.44529152 0.61266619 0.00000000
vt 0.45660686 0.61266619 0.00000000
vt 0.45664987 0.62449092 0.00000000
vt 0.46791115 0.63452208 0.00000000
vt 0.46248895 0.62989378 0.00000000
vt 0.46780908 0.62179071 0.00000000
vt 0.33226132 0.68103933 0.00000000
vt 0.34104970 0.68486798 0.00000000
vt 0.34290284 0.54459149 0.00000000
vt 0.34484413 0.53747869 0.00000000
vt 0.33942258 0.55501908 0.00000000
vt 0.73647964 0.13007879 0.00000000
vt 0.74484611 0.11819574 0.00000000
vt 0.18382220 0.58894604 0.00000000
vt 0.18505102 0.58213562 0.00000000
vt 0.19143362 0.58424699 0.00000000
vt 0.55882698 0.03408972 0.00000000
vt 0.55882734 0.03015022 0.00000000
vt 0.55882657 0.03826945 0.00000000
vt 0.55882549 0.05504591 0.00000000
vt 0.55882567 0.05041979 0.00000000
vt 0.55882508 0.06824016 0.00000000
vt 0.55882519 0.06269566 0.00000000
vt 0.55882561 0.10495593 0.00000000
vt 0.55882531 0.09687252 0.00000000
vt 0.55882514 0.08569109 0.00000000
vt 0.55882502 0.07836381 0.00000000
vt 0.82895613 0.03575806 0.00000000
vt 0.82922608 0.03186012 0.00000000
vt 0.82959950 0.02644453 0.00000000
vt 0.53268284 0.19773132 0.00000000
vt 0.53278691 0.20234628 0.00000000
vt 0.48296475 0.20346592 0.00000000
vt 0.53295749 0.20997792 0.00000000
vt 0.53308153 0.21551245 0.00000000
vt 0.48326117 0.21663542 0.00000000
vt 0.15708078 0.85628033 0.00000000
vt 0.16389339 0.86239231 0.00000000
vt 0.67704916 0.39753357 0.00000000
vt 0.67702931 0.42046806 0.00000000
vt 0.67702627 0.42267415 0.00000000
vt 0.67703170 0.41861799 0.00000000
vt 0.04209828 0.10104570 0.00000000
vt 0.03829771 0.10050177 0.00000000
vt 0.06361499 0.10457281 0.00000000
vt 0.06317804 0.10450103 0.00000000
vt 0.06410629 0.10465347 0.00000000
vt 0.08799955 0.10849594 0.00000000
vt 0.11894963 0.11309285 0.00000000
vt 0.11542989 0.11257791 0.00000000
vt 0.11976979 0.11321254 0.00000000
vt 0.47394311 0.50539368 0.00000000
vt 0.12095642 0.11338473 0.00000000
vt 0.47088253 0.52882642 0.00000000
vt 0.47014669 0.53482342 0.00000000
vt 0.14694953 0.84770644 0.00000000
vt 0.14922298 0.84988439 0.00000000
vt 0.14612629 0.85047990 0.00000000
vt 0.14494579 0.84505415 0.00000000
vt 0.39897731 0.42980322 0.00000000
vt 0.90265048 0.17655382 0.00000000
vt 0.90276641 0.17386694 0.00000000
vt 0.90633643 0.12083969 0.00000000
vt 0.90724277 0.10900921 0.00000000
vt 0.90335280 0.16110031 0.00000000
vt 0.90405518 0.15021305 0.00000000
vt 0.90528899 0.13396674 0.00000000
vt 0.90571338 0.12870346 0.00000000
vt 0.90480036 0.13995448 0.00000000
vt 0.55420381 0.13054040 0.00000000
vt 0.55502480 0.13783737 0.00000000
vt 0.90261239 0.17788881 0.00000000
vt 0.90236723 0.18930507 0.00000000
vt 0.90236944 0.18888474 0.00000000
vt 0.90235776 0.20119013 0.00000000
vt 0.90234321 0.20009418 0.00000000
vt 0.90254861 0.21235120 0.00000000
vt 0.90252370 0.21148205 0.00000000
vt 0.90285170 0.22200450 0.00000000
vt 0.90281862 0.22114749 0.00000000
vt 0.90309417 0.22783512 0.00000000
vt 0.90305400 0.22694379 0.00000000
vt 0.90354395 0.23739044 0.00000000
vt 0.90336126 0.23351854 0.00000000
vt 0.98302275 0.24150182 0.00000000
vt 0.98302275 0.24112150 0.00000000
vt 0.98309535 0.24147488 0.00000000
vt 0.96858269 0.08512902 0.00000000
vt 0.96892309 0.08514167 0.00000000
vt 0.96858835 0.08557174 0.00000000
vt 0.45794907 0.86604786 0.00000000
vt 0.45725310 0.86729115 0.00000000
vt 0.38245520 0.58861655 0.00000000
vt 0.37468666 0.58886009 0.00000000
vt 0.37407956 0.58064371 0.00000000
vt 0.37459534 0.59709835 0.00000000
vt 0.38210791 0.59597737 0.00000000
vt 0.37407956 0.60454088 0.00000000
vt 0.24780920 0.75935453 0.00000000
vt 0.24673182 0.76620907 0.00000000
vt 0.23883614 0.76690274 0.00000000
vt 0.38937804 0.58709890 0.00000000
vt 0.38280243 0.58080840 0.00000000
vt 0.25873062 0.76639247 0.00000000
vt 0.26020837 0.75897801 0.00000000
vt 0.27353871 0.75897801 0.00000000
vt 0.24791485 0.77113420 0.00000000
vt 0.24226896 0.77445322 0.00000000
vt 0.27253512 0.76815069 0.00000000
vt 0.25627169 0.77300519 0.00000000
vt 0.28648075 0.77227032 0.00000000
vt 0.28427866 0.75918323 0.00000000
vt 0.25250834 0.77789003 0.00000000
vt 0.38234398 0.79997271 0.00000000
vt 0.39007586 0.79953641 0.00000000
vt 0.38543740 0.81019324 0.00000000
vt 0.29406729 0.76749849 0.00000000
vt 0.29339996 0.75964129 0.00000000
vt 0.30236971 0.77163106 0.00000000
vt 0.30496356 0.76010907 0.00000000
vt 0.31892851 0.76211888 0.00000000
vt 0.26650560 0.78214204 0.00000000
vt 0.38117459 0.78544807 0.00000000
vt 0.26991662 0.77580476 0.00000000
vt 0.28148335 0.78258753 0.00000000
vt 0.27738515 0.78849751 0.00000000
vt 0.29972032 0.78642780 0.00000000
vt 0.84338033 0.54762304 0.00000000
vt 0.82781094 0.54294890 0.00000000
vt 0.84333992 0.54050028 0.00000000
vt 0.82633793 0.55501664 0.00000000
vt 0.26332483 0.78954536 0.00000000
vt 0.38919801 0.78597713 0.00000000
vt 0.83014154 0.53475499 0.00000000
vt 0.83111775 0.52809328 0.00000000
vt 0.81250739 0.53461099 0.00000000
vt 0.81543142 0.52756482 0.00000000
vt 0.84336257 0.53211260 0.00000000
vt 0.85521877 0.53350675 0.00000000
vt 0.85520792 0.52346849 0.00000000
vt 0.80857670 0.54468817 0.00000000
vt 0.83308834 0.51920259 0.00000000
vt 0.84396195 0.52244925 0.00000000
vt 0.82037717 0.51459152 0.00000000
vt 0.81766707 0.52167326 0.00000000
vt 0.83482105 0.50881886 0.00000000
vt 0.84470707 0.51039755 0.00000000
vt 0.80616927 0.51583457 0.00000000
vt 0.80279988 0.52797592 0.00000000
vt 0.80414903 0.52126354 0.00000000
vt 0.79487181 0.53425598 0.00000000
vt 0.01749923 0.40996438 0.00000000
vt 0.01385256 0.42242199 0.00000000
vt 0.00488281 0.41980183 0.00000000
vt 0.79500246 0.51866424 0.00000000
vt 0.00748094 0.39575496 0.00000000
vt 0.02784466 0.39850643 0.00000000
vt 0.02753290 0.41491264 0.00000000
vt 0.01881989 0.38732332 0.00000000
vt 0.02279538 0.42367157 0.00000000
vt 0.01123017 0.37527731 0.00000000
vt 0.02882946 0.38068423 0.00000000
vt 0.81204259 0.56485194 0.00000000
vt 0.02314628 0.37167171 0.00000000
vt 0.82003629 0.57459319 0.00000000
vt 0.31648538 0.77448195 0.00000000
vt 0.00819851 0.36265522 0.00000000
vt 0.02167461 0.36163551 0.00000000
vt 0.00882908 0.34966591 0.00000000
vt 0.03092129 0.36942500 0.00000000
vt 0.02179515 0.34912241 0.00000000
vt 0.03066555 0.36078155 0.00000000
vt 0.03184567 0.34912241 0.00000000
vt 0.02216834 0.43237254 0.00000000
vt 0.03460187 0.42270464 0.00000000
vt 0.01218470 0.43073419 0.00000000
vt 0.79739875 0.51037759 0.00000000
vt 0.01971615 0.44181305 0.00000000
vt 0.03564137 0.43357283 0.00000000
vt 0.80069602 0.50552356 0.00000000
vt 0.79487181 0.49711227 0.00000000
vt 0.80902028 0.51036555 0.00000000
vt 0.81414974 0.50169188 0.00000000
vt 0.80486083 0.49843273 0.00000000
vt 0.81231457 0.48698199 0.00000000
vt 0.82387346 0.50557739 0.00000000
vt 0.82169211 0.49168497 0.00000000
vt 0.83742034 0.49810174 0.00000000
vt 0.82902229 0.49534920 0.00000000
vt 0.18815479 0.80575055 0.00000000
vt 0.17788412 0.81309187 0.00000000
vt 0.18009478 0.80378032 0.00000000
vt 0.84029925 0.48897415 0.00000000
vt 0.17022875 0.81253189 0.00000000
vt 0.84634340 0.49998391 0.00000000
vt 0.18303460 0.81498998 0.00000000
vt 0.19829176 0.80812746 0.00000000
vt 0.17967051 0.82078975 0.00000000
vt 0.19141729 0.81971186 0.00000000
vt 0.17659111 0.81791764 0.00000000
vt 0.17210960 0.81836671 0.00000000
vt 0.17545176 0.82400459 0.00000000
vt 0.18477710 0.82651466 0.00000000
vt 0.18149288 0.83201361 0.00000000
vt 0.19254670 0.83364332 0.00000000
vt 0.19707046 0.82735860 0.00000000
vt 0.16574147 0.81980383 0.00000000
vt 0.17008290 0.82833272 0.00000000
vt 0.16213566 0.83141267 0.00000000
vt 0.15753707 0.82275432 0.00000000
vt 0.55241871 0.33755308 0.00000000
vt 0.55727839 0.34082183 0.00000000
vt 0.54682004 0.34398612 0.00000000
vt 0.16152407 0.81336743 0.00000000
vt 0.15454106 0.81951851 0.00000000
vt 0.16063696 0.80378032 0.00000000
vt 0.56167746 0.34468412 0.00000000
vt 0.55222309 0.34835181 0.00000000
vt 0.56494278 0.33110410 0.00000000
vt 0.56949657 0.33373356 0.00000000
vt 0.15169212 0.80554020 0.00000000
vt 0.15134773 0.81520510 0.00000000
vt 0.85501194 0.50169331 0.00000000
vt 0.57020867 0.34777194 0.00000000
vt 0.42225614 0.79472816 0.00000000
vt 0.42113361 0.78544807 0.00000000
vt 0.42954707 0.78953505 0.00000000
vt 0.85494429 0.51089698 0.00000000
vt 0.41196966 0.78556448 0.00000000
vt 0.43462715 0.80102032 0.00000000
vt 0.42719761 0.80413914 0.00000000
vt 0.57463098 0.32797855 0.00000000
vt 0.57637155 0.33820480 0.00000000
vt 0.41318461 0.79606324 0.00000000
vt 0.39937419 0.78622878 0.00000000
vt 0.41516113 0.80545771 0.00000000
vt 0.40064499 0.79815078 0.00000000
vt 0.43008292 0.81120956 0.00000000
vt 0.41662830 0.81213146 0.00000000
vt 0.43186742 0.81840199 0.00000000
vt 0.41767386 0.81813657 0.00000000
vt 0.40518597 0.82192183 0.00000000
vt 0.40238440 0.80781603 0.00000000
vt 0.40504801 0.81504571 0.00000000
vt 0.38074028 0.60666370 0.00000000
vt 0.39205846 0.80957627 0.00000000
vt 0.39456290 0.81744021 0.00000000
vt 0.04226831 0.34964681 0.00000000
vt 0.03982041 0.36197343 0.00000000
vt 0.05656235 0.35086605 0.00000000
vt 0.03797922 0.37068999 0.00000000
vt 0.05294295 0.36485410 0.00000000
vt 0.07446299 0.35243624 0.00000000
vt 0.04878208 0.37616062 0.00000000
vt 0.03509981 0.37624568 0.00000000
vt 0.06927150 0.36812085 0.00000000
vt 0.04291753 0.38412005 0.00000000
vt 0.03642186 0.39012164 0.00000000
vt 0.05290761 0.39293897 0.00000000
vt 0.03700192 0.40856308 0.00000000
vt 0.04564584 0.39856654 0.00000000
vt 0.05599619 0.40629300 0.00000000
vt 0.06421459 0.38485724 0.00000000
vt 0.07219557 0.39864370 0.00000000
vt 0.08251654 0.38313529 0.00000000
vt 0.40621415 0.78056526 0.00000000
vt 0.40547478 0.76522022 0.00000000
vt 0.41975445 0.76645112 0.00000000
vt 0.39053759 0.77676392 0.00000000
vt 0.39055717 0.76216573 0.00000000
vt 0.40363497 0.75367886 0.00000000
vt 0.39037365 0.75219136 0.00000000
vt 0.39015597 0.74560702 0.00000000
vt 0.41800764 0.75296259 0.00000000
vt 0.40177178 0.74585611 0.00000000
vt 0.41323617 0.74578184 0.00000000
vt 0.40182531 0.73847812 0.00000000
vt 0.39028764 0.73826492 0.00000000
vt 0.88266253 0.39556220 0.00000000
vt 0.89309108 0.38418192 0.00000000
vt 0.89507639 0.39414817 0.00000000
vt 0.88156676 0.38588548 0.00000000
vt 0.89267695 0.37439719 0.00000000
vt 0.88059753 0.37516141 0.00000000
vt 0.90625435 0.38217929 0.00000000
vt 0.90470237 0.37332588 0.00000000
vt 0.09478279 0.80345803 0.00000000
vt 0.08910610 0.79654318 0.00000000
vt 0.09711638 0.78888446 0.00000000
vt 0.41266531 0.73826492 0.00000000
vt 0.08480345 0.81170762 0.00000000
vt 0.09122381 0.81660330 0.00000000
vt 0.08157655 0.80405778 0.00000000
vt 0.08337175 0.79106367 0.00000000
vt 0.07722321 0.79862624 0.00000000
vt 0.07978483 0.80516165 0.00000000
vt 0.07564493 0.81594646 0.00000000
vt 0.07910965 0.82102686 0.00000000
vt 0.06960259 0.80683833 0.00000000
vt 0.42184436 0.74322128 0.00000000
vt 0.07040900 0.79714304 0.00000000
vt 0.42667490 0.74690169 0.00000000
vt 0.06323735 0.79159087 0.00000000
vt 0.42985862 0.75396365 0.00000000
vt 0.05252827 0.79918826 0.00000000
vt 0.06245751 0.79333240 0.00000000
vt 0.04835258 0.78888446 0.00000000
vt 0.43164194 0.76431191 0.00000000
vt 0.44218943 0.76106888 0.00000000
vt 0.43476263 0.77667868 0.00000000
vt 0.08527478 0.39635858 0.00000000
vt 0.08857385 0.40732539 0.00000000
vt 0.07732027 0.40986297 0.00000000
vt 0.09077822 0.41913649 0.00000000
vt 0.08024710 0.42127562 0.00000000
vt 0.06818976 0.41180107 0.00000000
vt 0.06258670 0.40243164 0.00000000
vt 0.06289929 0.41450113 0.00000000
vt 0.06835838 0.42540345 0.00000000
vt 0.08542298 0.43388599 0.00000000
vt 0.05777963 0.41667664 0.00000000
vt 0.05098248 0.41296110 0.00000000
vt 0.63085288 0.60686725 0.00000000
vt 0.64346534 0.60337061 0.00000000
vt 0.64492416 0.61877805 0.00000000
vt 0.05841870 0.42513981 0.00000000
vt 0.04893842 0.42412379 0.00000000
vt 0.04804265 0.43450865 0.00000000
vt 0.03462386 0.44248357 0.00000000
vt 0.07755758 0.59480768 0.00000000
vt 0.08523668 0.59732330 0.00000000
vt 0.08125812 0.60965574 0.00000000
vt 0.05730181 0.43583620 0.00000000
vt 0.08050738 0.58640194 0.00000000
vt 0.06329387 0.43773496 0.00000000
vt 0.65029711 0.60716325 0.00000000
vt 0.09087519 0.61421484 0.00000000
vt 0.08432940 0.58188319 0.00000000
vt 0.08746395 0.58968282 0.00000000
vt 0.65077400 0.59775007 0.00000000
vt 0.09280302 0.58564448 0.00000000
vt 0.09838772 0.59303957 0.00000000
vt 0.09514029 0.60186201 0.00000000
vt 0.64912969 0.58916038 0.00000000
vt 0.10118766 0.58526438 0.00000000
vt 0.64097017 0.59136951 0.00000000
vt 0.62915725 0.59644622 0.00000000
vt 0.64646888 0.58420527 0.00000000
vt 0.10618429 0.60678059 0.00000000
vt 0.10299000 0.61799395 0.00000000
vt 0.11722762 0.61930329 0.00000000
vt 0.10810094 0.59812325 0.00000000
vt 0.11814513 0.60897058 0.00000000
vt 0.13354732 0.60823524 0.00000000
vt 0.13410404 0.61861491 0.00000000
vt 0.13484761 0.60047650 0.00000000
vt 0.15389596 0.60331899 0.00000000
vt 0.11969391 0.60028356 0.00000000
vt 0.14048181 0.59359038 0.00000000
vt 0.12441730 0.59469604 0.00000000
vt 0.11726432 0.59108716 0.00000000
vt 0.12802781 0.58957952 0.00000000
vt 0.13253203 0.58188319 0.00000000
vt 0.14415732 0.58626240 0.00000000
vt 0.15586258 0.59663481 0.00000000
vt 0.15844740 0.58971828 0.00000000
vt 0.62631261 0.55550057 0.00000000
vt 0.61692202 0.55873227 0.00000000
vt 0.61883414 0.54251230 0.00000000
vt 0.61057955 0.54631847 0.00000000
vt 0.61126477 0.52897793 0.00000000
vt 0.11997041 0.58528411 0.00000000
vt 0.64472312 0.57232577 0.00000000
vt 0.63640243 0.57570708 0.00000000
vt 0.64076972 0.56368512 0.00000000
vt 0.11201882 0.58696795 0.00000000
vt 0.65131676 0.57771188 0.00000000
vt 0.64639950 0.57902664 0.00000000
vt 0.10988751 0.59191817 0.00000000
vt 0.10443433 0.59022051 0.00000000
vt 0.65045726 0.58194005 0.00000000
vt 0.65446430 0.58556491 0.00000000
vt 0.91729331 0.37219378 0.00000000
vt 0.91717100 0.36503491 0.00000000
vt 0.08308478 0.82468826 0.00000000
vt 0.92887264 0.36442703 0.00000000
vt 0.92930758 0.36951160 0.00000000
vt 0.07104485 0.82819909 0.00000000
vt 0.06691731 0.82292444 0.00000000
vt 0.12559602 0.74002635 0.00000000
vt 0.13816869 0.73223609 0.00000000
vt 0.13161564 0.74381256 0.00000000
vt 0.07387044 0.83206427 0.00000000
vt 0.94242895 0.36395863 0.00000000
vt 0.11754452 0.73499608 0.00000000
vt 0.12106436 0.73778695 0.00000000
vt 0.11604973 0.74917203 0.00000000
vt 0.12836401 0.72689402 0.00000000
vt 0.13269958 0.72977340 0.00000000
vt 0.13975409 0.72239268 0.00000000
vt 0.14256421 0.72573066 0.00000000
vt 0.13579831 0.71856791 0.00000000
vt 0.12393477 0.72372305 0.00000000
vt 0.13035867 0.71275663 0.00000000
vt 0.94223756 0.35934362 0.00000000
vt 0.95515913 0.36423010 0.00000000
vt 0.92930049 0.36011940 0.00000000
vt 0.95573264 0.35850352 0.00000000
vt 0.96554404 0.35756335 0.00000000
vt 0.96779275 0.36530215 0.00000000
vt 0.96990031 0.35448852 0.00000000
vt 0.97352743 0.35842729 0.00000000
vt 0.95518583 0.35380676 0.00000000
vt 0.96382433 0.35325435 0.00000000
vt 0.97575873 0.35159838 0.00000000
vt 0.98542321 0.35635689 0.00000000
vt 0.96743864 0.35009360 0.00000000
vt 0.97712481 0.34620827 0.00000000
vt 0.98817736 0.34985697 0.00000000
vt 0.95590281 0.34866384 0.00000000
vt 0.94178873 0.35373899 0.00000000
vt 0.97963464 0.33708492 0.00000000
vt 0.22761051 0.61190981 0.00000000
vt 0.22127643 0.62182736 0.00000000
vt 0.21283214 0.61666912 0.00000000
vt 0.96805727 0.34407455 0.00000000
vt 0.97006434 0.33547953 0.00000000
vt 0.95576483 0.34365183 0.00000000
vt 0.23498885 0.62933123 0.00000000
vt 0.21469909 0.63418823 0.00000000
vt 0.22951949 0.64161783 0.00000000
vt 0.23859206 0.61944002 0.00000000
vt 0.98282874 0.32402942 0.00000000
vt 0.72162241 0.09974732 0.00000000
vt 0.73372632 0.11596714 0.00000000
vt 0.71176142 0.10835132 0.00000000
vt 0.72881824 0.09247026 0.00000000
vt 0.72485811 0.12458938 0.00000000
vt 0.71641207 0.13423838 0.00000000
vt 0.73528570 0.56651771 0.00000000
vt 0.73528570 0.54819006 0.00000000
vt 0.73938835 0.54856032 0.00000000
vt 0.39704183 0.53363335 0.00000000
vt 0.42358425 0.53363335 0.00000000
vt 0.40789804 0.54311204 0.00000000
vt 0.65439725 0.86755782 0.00000000
vt 0.63998538 0.86755782 0.00000000
vt 0.65312558 0.85320210 0.00000000
vt 0.04851961 0.93721676 0.00000000
vt 0.05837065 0.93062156 0.00000000
vt 0.04369062 0.96546960 0.00000000
vt 0.74350917 0.71185815 0.00000000
vt 0.70943683 0.71583813 0.00000000
vt 0.70837420 0.71185815 0.00000000
vt 0.07400943 0.92835009 0.00000000
vt 0.06342132 0.96546960 0.00000000
vt 0.04234844 0.92599100 0.00000000
vt 0.64006168 0.85188276 0.00000000
vt 0.06233800 0.92358637 0.00000000
vt 0.72138315 0.70697534 0.00000000
vt 0.73812413 0.69402426 0.00000000
vt 0.73687202 0.70456505 0.00000000
vt 0.72297025 0.69267482 0.00000000
vt 0.05057596 0.91983467 0.00000000
vt 0.74835616 0.69330788 0.00000000
vt 0.74753827 0.70248258 0.00000000
vt 0.13922451 0.93983281 0.00000000
vt 0.12387038 0.92775017 0.00000000
vt 0.13196802 0.92643595 0.00000000
vt 0.75054115 0.68566900 0.00000000
vt 0.11831041 0.92020291 0.00000000
vt 0.11427703 0.91446447 0.00000000
vt 0.12600720 0.91812789 0.00000000
vt 0.75631344 0.69261152 0.00000000
vt 0.75763696 0.68531579 0.00000000
vt 0.91565716 0.33617455 0.00000000
vt 0.90740883 0.33354974 0.00000000
vt 0.90872979 0.32514656 0.00000000
vt 0.05623749 0.91504627 0.00000000
vt 0.89477259 0.33681604 0.00000000
vt 0.89628857 0.32870093 0.00000000
vt 0.88348216 0.32402942 0.00000000
vt 0.88262463 0.33277452 0.00000000
vt 0.89386868 0.34734640 0.00000000
vt 0.88158441 0.34433398 0.00000000
vt 0.88047951 0.35635936 0.00000000
vt 0.90555388 0.34057647 0.00000000
vt 0.89295262 0.35784152 0.00000000
vt 0.88005143 0.36595663 0.00000000
vt 0.90389293 0.34850663 0.00000000
vt 0.91440368 0.34350863 0.00000000
vt 0.89204919 0.36608800 0.00000000
vt 0.90410453 0.36547041 0.00000000
vt 0.90571785 0.35838240 0.00000000
vt 0.91744196 0.35994908 0.00000000
vt 0.91115916 0.35054669 0.00000000
vt 0.92039609 0.35255277 0.00000000
vt 0.92289984 0.34563860 0.00000000
vt 0.92923605 0.35403040 0.00000000
vt 0.92281717 0.33849332 0.00000000
vt 0.92666036 0.34938079 0.00000000
vt 0.93043756 0.34554368 0.00000000
vt 0.93133241 0.34933403 0.00000000
vt 0.94197655 0.34884399 0.00000000
vt 0.94184035 0.34436369 0.00000000
vt 0.92888975 0.33833256 0.00000000
vt 0.94152206 0.33688521 0.00000000
vt 0.95631069 0.33560666 0.00000000
vt 0.94105268 0.32679754 0.00000000
vt 0.95686090 0.32486442 0.00000000
vt 0.30211025 0.51556861 0.00000000
vt 0.31168956 0.51811278 0.00000000
vt 0.30925652 0.53372228 0.00000000
vt 0.11563853 0.92726970 0.00000000
vt 0.10964717 0.91804487 0.00000000
vt 0.10877877 0.93444884 0.00000000
vt 0.30723897 0.54780358 0.00000000
vt 0.29533267 0.54365104 0.00000000
vt 0.30467641 0.55801070 0.00000000
vt 0.32264927 0.53807181 0.00000000
vt 0.12149710 0.93477720 0.00000000
vt 0.11728634 0.94357526 0.00000000
vt 0.10877877 0.95719427 0.00000000
vt 0.12683642 0.93937016 0.00000000
vt 0.12964787 0.93468446 0.00000000
vt 0.12931748 0.95159662 0.00000000
vt 0.33758220 0.52288485 0.00000000
vt 0.33741781 0.54277998 0.00000000
vt 0.32061678 0.55312866 0.00000000
vt 0.33437780 0.55770814 0.00000000
vt 0.31970406 0.56306165 0.00000000
vt 0.32230225 0.57576090 0.00000000
vt 0.33060700 0.56507510 0.00000000
vt 0.06027722 0.81323427 0.00000000
vt 0.05671572 0.82081878 0.00000000
vt 0.14259167 0.74437314 0.00000000
vt 0.14651276 0.73431838 0.00000000
vt 0.14930609 0.72558016 0.00000000
vt 0.15368745 0.74917203 0.00000000
vt 0.60899884 0.69843936 0.00000000
vt 0.60119742 0.71036279 0.00000000
vt 0.59744549 0.70228851 0.00000000
vt 0.15881392 0.73710811 0.00000000
vt 0.60381907 0.68583709 0.00000000
vt 0.59323853 0.69302577 0.00000000
vt 0.58861613 0.68398893 0.00000000
vt 0.59924471 0.67727959 0.00000000
vt 0.58527523 0.67825788 0.00000000
vt 0.61652154 0.70502347 0.00000000
vt 0.04610879 0.80610865 0.00000000
vt 0.62261695 0.69004828 0.00000000
vt 0.61816800 0.67832094 0.00000000
vt 0.59599292 0.67100906 0.00000000
vt 0.59157169 0.66347110 0.00000000
vt 0.60603786 0.65355384 0.00000000
vt 0.61405110 0.66925246 0.00000000
vt 0.61066663 0.66221189 0.00000000
vt 0.62184685 0.64452434 0.00000000
vt 0.61666644 0.63523704 0.00000000
vt 0.63103294 0.62460101 0.00000000
vt 0.62938440 0.66161442 0.00000000
vt 0.63173962 0.67138612 0.00000000
vt 0.63480926 0.68458706 0.00000000
vt 0.62645173 0.65340465 0.00000000
vt 0.63616347 0.63533670 0.00000000
vt 0.27435422 0.44841966 0.00000000
vt 0.26946375 0.45870537 0.00000000
vt 0.26735240 0.44346699 0.00000000
vt 0.27407214 0.46830973 0.00000000
vt 0.25399950 0.44856218 0.00000000
vt 0.25885794 0.43824586 0.00000000
vt 0.24729703 0.43139166 0.00000000
vt 0.26228639 0.45451748 0.00000000
vt 0.26436952 0.46933439 0.00000000
vt 0.25864133 0.46317798 0.00000000
vt 0.24882159 0.45724833 0.00000000
vt 0.25366938 0.47465768 0.00000000
vt 0.26906240 0.48430297 0.00000000
vt 0.27616221 0.48939699 0.00000000
vt 0.28352037 0.47539783 0.00000000
vt 0.29044986 0.47939360 0.00000000
vt 0.28260204 0.49355197 0.00000000
vt 0.26099777 0.47998798 0.00000000
vt 0.25747404 0.49343136 0.00000000
vt 0.26471400 0.49811718 0.00000000
vt 0.27098590 0.50382191 0.00000000
vt 0.25054187 0.48772967 0.00000000
vt 0.26183435 0.51091230 0.00000000
vt 0.27626732 0.50775921 0.00000000
vt 0.25481337 0.50585860 0.00000000
vt 0.28306088 0.51132143 0.00000000
vt 0.24760368 0.63299340 0.00000000
vt 0.24877864 0.62527907 0.00000000
vt 0.26333773 0.62460202 0.00000000
vt 0.27277392 0.51987213 0.00000000
vt 0.24868554 0.50115710 0.00000000
vt 0.25240982 0.51553255 0.00000000
vt 0.26725608 0.51679635 0.00000000
vt 0.25864613 0.52012193 0.00000000
vt 0.24657287 0.51206493 0.00000000
vt 0.24897799 0.52074039 0.00000000
vt 0.25629142 0.52550822 0.00000000
vt 0.26339963 0.52826220 0.00000000
vt 0.25298259 0.53216094 0.00000000
vt 0.24025404 0.52139038 0.00000000
vt 0.23738286 0.50863665 0.00000000
vt 0.23878208 0.49507275 0.00000000
vt 0.24599610 0.52785283 0.00000000
vt 0.22966312 0.51629287 0.00000000
vt 0.23234136 0.53151774 0.00000000
vt 0.23860802 0.53738707 0.00000000
vt 0.22451043 0.52618086 0.00000000
vt 0.54434872 0.37920937 0.00000000
vt 0.55572730 0.38959050 0.00000000
vt 0.53911555 0.38604358 0.00000000
vt 0.22646384 0.50348502 0.00000000
vt 0.22315885 0.51282930 0.00000000
vt 0.44988337 0.78649360 0.00000000
vt 0.45287052 0.79414493 0.00000000
vt 0.44389907 0.79848480 0.00000000
vt 0.44757524 0.80482584 0.00000000
vt 0.02104912 0.66434115 0.00000000
vt 0.02182815 0.65613657 0.00000000
vt 0.02645854 0.66936243 0.00000000
vt 0.03265214 0.66149807 0.00000000
vt 0.02829633 0.64357561 0.00000000
vt 0.03974232 0.64985216 0.00000000
vt 0.04760063 0.65917933 0.00000000
vt 0.03168339 0.62838989 0.00000000
vt 0.01380219 0.63744992 0.00000000
vt 0.04875642 0.63284642 0.00000000
vt 0.22510190 0.47287685 0.00000000
vt 0.23983122 0.48119995 0.00000000
vt 0.24377629 0.46738753 0.00000000
vt 0.03201580 0.61054564 0.00000000
vt 0.01578355 0.62512547 0.00000000
vt 0.01597097 0.61175919 0.00000000
vt 0.03075900 0.58967155 0.00000000
vt 0.23195295 0.45793390 0.00000000
vt 0.04472060 0.58968997 0.00000000
vt 0.04697434 0.60959882 0.00000000
vt 0.05947757 0.60648453 0.00000000
vt 0.06341236 0.62497425 0.00000000
vt 0.05617825 0.58982688 0.00000000
vt 0.02238993 0.57178283 0.00000000
vt 0.01008665 0.57829726 0.00000000
vt 0.03825910 0.57810390 0.00000000
vt 0.04481082 0.58016962 0.00000000
vt 0.03094709 0.56510442 0.00000000
vt 0.01563044 0.55441648 0.00000000
vt 0.02359408 0.55044246 0.00000000
vt 0.04231824 0.57312733 0.00000000
vt 0.03533061 0.56103814 0.00000000
vt 0.02779849 0.54888350 0.00000000
vt 0.77349550 0.83877176 0.00000000
vt 0.77849603 0.83910197 0.00000000
vt 0.77349550 0.85316008 0.00000000
vt 0.04919520 0.58086562 0.00000000
vt 0.59680283 0.53710014 0.00000000
vt 0.60323274 0.54999352 0.00000000
vt 0.59800065 0.55196750 0.00000000
vt 0.71716839 0.83448470 0.00000000
vt 0.73251545 0.83448470 0.00000000
vt 0.71937978 0.83961624 0.00000000
vt 0.60417336 0.53343832 0.00000000
vt 0.60848290 0.56218386 0.00000000
vt 0.60363346 0.56526560 0.00000000
vt 0.14114700 0.83941740 0.00000000
vt 0.14114700 0.82615840 0.00000000
vt 0.14562458 0.83578271 0.00000000
vt 0.61099142 0.57328838 0.00000000
vt 0.60433519 0.58565009 0.00000000
vt 0.60560340 0.57466280 0.00000000
vt 0.62155735 0.56967199 0.00000000
vt 0.63220435 0.56675249 0.00000000
vt 0.62396777 0.57942069 0.00000000
vt 0.61276907 0.58270353 0.00000000
vt 0.60731328 0.59600288 0.00000000
vt 0.06725637 0.59153986 0.00000000
vt 0.62670618 0.58802128 0.00000000
vt 0.63838565 0.58250278 0.00000000
vt 0.61566055 0.59149998 0.00000000
vt 0.61116588 0.60403287 0.00000000
vt 0.61899728 0.60063642 0.00000000
vt 0.62134492 0.60983539 0.00000000
vt 0.63320380 0.61966383 0.00000000
vt 0.09419580 0.42928204 0.00000000
vt 0.61384118 0.61280793 0.00000000
vt 0.62388498 0.61971819 0.00000000
vt 0.59680283 0.60291451 0.00000000
vt 0.07040707 0.60422087 0.00000000
vt 0.22315885 0.42245182 0.00000000
vt 0.23137824 0.43049449 0.00000000
vt 0.22527583 0.43722925 0.00000000
vt 0.70017928 0.85891616 0.00000000
vt 0.70955545 0.85991913 0.00000000
vt 0.70017928 0.87042081 0.00000000
vt 0.23679660 0.44766158 0.00000000
vt 0.24290666 0.43986976 0.00000000
vt 0.23706560 0.42296916 0.00000000
vt 0.70959496 0.86990798 0.00000000
vt 0.24278329 0.41407502 0.00000000
vt 0.62642747 0.70051169 0.00000000
vt 0.61638951 0.71459824 0.00000000
vt 0.70535225 0.88529068 0.00000000
vt 0.71600085 0.87530369 0.00000000
vt 0.71587694 0.88455081 0.00000000
vt 0.62909019 0.70940894 0.00000000
vt 0.70554703 0.87530369 0.00000000
vt 0.09838525 0.41692945 0.00000000
vt 0.09875128 0.40298441 0.00000000
vt 0.10048470 0.42736122 0.00000000
vt 0.14908740 0.72406739 0.00000000
vt 0.14771466 0.71778202 0.00000000
vt 0.14390115 0.71171910 0.00000000
vt 0.15494968 0.70377910 0.00000000
vt 0.13809925 0.70475644 0.00000000
vt 0.14939122 0.69420737 0.00000000
vt 0.58561456 0.65404522 0.00000000
vt 0.60135031 0.64476544 0.00000000
vt 0.13211642 0.69854587 0.00000000
vt 0.98206270 0.36349046 0.00000000
vt 0.13979888 0.68983388 0.00000000
vt 0.12609911 0.69362611 0.00000000
vt 0.58527523 0.64147979 0.00000000
vt 0.18484400 0.61190981 0.00000000
vt 0.19386259 0.61719775 0.00000000
vt 0.18192683 0.62390703 0.00000000
vt 0.39400989 0.66519767 0.00000000
vt 0.41342878 0.66387069 0.00000000
vt 0.39827433 0.67382610 0.00000000
vt 0.38186949 0.67152822 0.00000000
vt 0.40867329 0.65526503 0.00000000
vt 0.42827654 0.65379024 0.00000000
vt 0.42410102 0.64688516 0.00000000
vt 0.40425879 0.64796227 0.00000000
vt 0.39065439 0.65751427 0.00000000
vt 0.41941908 0.63952744 0.00000000
vt 0.43782303 0.63805062 0.00000000
vt 0.43356928 0.63140517 0.00000000
vt 0.40044418 0.64210218 0.00000000
vt 0.41562942 0.63358021 0.00000000
vt 0.42976600 0.62546074 0.00000000
vt 0.24938506 0.61832649 0.00000000
vt 0.26308015 0.61809134 0.00000000
vt 0.42652801 0.61983037 0.00000000
vt 0.24910635 0.61190981 0.00000000
vt 0.41016084 0.62523854 0.00000000
vt 0.26318070 0.61212498 0.00000000
vt 0.27563900 0.61190981 0.00000000
vt 0.33047226 0.83563221 0.00000000
vt 0.34519365 0.83349711 0.00000000
vt 0.34193611 0.84060186 0.00000000
vt 0.42292941 0.61266619 0.00000000
vt 0.43995368 0.61511612 0.00000000
vt 0.33319640 0.82930028 0.00000000
vt 0.31872058 0.82328683 0.00000000
vt 0.71440995 0.59514046 0.00000000
vt 0.72279602 0.60023159 0.00000000
vt 0.71514970 0.60786700 0.00000000
vt 0.72835648 0.59001571 0.00000000
vt 0.71440995 0.57941258 0.00000000
vt 0.73297966 0.60623568 0.00000000
vt 0.72695225 0.61456883 0.00000000
vt 0.72265631 0.62157071 0.00000000
vt 0.73824453 0.62027162 0.00000000
vt 0.36407137 0.83664960 0.00000000
vt 0.36069995 0.83189869 0.00000000
vt 0.36921167 0.82328683 0.00000000
vt 0.73345643 0.62714469 0.00000000
vt 0.74300390 0.63266391 0.00000000
vt 0.72908473 0.63227510 0.00000000
vt 0.73855925 0.64128441 0.00000000
vt 0.74998695 0.64053237 0.00000000
vt 0.74859834 0.62679285 0.00000000
vt 0.74458897 0.61236989 0.00000000
vt 0.73682261 0.59927237 0.00000000
vt 0.75015122 0.60067868 0.00000000
vt 0.75522095 0.61930430 0.00000000
vt 0.74392712 0.58671373 0.00000000
vt 0.76072085 0.47192806 0.00000000
vt 0.75247318 0.47790107 0.00000000
vt 0.75585061 0.45746538 0.00000000
vt 0.74548852 0.46452200 0.00000000
vt 0.77649301 0.47028315 0.00000000
vt 0.76844126 0.48361030 0.00000000
vt 0.78936213 0.48200628 0.00000000
vt 0.74480033 0.48464242 0.00000000
vt 0.78041643 0.49689388 0.00000000
vt 0.75223446 0.49997923 0.00000000
vt 0.11921132 0.68495107 0.00000000
vt 0.12976442 0.67123795 0.00000000
vt 0.13469465 0.67728668 0.00000000
vt 0.76023281 0.49282894 0.00000000
vt 0.11434795 0.67877740 0.00000000
vt 0.76918590 0.50859076 0.00000000
vt 0.78998899 0.49495202 0.00000000
vt 0.41052106 0.61692858 0.00000000
vt 0.78802025 0.50840133 0.00000000
vt 0.39690605 0.61896151 0.00000000
vt 0.77618462 0.52039474 0.00000000
vt 0.38581273 0.62766552 0.00000000
vt 0.76054990 0.51583403 0.00000000
vt 0.75299132 0.52001071 0.00000000
vt 0.74599200 0.50456786 0.00000000
vt 0.78205240 0.53027225 0.00000000
vt 0.37407956 0.61979538 0.00000000
vt 0.76616329 0.52819437 0.00000000
vt 0.75566471 0.53079027 0.00000000
vt 0.74629813 0.52409732 0.00000000
vt 0.09463042 0.68040389 0.00000000
vt 0.10923348 0.67079586 0.00000000
vt 0.46122000 0.82009387 0.00000000
vt 0.46361041 0.83069539 0.00000000
vt 0.44389907 0.82009387 0.00000000
vt 0.47787815 0.82350868 0.00000000
vt 0.75131071 0.54025328 0.00000000
vt 0.46689633 0.84628576 0.00000000
vt 0.76917738 0.53941959 0.00000000
vt 0.48433933 0.84030223 0.00000000
vt 0.75884438 0.55356264 0.00000000
vt 0.77225858 0.55703294 0.00000000
vt 0.74480033 0.56764776 0.00000000
vt 0.65207464 0.73566043 0.00000000
vt 0.66030616 0.74791300 0.00000000
vt 0.65207464 0.76391345 0.00000000
vt 0.72344226 0.90989375 0.00000000
vt 0.72075331 0.91147465 0.00000000
vt 0.71922415 0.90989375 0.00000000
vt 0.69932365 0.15177292 0.00000000
vt 0.70084321 0.15424286 0.00000000
vt 0.69892639 0.15470009 0.00000000
vt 0.75668985 0.57452977 0.00000000
vt 0.70857203 0.14228745 0.00000000
vt 0.71361297 0.14992891 0.00000000
vt 0.70826846 0.15227793 0.00000000
vt 0.70212704 0.11740582 0.00000000
vt 0.24272087 0.67342216 0.00000000
vt 0.22003642 0.66745132 0.00000000
vt 0.22487313 0.65428686 0.00000000
vt 0.19957323 0.65850216 0.00000000
vt 0.19192138 0.67192250 0.00000000
vt 0.20749055 0.64639455 0.00000000
vt 0.17864205 0.66747904 0.00000000
vt 0.18529490 0.65620255 0.00000000
vt 0.20480804 0.62775540 0.00000000
vt 0.19966248 0.62266141 0.00000000
vt 0.20715609 0.61260855 0.00000000
vt 0.19199105 0.63201654 0.00000000
vt 0.19796261 0.63915420 0.00000000
vt 0.18782549 0.62679267 0.00000000
vt 0.18577132 0.64014965 0.00000000
vt 0.19255514 0.64731055 0.00000000
vt 0.37506464 0.67071229 0.00000000
vt 0.38246027 0.66387117 0.00000000
vt 0.17833300 0.64950711 0.00000000
vt 0.37676206 0.63744587 0.00000000
vt 0.38210529 0.64581621 0.00000000
vt 0.37853965 0.66072339 0.00000000
vt 0.18178098 0.63489568 0.00000000
vt 0.38668820 0.65213072 0.00000000
vt 0.37407956 0.65542006 0.00000000
vt 0.39522192 0.63575554 0.00000000
vt 0.50943297 0.10538592 0.00000000
vt 0.46054122 0.10803236 0.00000000
vt 0.50895917 0.08605447 0.00000000
vt 0.46005315 0.08751024 0.00000000
vt 0.50862807 0.06843635 0.00000000
vt 0.45952094 0.06856591 0.00000000
vt 0.42635471 0.06921770 0.00000000
vt 0.50846952 0.05504695 0.00000000
vt 0.45910394 0.05375852 0.00000000
vt 0.42440447 0.05371727 0.00000000
vt 0.42356941 0.04040166 0.00000000
vt 0.50848687 0.04385078 0.00000000
vt 0.45910692 0.04200133 0.00000000
vt 0.45930776 0.03058095 0.00000000
vt 0.42389101 0.02794173 0.00000000
vt 0.43246210 0.10685634 0.00000000
vt 0.42935213 0.08719365 0.00000000
vt 0.00488281 0.55900031 0.00000000
vt 0.01392138 0.59619123 0.00000000
vt 0.50863266 0.03373069 0.00000000
vt 0.50893289 0.02424362 0.00000000
vt 0.45988017 0.01946099 0.00000000
vt 0.50939322 0.01434904 0.00000000
vt 0.30597243 0.32315314 0.00000000
vt 0.42538309 0.01572847 0.00000000
vt 0.00988508 0.64913487 0.00000000
vt 0.00488281 0.65910554 0.00000000
vt 0.42789647 0.00488281 0.00000000
vt 0.46077651 0.00849136 0.00000000
vt 0.29843268 0.24104901 0.00000000
vt 0.31253242 0.27322155 0.00000000
vt 0.30154222 0.27413183 0.00000000
vt 0.30155659 0.93644589 0.00000000
vt 0.28962591 0.93473876 0.00000000
vt 0.28793946 0.90398061 0.00000000
vt 0.27695346 0.90434021 0.00000000
vt 0.27695346 0.93265307 0.00000000
vt 0.42535478 0.51556861 0.00000000
vt 0.42535475 0.52875054 0.00000000
vt 0.39704183 0.51556861 0.00000000
vt 0.32160488 0.69961220 0.00000000
vt 0.29419920 0.69234359 0.00000000
vt 0.29647520 0.68103933 0.00000000
vt 0.46148250 0.81521106 0.00000000
vt 0.45691499 0.80770105 0.00000000
vt 0.47184759 0.80917418 0.00000000
vt 0.44448885 0.81249851 0.00000000
vt 0.46884283 0.79859161 0.00000000
vt 0.45567405 0.80035216 0.00000000
vt 0.78010267 0.01893757 0.00000000
vt 0.31517681 0.32258087 0.00000000
vt 0.32442537 0.32223332 0.00000000
vt 0.32348752 0.27274722 0.00000000
vt 0.33349293 0.32204223 0.00000000
vt 0.24604785 0.68103933 0.00000000
vt 0.29160997 0.70302320 0.00000000
vt 0.24394101 0.69000679 0.00000000
vt 0.72918385 0.04712292 0.00000000
vt 0.72944081 0.03572646 0.00000000
vt 0.77838874 0.04692932 0.00000000
vt 0.32737851 0.70974034 0.00000000
vt 0.28858563 0.71406901 0.00000000
vt 0.77875394 0.03772166 0.00000000
vt 0.46369761 0.89333272 0.00000000
vt 0.47585544 0.90641731 0.00000000
vt 0.46369761 0.93234295 0.00000000
vt 0.70090729 0.03510734 0.00000000
vt 0.70053172 0.02634648 0.00000000
vt 0.77937388 0.02835977 0.00000000
vt 0.72995579 0.02585219 0.00000000
vt 0.73089248 0.01587408 0.00000000
vt 0.69892639 0.01679792 0.00000000
vt 0.61849266 0.90519136 0.00000000
vt 0.61062431 0.90835977 0.00000000
vt 0.61062431 0.87408233 0.00000000
vt 0.66443962 0.17408636 0.00000000
vt 0.63120711 0.18475106 0.00000000
vt 0.63041574 0.17408636 0.00000000
vt 0.58232808 0.19023409 0.00000000
vt 0.78105587 0.00903040 0.00000000
vt 0.63181198 0.19740804 0.00000000
vt 0.58266652 0.20121996 0.00000000
vt 0.44639412 0.27429804 0.00000000
vt 0.45549199 0.28895736 0.00000000
vt 0.44443944 0.28725982 0.00000000
vt 0.45335528 0.30117178 0.00000000
vt 0.06010322 0.85695201 0.00000000
vt 0.07666959 0.87023675 0.00000000
vt 0.06529600 0.87269783 0.00000000
vt 0.45667160 0.27495086 0.00000000
vt 0.48401806 0.80519891 0.00000000
vt 0.48266920 0.79496336 0.00000000
vt 0.46607843 0.28690261 0.00000000
vt 0.46533397 0.27429804 0.00000000
vt 0.46674699 0.79010212 0.00000000
vt 0.48055369 0.78649360 0.00000000
vt 0.06936931 0.84493643 0.00000000
vt 0.07987386 0.85267776 0.00000000
vt 0.46857828 0.29914027 0.00000000
vt 0.04469307 0.85666883 0.00000000
vt 0.47581479 0.28120676 0.00000000
vt 0.07997901 0.83694708 0.00000000
vt 0.42435774 0.69656998 0.00000000
vt 0.43125388 0.68554932 0.00000000
vt 0.43879279 0.69008195 0.00000000
vt 0.42435774 0.67870891 0.00000000
vt 0.89932221 0.41013396 0.00000000
vt 0.88861161 0.41329813 0.00000000
vt 0.88419777 0.40061346 0.00000000
vt 0.87904000 0.41353077 0.00000000
vt 0.89082628 0.42432889 0.00000000
vt 0.87995976 0.42467126 0.00000000
vt 0.05522748 0.83943826 0.00000000
vt 0.90904045 0.42295417 0.00000000
vt 0.92419088 0.41035005 0.00000000
vt 0.87991118 0.43253276 0.00000000
vt 0.57849342 0.41135648 0.00000000
vt 0.58329284 0.42978284 0.00000000
vt 0.57105684 0.41378030 0.00000000
vt 0.03282336 0.83694708 0.00000000
vt 0.94632864 0.41511184 0.00000000
vt 0.59596908 0.41620880 0.00000000
vt 0.60691941 0.42866817 0.00000000
vt 0.58773738 0.40954685 0.00000000
vt 0.89099771 0.43330121 0.00000000
vt 0.59008628 0.39795220 0.00000000
vt 0.57647097 0.40190801 0.00000000
vt 0.57935184 0.38543776 0.00000000
vt 0.58531958 0.37488690 0.00000000
vt 0.60423779 0.40098190 0.00000000
vt 0.59711814 0.38907993 0.00000000
vt 0.59541589 0.36935976 0.00000000
vt 0.60694724 0.38349625 0.00000000
vt 0.61324257 0.39477739 0.00000000
vt 0.61890757 0.40961301 0.00000000
vt 0.96854395 0.41843423 0.00000000
vt 0.95320582 0.40044501 0.00000000
vt 0.62347633 0.40003362 0.00000000
vt 0.03787116 0.17522272 0.00000000
vt 0.02629749 0.17121510 0.00000000
vt 0.03413372 0.15632223 0.00000000
vt 0.04151952 0.16429867 0.00000000
vt 0.04424817 0.16898689 0.00000000
vt 0.61736667 0.38841498 0.00000000
vt 0.04869448 0.16726100 0.00000000
vt 0.04397530 0.17629354 0.00000000
vt 0.03852326 0.18906380 0.00000000
vt 0.97311413 0.43702647 0.00000000
vt 0.02276592 0.18994586 0.00000000
vt 0.61760581 0.38260144 0.00000000
vt 0.61155313 0.37602034 0.00000000
vt 0.60377139 0.36308286 0.00000000
vt 0.62363285 0.38146934 0.00000000
vt 0.05488741 0.17377573 0.00000000
vt 0.05460183 0.16753444 0.00000000
vt 0.06266324 0.16301139 0.00000000
vt 0.06544283 0.17074841 0.00000000
vt 0.06926218 0.18083389 0.00000000
vt 0.05804930 0.18463327 0.00000000
vt 0.04891411 0.17511779 0.00000000
vt 0.05141118 0.18651465 0.00000000
vt 0.05686226 0.20126617 0.00000000
vt 0.04551549 0.18748626 0.00000000
vt 0.05198759 0.20353080 0.00000000
vt 0.04493869 0.20646465 0.00000000
vt 0.05798918 0.21699369 0.00000000
vt 0.03686715 0.21073949 0.00000000
vt 0.05342885 0.22380021 0.00000000
vt 0.04483509 0.23108479 0.00000000
vt 0.02584389 0.21271627 0.00000000
vt 0.02917829 0.23452948 0.00000000
vt 0.47286123 0.55542237 0.00000000
vt 0.49985760 0.54848689 0.00000000
vt 0.48621884 0.56437159 0.00000000
vt 0.49907431 0.57421243 0.00000000
vt 0.47286123 0.58202630 0.00000000
vt 0.51156974 0.55925316 0.00000000
vt 0.50844479 0.57833362 0.00000000
vt 0.50031698 0.59560907 0.00000000
vt 0.48621535 0.59335071 0.00000000
vt 0.00488281 0.19492108 0.00000000
vt 0.47442368 0.60951680 0.00000000
vt 0.49539658 0.61722195 0.00000000
vt 0.50608253 0.59891176 0.00000000
vt 0.48209292 0.61508739 0.00000000
vt 0.95923948 0.44943753 0.00000000
vt 0.93300724 0.44006434 0.00000000
vt 0.95151657 0.45492020 0.00000000
vt 0.93987584 0.42935088 0.00000000
vt 0.90687931 0.43506172 0.00000000
vt 0.92770642 0.44747159 0.00000000
vt 0.48786086 0.61595708 0.00000000
vt 0.48281133 0.64005870 0.00000000
vt 0.89027953 0.44025800 0.00000000
vt 0.27113059 0.93717968 0.00000000
vt 0.26435822 0.91308689 0.00000000
vt 0.27207065 0.91261041 0.00000000
vt 0.26349351 0.93701708 0.00000000
vt 0.90508860 0.44277218 0.00000000
vt 0.10052946 0.91504627 0.00000000
vt 0.09718782 0.92543077 0.00000000
vt 0.09088269 0.92373335 0.00000000
vt 0.09665767 0.93619424 0.00000000
vt 0.25972250 0.89208227 0.00000000
vt 0.90387732 0.44942251 0.00000000
vt 0.50938690 0.92692482 0.00000000
vt 0.50512123 0.91590202 0.00000000
vt 0.51175267 0.91625947 0.00000000
vt 0.50370347 0.90616077 0.00000000
vt 0.88998574 0.44667074 0.00000000
vt 0.50290465 0.92603600 0.00000000
vt 0.50008368 0.91597551 0.00000000
vt 0.49906814 0.90508133 0.00000000
vt 0.49857026 0.92607617 0.00000000
vt 0.76654333 0.94770926 0.00000000
vt 0.76654333 0.93339193 0.00000000
vt 0.77064300 0.94647664 0.00000000
vt 0.61995178 0.99016541 0.00000000
vt 0.63028544 0.98788220 0.00000000
vt 0.63003176 0.98970693 0.00000000
vt 0.61922115 0.98893970 0.00000000
vt 0.77141678 0.93347305 0.00000000
vt 0.60697365 0.98904103 0.00000000
vt 0.25806189 0.91242164 0.00000000
vt 0.25489268 0.89272249 0.00000000
vt 0.60685319 0.98788220 0.00000000
vt 0.25386333 0.89326739 0.00000000
vt 0.49948651 0.93722576 0.00000000
vt 0.48807475 0.94386137 0.00000000
vt 0.48740065 0.94005871 0.00000000
vt 0.47557643 0.94396240 0.00000000
vt 0.50158143 0.94185233 0.00000000
vt 0.48889241 0.94907039 0.00000000
vt 0.25478283 0.91152966 0.00000000
vt 0.35527194 0.87929773 0.00000000
vt 0.35335129 0.86230755 0.00000000
vt 0.35832384 0.86122400 0.00000000
vt 0.25738436 0.93585396 0.00000000
vt 0.50123554 0.61936873 0.00000000
vt 0.25386333 0.93151641 0.00000000
vt 0.57935667 0.97578233 0.00000000
vt 0.57509142 0.97267807 0.00000000
vt 0.58400291 0.97267807 0.00000000
vt 0.35208401 0.89909780 0.00000000
vt 0.35016829 0.89438236 0.00000000
vt 0.35241157 0.87922662 0.00000000
vt 0.34712419 0.87908226 0.00000000
vt 0.34667373 0.86339271 0.00000000
vt 0.34786430 0.84871966 0.00000000
vt 0.34003043 0.87939507 0.00000000
vt 0.34003043 0.85124058 0.00000000
vt 0.34081128 0.86479729 0.00000000
vt 0.79928279 0.28445676 0.00000000
vt 0.79996026 0.26927492 0.00000000
vt 0.81494969 0.26958767 0.00000000
vt 0.80960512 0.24647166 0.00000000
vt 0.16109629 0.91820377 0.00000000
vt 0.14630902 0.93079191 0.00000000
vt 0.14967687 0.92081356 0.00000000
vt 0.71055984 0.38592881 0.00000000
vt 0.73272592 0.40286228 0.00000000
vt 0.70769775 0.40618530 0.00000000
vt 0.67911714 0.40807009 0.00000000
vt 0.72639829 0.41156068 0.00000000
vt 0.73156691 0.41632977 0.00000000
vt 0.05819696 0.23039426 0.00000000
vt 0.72042316 0.41718459 0.00000000
vt 0.70418185 0.42206421 0.00000000
vt 0.68161732 0.42072636 0.00000000
vt 0.71767920 0.42555651 0.00000000
vt 0.72820961 0.42063275 0.00000000
vt 0.06289654 0.23297459 0.00000000
vt 0.06167137 0.22561708 0.00000000
vt 0.06971070 0.23301415 0.00000000
vt 0.72633767 0.42727125 0.00000000
vt 0.06347667 0.21445926 0.00000000
vt 0.06744779 0.22480910 0.00000000
vt 0.07805731 0.23095366 0.00000000
vt 0.07072064 0.24167213 0.00000000
vt 0.07537062 0.22239564 0.00000000
vt 0.07052480 0.21183640 0.00000000
vt 0.06403932 0.19855940 0.00000000
vt 0.08624736 0.21853463 0.00000000
vt 0.08059691 0.20769727 0.00000000
vt 0.07498899 0.19390914 0.00000000
vt 0.08893673 0.22693515 0.00000000
vt 0.52162284 0.50391704 0.00000000
vt 0.51602840 0.48966995 0.00000000
vt 0.52442950 0.49245432 0.00000000
vt 0.51910698 0.48038653 0.00000000
vt 0.51251167 0.49936157 0.00000000
vt 0.51532048 0.51232558 0.00000000
vt 0.50029409 0.49758619 0.00000000
vt 0.51031613 0.50891465 0.00000000
vt 0.50049460 0.50837934 0.00000000
vt 0.71678722 0.43521592 0.00000000
vt 0.70259899 0.43411678 0.00000000
vt 0.50222051 0.48595834 0.00000000
vt 0.48179320 0.48162442 0.00000000
vt 0.68171489 0.43334705 0.00000000
vt 0.47696593 0.49843976 0.00000000
vt 0.48498863 0.51298487 0.00000000
vt 0.10158539 0.65978760 0.00000000
vt 0.07528988 0.66178757 0.00000000
vt 0.09206075 0.64359403 0.00000000
vt 0.44413409 0.83332002 0.00000000
vt 0.08679420 0.67293727 0.00000000
vt 0.12431736 0.66277575 0.00000000
vt 0.11771944 0.65089762 0.00000000
vt 0.14109053 0.66498113 0.00000000
vt 0.07604248 0.11468425 0.00000000
vt 0.07396187 0.12953387 0.00000000
vt 0.06334477 0.10499670 0.00000000
vt 0.13569610 0.65803093 0.00000000
vt 0.14579631 0.67122817 0.00000000
vt 0.15481614 0.67746478 0.00000000
vt 0.15399034 0.66787511 0.00000000
vt 0.14968061 0.66043621 0.00000000
vt 0.13054058 0.64830124 0.00000000
vt 0.08781187 0.13082398 0.00000000
vt 0.08413180 0.13786659 0.00000000
vt 0.08445673 0.12353238 0.00000000
vt 0.09529675 0.13113393 0.00000000
vt 0.13986202 0.64359403 0.00000000
vt 0.09369422 0.14180766 0.00000000
vt 0.14528929 0.65223944 0.00000000
vt 0.09281515 0.12060349 0.00000000
vt 0.08827036 0.10899231 0.00000000
vt 0.10554013 0.11837051 0.00000000
vt 0.10911552 0.13406685 0.00000000
vt 0.10884434 0.14578669 0.00000000
vt 0.09071181 0.15143941 0.00000000
vt 0.12953131 0.13799952 0.00000000
vt 0.15117493 0.20346916 0.00000000
vt 0.12768707 0.20866123 0.00000000
vt 0.14218894 0.19613181 0.00000000
vt 0.13575621 0.21708851 0.00000000
vt 0.12005303 0.11458535 0.00000000
vt 0.13415152 0.12522137 0.00000000
vt 0.47347766 0.53201407 0.00000000
vt 0.49119160 0.52407527 0.00000000
vt 0.47951204 0.53952521 0.00000000
vt 0.49244985 0.54360414 0.00000000
vt 0.50043118 0.51621240 0.00000000
vt 0.50621837 0.51718450 0.00000000
vt 0.50250930 0.52796507 0.00000000
vt 0.11827834 0.22279772 0.00000000
vt 0.51062703 0.52406067 0.00000000
vt 0.10961519 0.22073983 0.00000000
vt 0.09916729 0.22624329 0.00000000
vt 0.10880128 0.22872353 0.00000000
vt 0.09767624 0.21847127 0.00000000
vt 0.09592809 0.21153869 0.00000000
vt 0.10681773 0.20943376 0.00000000
vt 0.12008842 0.20182595 0.00000000
vt 0.09256683 0.20141326 0.00000000
vt 0.10523837 0.19514577 0.00000000
vt 0.13651565 0.18785211 0.00000000
vt 0.14931296 0.17879960 0.00000000
vt 0.11813431 0.18805358 0.00000000
vt 0.13239859 0.17901540 0.00000000
vt 0.16264606 0.65374464 0.00000000
vt 0.12852247 0.17046398 0.00000000
vt 0.13963319 0.16469981 0.00000000
vt 0.11432921 0.17467728 0.00000000
vt 0.12691797 0.16335669 0.00000000
vt 0.13606864 0.15632223 0.00000000
vt 0.11878718 0.16176280 0.00000000
vt 0.76211566 0.61068773 0.00000000
vt 0.75979251 0.59250730 0.00000000
vt 0.77436185 0.61718005 0.00000000
vt 0.10078107 0.18248065 0.00000000
vt 0.08761847 0.18865369 0.00000000
vt 0.09495877 0.17115489 0.00000000
vt 0.08276788 0.17629908 0.00000000
vt 0.10411900 0.16486907 0.00000000
vt 0.76417595 0.62735629 0.00000000
vt 0.09037646 0.16119528 0.00000000
vt 0.75997448 0.64153981 0.00000000
vt 0.77018332 0.63694656 0.00000000
vt 0.07978481 0.16614345 0.00000000
vt 0.76311207 0.65371877 0.00000000
vt 0.77375007 0.65194029 0.00000000
vt 0.61869270 0.37177202 0.00000000
vt 0.61135453 0.35845736 0.00000000
vt 0.75567555 0.63355482 0.00000000
vt 0.75433338 0.65561926 0.00000000
vt 0.58410162 0.35513192 0.00000000
vt 0.63184756 0.21316656 0.00000000
vt 0.58287513 0.21440060 0.00000000
vt 0.63166541 0.23218296 0.00000000
vt 0.65331924 0.12640510 0.00000000
vt 0.60459810 0.13225833 0.00000000
vt 0.60259861 0.11489215 0.00000000
vt 0.60672241 0.15153769 0.00000000
vt 0.26452899 0.35496229 0.00000000
vt 0.28249520 0.36533302 0.00000000
vt 0.25655296 0.40733030 0.00000000
vt 0.29227570 0.33942258 0.00000000
vt 0.27330965 0.33923495 0.00000000
vt 0.65161461 0.21323885 0.00000000
vt 0.25655296 0.32832587 0.00000000
vt 0.66169214 0.19449565 0.00000000
vt 0.66602582 0.18356098 0.00000000
vt 0.48214510 0.87217396 0.00000000
vt 0.47729033 0.88844991 0.00000000
vt 0.47088340 0.87577933 0.00000000
vt 0.46063375 0.88803333 0.00000000
vt 0.44975215 0.87217396 0.00000000
vt 0.19410704 0.86705720 0.00000000
vt 0.20257314 0.86551201 0.00000000
vt 0.20337155 0.88548362 0.00000000
vt 0.19090675 0.84663308 0.00000000
vt 0.19493364 0.88534147 0.00000000
vt 0.19297087 0.90165418 0.00000000
vt 0.18624225 0.85587692 0.00000000
vt 0.18574120 0.84505415 0.00000000
vt 0.19227479 0.24427284 0.00000000
vt 0.17962734 0.24637550 0.00000000
vt 0.18201698 0.24104901 0.00000000
vt 0.19252978 0.24952668 0.00000000
vt 0.18706551 0.87003279 0.00000000
vt 0.20617388 0.24649608 0.00000000
vt 0.18574120 0.88630176 0.00000000
vt 0.20679101 0.25221187 0.00000000
vt 0.19008824 0.25740814 0.00000000
vt 0.42103404 0.90916616 0.00000000
vt 0.41637361 0.90919632 0.00000000
vt 0.42092833 0.89283389 0.00000000
vt 0.22214302 0.25187019 0.00000000
vt 0.07889225 0.97680664 0.00000000
vt 0.09640839 0.96197504 0.00000000
vt 0.08807198 0.97815770 0.00000000
vt 0.42056885 0.92730415 0.00000000
vt 0.08414620 0.96117485 0.00000000
vt 0.20555896 0.25963542 0.00000000
vt 0.18784951 0.26796719 0.00000000
vt 0.20383681 0.26864856 0.00000000
vt 0.22168818 0.25942963 0.00000000
vt 0.22075480 0.26697475 0.00000000
vt 0.22186184 0.27193058 0.00000000
vt 0.20282926 0.27980381 0.00000000
vt 0.23858698 0.25715011 0.00000000
vt 0.23786090 0.25077912 0.00000000
vt 0.41688636 0.92512101 0.00000000
vt 0.22493885 0.27564698 0.00000000
vt 0.23751798 0.26551142 0.00000000
vt 0.21551752 0.28417012 0.00000000
vt 0.23800655 0.27336103 0.00000000
vt 0.22525044 0.28531539 0.00000000
vt 0.21806678 0.29782969 0.00000000
vt 0.20641454 0.29655370 0.00000000
vt 0.25427121 0.26679602 0.00000000
vt 0.24539989 0.27832526 0.00000000
vt 0.25317028 0.26151633 0.00000000
vt 0.25728953 0.27085096 0.00000000
vt 0.25126043 0.28287718 0.00000000
vt 0.26602179 0.26196474 0.00000000
vt 0.26833230 0.26649210 0.00000000
vt 0.02668485 0.54265076 0.00000000
vt 0.02417058 0.53673291 0.00000000
vt 0.03552844 0.53266805 0.00000000
vt 0.25976971 0.27676970 0.00000000
vt 0.01973784 0.53141141 0.00000000
vt 0.03128829 0.52553117 0.00000000
vt 0.02657733 0.51800978 0.00000000
vt 0.01486374 0.52357620 0.00000000
vt 0.02021466 0.50727451 0.00000000
vt 0.00507845 0.51329148 0.00000000
vt 0.01242554 0.49277118 0.00000000
vt 0.47783557 0.24905047 0.00000000
vt 0.47092539 0.26077870 0.00000000
vt 0.46570429 0.24097747 0.00000000
vt 0.00488281 0.53216910 0.00000000
vt 0.01019273 0.53888190 0.00000000
vt 0.34543279 0.16635457 0.00000000
vt 0.33711562 0.17956907 0.00000000
vt 0.33892140 0.16024603 0.00000000
vt 0.33109710 0.17384721 0.00000000
vt 0.34233081 0.18332294 0.00000000
vt 0.01384912 0.54400069 0.00000000
vt 0.27083978 0.27078560 0.00000000
vt 0.28354660 0.26419738 0.00000000
vt 0.27266583 0.27687320 0.00000000
vt 0.28170305 0.25937259 0.00000000
vt 0.27880141 0.25436622 0.00000000
vt 0.27587360 0.25076640 0.00000000
vt 0.26495135 0.25782916 0.00000000
vt 0.26331207 0.25279745 0.00000000
vt 0.25200447 0.25517869 0.00000000
vt 0.63569480 0.76419181 0.00000000
vt 0.62313795 0.76712829 0.00000000
vt 0.62358648 0.76419181 0.00000000
vt 0.46517166 0.93722576 0.00000000
vt 0.46369761 0.93980372 0.00000000
vt 0.25147843 0.25044289 0.00000000
vt 0.63569945 0.76906592 0.00000000
vt 0.30643940 0.92418581 0.00000000
vt 0.30773082 0.91093862 0.00000000
vt 0.30935177 0.91181397 0.00000000
vt 0.30643940 0.90014803 0.00000000
vt 0.41882861 0.94049996 0.00000000
vt 0.41637361 0.93904459 0.00000000
vt 0.41793811 0.95226234 0.00000000
vt 0.49857026 0.89322561 0.00000000
vt 0.10164475 0.94616467 0.00000000
vt 0.10389595 0.95093340 0.00000000
vt 0.10283861 0.93709075 0.00000000
vt 0.09625734 0.94829190 0.00000000
vt 0.08756961 0.94739473 0.00000000
vt 0.08926306 0.93446004 0.00000000
vt 0.07889225 0.94529951 0.00000000
vt 0.86922252 0.43019256 0.00000000
vt 0.87046331 0.42245665 0.00000000
vt 0.86133981 0.41730344 0.00000000
vt 0.86314589 0.41155118 0.00000000
vt 0.86493075 0.40044501 0.00000000
vt 0.87058645 0.41304123 0.00000000
vt 0.86586154 0.40065384 0.00000000
vt 0.87564474 0.40063334 0.00000000
vt 0.51315534 0.58025712 0.00000000
vt 0.51802927 0.56497419 0.00000000
vt 0.85142940 0.57947600 0.00000000
vt 0.85488945 0.58074224 0.00000000
vt 0.85142940 0.59555733 0.00000000
vt 0.79519218 0.25319469 0.00000000
vt 0.79259914 0.27027234 0.00000000
vt 0.78736025 0.25678813 0.00000000
vt 0.82668221 0.59259748 0.00000000
vt 0.81292510 0.59620512 0.00000000
vt 0.81217647 0.59259748 0.00000000
vt 0.79306930 0.28217778 0.00000000
vt 0.81382066 0.77085835 0.00000000
vt 0.81541920 0.78268987 0.00000000
vt 0.81202227 0.78268987 0.00000000
vt 0.66170490 0.15389529 0.00000000
vt 0.67270917 0.16092423 0.00000000
vt 0.66007853 0.15660696 0.00000000
vt 0.82462895 0.79614466 0.00000000
vt 0.82765925 0.79767972 0.00000000
vt 0.82462895 0.80808371 0.00000000
vt 0.65820205 0.14211559 0.00000000
vt 0.66384715 0.14148991 0.00000000
vt 0.66867399 0.13214578 0.00000000
vt 0.66518021 0.14935309 0.00000000
vt 0.81569576 0.79844034 0.00000000
vt 0.81569576 0.78757268 0.00000000
vt 0.81934458 0.79463041 0.00000000
vt 0.67854470 0.13734008 0.00000000
vt 0.67335963 0.12366641 0.00000000
vt 0.67342019 0.14484856 0.00000000
vt 0.57286447 0.67985570 0.00000000
vt 0.56584495 0.67112857 0.00000000
vt 0.57265198 0.66621202 0.00000000
vt 0.56095439 0.67511988 0.00000000
vt 0.55045259 0.66121137 0.00000000
vt 0.55509228 0.67916870 0.00000000
vt 0.55533463 0.65721780 0.00000000
vt 0.56103188 0.65213621 0.00000000
vt 0.57872999 0.66051853 0.00000000
vt 0.54493463 0.66592616 0.00000000
vt 0.54474854 0.68746865 0.00000000
vt 0.53983718 0.64796287 0.00000000
vt 0.54433680 0.64328164 0.00000000
vt 0.53815305 0.66970736 0.00000000
vt 0.53602451 0.65100569 0.00000000
vt 0.52641171 0.67110568 0.00000000
vt 0.53402895 0.63775039 0.00000000
vt 0.53079969 0.65384865 0.00000000
vt 0.20840360 0.95974129 0.00000000
vt 0.21314567 0.95925087 0.00000000
vt 0.21160668 0.97106010 0.00000000
vt 0.52291209 0.65515959 0.00000000
vt 0.52650744 0.64209974 0.00000000
vt 0.33267638 0.87835956 0.00000000
vt 0.32233062 0.88330865 0.00000000
vt 0.31960762 0.87940013 0.00000000
vt 0.32345447 0.88716120 0.00000000
vt 0.31280008 0.88111961 0.00000000
vt 0.31616369 0.87635213 0.00000000
vt 0.31424686 0.88512659 0.00000000
vt 0.31149742 0.87903446 0.00000000
vt 0.30632001 0.87983078 0.00000000
vt 0.21434954 0.95368689 0.00000000
vt 0.21953148 0.95252973 0.00000000
vt 0.30668032 0.87718791 0.00000000
vt 0.30579981 0.88406211 0.00000000
vt 0.31536752 0.88925135 0.00000000
vt 0.29777902 0.87715656 0.00000000
vt 0.30578488 0.88864756 0.00000000
vt 0.31466335 0.89507729 0.00000000
vt 0.32428315 0.89336598 0.00000000
vt 0.27818254 0.23238288 0.00000000
vt 0.26565534 0.22568665 0.00000000
vt 0.27929208 0.22582896 0.00000000
vt 0.30437964 0.89521277 0.00000000
vt 0.29482445 0.88657451 0.00000000
vt 0.29671344 0.88206571 0.00000000
vt 0.28748000 0.88094556 0.00000000
vt 0.28964832 0.22629736 0.00000000
vt 0.29246977 0.21893939 0.00000000
vt 0.30042824 0.22884634 0.00000000
vt 0.77165651 0.66050208 0.00000000
vt 0.76555693 0.67187560 0.00000000
vt 0.76029551 0.66705334 0.00000000
vt 0.26856786 0.21678238 0.00000000
vt 0.24903169 0.22440834 0.00000000
vt 0.28154054 0.21836890 0.00000000
vt 0.30862001 0.21948406 0.00000000
vt 0.31223264 0.23493643 0.00000000
vt 0.29403672 0.21246891 0.00000000
vt 0.28352019 0.21205211 0.00000000
vt 0.25322655 0.21258579 0.00000000
vt 0.23907945 0.20843184 0.00000000
vt 0.23708290 0.22133878 0.00000000
vt 0.25655225 0.20469795 0.00000000
vt 0.24440438 0.19877377 0.00000000
vt 0.27072507 0.20936398 0.00000000
vt 0.28373894 0.20780554 0.00000000
vt 0.24939449 0.19345534 0.00000000
vt 0.27262709 0.20539430 0.00000000
vt 0.26015425 0.19932008 0.00000000
vt 0.27396485 0.20075522 0.00000000
vt 0.25324616 0.19190551 0.00000000
vt 0.24891385 0.19019301 0.00000000
vt 0.24418131 0.18794070 0.00000000
vt 0.24921080 0.18673226 0.00000000
vt 0.25024807 0.18237503 0.00000000
vt 0.26208055 0.19650187 0.00000000
vt 0.25757012 0.18458852 0.00000000
vt 0.25557089 0.18863706 0.00000000
vt 0.26539719 0.19251852 0.00000000
vt 0.26987597 0.18666077 0.00000000
vt 0.27613792 0.19653456 0.00000000
vt 0.25146398 0.17740010 0.00000000
vt 0.27979976 0.19128227 0.00000000
vt 0.25984669 0.17924793 0.00000000
vt 0.26884407 0.18111870 0.00000000
vt 0.26201710 0.17163362 0.00000000
vt 0.25401753 0.16980270 0.00000000
vt 0.24207141 0.17740010 0.00000000
vt 0.27030560 0.17369506 0.00000000
vt 0.26670453 0.16191992 0.00000000
vt 0.24276374 0.16924760 0.00000000
vt 0.25819069 0.15973327 0.00000000
vt 0.27302009 0.15084590 0.00000000
vt 0.26336068 0.14758615 0.00000000
vt 0.24556607 0.15856612 0.00000000
vt 0.24919130 0.14771479 0.00000000
vt 0.67971611 0.48693657 0.00000000
vt 0.68916458 0.48851278 0.00000000
vt 0.68262738 0.50103223 0.00000000
vt 0.27838784 0.15406227 0.00000000
vt 0.27228951 0.16492735 0.00000000
vt 0.28394243 0.15815371 0.00000000
vt 0.68083709 0.51750684 0.00000000
vt 0.69150078 0.51831162 0.00000000
vt 0.67907298 0.52410543 0.00000000
vt 0.27709875 0.16824780 0.00000000
vt 0.28877562 0.16304827 0.00000000
vt 0.28985313 0.14780511 0.00000000
vt 0.28248185 0.17191470 0.00000000
vt 0.27579874 0.17793350 0.00000000
vt 0.29395118 0.16688405 0.00000000
vt 0.29438516 0.15182611 0.00000000
vt 0.29941955 0.15550506 0.00000000
vt 0.28769660 0.17572562 0.00000000
vt 0.30015931 0.17219023 0.00000000
vt 0.30603150 0.15880649 0.00000000
vt 0.28123271 0.18085760 0.00000000
vt 0.29320100 0.18002829 0.00000000
vt 0.28480557 0.18613884 0.00000000
vt 0.30775937 0.17675765 0.00000000
vt 0.31409222 0.16360813 0.00000000
vt 0.30000037 0.18561825 0.00000000
vt 0.29289344 0.19159098 0.00000000
vt 0.28693774 0.19544578 0.00000000
vt 0.31512079 0.18196464 0.00000000
vt 0.32311034 0.16826195 0.00000000
vt 0.32186434 0.18751320 0.00000000
vt 0.30624729 0.19132815 0.00000000
vt 0.29814288 0.19634102 0.00000000
vt 0.31203163 0.19615665 0.00000000
vt 0.32736886 0.19275269 0.00000000
vt 0.30151799 0.20104271 0.00000000
vt 0.29057655 0.19894704 0.00000000
vt 0.33219382 0.19709395 0.00000000
vt 0.31618235 0.20147948 0.00000000
vt 0.32025802 0.20641179 0.00000000
vt 0.33802587 0.20050701 0.00000000
vt 0.34655473 0.18662781 0.00000000
vt 0.32567269 0.21146710 0.00000000
vt 0.34414825 0.20622560 0.00000000
vt 0.29354987 0.24437776 0.00000000
vt 0.28620863 0.24104901 0.00000000
vt 0.47453016 0.94740063 0.00000000
vt 0.33358556 0.21604730 0.00000000
vt 0.34042707 0.21960945 0.00000000
vt 0.32155457 0.22621575 0.00000000
vt 0.97191983 0.06492978 0.00000000
vt 0.97555250 0.05081112 0.00000000
vt 0.98572254 0.05112696 0.00000000
vt 0.30571914 0.21168768 0.00000000
vt 0.30386826 0.20627904 0.00000000
vt 0.29324400 0.20747438 0.00000000
vt 0.29181203 0.20282938 0.00000000
vt 0.28382641 0.20366488 0.00000000
vt 0.28325248 0.19902857 0.00000000
vt 0.81974614 0.80572259 0.00000000
vt 0.80757761 0.80900246 0.00000000
vt 0.80669355 0.80572259 0.00000000
vt 0.65867352 0.12808856 0.00000000
vt 0.66288424 0.12959057 0.00000000
vt 0.67003721 0.11988398 0.00000000
vt 0.67967844 0.12018093 0.00000000
vt 0.56728989 0.68138444 0.00000000
vt 0.56565267 0.68605870 0.00000000
vt 0.67970866 0.11454975 0.00000000
vt 0.66587329 0.11576504 0.00000000
vt 0.56335181 0.69196558 0.00000000
vt 0.57718033 0.69109559 0.00000000
vt 0.72088367 0.88522679 0.00000000
vt 0.72088367 0.88282353 0.00000000
vt 0.72588176 0.88380325 0.00000000
vt 0.56341606 0.70133609 0.00000000
vt 0.22691733 0.23616619 0.00000000
vt 0.22746801 0.21923175 0.00000000
vt 0.54512519 0.70133609 0.00000000
vt 0.52905971 0.69274986 0.00000000
vt 0.21980563 0.21610522 0.00000000
vt 0.21305101 0.23064141 0.00000000
vt 0.40041018 0.43003920 0.00000000
vt 0.89159071 0.12142967 0.00000000
vt 0.89123213 0.10595208 0.00000000
vt 0.90143496 0.11375228 0.00000000
vt 0.90075678 0.13066857 0.00000000
vt 0.88406605 0.12733828 0.00000000
vt 0.21735090 0.20060803 0.00000000
vt 0.22754659 0.20554674 0.00000000
vt 0.22409435 0.19362652 0.00000000
vt 0.23234557 0.19702896 0.00000000
vt 0.23809914 0.19127223 0.00000000
vt 0.89070207 0.13489419 0.00000000
vt 0.23081274 0.18771352 0.00000000
vt 0.21632357 0.18716502 0.00000000
vt 0.24159181 0.18321197 0.00000000
vt 0.23538722 0.18284668 0.00000000
vt 0.23317266 0.17951076 0.00000000
vt 0.22472456 0.18300782 0.00000000
vt 0.20854525 0.17664763 0.00000000
vt 0.21975890 0.17309237 0.00000000
vt 0.23151101 0.17044391 0.00000000
vt 0.21697912 0.15936053 0.00000000
vt 0.89676762 0.14651842 0.00000000
vt 0.89942533 0.16158248 0.00000000
vt 0.88639551 0.16304468 0.00000000
vt 0.23137404 0.15808070 0.00000000
vt 0.23260657 0.14488073 0.00000000
vt 0.68031627 0.46995187 0.00000000
vt 0.69140166 0.47072715 0.00000000
vt 0.69750249 0.49155116 0.00000000
vt 0.69117516 0.45251489 0.00000000
vt 0.21541734 0.14488073 0.00000000
vt 0.67907298 0.45259210 0.00000000
vt 0.88689238 0.17784522 0.00000000
vt 0.90139782 0.17673637 0.00000000
vt 0.88593042 0.18998794 0.00000000
vt 0.67346287 0.15066335 0.00000000
vt 0.18574120 0.92460185 0.00000000
vt 0.20375597 0.92744142 0.00000000
vt 0.18574120 0.93129504 0.00000000
vt 0.56710953 0.64644229 0.00000000
vt 0.67341083 0.15818906 0.00000000
vt 0.83559835 0.92593682 0.00000000
vt 0.83171380 0.92823315 0.00000000
vt 0.83171380 0.91552305 0.00000000
vt 0.68903071 0.16092423 0.00000000
vt 0.69351333 0.15327922 0.00000000
vt 0.77156186 0.89807403 0.00000000
vt 0.76753467 0.91304284 0.00000000
vt 0.76753467 0.89603829 0.00000000
vt 0.71822882 0.97444212 0.00000000
vt 0.72577518 0.98968047 0.00000000
vt 0.71822882 0.98994321 0.00000000
vt 0.43395245 0.35466379 0.00000000
vt 0.43906194 0.35733819 0.00000000
vt 0.43395245 0.37166831 0.00000000
vt 0.22602202 0.98920488 0.00000000
vt 0.23601975 0.97117794 0.00000000
vt 0.23433547 0.98926133 0.00000000
vt 0.56301540 0.95526332 0.00000000
vt 0.56301540 0.93580180 0.00000000
vt 0.57003188 0.93859196 0.00000000
vt 0.09304819 0.98878270 0.00000000
vt 0.07491472 0.98981130 0.00000000
vt 0.09358340 0.98304051 0.00000000
vt 0.70837420 0.66485292 0.00000000
vt 0.72748935 0.66050208 0.00000000
vt 0.72601777 0.66970122 0.00000000
vt 0.07362255 0.98304051 0.00000000
vt 0.21942635 0.97073662 0.00000000
vt 0.21766685 0.98926133 0.00000000
vt 0.54958415 0.63753629 0.00000000
vt 0.22771765 0.97039253 0.00000000
vt 0.22012176 0.95899314 0.00000000
vt 0.22824349 0.95874017 0.00000000
vt 0.23661795 0.95896882 0.00000000
vt 0.73954266 0.66264600 0.00000000
vt 0.73694539 0.66964346 0.00000000
vt 0.22859074 0.95249051 0.00000000
vt 0.22807205 0.94905776 0.00000000
vt 0.23619318 0.95238304 0.00000000
vt 0.23676687 0.94789755 0.00000000
vt 0.28932017 0.87635213 0.00000000
vt 0.74592000 0.66396272 0.00000000
vt 0.74425238 0.67106533 0.00000000
vt 0.74953353 0.66663730 0.00000000
vt 0.74796093 0.67223096 0.00000000
vt 0.75244766 0.67086488 0.00000000
vt 0.75085300 0.67817283 0.00000000
vt 0.74508810 0.67928696 0.00000000
vt 0.73457867 0.67654133 0.00000000
vt 0.98528689 0.01496338 0.00000000
vt 0.97646368 0.02408331 0.00000000
vt 0.97811049 0.01417989 0.00000000
vt 0.06464447 0.98625761 0.00000000
vt 0.97351128 0.02175263 0.00000000
vt 0.97604471 0.00488281 0.00000000
vt 0.75951535 0.79174966 0.00000000
vt 0.75636315 0.79597968 0.00000000
vt 0.75636315 0.77495879 0.00000000
vt 0.96947443 0.03408757 0.00000000
vt 0.96858269 0.02911693 0.00000000
vt 0.97337824 0.03626087 0.00000000
vt 0.97836936 0.02957726 0.00000000
vt 0.96858269 0.04961072 0.00000000
vt 0.97952253 0.03848702 0.00000000
vt 0.98968548 0.03944264 0.00000000
vt 0.75466573 0.67446363 0.00000000
vt 0.75980443 0.68043298 0.00000000
vt 0.81489766 0.32072833 0.00000000
vt 0.81575960 0.32993603 0.00000000
vt 0.80867237 0.32993603 0.00000000
vt 0.06464447 0.97455335 0.00000000
vt 0.06464447 0.97035241 0.00000000
vt 0.07372002 0.97277606 0.00000000
vt 0.30828094 0.90009558 0.00000000
vt 0.47632366 0.94096899 0.00000000
vt 0.23433000 0.28807253 0.00000000
vt 0.04759920 0.52731109 0.00000000
vt 0.05272542 0.53525245 0.00000000
vt 0.22771004 0.30018598 0.00000000
vt 0.05970751 0.52129513 0.00000000
vt 0.06487589 0.52939737 0.00000000
vt 0.04316445 0.52044618 0.00000000
vt 0.05523759 0.51363689 0.00000000
vt 0.06992394 0.51465982 0.00000000
vt 0.22441463 0.31274092 0.00000000
vt 0.07571278 0.52271044 0.00000000
vt 0.21243832 0.31119797 0.00000000
vt 0.22245030 0.32213283 0.00000000
vt 0.07875281 0.51025146 0.00000000
vt 0.08355313 0.51738596 0.00000000
vt 0.07594454 0.50252390 0.00000000
vt 0.08823828 0.50548947 0.00000000
vt 0.40572700 0.49058181 0.00000000
vt 0.41566041 0.48967034 0.00000000
vt 0.41627482 0.49818522 0.00000000
vt 0.06692615 0.50785702 0.00000000
vt 0.08575583 0.49823660 0.00000000
vt 0.39794046 0.49064770 0.00000000
vt 0.40439269 0.47766131 0.00000000
vt 0.39614910 0.47762018 0.00000000
vt 0.06342306 0.50065607 0.00000000
vt 0.39878032 0.50152951 0.00000000
vt 0.39125338 0.50110108 0.00000000
vt 0.07261139 0.49601316 0.00000000
vt 0.38978729 0.49015713 0.00000000
vt 0.38856804 0.47756931 0.00000000
vt 0.39359352 0.46670496 0.00000000
vt 0.38404334 0.46631220 0.00000000
vt 0.38308048 0.47880059 0.00000000
vt 0.38130820 0.48876727 0.00000000
vt 0.37790552 0.47324455 0.00000000
vt 0.38037872 0.50031036 0.00000000
vt 0.06738462 0.48679367 0.00000000
vt 0.37283629 0.48439467 0.00000000
vt 0.36902973 0.49816969 0.00000000
vt 0.36765614 0.47044951 0.00000000
vt 0.36939850 0.46379250 0.00000000
vt 0.38521731 0.45070067 0.00000000
vt 0.36365131 0.48052570 0.00000000
vt 0.37273440 0.45523724 0.00000000
vt 0.35031974 0.47179562 0.00000000
vt 0.35331902 0.46495157 0.00000000
vt 0.35596621 0.45591313 0.00000000
vt 0.36062846 0.44037464 0.00000000
vt 0.17936160 0.15632223 0.00000000
vt 0.17361277 0.16769108 0.00000000
vt 0.16105454 0.16209480 0.00000000
vt 0.35432968 0.47849673 0.00000000
vt 0.35709035 0.49476883 0.00000000
vt 0.34853956 0.49125874 0.00000000
vt 0.34237891 0.48714244 0.00000000
vt 0.36625710 0.51068580 0.00000000
vt 0.34329650 0.50536382 0.00000000
vt 0.04445394 0.45848903 0.00000000
vt 0.04319236 0.44824979 0.00000000
vt 0.05979573 0.44870394 0.00000000
vt 0.02810270 0.44736639 0.00000000
vt 0.06308167 0.47636881 0.00000000
vt 0.05137582 0.48082659 0.00000000
vt 0.02887437 0.46099901 0.00000000
vt 0.01414836 0.44770998 0.00000000
vt 0.06037453 0.46505949 0.00000000
vt 0.04667012 0.46903786 0.00000000
vt 0.03363751 0.47260010 0.00000000
vt 0.01798271 0.47183943 0.00000000
vt 0.01473089 0.45770064 0.00000000
vt 0.03845331 0.48424882 0.00000000
vt 0.02448253 0.48895660 0.00000000
vt 0.03274350 0.50172198 0.00000000
vt 0.04609362 0.49626720 0.00000000
vt 0.03887593 0.51167017 0.00000000
vt 0.05148353 0.50599444 0.00000000
vt 0.05813025 0.49146593 0.00000000
vt 0.18455477 0.27910209 0.00000000
vt 0.17345525 0.26512080 0.00000000
vt 0.17682166 0.25497654 0.00000000
vt 0.16937622 0.27675059 0.00000000
vt 0.18042892 0.29259950 0.00000000
vt 0.16486540 0.28911218 0.00000000
vt 0.16099580 0.30170363 0.00000000
vt 0.19425300 0.29470605 0.00000000
vt 0.17588121 0.30584857 0.00000000
vt 0.18892454 0.30868247 0.00000000
vt 0.17219472 0.31788626 0.00000000
vt 0.15826675 0.31315428 0.00000000
vt 0.15605775 0.32308483 0.00000000
vt 0.20100905 0.30976406 0.00000000
vt 0.18463677 0.32125583 0.00000000
vt 0.20861810 0.32344306 0.00000000
vt 0.42662963 0.48875895 0.00000000
vt 0.32381132 0.80642879 0.00000000
vt 0.33706686 0.80437768 0.00000000
vt 0.33424333 0.81840402 0.00000000
vt 0.19583389 0.32293996 0.00000000
vt 0.41528720 0.47700280 0.00000000
vt 0.32960379 0.79347962 0.00000000
vt 0.42692718 0.47468773 0.00000000
vt 0.40289527 0.46526125 0.00000000
vt 0.41649845 0.46370658 0.00000000
vt 0.39051455 0.45983598 0.00000000
vt 0.39878720 0.45418313 0.00000000
vt 0.39578947 0.44037464 0.00000000
vt 0.48567474 0.73826492 0.00000000
vt 0.47247410 0.74798918 0.00000000
vt 0.46566328 0.73826492 0.00000000
vt 0.49581042 0.74817514 0.00000000
vt 0.15949510 0.17548509 0.00000000
vt 0.16810171 0.17891453 0.00000000
vt 0.16243646 0.19013038 0.00000000
vt 0.38471502 0.44145259 0.00000000
vt 0.17483459 0.19339681 0.00000000
vt 0.17909504 0.18469229 0.00000000
vt 0.18444036 0.17686377 0.00000000
vt 0.19162841 0.16870421 0.00000000
vt 0.18789016 0.19151185 0.00000000
vt 0.19202568 0.18567343 0.00000000
vt 0.19751835 0.18010737 0.00000000
vt 0.19547711 0.19083990 0.00000000
vt 0.19977692 0.18957965 0.00000000
vt 0.19407339 0.19554548 0.00000000
vt 0.20034002 0.19731049 0.00000000
vt 0.19304538 0.20024854 0.00000000
vt 0.19876495 0.20273452 0.00000000
vt 0.18497477 0.19674608 0.00000000
vt 0.18376467 0.20327477 0.00000000
vt 0.19093920 0.20502131 0.00000000
vt 0.19611351 0.20710988 0.00000000
vt 0.18915471 0.20892510 0.00000000
vt 0.19177291 0.21227378 0.00000000
vt 0.18312308 0.21030772 0.00000000
vt 0.18410087 0.21793020 0.00000000
vt 0.17254066 0.20229764 0.00000000
vt 0.17192696 0.21268637 0.00000000
vt 0.17302528 0.22318618 0.00000000
vt 0.15605775 0.22772239 0.00000000
vt 0.15693159 0.21561076 0.00000000
vt 0.15605775 0.20216338 0.00000000
vt 0.48518473 0.75660205 0.00000000
vt 0.48163712 0.76948214 0.00000000
vt 0.46759149 0.75740552 0.00000000
vt 0.47773796 0.78083485 0.00000000
vt 0.46485901 0.76849085 0.00000000
vt 0.46096963 0.78058481 0.00000000
vt 0.45229021 0.78114003 0.00000000
vt 0.45445508 0.76723963 0.00000000
vt 0.44707224 0.78161079 0.00000000
vt 0.46178132 0.75145590 0.00000000
vt 0.45778623 0.75786400 0.00000000
vt 0.45895576 0.74778551 0.00000000
vt 0.45414457 0.75350094 0.00000000
vt 0.45141581 0.76082528 0.00000000
vt 0.44992006 0.75010687 0.00000000
vt 0.33572066 0.77756250 0.00000000
vt 0.33380234 0.78396428 0.00000000
vt 0.32381132 0.77935767 0.00000000
vt 0.34300625 0.78413832 0.00000000
vt 0.34006485 0.79310691 0.00000000
vt 0.34850776 0.80413491 0.00000000
vt 0.34999615 0.79339570 0.00000000
vt 0.35173437 0.78513628 0.00000000
vt 0.35334757 0.77931398 0.00000000
vt 0.44920659 0.76962417 0.00000000
vt 0.36262190 0.78036380 0.00000000
vt 0.36260837 0.78638357 0.00000000
vt 0.37494949 0.78125107 0.00000000
vt 0.37582484 0.78834522 0.00000000
vt 0.37629178 0.79649258 0.00000000
vt 0.36196220 0.79497004 0.00000000
vt 0.36147290 0.80499172 0.00000000
vt 0.65071440 0.35513192 0.00000000
vt 0.64187771 0.36859304 0.00000000
vt 0.62851566 0.35513192 0.00000000
vt 0.90194345 0.18892784 0.00000000
vt 0.90108395 0.20017895 0.00000000
vt 0.88515484 0.20188677 0.00000000
vt 0.70296359 0.45297718 0.00000000
vt 0.70461309 0.47366270 0.00000000
vt 0.70566344 0.49608761 0.00000000
vt 0.88457602 0.21292982 0.00000000
vt 0.90128261 0.21151264 0.00000000
vt 0.71358597 0.46727520 0.00000000
vt 0.71400756 0.45386049 0.00000000
vt 0.71271205 0.48331764 0.00000000
vt 0.71842015 0.48877206 0.00000000
vt 0.71752679 0.47552824 0.00000000
vt 0.72320545 0.47986796 0.00000000
vt 0.72263050 0.49307865 0.00000000
vt 0.72155070 0.46956861 0.00000000
vt 0.72249019 0.45523256 0.00000000
vt 0.88406605 0.22148669 0.00000000
vt 0.72856605 0.48328620 0.00000000
vt 0.72801292 0.49701008 0.00000000
vt 0.73492563 0.48676616 0.00000000
vt 0.73277235 0.47268042 0.00000000
vt 0.72745544 0.47072160 0.00000000
vt 0.72950476 0.45620969 0.00000000
vt 0.90081394 0.22123723 0.00000000
vt 0.88434678 0.22851694 0.00000000
vt 0.73530775 0.45806795 0.00000000
vt 0.90107989 0.22707626 0.00000000
vt 0.88429934 0.23454243 0.00000000
vt 0.73991752 0.47605333 0.00000000
vt 0.38141069 0.21653917 0.00000000
vt 0.39515927 0.21441117 0.00000000
vt 0.39160588 0.22053380 0.00000000
vt 0.90041780 0.23402031 0.00000000
vt 0.23518415 0.94206709 0.00000000
vt 0.23488738 0.94283408 0.00000000
vt 0.22367007 0.94206709 0.00000000
vt 0.46570307 0.85417825 0.00000000
vt 0.68607408 0.76314050 0.00000000
vt 0.70414978 0.76773107 0.00000000
vt 0.69042760 0.77347511 0.00000000
vt 0.96858269 0.06981259 0.00000000
vt 0.97803849 0.08420733 0.00000000
vt 0.96862113 0.08468789 0.00000000
vt 0.71479547 0.76314050 0.00000000
vt 0.35143754 0.17608665 0.00000000
vt 0.38917977 0.17408636 0.00000000
vt 0.37836584 0.18485068 0.00000000
vt 0.38903084 0.18549982 0.00000000
vt 0.40150681 0.17408636 0.00000000
vt 0.40082142 0.18813239 0.00000000
vt 0.37842757 0.19422825 0.00000000
vt 0.36700067 0.18526113 0.00000000
vt 0.38869989 0.19554979 0.00000000
vt 0.39980105 0.19976191 0.00000000
vt 0.36685726 0.19447462 0.00000000
vt 0.47865143 0.85966474 0.00000000
vt 0.48267153 0.85116857 0.00000000
vt 0.46275529 0.86008811 0.00000000
vt 0.36569923 0.20094228 0.00000000
vt 0.47503269 0.86530018 0.00000000
vt 0.37738121 0.20101212 0.00000000
vt 0.38703278 0.20320152 0.00000000
vt 0.39765716 0.20755233 0.00000000
vt 0.45949036 0.86588901 0.00000000
vt 0.36489829 0.20740427 0.00000000
vt 0.35184792 0.20729835 0.00000000
vt 0.37508988 0.20780000 0.00000000
vt 0.38442704 0.20943870 0.00000000
vt 0.36904258 0.21427487 0.00000000
vt 0.36494780 0.22297150 0.00000000
vt 0.35722512 0.21438392 0.00000000
vt 0.09238872 0.89122999 0.00000000
vt 0.10085017 0.89695513 0.00000000
vt 0.08820444 0.90094382 0.00000000
vt 0.89437997 0.24151391 0.00000000
vt 0.41400838 0.17432609 0.00000000
vt 0.41265807 0.19066186 0.00000000
vt 0.42493135 0.17455930 0.00000000
vt 0.41099608 0.20491630 0.00000000
vt 0.40805307 0.21421853 0.00000000
vt 0.42474020 0.21259964 0.00000000
vt 0.42464164 0.19268052 0.00000000
vt 0.43566927 0.19209516 0.00000000
vt 0.43528607 0.17512874 0.00000000
vt 0.40481237 0.22003813 0.00000000
vt 0.73413515 0.50088370 0.00000000
vt 0.41908488 0.22181591 0.00000000
vt 0.72565198 0.51020432 0.00000000
vt 0.41424108 0.22750516 0.00000000
vt 0.72044706 0.50614172 0.00000000
vt 0.42657655 0.23272532 0.00000000
vt 0.71760136 0.51822674 0.00000000
vt 0.72014844 0.52281421 0.00000000
vt 0.43351573 0.22883411 0.00000000
vt 0.71027005 0.52915049 0.00000000
vt 0.43184352 0.24299322 0.00000000
vt 0.71356720 0.51450258 0.00000000
vt 0.71569628 0.50263309 0.00000000
vt 0.71137756 0.49936256 0.00000000
vt 0.70990056 0.51060420 0.00000000
vt 0.70589811 0.50855511 0.00000000
vt 0.70122105 0.50700337 0.00000000
vt 0.70306730 0.51290995 0.00000000
vt 0.70473897 0.51521206 0.00000000
vt 0.69932431 0.51367885 0.00000000
vt 0.69381940 0.50549835 0.00000000
vt 0.69252247 0.51310211 0.00000000
vt 0.68204802 0.51134354 0.00000000
vt 0.69935107 0.51783240 0.00000000
vt 0.70685375 0.51996636 0.00000000
vt 0.70005745 0.52285814 0.00000000
vt 0.70887583 0.52452785 0.00000000
vt 0.70891440 0.52467436 0.00000000
vt 0.69098306 0.52419460 0.00000000
vt 0.70078450 0.52738446 0.00000000
vt 0.68956208 0.52993363 0.00000000
vt 0.68865007 0.53603148 0.00000000
vt 0.70130956 0.53329748 0.00000000
vt 0.68935287 0.54330724 0.00000000
vt 0.70250303 0.54043210 0.00000000
vt 0.44038317 0.25372103 0.00000000
vt 0.44801664 0.26941523 0.00000000
vt 0.43909562 0.26701167 0.00000000
vt 0.43941665 0.24232149 0.00000000
vt 0.44956687 0.25430149 0.00000000
vt 0.44939819 0.24130033 0.00000000
vt 0.46102339 0.25629470 0.00000000
vt 0.33000946 0.15382439 0.00000000
vt 0.44485542 0.22682090 0.00000000
vt 0.45732754 0.22328043 0.00000000
vt 0.46998113 0.21929803 0.00000000
vt 0.43853152 0.20894864 0.00000000
vt 0.45041510 0.20591943 0.00000000
vt 0.46124265 0.20265605 0.00000000
vt 0.00488281 0.47573075 0.00000000
vt 0.46886706 0.18575853 0.00000000
vt 0.47415307 0.19785434 0.00000000
vt 0.44671521 0.18996285 0.00000000
vt 0.44543242 0.17533487 0.00000000
vt 0.45749480 0.18751892 0.00000000
vt 0.46917373 0.18018262 0.00000000
vt 0.45623493 0.17507277 0.00000000
vt 0.43766680 0.81852567 0.00000000
vt 0.43901625 0.81144369 0.00000000
vt 0.57936949 0.32444340 0.00000000
vt 0.33435532 0.85610437 0.00000000
vt 0.32838139 0.85691637 0.00000000
vt 0.33514762 0.84871966 0.00000000
vt 0.57050461 0.32245696 0.00000000
vt 0.32917506 0.84872055 0.00000000
vt 0.57635897 0.31905246 0.00000000
vt 0.32262963 0.84875530 0.00000000
vt 0.55901313 0.32779157 0.00000000
vt 0.56396216 0.31962663 0.00000000
vt 0.32056266 0.86310226 0.00000000
vt 0.32758129 0.86345541 0.00000000
vt 0.54950756 0.32436752 0.00000000
vt 0.54400551 0.33296505 0.00000000
vt 0.32166573 0.85621846 0.00000000
vt 0.30816409 0.87146938 0.00000000
vt 0.30962366 0.86355931 0.00000000
vt 0.31055155 0.85638571 0.00000000
vt 0.31103075 0.84957021 0.00000000
vt 0.29519483 0.84871966 0.00000000
vt 0.29559776 0.85691893 0.00000000
vt 0.29435980 0.86386400 0.00000000
vt 0.61362821 0.51643163 0.00000000
vt 0.62766194 0.51079214 0.00000000
vt 0.61698347 0.52409512 0.00000000
vt 0.61284059 0.50926387 0.00000000
vt 0.63071334 0.51694286 0.00000000
vt 0.62628973 0.50579196 0.00000000
vt 0.63562226 0.50708616 0.00000000
vt 0.64095318 0.51057976 0.00000000
vt 0.63623470 0.50128096 0.00000000
vt 0.62686771 0.50000757 0.00000000
vt 0.64289755 0.50157475 0.00000000
vt 0.64990687 0.50347364 0.00000000
vt 0.65716004 0.49664837 0.00000000
vt 0.64837772 0.49523640 0.00000000
vt 0.66322374 0.49009833 0.00000000
vt 0.65202922 0.48834482 0.00000000
vt 0.63843489 0.49564940 0.00000000
vt 0.66799277 0.48351374 0.00000000
vt 0.63982534 0.48845133 0.00000000
vt 0.63889378 0.47874877 0.00000000
vt 0.65435976 0.48122528 0.00000000
vt 0.67164570 0.47593576 0.00000000
vt 0.65646160 0.47235450 0.00000000
vt 0.67419016 0.46723628 0.00000000
vt 0.62635773 0.49157071 0.00000000
vt 0.61192471 0.50152218 0.00000000
vt 0.59726828 0.50563318 0.00000000
vt 0.53522044 0.31905246 0.00000000
vt 0.61121470 0.49299455 0.00000000
vt 0.59680283 0.49534231 0.00000000
vt 0.62478811 0.48342967 0.00000000
vt 0.61088735 0.48338193 0.00000000
vt 0.17913581 0.84017134 0.00000000
vt 0.64028078 0.46933284 0.00000000
vt 0.62261289 0.47534227 0.00000000
vt 0.61144501 0.47683898 0.00000000
vt 0.60396659 0.47921529 0.00000000
vt 0.60948098 0.47007814 0.00000000
vt 0.62258846 0.46805760 0.00000000
vt 0.60593301 0.46338049 0.00000000
vt 0.63665497 0.45949218 0.00000000
vt 0.61655807 0.45771733 0.00000000
vt 0.11284783 0.63474572 0.00000000
vt 0.13256568 0.63088691 0.00000000
vt 0.65708417 0.46219799 0.00000000
vt 0.65924174 0.45251489 0.00000000
vt 0.15302919 0.61958677 0.00000000
vt 0.16963132 0.62228560 0.00000000
vt 0.16936275 0.63211727 0.00000000
vt 0.15375613 0.61054623 0.00000000
vt 0.17042755 0.61337960 0.00000000
vt 0.17147762 0.60532290 0.00000000
vt 0.17234917 0.59887141 0.00000000
vt 0.17345019 0.59246135 0.00000000
vt 0.60252452 0.45251489 0.00000000
vt 0.09798153 0.63436437 0.00000000
vt 0.20484184 0.81860590 0.00000000
vt 0.08660655 0.62674958 0.00000000
vt 0.08684052 0.63871121 0.00000000
vt 0.07528988 0.62287587 0.00000000
vt 0.53529495 0.39550754 0.00000000
vt 0.54839790 0.40302405 0.00000000
vt 0.54502058 0.41126287 0.00000000
vt 0.55812800 0.41912276 0.00000000
vt 0.55193782 0.39592168 0.00000000
vt 0.56099695 0.41095138 0.00000000
vt 0.56391448 0.40499035 0.00000000
vt 0.56487393 0.39852324 0.00000000
vt 0.57075614 0.39370555 0.00000000
vt 0.56031239 0.38369256 0.00000000
vt 0.57096714 0.40434703 0.00000000
vt 0.56715512 0.37622544 0.00000000
vt 0.54927039 0.37314931 0.00000000
vt 0.53522044 0.37160203 0.00000000
vt 0.54109263 0.36605141 0.00000000
vt 0.55634451 0.36738056 0.00000000
vt 0.54824078 0.36013192 0.00000000
vt 0.54181623 0.35513192 0.00000000
vt 0.56308758 0.36174935 0.00000000
vt 0.57257384 0.36893564 0.00000000
vt 0.57789773 0.36153522 0.00000000
vt 0.56844234 0.35532418 0.00000000
vt 0.72368413 0.63596177 0.00000000
vt 0.55362129 0.35568208 0.00000000
vt 0.24164969 0.98095506 0.00000000
vt 0.24656725 0.97038996 0.00000000
vt 0.24691883 0.98485166 0.00000000
vt 0.24190833 0.96600831 0.00000000
vt 0.24164969 0.95403749 0.00000000
vt 0.24561393 0.95972943 0.00000000
vt 0.24764769 0.95440173 0.00000000
vt 0.24438000 0.94206709 0.00000000
vt 0.26894346 0.52916014 0.00000000
vt 0.25074014 0.96152741 0.00000000
vt 0.25008559 0.94449306 0.00000000
vt 0.25453755 0.95610780 0.00000000
vt 0.25678712 0.94820666 0.00000000
vt 0.27537075 0.63023901 0.00000000
vt 0.27701735 0.62288237 0.00000000
vt 0.25917929 0.95760345 0.00000000
vt 0.25195274 0.97327328 0.00000000
vt 0.71931350 0.62434530 0.00000000
vt 0.25576338 0.96383590 0.00000000
vt 0.26109213 0.96591067 0.00000000
vt 0.35291129 0.83999735 0.00000000
vt 0.39120355 0.96156687 0.00000000
vt 0.38759649 0.96494693 0.00000000
vt 0.38292375 0.96156687 0.00000000
vt 0.34860808 0.84383684 0.00000000
vt 0.28471884 0.61736912 0.00000000
vt 0.27647153 0.61716092 0.00000000
vt 0.28302202 0.61271799 0.00000000
vt 0.57020861 0.97490799 0.00000000
vt 0.52284724 0.97585821 0.00000000
vt 0.52363312 0.96931428 0.00000000
vt 0.98961371 0.11672273 0.00000000
vt 0.98302275 0.11672273 0.00000000
vt 0.98302275 0.06981259 0.00000000
vt 0.03746563 0.96997613 0.00000000
vt 0.00488281 0.91947788 0.00000000
vt 0.03572790 0.92309821 0.00000000
vt 0.00488281 0.95228827 0.00000000
vt 0.98961371 0.16356771 0.00000000
vt 0.98302275 0.16356774 0.00000000
vt 0.98961371 0.21139497 0.00000000
vt 0.98302275 0.21139497 0.00000000
vt 0.27218935 0.79442817 0.00000000
vt 0.22842111 0.81546074 0.00000000
vt 0.22436212 0.79442817 0.00000000
vt 0.31520545 0.81297714 0.00000000
vt 0.26040995 0.81600004 0.00000000
vt 0.05976166 0.97485894 0.00000000
vt 0.03274897 0.99018347 0.00000000
vt 0.00488281 0.97485894 0.00000000
vt 0.53793585 0.98074102 0.00000000
vt 0.57118809 0.98074102 0.00000000
vt 0.56871814 0.98946053 0.00000000
vt 0.58903676 0.93580180 0.00000000
vt 0.59775627 0.93827170 0.00000000
vt 0.58903676 0.96905398 0.00000000
vt 0.75148034 0.78402132 0.00000000
vt 0.71967828 0.78402132 0.00000000
vt 0.75148034 0.77495879 0.00000000
vt 0.52975702 0.94668263 0.00000000
vt 0.52975702 0.88406843 0.00000000
vt 0.53634804 0.91537547 0.00000000
vt 0.71967828 0.77495879 0.00000000
vt 0.72026223 0.76101333 0.00000000
vt 0.75307256 0.76101333 0.00000000
vt 0.72026223 0.77007598 0.00000000
vt 0.83750790 0.46644554 0.00000000
vt 0.83750790 0.35275117 0.00000000
vt 0.85645700 0.44090551 0.00000000
vt 0.75307256 0.77007598 0.00000000
vt 0.97799695 0.45484576 0.00000000
vt 0.97799695 0.40044501 0.00000000
vt 0.98705953 0.45484570 0.00000000
vt 0.46836001 0.96931428 0.00000000
vt 0.54123086 0.87584031 0.00000000
vt 0.54777479 0.87662625 0.00000000
vt 0.54123086 0.93111342 0.00000000
vt 0.96118742 0.62432498 0.00000000
vt 0.96118742 0.55406839 0.00000000
vt 0.98988134 0.57754529 0.00000000
vt 0.66877389 0.75173301 0.00000000
vt 0.71537942 0.75173301 0.00000000
vt 0.66970605 0.75825769 0.00000000
vt 0.20473771 0.75880063 0.00000000
vt 0.16369674 0.72309268 0.00000000
vt 0.23395333 0.72309268 0.00000000
vt 0.86010158 0.56468034 0.00000000
vt 0.90792876 0.56468034 0.00000000
vt 0.86010158 0.57127130 0.00000000
vt 0.90792876 0.57127130 0.00000000
vt 0.28947699 0.83892429 0.00000000
vt 0.25342914 0.86049610 0.00000000
vt 0.24164969 0.83892429 0.00000000
vt 0.28541803 0.85995692 0.00000000
vt 0.38316789 0.95668405 0.00000000
vt 0.38316789 0.92343187 0.00000000
vt 0.39188740 0.92590177 0.00000000
vt 0.60197037 0.98946053 0.00000000
vt 0.11012173 0.81714433 0.00000000
vt 0.11709337 0.78611594 0.00000000
vt 0.13435049 0.82127559 0.00000000
vt 0.95477360 0.56468034 0.00000000
vt 0.14646491 0.77602428 0.00000000
vt 0.11012173 0.75405484 0.00000000
vt 0.95477360 0.57127130 0.00000000
vt 0.57380146 0.57827789 0.00000000
vt 0.53672719 0.57827789 0.00000000
vt 0.56061947 0.53790814 0.00000000
vt 0.44486925 0.89807880 0.00000000
vt 0.43827835 0.85116857 0.00000000
vt 0.44486934 0.85116857 0.00000000
vt 0.43827835 0.89807880 0.00000000
vt 0.39183521 0.89283389 0.00000000
vt 0.72794253 0.73077762 0.00000000
vt 0.72794253 0.72171497 0.00000000
vt 0.75974452 0.72171503 0.00000000
vt 0.51385182 0.76721680 0.00000000
vt 0.50069326 0.82843286 0.00000000
vt 0.50069326 0.73826492 0.00000000
vt 0.80867237 0.33709764 0.00000000
vt 0.69513226 0.73077762 0.00000000
vt 0.69513226 0.72171497 0.00000000
vt 0.64060080 0.73077762 0.00000000
vt 0.67090863 0.18721324 0.00000000
vt 0.81591022 0.18721324 0.00000000
vt 0.67502803 0.24158885 0.00000000
vt 0.80867237 0.48209918 0.00000000
vt 0.22367007 0.83892429 0.00000000
vt 0.23353076 0.84029043 0.00000000
vt 0.22367007 0.89407462 0.00000000
vt 0.78830725 0.57941258 0.00000000
vt 0.77924466 0.71864736 0.00000000
vt 0.77924466 0.58353192 0.00000000
vt 0.81014311 0.24158876 0.00000000
vt 0.78830725 0.71617573 0.00000000
vt 0.86133981 0.33709764 0.00000000
vt 0.87064278 0.33839917 0.00000000
vt 0.86133981 0.39237687 0.00000000
vt 0.58039242 0.63265347 0.00000000
vt 0.52931231 0.63265347 0.00000000
vt 0.44486934 0.95295769 0.00000000
vt 0.66587704 0.79541588 0.00000000
vt 0.61479700 0.80200684 0.00000000
vt 0.61479700 0.79541588 0.00000000
vt 0.43827835 0.95295769 0.00000000
vt 0.82207090 0.88147998 0.00000000
vt 0.82207090 0.86527264 0.00000000
vt 0.82525820 0.88064241 0.00000000
vt 0.83205533 0.82236511 0.00000000
vt 0.81647623 0.82475561 0.00000000
vt 0.81584799 0.82236511 0.00000000
vt 0.76595843 0.98315781 0.00000000
vt 0.76595837 0.98645335 0.00000000
vt 0.75028318 0.98233378 0.00000000
vt 0.38117459 0.78003412 0.00000000
vt 0.38117459 0.77756250 0.00000000
vt 0.38447011 0.78003401 0.00000000
vt 0.75028318 0.98727697 0.00000000
vt 0.60856998 0.92877793 0.00000000
vt 0.60593349 0.93075520 0.00000000
vt 0.60445052 0.92877793 0.00000000
vt 0.82167089 0.61581844 0.00000000
vt 0.80610371 0.61335027 0.00000000
vt 0.82180053 0.61335027 0.00000000
vt 0.84566021 0.85790664 0.00000000
vt 0.84895569 0.86284989 0.00000000
vt 0.84566021 0.86284989 0.00000000
vt 0.84895569 0.85790664 0.00000000
vt 0.73496437 0.90418690 0.00000000
vt 0.71922415 0.90501094 0.00000000
vt 0.73496425 0.90089142 0.00000000
vt 0.71922415 0.90006769 0.00000000
vt 0.80593073 0.61664122 0.00000000
vt 0.83537179 0.95199668 0.00000000
vt 0.83866268 0.96786654 0.00000000
vt 0.83537179 0.96769363 0.00000000
vt 0.83783996 0.95212644 0.00000000
vt 0.73792201 0.57337779 0.00000000
vt 0.73528570 0.57140052 0.00000000
vt 0.73940510 0.57140052 0.00000000
vt 0.79856277 0.90917808 0.00000000
vt 0.79707980 0.91115534 0.00000000
vt 0.79444337 0.90917808 0.00000000
vt 0.76518619 0.88989908 0.00000000
vt 0.76040524 0.89115548 0.00000000
vt 0.76040524 0.87494802 0.00000000
vt 0.80593073 0.86527264 0.00000000
vt 0.80911797 0.88064247 0.00000000
vt 0.80593073 0.88148010 0.00000000
vt 0.79475778 0.63427573 0.00000000
vt 0.79722601 0.64984292 0.00000000
vt 0.79475778 0.64997268 0.00000000
vt 0.10340948 0.98304051 0.00000000
vt 0.09846627 0.98633599 0.00000000
vt 0.09846621 0.98304051 0.00000000
vt 0.79804873 0.63410288 0.00000000
vt 0.27969545 0.89391029 0.00000000
vt 0.27695346 0.89802331 0.00000000
vt 0.27695346 0.89208227 0.00000000
vt 0.72839290 0.92563391 0.00000000
vt 0.73251235 0.90989381 0.00000000
vt 0.73333603 0.92563391 0.00000000
vt 0.72921681 0.90989375 0.00000000
vt 0.81217647 0.88636291 0.00000000
vt 0.81536371 0.90173280 0.00000000
vt 0.81217647 0.90257043 0.00000000
vt 0.80356795 0.30030069 0.00000000
vt 0.78798848 0.30269113 0.00000000
vt 0.78736025 0.30030069 0.00000000
vt 0.65928006 0.86565030 0.00000000
vt 0.66277552 0.86565030 0.00000000
vt 0.66102779 0.86739796 0.00000000
vt 0.76001275 0.94034278 0.00000000
vt 0.75671738 0.95601809 0.00000000
vt 0.75754112 0.94034278 0.00000000
vt 0.81293368 0.76331073 0.00000000
vt 0.81540531 0.76331073 0.00000000
vt 0.81540531 0.76578236 0.00000000
vt 0.85035539 0.82932311 0.00000000
vt 0.85035539 0.83426630 0.00000000
vt 0.84705991 0.82932311 0.00000000
vt 0.76166052 0.95601809 0.00000000
vt 0.83171380 0.59259748 0.00000000
vt 0.83418202 0.59272671 0.00000000
vt 0.83171380 0.60835910 0.00000000
vt 0.84705991 0.83426630 0.00000000
vt 0.83500487 0.60853136 0.00000000
vt 0.63181633 0.96876925 0.00000000
vt 0.61624146 0.96635008 0.00000000
vt 0.63232273 0.96635008 0.00000000
vt 0.73557436 0.98373318 0.00000000
vt 0.73065799 0.98424780 0.00000000
vt 0.73065799 0.96842170 0.00000000
vt 0.78817457 0.96176726 0.00000000
vt 0.78817457 0.94589829 0.00000000
vt 0.79224360 0.96112555 0.00000000
vt 0.78144753 0.82264906 0.00000000
vt 0.78144753 0.80695212 0.00000000
vt 0.78473848 0.80712509 0.00000000
vt 0.74804485 0.92303365 0.00000000
vt 0.75270540 0.92303365 0.00000000
vt 0.75037515 0.92536396 0.00000000
vt 0.20020913 0.23590070 0.00000000
vt 0.20020913 0.23260520 0.00000000
vt 0.20350462 0.23260520 0.00000000
vt 0.81012756 0.83122951 0.00000000
vt 0.79475778 0.82804221 0.00000000
vt 0.81096518 0.82804221 0.00000000
vt 0.75298810 0.91815084 0.00000000
vt 0.74804485 0.91815084 0.00000000
vt 0.74886870 0.90247566 0.00000000
vt 0.74810702 0.88364756 0.00000000
vt 0.74810690 0.88694304 0.00000000
vt 0.73236692 0.88282353 0.00000000
vt 0.73236692 0.88776678 0.00000000
vt 0.67393619 0.88806421 0.00000000
vt 0.67887938 0.88394475 0.00000000
vt 0.67887938 0.88806421 0.00000000
vt 0.78235644 0.89048618 0.00000000
vt 0.77906549 0.89065921 0.00000000
vt 0.78317916 0.87474614 0.00000000
vt 0.67393619 0.88394475 0.00000000
vt 0.77906549 0.87496227 0.00000000
vt 0.23841357 0.89208227 0.00000000
vt 0.24805672 0.89208227 0.00000000
vt 0.23953982 0.89517933 0.00000000
vt 0.78675109 0.77476823 0.00000000
vt 0.79004657 0.76076245 0.00000000
vt 0.79004657 0.77476823 0.00000000
vt 0.78675109 0.76076245 0.00000000
vt 0.66562659 0.23706578 0.00000000
vt 0.65710950 0.24016282 0.00000000
vt 0.65598327 0.23706578 0.00000000
vt 0.68218249 0.93706357 0.00000000
vt 0.68218249 0.92305773 0.00000000
vt 0.69124502 0.93706357 0.00000000
vt 0.69124502 0.92305773 0.00000000
vt 0.82915920 0.81626207 0.00000000
vt 0.82915920 0.81296653 0.00000000
vt 0.83822179 0.81626207 0.00000000
vt 0.79813725 0.79328465 0.00000000
vt 0.79492939 0.79403937 0.00000000
vt 0.79492939 0.77965105 0.00000000
vt 0.83822179 0.81296653 0.00000000
vt 0.79471380 0.73967201 0.00000000
vt 0.79792166 0.75330555 0.00000000
vt 0.79471380 0.75406039 0.00000000
vt 0.70857340 0.96008259 0.00000000
vt 0.70857340 0.96090657 0.00000000
vt 0.69951093 0.96008259 0.00000000
vt 0.70033479 0.96090657 0.00000000
vt 0.69951093 0.97408831 0.00000000
vt 0.70033479 0.97408831 0.00000000
vt 0.67075986 0.81123281 0.00000000
vt 0.67075986 0.78486884 0.00000000
vt 0.67899853 0.81123281 0.00000000
vt 0.67899853 0.78486884 0.00000000
vt 0.58960187 0.85607797 0.00000000
vt 0.58960187 0.82660216 0.00000000
vt 0.60139215 0.83249730 0.00000000
vt 0.63985008 0.94278383 0.00000000
vt 0.64067405 0.94443160 0.00000000
vt 0.63161141 0.94278383 0.00000000
vt 0.57292879 0.82660222 0.00000000
vt 0.58471906 0.83249742 0.00000000
vt 0.57292879 0.85607797 0.00000000
vt 0.56989849 0.87584031 0.00000000
vt 0.57813722 0.90220422 0.00000000
vt 0.56989849 0.90220422 0.00000000
vt 0.62996370 0.94443160 0.00000000
vt 0.63161141 0.92960191 0.00000000
vt 0.42049295 0.96785551 0.00000000
vt 0.41637361 0.96785551 0.00000000
vt 0.42049295 0.95714515 0.00000000
vt 0.57813722 0.87584031 0.00000000
vt 0.54495060 0.93599623 0.00000000
vt 0.55813253 0.96236020 0.00000000
vt 0.54495060 0.96236020 0.00000000
vt 0.55813253 0.93599623 0.00000000
vt 0.63359809 0.95352262 0.00000000
vt 0.63520849 0.95262790 0.00000000
vt 0.62894577 0.96032214 0.00000000
vt 0.62996370 0.92877793 0.00000000
vt 0.62916046 0.96146727 0.00000000
vt 0.61806655 0.95287842 0.00000000
vt 0.61624146 0.95262790 0.00000000
vt 0.80793458 0.94099379 0.00000000
vt 0.80381525 0.94099379 0.00000000
vt 0.80793458 0.92534018 0.00000000
vt 0.41637361 0.95714515 0.00000000
vt 0.75795555 0.75619680 0.00000000
vt 0.75960326 0.75702065 0.00000000
vt 0.75795555 0.76690727 0.00000000
vt 0.80381525 0.92534018 0.00000000
vt 0.75910223 0.71597755 0.00000000
vt 0.74839199 0.71185815 0.00000000
vt 0.75910234 0.71185815 0.00000000
vt 0.79893243 0.94099379 0.00000000
vt 0.79481310 0.94099379 0.00000000
vt 0.79893243 0.92534018 0.00000000
vt 0.84048116 0.92623347 0.00000000
vt 0.84460050 0.91552305 0.00000000
vt 0.84460050 0.92623347 0.00000000
vt 0.79481310 0.92534018 0.00000000
vt 0.36320665 0.86471725 0.00000000
vt 0.36456108 0.87284392 0.00000000
vt 0.36320665 0.87474012 0.00000000
vt 0.75531793 0.82953471 0.00000000
vt 0.74131209 0.82788700 0.00000000
vt 0.75696570 0.82788700 0.00000000
vt 0.57939196 0.71445757 0.00000000
vt 0.56598026 0.70621890 0.00000000
vt 0.57939196 0.70621890 0.00000000
vt 0.56598026 0.71445757 0.00000000
vt 0.65626705 0.92915517 0.00000000
vt 0.65544313 0.92833132 0.00000000
vt 0.65626705 0.91350180 0.00000000
vt 0.43827835 0.82680464 0.00000000
vt 0.43900952 0.83996677 0.00000000
vt 0.43827835 0.84165776 0.00000000
vt 0.64720452 0.92833132 0.00000000
vt 0.64555687 0.92915517 0.00000000
vt 0.74213600 0.82953471 0.00000000
vt 0.41401234 0.98505980 0.00000000
vt 0.39522156 0.97695392 0.00000000
vt 0.40811718 0.97326952 0.00000000
vt 0.49368745 0.89579916 0.00000000
vt 0.48073825 0.91094506 0.00000000
vt 0.48073825 0.89333272 0.00000000
vt 0.59750277 0.89316124 0.00000000
vt 0.60574150 0.91077363 0.00000000
vt 0.59750277 0.91077363 0.00000000
vt 0.49364886 0.90921080 0.00000000
vt 0.39706385 0.98984963 0.00000000
vt 0.60574150 0.89316124 0.00000000
vt 0.38232595 0.97695392 0.00000000
vt 0.37974679 0.99021804 0.00000000
vt 0.60574150 0.87584031 0.00000000
vt 0.36943030 0.97326952 0.00000000
vt 0.48509321 0.92770952 0.00000000
vt 0.59750277 0.87584031 0.00000000
vt 0.36458352 0.95427704 0.00000000
vt 0.34902823 0.96224433 0.00000000
vt 0.34525952 0.94977486 0.00000000
vt 0.50969481 0.64494151 0.00000000
vt 0.51793355 0.64494151 0.00000000
vt 0.50969481 0.66241848 0.00000000
vt 0.33172768 0.95146948 0.00000000
vt 0.54484242 0.85953075 0.00000000
vt 0.54001349 0.84757334 0.00000000
vt 0.55134672 0.84021491 0.00000000
vt 0.52200919 0.88667220 0.00000000
vt 0.51377046 0.88667220 0.00000000
vt 0.52200919 0.87377656 0.00000000
vt 0.51377046 0.87377656 0.00000000
vt 0.54001349 0.82691067 0.00000000
vt 0.51793355 0.66241848 0.00000000
vt 0.52200919 0.86036485 0.00000000
vt 0.29681873 0.97351003 0.00000000
vt 0.30974680 0.97510862 0.00000000
vt 0.29226607 0.98612535 0.00000000
vt 0.51377046 0.86036485 0.00000000
vt 0.33185422 0.96449548 0.00000000
vt 0.50969481 0.67973936 0.00000000
vt 0.31842357 0.94977486 0.00000000
vt 0.30905172 0.95780164 0.00000000
vt 0.51793355 0.67973936 0.00000000
vt 0.52200919 0.84672737 0.00000000
vt 0.29619315 0.95988685 0.00000000
vt 0.51377046 0.84672737 0.00000000
vt 0.31462961 0.96153617 0.00000000
vt 0.40853146 0.93211532 0.00000000
vt 0.41149080 0.94933999 0.00000000
vt 0.39677021 0.93590927 0.00000000
vt 0.39846486 0.94921350 0.00000000
vt 0.51793355 0.69721639 0.00000000
vt 0.50969481 0.69721639 0.00000000
vt 0.55763930 0.79541588 0.00000000
vt 0.57511634 0.80365455 0.00000000
vt 0.55763930 0.80365461 0.00000000
vt 0.30321327 0.94132870 0.00000000
vt 0.57511634 0.79541588 0.00000000
vt 0.52200919 0.83331567 0.00000000
vt 0.29226607 0.94706297 0.00000000
vt 0.51377046 0.83331567 0.00000000
vt 0.79319006 0.57947600 0.00000000
vt 0.80660170 0.57947600 0.00000000
vt 0.79319006 0.58771467 0.00000000
vt 0.35875443 0.14488073 0.00000000
vt 0.37084094 0.15069364 0.00000000
vt 0.35143754 0.15483995 0.00000000
vt 0.36684370 0.16309175 0.00000000
vt 0.80660170 0.58771467 0.00000000
vt 0.38421470 0.15336299 0.00000000
vt 0.82023925 0.57947600 0.00000000
vt 0.40923980 0.96651393 0.00000000
vt 0.39677021 0.96274531 0.00000000
vt 0.59243727 0.79541588 0.00000000
vt 0.59243727 0.80365461 0.00000000
vt 0.38384885 0.16638437 0.00000000
vt 0.39737159 0.15076131 0.00000000
vt 0.82023925 0.58771467 0.00000000
vt 0.83365089 0.57947600 0.00000000
vt 0.83365089 0.58771467 0.00000000
vt 0.19852509 0.50211197 0.00000000
vt 0.21384433 0.51472163 0.00000000
vt 0.20034878 0.51539910 0.00000000
vt 0.21071790 0.49752656 0.00000000
vt 0.21103056 0.53181255 0.00000000
vt 0.84654659 0.57947600 0.00000000
vt 0.19852509 0.52816504 0.00000000
vt 0.84654659 0.58771467 0.00000000
vt 0.64064401 0.88991767 0.00000000
vt 0.64064401 0.87244064 0.00000000
vt 0.65346044 0.88758737 0.00000000
vt 0.70046937 0.88544941 0.00000000
vt 0.68705773 0.88544941 0.00000000
vt 0.70046937 0.87721068 0.00000000
vt 0.65287781 0.87418830 0.00000000
vt 0.68705773 0.87721068 0.00000000
vt 0.52291209 0.59240091 0.00000000
vt 0.52291209 0.58237791 0.00000000
vt 0.52426654 0.58427417 0.00000000
vt 0.84052932 0.84497643 0.00000000
vt 0.84052932 0.82932311 0.00000000
vt 0.84217709 0.84332877 0.00000000
vt 0.64455324 0.98385644 0.00000000
vt 0.64372939 0.96985072 0.00000000
vt 0.64455324 0.97149843 0.00000000
vt 0.78883994 0.98748219 0.00000000
vt 0.79955000 0.98748219 0.00000000
vt 0.78966373 0.98912996 0.00000000
vt 0.64372939 0.98550421 0.00000000
vt 0.80805087 0.76597553 0.00000000
vt 0.80393153 0.75526518 0.00000000
vt 0.80805087 0.75526518 0.00000000
vt 0.80177557 0.96746117 0.00000000
vt 0.79779184 0.98259938 0.00000000
vt 0.79779184 0.96641278 0.00000000
vt 0.80612868 0.94587660 0.00000000
vt 0.82231522 0.94587660 0.00000000
vt 0.82126683 0.94986033 0.00000000
vt 0.80393153 0.76597553 0.00000000
vt 0.81693679 0.93316525 0.00000000
vt 0.81281739 0.93316531 0.00000000
vt 0.81281739 0.91751170 0.00000000
vt 0.65080160 0.94931442 0.00000000
vt 0.64173907 0.95096213 0.00000000
vt 0.64009130 0.94931442 0.00000000
vt 0.85231245 0.77129060 0.00000000
vt 0.83830637 0.77211446 0.00000000
vt 0.83665866 0.77129060 0.00000000
vt 0.64997774 0.95096213 0.00000000
vt 0.30936268 0.50995654 0.00000000
vt 0.30766940 0.51068223 0.00000000
vt 0.29533267 0.50995654 0.00000000
vt 0.64173907 0.96332014 0.00000000
vt 0.59680283 0.43466565 0.00000000
vt 0.62316668 0.44702378 0.00000000
vt 0.59680283 0.44702378 0.00000000
vt 0.62316668 0.43466565 0.00000000
vt 0.68845356 0.85403335 0.00000000
vt 0.69669229 0.82766944 0.00000000
vt 0.69669229 0.85403335 0.00000000
vt 0.68845356 0.82766944 0.00000000
vt 0.65207464 0.76879627 0.00000000
vt 0.68119127 0.76879627 0.00000000
vt 0.65731984 0.77998602 0.00000000
vt 0.08764795 0.54888350 0.00000000
vt 0.08764797 0.57524741 0.00000000
vt 0.07528988 0.57524741 0.00000000
vt 0.44689685 0.31391829 0.00000000
vt 0.44443944 0.30605459 0.00000000
vt 0.47206068 0.30605459 0.00000000
vt 0.74724668 0.78890413 0.00000000
vt 0.72208291 0.79676783 0.00000000
vt 0.71962547 0.78890413 0.00000000
vt 0.72169483 0.96873546 0.00000000
vt 0.71345621 0.96955931 0.00000000
vt 0.71345627 0.96873540 0.00000000
vt 0.72169495 0.95637763 0.00000000
vt 0.72251868 0.96955931 0.00000000
vt 0.71677375 0.95149481 0.00000000
vt 0.71594983 0.95067090 0.00000000
vt 0.71594983 0.94243258 0.00000000
vt 0.70276850 0.95149481 0.00000000
vt 0.71677375 0.94243258 0.00000000
vt 0.84077740 0.86714584 0.00000000
vt 0.83748192 0.85808325 0.00000000
vt 0.84077740 0.85808325 0.00000000
vt 0.83665866 0.76331067 0.00000000
vt 0.84630179 0.76331067 0.00000000
vt 0.84517556 0.76640779 0.00000000
vt 0.85224235 0.93311596 0.00000000
vt 0.83823657 0.93641150 0.00000000
vt 0.83823657 0.93311596 0.00000000
vt 0.83748192 0.86714584 0.00000000
vt 0.85224235 0.93641150 0.00000000
vt 0.86195642 0.94458979 0.00000000
vt 0.84795064 0.94458979 0.00000000
vt 0.86195642 0.94129431 0.00000000
vt 0.84795064 0.94129431 0.00000000
vt 0.70373654 0.93262655 0.00000000
vt 0.69612783 0.93754977 0.00000000
vt 0.69612783 0.92086762 0.00000000
vt 0.84329617 0.75513238 0.00000000
vt 0.85235876 0.75513238 0.00000000
vt 0.84329617 0.75842786 0.00000000
vt 0.71334600 0.98803377 0.00000000
vt 0.69934016 0.97897118 0.00000000
vt 0.71334600 0.97897118 0.00000000
vt 0.60991418 0.79541588 0.00000000
vt 0.40112492 0.16374213 0.00000000
vt 0.58345717 0.76419181 0.00000000
vt 0.58345717 0.77243054 0.00000000
vt 0.56598026 0.77243054 0.00000000
vt 0.60077816 0.76419181 0.00000000
vt 0.60077816 0.77243054 0.00000000
vt 0.40884832 0.14488073 0.00000000
vt 0.53388131 0.79511082 0.00000000
vt 0.53621161 0.78229433 0.00000000
vt 0.55275649 0.78742093 0.00000000
vt 0.61825514 0.77243054 0.00000000
vt 0.52048230 0.79452819 0.00000000
vt 0.64783716 0.37347585 0.00000000
vt 0.63202870 0.38092807 0.00000000
vt 0.62851566 0.37347585 0.00000000
vt 0.51873463 0.78229433 0.00000000
vt 0.65279192 0.98385644 0.00000000
vt 0.52291209 0.56258929 0.00000000
vt 0.52291209 0.54848689 0.00000000
vt 0.52435607 0.55031592 0.00000000
vt 0.65443963 0.98550421 0.00000000
vt 0.81081295 0.80083978 0.00000000
vt 0.80669355 0.79012942 0.00000000
vt 0.81081295 0.79012942 0.00000000
vt 0.80669355 0.80083978 0.00000000
vt 0.80729365 0.88862413 0.00000000
vt 0.80330992 0.90376234 0.00000000
vt 0.80330992 0.88757575 0.00000000
vt 0.74831909 0.44544008 0.00000000
vt 0.73843271 0.44708782 0.00000000
vt 0.73760873 0.44544008 0.00000000
vt 0.74667138 0.44708782 0.00000000
vt 0.64009130 0.96496791 0.00000000
vt 0.72822553 0.94779891 0.00000000
vt 0.73234475 0.96353889 0.00000000
vt 0.72740149 0.96353889 0.00000000
vt 0.85981578 0.95199668 0.00000000
vt 0.85898143 0.95518482 0.00000000
vt 0.84354550 0.95199668 0.00000000
vt 0.73984718 0.90494728 0.00000000
vt 0.74314266 0.90247566 0.00000000
vt 0.74314266 0.90494728 0.00000000
vt 0.73984718 0.90247566 0.00000000
vt 0.79957938 0.91880959 0.00000000
vt 0.78390414 0.92045736 0.00000000
vt 0.79957932 0.91633803 0.00000000
vt 0.78544122 0.91121721 0.00000000
vt 0.78544122 0.89554203 0.00000000
vt 0.78791279 0.91121727 0.00000000
vt 0.83150363 0.90171051 0.00000000
vt 0.82831663 0.90254915 0.00000000
vt 0.82831663 0.88636273 0.00000000
vt 0.78956056 0.89554203 0.00000000
vt 0.65820205 0.16580704 0.00000000
vt 0.66463667 0.16580704 0.00000000
vt 0.66083920 0.16897163 0.00000000
vt 0.78390414 0.91633803 0.00000000
vt 0.84515345 0.84985924 0.00000000
vt 0.85158813 0.84985924 0.00000000
vt 0.84779066 0.85302383 0.00000000
vt 0.76000351 0.97708750 0.00000000
vt 0.76000351 0.96090090 0.00000000
vt 0.76478398 0.97582954 0.00000000
vt 0.82966620 0.95487279 0.00000000
vt 0.83048898 0.97061294 0.00000000
vt 0.82719803 0.97043997 0.00000000
vt 0.16752887 0.66581374 0.00000000
vt 0.17247213 0.66581386 0.00000000
vt 0.16752887 0.66910923 0.00000000
vt 0.73739827 0.83448470 0.00000000
vt 0.75315976 0.83448470 0.00000000
vt 0.73765671 0.83942121 0.00000000
vt 0.77857274 0.72353017 0.00000000
vt 0.78176093 0.72436452 0.00000000
vt 0.77857274 0.73980021 0.00000000
vt 0.82719803 0.95474315 0.00000000
vt 0.84703636 0.88587743 0.00000000
vt 0.84456474 0.88917291 0.00000000
vt 0.84456474 0.88587743 0.00000000
vt 0.81611294 0.94051963 0.00000000
vt 0.81281739 0.94051975 0.00000000
vt 0.81281739 0.93804812 0.00000000
vt 0.75552243 0.89676887 0.00000000
vt 0.73984718 0.89759284 0.00000000
vt 0.75552243 0.89347339 0.00000000
vt 0.79475778 0.60846740 0.00000000
vt 0.79804873 0.59259748 0.00000000
vt 0.79722601 0.60833764 0.00000000
vt 0.52012891 0.95253640 0.00000000
vt 0.51601589 0.94979441 0.00000000
vt 0.52195698 0.94979441 0.00000000
vt 0.73984718 0.89264959 0.00000000
vt 0.79475778 0.59277052 0.00000000
vt 0.77084124 0.98908490 0.00000000
vt 0.77084124 0.97338796 0.00000000
vt 0.77495492 0.98930103 0.00000000
vt 0.77413219 0.97356093 0.00000000
vt 0.34567440 0.26884252 0.00000000
vt 0.34237891 0.26884252 0.00000000
vt 0.34567440 0.26554701 0.00000000
vt 0.64902848 0.81100905 0.00000000
vt 0.64408523 0.81100905 0.00000000
vt 0.64902848 0.80688965 0.00000000
vt 0.64408523 0.80688965 0.00000000
vt 0.84437990 0.96325570 0.00000000
vt 0.84354550 0.96006763 0.00000000
vt 0.85981584 0.96006763 0.00000000
vt 0.73792672 0.93813390 0.00000000
vt 0.72290808 0.94291610 0.00000000
vt 0.72165656 0.93813390 0.00000000
vt 0.34237891 0.26554701 0.00000000
vt 0.77973562 0.91128218 0.00000000
vt 0.77644467 0.89575827 0.00000000
vt 0.78055841 0.89554209 0.00000000
vt 0.77644467 0.91145521 0.00000000
vt 0.79280859 0.80778956 0.00000000
vt 0.78962129 0.82315940 0.00000000
vt 0.78962129 0.80695206 0.00000000
vt 0.77656472 0.82488674 0.00000000
vt 0.77162153 0.82488674 0.00000000
vt 0.77244514 0.80921143 0.00000000
vt 0.81047153 0.83611232 0.00000000
vt 0.81374896 0.85152942 0.00000000
vt 0.81047153 0.85187387 0.00000000
vt 0.43395245 0.39881369 0.00000000
vt 0.43889573 0.39881369 0.00000000
vt 0.43395251 0.40210918 0.00000000
vt 0.41835964 0.72751373 0.00000000
vt 0.41653165 0.73025572 0.00000000
vt 0.41241854 0.72751373 0.00000000
vt 0.83014101 0.85808325 0.00000000
vt 0.83259910 0.85834169 0.00000000
vt 0.83014101 0.87384486 0.00000000
vt 0.85010660 0.89735121 0.00000000
vt 0.85010660 0.89405572 0.00000000
vt 0.85257816 0.89735121 0.00000000
vt 0.73722756 0.96347421 0.00000000
vt 0.74134713 0.94779897 0.00000000
vt 0.74217081 0.96347421 0.00000000
vt 0.84157574 0.97274935 0.00000000
vt 0.84486669 0.98861915 0.00000000
vt 0.84157574 0.98844612 0.00000000
vt 0.73805171 0.94779891 0.00000000
vt 0.84404397 0.97287899 0.00000000
vt 0.85455561 0.88739669 0.00000000
vt 0.85191917 0.88541937 0.00000000
vt 0.85603851 0.88541937 0.00000000
vt 0.72437203 0.86023909 0.00000000
vt 0.72849125 0.84449905 0.00000000
vt 0.72931528 0.86023909 0.00000000
vt 0.72519577 0.84449911 0.00000000
vt 0.84021956 0.75024956 0.00000000
vt 0.82868522 0.75024956 0.00000000
vt 0.82868522 0.74695414 0.00000000
vt 0.74131209 0.80165064 0.00000000
vt 0.75811583 0.81318492 0.00000000
vt 0.74131209 0.81318492 0.00000000
vt 0.75811583 0.80165064 0.00000000
vt 0.71014738 0.89518487 0.00000000
vt 0.71014738 0.89017344 0.00000000
vt 0.72694224 0.89464319 0.00000000
vt 0.72748417 0.89139253 0.00000000
vt 0.81613749 0.96360964 0.00000000
vt 0.82114887 0.96360964 0.00000000
vt 0.81613749 0.97514397 0.00000000
vt 0.82114887 0.97514397 0.00000000
vt 0.16807055 0.64413583 0.00000000
vt 0.17132117 0.64359403 0.00000000
vt 0.16752887 0.66093093 0.00000000
vt 0.84021956 0.74695414 0.00000000
vt 0.17254026 0.66093093 0.00000000
vt 0.62425232 0.89229935 0.00000000
vt 0.62337548 0.89306664 0.00000000
vt 0.62533057 0.87495291 0.00000000
vt 0.63576120 0.89306664 0.00000000
vt 0.62455618 0.87408233 0.00000000
vt 0.74384004 0.98995453 0.00000000
vt 0.73148185 0.98913062 0.00000000
vt 0.74301618 0.98913062 0.00000000
vt 0.63833225 0.80771667 0.00000000
vt 0.63915300 0.80688965 0.00000000
vt 0.63920242 0.82007128 0.00000000
vt 0.73065799 0.98995453 0.00000000
vt 0.62013286 0.80688965 0.00000000
vt 0.62095302 0.80771720 0.00000000
vt 0.41373113 0.16494331 0.00000000
vt 0.41373113 0.14488073 0.00000000
vt 0.41839999 0.14650473 0.00000000
vt 0.79751861 0.84050751 0.00000000
vt 0.79289013 0.85285008 0.00000000
vt 0.79289013 0.83877176 0.00000000
vt 0.77866328 0.95235312 0.00000000
vt 0.78329176 0.95408881 0.00000000
vt 0.77866328 0.96643150 0.00000000
vt 0.67729968 0.94136453 0.00000000
vt 0.66909188 0.94207823 0.00000000
vt 0.66909188 0.92305773 0.00000000
vt 0.10010749 0.47216052 0.00000000
vt 0.09312109 0.48333874 0.00000000
vt 0.09312109 0.46779391 0.00000000
vt 0.68068266 0.97990668 0.00000000
vt 0.67244399 0.97990668 0.00000000
vt 0.67409164 0.96095753 0.00000000
vt 0.50646424 0.93180764 0.00000000
vt 0.51113307 0.93343168 0.00000000
vt 0.50646424 0.95187020 0.00000000
vt 0.70089799 0.89731866 0.00000000
vt 0.68971986 0.89033222 0.00000000
vt 0.70526457 0.89033222 0.00000000
vt 0.20482102 0.91971904 0.00000000
vt 0.20394200 0.90736449 0.00000000
vt 0.20476215 0.90653700 0.00000000
vt 0.86877072 0.98929161 0.00000000
vt 0.85057032 0.99011856 0.00000000
vt 0.84974951 0.98929161 0.00000000
vt 0.20399342 0.91889882 0.00000000
vt 0.67329264 0.52897793 0.00000000
vt 0.67411655 0.54133546 0.00000000
vt 0.67329264 0.54215926 0.00000000
vt 0.86795044 0.99011916 0.00000000
vt 0.18656202 0.90736389 0.00000000
vt 0.18574120 0.90653700 0.00000000
vt 0.67411655 0.52980173 0.00000000
vt 0.70861936 0.91644728 0.00000000
vt 0.71361846 0.93347538 0.00000000
vt 0.70861936 0.93382680 0.00000000
vt 0.19532631 0.23425293 0.00000000
vt 0.17802484 0.23590067 0.00000000
vt 0.17802484 0.23260520 0.00000000
vt 0.82822353 0.73890263 0.00000000
vt 0.84021932 0.73890263 0.00000000
vt 0.83931392 0.74207133 0.00000000
vt 0.71190000 0.91675973 0.00000000
vt 0.82752287 0.79126185 0.00000000
vt 0.82422739 0.79126185 0.00000000
vt 0.82422751 0.77972758 0.00000000
vt 0.82181960 0.93392867 0.00000000
vt 0.83335376 0.93392867 0.00000000
vt 0.82181960 0.93894011 0.00000000
vt 0.83669293 0.98002678 0.00000000
vt 0.83469594 0.98462313 0.00000000
vt 0.82411712 0.98002678 0.00000000
vt 0.71962547 0.80165064 0.00000000
vt 0.73642927 0.80165064 0.00000000
vt 0.71962553 0.81318486 0.00000000
vt 0.71850127 0.93325108 0.00000000
vt 0.71850127 0.91644728 0.00000000
vt 0.72351009 0.93308949 0.00000000
vt 0.73642927 0.81806779 0.00000000
vt 0.71962547 0.82960188 0.00000000
vt 0.71962547 0.81806767 0.00000000
vt 0.72279543 0.14350240 0.00000000
vt 0.73010486 0.13586219 0.00000000
vt 0.71730119 0.14761104 0.00000000
vt 0.44483650 0.62397242 0.00000000
vt 0.46622014 0.63614643 0.00000000
vt 0.45350316 0.63553256 0.00000000
vt 0.46181351 0.63054252 0.00000000
vt 0.70837420 0.68531579 0.00000000
vt 0.70957971 0.69482577 0.00000000
vt 0.34233540 0.54430056 0.00000000
vt 0.34467155 0.53725260 0.00000000
vt 0.17833300 0.58188319 0.00000000
vt 0.15540263 0.90663594 0.00000000
vt 0.15193605 0.91510653 0.00000000
vt 0.18065853 0.60387850 0.00000000
vt 0.17833300 0.60032392 0.00000000
vt 0.18159384 0.60017651 0.00000000
vt 0.16078262 0.89450300 0.00000000
vt 0.16273272 0.89664012 0.00000000
vt 0.15968609 0.89745420 0.00000000
vt 0.79680598 0.28940475 0.00000000
vt 0.79939449 0.28733745 0.00000000
vt 0.73458987 0.13375066 0.00000000
vt 0.34237891 0.24104901 0.00000000
vt 0.34629536 0.25215968 0.00000000
vt 0.34305426 0.26066419 0.00000000
vt 0.34237891 0.26028836 0.00000000
vt 0.34626299 0.68730122 0.00000000
vt 0.34807169 0.52653712 0.00000000
vt 0.34927431 0.52103776 0.00000000
vt 0.33465600 0.57104087 0.00000000
vt 0.56804597 0.84859830 0.00000000
vt 0.55882609 0.04404086 0.00000000
vt 0.55882961 0.01487356 0.00000000
vt 0.31721613 0.37249136 0.00000000
vt 0.83054715 0.01263031 0.00000000
vt 0.48271838 0.19248441 0.00000000
vt 0.53253883 0.19136803 0.00000000
vt 0.82728195 0.05943945 0.00000000
vt 0.14494579 0.88962018 0.00000000
vt 0.17621833 0.87447137 0.00000000
vt 0.64356124 0.38592881 0.00000000
vt 0.67701209 0.39544928 0.00000000
vt 0.67704970 0.39571166 0.00000000
vt 0.67701083 0.43305621 0.00000000
vt 0.47726202 0.48057538 0.00000000
vt 0.18498890 0.60152477 0.00000000
vt 0.18198518 0.60024720 0.00000000
vt 0.07851004 0.10700684 0.00000000
vt 0.10151590 0.11054203 0.00000000
vt 0.47203505 0.51995367 0.00000000
vt 0.46927840 0.54232925 0.00000000
vt 0.45992997 0.53726715 0.00000000
vt 0.36514980 0.43413660 0.00000000
vt 0.36028969 0.43549183 0.00000000
vt 0.38402516 0.43213406 0.00000000
vt 0.42160344 0.42539427 0.00000000
vt 0.90455985 0.14288785 0.00000000
vt 0.90441865 0.14460723 0.00000000
vt 0.55307198 0.12047922 0.00000000
vt 0.25324512 0.98973447 0.00000000
vt 0.25288939 0.98981321 0.00000000
vt 0.24169438 0.99018306 0.00000000
vt 0.24164969 0.98973447 0.00000000
vt 0.97795135 0.08547690 0.00000000
vt 0.97794408 0.08674940 0.00000000
vt 0.46159697 0.85951996 0.00000000
vt 0.90371549 0.24102420 0.00000000
vt 0.41868660 0.00488281 0.00000000
vt 0.41868651 0.13999791 0.00000000
vt 0.31361589 0.13999791 0.00000000
vt 0.31361589 0.00488281 0.00000000
vt 0.74628139 0.11594850 0.00000000
vt 0.13170440 0.11493503 0.00000000
vt 0.90763152 0.10380605 0.00000000
vt 0.90804577 0.09824114 0.00000000
vt 0.91716558 0.09376491 0.00000000
vt 0.90596724 0.12551309 0.00000000
vt 0.10169581 0.89440650 0.00000000
vt 0.10083427 0.88928992 0.00000000
vt 0.73356915 0.13287032 0.00000000
vt 0.60627496 0.85188276 0.00000000
vt 0.62469482 0.85188276 0.00000000
vt 0.62479413 0.85261613 0.00000000
vt 0.61677039 0.85601366 0.00000000
vt 0.71045029 0.70051271 0.00000000
vt 0.14122713 0.95609009 0.00000000
vt 0.13685842 0.95965004 0.00000000
vt 0.34807447 0.52629054 0.00000000
vt 0.65626603 0.73613399 0.00000000
vt 0.66389108 0.74222583 0.00000000
vt 0.77776742 0.05607532 0.00000000
vt 0.18085839 0.93135041 0.00000000
vt 0.14610994 0.93135041 0.00000000
vt 0.67708737 0.39544913 0.00000000
vt 0.79266852 0.29219556 0.00000000
vt 0.65905756 0.12197780 0.00000000
vt 0.66395885 0.11291517 0.00000000
vt 0.41818118 0.43500897 0.00000000
vt 0.42143056 0.88445807 0.00000000
vt 0.42143056 0.87286276 0.00000000
vt 0.42187920 0.87290740 0.00000000
vt 0.42150930 0.88410240 0.00000000
vt 0.20854525 0.00488281 0.00000000
vt 0.20854525 0.13999791 0.00000000
vt 0.74459141 0.10935387 0.00000000
vt 0.03868311 0.10360931 0.00000000
vt 0.78919524 0.29541788 0.00000000
vt 0.78736025 0.29387519 0.00000000
vt 0.38383529 0.43525586 0.00000000
vt 0.89969498 0.09247026 0.00000000

# 3296 vertex normals
vn -0.74905598 -0.01575844 -0.66231936
vn -0.40918282 -0.20460136 -0.88921744
vn -0.67493266 -0.29821524 -0.67493224
vn -0.94749975 -0.11054692 -0.30003953
vn -0.95721829 0.21963064 -0.18840310
vn -0.98239899 0.17288782 0.07072487
vn -0.41725644 -0.07872722 -0.90537238
vn -0.59028798 0.55885726 -0.58244205
vn -0.16527732 0.07090977 -0.98369467
vn -0.21998163 -0.04715624 -0.97436368
vn 0.00788697 0.18853231 -0.98203540
vn -0.35554168 0.27653071 -0.89281625
vn 0.06292956 0.27519110 -0.95932776
vn -0.16586924 0.46609756 -0.86904573
vn 0.08678136 0.41039899 -0.90776753
vn 0.03929869 0.30653584 -0.95104760
vn -0.24406070 0.81879944 -0.51961702
vn -0.30615601 0.94991761 -0.06265081
vn 0.13419645 0.31572816 -0.93931210
vn 0.09423314 0.32200053 -0.94203812
vn 0.14919227 0.38479519 -0.91086465
vn 0.20445094 0.39317712 -0.89644396
vn 0.25983787 0.15746440 -0.95272732
vn -0.16543019 0.84289604 -0.51201487
vn 0.03153718 0.53609669 -0.84356731
vn 0.03940411 0.59197229 -0.80499458
vn -0.20491940 0.78017265 -0.59104884
vn 0.07080051 0.53501779 -0.84186900
vn -0.01573244 0.64549166 -0.76360536
vn -0.31399238 0.94210029 -0.11771145
vn -0.23656672 0.72528213 -0.64653087
vn -0.59747440 0.70753580 -0.37738240
vn 0.00781142 0.68315828 -0.73022860
vn -0.22013453 0.73164129 -0.64516813
vn -0.55223095 0.79700017 -0.24460533
vn -0.41667768 0.90414405 0.09435724
vn 0.08639447 0.65996760 -0.74631017
vn -0.78069627 0.61507946 -0.11041120
vn -0.66075033 0.74725890 -0.07080411
vn -0.76356530 0.63756996 -0.10233533
vn -0.57377863 0.73096478 -0.36941668
vn -0.79192126 0.59589952 -0.13328333
vn -0.71435040 0.69868952 -0.03919852
vn -0.44164720 0.86754704 -0.22871348
vn 0.11785239 0.76221633 -0.63650382
vn -0.10208624 0.83958882 -0.53354388
vn 0.18946099 0.75819522 -0.62389463
vn 0.09430984 0.91135335 -0.40067557
vn 0.18821476 0.76146322 -0.62028146
vn 0.22828628 0.84240198 -0.48810282
vn 0.12597816 0.66926950 -0.73226213
vn 0.17276166 0.95025933 -0.25915363
vn 0.08691508 0.48910001 -0.86788648
vn 0.23616642 0.62976706 -0.74001282
vn 0.18060912 0.43990573 -0.87969506
vn 0.14225836 0.28441942 -0.94808656
vn 0.30605742 0.14114031 -0.94149268
vn 0.44967178 0.29189372 -0.84415251
vn 0.43934020 -0.07859009 -0.89487648
vn 0.53631669 -0.00790169 -0.84397995
vn 0.54176885 -0.11791691 -0.83221531
vn -0.04715169 0.98992181 0.13353518
vn 0.08660435 0.95269543 -0.29132655
vn -0.21266016 0.97709459 0.00786414
vn -0.28316456 0.82583940 0.48765472
vn -0.04729942 0.98633480 0.15781818
vn -0.44761255 0.84825182 0.28304064
vn -0.66969490 0.74058461 0.05516501
vn -0.64525676 0.74758023 0.15737699
vn -0.51174736 0.77155668 0.37790895
vn -0.37058246 0.85164946 0.37062353
vn -0.74333173 0.66422826 -0.07911278
vn -0.51912159 0.84947288 0.09438575
vn -0.79700631 0.57605737 -0.18149114
vn -0.70858079 0.69282347 -0.13382451
vn -0.72243351 0.66742432 -0.18065064
vn -0.81697524 0.52631342 -0.23568174
vn -0.72276658 0.68350178 -0.10214617
vn -0.52023387 0.84344620 0.13399713
vn -0.71649593 0.65349764 0.24407892
vn -0.33119416 0.88346416 0.33136347
vn -0.85620975 0.51062739 0.07851513
vn -0.90680891 0.41791129 -0.05520722
vn -0.88961047 0.37003657 0.26770532
vn -0.60422033 0.67480332 0.42374319
vn -0.77913481 0.39357933 0.48789781
vn -0.42414433 0.70709115 0.56579471
vn -0.21206701 0.85611939 0.47126144
vn -0.72945136 0.68241286 0.04704667
vn -0.77437896 0.56113333 0.29234704
vn -0.34704423 0.91514581 0.20510589
vn -0.30791607 0.93951184 0.15001711
vn -0.25140080 0.96631956 -0.05499331
vn -0.59246933 0.78995633 -0.15795308
vn -0.24334311 0.95831198 -0.14974093
vn -0.17308281 0.98336613 -0.05507767
vn -0.25299934 0.91703749 -0.30827516
vn -0.43397385 0.89967746 -0.04740543
vn -0.27487084 0.95759326 -0.08637802
vn -0.50190854 0.86264372 0.06271858
vn -0.50436443 0.80388892 -0.31524464
vn -0.58348686 0.65434825 -0.48101103
vn -0.36236978 0.92933732 0.07085472
vn -0.60627908 0.79521304 0.00786441
vn -0.34655401 0.92185175 0.17346373
vn -0.77231860 0.50438964 -0.38615420
vn -0.88141215 0.46434858 -0.08656307
vn -0.87703860 0.38712987 -0.28448895
vn -0.95096523 0.27502549 -0.14151369
vn -0.63806987 0.74835843 0.18118104
vn -0.91959471 0.36944124 0.13363673
vn -0.66966134 0.74061567 -0.05515604
vn 0.62215269 -0.07090116 -0.77967882
vn 0.66988933 0.04727009 -0.74095476
vn 0.64508992 0.03933855 -0.76309341
vn 0.66041714 0.22799356 -0.71544963
vn 0.67807454 0.11824370 -0.72541952
vn 0.59857607 0.09451499 -0.79547071
vn 0.63866204 0.31540367 -0.70187706
vn 0.44846994 0.53502262 -0.71597880
vn 0.59971094 0.17358302 -0.78116316
vn 0.46460772 0.55127019 -0.69299418
vn 0.28379121 0.68587059 -0.67010754
vn 0.44009274 0.51062655 -0.73863322
vn 0.11767975 0.80004430 -0.58828610
vn 0.19584727 0.68947536 -0.69732898
vn 0.24569026 0.72012061 -0.64889348
vn 0.58906269 0.34558842 -0.73046142
vn 0.57323927 0.52610910 -0.62817669
vn 0.49648723 0.30740765 -0.81178886
vn 0.53452820 0.14146870 -0.83322638
vn 0.57722586 0.06325418 -0.81413096
vn 0.41855708 -0.00000678 -0.90819049
vn 0.53631741 0.01578350 -0.84386891
vn 0.21348295 -0.09487914 -0.97232872
vn 0.17340575 0.17340370 -0.96946466
vn 0.14937484 -0.11009410 -0.98263246
vn -0.04722781 -0.12576103 -0.99093580
vn -0.13362086 -0.18070808 -0.97441787
vn -0.06301452 -0.16534132 -0.98422122
vn -0.15717195 -0.26715851 -0.95074892
vn -0.14176804 -0.20472053 -0.96849954
vn -0.26816130 -0.25225669 -0.92976141
vn -0.31425792 -0.16498263 -0.93489182
vn -0.23590274 -0.39327437 -0.88864243
vn -0.15750651 -0.39376894 -0.90561461
vn -0.32211339 -0.28281891 -0.90346920
vn -0.37132084 -0.34758103 -0.86099261
vn -0.07068701 -0.36911741 -0.92669082
vn -0.51331794 -0.38688147 -0.76604676
vn -0.42473558 -0.03933074 -0.90446275
vn -0.56664789 -0.34628284 -0.74766201
vn -0.63969773 -0.12635425 -0.75816977
vn -0.31536576 -0.14192049 -0.93829805
vn -0.68674874 0.03157261 -0.72620887
vn -0.37958521 -0.00006907 -0.92515689
vn -0.03932449 0.47186002 -0.88079607
vn -0.42659771 0.56888258 -0.70312661
vn 0.26820478 0.85199594 -0.44963241
vn 0.45791131 0.54468930 -0.70258862
vn 0.49576691 0.81820929 -0.29111648
vn 0.05538042 0.99592036 -0.07124340
vn 0.35498604 0.93083614 0.08677100
vn 0.49568558 0.81825942 -0.29111430
vn 0.50362861 0.57443827 -0.64527428
vn 0.36158842 0.88835728 -0.28297585
vn 0.30634516 0.94251472 0.13348675
vn 0.20494214 0.94574910 0.25210613
vn 0.08643626 0.94274831 -0.32210964
vn 0.01576248 0.85316736 -0.52139926
vn 0.18921167 0.92996949 0.31520748
vn 0.07059203 0.99639457 -0.04706096
vn -0.09472919 0.97881055 -0.18153898
vn -0.22915331 0.96407473 0.13434564
vn -0.25202355 0.81119996 0.52767318
vn -0.37798733 0.83430564 0.40132248
vn -0.11048993 0.97076333 0.21309751
vn 0.10220516 0.93555707 0.33806387
vn -0.29156354 0.73294014 0.61464590
vn -0.31581616 0.87653047 0.36325562
vn -0.18100204 0.93685585 0.29923144
vn -0.59174663 0.78892058 0.16565096
vn -0.49379900 0.72110826 0.48596865
vn -0.18850584 0.98194605 -0.01573330
vn 0.17366935 0.96317768 0.20525081
vn 0.19713120 0.95338005 0.22848630
vn 0.09412479 0.98857617 0.11771946
vn -0.50440443 0.71722549 0.48079488
vn -0.19585615 0.80088550 0.56588244
vn -0.12551005 0.81569117 0.56470805
vn -0.85289377 0.51341367 0.09475568
vn -0.51208276 0.70102894 0.49631619
vn -0.49657062 0.67002970 0.55179518
vn -0.11829887 0.82009894 0.55985999
vn -0.71795636 0.40241638 0.56797868
vn -0.31502616 0.62218779 0.71668738
vn -0.89487004 0.36892638 0.25119931
vn -0.31575209 0.48933241 0.81292951
vn -0.80643338 0.29252756 0.51389974
vn -0.82899410 0.41838807 0.37110692
vn -0.37145254 0.47419134 0.79822659
vn -0.01574199 0.52136725 0.85318720
vn 0.02368660 0.48146978 0.87614256
vn -0.11038619 0.51251012 0.85155636
vn 0.08634884 0.51022351 0.85569620
vn -0.03931753 0.45630774 0.88895303
vn 0.04729917 0.48107538 0.87540239
vn 0.11799771 0.52701443 0.84162486
vn -0.26787812 0.60665345 0.74847376
vn 0.07087322 0.67722440 0.73235524
vn -0.63696533 0.73137492 0.24365112
vn -0.06312684 0.88297898 0.46514851
vn -0.89104015 0.43368191 -0.13404275
vn -0.59778464 0.77080959 -0.22024098
vn -0.37913123 0.92412859 -0.04739231
vn -0.27609161 -0.33918896 -0.89929098
vn -0.00000984 -0.18093885 -0.98349440
vn -0.27626866 -0.23680660 -0.93144953
vn -0.32324189 -0.17343733 -0.93028724
vn -0.71859449 -0.18170713 -0.67127085
vn -0.62365872 -0.42634600 -0.65519381
vn -0.14145447 -0.12571885 -0.98192942
vn -0.42580688 -0.22875702 -0.87541920
vn -0.11034525 -0.18122886 -0.97723085
vn -0.23701641 -0.24490526 -0.94013023
vn -0.23694892 -0.00789430 -0.97149003
vn -0.50440556 -0.31520113 -0.80388016
vn -0.18167073 0.08690555 -0.97951168
vn -0.46401480 -0.25170130 -0.84931552
vn -0.55001408 0.06282908 -0.83278871
vn -0.79721189 -0.26047119 -0.54461730
vn -0.78405619 -0.29021510 -0.54866314
vn -0.75573140 -0.28337628 -0.59039640
vn -0.73185176 -0.16522916 -0.66112959
vn -0.66858423 0.13371339 -0.73151618
vn -0.73096865 0.28296372 -0.62098014
vn -0.73131591 -0.24378720 -0.63698107
vn -0.65443403 -0.14979233 -0.74113321
vn -0.48795697 0.39351305 -0.77913135
vn -0.47994784 0.49566072 -0.72385806
vn -0.43390056 0.05518063 -0.89926934
vn -0.12563099 0.48711532 -0.86425442
vn -0.14139462 0.65967035 -0.73813456
vn -0.46293360 -0.16477475 -0.87094313
vn -0.85696942 -0.18868563 -0.47958437
vn 0.06318348 0.50528824 -0.86063457
vn 0.00785004 0.67070204 -0.74168533
vn -0.03940997 0.11810650 -0.99221867
vn 0.12620233 0.16563562 -0.97807866
vn -0.10223065 -0.08650284 -0.99099255
vn -0.09431076 0.62961566 -0.77116120
vn -0.05511679 0.66141337 -0.74799365
vn -0.15734439 0.59749490 -0.78628415
vn 0.01576245 0.46601474 -0.88463664
vn -0.24466330 0.50328863 -0.82875836
vn -0.32966980 0.51577270 -0.79075682
vn -0.48984870 0.44593507 -0.74912632
vn -0.40758353 0.15682037 -0.89960164
vn 0.33911142 -0.82205886 -0.45740864
vn 0.74893564 -0.08807126 0.65676397
vn -0.43941364 0.21962211 -0.87102342
vn -0.43675804 0.24457183 -0.86569458
vn -0.53667635 0.25249895 -0.80512291
vn 0.03075067 0.93567795 0.35151279
vn -0.71414024 0.21186663 -0.66717029
vn -0.48055217 0.26785076 -0.83506030
vn -0.69326454 0.19695091 -0.69324934
vn -0.43296418 0.29914159 -0.85032725
vn -0.45778188 0.35588887 -0.81472623
vn -0.52650398 0.20430799 -0.82525867
vn -0.40212578 0.12613614 -0.90685427
vn -0.30656436 0.36157057 -0.88050270
vn -0.29236519 0.24500299 -0.92438960
vn -0.24434289 -0.02361532 -0.96940136
vn -0.44063085 -0.03142512 -0.89713818
vn -0.60536444 0.05501279 -0.79404503
vn -0.88247263 0.07093435 -0.46498433
vn -0.90590507 0.07090438 -0.41750291
vn -0.95384413 -0.07093801 -0.29180360
vn -0.97359908 -0.10206033 -0.20417812
vn -0.88573563 -0.11065379 -0.45080832
vn -0.83413148 -0.13377245 -0.53509784
vn -0.82666695 -0.17321636 -0.53536707
vn -0.57398498 -0.16512229 -0.80204487
vn -0.89828867 -0.23642632 -0.37037826
vn -0.69587845 -0.34005195 -0.63254875
vn -0.53478014 -0.21234550 -0.81787515
vn -0.43325782 -0.33880159 -0.83516538
vn -0.74628776 -0.33778596 -0.57354629
vn -0.70622396 -0.36876312 -0.60436875
vn -0.80576366 -0.42660788 -0.41079280
vn -0.83901024 -0.43898338 -0.32148954
vn -0.56664330 -0.39340818 -0.72397882
vn -0.94001126 -0.25280279 -0.22906269
vn -0.80215365 -0.38532746 -0.45614958
vn -0.40327400 -0.10261878 -0.90930724
vn -0.84024996 -0.09415849 -0.53396076
vn -0.65336061 -0.11805236 -0.74778575
vn -0.21239869 -0.05509128 -0.97562891
vn -0.05505364 0.01571038 -0.99835986
vn 0.02362025 0.00793052 -0.99968964
vn 0.12595598 -0.03146932 -0.99153656
vn -0.07883129 0.09451626 -0.99239725
vn 0.03148131 0.00790921 -0.99947304
vn -0.18077727 0.18075268 -0.96677196
vn 0.06281721 0.17293870 -0.98292738
vn -0.18090083 0.12594016 -0.97540462
vn -0.29022217 0.24313219 -0.92555821
vn -0.25951025 0.20457914 -0.94382304
vn -0.38584450 0.33855355 -0.85819906
vn -0.41708818 0.44070846 -0.79486710
vn -0.43313920 0.31171545 -0.84570915
vn -0.34746593 0.26332119 -0.89996076
vn -0.09473925 0.25259331 -0.96292323
vn -0.31958738 0.37670487 -0.86945814
vn -0.07850210 0.36890420 -0.92614639
vn -0.22236025 0.38076511 -0.89753771
vn 0.00000046 0.37508389 -0.92699093
vn 0.00000010 0.40502548 -0.91430551
vn -0.82167208 0.03172877 -0.56907678
vn -0.82145464 -0.33962867 -0.45811006
vn -0.74717516 -0.51122516 -0.42470944
vn -0.74743146 -0.21245673 -0.62945080
vn -0.84186655 -0.27536783 -0.46414813
vn -0.83519042 -0.43325785 -0.33873984
vn -0.86656553 -0.10242022 -0.48844084
vn -0.47331643 0.29972267 -0.82833451
vn -0.81303990 0.12628508 -0.56834704
vn -0.90394455 -0.25152734 -0.34585899
vn -0.89561999 -0.36144105 -0.25927860
vn -0.65384448 0.39391303 -0.64600313
vn -0.46617407 0.58478779 -0.66385615
vn -0.51366580 0.65588135 -0.55314296
vn -0.91360956 -0.06301969 -0.40167910
vn -0.71791345 0.43390822 -0.54435658
vn -0.55102086 0.70849848 -0.44091502
vn -0.75553107 0.51156211 -0.40923962
vn -0.77719760 0.52599311 -0.34539148
vn -0.95332557 -0.07876582 -0.29149008
vn -0.92053640 -0.35402840 -0.16515699
vn -0.95342284 -0.22845303 -0.19696240
vn -0.76316917 0.47992539 -0.43271753
vn -0.60731459 0.72564936 -0.32342231
vn -0.80262011 0.51150626 -0.30685893
vn -0.94385749 -0.33035317 -0.00000610
vn -0.99472076 -0.03943999 -0.09473737
vn -0.86351120 0.47101128 -0.18026870
vn -0.99919409 -0.03934154 0.00796529
vn -0.96569294 -0.25921327 0.01568024
vn -0.99642187 -0.03131480 -0.07850437
vn -0.64520687 0.64524144 -0.40911093
vn -0.80282307 0.40145272 -0.44080710
vn -0.95292139 0.12605406 -0.27577367
vn -0.92508912 -0.00809115 -0.37966409
vn -0.84017038 0.44756988 -0.30625960
vn -0.79546851 0.28353953 -0.53557009
vn -0.55097616 0.48800915 -0.67695826
vn -0.71673036 0.22050571 -0.66156995
vn -0.96958029 -0.06304641 -0.23651481
vn -0.51162994 0.36206102 -0.77919626
vn -0.84829342 -0.18846145 -0.49485409
vn -0.74757105 0.15735193 -0.64527357
vn -0.83236915 -0.19630858 -0.51829010
vn -0.90029037 -0.02375720 -0.43464115
vn -0.81713021 -0.26709947 -0.51083863
vn -0.92764860 -0.18847072 -0.32240817
vn -0.81568182 0.12551814 -0.56471992
vn -0.69030637 0.11774441 -0.71387219
vn -0.62709141 0.37632683 -0.68200779
vn -0.91825199 -0.30616456 -0.25115040
vn -0.93488473 0.03141623 -0.35355854
vn -0.76431167 0.40190473 -0.50428212
vn -0.84435713 0.37087566 -0.38666838
vn -0.81100839 0.51172501 -0.28355402
vn -0.92668915 -0.36912429 -0.07067128
vn -0.95262969 -0.28346226 -0.11020885
vn -0.96527100 -0.14119630 -0.21980825
vn -0.97136313 0.06322048 -0.22903471
vn -0.95907778 -0.28303283 -0.00788782
vn -0.93392068 -0.35322940 0.05496557
vn -0.98131013 0.18837021 -0.03933333
vn -0.90638429 -0.40984082 0.10246006
vn -0.97345841 0.19625026 0.11774825
vn -0.96964133 0.08668011 -0.22865294
vn -0.99029672 0.10215927 -0.09421255
vn -0.99873215 0.03143651 0.03931937
vn -0.93951464 0.30790901 -0.15001464
vn -0.90369236 0.29076841 -0.31431505
vn -0.85930753 0.21286148 -0.46505976
vn -0.93394750 0.05497706 -0.35315681
vn -0.82882041 0.15789492 -0.53677356
vn -0.94266444 -0.14934920 0.29846048
vn -0.91499370 0.03159213 -0.40222955
vn -0.97157902 -0.10268578 -0.21328391
vn -0.98103869 -0.16478191 -0.10202947
vn -0.83493102 0.08664336 -0.54349160
vn -0.94293076 -0.11004317 0.31428042
vn -0.92668164 -0.07074472 0.36912939
vn -0.91538411 -0.00798833 -0.40250218
vn -0.96098387 -0.09452754 -0.25995144
vn -0.93608105 0.15723978 -0.31468689
vn -0.86681432 0.13400020 -0.48028836
vn -0.91929537 0.17285764 -0.35357663
vn -0.88404679 0.46572617 -0.03950419
vn -0.94603169 -0.10250133 -0.30743700
vn -0.86733437 -0.03155197 0.49672505
vn -0.97625601 0.07090035 -0.20468876
vn -0.96955854 0.20492052 -0.13402919
vn -0.99543363 -0.03951835 -0.08689196
vn -0.94485146 -0.14960398 -0.29133207
vn -0.99975163 -0.01576058 0.01575858
vn -0.86638194 0.30721429 0.39370281
vn -0.79377609 0.25935227 0.55014175
vn -0.65463102 0.29973099 0.69398820
vn -0.11842502 0.46605539 0.87679422
vn -0.82046586 0.44173223 0.36291656
vn -0.23687723 0.43445170 0.86898851
vn 0.08692637 0.51373136 0.85353607
vn -0.31437165 0.44015691 0.84108996
vn -0.29060268 0.55764014 0.77755237
vn -0.02369814 0.52130193 0.85304332
vn 0.07871051 0.73944473 0.66860020
vn -0.33141088 0.79694951 0.50501329
vn -0.80192810 0.59742057 -0.00011962
vn 0.18126070 0.91418028 0.36251757
vn 0.19643748 0.88772744 0.41635609
vn -0.21227717 0.92784798 0.30665371
vn -0.74115986 0.67016953 -0.03943288
vn -0.18079634 0.97439861 0.13364187
vn -0.13415563 0.98642457 0.09470407
vn -0.67027479 0.71758062 -0.18923478
vn -0.96811241 0.17314936 -0.18104611
vn -0.96671546 0.18859030 -0.17290132
vn -0.98200268 -0.13354902 -0.13354938
vn -0.97802806 -0.18943480 -0.08703848
vn -0.93902367 0.18157157 -0.29200420
vn -0.87486559 0.18117829 -0.44920459
vn -0.48039877 0.77967060 -0.40166005
vn -0.31539837 0.44944963 -0.83577442
vn -0.46339709 0.36134171 -0.80913246
vn -0.62236071 0.37812504 -0.68533838
vn -0.74069262 0.42539051 -0.52001673
vn -0.61381322 0.31478164 -0.72397923
vn -0.53585631 0.32300693 -0.78007984
vn -0.76414359 0.09454460 -0.63808000
vn -0.90422547 0.09435456 -0.41650170
vn -0.94240212 0.13392511 -0.30650029
vn -0.93829650 0.14193921 -0.31536183
vn -0.86904168 0.16586240 -0.46610770
vn -0.95049357 0.08637677 -0.29849792
vn -0.70910221 0.54362041 -0.44905555
vn -0.81604344 0.43156439 -0.38448066
vn -0.78839165 0.31534564 -0.52820039
vn -0.68248427 0.15689048 -0.71386319
vn -0.50249851 0.66721052 -0.54984128
vn -0.37911499 0.82920647 -0.41071731
vn -0.40005344 0.56485939 -0.72172785
vn -0.32950953 0.63548505 -0.69827086
vn -0.09439331 0.88885158 -0.44836673
vn -0.19696775 0.85890526 -0.47274268
vn -0.14920130 0.81665194 -0.55751109
vn 0.00002555 0.89442277 -0.44722247
vn -0.07876576 0.89006323 -0.44898042
vn 0.00783856 0.89279509 -0.45039487
vn -0.14148608 0.91192734 -0.38518861
vn -0.44099292 0.88214427 -0.16536853
vn -0.18923208 0.85158110 -0.48887733
vn -0.72617209 0.67096102 0.14995125
vn -0.56665093 0.78700954 -0.24397297
vn -0.62234563 0.73256469 -0.27574426
vn -0.82674122 0.55904889 0.06295637
vn -0.89441001 0.44717962 -0.00783307
vn -0.72439545 0.66926116 -0.16535030
vn -0.26834384 0.80513281 -0.52891660
vn -0.11822591 0.82007354 -0.55991244
vn -0.14167581 0.89764315 -0.41733074
vn -0.38533437 0.77852470 -0.49539557
vn -0.13372068 0.80210096 -0.58202487
vn -0.37824789 0.79585660 -0.47280115
vn -0.60503769 0.59727186 -0.52649391
vn -0.74063039 0.52006865 -0.42543548
vn -0.24408777 0.84245384 -0.48030481
vn -0.62133574 0.45616466 -0.63706815
vn -0.11791236 0.91192162 -0.39305943
vn -0.51833844 0.60474730 -0.60465366
vn -0.29969665 0.66265225 -0.68634832
vn -0.40902796 0.73932582 -0.53487712
vn -0.36284208 0.67833346 -0.63891268
vn -0.25954181 0.83359206 -0.48760876
vn -0.11825337 0.93040156 -0.34694248
vn -0.08641531 0.91891408 -0.38487574
vn -0.14117518 0.87083489 -0.47086754
vn -0.03158606 0.87593675 -0.48139086
vn -0.37738037 0.73896348 -0.55813718
vn -0.41047144 0.68673044 -0.59992886
vn -0.05526609 0.82712799 -0.55928963
vn -0.27441701 0.78407997 -0.55669916
vn -0.30735978 0.73297691 -0.60685647
vn -0.22023655 0.77081692 -0.59777683
vn -0.14186534 0.78808540 -0.59899545
vn -0.15747561 0.80306506 -0.57470691
vn -0.21168056 0.72916430 -0.65077704
vn -0.24615750 0.82912999 -0.50194615
vn -0.18902020 0.73259002 -0.65389854
vn -0.25207010 0.73636329 -0.62787730
vn -0.25904953 0.68296868 -0.68296939
vn -0.18075322 0.69145566 -0.69944078
vn -0.46415594 0.77520114 -0.42851192
vn -0.00000008 0.79006761 -0.61301982
vn -0.00000005 0.91849995 -0.39542109
vn -0.00000019 0.87067091 -0.49186623
vn -0.43819663 0.66802251 -0.60143977
vn -0.00000050 0.83668965 -0.54767734
vn -0.00000027 0.72319037 -0.69064879
vn -0.18934375 0.61531919 -0.76520026
vn 0.00000547 0.71885669 -0.69515830
vn -0.03139723 0.59718293 -0.80149031
vn 0.05527230 0.79770905 -0.60050422
vn -0.06316121 0.63968742 -0.76603580
vn -0.30757892 0.52050179 -0.79653823
vn -0.05519357 0.43384716 -0.89929444
vn 0.09446335 0.54311329 -0.83432889
vn -0.36161920 0.22799170 -0.90401959
vn -0.04718259 0.57388729 -0.81757396
vn 0.11787016 0.63649434 -0.76222157
vn -0.76366496 0.17320661 -0.62194490
vn -0.16571054 0.75760746 -0.63132477
vn -0.41735005 0.42521900 -0.80312389
vn -0.58132499 0.52627206 -0.62056351
vn -0.27611667 0.83643085 -0.47343752
vn -0.08647112 0.21192890 0.97345209
vn -0.07070471 0.17137401 0.98266572
vn -0.13416518 0.09469933 0.98642379
vn -0.13425677 0.08686837 0.98713171
vn -0.05226201 0.06553341 0.99648088
vn -0.11799184 0.06292411 0.99101895
vn -0.89264822 -0.08673623 0.44233024
vn -0.06115500 -0.10850366 0.99221319
vn -0.12550813 -0.07846893 0.98898458
vn -0.06661575 -0.31762356 0.94587404
vn -0.12575647 -0.28291702 0.95086455
vn -0.13446507 -0.47451749 0.86991525
vn -0.84301573 -0.04725556 0.53580922
vn -0.07576868 -0.51320887 0.85491276
vn -0.08309238 -0.68311113 0.72557205
vn 0.00000004 -0.68353808 0.72991490
vn 0.00000003 -0.74740988 0.66436327
vn -0.08763456 -0.82429242 0.55934078
vn -0.14989357 -0.66269994 0.73373061
vn 0.00000001 -0.82806700 0.56062919
vn -0.00000001 -0.89442712 0.44721398
vn -0.91819537 -0.21964730 0.32965511
vn -0.90909815 -0.22925092 0.34782854
vn -0.15686788 -0.81567508 0.55683637
vn -0.15769678 -0.93031222 0.33113578
vn -0.90586609 -0.30730852 0.29149318
vn -0.16595694 -0.97990763 0.11063156
vn -0.90168583 -0.39982831 0.16462091
vn -0.89501590 -0.19629291 -0.40051922
vn -0.16599041 -0.97990191 -0.11063204
vn -0.88317078 0.44950005 -0.13401160
vn -0.90515465 0.42500919 0.00789144
vn -0.91474253 0.40210816 -0.03943863
vn -0.07918566 -0.51406676 -0.85408717
vn -0.00000014 -0.51742172 -0.85573053
vn -0.00000014 -0.41380325 -0.91036648
vn -0.08833432 -0.94536895 0.31380671
vn -0.08629538 -0.99231678 0.08866059
vn -0.08937105 -0.99225771 -0.08624100
vn -0.12602948 -0.91384125 -0.38601938
vn -0.08847709 -0.94377398 -0.31853208
vn -0.15753758 -0.81922513 -0.55140918
vn -0.92046452 -0.25174570 -0.29894701
vn -0.08280209 -0.80779892 -0.58361346
vn -0.93723178 -0.34647700 0.03937390
vn -0.89161789 -0.17357807 -0.41819626
vn -0.08106773 -0.65913683 -0.74764079
vn -0.18147232 -0.65478164 -0.73370904
vn -0.16524096 -0.47229314 -0.86581445
vn -0.82205689 -0.01654239 -0.56916511
vn -0.83236372 -0.07063571 -0.54971015
vn -0.14189714 -0.29160246 -0.94595623
vn -0.07275438 -0.31694442 -0.94564962
vn -0.17342418 -0.11825962 -0.97772121
vn -0.06239744 -0.11143804 -0.99181062
vn -0.00000005 -0.98386985 0.17888615
vn -0.00000007 -0.99595934 0.08980618
vn -0.00000008 -1.00000000 0.00000004
vn -0.00000009 -0.99595934 -0.08980571
vn -0.00000010 -0.98386985 -0.17888586
vn -0.00000012 -0.94868326 -0.31622794
vn -0.00000012 -0.89442694 -0.44721428
vn -0.00000014 -0.81124187 -0.58471090
vn -0.90476811 0.41702840 0.08649839
vn -0.84497344 0.51334172 0.15000068
vn -0.91545618 0.39460266 0.07892400
vn -0.97872150 0.07890163 0.18941694
vn -0.99090225 0.01558143 0.13367906
vn -0.99543381 -0.03948366 0.08690665
vn -0.83499187 0.50412732 0.22055432
vn -0.89490479 0.34536046 0.28261563
vn -0.93070865 -0.04736625 0.36268160
vn -0.85798264 0.49593499 0.13384430
vn -0.87180626 0.47909114 0.10210538
vn -0.93163097 0.29994491 0.20517488
vn -0.79536510 0.55124587 0.25203636
vn -0.87679690 0.32386550 0.35544106
vn -0.88145214 0.43285936 0.18887790
vn -0.81118572 0.51985401 0.26782370
vn -0.71560019 0.36161521 0.59762108
vn -0.80293036 0.33063492 0.49596736
vn -0.86598134 0.41730103 0.27556536
vn -0.84420431 0.39448705 0.36290389
vn -0.78376955 0.45455429 0.42318529
vn -0.63202268 0.60047776 0.48987132
vn -0.75734502 0.57595634 0.30773827
vn -0.72385323 0.49567944 0.47993600
vn -0.60644442 0.76393306 0.22052529
vn -0.83572274 0.53626227 0.11828142
vn -0.90592003 0.30726784 0.29136813
vn -0.92695165 0.35350093 0.12568946
vn -0.95554149 0.29219711 0.03951284
vn -0.98753649 0.15008636 0.04738946
vn -0.95696598 -0.00003640 0.29020050
vn -0.86252248 0.32929522 0.38421288
vn -0.81195092 0.16551897 0.55976725
vn -0.91439992 0.04731470 0.40203738
vn -0.95508587 0.22103937 0.19736418
vn -0.73999530 0.36211085 0.56681812
vn -0.66674596 0.48641372 0.56466943
vn -0.72103286 0.47805026 0.50157720
vn -0.84239298 0.52747011 0.11022388
vn -0.88951743 0.45663106 -0.01571039
vn -0.82477254 0.56546468 -0.00004622
vn -0.61336404 0.77060223 0.17308044
vn -0.55872381 0.82633233 0.07072885
vn -0.44033483 0.89614463 0.05504528
vn -0.51956421 0.85003197 0.08659578
vn -0.71685851 0.59084123 0.37016284
vn -0.58841258 0.74523133 0.31368911
vn -0.63992435 0.74260771 0.19756179
vn -0.61503404 0.63080078 0.47309989
vn -0.63602686 0.65958154 0.40052736
vn -0.61312574 0.58170724 0.53450316
vn -0.63049173 0.67776990 0.37829658
vn -0.57703286 0.55329388 0.60074872
vn -0.56108290 0.60852081 0.56114930
vn -0.46552888 0.56812233 0.67861623
vn -0.53380388 0.55745864 0.63584071
vn -0.44847080 0.53501844 0.71598130
vn -0.42626750 0.58529109 0.68973219
vn -0.41743904 0.50408030 0.75607395
vn -0.44233662 0.46606225 0.76624036
vn -0.43983644 0.57340145 0.69119805
vn -0.44078949 0.51947373 0.73201889
vn -0.44767216 0.52639544 0.72283983
vn -0.63517809 0.50971019 0.58029681
vn -0.40919778 0.36985013 0.83412713
vn -0.67596573 0.73088312 -0.09423523
vn -0.58261013 0.47239226 0.66137052
vn -0.73307794 0.47302544 0.48871642
vn -0.81137425 0.46477914 0.35447481
vn -0.69958419 0.55020660 0.45591095
vn -0.59498876 0.43844572 0.67361242
vn -0.45741567 0.42575786 0.78070551
vn -0.40961337 0.54354835 0.73264736
vn -0.40942508 0.33065420 0.85031694
vn -0.47905192 0.48691121 0.73036069
vn -0.51018381 0.31396168 0.80071253
vn -0.55330318 -0.07927506 0.82919914
vn -0.16533156 0.33070251 0.92914009
vn -0.29150355 0.30716911 0.90590996
vn -0.38628170 -0.00788056 0.92234719
vn -0.15719524 0.46350914 0.87203735
vn -0.51012903 0.40027857 0.76127893
vn -0.84957570 0.02361809 0.52693760
vn -0.47987935 0.55856198 0.67655331
vn -0.92758119 0.14141871 -0.34582365
vn -0.85142708 0.35474610 -0.38629934
vn -0.33881369 0.43333098 0.83512253
vn -0.35304996 0.27460128 0.89439923
vn -0.84251976 0.51968575 -0.14172989
vn -0.59731925 -0.02358972 -0.80165660
vn -0.65309048 -0.05509413 -0.75527316
vn -0.44288272 0.18200842 -0.87791115
vn -0.78604627 0.12575966 -0.60524029
vn -0.75565886 0.65325755 0.04726985
vn -0.66728622 0.40037093 0.62803847
vn -0.84429175 0.52080798 -0.12621579
vn -0.67657727 0.44052351 -0.59006977
vn -0.48786360 0.40919325 -0.77107078
vn -0.36164829 0.38514778 -0.84904170
vn -0.44798347 0.47954822 -0.75454909
vn -0.58879375 0.32982156 -0.73792928
vn -0.60045969 0.69526786 -0.39503264
vn -0.90743232 0.34716150 -0.23673949
vn -0.72228128 0.53385746 -0.43966588
vn -0.59516191 0.66671306 0.44863787
vn -0.51667541 0.57064486 0.63828760
vn -0.57436967 0.47204885 0.66878206
vn 0.00000008 0.80872691 0.58818448
vn 0.00000010 0.81189066 0.58380967
vn -0.33567220 0.71672028 0.61125803
vn -0.22985335 0.91597807 0.32886443
vn 0.00000005 0.92724651 0.37445167
vn 0.00000004 0.96360177 0.26734218
vn -0.43446580 0.60034323 0.67143697
vn -0.52039927 0.63076711 0.57560194
vn -0.31410411 0.78517151 0.53370804
vn -0.21240634 0.90456986 0.36964428
vn -0.19509988 0.95106900 0.23959112
vn -0.25150004 0.90396345 0.34582934
vn -0.48717809 0.75434047 0.44003204
vn -0.61362118 0.68463212 0.39338028
vn -0.40974078 0.85888046 0.30730617
vn -0.67734164 0.71681887 0.16546643
vn -0.59905171 0.74874842 0.28374809
vn -0.42582071 0.89096123 0.15768656
vn -0.64522743 0.76334119 0.03149530
vn -0.69439483 0.71803737 -0.04730896
vn -0.61470872 0.78812540 -0.03148924
vn -0.67826307 0.71768796 -0.15774418
vn -0.69131470 0.70698696 -0.14917614
vn -0.56701732 0.81914192 -0.08659082
vn -0.49608892 0.86651772 -0.05516300
vn -0.24447806 0.93833935 0.24443762
vn -0.25270572 0.96362960 0.08693610
vn -0.41634011 0.86412281 -0.28275946
vn -0.08686204 0.99468559 0.05527893
vn -0.25215951 0.95343477 -0.16546226
vn -0.05536221 0.98026204 -0.18979305
vn -0.14978129 0.96192467 0.22861910
vn -0.11555519 0.98456854 0.13142271
vn -0.11016656 0.99088663 -0.07750573
vn -0.07025959 0.95915163 -0.27402911
vn 0.00000012 0.99995369 0.00962410
vn 0.00000012 0.99548483 -0.09492168
vn -0.00000004 0.98027438 -0.19764170
vn -0.10191937 0.82401562 -0.55732471
vn -0.26728055 0.84875971 -0.45625460
vn -0.04737252 0.77379376 -0.63166368
vn -0.03158854 0.82798725 -0.55985653
vn -0.26829749 0.78917289 -0.55246955
vn -0.09890468 0.84668171 -0.52282691
vn -0.02364455 0.84372413 -0.53625596
vn -0.68179917 0.50937486 -0.52505922
vn -0.68297917 0.65945470 -0.31410038
vn -0.31453571 0.88080961 -0.35389501
vn 0.04725548 0.87203950 -0.48714897
vn -0.00789342 0.87635547 -0.48160049
vn -0.07097741 0.85113961 -0.52011889
vn -0.04714646 0.88867700 -0.45610365
vn 0.02360754 0.90492046 -0.42492551
vn -0.06287689 0.91768914 -0.39229214
vn -0.07905836 0.87694061 -0.47405159
vn -0.25609168 0.83900917 -0.48008415
vn -0.11420531 0.87286973 -0.47440031
vn -0.07873216 0.88200825 -0.46461028
vn -0.07093119 0.90591496 -0.41747671
vn -0.00000014 0.87091029 -0.49144211
vn -0.00000007 0.86030793 -0.50977474
vn -0.12569441 0.86425740 -0.48709372
vn -0.17363057 0.86787605 -0.46544990
vn -0.27235895 0.80522925 -0.52671278
vn -0.16629137 0.84589529 -0.50676268
vn -0.17808281 0.85335386 -0.48997313
vn -0.10993683 0.88743269 -0.44763517
vn -0.06284092 0.92715520 -0.36937004
vn -0.18872041 0.89641267 -0.40103489
vn -0.17288113 0.85612655 -0.48699027
vn -0.32949546 0.83157176 -0.44712549
vn -0.55902123 0.76373309 -0.32281113
vn -0.64290595 0.70561397 -0.29796129
vn -0.52637184 0.76205373 -0.37710324
vn -0.38572514 0.83444047 -0.39360565
vn -0.62862688 0.73859113 -0.24353944
vn -0.53581828 0.78007931 -0.32307154
vn -0.23628604 0.91364467 -0.33079052
vn -0.50598049 0.81425506 -0.28455669
vn -0.42426828 0.87216890 -0.24355248
vn -0.66851175 0.70786619 -0.22807357
vn -0.41002038 0.84352160 -0.34692174
vn -0.68301135 0.65946108 -0.31401700
vn -0.35360852 0.79365385 -0.49505031
vn -0.35453600 0.89816785 -0.25999770
vn -0.47338870 0.86799097 -0.14998251
vn -0.19712313 0.96195173 -0.18918642
vn -0.33034387 0.94382793 -0.00786623
vn -0.14164026 0.90491819 -0.40132436
vn -0.40906155 0.90484589 -0.11799476
vn -0.50279433 0.86383379 0.03145014
vn -0.32203305 0.87179214 -0.36915204
vn -0.06564882 0.06749867 -0.99555731
vn -0.19749194 0.03946103 -0.97950995
vn -0.18077201 0.13363096 -0.97440463
vn -0.06497294 0.18048337 -0.98142970
vn -0.07097942 0.19715500 -0.97779948
vn -0.14145966 0.11794718 -0.98289251
vn -0.85029674 0.48810253 -0.19685405
vn -0.73260754 0.18905431 -0.65386903
vn -0.78053713 -0.05496982 -0.62268800
vn -0.82273698 -0.54592901 -0.15832052
vn -0.85609078 -0.35352325 -0.37700105
vn -0.78737152 -0.29136413 0.54328007
vn -0.77757561 -0.27488202 0.56552285
vn -0.99286461 -0.01572836 -0.11820614
vn -0.98762649 0.10272142 -0.11850023
vn -0.98409939 0.03933073 0.17320944
vn -0.63937068 0.07104070 -0.76560986
vn -0.51103628 0.13367483 -0.84910131
vn -0.01572637 0.13369422 -0.99089783
vn -0.07068653 0.17289817 -0.98239994
vn -0.85927713 0.21284683 -0.46512279
vn -0.95475233 0.27613357 -0.11044562
vn -0.18873291 0.29877287 -0.93547565
vn -0.01584607 0.23691687 -0.97140074
vn -0.35549530 0.36332890 -0.86117095
vn -0.97152072 0.14217228 0.18956433
vn -0.07079245 0.29886499 -0.95166600
vn -0.06319497 0.28460208 -0.95656061
vn -0.11044340 0.34725693 -0.93124372
vn -0.11003254 0.37721333 -0.91956681
vn -0.22050114 0.43304345 -0.87398660
vn -0.24499288 0.47420248 -0.84564215
vn -0.15713690 0.43216494 -0.88799858
vn -0.19622557 0.47887394 -0.85567254
vn -0.56477737 0.48631585 -0.66672587
vn -0.28340638 0.55891258 -0.77929300
vn -0.25134590 0.56554186 -0.78548563
vn -0.28309131 0.58167374 -0.76257128
vn -0.44148991 0.72532052 -0.52820158
vn -0.38610685 0.75643229 -0.52795053
vn -0.29869741 0.78562367 -0.54182595
vn -0.22031951 0.64506721 -0.73167449
vn -0.66811299 0.63658512 -0.38520700
vn -0.58287382 0.79554397 -0.16543306
vn -0.46503335 0.49659041 -0.73289967
vn -0.73191911 0.67683101 -0.07870327
vn -0.56704831 0.81911659 0.08662730
vn -0.89084059 0.35476306 -0.28380695
vn -0.92051494 0.38562444 0.06281821
vn -0.70012027 0.67656839 0.22822531
vn -0.63051498 0.65416902 0.41774854
vn -0.50429273 0.78008956 0.37033659
vn -0.44114330 0.66903341 0.59815294
vn -0.56665260 0.59819031 0.56663322
vn -0.42470661 0.51117992 0.74720782
vn -0.51130992 0.42462510 0.74716520
vn -0.29139090 0.37015471 0.88208669
vn -0.71647525 0.41731888 0.55902439
vn -0.77057749 0.40101212 0.49537817
vn -0.84236217 0.22831920 0.48815629
vn -0.75793368 0.23681305 0.60782892
vn -0.89328605 0.25293472 0.37156972
vn -0.85737270 0.40109783 0.32254082
vn -0.96290588 0.25264755 0.09477144
vn -0.93979031 0.18959823 -0.28433540
vn -0.81093091 0.05517075 -0.58253533
vn -0.67891455 0.21314536 -0.70259809
vn -0.58194476 0.13371629 -0.80215985
vn -0.36278105 0.39426056 -0.84436280
vn -0.86760432 0.12594229 -0.48104203
vn -0.64050943 0.37170619 -0.67199868
vn -0.97710472 -0.00000081 0.21275933
vn -0.39528149 -0.21346706 0.89341176
vn -0.65453047 -0.29963890 0.69412273
vn -0.68485588 -0.32271802 0.65331894
vn -0.75021911 -0.08684734 0.65546077
vn -0.87236977 -0.03936183 0.48725933
vn -0.70707607 -0.56573099 0.42425457
vn -0.92889726 0.01575796 0.37000224
vn -0.51138175 0.85758531 0.05510172
vn -0.46630394 0.58472222 0.66382265
vn -0.44942966 0.89107645 0.06321321
vn -0.60667306 0.61456013 0.50424564
vn -0.56612420 0.75446916 0.33208415
vn -0.40868524 0.91182780 0.03932753
vn -0.32969910 0.94198924 0.06288794
vn -0.19747159 0.97951263 -0.03949612
vn -0.18931486 0.97807628 0.08675756
vn -0.23697996 0.95583969 -0.17381291
vn -0.28449714 0.94805026 0.14234492
vn -0.22809540 0.93617159 0.26749831
vn -0.25939202 0.96548837 0.02340991
vn -0.30649832 0.90379995 0.29867113
vn -0.28282917 0.81689972 0.50267535
vn -0.33011359 0.79376316 0.51084739
vn -0.25990632 0.76387078 0.59072000
vn -0.34607884 0.88101214 0.32256359
vn -0.33869946 0.92171478 0.18900989
vn -0.30722940 0.76413310 0.56719548
vn -0.20516805 0.77338368 0.59981990
vn -0.37187564 0.78316593 0.49835691
vn -0.38666564 0.84435612 0.37088045
vn -0.28358364 0.79549295 0.53551030
vn -0.37938362 0.75870639 0.52955896
vn -0.31441599 0.76223272 0.56581259
vn -0.48260081 0.72008264 0.49857542
vn -0.40338665 0.76740742 0.49836260
vn -0.47282273 0.78008151 0.40977019
vn -0.41795281 0.73336160 0.53618681
vn -0.58257669 0.63773024 0.50388956
vn -0.53452665 0.58164895 0.61316055
vn -0.73380625 0.34716904 0.58395386
vn -0.81865418 0.27540612 0.50394142
vn -0.69340879 0.54368615 0.47285277
vn -0.96407729 0.10277390 0.24493372
vn -0.79554749 0.58287519 0.16541073
vn -0.97126377 -0.02362529 0.23683023
vn -0.77165526 0.54330444 0.33070898
vn -0.99725085 0.06278033 0.03936331
vn -0.90771472 0.40253937 0.11838961
vn -0.67739165 0.71678048 0.16542765
vn -0.55656981 0.73674172 0.38398132
vn -0.72253716 0.69115555 -0.01562238
vn -0.95035398 0.30626506 -0.05503758
vn -0.99487406 -0.07895089 0.06318527
vn -0.97004437 -0.14195742 -0.19713448
vn -0.68422228 0.69999653 0.20455989
vn -0.73189068 0.66107172 -0.16528836
vn -0.43944308 0.69836849 0.56495237
vn -0.55043340 0.72342086 0.41675580
vn -0.71482319 0.69912910 -0.01569960
vn -0.74091005 0.54381323 0.39410597
vn -0.64524835 0.50357592 0.57451355
vn -0.36231801 0.70096403 0.61430866
vn -0.20470196 0.62202674 0.75576442
vn -0.24398217 0.76335502 0.59813213
vn -0.43261179 0.52700090 0.73151702
vn -0.25183719 0.43277812 0.86561030
vn -0.51000810 0.53350973 0.67472899
vn -0.65477425 0.18148647 0.73371202
vn -0.39284441 0.26713017 0.87995166
vn -0.61340874 0.20446204 0.76284015
vn -0.58225453 0.20457061 0.78684855
vn -0.61528885 -0.24454954 0.74940985
vn -0.62352443 -0.15792747 0.76568675
vn -0.42376053 -0.07844941 0.90237069
vn -0.22808285 -0.11011308 0.96739525
vn -0.53561842 -0.25994703 0.80345529
vn -0.54207557 0.19639623 0.81705725
vn -0.66036880 -0.25157499 0.70754725
vn -0.72848034 0.07039929 0.68144000
vn -0.66721237 -0.36105582 0.65151083
vn -0.65258628 -0.38521686 0.65248698
vn -0.74681497 -0.07868008 0.66036123
vn -0.53516889 -0.47215170 0.70047641
vn -0.48782799 0.48788318 0.72387427
vn -0.58979249 -0.30668929 0.74705195
vn -0.69401795 0.48897889 0.52843046
vn -0.81090492 0.32277760 0.48810640
vn -0.71792388 0.43391338 0.54433858
vn -0.53569698 0.43324640 0.72479409
vn -0.33011830 0.51079673 0.79379380
vn -0.86511451 0.37740529 0.33036685
vn -0.78042144 0.34674808 0.52029628
vn -0.35447079 0.46478012 0.81137538
vn -0.60736835 0.32333165 0.72564483
vn -0.81756383 0.30663437 0.48740640
vn -0.63931775 0.22899127 0.73405433
vn -0.42703265 0.33999941 0.83788037
vn -0.48857257 0.25216237 0.83529097
vn -0.51200205 0.16538905 0.84291184
vn -0.92660755 0.32981473 0.18061225
vn -0.89558578 0.32990974 0.29847234
vn -0.93356246 0.32943234 0.14119327
vn -0.91045511 0.34534502 0.22761442
vn -0.93943185 0.29997775 0.16577476
vn -0.83484232 0.30714756 0.45683566
vn -0.92787135 0.33811364 0.15727018
vn -0.89775312 0.21254770 0.38582730
vn -0.88772863 0.27496150 0.36923453
vn -0.55217850 0.29189211 0.78095973
vn -0.77357119 0.40258032 0.48940465
vn -0.37748003 0.44840369 0.81021172
vn -0.69666058 0.13465121 0.70465112
vn -0.29981956 0.26834258 0.91547829
vn -0.21223298 0.44017723 0.87246841
vn -0.78729200 0.05512541 0.61411107
vn -0.43405464 0.04733142 0.89964235
vn -0.57540745 -0.14975925 0.80403894
vn -0.31575254 0.27628633 0.90772587
vn -0.44046056 0.36970150 0.81811696
vn -0.32326242 -0.01577614 0.94617784
vn -0.36225525 -0.22057486 0.90560365
vn -0.40037012 -0.40036657 0.82426363
vn -0.55090857 0.22823267 0.80275130
vn -0.67948604 0.27656338 0.67956710
vn -0.71485406 0.18064626 0.67553729
vn -0.48162225 -0.00790969 0.87634319
vn -0.46405855 -0.14947465 0.87310201
vn -0.68345219 0.10215064 0.72281283
vn -0.82725328 0.21270998 0.52000624
vn -0.66241670 0.00000477 0.74913567
vn -0.44049129 -0.29084453 0.84933913
vn -0.89797771 0.30722263 0.31504026
vn -0.82045233 0.26820031 0.50490266
vn -0.86751282 0.44952053 0.21296202
vn -0.93077272 0.35520166 0.08656780
vn -0.81807613 0.57425010 0.03143925
vn -0.78653026 0.61348778 -0.07073137
vn -0.67093146 0.72619629 -0.14996634
vn -0.79553598 0.54348779 0.26785019
vn -0.79427731 0.22026430 0.56622177
vn -0.71795523 0.21294788 0.66271687
vn -0.58498967 -0.14233510 0.79845339
vn -0.59956872 -0.13411705 0.78900570
vn -0.48764911 -0.42455250 0.76285881
vn -0.27673715 0.92032802 0.27642891
vn -0.13433789 0.98777980 0.07902251
vn -0.03949326 0.93100059 0.36287507
vn -0.22765964 0.84785134 0.47887287
vn -0.12595735 0.80297399 0.58255273
vn -0.08021368 0.91823721 0.38782239
vn -0.12573296 0.80939555 0.57364631
vn -0.00000021 0.96415931 0.26532435
vn -0.00000011 0.94994003 0.31243244
vn -0.13054006 0.81013060 0.57153106
vn -0.10222023 0.69943893 0.70734447
vn -0.10458538 0.72453159 0.68126053
vn -0.06173439 0.62994957 0.77417856
vn 0.00000005 0.72557080 0.68814754
vn -0.00000050 0.75579500 0.65480834
vn -0.12704676 0.48897329 0.86299735
vn -0.09355000 0.60134792 0.79349172
vn -0.26617998 0.44135538 0.85694444
vn -0.09444166 0.33828890 0.93629134
vn -0.03942805 0.53593677 0.84333694
vn -0.03950771 0.40227547 0.91466594
vn -0.13338667 0.18830845 0.97300977
vn -0.23277339 0.40825751 0.88269049
vn -0.08649924 0.20444642 0.97504848
vn -0.25218391 0.11030227 0.96137232
vn -0.31599122 0.30000335 0.90008193
vn -0.28319186 0.48760429 0.82585990
vn -0.19641410 0.41637537 0.88772357
vn -0.29147232 0.48052713 0.82712609
vn -0.24479461 0.48949915 0.83693856
vn -0.23642609 0.49648723 0.83522642
vn -0.25262067 0.42634845 0.86856776
vn -0.28445303 0.40708813 0.86796647
vn -0.28351745 0.39390314 0.87433302
vn -0.33054659 0.26758841 0.90506101
vn -0.35533941 0.14209697 0.92387360
vn -0.54349077 0.08664745 0.83493125
vn -0.24379237 0.14155725 0.95944101
vn -0.25968549 0.29119435 0.92074394
vn -0.22123469 0.29971987 0.92802113
vn -0.27575487 0.94546419 -0.17336908
vn -0.35368192 0.93533260 0.00788659
vn -0.31506401 0.89797175 -0.30721557
vn -0.35477561 0.89083868 -0.28379729
vn -0.37009349 0.79521716 -0.48027125
vn -0.40923557 0.83410978 -0.36984745
vn -0.37913424 0.59237266 -0.71088099
vn -0.39324987 0.90447515 0.16516483
vn -0.41791990 0.90680552 -0.05519662
vn -0.51404601 0.83823842 0.18197002
vn -0.53442669 0.84078676 -0.08640583
vn -0.52875024 0.73401701 -0.42619509
vn -0.41737145 0.48019287 -0.77150249
vn -0.83640748 0.54446316 -0.06310786
vn -0.75791770 0.51314068 -0.40279952
vn -0.94443262 0.09452856 -0.31481969
vn -0.60557288 0.25167972 -0.75494289
vn -0.82461756 0.01569330 -0.56547290
vn -0.79558653 0.26781085 -0.54343313
vn -0.49028131 0.17393281 -0.85403264
vn -0.37781528 0.22826591 -0.89730167
vn -0.55722284 0.49444431 -0.66710383
vn -0.69420296 0.63899529 -0.33131155
vn -0.94987208 0.19622384 -0.24339150
vn -0.42510420 0.87379432 -0.23615696
vn -0.40248090 0.91539478 0.00784387
vn -0.29072773 0.90370870 -0.31430551
vn -0.21211171 0.97408283 -0.07855872
vn -0.33828765 0.88112569 0.33042255
vn -0.12643760 0.94028890 0.31602281
vn -0.16537932 0.98468685 -0.05514985
vn -0.22076160 0.91450942 -0.33902335
vn -0.24347948 0.82467633 -0.51051611
vn -0.34726402 0.90739739 -0.23672293
vn -0.33019990 0.94338477 0.03151750
vn -0.25912240 0.86384773 0.43199852
vn -0.55879498 0.81844473 0.13377804
vn -0.52868718 0.84436274 -0.08684128
vn -0.07903009 0.93754572 0.33876598
vn -0.44170743 0.78088075 0.44172379
vn -0.57234436 0.80777144 0.14116399
vn -0.50406259 0.78759658 0.35441849
vn 0.01600527 0.75603658 0.65433377
vn -0.11826709 0.68617386 0.71775931
vn -0.23681161 0.67902184 0.69487381
vn -0.39340669 0.68453920 0.61370784
vn -0.59916222 0.67808110 0.42568859
vn -0.37078846 0.60763133 0.70235330
vn -0.21226564 0.55835748 0.80198520
vn -0.03147673 0.52693838 0.84932041
vn -0.25168058 0.46402344 0.84931684
vn -0.03948060 0.52103317 0.85262293
vn 0.00001067 0.47221708 0.88148242
vn -0.03150473 0.45638859 0.88922262
vn -0.08687327 0.45810413 0.88464320
vn -0.10223905 0.56617135 0.81792259
vn -0.20439588 0.85752904 0.47208723
vn 0.01578886 0.44086501 0.89743459
vn 0.00000942 0.77779680 0.62851578
vn 0.02361927 0.49680516 0.86754072
vn 0.09435692 0.62091649 0.77817702
vn 0.17280275 0.73832870 0.65192795
vn 0.07070405 0.77964151 0.62222201
vn -0.01573514 0.81837529 0.57446873
vn 0.00785892 0.47221783 0.88144690
vn -0.05520685 0.46530807 0.88342547
vn -0.07101981 0.44926706 0.89057028
vn -0.06285591 0.45573065 0.88789564
vn -0.03144019 0.48742804 0.87259698
vn -0.12660894 0.49047986 0.86220622
vn -0.16537021 0.45672914 0.87410021
vn -0.10238796 0.52788907 0.84311914
vn -0.07900217 0.52911562 0.84486413
vn -0.03153888 0.55986762 0.82798159
vn -0.08643579 0.49514967 0.86449736
vn -0.10211100 0.51864117 0.84887266
vn -0.11028279 0.47262090 0.87433815
vn -0.01568464 0.55102330 0.83434254
vn -0.08702955 0.53803819 0.83841556
vn -0.21329442 0.48976082 0.84536374
vn -0.22132346 0.59266669 0.77444315
vn -0.05503331 0.64459497 0.76254100
vn -0.25291562 0.75849271 0.60060185
vn -0.06273705 0.77626115 0.62728214
vn 0.00003590 0.60126293 0.79905134
vn -0.05504117 0.34622380 -0.93653595
vn 0.01572935 0.28296426 -0.95900154
vn 0.07089411 0.15760611 -0.98495400
vn 0.03150930 0.40232724 -0.91495359
vn -0.03143745 0.42475864 -0.90476060
vn -0.00001538 0.46608207 -0.88474149
vn -0.11033647 0.44133285 -0.89053434
vn -0.11789346 0.50279319 -0.85632944
vn -0.11032493 0.45704854 -0.88257295
vn -0.12631670 0.56834090 -0.81303930
vn -0.17304128 0.44049856 -0.88091868
vn -0.20466767 0.44085321 -0.87393349
vn -0.26794478 0.38617578 -0.88265169
vn -0.18062632 0.72241747 -0.66744822
vn -0.14977884 0.57541192 -0.80403209
vn -0.33129776 0.86764014 -0.37073228
vn -0.18968496 0.78260130 -0.59292066
vn -0.49544981 0.86506999 0.07863510
vn -0.33153340 0.93144590 -0.14998069
vn -0.58179611 0.77837551 0.23589210
vn -0.51241201 0.82774979 0.22861414
vn -0.48782313 0.77110559 0.40917569
vn -0.41633654 0.86411047 0.28280219
vn -0.28342399 0.93689412 0.20469610
vn -0.55897027 0.81089658 0.17320226
vn -0.12575725 0.90395570 0.40871671
vn -0.29917890 0.93686509 0.18104100
vn -0.18913105 0.90617621 0.37825167
vn -0.09475044 0.85293573 0.51334488
vn -0.03152493 0.84357268 0.53608894
vn -0.30644614 0.89572203 0.32213816
vn -0.25242841 0.84399557 0.47323498
vn -0.21310891 0.82135224 0.52911729
vn -0.36850190 0.82346451 0.43140772
vn -0.32941416 0.83155727 0.44721252
vn -0.40106532 0.85745656 0.32235837
vn -0.41701850 0.84971642 0.32261053
vn -0.45653135 0.86585438 0.20463522
vn -0.51903319 0.83368897 0.18859318
vn -0.37659752 0.91014683 0.17264755
vn -0.46263045 0.88623923 0.02352283
vn -0.53555667 0.84269685 0.05514605
vn -0.60535967 0.79404700 0.05503738
vn -0.57341987 0.81685030 -0.06281158
vn -0.59056741 0.80313945 -0.07872196
vn -0.54423928 0.82816088 -0.13398960
vn -0.58390760 0.78117794 -0.22093695
vn -0.42433548 0.90466040 -0.03910465
vn -0.50265878 0.82470328 -0.25922695
vn -0.52065361 0.76520550 -0.37865633
vn -0.61726075 0.63311982 -0.46706370
vn -0.62062639 0.71489781 -0.32209316
vn -0.51174736 0.85823339 -0.03937117
vn -0.77306569 0.62319148 -0.11833023
vn -0.71967608 0.51408070 -0.46667710
vn -0.65301687 0.43272108 -0.62154758
vn -0.75574273 0.29914591 -0.58255029
vn -0.84714586 0.27456096 -0.45492899
vn -0.66130233 0.26769453 -0.70072746
vn -0.76845372 0.63509244 0.07833586
vn -0.89744902 0.36211762 -0.25190473
vn -0.59116775 0.80407745 0.06308888
vn -0.66723889 0.65148216 -0.36105871
vn -0.71695733 0.39393178 -0.57514340
vn -0.40974131 0.78011245 -0.47279665
vn -0.39292356 0.91943687 -0.01571541
vn -0.22074383 0.81991309 -0.52821845
vn -0.22020204 0.56625277 -0.79427266
vn -0.42547297 0.51999414 -0.74066114
vn -0.71582288 0.26744795 -0.64503431
vn -0.44048542 0.36968389 -0.81811154
vn -0.45789683 0.29999855 -0.83685809
vn -0.22869392 0.42585745 -0.87541115
vn -0.00000010 0.21242952 -0.97717637
vn -0.00000013 0.21242931 -0.97717649
vn -0.14591368 0.07528944 0.98642832
vn -0.12672524 -0.02118001 0.99171180
vn -0.21244903 0.05508073 0.97561854
vn -0.40096599 0.08648691 0.91200131
vn -0.58347601 0.00000287 0.81213039
vn -0.17320849 -0.03930490 0.98410064
vn -0.10062030 -0.03857530 0.99417686
vn -0.30675536 -0.01575468 0.95165801
vn -0.52658689 -0.04712889 0.84881395
vn -0.63260370 -0.34003523 0.69583666
vn -0.47398853 -0.14219129 0.86897445
vn -0.54487890 -0.41857746 0.72656721
vn -0.64727563 -0.58426225 0.48956293
vn -0.36160693 -0.22797593 0.90402848
vn -0.18919551 -0.15748526 0.96922833
vn -0.56791568 -0.63101631 0.52847916
vn -0.63013870 -0.59068120 0.50400507
vn -0.55323142 -0.65578967 0.51368761
vn -0.35414228 -0.73180842 0.58227116
vn -0.37777603 -0.53517991 0.75555801
vn -0.18851086 -0.49481151 0.84830737
vn -0.10278921 -0.17208885 0.97970402
vn -0.15689479 -0.76889467 0.61982667
vn -0.09415082 -0.50314128 0.85906035
vn -0.35314378 -0.74556077 0.56518024
vn -0.49607944 -0.44092789 0.74798924
vn -0.07916354 -0.83617836 0.54271448
vn -0.00000003 0.97548604 -0.22006127
vn -0.15735705 0.23503937 0.95916390
vn 0.31336704 0.90762699 0.27931082
vn -0.08298104 0.15430304 0.98453283
vn 0.00000013 0.12100238 0.99265230
vn 0.00000010 -0.00539601 0.99998546
vn -0.07861441 0.32229590 0.94336909
vn -0.04711508 0.36959240 0.92799878
vn -0.06284034 0.50186563 0.86265987
vn -0.08690698 0.44237208 0.89261091
vn -0.13343441 0.48662329 0.86336160
vn -0.10214490 0.41639030 0.90342987
vn -0.13330261 0.22743425 0.96462649
vn -0.16493881 0.29086366 0.94244021
vn -0.13351543 0.30630967 0.94252223
vn -0.08671567 0.18951434 0.97804135
vn -0.10669409 -0.25016442 0.96230668
vn -0.08667064 -0.18931051 0.97808480
vn -0.19754894 -0.03161637 0.97978306
vn -0.26834363 -0.03153302 0.96280706
vn -0.30661628 0.03144918 0.95131356
vn -0.01086151 -0.71213990 0.70195365
vn 0.00000011 -0.51759022 0.85562867
vn 0.00000009 -0.69062155 0.72321635
vn -0.09405005 -0.64272738 0.76030010
vn -0.22113279 -0.51333004 0.82921201
vn -0.34586707 -0.48735932 0.80178362
vn -0.16511983 -0.80203348 0.57400149
vn -0.06961821 -0.83944666 0.53896433
vn -0.17302440 0.44048902 0.88092679
vn -0.14915709 0.38471860 0.91090274
vn -0.23605008 0.40923995 0.88136435
vn -0.13342808 0.30630130 0.94253725
vn -0.30673438 0.01573074 0.95166522
vn -0.22838607 0.23617820 0.94448918
vn -0.22799061 0.36160854 0.90402412
vn -0.26767719 0.37001529 0.88962787
vn -0.26814237 0.40220943 0.87540126
vn -0.53661460 -0.35508546 0.76547962
vn -0.29211897 0.04738890 0.95520723
vn -0.55846733 -0.30670547 0.77074385
vn -0.67609233 -0.56604695 0.47168848
vn -0.35540444 0.07106866 0.93200701
vn -0.62191230 -0.17321029 0.76369059
vn -0.29963103 0.12614170 0.94567937
vn -0.32262686 0.22029649 0.92053318
vn -0.80215317 -0.45612967 0.38535184
vn -0.66189587 -0.48067796 0.57518923
vn -0.61608386 -0.21324325 0.75826645
vn -0.78044528 -0.41784328 0.46509373
vn -0.65891045 -0.10194086 0.74528188
vn -0.59893972 0.14183539 0.78813320
vn -0.84041810 -0.00006572 0.54193872
vn -0.93462336 -0.18069834 0.30631229
vn -0.80278009 0.22822623 0.55086929
vn -0.65385264 0.18905793 0.73262119
vn -0.79653341 0.30751339 0.52054793
vn -0.95399529 0.17353587 0.24449596
vn -0.92413425 -0.18964508 0.33167845
vn -0.97204947 0.16599616 0.16602725
vn -0.67792690 0.05518840 0.73305482
vn -0.74828333 0.33081904 0.57500517
vn -0.30727780 0.40969798 0.85891104
vn -0.33055714 0.39340669 0.85788292
vn -0.34658536 0.21261711 0.91360420
vn -0.55404198 0.34033799 0.75974178
vn -0.48808649 0.22823977 0.84242398
vn -0.66937739 0.39375353 0.62999374
vn -0.37034383 0.16547249 0.91403735
vn -0.33046868 0.26762280 0.90507925
vn -0.29827833 0.25923982 0.91859937
vn -0.26827347 0.32350197 0.90740067
vn -0.18145095 0.37876773 0.90753001
vn -0.05525207 0.44968149 0.89147848
vn -0.26057225 0.38698703 0.88450170
vn -0.19714357 0.45727661 0.86719811
vn -0.13405129 0.44947034 0.88317984
vn -0.05498759 0.48690495 0.87172252
vn -0.10993545 0.51829350 0.84810734
vn -0.92226183 0.13400561 -0.36259577
vn -0.86186743 0.26085812 -0.43489966
vn -0.95147496 0.30682653 -0.02351734
vn -0.62853026 0.77774554 0.00785772
vn -0.98869628 0.01570730 -0.14910766
vn -0.95501328 0.12627479 0.26833633
vn -0.15734400 0.96775818 0.19668990
vn -0.52936041 0.76655406 0.36355528
vn -0.18942599 0.96343571 0.18949777
vn -0.85163188 0.37064171 0.37060490
vn -0.46421042 0.84182328 0.27539480
vn -0.81291568 0.48932672 0.31579649
vn -0.92122996 0.22833484 0.31495816
vn -0.83701545 0.39467394 0.37899578
vn -0.70174772 0.63078189 0.33115608
vn -0.39314595 0.89645040 0.20448276
vn -0.72387272 0.48781952 0.48789385
vn -0.78043669 0.24440575 0.57548630
vn -0.49045694 0.79893500 0.34807312
vn -0.67733312 0.44892946 0.58282262
vn -0.72405845 0.19675057 0.66108143
vn -0.42689717 0.77473074 0.46642390
vn -0.21985455 0.95041966 0.21992375
vn -0.53382182 0.55737615 0.63589799
vn -0.65305889 0.30683514 0.69236284
vn -0.45544899 0.58906025 0.66751355
vn -0.33068454 0.71656704 0.61414939
vn -0.30019030 0.73473275 0.60832042
vn -0.20480490 0.81925982 0.53560090
vn -0.24440950 0.87504017 0.41781414
vn -0.15037863 0.81398016 0.56109065
vn -0.13396378 0.92227626 0.36257440
vn -0.19748935 0.90063584 0.38710859
vn -0.11796518 0.86507392 0.48757702
vn -0.04723483 0.84304261 0.53576869
vn -0.07074843 0.85671884 0.51090842
vn 0.03147369 0.83405185 0.55078763
vn -0.19681627 0.96048540 0.19680274
vn -0.18122372 0.97723740 0.11029526
vn -0.32170114 0.93373924 0.15696956
vn -0.32285646 0.89788377 0.29927999
vn -0.64396352 0.65184438 0.40051204
vn -0.18963204 0.84602541 0.49827784
vn -0.47196093 0.72372103 0.50346875
vn -0.67610192 0.47167790 0.56604427
vn -0.31521788 0.74869615 0.58317387
vn -0.07874008 0.83549261 0.54383105
vn -0.11796048 0.82627833 0.55077171
vn -0.00781916 0.84395218 0.53636163
vn -0.03157936 0.82177663 0.56893414
vn 0.05521972 0.80441612 0.59149438
vn -0.20418745 0.76977664 0.60477394
vn 0.01580076 0.73753732 0.67512149
vn 0.08647421 0.65987986 0.74637854
vn 0.05526453 0.59150261 0.80440700
vn -0.16522865 0.86584693 0.47223797
vn -0.25217962 0.77224040 0.58313823
vn -0.89099544 -0.42574802 0.15768881
vn -0.92547756 -0.33723146 0.17252891
vn -0.91204947 -0.34598288 0.22014023
vn -0.90807694 -0.29217920 0.30004624
vn -0.93905538 0.18151911 0.29193470
vn -0.70831978 0.65321124 0.26757836
vn -0.77270788 0.63078773 0.07091846
vn -0.84337318 0.20469174 0.49681273
vn -0.62304062 0.78076041 0.04726079
vn -0.78879106 0.60732609 -0.09467685
vn -0.63178098 0.76605457 -0.11837762
vn -0.66846228 0.69988883 -0.25162277
vn -0.70254022 0.71054566 -0.03952418
vn -0.66167307 0.74830067 0.04727519
vn -0.85965937 0.50474364 0.07886515
vn -0.84997529 0.51154995 0.12593146
vn -0.83081150 0.54855400 0.09402570
vn -0.84597605 0.45081711 0.28476042
vn -0.94986123 0.19630612 0.24336740
vn -0.97199285 -0.07909378 -0.22130121
vn -0.92593479 0.27484983 0.25904122
vn -0.97601318 -0.04723601 -0.21252538
vn -0.81879634 -0.24406362 -0.51962072
vn -0.87880695 0.33752787 -0.33730319
vn -0.74709749 0.65268379 0.12589388
vn -0.35399210 0.92052287 -0.16530989
vn -0.47409737 0.77445596 -0.41886732
vn -0.68231159 0.11770826 -0.72152317
vn -0.51320261 0.66315323 -0.54484034
vn -0.24419060 0.66167980 -0.70890820
vn -0.33031845 -0.00000004 -0.94386965
vn -0.68327218 -0.00000003 -0.73016381
vn -0.42716253 0.75945705 -0.49067011
vn -0.14921333 0.76983798 -0.62055212
vn -0.69358063 0.66212237 -0.28379574
vn -0.92239344 0.00000112 -0.38625175
vn -0.74519408 0.66684771 0.00000010
vn -1.00000000 0.00000000 0.00000012
vn -0.65393263 0.75655282 -0.00000298
vn -0.59304851 0.75899231 -0.26874530
vn -0.74909389 0.66246384 0.00000042
vn -0.68457866 0.66114664 -0.30698094
vn -0.68460065 0.66112971 0.30696833
vn -0.48888075 0.66233945 -0.56771648
vn -0.48888049 0.66233921 0.56771702
vn -0.17278169 0.65197641 -0.73829073
vn 0.47994402 0.72384804 -0.49567914
vn 0.61509019 -0.00000003 -0.78845680
vn 0.54233176 0.56596667 -0.62093329
vn -0.69362277 0.66209567 0.28375494
vn -0.92239338 0.00000152 0.38625208
vn -0.59297460 0.75902086 0.26882786
vn -0.42720792 0.75949883 0.49056607
vn -0.51319802 0.66320139 0.54478598
vn -0.13360557 0.77841049 0.61337316
vn -0.68315607 0.00000003 0.73027247
vn -0.24419090 0.66168177 0.70890635
vn -0.33031762 0.00000004 0.94386995
vn -0.15738635 0.64527607 0.74756157
vn 0.59922403 0.51250648 0.61503470
vn 0.62347549 0.67034924 -0.40238070
vn 0.76430130 0.37033647 0.52791524
vn 0.54234135 0.56594801 0.62094188
vn 0.62012351 0.00000003 0.78450435
vn -0.58962333 -0.53464246 -0.60539401
vn -0.59808576 -0.57453579 0.55875057
vn -0.55875027 0.57453674 0.59808505
vn -0.56592959 0.62094486 -0.54235703
vn 0.55873305 0.57460099 0.59803933
vn 0.59812093 -0.57448483 0.55876523
vn 0.56593078 0.62095946 -0.54233915
vn 0.58961320 -0.53464854 -0.60539848
vn 0.59810066 0.57451355 -0.55875742
vn 0.55874568 -0.57455307 -0.59807366
vn -0.60538548 -0.53462791 -0.58964527
vn -0.54235739 0.62094462 -0.56592965
vn 0.59806806 0.57456082 0.55874372
vn -0.54233873 0.62095952 0.56593120
vn 0.55875582 -0.57451689 0.59809893
vn -0.60539508 -0.53464234 0.58962232
vn -0.59808528 0.57453650 -0.55875033
vn 0.60542119 -0.53468215 -0.58955932
vn -0.55874944 -0.57454097 -0.59808177
vn 0.54234761 0.62095219 -0.56593072
vn -0.59779847 0.58995646 0.54276001
vn 0.54998773 0.62851185 0.54998761
vn -0.55841547 -0.55841440 0.61347008
vn 0.60471737 -0.51830006 0.60471654
vn -0.59807640 -0.57454926 -0.55874664
vn -0.58965760 -0.53462046 0.60538006
vn -0.56592751 0.62093061 0.54237562
vn -0.55875850 0.57450950 -0.59810352
vn 0.56592822 0.62093586 0.54236889
vn 0.55874199 0.57456511 -0.59806550
vn 0.59810746 -0.57450408 -0.55875999
vn 0.58959854 -0.53465772 0.60540462
vn -0.57736045 -0.57736039 -0.57733005
vn -0.70709455 -0.00000003 -0.70711899
vn 0.57735711 0.57736683 -0.57732695
vn -0.57733512 -0.57736033 0.57735533
vn -0.57736033 0.57736039 0.57733017
vn 0.57733512 -0.57736033 -0.57735533
vn 0.57736045 -0.57736039 0.57733005
vn 0.57733089 0.57737374 0.57734621
vn -0.57733548 0.57736242 0.57735306
vn 0.29933366 0.90598226 0.29932514
vn 0.57733822 0.57735598 -0.57735658
vn -0.29940423 -0.90593779 0.29938921
vn 0.29935831 -0.90596318 0.29935840
vn -0.57733810 -0.57734978 0.57736290
vn 0.29937500 -0.90595210 -0.29937506
vn -0.70712489 0.00000090 -0.70708865
vn 0.57735336 -0.57737345 0.57732403
vn -0.57736963 0.57734102 0.57734025
vn -0.29934958 -0.90596908 -0.29934916
vn 0.57734507 -0.57733619 -0.57736963
vn -0.57735139 -0.57737827 -0.57732129
vn 0.57733023 0.57736683 0.57735372
vn -0.35474452 0.88296211 0.30746424
vn 0.57736534 0.57734954 -0.57733589
vn -0.57732654 0.57737350 -0.57735074
vn 0.35471895 0.88297069 0.30746919
vn 0.74019074 -0.21274942 0.63785213
vn -0.74018973 -0.21275118 0.63785285
vn -0.25296903 0.92468810 -0.28453237
vn 0.25295714 0.92469215 -0.28452978
vn 0.67658103 0.22813548 -0.70013738
vn -0.67657006 0.22813769 -0.70014733
vn -0.74221128 -0.37899667 0.55270606
vn -0.67052084 0.42599586 -0.60739553
vn -0.75642323 -0.52795225 0.38612208
vn 0.67051554 0.42594603 -0.60743648
vn -0.67052519 0.60735852 -0.42604196
vn -0.73769420 -0.64354616 0.20409702
vn 0.74220955 -0.37899786 0.55270749
vn 0.67052627 0.60735583 -0.42604390
vn 0.75642109 -0.52795357 0.38612476
vn -0.67494732 0.70660329 -0.21250401
vn -0.74915737 -0.66239208 0.00000016
vn 0.67507720 0.70658141 -0.21216410
vn 0.73771423 -0.64353812 0.20405032
vn -0.67508322 0.73774165 -0.00000005
vn -0.67512774 0.70656848 0.21204619
vn -0.73767126 -0.64355576 -0.20414998
vn 0.67500502 0.73781317 -0.00000008
vn 0.67512584 0.70656943 0.21204907
vn 0.74916357 -0.66238511 -0.00000024
vn 0.73771381 -0.64353853 -0.20405039
vn 0.75642103 -0.52795446 -0.38612375
vn -0.75642306 -0.52795285 -0.38612172
vn -0.67052019 0.60739768 0.42599386
vn 0.67052627 0.60735577 0.42604417
vn 0.74217218 -0.37903666 -0.55273110
vn -0.74217373 -0.37903467 -0.55273050
vn -0.67053062 0.42609289 0.60731679
vn -0.67512530 0.21204828 0.70657015
vn -0.74021965 -0.21264245 -0.63785434
vn 0.74020612 -0.21269329 -0.63785309
vn -0.26697314 0.91886866 0.29052699
vn -0.35474452 0.88296235 -0.30746359
vn 0.35468107 0.88298082 -0.30748370
vn 0.57732964 0.57736671 -0.57735455
vn 0.57735360 0.57737255 0.57732481
vn -0.57736981 0.57734126 -0.57733989
vn -0.57733858 0.57735026 0.57736194
vn 0.57735330 -0.57737249 -0.57732505
vn 0.57732999 -0.57736659 0.57735431
vn -0.57733822 -0.57734990 -0.57736272
vn -0.57736957 -0.57734108 0.57734030
vn 0.29936323 -0.90595949 -0.29936460
vn -0.29937416 -0.90595478 -0.29936773
vn -0.29939997 -0.90593421 0.29940426
vn 0.29938924 -0.90594274 0.29938900
vn -0.57733285 0.57736301 -0.57735509
vn -0.57735926 0.57736081 0.57733077
vn 0.29933250 0.90598011 -0.29933301
vn 0.29938343 0.90594727 0.29938129
vn -0.57733470 0.57736123 0.57735497
vn 0.57735169 0.57737786 0.57732129
vn 0.57732928 0.57737207 -0.57734954
vn -0.57736045 0.57736033 -0.57733005
vn -0.57736033 -0.57736039 0.57733017
vn 0.57736033 -0.57736039 -0.57733017
vn 0.57733530 -0.57736039 0.57735527
vn -0.57733530 -0.57736039 -0.57735527
vn 0.67052561 0.42604229 0.60735768
vn 0.67512864 0.21204570 0.70656770
vn 0.26696050 0.91887552 0.29051682
vn 0.56592804 0.62092781 -0.54237819
vn 0.58965594 -0.53462231 -0.60538006
vn -0.58965737 -0.53462094 -0.60537976
vn -0.56593120 0.62097251 -0.54232377
vn -0.55882668 0.59031159 0.58244753
vn 0.55882835 0.59031266 0.58244473
vn -0.59045255 -0.56670201 0.57464302
vn 0.59037703 -0.56678146 0.57464224
vn -0.54239118 0.62091768 -0.56592679
vn 0.55873263 -0.57459641 -0.59804416
vn -0.60539907 -0.53464800 -0.58961308
vn -0.60541809 -0.53467834 0.58956605
vn -0.54235685 0.62094545 0.56592917
vn 0.59806818 0.57456011 -0.55874437
vn 0.59810096 0.57451338 0.55875725
vn 0.55875957 -0.57450455 0.59810728
vn -0.59803039 -0.57461655 -0.55872673
vn -0.58964485 -0.53462923 0.60538465
vn -0.55873483 0.57458687 -0.59805131
vn -0.56593108 0.62095159 0.54234785
vn 0.55874753 0.57455021 -0.59807473
vn 0.58956271 -0.53467971 0.60542011
vn 0.59809232 -0.57452554 -0.55875397
vn 0.56592715 0.62092513 0.54238224
vn 0.54233891 0.62095928 -0.56593120
vn 0.60539430 -0.53464317 -0.58962238
vn -0.55872416 -0.57462561 -0.59802401
vn -0.55874610 -0.57455254 0.59807384
vn 0.60538489 -0.53462899 0.58964491
vn -0.59806812 0.57456064 -0.55874383
vn 0.54235750 0.62094480 0.56592935
vn -0.59811658 0.57451856 0.55873525
vn 0.59115934 -0.62286007 -0.51242173
vn -0.24417914 -0.34649780 -0.90571296
vn -0.59117830 -0.62284392 -0.51241940
vn -0.57646173 0.46588305 -0.67130095
vn 0.57645988 0.46588296 -0.67130262
vn -0.31610680 0.24495943 -0.91655415
vn 0.31543162 0.25233564 -0.91478395
vn 0.24418460 -0.34653077 -0.90569884
vn -0.58243662 0.55885124 -0.59029895
vn -0.57457852 -0.59048182 -0.56673700
vn 0.58244413 0.55882412 -0.59031737
vn 0.57463109 -0.59041053 -0.56675798
vn -0.57460189 -0.59044755 0.56674892
vn 0.57464075 -0.59039116 0.56676829
vn -0.58243316 0.55886292 0.59029132
vn 0.58244044 0.55884045 0.59030539
vn 0.24397454 -0.34653926 0.90575218
vn -0.24414924 -0.34653002 0.90570873
vn -0.31609336 0.24495554 0.91655976
vn 0.31543106 0.25233334 0.91478479
vn 0.57646066 0.46588206 0.67130244
vn -0.59122747 -0.62279946 0.51241678
vn 0.59121042 -0.62281477 0.51241773
vn -0.57646114 0.46588340 0.67130125
vn -0.00000027 0.49386933 -0.86953622
vn -0.00000020 0.52754813 -0.84952521
vn -0.00000021 0.65275699 -0.75756735
vn -0.00000018 0.01148542 -0.99993414
vn -0.00000013 0.03227017 -0.99947923
vn -0.00000006 0.16728963 -0.98590779
vn 0.00000005 0.33961385 -0.94056505
vn -0.00000013 0.25416350 -0.96716130
vn 0.00000004 0.44784147 -0.89411300
vn -0.00000000 0.38168448 -0.92429280
vn -0.00000011 0.29805738 -0.95454806
vn -0.00000059 0.32416210 -0.94600153
vn -0.00000036 0.27095160 -0.96259302
vn -0.00000001 0.47249275 -0.88133454
vn 0.00000024 0.39745137 -0.91762322
vn -0.00000008 0.81216943 -0.58342159
vn -0.00000009 0.76515800 -0.64384258
vn 0.00000007 -0.51742244 0.85573012
vn 0.00000006 -0.61394083 0.78935206
vn 0.00000009 -0.41380292 0.91036654
vn 0.00000009 -0.11315646 0.99357724
vn 0.00000009 -0.22485933 0.97439122
vn 0.00000012 0.07088906 0.99748421
vn 0.00000013 0.00000004 1.00000000
vn 0.00000013 0.21242985 0.97717631
vn 0.00000015 0.21242979 0.97717631
vn 0.00000019 0.17704079 0.98420358
vn 0.00000015 0.14142139 0.98994952
vn -0.00000016 -0.70710719 -0.70710635
vn -0.00000015 -0.66180289 -0.74967790
vn -0.00000015 -0.61394036 -0.78935236
vn -0.00000014 -0.22485945 -0.97439122
vn -0.00000016 -0.11315633 -0.99357724
vn -0.00000012 -0.00000004 -1.00000000
vn -0.00000010 0.07088900 -0.99748421
vn -0.00000001 0.69458932 0.71940655
vn 0.00000008 0.75431567 0.65651202
vn 0.00000003 0.89218754 0.45166513
vn 0.00000019 0.98027879 0.19761986
vn 0.00000010 0.98580384 0.16790169
vn 0.00000014 0.95852447 0.28501028
vn 0.00000037 0.86771095 -0.49706909
vn -0.00000006 0.85042596 -0.52609485
vn -0.00000005 0.88902301 -0.45786253
vn 0.00000033 0.85470223 -0.51911861
vn 0.00000014 0.85296851 -0.52196246
vn -0.00000001 0.85069823 -0.52565444
vn -0.00000005 0.84604144 -0.53311723
vn -0.00000000 0.87311959 -0.48750609
vn -0.00000006 0.86796421 -0.49662679
vn -0.00000003 0.98169649 -0.19045211
vn -0.00000005 0.85585666 -0.51721317
vn -0.00000004 0.89579427 -0.44446895
vn -0.00000013 0.86291105 -0.50535589
vn -0.00000050 0.89077169 0.45445135
vn -0.00000026 0.70399404 0.71020591
vn 0.00000034 0.87808049 0.47851294
vn -0.00000017 0.85135841 0.52458447
vn 0.00000045 0.25032687 0.96816146
vn 0.00000116 0.36647257 0.93042886
vn -0.00000023 0.60196090 0.79852563
vn 0.00000010 0.62214661 0.78290075
vn 0.00000063 0.45601672 0.88997120
vn 0.00000049 0.49950123 0.86631322
vn 0.00000001 0.54478347 0.83857679
vn -0.00000012 0.48219082 0.87606627
vn -0.00000015 0.51011616 0.86010545
vn -0.00000012 0.14142151 -0.98994946
vn -0.00000009 0.17704095 -0.98420358
vn 0.00000385 0.17901590 0.98384619
vn -0.00000103 0.00393436 0.99999225
vn 0.00000313 0.09621105 0.99536103
vn 0.00000296 -0.02097465 0.99978000
vn -0.00000083 -0.03104796 0.99951792
vn -0.00000004 -0.08227665 0.99660963
vn 0.00000209 -0.04148604 0.99913913
vn -0.00000071 -0.26846218 0.96329021
vn 0.00000013 -0.17329827 0.98486942
vn 0.00000014 -0.64342409 0.76551002
vn -0.00000057 -0.41451254 0.91004372
vn 0.00000006 -0.88637376 0.46297053
vn 0.00000014 -0.80116671 0.59844124
vn -1.00000000 0.00000000 0.00000013
vn -0.11008243 0.35406694 0.92871875
vn 0.00000012 0.34038723 0.94028538
vn 0.00000013 0.27558213 0.96127760
vn 0.00000008 -0.80967224 0.58688235
vn 0.00000006 -0.83333570 0.55276722
vn 0.74906683 -0.01570709 -0.66230828
vn 0.67493248 -0.29821563 -0.67493230
vn 0.40922830 -0.20458809 -0.88919973
vn 0.94751424 -0.11050246 -0.30001006
vn 0.95721591 0.21959977 -0.18845093
vn 0.98241758 0.17280483 0.07066968
vn 0.41721240 -0.07870799 -0.90539438
vn 0.59024566 0.55889988 -0.58244401
vn 0.16527735 0.07090998 -0.98369467
vn 0.22002837 -0.04714441 -0.97435361
vn -0.00788676 0.18853219 -0.98203540
vn 0.35557711 0.27655873 -0.89279354
vn -0.06296559 0.27515635 -0.95933539
vn 0.16591506 0.46611956 -0.86902529
vn -0.08683997 0.41047123 -0.90772915
vn -0.03929675 0.30658236 -0.95103264
vn 0.24406110 0.81879854 -0.51961821
vn 0.30615565 0.94991773 -0.06265091
vn -0.13419609 0.31572691 -0.93931258
vn -0.09421480 0.32191271 -0.94207001
vn -0.14919198 0.38479531 -0.91086459
vn -0.20445131 0.39317760 -0.89644355
vn -0.25983837 0.15746495 -0.95272702
vn 0.16543691 0.84292126 -0.51197106
vn -0.03158923 0.53608638 -0.84357190
vn -0.03944126 0.59194493 -0.80501288
vn 0.20487234 0.78018981 -0.59104246
vn -0.07084930 0.53502202 -0.84186214
vn 0.01571087 0.64545822 -0.76363403
vn 0.31404835 0.94207186 -0.11778907
vn 0.23653786 0.72531343 -0.64650631
vn 0.59746236 0.70752084 -0.37742949
vn -0.00785214 0.68313658 -0.73024839
vn 0.22008786 0.73163891 -0.64518678
vn 0.55219150 0.79702759 -0.24460509
vn 0.41667834 0.90414387 0.09435684
vn -0.08639553 0.65996760 -0.74631000
vn 0.78069592 0.61507988 -0.11041209
vn 0.66075087 0.74725831 -0.07080492
vn 0.76356483 0.63757032 -0.10233669
vn 0.57377827 0.73096442 -0.36941794
vn 0.79191267 0.59590089 -0.13332857
vn 0.71436447 0.69867289 -0.03923877
vn 0.44164681 0.86754745 -0.22871271
vn -0.11789072 0.76223260 -0.63647723
vn 0.10208619 0.83958942 -0.53354287
vn -0.18955153 0.75816119 -0.62390852
vn -0.09441468 0.91135103 -0.40065610
vn -0.18821442 0.76146322 -0.62028164
vn -0.22828591 0.84240204 -0.48810285
vn -0.12597819 0.66926938 -0.73226231
vn -0.17280167 0.95024538 -0.25917825
vn -0.08709797 0.48901510 -0.86791611
vn -0.23617609 0.62984276 -0.73994523
vn -0.18064322 0.43986815 -0.87970692
vn -0.14215973 0.28443760 -0.94809592
vn -0.30602407 0.14118086 -0.94149745
vn -0.44967175 0.29189372 -0.84415245
vn -0.43954501 -0.07848820 -0.89478487
vn -0.53631693 -0.00790081 -0.84397966
vn -0.54176235 -0.11786988 -0.83222622
vn 0.04715222 0.98992181 0.13353530
vn -0.08660448 0.95269531 -0.29132673
vn 0.21271572 0.97708249 0.00787389
vn 0.28312722 0.82586575 0.48763174
vn 0.04735177 0.98633325 0.15781173
vn 0.44761333 0.84825158 0.28304011
vn 0.66966939 0.74061054 0.05512671
vn 0.64525628 0.74758071 0.15737656
vn 0.51174867 0.77155626 0.37790799
vn 0.37062722 0.85163277 0.37061733
vn 0.74334246 0.66421080 -0.07915818
vn 0.51912171 0.84947282 0.09438648
vn 0.79701161 0.57606500 -0.18144329
vn 0.70860124 0.69281095 -0.13378131
vn 0.72243452 0.66742319 -0.18065087
vn 0.81697363 0.52633482 -0.23563921
vn 0.72274768 0.68351650 -0.10218156
vn 0.52023339 0.84344643 0.13399751
vn 0.71649611 0.65349698 0.24407992
vn 0.33127829 0.88345408 0.33130601
vn 0.85622352 0.51059830 0.07855357
vn 0.90680838 0.41791281 -0.05520575
vn 0.88963193 0.37001586 0.26766264
vn 0.60398179 0.67516553 0.42350635
vn 0.77914184 0.39349672 0.48795322
vn 0.42391136 0.70705861 0.56601012
vn 0.21206647 0.85611981 0.47126073
vn 0.72949260 0.68236464 0.04710780
vn 0.77437943 0.56113356 0.29234508
vn 0.34708479 0.91512954 0.20511024
vn 0.30791581 0.93951201 0.15001695
vn 0.25144300 0.96630925 -0.05498093
vn 0.59246892 0.78995675 -0.15795256
vn 0.24350700 0.95834392 -0.14926922
vn 0.17308293 0.98336619 -0.05507597
vn 0.25302878 0.91704255 -0.30823618
vn 0.43400463 0.89966398 -0.04738001
vn 0.27478328 0.95762032 -0.08635728
vn 0.50190771 0.86264437 0.06271821
vn 0.50440609 0.80386287 -0.31524435
vn 0.58348513 0.65434974 -0.48101103
vn 0.36236936 0.92933756 0.07085413
vn 0.60624480 0.79523915 0.00788036
vn 0.34672275 0.92182255 0.17328195
vn 0.77231836 0.50438988 -0.38615465
vn 0.88139224 0.46438792 -0.08655372
vn 0.87703872 0.38716045 -0.28444687
vn 0.95096231 0.27505162 -0.14148267
vn 0.63807005 0.74835813 0.18118171
vn 0.91959500 0.36944002 0.13363795
vn 0.66966283 0.74061430 -0.05515613
vn -0.62215304 -0.07089955 -0.77967876
vn -0.66992575 0.04728113 -0.74092108
vn -0.64508957 0.03933856 -0.76309371
vn -0.66041768 0.22799189 -0.71544969
vn -0.67807466 0.11824312 -0.72541946
vn -0.59857672 0.09451321 -0.79547048
vn -0.63869637 0.31541267 -0.70184177
vn -0.44843999 0.53511238 -0.71593046
vn -0.59971178 0.17358510 -0.78116196
vn -0.46460763 0.55127019 -0.69299418
vn -0.28379187 0.68587095 -0.67010689
vn -0.44003868 0.51070654 -0.73861015
vn -0.11759810 0.80007982 -0.58825421
vn -0.19584711 0.68947548 -0.69732893
vn -0.24569026 0.72012109 -0.64889288
vn -0.58909959 0.34559447 -0.73042881
vn -0.57320166 0.52611029 -0.62821001
vn -0.49645251 0.30744079 -0.81179750
vn -0.53452861 0.14146866 -0.83322620
vn -0.57722604 0.06325351 -0.81413090
vn -0.41855887 0.00003913 -0.90818971
vn -0.53631705 0.01578224 -0.84386897
vn -0.21352564 -0.09486590 -0.97232056
vn -0.17340599 0.17340325 -0.96946472
vn -0.14937501 -0.11009382 -0.98263240
vn 0.04725057 -0.12572329 -0.99093950
vn 0.13358919 -0.18074049 -0.97441626
vn 0.06301426 -0.16534106 -0.98422134
vn 0.15726277 -0.26717374 -0.95072955
vn 0.14176765 -0.20472111 -0.96849942
vn 0.26816043 -0.25225672 -0.92976153
vn 0.31417322 -0.16495803 -0.93492466
vn 0.23590195 -0.39327434 -0.88864255
vn 0.15751459 -0.39381185 -0.90559459
vn 0.32197168 -0.28293169 -0.90348440
vn 0.37136668 -0.34759146 -0.86096871
vn 0.07068598 -0.36911765 -0.92669070
vn 0.51331359 -0.38692153 -0.76602930
vn 0.42477557 -0.03933904 -0.90444356
vn 0.56664729 -0.34628356 -0.74766207
vn 0.63972199 -0.12638895 -0.75814360
vn 0.31536293 -0.14193307 -0.93829703
vn 0.68678141 0.03155627 -0.72617871
vn 0.37956959 -0.00003123 -0.92516327
vn 0.03935015 0.47189021 -0.88077885
vn 0.42661950 0.56884885 -0.70314062
vn -0.26820487 0.85199589 -0.44963232
vn -0.45791125 0.54468912 -0.70258886
vn -0.49572432 0.81823575 -0.29111448
vn -0.05536110 0.99592435 -0.07120243
vn -0.35498610 0.93083602 0.08677129
vn -0.49577507 0.81819856 -0.29113251
vn -0.50362903 0.57443768 -0.64527452
vn -0.36162281 0.88833255 -0.28300950
vn -0.30628222 0.94252324 0.13357072
vn -0.20492627 0.94574130 0.25214848
vn -0.08638377 0.94275665 -0.32209909
vn -0.01576274 0.85316789 -0.52139807
vn -0.18921125 0.92996967 0.31520733
vn -0.07054874 0.99639916 -0.04702956
vn 0.09471004 0.97880369 -0.18158558
vn 0.22911292 0.96408051 0.13437319
vn 0.25202423 0.81120002 0.52767259
vn 0.37790397 0.83431977 0.40137175
vn 0.11049087 0.97076327 0.21309759
vn -0.10221913 0.93553877 0.33811009
vn 0.29156440 0.73294032 0.61464512
vn 0.31586432 0.87651849 0.36324254
vn 0.18100184 0.93685573 0.29923180
vn 0.59171367 0.78894049 0.16567375
vn 0.49372953 0.72111833 0.48602423
vn 0.18842815 0.98195994 -0.01579538
vn -0.17366882 0.96317774 0.20525074
vn -0.19713107 0.95338005 0.22848646
vn -0.09412450 0.98857623 0.11771856
vn 0.50431532 0.71722543 0.48088858
vn 0.19628991 0.80104762 0.56550264
vn 0.12546459 0.81569535 0.56471223
vn 0.85289371 0.51341391 0.09475578
vn 0.51205909 0.70105952 0.49629739
vn 0.49649516 0.67005587 0.55183136
vn 0.11829882 0.82009906 0.55985975
vn 0.71794647 0.40238315 0.56801480
vn 0.31502631 0.62218809 0.71668708
vn 0.89487010 0.36892602 0.25119963
vn 0.31575191 0.48933327 0.81292921
vn 0.80643368 0.29252574 0.51390022
vn 0.82898557 0.41843426 0.37107393
vn 0.37145290 0.47419187 0.79822618
vn 0.01574224 0.52136767 0.85318696
vn -0.02368622 0.48146930 0.87614292
vn 0.11043555 0.51251209 0.85154885
vn -0.08634880 0.51022273 0.85569656
vn 0.03936604 0.45623827 0.88898647
vn -0.04729894 0.48107436 0.87540293
vn -0.11799753 0.52701485 0.84162462
vn 0.26745382 0.60688835 0.74843508
vn -0.07086588 0.67718738 0.73239017
vn 0.63696593 0.73135543 0.24370834
vn 0.06307112 0.88298547 0.46514392
vn 0.89103943 0.43368363 -0.13404225
vn 0.59778482 0.77080941 -0.22024108
vn 0.37916878 0.92411107 -0.04743166
vn 0.27607903 -0.33914864 -0.89931011
vn 0.00000970 -0.18093877 -0.98349434
vn 0.27626866 -0.23680763 -0.93144929
vn 0.32324067 -0.17343712 -0.93028766
vn 0.71861541 -0.18166436 -0.67126006
vn 0.62365896 -0.42634585 -0.65519369
vn 0.14141394 -0.12569667 -0.98193818
vn 0.42584041 -0.22873139 -0.87540954
vn 0.11036407 -0.18118705 -0.97723645
vn 0.23701639 -0.24490435 -0.94013035
vn 0.23695126 -0.00794967 -0.97148907
vn 0.50440425 -0.31520095 -0.80388105
vn 0.18166962 0.08690484 -0.97951198
vn 0.46403182 -0.25173774 -0.84929538
vn 0.54997814 0.06284955 -0.83281094
vn 0.79718482 -0.26048064 -0.54465240
vn 0.78404528 -0.29018623 -0.54869390
vn 0.75573123 -0.28337631 -0.59039664
vn 0.73190433 -0.16527469 -0.66106004
vn 0.66858476 0.13371298 -0.73151571
vn 0.73093718 0.28295985 -0.62101907
vn 0.73131573 -0.24378644 -0.63698161
vn 0.65443391 -0.14979333 -0.74113303
vn 0.48795691 0.39351264 -0.77913147
vn 0.47994754 0.49566069 -0.72385830
vn 0.43390059 0.05518077 -0.89926946
vn 0.12568520 0.48711699 -0.86424559
vn 0.14139421 0.65967035 -0.73813462
vn 0.46292156 -0.16482340 -0.87094021
vn 0.85696983 -0.18868563 -0.47958377
vn -0.06323314 0.50521070 -0.86067635
vn -0.00785024 0.67070210 -0.74168533
vn 0.03941031 0.11810736 -0.99221855
vn -0.12622307 0.16573399 -0.97805935
vn 0.10223062 -0.08650278 -0.99099255
vn 0.09442949 0.62955248 -0.77119833
vn 0.05511684 0.66144860 -0.74796253
vn 0.15726765 0.59754419 -0.78626204
vn -0.01571304 0.46601751 -0.88463598
vn 0.19896406 0.44108286 -0.87513381
vn 0.32424009 0.51666838 -0.79241538
vn 0.33085951 0.49494794 -0.80346656
vn 0.31326944 -0.18164633 -0.93213028
vn 0.43942952 0.21962024 -0.87101591
vn 0.44180229 0.24602774 -0.86271739
vn 0.53781986 0.25157425 -0.80464911
vn 0.71414238 0.21186051 -0.66717005
vn 0.48051816 0.26788554 -0.83506864
vn 0.69326395 0.19695120 -0.69324988
vn 0.43296453 0.29914078 -0.85032731
vn 0.46141794 0.35678777 -0.81227833
vn 0.52650350 0.20430814 -0.82525891
vn 0.40215597 0.12616338 -0.90683705
vn 0.30658361 0.36160558 -0.88048160
vn 0.29223862 0.24464887 -0.92452341
vn 0.24434437 -0.02361620 -0.96940088
vn 0.44066256 -0.03145573 -0.89712161
vn 0.60535789 0.05506083 -0.79404682
vn 0.88247252 0.07093457 -0.46498442
vn 0.90590501 0.07090373 -0.41750306
vn 0.95384401 -0.07093829 -0.29180387
vn 0.97361445 -0.10208812 -0.20409042
vn 0.88574398 -0.11073431 -0.45077220
vn 0.83413136 -0.13377231 -0.53509808
vn 0.82666719 -0.17321658 -0.53536654
vn 0.57405341 -0.16512857 -0.80199462
vn 0.89830744 -0.23639503 -0.37035277
vn 0.69589859 -0.34007877 -0.63251215
vn 0.53478014 -0.21234541 -0.81787515
vn 0.43318048 -0.33882377 -0.83519644
vn 0.74628794 -0.33778527 -0.57354647
vn 0.70625526 -0.36880720 -0.60430521
vn 0.80576378 -0.42660779 -0.41079265
vn 0.83896977 -0.43907097 -0.32147545
vn 0.56661153 -0.39344901 -0.72398162
vn 0.94001102 -0.25280377 -0.22906263
vn 0.80215746 -0.38536730 -0.45610926
vn 0.40328112 -0.10256497 -0.90931016
vn 0.84026307 -0.09410743 -0.53394914
vn 0.65339333 -0.11801807 -0.74776268
vn 0.21244305 -0.05507067 -0.97562039
vn 0.05496415 0.01575503 -0.99836409
vn -0.02362048 0.00793049 -0.99968952
vn -0.12595730 -0.03146962 -0.99153644
vn 0.07883061 0.09451668 -0.99239725
vn -0.03148194 0.00790916 -0.99947304
vn 0.18077667 0.18075258 -0.96677214
vn -0.06281713 0.17293878 -0.98292738
vn 0.18090084 0.12594017 -0.97540462
vn 0.29023409 0.24308760 -0.92556614
vn 0.25957257 0.20445839 -0.94383210
vn 0.38584054 0.33855340 -0.85820079
vn 0.41704521 0.44070956 -0.79488891
vn 0.43358168 0.31152675 -0.84555197
vn 0.34522438 0.21608995 -0.91330463
vn 0.09473877 0.25259343 -0.96292329
vn 0.29080999 0.24292172 -0.92542893
vn 0.07850186 0.36890417 -0.92614639
vn 0.22538595 0.38381547 -0.89548135
vn 0.82175648 0.03163449 -0.56896001
vn 0.82145411 -0.33962917 -0.45811060
vn 0.74714559 -0.51123679 -0.42474750
vn 0.74743164 -0.21245691 -0.62945062
vn 0.84184396 -0.27536929 -0.46418801
vn 0.83518994 -0.43325850 -0.33874041
vn 0.86656511 -0.10242066 -0.48844135
vn 0.47332186 0.29977414 -0.82831275
vn 0.81306010 0.12636282 -0.56830078
vn 0.90394437 -0.25152737 -0.34585908
vn 0.89561951 -0.36144176 -0.25927901
vn 0.65384430 0.39391258 -0.64600354
vn 0.46613243 0.58479059 -0.66388291
vn 0.51370674 0.65587014 -0.55311829
vn 0.91359627 -0.06306588 -0.40170237
vn 0.71791387 0.43390721 -0.54435676
vn 0.55104715 0.70850414 -0.44087297
vn 0.75553143 0.51156163 -0.40923956
vn 0.77719265 0.52597523 -0.34542996
vn 0.95332545 -0.07876547 -0.29149038
vn 0.92053652 -0.35402784 -0.16515711
vn 0.95342278 -0.22845311 -0.19696243
vn 0.76313639 0.47994536 -0.43275318
vn 0.60731459 0.72564936 -0.32342252
vn 0.80262959 0.51146859 -0.30689695
vn 0.94386536 -0.33033070 0.00003742
vn 0.99471915 -0.03949457 -0.09473222
vn 0.86351109 0.47101125 -0.18026933
vn 0.99919403 -0.03934308 0.00796512
vn 0.96568090 -0.25925821 0.01567155
vn 0.99642193 -0.03131425 -0.07850397
vn 0.64520884 0.64521605 -0.40914765
vn 0.80284739 0.40142897 -0.44078442
vn 0.95294923 0.12602659 -0.27569041
vn 0.92508918 -0.00809179 -0.37966394
vn 0.84017015 0.44757032 -0.30625963
vn 0.79546839 0.28353906 -0.53557038
vn 0.55097586 0.48800933 -0.67695826
vn 0.71673012 0.22050697 -0.66156989
vn 0.96958023 -0.06304696 -0.23651488
vn 0.51159084 0.36205852 -0.77922308
vn 0.84827489 -0.18852361 -0.49486223
vn 0.74757034 0.15735212 -0.64527422
vn 0.83239013 -0.19632715 -0.51824927
vn 0.90033090 -0.02373549 -0.43455842
vn 0.81714696 -0.26711926 -0.51080167
vn 0.92766744 -0.18802275 -0.32261527
vn 0.81568134 0.12551807 -0.56472051
vn 0.69031870 0.11770313 -0.71386701
vn 0.62699801 0.37645426 -0.68202323
vn 0.91825199 -0.30616546 -0.25114959
vn 0.93486661 0.03140340 -0.35360762
vn 0.76432675 0.40185821 -0.50429630
vn 0.84435755 0.37087470 -0.38666818
vn 0.81099957 0.51178783 -0.28346613
vn 0.92668962 -0.36912340 -0.07067096
vn 0.95262939 -0.28346294 -0.11020886
vn 0.96527761 -0.14125928 -0.21973856
vn 0.97137707 0.06311478 -0.22900468
vn 0.95907748 -0.28303385 -0.00788799
vn 0.93395621 -0.35314196 0.05492391
vn 0.98130465 0.18841948 -0.03923623
vn 0.90640283 -0.40980479 0.10244095
vn 0.97345847 0.19625041 0.11774772
vn 0.96964133 0.08668032 -0.22865322
vn 0.99029213 0.10216461 -0.09425479
vn 0.99873364 0.03139291 0.03931679
vn 0.93950641 0.30790922 -0.15006565
vn 0.90369320 0.29073039 -0.31434762
vn 0.85930753 0.21286072 -0.46506017
vn 0.93394405 0.05493413 -0.35317230
vn 0.82881999 0.15789407 -0.53677452
vn 0.94266456 -0.14935046 0.29845950
vn 0.91496754 0.03153240 -0.40229362
vn 0.97157884 -0.10268625 -0.21328440
vn 0.98103148 -0.16482738 -0.10202549
vn 0.83494246 0.08659749 -0.54348135
vn 0.94293076 -0.11004327 0.31428024
vn 0.92669433 -0.07068423 0.36910912
vn 0.91540092 -0.00790288 -0.40246576
vn 0.96099609 -0.09451264 -0.25991160
vn 0.93608016 0.15732141 -0.31464922
vn 0.86658138 0.13390917 -0.48073387
vn 0.91929525 0.17285745 -0.35357681
vn 0.88403660 0.46574211 -0.03954214
vn 0.94604069 -0.10252998 -0.30739996
vn 0.86733413 -0.03155258 0.49672517
vn 0.97625697 0.07085256 -0.20470075
vn 0.96955591 0.20495495 -0.13399537
vn 0.99543363 -0.03951815 -0.08689229
vn 0.94485110 -0.14960395 -0.29133353
vn 0.99975348 -0.01569282 0.01570774
vn 0.86637157 0.30719408 0.39374107
vn 0.79374897 0.25930345 0.55020392
vn 0.65462869 0.29973444 0.69398886
vn 0.11847076 0.46604577 0.87679309
vn 0.82046694 0.44173035 0.36291626
vn 0.23691700 0.43446034 0.86897337
vn -0.08694296 0.51369381 0.85355699
vn 0.31440619 0.44017613 0.84106714
vn 0.29060373 0.55763948 0.77755237
vn 0.02361787 0.52134973 0.85301614
vn -0.07866971 0.73942834 0.66862303
vn 0.33141851 0.79692358 0.50504905
vn 0.80195379 0.59738606 -0.00018901
vn -0.18126069 0.91417974 0.36251903
vn -0.19638821 0.88773036 0.41637331
vn 0.21227700 0.92784798 0.30665404
vn 0.74115986 0.67016941 -0.03943302
vn 0.18079554 0.97439879 0.13364176
vn 0.13416766 0.98641896 0.09474538
vn 0.67027497 0.71758050 -0.18923476
vn 0.96811587 0.17316957 -0.18100834
vn 0.96671546 0.18859036 -0.17290141
vn 0.98200262 -0.13354945 -0.13354957
vn 0.97802794 -0.18943501 -0.08703871
vn 0.93904871 0.18149315 -0.29197246
vn 0.87491190 0.18105584 -0.44916353
vn 0.48039791 0.77967107 -0.40166014
vn 0.31541744 0.44948637 -0.83574754
vn 0.46339685 0.36134216 -0.80913252
vn 0.62239563 0.37811986 -0.68530953
vn 0.74066871 0.42542779 -0.52002031
vn 0.61382216 0.31482068 -0.72395468
vn 0.53582883 0.32304552 -0.78008276
vn 0.76412070 0.09451223 -0.63811225
vn 0.90398723 0.09432682 -0.41702482
vn 0.94248545 0.13363671 -0.30636978
vn 0.93828475 0.14191768 -0.31540632
vn 0.86904192 0.16586140 -0.46610767
vn 0.95049351 0.08637714 -0.29849833
vn 0.70910293 0.54361928 -0.44905597
vn 0.81606078 0.43151793 -0.38449615
vn 0.78836167 0.31536224 -0.52823538
vn 0.68248367 0.15688962 -0.71386391
vn 0.50249827 0.66721094 -0.54984111
vn 0.37913907 0.82917768 -0.41075280
vn 0.40005359 0.56485891 -0.72172827
vn 0.32950851 0.63548541 -0.69827110
vn 0.09439775 0.88880473 -0.44845894
vn 0.19699050 0.85888076 -0.47277752
vn 0.14914876 0.81660908 -0.55758792
vn -0.00002521 0.89442301 -0.44722208
vn 0.07876565 0.89006329 -0.44898060
vn -0.00783856 0.89279503 -0.45039514
vn 0.14151940 0.91190886 -0.38522005
vn 0.44095230 0.88216794 -0.16535074
vn 0.18923211 0.85158086 -0.48887762
vn 0.72617215 0.67096084 0.14995179
vn 0.56665087 0.78700984 -0.24397209
vn 0.62232041 0.73259819 -0.27571231
vn 0.82674068 0.55904955 0.06295586
vn 0.89442867 0.44714251 -0.00780796
vn 0.72439569 0.66926104 -0.16535006
vn 0.26844385 0.80517346 -0.52880394
vn 0.11822597 0.82007313 -0.55991316
vn 0.14172043 0.89763886 -0.41732475
vn 0.38533366 0.77852499 -0.49539563
vn 0.13370627 0.80212951 -0.58198881
vn 0.37824824 0.79585660 -0.47280088
vn 0.60503751 0.59727168 -0.52649426
vn 0.74055535 0.52042174 -0.42513409
vn 0.24408774 0.84245390 -0.48030493
vn 0.62133622 0.45616415 -0.63706797
vn 0.11791259 0.91192162 -0.39305925
vn 0.51831377 0.60469484 -0.60472727
vn 0.29969662 0.66265219 -0.68634838
vn 0.40902743 0.73932576 -0.53487754
vn 0.36284202 0.67833310 -0.63891309
vn 0.25954169 0.83359200 -0.48760897
vn 0.11825366 0.93040138 -0.34694302
vn 0.08641485 0.91891414 -0.38487589
vn 0.14119208 0.87085384 -0.47082737
vn 0.03162320 0.87591958 -0.48141962
vn 0.37734079 0.73896796 -0.55815792
vn 0.41045448 0.68679971 -0.59986115
vn 0.05521827 0.82712895 -0.55929309
vn 0.27437356 0.78408492 -0.55671358
vn 0.30739483 0.73294604 -0.60687608
vn 0.22019252 0.77083558 -0.59776902
vn 0.14186604 0.78808546 -0.59899521
vn 0.15747547 0.80306500 -0.57470697
vn 0.21168065 0.72916412 -0.65077722
vn 0.27199152 0.78064430 -0.56268567
vn 0.18902060 0.73259002 -0.65389836
vn 0.29250661 0.74239671 -0.60273296
vn 0.25904986 0.68296820 -0.68296975
vn 0.18074594 0.69148946 -0.69940919
vn 0.57661611 0.60444081 -0.54969561
vn 0.51565343 0.60235709 -0.60931730
vn 0.18934374 0.61531907 -0.76520032
vn -0.00005480 0.71885777 -0.69515723
vn 0.03139668 0.59718400 -0.80148965
vn -0.05527243 0.79770899 -0.60050416
vn 0.06311665 0.63970083 -0.76602817
vn 0.30757788 0.52050155 -0.79653877
vn 0.05519347 0.43384731 -0.89929438
vn -0.09446439 0.54311341 -0.83432865
vn 0.36161962 0.22799125 -0.90401953
vn 0.04718131 0.57388830 -0.81757343
vn -0.11782170 0.63648778 -0.76223451
vn 0.76366460 0.17320664 -0.62194514
vn 0.16566755 0.75763339 -0.63130498
vn 0.41727927 0.42516536 -0.80318898
vn 0.58128554 0.52630967 -0.62056851
vn 0.27616447 0.83641350 -0.47344026
vn 0.08642355 0.21194284 0.97345334
vn 0.13416557 0.09469929 0.98642373
vn 0.07324667 0.16892706 0.98290318
vn 0.13425705 0.08686857 0.98713171
vn 0.05123147 0.06908832 0.99629426
vn 0.11799214 0.06292405 0.99101895
vn 0.89262450 -0.08685905 0.44235396
vn 0.05925584 -0.11182331 0.99195981
vn 0.12550844 -0.07846858 0.98898453
vn 0.06758774 -0.31481624 0.94674325
vn 0.12579563 -0.28293997 0.95085251
vn 0.13442796 -0.47449636 0.86993235
vn 0.84301591 -0.04725565 0.53580880
vn 0.07892316 -0.51392514 0.85419685
vn 0.07708482 -0.68193310 0.72734118
vn 0.14989386 -0.66269970 0.73373085
vn 0.08645163 -0.82526082 0.55809569
vn 0.91819257 -0.21970579 0.32962391
vn 0.90912235 -0.22932300 0.34771749
vn 0.15684545 -0.81565553 0.55687129
vn 0.15769674 -0.93031228 0.33113569
vn 0.90589017 -0.30725387 0.29147565
vn 0.16595668 -0.97990769 0.11063131
vn 0.90163481 -0.39991534 0.16468896
vn 0.89501590 -0.19629332 -0.40051898
vn 0.16603558 -0.97989470 -0.11062827
vn 0.88318402 0.44944879 -0.13409676
vn 0.90515471 0.42500922 0.00789150
vn 0.91474146 0.40211019 -0.03943952
vn 0.07919556 -0.51421177 -0.85399902
vn 0.08662866 -0.94511712 0.31503832
vn 0.08734761 -0.99165219 0.09484939
vn 0.09528285 -0.99158496 -0.08763873
vn 0.12602925 -0.91384131 -0.38601908
vn 0.08569529 -0.94431251 -0.31769541
vn 0.15753721 -0.81922519 -0.55140918
vn 0.92046422 -0.25174633 -0.29894736
vn 0.08327343 -0.80958492 -0.58106607
vn 0.93721181 -0.34653065 0.03937809
vn 0.89161801 -0.17357826 -0.41819608
vn 0.08281887 -0.66131836 -0.74551940
vn 0.18144269 -0.65481204 -0.73368919
vn 0.16524056 -0.47229335 -0.86581451
vn 0.82207906 -0.01605386 -0.56914699
vn 0.83236396 -0.07063595 -0.54970980
vn 0.14189683 -0.29160255 -0.94595635
vn 0.07277860 -0.31667218 -0.94573897
vn 0.17342402 -0.11825930 -0.97772133
vn 0.06301520 -0.11120598 -0.99179757
vn 0.90476811 0.41702831 0.08649915
vn 0.84496337 0.51336861 0.14996539
vn 0.91545635 0.39460209 0.07892378
vn 0.97872829 0.07886146 0.18939899
vn 0.99089992 0.01566727 0.13368621
vn 0.99543381 -0.03948370 0.08690603
vn 0.83499235 0.50412709 0.22055307
vn 0.89489466 0.34540224 0.28259689
vn 0.93069178 -0.04734965 0.36272687
vn 0.85796076 0.49596506 0.13387394
vn 0.87178427 0.47913444 0.10209040
vn 0.93163115 0.29994449 0.20517522
vn 0.79536599 0.55124485 0.25203612
vn 0.87679720 0.32386473 0.35544097
vn 0.88145310 0.43285793 0.18887728
vn 0.81121331 0.51982599 0.26779488
vn 0.71560079 0.36161378 0.59762114
vn 0.80293101 0.33063379 0.49596685
vn 0.86598152 0.41730076 0.27556551
vn 0.84420431 0.39448726 0.36290348
vn 0.78374088 0.45457101 0.42322049
vn 0.63202327 0.60047722 0.48987117
vn 0.75737357 0.57593745 0.30770338
vn 0.72385246 0.49568075 0.47993571
vn 0.60640842 0.76396561 0.22051208
vn 0.83574688 0.53622556 0.11827715
vn 0.90592009 0.30726802 0.29136765
vn 0.92695177 0.35350028 0.12568989
vn 0.95554680 0.29218647 0.03946564
vn 0.98753655 0.15008666 0.04738856
vn 0.95696616 -0.00003710 0.29019973
vn 0.86256886 0.32915837 0.38422614
vn 0.81195158 0.16551894 0.55976629
vn 0.91441655 0.04727273 0.40200478
vn 0.95507026 0.22107223 0.19740330
vn 0.74000025 0.36215347 0.56678432
vn 0.66673601 0.48634353 0.56474161
vn 0.72115058 0.47788894 0.50156158
vn 0.84239268 0.52747107 0.11022271
vn 0.88955832 0.45654961 -0.01576500
vn 0.82477307 0.56546384 -0.00004638
vn 0.61336446 0.77060193 0.17308009
vn 0.55872393 0.82633227 0.07072859
vn 0.44033471 0.89614463 0.05504547
vn 0.51956403 0.85003197 0.08659637
vn 0.71685004 0.59082025 0.37021297
vn 0.58835721 0.74523985 0.31377292
vn 0.63992435 0.74260771 0.19756183
vn 0.61503381 0.63080072 0.47310042
vn 0.63603979 0.65959674 0.40048185
vn 0.61312640 0.58170712 0.53450245
vn 0.63046759 0.67780566 0.37827259
vn 0.57704991 0.55325323 0.60076976
vn 0.56108367 0.60852003 0.56114930
vn 0.46552947 0.56812179 0.67861617
vn 0.53380400 0.55745870 0.63584048
vn 0.44847089 0.53501850 0.71598125
vn 0.42752776 0.58471477 0.68944091
vn 0.41743922 0.50408024 0.75607389
vn 0.44233677 0.46606237 0.76624012
vn 0.43980357 0.57343334 0.69119257
vn 0.44078863 0.51947361 0.73201954
vn 0.44771737 0.52638674 0.72281826
vn 0.63517857 0.50971013 0.58029634
vn 0.40915468 0.36984959 0.83414859
vn 0.67596573 0.73088312 -0.09423479
vn 0.58264178 0.47240382 0.66133440
vn 0.73307842 0.47302514 0.48871592
vn 0.81137425 0.46477905 0.35447475
vn 0.69958431 0.55020678 0.45591050
vn 0.59510875 0.43850598 0.67346722
vn 0.45736641 0.42584312 0.78068805
vn 0.40961367 0.54354793 0.73264748
vn 0.40942484 0.33065408 0.85031712
vn 0.47903004 0.48695600 0.73034525
vn 0.51022100 0.31398255 0.80068070
vn 0.55330354 -0.07927512 0.82919878
vn 0.16533221 0.33070254 0.92914003
vn 0.29143810 0.30725554 0.90590167
vn 0.38628751 -0.00788365 0.92234486
vn 0.15714790 0.46351501 0.87204266
vn 0.51010221 0.40031677 0.76127672
vn 0.84955513 0.02360990 0.52697116
vn 0.47983140 0.55862951 0.67653155
vn 0.92758256 0.14142135 -0.34581870
vn 0.85142833 0.35474730 -0.38629565
vn 0.33881217 0.43333176 0.83512276
vn 0.35305011 0.27460125 0.89439911
vn 0.84248859 0.51972085 -0.14178549
vn 0.59731883 -0.02358973 -0.80165696
vn 0.65302223 -0.05506833 -0.75533414
vn 0.44291401 0.18190928 -0.87791592
vn 0.78604591 0.12575911 -0.60524088
vn 0.75562358 0.65330172 0.04722162
vn 0.66727322 0.40034232 0.62807053
vn 0.84429175 0.52080798 -0.12621631
vn 0.67657745 0.44052425 -0.59006894
vn 0.48786390 0.40919399 -0.77107018
vn 0.36164868 0.38514754 -0.84904158
vn 0.44803312 0.47946084 -0.75457525
vn 0.58879691 0.32977167 -0.73794913
vn 0.60048050 0.69527608 -0.39498654
vn 0.90743214 0.34716147 -0.23673998
vn 0.72228020 0.53385812 -0.43966675
vn 0.52367920 0.65231538 0.54794598
vn 0.57437015 0.47204867 0.66878182
vn 0.47320506 0.58642995 0.65740168
vn 0.33071625 0.71655285 0.61414880
vn 0.21050358 0.89602977 0.39092076
vn 0.43446603 0.60034323 0.67143679
vn 0.52040040 0.63076597 0.57560217
vn 0.31402916 0.78508443 0.53388029
vn 0.21240671 0.90456939 0.36964530
vn 0.18635237 0.95832032 0.21655264
vn 0.25150037 0.90396321 0.34582961
vn 0.48717880 0.75434041 0.44003126
vn 0.61362201 0.68463165 0.39337984
vn 0.40974069 0.85888052 0.30730587
vn 0.67737418 0.71679568 0.16543399
vn 0.59901220 0.74878132 0.28374454
vn 0.42582071 0.89096117 0.15768623
vn 0.64526516 0.76330990 0.03147997
vn 0.69439554 0.71803671 -0.04730930
vn 0.61472839 0.78810853 -0.03152870
vn 0.67824733 0.71771199 -0.15770271
vn 0.69129926 0.70699263 -0.14922057
vn 0.56704777 0.81911808 -0.08661699
vn 0.49613485 0.86649191 -0.05515453
vn 0.24447593 0.93834513 0.24441789
vn 0.25270581 0.96362960 0.08693529
vn 0.41635773 0.86406630 -0.28290594
vn 0.08686199 0.99468559 0.05527883
vn 0.25215933 0.95343482 -0.16546208
vn 0.05536221 0.98026216 -0.18979269
vn 0.14983958 0.96189815 0.22869259
vn 0.11420666 0.98481345 0.13076448
vn 0.10560326 0.98824894 -0.11050785
vn 0.07053124 0.95901656 -0.27443138
vn 0.10182109 0.82396811 -0.55741286
vn 0.17137459 0.81153828 -0.55860233
vn 0.04734365 0.77381903 -0.63163495
vn 0.03150096 0.82797140 -0.55988497
vn 0.26829672 0.78917319 -0.55246943
vn 0.10614438 0.84379286 -0.52606750
vn 0.02364431 0.84372437 -0.53625578
vn 0.68183094 0.50932914 -0.52506232
vn 0.68299997 0.65945685 -0.31405067
vn 0.31453481 0.88081026 -0.35389429
vn -0.04721069 0.87205184 -0.48713130
vn 0.00784709 0.87636161 -0.48158985
vn 0.07097731 0.85113972 -0.52011871
vn 0.04714610 0.88867682 -0.45610386
vn -0.02360840 0.90490055 -0.42496791
vn 0.06287736 0.91768914 -0.39229214
vn 0.07905843 0.87694079 -0.47405124
vn 0.24970110 0.81543690 -0.52221841
vn 0.11412842 0.87160933 -0.47673044
vn 0.07873163 0.88200808 -0.46461073
vn 0.07093094 0.90591502 -0.41747674
vn 0.12571509 0.86423355 -0.48713046
vn 0.17366895 0.86788332 -0.46542221
vn 0.28760698 0.83141482 -0.47542781
vn 0.16787565 0.84547722 -0.50693804
vn 0.20443340 0.84916115 -0.48696238
vn 0.11001241 0.88739789 -0.44768560
vn 0.06286798 0.92718905 -0.36928046
vn 0.18873422 0.89639044 -0.40107808
vn 0.17283370 0.85613865 -0.48698601
vn 0.32956523 0.83166289 -0.44690475
vn 0.55902094 0.76373339 -0.32281128
vn 0.64290237 0.70563567 -0.29791766
vn 0.52637219 0.76205325 -0.37710392
vn 0.38577083 0.83442712 -0.39358896
vn 0.62860018 0.73860073 -0.24357913
vn 0.53585786 0.78002495 -0.32313687
vn 0.23628660 0.91364425 -0.33079121
vn 0.50595140 0.81426030 -0.28459358
vn 0.42430118 0.87214416 -0.24358392
vn 0.66851205 0.70786577 -0.22807400
vn 0.41002071 0.84352154 -0.34692168
vn 0.68301082 0.65946126 -0.31401759
vn 0.35360792 0.79365408 -0.49505010
vn 0.35461757 0.89814544 -0.25996399
vn 0.47336060 0.86800069 -0.15001540
vn 0.19712278 0.96195167 -0.18918668
vn 0.33043331 0.94379640 -0.00788594
vn 0.14163925 0.90493816 -0.40127957
vn 0.40910643 0.90482366 -0.11800999
vn 0.50279462 0.86383361 0.03145027
vn 0.32207403 0.87176615 -0.36917767
vn 0.19749153 0.03946112 -0.97951013
vn 0.06352866 0.07098623 -0.99545228
vn 0.18077219 0.13363057 -0.97440469
vn 0.06409682 0.17395736 -0.98266500
vn 0.07097920 0.19715516 -0.97779948
vn 0.14145945 0.11794710 -0.98289251
vn 0.85031188 0.48805699 -0.19690141
vn 0.73266852 0.18908940 -0.65379053
vn 0.78051722 -0.05501705 -0.62270862
vn 0.82273680 -0.54592919 -0.15832074
vn 0.85611522 -0.35345918 -0.37700602
vn 0.78737152 -0.29136378 0.54328001
vn 0.77757967 -0.27492309 0.56549740
vn 0.99286455 -0.01572847 -0.11820613
vn 0.98762858 0.10274033 -0.11846658
vn 0.98409921 0.03943287 0.17318711
vn 0.63937128 0.07104065 -0.76560938
vn 0.51103497 0.13363631 -0.84910816
vn 0.01572592 0.13369377 -0.99089801
vn 0.07068615 0.17289820 -0.98240000
vn 0.85929418 0.21285498 -0.46508726
vn 0.95474070 0.27616549 -0.11046652
vn 0.18869618 0.29874748 -0.93549120
vn 0.01584583 0.23691697 -0.97140074
vn 0.35552552 0.36348552 -0.86109239
vn 0.97152096 0.14217302 0.18956278
vn 0.07083075 0.29883704 -0.95167196
vn 0.06324229 0.28459555 -0.95655936
vn 0.11049020 0.34724253 -0.93124366
vn 0.11003166 0.37721306 -0.91956699
vn 0.22050184 0.43304321 -0.87398666
vn 0.24499358 0.47420323 -0.84564155
vn 0.15713668 0.43216535 -0.88799852
vn 0.19618152 0.47889128 -0.85567284
vn 0.56473500 0.48638839 -0.66670895
vn 0.28343937 0.55893564 -0.77926451
vn 0.25130597 0.56552434 -0.78551108
vn 0.28305382 0.58170408 -0.76256222
vn 0.44149044 0.72532010 -0.52820170
vn 0.38610697 0.75643206 -0.52795082
vn 0.29869729 0.78562373 -0.54182589
vn 0.22031926 0.64506733 -0.73167449
vn 0.66811198 0.63658518 -0.38520873
vn 0.58287364 0.79554415 -0.16543281
vn 0.46499866 0.49652407 -0.73296672
vn 0.73191983 0.67683029 -0.07870322
vn 0.56704801 0.81911683 0.08662723
vn 0.89084083 0.35476246 -0.28380698
vn 0.92055106 0.38551486 0.06296188
vn 0.70015389 0.67655033 0.22817582
vn 0.63051581 0.65416843 0.41774812
vn 0.50426793 0.78012007 0.37030610
vn 0.44114336 0.66903335 0.59815300
vn 0.56665230 0.59819067 0.56663311
vn 0.42471230 0.51125902 0.74715036
vn 0.51116538 0.42476955 0.74718195
vn 0.29139104 0.37015477 0.88208658
vn 0.71647561 0.41731882 0.55902386
vn 0.77058583 0.40103996 0.49534279
vn 0.84236264 0.22831872 0.48815548
vn 0.75787222 0.23684271 0.60789424
vn 0.89328319 0.25285816 0.37162876
vn 0.85736722 0.40113357 0.32251099
vn 0.96290582 0.25264698 0.09477274
vn 0.93980461 0.18955399 -0.28431779
vn 0.81092995 0.05517032 -0.58253664
vn 0.67891288 0.21314633 -0.70259941
vn 0.58194417 0.13371556 -0.80216026
vn 0.36288306 0.39441824 -0.84424543
vn 0.86760491 0.12594236 -0.48104078
vn 0.64047998 0.37165362 -0.67205584
vn 0.97710478 -0.00000118 0.21275896
vn 0.39542446 -0.21346878 0.89334798
vn 0.65458286 -0.29968187 0.69405484
vn 0.68482000 -0.32273948 0.65334594
vn 0.75021905 -0.08684822 0.65546083
vn 0.87236828 -0.03931009 0.48726612
vn 0.70707595 -0.56573236 0.42425296
vn 0.92892766 0.01568956 0.36992875
vn 0.51136059 0.85759580 0.05513626
vn 0.46633253 0.58469141 0.66382974
vn 0.44945762 0.89106810 0.06313092
vn 0.60667300 0.61456025 0.50424558
vn 0.56782198 0.75360721 0.33114132
vn 0.40868533 0.91182762 0.03932844
vn 0.32969880 0.94199240 0.06284188
vn 0.19747157 0.97951263 -0.03949631
vn 0.18935299 0.97807169 0.08672463
vn 0.23697992 0.95583981 -0.17381266
vn 0.28447506 0.94806325 0.14230272
vn 0.22809537 0.93617177 0.26749778
vn 0.25939226 0.96548831 0.02340979
vn 0.30651826 0.90380818 0.29862607
vn 0.28300226 0.81690055 0.50257653
vn 0.33016038 0.79374307 0.51084852
vn 0.25990626 0.76387054 0.59072036
vn 0.34607989 0.88101184 0.32256323
vn 0.33872777 0.92169684 0.18904604
vn 0.30723038 0.76413310 0.56719494
vn 0.20516838 0.77338368 0.59981984
vn 0.37178737 0.78318238 0.49839708
vn 0.38664782 0.84438163 0.37084097
vn 0.28352118 0.79546767 0.53558099
vn 0.37940481 0.75867450 0.52958959
vn 0.31446090 0.76221257 0.56581473
vn 0.48260024 0.72008377 0.49857450
vn 0.40346229 0.76735044 0.49838883
vn 0.47285792 0.78005034 0.40978906
vn 0.41795281 0.73336166 0.53618664
vn 0.58253753 0.63774949 0.50391048
vn 0.53452671 0.58164847 0.61316085
vn 0.73378229 0.34715053 0.58399493
vn 0.81869948 0.27553380 0.50379789
vn 0.69342399 0.54371029 0.47280276
vn 0.96407378 0.10273144 0.24496546
vn 0.79554731 0.58287567 0.16541052
vn 0.97126395 -0.02362500 0.23682946
vn 0.77165526 0.54330438 0.33070907
vn 0.99725163 0.06279790 0.03931494
vn 0.90771556 0.40253782 0.11838903
vn 0.67739159 0.71678066 0.16542745
vn 0.55649936 0.73675960 0.38404927
vn 0.72262359 0.69105440 -0.01609161
vn 0.95034748 0.30629155 -0.05500247
vn 0.99487406 -0.07895148 0.06318433
vn 0.97004420 -0.14195859 -0.19713476
vn 0.68420088 0.70000404 0.20460582
vn 0.73189020 0.66107219 -0.16528854
vn 0.43940625 0.69836569 0.56498468
vn 0.55047113 0.72338706 0.41676477
vn 0.71482325 0.69912893 -0.01570020
vn 0.74088848 0.54385674 0.39408639
vn 0.64526200 0.50360692 0.57447118
vn 0.36227778 0.70095962 0.61433738
vn 0.20470281 0.62202662 0.75576431
vn 0.24398234 0.76335472 0.59813225
vn 0.43266085 0.52705789 0.73144692
vn 0.25183818 0.43277839 0.86560988
vn 0.51000851 0.53350943 0.67472881
vn 0.65477401 0.18148626 0.73371232
vn 0.39279670 0.26713017 0.87997288
vn 0.61340839 0.20446096 0.76284075
vn 0.58225435 0.20457141 0.78684855
vn 0.61528981 -0.24454926 0.74940920
vn 0.62352568 -0.15792830 0.76568556
vn 0.42371884 -0.07847454 0.90238810
vn 0.22808167 -0.11011255 0.96739554
vn 0.53565866 -0.25992155 0.80343670
vn 0.54205149 0.19636524 0.81708080
vn 0.66036904 -0.25157389 0.70754743
vn 0.72849196 0.07035641 0.68143195
vn 0.66719639 -0.36109921 0.65150321
vn 0.65255237 -0.38522491 0.65251607
vn 0.74682385 -0.07863723 0.66035628
vn 0.53516918 -0.47218841 0.70045131
vn 0.48784319 0.48783863 0.72389406
vn 0.58975887 -0.30668432 0.74708056
vn 0.69401807 0.48897934 0.52842987
vn 0.81087792 0.32280710 0.48813188
vn 0.71792358 0.43391410 0.54433846
vn 0.53569728 0.43324661 0.72479367
vn 0.33011866 0.51079696 0.79379344
vn 0.86510533 0.37744868 0.33034134
vn 0.78042191 0.34674811 0.52029556
vn 0.35447267 0.46478137 0.81137371
vn 0.60734278 0.32337603 0.72564644
vn 0.81762272 0.30649015 0.48739824
vn 0.63931763 0.22899087 0.73405463
vn 0.42691642 0.33994424 0.83796203
vn 0.48850101 0.25222805 0.83531296
vn 0.51197320 0.16535588 0.84293592
vn 0.92660773 0.32981461 0.18061122
vn 0.89556432 0.32993504 0.29850885
vn 0.93356282 0.32943118 0.14119373
vn 0.91047394 0.34529829 0.22760993
vn 0.93941581 0.30001065 0.16580586
vn 0.83485556 0.30716562 0.45679942
vn 0.92785960 0.33815545 0.15725020
vn 0.89775360 0.21254665 0.38582689
vn 0.88772851 0.27496359 0.36923319
vn 0.55217892 0.29189181 0.78095955
vn 0.77356988 0.40257990 0.48940694
vn 0.37755883 0.44836432 0.81019688
vn 0.69666082 0.13465099 0.70465082
vn 0.29981998 0.26834315 0.91547799
vn 0.21225999 0.44020855 0.87244612
vn 0.78729236 0.05512633 0.61411077
vn 0.43405530 0.04733163 0.89964199
vn 0.57543826 -0.14977692 0.80401349
vn 0.31569445 0.27622318 0.90776527
vn 0.44050288 0.36971018 0.81809026
vn 0.32330152 -0.01575434 0.94616491
vn 0.36225510 -0.22057456 0.90560371
vn 0.40030235 -0.40033600 0.82431144
vn 0.55090833 0.22823314 0.80275136
vn 0.67941594 0.27658120 0.67963004
vn 0.71488327 0.18061472 0.67551476
vn 0.48158547 -0.00788535 0.87636375
vn 0.46408847 -0.14943518 0.87309283
vn 0.68347698 0.10216852 0.72278678
vn 0.82725298 0.21271005 0.52000684
vn 0.66234535 -0.00002266 0.74919868
vn 0.44043401 -0.29092595 0.84934086
vn 0.89797753 0.30722252 0.31504083
vn 0.82045192 0.26820067 0.50490302
vn 0.86751288 0.44952109 0.21296102
vn 0.93077278 0.35520166 0.08656778
vn 0.81807560 0.57425082 0.03143963
vn 0.78653604 0.61348623 -0.07068019
vn 0.67088747 0.72625118 -0.14989780
vn 0.79552233 0.54348284 0.26790074
vn 0.79427695 0.22026530 0.56622201
vn 0.71795613 0.21294786 0.66271585
vn 0.58500731 -0.14229006 0.79844850
vn 0.59949011 -0.13410687 0.78906709
vn 0.48760390 -0.42463526 0.76284158
vn 0.27345246 0.95168966 0.13968013
vn 0.13433796 0.98777980 0.07902243
vn 0.03945998 0.93098670 0.36291406
vn 0.22773178 0.84780222 0.47892541
vn 0.12593471 0.80300266 0.58251810
vn 0.08636522 0.91725773 0.38881794
vn 0.12570006 0.80937773 0.57367879
vn 0.16089031 0.79351777 0.58689356
vn 0.10222047 0.69943810 0.70734537
vn 0.10280316 0.72395933 0.68213958
vn 0.06290043 0.62778962 0.77583742
vn 0.12962140 0.48895216 0.86262637
vn 0.09086680 0.60460937 0.79132223
vn 0.23251930 0.49788222 0.83549273
vn 0.09441252 0.33832416 0.93628156
vn 0.03947050 0.53591460 0.84334910
vn 0.03950836 0.40227562 0.91466582
vn 0.13338690 0.18830876 0.97300971
vn 0.22928146 0.41377553 0.88103348
vn 0.08649958 0.20444655 0.97504848
vn 0.25212428 0.11036259 0.96138108
vn 0.31587189 0.30003336 0.90011394
vn 0.28308806 0.48770380 0.82583678
vn 0.19645427 0.41639125 0.88770717
vn 0.29278415 0.48637474 0.82323581
vn 0.24475944 0.48952860 0.83693165
vn 0.23642717 0.49648702 0.83522624
vn 0.25265801 0.42637062 0.86854595
vn 0.34438485 0.41630745 0.84147918
vn 0.28358632 0.39382935 0.87434399
vn 0.33055407 0.26763588 0.90504426
vn 0.35533974 0.14209689 0.92387348
vn 0.54349095 0.08664757 0.83493102
vn 0.24384023 0.14156114 0.95942813
vn 0.25971359 0.29115418 0.92074865
vn 0.24331850 0.30045122 0.92223930
vn 0.27575526 0.94546402 -0.17336918
vn 0.35366088 0.93534011 0.00793143
vn 0.31506383 0.89797193 -0.30721536
vn 0.35481694 0.89083177 -0.28376722
vn 0.37013760 0.79520541 -0.48025674
vn 0.40923521 0.83411044 -0.36984658
vn 0.37914202 0.59233207 -0.71091074
vn 0.39324984 0.90447521 0.16516457
vn 0.41787446 0.90682626 -0.05520054
vn 0.51404697 0.83823776 0.18197052
vn 0.53438431 0.84081155 -0.08642690
vn 0.52870387 0.73404557 -0.42620343
vn 0.41737124 0.48019195 -0.77150321
vn 0.83640796 0.54446256 -0.06310704
vn 0.75791776 0.51314044 -0.40279973
vn 0.94444603 0.09441496 -0.31481361
vn 0.60554224 0.25164905 -0.75497770
vn 0.82464027 0.01572407 -0.56543905
vn 0.79558641 0.26781049 -0.54343337
vn 0.49028847 0.17388473 -0.85403818
vn 0.37781522 0.22826487 -0.89730197
vn 0.55725646 0.49441007 -0.66710126
vn 0.69419450 0.63902318 -0.33127534
vn 0.94987160 0.19622493 -0.24339201
vn 0.42514554 0.87377864 -0.23614052
vn 0.40249982 0.91538692 0.00779862
vn 0.29072747 0.90370870 -0.31430587
vn 0.21211179 0.97408283 -0.07855881
vn 0.33828771 0.88112569 0.33042243
vn 0.12643795 0.94028872 0.31602326
vn 0.16537981 0.98468679 -0.05515000
vn 0.22076178 0.91450918 -0.33902413
vn 0.24347948 0.82467633 -0.51051623
vn 0.34731320 0.90737790 -0.23672536
vn 0.33019045 0.94338989 0.03146424
vn 0.25912294 0.86384726 0.43199936
vn 0.55879533 0.81844467 0.13377677
vn 0.52871096 0.84435242 -0.08679835
vn 0.07856470 0.93757403 0.33879590
vn 0.44170824 0.78088099 0.44172242
vn 0.57234478 0.80777127 0.14116320
vn 0.50405598 0.78762162 0.35437232
vn -0.01578293 0.75634128 0.65398687
vn 0.11826701 0.68617392 0.71775925
vn 0.23681150 0.67902273 0.69487298
vn 0.39340749 0.68453920 0.61370724
vn 0.59918052 0.67804402 0.42572173
vn 0.37083435 0.60762542 0.70233417
vn 0.21226557 0.55835646 0.80198586
vn 0.03147627 0.52693826 0.84932053
vn 0.25165397 0.46398786 0.84934413
vn 0.03948084 0.52103299 0.85262293
vn -0.00005372 0.47219667 0.88149333
vn 0.03146900 0.45641607 0.88920981
vn 0.08681100 0.45803648 0.88468444
vn 0.10223988 0.56617039 0.81792307
vn 0.20448752 0.85752594 0.47205299
vn -0.01583144 0.44088084 0.89742613
vn -0.00004867 0.77781510 0.62849319
vn -0.02364756 0.49683684 0.86752170
vn -0.09438615 0.62088776 0.77819645
vn -0.17280218 0.73832840 0.65192831
vn -0.07102457 0.77969879 0.62211365
vn 0.01572890 0.81834698 0.57450932
vn -0.00785718 0.47221798 0.88144684
vn 0.05521125 0.46535015 0.88340312
vn 0.07089043 0.44922334 0.89060271
vn 0.06282134 0.45570427 0.88791174
vn 0.03144054 0.48742804 0.87259692
vn 0.12650932 0.49039680 0.86226827
vn 0.16537175 0.45677117 0.87407804
vn 0.10246235 0.52794033 0.84307796
vn 0.07904735 0.52918655 0.84481543
vn 0.03153944 0.55986780 0.82798159
vn 0.08643599 0.49514997 0.86449713
vn 0.10208564 0.51860732 0.84889638
vn 0.11032002 0.47264421 0.87432092
vn 0.01572485 0.55100197 0.83435583
vn 0.08704381 0.53815860 0.83833694
vn 0.21330336 0.48979917 0.84533924
vn 0.22132368 0.59266692 0.77444279
vn 0.05504637 0.64455879 0.76257068
vn 0.25291613 0.75849265 0.60060173
vn 0.06273802 0.77626055 0.62728280
vn -0.00008609 0.60126019 0.79905337
vn 0.05504078 0.34622347 -0.93653607
vn -0.01572948 0.28296444 -0.95900148
vn -0.07089458 0.15760683 -0.98495394
vn -0.03150943 0.40232763 -0.91495341
vn 0.03145561 0.42479792 -0.90474159
vn 0.00001505 0.46608207 -0.88474149
vn 0.11033636 0.44133258 -0.89053434
vn 0.11789337 0.50279468 -0.85632867
vn 0.11032493 0.45704880 -0.88257283
vn 0.12631683 0.56834090 -0.81303924
vn 0.17304093 0.44049850 -0.88091892
vn 0.20469412 0.44088545 -0.87391102
vn 0.26794523 0.38617575 -0.88265151
vn 0.18062624 0.72241777 -0.66744798
vn 0.14977957 0.57541239 -0.80403161
vn 0.33126029 0.86766523 -0.37070701
vn 0.18968479 0.78260177 -0.59292006
vn 0.49545005 0.86506981 0.07863484
vn 0.33153307 0.93144608 -0.14998069
vn 0.58182508 0.77836543 0.23585366
vn 0.51241195 0.82774973 0.22861426
vn 0.48782369 0.77110535 0.40917549
vn 0.41637751 0.86409611 0.28278580
vn 0.28342482 0.93689412 0.20469472
vn 0.55896962 0.81089699 0.17320220
vn 0.12574285 0.90397716 0.40867358
vn 0.29917833 0.93686527 0.18104079
vn 0.18913189 0.90617615 0.37825134
vn 0.09475131 0.85293657 0.51334333
vn 0.03155917 0.84355259 0.53611851
vn 0.30648935 0.89571738 0.32210991
vn 0.25239721 0.84398377 0.47327268
vn 0.21315570 0.82133961 0.52911812
vn 0.36850178 0.82346404 0.43140861
vn 0.32945412 0.83155715 0.44718313
vn 0.40113464 0.85738295 0.32246813
vn 0.41717640 0.84956157 0.32281399
vn 0.45653117 0.86585397 0.20463732
vn 0.51906413 0.83362705 0.18878192
vn 0.37659693 0.91014719 0.17264706
vn 0.46245241 0.88633239 0.02350986
vn 0.53553766 0.84271169 0.05510480
vn 0.60536104 0.79404604 0.05503653
vn 0.57342309 0.81684786 -0.06281398
vn 0.59057075 0.80313677 -0.07872590
vn 0.54424042 0.82815993 -0.13399151
vn 0.58389246 0.78120029 -0.22089747
vn 0.42433465 0.90466064 -0.03910569
vn 0.50263721 0.82470191 -0.25927332
vn 0.52065444 0.76520443 -0.37865716
vn 0.61726034 0.63312048 -0.46706334
vn 0.62062657 0.71489775 -0.32209292
vn 0.51174772 0.85823315 -0.03937184
vn 0.77303773 0.62322080 -0.11835724
vn 0.71964854 0.51408190 -0.46671811
vn 0.65305209 0.43270728 -0.62152028
vn 0.75574219 0.29914805 -0.58254987
vn 0.84715021 0.27459896 -0.45489770
vn 0.66126394 0.26771140 -0.70075721
vn 0.76843232 0.63511300 0.07838026
vn 0.89744985 0.36211586 -0.25190485
vn 0.59116668 0.80407834 0.06308895
vn 0.66723877 0.65148234 -0.36105850
vn 0.71695685 0.39393234 -0.57514358
vn 0.40969074 0.78012997 -0.47281167
vn 0.39292461 0.91943640 -0.01571597
vn 0.22074434 0.81991279 -0.52821875
vn 0.22020219 0.56625271 -0.79427260
vn 0.42547271 0.52008069 -0.74060047
vn 0.71584654 0.26747513 -0.64499676
vn 0.44048515 0.36968395 -0.81811172
vn 0.45789558 0.30000028 -0.83685821
vn 0.22869456 0.42585668 -0.87541133
vn 0.20883931 0.10409211 0.97239453
vn 0.14443935 0.00928275 0.98947012
vn 0.21244913 0.05508117 0.97561854
vn 0.40096685 0.08653681 0.91199619
vn 0.58347684 0.00000256 0.81212980
vn 0.17320865 -0.03930494 0.98410058
vn 0.10159092 -0.03681526 0.99414486
vn 0.30678749 -0.01579437 0.95164704
vn 0.52658749 -0.04712884 0.84881359
vn 0.63262552 -0.34006807 0.69580078
vn 0.47401121 -0.14214790 0.86896914
vn 0.54492229 -0.41855267 0.72654891
vn 0.64731264 -0.58424634 0.48953304
vn 0.36160776 -0.22797632 0.90402800
vn 0.18916735 -0.15752593 0.96922725
vn 0.56791484 -0.63101673 0.52847964
vn 0.63013834 -0.59068143 0.50400519
vn 0.55317426 -0.65586352 0.51365489
vn 0.35409877 -0.73180735 0.58229899
vn 0.37777495 -0.53518045 0.75555807
vn 0.18850735 -0.49485666 0.84828174
vn 0.10466608 -0.17222042 0.97948217
vn 0.15694407 -0.76889485 0.61981398
vn 0.12946981 -0.47427174 0.87080646
vn 0.35314447 -0.74556071 0.56517982
vn 0.49607939 -0.44092774 0.74798936
vn 0.15402195 -0.78068596 0.60564566
vn 0.10341962 0.28956357 0.95155525
vn 0.09285464 0.09326798 0.99130172
vn 0.07861590 0.32229593 0.94336897
vn 0.04715792 0.36960948 0.92798978
vn 0.06284095 0.50186455 0.86266047
vn 0.08690742 0.44237211 0.89261079
vn 0.13343464 0.48662269 0.86336184
vn 0.10214473 0.41639063 0.90342981
vn 0.13325574 0.22743976 0.96463162
vn 0.16493870 0.29086369 0.94244027
vn 0.13351646 0.30630955 0.94252205
vn 0.08668361 0.18964911 0.97801805
vn 0.10590851 -0.25248292 0.96178776
vn 0.08671287 -0.18930706 0.97808164
vn 0.19754922 -0.03161665 0.97978306
vn 0.26838496 -0.03145406 0.96279818
vn 0.30653974 0.03148236 0.95133716
vn 0.03228421 -0.72985548 0.68283880
vn 0.09405007 -0.64272743 0.76030004
vn 0.22113420 -0.51333070 0.82921124
vn 0.34584859 -0.48739862 0.80176771
vn 0.16507751 -0.80205262 0.57398707
vn 0.07006324 -0.84097046 0.53652567
vn 0.17310460 0.44037536 0.88096792
vn 0.14915682 0.38471881 0.91090280
vn 0.23598355 0.40930954 0.88134980
vn 0.13351898 0.30631748 0.94251913
vn 0.30667570 0.01566878 0.95168513
vn 0.22830017 0.23614721 0.94451761
vn 0.22803581 0.36160058 0.90401596
vn 0.26767722 0.37001538 0.88962775
vn 0.26814333 0.40221021 0.87540054
vn 0.53661007 -0.35496625 0.76553816
vn 0.29208589 0.04736071 0.95521873
vn 0.55843294 -0.30672538 0.77076077
vn 0.67608130 -0.56608427 0.47165957
vn 0.35540590 0.07106723 0.93200660
vn 0.62187821 -0.17322233 0.76371562
vn 0.29963154 0.12614125 0.94567937
vn 0.32262868 0.22029647 0.92053264
vn 0.80212528 -0.45614946 0.38538644
vn 0.66190726 -0.48070949 0.57514977
vn 0.61608368 -0.21324302 0.75826663
vn 0.78044498 -0.41784266 0.46509492
vn 0.65891051 -0.10193925 0.74528211
vn 0.59897035 0.14186463 0.78810465
vn 0.84041393 -0.00001283 0.54194504
vn 0.93462402 -0.18069823 0.30631062
vn 0.80274928 0.22823444 0.55091095
vn 0.65385252 0.18905720 0.73262155
vn 0.79653192 0.30747035 0.52057576
vn 0.95399541 0.17353556 0.24449579
vn 0.92412817 -0.18956685 0.33174044
vn 0.97203809 0.16602027 0.16607024
vn 0.67795920 0.05520181 0.73302400
vn 0.74830323 0.33083564 0.57496971
vn 0.30727816 0.40969768 0.85891104
vn 0.33054668 0.39349931 0.85784459
vn 0.34654525 0.21264869 0.91361201
vn 0.55404204 0.34033832 0.75974160
vn 0.48810351 0.22828312 0.84240246
vn 0.66939479 0.39378136 0.62995780
vn 0.37029824 0.16547348 0.91405571
vn 0.33059409 0.26755896 0.90505242
vn 0.29832193 0.25915790 0.91860831
vn 0.26827440 0.32350197 0.90740031
vn 0.18145099 0.37876788 0.90752989
vn 0.05525293 0.44968054 0.89147890
vn 0.26061484 0.38696569 0.88449842
vn 0.19710217 0.45726219 0.86721510
vn 0.13405104 0.44947052 0.88317984
vn 0.05489463 0.48691854 0.87172073
vn 0.10990758 0.51832747 0.84809017
vn 0.92225206 0.13397585 -0.36263153
vn 0.86186588 0.26085916 -0.43490210
vn 0.95149046 0.30677614 -0.02354416
vn 0.62862521 0.77766865 0.00786625
vn 0.98869616 0.01570728 -0.14910795
vn 0.95501322 0.12627433 0.26833683
vn 0.15726069 0.96778148 0.19664241
vn 0.52935916 0.76655418 0.36355689
vn 0.18942584 0.96343583 0.18949802
vn 0.85163850 0.37059805 0.37063348
vn 0.46421158 0.84182292 0.27539426
vn 0.81292987 0.48933464 0.31574765
vn 0.92122984 0.22833520 0.31495830
vn 0.83680940 0.39509585 0.37901103
vn 0.70174754 0.63078254 0.33115539
vn 0.39310944 0.89645851 0.20451735
vn 0.72387266 0.48781967 0.48789394
vn 0.78043705 0.24440591 0.57548577
vn 0.49045658 0.79893494 0.34807369
vn 0.67733347 0.44893113 0.58282095
vn 0.72409099 0.19675329 0.66104490
vn 0.42692983 0.77469975 0.46644530
vn 0.21985468 0.95041972 0.21992375
vn 0.53376621 0.55733794 0.63597810
vn 0.65305877 0.30683437 0.69236326
vn 0.45547727 0.58902335 0.66752672
vn 0.33063343 0.71663368 0.61409914
vn 0.30019087 0.73473054 0.60832274
vn 0.20480353 0.81928736 0.53555948
vn 0.24431050 0.87506801 0.41781384
vn 0.15052429 0.81396288 0.56107664
vn 0.13396366 0.92227626 0.36257461
vn 0.19748978 0.90063548 0.38710907
vn 0.11796512 0.86507434 0.48757631
vn 0.04723499 0.84304202 0.53576976
vn 0.07074876 0.85671908 0.51090825
vn -0.03147421 0.83405107 0.55078882
vn 0.19681688 0.96048516 0.19680291
vn 0.18129003 0.97721767 0.11036179
vn 0.32170105 0.93373936 0.15696944
vn 0.32285604 0.89788413 0.29927945
vn 0.64394009 0.65187937 0.40049297
vn 0.18966822 0.84603655 0.49824500
vn 0.47192150 0.72373170 0.50349039
vn 0.67609060 0.47172078 0.56602222
vn 0.31535104 0.74857676 0.58325517
vn 0.07878672 0.83548200 0.54384065
vn 0.11799699 0.82625639 0.55079675
vn 0.00786707 0.84395820 0.53635144
vn 0.03157995 0.82177705 0.56893337
vn -0.05525730 0.80439675 0.59151721
vn 0.20424339 0.76972318 0.60482311
vn -0.01572919 0.73765790 0.67499143
vn -0.08640748 0.65993524 0.74633723
vn -0.05521860 0.59149098 0.80441868
vn 0.16527040 0.86582971 0.47225508
vn 0.25221223 0.77221352 0.58315986
vn 0.89099532 -0.42574850 0.15768880
vn 0.92547745 -0.33723205 0.17252879
vn 0.91204947 -0.34598279 0.22014029
vn 0.90807760 -0.29214168 0.30008075
vn 0.93904614 0.18149066 0.29198226
vn 0.70831919 0.65321189 0.26757860
vn 0.77270758 0.63078821 0.07091765
vn 0.84340292 0.20481417 0.49671203
vn 0.62304747 0.78075808 0.04720956
vn 0.78876722 0.60736173 -0.09464752
vn 0.63178176 0.76605397 -0.11837798
vn 0.66849107 0.69987524 -0.25158370
vn 0.70256782 0.71051967 -0.03950011
vn 0.66167223 0.74830139 0.04727543
vn 0.85965925 0.50474358 0.07886641
vn 0.84998477 0.51152551 0.12596670
vn 0.83088785 0.54844505 0.09398661
vn 0.84602708 0.45075688 0.28470421
vn 0.94986117 0.19630471 0.24336860
vn 0.97199273 -0.07909543 -0.22130093
vn 0.92595345 0.27480412 0.25902313
vn 0.97601330 -0.04723439 -0.21252544
vn 0.81882519 -0.24404447 -0.51958400
vn 0.87880272 0.33757684 -0.33726501
vn 0.74708641 0.65270603 0.12584414
vn 0.35402030 0.92052031 -0.16526388
vn 0.47409633 0.77445662 -0.41886702
vn 0.68230635 0.11776002 -0.72151965
vn 0.51320338 0.66315299 -0.54483980
vn 0.33036816 0.00000079 -0.94385213
vn 0.24419132 0.66167951 -0.70890826
vn 0.68327290 -0.00000003 -0.73016316
vn 0.42719302 0.75948417 -0.49060151
vn 0.14918020 0.76985580 -0.62053794
vn 0.69362056 0.66209662 -0.28375801
vn 0.92239332 -0.00000002 -0.38625190
vn 0.74519408 0.66684765 0.00000008
vn 1.00000000 0.00000000 0.00000006
vn 0.65393257 0.75655288 -0.00000328
vn 0.59302270 0.75900227 -0.26877448
vn 0.74909395 0.66246384 0.00000348
vn 0.68462139 0.66111332 -0.30695724
vn 0.68460083 0.66112942 0.30696848
vn 0.48888054 0.66233909 -0.56771719
vn 0.48898369 0.66231096 0.56766111
vn 0.17278162 0.65197647 -0.73829073
vn -0.47994423 0.72384858 -0.49567813
vn -0.61503762 -0.00000008 -0.78849787
vn -0.54236025 0.56590903 -0.62096083
vn 0.69362360 0.66209483 0.28375462
vn 0.92239356 0.00000002 0.38625142
vn 0.59300065 0.75901079 0.26879889
vn 0.42720816 0.75949866 0.49056625
vn 0.51319766 0.66320133 0.54478633
vn 0.13360615 0.77841061 0.61337310
vn 0.68315572 0.00000003 0.73027271
vn 0.24419223 0.66168165 0.70890594
vn 0.33026925 0.00000004 0.94388688
vn 0.15738733 0.64527589 0.74756163
vn -0.59922385 0.51250660 0.61503488
vn -0.62347537 0.67034960 -0.40238020
vn -0.76430124 0.37033635 0.52791554
vn -0.54234052 0.56594801 0.62094247
vn -0.62012321 0.00000003 0.78450453
vn 0.58956617 -0.53467792 -0.60541832
vn 0.55875123 0.57453555 0.59808534
vn 0.59804785 -0.57459056 0.55873483
vn 0.56592995 0.62094402 -0.54235774
vn -0.55876315 0.57448977 0.59811813
vn -0.59804398 -0.57459569 0.55873364
vn -0.56593108 0.62095946 -0.54233885
vn -0.58961356 -0.53464824 -0.60539830
vn -0.59810078 0.57451338 -0.55875742
vn 0.60538471 -0.53462887 -0.58964521
vn -0.55874544 -0.57455337 -0.59807354
vn 0.54235691 0.62094539 -0.56592911
vn -0.59810668 0.57450497 0.55875975
vn 0.54233897 0.62095988 0.56593043
vn -0.55873942 -0.57457179 0.59806162
vn 0.60539502 -0.53464288 0.58962178
vn 0.59804761 0.57459104 -0.55873448
vn 0.55874914 -0.57454121 -0.59808183
vn -0.60542130 -0.53468221 -0.58955920
vn -0.54234749 0.62095302 -0.56592989
vn 0.59779829 0.58995670 0.54275995
vn -0.54995716 0.62856460 0.54995799
vn 0.55841523 -0.55841494 0.61346978
vn -0.60469139 -0.51835871 0.60469216
vn 0.59807557 -0.57455021 -0.55874652
vn 0.56593198 0.62097204 0.54232341
vn 0.58965713 -0.53462148 0.60537958
vn 0.55875826 0.57450968 -0.59810364
vn -0.56592810 0.62093568 0.54236919
vn -0.55874199 0.57456505 -0.59806561
vn -0.59807044 -0.57455719 -0.55874485
vn -0.58965546 -0.53462267 0.60538006
vn 0.57736033 -0.57736033 -0.57733011
vn -0.57735723 0.57736695 -0.57732671
vn 0.70709437 -0.00000003 -0.70711929
vn 0.57736045 0.57736039 0.57732999
vn -0.57736033 -0.57736039 0.57733011
vn -0.57732928 0.57737195 0.57734954
vn 0.57733566 0.57736158 0.57735372
vn -0.29933244 0.90598011 0.29933289
vn -0.57733822 0.57735646 -0.57735628
vn 0.29937187 -0.90595478 0.29937008
vn -0.29935339 -0.90596348 0.29936218
vn 0.57733828 -0.57734984 0.57736266
vn -0.29935694 -0.90596920 -0.29934165
vn 0.70712465 -0.00000011 -0.70708895
vn -0.57735360 -0.57737380 0.57732344
vn 0.57736975 0.57734102 0.57734013
vn 0.29934511 -0.90597075 -0.29934841
vn -0.57734531 -0.57733643 -0.57736915
vn 0.57735258 -0.57737958 -0.57731867
vn -0.57732975 0.57736647 0.57735455
vn 0.35478258 0.88295078 0.30745292
vn -0.57736546 0.57734954 -0.57733577
vn 0.57732689 0.57737380 -0.57735014
vn -0.35468087 0.88298136 0.30748251
vn -0.74020606 -0.21269226 0.63785350
vn 0.74022025 -0.21263909 0.63785475
vn 0.25296915 0.92468858 -0.28453064
vn -0.25295717 0.92469221 -0.28452975
vn -0.67658120 0.22813681 -0.70013678
vn 0.67656976 0.22813816 -0.70014739
vn 0.74217421 -0.37903550 0.55272925
vn 0.67052597 0.42604470 -0.60735565
vn 0.75646037 -0.52792442 0.38608760
vn -0.67051601 0.42594597 -0.60743594
vn 0.67052019 0.60739791 -0.42599350
vn 0.73773986 -0.64352775 0.20399022
vn -0.74217224 -0.37903619 0.55273139
vn -0.67052084 0.60739499 -0.42599663
vn -0.75642049 -0.52795422 0.38612491
vn 0.67494774 0.70660287 -0.21250410
vn 0.74915725 -0.66239220 -0.00000050
vn -0.67519712 0.70655268 -0.21187797
vn -0.73771465 -0.64353752 0.20405066
vn 0.67503864 0.73778236 0.00000054
vn 0.67494708 0.70660365 0.21250364
vn 0.73767203 -0.64355487 -0.20414987
vn -0.67509598 0.73772997 -0.00000000
vn -0.67519748 0.70655268 0.21187645
vn -0.74916393 -0.66238463 0.00000114
vn -0.73766786 -0.64355737 -0.20415702
vn -0.75645816 -0.52792579 -0.38609007
vn 0.75642294 -0.52795255 -0.38612255
vn 0.67052525 0.60735846 0.42604187
vn -0.67053086 0.60731685 0.42609245
vn -0.74217212 -0.37903607 -0.55273157
vn 0.74217379 -0.37903547 -0.55272985
vn 0.67053092 0.42609251 0.60731673
vn 0.67512560 0.21204890 0.70656967
vn 0.74020398 -0.21269868 -0.63785380
vn -0.74020600 -0.21269271 -0.63785338
vn 0.26699790 0.91885203 0.29055661
vn 0.35470617 0.88297278 -0.30747798
vn -0.35471898 0.88297027 -0.30747041
vn -0.57732993 0.57736677 -0.57735419
vn -0.57735372 0.57737297 0.57732415
vn 0.57736868 0.57734025 -0.57734191
vn 0.57733804 0.57734954 0.57736325
vn -0.57735384 -0.57737321 -0.57732379
vn -0.57732981 -0.57736653 0.57735449
vn 0.57733822 -0.57734996 -0.57736260
vn 0.57736939 -0.57734078 0.57734066
vn -0.29936332 -0.90596008 -0.29936269
vn 0.29934871 -0.90597171 -0.29934207
vn 0.29934785 -0.90596843 0.29935318
vn -0.29933771 -0.90597659 0.29933819
vn 0.57733285 0.57736290 -0.57735515
vn 0.57735962 0.57736057 0.57733059
vn -0.29934037 0.90597999 -0.29932535
vn -0.29935080 0.90596443 0.29936221
vn 0.57733482 0.57736123 0.57735485
vn -0.57735157 0.57737792 0.57732141
vn -0.57732940 0.57737201 -0.57734942
vn 0.57736033 0.57736033 -0.57733011
vn -0.57733512 -0.57736039 0.57735538
vn 0.57733512 -0.57736039 -0.57735538
vn -0.67052567 0.42604226 0.60735768
vn -0.67494798 0.21250413 0.70660257
vn -0.26690614 0.91891032 0.29045650
vn -0.56592816 0.62092793 -0.54237807
vn 0.58965707 -0.53462160 -0.60537946
vn -0.58965611 -0.53462195 -0.60538006
vn 0.56593150 0.62097245 -0.54232341
vn 0.55882639 0.59031200 0.58244729
vn -0.55886924 0.59032631 0.58239168
vn 0.59040415 -0.56675315 0.57464236
vn -0.59042346 -0.56673253 0.57464296
vn 0.54233873 0.62095982 -0.56593072
vn 0.60537511 -0.53461480 -0.58966774
vn -0.55873299 -0.57459593 -0.59804428
vn 0.60541797 -0.53467828 0.58956623
vn 0.54235727 0.62094510 0.56592911
vn -0.59806812 0.57456017 -0.55874425
vn -0.59810096 0.57451338 0.55875725
vn -0.55876011 -0.57450372 0.59810764
vn 0.59810728 -0.57450444 -0.55875975
vn 0.55873436 0.57458746 -0.59805119
vn 0.58964539 -0.53462881 0.60538459
vn 0.56593090 0.62095219 0.54234725
vn -0.55873191 0.57460660 -0.59803504
vn -0.58967537 -0.53461015 0.60537177
vn -0.59809279 -0.57452512 -0.55875391
vn -0.56592685 0.62092561 0.54238206
vn -0.54233885 0.62095970 -0.56593072
vn 0.55875653 -0.57451612 -0.59809899
vn -0.60539395 -0.53464335 -0.58962244
vn 0.55874616 -0.57455224 0.59807402
vn -0.60538435 -0.53462923 0.58964527
vn 0.59806770 0.57456046 -0.55874443
vn -0.54235703 0.62094504 0.56592947
vn 0.59810066 0.57451367 0.55875725
vn -0.59126157 -0.62276959 -0.51241374
vn 0.59127706 -0.62275487 -0.51241374
vn 0.24417864 -0.34649816 -0.90571290
vn 0.57648462 0.46592608 -0.67125136
vn -0.57646000 0.46588245 -0.67130280
vn 0.31606781 0.24494673 -0.91657096
vn -0.31543127 0.25233501 -0.91478419
vn -0.24405804 -0.34653637 -0.90573078
vn 0.58243746 0.55885041 -0.59029895
vn 0.57461578 -0.59042668 -0.56675655
vn -0.58244413 0.55882436 -0.59031713
vn -0.57463157 -0.59041041 -0.56675750
vn 0.57456398 -0.59050274 0.56672996
vn -0.57464039 -0.59039181 0.56676799
vn 0.58243400 0.55886209 0.59029120
vn -0.58242416 0.55889750 0.59026760
vn -0.24410093 -0.34653571 0.90571952
vn 0.24414913 -0.34652990 0.90570873
vn 0.31605288 0.24494177 0.91657740
vn -0.31544781 0.25237206 0.91476840
vn -0.57646066 0.46588200 0.67130262
vn 0.59122741 -0.62279922 0.51241708
vn -0.59121031 -0.62281466 0.51241815
vn 0.57643753 0.46583953 0.67135185
vn -0.00000002 0.55034196 -0.83493948
vn -0.00000013 0.05882765 -0.99826825
vn -0.00000045 0.39470103 -0.91880965
vn 0.00000047 0.41001388 -0.91207927
vn 0.00000011 -0.32093158 0.94710249
vn -0.00000003 -0.94868326 0.31622788
vn -0.00000014 -0.32093200 -0.94710231
vn 0.00000017 0.73513335 0.67792255
vn 0.00000013 0.78549457 0.61886871
vn 0.00000007 0.99312103 0.11709251
vn 0.00000010 0.85679454 -0.51565796
vn -0.00000010 0.86815643 -0.49629089
vn -0.00000004 0.93054217 -0.36618477
vn -0.00000009 0.84304386 -0.53784484
vn 0.00000040 0.94884008 0.31575707
vn -0.00000015 0.91294187 0.40808985
vn 0.00000009 0.69800049 0.71609735
vn 0.00000005 0.51378429 0.85791934
vn 0.00000033 0.51012939 0.86009777
vn 0.00000012 0.35270908 0.93573308
vn 0.00000015 -0.26218751 0.96501702
vn 0.00000005 -0.86133957 0.50802976
vn 0.00000011 1.00000000 -0.00000004
vn 0.00000007 1.00000000 -0.00000004
vn 0.00000009 0.65592813 0.75482345
vn -0.00000025 0.51022428 0.86004144
vn 0.00000004 1.00000000 -0.00000004

# Mesh 'ShyrackCaveEntranceMirrored' with 5973 faces
g ShyrackCaveEntranceMirrored
usemtl ShyrackCaveEntranceMirrored_MAT
f  1/1/1 2/2/2 3/3/3
f  1/1/1 3/3/3 4/4/4
f  1/1/1 4/4/4 5/5/5
f  6/6/5 7/7/4 8/8/6
f  2/2/2 1/1/1 9/9/7
f  1/1/1 5/5/5 10/10/8
f  1/1/1 10/10/8 9/9/7
f  2/2/2 9/9/7 11/11/9
f  2/2/2 11/11/9 12/12/10
f  12/12/10 11/11/9 13/13/11
f  11/11/9 9/9/7 14/14/12
f  14/14/12 9/9/7 10/10/8
f  13/13/11 11/11/9 15/15/13
f  11/11/9 14/14/12 16/16/14
f  11/11/9 16/16/14 15/15/13
f  13/13/11 15/15/13 17/17/15
f  13/13/11 17/17/15 18/18/16
f  14/14/12 10/10/8 19/19/17
f  14/14/12 19/19/17 16/16/14
f  19/19/17 10/10/8 20/20/18
f  18/18/16 17/17/15 21/21/19
f  18/18/16 21/21/19 22/22/20
f  22/22/20 21/21/19 23/23/21
f  23/23/21 21/21/19 17/17/15
f  22/22/20 23/23/21 24/24/22
f  24/24/22 23/23/21 25/25/23
f  26/26/24 16/16/14 19/19/17
f  26/26/24 19/19/17 20/20/18
f  16/16/14 26/26/24 27/27/25
f  16/16/14 27/27/25 15/15/13
f  15/15/13 27/27/25 28/28/26
f  15/15/13 28/28/26 17/17/15
f  27/27/25 26/26/24 29/29/27
f  27/27/25 29/29/27 28/28/26
f  17/17/15 28/28/26 30/30/28
f  17/17/15 30/30/28 23/23/21
f  28/28/26 29/29/27 31/31/29
f  28/28/26 31/31/29 30/30/28
f  29/29/27 26/26/24 32/32/30
f  33/33/30 34/34/24 35/35/18
f  31/31/29 29/29/27 36/36/31
f  36/36/31 29/29/27 37/37/32
f  31/31/29 36/36/31 38/38/33
f  31/31/29 38/38/33 30/30/28
f  38/38/33 36/36/31 39/39/34
f  39/39/34 36/36/31 37/37/32
f  40/40/27 33/33/30 41/41/35
f  40/40/27 41/41/35 42/42/32
f  41/41/35 33/33/30 43/43/36
f  30/30/28 38/38/33 44/44/37
f  42/42/32 41/41/35 45/45/38
f  45/45/38 41/41/35 46/46/39
f  46/46/39 41/41/35 43/43/36
f  42/42/32 45/45/38 47/47/40
f  42/42/32 47/47/40 48/48/41
f  42/42/32 48/48/41 49/49/34
f  45/45/38 46/46/39 50/50/42
f  45/45/38 50/50/42 47/47/40
f  50/50/42 46/46/39 51/51/43
f  51/51/43 46/46/39 43/43/36
f  49/49/34 48/48/41 52/52/44
f  52/52/44 48/48/41 47/47/40
f  53/53/45 38/38/33 39/39/34
f  38/38/33 53/53/45 44/44/37
f  53/53/45 39/39/34 54/54/46
f  55/55/46 49/49/34 52/52/44
f  53/53/45 54/54/46 56/56/47
f  53/53/45 56/56/47 44/44/37
f  56/56/47 54/54/46 57/57/48
f  58/58/48 55/55/46 52/52/44
f  44/44/37 56/56/47 59/59/49
f  59/59/49 56/56/47 60/60/50
f  61/61/50 62/62/47 58/58/48
f  44/44/37 59/59/49 63/63/51
f  61/61/50 58/58/48 64/64/52
f  44/44/37 63/63/51 65/65/53
f  65/65/53 63/63/51 66/66/54
f  44/44/37 65/65/53 30/30/28
f  67/67/53 68/68/54 69/69/55
f  30/30/28 65/65/53 70/70/56
f  30/30/28 70/70/56 23/23/21
f  23/23/21 70/70/56 25/25/23
f  70/70/56 65/65/53 71/71/57
f  70/70/56 71/71/57 25/25/23
f  72/72/57 67/67/53 69/69/55
f  72/72/57 69/69/55 73/73/58
f  25/25/23 71/71/57 74/74/59
f  75/75/59 72/72/57 76/76/60
f  75/75/59 76/76/60 77/77/61
f  78/78/62 79/79/63 64/64/52
f  78/78/62 64/64/52 58/58/48
f  78/78/62 58/58/48 80/80/64
f  80/80/64 58/58/48 52/52/44
f  78/78/62 80/80/64 81/81/65
f  78/78/62 81/81/65 82/82/66
f  80/80/64 52/52/44 83/83/67
f  80/80/64 83/83/67 81/81/65
f  83/83/67 52/52/44 84/84/68
f  84/84/68 52/52/44 47/47/40
f  83/83/67 84/84/68 85/85/69
f  85/85/69 84/84/68 47/47/40
f  81/81/65 83/83/67 86/86/70
f  86/86/70 83/83/67 85/85/69
f  81/81/65 86/86/70 87/87/71
f  87/87/71 86/86/70 85/85/69
f  85/85/69 47/47/40 88/88/72
f  88/88/72 47/47/40 50/50/42
f  85/85/69 88/88/72 89/89/73
f  85/85/69 89/89/73 87/87/71
f  88/88/72 50/50/42 90/90/74
f  89/89/73 88/88/72 91/91/75
f  91/91/75 88/88/72 90/90/74
f  90/90/74 50/50/42 51/51/43
f  92/92/73 93/93/75 94/94/76
f  93/93/75 95/95/74 96/96/77
f  93/93/75 96/96/77 94/94/76
f  90/90/74 51/51/43 97/97/78
f  90/90/74 97/97/78 98/98/77
f  92/92/73 94/94/76 99/99/79
f  92/92/73 99/99/79 100/100/71
f  99/99/79 94/94/76 101/101/80
f  100/100/71 99/99/79 102/102/81
f  102/102/81 99/99/79 101/101/80
f  101/101/80 94/94/76 103/103/82
f  103/103/82 94/94/76 96/96/77
f  101/101/80 103/103/82 104/104/83
f  104/104/83 103/103/82 96/96/77
f  101/101/80 104/104/83 105/105/84
f  101/101/80 105/105/84 106/106/85
f  101/101/80 106/106/85 102/102/81
f  106/106/85 105/105/84 107/107/86
f  102/102/81 106/106/85 108/108/87
f  102/102/81 108/108/87 109/109/88
f  105/105/84 104/104/83 110/110/89
f  110/110/89 104/104/83 96/96/77
f  105/105/84 110/110/89 111/111/90
f  112/112/90 113/113/89 114/114/91
f  114/114/91 113/113/89 115/115/92
f  115/115/92 113/113/89 116/116/93
f  113/113/89 117/117/77 118/118/94
f  113/113/89 118/118/94 116/116/93
f  118/118/94 117/117/77 119/119/78
f  116/116/93 118/118/94 120/120/95
f  116/116/93 120/120/95 121/121/96
f  121/121/96 120/120/95 122/122/97
f  118/118/94 119/119/78 123/123/98
f  118/118/94 123/123/98 120/120/95
f  124/124/98 97/97/78 51/51/43
f  122/122/97 120/120/95 125/125/99
f  126/126/99 127/127/95 124/124/98
f  124/124/98 51/51/43 128/128/100
f  124/124/98 128/128/100 126/126/99
f  128/128/100 51/51/43 43/43/36
f  129/129/97 126/126/99 130/130/101
f  131/131/97 132/132/101 133/133/102
f  126/126/99 128/128/100 134/134/103
f  126/126/99 134/134/103 130/130/101
f  134/134/103 128/128/100 43/43/36
f  130/130/101 134/134/103 135/135/104
f  134/134/103 43/43/36 136/136/105
f  134/134/103 136/136/105 135/135/104
f  136/136/105 43/43/36 33/33/30
f  130/130/101 135/135/104 137/137/106
f  136/136/105 33/33/30 35/35/18
f  137/137/106 135/135/104 138/138/107
f  137/137/106 138/138/107 139/139/108
f  139/139/108 138/138/107 140/140/109
f  140/140/109 138/138/107 8/8/6
f  141/141/110 135/135/104 136/136/105
f  135/135/104 141/141/110 138/138/107
f  141/141/110 136/136/105 35/35/18
f  8/8/6 138/138/107 142/142/111
f  142/142/111 138/138/107 141/141/110
f  8/8/6 142/142/111 6/6/5
f  141/141/110 35/35/18 143/143/112
f  141/141/110 143/143/112 142/142/111
f  142/142/111 143/143/112 6/6/5
f  143/143/112 35/35/18 144/144/8
f  143/143/112 144/144/8 6/6/5
f  77/77/61 76/76/60 145/145/113
f  145/145/113 76/76/60 146/146/114
f  145/145/113 146/146/114 147/147/115
f  72/72/57 73/73/58 76/76/60
f  76/76/60 73/73/58 146/146/114
f  146/146/114 73/73/58 148/148/116
f  147/147/115 146/146/114 149/149/117
f  147/147/115 149/149/117 150/150/118
f  146/146/114 148/148/116 151/151/119
f  146/146/114 151/151/119 149/149/117
f  148/148/116 73/73/58 152/152/120
f  148/148/116 152/152/120 151/151/119
f  152/152/120 73/73/58 69/69/55
f  152/152/120 69/69/55 68/68/54
f  150/150/118 149/149/117 153/153/121
f  153/153/121 149/149/117 151/151/119
f  151/151/119 152/152/120 154/154/122
f  154/154/122 152/152/120 68/68/54
f  154/154/122 68/68/54 155/155/123
f  155/155/123 68/68/54 156/156/51
f  157/157/123 63/63/51 59/59/49
f  154/154/122 155/155/123 158/158/124
f  154/154/122 158/158/124 151/151/119
f  155/155/123 159/159/49 160/160/125
f  161/161/125 59/59/49 60/60/50
f  158/158/124 155/155/123 162/162/126
f  162/162/126 155/155/123 160/160/125
f  162/162/126 160/160/125 163/163/127
f  162/162/126 163/163/127 158/158/124
f  164/164/125 61/61/50 79/79/63
f  79/79/63 61/61/50 64/64/52
f  165/165/128 151/151/119 158/158/124
f  151/151/119 165/165/128 153/153/121
f  165/165/128 158/158/124 166/166/129
f  153/153/121 165/165/128 167/167/130
f  167/167/130 165/165/128 166/166/129
f  153/153/121 167/167/130 168/168/131
f  153/153/121 168/168/131 150/150/118
f  150/150/118 168/168/131 169/169/132
f  169/169/132 168/168/131 170/170/133
f  171/171/132 172/172/133 173/173/134
f  173/173/134 172/172/133 174/174/135
f  172/172/133 175/175/131 176/176/136
f  177/177/136 168/168/131 167/167/130
f  174/174/135 172/172/133 178/178/137
f  178/178/137 172/172/133 179/179/138
f  179/179/138 172/172/133 176/176/136
f  174/174/135 178/178/137 180/180/139
f  180/180/139 178/178/137 179/179/138
f  174/174/135 180/180/139 181/181/140
f  181/181/140 180/180/139 182/182/141
f  181/181/140 182/182/141 183/183/142
f  183/183/142 182/182/141 184/184/143
f  185/185/142 186/186/143 187/187/144
f  184/184/143 182/182/141 188/188/145
f  188/188/145 182/182/141 180/180/139
f  189/189/143 190/190/145 191/191/146
f  188/188/145 180/180/139 192/192/147
f  192/192/147 180/180/139 179/179/138
f  188/188/145 192/192/147 193/193/148
f  188/188/145 193/193/148 194/194/149
f  192/192/147 179/179/138 195/195/150
f  192/192/147 195/195/150 193/193/148
f  195/195/150 179/179/138 196/196/151
f  193/193/148 195/195/150 197/197/152
f  197/197/152 195/195/150 196/196/151
f  193/193/148 197/197/152 198/198/153
f  193/193/148 198/198/153 199/199/154
f  198/198/153 197/197/152 200/200/155
f  200/200/155 197/197/152 196/196/151
f  196/196/151 179/179/138 176/176/136
f  200/200/155 196/196/151 201/201/156
f  201/201/156 196/196/151 176/176/136
f  200/200/155 201/201/156 202/202/157
f  202/202/157 201/201/156 176/176/136
f  203/203/155 204/204/157 205/205/158
f  205/205/158 204/204/157 206/206/159
f  202/202/157 176/176/136 207/207/160
f  204/204/157 208/208/160 206/206/159
f  209/209/160 177/177/136 167/167/130
f  209/209/160 167/167/130 166/166/129
f  209/209/160 166/166/129 210/210/159
f  210/210/159 166/166/129 211/211/161
f  206/206/159 212/212/161 213/213/162
f  214/214/162 211/211/161 215/215/163
f  211/211/161 166/166/129 216/216/164
f  211/211/161 216/216/164 215/215/163
f  216/216/164 166/166/129 217/217/165
f  217/217/165 166/166/129 158/158/124
f  217/217/165 158/158/124 163/163/127
f  216/216/164 217/217/165 218/218/166
f  218/218/166 217/217/165 163/163/127
f  215/215/163 216/216/164 219/219/167
f  219/219/167 216/216/164 218/218/166
f  215/215/163 219/219/167 220/220/168
f  218/218/166 163/163/127 221/221/169
f  218/218/166 221/221/169 219/219/167
f  221/221/169 163/163/127 222/222/170
f  222/222/170 163/163/127 160/160/125
f  223/223/168 224/224/167 225/225/171
f  222/222/170 160/160/125 226/226/63
f  219/219/167 221/221/169 227/227/172
f  227/227/172 221/221/169 222/222/170
f  222/222/170 226/226/63 228/228/173
f  222/222/170 228/228/173 227/227/172
f  82/82/66 79/79/63 78/78/62
f  228/228/173 226/226/63 229/229/174
f  230/230/174 79/79/63 82/82/66
f  230/230/174 82/82/66 231/231/175
f  231/231/175 82/82/66 81/81/65
f  230/230/174 231/231/175 232/232/176
f  233/233/173 234/234/174 235/235/177
f  233/233/173 235/235/177 236/236/172
f  235/235/177 234/234/174 237/237/176
f  238/238/178 224/224/167 236/236/172
f  238/238/178 236/236/172 235/235/177
f  224/224/167 238/238/178 225/225/171
f  239/239/176 240/240/175 241/241/179
f  238/238/178 235/235/177 242/242/180
f  242/242/180 235/235/177 237/237/176
f  225/225/171 238/238/178 243/243/181
f  243/243/181 238/238/178 242/242/180
f  242/242/180 237/237/176 244/244/182
f  242/242/180 244/244/182 243/243/181
f  237/237/176 245/245/179 246/246/183
f  237/237/176 246/246/183 244/244/182
f  225/225/171 243/243/181 247/247/184
f  247/247/184 243/243/181 244/244/182
f  248/248/185 249/249/186 225/225/171
f  248/248/185 225/225/171 247/247/184
f  248/248/185 247/247/184 250/250/187
f  251/251/183 241/241/179 252/252/188
f  252/252/188 241/241/179 253/253/189
f  252/252/188 253/253/189 254/254/190
f  246/246/183 255/255/188 256/256/191
f  246/246/183 256/256/191 244/244/182
f  252/252/188 254/254/190 257/257/192
f  258/258/188 259/259/192 260/260/191
f  257/257/192 254/254/190 261/261/193
f  261/261/193 254/254/190 262/262/194
f  259/259/192 263/263/193 264/264/195
f  264/264/195 263/263/193 265/265/196
f  260/260/191 259/259/192 266/266/197
f  266/266/197 259/259/192 264/264/195
f  264/264/195 265/265/196 267/267/198
f  266/266/197 264/264/195 268/268/199
f  260/260/191 266/266/197 269/269/200
f  269/269/200 266/266/197 268/268/199
f  268/268/199 264/264/195 270/270/201
f  270/270/201 264/264/195 267/267/198
f  268/268/199 270/270/201 269/269/200
f  270/270/201 267/267/198 271/271/202
f  271/271/202 267/267/198 272/272/203
f  272/272/203 267/267/198 273/273/204
f  272/272/203 273/273/204 274/274/205
f  272/272/203 274/274/205 275/275/206
f  275/275/206 274/274/205 276/276/207
f  276/276/207 274/274/205 277/277/208
f  278/278/209 269/269/200 270/270/201
f  278/278/209 270/270/201 279/279/210
f  269/269/200 278/278/209 280/280/211
f  281/281/211 282/282/209 283/283/212
f  284/284/200 281/281/211 285/285/213
f  284/284/200 285/285/213 286/286/191
f  286/286/191 285/285/213 244/244/182
f  244/244/182 285/285/213 287/287/214
f  287/287/214 285/285/213 281/281/211
f  244/244/182 287/287/214 247/247/184
f  281/281/211 283/283/212 288/288/215
f  281/281/211 288/288/215 287/287/214
f  287/287/214 288/288/215 247/247/184
f  288/288/215 283/283/212 250/250/187
f  288/288/215 250/250/187 247/247/184
f  193/193/148 199/199/154 194/194/149
f  191/191/146 190/190/145 289/289/149
f  191/191/146 289/289/149 290/290/216
f  289/289/149 291/291/154 292/292/217
f  290/290/216 289/289/149 293/293/218
f  293/293/218 289/289/149 292/292/217
f  292/292/217 291/291/154 294/294/219
f  295/295/219 199/199/154 198/198/153
f  295/295/219 198/198/153 296/296/220
f  297/297/219 298/298/220 299/299/221
f  292/292/217 294/294/219 300/300/222
f  293/293/218 292/292/217 301/301/223
f  301/301/223 292/292/217 300/300/222
f  300/300/222 294/294/219 302/302/224
f  300/300/222 302/302/224 301/301/223
f  294/294/219 303/303/221 304/304/225
f  294/294/219 304/304/225 302/302/224
f  304/304/225 303/303/221 305/305/226
f  305/305/226 303/303/221 306/306/227
f  304/304/225 305/305/226 307/307/228
f  304/304/225 307/307/228 302/302/224
f  302/302/224 307/307/228 308/308/229
f  302/302/224 308/308/229 301/301/223
f  308/308/229 307/307/228 309/309/230
f  301/301/223 308/308/229 310/310/231
f  311/311/232 293/293/218 301/301/223
f  311/311/232 301/301/223 310/310/231
f  293/293/218 311/311/232 290/290/216
f  310/310/231 308/308/229 312/312/233
f  308/308/229 309/309/230 313/313/234
f  308/308/229 313/313/234 312/312/233
f  313/313/234 309/309/230 314/314/235
f  314/314/235 309/309/230 315/315/236
f  312/312/233 313/313/234 316/316/237
f  312/312/233 316/316/237 310/310/231
f  313/313/234 314/314/235 317/317/238
f  313/313/234 317/317/238 316/316/237
f  314/314/235 315/315/236 318/318/239
f  318/318/239 315/315/236 319/319/240
f  317/317/238 314/314/235 320/320/241
f  320/320/241 314/314/235 318/318/239
f  318/318/239 319/319/240 321/321/242
f  318/318/239 321/321/242 320/320/241
f  321/321/242 319/319/240 322/322/243
f  323/323/244 316/316/237 317/317/238
f  323/323/244 317/317/238 320/320/241
f  316/316/237 323/323/244 324/324/245
f  316/316/237 324/324/245 310/310/231
f  321/321/242 322/322/243 325/325/246
f  325/325/246 322/322/243 326/326/247
f  327/327/248 320/320/241 321/321/242
f  321/321/242 325/325/246 328/328/249
f  321/321/242 328/328/249 327/327/248
f  320/320/241 327/327/248 329/329/250
f  320/320/241 329/329/250 323/323/244
f  329/329/250 327/327/248 328/328/249
f  325/325/246 326/326/247 330/330/251
f  330/330/251 326/326/247 331/331/252
f  330/330/251 331/331/252 332/332/253
f  325/325/246 330/330/251 333/333/254
f  325/325/246 333/333/254 328/328/249
f  330/330/251 332/332/253 334/334/255
f  330/330/251 334/334/255 333/333/254
f  334/334/255 332/332/253 335/335/256
f  335/335/256 332/332/253 336/336/257
f  337/337/258 338/338/259 339/339/260
f  340/340/261 341/341/258 342/342/260
f  341/341/258 340/340/261 343/343/262
f  340/340/261 342/342/260 344/344/263
f  345/345/263 346/346/260 347/347/264
f  344/344/263 348/348/264 349/349/265
f  340/340/261 344/344/263 350/350/266
f  340/340/261 350/350/266 343/343/262
f  344/344/263 349/349/265 351/351/267
f  343/343/262 350/350/266 352/352/268
f  353/353/262 354/354/268 355/355/269
f  350/350/266 344/344/263 356/356/270
f  356/356/270 344/344/263 351/351/267
f  352/352/268 350/350/266 357/357/271
f  357/357/271 350/350/266 356/356/270
f  358/358/269 359/359/268 360/360/272
f  352/352/268 357/357/271 361/361/273
f  352/352/268 361/361/273 362/362/272
f  361/361/273 357/357/271 363/363/274
f  357/357/271 356/356/270 364/364/275
f  357/357/271 364/364/275 363/363/274
f  364/364/275 356/356/270 365/365/276
f  365/365/276 356/356/270 351/351/267
f  365/365/276 351/351/267 366/366/277
f  366/366/277 351/351/267 349/349/265
f  366/366/277 349/349/265 367/367/278
f  366/366/277 367/367/278 368/368/279
f  368/368/279 367/367/278 369/369/280
f  368/368/279 369/369/280 370/370/281
f  366/366/277 368/368/279 371/371/282
f  366/366/277 371/371/282 365/365/276
f  368/368/279 370/370/281 372/372/283
f  372/372/283 370/370/281 373/373/284
f  371/371/282 368/368/279 374/374/285
f  374/374/285 368/368/279 372/372/283
f  365/365/276 371/371/282 375/375/286
f  375/375/286 371/371/282 374/374/285
f  365/365/276 375/375/286 364/364/275
f  372/372/283 373/373/284 376/376/287
f  376/376/287 373/373/284 187/187/144
f  376/376/287 187/187/144 186/186/143
f  376/376/287 186/186/143 377/377/288
f  376/376/287 377/377/288 372/372/283
f  378/378/288 189/189/143 191/191/146
f  378/378/288 191/191/146 290/290/216
f  372/372/283 377/377/288 379/379/289
f  379/379/289 377/377/288 380/380/216
f  372/372/283 379/379/289 374/374/285
f  381/381/289 290/290/216 382/382/290
f  382/382/290 290/290/216 311/311/232
f  374/374/285 379/379/289 383/383/291
f  374/374/285 383/383/291 375/375/286
f  379/379/289 384/384/290 385/385/292
f  379/379/289 385/385/292 383/383/291
f  375/375/286 383/383/291 386/386/293
f  386/386/293 383/383/291 385/385/292
f  375/375/286 386/386/293 364/364/275
f  387/387/290 311/311/232 388/388/294
f  387/387/290 388/388/294 389/389/292
f  388/388/294 311/311/232 310/310/231
f  364/364/275 386/386/293 363/363/274
f  388/388/294 310/310/231 324/324/245
f  386/386/293 385/385/292 390/390/295
f  390/390/295 385/385/292 391/391/294
f  363/363/274 386/386/293 392/392/296
f  392/392/296 386/386/293 390/390/295
f  393/393/295 388/388/294 394/394/297
f  390/390/295 395/395/297 392/392/296
f  388/388/294 324/324/245 396/396/298
f  388/388/294 396/396/298 394/394/297
f  396/396/298 324/324/245 323/323/244
f  396/396/298 323/323/244 329/329/250
f  397/397/297 396/396/298 398/398/299
f  395/395/297 399/399/299 392/392/296
f  398/398/299 396/396/298 329/329/250
f  392/392/296 399/399/299 400/400/300
f  392/392/296 400/400/300 363/363/274
f  398/398/299 329/329/250 401/401/301
f  399/399/299 402/402/301 400/400/300
f  401/401/301 329/329/250 403/403/302
f  403/403/302 329/329/250 328/328/249
f  400/400/300 402/402/301 404/404/303
f  401/401/301 403/403/302 405/405/304
f  405/405/304 403/403/302 328/328/249
f  406/406/301 407/407/304 408/408/303
f  409/409/305 363/363/274 400/400/300
f  409/409/305 400/400/300 404/404/303
f  363/363/274 409/409/305 361/361/273
f  361/361/273 409/409/305 362/362/272
f  405/405/304 328/328/249 410/410/306
f  410/410/306 328/328/249 333/333/254
f  408/408/303 407/407/304 411/411/307
f  411/411/307 407/407/304 412/412/306
f  413/413/305 408/408/303 414/414/308
f  413/413/305 414/414/308 360/360/272
f  414/414/308 408/408/303 415/415/309
f  415/415/309 408/408/303 411/411/307
f  360/360/272 414/414/308 416/416/310
f  360/360/272 416/416/310 417/417/311
f  360/360/272 417/417/311 358/358/269
f  416/416/310 414/414/308 418/418/312
f  418/418/312 414/414/308 415/415/309
f  416/416/310 418/418/312 417/417/311
f  417/417/311 418/418/312 358/358/269
f  418/418/312 415/415/309 411/411/307
f  418/418/312 411/411/307 419/419/313
f  419/419/313 411/411/307 420/420/314
f  420/420/314 411/411/307 412/412/306
f  419/419/313 420/420/314 421/421/315
f  420/420/314 412/412/306 422/422/316
f  420/420/314 422/422/316 421/421/315
f  423/423/316 410/410/306 333/333/254
f  423/423/316 333/333/254 334/334/255
f  421/421/315 422/422/316 424/424/317
f  425/425/317 423/423/316 334/334/255
f  421/421/315 426/426/318 427/427/319
f  198/198/153 200/200/155 296/296/220
f  298/298/220 203/203/155 428/428/320
f  428/428/320 203/203/155 205/205/158
f  298/298/220 428/428/320 429/429/321
f  298/298/220 429/429/321 299/299/221
f  299/299/221 429/429/321 430/430/322
f  299/299/221 430/430/322 431/431/227
f  431/431/227 430/430/322 432/432/323
f  430/430/322 429/429/321 433/433/324
f  433/433/324 429/429/321 428/428/320
f  432/432/323 430/430/322 434/434/325
f  434/434/325 430/430/322 433/433/324
f  435/435/323 436/436/325 437/437/326
f  435/435/323 437/437/326 438/438/327
f  433/433/324 428/428/320 439/439/328
f  439/439/328 428/428/320 205/205/158
f  434/434/325 433/433/324 440/440/329
f  440/440/329 433/433/324 439/439/328
f  441/441/326 434/434/325 442/442/330
f  442/442/330 434/434/325 440/440/329
f  438/438/327 437/437/326 443/443/331
f  438/438/327 443/443/331 444/444/332
f  444/444/332 443/443/331 445/445/333
f  443/443/331 437/437/326 446/446/334
f  446/446/334 437/437/326 447/447/330
f  445/445/333 443/443/331 448/448/335
f  448/448/335 443/443/331 446/446/334
f  445/445/333 448/448/335 449/449/336
f  445/445/333 449/449/336 450/450/337
f  450/450/337 449/449/336 451/451/338
f  448/448/335 446/446/334 452/452/339
f  453/453/334 442/442/330 454/454/340
f  446/446/334 455/455/340 452/452/339
f  454/454/340 442/442/330 456/456/341
f  456/456/341 442/442/330 440/440/329
f  457/457/342 449/449/336 448/448/335
f  457/457/342 448/448/335 452/452/339
f  449/449/336 457/457/342 458/458/343
f  449/449/336 458/458/343 451/451/338
f  457/457/342 452/452/339 459/459/344
f  457/457/342 459/459/344 458/458/343
f  460/460/345 461/461/339 454/454/340
f  460/460/345 454/454/340 456/456/341
f  459/459/344 452/452/339 462/462/346
f  462/462/346 452/452/339 463/463/345
f  458/458/343 459/459/344 464/464/347
f  464/464/347 459/459/344 462/462/346
f  465/465/346 466/466/345 467/467/348
f  462/462/346 468/468/348 464/464/347
f  467/467/348 466/466/345 469/469/349
f  464/464/347 468/468/348 470/470/350
f  471/471/350 467/467/348 469/469/349
f  458/458/343 464/464/347 472/472/351
f  473/473/352 451/451/338 458/458/343
f  473/473/352 458/458/343 472/472/351
f  451/451/338 473/473/352 474/474/353
f  475/475/353 476/476/352 477/477/354
f  472/472/351 464/464/347 478/478/355
f  478/478/355 464/464/347 470/470/350
f  472/472/351 478/478/355 479/479/356
f  473/473/352 472/472/351 480/480/357
f  480/480/357 472/472/351 479/479/356
f  477/477/354 476/476/352 481/481/358
f  481/481/358 476/476/352 482/482/357
f  478/478/355 470/470/350 483/483/359
f  478/478/355 483/483/359 479/479/356
f  480/480/357 479/479/356 484/484/360
f  482/482/357 485/485/360 481/481/358
f  477/477/354 481/481/358 486/486/361
f  484/484/360 479/479/356 487/487/362
f  477/477/354 486/486/361 488/488/363
f  477/477/354 488/488/363 489/489/364
f  486/486/361 481/481/358 490/490/365
f  486/486/361 490/490/365 488/488/363
f  487/487/362 479/479/356 491/491/366
f  491/491/366 479/479/356 483/483/359
f  484/484/360 487/487/362 492/492/367
f  493/493/367 494/494/362 495/495/366
f  496/496/368 481/481/358 485/485/360
f  481/481/358 496/496/368 490/490/365
f  497/497/360 493/493/367 498/498/369
f  485/485/360 499/499/369 496/496/368
f  493/493/367 495/495/366 500/500/370
f  498/498/369 493/493/367 501/501/371
f  501/501/371 493/493/367 500/500/370
f  498/498/369 501/501/371 502/502/372
f  503/503/368 504/504/369 505/505/373
f  506/506/373 498/498/369 502/502/372
f  502/502/372 501/501/371 507/507/374
f  502/502/372 507/507/374 506/506/373
f  501/501/371 500/500/370 508/508/375
f  509/509/376 500/500/370 495/495/366
f  500/500/370 509/509/376 508/508/375
f  509/509/376 495/495/366 510/510/377
f  511/511/377 491/491/366 483/483/359
f  501/501/371 508/508/375 512/512/378
f  501/501/371 512/512/378 507/507/374
f  508/508/375 509/509/376 513/513/379
f  512/512/378 508/508/375 514/514/380
f  514/514/380 508/508/375 513/513/379
f  512/512/378 514/514/380 515/515/381
f  514/514/380 513/513/379 516/516/382
f  515/515/381 514/514/380 517/517/383
f  513/513/379 509/509/376 518/518/384
f  518/518/384 509/509/376 510/510/377
f  516/516/382 513/513/379 519/519/385
f  519/519/385 513/513/379 518/518/384
f  516/516/382 519/519/385 520/520/386
f  520/520/386 519/519/385 521/521/387
f  521/521/387 519/519/385 522/522/388
f  522/522/388 519/519/385 518/518/384
f  522/522/388 518/518/384 523/523/389
f  518/518/384 510/510/377 524/524/390
f  518/518/384 524/524/390 523/523/389
f  525/525/389 526/526/390 527/527/391
f  525/525/389 527/527/391 528/528/392
f  526/526/390 529/529/377 530/530/393
f  526/526/390 530/530/393 527/527/391
f  530/530/393 529/529/377 531/531/394
f  532/532/394 511/511/377 483/483/359
f  532/532/394 483/483/359 470/470/350
f  531/531/394 471/471/350 533/533/395
f  531/531/394 533/533/395 530/530/393
f  533/533/395 471/471/350 469/469/349
f  527/527/391 530/530/393 534/534/396
f  527/527/391 534/534/396 535/535/397
f  535/535/397 534/534/396 536/536/398
f  536/536/398 534/534/396 537/537/399
f  533/533/395 469/469/349 538/538/400
f  533/533/395 538/538/400 530/530/393
f  537/537/399 534/534/396 539/539/401
f  534/534/396 530/530/393 540/540/402
f  534/534/396 540/540/402 539/539/401
f  530/530/393 538/538/400 541/541/403
f  530/530/393 541/541/403 540/540/402
f  540/540/402 541/541/403 542/542/404
f  540/540/402 542/542/404 539/539/401
f  543/543/405 544/544/406 537/537/399
f  545/545/407 537/537/399 539/539/401
f  537/537/399 545/545/407 543/543/405
f  545/545/407 539/539/401 546/546/408
f  543/543/405 545/545/407 547/547/409
f  543/543/405 547/547/409 548/548/410
f  548/548/410 547/547/409 549/549/411
f  547/547/409 545/545/407 550/550/412
f  550/550/412 545/545/407 546/546/408
f  549/549/411 547/547/409 551/551/413
f  551/551/413 547/547/409 550/550/412
f  549/549/411 551/551/413 552/552/414
f  553/553/414 554/554/413 555/555/415
f  556/556/416 546/546/408 539/539/401
f  546/546/408 556/556/416 550/550/412
f  556/556/416 539/539/401 542/542/404
f  555/555/415 554/554/413 557/557/417
f  557/557/417 554/554/413 558/558/412
f  555/555/415 557/557/417 559/559/418
f  559/559/418 557/557/417 560/560/207
f  557/557/417 558/558/412 561/561/419
f  557/557/417 561/561/419 560/560/207
f  561/561/419 558/558/412 562/562/416
f  560/560/207 561/561/419 563/563/206
f  564/564/420 562/562/416 542/542/404
f  562/562/416 564/564/420 561/561/419
f  563/563/206 561/561/419 565/565/421
f  565/565/421 561/561/419 564/564/420
f  275/275/206 566/566/421 271/271/202
f  275/275/206 271/271/202 272/272/203
f  565/565/421 564/564/420 567/567/422
f  566/566/421 568/568/422 271/271/202
f  564/564/420 542/542/404 569/569/423
f  564/564/420 569/569/423 567/567/422
f  569/569/423 542/542/404 570/570/424
f  570/570/424 542/542/404 541/541/403
f  271/271/202 568/568/422 279/279/210
f  271/271/202 279/279/210 270/270/201
f  571/571/422 572/572/423 573/573/425
f  279/279/210 568/568/422 574/574/426
f  575/575/426 571/571/422 573/573/425
f  576/576/212 278/278/209 279/279/210
f  283/283/212 577/577/210 575/575/426
f  283/283/212 575/575/426 250/250/187
f  250/250/187 575/575/426 248/248/185
f  248/248/185 575/575/426 249/249/186
f  249/249/186 575/575/426 573/573/425
f  578/578/427 579/579/425 569/569/423
f  573/573/425 580/580/427 249/249/186
f  578/578/427 569/569/423 570/570/424
f  223/223/168 225/225/171 249/249/186
f  578/578/427 570/570/424 581/581/428
f  249/249/186 580/580/427 582/582/429
f  249/249/186 582/582/429 223/223/168
f  583/583/429 578/578/427 581/581/428
f  223/223/168 582/582/429 584/584/430
f  585/585/430 583/583/429 581/581/428
f  223/223/168 584/584/430 586/586/163
f  587/587/163 588/588/430 213/213/162
f  585/585/430 581/581/428 589/589/431
f  588/588/430 590/590/431 213/213/162
f  591/591/432 581/581/428 570/570/424
f  591/591/432 570/570/424 541/541/403
f  591/591/432 541/541/403 538/538/400
f  581/581/428 591/591/432 592/592/433
f  581/581/428 592/592/433 593/593/431
f  591/591/432 538/538/400 594/594/434
f  591/591/432 594/594/434 592/592/433
f  594/594/434 538/538/400 469/469/349
f  594/594/434 469/469/349 595/595/435
f  594/594/434 595/595/435 592/592/433
f  595/595/435 469/469/349 466/466/345
f  596/596/435 460/460/345 456/456/341
f  592/592/433 595/595/435 597/597/436
f  598/598/436 596/596/435 456/456/341
f  599/599/433 598/598/436 600/600/431
f  598/598/436 456/456/341 601/601/437
f  601/601/437 456/456/341 440/440/329
f  601/601/437 440/440/329 439/439/328
f  601/601/437 439/439/328 205/205/158
f  598/598/436 601/601/437 602/602/438
f  602/602/438 601/601/437 205/205/158
f  598/598/436 602/602/438 600/600/431
f  603/603/438 205/205/158 206/206/159
f  590/590/431 603/603/438 213/213/162
f  213/213/162 603/603/438 206/206/159
f  604/604/227 435/435/323 605/605/226
f  605/605/226 435/435/323 438/438/327
f  605/605/226 438/438/327 606/606/228
f  606/606/228 438/438/327 607/607/439
f  307/307/228 608/608/439 309/309/230
f  607/607/439 438/438/327 444/444/332
f  609/609/230 607/607/439 610/610/440
f  607/607/439 444/444/332 611/611/441
f  607/607/439 611/611/441 610/610/440
f  611/611/441 444/444/332 612/612/442
f  612/612/442 444/444/332 445/445/333
f  612/612/442 445/445/333 450/450/337
f  309/309/230 613/613/440 614/614/443
f  309/309/230 614/614/443 315/315/236
f  315/315/236 614/614/443 319/319/240
f  614/614/443 613/613/440 615/615/444
f  614/614/443 615/615/444 319/319/240
f  616/616/444 610/610/440 611/611/441
f  617/617/445 611/611/441 612/612/442
f  611/611/441 617/617/445 616/616/444
f  618/618/446 612/612/442 450/450/337
f  612/612/442 618/618/446 617/617/445
f  618/618/446 450/450/337 619/619/447
f  619/619/447 450/450/337 451/451/338
f  619/619/447 451/451/338 474/474/353
f  618/618/446 619/619/447 620/620/448
f  620/620/448 619/619/447 474/474/353
f  617/617/445 618/618/446 621/621/449
f  621/621/449 618/618/446 620/620/448
f  620/620/448 474/474/353 622/622/450
f  623/623/450 475/475/353 477/477/354
f  623/623/450 477/477/354 489/489/364
f  620/620/448 622/622/450 624/624/451
f  620/620/448 624/624/451 621/621/449
f  623/623/450 489/489/364 625/625/452
f  623/623/450 625/625/452 626/626/451
f  625/625/452 489/489/364 627/627/453
f  627/627/453 489/489/364 488/488/363
f  627/627/453 488/488/363 628/628/454
f  629/629/452 630/630/453 631/631/455
f  631/631/455 630/630/453 632/632/454
f  629/629/452 631/631/455 633/633/456
f  625/625/452 634/634/456 626/626/451
f  631/631/455 632/632/454 635/635/457
f  635/635/457 632/632/454 636/636/458
f  637/637/457 638/638/458 639/639/459
f  631/631/455 635/635/457 640/640/460
f  631/631/455 640/640/460 633/633/456
f  637/637/457 639/639/459 641/641/461
f  635/635/457 642/642/461 640/640/460
f  641/641/461 639/639/459 643/643/462
f  641/641/461 643/643/462 644/644/463
f  645/645/461 646/646/463 647/647/460
f  643/643/462 639/639/459 648/648/464
f  649/649/462 650/650/464 646/646/463
f  648/648/464 639/639/459 651/651/465
f  651/651/465 639/639/459 652/652/466
f  648/648/464 651/651/465 653/653/467
f  654/654/467 655/655/465 656/656/466
f  657/657/468 658/658/469 656/656/466
f  656/656/466 658/658/469 654/654/467
f  654/654/467 658/658/469 659/659/470
f  659/659/470 658/658/469 660/660/471
f  659/659/470 660/660/471 661/661/472
f  659/659/470 661/661/472 662/662/473
f  654/654/467 659/659/470 663/663/474
f  664/664/467 665/665/474 666/666/475
f  664/664/467 666/666/475 650/650/464
f  650/650/464 666/666/475 667/667/476
f  650/650/464 667/667/476 646/646/463
f  667/667/476 666/666/475 668/668/477
f  667/667/476 668/668/477 646/646/463
f  668/668/477 666/666/475 669/669/478
f  646/646/463 668/668/477 670/670/479
f  670/670/479 668/668/477 671/671/480
f  671/671/480 668/668/477 672/672/481
f  646/646/463 670/670/479 673/673/482
f  673/673/482 670/670/479 671/671/480
f  646/646/463 673/673/482 647/647/460
f  671/671/480 672/672/481 674/674/483
f  647/647/460 673/673/482 675/675/484
f  671/671/480 674/674/483 676/676/485
f  676/676/485 674/674/483 677/677/486
f  673/673/482 671/671/480 678/678/487
f  673/673/482 678/678/487 675/675/484
f  678/678/487 671/671/480 676/676/485
f  676/676/485 677/677/486 679/679/488
f  678/678/487 676/676/485 680/680/489
f  678/678/487 680/680/489 675/675/484
f  681/681/490 647/647/460 675/675/484
f  647/647/460 681/681/490 682/682/456
f  681/681/490 675/675/484 683/683/491
f  681/681/490 683/683/491 682/682/456
f  683/683/491 675/675/484 684/684/492
f  684/684/492 675/675/484 680/680/489
f  685/685/456 686/686/491 687/687/493
f  688/688/494 680/680/489 676/676/485
f  680/680/489 688/688/494 684/684/492
f  688/688/494 676/676/485 689/689/495
f  689/689/495 676/676/485 679/679/488
f  683/683/491 684/684/492 690/690/496
f  683/683/491 690/690/496 691/691/493
f  684/684/492 688/688/494 692/692/497
f  684/684/492 692/692/497 690/690/496
f  688/688/494 689/689/495 693/693/498
f  688/688/494 693/693/498 692/692/497
f  689/689/495 679/679/488 694/694/499
f  689/689/495 694/694/499 693/693/498
f  694/694/499 679/679/488 695/695/500
f  694/694/499 695/695/500 696/696/501
f  694/694/499 696/696/501 697/697/502
f  694/694/499 697/697/502 693/693/498
f  697/697/502 696/696/501 698/698/503
f  699/699/504 692/692/497 693/693/498
f  692/692/497 699/699/504 690/690/496
f  699/699/504 693/693/498 697/697/502
f  697/697/502 698/698/503 700/700/505
f  699/699/504 697/697/502 701/701/506
f  690/690/496 699/699/504 702/702/507
f  702/702/507 699/699/504 701/701/506
f  701/701/506 697/697/502 703/703/508
f  704/704/508 705/705/502 706/706/505
f  707/707/506 708/708/508 709/709/507
f  704/704/508 710/710/509 711/711/510
f  708/708/508 712/712/510 713/713/511
f  709/709/507 708/708/508 714/714/512
f  714/714/512 715/715/513 716/716/514
f  714/714/512 336/336/257 717/717/515
f  714/714/512 717/717/515 709/709/507
f  717/717/515 336/336/257 332/332/253
f  709/709/507 717/717/515 718/718/516
f  702/702/507 719/719/516 690/690/496
f  717/717/515 332/332/253 720/720/517
f  717/717/515 720/720/517 718/718/516
f  720/720/517 332/332/253 331/331/252
f  690/690/496 719/719/516 691/691/493
f  326/326/247 322/322/243 331/331/252
f  687/687/493 721/721/516 722/722/518
f  331/331/252 322/322/243 723/723/519
f  331/331/252 723/723/519 720/720/517
f  723/723/519 322/322/243 724/724/520
f  724/724/520 322/322/243 319/319/240
f  724/724/520 319/319/240 615/615/444
f  723/723/519 724/724/520 725/725/521
f  725/725/521 724/724/520 615/615/444
f  720/720/517 723/723/519 726/726/522
f  726/726/522 723/723/519 725/725/521
f  720/720/517 726/726/522 718/718/516
f  727/727/521 616/616/444 728/728/523
f  728/728/523 616/616/444 617/617/445
f  729/729/522 727/727/521 730/730/524
f  730/730/524 727/727/521 728/728/523
f  721/721/516 729/729/522 731/731/525
f  731/731/525 729/729/522 730/730/524
f  721/721/516 731/731/525 722/722/518
f  728/728/523 617/617/445 732/732/526
f  732/732/526 617/617/445 621/621/449
f  722/722/518 731/731/525 733/733/527
f  733/733/527 731/731/525 730/730/524
f  722/722/518 733/733/527 687/687/493
f  728/728/523 732/732/526 734/734/528
f  734/734/528 732/732/526 621/621/449
f  728/728/523 734/734/528 730/730/524
f  734/734/528 621/621/449 735/735/529
f  734/734/528 735/735/529 730/730/524
f  730/730/524 735/735/529 733/733/527
f  735/735/529 621/621/449 624/624/451
f  735/735/529 624/624/451 733/733/527
f  736/736/530 687/687/493 733/733/527
f  736/736/530 733/733/527 624/624/451
f  687/687/493 736/736/530 685/685/456
f  634/634/456 737/737/530 626/626/451
f  738/738/531 739/739/532 740/740/533
f  740/740/533 739/739/532 741/741/534
f  741/741/534 739/739/532 742/742/535
f  741/741/534 742/742/535 743/743/536
f  741/741/534 743/743/536 744/744/537
f  743/743/536 742/742/535 745/745/538
f  743/743/536 745/745/538 746/746/539
f  743/743/536 746/746/539 747/747/398
f  747/747/398 746/746/539 748/748/397
f  746/746/539 745/745/538 749/749/540
f  748/748/397 746/746/539 750/750/541
f  750/750/541 746/746/539 749/749/540
f  750/750/541 749/749/540 751/751/542
f  750/750/541 751/751/542 752/752/392
f  740/740/533 741/741/534 753/753/543
f  753/753/543 741/741/534 754/754/406
f  755/755/543 544/544/406 543/543/405
f  755/755/543 543/543/405 548/548/410
f  754/754/406 741/741/534 744/744/537
f  544/544/406 756/756/537 537/537/399
f  537/537/399 756/756/537 536/536/398
f  747/747/398 744/744/537 743/743/536
f  748/748/397 750/750/541 752/752/392
f  535/535/397 528/528/392 527/527/391
f  749/749/540 757/757/544 751/751/542
f  751/751/542 757/757/544 758/758/545
f  758/758/545 759/759/546 760/760/547
f  758/758/545 761/761/548 762/762/549
f  763/763/548 764/764/550 765/765/551
f  762/762/549 751/751/542 758/758/545
f  751/751/542 762/762/549 766/766/552
f  751/751/542 766/766/552 752/752/392
f  767/767/392 768/768/552 523/523/389
f  523/523/389 768/768/552 522/522/388
f  522/522/388 768/768/552 769/769/553
f  770/770/553 766/766/552 762/762/549
f  771/771/553 772/772/549 773/773/554
f  771/771/553 773/773/554 774/774/555
f  771/771/553 774/774/555 775/775/556
f  775/775/556 774/774/555 776/776/557
f  775/775/556 776/776/557 777/777/558
f  778/778/558 779/779/557 780/780/559
f  780/780/559 779/779/557 781/781/560
f  769/769/553 782/782/556 783/783/561
f  769/769/553 783/783/561 522/522/388
f  783/783/561 782/782/556 784/784/562
f  522/522/388 783/783/561 785/785/563
f  785/785/563 783/783/561 784/784/562
f  522/522/388 785/785/563 521/521/387
f  785/785/563 784/784/562 520/520/386
f  785/785/563 520/520/386 521/521/387
f  772/772/549 763/763/548 773/773/554
f  773/773/554 763/763/548 774/774/555
f  786/786/564 787/787/565 788/788/566
f  774/774/555 763/763/548 789/789/567
f  774/774/555 789/789/567 790/790/568
f  774/774/555 790/790/568 776/776/557
f  776/776/557 790/790/568 791/791/569
f  779/779/557 792/792/569 781/781/560
f  781/781/560 792/792/569 793/793/570
f  781/781/560 793/793/570 780/780/559
f  793/793/570 792/792/569 794/794/571
f  793/793/570 794/794/571 795/795/572
f  793/793/570 795/795/572 796/796/573
f  795/795/572 794/794/571 797/797/574
f  796/796/573 795/795/572 798/798/575
f  798/798/575 795/795/572 799/799/576
f  795/795/572 797/797/574 800/800/577
f  799/799/576 795/795/572 801/801/578
f  801/801/578 795/795/572 800/800/577
f  799/799/576 801/801/578 802/802/579
f  802/802/579 801/801/578 800/800/577
f  799/799/576 802/802/579 803/803/580
f  803/803/580 802/802/579 804/804/581
f  804/804/581 802/802/579 805/805/582
f  802/802/579 800/800/577 786/786/564
f  805/805/582 802/802/579 806/806/583
f  806/806/583 802/802/579 786/786/564
f  805/805/582 806/806/583 807/807/584
f  807/807/584 806/806/583 808/808/585
f  790/790/568 809/809/586 810/810/587
f  791/791/569 811/811/588 812/812/589
f  794/794/571 813/813/590 814/814/591
f  797/797/574 815/815/592 816/816/593
f  817/817/558 818/818/559 819/819/594
f  819/819/594 818/818/559 820/820/595
f  820/820/595 818/818/559 821/821/573
f  796/796/573 780/780/559 793/793/570
f  817/817/558 819/819/594 822/822/596
f  817/817/558 822/822/596 782/782/556
f  822/822/596 819/819/594 823/823/597
f  822/822/596 823/823/597 824/824/598
f  782/782/556 822/822/596 784/784/562
f  822/822/596 824/824/598 825/825/599
f  822/822/596 825/825/599 784/784/562
f  784/784/562 825/825/599 520/520/386
f  820/820/595 821/821/573 826/826/600
f  826/826/600 821/821/573 827/827/575
f  819/819/594 820/820/595 823/823/597
f  823/823/597 820/820/595 828/828/601
f  828/828/601 820/820/595 826/826/600
f  823/823/597 828/828/601 829/829/602
f  826/826/600 827/827/575 830/830/603
f  831/831/603 832/832/575 833/833/576
f  831/831/603 833/833/576 834/834/580
f  831/831/603 834/834/580 835/835/604
f  835/835/604 834/834/580 836/836/605
f  835/835/604 836/836/605 837/837/606
f  835/835/604 837/837/606 831/831/603
f  837/837/606 836/836/605 838/838/607
f  826/826/600 830/830/603 839/839/608
f  826/826/600 839/839/608 828/828/601
f  840/840/603 841/841/606 842/842/609
f  840/840/603 842/842/609 843/843/608
f  837/837/606 838/838/607 844/844/610
f  845/845/611 829/829/602 828/828/601
f  828/828/601 839/839/608 846/846/612
f  847/847/612 843/843/608 842/842/609
f  848/848/611 849/849/601 850/850/613
f  850/850/613 849/849/601 851/851/612
f  848/848/611 850/850/613 852/852/614
f  853/853/615 842/842/609 841/841/606
f  854/854/615 855/855/606 856/856/610
f  848/848/611 852/852/614 857/857/616
f  848/848/611 857/857/616 858/858/617
f  858/858/617 857/857/616 859/859/618
f  859/859/618 857/857/616 860/860/619
f  857/857/616 852/852/614 861/861/620
f  861/861/620 852/852/614 850/850/613
f  860/860/619 857/857/616 862/862/621
f  862/862/621 857/857/616 861/861/620
f  860/860/619 862/862/621 863/863/622
f  863/863/622 862/862/621 864/864/623
f  862/862/621 861/861/620 865/865/624
f  862/862/621 865/865/624 864/864/623
f  861/861/620 850/850/613 866/866/625
f  866/866/625 850/850/613 851/851/612
f  865/865/624 861/861/620 867/867/626
f  867/867/626 861/861/620 866/866/625
f  865/865/624 867/867/626 868/868/627
f  864/864/623 865/865/624 869/869/628
f  869/869/628 865/865/624 868/868/627
f  868/868/627 867/867/626 870/870/629
f  868/868/627 870/870/629 869/869/628
f  867/867/626 866/866/625 871/871/630
f  867/867/626 871/871/630 870/870/629
f  872/872/631 866/866/625 851/851/612
f  866/866/625 872/872/631 871/871/630
f  873/873/632 864/864/623 869/869/628
f  864/864/623 873/873/632 874/874/633
f  864/864/623 874/874/633 875/875/634
f  874/874/633 873/873/632 876/876/635
f  876/876/635 873/873/632 869/869/628
f  877/877/633 878/878/635 879/879/636
f  879/879/636 878/878/635 880/880/637
f  880/880/637 878/878/635 881/881/638
f  876/876/635 869/869/628 882/882/639
f  878/878/635 883/883/639 881/881/638
f  882/882/639 869/869/628 870/870/629
f  881/881/638 883/883/639 884/884/640
f  884/884/640 883/883/639 885/885/629
f  881/881/638 884/884/640 886/886/641
f  884/884/640 885/885/629 887/887/642
f  884/884/640 887/887/642 886/886/641
f  888/888/642 870/870/629 871/871/630
f  886/886/641 887/887/642 889/889/643
f  887/887/642 890/890/630 891/891/644
f  887/887/642 891/891/644 889/889/643
f  892/892/643 893/893/644 894/894/645
f  893/893/644 895/895/630 896/896/631
f  893/893/644 896/896/631 897/897/646
f  893/893/644 897/897/646 898/898/647
f  898/898/647 897/897/646 899/899/648
f  899/899/648 897/897/646 900/900/649
f  900/900/649 897/897/646 896/896/631
f  899/899/648 900/900/649 901/901/650
f  899/899/648 901/901/650 902/902/651
f  902/902/651 901/901/650 903/903/652
f  903/903/652 901/901/650 900/900/649
f  902/902/651 903/903/652 904/904/653
f  904/904/653 903/903/652 905/905/654
f  906/906/654 907/907/652 908/908/655
f  903/903/652 900/900/649 909/909/656
f  907/907/652 910/910/656 908/908/655
f  911/911/657 900/900/649 896/896/631
f  900/900/649 911/911/657 909/909/656
f  908/908/655 910/910/656 912/912/658
f  908/908/655 912/912/658 913/913/659
f  914/914/656 915/915/657 916/916/660
f  915/915/657 917/917/631 918/918/661
f  915/915/657 918/918/661 916/916/660
f  918/918/661 917/917/631 919/919/662
f  919/919/662 917/917/631 847/847/612
f  919/919/662 847/847/612 842/842/609
f  919/919/662 842/842/609 920/920/663
f  919/919/662 920/920/663 918/918/661
f  920/920/663 842/842/609 853/853/615
f  916/916/660 918/918/661 921/921/664
f  921/921/664 918/918/661 920/920/663
f  922/922/665 914/914/656 916/916/660
f  922/922/665 916/916/660 921/921/664
f  914/914/656 922/922/665 923/923/658
f  920/920/663 853/853/615 924/924/666
f  922/922/665 921/921/664 925/925/667
f  926/926/665 927/927/667 928/928/658
f  929/929/666 854/854/615 856/856/610
f  930/930/668 921/921/664 920/920/663
f  930/930/668 920/920/663 924/924/666
f  929/929/666 856/856/610 931/931/669
f  931/931/669 856/856/610 932/932/670
f  925/925/667 921/921/664 933/933/671
f  933/933/671 921/921/664 930/930/668
f  929/929/666 931/931/669 934/934/672
f  934/934/672 931/931/669 935/935/673
f  930/930/668 924/924/666 936/936/674
f  937/937/674 929/929/666 934/934/672
f  930/930/668 936/936/674 933/933/671
f  937/937/674 934/934/672 938/938/675
f  938/938/675 934/934/672 939/939/676
f  936/936/674 940/940/675 941/941/677
f  936/936/674 941/941/677 933/933/671
f  942/942/677 943/943/675 944/944/678
f  945/945/677 946/946/678 947/947/679
f  948/948/671 949/949/677 950/950/680
f  951/951/680 952/952/677 953/953/679
f  954/954/671 955/955/680 956/956/681
f  954/954/671 956/956/681 927/927/667
f  951/951/680 953/953/679 957/957/682
f  955/955/680 958/958/682 956/956/681
f  927/927/667 956/956/681 928/928/658
f  959/959/682 960/960/679 961/961/683
f  962/962/683 963/963/679 964/964/684
f  959/959/682 961/961/683 965/965/685
f  965/965/685 961/961/683 966/966/686
f  956/956/681 958/958/682 967/967/687
f  968/968/687 969/969/682 970/970/685
f  912/912/658 971/971/681 972/972/688
f  973/973/688 956/956/681 967/967/687
f  912/912/658 972/972/688 913/913/659
f  973/973/688 967/967/687 974/974/689
f  975/975/688 976/976/689 977/977/690
f  978/978/689 968/968/687 979/979/691
f  979/979/691 968/968/687 980/980/692
f  980/980/692 968/968/687 970/970/685
f  981/981/691 982/982/692 983/983/693
f  982/982/692 984/984/685 985/985/694
f  982/982/692 985/985/694 983/983/693
f  985/985/694 984/984/685 986/986/686
f  983/983/693 985/985/694 987/987/695
f  985/985/694 986/986/686 988/988/696
f  987/987/695 985/985/694 989/989/697
f  989/989/697 985/985/694 988/988/696
f  990/990/698 991/991/699 992/992/700
f  992/992/700 991/991/699 902/902/651
f  993/993/699 994/994/701 995/995/702
f  902/902/651 996/996/703 899/899/648
f  997/997/704 998/998/705 999/999/706
f  1000/1000/707 899/899/648 996/996/703
f  899/899/648 1000/1000/707 1001/1001/708
f  899/899/648 1001/1001/708 898/898/647
f  1000/1000/707 996/996/703 1002/1002/709
f  1000/1000/707 1002/1002/709 1001/1001/708
f  1003/1003/710 1004/1004/703 997/997/704
f  1004/1004/703 1003/1003/710 1005/1005/709
f  1003/1003/710 997/997/704 1006/1006/711
f  1005/1005/709 1003/1003/710 1007/1007/712
f  1001/1001/708 1002/1002/709 1008/1008/713
f  1001/1001/708 1008/1008/713 898/898/647
f  1008/1008/713 1002/1002/709 1009/1009/712
f  894/894/645 893/893/644 898/898/647
f  898/898/647 1008/1008/713 1010/1010/714
f  898/898/647 1010/1010/714 894/894/645
f  1010/1010/714 1008/1008/713 1011/1011/715
f  1011/1011/715 1008/1008/713 1009/1009/712
f  894/894/645 1010/1010/714 1012/1012/716
f  894/894/645 1012/1012/716 892/892/643
f  1010/1010/714 1011/1011/715 1013/1013/717
f  1010/1010/714 1013/1013/717 1012/1012/716
f  889/889/643 1014/1014/716 886/886/641
f  1013/1013/717 1011/1011/715 1015/1015/718
f  1015/1015/718 1011/1011/715 1009/1009/712
f  1012/1012/716 1013/1013/717 1016/1016/719
f  1016/1016/719 1013/1013/717 1015/1015/718
f  886/886/641 1014/1014/716 1017/1017/720
f  1017/1017/720 1014/1014/716 1018/1018/719
f  886/886/641 1017/1017/720 1019/1019/721
f  886/886/641 1019/1019/721 881/881/638
f  1017/1017/720 1018/1018/719 1020/1020/722
f  1017/1017/720 1020/1020/722 1021/1021/723
f  1017/1017/720 1021/1021/723 1019/1019/721
f  1019/1019/721 1021/1021/723 1022/1022/724
f  1019/1019/721 1022/1022/724 881/881/638
f  881/881/638 1022/1022/724 880/880/637
f  1020/1020/722 1018/1018/719 1023/1023/725
f  1024/1024/725 1016/1016/719 1015/1015/718
f  1025/1025/725 1026/1026/718 1027/1027/726
f  1027/1027/726 1026/1026/718 1007/1007/712
f  1025/1025/725 1027/1027/726 1028/1028/727
f  1023/1023/725 1029/1029/727 1030/1030/728
f  1028/1028/727 1027/1027/726 1031/1031/729
f  1032/1032/727 1033/1033/729 1034/1034/730
f  1034/1034/730 1033/1033/729 1035/1035/731
f  1027/1027/726 1007/1007/712 1036/1036/732
f  1027/1027/726 1036/1036/732 1031/1031/729
f  1036/1036/732 1007/1007/712 1003/1003/710
f  1036/1036/732 1003/1003/710 1006/1006/711
f  1031/1031/729 1036/1036/732 1037/1037/733
f  1037/1037/733 1036/1036/732 1006/1006/711
f  1033/1033/729 1038/1038/733 1039/1039/734
f  1033/1033/729 1039/1039/734 1040/1040/735
f  1039/1039/734 1041/1041/736 1042/1042/737
f  1039/1039/734 1042/1042/737 1043/1043/738
f  1044/1044/739 1045/1045/740 698/698/503
f  1044/1044/739 698/698/503 696/696/501
f  1044/1044/739 696/696/501 695/695/500
f  1044/1044/739 695/695/500 1046/1046/741
f  1046/1046/741 695/695/500 679/679/488
f  1046/1046/741 679/679/488 677/677/486
f  1044/1044/739 1046/1046/741 1047/1047/742
f  1044/1044/739 1047/1047/742 1045/1045/740
f  1046/1046/741 677/677/486 1048/1048/743
f  1049/1049/744 1045/1045/740 1047/1047/742
f  1046/1046/741 1048/1048/743 1050/1050/745
f  1046/1046/741 1050/1050/745 1047/1047/742
f  1048/1048/743 677/677/486 1051/1051/746
f  1051/1051/746 677/677/486 674/674/483
f  1051/1051/746 674/674/483 672/672/481
f  1048/1048/743 1051/1051/746 1052/1052/747
f  1052/1052/747 1051/1051/746 672/672/481
f  1050/1050/745 1048/1048/743 1053/1053/748
f  1053/1053/748 1048/1048/743 1052/1052/747
f  1054/1054/749 1047/1047/742 1050/1050/745
f  1047/1047/742 1054/1054/749 1055/1055/750
f  1047/1047/742 1055/1055/750 1056/1056/751
f  1047/1047/742 1056/1056/751 1049/1049/744
f  1055/1055/750 1054/1054/749 1057/1057/752
f  1055/1055/750 1057/1057/752 1056/1056/751
f  1054/1054/749 1050/1050/745 1058/1058/753
f  1054/1054/749 1058/1058/753 1057/1057/752
f  1059/1059/754 1050/1050/745 1053/1053/748
f  1050/1050/745 1059/1059/754 1058/1058/753
f  1049/1049/744 1056/1056/751 1060/1060/755
f  1060/1060/755 1056/1056/751 1057/1057/752
f  1049/1049/744 1060/1060/755 1061/1061/756
f  1060/1060/755 1057/1057/752 1062/1062/757
f  1060/1060/755 1062/1062/757 1061/1061/756
f  1063/1063/758 1057/1057/752 1058/1058/753
f  1057/1057/752 1063/1063/758 1062/1062/757
f  1063/1063/758 1058/1058/753 1064/1064/759
f  1064/1064/759 1058/1058/753 1059/1059/754
f  1061/1061/756 1065/1065/760 1066/1066/761
f  1062/1062/757 1063/1063/758 1067/1067/762
f  1063/1063/758 1064/1064/759 1068/1068/763
f  1063/1063/758 1068/1068/763 1067/1067/762
f  1069/1069/764 1062/1062/757 1067/1067/762
f  1070/1070/765 1069/1069/764 1067/1067/762
f  1071/1071/766 1070/1070/765 1072/1072/767
f  1073/1073/766 1074/1074/767 1040/1040/735
f  1072/1072/767 1070/1070/765 1067/1067/762
f  1035/1035/731 1033/1033/729 1040/1040/735
f  1035/1035/731 1040/1040/735 1074/1074/767
f  1075/1075/731 1072/1072/767 1076/1076/768
f  1075/1075/731 1076/1076/768 1077/1077/769
f  1077/1077/769 1076/1076/768 1072/1072/767
f  1075/1075/731 1077/1077/769 1078/1078/730
f  1072/1072/767 1067/1067/762 1079/1079/770
f  1072/1072/767 1079/1079/770 1077/1077/769
f  1079/1079/770 1067/1067/762 1068/1068/763
f  1077/1077/769 1079/1079/770 1080/1080/771
f  1080/1080/771 1079/1079/770 1068/1068/763
f  1078/1078/730 1077/1077/769 1030/1030/728
f  1034/1034/730 1081/1081/728 1032/1032/727
f  1030/1030/728 1077/1077/769 1080/1080/771
f  1030/1030/728 1080/1080/771 1082/1082/772
f  1030/1030/728 1082/1082/772 1023/1023/725
f  1023/1023/725 1082/1082/772 1020/1020/722
f  1020/1020/722 1082/1082/772 1083/1083/773
f  1020/1020/722 1083/1083/773 1021/1021/723
f  1082/1082/772 1080/1080/771 1084/1084/774
f  1082/1082/772 1084/1084/774 1083/1083/773
f  1084/1084/774 1080/1080/771 1085/1085/775
f  1085/1085/775 1080/1080/771 1068/1068/763
f  1083/1083/773 1084/1084/774 1086/1086/776
f  1083/1083/773 1086/1086/776 1021/1021/723
f  1084/1084/774 1085/1085/775 1087/1087/777
f  1084/1084/774 1087/1087/777 1086/1086/776
f  1085/1085/775 1068/1068/763 1088/1088/778
f  1088/1088/778 1068/1068/763 1064/1064/759
f  1088/1088/778 1064/1064/759 1059/1059/754
f  1085/1085/775 1088/1088/778 1089/1089/779
f  1085/1085/775 1089/1089/779 1087/1087/777
f  1088/1088/778 1059/1059/754 1090/1090/780
f  1088/1088/778 1090/1090/780 1089/1089/779
f  1090/1090/780 1059/1059/754 1053/1053/748
f  1090/1090/780 1053/1053/748 1052/1052/747
f  1089/1089/779 1090/1090/780 1091/1091/781
f  1091/1091/781 1090/1090/780 1052/1052/747
f  1087/1087/777 1089/1089/779 1092/1092/782
f  1092/1092/782 1089/1089/779 1091/1091/781
f  1091/1091/781 1052/1052/747 1093/1093/783
f  1091/1091/781 1093/1093/783 1092/1092/782
f  1093/1093/783 1052/1052/747 672/672/481
f  1093/1093/783 672/672/481 1094/1094/784
f  1093/1093/783 1094/1094/784 1092/1092/782
f  1094/1094/784 672/672/481 668/668/477
f  1094/1094/784 668/668/477 669/669/478
f  1094/1094/784 669/669/478 1092/1092/782
f  1095/1095/785 1087/1087/777 1092/1092/782
f  1087/1087/777 1095/1095/785 1086/1086/776
f  1086/1086/776 1095/1095/785 1096/1096/786
f  1086/1086/776 1096/1096/786 1021/1021/723
f  1021/1021/723 1096/1096/786 1022/1022/724
f  1096/1096/786 1095/1095/785 1097/1097/787
f  1097/1097/787 1095/1095/785 1092/1092/782
f  1022/1022/724 1096/1096/786 1098/1098/788
f  1098/1098/788 1096/1096/786 1097/1097/787
f  1022/1022/724 1098/1098/788 880/880/637
f  880/880/637 1098/1098/788 879/879/636
f  1097/1097/787 1092/1092/782 1099/1099/789
f  1099/1099/789 1092/1092/782 669/669/478
f  1098/1098/788 1097/1097/787 1100/1100/790
f  1100/1100/790 1097/1097/787 1099/1099/789
f  879/879/636 1098/1098/788 1101/1101/791
f  1101/1101/791 1098/1098/788 1100/1100/790
f  879/879/636 1101/1101/791 877/877/633
f  874/874/633 1102/1102/791 875/875/634
f  1099/1099/789 669/669/478 1103/1103/792
f  1099/1099/789 1103/1103/792 1100/1100/790
f  1103/1103/792 669/669/478 665/665/474
f  665/665/474 669/669/478 666/666/475
f  1100/1100/790 1103/1103/792 1104/1104/473
f  1100/1100/790 1104/1104/473 1101/1101/791
f  1104/1104/473 1103/1103/792 665/665/474
f  1102/1102/791 662/662/473 875/875/634
f  662/662/473 663/663/474 659/659/470
f  875/875/634 662/662/473 661/661/472
f  875/875/634 661/661/472 863/863/622
f  875/875/634 863/863/622 864/864/623
f  1105/1105/585 1106/1106/793 1107/1107/794
f  1105/1105/585 1107/1107/794 1108/1108/584
f  1107/1107/794 1106/1106/793 1109/1109/795
f  1109/1109/795 1106/1106/793 1110/1110/796
f  1109/1109/795 1110/1110/796 1111/1111/797
f  1109/1109/795 1111/1111/797 1112/1112/798
f  1109/1109/795 1112/1112/798 1113/1113/799
f  1109/1109/795 1113/1113/799 1114/1114/800
f  1107/1107/794 1109/1109/795 1115/1115/801
f  1115/1115/801 1109/1109/795 1114/1114/800
f  1116/1116/802 1108/1108/584 1107/1107/794
f  1116/1116/802 1107/1107/794 1115/1115/801
f  807/807/584 1117/1117/802 1118/1118/803
f  807/807/584 1118/1118/803 805/805/582
f  805/805/582 1118/1118/803 804/804/581
f  1119/1119/803 1120/1120/802 1121/1121/804
f  1122/1122/802 1123/1123/801 1124/1124/805
f  1122/1122/802 1124/1124/805 1125/1125/804
f  1126/1126/806 1127/1127/801 1128/1128/800
f  1126/1126/806 1128/1128/800 1129/1129/807
f  1127/1127/801 1126/1126/806 1130/1130/808
f  1127/1127/801 1130/1130/808 1131/1131/805
f  1126/1126/806 1129/1129/807 1132/1132/809
f  1132/1132/809 1129/1129/807 1133/1133/810
f  1134/1134/809 1135/1135/810 1136/1136/811
f  1134/1134/809 1136/1136/811 1137/1137/812
f  1126/1126/806 1132/1132/809 1138/1138/813
f  1126/1126/806 1138/1138/813 1130/1130/808
f  1139/1139/813 1134/1134/809 1137/1137/812
f  1130/1130/808 1138/1138/813 1140/1140/814
f  1139/1139/813 1137/1137/812 1141/1141/815
f  1141/1141/815 1137/1137/812 1142/1142/816
f  1143/1143/814 1139/1139/813 1144/1144/817
f  1144/1144/817 1139/1139/813 1141/1141/815
f  1130/1130/808 1140/1140/814 1145/1145/818
f  1146/1146/818 1143/1143/814 1144/1144/817
f  1130/1130/808 1145/1145/818 1124/1124/805
f  1141/1141/815 1142/1142/816 1147/1147/819
f  1147/1147/819 1142/1142/816 1148/1148/820
f  1147/1147/819 1148/1148/820 1149/1149/821
f  1141/1141/815 1147/1147/819 1150/1150/822
f  1141/1141/815 1150/1150/822 1144/1144/817
f  1147/1147/819 1149/1149/821 1151/1151/823
f  1147/1147/819 1151/1151/823 1150/1150/822
f  1151/1151/823 1149/1149/821 1152/1152/824
f  1152/1152/824 1149/1149/821 1153/1153/825
f  1150/1150/822 1151/1151/823 1154/1154/826
f  1144/1144/817 1150/1150/822 1155/1155/827
f  1155/1155/827 1150/1150/822 1154/1154/826
f  1144/1144/817 1155/1155/827 1146/1146/818
f  1152/1152/824 1153/1153/825 1156/1156/828
f  1151/1151/823 1152/1152/824 1157/1157/829
f  1151/1151/823 1157/1157/829 1154/1154/826
f  1157/1157/829 1152/1152/824 1156/1156/828
f  1156/1156/828 1153/1153/825 1158/1158/830
f  1159/1159/829 1160/1160/828 1161/1161/831
f  1156/1156/828 1158/1158/830 1162/1162/832
f  1160/1160/828 1163/1163/832 1161/1161/831
f  1162/1162/832 1158/1158/830 1164/1164/833
f  1165/1165/833 1166/1166/830 1167/1167/834
f  1159/1159/829 1161/1161/831 1168/1168/835
f  1168/1168/835 1161/1161/831 1169/1169/836
f  1170/1170/837 1171/1171/826 1159/1159/829
f  1170/1170/837 1159/1159/829 1168/1168/835
f  1168/1168/835 1169/1169/836 1172/1172/838
f  1172/1172/838 1169/1169/836 1173/1173/839
f  1170/1170/837 1168/1168/835 1174/1174/840
f  1168/1168/835 1172/1172/838 1175/1175/841
f  1168/1168/835 1175/1175/841 1174/1174/840
f  1172/1172/838 1173/1173/839 1176/1176/842
f  1172/1172/838 1176/1176/842 1175/1175/841
f  1176/1176/842 1173/1173/839 1177/1177/843
f  1178/1178/843 1179/1179/839 1180/1180/844
f  1181/1181/843 1182/1182/844 1183/1183/845
f  1181/1181/843 1183/1183/845 1184/1184/846
f  1184/1184/846 1183/1183/845 1185/1185/847
f  1184/1184/846 1185/1185/847 1186/1186/848
f  1186/1186/848 1185/1185/847 1187/1187/849
f  1184/1184/846 1186/1186/848 1188/1188/850
f  1184/1184/846 1188/1188/850 1181/1181/843
f  1189/1189/851 1176/1176/842 1177/1177/843
f  1190/1190/851 1181/1181/843 1188/1188/850
f  1191/1191/851 1192/1192/850 1193/1193/852
f  1193/1193/852 1192/1192/850 1194/1194/853
f  1191/1191/851 1193/1193/852 1195/1195/854
f  1176/1176/842 1189/1189/851 1196/1196/855
f  1196/1196/855 1189/1189/851 1197/1197/854
f  1176/1176/842 1196/1196/855 1175/1175/841
f  1196/1196/855 1197/1197/854 1198/1198/856
f  1196/1196/855 1198/1198/856 1175/1175/841
f  1175/1175/841 1198/1198/856 1174/1174/840
f  1174/1174/840 1198/1198/856 1199/1199/857
f  1174/1174/840 1199/1199/857 1200/1200/858
f  1174/1174/840 1200/1200/858 1201/1201/859
f  1174/1174/840 1201/1201/859 1170/1170/837
f  1201/1201/859 1200/1200/858 1202/1202/860
f  1170/1170/837 1201/1201/859 1203/1203/861
f  1203/1203/861 1201/1201/859 1202/1202/860
f  1170/1170/837 1203/1203/861 1171/1171/826
f  1203/1203/861 1202/1202/860 1204/1204/862
f  1204/1204/862 1202/1202/860 1205/1205/684
f  1171/1171/826 1203/1203/861 1206/1206/863
f  1206/1206/863 1203/1203/861 1204/1204/862
f  1154/1154/826 1207/1207/863 1155/1155/827
f  1208/1208/863 1209/1209/862 1210/1210/676
f  1210/1210/676 1209/1209/862 943/943/675
f  1155/1155/827 1207/1207/863 1211/1211/864
f  1212/1212/864 1213/1213/863 1214/1214/676
f  1155/1155/827 1211/1211/864 1146/1146/818
f  1215/1215/864 939/939/676 935/935/673
f  935/935/673 939/939/676 934/934/672
f  1145/1145/818 1216/1216/864 1217/1217/865
f  1218/1218/865 1215/1215/864 935/935/673
f  1145/1145/818 1217/1217/865 1219/1219/866
f  1218/1218/865 935/935/673 932/932/670
f  1218/1218/865 932/932/670 1220/1220/866
f  932/932/670 935/935/673 931/931/669
f  1145/1145/818 1219/1219/866 1124/1124/805
f  1124/1124/805 1219/1219/866 1221/1221/867
f  1220/1220/866 932/932/670 1222/1222/868
f  1220/1220/866 1222/1222/868 1223/1223/867
f  1222/1222/868 932/932/670 856/856/610
f  1124/1124/805 1221/1221/867 1125/1125/804
f  1121/1121/804 1224/1224/867 1225/1225/868
f  1225/1225/868 844/844/610 838/838/607
f  1225/1225/868 838/838/607 1226/1226/869
f  1225/1225/868 1226/1226/869 1121/1121/804
f  1226/1226/869 838/838/607 836/836/605
f  1121/1121/804 1226/1226/869 1227/1227/870
f  1121/1121/804 1227/1227/870 1119/1119/803
f  1227/1227/870 1226/1226/869 1228/1228/871
f  1227/1227/870 1228/1228/871 1229/1229/803
f  1228/1228/871 1226/1226/869 836/836/605
f  1229/1229/803 1228/1228/871 1230/1230/581
f  1230/1230/581 1228/1228/871 836/836/605
f  1230/1230/581 836/836/605 834/834/580
f  906/906/654 908/908/655 1231/1231/872
f  1231/1231/872 908/908/655 913/913/659
f  906/906/654 1231/1231/872 1232/1232/873
f  905/905/654 1233/1233/873 904/904/653
f  1233/1233/873 1234/1234/872 1235/1235/874
f  904/904/653 1233/1233/873 1236/1236/875
f  1236/1236/875 1233/1233/873 1235/1235/874
f  904/904/653 1236/1236/875 992/992/700
f  904/904/653 992/992/700 902/902/651
f  1237/1237/700 1238/1238/875 1239/1239/876
f  1237/1237/700 1239/1239/876 1240/1240/698
f  1239/1239/876 1238/1238/875 1241/1241/877
f  1241/1241/877 1238/1238/875 1242/1242/874
f  1239/1239/876 1241/1241/877 1243/1243/878
f  1243/1243/878 1241/1241/877 1244/1244/879
f  1243/1243/878 1244/1244/879 1245/1245/880
f  1241/1241/877 1242/1242/874 1246/1246/881
f  1241/1241/877 1246/1246/881 1244/1244/879
f  1245/1245/880 1244/1244/879 1247/1247/882
f  1245/1245/880 1247/1247/882 1248/1248/883
f  1244/1244/879 1246/1246/881 1249/1249/884
f  1244/1244/879 1249/1249/884 1247/1247/882
f  1248/1248/883 1247/1247/882 1250/1250/885
f  1248/1248/883 1250/1250/885 1251/1251/886
f  1251/1251/886 1250/1250/885 1252/1252/887
f  1251/1251/886 1252/1252/887 1253/1253/888
f  1250/1250/885 1247/1247/882 1254/1254/889
f  1250/1250/885 1254/1254/889 1252/1252/887
f  1247/1247/882 1249/1249/884 1255/1255/890
f  1247/1247/882 1255/1255/890 1254/1254/889
f  1253/1253/888 1252/1252/887 1256/1256/891
f  1253/1253/888 1256/1256/891 1257/1257/892
f  1252/1252/887 1254/1254/889 1258/1258/893
f  1252/1252/887 1258/1258/893 1256/1256/891
f  1254/1254/889 1255/1255/890 1259/1259/894
f  1254/1254/889 1259/1259/894 1258/1258/893
f  1257/1257/892 1256/1256/891 1260/1260/895
f  1256/1256/891 1258/1258/893 1261/1261/896
f  1256/1256/891 1261/1261/896 1260/1260/895
f  1257/1257/892 1260/1260/895 1262/1262/897
f  1258/1258/893 1259/1259/894 1263/1263/898
f  1258/1258/893 1263/1263/898 1261/1261/896
f  1260/1260/895 1261/1261/896 1264/1264/899
f  1263/1263/898 1259/1259/894 1265/1265/900
f  1260/1260/895 1264/1264/899 1266/1266/901
f  1260/1260/895 1266/1266/901 1262/1262/897
f  1264/1264/899 1261/1261/896 1267/1267/902
f  1264/1264/899 1267/1267/902 1266/1266/901
f  1261/1261/896 1263/1263/898 1268/1268/903
f  1261/1261/896 1268/1268/903 1267/1267/902
f  1268/1268/903 1263/1263/898 1269/1269/904
f  1269/1269/904 1263/1263/898 1265/1265/900
f  1270/1270/903 1271/1271/904 1272/1272/905
f  1270/1270/903 1272/1272/905 1273/1273/902
f  1271/1271/904 1274/1274/900 1275/1275/906
f  1272/1272/905 1271/1271/904 1276/1276/907
f  1276/1276/907 1271/1271/904 1275/1275/906
f  1277/1277/906 1278/1278/900 1279/1279/908
f  1275/1275/906 1280/1280/908 1276/1276/907
f  1272/1272/905 1276/1276/907 1281/1281/909
f  1273/1273/902 1272/1272/905 1282/1282/910
f  1282/1282/910 1272/1272/905 1281/1281/909
f  1281/1281/909 1276/1276/907 1283/1283/911
f  1284/1284/911 1285/1285/907 1279/1279/908
f  1282/1282/910 1281/1281/909 1286/1286/912
f  1273/1273/902 1282/1282/910 1287/1287/913
f  1287/1287/913 1282/1282/910 1286/1286/912
f  1273/1273/902 1287/1287/913 1288/1288/914
f  1273/1273/902 1288/1288/914 1289/1289/901
f  1287/1287/913 1286/1286/912 1290/1290/915
f  1286/1286/912 1281/1281/909 1291/1291/916
f  1286/1286/912 1291/1291/916 1290/1290/915
f  1291/1291/916 1281/1281/909 1292/1292/917
f  1292/1292/917 1281/1281/909 1283/1283/911
f  1291/1291/916 1292/1292/917 1293/1293/918
f  1293/1293/918 1292/1292/917 1283/1283/911
f  1287/1287/913 1290/1290/915 1294/1294/919
f  1287/1287/913 1294/1294/919 1288/1288/914
f  1290/1290/915 1291/1291/916 1295/1295/920
f  1296/1296/921 1289/1289/901 1288/1288/914
f  1266/1266/901 1297/1297/921 1262/1262/897
f  1288/1288/914 1294/1294/919 1298/1298/922
f  1288/1288/914 1298/1298/922 1296/1296/921
f  1299/1299/919 1300/1300/915 1301/1301/923
f  1301/1301/923 1300/1300/915 1302/1302/920
f  1303/1303/922 1299/1299/919 1304/1304/924
f  1304/1304/924 1299/1299/919 1301/1301/923
f  1296/1296/921 1298/1298/922 1305/1305/925
f  1306/1306/925 1303/1303/922 1304/1304/924
f  1307/1307/926 1262/1262/897 1297/1297/921
f  1308/1308/897 1309/1309/926 1310/1310/927
f  1262/1262/897 1311/1311/927 1312/1312/928
f  1310/1310/927 1309/1309/926 1313/1313/929
f  1313/1313/929 1309/1309/926 1314/1314/921
f  1310/1310/927 1313/1313/929 1315/1315/930
f  1316/1316/931 1317/1317/921 1318/1318/925
f  1317/1317/921 1316/1316/931 1319/1319/929
f  1316/1316/931 1318/1318/925 1320/1320/932
f  1315/1315/930 1313/1313/929 1321/1321/933
f  1320/1320/932 1318/1318/925 1322/1322/924
f  1319/1319/929 1316/1316/931 1323/1323/934
f  1323/1323/934 1316/1316/931 1320/1320/932
f  1321/1321/933 1313/1313/929 1324/1324/935
f  1325/1325/935 1319/1319/929 1323/1323/934
f  1325/1325/935 1323/1323/934 1326/1326/936
f  1326/1326/936 1323/1323/934 1320/1320/932
f  1321/1321/933 1324/1324/935 1327/1327/937
f  1321/1321/933 1327/1327/937 1328/1328/938
f  1321/1321/933 1328/1328/938 1329/1329/939
f  1329/1329/939 1328/1328/938 1330/1330/940
f  1330/1330/940 1328/1328/938 1327/1327/937
f  1329/1329/939 1330/1330/940 1331/1331/941
f  1332/1332/937 1325/1325/935 1333/1333/942
f  1333/1333/942 1325/1325/935 1326/1326/936
f  1331/1331/941 1330/1330/940 1334/1334/943
f  1330/1330/940 1327/1327/937 1335/1335/944
f  1330/1330/940 1335/1335/944 1334/1334/943
f  1336/1336/944 1332/1332/937 1337/1337/945
f  1337/1337/945 1332/1332/937 1333/1333/942
f  1336/1336/944 1337/1337/945 1338/1338/946
f  1336/1336/944 1338/1338/946 1339/1339/943
f  1337/1337/945 1333/1333/942 1340/1340/947
f  1340/1340/947 1333/1333/942 1326/1326/936
f  1341/1341/948 1331/1331/941 1334/1334/943
f  1337/1337/945 1340/1340/947 1342/1342/949
f  1337/1337/945 1342/1342/949 1338/1338/946
f  1341/1341/948 1334/1334/943 1343/1343/950
f  1344/1344/950 1339/1339/943 1345/1345/951
f  1345/1345/951 1339/1339/943 1338/1338/946
f  1341/1341/948 1343/1343/950 1346/1346/952
f  1347/1347/952 1344/1344/950 1345/1345/951
f  1341/1341/948 1346/1346/952 1348/1348/953
f  1341/1341/948 1348/1348/953 1349/1349/954
f  1347/1347/952 1345/1345/951 1350/1350/955
f  1348/1348/953 1346/1346/952 1351/1351/956
f  1352/1352/956 1347/1347/952 1350/1350/955
f  1353/1353/957 1348/1348/953 1354/1354/958
f  1354/1354/958 1348/1348/953 1351/1351/956
f  1354/1354/958 1351/1351/956 1355/1355/959
f  1354/1354/958 1355/1355/959 1356/1356/960
f  1354/1354/958 1356/1356/960 1357/1357/961
f  1357/1357/961 1356/1356/960 1358/1358/962
f  1358/1358/962 1356/1356/960 1359/1359/963
f  1360/1360/959 1352/1352/956 1361/1361/964
f  1361/1361/964 1352/1352/956 1362/1362/965
f  1362/1362/965 1352/1352/956 1350/1350/955
f  1361/1361/964 1362/1362/965 1363/1363/966
f  1361/1361/964 1363/1363/966 1364/1364/967
f  1362/1362/965 1350/1350/955 1365/1365/968
f  1362/1362/965 1365/1365/968 1363/1363/966
f  1363/1363/966 1365/1365/968 1366/1366/969
f  1363/1363/966 1366/1366/969 1367/1367/970
f  1365/1365/968 1350/1350/955 1368/1368/971
f  1365/1365/968 1368/1368/971 1366/1366/969
f  1368/1368/971 1350/1350/955 1369/1369/972
f  1369/1369/972 1350/1350/955 1345/1345/951
f  1366/1366/969 1368/1368/971 1370/1370/973
f  1366/1366/969 1370/1370/973 1371/1371/974
f  1371/1371/974 1370/1370/973 1372/1372/975
f  1370/1370/973 1368/1368/971 1373/1373/976
f  1373/1373/976 1368/1368/971 1369/1369/972
f  1372/1372/975 1370/1370/973 1374/1374/977
f  1374/1374/977 1370/1370/973 1373/1373/976
f  1372/1372/975 1374/1374/977 1375/1375/978
f  1376/1376/979 1369/1369/972 1345/1345/951
f  1369/1369/972 1376/1376/979 1373/1373/976
f  1376/1376/979 1345/1345/951 1338/1338/946
f  1374/1374/977 1373/1373/976 1377/1377/980
f  1377/1377/980 1373/1373/976 1376/1376/979
f  1376/1376/979 1338/1338/946 1378/1378/981
f  1376/1376/979 1378/1378/981 1377/1377/980
f  1378/1378/981 1338/1338/946 1342/1342/949
f  1379/1379/982 1375/1375/978 1374/1374/977
f  1375/1375/978 1379/1379/982 1380/1380/983
f  1374/1374/977 1377/1377/980 1381/1381/984
f  1374/1374/977 1381/1381/984 1379/1379/982
f  1377/1377/980 1378/1378/981 1382/1382/985
f  1377/1377/980 1382/1382/985 1381/1381/984
f  1378/1378/981 1342/1342/949 1383/1383/986
f  1378/1378/981 1383/1383/986 1382/1382/985
f  1383/1383/986 1342/1342/949 1340/1340/947
f  1384/1384/987 1380/1380/983 1379/1379/982
f  1384/1384/987 1379/1379/982 1381/1381/984
f  1380/1380/983 1384/1384/987 1385/1385/988
f  1385/1385/988 1384/1384/987 1386/1386/989
f  1385/1385/988 1386/1386/989 1194/1194/853
f  1384/1384/987 1381/1381/984 1387/1387/990
f  1384/1384/987 1387/1387/990 1386/1386/989
f  1387/1387/990 1381/1381/984 1388/1388/991
f  1388/1388/991 1381/1381/984 1382/1382/985
f  1386/1386/989 1387/1387/990 1389/1389/992
f  1389/1389/992 1387/1387/990 1388/1388/991
f  1194/1194/853 1386/1386/989 1390/1390/993
f  1390/1390/993 1386/1386/989 1389/1389/992
f  1194/1194/853 1390/1390/993 1193/1193/852
f  1389/1389/992 1388/1388/991 1391/1391/994
f  1388/1388/991 1382/1382/985 1392/1392/995
f  1388/1388/991 1392/1392/995 1391/1391/994
f  1392/1392/995 1382/1382/985 1383/1383/986
f  1193/1193/852 1390/1390/993 1393/1393/996
f  1193/1193/852 1393/1393/996 1195/1195/854
f  1390/1390/993 1389/1389/992 1394/1394/997
f  1394/1394/997 1389/1389/992 1391/1391/994
f  1393/1393/996 1390/1390/993 1395/1395/998
f  1395/1395/998 1390/1390/993 1394/1394/997
f  1396/1396/854 1397/1397/996 1398/1398/999
f  1396/1396/854 1398/1398/999 1399/1399/856
f  1398/1398/999 1397/1397/996 1400/1400/1000
f  1400/1400/1000 1397/1397/996 1401/1401/998
f  1399/1399/856 1398/1398/999 988/988/696
f  1399/1399/856 988/988/696 1402/1402/857
f  1402/1402/857 988/988/696 986/986/686
f  1402/1402/857 986/986/686 1403/1403/858
f  1404/1404/858 966/966/686 961/961/683
f  1405/1405/858 962/962/683 964/964/684
f  1200/1200/858 1205/1205/684 1202/1202/860
f  988/988/696 1398/1398/999 1406/1406/1001
f  1406/1406/1001 1398/1398/999 1400/1400/1000
f  988/988/696 1406/1406/1001 989/989/697
f  989/989/697 1406/1406/1001 1407/1407/1002
f  1407/1407/1002 1406/1406/1001 1400/1400/1000
f  989/989/697 1407/1407/1002 987/987/695
f  1407/1407/1002 1400/1400/1000 1301/1301/923
f  1301/1301/923 1400/1400/1000 1401/1401/998
f  1407/1407/1002 1301/1301/923 1302/1302/920
f  1301/1301/923 1401/1401/998 1408/1408/1003
f  1301/1301/923 1408/1408/1003 1304/1304/924
f  1409/1409/1003 1395/1395/998 1410/1410/1004
f  1409/1409/1003 1410/1410/1004 1322/1322/924
f  1410/1410/1004 1395/1395/998 1394/1394/997
f  1410/1410/1004 1394/1394/997 1391/1391/994
f  1322/1322/924 1410/1410/1004 1411/1411/1005
f  1411/1411/1005 1410/1410/1004 1391/1391/994
f  1322/1322/924 1411/1411/1005 1320/1320/932
f  1411/1411/1005 1391/1391/994 1412/1412/1006
f  1412/1412/1006 1391/1391/994 1392/1392/995
f  1320/1320/932 1411/1411/1005 1413/1413/1007
f  1413/1413/1007 1411/1411/1005 1412/1412/1006
f  1320/1320/932 1413/1413/1007 1326/1326/936
f  1412/1412/1006 1392/1392/995 1414/1414/1008
f  1412/1412/1006 1414/1414/1008 1413/1413/1007
f  1413/1413/1007 1414/1414/1008 1326/1326/936
f  1414/1414/1008 1392/1392/995 1383/1383/986
f  1326/1326/936 1414/1414/1008 1340/1340/947
f  1340/1340/947 1414/1414/1008 1383/1383/986
f  1415/1415/1009 1239/1239/876 1243/1243/878
f  1415/1415/1009 1243/1243/878 1416/1416/1010
f  1416/1416/1010 1243/1243/878 1245/1245/880
f  1416/1416/1010 1245/1245/880 1417/1417/1011
f  1416/1416/1010 1417/1417/1011 1415/1415/1009
f  1417/1417/1011 1245/1245/880 1248/1248/883
f  1417/1417/1011 1248/1248/883 1418/1418/1012
f  1418/1418/1012 1248/1248/883 1251/1251/886
f  1418/1418/1012 1251/1251/886 1419/1419/1013
f  1418/1418/1012 1419/1419/1013 1417/1417/1011
f  1419/1419/1013 1251/1251/886 1253/1253/888
f  1415/1415/1009 1417/1417/1011 1420/1420/1014
f  1420/1420/1014 1417/1417/1011 1419/1419/1013
f  1419/1419/1013 1253/1253/888 1421/1421/1015
f  1419/1419/1013 1421/1421/1015 1420/1420/1014
f  1421/1421/1015 1253/1253/888 1257/1257/892
f  1415/1415/1009 1422/1422/1016 1423/1423/1017
f  1424/1424/1018 1420/1420/1014 1421/1421/1015
f  1312/1312/928 1257/1257/892 1262/1262/897
f  1257/1257/892 1312/1312/928 1425/1425/1019
f  1425/1425/1019 1312/1312/928 1311/1311/927
f  1426/1426/1020 1421/1421/1015 1257/1257/892
f  1426/1426/1020 1257/1257/892 1425/1425/1019
f  1421/1421/1015 1426/1426/1020 1424/1424/1018
f  1427/1427/1019 1310/1310/927 1428/1428/1021
f  1425/1425/1019 1429/1429/1021 1426/1426/1020
f  1424/1424/1018 1430/1430/1022 1431/1431/1023
f  1432/1432/1024 1433/1433/1025 1428/1428/1021
f  1434/1434/1026 1432/1432/1024 1435/1435/1027
f  1432/1432/1024 1428/1428/1021 1436/1436/1028
f  1432/1432/1024 1436/1436/1028 1435/1435/1027
f  1436/1436/1028 1428/1428/1021 1310/1310/927
f  1436/1436/1028 1310/1310/927 1437/1437/1029
f  1436/1436/1028 1437/1437/1029 1435/1435/1027
f  1437/1437/1029 1310/1310/927 1315/1315/930
f  1437/1437/1029 1315/1315/930 1321/1321/933
f  1437/1437/1029 1321/1321/933 1438/1438/1030
f  1437/1437/1029 1438/1438/1030 1435/1435/1027
f  1438/1438/1030 1321/1321/933 1329/1329/939
f  1439/1439/1031 1434/1434/1026 1435/1435/1027
f  1435/1435/1027 1438/1438/1030 1440/1440/1032
f  1435/1435/1027 1440/1440/1032 1439/1439/1031
f  1438/1438/1030 1329/1329/939 1441/1441/1033
f  1441/1441/1033 1329/1329/939 1331/1331/941
f  1440/1440/1032 1438/1438/1030 1442/1442/1034
f  1442/1442/1034 1438/1438/1030 1441/1441/1033
f  1441/1441/1033 1331/1331/941 1349/1349/954
f  1441/1441/1033 1349/1349/954 1442/1442/1034
f  1349/1349/954 1331/1331/941 1341/1341/948
f  1440/1440/1032 1442/1442/1034 1443/1443/1035
f  1443/1443/1035 1442/1442/1034 1349/1349/954
f  1444/1444/1036 1439/1439/1031 1440/1440/1032
f  1444/1444/1036 1440/1440/1032 1443/1443/1035
f  1445/1445/1037 1439/1439/1031 1444/1444/1036
f  1444/1444/1036 1443/1443/1035 1446/1446/1038
f  1444/1444/1036 1446/1446/1038 1445/1445/1037
f  1447/1447/1039 1443/1443/1035 1349/1349/954
f  1443/1443/1035 1447/1447/1039 1446/1446/1038
f  1348/1348/953 1353/1353/957 1349/1349/954
f  1349/1349/954 1353/1353/957 1447/1447/1039
f  1445/1445/1037 1446/1446/1038 1448/1448/1040
f  1445/1445/1037 1448/1448/1040 1449/1449/1041
f  1448/1448/1040 1446/1446/1038 1447/1447/1039
f  1447/1447/1039 1353/1353/957 1357/1357/961
f  1357/1357/961 1353/1353/957 1354/1354/958
f  1447/1447/1039 1357/1357/961 1450/1450/1042
f  1447/1447/1039 1450/1450/1042 1448/1448/1040
f  1450/1450/1042 1357/1357/961 1358/1358/962
f  1450/1450/1042 1358/1358/962 1451/1451/1043
f  1450/1450/1042 1451/1451/1043 1448/1448/1040
f  1451/1451/1043 1358/1358/962 1359/1359/963
f  1451/1451/1043 1359/1359/963 1452/1452/1044
f  1452/1452/1044 1359/1359/963 1453/1453/1045
f  1451/1451/1043 1452/1452/1044 1454/1454/1046
f  1448/1448/1040 1451/1451/1043 1455/1455/1047
f  1455/1455/1047 1451/1451/1043 1454/1454/1046
f  1448/1448/1040 1455/1455/1047 1449/1449/1041
f  1455/1455/1047 1454/1454/1046 1456/1456/1048
f  1455/1455/1047 1456/1456/1048 1449/1449/1041
f  1457/1457/1049 1249/1249/884 1246/1246/881
f  1249/1249/884 1457/1457/1049 1458/1458/1050
f  1249/1249/884 1458/1458/1050 1255/1255/890
f  1457/1457/1049 1246/1246/881 1459/1459/1051
f  1459/1459/1051 1246/1246/881 1242/1242/874
f  1457/1457/1049 1459/1459/1051 1460/1460/1052
f  1457/1457/1049 1460/1460/1052 1458/1458/1050
f  1459/1459/1051 1242/1242/874 1461/1461/1053
f  1459/1459/1051 1461/1461/1053 1460/1460/1052
f  1461/1461/1053 1242/1242/874 1462/1462/872
f  1458/1458/1050 1460/1460/1052 1463/1463/1054
f  1463/1463/1054 1460/1460/1052 1461/1461/1053
f  1461/1461/1053 1462/1462/872 1464/1464/1055
f  1461/1461/1053 1464/1464/1055 1463/1463/1054
f  1465/1465/1055 1466/1466/872 1467/1467/659
f  1468/1468/1056 1255/1255/890 1458/1458/1050
f  1255/1255/890 1468/1468/1056 1259/1259/894
f  1259/1259/894 1468/1468/1056 1265/1265/900
f  1468/1468/1056 1458/1458/1050 1469/1469/1057
f  1469/1469/1057 1458/1458/1050 1463/1463/1054
f  1265/1265/900 1468/1468/1056 1470/1470/1058
f  1470/1470/1058 1468/1468/1056 1469/1469/1057
f  1278/1278/900 1471/1471/1058 1279/1279/908
f  1471/1471/1058 1472/1472/1057 1473/1473/1059
f  1471/1471/1058 1473/1473/1059 1279/1279/908
f  1474/1474/1057 1475/1475/1054 1476/1476/1060
f  1472/1472/1057 1477/1477/1060 1473/1473/1059
f  1476/1476/1060 1475/1475/1054 1478/1478/1061
f  1478/1478/1061 1475/1475/1054 1479/1479/1055
f  1279/1279/908 1473/1473/1059 1480/1480/1062
f  1279/1279/908 1480/1480/1062 1284/1284/911
f  1473/1473/1059 1477/1477/1060 1481/1481/1063
f  1473/1473/1059 1481/1481/1063 1480/1480/1062
f  1284/1284/911 1480/1480/1062 1482/1482/1064
f  1482/1482/1064 1480/1480/1062 1481/1481/1063
f  1284/1284/911 1482/1482/1064 1483/1483/918
f  1484/1484/1063 1476/1476/1060 1485/1485/1065
f  1485/1485/1065 1476/1476/1060 1478/1478/1061
f  1482/1482/1064 1481/1481/1063 1486/1486/1066
f  1482/1482/1064 1486/1486/1066 1483/1483/918
f  1486/1486/1066 1481/1481/1063 1487/1487/1065
f  1483/1483/918 1486/1486/1066 1488/1488/1067
f  1488/1488/1067 1486/1486/1066 1487/1487/1065
f  1485/1485/1065 1478/1478/1061 1489/1489/1068
f  1485/1485/1065 1489/1489/1068 1490/1490/1067
f  1491/1491/1069 1478/1478/1061 1479/1479/1055
f  1478/1478/1061 1491/1491/1069 1489/1489/1068
f  1491/1491/1069 1479/1479/1055 1492/1492/659
f  1493/1493/1069 1494/1494/659 1495/1495/690
f  1491/1491/1069 1496/1496/690 1489/1489/1068
f  977/977/690 1497/1497/659 975/975/688
f  1489/1489/1068 1496/1496/690 1498/1498/691
f  979/979/691 1499/1499/690 978/978/689
f  1500/1500/1068 981/981/691 1501/1501/1070
f  1500/1500/1068 1501/1501/1070 1502/1502/1067
f  1501/1501/1070 981/981/691 983/983/693
f  1501/1501/1070 983/983/693 987/987/695
f  1501/1501/1070 987/987/695 1503/1503/1071
f  1501/1501/1070 1503/1503/1071 1502/1502/1067
f  1503/1503/1071 987/987/695 1407/1407/1002
f  1503/1503/1071 1407/1407/1002 1302/1302/920
f  1502/1502/1067 1503/1503/1071 1504/1504/1072
f  1504/1504/1072 1503/1503/1071 1302/1302/920
f  1488/1488/1067 1505/1505/1072 1483/1483/918
f  1506/1506/1072 1295/1295/920 1291/1291/916
f  1507/1507/1072 1291/1291/916 1293/1293/918
f  944/944/678 943/943/675 1209/1209/862
f  1508/1508/678 1204/1204/862 1205/1205/684
f  1509/1509/678 964/964/684 963/963/679
f  1173/1173/839 1169/1169/836 1510/1510/1073
f  1510/1510/1073 1169/1169/836 1161/1161/831
f  1510/1510/1073 1161/1161/831 1163/1163/832
f  1179/1179/839 1511/1511/1073 1512/1512/1074
f  1179/1179/839 1512/1512/1074 1180/1180/844
f  1510/1510/1073 1163/1163/832 1513/1513/1075
f  1514/1514/1075 1515/1515/832 1516/1516/833
f  1512/1512/1074 1511/1511/1073 1517/1517/1076
f  1517/1517/1076 1511/1511/1073 1514/1514/1075
f  1180/1180/844 1512/1512/1074 1518/1518/1077
f  1180/1180/844 1518/1518/1077 1519/1519/845
f  1512/1512/1074 1517/1517/1076 1520/1520/1078
f  1512/1512/1074 1520/1520/1078 1518/1518/1077
f  1517/1517/1076 1514/1514/1075 1521/1521/1079
f  1517/1517/1076 1521/1521/1079 1520/1520/1078
f  1522/1522/1080 1514/1514/1075 1516/1516/833
f  1514/1514/1075 1522/1522/1080 1521/1521/1079
f  1523/1523/1080 1165/1165/833 1524/1524/1081
f  1523/1523/1080 1524/1524/1081 1525/1525/1082
f  1521/1521/1079 1522/1522/1080 1526/1526/1083
f  1526/1526/1083 1522/1522/1080 1527/1527/1082
f  1521/1521/1079 1526/1526/1083 1528/1528/1084
f  1526/1526/1083 1527/1527/1082 1529/1529/1085
f  1530/1530/1085 1525/1525/1082 1531/1531/1086
f  1526/1526/1083 1529/1529/1085 1528/1528/1084
f  1521/1521/1079 1528/1528/1084 1532/1532/1087
f  1521/1521/1079 1532/1532/1087 1520/1520/1078
f  1528/1528/1084 1529/1529/1085 1533/1533/1088
f  1533/1533/1088 1529/1529/1085 1534/1534/1089
f  1533/1533/1088 1534/1534/1089 1535/1535/1090
f  1532/1532/1087 1528/1528/1084 1536/1536/1091
f  1532/1532/1087 1536/1536/1091 1520/1520/1078
f  1528/1528/1084 1533/1533/1088 1537/1537/1092
f  1528/1528/1084 1537/1537/1092 1536/1536/1091
f  1533/1533/1088 1535/1535/1090 1538/1538/1093
f  1533/1533/1088 1538/1538/1093 1537/1537/1092
f  1538/1538/1093 1535/1535/1090 1539/1539/1094
f  1540/1540/1094 1541/1541/1090 1542/1542/1095
f  1540/1540/1094 1542/1542/1095 1543/1543/1096
f  1538/1538/1093 1539/1539/1094 1544/1544/1097
f  1537/1537/1092 1538/1538/1093 1545/1545/1098
f  1545/1545/1098 1538/1538/1093 1544/1544/1097
f  1544/1544/1097 1539/1539/1094 1546/1546/1099
f  1546/1546/1099 1539/1539/1094 1547/1547/1096
f  1544/1544/1097 1546/1546/1099 1545/1545/1098
f  1537/1537/1092 1545/1545/1098 1548/1548/1100
f  1537/1537/1092 1548/1548/1100 1536/1536/1091
f  1545/1545/1098 1546/1546/1099 1549/1549/1101
f  1548/1548/1100 1545/1545/1098 1550/1550/1102
f  1550/1550/1102 1545/1545/1098 1549/1549/1101
f  1546/1546/1099 1547/1547/1096 1551/1551/1103
f  1546/1546/1099 1551/1551/1103 1549/1549/1101
f  1552/1552/1103 1553/1553/1096 1554/1554/1104
f  1554/1554/1104 1553/1553/1096 1555/1555/1105
f  1549/1549/1101 1551/1551/1103 1556/1556/1106
f  1549/1549/1101 1556/1556/1106 1550/1550/1102
f  1554/1554/1104 1555/1555/1105 1557/1557/1107
f  1556/1556/1106 1551/1551/1103 1558/1558/1108
f  1558/1558/1108 1551/1551/1103 1559/1559/1104
f  1560/1560/1108 1554/1554/1104 1561/1561/1109
f  1561/1561/1109 1554/1554/1104 1557/1557/1107
f  1561/1561/1109 1557/1557/1107 1562/1562/1110
f  1562/1562/1110 1557/1557/1107 1563/1563/1111
f  1563/1563/1111 1557/1557/1107 1564/1564/1112
f  1556/1556/1106 1558/1558/1108 1565/1565/1113
f  1556/1556/1106 1565/1565/1113 1566/1566/1114
f  1556/1556/1106 1566/1566/1114 1550/1550/1102
f  1565/1565/1113 1558/1558/1108 1567/1567/1115
f  1565/1565/1113 1567/1567/1115 1566/1566/1114
f  1567/1567/1115 1558/1558/1108 1568/1568/1116
f  1550/1550/1102 1566/1566/1114 1569/1569/1117
f  1567/1567/1115 1568/1568/1116 1570/1570/1118
f  1567/1567/1115 1570/1570/1118 1566/1566/1114
f  1570/1570/1118 1568/1568/1116 1571/1571/1119
f  1570/1570/1118 1571/1571/1119 1572/1572/1120
f  1550/1550/1102 1569/1569/1117 1548/1548/1100
f  1573/1573/1118 1574/1574/1120 1575/1575/1121
f  1575/1575/1121 1574/1574/1120 1576/1576/1122
f  1566/1566/1114 1570/1570/1118 1577/1577/1123
f  1566/1566/1114 1577/1577/1123 1569/1569/1117
f  1573/1573/1118 1575/1575/1121 1578/1578/1124
f  1570/1570/1118 1579/1579/1124 1577/1577/1123
f  1578/1578/1124 1575/1575/1121 1580/1580/1125
f  1580/1580/1125 1575/1575/1121 1581/1581/1126
f  1582/1582/1123 1578/1578/1124 1583/1583/1127
f  1577/1577/1123 1584/1584/1127 1569/1569/1117
f  1578/1578/1124 1580/1580/1125 1585/1585/1128
f  1578/1578/1124 1585/1585/1128 1583/1583/1127
f  1585/1585/1128 1580/1580/1125 1187/1187/849
f  1585/1585/1128 1187/1187/849 1586/1586/1129
f  1585/1585/1128 1586/1586/1129 1583/1583/1127
f  1586/1586/1129 1187/1187/849 1185/1185/847
f  1586/1586/1129 1185/1185/847 1183/1183/845
f  1583/1583/1127 1586/1586/1129 1587/1587/1130
f  1584/1584/1127 1588/1588/1130 1569/1569/1117
f  1586/1586/1129 1183/1183/845 1589/1589/1131
f  1586/1586/1129 1589/1589/1131 1587/1587/1130
f  1590/1590/1131 1519/1519/845 1518/1518/1077
f  1590/1590/1131 1518/1518/1077 1520/1520/1078
f  1590/1590/1131 1520/1520/1078 1591/1591/1132
f  1590/1590/1131 1591/1591/1132 1588/1588/1130
f  1591/1591/1132 1520/1520/1078 1536/1536/1091
f  1592/1592/1133 1569/1569/1117 1588/1588/1130
f  1592/1592/1133 1588/1588/1130 1591/1591/1132
f  1592/1592/1133 1591/1591/1132 1536/1536/1091
f  1569/1569/1117 1592/1592/1133 1548/1548/1100
f  1548/1548/1100 1592/1592/1133 1536/1536/1091
f  1153/1153/825 1149/1149/821 1593/1593/1134
f  1593/1593/1134 1149/1149/821 1148/1148/820
f  1593/1593/1134 1148/1148/820 1594/1594/1135
f  1594/1594/1135 1148/1148/820 1142/1142/816
f  1594/1594/1135 1142/1142/816 1595/1595/1136
f  1595/1595/1136 1142/1142/816 1137/1137/812
f  1595/1595/1136 1137/1137/812 1136/1136/811
f  1593/1593/1134 1594/1594/1135 1596/1596/1137
f  1593/1593/1134 1596/1596/1137 1597/1597/1138
f  1593/1593/1134 1597/1597/1138 1153/1153/825
f  1597/1597/1138 1596/1596/1137 1598/1598/1139
f  1597/1597/1138 1598/1598/1139 1599/1599/1140
f  1153/1153/825 1597/1597/1138 1600/1600/1141
f  1153/1153/825 1600/1600/1141 1158/1158/830
f  1158/1158/830 1600/1600/1141 1601/1601/834
f  1600/1600/1141 1597/1597/1138 1602/1602/1142
f  1602/1602/1142 1597/1597/1138 1599/1599/1140
f  1167/1167/834 1603/1603/1141 1604/1604/1143
f  1605/1605/1143 1606/1606/1141 1607/1607/1142
f  1607/1607/1142 1608/1608/1140 1609/1609/1144
f  1607/1607/1142 1609/1609/1144 1605/1605/1143
f  1609/1609/1144 1608/1608/1140 1610/1610/1145
f  1609/1609/1144 1610/1610/1145 1611/1611/1146
f  1167/1167/834 1604/1604/1143 1612/1612/1147
f  1167/1167/834 1612/1612/1147 1165/1165/833
f  1605/1605/1143 1609/1609/1144 1613/1613/1148
f  1604/1604/1143 1614/1614/1148 1612/1612/1147
f  1165/1165/833 1612/1612/1147 1524/1524/1081
f  1524/1524/1081 1612/1612/1147 1615/1615/1149
f  1524/1524/1081 1615/1615/1149 1525/1525/1082
f  1525/1525/1082 1615/1615/1149 1531/1531/1086
f  1615/1615/1149 1612/1612/1147 1616/1616/1150
f  1616/1616/1150 1612/1612/1147 1614/1614/1148
f  1531/1531/1086 1615/1615/1149 1617/1617/1151
f  1615/1615/1149 1616/1616/1150 1618/1618/1152
f  1615/1615/1149 1618/1618/1152 1617/1617/1151
f  1531/1531/1086 1617/1617/1151 1619/1619/1089
f  1531/1531/1086 1619/1619/1089 1530/1530/1085
f  1619/1619/1089 1617/1617/1151 1620/1620/1153
f  1619/1619/1089 1620/1620/1153 1541/1541/1090
f  1617/1617/1151 1618/1618/1152 1621/1621/1154
f  1617/1617/1151 1621/1621/1154 1620/1620/1153
f  1541/1541/1090 1620/1620/1153 1542/1542/1095
f  1542/1542/1095 1620/1620/1153 1622/1622/1155
f  1623/1623/1095 1624/1624/1155 1553/1553/1096
f  1553/1553/1096 1624/1624/1155 1555/1555/1105
f  1622/1622/1155 1620/1620/1153 1625/1625/1156
f  1624/1624/1155 1626/1626/1156 1555/1555/1105
f  1625/1625/1156 1620/1620/1153 1621/1621/1154
f  1555/1555/1105 1626/1626/1156 1627/1627/1157
f  1625/1625/1156 1621/1621/1154 1628/1628/1158
f  1626/1626/1156 1629/1629/1158 1627/1627/1157
f  1555/1555/1105 1627/1627/1157 1630/1630/1159
f  1555/1555/1105 1630/1630/1159 1557/1557/1107
f  1557/1557/1107 1630/1630/1159 1564/1564/1112
f  1630/1630/1159 1627/1627/1157 1631/1631/1160
f  1564/1564/1112 1630/1630/1159 1632/1632/1161
f  1632/1632/1161 1630/1630/1159 1631/1631/1160
f  1564/1564/1112 1632/1632/1161 1633/1633/1162
f  1564/1564/1112 1633/1633/1162 1563/1563/1111
f  1563/1563/1111 1633/1633/1162 1634/1634/1163
f  1633/1633/1162 1632/1632/1161 1635/1635/1164
f  1634/1634/1163 1633/1633/1162 1636/1636/1165
f  1636/1636/1165 1633/1633/1162 1635/1635/1164
f  1634/1634/1163 1636/1636/1165 1637/1637/1166
f  1637/1637/1166 1636/1636/1165 1638/1638/1167
f  1638/1638/1167 1636/1636/1165 1635/1635/1164
f  1637/1637/1166 1638/1638/1167 1639/1639/1168
f  1639/1639/1168 1638/1638/1167 1640/1640/1169
f  1640/1640/1169 1638/1638/1167 1635/1635/1164
f  1639/1639/1168 1640/1640/1169 1641/1641/1170
f  1641/1641/1170 1640/1640/1169 1642/1642/1171
f  1642/1642/1171 1640/1640/1169 1635/1635/1164
f  1641/1641/1170 1642/1642/1171 1643/1643/1172
f  1644/1644/1173 1635/1635/1164 1632/1632/1161
f  1635/1635/1164 1644/1644/1173 1642/1642/1171
f  1644/1644/1173 1632/1632/1161 1631/1631/1160
f  1642/1642/1171 1644/1644/1173 1645/1645/1174
f  1645/1645/1174 1644/1644/1173 1631/1631/1160
f  1643/1643/1172 1642/1642/1171 1646/1646/1175
f  1646/1646/1175 1642/1642/1171 1645/1645/1174
f  1643/1643/1172 1646/1646/1175 1647/1647/1176
f  1647/1647/1176 1646/1646/1175 1648/1648/1177
f  1648/1648/1177 1646/1646/1175 1645/1645/1174
f  1647/1647/1176 1648/1648/1177 1649/1649/1178
f  1649/1649/1178 1648/1648/1177 1650/1650/1179
f  1650/1650/1179 1648/1648/1177 1645/1645/1174
f  1649/1649/1178 1650/1650/1179 1651/1651/1180
f  1652/1652/1181 1645/1645/1174 1631/1631/1160
f  1645/1645/1174 1652/1652/1181 1650/1650/1179
f  1651/1651/1180 1650/1650/1179 1653/1653/1182
f  1653/1653/1182 1650/1650/1179 1652/1652/1181
f  1651/1651/1180 1653/1653/1182 1654/1654/1183
f  1654/1654/1183 1653/1653/1182 1655/1655/1184
f  1653/1653/1182 1652/1652/1181 1656/1656/1185
f  1653/1653/1182 1656/1656/1185 1655/1655/1184
f  1652/1652/1181 1631/1631/1160 1657/1657/1186
f  1652/1652/1181 1657/1657/1186 1656/1656/1185
f  1657/1657/1186 1631/1631/1160 1627/1627/1157
f  1657/1657/1186 1627/1627/1157 1629/1629/1158
f  1656/1656/1185 1657/1657/1186 1658/1658/1187
f  1658/1658/1187 1657/1657/1186 1629/1629/1158
f  1655/1655/1184 1656/1656/1185 1659/1659/1188
f  1659/1659/1188 1656/1656/1185 1658/1658/1187
f  1655/1655/1184 1659/1659/1188 1660/1660/1189
f  1661/1661/1189 1662/1662/1188 1663/1663/1190
f  1663/1663/1190 1662/1662/1188 1664/1664/1191
f  1664/1664/1191 1662/1662/1188 1665/1665/1187
f  1663/1663/1190 1664/1664/1191 1666/1666/1192
f  1665/1665/1187 1667/1667/1158 1668/1668/1193
f  1664/1664/1191 1665/1665/1187 1669/1669/1194
f  1669/1669/1194 1665/1665/1187 1668/1668/1193
f  1668/1668/1193 1667/1667/1158 1670/1670/1195
f  1671/1671/1195 1628/1628/1158 1621/1621/1154
f  1669/1669/1194 1668/1668/1193 1672/1672/1196
f  1672/1672/1196 1668/1668/1193 1670/1670/1195
f  1664/1664/1191 1669/1669/1194 1673/1673/1197
f  1673/1673/1197 1669/1669/1194 1672/1672/1196
f  1672/1672/1196 1670/1670/1195 1674/1674/1198
f  1672/1672/1196 1674/1674/1198 1673/1673/1197
f  1671/1671/1195 1621/1621/1154 1675/1675/1199
f  1670/1670/1195 1676/1676/1199 1674/1674/1198
f  1675/1675/1199 1621/1621/1154 1618/1618/1152
f  1675/1675/1199 1618/1618/1152 1677/1677/1200
f  1676/1676/1199 1678/1678/1200 1674/1674/1198
f  1677/1677/1200 1618/1618/1152 1616/1616/1150
f  1677/1677/1200 1616/1616/1150 1614/1614/1148
f  1674/1674/1198 1678/1678/1200 1679/1679/1201
f  1679/1679/1201 1678/1678/1200 1613/1613/1148
f  1680/1680/1202 1673/1673/1197 1674/1674/1198
f  1680/1680/1202 1674/1674/1198 1679/1679/1201
f  1681/1681/1203 1664/1664/1191 1673/1673/1197
f  1681/1681/1203 1673/1673/1197 1680/1680/1202
f  1664/1664/1191 1681/1681/1203 1666/1666/1192
f  1681/1681/1203 1680/1680/1202 1682/1682/1204
f  1681/1681/1203 1682/1682/1204 1666/1666/1192
f  1682/1682/1204 1680/1680/1202 1679/1679/1201
f  1666/1666/1192 1682/1682/1204 1683/1683/1205
f  1683/1683/1205 1682/1682/1204 1611/1611/1146
f  1682/1682/1204 1679/1679/1201 1684/1684/1206
f  1682/1682/1204 1684/1684/1206 1611/1611/1146
f  1684/1684/1206 1679/1679/1201 1613/1613/1148
f  1611/1611/1146 1684/1684/1206 1609/1609/1144
f  1609/1609/1144 1684/1684/1206 1613/1613/1148
f  1685/1685/807 1686/1686/800 1687/1687/799
f  1111/1111/797 1688/1688/1207 1689/1689/1208
f  1690/1690/1209 1456/1456/1048 1454/1454/1046
f  1691/1691/1210 1690/1690/1209 1692/1692/1211
f  1692/1692/1211 1690/1690/1209 1454/1454/1046
f  1692/1692/1211 1454/1454/1046 1693/1693/1212
f  1693/1693/1212 1454/1454/1046 1452/1452/1044
f  1693/1693/1212 1452/1452/1044 1453/1453/1045
f  1693/1693/1212 1453/1453/1045 1694/1694/1213
f  1695/1695/1214 1691/1691/1210 1692/1692/1211
f  1691/1691/1210 1695/1695/1214 1696/1696/1215
f  1697/1697/1216 1692/1692/1211 1693/1693/1212
f  1692/1692/1211 1697/1697/1216 1695/1695/1214
f  1698/1698/1217 1693/1693/1212 1694/1694/1213
f  1693/1693/1212 1698/1698/1217 1697/1697/1216
f  1698/1698/1217 1694/1694/1213 1699/1699/1218
f  1697/1697/1216 1698/1698/1217 1700/1700/1219
f  1698/1698/1217 1699/1699/1218 1701/1701/1220
f  1698/1698/1217 1701/1701/1220 1700/1700/1219
f  1702/1702/1220 1703/1703/1218 1704/1704/1221
f  1697/1697/1216 1700/1700/1219 1705/1705/1222
f  1697/1697/1216 1705/1705/1222 1695/1695/1214
f  1705/1705/1222 1700/1700/1219 1701/1701/1220
f  1695/1695/1214 1705/1705/1222 1706/1706/1223
f  1695/1695/1214 1706/1706/1223 1696/1696/1215
f  1702/1702/1220 1704/1704/1221 1707/1707/1224
f  1707/1707/1224 1704/1704/1221 1708/1708/1225
f  1707/1707/1224 1708/1708/1225 1709/1709/1226
f  1702/1702/1220 1707/1707/1224 1710/1710/1227
f  1711/1711/1227 1712/1712/1224 1713/1713/1226
f  1705/1705/1222 1701/1701/1220 1714/1714/1228
f  1714/1714/1228 1701/1701/1220 1715/1715/1227
f  1716/1716/1229 1706/1706/1223 1705/1705/1222
f  1716/1716/1229 1705/1705/1222 1714/1714/1228
f  1717/1717/1230 1696/1696/1215 1706/1706/1223
f  1717/1717/1230 1706/1706/1223 1716/1716/1229
f  1716/1716/1229 1714/1714/1228 1718/1718/1231
f  1718/1718/1231 1714/1714/1228 1715/1715/1227
f  1717/1717/1230 1716/1716/1229 1719/1719/1232
f  1719/1719/1232 1716/1716/1229 1718/1718/1231
f  1720/1720/1233 1711/1711/1227 1713/1713/1226
f  1721/1721/1227 1722/1722/1233 1723/1723/1231
f  1720/1720/1233 1713/1713/1226 1724/1724/1234
f  1725/1725/1235 1719/1719/1232 1718/1718/1231
f  1726/1726/1236 1727/1727/1237 1728/1728/1238
f  1729/1729/1239 1730/1730/1240 1731/1731/1241
f  1732/1732/1238 1733/1733/1237 1734/1734/1242
f  1735/1735/1242 1736/1736/1237 1737/1737/1239
f  1738/1738/1238 1739/1739/1242 1740/1740/1243
f  1741/1741/1238 1740/1740/1243 1742/1742/1244
f  1742/1742/1244 1740/1740/1243 1743/1743/1245
f  1744/1744/1244 1745/1745/1245 1746/1746/1246
f  1746/1746/1246 1745/1745/1245 1747/1747/1247
f  1743/1743/1245 1740/1740/1243 1748/1748/1248
f  1748/1748/1248 1740/1740/1243 1739/1739/1242
f  1747/1747/1247 1745/1745/1245 1749/1749/1249
f  1750/1750/1249 1743/1743/1245 1748/1748/1248
f  1747/1747/1247 1749/1749/1249 1751/1751/1250
f  1752/1752/1248 1735/1735/1242 1753/1753/1251
f  1753/1753/1251 1735/1735/1242 1737/1737/1239
f  1753/1753/1251 1737/1737/1239 1754/1754/1252
f  1752/1752/1248 1753/1753/1251 1755/1755/1253
f  1755/1755/1253 1753/1753/1251 1754/1754/1252
f  1756/1756/1249 1757/1757/1248 1758/1758/1254
f  1758/1758/1254 1757/1757/1248 1759/1759/1253
f  1760/1760/1255 1751/1751/1250 1749/1749/1249
f  1761/1761/1255 1756/1756/1249 1758/1758/1254
f  1751/1751/1250 1760/1760/1255 1762/1762/1256
f  1763/1763/1252 1764/1764/1257 1765/1765/1253
f  1764/1764/1257 1766/1766/1258 1767/1767/1259
f  1758/1758/1254 1759/1759/1253 1768/1768/1260
f  1768/1768/1260 1759/1759/1253 1769/1769/1257
f  1761/1761/1255 1758/1758/1254 1770/1770/1261
f  1770/1770/1261 1758/1758/1254 1768/1768/1260
f  1771/1771/1262 1762/1762/1256 1760/1760/1255
f  1772/1772/1262 1761/1761/1255 1770/1770/1261
f  1762/1762/1256 1771/1771/1262 1724/1724/1234
f  1724/1724/1234 1771/1771/1262 1720/1720/1233
f  1772/1772/1262 1770/1770/1261 1773/1773/1263
f  1772/1772/1262 1773/1773/1263 1722/1722/1233
f  1773/1773/1263 1770/1770/1261 1768/1768/1260
f  1722/1722/1233 1773/1773/1263 1723/1723/1231
f  1773/1773/1263 1768/1768/1260 1774/1774/1264
f  1773/1773/1263 1774/1774/1264 1723/1723/1231
f  1774/1774/1264 1768/1768/1260 1769/1769/1257
f  1718/1718/1231 1775/1775/1264 1725/1725/1235
f  1746/1746/1246 1747/1747/1247 1776/1776/1265
f  1776/1776/1265 1747/1747/1247 1777/1777/1266
f  1776/1776/1265 1777/1777/1266 1778/1778/1267
f  1777/1777/1266 1747/1747/1247 1779/1779/1268
f  1779/1779/1268 1747/1747/1247 1751/1751/1250
f  1779/1779/1268 1751/1751/1250 1762/1762/1256
f  1779/1779/1268 1762/1762/1256 1780/1780/1269
f  1780/1780/1269 1762/1762/1256 1724/1724/1234
f  1777/1777/1266 1779/1779/1268 1781/1781/1270
f  1781/1781/1270 1779/1779/1268 1780/1780/1269
f  1782/1782/1271 1778/1778/1267 1777/1777/1266
f  1782/1782/1271 1777/1777/1266 1781/1781/1270
f  1778/1778/1267 1782/1782/1271 1783/1783/1272
f  1778/1778/1267 1783/1783/1272 1784/1784/1273
f  1780/1780/1269 1724/1724/1234 1785/1785/1274
f  1785/1785/1274 1724/1724/1234 1713/1713/1226
f  1786/1786/1274 1709/1709/1226 1708/1708/1225
f  1780/1780/1269 1785/1785/1274 1787/1787/1275
f  1780/1780/1269 1787/1787/1275 1781/1781/1270
f  1786/1786/1274 1708/1708/1225 1788/1788/1276
f  1789/1789/1274 1790/1790/1276 1791/1791/1275
f  1788/1788/1276 1708/1708/1225 1792/1792/1277
f  1792/1792/1277 1708/1708/1225 1704/1704/1221
f  1791/1791/1275 1790/1790/1276 1793/1793/1278
f  1788/1788/1276 1792/1792/1277 1794/1794/1279
f  1790/1790/1276 1795/1795/1279 1793/1793/1278
f  1796/1796/1280 1797/1797/1270 1791/1791/1275
f  1796/1796/1280 1791/1791/1275 1793/1793/1278
f  1793/1793/1278 1795/1795/1279 1798/1798/1281
f  1793/1793/1278 1798/1798/1281 1796/1796/1280
f  1794/1794/1279 1792/1792/1277 1799/1799/1282
f  1800/1800/1283 1792/1792/1277 1704/1704/1221
f  1792/1792/1277 1800/1800/1283 1799/1799/1282
f  1800/1800/1283 1704/1704/1221 1801/1801/1284
f  1801/1801/1284 1704/1704/1221 1703/1703/1218
f  1802/1802/1284 1699/1699/1218 1694/1694/1213
f  1800/1800/1283 1801/1801/1284 1803/1803/1285
f  1800/1800/1283 1803/1803/1285 1799/1799/1282
f  1803/1803/1285 1801/1801/1284 1804/1804/1286
f  1801/1801/1284 1805/1805/1213 1806/1806/1287
f  1801/1801/1284 1806/1806/1287 1804/1804/1286
f  1803/1803/1285 1804/1804/1286 1807/1807/1288
f  1807/1807/1288 1804/1804/1286 1806/1806/1287
f  1799/1799/1282 1803/1803/1285 1808/1808/1289
f  1808/1808/1289 1803/1803/1285 1807/1807/1288
f  1807/1807/1288 1806/1806/1287 1809/1809/1290
f  1807/1807/1288 1809/1809/1290 1808/1808/1289
f  1810/1810/1291 1811/1811/1287 1694/1694/1213
f  1810/1810/1291 1694/1694/1213 1453/1453/1045
f  1809/1809/1290 1806/1806/1287 1812/1812/1292
f  1812/1812/1292 1806/1806/1287 1813/1813/1291
f  1810/1810/1291 1453/1453/1045 1356/1356/960
f  1356/1356/960 1453/1453/1045 1359/1359/963
f  1810/1810/1291 1356/1356/960 1355/1355/959
f  1810/1810/1291 1355/1355/959 1814/1814/1292
f  1815/1815/1292 1360/1360/959 1361/1361/964
f  1812/1812/1292 1816/1816/964 1817/1817/967
f  1809/1809/1290 1812/1812/1292 1818/1818/1293
f  1818/1818/1293 1812/1812/1292 1817/1817/967
f  1809/1809/1290 1818/1818/1293 1808/1808/1289
f  1808/1808/1289 1818/1818/1293 1819/1819/1294
f  1808/1808/1289 1819/1819/1294 1799/1799/1282
f  1799/1799/1282 1819/1819/1294 1794/1794/1279
f  1819/1819/1294 1818/1818/1293 1820/1820/1295
f  1820/1820/1295 1818/1818/1293 1817/1817/967
f  1794/1794/1279 1819/1819/1294 1821/1821/1296
f  1821/1821/1296 1819/1819/1294 1820/1820/1295
f  1795/1795/1279 1822/1822/1296 1798/1798/1281
f  1820/1820/1295 1817/1817/967 1823/1823/970
f  1367/1367/970 1364/1364/967 1363/1363/966
f  1821/1821/1296 1820/1820/1295 1824/1824/1297
f  1824/1824/1297 1820/1820/1295 1823/1823/970
f  1825/1825/1297 1367/1367/970 1371/1371/974
f  1371/1371/974 1367/1367/970 1366/1366/969
f  1825/1825/1297 1371/1371/974 1372/1372/975
f  1822/1822/1296 1826/1826/1297 1827/1827/1298
f  1827/1827/1298 1826/1826/1297 1828/1828/975
f  1822/1822/1296 1827/1827/1298 1798/1798/1281
f  1829/1829/1298 1372/1372/975 1375/1375/978
f  1827/1827/1298 1830/1830/978 1831/1831/1299
f  1827/1827/1298 1831/1831/1299 1798/1798/1281
f  1832/1832/1299 1375/1375/978 1380/1380/983
f  1798/1798/1281 1831/1831/1299 1833/1833/1300
f  1798/1798/1281 1833/1833/1300 1796/1796/1280
f  1832/1832/1299 1380/1380/983 1834/1834/1301
f  1833/1833/1300 1831/1831/1299 1835/1835/1302
f  1833/1833/1300 1835/1835/1302 1796/1796/1280
f  1835/1835/1302 1831/1831/1299 1836/1836/1301
f  1834/1834/1301 1380/1380/983 1837/1837/1303
f  1836/1836/1301 1838/1838/1303 1835/1835/1302
f  1837/1837/1303 1380/1380/983 1385/1385/988
f  1837/1837/1303 1385/1385/988 1192/1192/850
f  1192/1192/850 1385/1385/988 1194/1194/853
f  1837/1837/1303 1192/1192/850 1839/1839/848
f  1838/1838/1303 1840/1840/848 1835/1835/1302
f  1841/1841/1304 1796/1796/1280 1835/1835/1302
f  1841/1841/1304 1835/1835/1302 1840/1840/848
f  1796/1796/1280 1841/1841/1304 1797/1797/1270
f  1841/1841/1304 1840/1840/848 1842/1842/1305
f  1843/1843/1305 1186/1186/848 1187/1187/849
f  1781/1781/1270 1844/1844/1304 1845/1845/1306
f  1845/1845/1306 1844/1844/1304 1846/1846/1305
f  1781/1781/1270 1845/1845/1306 1782/1782/1271
f  1782/1782/1271 1845/1845/1306 1783/1783/1272
f  1847/1847/1306 1843/1843/1305 1848/1848/1307
f  1848/1848/1307 1843/1843/1305 1187/1187/849
f  1847/1847/1306 1848/1848/1307 1849/1849/1272
f  1848/1848/1307 1187/1187/849 1850/1850/1308
f  1850/1850/1308 1187/1187/849 1580/1580/1125
f  1850/1850/1308 1580/1580/1125 1851/1851/1309
f  1849/1849/1272 1848/1848/1307 1852/1852/1310
f  1852/1852/1310 1848/1848/1307 1850/1850/1308
f  1849/1849/1272 1852/1852/1310 1853/1853/1273
f  1853/1853/1273 1852/1852/1310 1854/1854/1311
f  1852/1852/1310 1850/1850/1308 1855/1855/1312
f  1855/1855/1312 1850/1850/1308 1851/1851/1309
f  1852/1852/1310 1855/1855/1312 1854/1854/1311
f  1855/1855/1312 1851/1851/1309 1856/1856/1313
f  1854/1854/1311 1855/1855/1312 1857/1857/1314
f  1857/1857/1314 1855/1855/1312 1856/1856/1313
f  1581/1581/1126 1575/1575/1121 1576/1576/1122
f  137/137/106 139/139/108 1858/1858/1315
f  137/137/106 1858/1858/1315 1859/1859/1316
f  137/137/106 1859/1859/1316 130/130/101
f  132/132/101 1860/1860/1316 133/133/102
f  1860/1860/1316 1861/1861/1315 1862/1862/1317
f  133/133/102 1860/1860/1316 1863/1863/1318
f  1862/1862/1317 1861/1861/1315 1864/1864/1319
f  133/133/102 1863/1863/1318 131/131/97
f  1863/1863/1318 1860/1860/1316 1862/1862/1317
f  131/131/97 1863/1863/1318 1865/1865/96
f  1862/1862/1317 1864/1864/1319 1866/1866/1320
f  121/121/96 1867/1867/1318 1868/1868/1321
f  121/121/96 1868/1868/1321 116/116/93
f  116/116/93 1868/1868/1321 115/115/92
f  1869/1869/1321 1870/1870/1318 1871/1871/1322
f  1871/1871/1322 1863/1863/1318 1862/1862/1317
f  115/115/92 1868/1868/1321 1872/1872/1323
f  1873/1873/1323 1869/1869/1321 1871/1871/1322
f  115/115/92 1872/1872/1323 114/114/91
f  1871/1871/1322 1862/1862/1317 1874/1874/1324
f  1874/1874/1324 1862/1862/1317 1866/1866/1320
f  1873/1873/1323 1871/1871/1322 1875/1875/1325
f  1875/1875/1325 1871/1871/1322 1874/1874/1324
f  1874/1874/1324 1866/1866/1320 1876/1876/1326
f  1874/1874/1324 1876/1876/1326 1875/1875/1325
f  1876/1876/1326 1866/1866/1320 1877/1877/1327
f  1876/1876/1326 1877/1877/1327 1878/1878/1328
f  1875/1875/1325 1876/1876/1326 1879/1879/1329
f  1879/1879/1329 1876/1876/1326 1878/1878/1328
f  1873/1873/1323 1875/1875/1325 1880/1880/1330
f  1880/1880/1330 1875/1875/1325 1879/1879/1329
f  1879/1879/1329 1878/1878/1328 1881/1881/1331
f  1879/1879/1329 1881/1881/1331 1880/1880/1330
f  1881/1881/1331 1878/1878/1328 1882/1882/1332
f  1880/1880/1330 1881/1881/1331 1883/1883/1333
f  1881/1881/1331 1882/1882/1332 1884/1884/1334
f  1884/1884/1334 1882/1882/1332 1885/1885/1335
f  1883/1883/1333 1881/1881/1331 1886/1886/1336
f  1886/1886/1336 1881/1881/1331 1884/1884/1334
f  1880/1880/1330 1883/1883/1333 1887/1887/1337
f  1887/1887/1337 1883/1883/1333 1886/1886/1336
f  1884/1884/1334 1885/1885/1335 1888/1888/1338
f  1884/1884/1334 1888/1888/1338 1886/1886/1336
f  1888/1888/1338 1885/1885/1335 1889/1889/1339
f  1890/1890/1338 1891/1891/1339 1892/1892/1340
f  1890/1890/1338 1892/1892/1340 1893/1893/1341
f  1888/1888/1338 1894/1894/1341 1886/1886/1336
f  1893/1893/1341 1892/1892/1340 1895/1895/1342
f  1893/1893/1341 1895/1895/1342 1896/1896/1343
f  1897/1897/1336 1893/1893/1341 1898/1898/1344
f  1898/1898/1344 1893/1893/1341 1896/1896/1343
f  1897/1897/1336 1898/1898/1344 1899/1899/1337
f  1896/1896/1343 1895/1895/1342 1900/1900/1345
f  1899/1899/1337 1898/1898/1344 1901/1901/1346
f  1901/1901/1346 1898/1898/1344 1896/1896/1343
f  1901/1901/1346 1896/1896/1343 1902/1902/1347
f  1896/1896/1343 1900/1900/1345 1903/1903/1348
f  1896/1896/1343 1903/1903/1348 1902/1902/1347
f  1904/1904/1348 1905/1905/1345 1906/1906/1349
f  1904/1904/1348 1906/1906/1349 1907/1907/1350
f  1904/1904/1348 1907/1907/1350 1908/1908/1347
f  1907/1907/1350 1906/1906/1349 1909/1909/1351
f  1910/1910/1352 1899/1899/1337 1901/1901/1346
f  1910/1910/1352 1901/1901/1346 1902/1902/1347
f  1899/1899/1337 1910/1910/1352 1911/1911/1353
f  1899/1899/1337 1911/1911/1353 1912/1912/1330
f  1880/1880/1330 1913/1913/1353 1873/1873/1323
f  1872/1872/1323 1911/1911/1353 114/114/91
f  1911/1911/1353 1910/1910/1352 1914/1914/1354
f  1911/1911/1353 1914/1914/1354 114/114/91
f  1910/1910/1352 1902/1902/1347 1915/1915/1355
f  1910/1910/1352 1915/1915/1355 1914/1914/1354
f  114/114/91 1914/1914/1354 1916/1916/1356
f  1917/1917/1356 1918/1918/1354 1919/1919/1355
f  114/114/91 1916/1916/1356 112/112/90
f  1919/1919/1355 1908/1908/1347 1920/1920/1357
f  1920/1920/1357 1908/1908/1347 1907/1907/1350
f  1917/1917/1356 1919/1919/1355 1921/1921/1358
f  1921/1921/1358 1919/1919/1355 1920/1920/1357
f  111/111/90 1917/1917/1356 107/107/86
f  111/111/90 107/107/86 105/105/84
f  1917/1917/1356 1921/1921/1358 1922/1922/1359
f  1917/1917/1356 1922/1922/1359 107/107/86
f  107/107/86 1922/1922/1359 108/108/87
f  108/108/87 1922/1922/1359 1921/1921/1358
f  107/107/86 108/108/87 106/106/85
f  108/108/87 1921/1921/1358 1923/1923/1360
f  1923/1923/1360 1921/1921/1358 1920/1920/1357
f  108/108/87 1923/1923/1360 109/109/88
f  1923/1923/1360 1920/1920/1357 1924/1924/1361
f  1923/1923/1360 1924/1924/1361 1925/1925/1362
f  1925/1925/1362 1924/1924/1361 262/262/194
f  1924/1924/1361 1920/1920/1357 1926/1926/1363
f  1926/1926/1363 1920/1920/1357 1907/1907/1350
f  1926/1926/1363 1907/1907/1350 1909/1909/1351
f  1924/1924/1361 1926/1926/1363 1927/1927/1364
f  1924/1924/1361 1927/1927/1364 262/262/194
f  1927/1927/1364 1926/1926/1363 1909/1909/1351
f  262/262/194 1927/1927/1364 261/261/193
f  1927/1927/1364 1909/1909/1351 1928/1928/1365
f  261/261/193 1927/1927/1364 1929/1929/1366
f  1929/1929/1366 1927/1927/1364 1928/1928/1365
f  1929/1929/1366 1928/1928/1365 1930/1930/1367
f  261/261/193 1929/1929/1366 1931/1931/196
f  1931/1931/196 1929/1929/1366 1930/1930/1367
f  265/265/196 1932/1932/1367 1933/1933/1368
f  265/265/196 1933/1933/1368 1934/1934/1369
f  265/265/196 1934/1934/1369 273/273/204
f  265/265/196 273/273/204 267/267/198
f  273/273/204 1934/1934/1369 277/277/208
f  273/273/204 277/277/208 274/274/205
f  1923/1923/1360 1925/1925/1362 109/109/88
f  254/254/190 1925/1925/1362 262/262/194
f  1925/1925/1362 254/254/190 253/253/189
f  109/109/88 1925/1925/1362 1935/1935/1370
f  1935/1935/1370 1925/1925/1362 253/253/189
f  109/109/88 1935/1935/1370 102/102/81
f  102/102/81 1935/1935/1370 100/100/71
f  1935/1935/1370 253/253/189 1936/1936/1371
f  1935/1935/1370 1936/1936/1371 100/100/71
f  1936/1936/1371 253/253/189 241/241/179
f  100/100/71 1936/1936/1371 1937/1937/65
f  1936/1936/1371 241/241/179 240/240/175
f  1936/1936/1371 240/240/175 1937/1937/65
f  560/560/207 1938/1938/208 559/559/418
f  520/520/386 825/825/599 516/516/382
f  516/516/382 825/825/599 1939/1939/1372
f  1939/1939/1372 825/825/599 824/824/598
f  516/516/382 1939/1939/1372 1940/1940/1373
f  516/516/382 1940/1940/1373 514/514/380
f  1939/1939/1372 824/824/598 1941/1941/1374
f  1939/1939/1372 1941/1941/1374 1940/1940/1373
f  514/514/380 1940/1940/1373 517/517/383
f  1941/1941/1374 824/824/598 829/829/602
f  829/829/602 824/824/598 823/823/597
f  1940/1940/1373 1941/1941/1374 1942/1942/1375
f  1942/1942/1375 1941/1941/1374 829/829/602
f  1940/1940/1373 1942/1942/1375 517/517/383
f  517/517/383 1942/1942/1375 1943/1943/1376
f  517/517/383 1943/1943/1376 1944/1944/1377
f  517/517/383 1944/1944/1377 1945/1945/1378
f  1943/1943/1376 1942/1942/1375 1946/1946/1379
f  1946/1946/1379 1942/1942/1375 829/829/602
f  1943/1943/1376 1946/1946/1379 1944/1944/1377
f  1947/1947/1378 1948/1948/1377 1949/1949/1380
f  1949/1949/1380 1948/1948/1377 859/859/618
f  859/859/618 1948/1948/1377 858/858/617
f  1950/1950/617 1944/1944/1377 1946/1946/1379
f  1950/1950/617 1946/1946/1379 829/829/602
f  858/858/617 1951/1951/602 848/848/611
f  1952/1952/1381 512/512/378 515/515/381
f  1952/1952/1381 515/515/381 517/517/383
f  512/512/378 1952/1952/1381 507/507/374
f  1952/1952/1381 517/517/383 1945/1945/1378
f  1952/1952/1381 1945/1945/1378 1953/1953/1382
f  1952/1952/1381 1953/1953/1382 507/507/374
f  1954/1954/1382 1947/1947/1378 1949/1949/1380
f  1955/1955/374 1954/1954/1382 1956/1956/1383
f  1955/1955/374 1956/1956/1383 1957/1957/373
f  1954/1954/1382 1949/1949/1380 1958/1958/1384
f  1954/1954/1382 1958/1958/1384 1956/1956/1383
f  1958/1958/1384 1949/1949/1380 1959/1959/1385
f  1959/1959/1385 1949/1949/1380 859/859/618
f  1959/1959/1385 859/859/618 860/860/619
f  1959/1959/1385 860/860/619 1960/1960/1386
f  1959/1959/1385 1960/1960/1386 1961/1961/1387
f  1959/1959/1385 1961/1961/1387 1958/1958/1384
f  1961/1961/1387 1960/1960/1386 661/661/472
f  1961/1961/1387 661/661/472 660/660/471
f  1962/1962/1388 1956/1956/1383 1958/1958/1384
f  1962/1962/1388 1958/1958/1384 1961/1961/1387
f  1956/1956/1383 1962/1962/1388 1957/1957/373
f  1961/1961/1387 660/660/471 1963/1963/1389
f  1961/1961/1387 1963/1963/1389 1962/1962/1388
f  1964/1964/373 1962/1962/1388 1965/1965/1390
f  1965/1965/1390 1962/1962/1388 1963/1963/1389
f  1964/1964/373 1965/1965/1390 1966/1966/1391
f  1964/1964/373 1966/1966/1391 1967/1967/368
f  496/496/368 1968/1968/1391 490/490/365
f  1966/1966/1391 1965/1965/1390 1969/1969/1392
f  1969/1969/1392 1965/1965/1390 1963/1963/1389
f  490/490/365 1968/1968/1391 1970/1970/1393
f  1970/1970/1393 1968/1968/1391 1971/1971/1392
f  490/490/365 1970/1970/1393 1972/1972/1394
f  490/490/365 1972/1972/1394 488/488/363
f  1970/1970/1393 1971/1971/1392 1973/1973/1395
f  1970/1970/1393 1973/1973/1395 1972/1972/1394
f  1969/1969/1392 1963/1963/1389 657/657/468
f  657/657/468 1963/1963/1389 660/660/471
f  657/657/468 660/660/471 658/658/469
f  1969/1969/1392 657/657/468 1974/1974/1396
f  1971/1971/1392 1975/1975/1396 1973/1973/1395
f  1976/1976/1396 1977/1977/468 1978/1978/1397
f  1976/1976/1396 1978/1978/1397 1979/1979/1395
f  1980/1980/1397 657/657/468 656/656/466
f  1981/1981/1397 652/652/466 639/639/459
f  1981/1981/1397 639/639/459 638/638/458
f  1979/1979/1395 1978/1978/1397 1982/1982/1398
f  1983/1983/1398 1984/1984/1397 1985/1985/458
f  1986/1986/1395 1987/1987/1398 1988/1988/1399
f  1988/1988/1399 1987/1987/1398 1989/1989/458
f  1973/1973/1395 1990/1990/1399 1972/1972/1394
f  1988/1988/1399 1989/1989/458 1991/1991/454
f  1972/1972/1394 1990/1990/1399 488/488/363
f  1992/1992/363 1988/1988/1399 1991/1991/454
f  863/863/622 661/661/472 1960/1960/1386
f  1960/1960/1386 860/860/619 863/863/622
f  1993/1993/1400 1994/1994/1401 1995/1995/1402
f  1996/1996/1400 1997/1997/1402 1998/1998/1403
f  1999/1999/1401 2000/2000/1400 2001/2001/1404
f  1999/1999/1401 2001/2001/1404 2002/2002/1405
f  1996/1996/1400 1998/1998/1403 2003/2003/1406
f  2003/2003/1406 1998/1998/1403 2004/2004/1407
f  2003/2003/1406 2004/2004/1407 2005/2005/1408
f  2005/2005/1408 2004/2004/1407 2006/2006/1409
f  2007/2007/1406 2008/2008/1408 2009/2009/1410
f  2010/2010/1400 2007/2007/1406 2011/2011/1411
f  2011/2011/1411 2007/2007/1406 2009/2009/1410
f  2010/2010/1400 2011/2011/1411 2012/2012/1404
f  2013/2013/1411 2014/2014/1410 2015/2015/1412
f  2013/2013/1411 2015/2015/1412 2016/2016/1413
f  2017/2017/1411 2018/2018/1413 2019/2019/1404
f  2020/2020/1413 2021/2021/1412 2022/2022/1414
f  2019/2019/1404 2018/2018/1413 2023/2023/1415
f  2019/2019/1404 2023/2023/1415 2024/2024/1405
f  2025/2025/1415 2026/2026/1413 2027/2027/1416
f  2024/2024/1405 2023/2023/1415 2028/2028/1417
f  2024/2024/1405 2028/2028/1417 2029/2029/1418
f  1995/1995/1402 1994/1994/1401 2030/2030/1419
f  2031/2031/1419 2032/2032/1401 2033/2033/1420
f  2034/2034/1420 2035/2035/1401 2036/2036/1405
f  2037/2037/1419 2038/2038/1420 2039/2039/1418
f  2040/2040/1418 2034/2034/1420 2036/2036/1405
f  2041/2041/1408 2042/2042/1409 2043/2043/1421
f  2043/2043/1421 2042/2042/1409 2044/2044/1422
f  2045/2045/1408 2046/2046/1421 2047/2047/1423
f  2045/2045/1408 2047/2047/1423 2048/2048/1410
f  2049/2049/1410 2050/2050/1423 2051/2051/1414
f  2052/2052/1410 2053/2053/1414 2054/2054/1412
f  2055/2055/1423 2056/2056/1421 2057/2057/1424
f  2043/2043/1421 2044/2044/1422 2058/2058/1425
f  2056/2056/1421 2059/2059/1425 2057/2057/1424
f  2057/2057/1424 2059/2059/1425 2060/2060/1426
f  2058/2058/1425 2044/2044/1422 2061/2061/1427
f  2062/2062/1426 2063/2063/1425 2064/2064/1428
f  2065/2065/1428 2066/2066/1425 2067/2067/1427
f  2068/2068/1428 2069/2069/1427 2070/2070/1429
f  2071/2071/1414 2072/2072/1423 2073/2073/1416
f  2074/2074/1416 2075/2075/1423 2076/2076/1424
f  2077/2077/1414 2078/2078/1416 2079/2079/1413
f  2025/2025/1415 2027/2027/1416 2080/2080/1430
f  2081/2081/1430 2074/2074/1416 2076/2076/1424
f  2082/2082/1430 2083/2083/1424 2084/2084/1426
f  2085/2085/1430 2086/2086/1426 2087/2087/1431
f  2088/2088/1430 2089/2089/1431 2090/2090/1417
f  2091/2091/1417 2025/2025/1415 2080/2080/1430
f  2092/2092/1418 2093/2093/1417 2094/2094/1432
f  2095/2095/1418 2096/2096/1432 2097/2097/1431
f  2089/2089/1431 2098/2098/1432 2090/2090/1417
f  2095/2095/1418 2097/2097/1431 2099/2099/1433
f  2100/2100/1431 2101/2101/1426 2102/2102/1433
f  2103/2103/1433 2062/2062/1426 2064/2064/1428
f  2104/2104/1433 2105/2105/1428 2106/2106/1434
f  2107/2107/1434 2068/2068/1428 2070/2070/1429
f  2108/2108/1433 2109/2109/1434 2110/2110/1435
f  2111/2111/1435 2107/2107/1434 2070/2070/1429
f  2112/2112/1436 2113/2113/1437 2114/2114/1438
f  2115/2115/1436 2116/2116/1438 2117/2117/1439
f  2118/2118/1438 2119/2119/1437 2120/2120/1440
f  2121/2121/1438 2122/2122/1440 2123/2123/1439
f  2120/2120/1440 2119/2119/1437 2124/2124/1441
f  2123/2123/1439 2122/2122/1440 2125/2125/1442
f  2126/2126/1442 2127/2127/1440 2128/2128/1441
f  2129/2129/1441 2130/2130/1437 2131/2131/1436
f  2129/2129/1441 2131/2131/1436 2132/2132/1443
f  2133/2133/1439 2134/2134/1442 2135/2135/1436
f  2135/2135/1436 2134/2134/1442 2136/2136/1443
f  2137/2137/1443 2126/2126/1442 2128/2128/1441
f  2138/2138/1444 2139/2139/1445 2140/2140/1446
f  2138/2138/1444 2140/2140/1446 2141/2141/1447
f  2142/2142/1444 2143/2143/1447 2144/2144/1448
f  2145/2145/1448 2146/2146/1447 2147/2147/1449
f  2148/2148/1445 2149/2149/1444 2150/2150/1450
f  2151/2151/1450 2152/2152/1444 2153/2153/1448
f  2154/2154/1450 2155/2155/1448 2156/2156/1449
f  2157/2157/1445 2158/2158/1450 2159/2159/1451
f  2160/2160/1451 2154/2154/1450 2156/2156/1449
f  2161/2161/1446 2162/2162/1445 2163/2163/1451
f  2164/2164/1446 2165/2165/1451 2166/2166/1449
f  2164/2164/1446 2166/2166/1449 2167/2167/1447
f  2168/2168/1452 2169/2169/1453 2170/2170/1454
f  2171/2171/1453 2172/2172/1452 2173/2173/1455
f  2174/2174/1455 2175/2175/1452 2176/2176/1456
f  2177/2177/1456 2178/2178/1452 2179/2179/1454
f  2174/2174/1455 2176/2176/1456 2180/2180/1457
f  2181/2181/1454 2182/2182/1453 2183/2183/1458
f  2184/2184/1454 2185/2185/1458 2186/2186/1456
f  2187/2187/1456 2188/2188/1458 2189/2189/1457
f  2190/2190/1458 2191/2191/1453 2192/2192/1459
f  2188/2188/1458 2193/2193/1459 2189/2189/1457
f  2194/2194/1455 2195/2195/1457 2196/2196/1453
f  2196/2196/1453 2195/2195/1457 2197/2197/1459
f  2198/2198/1460 2199/2199/1461 2200/2200/1462
f  2201/2201/1460 2202/2202/1462 2203/2203/1463
f  2204/2204/1463 2205/2205/1462 2206/2206/1464
f  2204/2204/1463 2206/2206/1464 2207/2207/1465
f  2208/2208/1463 2209/2209/1465 2210/2210/1460
f  2211/2211/1460 2212/2212/1465 2213/2213/1466
f  2214/2214/1462 2215/2215/1461 2216/2216/1464
f  2217/2217/1464 2218/2218/1461 2219/2219/1467
f  2220/2220/1467 2221/2221/1461 2222/2222/1460
f  2223/2223/1464 2224/2224/1467 2225/2225/1465
f  2220/2220/1467 2222/2222/1460 2226/2226/1466
f  2224/2224/1467 2227/2227/1466 2225/2225/1465
f  2228/2228/1468 2229/2229/1469 2230/2230/1470
f  2231/2231/1469 2232/2232/1468 2233/2233/1471
f  2231/2231/1469 2233/2233/1471 2234/2234/1472
f  2228/2228/1468 2230/2230/1470 2235/2235/1473
f  2236/2236/1468 2237/2237/1473 2238/2238/1471
f  2238/2238/1471 2237/2237/1473 2239/2239/1474
f  2240/2240/1471 2241/2241/1474 2242/2242/1472
f  2243/2243/1474 2244/2244/1473 2245/2245/1475
f  2241/2241/1474 2246/2246/1475 2242/2242/1472
f  2245/2245/1475 2244/2244/1473 2247/2247/1470
f  2248/2248/1472 2249/2249/1475 2250/2250/1476
f  2249/2249/1475 2251/2251/1470 2252/2252/1477
f  2249/2249/1475 2252/2252/1477 2250/2250/1476
f  2252/2252/1477 2251/2251/1470 2253/2253/1478
f  2254/2254/1476 2255/2255/1477 2256/2256/1479
f  2256/2256/1479 2255/2255/1477 2257/2257/1480
f  2258/2258/1480 2259/2259/1477 2260/2260/1478
f  2261/2261/1479 2262/2262/1480 2263/2263/1481
f  2258/2258/1480 2260/2260/1478 2264/2264/1482
f  2265/2265/1482 2266/2266/1478 2267/2267/1483
f  2263/2263/1481 2262/2262/1480 2268/2268/1484
f  2268/2268/1484 2262/2262/1480 2269/2269/1482
f  2270/2270/1481 2271/2271/1484 2272/2272/1485
f  2265/2265/1482 2267/2267/1483 2273/2273/1486
f  2274/2274/1486 2275/2275/1483 2276/2276/1476
f  2274/2274/1486 2276/2276/1476 2277/2277/1479
f  2278/2278/1482 2279/2279/1486 2280/2280/1487
f  2278/2278/1482 2280/2280/1487 2281/2281/1484
f  2282/2282/1486 2283/2283/1479 2284/2284/1488
f  2279/2279/1486 2285/2285/1488 2280/2280/1487
f  2284/2284/1488 2283/2283/1479 2286/2286/1481
f  2287/2287/1484 2288/2288/1487 2289/2289/1489
f  2271/2271/1484 2290/2290/1489 2272/2272/1485
f  2291/2291/1485 2292/2292/1489 2293/2293/1490
f  2289/2289/1489 2288/2288/1487 2294/2294/1491
f  2295/2295/1491 2296/2296/1487 2297/2297/1488
f  2298/2298/1488 2299/2299/1481 2300/2300/1492
f  2301/2301/1488 2302/2302/1492 2303/2303/1491
f  2304/2304/1492 2305/2305/1481 2306/2306/1485
f  2307/2307/1490 2308/2308/1489 2309/2309/1493
f  2310/2310/1493 2311/2311/1489 2312/2312/1491
f  2313/2313/1490 2314/2314/1493 2315/2315/1494
f  2313/2313/1490 2315/2315/1494 2316/2316/1495
f  2317/2317/1492 2318/2318/1485 2319/2319/1496
f  2320/2320/1496 2321/2321/1485 2322/2322/1490
f  2323/2323/1497 2324/2324/1491 2317/2317/1492
f  2312/2312/1491 2325/2325/1497 2310/2310/1493
f  2323/2323/1497 2317/2317/1492 2319/2319/1496
f  2326/2326/1496 2327/2327/1490 2328/2328/1495
f  2329/2329/1493 2330/2330/1497 2331/2331/1498
f  2332/2332/1498 2333/2333/1497 2334/2334/1496
f  2329/2329/1493 2331/2331/1498 2335/2335/1494
f  2326/2326/1496 2328/2328/1495 2336/2336/1499
f  2334/2334/1496 2337/2337/1499 2332/2332/1498
f  2336/2336/1499 2328/2328/1495 2338/2338/1500
f  2336/2336/1499 2338/2338/1500 2339/2339/1501
f  2337/2337/1499 2340/2340/1501 2332/2332/1498
f  2339/2339/1501 2338/2338/1500 2341/2341/1502
f  2335/2335/1494 2331/2331/1498 2342/2342/1503
f  2343/2343/1503 2332/2332/1498 2340/2340/1501
f  2344/2344/1501 2345/2345/1502 2346/2346/1504
f  2347/2347/1501 2348/2348/1504 2349/2349/1503
f  2346/2346/1504 2345/2345/1502 2350/2350/1505
f  2351/2351/1494 2352/2352/1503 2353/2353/1506
f  2354/2354/1494 2355/2355/1506 2356/2356/1495
f  2356/2356/1495 2355/2355/1506 2357/2357/1500
f  2353/2353/1506 2352/2352/1503 2358/2358/1507
f  2359/2359/1507 2349/2349/1503 2348/2348/1504
f  2357/2357/1500 2355/2355/1506 2360/2360/1508
f  2361/2361/1508 2362/2362/1506 2363/2363/1507
f  2357/2357/1500 2360/2360/1508 2364/2364/1502
f  2365/2365/1509 2346/2346/1504 2350/2350/1505
f  2348/2348/1504 2366/2366/1509 2359/2359/1507
f  2365/2365/1509 2350/2350/1505 2367/2367/1510
f  2361/2361/1508 2363/2363/1507 2368/2368/1511
f  2369/2369/1511 2359/2359/1507 2366/2366/1509
f  2364/2364/1502 2360/2360/1508 2370/2370/1512
f  2371/2371/1512 2361/2361/1508 2368/2368/1511
f  2364/2364/1502 2370/2370/1512 2372/2372/1505
f  2365/2365/1509 2367/2367/1510 2373/2373/1513
f  2374/2374/1513 2375/2375/1510 2376/2376/1514
f  2376/2376/1514 2375/2375/1510 2377/2377/1515
f  2366/2366/1509 2378/2378/1513 2379/2379/1516
f  2380/2380/1516 2381/2381/1513 2382/2382/1514
f  2366/2366/1509 2379/2379/1516 2369/2369/1511
f  2368/2368/1511 2383/2383/1516 2371/2371/1512
f  2380/2380/1516 2382/2382/1514 2384/2384/1517
f  2385/2385/1518 2372/2372/1505 2370/2370/1512
f  2386/2386/1518 2371/2371/1512 2383/2383/1516
f  2372/2372/1505 2385/2385/1518 2387/2387/1510
f  2388/2388/1510 2389/2389/1518 2390/2390/1515
f  2391/2391/1518 2392/2392/1516 2393/2393/1519
f  2393/2393/1519 2392/2392/1516 2394/2394/1517
f  2389/2389/1518 2395/2395/1519 2390/2390/1515
f  2393/2393/1519 2394/2394/1517 2396/2396/1520
f  2390/2390/1515 2395/2395/1519 2397/2397/1521
f  2376/2376/1514 2377/2377/1515 2398/2398/1522
f  2398/2398/1522 2377/2377/1515 2399/2399/1521
f  2382/2382/1514 2400/2400/1522 2401/2401/1523
f  2382/2382/1514 2401/2401/1523 2384/2384/1517
f  2394/2394/1517 2402/2402/1523 2396/2396/1520
f  2396/2396/1520 2402/2402/1523 2403/2403/1524
f  2395/2395/1519 2404/2404/1520 2397/2397/1521
f  2397/2397/1521 2404/2404/1520 2405/2405/1525
f  2405/2405/1525 2404/2404/1520 2406/2406/1524
f  2407/2407/1521 2408/2408/1525 2409/2409/1526
f  2407/2407/1521 2409/2409/1526 2410/2410/1522
f  2409/2409/1526 2408/2408/1525 2411/2411/1527
f  2405/2405/1525 2406/2406/1524 2412/2412/1528
f  2408/2408/1525 2413/2413/1528 2411/2411/1527
f  2412/2412/1528 2406/2406/1524 2414/2414/1529
f  2411/2411/1527 2413/2413/1528 2415/2415/1530
f  2416/2416/1528 2417/2417/1529 2418/2418/1531
f  2419/2419/1528 2420/2420/1531 2421/2421/1530
f  2418/2418/1531 2417/2417/1529 2422/2422/1532
f  2423/2423/1531 2424/2424/1532 2425/2425/1533
f  2426/2426/1533 2427/2427/1532 2428/2428/1534
f  2429/2429/1530 2430/2430/1531 2431/2431/1535
f  2432/2432/1535 2433/2433/1531 2434/2434/1533
f  2429/2429/1530 2431/2431/1535 2435/2435/1536
f  2436/2436/1535 2437/2437/1533 2438/2438/1537
f  2439/2439/1537 2440/2440/1533 2441/2441/1538
f  2442/2442/1536 2443/2443/1535 2444/2444/1539
f  2445/2445/1539 2436/2436/1535 2438/2438/1537
f  2446/2446/1536 2447/2447/1539 2448/2448/1540
f  2449/2449/1539 2450/2450/1537 2451/2451/1541
f  2452/2452/1540 2453/2453/1539 2454/2454/1542
f  2455/2455/1542 2456/2456/1539 2457/2457/1541
f  2452/2452/1540 2454/2454/1542 2458/2458/1543
f  2451/2451/1541 2450/2450/1537 2459/2459/1544
f  2460/2460/1543 2461/2461/1542 2462/2462/1545
f  2460/2460/1543 2462/2462/1545 2463/2463/1546
f  2464/2464/1542 2465/2465/1541 2466/2466/1547
f  2464/2464/1542 2466/2466/1547 2467/2467/1545
f  2468/2468/1541 2469/2469/1544 2470/2470/1548
f  2471/2471/1541 2472/2472/1548 2473/2473/1547
f  2474/2474/1548 2475/2475/1544 2476/2476/1546
f  2476/2476/1546 2475/2475/1544 2477/2477/1543
f  2478/2478/1548 2479/2479/1546 2480/2480/1549
f  2481/2481/1547 2482/2482/1548 2483/2483/1550
f  2484/2484/1550 2478/2478/1548 2480/2480/1549
f  2485/2485/1551 2486/2486/1545 2487/2487/1547
f  2485/2485/1551 2487/2487/1547 2488/2488/1550
f  2486/2486/1545 2485/2485/1551 2489/2489/1552
f  2490/2490/1550 2491/2491/1549 2492/2492/1553
f  2493/2493/1552 2494/2494/1551 2495/2495/1554
f  2496/2496/1551 2497/2497/1550 2498/2498/1555
f  2499/2499/1555 2490/2490/1550 2492/2492/1553
f  2496/2496/1551 2498/2498/1555 2500/2500/1554
f  2501/2501/1553 2502/2502/1549 2503/2503/1556
f  2503/2503/1556 2502/2502/1549 2504/2504/1552
f  2505/2505/1553 2506/2506/1556 2507/2507/1555
f  2508/2508/1556 2493/2493/1552 2495/2495/1554
f  2506/2506/1556 2509/2509/1554 2507/2507/1555
f  2510/2510/1557 2401/2401/1523 2400/2400/1522
f  2402/2402/1523 2511/2511/1557 2403/2403/1524
f  2512/2512/1557 2513/2513/1522 2514/2514/1526
f  2512/2512/1557 2514/2514/1526 2515/2515/1558
f  2515/2515/1558 2514/2514/1526 2516/2516/1527
f  2403/2403/1524 2511/2511/1557 2517/2517/1529
f  2518/2518/1529 2519/2519/1557 2520/2520/1558
f  2521/2521/1558 2522/2522/1527 2523/2523/1530
f  2518/2518/1529 2520/2520/1558 2524/2524/1532
f  2521/2521/1558 2523/2523/1530 2525/2525/1559
f  2520/2520/1558 2526/2526/1559 2524/2524/1532
f  2527/2527/1559 2429/2429/1530 2435/2435/1536
f  2528/2528/1532 2527/2527/1559 2529/2529/1534
f  2529/2529/1534 2527/2527/1559 2435/2435/1536
f  2530/2530/1534 2531/2531/1536 2532/2532/1540
f  2530/2530/1534 2532/2532/1540 2533/2533/1538
f  2534/2534/1534 2441/2441/1538 2440/2440/1533
f  2535/2535/1538 2452/2452/1540 2458/2458/1543
f  2535/2535/1538 2458/2458/1543 2536/2536/1544
f  2537/2537/1538 2459/2459/1544 2450/2450/1537
f  2538/2538/1560 2539/2539/1561 2540/2540/1562
f  2541/2541/1560 2542/2542/1562 2543/2543/1563
f  2544/2544/1560 2545/2545/1563 2546/2546/1564
f  2547/2547/1560 2548/2548/1564 2549/2549/1565
f  2550/2550/1560 2551/2551/1565 2552/2552/1561
f  2553/2553/1564 2554/2554/1563 2555/2555/1566
f  2556/2556/1564 2557/2557/1566 2558/2558/1565
f  2555/2555/1566 2554/2554/1563 2559/2559/1562
f  2560/2560/1566 2561/2561/1562 2562/2562/1561
f  2552/2552/1561 2551/2551/1565 2563/2563/1567
f  2564/2564/1561 2565/2565/1567 2566/2566/1566
f  2557/2557/1566 2567/2567/1567 2558/2558/1565
f  2568/2568/1568 2569/2569/1569 2570/2570/1570
f  2571/2571/1570 2572/2572/1569 2573/2573/1571
f  2574/2574/1570 2575/2575/1571 2576/2576/1568
f  2577/2577/1568 2578/2578/1571 2579/2579/1572
f  2580/2580/1569 2581/2581/1568 2582/2582/1573
f  2583/2583/1573 2584/2584/1568 2585/2585/1572
f  2586/2586/1573 2587/2587/1572 2588/2588/1574
f  2589/2589/1573 2590/2590/1574 2591/2591/1569
f  2592/2592/1574 2593/2593/1572 2594/2594/1571
f  2595/2595/1575 2596/2596/1571 2597/2597/1569
f  2598/2598/1575 2599/2599/1569 2600/2600/1574
f  2601/2601/1575 2592/2592/1574 2594/2594/1571
f  2602/2602/1576 2603/2603/1577 2604/2604/1578
f  2604/2604/1578 2603/2603/1577 2605/2605/1579
f  2606/2606/1578 2607/2607/1579 2608/2608/1580
f  2609/2609/1577 2610/2610/1576 2611/2611/1581
f  2611/2611/1581 2610/2610/1576 2612/2612/1582
f  2613/2613/1579 2614/2614/1577 2615/2615/1583
f  2616/2616/1583 2617/2617/1577 2618/2618/1581
f  2607/2607/1579 2619/2619/1583 2608/2608/1580
f  2620/2620/1583 2621/2621/1581 2622/2622/1582
f  2620/2620/1583 2622/2622/1582 2623/2623/1580
f  2624/2624/1578 2625/2625/1580 2626/2626/1576
f  2627/2627/1576 2628/2628/1580 2629/2629/1582
f  2630/2630/1584 2631/2631/1585 2632/2632/1586
f  2633/2633/1586 2634/2634/1585 2635/2635/1587
f  2636/2636/1587 2637/2637/1585 2638/2638/1588
f  2639/2639/1584 2640/2640/1586 2641/2641/1589
f  2642/2642/1584 2643/2643/1589 2644/2644/1590
f  2645/2645/1586 2646/2646/1587 2647/2647/1591
f  2648/2648/1591 2649/2649/1587 2650/2650/1588
f  2645/2645/1586 2647/2647/1591 2651/2651/1589
f  2648/2648/1591 2650/2650/1588 2652/2652/1590
f  2653/2653/1591 2644/2644/1590 2643/2643/1589
f  2654/2654/1588 2655/2655/1585 2656/2656/1584
f  2657/2657/1588 2658/2658/1584 2659/2659/1590
f  2660/2660/1592 2661/2661/1593 2662/2662/1594
f  2663/2663/1592 2664/2664/1594 2665/2665/1595
f  2666/2666/1592 2667/2667/1595 2668/2668/1596
f  2669/2669/1595 2670/2670/1594 2671/2671/1597
f  2671/2671/1597 2670/2670/1594 2672/2672/1593
f  2673/2673/1596 2674/2674/1595 2675/2675/1598
f  2676/2676/1598 2677/2677/1595 2678/2678/1597
f  2679/2679/1592 2680/2680/1596 2681/2681/1599
f  2682/2682/1592 2683/2683/1599 2684/2684/1593
f  2685/2685/1599 2686/2686/1596 2687/2687/1598
f  2688/2688/1597 2689/2689/1593 2690/2690/1600
f  2691/2691/1597 2692/2692/1600 2693/2693/1598
f  2690/2690/1600 2689/2689/1593 2694/2694/1601
f  2694/2694/1601 2689/2689/1593 2695/2695/1599
f  2693/2693/1598 2692/2692/1600 2696/2696/1602
f  2694/2694/1601 2695/2695/1599 2697/2697/1603
f  2693/2693/1598 2696/2696/1602 2698/2698/1603
f  2693/2693/1598 2698/2698/1603 2699/2699/1599
f  2700/2700/1600 2701/2701/1601 2702/2702/1604
f  2703/2703/1604 2704/2704/1601 2705/2705/1605
f  2706/2706/1605 2707/2707/1601 2708/2708/1603
f  2709/2709/1600 2710/2710/1604 2711/2711/1606
f  2712/2712/1600 2713/2713/1606 2714/2714/1602
f  2715/2715/1607 2716/2716/1603 2717/2717/1602
f  2716/2716/1603 2715/2715/1607 2718/2718/1605
f  2719/2719/1607 2720/2720/1602 2721/2721/1606
f  2722/2722/1604 2723/2723/1605 2724/2724/1608
f  2725/2725/1606 2726/2726/1604 2727/2727/1609
f  2728/2728/1609 2722/2722/1604 2724/2724/1608
f  2729/2729/1607 2725/2725/1606 2730/2730/1610
f  2730/2730/1610 2725/2725/1606 2727/2727/1609
f  2731/2731/1605 2732/2732/1607 2733/2733/1611
f  2723/2723/1605 2734/2734/1611 2724/2724/1608
f  2733/2733/1611 2732/2732/1607 2735/2735/1610
f  2736/2736/1608 2737/2737/1611 2738/2738/1612
f  2739/2739/1610 2740/2740/1609 2741/2741/1613
f  2742/2742/1609 2743/2743/1608 2744/2744/1614
f  2745/2745/1614 2736/2736/1608 2738/2738/1612
f  2746/2746/1609 2747/2747/1614 2748/2748/1613
f  2749/2749/1612 2750/2750/1611 2751/2751/1615
f  2751/2751/1615 2750/2750/1611 2752/2752/1610
f  2753/2753/1612 2754/2754/1615 2755/2755/1614
f  2756/2756/1615 2757/2757/1610 2758/2758/1613
f  2754/2754/1615 2759/2759/1613 2755/2755/1614
f  2760/2760/1616 2761/2761/1617 336/336/257
f  2762/2762/1618 2760/2760/1616 336/336/257
f  2763/2763/1619 2764/2764/1620 2765/2765/258
f  2766/2766/1621 2763/2763/1619 2765/2765/258
f  2767/2767/1622 2768/2768/1623 2769/2769/262
f  2770/2770/1624 2771/2771/1625 355/355/269
f  2772/2772/1626 2773/2773/1627 419/419/313
f  427/427/319 2774/2774/1628 421/421/315
f  2775/2775/1629 2776/2776/1630 334/334/255
f  2777/2777/1631 2778/2778/1632 2779/2779/505
f  2780/2780/1633 2781/2781/1634 757/757/544
f  2782/2782/1635 2780/2780/1633 757/757/544
f  2783/2783/1636 2784/2784/1637 745/745/538
f  2785/2785/1638 2786/2786/1639 742/742/535
f  2787/2787/1640 2788/2788/1641 738/738/531
f  2789/2789/1642 2790/2790/1643 739/739/532
f  2791/2791/1644 2792/2792/1645 800/800/577
f  2793/2793/1646 787/787/565 786/786/564
f  2794/2794/1647 2795/2795/1648 2796/2796/585
f  2797/2797/1649 2798/2798/1650 2799/2799/793
f  2800/2800/1651 2801/2801/1652 993/993/699
f  2801/2801/1652 994/994/701 993/993/699
f  2802/2802/1653 998/998/705 997/997/704
f  2803/2803/1654 2804/2804/1655 1006/1006/711
f  2805/2805/1656 2803/2803/1654 1006/1006/711
f  2806/2806/1657 2807/2807/1658 698/698/503
f  2808/2808/1659 2809/2809/1660 1045/1045/740
f  2810/2810/1661 2808/2808/1659 1045/1045/740
f  1066/1066/761 2811/2811/1662 1061/1061/756
f  2812/2812/1663 2813/2813/1664 1069/1069/764
f  2814/2814/1665 2812/2812/1663 1069/1069/764
f  1043/1043/738 2815/2815/1666 1039/1039/734
f  2816/2816/1667 2814/2814/1665 1069/1069/764
f  2817/2817/1668 2818/2818/1669 1073/1073/766
f  2819/2819/1670 2820/2820/1671 2821/2821/698
f  2822/2822/1672 2819/2819/1670 2821/2821/698
f  1431/1431/1023 2823/2823/1673 1424/1424/1018
f  2824/2824/1674 2825/2825/1675 1456/1456/1048
f  2826/2826/1676 2827/2827/1677 1433/1433/1025
f  2828/2828/1678 2829/2829/1679 1449/1449/1041
f  2830/2830/1680 2831/2831/1681 1434/1434/1026
f  2832/2832/1682 2830/2830/1680 1434/1434/1026
f  2833/2833/1683 2834/2834/1684 1110/1110/796
f  2835/2835/1685 2824/2824/1674 1456/1456/1048
f  2836/2836/1686 2837/2837/1687 1690/1690/1209
f  2838/2838/1688 2839/2839/1689 1691/1691/1210
f  2840/2840/1690 2841/2841/1691 1696/1696/1215
f  2842/2842/1692 2843/2843/1693 1717/1717/1230
f  2844/2844/1694 2845/2845/1695 1719/1719/1232
f  2846/2846/1696 2847/2847/1697 1725/1725/1235
f  2848/2848/1698 2849/2849/1698 2850/2850/1699
f  2851/2851/1700 2852/2852/1701 2853/2853/1237
f  2854/2854/1702 2855/2855/1703 1764/1764/1257
f  1767/1767/1259 2854/2854/1702 1764/1764/1257
f  2856/2856/1704 2857/2857/1705 2858/2858/1706
f  2856/2856/1704 2859/2859/1707 2857/2857/1705
f  2856/2856/1704 2860/2860/1708 2859/2859/1707
f  2860/2860/1708 2861/2861/1709 2859/2859/1707
f  2862/2862/1706 2863/2863/1710 2864/2864/1704
f  2856/2856/1704 2865/2865/1711 2860/2860/1708
f  2856/2856/1704 2866/2866/1710 2865/2865/1711
f  2862/2862/1706 2867/2867/1712 2863/2863/1710
f  2862/2862/1706 2868/2868/1713 2867/2867/1712
f  2868/2868/1713 2869/2869/1714 2867/2867/1712
f  2867/2867/1712 2870/2870/1715 2863/2863/1710
f  2870/2870/1715 2871/2871/1711 2863/2863/1710
f  2869/2869/1714 2872/2872/1716 2867/2867/1712
f  2867/2867/1712 2873/2873/1717 2870/2870/1715
f  2867/2867/1712 2872/2872/1716 2873/2873/1717
f  2869/2869/1714 2874/2874/1718 2872/2872/1716
f  2869/2869/1714 2875/2875/1719 2874/2874/1718
f  2870/2870/1715 2876/2876/1720 2871/2871/1711
f  2870/2870/1715 2873/2873/1717 2876/2876/1720
f  2877/2877/1720 2878/2878/1721 2879/2879/1711
f  2875/2875/1719 2880/2880/1722 2874/2874/1718
f  2875/2875/1719 2881/2881/1723 2880/2880/1722
f  2881/2881/1723 2882/2882/1724 2880/2880/1722
f  2882/2882/1724 2874/2874/1718 2880/2880/1722
f  2881/2881/1723 2883/2883/1725 2882/2882/1724
f  2883/2883/1725 2884/2884/1726 2882/2882/1724
f  2885/2885/1727 2876/2876/1720 2873/2873/1717
f  2886/2886/1727 2878/2878/1721 2877/2877/1720
f  2873/2873/1717 2887/2887/1728 2885/2885/1727
f  2873/2873/1717 2872/2872/1716 2887/2887/1728
f  2872/2872/1716 2888/2888/1729 2887/2887/1728
f  2872/2872/1716 2874/2874/1718 2888/2888/1729
f  2887/2887/1728 2889/2889/1730 2885/2885/1727
f  2887/2887/1728 2888/2888/1729 2889/2889/1730
f  2874/2874/1718 2890/2890/1731 2888/2888/1729
f  2874/2874/1718 2882/2882/1724 2890/2890/1731
f  2891/2891/1729 2892/2892/1732 2893/2893/1730
f  2891/2891/1729 2894/2894/1731 2892/2892/1732
f  2889/2889/1730 2895/2895/1733 2885/2885/1727
f  2896/2896/1733 2878/2878/1721 2886/2886/1727
f  2892/2892/1732 2897/2897/1734 2893/2893/1730
f  2897/2897/1734 2898/2898/1735 2893/2893/1730
f  2892/2892/1732 2899/2899/1736 2897/2897/1734
f  2892/2892/1732 2894/2894/1731 2899/2899/1736
f  2899/2899/1736 2900/2900/1737 2897/2897/1734
f  2900/2900/1737 2898/2898/1735 2897/2897/1734
f  2893/2893/1730 2901/2901/1738 2902/2902/1733
f  2893/2893/1730 2898/2898/1735 2901/2901/1738
f  2901/2901/1738 2903/2903/1739 2902/2902/1733
f  2894/2894/1731 2904/2904/1740 2899/2899/1736
f  2898/2898/1735 2905/2905/1741 2901/2901/1738
f  2905/2905/1741 2906/2906/1742 2901/2901/1738
f  2906/2906/1742 2903/2903/1739 2901/2901/1738
f  2898/2898/1735 2907/2907/1743 2905/2905/1741
f  2898/2898/1735 2908/2908/1744 2907/2907/1743
f  2898/2898/1735 2900/2900/1737 2908/2908/1744
f  2905/2905/1741 2909/2909/1745 2906/2906/1742
f  2905/2905/1741 2907/2907/1743 2909/2909/1745
f  2909/2909/1745 2910/2910/1746 2906/2906/1742
f  2910/2910/1746 2903/2903/1739 2906/2906/1742
f  2900/2900/1737 2911/2911/1747 2908/2908/1744
f  2911/2911/1747 2907/2907/1743 2908/2908/1744
f  2912/2912/1748 2900/2900/1737 2899/2899/1736
f  2899/2899/1736 2904/2904/1740 2912/2912/1748
f  2912/2912/1748 2913/2913/1749 2900/2900/1737
f  2913/2913/1749 2911/2911/1747 2900/2900/1737
f  2912/2912/1748 2914/2914/1750 2913/2913/1749
f  2912/2912/1748 2904/2904/1740 2914/2914/1750
f  2915/2915/1750 2916/2916/1751 2917/2917/1749
f  2918/2918/1751 2911/2911/1747 2913/2913/1749
f  2919/2919/1740 2920/2920/1752 2915/2915/1750
f  2920/2920/1752 2921/2921/1753 2915/2915/1750
f  2921/2921/1753 2916/2916/1751 2915/2915/1750
f  2919/2919/1740 2922/2922/1754 2920/2920/1752
f  2921/2921/1753 2923/2923/1755 2916/2916/1751
f  2919/2919/1740 2924/2924/1756 2922/2922/1754
f  2924/2924/1756 2925/2925/1757 2922/2922/1754
f  2904/2904/1740 2894/2894/1731 2926/2926/1756
f  2924/2924/1756 2927/2927/1758 2925/2925/1757
f  2894/2894/1731 2928/2928/1759 2926/2926/1756
f  2890/2890/1731 2882/2882/1724 2929/2929/1759
f  2882/2882/1724 2884/2884/1726 2929/2929/1759
f  2930/2930/1759 2931/2931/1760 2924/2924/1756
f  2930/2930/1759 2932/2932/1726 2931/2931/1760
f  2931/2931/1760 2927/2927/1758 2924/2924/1756
f  2931/2931/1760 2933/2933/1761 2927/2927/1758
f  2932/2932/1726 2934/2934/1762 2931/2931/1760
f  2934/2934/1762 2935/2935/1763 2931/2931/1760
f  2934/2934/1762 2936/2936/1764 2935/2935/1763
f  2937/2937/1765 2923/2923/1755 2938/2938/1766
f  2937/2937/1765 2916/2916/1751 2923/2923/1755
f  2937/2937/1765 2939/2939/1767 2916/2916/1751
f  2940/2940/1767 2911/2911/1747 2918/2918/1751
f  2937/2937/1765 2941/2941/1768 2939/2939/1767
f  2937/2937/1765 2942/2942/1769 2941/2941/1768
f  2940/2940/1767 2943/2943/1770 2911/2911/1747
f  2940/2940/1767 2944/2944/1768 2943/2943/1770
f  2943/2943/1770 2945/2945/1771 2911/2911/1747
f  2945/2945/1771 2907/2907/1743 2911/2911/1747
f  2943/2943/1770 2946/2946/1772 2945/2945/1771
f  2946/2946/1772 2907/2907/1743 2945/2945/1771
f  2944/2944/1768 2947/2947/1773 2943/2943/1770
f  2947/2947/1773 2946/2946/1772 2943/2943/1770
f  2944/2944/1768 2948/2948/1774 2947/2947/1773
f  2948/2948/1774 2946/2946/1772 2947/2947/1773
f  2946/2946/1772 2949/2949/1775 2907/2907/1743
f  2949/2949/1775 2909/2909/1745 2907/2907/1743
f  2946/2946/1772 2950/2950/1776 2949/2949/1775
f  2946/2946/1772 2948/2948/1774 2950/2950/1776
f  2949/2949/1775 2951/2951/1777 2909/2909/1745
f  2950/2950/1776 2952/2952/1778 2949/2949/1775
f  2952/2952/1778 2951/2951/1777 2949/2949/1775
f  2951/2951/1777 2910/2910/1746 2909/2909/1745
f  2953/2953/1776 2954/2954/1779 2955/2955/1778
f  2952/2952/1778 2956/2956/1780 2951/2951/1777
f  2955/2955/1778 2954/2954/1779 2957/2957/1780
f  2951/2951/1777 2958/2958/1781 2910/2910/1746
f  2951/2951/1777 2956/2956/1780 2958/2958/1781
f  2953/2953/1776 2959/2959/1782 2954/2954/1779
f  2953/2953/1776 2960/2960/1774 2959/2959/1782
f  2959/2959/1782 2961/2961/1783 2954/2954/1779
f  2960/2960/1774 2962/2962/1784 2959/2959/1782
f  2962/2962/1784 2961/2961/1783 2959/2959/1782
f  2961/2961/1783 2963/2963/1785 2954/2954/1779
f  2963/2963/1785 2957/2957/1780 2954/2954/1779
f  2961/2961/1783 2964/2964/1786 2963/2963/1785
f  2964/2964/1786 2957/2957/1780 2963/2963/1785
f  2961/2961/1783 2965/2965/1787 2964/2964/1786
f  2961/2961/1783 2966/2966/1788 2965/2965/1787
f  2961/2961/1783 2962/2962/1784 2966/2966/1788
f  2966/2966/1788 2967/2967/1789 2965/2965/1787
f  2962/2962/1784 2968/2968/1790 2966/2966/1788
f  2962/2962/1784 2969/2969/1791 2968/2968/1790
f  2965/2965/1787 2970/2970/1792 2964/2964/1786
f  2970/2970/1792 2957/2957/1780 2964/2964/1786
f  2965/2965/1787 2971/2971/1793 2970/2970/1792
f  2971/2971/1793 2972/2972/1794 2970/2970/1792
f  2972/2972/1794 2973/2973/1795 2970/2970/1792
f  2974/2974/1795 2975/2975/1796 2976/2976/1792
f  2970/2970/1792 2977/2977/1797 2957/2957/1780
f  2970/2970/1792 2978/2978/1796 2977/2977/1797
f  2977/2977/1797 2979/2979/1781 2957/2957/1780
f  2975/2975/1796 2980/2980/1798 2981/2981/1797
f  2975/2975/1796 2982/2982/1799 2980/2980/1798
f  2982/2982/1799 2983/2983/1800 2980/2980/1798
f  2977/2977/1797 2984/2984/1801 2979/2979/1781
f  2977/2977/1797 2985/2985/1798 2984/2984/1801
f  2986/2986/1801 2910/2910/1746 2958/2958/1781
f  2983/2983/1800 2987/2987/1802 2980/2980/1798
f  2988/2988/1802 2989/2989/1801 2990/2990/1798
f  2986/2986/1801 2991/2991/1803 2910/2910/1746
f  2989/2989/1801 2988/2988/1802 2992/2992/1803
f  2991/2991/1803 2903/2903/1739 2910/2910/1746
f  2993/2993/1800 2994/2994/1804 2988/2988/1802
f  2983/2983/1800 2995/2995/1805 2996/2996/1804
f  2988/2988/1802 2997/2997/1806 2992/2992/1803
f  2988/2988/1802 2994/2994/1804 2997/2997/1806
f  2997/2997/1806 2998/2998/1739 2992/2992/1803
f  2994/2994/1804 2999/2999/1807 2997/2997/1806
f  2997/2997/1806 3000/3000/1808 2998/2998/1739
f  2997/2997/1806 2999/2999/1807 3000/3000/1808
f  3000/3000/1808 2896/2896/1733 2998/2998/1739
f  2994/2994/1804 3001/3001/1809 2999/2999/1807
f  3000/3000/1808 2878/2878/1721 2896/2896/1733
f  3001/3001/1809 3002/3002/1810 2999/2999/1807
f  3001/3001/1809 3003/3003/1811 3002/3002/1810
f  3003/3003/1811 3004/3004/1812 3002/3002/1810
f  3004/3004/1812 3005/3005/1709 3002/3002/1810
f  3006/3006/1813 3000/3000/1808 2999/2999/1807
f  2999/2999/1807 3002/3002/1810 3006/3006/1813
f  3006/3006/1813 2878/2878/1721 3000/3000/1808
f  3005/3005/1709 3007/3007/1814 3002/3002/1810
f  3007/3007/1814 3006/3006/1813 3002/3002/1810
f  2861/2861/1709 2860/2860/1708 3008/3008/1814
f  3006/3006/1813 3009/3009/1815 2878/2878/1721
f  3006/3006/1813 3007/3007/1814 3009/3009/1815
f  3007/3007/1814 3010/3010/1708 3009/3009/1815
f  3009/3009/1815 2879/2879/1711 2878/2878/1721
f  3009/3009/1815 3010/3010/1708 2879/2879/1711
f  2936/2936/1764 3011/3011/1816 2935/2935/1763
f  3011/3011/1816 3012/3012/1817 2935/2935/1763
f  3011/3011/1816 3013/3013/1818 3012/3012/1817
f  2931/2931/1760 2935/2935/1763 2933/2933/1761
f  2935/2935/1763 3012/3012/1817 2933/2933/1761
f  3012/3012/1817 3014/3014/1819 2933/2933/1761
f  3013/3013/1818 3015/3015/1820 3012/3012/1817
f  3013/3013/1818 3016/3016/1821 3015/3015/1820
f  3012/3012/1817 3017/3017/1822 3014/3014/1819
f  3012/3012/1817 3015/3015/1820 3017/3017/1822
f  3014/3014/1819 3018/3018/1823 2933/2933/1761
f  3014/3014/1819 3017/3017/1822 3018/3018/1823
f  3018/3018/1823 2927/2927/1758 2933/2933/1761
f  3018/3018/1823 2925/2925/1757 2927/2927/1758
f  3016/3016/1821 3019/3019/1824 3015/3015/1820
f  3019/3019/1824 3017/3017/1822 3015/3015/1820
f  3017/3017/1822 3020/3020/1825 3018/3018/1823
f  3020/3020/1825 2925/2925/1757 3018/3018/1823
f  3020/3020/1825 3021/3021/1826 2925/2925/1757
f  3021/3021/1826 2922/2922/1754 2925/2925/1757
f  3021/3021/1826 2920/2920/1752 2922/2922/1754
f  3020/3020/1825 3022/3022/1827 3021/3021/1826
f  3020/3020/1825 3017/3017/1822 3022/3022/1827
f  3021/3021/1826 3023/3023/1828 2920/2920/1752
f  3023/3023/1828 2921/2921/1753 2920/2920/1752
f  3022/3022/1827 3024/3024/1829 3021/3021/1826
f  3024/3024/1829 3023/3023/1828 3021/3021/1826
f  3024/3024/1829 3025/3025/1830 3023/3023/1828
f  3024/3024/1829 3022/3022/1827 3025/3025/1830
f  3023/3023/1828 2938/2938/1766 2921/2921/1753
f  2938/2938/1766 2923/2923/1755 2921/2921/1753
f  3026/3026/1831 3022/3022/1827 3017/3017/1822
f  3017/3017/1822 3019/3019/1824 3026/3026/1831
f  3026/3026/1831 3027/3027/1832 3022/3022/1827
f  3019/3019/1824 3028/3028/1833 3026/3026/1831
f  3028/3028/1833 3027/3027/1832 3026/3026/1831
f  3029/3029/1824 3030/3030/1834 3031/3031/1833
f  3029/3029/1824 3032/3032/1821 3030/3030/1834
f  3032/3032/1821 3033/3033/1835 3030/3030/1834
f  3033/3033/1835 3034/3034/1836 3030/3030/1834
f  3033/3033/1835 3035/3035/1837 3034/3034/1836
f  3035/3035/1837 3036/3036/1838 3034/3034/1836
f  3034/3034/1836 3037/3037/1839 3030/3030/1834
f  3037/3037/1839 3031/3031/1833 3030/3030/1834
f  3036/3036/1838 3038/3038/1840 3034/3034/1836
f  3038/3038/1840 3039/3039/1841 3034/3034/1836
f  3039/3039/1841 3037/3037/1839 3034/3034/1836
f  3036/3036/1838 3040/3040/1842 3038/3038/1840
f  3040/3040/1842 3039/3039/1841 3038/3038/1840
f  3036/3036/1838 3041/3041/1843 3040/3040/1842
f  3042/3042/1843 3043/3043/1844 3044/3044/1842
f  3042/3042/1843 3045/3045/1845 3043/3043/1844
f  3045/3045/1845 3046/3046/1846 3043/3043/1844
f  3045/3045/1845 3047/3047/1847 3046/3046/1846
f  3046/3046/1846 3048/3048/1848 3043/3043/1844
f  3048/3048/1848 3044/3044/1842 3043/3043/1844
f  3046/3046/1846 3049/3049/1849 3048/3048/1848
f  3050/3050/1848 3051/3051/1850 3052/3052/1842
f  3053/3053/1850 3039/3039/1841 3040/3040/1842
f  3050/3050/1848 3054/3054/1851 3051/3051/1850
f  3050/3050/1848 3055/3055/1852 3054/3054/1851
f  3051/3051/1850 3056/3056/1853 3057/3057/1841
f  3051/3051/1850 3054/3054/1851 3056/3056/1853
f  3056/3056/1853 3058/3058/1854 3057/3057/1841
f  3054/3054/1851 3059/3059/1855 3056/3056/1853
f  3059/3059/1855 3058/3058/1854 3056/3056/1853
f  3054/3054/1851 3060/3060/1856 3059/3059/1855
f  3054/3054/1851 3061/3061/1857 3060/3060/1856
f  3060/3060/1856 3062/3062/1858 3059/3059/1855
f  3062/3062/1858 3058/3058/1854 3059/3059/1855
f  3063/3063/1854 3037/3037/1839 3039/3039/1841
f  3062/3062/1858 3064/3064/1859 3058/3058/1854
f  3065/3065/1859 3037/3037/1839 3063/3063/1854
f  3062/3062/1858 3066/3066/1860 3064/3064/1859
f  3067/3067/1860 3037/3037/1839 3065/3065/1859
f  3062/3062/1858 3068/3068/1861 3069/3069/1860
f  3068/3068/1861 3070/3070/1862 3069/3069/1860
f  3067/3067/1860 3071/3071/1863 3037/3037/1839
f  3067/3067/1860 3072/3072/1862 3071/3071/1863
f  3071/3071/1863 3031/3031/1833 3037/3037/1839
f  3071/3071/1863 3073/3073/1832 3031/3031/1833
f  3074/3074/1863 3075/3075/1862 3027/3027/1832
f  3075/3075/1862 3076/3076/1864 3027/3027/1832
f  3075/3075/1862 3077/3077/1865 3076/3076/1864
f  3077/3077/1865 3078/3078/1866 3076/3076/1864
f  3076/3076/1864 3079/3079/1867 3027/3027/1832
f  3076/3076/1864 3078/3078/1866 3079/3079/1867
f  3079/3079/1867 3080/3080/1868 3027/3027/1832
f  3080/3080/1868 3022/3022/1827 3027/3027/1832
f  3080/3080/1868 3025/3025/1830 3022/3022/1827
f  3079/3079/1867 3081/3081/1869 3080/3080/1868
f  3081/3081/1869 3025/3025/1830 3080/3080/1868
f  3078/3078/1866 3082/3082/1870 3079/3079/1867
f  3082/3082/1870 3081/3081/1869 3079/3079/1867
f  3078/3078/1866 3083/3083/1871 3082/3082/1870
f  3081/3081/1869 3084/3084/1872 3025/3025/1830
f  3081/3081/1869 3082/3082/1870 3084/3084/1872
f  3084/3084/1872 3085/3085/1873 3025/3025/1830
f  3085/3085/1873 3023/3023/1828 3025/3025/1830
f  3086/3086/1871 3087/3087/1874 3088/3088/1870
f  3085/3085/1873 2938/2938/1766 3023/3023/1828
f  3082/3082/1870 3089/3089/1875 3084/3084/1872
f  3089/3089/1875 3085/3085/1873 3084/3084/1872
f  3085/3085/1873 3090/3090/1876 2938/2938/1766
f  3085/3085/1873 3089/3089/1875 3090/3090/1876
f  2942/2942/1769 2937/2937/1765 2938/2938/1766
f  3090/3090/1876 3091/3091/1877 2938/2938/1766
f  3091/3091/1877 2942/2942/1769 2938/2938/1766
f  3091/3091/1877 3092/3092/1878 2942/2942/1769
f  3092/3092/1878 2941/2941/1768 2942/2942/1769
f  3093/3093/1877 3094/3094/1879 3095/3095/1878
f  3090/3090/1876 3096/3096/1880 3091/3091/1877
f  3090/3090/1876 3089/3089/1875 3096/3096/1880
f  3097/3097/1880 3094/3094/1879 3093/3093/1877
f  3098/3098/1881 3089/3089/1875 3082/3082/1870
f  3098/3098/1881 3096/3096/1880 3089/3089/1875
f  3088/3088/1870 3087/3087/1874 3099/3099/1881
f  3094/3094/1879 3100/3100/1882 3095/3095/1878
f  3101/3101/1881 3102/3102/1883 3097/3097/1880
f  3102/3102/1883 3094/3094/1879 3097/3097/1880
f  3087/3087/1874 3103/3103/1884 3099/3099/1881
f  3104/3104/1884 3102/3102/1883 3101/3101/1881
f  3102/3102/1883 3105/3105/1885 3094/3094/1879
f  3102/3102/1883 3104/3104/1884 3105/3105/1885
f  3094/3094/1879 3106/3106/1886 3100/3100/1882
f  3094/3094/1879 3105/3105/1885 3106/3106/1886
f  3087/3087/1874 3107/3107/1887 3103/3103/1884
f  3108/3108/1887 3105/3105/1885 3104/3104/1884
f  3109/3109/1888 3087/3087/1874 3110/3110/1889
f  3109/3109/1888 3107/3107/1887 3087/3087/1874
f  3109/3109/1888 3111/3111/1890 3107/3107/1887
f  3106/3106/1886 3112/3112/1891 3100/3100/1882
f  3112/3112/1891 3113/3113/1892 3100/3100/1882
f  3112/3112/1891 3114/3114/1893 3113/3113/1892
f  3106/3106/1886 3115/3115/1894 3112/3112/1891
f  3106/3106/1886 3105/3105/1885 3115/3115/1894
f  3112/3112/1891 3116/3116/1895 3114/3114/1893
f  3112/3112/1891 3115/3115/1894 3116/3116/1895
f  3116/3116/1895 3117/3117/1896 3114/3114/1893
f  3117/3117/1896 3118/3118/1897 3114/3114/1893
f  3116/3116/1895 3119/3119/1898 3117/3117/1896
f  3119/3119/1898 3120/3120/1899 3117/3117/1896
f  3115/3115/1894 3121/3121/1900 3116/3116/1895
f  3121/3121/1900 3119/3119/1898 3116/3116/1895
f  3119/3119/1898 3122/3122/1901 3120/3120/1899
f  3121/3121/1900 3123/3123/1902 3119/3119/1898
f  3115/3115/1894 3124/3124/1903 3121/3121/1900
f  3124/3124/1903 3123/3123/1902 3121/3121/1900
f  3123/3123/1902 3125/3125/1904 3119/3119/1898
f  3125/3125/1904 3122/3122/1901 3119/3119/1898
f  3123/3123/1902 3124/3124/1903 3125/3125/1904
f  3125/3125/1904 3126/3126/1905 3122/3122/1901
f  3126/3126/1905 3127/3127/1906 3122/3122/1901
f  3127/3127/1906 3128/3128/1907 3122/3122/1901
f  3127/3127/1906 3129/3129/1908 3128/3128/1907
f  3130/3130/1906 3131/3131/1909 3132/3132/1908
f  3131/3131/1909 3133/3133/1910 3132/3132/1908
f  3133/3133/1910 3134/3134/1911 3132/3132/1908
f  3135/3135/1912 3125/3125/1904 3124/3124/1903
f  3136/3136/1912 3137/3137/1913 3138/3138/1904
f  3124/3124/1903 3139/3139/1914 3135/3135/1912
f  3140/3140/1914 3141/3141/1915 3136/3136/1912
f  3124/3124/1903 3142/3142/1916 3139/3139/1914
f  3124/3124/1903 3115/3115/1894 3142/3142/1916
f  3115/3115/1894 3105/3105/1885 3142/3142/1916
f  3105/3105/1885 3143/3143/1917 3142/3142/1916
f  3143/3143/1917 3139/3139/1914 3142/3142/1916
f  3105/3105/1885 3108/3108/1887 3143/3143/1917
f  3140/3140/1914 3144/3144/1918 3141/3141/1915
f  3140/3140/1914 3145/3145/1917 3144/3144/1918
f  3145/3145/1917 3107/3107/1887 3144/3144/1918
f  3144/3144/1918 3111/3111/1890 3141/3141/1915
f  3144/3144/1918 3107/3107/1887 3111/3111/1890
f  3054/3054/1851 3055/3055/1852 3061/3061/1857
f  3049/3049/1849 3146/3146/1852 3048/3048/1848
f  3049/3049/1849 3147/3147/1919 3146/3146/1852
f  3055/3055/1852 3148/3148/1920 3061/3061/1857
f  3147/3147/1919 3149/3149/1921 3146/3146/1852
f  3149/3149/1921 3150/3150/1920 3146/3146/1852
f  3148/3148/1920 3151/3151/1922 3061/3061/1857
f  3151/3151/1922 3060/3060/1856 3061/3061/1857
f  3151/3151/1922 3152/3152/1923 3060/3060/1856
f  3153/3153/1922 3154/3154/1924 3155/3155/1923
f  3148/3148/1920 3156/3156/1925 3151/3151/1922
f  3149/3149/1921 3157/3157/1926 3150/3150/1920
f  3158/3158/1926 3159/3159/1925 3160/3160/1920
f  3159/3159/1925 3161/3161/1927 3153/3153/1922
f  3159/3159/1925 3158/3158/1926 3161/3161/1927
f  3153/3153/1922 3162/3162/1928 3154/3154/1924
f  3153/3153/1922 3161/3161/1927 3162/3162/1928
f  3162/3162/1928 3163/3163/1929 3154/3154/1924
f  3163/3163/1929 3164/3164/1930 3154/3154/1924
f  3162/3162/1928 3165/3165/1931 3163/3163/1929
f  3162/3162/1928 3161/3161/1927 3165/3165/1931
f  3161/3161/1927 3166/3166/1932 3165/3165/1931
f  3161/3161/1927 3158/3158/1926 3166/3166/1932
f  3166/3166/1932 3167/3167/1933 3165/3165/1931
f  3157/3157/1926 3168/3168/1934 3169/3169/1932
f  3170/3170/1935 3157/3157/1926 3149/3149/1921
f  3170/3170/1935 3168/3168/1934 3157/3157/1926
f  3149/3149/1921 3147/3147/1919 3170/3170/1935
f  3168/3168/1934 3171/3171/1936 3169/3169/1932
f  3169/3169/1932 3172/3172/1937 3173/3173/1933
f  3169/3169/1932 3171/3171/1936 3172/3172/1937
f  3172/3172/1937 3174/3174/1938 3173/3173/1933
f  3174/3174/1938 3175/3175/1939 3173/3173/1933
f  3171/3171/1936 3176/3176/1940 3172/3172/1937
f  3171/3171/1936 3168/3168/1934 3176/3176/1940
f  3172/3172/1937 3177/3177/1941 3174/3174/1938
f  3172/3172/1937 3176/3176/1940 3177/3177/1941
f  3174/3174/1938 3178/3178/1942 3175/3175/1939
f  3178/3178/1942 3179/3179/1943 3175/3175/1939
f  3177/3177/1941 3180/3180/1944 3174/3174/1938
f  3180/3180/1944 3178/3178/1942 3174/3174/1938
f  3178/3178/1942 3181/3181/1945 3179/3179/1943
f  3178/3178/1942 3180/3180/1944 3181/3181/1945
f  3181/3181/1945 3182/3182/1946 3179/3179/1943
f  3183/3183/1947 3177/3177/1941 3176/3176/1940
f  3183/3183/1947 3180/3180/1944 3177/3177/1941
f  3176/3176/1940 3184/3184/1948 3183/3183/1947
f  3176/3176/1940 3168/3168/1934 3184/3184/1948
f  3181/3181/1945 3185/3185/1949 3182/3182/1946
f  3186/3186/1949 3187/3187/1950 3188/3188/1946
f  3189/3189/1951 3181/3181/1945 3180/3180/1944
f  3181/3181/1945 3190/3190/1952 3185/3185/1949
f  3181/3181/1945 3189/3189/1951 3190/3190/1952
f  3180/3180/1944 3191/3191/1953 3189/3189/1951
f  3180/3180/1944 3183/3183/1947 3191/3191/1953
f  3191/3191/1953 3190/3190/1952 3189/3189/1951
f  3186/3186/1949 3192/3192/1954 3187/3187/1950
f  3192/3192/1954 3193/3193/1955 3187/3187/1950
f  3192/3192/1954 3194/3194/1956 3193/3193/1955
f  3186/3186/1949 3195/3195/1957 3192/3192/1954
f  3185/3185/1949 3190/3190/1952 3196/3196/1957
f  3197/3197/1954 3198/3198/1958 3199/3199/1956
f  3197/3197/1954 3200/3200/1957 3198/3198/1958
f  3198/3198/1958 3201/3201/1959 3199/3199/1956
f  3201/3201/1959 3202/3202/1960 3199/3199/1956
f  3203/3203/1961 3204/3204/260 3205/3205/259
f  3206/3206/1962 3207/3207/260 3208/3208/1961
f  3209/3209/1961 3210/3210/1963 3211/3211/1962
f  3212/3212/1962 3213/3213/1964 3214/3214/260
f  3215/3215/1964 3216/3216/264 3217/3217/260
f  3213/3213/1964 3218/3218/1965 3219/3219/264
f  3212/3212/1962 3220/3220/1966 3213/3213/1964
f  3211/3211/1962 3210/3210/1963 3221/3221/1966
f  3213/3213/1964 3222/3222/1967 3218/3218/1965
f  3223/3223/1963 3224/3224/1968 3225/3225/1966
f  3223/3223/1963 3226/3226/1969 3224/3224/1968
f  3220/3220/1966 3227/3227/1970 3213/3213/1964
f  3227/3227/1970 3222/3222/1967 3213/3213/1964
f  3224/3224/1968 3228/3228/1971 3225/3225/1966
f  3228/3228/1971 3229/3229/1970 3225/3225/1966
f  3230/3230/1969 3231/3231/1972 3232/3232/1968
f  3224/3224/1968 3233/3233/1973 3228/3228/1971
f  3232/3232/1968 3231/3231/1972 3234/3234/1973
f  3234/3234/1973 3235/3235/1974 3236/3236/1971
f  3228/3228/1971 3237/3237/1975 3229/3229/1970
f  3228/3228/1971 3238/3238/1974 3237/3237/1975
f  3239/3239/1975 3240/3240/1976 3241/3241/1970
f  3242/3242/1976 3222/3222/1967 3227/3227/1970
f  3240/3240/1976 3243/3243/1977 3244/3244/1967
f  3243/3243/1977 3245/3245/1965 3244/3244/1967
f  3243/3243/1977 3246/3246/1978 3245/3245/1965
f  3243/3243/1977 3247/3247/1979 3246/3246/1978
f  3247/3247/1979 3248/3248/1980 3246/3246/1978
f  3247/3247/1979 3249/3249/1981 3248/3248/1980
f  3243/3243/1977 3250/3250/1982 3247/3247/1979
f  3243/3243/1977 3240/3240/1976 3250/3250/1982
f  3247/3247/1979 3251/3251/1983 3249/3249/1981
f  3251/3251/1983 3252/3252/1984 3249/3249/1981
f  3250/3250/1982 3253/3253/1985 3247/3247/1979
f  3253/3253/1985 3251/3251/1983 3247/3247/1979
f  3240/3240/1976 3254/3254/1986 3250/3250/1982
f  3254/3254/1986 3253/3253/1985 3250/3250/1982
f  3240/3240/1976 3239/3239/1975 3254/3254/1986
f  3251/3251/1983 3255/3255/1987 3252/3252/1984
f  3255/3255/1987 3047/3047/1847 3252/3252/1984
f  3255/3255/1987 3046/3046/1846 3047/3047/1847
f  3255/3255/1987 3256/3256/1988 3046/3046/1846
f  3255/3255/1987 3251/3251/1983 3256/3256/1988
f  3256/3256/1988 3049/3049/1849 3046/3046/1846
f  3256/3256/1988 3147/3147/1919 3049/3049/1849
f  3251/3251/1983 3257/3257/1989 3256/3256/1988
f  3257/3257/1989 3147/3147/1919 3256/3256/1988
f  3251/3251/1983 3253/3253/1985 3257/3257/1989
f  3257/3257/1989 3258/3258/1990 3147/3147/1919
f  3258/3258/1990 3170/3170/1935 3147/3147/1919
f  3253/3253/1985 3259/3259/1991 3257/3257/1989
f  3253/3253/1985 3254/3254/1986 3259/3259/1991
f  3257/3257/1989 3260/3260/1992 3258/3258/1990
f  3257/3257/1989 3259/3259/1991 3260/3260/1992
f  3254/3254/1986 3261/3261/1993 3259/3259/1991
f  3261/3261/1993 3260/3260/1992 3259/3259/1991
f  3254/3254/1986 3239/3239/1975 3261/3261/1993
f  3258/3258/1990 3262/3262/1994 3170/3170/1935
f  3258/3258/1990 3260/3260/1992 3262/3262/1994
f  3262/3262/1994 3168/3168/1934 3170/3170/1935
f  3239/3239/1975 3263/3263/1974 3261/3261/1993
f  3262/3262/1994 3184/3184/1948 3168/3168/1934
f  3261/3261/1993 3264/3264/1995 3260/3260/1992
f  3264/3264/1995 3262/3262/1994 3260/3260/1992
f  3263/3263/1974 3265/3265/1996 3261/3261/1993
f  3265/3265/1996 3264/3264/1995 3261/3261/1993
f  3264/3264/1995 3266/3266/1997 3262/3262/1994
f  3264/3264/1995 3265/3265/1996 3266/3266/1997
f  3262/3262/1994 3267/3267/1998 3184/3184/1948
f  3262/3262/1994 3266/3266/1997 3267/3267/1998
f  3267/3267/1998 3183/3183/1947 3184/3184/1948
f  3267/3267/1998 3191/3191/1953 3183/3183/1947
f  3266/3266/1997 3268/3268/1999 3267/3267/1998
f  3266/3266/1997 3265/3265/1996 3268/3268/1999
f  3268/3268/1999 3191/3191/1953 3267/3267/1998
f  3265/3265/1996 3269/3269/2000 3268/3268/1999
f  3265/3265/1996 3263/3263/1974 3269/3269/2000
f  3268/3268/1999 3270/3270/2001 3191/3191/1953
f  3268/3268/1999 3269/3269/2000 3270/3270/2001
f  3270/3270/2001 3271/3271/2002 3191/3191/1953
f  3271/3271/2002 3190/3190/1952 3191/3191/1953
f  3269/3269/2000 3272/3272/2003 3270/3270/2001
f  3270/3270/2001 3273/3273/2004 3271/3271/2002
f  3273/3273/2004 3190/3190/1952 3271/3271/2002
f  3274/3274/2001 3275/3275/2003 3276/3276/2004
f  3277/3277/2005 3278/3278/2000 3235/3235/1974
f  3277/3277/2005 3279/3279/2003 3278/3278/2000
f  3235/3235/1974 3234/3234/1973 3277/3277/2005
f  3234/3234/1973 3231/3231/1972 3277/3277/2005
f  3276/3276/2004 3280/3280/2006 3281/3281/1952
f  3280/3280/2006 3282/3282/1957 3281/3281/1952
f  3275/3275/2003 3283/3283/2007 3276/3276/2004
f  3283/3283/2007 3280/3280/2006 3276/3276/2004
f  3277/3277/2005 3284/3284/2008 3279/3279/2003
f  3277/3277/2005 3231/3231/1972 3284/3284/2008
f  3284/3284/2008 3285/3285/2009 3279/3279/2003
f  3285/3285/2009 3286/3286/2007 3279/3279/2003
f  3231/3231/1972 3287/3287/2010 3284/3284/2008
f  3231/3231/1972 3288/3288/2011 3287/3287/2010
f  3231/3231/1972 3230/3230/1969 3288/3288/2011
f  3287/3287/2010 3289/3289/2012 3284/3284/2008
f  3289/3289/2012 3285/3285/2009 3284/3284/2008
f  3287/3287/2010 3288/3288/2011 3289/3289/2012
f  3288/3288/2011 3230/3230/1969 3289/3289/2012
f  3289/3289/2012 3286/3286/2007 3285/3285/2009
f  3290/3290/2012 3291/3291/2013 3283/3283/2007
f  3291/3291/2013 3292/3292/2014 3283/3283/2007
f  3292/3292/2014 3280/3280/2006 3283/3283/2007
f  3291/3291/2013 3293/3293/2015 3292/3292/2014
f  3292/3292/2014 3294/3294/2016 3280/3280/2006
f  3292/3292/2014 3293/3293/2015 3294/3294/2016
f  3294/3294/2016 3282/3282/1957 3280/3280/2006
f  3294/3294/2016 3295/3295/1958 3282/3282/1957
f  3293/3293/2015 3296/3296/2017 3294/3294/2016
f  3296/3296/2017 3295/3295/1958 3294/3294/2016
f  3293/3293/2015 427/427/319 426/426/318
f  3060/3060/1856 3152/3152/1923 3062/3062/1858
f  3152/3152/1923 3297/3297/2018 3062/3062/1858
f  3297/3297/2018 3068/3068/1861 3062/3062/1858
f  3152/3152/1923 3298/3298/2019 3297/3297/2018
f  3155/3155/1923 3154/3154/1924 3299/3299/2019
f  3154/3154/1924 3300/3300/2020 3299/3299/2019
f  3154/3154/1924 3164/3164/1930 3300/3300/2020
f  3164/3164/1930 3301/3301/2021 3300/3300/2020
f  3300/3300/2020 3302/3302/2022 3299/3299/2019
f  3303/3303/2022 3304/3304/2018 3305/3305/2019
f  3301/3301/2021 3306/3306/2023 3300/3300/2020
f  3307/3307/2023 3303/3303/2022 3308/3308/2020
f  3309/3309/2021 3310/3310/2024 3307/3307/2023
f  3309/3309/2021 3311/3311/2025 3310/3310/2024
f  3303/3303/2022 3312/3312/2026 3304/3304/2018
f  3313/3313/2026 3068/3068/1861 3297/3297/2018
f  3307/3307/2023 3314/3314/2027 3303/3303/2022
f  3314/3314/2027 3312/3312/2026 3303/3303/2022
f  3310/3310/2024 3315/3315/2028 3307/3307/2023
f  3315/3315/2028 3314/3314/2027 3307/3307/2023
f  3311/3311/2025 3316/3316/2029 3310/3310/2024
f  3311/3311/2025 3317/3317/2030 3316/3316/2029
f  3317/3317/2030 3318/3318/2031 3316/3316/2029
f  3316/3316/2029 3319/3319/2032 3310/3310/2024
f  3319/3319/2032 3315/3315/2028 3310/3310/2024
f  3318/3318/2031 3320/3320/2033 3316/3316/2029
f  3320/3320/2033 3319/3319/2032 3316/3316/2029
f  3318/3318/2031 3321/3321/2034 3320/3320/2033
f  3318/3318/2031 3322/3322/2035 3321/3321/2034
f  3322/3322/2035 3323/3323/2036 3321/3321/2034
f  3320/3320/2033 3324/3324/2037 3319/3319/2032
f  3319/3319/2032 3325/3325/2038 3315/3315/2028
f  3319/3319/2032 3324/3324/2037 3325/3325/2038
f  3325/3325/2038 3326/3326/2039 3315/3315/2028
f  3326/3326/2039 3314/3314/2027 3315/3315/2028
f  3327/3327/2040 3320/3320/2033 3321/3321/2034
f  3327/3327/2040 3324/3324/2037 3320/3320/2033
f  3321/3321/2034 3328/3328/2041 3327/3327/2040
f  3321/3321/2034 3323/3323/2036 3328/3328/2041
f  3329/3329/2040 3330/3330/2042 3331/3331/2037
f  3329/3329/2040 3332/3332/2041 3330/3330/2042
f  3333/3333/2043 3334/3334/2038 3331/3331/2037
f  3333/3333/2043 3335/3335/2039 3334/3334/2038
f  3330/3330/2042 3336/3336/2044 3331/3331/2037
f  3336/3336/2044 3333/3333/2043 3331/3331/2037
f  3332/3332/2041 3337/3337/2045 3330/3330/2042
f  3337/3337/2045 3336/3336/2044 3330/3330/2042
f  3336/3336/2044 3338/3338/2046 3333/3333/2043
f  3336/3336/2044 3337/3337/2045 3338/3338/2046
f  3338/3338/2046 3339/3339/2047 3333/3333/2043
f  3337/3337/2045 3340/3340/2048 3338/3338/2046
f  3340/3340/2048 3339/3339/2047 3338/3338/2046
f  3332/3332/2041 3341/3341/2049 3337/3337/2045
f  3342/3342/2050 3332/3332/2041 3343/3343/2036
f  3342/3342/2050 3341/3341/2049 3332/3332/2041
f  3343/3343/2036 3344/3344/2051 3342/3342/2050
f  3344/3344/2051 3345/3345/2052 3342/3342/2050
f  3341/3341/2049 3346/3346/2053 3337/3337/2045
f  3346/3346/2053 3340/3340/2048 3337/3337/2045
f  3341/3341/2049 3347/3347/2054 3346/3346/2053
f  3342/3342/2050 3348/3348/2055 3341/3341/2049
f  3348/3348/2055 3347/3347/2054 3341/3341/2049
f  3345/3345/2052 3349/3349/2056 3342/3342/2050
f  3349/3349/2056 3348/3348/2055 3342/3342/2050
f  3346/3346/2053 3350/3350/2057 3340/3340/2048
f  3346/3346/2053 3347/3347/2054 3350/3350/2057
f  3348/3348/2055 3351/3351/2058 3347/3347/2054
f  3348/3348/2055 3349/3349/2056 3351/3351/2058
f  3345/3345/2052 3352/3352/2059 3349/3349/2056
f  3351/3351/2058 3353/3353/2060 3347/3347/2054
f  3345/3345/2052 3354/3354/2061 3352/3352/2059
f  3355/3355/2052 3356/3356/2062 3357/3357/2061
f  3352/3352/2059 3358/3358/2063 3349/3349/2056
f  3352/3352/2059 3354/3354/2061 3358/3358/2063
f  3353/3353/2060 3359/3359/2064 3347/3347/2054
f  3359/3359/2064 3350/3350/2057 3347/3347/2054
f  3351/3351/2058 3360/3360/2065 3353/3353/2060
f  3360/3360/2065 3359/3359/2064 3353/3353/2060
f  3361/3361/2066 3351/3351/2058 3349/3349/2056
f  3349/3349/2056 3358/3358/2063 3361/3361/2066
f  3351/3351/2058 3362/3362/2067 3360/3360/2065
f  3351/3351/2058 3361/3361/2066 3362/3362/2067
f  3360/3360/2065 3363/3363/2068 3359/3359/2064
f  3362/3362/2067 3364/3364/2069 3360/3360/2065
f  3364/3364/2069 3363/3363/2068 3360/3360/2065
f  3362/3362/2067 3365/3365/2070 3364/3364/2069
f  3361/3361/2066 3366/3366/2071 3362/3362/2067
f  3366/3366/2071 3365/3365/2070 3362/3362/2067
f  3365/3365/2070 3367/3367/2072 3364/3364/2069
f  3365/3365/2070 3366/3366/2071 3367/3367/2072
f  3364/3364/2069 3368/3368/2073 3363/3363/2068
f  3369/3369/2074 3359/3359/2064 3363/3363/2068
f  3363/3363/2068 3368/3368/2073 3369/3369/2074
f  3369/3369/2074 3370/3370/2075 3359/3359/2064
f  3370/3370/2075 3350/3350/2057 3359/3359/2064
f  3364/3364/2069 3371/3371/2076 3368/3368/2073
f  3364/3364/2069 3367/3367/2072 3371/3371/2076
f  3368/3368/2073 3372/3372/2077 3369/3369/2074
f  3371/3371/2076 3373/3373/2078 3368/3368/2073
f  3373/3373/2078 3372/3372/2077 3368/3368/2073
f  3371/3371/2076 3374/3374/2079 3373/3373/2078
f  3373/3373/2078 3375/3375/2080 3372/3372/2077
f  3376/3376/2079 3377/3377/2081 3378/3378/2078
f  3372/3372/2077 3379/3379/2082 3369/3369/2074
f  3379/3379/2082 3370/3370/2075 3369/3369/2074
f  3375/3375/2080 3380/3380/2083 3372/3372/2077
f  3380/3380/2083 3379/3379/2082 3372/3372/2077
f  3381/3381/2080 3382/3382/2084 3383/3383/2083
f  3382/3382/2084 3384/3384/2085 3383/3383/2083
f  3385/3385/2085 3386/3386/2086 3387/3387/2083
f  3386/3386/2086 3388/3388/2082 3387/3387/2083
f  3386/3386/2086 3389/3389/2087 3388/3388/2082
f  3388/3388/2082 3390/3390/2088 3391/3391/2075
f  3388/3388/2082 3389/3389/2087 3390/3390/2088
f  3389/3389/2087 3392/3392/2089 3390/3390/2088
f  3389/3389/2087 3393/3393/2090 3392/3392/2089
f  3390/3390/2088 3394/3394/2091 3391/3391/2075
f  3390/3390/2088 3392/3392/2089 3394/3394/2091
f  3395/3395/2091 3396/3396/2092 3370/3370/2075
f  3396/3396/2092 3350/3350/2057 3370/3370/2075
f  3396/3396/2092 3340/3340/2048 3350/3350/2057
f  3396/3396/2092 3397/3397/2093 3340/3340/2048
f  3396/3396/2092 3395/3395/2091 3397/3397/2093
f  3397/3397/2093 3339/3339/2047 3340/3340/2048
f  3392/3392/2089 3398/3398/2094 3394/3394/2091
f  3392/3392/2089 3399/3399/2095 3398/3398/2094
f  3399/3399/2095 3400/3400/2096 3398/3398/2094
f  3400/3400/2096 3401/3401/2097 3398/3398/2094
f  3397/3397/2093 3402/3402/2098 3339/3339/2047
f  3397/3397/2093 3395/3395/2091 3402/3402/2098
f  3401/3401/2097 3403/3403/2099 3398/3398/2094
f  3398/3398/2094 3404/3404/2100 3394/3394/2091
f  3398/3398/2094 3403/3403/2099 3404/3404/2100
f  3394/3394/2091 3405/3405/2101 3406/3406/2098
f  3394/3394/2091 3404/3404/2100 3405/3405/2101
f  3404/3404/2100 3407/3407/2102 3405/3405/2101
f  3404/3404/2100 3403/3403/2099 3407/3407/2102
f  3408/3408/2103 3401/3401/2097 3409/3409/2104
f  3410/3410/2105 3403/3403/2099 3401/3401/2097
f  3401/3401/2097 3408/3408/2103 3410/3410/2105
f  3410/3410/2105 3411/3411/2106 3403/3403/2099
f  3408/3408/2103 3412/3412/2107 3410/3410/2105
f  3408/3408/2103 3413/3413/2108 3412/3412/2107
f  3413/3413/2108 3414/3414/2109 3412/3412/2107
f  3412/3412/2107 3415/3415/2110 3410/3410/2105
f  3415/3415/2110 3411/3411/2106 3410/3410/2105
f  3414/3414/2109 3416/3416/2111 3412/3412/2107
f  3416/3416/2111 3415/3415/2110 3412/3412/2107
f  3414/3414/2109 3417/3417/2112 3416/3416/2111
f  3418/3418/2112 3419/3419/2113 3420/3420/2111
f  3421/3421/2114 3403/3403/2099 3411/3411/2106
f  3411/3411/2106 3415/3415/2110 3421/3421/2114
f  3421/3421/2114 3407/3407/2102 3403/3403/2099
f  3422/3422/2113 3423/3423/2115 3424/3424/2111
f  3425/3425/2115 3426/3426/2110 3427/3427/2111
f  3422/3422/2113 3428/3428/2116 3423/3423/2115
f  3428/3428/2116 3133/3133/1910 3423/3423/2115
f  3423/3423/2115 3429/3429/2117 3430/3430/2110
f  3423/3423/2115 3133/3133/1910 3429/3429/2117
f  3431/3431/2117 3432/3432/2114 3433/3433/2110
f  3133/3133/1910 3131/3131/1909 3429/3429/2117
f  3434/3434/2118 3435/3435/2102 3436/3436/2114
f  3436/3436/2114 3429/3429/2117 3434/3434/2118
f  3131/3131/1909 3437/3437/2119 3429/3429/2117
f  3437/3437/2119 3434/3434/2118 3429/3429/2117
f  3131/3131/1909 3438/3438/1905 3437/3437/2119
f  3131/3131/1909 3130/3130/1906 3438/3438/1905
f  3437/3437/2119 3439/3439/2120 3434/3434/2118
f  3437/3437/2119 3438/3438/1905 3439/3439/2120
f  3434/3434/2118 3440/3440/2121 3435/3435/2102
f  3434/3434/2118 3439/3439/2120 3440/3440/2121
f  3440/3440/2121 3441/3441/2122 3435/3435/2102
f  3442/3442/2122 3405/3405/2101 3407/3407/2102
f  3438/3438/1905 3137/3137/1913 3439/3439/2120
f  3438/3438/1905 3138/3138/1904 3137/3137/1913
f  3439/3439/2120 3443/3443/2123 3440/3440/2121
f  3137/3137/1913 3444/3444/2124 3439/3439/2120
f  3444/3444/2124 3443/3443/2123 3439/3439/2120
f  3141/3141/1915 3137/3137/1913 3136/3136/1912
f  3141/3141/1915 3444/3444/2124 3137/3137/1913
f  3141/3141/1915 3111/3111/1890 3444/3444/2124
f  3111/3111/1890 3109/3109/1888 3444/3444/2124
f  3109/3109/1888 3110/3110/1889 3444/3444/2124
f  3110/3110/1889 3443/3443/2123 3444/3444/2124
f  3445/3445/2125 3440/3440/2121 3443/3443/2123
f  3443/3443/2123 3110/3110/1889 3445/3445/2125
f  3445/3445/2125 3441/3441/2122 3440/3440/2121
f  3086/3086/1871 3110/3110/1889 3087/3087/1874
f  3445/3445/2125 3446/3446/2126 3441/3441/2122
f  3110/3110/1889 3447/3447/2127 3445/3445/2125
f  3110/3110/1889 3086/3086/1871 3447/3447/2127
f  3447/3447/2127 3446/3446/2126 3445/3445/2125
f  3086/3086/1871 3448/3448/2128 3447/3447/2127
f  3448/3448/2128 3446/3446/2126 3447/3447/2127
f  3086/3086/1871 3449/3449/1866 3448/3448/2128
f  3078/3078/1866 3077/3077/1865 3450/3450/2128
f  3448/3448/2128 3451/3451/2129 3446/3446/2126
f  3448/3448/2128 3452/3452/1865 3451/3451/2129
f  3453/3453/2130 3441/3441/2122 3446/3446/2126
f  3454/3454/2130 3405/3405/2101 3442/3442/2122
f  3454/3454/2130 3406/3406/2098 3405/3405/2101
f  3455/3455/2126 3456/3456/2131 3457/3457/2130
f  3458/3458/2126 3459/3459/2129 3460/3460/2131
f  3457/3457/2130 3461/3461/2132 3402/3402/2098
f  3457/3457/2130 3456/3456/2131 3461/3461/2132
f  3461/3461/2132 3339/3339/2047 3402/3402/2098
f  3461/3461/2132 3462/3462/2133 3339/3339/2047
f  3461/3461/2132 3456/3456/2131 3462/3462/2133
f  3462/3462/2133 3333/3333/2043 3339/3339/2047
f  3462/3462/2133 3335/3335/2039 3333/3333/2043
f  3456/3456/2131 3463/3463/2134 3462/3462/2133
f  3463/3463/2134 3335/3335/2039 3462/3462/2133
f  3460/3460/2131 3459/3459/2129 3464/3464/2134
f  3463/3463/2134 3465/3465/2135 3335/3335/2039
f  3466/3466/2135 3314/3314/2027 3326/3326/2039
f  3466/3466/2135 3312/3312/2026 3314/3314/2027
f  3466/3466/2135 3467/3467/1861 3312/3312/2026
f  3468/3468/2134 3469/3469/2136 3470/3470/2135
f  3471/3471/2136 3467/3467/1861 3466/3466/2135
f  3468/3468/2134 3472/3472/2129 3469/3469/2136
f  3473/3473/2136 3075/3075/1862 3474/3474/1861
f  3475/3475/2129 3077/3077/1865 3473/3473/2136
f  3077/3077/1865 3075/3075/1862 3473/3473/2136
f  3164/3164/1930 3163/3163/1929 3476/3476/2021
f  3163/3163/1929 3477/3477/2025 3476/3476/2021
f  3163/3163/1929 3165/3165/1931 3477/3477/2025
f  3165/3165/1931 3478/3478/2137 3477/3477/2025
f  3165/3165/1931 3167/3167/1933 3478/3478/2137
f  3478/3478/2137 3479/3479/2030 3477/3477/2025
f  3167/3167/1933 3480/3480/2138 3478/3478/2137
f  3478/3478/2137 3481/3481/2139 3479/3479/2030
f  3478/3478/2137 3480/3480/2138 3481/3481/2139
f  3482/3482/2139 3483/3483/2140 3317/3317/2030
f  3483/3483/2140 3318/3318/2031 3317/3317/2030
f  3483/3483/2140 3322/3322/2035 3318/3318/2031
f  3167/3167/1933 3484/3484/2141 3480/3480/2138
f  3173/3173/1933 3175/3175/1939 3485/3485/2141
f  3175/3175/1939 3179/3179/1943 3485/3485/2141
f  3484/3484/2141 3486/3486/2142 3480/3480/2138
f  3484/3484/2141 3487/3487/1943 3486/3486/2142
f  3486/3486/2142 3481/3481/2139 3480/3480/2138
f  3488/3488/2143 3483/3483/2140 3482/3482/2139
f  3489/3489/2139 3490/3490/2142 3491/3491/2143
f  3492/3492/2144 3493/3493/2035 3494/3494/2140
f  3494/3494/2140 3495/3495/2143 3492/3492/2144
f  3492/3492/2144 3496/3496/2145 3493/3493/2035
f  3496/3496/2145 3497/3497/2036 3493/3493/2035
f  3496/3496/2145 3498/3498/2051 3497/3497/2036
f  3492/3492/2144 3499/3499/2146 3496/3496/2145
f  3499/3499/2146 3498/3498/2051 3496/3496/2145
f  3495/3495/2143 3500/3500/2147 3492/3492/2144
f  3500/3500/2147 3499/3499/2146 3492/3492/2144
f  3499/3499/2146 3501/3501/2148 3498/3498/2051
f  3501/3501/2148 3502/3502/2052 3498/3498/2051
f  3501/3501/2148 3503/3503/2062 3502/3502/2052
f  3499/3499/2146 3504/3504/2149 3501/3501/2148
f  3499/3499/2146 3500/3500/2147 3504/3504/2149
f  3501/3501/2148 3505/3505/2150 3503/3503/2062
f  3501/3501/2148 3504/3504/2149 3505/3505/2150
f  3505/3505/2150 3506/3506/2151 3503/3503/2062
f  3507/3507/2151 3357/3357/2061 3356/3356/2062
f  3507/3507/2151 3508/3508/2152 3357/3357/2061
f  3505/3505/2150 3509/3509/2153 3506/3506/2151
f  3510/3510/2153 3508/3508/2152 3507/3507/2151
f  3505/3505/2150 3511/3511/2154 3509/3509/2153
f  3505/3505/2150 3504/3504/2149 3511/3511/2154
f  3510/3510/2153 3512/3512/2155 3508/3508/2152
f  3512/3512/2155 3513/3513/2156 3508/3508/2152
f  3514/3514/2155 3515/3515/2157 3516/3516/2156
f  3509/3509/2153 3517/3517/2158 3518/3518/2155
f  3509/3509/2153 3511/3511/2154 3517/3517/2158
f  3514/3514/2155 3519/3519/2159 3515/3515/2157
f  3514/3514/2155 3520/3520/2158 3519/3519/2159
f  3521/3521/2159 3522/3522/2160 3523/3523/2157
f  3521/3521/2159 3524/3524/2161 3522/3522/2160
f  3521/3521/2159 3525/3525/2158 3524/3524/2161
f  3522/3522/2160 3526/3526/2162 3523/3523/2157
f  3522/3522/2160 3524/3524/2161 3526/3526/2162
f  3526/3526/2162 3527/3527/2163 3523/3523/2157
f  3527/3527/2163 3528/3528/2164 3523/3523/2157
f  3526/3526/2162 3529/3529/2165 3527/3527/2163
f  3529/3529/2165 3528/3528/2164 3527/3527/2163
f  3530/3530/2166 3531/3531/2164 3532/3532/2167
f  3528/3528/2164 3529/3529/2165 3533/3533/2167
f  3529/3529/2165 3534/3534/2168 3533/3533/2167
f  3534/3534/2168 3535/3535/2169 3533/3533/2167
f  3534/3534/2168 3536/3536/2170 3535/3535/2169
f  3534/3534/2168 3537/3537/2171 3536/3536/2170
f  3529/3529/2165 3538/3538/2172 3534/3534/2168
f  3529/3529/2165 3539/3539/2173 3538/3538/2172
f  3529/3529/2165 3526/3526/2162 3539/3539/2173
f  3526/3526/2162 3540/3540/2174 3539/3539/2173
f  3526/3526/2162 3524/3524/2161 3540/3540/2174
f  3540/3540/2174 3541/3541/2175 3539/3539/2173
f  3540/3540/2174 3524/3524/2161 3541/3541/2175
f  3541/3541/2175 3542/3542/2176 3539/3539/2173
f  3524/3524/2161 3543/3543/2177 3541/3541/2175
f  3544/3544/2177 3545/3545/2178 3546/3546/2175
f  3545/3545/2178 3547/3547/2179 3546/3546/2175
f  3548/3548/2161 3549/3549/2180 3544/3544/2177
f  3549/3549/2180 3545/3545/2178 3544/3544/2177
f  3548/3548/2161 3550/3550/2158 3549/3549/2180
f  3545/3545/2178 3551/3551/2181 3547/3547/2179
f  3550/3550/2158 3552/3552/2182 3549/3549/2180
f  3545/3545/2178 3553/3553/2183 3551/3551/2181
f  3554/3554/2183 3555/3555/2184 3556/3556/2181
f  3549/3549/2180 3557/3557/2185 3545/3545/2178
f  3549/3549/2180 3552/3552/2182 3557/3557/2185
f  3557/3557/2185 3553/3553/2183 3545/3545/2178
f  3554/3554/2183 3558/3558/2186 3555/3555/2184
f  3557/3557/2185 3559/3559/2187 3553/3553/2183
f  3557/3557/2185 3552/3552/2182 3559/3559/2187
f  3560/3560/2188 3552/3552/2182 3550/3550/2158
f  3517/3517/2158 3511/3511/2154 3561/3561/2188
f  3560/3560/2188 3562/3562/2189 3552/3552/2182
f  3561/3561/2188 3511/3511/2154 3563/3563/2189
f  3562/3562/2189 3564/3564/2190 3552/3552/2182
f  3564/3564/2190 3559/3559/2187 3552/3552/2182
f  3511/3511/2154 3565/3565/2191 3563/3563/2189
f  3566/3566/2192 3553/3553/2183 3559/3559/2187
f  3559/3559/2187 3564/3564/2190 3566/3566/2192
f  3566/3566/2192 3567/3567/2193 3553/3553/2183
f  3567/3567/2193 3568/3568/2186 3553/3553/2183
f  3562/3562/2189 3569/3569/2194 3564/3564/2190
f  3563/3563/2189 3565/3565/2191 3570/3570/2194
f  3564/3564/2190 3571/3571/2195 3566/3566/2192
f  3564/3564/2190 3569/3569/2194 3571/3571/2195
f  3566/3566/2192 3572/3572/2196 3567/3567/2193
f  3566/3566/2192 3571/3571/2195 3572/3572/2196
f  3567/3567/2193 3573/3573/2197 3568/3568/2186
f  3567/3567/2193 3572/3572/2196 3573/3573/2197
f  3574/3574/2197 3575/3575/2198 3558/3558/2186
f  3576/3576/2197 3577/3577/2199 3578/3578/2198
f  3576/3576/2197 3579/3579/2200 3577/3577/2199
f  3573/3573/2197 3572/3572/2196 3580/3580/2200
f  3579/3579/2200 3581/3581/2201 3577/3577/2199
f  3582/3582/2202 3572/3572/2196 3571/3571/2195
f  3571/3571/2195 3569/3569/2194 3582/3582/2202
f  3582/3582/2202 3580/3580/2200 3572/3572/2196
f  3579/3579/2200 3583/3583/2203 3581/3581/2201
f  3582/3582/2202 3584/3584/2204 3580/3580/2200
f  3569/3569/2194 3585/3585/2205 3582/3582/2202
f  3585/3585/2205 3584/3584/2204 3582/3582/2202
f  3584/3584/2204 3586/3586/2206 3580/3580/2200
f  3587/3587/2206 3588/3588/2203 3589/3589/2200
f  3584/3584/2204 3585/3585/2205 3586/3586/2206
f  3590/3590/2206 3591/3591/510 3592/3592/509
f  3593/3593/2206 3594/3594/511 3595/3595/510
f  3585/3585/2205 3596/3596/2207 3586/3586/2206
f  3597/3597/2207 3598/3598/514 3599/3599/513
f  3597/3597/2207 3600/3600/2208 3202/3202/1960
f  3601/3601/2207 3602/3602/2205 3603/3603/2208
f  3600/3600/2208 3199/3199/1956 3202/3202/1960
f  3602/3602/2205 3604/3604/2209 3603/3603/2208
f  3602/3602/2205 3605/3605/2194 3604/3604/2209
f  3603/3603/2208 3606/3606/2210 3194/3194/1956
f  3603/3603/2208 3604/3604/2209 3606/3606/2210
f  3606/3606/2210 3193/3193/1955 3194/3194/1956
f  3605/3605/2194 3607/3607/2191 3604/3604/2209
f  3187/3187/1950 3193/3193/1955 3188/3188/1946
f  3607/3607/2191 3608/3608/2211 3604/3604/2209
f  3193/3193/1955 3609/3609/2212 3188/3188/1946
f  3193/3193/1955 3606/3606/2210 3609/3609/2212
f  3609/3609/2212 3610/3610/2213 3188/3188/1946
f  3610/3610/2213 3611/3611/1943 3188/3188/1946
f  3610/3610/2213 3490/3490/2142 3611/3611/1943
f  3609/3609/2212 3612/3612/2214 3610/3610/2213
f  3612/3612/2214 3490/3490/2142 3610/3610/2213
f  3606/3606/2210 3613/3613/2215 3609/3609/2212
f  3613/3613/2215 3612/3612/2214 3609/3609/2212
f  3606/3606/2210 3604/3604/2209 3613/3613/2215
f  3612/3612/2214 3614/3614/2216 3490/3490/2142
f  3614/3614/2216 3491/3491/2143 3490/3490/2142
f  3613/3613/2215 3615/3615/2217 3612/3612/2214
f  3615/3615/2217 3614/3614/2216 3612/3612/2214
f  3604/3604/2209 3616/3616/2218 3613/3613/2215
f  3616/3616/2218 3615/3615/2217 3613/3613/2215
f  3604/3604/2209 3608/3608/2211 3616/3616/2218
f  3617/3617/2216 3618/3618/2219 3495/3495/2143
f  3618/3618/2219 3500/3500/2147 3495/3495/2143
f  3608/3608/2211 3619/3619/2220 3616/3616/2218
f  3619/3619/2220 3615/3615/2217 3616/3616/2218
f  3620/3620/2211 3565/3565/2191 3621/3621/2220
f  3617/3617/2216 3622/3622/2221 3618/3618/2219
f  3622/3622/2221 3500/3500/2147 3618/3618/2219
f  3614/3614/2216 3615/3615/2217 3623/3623/2221
f  3622/3622/2221 3624/3624/2222 3500/3500/2147
f  3622/3622/2221 3625/3625/2217 3624/3624/2222
f  3625/3625/2217 3621/3621/2220 3624/3624/2222
f  3624/3624/2222 3504/3504/2149 3500/3500/2147
f  3624/3624/2222 3621/3621/2220 3504/3504/2149
f  3626/3626/2223 3621/3621/2220 3565/3565/2191
f  3626/3626/2223 3504/3504/2149 3621/3621/2220
f  3565/3565/2191 3511/3511/2154 3626/3626/2223
f  3511/3511/2154 3504/3504/2149 3626/3626/2223
f  3627/3627/2224 3628/3628/2225 3629/3629/2226
f  3628/3628/2225 3630/3630/2227 3629/3629/2226
f  3630/3630/2227 3631/3631/2228 3629/3629/2226
f  3630/3630/2227 3632/3632/2229 3631/3631/2228
f  3630/3630/2227 3633/3633/2230 3632/3632/2229
f  3632/3632/2229 3634/3634/2231 3631/3631/2228
f  3632/3632/2229 3635/3635/2232 3634/3634/2231
f  3632/3632/2229 3636/3636/2096 3635/3635/2232
f  3636/3636/2096 3637/3637/2095 3635/3635/2232
f  3635/3635/2232 3638/3638/2233 3634/3634/2231
f  3637/3637/2095 3639/3639/2234 3635/3635/2232
f  3639/3639/2234 3638/3638/2233 3635/3635/2232
f  3639/3639/2234 3640/3640/2235 3638/3638/2233
f  3639/3639/2234 3641/3641/2090 3640/3640/2235
f  3628/3628/2225 3642/3642/2236 3630/3630/2227
f  3642/3642/2236 3643/3643/2104 3630/3630/2227
f  3644/3644/2236 3408/3408/2103 3409/3409/2104
f  3644/3644/2236 3413/3413/2108 3408/3408/2103
f  3643/3643/2104 3633/3633/2230 3630/3630/2227
f  3409/3409/2104 3401/3401/2097 3645/3645/2230
f  3401/3401/2097 3400/3400/2096 3645/3645/2230
f  3636/3636/2096 3632/3632/2229 3633/3633/2230
f  3637/3637/2095 3641/3641/2090 3639/3639/2234
f  3399/3399/2095 3392/3392/2089 3393/3393/2090
f  3638/3638/2233 3640/3640/2235 3646/3646/2237
f  3640/3640/2235 3647/3647/2238 3646/3646/2237
f  3647/3647/2238 760/760/547 759/759/546
f  3647/3647/2238 3648/3648/2239 3649/3649/2240
f  3650/3650/2240 765/765/551 764/764/550
f  3648/3648/2239 3647/3647/2238 3640/3640/2235
f  3640/3640/2235 3651/3651/2241 3648/3648/2239
f  3640/3640/2235 3641/3641/2090 3651/3651/2241
f  3393/3393/2090 3389/3389/2087 3652/3652/2241
f  3389/3389/2087 3386/3386/2086 3652/3652/2241
f  3386/3386/2086 3653/3653/2242 3652/3652/2241
f  3654/3654/2242 3648/3648/2239 3651/3651/2241
f  3654/3654/2242 3655/3655/2243 3648/3648/2239
f  3656/3656/2242 3657/3657/2244 3658/3658/2243
f  3659/3659/2242 3660/3660/2245 3661/3661/2244
f  3660/3660/2245 3662/3662/2246 3661/3661/2244
f  3660/3660/2245 3663/3663/2247 3662/3662/2246
f  3664/3664/2247 3665/3665/2248 3666/3666/2246
f  3667/3667/2248 3668/3668/2249 3669/3669/2246
f  3670/3670/2242 3671/3671/2250 3672/3672/2245
f  3670/3670/2242 3673/3673/2086 3671/3671/2250
f  3671/3671/2250 3674/3674/2251 3672/3672/2245
f  3673/3673/2086 3675/3675/2252 3671/3671/2250
f  3675/3675/2252 3674/3674/2251 3671/3671/2250
f  3673/3673/2086 3384/3384/2085 3675/3675/2252
f  3675/3675/2252 3382/3382/2084 3674/3674/2251
f  3675/3675/2252 3384/3384/2085 3382/3382/2084
f  3648/3648/2239 3655/3655/2243 3649/3649/2240
f  3658/3658/2243 3657/3657/2244 3650/3650/2240
f  3676/3676/2253 788/788/566 787/787/565
f  3657/3657/2244 3677/3677/2254 3650/3650/2240
f  3657/3657/2244 3678/3678/2255 3677/3677/2254
f  3657/3657/2244 3679/3679/2246 3678/3678/2255
f  3679/3679/2246 3680/3680/2256 3678/3678/2255
f  3669/3669/2246 3668/3668/2249 3681/3681/2256
f  3668/3668/2249 3682/3682/2257 3681/3681/2256
f  3668/3668/2249 3667/3667/2248 3682/3682/2257
f  3682/3682/2257 3683/3683/2258 3681/3681/2256
f  3684/3684/2257 3685/3685/2259 3686/3686/2258
f  3682/3682/2257 3687/3687/2260 3688/3688/2259
f  3685/3685/2259 3689/3689/2261 3686/3686/2258
f  3690/3690/2260 3691/3691/2262 3692/3692/2259
f  3693/3693/2262 3694/3694/2263 3685/3685/2259
f  3685/3685/2259 3695/3695/2264 3689/3689/2261
f  3694/3694/2263 3696/3696/2265 3685/3685/2259
f  3696/3696/2265 3695/3695/2264 3685/3685/2259
f  3694/3694/2263 3697/3697/2266 3696/3696/2265
f  3697/3697/2266 3695/3695/2264 3696/3696/2265
f  3694/3694/2263 3698/3698/2267 3697/3697/2266
f  3699/3699/2267 3700/3700/2268 3701/3701/2266
f  3702/3702/2268 3703/3703/2269 3704/3704/2266
f  3697/3697/2266 3676/3676/2253 3695/3695/2264
f  3703/3703/2269 3705/3705/2270 3704/3704/2266
f  3706/3706/2270 3676/3676/2253 3697/3697/2266
f  3703/3703/2269 3707/3707/2271 3705/3705/2270
f  3707/3707/2271 3708/3708/2272 3705/3705/2270
f  3678/3678/2255 810/810/587 809/809/586
f  3680/3680/2256 812/812/589 811/811/588
f  3686/3686/2258 814/814/591 813/813/590
f  3689/3689/2261 816/816/593 815/815/592
f  3709/3709/2247 3710/3710/2273 3711/3711/2248
f  3710/3710/2273 3712/3712/2274 3711/3711/2248
f  3713/3713/2274 3714/3714/2260 3715/3715/2248
f  3687/3687/2260 3682/3682/2257 3667/3667/2248
f  3709/3709/2247 3716/3716/2275 3710/3710/2273
f  3717/3717/2247 3672/3672/2245 3718/3718/2275
f  3716/3716/2275 3719/3719/2276 3710/3710/2273
f  3716/3716/2275 3720/3720/2277 3719/3719/2276
f  3672/3672/2245 3674/3674/2251 3718/3718/2275
f  3718/3718/2275 3721/3721/2278 3722/3722/2277
f  3718/3718/2275 3674/3674/2251 3721/3721/2278
f  3674/3674/2251 3382/3382/2084 3721/3721/2278
f  3713/3713/2274 3723/3723/2279 3714/3714/2260
f  3723/3723/2279 3724/3724/2262 3714/3714/2260
f  3710/3710/2273 3719/3719/2276 3712/3712/2274
f  3719/3719/2276 3725/3725/2280 3712/3712/2274
f  3726/3726/2280 3723/3723/2279 3713/3713/2274
f  3719/3719/2276 3727/3727/2281 3725/3725/2280
f  3723/3723/2279 3728/3728/2282 3724/3724/2262
f  3729/3729/2282 3730/3730/2263 3731/3731/2262
f  3729/3729/2282 3732/3732/2267 3730/3730/2263
f  3733/3733/2282 3734/3734/2283 3735/3735/2267
f  3734/3734/2283 3736/3736/2284 3735/3735/2267
f  3734/3734/2283 3737/3737/2285 3736/3736/2284
f  3734/3734/2283 3733/3733/2282 3737/3737/2285
f  3737/3737/2285 3738/3738/2286 3736/3736/2284
f  3723/3723/2279 3739/3739/2287 3728/3728/2282
f  3723/3723/2279 3726/3726/2280 3739/3739/2287
f  3733/3733/2282 3740/3740/2288 3737/3737/2285
f  3733/3733/2282 3741/3741/2287 3740/3740/2288
f  3737/3737/2285 3742/3742/2289 3738/3738/2286
f  3743/3743/2290 3744/3744/2280 3745/3745/2281
f  3726/3726/2280 3746/3746/2291 3739/3739/2287
f  3747/3747/2291 3740/3740/2288 3741/3741/2287
f  3743/3743/2290 3748/3748/2292 3744/3744/2280
f  3748/3748/2292 3749/3749/2291 3744/3744/2280
f  3743/3743/2290 3750/3750/2293 3748/3748/2292
f  3751/3751/2294 3737/3737/2285 3740/3740/2288
f  3751/3751/2294 3742/3742/2289 3737/3737/2285
f  3743/3743/2290 3752/3752/2295 3750/3750/2293
f  3743/3743/2290 3753/3753/2296 3752/3752/2295
f  3753/3753/2296 3754/3754/2297 3752/3752/2295
f  3754/3754/2297 3755/3755/2298 3752/3752/2295
f  3752/3752/2295 3756/3756/2299 3750/3750/2293
f  3756/3756/2299 3748/3748/2292 3750/3750/2293
f  3755/3755/2298 3757/3757/2300 3752/3752/2295
f  3757/3757/2300 3756/3756/2299 3752/3752/2295
f  3755/3755/2298 3758/3758/2301 3757/3757/2300
f  3758/3758/2301 3759/3759/2302 3757/3757/2300
f  3757/3757/2300 3760/3760/2303 3756/3756/2299
f  3757/3757/2300 3759/3759/2302 3760/3760/2303
f  3756/3756/2299 3761/3761/2304 3748/3748/2292
f  3762/3762/2304 3747/3747/2291 3763/3763/2292
f  3760/3760/2303 3764/3764/2305 3756/3756/2299
f  3765/3765/2305 3766/3766/2304 3767/3767/2299
f  3768/3768/2303 3769/3769/2306 3765/3765/2305
f  3759/3759/2302 3770/3770/2307 3760/3760/2303
f  3771/3771/2307 3769/3769/2306 3768/3768/2303
f  3769/3769/2306 3772/3772/2308 3765/3765/2305
f  3769/3769/2306 3771/3771/2307 3772/3772/2308
f  3765/3765/2305 3773/3773/2309 3766/3766/2304
f  3765/3765/2305 3772/3772/2308 3773/3773/2309
f  3774/3774/2310 3747/3747/2291 3762/3762/2304
f  3766/3766/2304 3773/3773/2309 3775/3775/2310
f  3776/3776/2311 3770/3770/2307 3759/3759/2302
f  3759/3759/2302 3777/3777/2312 3776/3776/2311
f  3759/3759/2302 3778/3778/2313 3777/3777/2312
f  3777/3777/2312 3779/3779/2314 3776/3776/2311
f  3780/3780/2314 3771/3771/2307 3781/3781/2311
f  3782/3782/2312 3783/3783/2315 3780/3780/2314
f  3783/3783/2315 3784/3784/2316 3780/3780/2314
f  3784/3784/2316 3785/3785/2317 3780/3780/2314
f  3780/3780/2314 3786/3786/2318 3771/3771/2307
f  3780/3780/2314 3785/3785/2317 3786/3786/2318
f  3786/3786/2318 3772/3772/2308 3771/3771/2307
f  3785/3785/2317 3787/3787/2319 3786/3786/2318
f  3787/3787/2319 3772/3772/2308 3786/3786/2318
f  3785/3785/2317 3788/3788/2320 3787/3787/2319
f  3787/3787/2319 3789/3789/2321 3772/3772/2308
f  3787/3787/2319 3788/3788/2320 3789/3789/2321
f  3789/3789/2321 3773/3773/2309 3772/3772/2308
f  3788/3788/2320 3790/3790/2322 3789/3789/2321
f  3789/3789/2321 3791/3791/2323 3773/3773/2309
f  3789/3789/2321 3790/3790/2322 3791/3791/2323
f  3790/3790/2322 3792/3792/2324 3791/3791/2323
f  3791/3791/2323 3775/3775/2310 3773/3773/2309
f  3791/3791/2323 3793/3793/2325 3775/3775/2310
f  3791/3791/2323 3794/3794/2326 3793/3793/2325
f  3794/3794/2326 3795/3795/2327 3793/3793/2325
f  3795/3795/2327 3796/3796/2328 3793/3793/2325
f  3796/3796/2328 3775/3775/2310 3793/3793/2325
f  3795/3795/2327 3797/3797/2329 3796/3796/2328
f  3798/3798/2327 3799/3799/2330 3800/3800/2329
f  3799/3799/2330 3801/3801/2331 3800/3800/2329
f  3801/3801/2331 3802/3802/2328 3800/3800/2329
f  3799/3799/2330 3803/3803/2332 3801/3801/2331
f  3803/3803/2332 3804/3804/2333 3801/3801/2331
f  3804/3804/2333 3805/3805/2334 3801/3801/2331
f  3801/3801/2331 3806/3806/2335 3802/3802/2328
f  3801/3801/2331 3805/3805/2334 3806/3806/2335
f  3807/3807/2336 3775/3775/2310 3796/3796/2328
f  3802/3802/2328 3806/3806/2335 3808/3808/2336
f  3805/3805/2334 3809/3809/2337 3806/3806/2335
f  3805/3805/2334 3810/3810/2338 3809/3809/2337
f  3806/3806/2335 3811/3811/2339 3808/3808/2336
f  3812/3812/2336 3813/3813/2340 3774/3774/2310
f  3812/3812/2336 3814/3814/2339 3813/3813/2340
f  3813/3813/2340 3815/3815/2341 3774/3774/2310
f  3815/3815/2341 3747/3747/2291 3774/3774/2310
f  3815/3815/2341 3740/3740/2288 3747/3747/2291
f  3815/3815/2341 3816/3816/2342 3740/3740/2288
f  3815/3815/2341 3813/3813/2340 3816/3816/2342
f  3816/3816/2342 3751/3751/2294 3740/3740/2288
f  3814/3814/2339 3817/3817/2343 3813/3813/2340
f  3817/3817/2343 3816/3816/2342 3813/3813/2340
f  3818/3818/2344 3811/3811/2339 3806/3806/2335
f  3818/3818/2344 3819/3819/2343 3811/3811/2339
f  3806/3806/2335 3809/3809/2337 3818/3818/2344
f  3816/3816/2342 3820/3820/2345 3751/3751/2294
f  3821/3821/2344 3822/3822/2346 3823/3823/2343
f  3821/3821/2344 3824/3824/2337 3822/3822/2346
f  3820/3820/2345 3742/3742/2289 3751/3751/2294
f  3825/3825/2347 3816/3816/2342 3817/3817/2343
f  3825/3825/2347 3820/3820/2345 3816/3816/2342
f  3826/3826/2345 3827/3827/2348 3828/3828/2289
f  3827/3827/2348 3829/3829/2349 3828/3828/2289
f  3822/3822/2346 3830/3830/2350 3823/3823/2343
f  3831/3831/2350 3825/3825/2347 3817/3817/2343
f  3832/3832/2345 3833/3833/2351 3834/3834/2348
f  3833/3833/2351 3835/3835/2352 3834/3834/2348
f  3825/3825/2347 3836/3836/2353 3820/3820/2345
f  3837/3837/2353 3833/3833/2351 3832/3832/2345
f  3825/3825/2347 3831/3831/2350 3836/3836/2353
f  3837/3837/2353 3838/3838/2354 3833/3833/2351
f  3838/3838/2354 3839/3839/2355 3833/3833/2351
f  3837/3837/2353 3840/3840/2356 3838/3838/2354
f  3841/3841/2353 3842/3842/2350 3843/3843/2356
f  3844/3844/2356 3845/3845/2357 3846/3846/2354
f  3844/3844/2356 3847/3847/2358 3845/3845/2357
f  3842/3842/2350 3848/3848/2359 3843/3843/2356
f  3849/3849/2359 3847/3847/2358 3844/3844/2356
f  3830/3830/2350 3850/3850/2360 3851/3851/2359
f  3830/3830/2350 3822/3822/2346 3850/3850/2360
f  3849/3849/2359 3852/3852/2361 3847/3847/2358
f  3851/3851/2359 3850/3850/2360 3853/3853/2361
f  3822/3822/2346 3824/3824/2337 3850/3850/2360
f  3854/3854/2361 3855/3855/2362 3856/3856/2358
f  3855/3855/2362 3857/3857/2363 3856/3856/2358
f  3854/3854/2361 3858/3858/2364 3855/3855/2362
f  3858/3858/2364 3859/3859/2365 3855/3855/2362
f  3850/3850/2360 3860/3860/2366 3853/3853/2361
f  3861/3861/2366 3862/3862/2364 3863/3863/2361
f  3824/3824/2337 3864/3864/2367 3850/3850/2360
f  3864/3864/2367 3860/3860/2366 3850/3850/2360
f  3809/3809/2337 3810/3810/2338 3865/3865/2367
f  3864/3864/2367 3866/3866/2368 3860/3860/2366
f  3867/3867/2367 3868/3868/2369 3869/3869/2368
f  3870/3870/2368 3871/3871/2370 3861/3861/2366
f  3871/3871/2370 3872/3872/2371 3861/3861/2366
f  3872/3872/2371 3862/3862/2364 3861/3861/2366
f  3871/3871/2370 3873/3873/2372 3872/3872/2371
f  3872/3872/2371 3874/3874/2373 3862/3862/2364
f  3872/3872/2371 3873/3873/2372 3874/3874/2373
f  3874/3874/2373 3875/3875/2365 3862/3862/2364
f  3873/3873/2372 3876/3876/2374 3874/3874/2373
f  3874/3874/2373 3877/3877/2375 3875/3875/2365
f  3876/3876/2374 3878/3878/2376 3874/3874/2373
f  3878/3878/2376 3877/3877/2375 3874/3874/2373
f  3879/3879/2377 3880/3880/2378 3881/3881/2379
f  3880/3880/2378 3882/3882/2330 3881/3881/2379
f  3883/3883/2379 3884/3884/702 3885/3885/701
f  3886/3886/2330 3887/3887/2327 3888/3888/2380
f  3889/3889/2381 999/999/706 998/998/705
f  3890/3890/2382 3888/3888/2380 3887/3887/2327
f  3887/3887/2327 3891/3891/2383 3890/3890/2382
f  3795/3795/2327 3794/3794/2326 3892/3892/2383
f  3890/3890/2382 3893/3893/2384 3888/3888/2380
f  3890/3890/2382 3891/3891/2383 3893/3893/2384
f  3894/3894/2385 3889/3889/2381 3888/3888/2380
f  3888/3888/2380 3893/3893/2384 3894/3894/2385
f  3894/3894/2385 3895/3895/2386 3889/3889/2381
f  3893/3893/2384 3896/3896/2387 3894/3894/2385
f  3891/3891/2383 3897/3897/2388 3893/3893/2384
f  3892/3892/2383 3794/3794/2326 3898/3898/2388
f  3897/3897/2388 3896/3896/2387 3893/3893/2384
f  3792/3792/2324 3794/3794/2326 3791/3791/2323
f  3794/3794/2326 3899/3899/2389 3898/3898/2388
f  3794/3794/2326 3792/3792/2324 3899/3899/2389
f  3899/3899/2389 3900/3900/2390 3898/3898/2388
f  3901/3901/2390 3896/3896/2387 3897/3897/2388
f  3792/3792/2324 3902/3902/2391 3899/3899/2389
f  3792/3792/2324 3790/3790/2322 3902/3902/2391
f  3899/3899/2389 3903/3903/2392 3900/3900/2390
f  3899/3899/2389 3902/3902/2391 3903/3903/2392
f  3790/3790/2322 3788/3788/2320 3902/3902/2391
f  3903/3903/2392 3904/3904/2393 3900/3900/2390
f  3904/3904/2393 3905/3905/2387 3900/3900/2390
f  3902/3902/2391 3906/3906/2394 3903/3903/2392
f  3906/3906/2394 3904/3904/2393 3903/3903/2392
f  3788/3788/2320 3907/3907/2395 3902/3902/2391
f  3907/3907/2395 3906/3906/2394 3902/3902/2391
f  3788/3788/2320 3908/3908/2396 3907/3907/2395
f  3788/3788/2320 3785/3785/2317 3908/3908/2396
f  3907/3907/2395 3909/3909/2397 3906/3906/2394
f  3907/3907/2395 3910/3910/2398 3909/3909/2397
f  3907/3907/2395 3908/3908/2396 3910/3910/2398
f  3908/3908/2396 3911/3911/2399 3910/3910/2398
f  3908/3908/2396 3785/3785/2317 3911/3911/2399
f  3785/3785/2317 3784/3784/2316 3911/3911/2399
f  3909/3909/2397 3912/3912/2400 3906/3906/2394
f  3912/3912/2400 3904/3904/2393 3906/3906/2394
f  3913/3913/2400 3914/3914/2401 3915/3915/2393
f  3914/3914/2401 3916/3916/2387 3915/3915/2393
f  3913/3913/2400 3917/3917/2402 3914/3914/2401
f  3913/3913/2400 3918/3918/2403 3917/3917/2402
f  3917/3917/2402 3919/3919/2404 3914/3914/2401
f  3917/3917/2402 3920/3920/2405 3919/3919/2404
f  3920/3920/2405 3921/3921/2406 3919/3919/2404
f  3922/3922/2401 3923/3923/2407 3896/3896/2387
f  3914/3914/2401 3919/3919/2404 3924/3924/2407
f  3923/3923/2407 3894/3894/2385 3896/3896/2387
f  3923/3923/2407 3895/3895/2386 3894/3894/2385
f  3919/3919/2404 3925/3925/2408 3924/3924/2407
f  3926/3926/2408 3895/3895/2386 3923/3923/2407
f  3919/3919/2404 3927/3927/2409 3925/3925/2408
f  3919/3919/2404 3928/3928/2410 3927/3927/2409
f  3927/3927/2409 1042/1042/737 1041/1041/736
f  3927/3927/2409 1043/1043/738 1042/1042/737
f  3929/3929/2411 3930/3930/2201 3931/3931/2412
f  3932/3932/2411 3577/3577/2199 3581/3581/2201
f  3929/3929/2411 3575/3575/2198 3933/3933/2199
f  3929/3929/2411 3934/3934/2413 3575/3575/2198
f  3934/3934/2413 3558/3558/2186 3575/3575/2198
f  3934/3934/2413 3555/3555/2184 3558/3558/2186
f  3929/3929/2411 3935/3935/2414 3934/3934/2413
f  3929/3929/2411 3931/3931/2412 3935/3935/2414
f  3934/3934/2413 3936/3936/2415 3555/3555/2184
f  3937/3937/2416 3938/3938/2414 3939/3939/2412
f  3934/3934/2413 3940/3940/2417 3936/3936/2415
f  3934/3934/2413 3935/3935/2414 3940/3940/2417
f  3936/3936/2415 3941/3941/2418 3555/3555/2184
f  3941/3941/2418 3556/3556/2181 3555/3555/2184
f  3941/3941/2418 3942/3942/2179 3556/3556/2181
f  3936/3936/2415 3943/3943/2419 3941/3941/2418
f  3943/3943/2419 3942/3942/2179 3941/3941/2418
f  3940/3940/2417 3944/3944/2420 3936/3936/2415
f  3944/3944/2420 3943/3943/2419 3936/3936/2415
f  3945/3945/2421 3940/3940/2417 3935/3935/2414
f  3938/3938/2414 3946/3946/2422 3947/3947/2421
f  3938/3938/2414 3948/3948/2423 3946/3946/2422
f  3938/3938/2414 3937/3937/2416 3948/3948/2423
f  3946/3946/2422 3949/3949/2424 3947/3947/2421
f  3946/3946/2422 3948/3948/2423 3949/3949/2424
f  3945/3945/2421 3950/3950/2425 3940/3940/2417
f  3947/3947/2421 3949/3949/2424 3951/3951/2425
f  3952/3952/2426 3944/3944/2420 3940/3940/2417
f  3940/3940/2417 3950/3950/2425 3952/3952/2426
f  3937/3937/2416 3953/3953/2427 3948/3948/2423
f  3953/3953/2427 3949/3949/2424 3948/3948/2423
f  3937/3937/2416 3954/3954/2428 3953/3953/2427
f  3953/3953/2427 3955/3955/2429 3949/3949/2424
f  3953/3953/2427 3954/3954/2428 3955/3955/2429
f  3956/3956/2430 3951/3951/2425 3949/3949/2424
f  3949/3949/2424 3955/3955/2429 3956/3956/2430
f  3956/3956/2430 3957/3957/2431 3951/3951/2425
f  3957/3957/2431 3958/3958/2426 3951/3951/2425
f  3954/3954/2428 1066/1066/761 1065/1065/760
f  3955/3955/2429 3959/3959/2432 3956/3956/2430
f  3960/3960/2430 3961/3961/2433 3962/3962/2431
f  3960/3960/2430 3963/3963/2432 3961/3961/2433
f  3964/3964/2434 3959/3959/2432 3955/3955/2429
f  3965/3965/2435 3959/3959/2432 3964/3964/2434
f  3966/3966/2436 3967/3967/2437 3968/3968/2435
f  3966/3966/2436 3928/3928/2410 3967/3967/2437
f  3967/3967/2437 3969/3969/2432 3968/3968/2435
f  3921/3921/2406 3928/3928/2410 3919/3919/2404
f  3921/3921/2406 3967/3967/2437 3928/3928/2410
f  3921/3921/2406 3970/3970/2438 3967/3967/2437
f  3921/3921/2406 3971/3971/2439 3970/3970/2438
f  3971/3971/2439 3967/3967/2437 3970/3970/2438
f  3921/3921/2406 3920/3920/2405 3971/3971/2439
f  3967/3967/2437 3972/3972/2440 3969/3969/2432
f  3967/3967/2437 3971/3971/2439 3972/3972/2440
f  3973/3973/2440 3961/3961/2433 3963/3963/2432
f  3971/3971/2439 3974/3974/2441 3972/3972/2440
f  3975/3975/2441 3961/3961/2433 3973/3973/2440
f  3920/3920/2405 3918/3918/2403 3971/3971/2439
f  3920/3920/2405 3917/3917/2402 3918/3918/2403
f  3976/3976/2403 3975/3975/2441 3977/3977/2439
f  3976/3976/2403 3978/3978/2442 3975/3975/2441
f  3976/3976/2403 3912/3912/2400 3978/3978/2442
f  3912/3912/2400 3909/3909/2397 3978/3978/2442
f  3909/3909/2397 3979/3979/2443 3978/3978/2442
f  3909/3909/2397 3910/3910/2398 3979/3979/2443
f  3978/3978/2442 3980/3980/2444 3975/3975/2441
f  3978/3978/2442 3979/3979/2443 3980/3980/2444
f  3980/3980/2444 3981/3981/2445 3975/3975/2441
f  3981/3981/2445 3961/3961/2433 3975/3975/2441
f  3979/3979/2443 3982/3982/2446 3980/3980/2444
f  3979/3979/2443 3910/3910/2398 3982/3982/2446
f  3980/3980/2444 3983/3983/2447 3981/3981/2445
f  3980/3980/2444 3982/3982/2446 3983/3983/2447
f  3981/3981/2445 3984/3984/2448 3961/3961/2433
f  3984/3984/2448 3962/3962/2431 3961/3961/2433
f  3984/3984/2448 3985/3985/2426 3962/3962/2431
f  3981/3981/2445 3986/3986/2449 3984/3984/2448
f  3981/3981/2445 3983/3983/2447 3986/3986/2449
f  3984/3984/2448 3987/3987/2450 3985/3985/2426
f  3984/3984/2448 3986/3986/2449 3987/3987/2450
f  3988/3988/2450 3944/3944/2420 3952/3952/2426
f  3988/3988/2450 3943/3943/2419 3944/3944/2420
f  3986/3986/2449 3989/3989/2451 3987/3987/2450
f  3989/3989/2451 3990/3990/2419 3987/3987/2450
f  3983/3983/2447 3991/3991/2452 3986/3986/2449
f  3991/3991/2452 3989/3989/2451 3986/3986/2449
f  3989/3989/2451 3992/3992/2453 3990/3990/2419
f  3989/3989/2451 3991/3991/2452 3992/3992/2453
f  3992/3992/2453 3993/3993/2179 3990/3990/2419
f  3992/3992/2453 3994/3994/2454 3993/3993/2179
f  3992/3992/2453 3991/3991/2452 3994/3994/2454
f  3995/3995/2454 3541/3541/2175 3996/3996/2179
f  3995/3995/2454 3542/3542/2176 3541/3541/2175
f  3995/3995/2454 3997/3997/2452 3542/3542/2176
f  3998/3998/2455 3991/3991/2452 3983/3983/2447
f  3983/3983/2447 3982/3982/2446 3998/3998/2455
f  3982/3982/2446 3999/3999/2456 3998/3998/2455
f  3982/3982/2446 3910/3910/2398 3999/3999/2456
f  3910/3910/2398 3911/3911/2399 3999/3999/2456
f  3999/3999/2456 4000/4000/2457 3998/3998/2455
f  4000/4000/2457 3991/3991/2452 3998/3998/2455
f  3911/3911/2399 4001/4001/2458 3999/3999/2456
f  4001/4001/2458 4000/4000/2457 3999/3999/2456
f  3911/3911/2399 3784/3784/2316 4001/4001/2458
f  3784/3784/2316 3783/3783/2315 4001/4001/2458
f  4000/4000/2457 4002/4002/2459 3991/3991/2452
f  4003/4003/2459 3542/3542/2176 3997/3997/2452
f  4001/4001/2458 4004/4004/2460 4000/4000/2457
f  4005/4005/2460 4003/4003/2459 4006/4006/2457
f  3783/3783/2315 4007/4007/2461 4001/4001/2458
f  4008/4008/2461 4005/4005/2460 4009/4009/2458
f  4010/4010/2315 3777/3777/2312 4011/4011/2461
f  3777/3777/2312 3778/3778/2313 4011/4011/2461
f  4003/4003/2459 4012/4012/2462 3542/3542/2176
f  4003/4003/2459 4005/4005/2460 4012/4012/2462
f  4012/4012/2462 3538/3538/2172 3542/3542/2176
f  3538/3538/2172 3539/3539/2173 3542/3542/2176
f  4005/4005/2460 3537/3537/2171 4012/4012/2462
f  4005/4005/2460 4008/4008/2461 3537/3537/2171
f  3537/3537/2171 3538/3538/2172 4012/4012/2462
f  4008/4008/2461 4013/4013/2313 3537/3537/2171
f  3537/3537/2171 3534/3534/2168 3538/3538/2172
f  4013/4013/2313 3536/3536/2170 3537/3537/2171
f  3778/3778/2313 3758/3758/2301 4014/4014/2170
f  3778/3778/2313 3759/3759/2302 3758/3758/2301
f  3708/3708/2272 4015/4015/2463 4016/4016/2464
f  3708/3708/2272 3707/3707/2271 4015/4015/2463
f  4015/4015/2463 4017/4017/2465 4016/4016/2464
f  4018/4018/2465 4019/4019/2466 4020/4020/2464
f  4018/4018/2465 4021/4021/2467 4019/4019/2466
f  4022/4022/2465 4023/4023/2468 4024/4024/2467
f  4022/4022/2465 4025/4025/2469 4023/4023/2468
f  4022/4022/2465 4026/4026/2470 4025/4025/2469
f  4015/4015/2463 4027/4027/2471 4017/4017/2465
f  4028/4028/2471 4026/4026/2470 4022/4022/2465
f  4029/4029/2472 4015/4015/2463 3707/3707/2271
f  4029/4029/2472 4027/4027/2471 4015/4015/2463
f  3707/3707/2271 4030/4030/2473 4029/4029/2472
f  3707/3707/2271 3703/3703/2269 4030/4030/2473
f  3703/3703/2269 3702/3702/2268 4030/4030/2473
f  4031/4031/2473 4032/4032/2474 4033/4033/2472
f  4033/4033/2472 4034/4034/2475 4035/4035/2471
f  4033/4033/2472 4032/4032/2474 4034/4034/2475
f  4036/4036/2476 4037/4037/2470 4038/4038/2471
f  4036/4036/2476 4039/4039/2477 4037/4037/2470
f  4038/4038/2471 4040/4040/2478 4036/4036/2476
f  4038/4038/2471 4041/4041/2475 4040/4040/2478
f  4036/4036/2476 4042/4042/2479 4039/4039/2477
f  4042/4042/2479 4043/4043/2480 4039/4039/2477
f  4044/4044/2479 4045/4045/2481 4046/4046/2480
f  4044/4044/2479 4047/4047/2482 4045/4045/2481
f  4036/4036/2476 4048/4048/2483 4042/4042/2479
f  4036/4036/2476 4040/4040/2478 4048/4048/2483
f  4049/4049/2483 4047/4047/2482 4044/4044/2479
f  4040/4040/2478 4050/4050/2484 4048/4048/2483
f  4049/4049/2483 4051/4051/2485 4047/4047/2482
f  4051/4051/2485 4052/4052/2486 4047/4047/2482
f  4053/4053/2484 4054/4054/2487 4055/4055/2483
f  4056/4056/2487 4051/4051/2485 4049/4049/2483
f  4057/4057/2478 4058/4058/2488 4059/4059/2484
f  4060/4060/2488 4054/4054/2487 4053/4053/2484
f  4057/4057/2478 4061/4061/2475 4058/4058/2488
f  4051/4051/2485 4062/4062/2489 4052/4052/2486
f  4062/4062/2489 4063/4063/2490 4052/4052/2486
f  4062/4062/2489 4064/4064/2491 4063/4063/2490
f  4051/4051/2485 4065/4065/2492 4062/4062/2489
f  4051/4051/2485 4056/4056/2487 4065/4065/2492
f  4062/4062/2489 4066/4066/2493 4064/4064/2491
f  4062/4062/2489 4065/4065/2492 4066/4066/2493
f  4066/4066/2493 4067/4067/2494 4064/4064/2491
f  4067/4067/2494 4068/4068/2495 4064/4064/2491
f  4065/4065/2492 4069/4069/2496 4066/4066/2493
f  4056/4056/2487 4070/4070/2497 4065/4065/2492
f  4070/4070/2497 4069/4069/2496 4065/4065/2492
f  4054/4054/2487 4060/4060/2488 4071/4071/2497
f  4067/4067/2494 4072/4072/2498 4068/4068/2495
f  4066/4066/2493 4073/4073/2499 4067/4067/2494
f  4066/4066/2493 4069/4069/2496 4073/4073/2499
f  4073/4073/2499 4072/4072/2498 4067/4067/2494
f  4072/4072/2498 4074/4074/2500 4068/4068/2495
f  4073/4073/2499 4075/4075/2501 4072/4072/2498
f  4072/4072/2498 4076/4076/2502 4074/4074/2500
f  4072/4072/2498 4075/4075/2501 4076/4076/2502
f  4076/4076/2502 4077/4077/2503 4074/4074/2500
f  4077/4077/2503 4078/4078/2504 4074/4074/2500
f  4073/4073/2499 4079/4079/2505 4075/4075/2501
f  4079/4079/2505 4080/4080/2506 4075/4075/2501
f  4081/4081/2507 4073/4073/2499 4069/4069/2496
f  4081/4081/2507 4079/4079/2505 4073/4073/2499
f  4079/4079/2505 4082/4082/2508 4080/4080/2506
f  4082/4082/2508 4083/4083/2509 4080/4080/2506
f  4081/4081/2507 4084/4084/2510 4079/4079/2505
f  4079/4079/2505 4085/4085/2511 4082/4082/2508
f  4079/4079/2505 4084/4084/2510 4085/4085/2511
f  4086/4086/2508 4087/4087/2512 4088/4088/2509
f  4082/4082/2508 4085/4085/2511 4089/4089/2512
f  4087/4087/2512 4090/4090/2513 4088/4088/2509
f  4090/4090/2513 4091/4091/2514 4088/4088/2509
f  4090/4090/2513 4092/4092/2515 4091/4091/2514
f  4090/4090/2513 4093/4093/2516 4092/4092/2515
f  4093/4093/2516 4094/4094/2517 4092/4092/2515
f  4093/4093/2516 4095/4095/2518 4094/4094/2517
f  4095/4095/2518 4096/4096/2519 4094/4094/2517
f  4097/4097/2516 4098/4098/2520 4099/4099/2518
f  4093/4093/2516 4090/4090/2513 4100/4100/2520
f  4101/4101/2521 4090/4090/2513 4087/4087/2512
f  4101/4101/2521 4100/4100/2520 4090/4090/2513
f  4102/4102/2521 4103/4103/2522 4104/4104/2520
f  4103/4103/2522 4105/4105/2523 4104/4104/2520
f  4102/4102/2521 4106/4106/2524 4103/4103/2522
f  4087/4087/2512 4107/4107/2525 4101/4101/2521
f  4108/4108/2525 4109/4109/2524 4110/4110/2521
f  4089/4089/2512 4085/4085/2511 4108/4108/2525
f  4108/4108/2525 4111/4111/2526 4109/4109/2524
f  4108/4108/2525 4085/4085/2511 4111/4111/2526
f  4085/4085/2511 4084/4084/2510 4111/4111/2526
f  4084/4084/2510 4112/4112/2527 4111/4111/2526
f  4084/4084/2510 4113/4113/2528 4112/4112/2527
f  4084/4084/2510 4114/4114/2529 4113/4113/2528
f  4084/4084/2510 4081/4081/2507 4114/4114/2529
f  4114/4114/2529 4115/4115/2530 4113/4113/2528
f  4081/4081/2507 4116/4116/2531 4114/4114/2529
f  4116/4116/2531 4115/4115/2530 4114/4114/2529
f  4081/4081/2507 4069/4069/2496 4116/4116/2531
f  4117/4117/2531 4118/4118/2532 4119/4119/2530
f  4120/4120/2532 3857/3857/2363 4121/4121/2530
f  4069/4069/2496 4122/4122/2533 4116/4116/2531
f  4123/4123/2533 4118/4118/2532 4117/4117/2531
f  4069/4069/2496 4070/4070/2497 4122/4122/2533
f  4124/4124/2533 4125/4125/2355 4126/4126/2532
f  4125/4125/2355 4127/4127/2354 4126/4126/2532
f  4071/4071/2497 4128/4128/2534 4129/4129/2533
f  4128/4128/2534 4130/4130/2355 4129/4129/2533
f  4071/4071/2497 4060/4060/2488 4128/4128/2534
f  4131/4131/2534 3835/3835/2352 3839/3839/2355
f  3835/3835/2352 3833/3833/2351 3839/3839/2355
f  4058/4058/2488 4132/4132/2535 4133/4133/2534
f  4132/4132/2535 4134/4134/2352 4133/4133/2534
f  4058/4058/2488 4135/4135/2536 4132/4132/2535
f  4132/4132/2535 3829/3829/2349 4134/4134/2352
f  4132/4132/2535 4135/4135/2536 3829/3829/2349
f  3829/3829/2349 3827/3827/2348 4134/4134/2352
f  4058/4058/2488 4061/4061/2475 4135/4135/2536
f  4061/4061/2475 4136/4136/2537 4135/4135/2536
f  4135/4135/2536 4137/4137/2538 3829/3829/2349
f  4135/4135/2536 4136/4136/2537 4137/4137/2538
f  4137/4137/2538 3828/3828/2289 3829/3829/2349
f  4061/4061/2475 4138/4138/2474 4136/4136/2537
f  4138/4138/2474 4137/4137/2538 4136/4136/2537
f  4139/4139/2538 3738/3738/2286 3742/3742/2289
f  4139/4139/2538 4140/4140/2539 3738/3738/2286
f  4139/4139/2538 4141/4141/2474 4140/4140/2539
f  4140/4140/2539 3736/3736/2284 3738/3738/2286
f  4141/4141/2474 4142/4142/2540 4140/4140/2539
f  4141/4141/2474 4143/4143/2473 4142/4142/2540
f  4142/4142/2540 4144/4144/2541 4140/4140/2539
f  4142/4142/2540 4145/4145/2473 4144/4144/2541
f  4144/4144/2541 3736/3736/2284 4140/4140/2539
f  4145/4145/2473 4146/4146/2268 4144/4144/2541
f  4146/4146/2268 3736/3736/2284 4144/4144/2541
f  4146/4146/2268 3735/3735/2267 3736/3736/2284
f  3804/3804/2333 4147/4147/2542 3805/3805/2334
f  4147/4147/2542 3810/3810/2338 3805/3805/2334
f  3804/3804/2333 4148/4148/2543 4147/4147/2542
f  3804/3804/2333 3803/3803/2332 4148/4148/2543
f  4149/4149/2543 4150/4150/2544 4151/4151/2542
f  4152/4152/2332 4153/4153/2545 4154/4154/2543
f  4155/4155/2545 4156/4156/2544 4157/4157/2543
f  4152/4152/2332 3880/3880/2378 4153/4153/2545
f  4152/4152/2332 3882/3882/2330 3880/3880/2378
f  3880/3880/2378 4158/4158/2546 4153/4153/2545
f  3880/3880/2378 3879/3879/2377 4158/4158/2546
f  4159/4159/2546 4160/4160/2547 4161/4161/2545
f  4162/4162/2547 4163/4163/2544 4164/4164/2545
f  4165/4165/2546 4166/4166/2548 4167/4167/2547
f  4168/4168/2548 4169/4169/2549 4162/4162/2547
f  4168/4168/2548 4170/4170/2550 4169/4169/2549
f  4162/4162/2547 4171/4171/2551 4163/4163/2544
f  4172/4172/2547 4173/4173/2549 4174/4174/2551
f  4170/4170/2550 4175/4175/2552 4169/4169/2549
f  4170/4170/2550 4176/4176/2553 4175/4175/2552
f  4169/4169/2549 4177/4177/2554 4171/4171/2551
f  4169/4169/2549 4175/4175/2552 4177/4177/2554
f  4178/4178/2553 4179/4179/2555 4180/4180/2552
f  4178/4178/2553 4181/4181/2556 4179/4179/2555
f  4181/4181/2556 4182/4182/2557 4179/4179/2555
f  4181/4181/2556 4183/4183/2558 4182/4182/2557
f  4179/4179/2555 4184/4184/2559 4180/4180/2552
f  4179/4179/2555 4182/4182/2557 4184/4184/2559
f  4180/4180/2552 4185/4185/2560 4186/4186/2554
f  4180/4180/2552 4184/4184/2559 4185/4185/2560
f  4183/4183/2558 4187/4187/2561 4182/4182/2557
f  4183/4183/2558 4188/4188/2562 4187/4187/2561
f  4182/4182/2557 4189/4189/2563 4184/4184/2559
f  4182/4182/2557 4187/4187/2561 4189/4189/2563
f  4184/4184/2559 4190/4190/2564 4185/4185/2560
f  4184/4184/2559 4189/4189/2563 4190/4190/2564
f  4188/4188/2562 4191/4191/2565 4187/4187/2561
f  4187/4187/2561 4192/4192/2566 4189/4189/2563
f  4187/4187/2561 4191/4191/2565 4192/4192/2566
f  4188/4188/2562 4193/4193/2567 4191/4191/2565
f  4189/4189/2563 4194/4194/2568 4190/4190/2564
f  4189/4189/2563 4192/4192/2566 4194/4194/2568
f  4191/4191/2565 4195/4195/2569 4192/4192/2566
f  4196/4196/2568 4197/4197/2570 4198/4198/2564
f  4191/4191/2565 4199/4199/2571 4195/4195/2569
f  4191/4191/2565 4193/4193/2567 4199/4199/2571
f  4195/4195/2569 4200/4200/2572 4192/4192/2566
f  4195/4195/2569 4199/4199/2571 4200/4200/2572
f  4201/4201/2566 4202/4202/2573 4203/4203/2568
f  4201/4201/2566 4204/4204/2572 4202/4202/2573
f  4202/4202/2573 4205/4205/2574 4203/4203/2568
f  4205/4205/2574 4206/4206/2570 4203/4203/2568
f  4202/4202/2573 4207/4207/2575 4205/4205/2574
f  4202/4202/2573 4204/4204/2572 4207/4207/2575
f  4205/4205/2574 4208/4208/2576 4206/4206/2570
f  4207/4207/2575 4209/4209/2577 4205/4205/2574
f  4209/4209/2577 4208/4208/2576 4205/4205/2574
f  4210/4210/2576 4211/4211/2578 4197/4197/2570
f  4208/4208/2576 4209/4209/2577 4212/4212/2578
f  4207/4207/2575 4213/4213/2579 4209/4209/2577
f  4204/4204/2572 4214/4214/2580 4207/4207/2575
f  4214/4214/2580 4213/4213/2579 4207/4207/2575
f  4213/4213/2579 4215/4215/2581 4209/4209/2577
f  4215/4215/2581 4212/4212/2578 4209/4209/2577
f  4214/4214/2580 4216/4216/2582 4213/4213/2579
f  4204/4204/2572 4217/4217/2583 4214/4214/2580
f  4217/4217/2583 4216/4216/2582 4214/4214/2580
f  4204/4204/2572 4218/4218/2584 4217/4217/2583
f  4219/4219/2572 4220/4220/2571 4221/4221/2584
f  4217/4217/2583 4222/4222/2585 4216/4216/2582
f  4216/4216/2582 4223/4223/2586 4213/4213/2579
f  4216/4216/2582 4222/4222/2585 4223/4223/2586
f  4223/4223/2586 4224/4224/2587 4213/4213/2579
f  4224/4224/2587 4215/4215/2581 4213/4213/2579
f  4223/4223/2586 4225/4225/2588 4224/4224/2587
f  4225/4225/2588 4215/4215/2581 4224/4224/2587
f  4226/4226/2583 4227/4227/2589 4228/4228/2585
f  4226/4226/2583 4221/4221/2584 4227/4227/2589
f  4229/4229/2585 4230/4230/2590 4231/4231/2586
f  4232/4232/2591 4221/4221/2584 4220/4220/2571
f  4220/4220/2571 4233/4233/2567 4232/4232/2591
f  4221/4221/2584 4234/4234/2592 4227/4227/2589
f  4221/4221/2584 4232/4232/2591 4234/4234/2592
f  4227/4227/2589 4235/4235/2593 4228/4228/2585
f  4235/4235/2593 4236/4236/2590 4228/4228/2585
f  4234/4234/2592 4237/4237/2594 4227/4227/2589
f  4237/4237/2594 4235/4235/2593 4227/4227/2589
f  4232/4232/2591 4238/4238/2595 4234/4234/2592
f  4238/4238/2595 4237/4237/2594 4234/4234/2592
f  4239/4239/2596 4232/4232/2591 4233/4233/2567
f  4233/4233/2567 4240/4240/2597 4239/4239/2596
f  4233/4233/2567 4241/4241/2598 4240/4240/2597
f  4240/4240/2597 4242/4242/2599 4239/4239/2596
f  4242/4242/2599 4232/4232/2591 4239/4239/2596
f  4240/4240/2597 4243/4243/2600 4242/4242/2599
f  4244/4244/2601 4238/4238/2595 4232/4232/2591
f  4232/4232/2591 4242/4242/2599 4244/4244/2601
f  4244/4244/2601 4245/4245/2602 4238/4238/2595
f  4243/4243/2600 4246/4246/2603 4242/4242/2599
f  4245/4245/2602 4237/4237/2594 4238/4238/2595
f  4242/4242/2599 4247/4247/2604 4244/4244/2601
f  4247/4247/2604 4245/4245/2602 4244/4244/2601
f  4246/4246/2603 4248/4248/2605 4242/4242/2599
f  4248/4248/2605 4247/4247/2604 4242/4242/2599
f  4248/4248/2605 4249/4249/2606 4247/4247/2604
f  4249/4249/2606 4245/4245/2602 4247/4247/2604
f  4246/4246/2603 4250/4250/2607 4248/4248/2605
f  4246/4246/2603 4251/4251/2608 4250/4250/2607
f  4246/4246/2603 4252/4252/2609 4251/4251/2608
f  4252/4252/2609 4253/4253/2610 4251/4251/2608
f  4253/4253/2610 4250/4250/2607 4251/4251/2608
f  4252/4252/2609 4254/4254/2611 4253/4253/2610
f  4250/4250/2607 4255/4255/2612 4248/4248/2605
f  4255/4255/2612 4249/4249/2606 4248/4248/2605
f  4254/4254/2611 4256/4256/2613 4253/4253/2610
f  4253/4253/2610 4257/4257/2614 4250/4250/2607
f  4253/4253/2610 4256/4256/2613 4257/4257/2614
f  4257/4257/2614 4258/4258/2615 4250/4250/2607
f  4258/4258/2615 4255/4255/2612 4250/4250/2607
f  4257/4257/2614 4259/4259/2616 4258/4258/2615
f  4257/4257/2614 4256/4256/2613 4259/4259/2616
f  4258/4258/2615 4260/4260/2617 4255/4255/2612
f  4260/4260/2617 4249/4249/2606 4255/4255/2612
f  4261/4261/2618 4256/4256/2613 4254/4254/2611
f  4258/4258/2615 4262/4262/2619 4260/4260/2617
f  4258/4258/2615 4259/4259/2616 4262/4262/2619
f  4261/4261/2618 4263/4263/2620 4256/4256/2613
f  4263/4263/2620 4264/4264/2621 4256/4256/2613
f  4264/4264/2621 4259/4259/2616 4256/4256/2613
f  4261/4261/2618 4265/4265/2622 4263/4263/2620
f  4265/4265/2622 4264/4264/2621 4263/4263/2620
f  4261/4261/2618 4266/4266/2623 4265/4265/2622
f  4261/4261/2618 4267/4267/2624 4266/4266/2623
f  4265/4265/2622 4268/4268/2625 4264/4264/2621
f  4266/4266/2623 4269/4269/2626 4265/4265/2622
f  4269/4269/2626 4268/4268/2625 4265/4265/2622
f  4270/4270/2627 4271/4271/2628 4266/4266/2623
f  4271/4271/2628 4269/4269/2626 4266/4266/2623
f  4271/4271/2628 4272/4272/2629 4269/4269/2626
f  4271/4271/2628 4273/4273/2630 4272/4272/2629
f  4271/4271/2628 4274/4274/2631 4273/4273/2630
f  4274/4274/2631 4275/4275/2632 4273/4273/2630
f  4276/4276/2632 4277/4277/2633 4278/4278/2630
f  4272/4272/2629 4279/4279/2634 4269/4269/2626
f  4279/4279/2634 4280/4280/2635 4269/4269/2626
f  4280/4280/2635 4268/4268/2625 4269/4269/2626
f  4279/4279/2634 4281/4281/2636 4280/4280/2635
f  4282/4282/2634 4283/4283/2637 4284/4284/2636
f  4280/4280/2635 4285/4285/2638 4268/4268/2625
f  4280/4280/2635 4281/4281/2636 4285/4285/2638
f  4281/4281/2636 4286/4286/2639 4285/4285/2638
f  4281/4281/2636 4287/4287/2640 4286/4286/2639
f  4285/4285/2638 4288/4288/2641 4268/4268/2625
f  4285/4285/2638 4286/4286/2639 4288/4288/2641
f  4288/4288/2641 4289/4289/2642 4268/4268/2625
f  4289/4289/2642 4264/4264/2621 4268/4268/2625
f  4286/4286/2639 4290/4290/2643 4288/4288/2641
f  4286/4286/2639 4291/4291/2644 4290/4290/2643
f  4291/4291/2644 4292/4292/2645 4290/4290/2643
f  4290/4290/2643 4293/4293/2646 4288/4288/2641
f  4293/4293/2646 4289/4289/2642 4288/4288/2641
f  4292/4292/2645 4294/4294/2647 4290/4290/2643
f  4294/4294/2647 4293/4293/2646 4290/4290/2643
f  4292/4292/2645 4295/4295/2648 4294/4294/2647
f  4296/4296/2649 4264/4264/2621 4289/4289/2642
f  4289/4289/2642 4293/4293/2646 4296/4296/2649
f  4296/4296/2649 4259/4259/2616 4264/4264/2621
f  4294/4294/2647 4297/4297/2650 4293/4293/2646
f  4297/4297/2650 4296/4296/2649 4293/4293/2646
f  4296/4296/2649 4298/4298/2651 4259/4259/2616
f  4296/4296/2649 4297/4297/2650 4298/4298/2651
f  4298/4298/2651 4262/4262/2619 4259/4259/2616
f  4299/4299/2652 4294/4294/2647 4295/4295/2648
f  4295/4295/2648 4300/4300/2653 4299/4299/2652
f  4294/4294/2647 4301/4301/2654 4297/4297/2650
f  4294/4294/2647 4299/4299/2652 4301/4301/2654
f  4297/4297/2650 4302/4302/2655 4298/4298/2651
f  4297/4297/2650 4301/4301/2654 4302/4302/2655
f  4298/4298/2651 4303/4303/2656 4262/4262/2619
f  4298/4298/2651 4302/4302/2655 4303/4303/2656
f  4303/4303/2656 4260/4260/2617 4262/4262/2619
f  4304/4304/2657 4299/4299/2652 4300/4300/2653
f  4304/4304/2657 4301/4301/2654 4299/4299/2652
f  4300/4300/2653 4305/4305/2658 4304/4304/2657
f  4305/4305/2658 4306/4306/2659 4304/4304/2657
f  4305/4305/2658 4105/4105/2523 4306/4306/2659
f  4304/4304/2657 4307/4307/2660 4301/4301/2654
f  4304/4304/2657 4306/4306/2659 4307/4307/2660
f  4307/4307/2660 4308/4308/2661 4301/4301/2654
f  4308/4308/2661 4302/4302/2655 4301/4301/2654
f  4306/4306/2659 4309/4309/2662 4307/4307/2660
f  4309/4309/2662 4308/4308/2661 4307/4307/2660
f  4105/4105/2523 4310/4310/2663 4306/4306/2659
f  4310/4310/2663 4309/4309/2662 4306/4306/2659
f  4105/4105/2523 4103/4103/2522 4310/4310/2663
f  4309/4309/2662 4311/4311/2664 4308/4308/2661
f  4308/4308/2661 4312/4312/2665 4302/4302/2655
f  4308/4308/2661 4311/4311/2664 4312/4312/2665
f  4312/4312/2665 4303/4303/2656 4302/4302/2655
f  4103/4103/2522 4313/4313/2666 4310/4310/2663
f  4103/4103/2522 4106/4106/2524 4313/4313/2666
f  4310/4310/2663 4314/4314/2667 4309/4309/2662
f  4314/4314/2667 4311/4311/2664 4309/4309/2662
f  4313/4313/2666 4315/4315/2668 4310/4310/2663
f  4315/4315/2668 4314/4314/2667 4310/4310/2663
f  4106/4106/2524 4316/4316/2669 4313/4313/2666
f  4106/4106/2524 4317/4317/2526 4316/4316/2669
f  4316/4316/2669 4318/4318/2670 4313/4313/2666
f  4318/4318/2670 4315/4315/2668 4313/4313/2666
f  4317/4317/2526 4319/4319/2375 4316/4316/2669
f  4111/4111/2526 4112/4112/2527 4320/4320/2375
f  4112/4112/2527 4321/4321/2365 4320/4320/2375
f  4112/4112/2527 4113/4113/2528 4321/4321/2365
f  4322/4322/2528 3855/3855/2362 3859/3859/2365
f  4322/4322/2528 3857/3857/2363 3855/3855/2362
f  4322/4322/2528 4121/4121/2530 3857/3857/2363
f  4319/4319/2375 4323/4323/2671 4316/4316/2669
f  4323/4323/2671 4318/4318/2670 4316/4316/2669
f  4319/4319/2375 4324/4324/2376 4323/4323/2671
f  4324/4324/2376 4325/4325/2672 4323/4323/2671
f  4325/4325/2672 4318/4318/2670 4323/4323/2671
f  4326/4326/2376 4327/4327/2374 4328/4328/2672
f  4325/4325/2672 4235/4235/2593 4318/4318/2670
f  4235/4235/2593 4315/4315/2668 4318/4318/2670
f  4325/4325/2672 4236/4236/2590 4235/4235/2593
f  4235/4235/2593 4329/4329/2673 4315/4315/2668
f  4235/4235/2593 4237/4237/2594 4329/4329/2673
f  4329/4329/2673 4330/4330/2674 4315/4315/2668
f  4329/4329/2673 4237/4237/2594 4330/4330/2674
f  4330/4330/2674 4314/4314/2667 4315/4315/2668
f  4330/4330/2674 4311/4311/2664 4314/4314/2667
f  4237/4237/2594 4331/4331/2675 4330/4330/2674
f  4331/4331/2675 4311/4311/2664 4330/4330/2674
f  4237/4237/2594 4245/4245/2602 4331/4331/2675
f  4331/4331/2675 4332/4332/2676 4311/4311/2664
f  4332/4332/2676 4312/4312/2665 4311/4311/2664
f  4245/4245/2602 4333/4333/2677 4331/4331/2675
f  4333/4333/2677 4332/4332/2676 4331/4331/2675
f  4245/4245/2602 4249/4249/2606 4333/4333/2677
f  4332/4332/2676 4334/4334/2678 4312/4312/2665
f  4332/4332/2676 4333/4333/2677 4334/4334/2678
f  4333/4333/2677 4249/4249/2606 4334/4334/2678
f  4334/4334/2678 4303/4303/2656 4312/4312/2665
f  4249/4249/2606 4260/4260/2617 4334/4334/2678
f  4260/4260/2617 4303/4303/2656 4334/4334/2678
f  4335/4335/2679 4336/4336/2548 4337/4337/2546
f  4338/4338/2679 4339/4339/2680 4168/4168/2548
f  4339/4339/2680 4170/4170/2550 4168/4168/2548
f  4339/4339/2680 4340/4340/2681 4170/4170/2550
f  4339/4339/2680 4338/4338/2679 4340/4340/2681
f  4340/4340/2681 4176/4176/2553 4170/4170/2550
f  4340/4340/2681 4341/4341/2682 4176/4176/2553
f  4342/4342/2682 4181/4181/2556 4178/4178/2553
f  4342/4342/2682 4343/4343/2683 4181/4181/2556
f  4341/4341/2682 4340/4340/2681 4344/4344/2683
f  4343/4343/2683 4183/4183/2558 4181/4181/2556
f  4338/4338/2679 4345/4345/2684 4340/4340/2681
f  4345/4345/2684 4344/4344/2683 4340/4340/2681
f  4343/4343/2683 4346/4346/2685 4183/4183/2558
f  4343/4343/2683 4347/4347/2684 4346/4346/2685
f  4346/4346/2685 4188/4188/2562 4183/4183/2558
f  4348/4348/2679 4349/4349/1017 4350/4350/1016
f  4351/4351/2686 4346/4346/2685 4347/4347/2684
f  4241/4241/2598 4233/4233/2567 4352/4352/2562
f  4352/4352/2562 4353/4353/2687 4241/4241/2598
f  4353/4353/2687 4240/4240/2597 4241/4241/2598
f  4354/4354/2688 4188/4188/2562 4346/4346/2685
f  4354/4354/2688 4355/4355/2687 4188/4188/2562
f  4346/4346/2685 4351/4351/2686 4354/4354/2688
f  4353/4353/2687 4356/4356/2689 4240/4240/2597
f  4353/4353/2687 4357/4357/2688 4356/4356/2689
f  4358/4358/2686 1431/1431/1023 1430/1430/1022
f  4359/4359/2690 4360/4360/2689 4361/4361/2691
f  4362/4362/2692 4363/4363/2693 4359/4359/2690
f  4364/4364/2690 4365/4365/2694 4356/4356/2689
f  4364/4364/2690 4366/4366/2693 4365/4365/2694
f  4365/4365/2694 4240/4240/2597 4356/4356/2689
f  4365/4365/2694 4367/4367/2695 4240/4240/2597
f  4365/4365/2694 4366/4366/2693 4367/4367/2695
f  4367/4367/2695 4243/4243/2600 4240/4240/2597
f  4367/4367/2695 4246/4246/2603 4243/4243/2600
f  4367/4367/2695 4368/4368/2696 4246/4246/2603
f  4367/4367/2695 4366/4366/2693 4368/4368/2696
f  4368/4368/2696 4252/4252/2609 4246/4246/2603
f  4369/4369/2697 4363/4363/2693 4362/4362/2692
f  4366/4366/2693 4370/4370/2698 4368/4368/2696
f  4366/4366/2693 4371/4371/2697 4370/4370/2698
f  4368/4368/2696 4372/4372/2699 4252/4252/2609
f  4372/4372/2699 4254/4254/2611 4252/4252/2609
f  4370/4370/2698 4373/4373/2700 4368/4368/2696
f  4373/4373/2700 4372/4372/2699 4368/4368/2696
f  4372/4372/2699 4267/4267/2624 4254/4254/2611
f  4372/4372/2699 4373/4373/2700 4267/4267/2624
f  4267/4267/2624 4261/4261/2618 4254/4254/2611
f  4370/4370/2698 4374/4374/2701 4373/4373/2700
f  4374/4374/2701 4267/4267/2624 4373/4373/2700
f  4375/4375/2702 4370/4370/2698 4371/4371/2697
f  4375/4375/2702 4374/4374/2701 4370/4370/2698
f  4376/4376/2703 4375/4375/2702 4371/4371/2697
f  4375/4375/2702 4377/4377/2704 4374/4374/2701
f  4375/4375/2702 4376/4376/2703 4377/4377/2704
f  4378/4378/2705 4267/4267/2624 4374/4374/2701
f  4374/4374/2701 4377/4377/2704 4378/4378/2705
f  4266/4266/2623 4267/4267/2624 4270/4270/2627
f  4267/4267/2624 4378/4378/2705 4270/4270/2627
f  4376/4376/2703 4379/4379/2706 4377/4377/2704
f  4380/4380/2703 4381/4381/2707 4382/4382/2706
f  4379/4379/2706 4378/4378/2705 4377/4377/2704
f  4378/4378/2705 4274/4274/2631 4270/4270/2627
f  4274/4274/2631 4271/4271/2628 4270/4270/2627
f  4378/4378/2705 4383/4383/2708 4274/4274/2631
f  4378/4378/2705 4379/4379/2706 4383/4383/2708
f  4383/4383/2708 4275/4275/2632 4274/4274/2631
f  4383/4383/2708 4384/4384/2709 4275/4275/2632
f  4383/4383/2708 4379/4379/2706 4384/4384/2709
f  4385/4385/2709 4277/4277/2633 4276/4276/2632
f  4385/4385/2709 4386/4386/2710 4277/4277/2633
f  4386/4386/2710 4387/4387/2711 4277/4277/2633
f  4385/4385/2709 4388/4388/2712 4386/4386/2710
f  4379/4379/2706 4389/4389/2713 4384/4384/2709
f  4390/4390/2713 4388/4388/2712 4385/4385/2709
f  4382/4382/2706 4381/4381/2707 4391/4391/2713
f  4391/4391/2713 4392/4392/2714 4393/4393/2712
f  4391/4391/2713 4381/4381/2707 4392/4392/2714
f  4394/4394/2715 4171/4171/2551 4177/4177/2554
f  4395/4395/2554 4396/4396/2716 4397/4397/2715
f  4186/4186/2554 4185/4185/2560 4398/4398/2716
f  4394/4394/2715 4399/4399/2717 4171/4171/2551
f  4400/4400/2717 4401/4401/2544 4402/4402/2551
f  4394/4394/2715 4403/4403/2718 4399/4399/2717
f  4394/4394/2715 4404/4404/2716 4403/4403/2718
f  4405/4405/2717 4406/4406/2719 4407/4407/2544
f  4408/4408/2717 4409/4409/2718 4410/4410/2719
f  4411/4411/2719 4412/4412/2542 4413/4413/2544
f  4414/4414/2716 4415/4415/2720 4416/4416/2718
f  4417/4417/2720 4418/4418/2719 4419/4419/2718
f  4420/4420/2719 4421/4421/2721 4422/4422/2542
f  4423/4423/2719 4424/4424/2720 4425/4425/2721
f  4421/4421/2721 4426/4426/2338 4422/4422/2542
f  4427/4427/2722 4414/4414/2716 4428/4428/2560
f  4185/4185/2560 4190/4190/2564 4429/4429/2722
f  4198/4198/2564 4197/4197/2570 4427/4427/2722
f  4427/4427/2722 4430/4430/2723 4414/4414/2716
f  4430/4430/2723 4415/4415/2720 4414/4414/2716
f  4197/4197/2570 4431/4431/2724 4427/4427/2722
f  4431/4431/2724 4430/4430/2723 4427/4427/2722
f  4197/4197/2570 4211/4211/2578 4431/4431/2724
f  4431/4431/2724 4432/4432/2725 4430/4430/2723
f  4431/4431/2724 4211/4211/2578 4432/4432/2725
f  4430/4430/2723 4433/4433/2726 4415/4415/2720
f  4430/4430/2723 4432/4432/2725 4433/4433/2726
f  4434/4434/2726 4435/4435/2727 4424/4424/2720
f  4435/4435/2727 4425/4425/2721 4424/4424/2720
f  4211/4211/2578 4436/4436/2728 4432/4432/2725
f  4211/4211/2578 4437/4437/2581 4436/4436/2728
f  4432/4432/2725 4438/4438/2729 4433/4433/2726
f  4432/4432/2725 4436/4436/2728 4438/4438/2729
f  4437/4437/2581 4439/4439/2730 4436/4436/2728
f  4439/4439/2730 4438/4438/2729 4436/4436/2728
f  4215/4215/2581 4225/4225/2588 4440/4440/2730
f  4441/4441/2729 4442/4442/2731 4434/4434/2726
f  4442/4442/2731 4435/4435/2727 4434/4434/2726
f  4443/4443/2730 4444/4444/2732 4441/4441/2729
f  4443/4443/2730 4445/4445/2588 4444/4444/2732
f  4444/4444/2732 4442/4442/2731 4441/4441/2729
f  4445/4445/2588 4446/4446/2733 4444/4444/2732
f  4446/4446/2733 4442/4442/2731 4444/4444/2732
f  4442/4442/2731 4447/4447/2734 4435/4435/2727
f  4442/4442/2731 4446/4446/2733 4447/4447/2734
f  4448/4448/2735 4425/4425/2721 4435/4435/2727
f  4449/4449/2727 4450/4450/2734 4451/4451/2735
f  4452/4452/2735 4426/4426/2338 4421/4421/2721
f  4451/4451/2735 4453/4453/2369 4454/4454/2338
f  4451/4451/2735 4450/4450/2734 4453/4453/2369
f  4455/4455/2369 4456/4456/2367 4457/4457/2338
f  4450/4450/2734 4458/4458/2370 4453/4453/2369
f  4458/4458/2370 4459/4459/2368 4453/4453/2369
f  4450/4450/2734 4460/4460/2736 4458/4458/2370
f  4450/4450/2734 4461/4461/2733 4460/4460/2736
f  4460/4460/2736 4462/4462/2372 4458/4458/2370
f  4460/4460/2736 4327/4327/2374 4462/4462/2372
f  4460/4460/2736 4463/4463/2737 4327/4327/2374
f  4460/4460/2736 4461/4461/2733 4463/4463/2737
f  4463/4463/2737 4328/4328/2672 4327/4327/2374
f  4463/4463/2737 4464/4464/2590 4328/4328/2672
f  4446/4446/2733 4465/4465/2738 4466/4466/2737
f  4465/4465/2738 4230/4230/2590 4466/4466/2737
f  4446/4446/2733 4445/4445/2588 4465/4465/2738
f  4467/4467/2738 4468/4468/2586 4469/4469/2590
f  4470/4470/2738 4471/4471/2588 4472/4472/2586
f  4473/4473/2357 4126/4126/2532 4127/4127/2354
f  4474/4474/2357 3857/3857/2363 4120/4120/2532
f  4474/4474/2357 3856/3856/2358 3857/3857/2363
f  4083/4083/2509 4475/4475/2739 4080/4080/2506
f  4475/4475/2739 4075/4075/2501 4080/4080/2506
f  4475/4475/2739 4076/4076/2502 4075/4075/2501
f  4088/4088/2509 4476/4476/2740 4477/4477/2739
f  4088/4088/2509 4091/4091/2514 4476/4476/2740
f  4475/4475/2739 4478/4478/2741 4076/4076/2502
f  4478/4478/2741 4077/4077/2503 4076/4076/2502
f  4476/4476/2740 4479/4479/2742 4477/4477/2739
f  4479/4479/2742 4480/4480/2741 4477/4477/2739
f  4091/4091/2514 4481/4481/2743 4476/4476/2740
f  4091/4091/2514 4092/4092/2515 4481/4481/2743
f  4476/4476/2740 4482/4482/2744 4479/4479/2742
f  4476/4476/2740 4481/4481/2743 4482/4482/2744
f  4479/4479/2742 4483/4483/2745 4480/4480/2741
f  4479/4479/2742 4482/4482/2744 4483/4483/2745
f  4484/4484/2746 4077/4077/2503 4478/4478/2741
f  4480/4480/2741 4483/4483/2745 4485/4485/2746
f  4484/4484/2746 4486/4486/2747 4077/4077/2503
f  4484/4484/2746 4487/4487/2748 4486/4486/2747
f  4483/4483/2745 4488/4488/2749 4485/4485/2746
f  4488/4488/2749 4489/4489/2748 4485/4485/2746
f  4483/4483/2745 4490/4490/2750 4488/4488/2749
f  4488/4488/2749 4491/4491/2751 4489/4489/2748
f  4492/4492/2751 4493/4493/2752 4494/4494/2748
f  4488/4488/2749 4490/4490/2750 4491/4491/2751
f  4483/4483/2745 4495/4495/2753 4490/4490/2750
f  4483/4483/2745 4482/4482/2744 4495/4495/2753
f  4490/4490/2750 4496/4496/2754 4491/4491/2751
f  4497/4497/2754 4498/4498/2755 4492/4492/2751
f  4497/4497/2754 4499/4499/2756 4498/4498/2755
f  4495/4495/2753 4500/4500/2757 4490/4490/2750
f  4495/4495/2753 4482/4482/2744 4500/4500/2757
f  4501/4501/2750 4502/4502/2758 4497/4497/2754
f  4490/4490/2750 4500/4500/2757 4503/4503/2758
f  4497/4497/2754 4504/4504/2759 4499/4499/2756
f  4497/4497/2754 4502/4502/2758 4504/4504/2759
f  4504/4504/2759 4505/4505/2760 4499/4499/2756
f  4505/4505/2760 4506/4506/2761 4499/4499/2756
f  4505/4505/2760 4507/4507/2762 4506/4506/2761
f  4504/4504/2759 4508/4508/2763 4505/4505/2760
f  4502/4502/2758 4509/4509/2764 4504/4504/2759
f  4509/4509/2764 4508/4508/2763 4504/4504/2759
f  4508/4508/2763 4510/4510/2765 4505/4505/2760
f  4510/4510/2765 4507/4507/2762 4505/4505/2760
f  4508/4508/2763 4509/4509/2764 4510/4510/2765
f  4502/4502/2758 4511/4511/2766 4509/4509/2764
f  4503/4503/2758 4500/4500/2757 4512/4512/2766
f  4509/4509/2764 4513/4513/2767 4510/4510/2765
f  4511/4511/2766 4514/4514/2768 4509/4509/2764
f  4514/4514/2768 4513/4513/2767 4509/4509/2764
f  4510/4510/2765 4515/4515/2769 4507/4507/2762
f  4510/4510/2765 4513/4513/2767 4515/4515/2769
f  4515/4515/2769 4516/4516/2770 4507/4507/2762
f  4516/4516/2770 4517/4517/2771 4507/4507/2762
f  4513/4513/2767 4518/4518/2772 4515/4515/2769
f  4513/4513/2767 4514/4514/2768 4518/4518/2772
f  4516/4516/2770 4519/4519/2773 4517/4517/2771
f  4518/4518/2772 4520/4520/2774 4515/4515/2769
f  4520/4520/2774 4516/4516/2770 4515/4515/2769
f  4520/4520/2774 4521/4521/2775 4516/4516/2770
f  4521/4521/2775 4519/4519/2773 4516/4516/2770
f  4521/4521/2775 4522/4522/2776 4519/4519/2773
f  4522/4522/2776 4523/4523/2777 4519/4519/2773
f  4524/4524/2777 4525/4525/2778 4526/4526/2773
f  4518/4518/2772 4527/4527/2779 4520/4520/2774
f  4518/4518/2772 4528/4528/2780 4527/4527/2779
f  4518/4518/2772 4514/4514/2768 4528/4528/2780
f  4527/4527/2779 4529/4529/2781 4520/4520/2774
f  4527/4527/2779 4528/4528/2780 4529/4529/2781
f  4529/4529/2781 4530/4530/2782 4520/4520/2774
f  4514/4514/2768 4531/4531/2783 4528/4528/2780
f  4529/4529/2781 4532/4532/2784 4530/4530/2782
f  4529/4529/2781 4528/4528/2780 4532/4532/2784
f  4533/4533/2784 4534/4534/2785 4535/4535/2782
f  4533/4533/2784 4536/4536/2786 4534/4534/2785
f  4537/4537/2768 4512/4512/2766 4538/4538/2783
f  4533/4533/2784 4539/4539/2787 4536/4536/2786
f  4539/4539/2787 4540/4540/2788 4536/4536/2786
f  4541/4541/2780 4542/4542/2789 4533/4533/2784
f  4541/4541/2780 4538/4538/2783 4542/4542/2789
f  4533/4533/2784 4543/4543/2790 4539/4539/2787
f  4533/4533/2784 4542/4542/2789 4543/4543/2790
f  4543/4543/2790 4544/4544/2791 4539/4539/2787
f  4544/4544/2791 4545/4545/2792 4539/4539/2787
f  4542/4542/2789 4546/4546/2793 4543/4543/2790
f  4542/4542/2789 4538/4538/2783 4546/4546/2793
f  4543/4543/2790 4547/4547/2794 4544/4544/2791
f  4543/4543/2790 4546/4546/2793 4547/4547/2794
f  4547/4547/2794 4096/4096/2519 4544/4544/2791
f  4547/4547/2794 4548/4548/2795 4096/4096/2519
f  4547/4547/2794 4546/4546/2793 4548/4548/2795
f  4548/4548/2795 4094/4094/2517 4096/4096/2519
f  4548/4548/2795 4092/4092/2515 4094/4094/2517
f  4546/4546/2793 4549/4549/2796 4548/4548/2795
f  4546/4546/2793 4538/4538/2783 4549/4549/2796
f  4548/4548/2795 4550/4550/2797 4092/4092/2515
f  4548/4548/2795 4549/4549/2796 4550/4550/2797
f  4550/4550/2797 4481/4481/2743 4092/4092/2515
f  4550/4550/2797 4482/4482/2744 4481/4481/2743
f  4550/4550/2797 4551/4551/2798 4482/4482/2744
f  4550/4550/2797 4549/4549/2796 4551/4551/2798
f  4551/4551/2798 4500/4500/2757 4482/4482/2744
f  4552/4552/2799 4549/4549/2796 4538/4538/2783
f  4552/4552/2799 4551/4551/2798 4549/4549/2796
f  4552/4552/2799 4500/4500/2757 4551/4551/2798
f  4538/4538/2783 4512/4512/2766 4552/4552/2799
f  4512/4512/2766 4500/4500/2757 4552/4552/2799
f  4068/4068/2495 4553/4553/2800 4064/4064/2491
f  4553/4553/2800 4063/4063/2490 4064/4064/2491
f  4553/4553/2800 4554/4554/2801 4063/4063/2490
f  4554/4554/2801 4052/4052/2486 4063/4063/2490
f  4554/4554/2801 4555/4555/2802 4052/4052/2486
f  4555/4555/2802 4047/4047/2482 4052/4052/2486
f  4555/4555/2802 4045/4045/2481 4047/4047/2482
f  4553/4553/2800 4556/4556/2803 4554/4554/2801
f  4553/4553/2800 4557/4557/2804 4556/4556/2803
f  4553/4553/2800 4068/4068/2495 4557/4557/2804
f  4557/4557/2804 4558/4558/2805 4556/4556/2803
f  4557/4557/2804 4559/4559/2806 4558/4558/2805
f  4068/4068/2495 4560/4560/2807 4557/4557/2804
f  4068/4068/2495 4074/4074/2500 4560/4560/2807
f  4074/4074/2500 4078/4078/2504 4560/4560/2807
f  4560/4560/2807 4561/4561/2808 4557/4557/2804
f  4561/4561/2808 4559/4559/2806 4557/4557/2804
f  4078/4078/2504 4562/4562/2809 4560/4560/2807
f  4562/4562/2809 4561/4561/2808 4560/4560/2807
f  4561/4561/2808 4563/4563/2810 4559/4559/2806
f  4561/4561/2808 4562/4562/2809 4563/4563/2810
f  4563/4563/2810 4564/4564/2811 4559/4559/2806
f  4563/4563/2810 4565/4565/2812 4564/4564/2811
f  4078/4078/2504 4566/4566/2813 4562/4562/2809
f  4078/4078/2504 4077/4077/2503 4566/4566/2813
f  4562/4562/2809 4567/4567/2814 4563/4563/2810
f  4562/4562/2809 4566/4566/2813 4567/4567/2814
f  4077/4077/2503 4486/4486/2747 4566/4566/2813
f  4486/4486/2747 4568/4568/2815 4566/4566/2813
f  4486/4486/2747 4487/4487/2748 4568/4568/2815
f  4494/4494/2748 4493/4493/2752 4569/4569/2815
f  4570/4570/2815 4571/4571/2816 4572/4572/2813
f  4573/4573/2816 4567/4567/2814 4566/4566/2813
f  4493/4493/2752 4574/4574/2817 4569/4569/2815
f  4570/4570/2815 4575/4575/2818 4571/4571/2816
f  4569/4569/2815 4574/4574/2817 4576/4576/2818
f  4493/4493/2752 4498/4498/2755 4574/4574/2817
f  4493/4493/2752 4492/4492/2751 4498/4498/2755
f  4498/4498/2755 4577/4577/2819 4574/4574/2817
f  4498/4498/2755 4499/4499/2756 4577/4577/2819
f  4574/4574/2817 4578/4578/2820 4576/4576/2818
f  4574/4574/2817 4577/4577/2819 4578/4578/2820
f  4499/4499/2756 4506/4506/2761 4577/4577/2819
f  4506/4506/2761 4579/4579/2821 4577/4577/2819
f  4506/4506/2761 4507/4507/2762 4579/4579/2821
f  4507/4507/2762 4517/4517/2771 4579/4579/2821
f  4579/4579/2821 4580/4580/2822 4577/4577/2819
f  4579/4579/2821 4517/4517/2771 4580/4580/2822
f  4580/4580/2822 4578/4578/2820 4577/4577/2819
f  4517/4517/2771 4581/4581/2823 4580/4580/2822
f  4582/4582/2822 4583/4583/2824 4584/4584/2820
f  4582/4582/2822 4585/4585/2823 4583/4583/2824
f  4586/4586/2771 4587/4587/2825 4588/4588/2823
f  4517/4517/2771 4519/4519/2773 4589/4589/2825
f  4526/4526/2773 4525/4525/2778 4587/4587/2825
f  4587/4587/2825 4590/4590/2826 4588/4588/2823
f  4525/4525/2778 4591/4591/2827 4587/4587/2825
f  4591/4591/2827 4590/4590/2826 4587/4587/2825
f  4525/4525/2778 4592/4592/2828 4591/4591/2827
f  4525/4525/2778 4524/4524/2777 4592/4592/2828
f  4524/4524/2777 4593/4593/2829 4592/4592/2828
f  4592/4592/2828 4594/4594/2830 4591/4591/2827
f  4593/4593/2829 4595/4595/2831 4592/4592/2828
f  4595/4595/2831 4594/4594/2830 4592/4592/2828
f  4593/4593/2829 4596/4596/2832 4595/4595/2831
f  4596/4596/2832 4597/4597/2833 4595/4595/2831
f  4597/4597/2833 4594/4594/2830 4595/4595/2831
f  4596/4596/2832 4598/4598/2834 4597/4597/2833
f  4598/4598/2834 4599/4599/2835 4597/4597/2833
f  4599/4599/2835 4594/4594/2830 4597/4597/2833
f  4598/4598/2834 4600/4600/2836 4599/4599/2835
f  4600/4600/2836 4601/4601/2837 4599/4599/2835
f  4601/4601/2837 4594/4594/2830 4599/4599/2835
f  4600/4600/2836 4602/4602/2838 4601/4601/2837
f  4603/4603/2839 4591/4591/2827 4594/4594/2830
f  4594/4594/2830 4601/4601/2837 4603/4603/2839
f  4603/4603/2839 4590/4590/2826 4591/4591/2827
f  4601/4601/2837 4604/4604/2840 4603/4603/2839
f  4604/4604/2840 4590/4590/2826 4603/4603/2839
f  4602/4602/2838 4605/4605/2841 4601/4601/2837
f  4605/4605/2841 4604/4604/2840 4601/4601/2837
f  4602/4602/2838 4606/4606/2842 4605/4605/2841
f  4606/4606/2842 4607/4607/2843 4605/4605/2841
f  4607/4607/2843 4604/4604/2840 4605/4605/2841
f  4606/4606/2842 4608/4608/2844 4607/4607/2843
f  4608/4608/2844 4609/4609/2845 4607/4607/2843
f  4609/4609/2845 4604/4604/2840 4607/4607/2843
f  4608/4608/2844 4610/4610/2846 4609/4609/2845
f  4611/4611/2847 4590/4590/2826 4604/4604/2840
f  4604/4604/2840 4609/4609/2845 4611/4611/2847
f  4610/4610/2846 4612/4612/2848 4609/4609/2845
f  4612/4612/2848 4611/4611/2847 4609/4609/2845
f  4610/4610/2846 4613/4613/2849 4612/4612/2848
f  4613/4613/2849 4614/4614/2850 4612/4612/2848
f  4612/4612/2848 4615/4615/2851 4611/4611/2847
f  4612/4612/2848 4614/4614/2850 4615/4615/2851
f  4611/4611/2847 4616/4616/2852 4590/4590/2826
f  4611/4611/2847 4615/4615/2851 4616/4616/2852
f  4616/4616/2852 4588/4588/2823 4590/4590/2826
f  4617/4617/2852 4583/4583/2824 4585/4585/2823
f  4618/4618/2851 4619/4619/2853 4617/4617/2852
f  4619/4619/2853 4583/4583/2824 4617/4617/2852
f  4620/4620/2850 4621/4621/2854 4618/4618/2851
f  4621/4621/2854 4619/4619/2853 4618/4618/2851
f  4620/4620/2850 4622/4622/2855 4621/4621/2854
f  4622/4622/2855 4623/4623/2856 4621/4621/2854
f  4623/4623/2856 4624/4624/2857 4621/4621/2854
f  4624/4624/2857 4619/4619/2853 4621/4621/2854
f  4623/4623/2856 4625/4625/2858 4624/4624/2857
f  4619/4619/2853 4626/4626/2859 4583/4583/2824
f  4624/4624/2857 4627/4627/2860 4619/4619/2853
f  4627/4627/2860 4626/4626/2859 4619/4619/2853
f  4626/4626/2859 4628/4628/2861 4583/4583/2824
f  4628/4628/2861 4584/4584/2820 4583/4583/2824
f  4627/4627/2860 4629/4629/2862 4626/4626/2859
f  4629/4629/2862 4628/4628/2861 4626/4626/2859
f  4624/4624/2857 4630/4630/2863 4627/4627/2860
f  4630/4630/2863 4629/4629/2862 4627/4627/2860
f  4629/4629/2862 4631/4631/2864 4628/4628/2861
f  4629/4629/2862 4630/4630/2863 4631/4631/2864
f  4632/4632/2861 4633/4633/2865 4634/4634/2820
f  4632/4632/2861 4635/4635/2864 4633/4633/2865
f  4633/4633/2865 4575/4575/2818 4634/4634/2820
f  4633/4633/2865 4636/4636/2866 4575/4575/2818
f  4633/4633/2865 4635/4635/2864 4636/4636/2866
f  4636/4636/2866 4571/4571/2816 4575/4575/2818
f  4636/4636/2866 4637/4637/2814 4571/4571/2816
f  4635/4635/2864 4638/4638/2867 4636/4636/2866
f  4638/4638/2867 4637/4637/2814 4636/4636/2866
f  4639/4639/2868 4635/4635/2864 4640/4640/2863
f  4639/4639/2868 4638/4638/2867 4635/4635/2864
f  4641/4641/2869 4630/4630/2863 4624/4624/2857
f  4642/4642/2869 4639/4639/2868 4640/4640/2863
f  4624/4624/2857 4625/4625/2858 4641/4641/2869
f  4642/4642/2869 4643/4643/2870 4639/4639/2868
f  4642/4642/2869 4644/4644/2858 4643/4643/2870
f  4643/4643/2870 4638/4638/2867 4639/4639/2868
f  4644/4644/2858 4645/4645/2871 4643/4643/2870
f  4645/4645/2871 4646/4646/2812 4643/4643/2870
f  4643/4643/2870 4647/4647/2872 4638/4638/2867
f  4643/4643/2870 4646/4646/2812 4647/4647/2872
f  4647/4647/2872 4637/4637/2814 4638/4638/2867
f  4646/4646/2812 4648/4648/2810 4647/4647/2872
f  4648/4648/2810 4637/4637/2814 4647/4647/2872
f  4649/4649/2477 4650/4650/2469 4651/4651/2470
f  4021/4021/2467 1689/1689/1208 1688/1688/1207
f  4652/4652/2873 4393/4393/2712 4392/4392/2714
f  4653/4653/2874 4654/4654/2875 4652/4652/2873
f  4654/4654/2875 4393/4393/2712 4652/4652/2873
f  4655/4655/2875 4656/4656/2876 4388/4388/2712
f  4656/4656/2876 4386/4386/2710 4388/4388/2712
f  4656/4656/2876 4387/4387/2711 4386/4386/2710
f  4656/4656/2876 4657/4657/2877 4387/4387/2711
f  4658/4658/2878 4654/4654/2875 4653/4653/2874
f  4653/4653/2874 4659/4659/2879 4658/4658/2878
f  4660/4660/2880 4656/4656/2876 4655/4655/2875
f  4655/4655/2875 4661/4661/2878 4660/4660/2880
f  4662/4662/2881 4657/4657/2877 4656/4656/2876
f  4656/4656/2876 4660/4660/2880 4662/4662/2881
f  4662/4662/2881 4663/4663/2882 4657/4657/2877
f  4660/4660/2880 4664/4664/2883 4662/4662/2881
f  4662/4662/2881 4665/4665/2884 4663/4663/2882
f  4662/4662/2881 4664/4664/2883 4665/4665/2884
f  4665/4665/2884 4666/4666/2885 4663/4663/2882
f  4660/4660/2880 4667/4667/2886 4664/4664/2883
f  4660/4660/2880 4661/4661/2878 4667/4667/2886
f  4667/4667/2886 4665/4665/2884 4664/4664/2883
f  4661/4661/2878 4668/4668/2887 4667/4667/2886
f  4658/4658/2878 4659/4659/2879 4669/4669/2887
f  4665/4665/2884 4670/4670/2888 4666/4666/2885
f  4670/4670/2888 4671/4671/2889 4666/4666/2885
f  4670/4670/2888 4672/4672/2890 4671/4671/2889
f  4665/4665/2884 4673/4673/2891 4670/4670/2888
f  4673/4673/2891 4672/4672/2890 4670/4670/2888
f  4667/4667/2886 4674/4674/2892 4665/4665/2884
f  4674/4674/2892 4673/4673/2891 4665/4665/2884
f  4675/4675/2893 4667/4667/2886 4668/4668/2887
f  4675/4675/2893 4674/4674/2892 4667/4667/2886
f  4676/4676/2894 4669/4669/2887 4659/4659/2879
f  4676/4676/2894 4677/4677/2893 4669/4669/2887
f  4675/4675/2893 4678/4678/2895 4674/4674/2892
f  4678/4678/2895 4673/4673/2891 4674/4674/2892
f  4676/4676/2894 4679/4679/2896 4677/4677/2893
f  4679/4679/2896 4680/4680/2895 4677/4677/2893
f  4681/4681/2897 4672/4672/2890 4673/4673/2891
f  4673/4673/2891 4678/4678/2895 4681/4681/2897
f  4682/4682/2897 4683/4683/2898 4684/4684/2890
f  4685/4685/2899 4680/4680/2895 4679/4679/2896
f  4686/4686/1236 4687/4687/1238 4688/4688/2900
f  4689/4689/2901 1731/1731/1241 1730/1730/1240
f  4690/4690/1238 4691/4691/2902 4692/4692/2900
f  4693/4693/2902 4694/4694/2901 4695/4695/2900
f  4690/4690/1238 4696/4696/2903 4691/4691/2902
f  4697/4697/1238 4698/4698/2904 4699/4699/2903
f  4698/4698/2904 4700/4700/2905 4699/4699/2903
f  4698/4698/2904 4701/4701/2906 4700/4700/2905
f  4701/4701/2906 4702/4702/2907 4700/4700/2905
f  4700/4700/2905 4703/4703/2908 4699/4699/2903
f  4703/4703/2908 4704/4704/2902 4699/4699/2903
f  4702/4702/2907 4705/4705/2909 4700/4700/2905
f  4705/4705/2909 4703/4703/2908 4700/4700/2905
f  4702/4702/2907 4706/4706/2910 4705/4705/2909
f  4703/4703/2908 4707/4707/2911 4704/4704/2902
f  4708/4708/2911 4689/4689/2901 4709/4709/2902
f  4708/4708/2911 4710/4710/2912 4689/4689/2901
f  4703/4703/2908 4711/4711/2913 4707/4707/2911
f  4712/4712/2913 4710/4710/2912 4708/4708/2911
f  4705/4705/2909 4713/4713/2914 4703/4703/2908
f  4713/4713/2914 4711/4711/2913 4703/4703/2908
f  4714/4714/2915 4705/4705/2909 4706/4706/2910
f  4714/4714/2915 4713/4713/2914 4705/4705/2909
f  4706/4706/2910 4715/4715/2916 4714/4714/2915
f  4710/4710/2912 4712/4712/2913 4716/4716/2917
f  4716/4716/2917 1767/1767/1259 1766/1766/1258
f  4713/4713/2914 4717/4717/2918 4711/4711/2913
f  4717/4717/2918 4718/4718/2917 4711/4711/2913
f  4714/4714/2915 4719/4719/2919 4713/4713/2914
f  4719/4719/2919 4717/4717/2918 4713/4713/2914
f  4720/4720/2920 4714/4714/2915 4715/4715/2916
f  4720/4720/2920 4719/4719/2919 4714/4714/2915
f  4715/4715/2916 4683/4683/2898 4720/4720/2920
f  4683/4683/2898 4682/4682/2897 4720/4720/2920
f  4720/4720/2920 4721/4721/2921 4719/4719/2919
f  4720/4720/2920 4682/4682/2897 4721/4721/2921
f  4721/4721/2921 4717/4717/2918 4719/4719/2919
f  4682/4682/2897 4722/4722/2895 4721/4721/2921
f  4721/4721/2921 4723/4723/2922 4717/4717/2918
f  4721/4721/2921 4722/4722/2895 4723/4723/2922
f  4724/4724/2922 4725/4725/2917 4726/4726/2918
f  4680/4680/2895 4685/4685/2899 4727/4727/2922
f  4701/4701/2906 4728/4728/2923 4702/4702/2907
f  4728/4728/2923 4729/4729/2924 4702/4702/2907
f  4728/4728/2923 4730/4730/2925 4729/4729/2924
f  4729/4729/2924 4731/4731/2926 4702/4702/2907
f  4731/4731/2926 4706/4706/2910 4702/4702/2907
f  4731/4731/2926 4715/4715/2916 4706/4706/2910
f  4731/4731/2926 4732/4732/2927 4715/4715/2916
f  4732/4732/2927 4683/4683/2898 4715/4715/2916
f  4729/4729/2924 4733/4733/2928 4731/4731/2926
f  4733/4733/2928 4732/4732/2927 4731/4731/2926
f  4734/4734/2929 4729/4729/2924 4730/4730/2925
f  4734/4734/2929 4733/4733/2928 4729/4729/2924
f  4730/4730/2925 4735/4735/2930 4734/4734/2929
f  4730/4730/2925 4736/4736/2931 4735/4735/2930
f  4732/4732/2927 4737/4737/2932 4683/4683/2898
f  4737/4737/2932 4684/4684/2890 4683/4683/2898
f  4738/4738/2932 4671/4671/2889 4672/4672/2890
f  4732/4732/2927 4739/4739/2933 4737/4737/2932
f  4732/4732/2927 4733/4733/2928 4739/4739/2933
f  4738/4738/2932 4740/4740/2934 4671/4671/2889
f  4737/4737/2932 4739/4739/2933 4741/4741/2934
f  4740/4740/2934 4742/4742/2935 4671/4671/2889
f  4742/4742/2935 4666/4666/2885 4671/4671/2889
f  4739/4739/2933 4743/4743/2936 4741/4741/2934
f  4740/4740/2934 4744/4744/2937 4742/4742/2935
f  4740/4740/2934 4745/4745/2936 4744/4744/2937
f  4746/4746/2938 4739/4739/2933 4733/4733/2928
f  4746/4746/2938 4743/4743/2936 4739/4739/2933
f  4745/4745/2936 4747/4747/2939 4744/4744/2937
f  4743/4743/2936 4746/4746/2938 4748/4748/2939
f  4744/4744/2937 4749/4749/2940 4742/4742/2935
f  4750/4750/2941 4666/4666/2885 4742/4742/2935
f  4742/4742/2935 4749/4749/2940 4750/4750/2941
f  4750/4750/2941 4751/4751/2942 4666/4666/2885
f  4751/4751/2942 4663/4663/2882 4666/4666/2885
f  4751/4751/2942 4657/4657/2877 4663/4663/2882
f  4750/4750/2941 4752/4752/2943 4751/4751/2942
f  4750/4750/2941 4749/4749/2940 4752/4752/2943
f  4752/4752/2943 4753/4753/2944 4751/4751/2942
f  4751/4751/2942 4754/4754/2945 4657/4657/2877
f  4751/4751/2942 4753/4753/2944 4754/4754/2945
f  4752/4752/2943 4755/4755/2946 4753/4753/2944
f  4755/4755/2946 4754/4754/2945 4753/4753/2944
f  4749/4749/2940 4756/4756/2947 4752/4752/2943
f  4756/4756/2947 4755/4755/2946 4752/4752/2943
f  4755/4755/2946 4757/4757/2948 4754/4754/2945
f  4755/4755/2946 4756/4756/2947 4757/4757/2948
f  4758/4758/2949 4657/4657/2877 4754/4754/2945
f  4758/4758/2949 4387/4387/2711 4657/4657/2877
f  4757/4757/2948 4759/4759/2950 4754/4754/2945
f  4759/4759/2950 4758/4758/2949 4754/4754/2945
f  4758/4758/2949 4278/4278/2630 4387/4387/2711
f  4278/4278/2630 4277/4277/2633 4387/4387/2711
f  4758/4758/2949 4760/4760/2629 4278/4278/2630
f  4758/4758/2949 4759/4759/2950 4760/4760/2629
f  4759/4759/2950 4282/4282/2634 4760/4760/2629
f  4759/4759/2950 4283/4283/2637 4282/4282/2634
f  4757/4757/2948 4761/4761/2951 4759/4759/2950
f  4761/4761/2951 4283/4283/2637 4759/4759/2950
f  4757/4757/2948 4756/4756/2947 4761/4761/2951
f  4756/4756/2947 4762/4762/2952 4761/4761/2951
f  4756/4756/2947 4749/4749/2940 4762/4762/2952
f  4749/4749/2940 4744/4744/2937 4762/4762/2952
f  4762/4762/2952 4763/4763/2953 4761/4761/2951
f  4763/4763/2953 4283/4283/2637 4761/4761/2951
f  4744/4744/2937 4764/4764/2954 4762/4762/2952
f  4764/4764/2954 4763/4763/2953 4762/4762/2952
f  4744/4744/2937 4747/4747/2939 4765/4765/2954
f  4763/4763/2953 4766/4766/2640 4283/4283/2637
f  4766/4766/2640 4284/4284/2636 4283/4283/2637
f  4764/4764/2954 4767/4767/2955 4763/4763/2953
f  4767/4767/2955 4766/4766/2640 4763/4763/2953
f  4767/4767/2955 4768/4768/2644 4766/4766/2640
f  4291/4291/2644 4286/4286/2639 4287/4287/2640
f  4767/4767/2955 4769/4769/2645 4768/4768/2644
f  4765/4765/2954 4770/4770/2956 4767/4767/2955
f  4770/4770/2956 4769/4769/2645 4767/4767/2955
f  4765/4765/2954 4747/4747/2939 4770/4770/2956
f  4770/4770/2956 4771/4771/2648 4769/4769/2645
f  4770/4770/2956 4772/4772/2957 4771/4771/2648
f  4770/4770/2956 4747/4747/2939 4772/4772/2957
f  4773/4773/2957 4774/4774/2653 4775/4775/2648
f  4748/4748/2939 4776/4776/2958 4773/4773/2957
f  4748/4748/2939 4746/4746/2938 4776/4776/2958
f  4773/4773/2957 4777/4777/2959 4774/4774/2653
f  4776/4776/2958 4778/4778/2960 4773/4773/2957
f  4776/4776/2958 4746/4746/2938 4778/4778/2960
f  4778/4778/2960 4777/4777/2959 4773/4773/2957
f  4777/4777/2959 4779/4779/2961 4774/4774/2653
f  4777/4777/2959 4778/4778/2960 4779/4779/2961
f  4780/4780/2961 4305/4305/2658 4300/4300/2653
f  4780/4780/2961 4104/4104/2520 4305/4305/2658
f  4104/4104/2520 4105/4105/2523 4305/4305/2658
f  4779/4779/2961 4099/4099/2518 4098/4098/2520
f  4779/4779/2961 4778/4778/2960 4099/4099/2518
f  4781/4781/2962 4778/4778/2960 4746/4746/2938
f  4781/4781/2962 4099/4099/2518 4778/4778/2960
f  4746/4746/2938 4733/4733/2928 4781/4781/2962
f  4781/4781/2962 4782/4782/2963 4099/4099/2518
f  4782/4782/2963 4783/4783/2519 4099/4099/2518
f  4733/4733/2928 4784/4784/2964 4781/4781/2962
f  4784/4784/2964 4782/4782/2963 4781/4781/2962
f  4733/4733/2928 4734/4734/2929 4784/4784/2964
f  4734/4734/2929 4735/4735/2930 4784/4784/2964
f  4784/4784/2964 4785/4785/2965 4782/4782/2963
f  4785/4785/2965 4783/4783/2519 4782/4782/2963
f  4784/4784/2964 4735/4735/2930 4785/4785/2965
f  4785/4785/2965 4786/4786/2966 4783/4783/2519
f  4787/4787/2966 4544/4544/2791 4096/4096/2519
f  4786/4786/2966 4788/4788/2967 4789/4789/2791
f  4735/4735/2930 4790/4790/2968 4785/4785/2965
f  4790/4790/2968 4786/4786/2966 4785/4785/2965
f  4735/4735/2930 4736/4736/2931 4790/4790/2968
f  4736/4736/2931 4791/4791/2969 4790/4790/2968
f  4790/4790/2968 4792/4792/2970 4786/4786/2966
f  4792/4792/2970 4788/4788/2967 4786/4786/2966
f  4790/4790/2968 4791/4791/2969 4792/4792/2970
f  4792/4792/2970 4793/4793/2971 4788/4788/2967
f  4791/4791/2969 4794/4794/2972 4792/4792/2970
f  4794/4794/2972 4793/4793/2971 4792/4792/2970
f  4545/4545/2792 4540/4540/2788 4539/4539/2787
f  3001/3001/1809 4795/4795/2973 3003/3003/1811
f  3001/3001/1809 4796/4796/2974 4795/4795/2973
f  3001/3001/1809 2994/2994/1804 4796/4796/2974
f  2996/2996/1804 2995/2995/1805 4797/4797/2974
f  4798/4798/2974 4799/4799/2975 4800/4800/2973
f  2995/2995/1805 4801/4801/2976 4797/4797/2974
f  4799/4799/2975 4802/4802/2977 4800/4800/2973
f  2995/2995/1805 2983/2983/1800 4801/4801/2976
f  4801/4801/2976 4803/4803/2975 4797/4797/2974
f  2983/2983/1800 2982/2982/1799 4801/4801/2976
f  4799/4799/2975 4804/4804/2978 4802/4802/2977
f  2982/2982/1799 4805/4805/2979 4801/4801/2976
f  2982/2982/1799 2975/2975/1796 4805/4805/2979
f  2975/2975/1796 2974/2974/1795 4805/4805/2979
f  4805/4805/2979 4806/4806/2980 4801/4801/2976
f  4807/4807/2980 4799/4799/2975 4808/4808/2976
f  2974/2974/1795 4809/4809/2981 4805/4805/2979
f  4809/4809/2981 4806/4806/2980 4805/4805/2979
f  2974/2974/1795 4810/4810/1794 4809/4809/2981
f  4807/4807/2980 4811/4811/2982 4799/4799/2975
f  4811/4811/2982 4804/4804/2978 4799/4799/2975
f  4812/4812/2981 4813/4813/2983 4807/4807/2980
f  4813/4813/2983 4811/4811/2982 4807/4807/2980
f  4811/4811/2982 4814/4814/2984 4804/4804/2978
f  4811/4811/2982 4813/4813/2983 4814/4814/2984
f  4814/4814/2984 4815/4815/2985 4804/4804/2978
f  4814/4814/2984 4816/4816/2986 4815/4815/2985
f  4813/4813/2983 4817/4817/2987 4814/4814/2984
f  4817/4817/2987 4816/4816/2986 4814/4814/2984
f  4812/4812/2981 4818/4818/2988 4813/4813/2983
f  4818/4818/2988 4817/4817/2987 4813/4813/2983
f  4819/4819/2987 4820/4820/2989 4821/4821/2986
f  4819/4819/2987 4822/4822/2988 4820/4820/2989
f  4820/4820/2989 4823/4823/2990 4821/4821/2986
f  4822/4822/2988 4824/4824/2991 4820/4820/2989
f  4820/4820/2989 4825/4825/2992 4823/4823/2990
f  4825/4825/2992 4826/4826/2993 4823/4823/2990
f  4824/4824/2991 4827/4827/2994 4820/4820/2989
f  4827/4827/2994 4825/4825/2992 4820/4820/2989
f  4822/4822/2988 4828/4828/2995 4824/4824/2991
f  4828/4828/2995 4827/4827/2994 4824/4824/2991
f  4825/4825/2992 4829/4829/2996 4826/4826/2993
f  4825/4825/2992 4827/4827/2994 4829/4829/2996
f  4829/4829/2996 4830/4830/2997 4826/4826/2993
f  4829/4829/2996 4831/4831/2998 4830/4830/2997
f  4829/4829/2996 4832/4832/2999 4831/4831/2998
f  4829/4829/2996 4827/4827/2994 4832/4832/2999
f  4832/4832/2999 4833/4833/3000 4831/4831/2998
f  4832/4832/2999 4834/4834/3001 4833/4833/3000
f  4827/4827/2994 4835/4835/3002 4832/4832/2999
f  4835/4835/3002 4834/4834/3001 4832/4832/2999
f  4827/4827/2994 4828/4828/2995 4835/4835/3002
f  4834/4834/3001 4836/4836/3003 4833/4833/3000
f  4828/4828/2995 4837/4837/3004 4835/4835/3002
f  4837/4837/3004 4834/4834/3001 4835/4835/3002
f  4837/4837/3004 4838/4838/3005 4834/4834/3001
f  4834/4834/3001 4839/4839/3006 4836/4836/3003
f  4834/4834/3001 4838/4838/3005 4839/4839/3006
f  4839/4839/3006 4840/4840/3007 4836/4836/3003
f  4839/4839/3006 4841/4841/3008 4840/4840/3007
f  4839/4839/3006 4838/4838/3005 4841/4841/3008
f  4841/4841/3008 4842/4842/3009 4840/4840/3007
f  4843/4843/3010 4837/4837/3004 4828/4828/2995
f  4843/4843/3010 4838/4838/3005 4837/4837/3004
f  4828/4828/2995 4844/4844/3011 4843/4843/3010
f  4828/4828/2995 4822/4822/2988 4844/4844/3011
f  4822/4822/2988 4845/4845/2981 4844/4844/3011
f  4809/4809/2981 4810/4810/1794 4846/4846/3011
f  4844/4844/3011 4847/4847/3012 4843/4843/3010
f  4844/4844/3011 4848/4848/1794 4847/4847/3012
f  4843/4843/3010 4849/4849/3013 4838/4838/3005
f  4843/4843/3010 4847/4847/3012 4849/4849/3013
f  4848/4848/1794 4850/4850/3014 4847/4847/3012
f  4850/4850/3014 4849/4849/3013 4847/4847/3012
f  2972/2972/1794 2971/2971/1793 4851/4851/3014
f  4849/4849/3013 4852/4852/3015 4838/4838/3005
f  4852/4852/3015 4841/4841/3008 4838/4838/3005
f  4850/4850/3014 4853/4853/3016 4849/4849/3013
f  4853/4853/3016 4852/4852/3015 4849/4849/3013
f  2971/2971/1793 2967/2967/1789 4851/4851/3014
f  2971/2971/1793 2965/2965/1787 2967/2967/1789
f  4850/4850/3014 4854/4854/3017 4853/4853/3016
f  4850/4850/3014 4855/4855/1789 4854/4854/3017
f  4855/4855/1789 4856/4856/1790 4854/4854/3017
f  4856/4856/1790 4853/4853/3016 4854/4854/3017
f  2967/2967/1789 2966/2966/1788 2968/2968/1790
f  4856/4856/1790 4857/4857/3018 4853/4853/3016
f  4857/4857/3018 4852/4852/3015 4853/4853/3016
f  4856/4856/1790 4858/4858/1791 4857/4857/3018
f  4857/4857/3018 4859/4859/3019 4852/4852/3015
f  4857/4857/3018 4860/4860/3020 4859/4859/3019
f  4861/4861/3020 3118/3118/1897 4862/4862/3019
f  4859/4859/3019 4863/4863/3021 4852/4852/3015
f  4863/4863/3021 4841/4841/3008 4852/4852/3015
f  4863/4863/3021 4842/4842/3009 4841/4841/3008
f  4859/4859/3019 4864/4864/3022 4863/4863/3021
f  4862/4862/3019 3118/3118/1897 4865/4865/3022
f  4864/4864/3022 4842/4842/3009 4863/4863/3021
f  3118/3118/1897 3117/3117/1896 4865/4865/3022
f  4865/4865/3022 4866/4866/3023 4867/4867/3009
f  3117/3117/1896 4868/4868/3024 4865/4865/3022
f  4868/4868/3024 4866/4866/3023 4865/4865/3022
f  4868/4868/3024 4869/4869/3025 4866/4866/3023
f  3117/3117/1896 3120/3120/1899 4868/4868/3024
f  3120/3120/1899 4869/4869/3025 4868/4868/3024
f  3120/3120/1899 4870/4870/3026 4869/4869/3025
f  3120/3120/1899 4871/4871/3027 4870/4870/3026
f  3120/3120/1899 3128/3128/1907 4871/4871/3027
f  3120/3120/1899 3122/3122/1901 3128/3128/1907
f  3128/3128/1907 4872/4872/1911 4871/4871/3027
f  3128/3128/1907 3129/3129/1908 4872/4872/1911
f  4857/4857/3018 4858/4858/1791 4860/4860/3020
f  3114/3114/1893 3118/3118/1897 4861/4861/3020
f  4861/4861/3020 3113/3113/1892 3114/3114/1893
f  4858/4858/1791 4873/4873/3028 4860/4860/3020
f  4874/4874/3028 3113/3113/1892 4861/4861/3020
f  2969/2969/1791 2962/2962/1784 4875/4875/3028
f  2962/2962/1784 2960/2960/1774 4875/4875/3028
f  4874/4874/3028 4876/4876/3029 3113/3113/1892
f  4874/4874/3028 4877/4877/1774 4876/4876/3029
f  4876/4876/3029 3100/3100/1882 3113/3113/1892
f  4877/4877/1774 4878/4878/1768 4876/4876/3029
f  4876/4876/3029 3095/3095/1878 3100/3100/1882
f  4876/4876/3029 4878/4878/1768 3095/3095/1878
f  3133/3133/1910 3428/3428/2116 3134/3134/1911
f  3382/3382/2084 3381/3381/2080 3721/3721/2278
f  4879/4879/2080 4880/4880/3030 4881/4881/2278
f  4880/4880/3030 4882/4882/2277 4881/4881/2278
f  4879/4879/2080 4883/4883/3031 4880/4880/3030
f  4879/4879/2080 3378/3378/2078 4883/4883/3031
f  4880/4880/3030 4884/4884/3032 4882/4882/2277
f  4880/4880/3030 4883/4883/3031 4884/4884/3032
f  3378/3378/2078 3377/3377/2081 4883/4883/3031
f  4884/4884/3032 3745/3745/2281 4882/4882/2277
f  3727/3727/2281 3719/3719/2276 3720/3720/2277
f  4883/4883/3031 4885/4885/3033 4884/4884/3032
f  4885/4885/3033 3745/3745/2281 4884/4884/3032
f  4883/4883/3031 3377/3377/2081 4885/4885/3033
f  3377/3377/2081 4886/4886/3034 4885/4885/3033
f  3377/3377/2081 4887/4887/3035 4886/4886/3034
f  3377/3377/2081 4888/4888/3036 4887/4887/3035
f  4886/4886/3034 4889/4889/3037 4885/4885/3033
f  4889/4889/3037 3745/3745/2281 4885/4885/3033
f  4886/4886/3034 4887/4887/3035 4889/4889/3037
f  4888/4888/3036 4890/4890/3038 4887/4887/3035
f  4890/4890/3038 3754/3754/2297 4887/4887/3035
f  3754/3754/2297 3753/3753/2296 4887/4887/3035
f  3753/3753/2296 4889/4889/3037 4887/4887/3035
f  3753/3753/2296 3745/3745/2281 4889/4889/3037
f  3753/3753/2296 3743/3743/2290 3745/3745/2281
f  4891/4891/3039 3376/3376/2079 4892/4892/2076
f  4891/4891/3039 3377/3377/2081 3376/3376/2079
f  4892/4892/2076 4893/4893/2072 4891/4891/3039
f  4891/4891/3039 4888/4888/3036 3377/3377/2081
f  4891/4891/3039 4894/4894/3040 4888/4888/3036
f  4891/4891/3039 4893/4893/2072 4894/4894/3040
f  4894/4894/3040 4890/4890/3038 4888/4888/3036
f  4893/4893/2072 4895/4895/3041 4894/4894/3040
f  4893/4893/2072 4896/4896/2071 4895/4895/3041
f  4894/4894/3040 4897/4897/3042 4890/4890/3038
f  4894/4894/3040 4895/4895/3041 4897/4897/3042
f  4897/4897/3042 4898/4898/3043 4890/4890/3038
f  4898/4898/3043 3754/3754/2297 4890/4890/3038
f  4898/4898/3043 3755/3755/2298 3754/3754/2297
f  4898/4898/3043 4899/4899/3044 3755/3755/2298
f  4898/4898/3043 4900/4900/3045 4899/4899/3044
f  4898/4898/3043 4897/4897/3042 4900/4900/3045
f  4900/4900/3045 4014/4014/2170 4899/4899/3044
f  4901/4901/3045 3535/3535/2169 3536/3536/2170
f  4902/4902/3046 4897/4897/3042 4895/4895/3041
f  4902/4902/3046 4900/4900/3045 4897/4897/3042
f  4895/4895/3041 4896/4896/2071 4902/4902/3046
f  4903/4903/3045 4904/4904/3047 4905/4905/2169
f  4903/4903/3045 4906/4906/3046 4904/4904/3047
f  4907/4907/2071 4908/4908/3048 4906/4906/3046
f  4908/4908/3048 4904/4904/3047 4906/4906/3046
f  4907/4907/2071 4909/4909/3049 4908/4908/3048
f  4907/4907/2071 4910/4910/2066 4909/4909/3049
f  3361/3361/2066 3358/3358/2063 4911/4911/3049
f  4909/4909/3049 4912/4912/3050 4908/4908/3048
f  4912/4912/3050 4904/4904/3047 4908/4908/3048
f  4913/4913/2063 4914/4914/3051 4909/4909/3049
f  4914/4914/3051 4912/4912/3050 4909/4909/3049
f  4913/4913/2063 4915/4915/3052 4914/4914/3051
f  4916/4916/2063 3357/3357/2061 4917/4917/3052
f  4914/4914/3051 4918/4918/3053 4912/4912/3050
f  4914/4914/3051 4915/4915/3052 4918/4918/3053
f  4912/4912/3050 4919/4919/2166 4904/4904/3047
f  4919/4919/2166 4905/4905/2169 4904/4904/3047
f  4920/4920/2166 3533/3533/2167 3535/3535/2169
f  4912/4912/3050 4921/4921/3054 4919/4919/2166
f  4912/4912/3050 4918/4918/3053 4921/4921/3054
f  4921/4921/3054 4922/4922/3055 4919/4919/2166
f  4921/4921/3054 4918/4918/3053 4922/4922/3055
f  4923/4923/3055 3531/3531/2164 3530/3530/2166
f  4923/4923/3055 3515/3515/2157 3531/3531/2164
f  4923/4923/3055 3516/3516/2156 3515/3515/2157
f  4924/4924/3053 4925/4925/3056 4926/4926/3055
f  4927/4927/3056 3516/3516/2156 4923/4923/3055
f  4928/4928/3053 4929/4929/3057 4930/4930/3056
f  4929/4929/3057 3513/3513/2156 4930/4930/3056
f  4928/4928/3053 4917/4917/3052 4929/4929/3057
f  4929/4929/3057 3508/3508/2152 3513/3513/2156
f  4917/4917/3052 3357/3357/2061 4929/4929/3057
f  3357/3357/2061 3508/3508/2152 4929/4929/3057
f  3758/3758/2301 4899/4899/3044 4014/4014/2170
f  4899/4899/3044 3758/3758/2301 3755/3755/2298
f  4931/4931/3058 4932/4932/3059 4933/4933/3060
f  4934/4934/3058 4935/4935/3061 4936/4936/3059
f  4937/4937/3060 4938/4938/3062 4939/4939/3058
f  4937/4937/3060 4940/4940/3063 4938/4938/3062
f  4934/4934/3058 4941/4941/3064 4935/4935/3061
f  4941/4941/3064 4942/4942/3065 4935/4935/3061
f  4941/4941/3064 4943/4943/3066 4942/4942/3065
f  4943/4943/3066 4944/4944/3067 4942/4942/3065
f  4945/4945/3064 4946/4946/3068 4947/4947/3066
f  4948/4948/3058 4949/4949/3069 4945/4945/3064
f  4949/4949/3069 4946/4946/3068 4945/4945/3064
f  4950/4950/3058 4951/4951/3062 4952/4952/3069
f  4953/4953/3069 4954/4954/3070 4955/4955/3068
f  4956/4956/3069 4957/4957/3071 4958/4958/3070
f  4959/4959/3069 4960/4960/3062 4961/4961/3071
f  4962/4962/3071 4963/4963/3072 4964/4964/3070
f  4960/4960/3062 4965/4965/3073 4961/4961/3071
f  4966/4966/3062 4967/4967/3063 4968/4968/3073
f  4969/4969/3073 4970/4970/3074 4971/4971/3071
f  4967/4967/3063 4972/4972/3075 4968/4968/3073
f  4973/4973/3063 4974/4974/3076 4975/4975/3075
f  4932/4932/3059 4976/4976/3077 4933/4933/3060
f  4977/4977/3077 4978/4978/3078 4979/4979/3060
f  4980/4980/3078 4981/4981/3063 4982/4982/3060
f  4983/4983/3077 4984/4984/3076 4985/4985/3078
f  4986/4986/3076 4987/4987/3063 4988/4988/3078
f  4989/4989/3066 4990/4990/3079 4991/4991/3067
f  4990/4990/3079 4992/4992/3080 4991/4991/3067
f  4993/4993/3066 4994/4994/3081 4995/4995/3079
f  4993/4993/3066 4996/4996/3068 4994/4994/3081
f  4997/4997/3068 4998/4998/3072 4999/4999/3081
f  4955/4955/3068 4954/4954/3070 5000/5000/3072
f  5001/5001/3081 5002/5002/3082 5003/5003/3079
f  4990/4990/3079 5004/5004/3083 4992/4992/3080
f  5003/5003/3079 5002/5002/3082 5005/5005/3083
f  5002/5002/3082 5006/5006/3084 5005/5005/3083
f  5004/5004/3083 5007/5007/3085 4992/4992/3080
f  5008/5008/3084 5009/5009/3086 5010/5010/3083
f  5011/5011/3086 5012/5012/3085 5013/5013/3083
f  5011/5011/3086 5014/5014/3087 5012/5012/3085
f  4998/4998/3072 5015/5015/3074 4999/4999/3081
f  5016/5016/3074 5017/5017/3082 5018/5018/3081
f  5019/5019/3072 5020/5020/3071 5021/5021/3074
f  4969/4969/3073 5022/5022/3088 4970/4970/3074
f  5023/5023/3088 5017/5017/3082 5016/5016/3074
f  5023/5023/3088 5024/5024/3084 5017/5017/3082
f  5023/5023/3088 5025/5025/3089 5024/5024/3084
f  5026/5026/3088 5027/5027/3075 5028/5028/3089
f  5029/5029/3075 5022/5022/3088 4969/4969/3073
f  5030/5030/3076 5031/5031/3090 5032/5032/3075
f  5033/5033/3076 5034/5034/3089 5035/5035/3090
f  5028/5028/3089 5027/5027/3075 5036/5036/3090
f  5033/5033/3076 5037/5037/3091 5034/5034/3089
f  5038/5038/3089 5039/5039/3091 5040/5040/3084
f  5041/5041/3091 5009/5009/3086 5008/5008/3084
f  5041/5041/3091 5042/5042/3092 5009/5009/3086
f  5043/5043/3092 5014/5014/3087 5011/5011/3086
f  5044/5044/3091 5045/5045/3093 5046/5046/3092
f  5047/5047/3093 5014/5014/3087 5043/5043/3092
f  5048/5048/3094 5049/5049/3095 5050/5050/3096
f  5051/5051/3094 5052/5052/3097 5053/5053/3095
f  5054/5054/3095 5055/5055/3098 5056/5056/3096
f  5057/5057/3095 5058/5058/3097 5059/5059/3098
f  5055/5055/3098 5060/5060/3099 5056/5056/3096
f  5061/5061/3097 5062/5062/3100 5063/5063/3098
f  5064/5064/3100 5065/5065/3099 5066/5066/3098
f  5067/5067/3099 5068/5068/3094 5069/5069/3096
f  5067/5067/3099 5070/5070/3101 5068/5068/3094
f  5071/5071/3097 5072/5072/3094 5073/5073/3100
f  5072/5072/3094 5074/5074/3101 5073/5073/3100
f  5075/5075/3101 5065/5065/3099 5064/5064/3100
f  5076/5076/3102 5077/5077/3103 5078/5078/3104
f  5076/5076/3102 5079/5079/3105 5077/5077/3103
f  5080/5080/3102 5081/5081/3106 5082/5082/3105
f  5083/5083/3106 5084/5084/3107 5085/5085/3105
f  5086/5086/3104 5087/5087/3108 5088/5088/3102
f  5089/5089/3108 5090/5090/3106 5091/5091/3102
f  5092/5092/3108 5093/5093/3107 5094/5094/3106
f  5095/5095/3104 5096/5096/3109 5097/5097/3108
f  5098/5098/3109 5093/5093/3107 5092/5092/3108
f  5099/5099/3103 5100/5100/3109 5101/5101/3104
f  5102/5102/3103 5103/5103/3107 5104/5104/3109
f  5102/5102/3103 5105/5105/3105 5103/5103/3107
f  5106/5106/3110 5107/5107/3111 5108/5108/3112
f  5109/5109/3112 5110/5110/3113 5111/5111/3110
f  5112/5112/3113 5113/5113/3114 5114/5114/3110
f  5115/5115/3114 5116/5116/3111 5117/5117/3110
f  5118/5118/3113 5119/5119/3115 5120/5120/3114
f  5121/5121/3111 5122/5122/3116 5123/5123/3112
f  5116/5116/3111 5115/5115/3114 5124/5124/3116
f  5125/5125/3114 5126/5126/3115 5127/5127/3116
f  5122/5122/3116 5128/5128/3117 5123/5123/3112
f  5127/5127/3116 5126/5126/3115 5129/5129/3117
f  5130/5130/3113 5131/5131/3112 5132/5132/3115
f  5133/5133/3112 5134/5134/3117 5135/5135/3115
f  5136/5136/3118 5137/5137/3119 5138/5138/3120
f  5139/5139/3118 5140/5140/3121 5141/5141/3119
f  5142/5142/3121 5143/5143/3122 5144/5144/3119
f  5145/5145/3121 5146/5146/3123 5147/5147/3122
f  5148/5148/3121 5149/5149/3118 5150/5150/3123
f  5151/5151/3118 5152/5152/3124 5153/5153/3123
f  5154/5154/3119 5155/5155/3122 5156/5156/3120
f  5155/5155/3122 5157/5157/3125 5156/5156/3120
f  5158/5158/3125 5159/5159/3118 5160/5160/3120
f  5161/5161/3122 5162/5162/3123 5163/5163/3125
f  5158/5158/3125 5164/5164/3124 5159/5159/3118
f  5163/5163/3125 5162/5162/3123 5165/5165/3124
f  5166/5166/3126 5167/5167/3127 5168/5168/3128
f  5169/5169/3128 5170/5170/1555 5171/5171/3126
f  5169/5169/3128 5172/5172/3129 5170/5170/1555
f  5173/5173/3126 5174/5174/1556 5175/5175/3127
f  5176/5176/3126 5177/5177/1555 5178/5178/1556
f  5177/5177/1555 5179/5179/3130 5178/5178/1556
f  5180/5180/1555 5181/5181/3129 5182/5182/3130
f  5183/5183/3130 5184/5184/3131 5185/5185/1556
f  5182/5182/3130 5181/5181/3129 5186/5186/3131
f  5187/5187/3131 5188/5188/3127 5189/5189/1556
f  5190/5190/3129 5191/5191/3132 5192/5192/3131
f  5192/5192/3131 5193/5193/3133 5194/5194/3127
f  5192/5192/3131 5191/5191/3132 5193/5193/3133
f  5193/5193/3133 5195/5195/3134 5194/5194/3127
f  5196/5196/3132 5197/5197/3135 5198/5198/3133
f  5197/5197/3135 5199/5199/3136 5198/5198/3133
f  5200/5200/3136 5201/5201/3134 5202/5202/3133
f  5203/5203/3135 5204/5204/3137 5205/5205/3136
f  5206/5206/3136 5207/5207/3138 5208/5208/3134
f  5209/5209/3138 5210/5210/3139 5211/5211/3134
f  5204/5204/3137 5212/5212/3140 5205/5205/3136
f  5212/5212/3140 5213/5213/3138 5205/5205/3136
f  5214/5214/3137 5215/5215/3141 5216/5216/3140
f  5209/5209/3138 5217/5217/3142 5210/5210/3139
f  5218/5218/3142 5219/5219/3132 5220/5220/3139
f  5218/5218/3142 5221/5221/3135 5219/5219/3132
f  5222/5222/3138 5223/5223/3143 5224/5224/3142
f  5213/5213/3138 5212/5212/3140 5225/5225/3143
f  5224/5224/3142 5226/5226/3144 5227/5227/3135
f  5224/5224/3142 5223/5223/3143 5226/5226/3144
f  5226/5226/3144 5228/5228/3137 5227/5227/3135
f  5229/5229/3140 5230/5230/3145 5231/5231/3143
f  5216/5216/3140 5215/5215/3141 5232/5232/3145
f  5233/5233/3141 5234/5234/3146 5235/5235/3145
f  5230/5230/3145 5236/5236/3147 5231/5231/3143
f  5237/5237/3147 5238/5238/3144 5239/5239/3143
f  5240/5240/3144 5241/5241/3148 5242/5242/3137
f  5243/5243/3144 5244/5244/3147 5245/5245/3148
f  5241/5241/3148 5246/5246/3141 5242/5242/3137
f  5247/5247/3146 5248/5248/3149 5249/5249/3145
f  5250/5250/3149 5251/5251/3147 5252/5252/3145
f  5253/5253/3146 5254/5254/3150 5255/5255/3149
f  5253/5253/3146 5256/5256/3151 5254/5254/3150
f  5257/5257/3148 5258/5258/3152 5259/5259/3141
f  5260/5260/3152 5261/5261/3146 5262/5262/3141
f  5263/5263/3153 5257/5257/3148 5264/5264/3147
f  5251/5251/3147 5250/5250/3149 5265/5265/3153
f  5263/5263/3153 5258/5258/3152 5257/5257/3148
f  5266/5266/3152 5267/5267/3151 5268/5268/3146
f  5269/5269/3149 5270/5270/3154 5271/5271/3153
f  5272/5272/3154 5273/5273/3152 5274/5274/3153
f  5269/5269/3149 5275/5275/3150 5270/5270/3154
f  5266/5266/3152 5276/5276/3155 5267/5267/3151
f  5273/5273/3152 5272/5272/3154 5277/5277/3155
f  5276/5276/3155 5278/5278/3156 5267/5267/3151
f  5276/5276/3155 5279/5279/3157 5278/5278/3156
f  5277/5277/3155 5272/5272/3154 5280/5280/3157
f  5279/5279/3157 5281/5281/3158 5278/5278/3156
f  5275/5275/3150 5282/5282/3159 5270/5270/3154
f  5283/5283/3159 5280/5280/3157 5272/5272/3154
f  5284/5284/3157 5285/5285/3160 5286/5286/3158
f  5287/5287/3157 5288/5288/3159 5289/5289/3160
f  5285/5285/3160 5290/5290/3161 5286/5286/3158
f  5291/5291/3150 5292/5292/3162 5293/5293/3159
f  5294/5294/3150 5295/5295/3151 5296/5296/3162
f  5295/5295/3151 5297/5297/3156 5296/5296/3162
f  5292/5292/3162 5298/5298/3163 5293/5293/3159
f  5299/5299/3163 5289/5289/3160 5288/5288/3159
f  5297/5297/3156 5300/5300/3164 5296/5296/3162
f  5301/5301/3164 5302/5302/3163 5303/5303/3162
f  5297/5297/3156 5304/5304/3158 5300/5300/3164
f  5305/5305/3165 5290/5290/3161 5285/5285/3160
f  5289/5289/3160 5299/5299/3163 5306/5306/3165
f  5305/5305/3165 5307/5307/3166 5290/5290/3161
f  5301/5301/3164 5308/5308/3167 5302/5302/3163
f  5309/5309/3167 5306/5306/3165 5299/5299/3163
f  5304/5304/3158 5310/5310/3168 5300/5300/3164
f  5311/5311/3168 5308/5308/3167 5301/5301/3164
f  5304/5304/3158 5312/5312/3161 5310/5310/3168
f  5305/5305/3165 5313/5313/3169 5307/5307/3166
f  5314/5314/3169 5315/5315/3170 5316/5316/3166
f  5315/5315/3170 5317/5317/3171 5316/5316/3166
f  5306/5306/3165 5318/5318/3172 5319/5319/3169
f  5320/5320/3172 5321/5321/3170 5322/5322/3169
f  5306/5306/3165 5309/5309/3167 5318/5318/3172
f  5308/5308/3167 5311/5311/3168 5323/5323/3172
f  5320/5320/3172 5324/5324/3173 5321/5321/3170
f  5325/5325/3174 5310/5310/3168 5312/5312/3161
f  5326/5326/3174 5323/5323/3172 5311/5311/3168
f  5312/5312/3161 5327/5327/3166 5325/5325/3174
f  5328/5328/3166 5329/5329/3171 5330/5330/3174
f  5331/5331/3174 5332/5332/3175 5333/5333/3172
f  5332/5332/3175 5334/5334/3173 5333/5333/3172
f  5330/5330/3174 5329/5329/3171 5335/5335/3175
f  5332/5332/3175 5336/5336/3176 5334/5334/3173
f  5329/5329/3171 5337/5337/3177 5335/5335/3175
f  5315/5315/3170 5338/5338/3178 5317/5317/3171
f  5338/5338/3178 5339/5339/3177 5317/5317/3171
f  5321/5321/3170 5340/5340/3179 5341/5341/3178
f  5321/5321/3170 5324/5324/3173 5340/5340/3179
f  5334/5334/3173 5336/5336/3176 5342/5342/3179
f  5336/5336/3176 5343/5343/3180 5342/5342/3179
f  5335/5335/3175 5337/5337/3177 5344/5344/3176
f  5337/5337/3177 5345/5345/3181 5344/5344/3176
f  5345/5345/3181 5346/5346/3180 5344/5344/3176
f  5347/5347/3177 5348/5348/3182 5349/5349/3181
f  5347/5347/3177 5350/5350/3178 5348/5348/3182
f  5348/5348/3182 5351/5351/3183 5349/5349/3181
f  5345/5345/3181 5352/5352/3184 5346/5346/3180
f  5349/5349/3181 5351/5351/3183 5353/5353/3184
f  5352/5352/3184 5354/5354/3185 5346/5346/3180
f  5355/5355/3183 5356/5356/3186 5357/5357/3184
f  5358/5358/3184 5359/5359/3187 5360/5360/3185
f  5357/5357/3184 5356/5356/3186 5361/5361/3187
f  5359/5359/3187 5362/5362/3188 5360/5360/3185
f  5363/5363/3187 5364/5364/3189 5365/5365/3188
f  5366/5366/3189 5367/5367/3190 5368/5368/3188
f  5369/5369/3186 5370/5370/3191 5371/5371/3187
f  5372/5372/3191 5373/5373/3189 5374/5374/3187
f  5369/5369/3186 5375/5375/3192 5370/5370/3191
f  5376/5376/3191 5377/5377/3193 5378/5378/3189
f  5379/5379/3193 5380/5380/3194 5381/5381/3189
f  5382/5382/3192 5383/5383/3195 5384/5384/3191
f  5385/5385/3195 5377/5377/3193 5376/5376/3191
f  5386/5386/3192 5387/5387/3196 5388/5388/3195
f  5389/5389/3195 5390/5390/3197 5391/5391/3193
f  5392/5392/3196 5393/5393/3198 5394/5394/3195
f  5395/5395/3198 5390/5390/3197 5389/5389/3195
f  5396/5396/3196 5397/5397/3199 5398/5398/3198
f  5390/5390/3197 5399/5399/3200 5391/5391/3193
f  5400/5400/3199 5401/5401/3201 5402/5402/3198
f  5400/5400/3199 5403/5403/3202 5401/5401/3201
f  5404/5404/3198 5405/5405/3203 5406/5406/3197
f  5404/5404/3198 5407/5407/3201 5405/5405/3203
f  5408/5408/3197 5409/5409/3204 5410/5410/3200
f  5411/5411/3197 5412/5412/3203 5413/5413/3204
f  5414/5414/3204 5415/5415/3202 5416/5416/3200
f  5417/5417/3202 5418/5418/3199 5419/5419/3200
f  5420/5420/3204 5421/5421/3205 5422/5422/3202
f  5423/5423/3203 5424/5424/3206 5420/5420/3204
f  5424/5424/3206 5421/5421/3205 5420/5420/3204
f  5425/5425/3207 5426/5426/3203 5427/5427/3201
f  5425/5425/3207 5428/5428/3206 5426/5426/3203
f  5427/5427/3201 5429/5429/3208 5425/5425/3207
f  5430/5430/3206 5431/5431/1474 5432/5432/3205
f  5433/5433/3208 5434/5434/1468 5435/5435/3207
f  5436/5436/3207 5437/5437/3209 5438/5438/3206
f  5439/5439/3209 5431/5431/1474 5430/5430/3206
f  5436/5436/3207 5440/5440/1468 5437/5437/3209
f  5441/5441/1474 5442/5442/3210 5443/5443/3205
f  5442/5442/3210 5444/5444/3208 5443/5443/3205
f  5445/5445/1474 5446/5446/3209 5447/5447/3210
f  5448/5448/3210 5449/5449/1468 5450/5450/3208
f  5451/5451/3210 5452/5452/3209 5453/5453/1468
f  5454/5454/3211 5341/5341/3178 5340/5340/3179
f  5342/5342/3179 5343/5343/3180 5455/5455/3211
f  5456/5456/3211 5457/5457/3182 5458/5458/3178
f  5456/5456/3211 5459/5459/3212 5457/5457/3182
f  5459/5459/3212 5460/5460/3183 5457/5457/3182
f  5343/5343/3180 5461/5461/3185 5455/5455/3211
f  5462/5462/3185 5463/5463/3212 5464/5464/3211
f  5459/5459/3212 5465/5465/3186 5460/5460/3183
f  5462/5462/3185 5466/5466/3188 5463/5463/3212
f  5467/5467/3212 5468/5468/3213 5469/5469/3186
f  5463/5463/3212 5466/5466/3188 5470/5470/3213
f  5471/5471/3213 5375/5375/3192 5369/5369/3186
f  5472/5472/3188 5473/5473/3190 5474/5474/3213
f  5475/5475/3190 5375/5375/3192 5471/5471/3213
f  5476/5476/3190 5477/5477/3196 5478/5478/3192
f  5476/5476/3190 5479/5479/3194 5477/5477/3196
f  5480/5480/3190 5481/5481/3189 5482/5482/3194
f  5483/5483/3194 5484/5484/3199 5485/5485/3196
f  5483/5483/3194 5486/5486/3200 5484/5484/3199
f  5487/5487/3194 5391/5391/3193 5399/5399/3200
f  5488/5488/3214 5489/5489/3215 5490/5490/3216
f  5491/5491/3214 5492/5492/3217 5493/5493/3215
f  5494/5494/3214 5495/5495/3218 5496/5496/3217
f  5494/5494/3214 5497/5497/3219 5495/5495/3218
f  5498/5498/3214 5499/5499/3216 5500/5500/3219
f  5501/5501/3218 5502/5502/3220 5503/5503/3217
f  5504/5504/3218 5505/5505/3219 5506/5506/3220
f  5502/5502/3220 5507/5507/3215 5503/5503/3217
f  5508/5508/3220 5509/5509/3216 5510/5510/3215
f  5499/5499/3216 5511/5511/3221 5500/5500/3219
f  5512/5512/3216 5513/5513/3220 5514/5514/3221
f  5515/5515/3220 5516/5516/3219 5517/5517/3221
f  5518/5518/3222 5519/5519/3223 5520/5520/3224
f  5521/5521/3223 5522/5522/3225 5523/5523/3224
f  5524/5524/3223 5525/5525/3222 5526/5526/3225
f  5527/5527/3222 5528/5528/3226 5529/5529/3225
f  5520/5520/3224 5530/5530/3227 5518/5518/3222
f  5531/5531/3227 5532/5532/3226 5533/5533/3222
f  5534/5534/3227 5535/5535/3228 5536/5536/3226
f  5537/5537/3227 5538/5538/3224 5539/5539/3228
f  5540/5540/3228 5541/5541/3225 5542/5542/3226
f  5543/5543/3229 5544/5544/3224 5545/5545/3225
f  5546/5546/3229 5539/5539/3228 5538/5538/3224
f  5547/5547/3229 5541/5541/3225 5540/5540/3228
f  5548/5548/3230 5549/5549/3231 5550/5550/3232
f  5549/5549/3231 5551/5551/3233 5550/5550/3232
f  5552/5552/3231 5553/5553/3234 5554/5554/3233
f  5555/5555/3232 5556/5556/3235 5557/5557/3230
f  5556/5556/3235 5558/5558/3236 5557/5557/3230
f  5559/5559/3233 5560/5560/3237 5561/5561/3232
f  5562/5562/3237 5563/5563/3235 5564/5564/3232
f  5554/5554/3233 5553/5553/3234 5565/5565/3237
f  5566/5566/3237 5567/5567/3236 5568/5568/3235
f  5566/5566/3237 5569/5569/3234 5567/5567/3236
f  5570/5570/3231 5571/5571/3230 5572/5572/3234
f  5573/5573/3230 5574/5574/3236 5575/5575/3234
f  5576/5576/3238 5577/5577/3239 5578/5578/3240
f  5579/5579/3239 5580/5580/3241 5581/5581/3240
f  5582/5582/3241 5583/5583/3242 5584/5584/3240
f  5585/5585/3238 5586/5586/3243 5587/5587/3239
f  5588/5588/3238 5589/5589/3244 5590/5590/3243
f  5591/5591/3239 5592/5592/3245 5593/5593/3241
f  5594/5594/3245 5595/5595/3242 5596/5596/3241
f  5591/5591/3239 5597/5597/3243 5592/5592/3245
f  5594/5594/3245 5598/5598/3244 5595/5595/3242
f  5599/5599/3245 5600/5600/3243 5601/5601/3244
f  5602/5602/3242 5603/5603/3238 5604/5604/3240
f  5602/5602/3242 5605/5605/3244 5603/5603/3238
f  5606/5606/3246 5607/5607/3247 5608/5608/3248
f  5609/5609/3246 5610/5610/3249 5611/5611/3247
f  5609/5609/3246 5612/5612/3250 5610/5610/3249
f  5613/5613/3249 5614/5614/3251 5615/5615/3247
f  5614/5614/3251 5616/5616/3248 5615/5615/3247
f  5617/5617/3250 5618/5618/3252 5619/5619/3249
f  5618/5618/3252 5620/5620/3251 5619/5619/3249
f  5621/5621/3246 5622/5622/3253 5623/5623/3250
f  5606/5606/3246 5608/5608/3248 5624/5624/3253
f  5622/5622/3253 5625/5625/3252 5623/5623/3250
f  5626/5626/3251 5627/5627/3254 5628/5628/3248
f  5626/5626/3251 5629/5629/3252 5627/5627/3254
f  5627/5627/3254 5630/5630/3255 5628/5628/3248
f  5631/5631/3255 5632/5632/3253 5633/5633/3248
f  5634/5634/3252 5635/5635/3256 5636/5636/3254
f  5631/5631/3255 5637/5637/3257 5632/5632/3253
f  5634/5634/3252 5638/5638/3257 5635/5635/3256
f  5634/5634/3252 5639/5639/3253 5638/5638/3257
f  5640/5640/3254 5641/5641/3258 5642/5642/3255
f  5643/5643/3258 5644/5644/3259 5645/5645/3255
f  5646/5646/3259 5647/5647/3257 5648/5648/3255
f  5649/5649/3254 5650/5650/3260 5651/5651/3258
f  5652/5652/3254 5653/5653/3256 5654/5654/3260
f  5655/5655/3261 5656/5656/3256 5657/5657/3257
f  5658/5658/3257 5659/5659/3259 5660/5660/3261
f  5661/5661/3261 5662/5662/3260 5663/5663/3256
f  5664/5664/3258 5665/5665/3262 5666/5666/3259
f  5667/5667/3260 5668/5668/3263 5669/5669/3258
f  5670/5670/3263 5665/5665/3262 5664/5664/3258
f  5671/5671/3261 5672/5672/3264 5673/5673/3260
f  5674/5674/3264 5668/5668/3263 5667/5667/3260
f  5666/5666/3259 5675/5675/3265 5676/5676/3261
f  5666/5666/3259 5665/5665/3262 5675/5675/3265
f  5677/5677/3265 5672/5672/3264 5671/5671/3261
f  5678/5678/3262 5679/5679/3266 5680/5680/3265
f  5681/5681/3264 5682/5682/3267 5683/5683/3263
f  5684/5684/3263 5685/5685/3268 5686/5686/3262
f  5687/5687/3268 5679/5679/3266 5678/5678/3262
f  5688/5688/3263 5689/5689/3267 5690/5690/3268
f  5691/5691/3266 5692/5692/3269 5693/5693/3265
f  5694/5694/3269 5695/5695/3264 5696/5696/3265
f  5697/5697/3266 5698/5698/3268 5699/5699/3269
f  5700/5700/3269 5701/5701/3267 5702/5702/3264
f  5703/5703/3269 5704/5704/3268 5705/5705/3267
f  5706/5706/1616 3202/3202/1960 5707/5707/1617
f  5708/5708/1618 3202/3202/1960 5706/5706/1616
f  2763/2763/1619 5709/5709/1961 2764/2764/1620
f  2766/2766/1621 5709/5709/1961 2763/2763/1619
f  5710/5710/1622 5711/5711/1963 5712/5712/1623
f  5713/5713/1624 3226/3226/1969 5714/5714/1625
f  5715/5715/1626 3291/3291/2013 5716/5716/1627
f  427/427/319 3293/3293/2015 2774/2774/1628
f  2775/2775/1629 3198/3198/1958 2776/2776/1630
f  2777/2777/1631 5717/5717/2203 2778/2778/1632
f  2780/2780/1633 3646/3646/2237 2781/2781/1634
f  2782/2782/1635 3646/3646/2237 2780/2780/1633
f  2783/2783/1636 3634/3634/2231 2784/2784/1637
f  2785/2785/1638 3631/3631/2228 2786/2786/1639
f  2787/2787/1640 3627/3627/2224 2788/2788/1641
f  2789/2789/1642 3629/3629/2226 2790/2790/1643
f  2791/2791/1644 3695/3695/2264 2792/2792/1645
f  2793/2793/1646 3676/3676/2253 787/787/565
f  2794/2794/1647 3708/3708/2272 2795/2795/1648
f  2797/2797/1649 4016/4016/2464 2798/2798/1650
f  5718/5718/1651 3883/3883/2379 5719/5719/1652
f  5719/5719/1652 3883/3883/2379 3885/3885/701
f  2802/2802/1653 3889/3889/2381 998/998/705
f  2803/2803/1654 3895/3895/2386 2804/2804/1655
f  2805/2805/1656 3895/3895/2386 2803/2803/1654
f  5720/5720/1657 5721/5721/2201 5722/5722/1658
f  2808/2808/1659 3939/3939/2412 2809/2809/1660
f  2810/2810/1661 3939/3939/2412 2808/2808/1659
f  1066/1066/761 3954/3954/2428 2811/2811/1662
f  2812/2812/1663 3964/3964/2434 2813/2813/1664
f  2814/2814/1665 3964/3964/2434 2812/2812/1663
f  1043/1043/738 3927/3927/2409 2815/2815/1666
f  2816/2816/1667 3964/3964/2434 2814/2814/1665
f  2817/2817/1668 3966/3966/2436 2818/2818/1669
f  5723/5723/1670 5724/5724/2377 5725/5725/1671
f  5726/5726/1672 3879/3879/2377 5727/5727/1670
f  1431/1431/1023 4358/4358/2686 2823/2823/1673
f  2824/2824/1674 4392/4392/2714 2825/2825/1675
f  2826/2826/1676 4361/4361/2691 2827/2827/1677
f  2828/2828/1678 4381/4381/2707 2829/2829/1679
f  2830/2830/1680 4362/4362/2692 2831/2831/1681
f  2832/2832/1682 4362/4362/2692 2830/2830/1680
f  2833/2833/1683 4019/4019/2466 2834/2834/1684
f  2835/2835/1685 4392/4392/2714 2824/2824/1674
f  2836/2836/1686 4652/4652/2873 2837/2837/1687
f  2838/2838/1688 4653/4653/2874 2839/2839/1689
f  2840/2840/1690 4659/4659/2879 2841/2841/1691
f  2842/2842/1692 4676/4676/2894 2843/2843/1693
f  2844/2844/1694 4679/4679/2896 2845/2845/1695
f  2846/2846/1696 4685/4685/2899 2847/2847/1697
f  2851/2851/1700 4695/4695/2900 2852/2852/1701
f  2854/2854/1702 4716/4716/2917 2855/2855/1703
f  1767/1767/1259 4716/4716/2917 2854/2854/1702

# Mesh 'ShyrackCaveEntranceMirrored' with 150 faces
g ShyrackCaveEntranceMirrored
usemtl ShyrackCaveEntranceMirrored_MAT
f  5728/335/256 5729/336/257 5730/2761/1617 5731/5728/3270
f  5728/335/256 5731/5728/3270 5732/2775/1629 5733/334/255
f  5734/5729/258 5735/5730/1620 5736/5731/3271 5737/5732/259
f  5738/355/269 5739/2771/1625 5740/5733/1622 5741/353/262
f  5742/358/269 5743/418/312 5744/5734/3272 5745/5735/1624
f  5743/418/312 5746/419/313 5747/2773/1627 5744/5734/3272
f  5746/419/313 5748/421/315 5749/2774/1628 5750/2772/1626
f  5748/421/315 5751/424/317 5752/5736/3273 5753/426/318
f  5754/706/505 5755/5737/1632 5756/710/509 5757/704/508
f  5758/714/512 5759/708/508 5760/713/511 5761/715/513
f  5758/714/512 5762/716/514 5763/2762/1618 5729/336/257
f  5764/739/532 5765/2790/1643 5766/2785/1638 5767/742/535
f  5767/742/535 5768/2786/1639 5769/2783/1636 5770/745/538
f  5771/749/540 5770/745/538 5772/2784/1637 5773/5738/3274
f  5771/749/540 5773/5738/3274 5774/2782/1635 5775/757/544
f  5775/757/544 5776/2781/1634 5777/759/546 5778/758/545
f  5778/758/545 5779/760/547 5780/5739/550 5781/761/548
f  5782/763/548 5783/765/551 5784/5740/3275 5785/789/567
f  5786/786/564 5787/800/577 5788/2792/1645 5789/2793/1646
f  5790/806/583 5786/786/564 5791/788/566 5792/5741/3276
f  5793/2796/585 5794/5742/583 5795/5743/3276 5796/2794/1647
f  5797/790/568 5785/789/567 5784/5740/3275 5798/809/586
f  5797/790/568 5799/810/587 5800/811/588 5801/791/569
f  5802/792/569 5803/5744/589 5804/813/590 5805/794/571
f  5805/794/571 5806/814/591 5807/815/592 5808/797/574
f  5808/797/574 5809/816/593 5810/2791/1644 5787/800/577
f  5811/5745/651 5812/993/699 5813/995/702 5814/5746/3277
f  5815/5747/651 5816/5748/3277 5817/5749/3278 5818/1004/703
f  5819/1006/711 5820/997/704 5821/999/706 5822/2805/1656
f  5823/1037/733 5819/1006/711 5824/2804/1655 5825/5750/3279
f  5826/1038/733 5827/5751/3279 5828/1041/736 5829/1039/734
f  5830/5752/503 5831/5753/1658 5832/2777/1631 5833/2779/505
f  5834/1049/744 5835/1061/756 5836/2811/1662 5837/5754/3280
f  5835/1061/756 5838/1062/757 5839/5755/3281 5840/1065/760
f  5829/1039/734 5841/2815/1666 5842/5756/3282 5843/1040/735
f  5844/1073/766 5845/2818/1669 5846/5757/3283 5847/5758/765
f  5793/2796/585 5848/2795/1648 5849/2797/1649 5850/2799/793
f  5851/1240/698 5852/1239/876 5853/5759/3284 5854/5760/1672
f  5855/1415/1009 5856/1420/1014 5857/5761/3285 5858/1422/1016
f  5859/1424/1018 5860/1426/1020 5861/5762/3286 5862/1430/1022
f  5863/1456/1048 5864/2825/1675 5865/2828/1678 5866/1449/1041
f  5867/1434/1026 5868/1439/1031 5869/5763/3287 5870/2832/1682
f  5871/1445/1037 5872/5764/3288 5869/5763/3287 5868/1439/1031
f  5873/1110/796 5874/1106/793 5875/5765/1650 5876/2833/1683
f  5877/1111/797 5873/1110/796 5878/2834/1684 5879/1688/1207
f  5880/1696/1215 5881/1717/1230 5882/2843/1693 5883/2840/1690
f  5884/1719/1232 5885/1725/1235 5886/2847/1697 5887/2844/1694
f  5888/5766/1236 5889/5767/3289 5890/5768/1700 5891/5769/1237
f  5892/2853/1237 5893/2852/1701 5894/5770/1240 5895/5771/1239
f  5896/1763/1252 5897/1729/1239 5898/1731/1241 5899/5772/3290
f  5900/1764/1257 5896/1763/1252 5899/5772/3290 5901/1766/1258
f  5885/1725/1235 5902/1775/1264 5903/5773/3291 5904/2846/1696
f  5905/5774/3292 5906/5775/3292 5907/5776/3293 5908/5777/3293
f  5909/2768/1623 5910/2766/1621 5911/2765/258 5912/2769/262
f  5913/2776/1630 5914/5778/3273 5915/425/317 5733/334/255
f  5916/2788/1641 5917/2789/1642 5764/739/532 5918/738/531
f  5919/2820/1671 5920/2800/1651 5812/993/699 5921/2821/698
f  5817/5749/3278 5922/2802/1653 5820/997/704 5818/1004/703
f  5923/2809/1660 5924/2806/1657 5925/698/503 5926/1045/740
f  5837/5754/3280 5927/2810/1661 5926/1045/740 5834/1049/744
f  5928/2813/1664 5839/5755/3281 5838/1062/757 5929/1069/764
f  5930/5779/3283 5931/2816/1667 5929/1069/764 5932/1070/765
f  5842/5756/3282 5933/2817/1668 5844/1073/766 5843/1040/735
f  5934/1423/1017 5853/5759/3284 5852/1239/876 5855/1415/1009
f  5935/2823/1673 5857/5761/3285 5856/1420/1014 5859/1424/1018
f  5936/5780/3294 5937/5781/3286 5938/5782/1020 5939/1428/1021
f  5940/2827/1677 5936/5780/3294 5939/1428/1021 5941/1433/1025
f  5942/5783/3295 5943/2826/1676 5941/1433/1025 5944/1432/1024
f  5945/2831/1681 5942/5783/3295 5944/1432/1024 5867/1434/1026
f  5946/2829/1679 5872/5764/3288 5871/1445/1037 5866/1449/1041
f  5947/2837/1687 5948/2835/1685 5863/1456/1048 5949/1690/1209
f  5950/2839/1689 5951/2836/1686 5949/1690/1209 5952/1691/1210
f  5953/2841/1691 5954/2838/1688 5952/1691/1210 5880/1696/1215
f  5955/2845/1695 5956/2842/1692 5881/1717/1230 5884/1719/1232
f  5957/5784/1703 5958/5785/3291 5959/1774/1264 5960/1769/1257
f  5961/3201/1959 5962/5786/3270 5963/5707/1617 5964/3202/1960
f  5961/3201/1959 5965/3198/1958 5732/2775/1629 5962/5786/3270
f  5966/5787/1961 5967/5788/259 5968/5789/3271 5969/5790/1620
f  5970/3226/1969 5971/3223/1963 5972/5791/1622 5973/5714/1625
f  5974/3230/1969 5975/5792/1624 5976/5793/3272 5977/3289/2012
f  5978/3290/2012 5979/5794/3272 5980/5716/1627 5981/3291/2013
f  5981/3291/2013 5982/5715/1626 5749/2774/1628 5983/3293/2015
f  5983/3293/2015 5753/426/318 5752/5736/3273 5984/3296/2017
f  5985/3588/2203 5986/3587/2206 5987/5795/509 5988/5796/1632
f  5989/3597/2207 5990/3599/513 5991/3594/511 5992/3593/2206
f  5989/3597/2207 5964/3202/1960 5993/5708/1618 5994/3598/514
f  5995/3629/2226 5996/3631/2228 5766/2785/1638 5765/2790/1643
f  5996/3631/2228 5997/3634/2231 5769/2783/1636 5768/2786/1639
f  5998/3638/2233 5773/5738/3274 5772/2784/1637 5997/3634/2231
f  5998/3638/2233 5999/3646/2237 5774/2782/1635 5773/5738/3274
f  5999/3646/2237 6000/3647/2238 5777/759/546 5776/2781/1634
f  6000/3647/2238 6001/3649/2240 5780/5739/550 5779/760/547
f  6002/3650/2240 6003/3677/2254 5784/5740/3275 5783/765/551
f  6004/3676/2253 5789/2793/1646 5788/2792/1645 6005/3695/2264
f  6006/3706/2270 5792/5741/3276 5791/788/566 6004/3676/2253
f  6007/3708/2272 5796/2794/1647 5795/5743/3276 6008/3705/2270
f  6009/3678/2255 5798/809/586 5784/5740/3275 6003/3677/2254
f  6009/3678/2255 6010/3680/2256 5800/811/588 5799/810/587
f  6011/5797/2256 6012/3686/2258 5804/813/590 5803/5744/589
f  6012/3686/2258 6013/3689/2261 5807/815/592 5806/814/591
f  6013/3689/2261 6005/3695/2264 5810/2791/1644 5809/816/593
f  6014/5798/2330 6015/5799/3277 6016/3884/702 6017/3883/2379
f  6018/3886/2330 6019/3888/2380 5817/5749/3278 6020/5800/3277
f  6021/3895/2386 5822/2805/1656 5821/999/706 6022/3889/2381
f  6023/3926/2408 5825/5750/3279 5824/2804/1655 6021/3895/2386
f  6024/3925/2408 6025/3927/2409 5828/1041/736 5827/5751/3279
f  6026/5721/2201 6027/5717/2203 5832/2777/1631 6028/5722/1658
f  6029/3937/2416 5837/5754/3280 5836/2811/1662 6030/3954/2428
f  6030/3954/2428 5840/1065/760 5839/5755/3281 6031/3955/2429
f  6025/3927/2409 6032/3928/2410 5842/5756/3282 5841/2815/1666
f  6033/3966/2436 6034/3968/2435 5846/5757/3283 5845/2818/1669
f  6007/3708/2272 6035/4016/2464 5849/2797/1649 5848/2795/1648
f  6036/3879/2377 6037/5726/1672 6038/5801/3284 6039/4158/2546
f  6040/4338/2679 6041/5802/1016 6042/5803/3285 6043/4345/2684
f  6044/4358/2686 5862/1430/1022 5861/5762/3286 6045/5804/2688
f  6046/4392/2714 6047/4381/2707 5865/2828/1678 5864/2825/1675
f  6048/4362/2692 5870/2832/1682 5869/5763/3287 6049/4369/2697
f  6050/4380/2703 6049/4369/2697 5869/5763/3287 5872/5764/3288
f  6051/4019/2466 5876/2833/1683 5875/5765/1650 6052/4020/2464
f  6053/4021/2467 5879/1688/1207 5878/2834/1684 6051/4019/2466
f  6054/4659/2879 5883/2840/1690 5882/2843/1693 6055/4676/2894
f  6056/4679/2896 5887/2844/1694 5886/2847/1697 6057/4685/2899
f  6058/5805/1236 6059/5806/2900 6060/5807/1700 6061/5808/3289
f  6062/4695/2900 6063/4694/2901 5894/5770/1240 5893/2852/1701
f  6064/4710/2912 5899/5772/3290 5898/1731/1241 6065/4689/2901
f  6066/4716/2917 5901/1766/1258 5899/5772/3290 6064/4710/2912
f  6057/4685/2899 5904/2846/1696 5903/5773/3291 6067/4727/2922
f  6068/5809/3296 5908/5777/3293 5907/5776/3293 6069/5810/3296
f  6070/5712/1623 6071/5711/1963 6072/5709/1961 5910/2766/1621
f  5913/2776/1630 5965/3198/1958 6073/5811/2017 5914/5778/3273
f  5916/2788/1641 6074/3627/2224 5995/3629/2226 5917/2789/1642
f  6075/5725/1671 6076/5724/2377 6017/3883/2379 6077/5718/1651
f  5817/5749/3278 6019/3888/2380 6022/3889/2381 5922/2802/1653
f  5923/2809/1660 6078/3939/2412 6079/5812/2201 5924/2806/1657
f  5837/5754/3280 6029/3937/2416 6078/3939/2412 5927/2810/1661
f  5928/2813/1664 6080/3964/2434 6031/3955/2429 5839/5755/3281
f  5930/5779/3283 6081/3965/2435 6080/3964/2434 5931/2816/1667
f  5842/5756/3282 6032/3928/2410 6033/3966/2436 5933/2817/1668
f  6082/5813/1017 6083/5814/2679 6039/4158/2546 6038/5801/3284
f  5935/2823/1673 6044/4358/2686 6084/5815/2684 5857/5761/3285
f  5936/5780/3294 6085/4360/2689 6086/5816/2688 5937/5781/3286
f  5940/2827/1677 6087/4361/2691 6085/4360/2689 5936/5780/3294
f  5942/5783/3295 6088/4359/2690 6087/4361/2691 5943/2826/1676
f  5945/2831/1681 6048/4362/2692 6088/4359/2690 5942/5783/3295
f  5946/2829/1679 6047/4381/2707 6050/4380/2703 5872/5764/3288
f  5947/2837/1687 6089/4652/2873 6046/4392/2714 5948/2835/1685
f  5950/2839/1689 6090/4653/2874 6089/4652/2873 5951/2836/1686
f  5953/2841/1691 6054/4659/2879 6090/4653/2874 5954/2838/1688
f  5955/2845/1695 6056/4679/2896 6055/4676/2894 5956/2842/1692
f  5957/5784/1703 6091/4725/2917 6092/4724/2922 5958/5785/3291
