# This file uses centimeters as units for non-parametric coordinates.

mtllib SM_Dantooine_Distant_HillMass_A.mtl
g default
v 1742.732213 89.480138 1785.341802
v 1725.688377 63.914388 1921.692489
v 1896.126735 63.914388 1913.170571
v 1572.293855 89.480138 1938.736325
v 1913.170571 63.914388 1768.297966
v 2092.130847 55.392462 1896.126735
v 2100.652765 46.870553 1751.254131
v 2109.174683 38.348627 1631.947280
v 1572.293855 123.567810 1802.385638
v 1418.899332 123.567810 1955.780160
v 1742.732213 115.045892 1648.991116
v 1580.815772 166.177399 1666.034952
v 1921.692489 72.436302 1640.469198
v 1418.899332 174.699317 1819.429474
v 1265.504810 200.265071 1836.473310
v 1418.899332 217.308907 1683.078787
v 1265.504810 149.133563 1964.302078
v 1589.337690 200.265071 1529.684265
v 1120.632205 191.743153 1853.517146
v 1120.632205 140.611646 1981.345914
v 1265.504810 242.874660 1708.644541
v 967.237683 174.699317 1879.082899
v 967.237683 106.523974 1998.389750
v 1120.632205 234.352743 1734.210295
v 967.237683 242.874660 1751.254131
v 822.365078 166.177399 1896.126735
v 822.365078 80.958220 2015.433586
v 822.365078 242.874660 1776.819884
v 660.448638 123.567810 1904.648653
v 660.448638 55.392462 2032.477422
v 660.448638 208.786989 1785.341802
v 507.054116 38.348627 2049.521258
v 822.365078 285.484250 1657.513034
v 967.237683 276.962332 1631.947280
v 1120.632205 251.396578 1606.381526
v 822.365078 302.528086 1529.684265
v 975.759601 285.484250 1504.118511
v 1274.026728 259.918496 1572.293855
v 1129.154123 259.918496 1461.508922
v 1427.421250 242.874660 1546.728101
v 1282.548646 276.962332 1435.943168
v 1435.943168 268.440414 1410.377414
v 1299.592481 302.528086 1291.070563
v 984.281519 285.484250 1359.245907
v 1137.676041 276.962332 1316.636317
v 822.365078 302.528086 1384.811660
v 992.803437 302.528086 1265.504810
v 1146.197959 311.050004 1222.895220
v 830.886996 302.528086 1299.592481
v 668.970556 294.006168 1401.855496
v 1001.325355 370.703429 1052.456862
v 1308.114399 336.615757 1197.329466
v 660.448638 285.484250 1546.728101
v 668.970556 302.528086 1316.636317
v 660.448638 259.918496 1666.034952
v 507.054116 234.352743 1410.377414
v 507.054116 208.786989 1546.728101
v 507.054116 174.699317 1674.556869
v 507.054116 123.567810 1793.863720
v 345.137675 80.958220 1683.078787
v 507.054116 63.914388 1921.692489
v 345.137675 55.392462 1810.907556
v 336.615757 38.348627 1938.736325
v 336.615757 38.348627 2066.565093
v 174.699317 46.870553 1691.600705
v 174.699317 46.870553 1955.780160
v 174.699317 46.870553 1827.951392
v 174.699317 46.870553 2083.608929
v 12.782879 55.392462 1972.823996
v 12.782879 55.392462 2100.652765
v 12.782879 55.392462 1836.473310
v 12.782879 55.392462 1708.644541
v -157.655481 63.914388 1853.517146
v -157.655481 63.914388 1989.867832
v -157.655481 63.914388 2117.696601
v -157.655481 63.914388 1717.166459
v -336.615757 63.914388 1862.039063
v -336.615757 55.392462 1998.389750
v -336.615757 55.392462 2134.740437
v -328.093840 72.436302 1725.688377
v -438.878772 55.392462 1870.560981
v -438.878772 46.870553 2006.911668
v -438.878772 46.870553 2134.740437
v -430.356854 72.436302 1725.688377
v -532.619869 63.914388 1870.560981
v -541.141787 46.870553 2006.911668
v -549.663705 38.348627 2143.262355
v -532.619869 80.958220 1734.210295
v -711.580146 55.392462 2006.911668
v -711.580146 38.348627 2143.262355
v -703.058228 106.523974 1879.082899
v -864.974668 98.002056 2006.911668
v -864.974668 46.870553 2143.262355
v -694.536310 149.133563 1734.210295
v -856.452750 157.655481 1879.082899
v -1009.847272 149.133563 2015.433586
v -1018.369190 80.958220 2134.740437
v -847.930832 208.786989 1742.732213
v -1154.719877 191.743153 2006.911668
v -1154.719877 123.567810 2134.740437
v -1009.847272 217.308907 1887.604817
v -1299.592481 208.786989 2006.911668
v -1299.592481 149.133563 2126.218519
v -1154.719877 251.396578 1887.604817
v -1001.325355 259.918496 1751.254131
v -1299.592481 259.918496 1887.604817
v -1444.465086 183.221235 1998.389750
v -1435.943168 140.611646 2117.696601
v -1452.987004 225.830825 1879.082899
v -1154.719877 285.484250 1759.776049
v -1299.592481 268.440414 1759.776049
v -1154.719877 276.962332 1614.903444
v -1580.815772 149.133563 1989.867832
v -1563.771937 115.045892 2109.174683
v -1597.859608 174.699317 1862.039063
v -1725.688377 123.567810 1972.823996
v -1700.122623 106.523974 2100.652765
v -1751.254131 140.611646 1853.517146
v -1870.560981 115.045892 1964.302078
v -1844.995228 106.523974 2083.608929
v -1998.389750 106.523974 2066.565093
v -2032.477422 106.523974 1938.736325
v -1904.648653 123.567810 1844.995228
v -2058.043175 106.523974 1827.951392
v -1776.819884 149.133563 1725.688377
v -1921.692489 132.089728 1725.688377
v -2075.087011 115.045892 1717.166459
v -1614.903444 183.221235 1742.732213
v -1461.508922 234.352743 1751.254131
v -1631.947280 191.743153 1606.381526
v -1793.863720 166.177399 1597.859608
v -1947.258243 149.133563 1597.859608
v -2092.130847 140.611646 1597.859608
v -1470.030840 225.830825 1614.903444
v -1648.991116 217.308907 1461.508922
v -1308.114399 259.918496 1623.425362
v -1325.158235 259.918496 1461.508922
v -1487.074675 242.874660 1461.508922
v -1171.763713 268.440414 1461.508922
v -1350.723989 294.006168 1308.114399
v -1001.325355 268.440414 1606.381526
v -1009.847272 251.396578 1452.987004
v -847.930832 225.830825 1597.859608
v -694.536310 166.177399 1589.337690
v -1188.807549 285.484250 1299.592481
v -532.619869 89.480138 1580.815772
v -430.356854 72.436302 1580.815772
v -532.619869 80.958220 1435.943168
v -1035.413026 251.396578 1282.548646
v -328.093840 72.436302 1589.337690
v -328.093840 72.436302 1444.465086
v -157.655481 72.436302 1580.815772
v 12.782879 63.914388 1572.293855
v -157.655481 72.436302 1444.465086
v 174.699317 63.914388 1563.771937
v 12.782879 72.436302 1435.943168
v -157.655481 63.914388 1359.245907
v -430.356854 63.914388 1435.943168
v 345.137675 106.523974 1555.250019
v 174.699317 80.958220 1427.421250
v 345.137675 140.611646 1418.899332
v 38.348627 89.480138 1256.982892
v 208.786989 115.045892 1333.680153
v 515.576034 251.396578 1325.158235
v 311.050004 174.699317 1239.939056
v 89.480138 115.045892 1112.110287
v 208.786989 183.221235 1103.588369
v 387.747265 217.308907 1103.588369
v 686.014392 328.093840 1095.066452
v -183.221235 72.436302 1120.632205
v 541.141787 276.962332 1095.066452
v 396.269183 225.830825 1001.325355
v 549.663705 268.440414 992.803437
v 208.786989 200.265071 1001.325355
v 89.480138 132.089728 1009.847272
v 387.747265 183.221235 864.974668
v 208.786989 166.177399 873.496586
v 379.225347 149.133563 711.580146
v 566.707541 217.308907 839.408914
v 711.580146 268.440414 822.365078
v 694.536310 319.571922 984.281519
v 847.930832 362.181511 967.237683
v 856.452750 328.093840 805.321243
v 839.408914 345.137675 1078.022616
v 1001.325355 404.791101 941.671929
v 1009.847272 387.747265 779.755489
v 1180.285631 421.834937 916.106175
v 1171.763713 387.747265 1026.891108
v 1188.807549 413.313019 754.189735
v 1333.680153 413.313019 1009.847272
v 1350.723989 447.400690 899.062340
v 1461.508922 336.615757 1180.285631
v 1495.596593 404.791101 1001.325355
v 1452.987004 302.528086 1274.026728
v 1589.337690 387.747265 1001.325355
v 1597.859608 311.050004 1180.285631
v 1597.859608 276.962332 1265.504810
v 1683.078787 259.918496 1205.851384
v 1589.337690 234.352743 1401.855496
v 1734.210295 208.786989 1282.548646
v 1742.732213 140.611646 1521.162347
v 1734.210295 174.699317 1401.855496
v 1913.170571 80.958220 1521.162347
v 2109.174683 38.348627 1521.162347
v 1904.648653 98.002056 1410.377414
v 2109.174683 46.870553 1410.377414
v 1896.126735 132.089728 1291.070563
v 2109.174683 63.914388 1299.592481
v 1887.604817 174.699317 1171.763713
v 2117.696601 89.480138 1180.285631
v 1896.126735 208.786989 1043.934944
v 2134.740437 132.089728 1043.934944
v 1683.078787 302.528086 1001.325355
v 1913.170571 225.830825 890.540422
v 2160.306190 157.655481 890.540422
v 1708.644541 311.050004 890.540422
v 1606.381526 404.791101 890.540422
v 1930.214407 200.265071 720.102063
v 2177.350026 140.611646 720.102063
v 2177.350026 98.002056 541.141787
v 1725.688377 276.962332 720.102063
v 1947.258243 140.611646 532.619869
v 2177.350026 55.392462 362.181511
v 1751.254131 208.786989 532.619869
v 1623.425362 379.225347 728.623981
v 1955.780160 80.958220 345.137675
v 2177.350026 4.260957 174.699317
v 1947.258243 29.826715 166.177399
v 2151.784272 -98.002056 -4.260957
v 1759.776049 140.611646 336.615757
v 1648.991116 319.571922 541.141787
v 1666.034952 234.352743 336.615757
v 1751.254131 72.436302 157.655481
v 1921.692489 -72.436302 -12.782879
v 1887.604817 -98.002056 -200.265071
v 2126.218519 -140.611646 -200.265071
v 2092.130847 -183.221235 -387.747265
v 1640.469198 -29.826715 -225.830825
v 1862.039063 -132.089728 -387.747265
v 2066.565093 -217.308907 -583.751377
v 1640.469198 -63.914388 -387.747265
v 1844.995228 -166.177399 -583.751377
v 2049.521258 -251.396578 -779.755489
v 1827.951392 -208.786989 -779.755489
v 2023.955504 -285.484250 -984.281519
v 1810.907556 -242.874660 -984.281519
v 1998.389750 -311.050004 -1188.807549
v 1614.903444 -157.655481 -788.277407
v 1623.425362 -106.523974 -583.751377
v 1418.899332 -21.304793 -379.225347
v 1401.855496 -115.045892 -779.755489
v 1538.206183 -174.699317 -992.803437
v 1802.385638 -276.962332 -1188.807549
v 1785.341802 -302.528086 -1393.333578
v 1981.345914 -345.137675 -1393.333578
v 1504.118511 -200.265071 -1205.851384
v 1955.780160 -379.225347 -1597.859608
v 1461.508922 -166.177399 -992.803437
v 1572.293855 -302.528086 -1606.381526
v 1759.776049 -336.615757 -1597.859608
v 1742.732213 -379.225347 -1810.907556
v 1938.736325 -413.313019 -1802.385638
v 1913.170571 -447.400690 -2006.911668
v 1725.688377 -413.313019 -2015.433586
v 1538.206183 -379.225347 -2032.477422
v 1555.250019 -336.615757 -1819.429474
v 1350.723989 -345.137675 -2040.999340
v 1376.289743 -311.050004 -1827.951392
v 1171.763713 -319.571922 -2049.521258
v 1470.030840 -208.786989 -1265.504810
v 1188.807549 -285.484250 -1836.473310
v 1299.592481 -208.786989 -1461.508922
v 1427.421250 -191.743153 -1205.851384
v 1001.325355 -302.528086 -2058.043175
v 1018.369190 -268.440414 -1844.995228
v 822.365078 -268.440414 -2075.087011
v 1222.895220 -200.265071 -1504.118511
v 839.408914 -225.830825 -1853.517146
v 651.926720 -208.786989 -2092.130847
v 1035.413026 -174.699317 -1538.206183
v 856.452750 -140.611646 -1623.425362
v 668.970556 -157.655481 -1870.560981
v 464.444526 -140.611646 -2109.174683
v 1231.417138 -191.743153 -1427.421250
v 1043.934944 -166.177399 -1444.465086
v 864.974668 -115.045892 -1393.333578
v 1043.934944 -208.786989 -1205.851384
v 1231.417138 -217.308907 -1214.373302
v 1248.460974 -174.699317 -992.803437
v 1052.456862 -166.177399 -992.803437
v 864.974668 -157.655481 -1197.329466
v 1308.114399 -123.567810 -779.755489
v 1060.978780 -106.523974 -771.233571
v 703.058228 -55.392462 -1384.811660
v 856.452750 -132.089728 -984.281519
v 694.536310 -55.392462 -1163.241795
v 686.014392 -80.958220 -1631.947280
v 515.576034 -21.304793 -1393.333578
v 481.488362 -98.002056 -1887.604817
v 259.918496 -89.480138 -2126.218519
v 498.532198 -38.348627 -1640.469198
v 276.962332 -46.870553 -1904.648653
v 63.914388 -72.436302 -2134.740437
v 285.484250 -4.260957 -1666.034952
v 72.436302 -38.348627 -1921.692489
v -123.567810 38.348627 -2143.262355
v -123.567810 89.480138 -1921.692489
v -311.050004 89.480138 -2134.740437
v 72.436302 4.260957 -1683.078787
v 302.528086 12.782879 -1427.421250
v -302.528086 149.133563 -1921.692489
v -387.747265 98.002056 -2134.740437
v -123.567810 149.133563 -1683.078787
v 80.958220 55.392462 -1452.987004
v -123.567810 191.743153 -1444.465086
v 89.480138 72.436302 -1282.548646
v -311.050004 242.874660 -1640.469198
v -387.747265 166.177399 -1921.692489
v -464.444526 191.743153 -1913.170571
v -464.444526 115.045892 -2134.740437
v -626.360966 225.830825 -1904.648653
v -626.360966 140.611646 -2126.218519
v -788.277407 140.611646 -2100.652765
v -634.882884 319.571922 -1700.122623
v -472.966444 268.440414 -1700.122623
v -387.747265 242.874660 -1700.122623
v -362.181511 259.918496 -1614.903444
v -311.050004 276.962332 -1452.987004
v -362.181511 294.006168 -1452.987004
v -481.488362 319.571922 -1504.118511
v -643.404802 396.269183 -1512.640429
v -481.488362 353.659593 -1333.680153
v -311.050004 285.484250 -1274.026728
v -362.181511 302.528086 -1274.026728
v -115.045892 166.177399 -1274.026728
v -311.050004 259.918496 -1120.632205
v -490.010280 353.659593 -1180.285631
v -643.404802 430.356854 -1342.202071
v -788.277407 404.791101 -1504.118511
v -413.313019 311.050004 -1095.066452
v -643.404802 430.356854 -1188.807549
v -106.523974 89.480138 -1137.676041
v -311.050004 225.830825 -958.715765
v -98.002056 12.782879 -984.281519
v 98.002056 38.348627 -1146.197959
v 319.571922 21.304793 -1060.978780
v -490.010280 336.615757 -1035.413026
v 319.571922 55.392462 -1214.373302
v 106.523974 -29.826715 -1001.325355
v 515.576034 4.260957 -967.237683
v 524.097952 21.304793 -1154.719877
v 677.492474 -55.392462 -958.715765
v 328.093840 -46.870553 -916.106175
v 524.097952 -21.304793 -788.277407
v 864.974668 -72.436302 -762.711653
v 686.014392 -29.826715 -745.667817
v 541.141787 -4.260957 -583.751377
v 345.137675 -38.348627 -703.058228
v 115.045892 -21.304793 -779.755489
v 703.058228 4.260957 -541.141787
v 873.496586 -21.304793 -549.663705
v 370.703429 -21.304793 -455.922608
v 1078.022616 -55.392462 -558.185623
v 1308.114399 -80.958220 -643.404802
v 1086.544534 -21.304793 -362.181511
v 1350.723989 -80.958220 -643.404802
v 1291.070563 -72.436302 -566.707541
v 1376.289743 -63.914388 -575.229459
v 1256.982892 -38.348627 -370.703429
v 1282.548646 -12.782879 -183.221235
v 907.584257 12.782879 -353.659593
v 1103.588369 12.782879 -174.699317
v 737.145899 29.826715 -345.137675
v 941.671929 63.914388 -157.655481
v 575.229459 4.260957 -379.225347
v 788.277407 89.480138 -149.133563
v 1103.588369 55.392462 89.480138
v 975.759601 89.480138 38.348627
v 626.360966 55.392462 -157.655481
v 839.408914 115.045892 55.392462
v 421.834937 -12.782879 -191.743153
v 1222.895220 46.870553 72.436302
v 1103.588369 63.914388 208.786989
v 1231.417138 89.480138 191.743153
v 984.281519 46.870553 234.352743
v 1231.417138 251.396578 370.703429
v 1078.022616 191.743153 396.269183
v 1384.811660 132.089728 174.699317
v 1342.202071 63.914388 63.914388
v 1401.855496 294.006168 353.659593
v 1470.030840 46.870553 -21.304793
v 1538.206183 132.089728 157.655481
v 1538.206183 -4.260957 -225.830825
v 1614.903444 -4.260957 -166.177399
v 1606.381526 29.826715 -21.304793
v 1708.644541 -4.260957 -21.304793
v 1648.991116 106.523974 157.655481
v 1563.771937 268.440414 345.137675
v 1555.250019 353.659593 541.141787
v 1529.684265 413.313019 728.623981
v 1384.811660 387.747265 549.663705
v 1205.851384 370.703429 566.707541
v 1367.767825 438.878772 737.145899
v 1512.640429 430.356854 890.540422
v 1035.413026 328.093840 592.273295
v 882.018504 251.396578 617.839049
v 941.671929 123.567810 413.313019
v 745.667817 183.221235 634.882884
v 805.321243 80.958220 438.878772
v 856.452750 38.348627 251.396578
v 686.014392 21.304793 251.396578
v 651.926720 63.914388 447.400690
v 600.795213 149.133563 651.926720
v 668.970556 89.480138 55.392462
v 447.400690 4.260957 46.870553
v 455.922608 4.260957 251.396578
v 498.532198 72.436302 515.576034
v 370.703429 132.089728 634.882884
v 191.743153 21.304793 242.874660
v 183.221235 4.260957 21.304793
v 191.743153 46.870553 524.097952
v -72.436302 46.870553 12.782879
v 200.265071 123.567810 643.404802
v -72.436302 55.392462 242.874660
v -72.436302 55.392462 464.444526
v 200.265071 140.611646 720.102063
v 80.958220 80.958220 643.404802
v 89.480138 106.523974 873.496586
v 80.958220 89.480138 720.102063
v -183.221235 72.436302 890.540422
v -183.221235 98.002056 1018.369190
v -183.221235 63.914388 754.189735
v -294.006168 72.436302 890.540422
v -294.006168 72.436302 1120.632205
v -311.050004 55.392462 464.444526
v -294.006168 63.914388 754.189735
v -311.050004 55.392462 242.874660
v -294.006168 98.002056 1018.369190
v -311.050004 55.392462 21.304793
v -328.093840 63.914388 1350.723989
v -438.878772 46.870553 1350.723989
v -396.269183 46.870553 1120.632205
v -541.141787 63.914388 1333.680153
v -558.185623 55.392462 1146.197959
v -396.269183 63.914388 1018.369190
v -396.269183 55.392462 890.540422
v -558.185623 63.914388 1018.369190
v -396.269183 55.392462 847.930832
v -558.185623 72.436302 890.540422
v -754.189735 140.611646 1001.325355
v -566.707541 63.914388 771.233571
v -566.707541 55.392462 617.839049
v -762.711653 132.089728 779.755489
v -754.189735 157.655481 899.062340
v -924.628093 259.918496 899.062340
v -933.150011 234.352743 788.277407
v -916.106175 251.396578 1009.847272
v -933.150011 174.699317 651.926720
v -1078.022616 319.571922 788.277407
v -771.233571 89.480138 651.926720
v -1078.022616 259.918496 651.926720
v -1078.022616 345.137675 907.584257
v -788.277407 46.870553 490.010280
v -941.671929 98.002056 490.010280
v -1078.022616 191.743153 481.488362
v -1060.978780 149.133563 302.528086
v -1214.373302 259.918496 464.444526
v -677.492474 46.870553 532.619869
v -933.150011 72.436302 319.571922
v -558.185623 46.870553 464.444526
v -651.926720 38.348627 328.093840
v -558.185623 46.870553 242.874660
v -805.321243 29.826715 328.093840
v -907.584257 98.002056 149.133563
v -737.145899 55.392462 166.177399
v -779.755489 55.392462 157.655481
v -532.619869 46.870553 4.260957
v -703.058228 80.958220 55.392462
v -754.189735 89.480138 46.870553
v -694.536310 72.436302 -29.826715
v -481.488362 55.392462 -140.611646
v -1043.934944 174.699317 123.567810
v -882.018504 140.611646 21.304793
v -1018.369190 217.308907 4.260957
v -737.145899 80.958220 -38.348627
v -1009.847272 208.786989 -80.958220
v -873.496586 132.089728 -63.914388
v -677.492474 63.914388 -294.006168
v -490.010280 63.914388 -285.484250
v -822.365078 123.567810 -302.528086
v -643.404802 72.436302 -455.922608
v -975.759601 208.786989 -319.571922
v -805.321243 166.177399 -481.488362
v -507.054116 63.914388 -200.265071
v -455.922608 63.914388 -200.265071
v -481.488362 115.045892 -447.400690
v -447.400690 72.436302 -285.484250
v -430.356854 63.914388 -208.786989
v -311.050004 55.392462 -251.396578
v -379.225347 72.436302 -353.659593
v -430.356854 115.045892 -447.400690
v -634.882884 208.786989 -660.448638
v -311.050004 63.914388 -481.488362
v -72.436302 46.870553 -217.308907
v 166.177399 -4.260957 -217.308907
v -89.480138 46.870553 -498.532198
v 132.089728 -4.260957 -507.054116
v -98.002056 21.304793 -762.711653
v -276.962332 98.002056 -686.014392
v -200.265071 80.958220 -847.930832
v -370.703429 115.045892 -541.141787
v -336.615757 200.265071 -839.408914
v -387.747265 191.743153 -694.536310
v -430.356854 200.265071 -651.926720
v -430.356854 251.396578 -788.277407
v -472.966444 208.786989 -660.448638
v -481.488362 268.440414 -788.277407
v -438.878772 285.484250 -890.540422
v -438.878772 311.050004 -1035.413026
v -481.488362 302.528086 -899.062340
v -634.882884 328.093840 -899.062340
v -634.882884 276.962332 -788.277407
v -873.496586 302.528086 -830.886996
v -643.404802 396.269183 -1043.934944
v -788.277407 328.093840 -899.062340
v -779.755489 396.269183 -1043.934944
v -796.799325 242.874660 -660.448638
v -941.671929 311.050004 -882.018504
v -1120.632205 302.528086 -864.974668
v -1078.022616 311.050004 -754.189735
v -1052.456862 302.528086 -634.882884
v -967.237683 242.874660 -490.010280
v -1120.632205 319.571922 -617.839049
v -1120.632205 251.396578 -319.571922
v -1120.632205 294.006168 -481.488362
v -1120.632205 319.571922 -745.667817
v -1282.548646 345.137675 -609.317131
v -1291.070563 353.659593 -728.623981
v -1291.070563 336.615757 -847.930832
v -1452.987004 336.615757 -711.580146
v -1274.026728 302.528086 -472.966444
v -1444.465086 319.571922 -592.273295
v -1461.508922 328.093840 -830.886996
v -1274.026728 234.352743 -311.050004
v -1614.903444 285.484250 -694.536310
v -1435.943168 259.918496 -455.922608
v -1614.903444 259.918496 -566.707541
v -1444.465086 166.177399 -302.528086
v -1291.070563 225.830825 -98.002056
v -1146.197959 251.396578 -98.002056
v -1154.719877 259.918496 -12.782879
v -1171.763713 225.830825 115.045892
v -1291.070563 242.874660 -12.782879
v -1188.807549 225.830825 285.484250
v -1308.114399 217.308907 115.045892
v -1325.158235 242.874660 276.962332
v -1452.987004 149.133563 -80.958220
v -1461.508922 166.177399 -4.260957
v -1461.508922 157.655481 123.567810
v -1597.859608 89.480138 4.260957
v -1555.250019 115.045892 -157.655481
v -1631.947280 106.523974 -285.484250
v -1614.903444 200.265071 -430.356854
v -1819.429474 72.436302 -268.440414
v -1802.385638 132.089728 -413.313019
v -1717.166459 72.436302 -132.089728
v -1844.995228 55.392462 -123.567810
v -1998.389750 46.870553 -259.918496
v -1844.995228 63.914388 21.304793
v -1793.863720 183.221235 -549.663705
v -1793.863720 208.786989 -677.492474
v -1657.513034 98.002056 149.133563
v -2015.433586 63.914388 29.826715
v -1657.513034 149.133563 294.006168
v -1844.995228 80.958220 166.177399
v -1478.552757 208.786989 285.484250
v -1844.995228 98.002056 311.050004
v -1495.596593 259.918496 438.878772
v -2023.955504 72.436302 174.699317
v -1657.513034 191.743153 447.400690
v -1836.473310 115.045892 455.922608
v -2177.350026 55.392462 38.348627
v -2177.350026 63.914388 183.221235
v -2168.828108 46.870553 -106.523974
v -2177.350026 55.392462 328.093840
v -2006.911668 55.392462 -115.045892
v -2168.828108 38.348627 -242.874660
v -2160.306190 29.826715 -387.747265
v -2015.433586 72.436302 319.571922
v -2177.350026 46.870553 464.444526
v -1981.345914 63.914388 -396.269183
v -2151.784272 29.826715 -524.097952
v -1972.823996 98.002056 -532.619869
v -2143.262355 29.826715 -668.970556
v -2015.433586 63.914388 464.444526
v -2168.828108 38.348627 609.317131
v -1972.823996 115.045892 -677.492474
v -1972.823996 98.002056 -822.365078
v -2134.740437 12.782879 -822.365078
v -2006.911668 63.914388 609.317131
v -1836.473310 132.089728 600.795213
v -1998.389750 63.914388 754.189735
v -2168.828108 38.348627 754.189735
v -1827.951392 132.089728 754.189735
v -1666.034952 225.830825 600.795213
v -1989.867832 72.436302 899.062340
v -2160.306190 46.870553 899.062340
v -1827.951392 140.611646 899.062340
v -1981.345914 98.002056 1052.456862
v -2151.784272 63.914388 1052.456862
v -1666.034952 234.352743 754.189735
v -1657.513034 234.352743 899.062340
v -1657.513034 242.874660 1043.934944
v -1504.118511 302.528086 609.317131
v -1504.118511 319.571922 762.711653
v -1504.118511 328.093840 899.062340
v -1504.118511 319.571922 1035.413026
v -1359.245907 379.225347 907.584257
v -1359.245907 370.703429 1026.891108
v -1504.118511 302.528086 1171.763713
v -1359.245907 370.703429 771.233571
v -1359.245907 336.615757 617.839049
v -1214.373302 387.747265 907.584257
v -1350.723989 285.484250 447.400690
v -1222.895220 319.571922 634.882884
v -1222.895220 370.703429 779.755489
v -1069.500698 328.093840 1009.847272
v -1214.373302 370.703429 1018.369190
v -907.584257 217.308907 1129.154123
v -1060.978780 285.484250 1137.676041
v -1205.851384 328.093840 1146.197959
v -1359.245907 336.615757 1154.719877
v -1504.118511 276.962332 1316.636317
v -1657.513034 242.874660 1180.285631
v -1657.513034 242.874660 1325.158235
v -1819.429474 157.655481 1043.934944
v -1819.429474 183.221235 1188.807549
v -1810.907556 200.265071 1333.680153
v -1972.823996 132.089728 1197.329466
v -2134.740437 98.002056 1197.329466
v -1964.302078 166.177399 1342.202071
v -2126.218519 140.611646 1342.202071
v -1802.385638 191.743153 1461.508922
v -1955.780160 174.699317 1470.030840
v -2109.174683 157.655481 1478.552757
v -720.102063 115.045892 1274.026728
v -703.058228 140.611646 1427.421250
v -737.145899 115.045892 1129.154123
v -882.018504 191.743153 1274.026728
v -856.452750 208.786989 1435.943168
v -1955.780160 55.392462 -1129.154123
v -2100.652765 -21.304793 -1129.154123
v -2117.696601 -4.260957 -975.759601
v -1938.736325 38.348627 -1282.548646
v -2083.608929 -21.304793 -1282.548646
v -1964.302078 72.436302 -975.759601
v -1913.170571 21.304793 -1444.465086
v -2066.565093 -12.782879 -1435.943168
v -1785.341802 106.523974 -1282.548646
v -1887.604817 12.782879 -1606.381526
v -2040.999340 -12.782879 -1589.337690
v -1759.776049 72.436302 -1452.987004
v -1734.210295 38.348627 -1623.425362
v -1853.517146 4.260957 -1776.819884
v -2015.433586 -4.260957 -1751.254131
v -1989.867832 4.260957 -1921.692489
v -1827.951392 4.260957 -1955.780160
v -1683.078787 4.260957 -1972.823996
v -1708.644541 12.782879 -1793.863720
v -1563.771937 29.826715 -1810.907556
v -1546.728101 4.260957 -1989.867832
v -1580.815772 72.436302 -1631.947280
v -1418.899332 46.870553 -1819.429474
v -1410.377414 12.782879 -2006.911668
v -1606.381526 132.089728 -1452.987004
v -1427.421250 115.045892 -1631.947280
v -1265.504810 80.958220 -1827.951392
v -1265.504810 29.826715 -2023.955504
v -1112.110287 132.089728 -1844.995228
v -1112.110287 63.914388 -2049.521258
v -958.715765 106.523974 -2075.087011
v -1265.504810 166.177399 -1640.469198
v -950.193847 191.743153 -1870.560981
v -1444.465086 191.743153 -1452.987004
v -1103.588369 217.308907 -1648.991116
v -788.277407 225.830825 -1896.126735
v -950.193847 285.484250 -1674.556869
v -788.277407 328.093840 -1691.600705
v -941.671929 362.181511 -1487.074675
v -1274.026728 242.874660 -1452.987004
v -1103.588369 294.006168 -1470.030840
v -788.277407 447.400690 -1342.202071
v -933.150011 396.269183 -1325.158235
v -788.277407 438.878772 -1188.807549
v -1103.588369 328.093840 -1299.592481
v -933.150011 379.225347 -1171.763713
v -933.150011 336.615757 -1026.891108
v -1103.588369 319.571922 -1146.197959
v -1282.548646 285.484250 -1282.548646
v -1112.110287 294.006168 -1001.325355
v -1282.548646 294.006168 -1129.154123
v -1291.070563 311.050004 -975.759601
v -1452.987004 242.874660 -1282.548646
v -1470.030840 276.962332 -1120.632205
v -1470.030840 302.528086 -975.759601
v -1640.469198 217.308907 -1120.632205
v -1623.425362 183.221235 -1282.548646
v -1802.385638 140.611646 -1120.632205
v -1802.385638 166.177399 -967.237683
v -1640.469198 251.396578 -967.237683
v -1802.385638 200.265071 -822.365078
v -1631.947280 276.962332 -822.365078
vn 0.173159 0.968114 0.181029
vn 0.110005 0.974326 0.196437
vn 0.070582 0.995994 0.054897
vn 0.110005 0.974326 0.196437
vn 0.173159 0.968114 0.181029
vn 0.221187 0.947943 0.229086
vn 0.173159 0.968114 0.181029
vn 0.070582 0.995994 0.054897
vn 0.141312 0.989187 0.039253
vn 0.141312 0.989187 0.039253
vn 0.070582 0.995994 0.054897
vn 0.070654 0.997007 -0.031402
vn 0.141312 0.989187 0.039253
vn 0.070654 0.997007 -0.031402
vn 0.086797 0.994224 -0.063125
vn 0.141312 0.989187 0.039253
vn 0.086797 0.994224 -0.063125
vn 0.165673 0.986149 0.007889
vn 0.221187 0.947943 0.229086
vn 0.173159 0.968114 0.181029
vn 0.260287 0.922835 0.283949
vn 0.221187 0.947943 0.229086
vn 0.260287 0.922835 0.283949
vn 0.236897 0.916002 0.323759
vn 0.173159 0.968114 0.181029
vn 0.141312 0.989187 0.039253
vn 0.275377 0.944151 0.180962
vn 0.260287 0.922835 0.283949
vn 0.173159 0.968114 0.181029
vn 0.300520 0.917376 0.260978
vn 0.300520 0.917376 0.260978
vn 0.173159 0.968114 0.181029
vn 0.275377 0.944151 0.180962
vn 0.141312 0.989187 0.039253
vn 0.165673 0.986149 0.007889
vn 0.221270 0.972006 0.079025
vn 0.141312 0.989187 0.039253
vn 0.221270 0.972006 0.079025
vn 0.275377 0.944151 0.180962
vn 0.236897 0.916002 0.323759
vn 0.260287 0.922835 0.283949
vn 0.259714 0.912933 0.314805
vn 0.259714 0.912933 0.314805
vn 0.260287 0.922835 0.283949
vn 0.300520 0.917376 0.260978
vn 0.236897 0.916002 0.323759
vn 0.259714 0.912933 0.314805
vn 0.094415 0.936283 0.338321
vn 0.259714 0.912933 0.314805
vn 0.300520 0.917376 0.260978
vn 0.237460 0.941926 0.237460
vn 0.259714 0.912933 0.314805
vn 0.237460 0.941926 0.237460
vn 0.094415 0.936283 0.338321
vn 0.236897 0.916002 0.323759
vn 0.094415 0.936283 0.338321
vn 0.078488 0.926153 0.368891
vn 0.307832 0.923496 0.228901
vn 0.300520 0.917376 0.260978
vn 0.275377 0.944151 0.180962
vn 0.300520 0.917376 0.260978
vn 0.307832 0.923496 0.228901
vn 0.237460 0.941926 0.237460
vn 0.078488 0.926153 0.368891
vn 0.094415 0.936283 0.338321
vn -0.007873 0.928990 0.370021
vn 0.078488 0.926153 0.368891
vn -0.007873 0.928990 0.370021
vn -0.055157 0.914038 0.401861
vn 0.094415 0.936283 0.338321
vn 0.237460 0.941926 0.237460
vn 0.086870 0.971369 0.221125
vn -0.055157 0.914038 0.401861
vn -0.007873 0.928990 0.370021
vn -0.015680 0.878087 0.478244
vn -0.055157 0.914038 0.401861
vn -0.015680 0.878087 0.478244
vn -0.078762 0.850631 0.519830
vn -0.007873 0.928990 0.370021
vn 0.094415 0.936283 0.338321
vn 0.047156 0.966708 0.251501
vn 0.047156 0.966708 0.251501
vn 0.094415 0.936283 0.338321
vn 0.086870 0.971369 0.221125
vn -0.015680 0.878087 0.478244
vn -0.007873 0.928990 0.370021
vn 0.070884 0.929364 0.362295
vn 0.070884 0.929364 0.362295
vn -0.007873 0.928990 0.370021
vn 0.047156 0.966708 0.251501
vn -0.078762 0.850631 0.519830
vn -0.015680 0.878087 0.478244
vn -0.094664 0.828314 0.552209
vn -0.078762 0.850631 0.519830
vn -0.094664 0.828314 0.552209
vn -0.110264 0.826977 0.551318
vn -0.015680 0.878087 0.478244
vn 0.070884 0.929364 0.362295
vn -0.055219 0.899284 0.433865
vn -0.015680 0.878087 0.478244
vn -0.055219 0.899284 0.433865
vn -0.094664 0.828314 0.552209
vn -0.110264 0.826977 0.551318
vn -0.094664 0.828314 0.552209
vn -0.220829 0.843881 0.488978
vn -0.110264 0.826977 0.551318
vn -0.220829 0.843881 0.488978
vn -0.062838 0.879738 0.471288
vn -0.094664 0.828314 0.552209
vn -0.055219 0.899284 0.433865
vn -0.290861 0.841139 0.455944
vn -0.094664 0.828314 0.552209
vn -0.290861 0.841139 0.455944
vn -0.220829 0.843881 0.488978
vn -0.062838 0.879738 0.471288
vn -0.220829 0.843881 0.488978
vn -0.141500 0.966917 0.212250
vn -0.055219 0.899284 0.433865
vn 0.070884 0.929364 0.362295
vn -0.023644 0.969406 0.244322
vn -0.055219 0.899284 0.433865
vn -0.023644 0.969406 0.244322
vn -0.290861 0.841139 0.455944
vn 0.126204 0.978077 0.165642
vn 0.070884 0.929364 0.362295
vn 0.047156 0.966708 0.251501
vn 0.070884 0.929364 0.362295
vn 0.126204 0.978077 0.165642
vn -0.023644 0.969406 0.244322
vn 0.126204 0.978077 0.165642
vn 0.047156 0.966708 0.251501
vn 0.078762 0.992403 0.094515
vn 0.078762 0.992403 0.094515
vn 0.047156 0.966708 0.251501
vn 0.086870 0.971369 0.221125
vn -0.023644 0.969406 0.244322
vn 0.126204 0.978077 0.165642
vn 0.007858 0.997991 0.062866
vn 0.126204 0.978077 0.165642
vn 0.078762 0.992403 0.094515
vn 0.141312 0.989187 0.039253
vn 0.126204 0.978077 0.165642
vn 0.141312 0.989187 0.039253
vn 0.007858 0.997991 0.062866
vn 0.078762 0.992403 0.094515
vn 0.086870 0.971369 0.221125
vn 0.047187 0.990929 0.125832
vn 0.047187 0.990929 0.125832
vn 0.086870 0.971369 0.221125
vn 0.237460 0.941926 0.237460
vn 0.141312 0.989187 0.039253
vn 0.078762 0.992403 0.094515
vn 0.031610 0.995713 0.086927
vn 0.031610 0.995713 0.086927
vn 0.078762 0.992403 0.094515
vn 0.047187 0.990929 0.125832
vn 0.047187 0.990929 0.125832
vn 0.237460 0.941926 0.237460
vn 0.197408 0.963351 0.181615
vn 0.197408 0.963351 0.181615
vn 0.237460 0.941926 0.237460
vn 0.307832 0.923496 0.228901
vn 0.047187 0.990929 0.125832
vn 0.197408 0.963351 0.181615
vn 0.007899 0.987410 0.157986
vn 0.047187 0.990929 0.125832
vn 0.007899 0.987410 0.157986
vn 0.031610 0.995713 0.086927
vn 0.197408 0.963351 0.181615
vn 0.307832 0.923496 0.228901
vn 0.149806 0.961913 0.228651
vn 0.197408 0.963351 0.181615
vn 0.149806 0.961913 0.228651
vn 0.007899 0.987410 0.157986
vn 0.031610 0.995713 0.086927
vn 0.007899 0.987410 0.157986
vn -0.023730 0.965038 0.261035
vn -0.023730 0.965038 0.261035
vn 0.007899 0.987410 0.157986
vn 0.149806 0.961913 0.228651
vn 0.118415 0.986794 0.110521
vn 0.141312 0.989187 0.039253
vn 0.031610 0.995713 0.086927
vn 0.118415 0.986794 0.110521
vn 0.031610 0.995713 0.086927
vn -0.023633 0.976832 0.212697
vn -0.023633 0.976832 0.212697
vn 0.031610 0.995713 0.086927
vn -0.023730 0.965038 0.261035
vn 0.141312 0.989187 0.039253
vn 0.118415 0.986794 0.110521
vn 0.007873 0.999845 0.015746
vn 0.141312 0.989187 0.039253
vn 0.007873 0.999845 0.015746
vn 0.007858 0.997991 0.062866
vn 0.118415 0.986794 0.110521
vn -0.023633 0.976832 0.212697
vn 0.070637 0.965367 0.251152
vn 0.118415 0.986794 0.110521
vn 0.070637 0.965367 0.251152
vn 0.007873 0.999845 0.015746
vn 0.070637 0.965367 0.251152
vn -0.023633 0.976832 0.212697
vn -0.039485 0.939750 0.339574
vn -0.039485 0.939750 0.339574
vn -0.023633 0.976832 0.212697
vn -0.023730 0.965038 0.261035
vn 0.007873 0.999845 0.015746
vn 0.070637 0.965367 0.251152
vn -0.007888 0.993853 0.110428
vn 0.007858 0.997991 0.062866
vn 0.007873 0.999845 0.015746
vn -0.197334 0.978778 0.055254
vn -0.197334 0.978778 0.055254
vn 0.007873 0.999845 0.015746
vn -0.007888 0.993853 0.110428
vn -0.007888 0.993853 0.110428
vn 0.070637 0.965367 0.251152
vn -0.055238 0.954830 0.291973
vn -0.055238 0.954830 0.291973
vn 0.070637 0.965367 0.251152
vn -0.039485 0.939750 0.339574
vn -0.039485 0.939750 0.339574
vn -0.023730 0.965038 0.261035
vn -0.023574 0.935097 0.353608
vn 0.007858 0.997991 0.062866
vn -0.197334 0.978778 0.055254
vn -0.268074 0.954028 0.134037
vn 0.007858 0.997991 0.062866
vn -0.268074 0.954028 0.134037
vn -0.023644 0.969406 0.244322
vn -0.197334 0.978778 0.055254
vn -0.007888 0.993853 0.110428
vn -0.165952 0.979908 0.110635
vn -0.023644 0.969406 0.244322
vn -0.268074 0.954028 0.134037
vn -0.290753 0.911551 0.290753
vn -0.023644 0.969406 0.244322
vn -0.290753 0.911551 0.290753
vn -0.290861 0.841139 0.455944
vn -0.268074 0.954028 0.134037
vn -0.197334 0.978778 0.055254
vn -0.433690 0.891035 0.134050
vn -0.433690 0.891035 0.134050
vn -0.197334 0.978778 0.055254
vn -0.165952 0.979908 0.110635
vn -0.290753 0.911551 0.290753
vn -0.268074 0.954028 0.134037
vn -0.473499 0.860190 0.189400
vn -0.473499 0.860190 0.189400
vn -0.268074 0.954028 0.134037
vn -0.433690 0.891035 0.134050
vn -0.290861 0.841139 0.455944
vn -0.290753 0.911551 0.290753
vn -0.455944 0.841139 0.290861
vn -0.455944 0.841139 0.290861
vn -0.290753 0.911551 0.290753
vn -0.473499 0.860190 0.189400
vn -0.290861 0.841139 0.455944
vn -0.455944 0.841139 0.290861
vn -0.378799 0.844407 0.378799
vn -0.290861 0.841139 0.455944
vn -0.378799 0.844407 0.378799
vn -0.220829 0.843881 0.488978
vn -0.455944 0.841139 0.290861
vn -0.473499 0.860190 0.189400
vn -0.323135 0.922118 0.212796
vn -0.455944 0.841139 0.290861
vn -0.323135 0.922118 0.212796
vn -0.378799 0.844407 0.378799
vn -0.220829 0.843881 0.488978
vn -0.378799 0.844407 0.378799
vn -0.259521 0.927984 0.267385
vn -0.220829 0.843881 0.488978
vn -0.259521 0.927984 0.267385
vn -0.141500 0.966917 0.212250
vn -0.378799 0.844407 0.378799
vn -0.323135 0.922118 0.212796
vn -0.188626 0.966708 0.172907
vn -0.378799 0.844407 0.378799
vn -0.188626 0.966708 0.172907
vn -0.259521 0.927984 0.267385
vn -0.141500 0.966917 0.212250
vn -0.259521 0.927984 0.267385
vn -0.031402 0.997007 0.070654
vn -0.031402 0.997007 0.070654
vn -0.259521 0.927984 0.267385
vn -0.188626 0.966708 0.172907
vn -0.141500 0.966917 0.212250
vn -0.031402 0.997007 0.070654
vn 0.031480 0.999504 0.000000
vn -0.188626 0.966708 0.172907
vn -0.323135 0.922118 0.212796
vn -0.055260 0.994689 0.086838
vn 0.031480 0.999504 0.000000
vn -0.031402 0.997007 0.070654
vn 0.055035 0.998484 0.000000
vn -0.031402 0.997007 0.070654
vn -0.188626 0.966708 0.172907
vn 0.015744 0.999752 0.015744
vn -0.031402 0.997007 0.070654
vn 0.015744 0.999752 0.015744
vn 0.055035 0.998484 0.000000
vn 0.015744 0.999752 0.015744
vn -0.188626 0.966708 0.172907
vn -0.055260 0.994689 0.086838
vn 0.031480 0.999504 0.000000
vn 0.055035 0.998484 0.000000
vn 0.055035 0.998484 0.000000
vn 0.055035 0.998484 0.000000
vn 0.055035 0.998484 0.000000
vn 0.055035 0.998484 0.000000
vn 0.055035 0.998484 0.000000
vn 0.055035 0.998484 0.000000
vn 0.047191 0.998886 0.000000
vn 0.055035 0.998484 0.000000
vn 0.015744 0.999752 0.015744
vn 0.055035 0.998484 0.000000
vn 0.055035 0.998484 0.000000
vn 0.055035 0.998484 0.000000
vn 0.055035 0.998484 0.000000
vn 0.055035 0.998484 0.000000
vn 0.015744 0.999752 0.015744
vn 0.055007 0.997991 0.031433
vn 0.055007 0.997991 0.031433
vn 0.015744 0.999752 0.015744
vn -0.055260 0.994689 0.086838
vn 0.055035 0.998484 0.000000
vn 0.055035 0.998484 0.000000
vn 0.031479 0.999473 0.007870
vn 0.047191 0.998886 0.000000
vn 0.055035 0.998484 0.000000
vn 0.007874 0.999938 0.007874
vn 0.007874 0.999938 0.007874
vn 0.055035 0.998484 0.000000
vn 0.031479 0.999473 0.007870
vn 0.047191 0.998886 0.000000
vn 0.007874 0.999938 0.007874
vn 0.000000 1.000000 0.000000
vn 0.031479 0.999473 0.007870
vn 0.055035 0.998484 0.000000
vn 0.047178 0.998608 0.023589
vn 0.047178 0.998608 0.023589
vn 0.055035 0.998484 0.000000
vn 0.055007 0.997991 0.031433
vn 0.007874 0.999938 0.007874
vn 0.031479 0.999473 0.007870
vn -0.039262 0.997252 0.062819
vn 0.000000 1.000000 0.000000
vn 0.007874 0.999938 0.007874
vn -0.062836 0.997529 0.031418
vn -0.062836 0.997529 0.031418
vn 0.007874 0.999938 0.007874
vn -0.039262 0.997252 0.062819
vn 0.000000 1.000000 0.000000
vn -0.062836 0.997529 0.031418
vn -0.062868 0.998022 0.000000
vn -0.039262 0.997252 0.062819
vn 0.031479 0.999473 0.007870
vn 0.015742 0.999597 0.023613
vn 0.015742 0.999597 0.023613
vn 0.031479 0.999473 0.007870
vn 0.047178 0.998608 0.023589
vn -0.062836 0.997529 0.031418
vn -0.039262 0.997252 0.062819
vn 0.007906 0.996180 0.086968
vn -0.062868 0.998022 0.000000
vn -0.062836 0.997529 0.031418
vn -0.031456 0.998731 0.039320
vn -0.031456 0.998731 0.039320
vn -0.062836 0.997529 0.031418
vn 0.007906 0.996180 0.086968
vn -0.062868 0.998022 0.000000
vn -0.031456 0.998731 0.039320
vn -0.062860 0.997899 0.015715
vn 0.007906 0.996180 0.086968
vn -0.039262 0.997252 0.062819
vn 0.047120 0.997375 0.054973
vn 0.047120 0.997375 0.054973
vn -0.039262 0.997252 0.062819
vn 0.015742 0.999597 0.023613
vn -0.031456 0.998731 0.039320
vn 0.007906 0.996180 0.086968
vn 0.180739 0.974416 0.133589
vn -0.062860 0.997899 0.015715
vn -0.031456 0.998731 0.039320
vn 0.047232 0.991880 0.118081
vn 0.047232 0.991880 0.118081
vn -0.031456 0.998731 0.039320
vn 0.180739 0.974416 0.133589
vn -0.062860 0.997899 0.015715
vn 0.047232 0.991880 0.118081
vn -0.015698 0.996791 0.078488
vn 0.180739 0.974416 0.133589
vn 0.007906 0.996180 0.086968
vn 0.245161 0.964826 0.094901
vn 0.245161 0.964826 0.094901
vn 0.007906 0.996180 0.086968
vn 0.047120 0.997375 0.054973
vn -0.015698 0.996791 0.078488
vn 0.047232 0.991880 0.118081
vn 0.149250 0.958345 0.243514
vn -0.015698 0.996791 0.078488
vn 0.149250 0.958345 0.243514
vn 0.086225 0.979827 0.180288
vn 0.047232 0.991880 0.118081
vn 0.180739 0.974416 0.133589
vn 0.235782 0.919551 0.314376
vn 0.047232 0.991880 0.118081
vn 0.235782 0.919551 0.314376
vn 0.149250 0.958345 0.243514
vn 0.086225 0.979827 0.180288
vn 0.149250 0.958345 0.243514
vn 0.274596 0.894400 0.353052
vn 0.274596 0.894400 0.353052
vn 0.149250 0.958345 0.243514
vn 0.235782 0.919551 0.314376
vn 0.086225 0.979827 0.180288
vn 0.274596 0.894400 0.353052
vn 0.149195 0.910876 0.384767
vn 0.235782 0.919551 0.314376
vn 0.180739 0.974416 0.133589
vn 0.345686 0.919210 0.188556
vn 0.345686 0.919210 0.188556
vn 0.180739 0.974416 0.133589
vn 0.245161 0.964826 0.094901
vn 0.274596 0.894400 0.353052
vn 0.235782 0.919551 0.314376
vn 0.330310 0.865096 0.377497
vn 0.330310 0.865096 0.377497
vn 0.235782 0.919551 0.314376
vn 0.345686 0.919210 0.188556
vn 0.149195 0.910876 0.384767
vn 0.274596 0.894400 0.353052
vn 0.259939 0.850710 0.456863
vn 0.259939 0.850710 0.456863
vn 0.274596 0.894400 0.353052
vn 0.330310 0.865096 0.377497
vn 0.149195 0.910876 0.384767
vn 0.259939 0.850710 0.456863
vn 0.196826 0.850288 0.488128
vn 0.330310 0.865096 0.377497
vn 0.345686 0.919210 0.188556
vn 0.339003 0.914521 0.220746
vn 0.196826 0.850288 0.488128
vn 0.259939 0.850710 0.456863
vn 0.165370 0.874097 0.456735
vn 0.196826 0.850288 0.488128
vn 0.165370 0.874097 0.456735
vn 0.197095 0.867218 0.457260
vn 0.259939 0.850710 0.456863
vn 0.330310 0.865096 0.377497
vn 0.276070 0.883425 0.378611
vn 0.259939 0.850710 0.456863
vn 0.276070 0.883425 0.378611
vn 0.165370 0.874097 0.456735
vn 0.276070 0.883425 0.378611
vn 0.330310 0.865096 0.377497
vn 0.339003 0.914521 0.220746
vn 0.197095 0.867218 0.457260
vn 0.165370 0.874097 0.456735
vn -0.047174 0.904167 0.424566
vn 0.197095 0.867218 0.457260
vn -0.047174 0.904167 0.424566
vn 0.000000 0.905175 0.425039
vn 0.165370 0.874097 0.456735
vn 0.276070 0.883425 0.378611
vn 0.133775 0.928558 0.346242
vn 0.165370 0.874097 0.456735
vn 0.133775 0.928558 0.346242
vn -0.047174 0.904167 0.424566
vn 0.133775 0.928558 0.346242
vn 0.276070 0.883425 0.378611
vn 0.235819 0.958996 0.157212
vn 0.235819 0.958996 0.157212
vn 0.276070 0.883425 0.378611
vn 0.339003 0.914521 0.220746
vn -0.047174 0.904167 0.424566
vn 0.133775 0.928558 0.346242
vn -0.110322 0.961375 0.252164
vn 0.000000 0.905175 0.425039
vn -0.047174 0.904167 0.424566
vn -0.220746 0.914521 0.339003
vn 0.000000 0.905175 0.425039
vn -0.220746 0.914521 0.339003
vn -0.149979 0.931447 0.331532
vn -0.047174 0.904167 0.424566
vn -0.110322 0.961375 0.252164
vn -0.275241 0.935819 0.220193
vn -0.047174 0.904167 0.424566
vn -0.275241 0.935819 0.220193
vn -0.220746 0.914521 0.339003
vn -0.110322 0.961375 0.252164
vn 0.133775 0.928558 0.346242
vn 0.047416 0.995744 0.079027
vn 0.047416 0.995744 0.079027
vn 0.133775 0.928558 0.346242
vn 0.235819 0.958996 0.157212
vn -0.110322 0.961375 0.252164
vn 0.047416 0.995744 0.079027
vn -0.165673 0.986149 0.007889
vn -0.110322 0.961375 0.252164
vn -0.165673 0.986149 0.007889
vn -0.275241 0.935819 0.220193
vn 0.047416 0.995744 0.079027
vn 0.235819 0.958996 0.157212
vn -0.007870 0.999473 -0.031479
vn 0.047416 0.995744 0.079027
vn -0.007870 0.999473 -0.031479
vn -0.165673 0.986149 0.007889
vn -0.221125 0.939780 0.260611
vn -0.149979 0.931447 0.331532
vn -0.220746 0.914521 0.339003
vn -0.149979 0.931447 0.331532
vn -0.221125 0.939780 0.260611
vn -0.181350 0.946173 0.268082
vn -0.275377 0.944151 0.180962
vn -0.220746 0.914521 0.339003
vn -0.275241 0.935819 0.220193
vn -0.220746 0.914521 0.339003
vn -0.275377 0.944151 0.180962
vn -0.221125 0.939780 0.260611
vn -0.181350 0.946173 0.268082
vn -0.221125 0.939780 0.260611
vn -0.118272 0.977712 0.173465
vn -0.181350 0.946173 0.268082
vn -0.118272 0.977712 0.173465
vn -0.054973 0.989522 0.133507
vn -0.221125 0.939780 0.260611
vn -0.275377 0.944151 0.180962
vn -0.157794 0.978321 0.134125
vn -0.221125 0.939780 0.260611
vn -0.157794 0.978321 0.134125
vn -0.118272 0.977712 0.173465
vn -0.054973 0.989522 0.133507
vn -0.118272 0.977712 0.173465
vn -0.055221 0.993976 0.094664
vn -0.055221 0.993976 0.094664
vn -0.118272 0.977712 0.173465
vn -0.157794 0.978321 0.134125
vn -0.054973 0.989522 0.133507
vn -0.055221 0.993976 0.094664
vn -0.007854 0.997468 0.070687
vn -0.007854 0.997468 0.070687
vn -0.055221 0.993976 0.094664
vn -0.039309 0.998454 0.039309
vn -0.039309 0.998454 0.039309
vn -0.055221 0.993976 0.094664
vn -0.078437 0.996147 0.039218
vn -0.078437 0.996147 0.039218
vn -0.055221 0.993976 0.094664
vn -0.110018 0.990163 0.086443
vn -0.110018 0.990163 0.086443
vn -0.055221 0.993976 0.094664
vn -0.157794 0.978321 0.134125
vn -0.078437 0.996147 0.039218
vn -0.110018 0.990163 0.086443
vn -0.117979 0.991021 0.062922
vn -0.156893 0.980581 0.117670
vn -0.157794 0.978321 0.134125
vn -0.275377 0.944151 0.180962
vn -0.157794 0.978321 0.134125
vn -0.156893 0.980581 0.117670
vn -0.110018 0.990163 0.086443
vn -0.117979 0.991021 0.062922
vn -0.110018 0.990163 0.086443
vn -0.118308 0.985904 0.118308
vn -0.118308 0.985904 0.118308
vn -0.110018 0.990163 0.086443
vn -0.156893 0.980581 0.117670
vn -0.117979 0.991021 0.062922
vn -0.118308 0.985904 0.118308
vn -0.102280 0.983460 0.149486
vn -0.156893 0.980581 0.117670
vn -0.275377 0.944151 0.180962
vn -0.267261 0.958996 0.094328
vn -0.267261 0.958996 0.094328
vn -0.275377 0.944151 0.180962
vn -0.275241 0.935819 0.220193
vn -0.267261 0.958996 0.094328
vn -0.275241 0.935819 0.220193
vn -0.251657 0.967305 0.031457
vn -0.251657 0.967305 0.031457
vn -0.275241 0.935819 0.220193
vn -0.165673 0.986149 0.007889
vn -0.156893 0.980581 0.117670
vn -0.267261 0.958996 0.094328
vn -0.204947 0.969557 0.134004
vn -0.204947 0.969557 0.134004
vn -0.267261 0.958996 0.094328
vn -0.251657 0.967305 0.031457
vn -0.118308 0.985904 0.118308
vn -0.156893 0.980581 0.117670
vn -0.133775 0.975773 0.173121
vn -0.133775 0.975773 0.173121
vn -0.156893 0.980581 0.117670
vn -0.204947 0.969557 0.134004
vn -0.086892 0.979511 0.181683
vn -0.102280 0.983460 0.149486
vn -0.118308 0.985904 0.118308
vn -0.086892 0.979511 0.181683
vn -0.118308 0.985904 0.118308
vn -0.133775 0.975773 0.173121
vn -0.102280 0.983460 0.149486
vn -0.086892 0.979511 0.181683
vn -0.070970 0.977804 0.197138
vn -0.204947 0.969557 0.134004
vn -0.251657 0.967305 0.031457
vn -0.188463 0.981578 0.031410
vn -0.188463 0.981578 0.031410
vn -0.251657 0.967305 0.031457
vn -0.165673 0.986149 0.007889
vn -0.133775 0.975773 0.173121
vn -0.204947 0.969557 0.134004
vn -0.181029 0.968114 0.173159
vn -0.181029 0.968114 0.173159
vn -0.204947 0.969557 0.134004
vn -0.188463 0.981578 0.031410
vn -0.188463 0.981578 0.031410
vn -0.165673 0.986149 0.007889
vn -0.157971 0.987317 -0.015797
vn -0.157971 0.987317 -0.015797
vn -0.165673 0.986149 0.007889
vn -0.007870 0.999473 -0.031479
vn -0.188463 0.981578 0.031410
vn -0.157971 0.987317 -0.015797
vn -0.102614 0.986671 0.126294
vn -0.102614 0.986671 0.126294
vn -0.157971 0.987317 -0.015797
vn -0.007870 0.999473 -0.031479
vn -0.188463 0.981578 0.031410
vn -0.102614 0.986671 0.126294
vn -0.133775 0.975773 0.173121
vn -0.188463 0.981578 0.031410
vn -0.133775 0.975773 0.173121
vn -0.181029 0.968114 0.173159
vn -0.102614 0.986671 0.126294
vn -0.007870 0.999473 -0.031479
vn 0.031472 0.999226 0.023604
vn -0.133775 0.975773 0.173121
vn -0.102614 0.986671 0.126294
vn -0.031578 0.971036 0.236838
vn -0.031578 0.971036 0.236838
vn -0.102614 0.986671 0.126294
vn 0.031472 0.999226 0.023604
vn 0.031472 0.999226 0.023604
vn -0.007870 0.999473 -0.031479
vn 0.173314 0.984741 -0.015756
vn 0.173314 0.984741 -0.015756
vn -0.007870 0.999473 -0.031479
vn 0.235819 0.958996 0.157212
vn 0.173314 0.984741 -0.015756
vn 0.235819 0.958996 0.157212
vn 0.339003 0.914521 0.220746
vn 0.031472 0.999226 0.023604
vn 0.173314 0.984741 -0.015756
vn 0.197242 0.978321 -0.063117
vn 0.173314 0.984741 -0.015756
vn 0.339003 0.914521 0.220746
vn 0.323306 0.946262 -0.007886
vn 0.173314 0.984741 -0.015756
vn 0.323306 0.946262 -0.007886
vn 0.197242 0.978321 -0.063117
vn 0.323306 0.946262 -0.007886
vn 0.339003 0.914521 0.220746
vn 0.376694 0.926039 -0.023543
vn 0.376694 0.926039 -0.023543
vn 0.339003 0.914521 0.220746
vn 0.345686 0.919210 0.188556
vn 0.376694 0.926039 -0.023543
vn 0.345686 0.919210 0.188556
vn 0.245161 0.964826 0.094901
vn 0.134125 0.978321 0.157794
vn -0.031578 0.971036 0.236838
vn 0.031472 0.999226 0.023604
vn 0.134125 0.978321 0.157794
vn 0.031472 0.999226 0.023604
vn 0.197242 0.978321 -0.063117
vn 0.376694 0.926039 -0.023543
vn 0.245161 0.964826 0.094901
vn 0.292410 0.956260 -0.007903
vn 0.292410 0.956260 -0.007903
vn 0.245161 0.964826 0.094901
vn 0.047120 0.997375 0.054973
vn 0.292410 0.956260 -0.007903
vn 0.047120 0.997375 0.054973
vn 0.070669 0.997222 -0.023556
vn 0.376694 0.926039 -0.023543
vn 0.292410 0.956260 -0.007903
vn 0.260733 0.956022 -0.134317
vn 0.260733 0.956022 -0.134317
vn 0.292410 0.956260 -0.007903
vn 0.070669 0.997222 -0.023556
vn 0.070669 0.997222 -0.023556
vn 0.047120 0.997375 0.054973
vn 0.015742 0.999597 0.023613
vn 0.134125 0.978321 0.157794
vn 0.197242 0.978321 -0.063117
vn 0.299287 0.952992 0.047256
vn 0.070669 0.997222 -0.023556
vn 0.015742 0.999597 0.023613
vn 0.007874 0.999938 0.007874
vn 0.007874 0.999938 0.007874
vn 0.015742 0.999597 0.023613
vn 0.047178 0.998608 0.023589
vn 0.070669 0.997222 -0.023556
vn 0.007874 0.999938 0.007874
vn -0.031433 0.997991 -0.055007
vn 0.007874 0.999938 0.007874
vn 0.047178 0.998608 0.023589
vn 0.023604 0.999226 0.031472
vn 0.007874 0.999938 0.007874
vn 0.023604 0.999226 0.031472
vn -0.031433 0.997991 -0.055007
vn 0.023604 0.999226 0.031472
vn 0.047178 0.998608 0.023589
vn 0.055007 0.997991 0.031433
vn 0.023604 0.999226 0.031472
vn 0.055007 0.997991 0.031433
vn 0.031418 0.997529 0.062836
vn 0.031418 0.997529 0.062836
vn 0.055007 0.997991 0.031433
vn -0.055260 0.994689 0.086838
vn 0.023604 0.999226 0.031472
vn 0.031418 0.997529 0.062836
vn 0.007868 0.999195 -0.039338
vn 0.023604 0.999226 0.031472
vn 0.007868 0.999195 -0.039338
vn -0.031433 0.997991 -0.055007
vn 0.031418 0.997529 0.062836
vn -0.055260 0.994689 0.086838
vn -0.126074 0.984954 0.118195
vn 0.007868 0.999195 -0.039338
vn 0.031418 0.997529 0.062836
vn -0.031402 0.997007 0.070654
vn -0.031402 0.997007 0.070654
vn 0.031418 0.997529 0.062836
vn -0.126074 0.984954 0.118195
vn -0.031433 0.997991 -0.055007
vn 0.007868 0.999195 -0.039338
vn -0.031477 0.999381 -0.015738
vn -0.031477 0.999381 -0.015738
vn 0.007868 0.999195 -0.039338
vn -0.031402 0.997007 0.070654
vn 0.031508 0.992495 -0.118154
vn 0.070669 0.997222 -0.023556
vn -0.031433 0.997991 -0.055007
vn -0.126074 0.984954 0.118195
vn -0.055260 0.994689 0.086838
vn -0.385516 0.904783 0.180957
vn -0.385516 0.904783 0.180957
vn -0.055260 0.994689 0.086838
vn -0.323135 0.922118 0.212796
vn -0.385516 0.904783 0.180957
vn -0.323135 0.922118 0.212796
vn -0.473499 0.860190 0.189400
vn -0.126074 0.984954 0.118195
vn -0.385516 0.904783 0.180957
vn -0.188626 0.966708 0.172907
vn -0.126074 0.984954 0.118195
vn -0.188626 0.966708 0.172907
vn -0.031402 0.997007 0.070654
vn -0.385516 0.904783 0.180957
vn -0.473499 0.860190 0.189400
vn -0.401264 0.889075 0.220302
vn -0.385516 0.904783 0.180957
vn -0.401264 0.889075 0.220302
vn -0.188626 0.966708 0.172907
vn -0.401264 0.889075 0.220302
vn -0.473499 0.860190 0.189400
vn -0.433690 0.891035 0.134050
vn -0.031402 0.997007 0.070654
vn -0.188626 0.966708 0.172907
vn -0.141781 0.984588 0.102397
vn -0.031402 0.997007 0.070654
vn -0.141781 0.984588 0.102397
vn -0.031477 0.999381 -0.015738
vn -0.188626 0.966708 0.172907
vn -0.401264 0.889075 0.220302
vn -0.298473 0.926838 0.227782
vn -0.188626 0.966708 0.172907
vn -0.298473 0.926838 0.227782
vn -0.141781 0.984588 0.102397
vn -0.401264 0.889075 0.220302
vn -0.433690 0.891035 0.134050
vn -0.369792 0.920547 0.125887
vn -0.369792 0.920547 0.125887
vn -0.433690 0.891035 0.134050
vn -0.165952 0.979908 0.110635
vn -0.298473 0.926838 0.227782
vn -0.401264 0.889075 0.220302
vn -0.323669 0.923639 0.205253
vn -0.323669 0.923639 0.205253
vn -0.401264 0.889075 0.220302
vn -0.369792 0.920547 0.125887
vn -0.141781 0.984588 0.102397
vn -0.298473 0.926838 0.227782
vn -0.297776 0.940345 0.164560
vn -0.298473 0.926838 0.227782
vn -0.323669 0.923639 0.205253
vn -0.338740 0.921688 0.189064
vn -0.298473 0.926838 0.227782
vn -0.338740 0.921688 0.189064
vn -0.297776 0.940345 0.164560
vn -0.323669 0.923639 0.205253
vn -0.369792 0.920547 0.125887
vn -0.291321 0.952697 0.086609
vn -0.323669 0.923639 0.205253
vn -0.291321 0.952697 0.086609
vn -0.338740 0.921688 0.189064
vn -0.369792 0.920547 0.125887
vn -0.165952 0.979908 0.110635
vn -0.236890 0.971248 0.023689
vn -0.141781 0.984588 0.102397
vn -0.297776 0.940345 0.164560
vn -0.055343 0.988274 0.142311
vn -0.141781 0.984588 0.102397
vn -0.055343 0.988274 0.142311
vn -0.031477 0.999381 -0.015738
vn -0.291321 0.952697 0.086609
vn -0.369792 0.920547 0.125887
vn -0.330340 0.943829 -0.007865
vn -0.330340 0.943829 -0.007865
vn -0.369792 0.920547 0.125887
vn -0.236890 0.971248 0.023689
vn -0.291321 0.952697 0.086609
vn -0.330340 0.943829 -0.007865
vn -0.235310 0.964773 -0.117655
vn -0.291321 0.952697 0.086609
vn -0.235310 0.964773 -0.117655
vn -0.338740 0.921688 0.189064
vn -0.235310 0.964773 -0.117655
vn -0.330340 0.943829 -0.007865
vn -0.299510 0.930057 -0.212810
vn -0.299510 0.930057 -0.212810
vn -0.330340 0.943829 -0.007865
vn -0.236890 0.971248 0.023689
vn -0.338740 0.921688 0.189064
vn -0.235310 0.964773 -0.117655
vn -0.313400 0.948036 -0.054845
vn -0.338740 0.921688 0.189064
vn -0.313400 0.948036 -0.054845
vn -0.297776 0.940345 0.164560
vn -0.323276 0.946173 -0.015770
vn -0.055343 0.988274 0.142311
vn -0.297776 0.940345 0.164560
vn -0.323276 0.946173 -0.015770
vn -0.297776 0.940345 0.164560
vn -0.313400 0.948036 -0.054845
vn -0.313400 0.948036 -0.054845
vn -0.235310 0.964773 -0.117655
vn -0.173121 0.952166 -0.251812
vn -0.173121 0.952166 -0.251812
vn -0.235310 0.964773 -0.117655
vn -0.299510 0.930057 -0.212810
vn -0.313400 0.948036 -0.054845
vn -0.173121 0.952166 -0.251812
vn -0.276604 0.940454 -0.197574
vn -0.313400 0.948036 -0.054845
vn -0.276604 0.940454 -0.197574
vn -0.323276 0.946173 -0.015770
vn -0.276604 0.940454 -0.197574
vn -0.173121 0.952166 -0.251812
vn -0.094532 0.968955 -0.228453
vn -0.173121 0.952166 -0.251812
vn -0.299510 0.930057 -0.212810
vn -0.252211 0.906383 -0.338909
vn -0.173121 0.952166 -0.251812
vn -0.252211 0.906383 -0.338909
vn -0.094532 0.968955 -0.228453
vn -0.252211 0.906383 -0.338909
vn -0.299510 0.930057 -0.212810
vn -0.370619 0.851635 -0.370619
vn -0.322315 0.927640 -0.188672
vn -0.299510 0.930057 -0.212810
vn -0.236890 0.971248 0.023689
vn -0.299510 0.930057 -0.212810
vn -0.322315 0.927640 -0.188672
vn -0.370619 0.851635 -0.370619
vn -0.322315 0.927640 -0.188672
vn -0.236890 0.971248 0.023689
vn -0.260815 0.964224 -0.047421
vn -0.370619 0.851635 -0.370619
vn -0.322315 0.927640 -0.188672
vn -0.384470 0.870943 -0.306007
vn -0.384470 0.870943 -0.306007
vn -0.322315 0.927640 -0.188672
vn -0.260815 0.964224 -0.047421
vn -0.260815 0.964224 -0.047421
vn -0.236890 0.971248 0.023689
vn -0.110635 0.979908 0.165952
vn -0.110635 0.979908 0.165952
vn -0.236890 0.971248 0.023689
vn -0.165952 0.979908 0.110635
vn -0.110635 0.979908 0.165952
vn -0.165952 0.979908 0.110635
vn -0.007888 0.993853 0.110428
vn -0.110635 0.979908 0.165952
vn -0.007888 0.993853 0.110428
vn -0.055238 0.954830 0.291973
vn -0.260815 0.964224 -0.047421
vn -0.110635 0.979908 0.165952
vn -0.157500 0.984374 0.078750
vn -0.157500 0.984374 0.078750
vn -0.110635 0.979908 0.165952
vn -0.055238 0.954830 0.291973
vn -0.384470 0.870943 -0.306007
vn -0.260815 0.964224 -0.047421
vn -0.268408 0.939428 -0.213148
vn -0.268408 0.939428 -0.213148
vn -0.260815 0.964224 -0.047421
vn -0.157500 0.984374 0.078750
vn -0.157500 0.984374 0.078750
vn -0.055238 0.954830 0.291973
vn -0.118415 0.986794 0.110521
vn -0.157500 0.984374 0.078750
vn -0.118415 0.986794 0.110521
vn -0.268408 0.939428 -0.213148
vn -0.118415 0.986794 0.110521
vn -0.055238 0.954830 0.291973
vn -0.078614 0.943362 0.322315
vn -0.078614 0.943362 0.322315
vn -0.055238 0.954830 0.291973
vn -0.039485 0.939750 0.339574
vn -0.268408 0.939428 -0.213148
vn -0.118415 0.986794 0.110521
vn -0.157441 0.976136 -0.149569
vn -0.078614 0.943362 0.322315
vn -0.039485 0.939750 0.339574
vn -0.023651 0.946026 0.323226
vn -0.118415 0.986794 0.110521
vn -0.078614 0.943362 0.322315
vn -0.023657 0.993606 0.110401
vn -0.118415 0.986794 0.110521
vn -0.023657 0.993606 0.110401
vn -0.157441 0.976136 -0.149569
vn -0.023657 0.993606 0.110401
vn -0.078614 0.943362 0.322315
vn -0.023651 0.946026 0.323226
vn -0.023651 0.946026 0.323226
vn -0.039485 0.939750 0.339574
vn -0.023574 0.935097 0.353608
vn -0.023651 0.946026 0.323226
vn -0.023574 0.935097 0.353608
vn 0.110676 0.924937 0.363651
vn 0.110676 0.924937 0.363651
vn -0.023574 0.935097 0.353608
vn -0.023730 0.965038 0.261035
vn -0.023657 0.993606 0.110401
vn -0.023651 0.946026 0.323226
vn 0.126424 0.940278 0.316060
vn 0.126424 0.940278 0.316060
vn -0.023651 0.946026 0.323226
vn 0.110676 0.924937 0.363651
vn 0.110676 0.924937 0.363651
vn -0.023730 0.965038 0.261035
vn 0.110277 0.945234 0.307201
vn 0.110277 0.945234 0.307201
vn -0.023730 0.965038 0.261035
vn 0.149806 0.961913 0.228651
vn 0.126424 0.940278 0.316060
vn 0.110676 0.924937 0.363651
vn 0.402211 0.875401 0.268141
vn 0.110676 0.924937 0.363651
vn 0.110277 0.945234 0.307201
vn 0.290216 0.886336 0.360809
vn 0.110676 0.924937 0.363651
vn 0.290216 0.886336 0.360809
vn 0.402211 0.875401 0.268141
vn 0.290216 0.886336 0.360809
vn 0.110277 0.945234 0.307201
vn 0.299287 0.897861 0.322915
vn 0.299287 0.897861 0.322915
vn 0.110277 0.945234 0.307201
vn 0.149806 0.961913 0.228651
vn 0.290216 0.886336 0.360809
vn 0.299287 0.897861 0.322915
vn 0.419185 0.862098 0.284730
vn 0.290216 0.886336 0.360809
vn 0.419185 0.862098 0.284730
vn 0.402211 0.875401 0.268141
vn 0.299287 0.897861 0.322915
vn 0.149806 0.961913 0.228651
vn 0.299892 0.915460 0.268324
vn 0.299892 0.915460 0.268324
vn 0.149806 0.961913 0.228651
vn 0.307832 0.923496 0.228901
vn 0.299287 0.897861 0.322915
vn 0.299892 0.915460 0.268324
vn 0.393847 0.874341 0.283570
vn 0.299287 0.897861 0.322915
vn 0.393847 0.874341 0.283570
vn 0.419185 0.862098 0.284730
vn 0.299892 0.915460 0.268324
vn 0.307832 0.923496 0.228901
vn 0.331233 0.922720 0.197162
vn 0.331233 0.922720 0.197162
vn 0.307832 0.923496 0.228901
vn 0.275377 0.944151 0.180962
vn 0.331233 0.922720 0.197162
vn 0.275377 0.944151 0.180962
vn 0.221270 0.972006 0.079025
vn 0.299892 0.915460 0.268324
vn 0.331233 0.922720 0.197162
vn 0.371035 0.899956 0.228936
vn 0.299892 0.915460 0.268324
vn 0.371035 0.899956 0.228936
vn 0.393847 0.874341 0.283570
vn 0.331233 0.922720 0.197162
vn 0.221270 0.972006 0.079025
vn 0.276613 0.956290 0.094839
vn 0.331233 0.922720 0.197162
vn 0.276613 0.956290 0.094839
vn 0.371035 0.899956 0.228936
vn 0.276613 0.956290 0.094839
vn 0.221270 0.972006 0.079025
vn 0.165673 0.986149 0.007889
vn 0.276613 0.956290 0.094839
vn 0.165673 0.986149 0.007889
vn 0.220016 0.974356 0.047146
vn 0.276613 0.956290 0.094839
vn 0.220016 0.974356 0.047146
vn 0.313834 0.933656 0.172609
vn 0.276613 0.956290 0.094839
vn 0.313834 0.933656 0.172609
vn 0.371035 0.899956 0.228936
vn 0.313834 0.933656 0.172609
vn 0.220016 0.974356 0.047146
vn 0.259041 0.957666 0.125595
vn 0.371035 0.899956 0.228936
vn 0.313834 0.933656 0.172609
vn 0.331233 0.906947 0.260254
vn 0.331233 0.906947 0.260254
vn 0.313834 0.933656 0.172609
vn 0.259041 0.957666 0.125595
vn 0.371035 0.899956 0.228936
vn 0.331233 0.906947 0.260254
vn 0.393847 0.874341 0.283570
vn 0.331233 0.906947 0.260254
vn 0.259041 0.957666 0.125595
vn 0.307650 0.930838 0.197211
vn 0.393847 0.874341 0.283570
vn 0.331233 0.906947 0.260254
vn 0.362418 0.890288 0.275753
vn 0.362418 0.890288 0.275753
vn 0.331233 0.906947 0.260254
vn 0.307650 0.930838 0.197211
vn 0.393847 0.874341 0.283570
vn 0.362418 0.890288 0.275753
vn 0.419185 0.862098 0.284730
vn 0.362418 0.890288 0.275753
vn 0.307650 0.930838 0.197211
vn 0.314805 0.912933 0.259714
vn 0.362418 0.890288 0.275753
vn 0.314805 0.912933 0.259714
vn 0.347114 0.915118 0.205113
vn 0.362418 0.890288 0.275753
vn 0.347114 0.915118 0.205113
vn 0.419185 0.862098 0.284730
vn 0.347114 0.915118 0.205113
vn 0.314805 0.912933 0.259714
vn 0.283009 0.927640 0.243702
vn 0.419185 0.862098 0.284730
vn 0.347114 0.915118 0.205113
vn 0.534622 0.825519 0.180828
vn 0.419185 0.862098 0.284730
vn 0.534622 0.825519 0.180828
vn 0.402211 0.875401 0.268141
vn 0.347114 0.915118 0.205113
vn 0.283009 0.927640 0.243702
vn 0.330310 0.943742 0.015729
vn 0.330310 0.943742 0.015729
vn 0.283009 0.927640 0.243702
vn 0.251501 0.966708 0.047156
vn 0.534622 0.825519 0.180828
vn 0.347114 0.915118 0.205113
vn 0.541531 0.839765 0.039241
vn 0.541531 0.839765 0.039241
vn 0.347114 0.915118 0.205113
vn 0.330310 0.943742 0.015729
vn 0.402211 0.875401 0.268141
vn 0.534622 0.825519 0.180828
vn 0.480658 0.874640 0.063037
vn 0.480658 0.874640 0.063037
vn 0.534622 0.825519 0.180828
vn 0.541531 0.839765 0.039241
vn 0.330310 0.943742 0.015729
vn 0.251501 0.966708 0.047156
vn 0.284312 0.939809 -0.189541
vn 0.284312 0.939809 -0.189541
vn 0.251501 0.966708 0.047156
vn 0.228375 0.960749 -0.157500
vn 0.284312 0.939809 -0.189541
vn 0.228375 0.960749 -0.157500
vn 0.196625 0.951665 -0.235950
vn 0.330310 0.943742 0.015729
vn 0.284312 0.939809 -0.189541
vn 0.541664 0.824271 -0.164854
vn 0.330310 0.943742 0.015729
vn 0.541664 0.824271 -0.164854
vn 0.541531 0.839765 0.039241
vn 0.284312 0.939809 -0.189541
vn 0.196625 0.951665 -0.235950
vn 0.244238 0.929682 -0.275753
vn 0.244238 0.929682 -0.275753
vn 0.196625 0.951665 -0.235950
vn 0.149783 0.953880 -0.260149
vn 0.541664 0.824271 -0.164854
vn 0.284312 0.939809 -0.189541
vn 0.519621 0.818796 -0.244064
vn 0.519621 0.818796 -0.244064
vn 0.284312 0.939809 -0.189541
vn 0.244238 0.929682 -0.275753
vn 0.541531 0.839765 0.039241
vn 0.541664 0.824271 -0.164854
vn 0.519685 0.842520 -0.141732
vn 0.541531 0.839765 0.039241
vn 0.519685 0.842520 -0.141732
vn 0.480658 0.874640 0.063037
vn 0.519685 0.842520 -0.141732
vn 0.541664 0.824271 -0.164854
vn 0.519621 0.818796 -0.244064
vn 0.244238 0.929682 -0.275753
vn 0.149783 0.953880 -0.260149
vn 0.212224 0.935356 -0.282965
vn 0.244238 0.929682 -0.275753
vn 0.212224 0.935356 -0.282965
vn 0.519621 0.818796 -0.244064
vn 0.212224 0.935356 -0.282965
vn 0.149783 0.953880 -0.260149
vn 0.118283 0.914720 -0.386390
vn 0.212224 0.935356 -0.282965
vn 0.118283 0.914720 -0.386390
vn 0.172934 0.896111 -0.408753
vn 0.172934 0.896111 -0.408753
vn 0.118283 0.914720 -0.386390
vn 0.133618 0.919608 -0.369415
vn 0.519621 0.818796 -0.244064
vn 0.212224 0.935356 -0.282965
vn 0.486548 0.823992 -0.290359
vn 0.486548 0.823992 -0.290359
vn 0.212224 0.935356 -0.282965
vn 0.172934 0.896111 -0.408753
vn 0.519685 0.842520 -0.141732
vn 0.519621 0.818796 -0.244064
vn 0.534357 0.809394 -0.243604
vn 0.519621 0.818796 -0.244064
vn 0.486548 0.823992 -0.290359
vn 0.456170 0.794365 -0.401115
vn 0.519621 0.818796 -0.244064
vn 0.456170 0.794365 -0.401115
vn 0.534357 0.809394 -0.243604
vn 0.456170 0.794365 -0.401115
vn 0.486548 0.823992 -0.290359
vn 0.290978 0.849341 -0.440399
vn 0.290978 0.849341 -0.440399
vn 0.486548 0.823992 -0.290359
vn 0.172934 0.896111 -0.408753
vn 0.172934 0.896111 -0.408753
vn 0.133618 0.919608 -0.369415
vn 0.189565 0.924129 -0.331739
vn 0.172934 0.896111 -0.408753
vn 0.189565 0.924129 -0.331739
vn 0.290978 0.849341 -0.440399
vn 0.189565 0.924129 -0.331739
vn 0.133618 0.919608 -0.369415
vn 0.228502 0.953406 -0.196985
vn 0.228502 0.953406 -0.196985
vn 0.133618 0.919608 -0.369415
vn 0.173790 0.955843 -0.236986
vn 0.228502 0.953406 -0.196985
vn 0.173790 0.955843 -0.236986
vn 0.197673 0.956739 -0.213487
vn 0.189565 0.924129 -0.331739
vn 0.228502 0.953406 -0.196985
vn 0.260149 0.938114 -0.228616
vn 0.228502 0.953406 -0.196985
vn 0.197673 0.956739 -0.213487
vn 0.252596 0.947234 -0.197340
vn 0.252596 0.947234 -0.197340
vn 0.197673 0.956739 -0.213487
vn 0.219691 0.957223 -0.188306
vn 0.228502 0.953406 -0.196985
vn 0.252596 0.947234 -0.197340
vn 0.227768 0.950343 -0.212060
vn 0.228502 0.953406 -0.196985
vn 0.227768 0.950343 -0.212060
vn 0.260149 0.938114 -0.228616
vn 0.252596 0.947234 -0.197340
vn 0.219691 0.957223 -0.188306
vn 0.235579 0.950167 -0.204168
vn 0.252596 0.947234 -0.197340
vn 0.235579 0.950167 -0.204168
vn 0.227768 0.950343 -0.212060
vn 0.235579 0.950167 -0.204168
vn 0.219691 0.957223 -0.188306
vn 0.196820 0.960481 -0.196820
vn 0.235579 0.950167 -0.204168
vn 0.196820 0.960481 -0.196820
vn 0.213148 0.955217 -0.205253
vn 0.213148 0.955217 -0.205253
vn 0.196820 0.960481 -0.196820
vn 0.188877 0.967994 -0.165267
vn 0.213148 0.955217 -0.205253
vn 0.188877 0.967994 -0.165267
vn 0.212810 0.961584 -0.173400
vn 0.212810 0.961584 -0.173400
vn 0.188877 0.967994 -0.165267
vn 0.189117 0.969225 -0.157598
vn 0.235579 0.950167 -0.204168
vn 0.213148 0.955217 -0.205253
vn 0.220664 0.953584 -0.204902
vn 0.220664 0.953584 -0.204902
vn 0.213148 0.955217 -0.205253
vn 0.212810 0.961584 -0.173400
vn 0.211675 0.948619 -0.235195
vn 0.227768 0.950343 -0.212060
vn 0.235579 0.950167 -0.204168
vn 0.211675 0.948619 -0.235195
vn 0.235579 0.950167 -0.204168
vn 0.220664 0.953584 -0.204902
vn 0.227768 0.950343 -0.212060
vn 0.211675 0.948619 -0.235195
vn 0.023710 0.980000 -0.197581
vn 0.227768 0.950343 -0.212060
vn 0.023710 0.980000 -0.197581
vn 0.260149 0.938114 -0.228616
vn 0.211675 0.948619 -0.235195
vn 0.220664 0.953584 -0.204902
vn 0.039462 0.970764 -0.236772
vn 0.220664 0.953584 -0.204902
vn 0.212810 0.961584 -0.173400
vn 0.188877 0.967994 -0.165267
vn 0.220664 0.953584 -0.204902
vn 0.188877 0.967994 -0.165267
vn 0.039462 0.970764 -0.236772
vn 0.188877 0.967994 -0.165267
vn 0.212810 0.961584 -0.173400
vn 0.212008 0.965813 -0.149191
vn 0.212008 0.965813 -0.149191
vn 0.212810 0.961584 -0.173400
vn 0.189117 0.969225 -0.157598
vn 0.212008 0.965813 -0.149191
vn 0.189117 0.969225 -0.157598
vn 0.212810 0.961584 -0.173400
vn 0.212810 0.961584 -0.173400
vn 0.189117 0.969225 -0.157598
vn 0.212513 0.960243 -0.181029
vn 0.188877 0.967994 -0.165267
vn 0.212008 0.965813 -0.149191
vn 0.173400 0.969466 -0.173400
vn 0.173400 0.969466 -0.173400
vn 0.212008 0.965813 -0.149191
vn 0.212810 0.961584 -0.173400
vn 0.212810 0.961584 -0.173400
vn 0.212513 0.960243 -0.181029
vn 0.204680 0.960422 -0.188935
vn 0.188877 0.967994 -0.165267
vn 0.173400 0.969466 -0.173400
vn 0.039364 0.984099 -0.173201
vn 0.188877 0.967994 -0.165267
vn 0.039364 0.984099 -0.173201
vn 0.039462 0.970764 -0.236772
vn 0.173400 0.969466 -0.173400
vn 0.212810 0.961584 -0.173400
vn 0.197119 0.961943 -0.189235
vn 0.212810 0.961584 -0.173400
vn 0.204680 0.960422 -0.188935
vn 0.197119 0.961943 -0.189235
vn 0.212810 0.961584 -0.173400
vn 0.197119 0.961943 -0.189235
vn 0.197119 0.961943 -0.189235
vn 0.197119 0.961943 -0.189235
vn 0.204680 0.960422 -0.188935
vn 0.204370 0.958967 -0.196510
vn 0.204370 0.958967 -0.196510
vn 0.204680 0.960422 -0.188935
vn 0.173159 0.968114 -0.181029
vn 0.204370 0.958967 -0.196510
vn 0.173159 0.968114 -0.181029
vn 0.180778 0.966767 -0.180778
vn 0.204370 0.958967 -0.196510
vn 0.180778 0.966767 -0.180778
vn 0.188626 0.966708 -0.172907
vn 0.204370 0.958967 -0.196510
vn 0.188626 0.966708 -0.172907
vn 0.196820 0.960481 -0.196820
vn 0.197119 0.961943 -0.189235
vn 0.204370 0.958967 -0.196510
vn 0.189524 0.963411 -0.189524
vn 0.189524 0.963411 -0.189524
vn 0.204370 0.958967 -0.196510
vn 0.196820 0.960481 -0.196820
vn 0.197119 0.961943 -0.189235
vn 0.189524 0.963411 -0.189524
vn 0.197119 0.961943 -0.189235
vn 0.189524 0.963411 -0.189524
vn 0.196820 0.960481 -0.196820
vn 0.157828 0.970643 -0.181502
vn 0.189524 0.963411 -0.189524
vn 0.157828 0.970643 -0.181502
vn 0.157358 0.967754 -0.196698
vn 0.189524 0.963411 -0.189524
vn 0.157358 0.967754 -0.196698
vn 0.197119 0.961943 -0.189235
vn 0.157358 0.967754 -0.196698
vn 0.157828 0.970643 -0.181502
vn 0.126204 0.978077 -0.165642
vn 0.157358 0.967754 -0.196698
vn 0.173400 0.969466 -0.173400
vn 0.197119 0.961943 -0.189235
vn 0.157358 0.967754 -0.196698
vn 0.126204 0.978077 -0.165642
vn 0.133784 0.967964 -0.212480
vn 0.197119 0.961943 -0.189235
vn 0.157358 0.967754 -0.196698
vn 0.197119 0.961943 -0.189235
vn 0.197119 0.961943 -0.189235
vn 0.197119 0.961943 -0.189235
vn 0.157358 0.967754 -0.196698
vn 0.197119 0.961943 -0.189235
vn 0.157358 0.967754 -0.196698
vn 0.133784 0.967964 -0.212480
vn 0.173400 0.969466 -0.173400
vn 0.157358 0.967754 -0.196698
vn 0.039374 0.992218 -0.118121
vn 0.039374 0.992218 -0.118121
vn 0.157358 0.967754 -0.196698
vn 0.197119 0.961943 -0.189235
vn 0.173400 0.969466 -0.173400
vn 0.039374 0.992218 -0.118121
vn 0.039364 0.984099 -0.173201
vn 0.133784 0.967964 -0.212480
vn 0.126204 0.978077 -0.165642
vn 0.157052 0.973725 -0.164905
vn 0.133784 0.967964 -0.212480
vn 0.157052 0.973725 -0.164905
vn 0.173460 0.954028 -0.244421
vn 0.173460 0.954028 -0.244421
vn 0.157052 0.973725 -0.164905
vn 0.283879 0.938376 -0.197138
vn 0.197119 0.961943 -0.189235
vn 0.133784 0.967964 -0.212480
vn 0.196510 0.958967 -0.204370
vn 0.173460 0.954028 -0.244421
vn 0.283879 0.938376 -0.197138
vn 0.305725 0.909336 -0.282208
vn 0.305725 0.909336 -0.282208
vn 0.283879 0.938376 -0.197138
vn 0.354749 0.906580 -0.228616
vn 0.133784 0.967964 -0.212480
vn 0.173460 0.954028 -0.244421
vn 0.212204 0.958848 -0.188626
vn 0.133784 0.967964 -0.212480
vn 0.212204 0.958848 -0.188626
vn 0.196510 0.958967 -0.204370
vn 0.173460 0.954028 -0.244421
vn 0.305725 0.909336 -0.282208
vn 0.307268 0.921803 -0.236360
vn 0.173460 0.954028 -0.244421
vn 0.307268 0.921803 -0.236360
vn 0.212204 0.958848 -0.188626
vn 0.305725 0.909336 -0.282208
vn 0.354749 0.906580 -0.228616
vn 0.346156 0.896860 -0.275352
vn 0.305725 0.909336 -0.282208
vn 0.346156 0.896860 -0.275352
vn 0.307268 0.921803 -0.236360
vn 0.346156 0.896860 -0.275352
vn 0.354749 0.906580 -0.228616
vn 0.292310 0.932231 -0.213307
vn 0.110377 0.993389 -0.031536
vn 0.197119 0.961943 -0.189235
vn 0.196510 0.958967 -0.204370
vn 0.197119 0.961943 -0.189235
vn 0.110377 0.993389 -0.031536
vn 0.039374 0.992218 -0.118121
vn 0.205189 0.978595 0.015784
vn 0.196510 0.958967 -0.204370
vn 0.212204 0.958848 -0.188626
vn 0.196510 0.958967 -0.204370
vn 0.205189 0.978595 0.015784
vn 0.110377 0.993389 -0.031536
vn 0.205189 0.978595 0.015784
vn 0.212204 0.958848 -0.188626
vn 0.315873 0.947618 0.047381
vn 0.315873 0.947618 0.047381
vn 0.212204 0.958848 -0.188626
vn 0.307268 0.921803 -0.236360
vn 0.110377 0.993389 -0.031536
vn 0.205189 0.978595 0.015784
vn 0.173314 0.984741 -0.015756
vn 0.173314 0.984741 -0.015756
vn 0.205189 0.978595 0.015784
vn 0.315873 0.947618 0.047381
vn 0.039374 0.992218 -0.118121
vn 0.110377 0.993389 -0.031536
vn -0.039320 0.998731 -0.031456
vn -0.039320 0.998731 -0.031456
vn 0.110377 0.993389 -0.031536
vn 0.173314 0.984741 -0.015756
vn 0.039374 0.992218 -0.118121
vn -0.039320 0.998731 -0.031456
vn 0.000000 0.978717 -0.205215
vn 0.039374 0.992218 -0.118121
vn 0.000000 0.978717 -0.205215
vn 0.039364 0.984099 -0.173201
vn -0.039320 0.998731 -0.031456
vn 0.173314 0.984741 -0.015756
vn 0.110305 0.969105 -0.220609
vn -0.039320 0.998731 -0.031456
vn 0.110305 0.969105 -0.220609
vn 0.000000 0.978717 -0.205215
vn 0.173314 0.984741 -0.015756
vn 0.315873 0.947618 0.047381
vn 0.363163 0.931592 0.015790
vn 0.173314 0.984741 -0.015756
vn 0.363163 0.931592 0.015790
vn 0.110305 0.969105 -0.220609
vn 0.039364 0.984099 -0.173201
vn 0.000000 0.978717 -0.205215
vn -0.015703 0.965724 -0.259097
vn 0.000000 0.978717 -0.205215
vn 0.110305 0.969105 -0.220609
vn 0.102528 0.962182 -0.252376
vn 0.000000 0.978717 -0.205215
vn 0.102528 0.962182 -0.252376
vn -0.015703 0.965724 -0.259097
vn 0.039364 0.984099 -0.173201
vn -0.015703 0.965724 -0.259097
vn 0.039462 0.970764 -0.236772
vn 0.363163 0.931592 0.015790
vn 0.315873 0.947618 0.047381
vn 0.290145 0.956694 -0.023525
vn 0.290145 0.956694 -0.023525
vn 0.315873 0.947618 0.047381
vn 0.307268 0.921803 -0.236360
vn 0.110305 0.969105 -0.220609
vn 0.363163 0.931592 0.015790
vn 0.290978 0.943712 -0.157285
vn 0.110305 0.969105 -0.220609
vn 0.290978 0.943712 -0.157285
vn 0.102528 0.962182 -0.252376
vn 0.363163 0.931592 0.015790
vn 0.290145 0.956694 -0.023525
vn 0.424920 0.904923 -0.023607
vn 0.363163 0.931592 0.015790
vn 0.424920 0.904923 -0.023607
vn 0.290978 0.943712 -0.157285
vn 0.290145 0.956694 -0.023525
vn 0.307268 0.921803 -0.236360
vn 0.283879 0.938376 -0.197138
vn 0.283879 0.938376 -0.197138
vn 0.307268 0.921803 -0.236360
vn 0.346156 0.896860 -0.275352
vn 0.424920 0.904923 -0.023607
vn 0.290145 0.956694 -0.023525
vn 0.212902 0.969888 -0.118279
vn 0.212902 0.969888 -0.118279
vn 0.290145 0.956694 -0.023525
vn 0.283879 0.938376 -0.197138
vn 0.283879 0.938376 -0.197138
vn 0.346156 0.896860 -0.275352
vn 0.276277 0.931447 -0.236808
vn 0.276277 0.931447 -0.236808
vn 0.346156 0.896860 -0.275352
vn 0.292310 0.932231 -0.213307
vn 0.276277 0.931447 -0.236808
vn 0.292310 0.932231 -0.213307
vn 0.165017 0.966528 -0.196449
vn 0.283879 0.938376 -0.197138
vn 0.276277 0.931447 -0.236808
vn 0.204490 0.967395 -0.149435
vn 0.283879 0.938376 -0.197138
vn 0.204490 0.967395 -0.149435
vn 0.212902 0.969888 -0.118279
vn 0.276277 0.931447 -0.236808
vn 0.165017 0.966528 -0.196449
vn 0.149671 0.968925 -0.196936
vn 0.276277 0.931447 -0.236808
vn 0.149671 0.968925 -0.196936
vn 0.204490 0.967395 -0.149435
vn 0.149671 0.968925 -0.196936
vn 0.165017 0.966528 -0.196449
vn 0.306735 0.935935 -0.173030
vn 0.204490 0.967395 -0.149435
vn 0.149671 0.968925 -0.196936
vn 0.110414 0.985842 -0.126188
vn 0.204490 0.967395 -0.149435
vn 0.110414 0.985842 -0.126188
vn 0.212902 0.969888 -0.118279
vn 0.149671 0.968925 -0.196936
vn 0.306735 0.935935 -0.173030
vn 0.299584 0.938172 -0.173444
vn 0.149671 0.968925 -0.196936
vn 0.299584 0.938172 -0.173444
vn 0.110414 0.985842 -0.126188
vn 0.299584 0.938172 -0.173444
vn 0.306735 0.935935 -0.173030
vn 0.393798 0.897861 -0.196899
vn 0.299584 0.938172 -0.173444
vn 0.393798 0.897861 -0.196899
vn 0.424408 0.880254 -0.212204
vn 0.424408 0.880254 -0.212204
vn 0.393798 0.897861 -0.196899
vn 0.189352 0.946762 -0.260360
vn 0.110414 0.985842 -0.126188
vn 0.299584 0.938172 -0.173444
vn 0.346189 0.920547 -0.180962
vn 0.346189 0.920547 -0.180962
vn 0.299584 0.938172 -0.173444
vn 0.424408 0.880254 -0.212204
vn 0.165104 0.974898 -0.149380
vn 0.212902 0.969888 -0.118279
vn 0.110414 0.985842 -0.126188
vn 0.165104 0.974898 -0.149380
vn 0.110414 0.985842 -0.126188
vn 0.346189 0.920547 -0.180962
vn 0.424408 0.880254 -0.212204
vn 0.189352 0.946762 -0.260360
vn 0.251075 0.925839 -0.282459
vn 0.251075 0.925839 -0.282459
vn 0.189352 0.946762 -0.260360
vn 0.173444 0.938172 -0.299584
vn 0.346189 0.920547 -0.180962
vn 0.424408 0.880254 -0.212204
vn 0.478112 0.854331 -0.203785
vn 0.478112 0.854331 -0.203785
vn 0.424408 0.880254 -0.212204
vn 0.251075 0.925839 -0.282459
vn 0.165104 0.974898 -0.149380
vn 0.346189 0.920547 -0.180962
vn 0.393750 0.905624 -0.157500
vn 0.393750 0.905624 -0.157500
vn 0.346189 0.920547 -0.180962
vn 0.478112 0.854331 -0.203785
vn 0.393750 0.905624 -0.157500
vn 0.478112 0.854331 -0.203785
vn 0.480658 0.874640 -0.063037
vn 0.165104 0.974898 -0.149380
vn 0.393750 0.905624 -0.157500
vn 0.267625 0.960303 0.078713
vn 0.267625 0.960303 0.078713
vn 0.393750 0.905624 -0.157500
vn 0.480658 0.874640 -0.063037
vn 0.478112 0.854331 -0.203785
vn 0.251075 0.925839 -0.282459
vn 0.307832 0.923496 -0.228901
vn 0.478112 0.854331 -0.203785
vn 0.307832 0.923496 -0.228901
vn 0.480658 0.874640 -0.063037
vn 0.228901 0.923496 -0.307832
vn 0.251075 0.925839 -0.282459
vn 0.173444 0.938172 -0.299584
vn 0.251075 0.925839 -0.282459
vn 0.228901 0.923496 -0.307832
vn 0.307832 0.923496 -0.228901
vn 0.228901 0.923496 -0.307832
vn 0.173444 0.938172 -0.299584
vn 0.229423 0.917692 -0.324357
vn 0.229423 0.917692 -0.324357
vn 0.173444 0.938172 -0.299584
vn 0.180610 0.926610 -0.329810
vn 0.229423 0.917692 -0.324357
vn 0.180610 0.926610 -0.329810
vn 0.070558 0.917259 -0.391991
vn 0.070558 0.917259 -0.391991
vn 0.180610 0.926610 -0.329810
vn 0.039448 0.930983 -0.362925
vn 0.070558 0.917259 -0.391991
vn 0.039448 0.930983 -0.362925
vn -0.133618 0.919608 -0.369415
vn 0.229423 0.917692 -0.324357
vn 0.070558 0.917259 -0.391991
vn 0.149643 0.913612 -0.378047
vn 0.228901 0.923496 -0.307832
vn 0.229423 0.917692 -0.324357
vn 0.298593 0.911495 -0.282878
vn 0.298593 0.911495 -0.282878
vn 0.229423 0.917692 -0.324357
vn 0.149643 0.913612 -0.378047
vn 0.252911 0.924706 -0.284525
vn 0.307832 0.923496 -0.228901
vn 0.228901 0.923496 -0.307832
vn 0.252911 0.924706 -0.284525
vn 0.228901 0.923496 -0.307832
vn 0.298593 0.911495 -0.282878
vn 0.307832 0.923496 -0.228901
vn 0.252911 0.924706 -0.284525
vn 0.141732 0.968504 -0.204724
vn 0.307832 0.923496 -0.228901
vn 0.141732 0.968504 -0.204724
vn 0.361009 0.926067 -0.109872
vn 0.307832 0.923496 -0.228901
vn 0.361009 0.926067 -0.109872
vn 0.480658 0.874640 -0.063037
vn 0.141732 0.968504 -0.204724
vn 0.252911 0.924706 -0.284525
vn 0.315391 0.938289 -0.141926
vn 0.141732 0.968504 -0.204724
vn 0.315391 0.938289 -0.141926
vn 0.361009 0.926067 -0.109872
vn 0.252911 0.924706 -0.284525
vn 0.298593 0.911495 -0.282878
vn 0.360876 0.910035 -0.203973
vn 0.252911 0.924706 -0.284525
vn 0.360876 0.910035 -0.203973
vn 0.315391 0.938289 -0.141926
vn 0.360876 0.910035 -0.203973
vn 0.298593 0.911495 -0.282878
vn 0.220664 0.937822 -0.267949
vn 0.220664 0.937822 -0.267949
vn 0.298593 0.911495 -0.282878
vn 0.149643 0.913612 -0.378047
vn 0.315391 0.938289 -0.141926
vn 0.360876 0.910035 -0.203973
vn 0.401674 0.913612 -0.063008
vn 0.401674 0.913612 -0.063008
vn 0.360876 0.910035 -0.203973
vn 0.220664 0.937822 -0.267949
vn 0.361009 0.926067 -0.109872
vn 0.315391 0.938289 -0.141926
vn 0.401463 0.913131 0.070846
vn 0.361009 0.926067 -0.109872
vn 0.401463 0.913131 0.070846
vn 0.480658 0.874640 -0.063037
vn 0.315391 0.938289 -0.141926
vn 0.401674 0.913612 -0.063008
vn 0.369850 0.928558 0.031477
vn 0.315391 0.938289 -0.141926
vn 0.369850 0.928558 0.031477
vn 0.401463 0.913131 0.070846
vn 0.480658 0.874640 -0.063037
vn 0.401463 0.913131 0.070846
vn 0.490460 0.838528 0.237319
vn 0.480658 0.874640 -0.063037
vn 0.490460 0.838528 0.237319
vn 0.267625 0.960303 0.078713
vn 0.401463 0.913131 0.070846
vn 0.369850 0.928558 0.031477
vn 0.540948 0.823181 0.172476
vn 0.401463 0.913131 0.070846
vn 0.540948 0.823181 0.172476
vn 0.490460 0.838528 0.237319
vn 0.369850 0.928558 0.031477
vn 0.401674 0.913612 -0.063008
vn 0.407796 0.909699 0.078422
vn 0.267055 0.958256 -0.102109
vn 0.401674 0.913612 -0.063008
vn 0.220664 0.937822 -0.267949
vn 0.401674 0.913612 -0.063008
vn 0.267055 0.958256 -0.102109
vn 0.407796 0.909699 0.078422
vn 0.267055 0.958256 -0.102109
vn 0.220664 0.937822 -0.267949
vn -0.118048 0.944384 -0.306925
vn 0.369850 0.928558 0.031477
vn 0.407796 0.909699 0.078422
vn 0.440059 0.887976 0.133589
vn 0.369850 0.928558 0.031477
vn 0.440059 0.887976 0.133589
vn 0.540948 0.823181 0.172476
vn 0.407796 0.909699 0.078422
vn 0.267055 0.958256 -0.102109
vn 0.251696 0.959589 0.125848
vn 0.465072 0.804022 0.370481
vn 0.490460 0.838528 0.237319
vn 0.540948 0.823181 0.172476
vn 0.490460 0.838528 0.237319
vn 0.465072 0.804022 0.370481
vn 0.267625 0.960303 0.078713
vn 0.540948 0.823181 0.172476
vn 0.440059 0.887976 0.133589
vn 0.604801 0.769747 0.204219
vn 0.465072 0.804022 0.370481
vn 0.540948 0.823181 0.172476
vn 0.427054 0.885742 0.181894
vn 0.427054 0.885742 0.181894
vn 0.540948 0.823181 0.172476
vn 0.604801 0.769747 0.204219
vn 0.267625 0.960303 0.078713
vn 0.465072 0.804022 0.370481
vn 0.094208 0.942082 0.321878
vn 0.094208 0.942082 0.321878
vn 0.465072 0.804022 0.370481
vn 0.427054 0.885742 0.181894
vn 0.267625 0.960303 0.078713
vn 0.094208 0.942082 0.321878
vn -0.055116 0.944853 0.322825
vn 0.354584 0.914038 0.196991
vn 0.440059 0.887976 0.133589
vn 0.407796 0.909699 0.078422
vn 0.267625 0.960303 0.078713
vn -0.055116 0.944853 0.322825
vn 0.102630 0.994720 0.000000
vn 0.267625 0.960303 0.078713
vn 0.102630 0.994720 0.000000
vn 0.165104 0.974898 -0.149380
vn 0.165104 0.974898 -0.149380
vn 0.102630 0.994720 0.000000
vn 0.212902 0.969888 -0.118279
vn -0.055116 0.944853 0.322825
vn 0.094208 0.942082 0.321878
vn 0.094532 0.968955 0.228453
vn 0.094532 0.968955 0.228453
vn 0.094208 0.942082 0.321878
vn 0.427054 0.885742 0.181894
vn 0.102630 0.994720 0.000000
vn -0.055116 0.944853 0.322825
vn 0.086868 0.987133 0.134250
vn 0.212902 0.969888 -0.118279
vn 0.102630 0.994720 0.000000
vn 0.282878 0.958641 -0.031431
vn 0.282878 0.958641 -0.031431
vn 0.102630 0.994720 0.000000
vn 0.086868 0.987133 0.134250
vn 0.212902 0.969888 -0.118279
vn 0.282878 0.958641 -0.031431
vn 0.424920 0.904923 -0.023607
vn 0.424920 0.904923 -0.023607
vn 0.282878 0.958641 -0.031431
vn 0.353009 0.933513 -0.062757
vn 0.353009 0.933513 -0.062757
vn 0.282878 0.958641 -0.031431
vn 0.086868 0.987133 0.134250
vn 0.424920 0.904923 -0.023607
vn 0.353009 0.933513 -0.062757
vn 0.290978 0.943712 -0.157285
vn -0.062906 0.982912 0.172993
vn -0.055116 0.944853 0.322825
vn 0.094532 0.968955 0.228453
vn -0.055116 0.944853 0.322825
vn -0.062906 0.982912 0.172993
vn 0.086868 0.987133 0.134250
vn 0.086868 0.987133 0.134250
vn -0.062906 0.982912 0.172993
vn -0.047178 0.998608 0.023589
vn 0.290978 0.943712 -0.157285
vn 0.353009 0.933513 -0.062757
vn 0.197334 0.955098 -0.221014
vn 0.353009 0.933513 -0.062757
vn 0.086868 0.987133 0.134250
vn 0.157033 0.981457 -0.109923
vn 0.157033 0.981457 -0.109923
vn 0.086868 0.987133 0.134250
vn -0.047178 0.998608 0.023589
vn 0.353009 0.933513 -0.062757
vn 0.157033 0.981457 -0.109923
vn 0.197334 0.955098 -0.221014
vn 0.290978 0.943712 -0.157285
vn 0.197334 0.955098 -0.221014
vn 0.102528 0.962182 -0.252376
vn -0.047178 0.998608 0.023589
vn -0.062906 0.982912 0.172993
vn -0.071025 0.994348 -0.078916
vn -0.047178 0.998608 0.023589
vn -0.071025 0.994348 -0.078916
vn 0.157033 0.981457 -0.109923
vn -0.023589 0.998608 -0.047178
vn -0.062906 0.982912 0.172993
vn 0.094532 0.968955 0.228453
vn -0.062906 0.982912 0.172993
vn -0.023589 0.998608 -0.047178
vn -0.071025 0.994348 -0.078916
vn -0.023589 0.998608 -0.047178
vn 0.094532 0.968955 0.228453
vn 0.141208 0.988456 -0.054914
vn 0.141208 0.988456 -0.054914
vn 0.094532 0.968955 0.228453
vn 0.427054 0.885742 0.181894
vn 0.062990 0.984221 -0.165349
vn 0.197334 0.955098 -0.221014
vn 0.157033 0.981457 -0.109923
vn 0.062990 0.984221 -0.165349
vn 0.157033 0.981457 -0.109923
vn -0.071025 0.994348 -0.078916
vn 0.197334 0.955098 -0.221014
vn 0.062990 0.984221 -0.165349
vn 0.149191 0.965813 -0.212008
vn 0.197334 0.955098 -0.221014
vn 0.149191 0.965813 -0.212008
vn 0.102528 0.962182 -0.252376
vn -0.023589 0.998608 -0.047178
vn 0.141208 0.988456 -0.054914
vn -0.015729 0.998762 -0.047186
vn -0.023589 0.998608 -0.047178
vn -0.015729 0.998762 -0.047186
vn -0.071025 0.994348 -0.078916
vn 0.102528 0.962182 -0.252376
vn 0.149191 0.965813 -0.212008
vn 0.102071 0.973605 -0.204143
vn 0.102528 0.962182 -0.252376
vn 0.102071 0.973605 -0.204143
vn -0.015703 0.965724 -0.259097
vn -0.015703 0.965724 -0.259097
vn 0.102071 0.973605 -0.204143
vn 0.007880 0.977075 -0.212750
vn 0.102071 0.973605 -0.204143
vn 0.149191 0.965813 -0.212008
vn 0.133589 0.974416 -0.180739
vn -0.015703 0.965724 -0.259097
vn 0.007880 0.977075 -0.212750
vn -0.031395 0.973245 -0.227614
vn -0.015703 0.965724 -0.259097
vn -0.031395 0.973245 -0.227614
vn 0.039462 0.970764 -0.236772
vn 0.007880 0.977075 -0.212750
vn 0.102071 0.973605 -0.204143
vn -0.007909 0.988613 -0.150269
vn 0.007880 0.977075 -0.212750
vn -0.007909 0.988613 -0.150269
vn -0.031395 0.973245 -0.227614
vn -0.007909 0.988613 -0.150269
vn 0.102071 0.973605 -0.204143
vn 0.133589 0.974416 -0.180739
vn 0.039462 0.970764 -0.236772
vn -0.031395 0.973245 -0.227614
vn 0.015758 0.976984 -0.212730
vn 0.015758 0.976984 -0.212730
vn -0.031395 0.973245 -0.227614
vn -0.007909 0.988613 -0.150269
vn 0.039462 0.970764 -0.236772
vn 0.015758 0.976984 -0.212730
vn 0.211675 0.948619 -0.235195
vn 0.211675 0.948619 -0.235195
vn 0.015758 0.976984 -0.212730
vn 0.023710 0.980000 -0.197581
vn 0.015758 0.976984 -0.212730
vn -0.007909 0.988613 -0.150269
vn 0.000000 0.988821 -0.149108
vn 0.015758 0.976984 -0.212730
vn 0.000000 0.988821 -0.149108
vn 0.023710 0.980000 -0.197581
vn 0.000000 0.988821 -0.149108
vn -0.007909 0.988613 -0.150269
vn 0.133589 0.974416 -0.180739
vn 0.023710 0.980000 -0.197581
vn 0.000000 0.988821 -0.149108
vn -0.023563 0.981790 -0.188504
vn -0.023563 0.981790 -0.188504
vn 0.000000 0.988821 -0.149108
vn 0.133589 0.974416 -0.180739
vn 0.141260 0.965278 -0.219738
vn 0.133589 0.974416 -0.180739
vn 0.149191 0.965813 -0.212008
vn 0.141260 0.965278 -0.219738
vn 0.149191 0.965813 -0.212008
vn 0.062990 0.984221 -0.165349
vn 0.133589 0.974416 -0.180739
vn 0.141260 0.965278 -0.219738
vn 0.181615 0.963351 -0.197408
vn 0.133589 0.974416 -0.180739
vn 0.181615 0.963351 -0.197408
vn -0.023563 0.981790 -0.188504
vn 0.141260 0.965278 -0.219738
vn 0.062990 0.984221 -0.165349
vn 0.000000 0.978717 -0.205215
vn 0.000000 0.978717 -0.205215
vn 0.062990 0.984221 -0.165349
vn -0.071025 0.994348 -0.078916
vn 0.181615 0.963351 -0.197408
vn 0.141260 0.965278 -0.219738
vn 0.204902 0.953584 -0.220664
vn 0.204902 0.953584 -0.220664
vn 0.141260 0.965278 -0.219738
vn 0.000000 0.978717 -0.205215
vn 0.000000 0.978717 -0.205215
vn -0.071025 0.994348 -0.078916
vn -0.157593 0.984954 -0.070917
vn -0.157593 0.984954 -0.070917
vn -0.071025 0.994348 -0.078916
vn -0.015729 0.998762 -0.047186
vn 0.204902 0.953584 -0.220664
vn 0.000000 0.978717 -0.205215
vn -0.015711 0.981941 -0.188533
vn -0.015711 0.981941 -0.188533
vn 0.000000 0.978717 -0.205215
vn -0.157593 0.984954 -0.070917
vn 0.181615 0.963351 -0.197408
vn 0.204902 0.953584 -0.220664
vn 0.134288 0.979511 -0.150086
vn 0.204902 0.953584 -0.220664
vn -0.015711 0.981941 -0.188533
vn 0.212651 0.976620 -0.031504
vn 0.204902 0.953584 -0.220664
vn 0.212651 0.976620 -0.031504
vn 0.134288 0.979511 -0.150086
vn -0.015711 0.981941 -0.188533
vn -0.157593 0.984954 -0.070917
vn -0.244307 0.961465 -0.126094
vn 0.212651 0.976620 -0.031504
vn -0.015711 0.981941 -0.188533
vn 0.007901 0.995464 0.094806
vn 0.007901 0.995464 0.094806
vn -0.015711 0.981941 -0.188533
vn -0.244307 0.961465 -0.126094
vn -0.244307 0.961465 -0.126094
vn -0.157593 0.984954 -0.070917
vn -0.117979 0.991021 -0.062922
vn -0.117979 0.991021 -0.062922
vn -0.157593 0.984954 -0.070917
vn -0.015729 0.998762 -0.047186
vn 0.181615 0.963351 -0.197408
vn 0.134288 0.979511 -0.150086
vn -0.062769 0.957223 -0.282459
vn 0.181615 0.963351 -0.197408
vn -0.062769 0.957223 -0.282459
vn -0.023563 0.981790 -0.188504
vn -0.173849 0.940366 -0.292383
vn 0.134288 0.979511 -0.150086
vn 0.212651 0.976620 -0.031504
vn -0.062769 0.957223 -0.282459
vn 0.134288 0.979511 -0.150086
vn -0.227824 0.856306 -0.463505
vn -0.227824 0.856306 -0.463505
vn 0.134288 0.979511 -0.150086
vn -0.173849 0.940366 -0.292383
vn -0.173849 0.940366 -0.292383
vn 0.212651 0.976620 -0.031504
vn -0.133688 0.983003 -0.125824
vn -0.133688 0.983003 -0.125824
vn 0.212651 0.976620 -0.031504
vn 0.007901 0.995464 0.094806
vn -0.227824 0.856306 -0.463505
vn -0.173849 0.940366 -0.292383
vn -0.291955 0.757504 -0.583909
vn -0.173849 0.940366 -0.292383
vn -0.133688 0.983003 -0.125824
vn -0.392401 0.737715 -0.549362
vn -0.173849 0.940366 -0.292383
vn -0.392401 0.737715 -0.549362
vn -0.291955 0.757504 -0.583909
vn -0.062769 0.957223 -0.282459
vn -0.227824 0.856306 -0.463505
vn -0.149490 0.810396 -0.566490
vn -0.149490 0.810396 -0.566490
vn -0.227824 0.856306 -0.463505
vn -0.291955 0.757504 -0.583909
vn -0.062769 0.957223 -0.282459
vn -0.149490 0.810396 -0.566490
vn -0.126428 0.916602 -0.379284
vn -0.062769 0.957223 -0.282459
vn -0.126428 0.916602 -0.379284
vn -0.023563 0.981790 -0.188504
vn -0.149490 0.810396 -0.566490
vn -0.291955 0.757504 -0.583909
vn -0.063125 0.836411 -0.544456
vn -0.023563 0.981790 -0.188504
vn -0.126428 0.916602 -0.379284
vn 0.000000 0.949465 -0.313873
vn -0.126428 0.916602 -0.379284
vn -0.149490 0.810396 -0.566490
vn 0.070811 0.841867 -0.535019
vn -0.126428 0.916602 -0.379284
vn 0.070811 0.841867 -0.535019
vn 0.000000 0.949465 -0.313873
vn 0.070811 0.841867 -0.535019
vn -0.149490 0.810396 -0.566490
vn -0.063125 0.836411 -0.544456
vn -0.023563 0.981790 -0.188504
vn 0.000000 0.949465 -0.313873
vn 0.023710 0.980000 -0.197581
vn 0.023710 0.980000 -0.197581
vn 0.000000 0.949465 -0.313873
vn 0.181435 0.954503 -0.236654
vn 0.023710 0.980000 -0.197581
vn 0.181435 0.954503 -0.236654
vn 0.260149 0.938114 -0.228616
vn 0.181435 0.954503 -0.236654
vn 0.000000 0.949465 -0.313873
vn 0.252313 0.938289 -0.236543
vn 0.181435 0.954503 -0.236654
vn 0.252313 0.938289 -0.236543
vn 0.260149 0.938114 -0.228616
vn 0.000000 0.949465 -0.313873
vn 0.070811 0.841867 -0.535019
vn 0.212250 0.919750 -0.330167
vn 0.000000 0.949465 -0.313873
vn 0.212250 0.919750 -0.330167
vn 0.252313 0.938289 -0.236543
vn 0.260149 0.938114 -0.228616
vn 0.252313 0.938289 -0.236543
vn 0.299287 0.897861 -0.322915
vn 0.299287 0.897861 -0.322915
vn 0.252313 0.938289 -0.236543
vn 0.212250 0.919750 -0.330167
vn 0.260149 0.938114 -0.228616
vn 0.299287 0.897861 -0.322915
vn 0.189565 0.924129 -0.331739
vn 0.189565 0.924129 -0.331739
vn 0.299287 0.897861 -0.322915
vn 0.290978 0.849341 -0.440399
vn 0.299287 0.897861 -0.322915
vn 0.212250 0.919750 -0.330167
vn 0.236067 0.826234 -0.511478
vn 0.299287 0.897861 -0.322915
vn 0.236067 0.826234 -0.511478
vn 0.290978 0.849341 -0.440399
vn 0.236067 0.826234 -0.511478
vn 0.212250 0.919750 -0.330167
vn 0.070811 0.841867 -0.535019
vn 0.290978 0.849341 -0.440399
vn 0.236067 0.826234 -0.511478
vn 0.456170 0.794365 -0.401115
vn 0.236067 0.826234 -0.511478
vn 0.070811 0.841867 -0.535019
vn 0.181091 0.858215 -0.480285
vn 0.236067 0.826234 -0.511478
vn 0.181091 0.858215 -0.480285
vn 0.456170 0.794365 -0.401115
vn 0.181091 0.858215 -0.480285
vn 0.070811 0.841867 -0.535019
vn -0.063125 0.836411 -0.544456
vn 0.456170 0.794365 -0.401115
vn 0.181091 0.858215 -0.480285
vn 0.534357 0.809394 -0.243604
vn 0.534357 0.809394 -0.243604
vn 0.181091 0.858215 -0.480285
vn 0.244329 0.914265 -0.323145
vn 0.244329 0.914265 -0.323145
vn 0.181091 0.858215 -0.480285
vn -0.063125 0.836411 -0.544456
vn 0.534357 0.809394 -0.243604
vn 0.244329 0.914265 -0.323145
vn 0.519685 0.842520 -0.141732
vn 0.519685 0.842520 -0.141732
vn 0.244329 0.914265 -0.323145
vn 0.236986 0.955843 -0.173790
vn 0.519685 0.842520 -0.141732
vn 0.236986 0.955843 -0.173790
vn 0.480658 0.874640 0.063037
vn 0.244329 0.914265 -0.323145
vn -0.063125 0.836411 -0.544456
vn 0.015718 0.935241 -0.353663
vn 0.244329 0.914265 -0.323145
vn 0.015718 0.935241 -0.353663
vn 0.236986 0.955843 -0.173790
vn 0.015718 0.935241 -0.353663
vn -0.063125 0.836411 -0.544456
vn -0.205081 0.899200 -0.386498
vn -0.205081 0.899200 -0.386498
vn -0.063125 0.836411 -0.544456
vn -0.291955 0.757504 -0.583909
vn 0.236986 0.955843 -0.173790
vn 0.015718 0.935241 -0.353663
vn -0.007899 0.987410 -0.157986
vn -0.007899 0.987410 -0.157986
vn 0.015718 0.935241 -0.353663
vn -0.205081 0.899200 -0.386498
vn 0.480658 0.874640 0.063037
vn 0.236986 0.955843 -0.173790
vn 0.181803 0.980153 0.079045
vn 0.181803 0.980153 0.079045
vn 0.236986 0.955843 -0.173790
vn -0.007899 0.987410 -0.157986
vn 0.480658 0.874640 0.063037
vn 0.181803 0.980153 0.079045
vn 0.402211 0.875401 0.268141
vn 0.402211 0.875401 0.268141
vn 0.181803 0.980153 0.079045
vn 0.126424 0.940278 0.316060
vn 0.126424 0.940278 0.316060
vn 0.181803 0.980153 0.079045
vn -0.023657 0.993606 0.110401
vn -0.023657 0.993606 0.110401
vn 0.181803 0.980153 0.079045
vn -0.007899 0.987410 -0.157986
vn -0.023657 0.993606 0.110401
vn -0.007899 0.987410 -0.157986
vn -0.157441 0.976136 -0.149569
vn -0.157441 0.976136 -0.149569
vn -0.007899 0.987410 -0.157986
vn -0.205081 0.899200 -0.386498
vn -0.157441 0.976136 -0.149569
vn -0.205081 0.899200 -0.386498
vn -0.268408 0.939428 -0.213148
vn -0.268408 0.939428 -0.213148
vn -0.205081 0.899200 -0.386498
vn -0.369472 0.809694 -0.455944
vn -0.369472 0.809694 -0.455944
vn -0.205081 0.899200 -0.386498
vn -0.291955 0.757504 -0.583909
vn -0.268408 0.939428 -0.213148
vn -0.369472 0.809694 -0.455944
vn -0.384470 0.870943 -0.306007
vn -0.369472 0.809694 -0.455944
vn -0.291955 0.757504 -0.583909
vn -0.392401 0.737715 -0.549362
vn -0.384470 0.870943 -0.306007
vn -0.369472 0.809694 -0.455944
vn -0.432722 0.763165 -0.479928
vn -0.432722 0.763165 -0.479928
vn -0.369472 0.809694 -0.455944
vn -0.392401 0.737715 -0.549362
vn -0.384470 0.870943 -0.306007
vn -0.432722 0.763165 -0.479928
vn -0.370619 0.851635 -0.370619
vn -0.432722 0.763165 -0.479928
vn -0.392401 0.737715 -0.549362
vn -0.370056 0.795226 -0.480285
vn -0.370056 0.795226 -0.480285
vn -0.392401 0.737715 -0.549362
vn -0.133688 0.983003 -0.125824
vn -0.370619 0.851635 -0.370619
vn -0.432722 0.763165 -0.479928
vn -0.339637 0.821448 -0.458115
vn -0.370619 0.851635 -0.370619
vn -0.339637 0.821448 -0.458115
vn -0.252211 0.906383 -0.338909
vn -0.432722 0.763165 -0.479928
vn -0.370056 0.795226 -0.480285
vn -0.236838 0.884195 -0.402625
vn -0.432722 0.763165 -0.479928
vn -0.236838 0.884195 -0.402625
vn -0.339637 0.821448 -0.458115
vn -0.370056 0.795226 -0.480285
vn -0.133688 0.983003 -0.125824
vn -0.118209 0.992957 0.007881
vn -0.370056 0.795226 -0.480285
vn -0.118209 0.992957 0.007881
vn -0.236838 0.884195 -0.402625
vn -0.118209 0.992957 0.007881
vn -0.133688 0.983003 -0.125824
vn 0.007901 0.995464 0.094806
vn -0.236838 0.884195 -0.402625
vn -0.118209 0.992957 0.007881
vn -0.133672 0.990745 0.023589
vn -0.133672 0.990745 0.023589
vn -0.118209 0.992957 0.007881
vn 0.007901 0.995464 0.094806
vn -0.339637 0.821448 -0.458115
vn -0.236838 0.884195 -0.402625
vn -0.118033 0.936399 -0.330494
vn -0.118033 0.936399 -0.330494
vn -0.236838 0.884195 -0.402625
vn -0.133672 0.990745 0.023589
vn -0.165165 0.904475 -0.393250
vn -0.252211 0.906383 -0.338909
vn -0.339637 0.821448 -0.458115
vn -0.165165 0.904475 -0.393250
vn -0.339637 0.821448 -0.458115
vn -0.118033 0.936399 -0.330494
vn -0.252211 0.906383 -0.338909
vn -0.165165 0.904475 -0.393250
vn -0.094532 0.968955 -0.228453
vn -0.133672 0.990745 0.023589
vn 0.007901 0.995464 0.094806
vn -0.244307 0.961465 0.126094
vn -0.244307 0.961465 0.126094
vn 0.007901 0.995464 0.094806
vn -0.244307 0.961465 -0.126094
vn -0.244307 0.961465 0.126094
vn -0.244307 0.961465 -0.126094
vn -0.117979 0.991021 -0.062922
vn -0.133672 0.990745 0.023589
vn -0.244307 0.961465 0.126094
vn -0.149090 0.988699 0.015694
vn -0.149090 0.988699 0.015694
vn -0.244307 0.961465 0.126094
vn -0.117979 0.991021 -0.062922
vn -0.007865 0.990990 -0.133705
vn -0.118033 0.936399 -0.330494
vn -0.133672 0.990745 0.023589
vn -0.007865 0.990990 -0.133705
vn -0.133672 0.990745 0.023589
vn -0.149090 0.988699 0.015694
vn -0.062757 0.933513 -0.353009
vn -0.165165 0.904475 -0.393250
vn -0.118033 0.936399 -0.330494
vn -0.062757 0.933513 -0.353009
vn -0.118033 0.936399 -0.330494
vn -0.007865 0.990990 -0.133705
vn -0.165165 0.904475 -0.393250
vn -0.062757 0.933513 -0.353009
vn -0.062860 0.927181 -0.369301
vn -0.165165 0.904475 -0.393250
vn -0.062860 0.927181 -0.369301
vn -0.094532 0.968955 -0.228453
vn -0.062757 0.933513 -0.353009
vn -0.007865 0.990990 -0.133705
vn 0.078701 0.991634 -0.102311
vn -0.007865 0.990990 -0.133705
vn -0.149090 0.988699 0.015694
vn 0.094664 0.993976 -0.055221
vn 0.094664 0.993976 -0.055221
vn -0.149090 0.988699 0.015694
vn -0.117979 0.991021 -0.062922
vn -0.007865 0.990990 -0.133705
vn 0.094664 0.993976 -0.055221
vn 0.078701 0.991634 -0.102311
vn -0.062757 0.933513 -0.353009
vn 0.078701 0.991634 -0.102311
vn 0.023590 0.943596 -0.330258
vn -0.062757 0.933513 -0.353009
vn 0.023590 0.943596 -0.330258
vn -0.062860 0.927181 -0.369301
vn 0.078701 0.991634 -0.102311
vn 0.094664 0.993976 -0.055221
vn 0.102579 0.994224 -0.031563
vn -0.133850 0.936950 -0.322815
vn -0.094532 0.968955 -0.228453
vn -0.062860 0.927181 -0.369301
vn -0.133850 0.936950 -0.322815
vn -0.062860 0.927181 -0.369301
vn 0.023590 0.943596 -0.330258
vn 0.023590 0.943596 -0.330258
vn 0.078701 0.991634 -0.102311
vn 0.055019 0.998207 -0.023580
vn 0.055019 0.998207 -0.023580
vn 0.078701 0.991634 -0.102311
vn 0.102579 0.994224 -0.031563
vn -0.133850 0.936950 -0.322815
vn 0.023590 0.943596 -0.330258
vn -0.015729 0.998762 -0.047186
vn -0.015729 0.998762 -0.047186
vn 0.023590 0.943596 -0.330258
vn 0.055019 0.998207 -0.023580
vn -0.094532 0.968955 -0.228453
vn -0.133850 0.936950 -0.322815
vn -0.228085 0.959530 -0.165165
vn -0.094532 0.968955 -0.228453
vn -0.228085 0.959530 -0.165165
vn -0.276604 0.940454 -0.197574
vn -0.228085 0.959530 -0.165165
vn -0.133850 0.936950 -0.322815
vn -0.227663 0.973455 -0.023551
vn -0.227663 0.973455 -0.023551
vn -0.133850 0.936950 -0.322815
vn -0.015729 0.998762 -0.047186
vn -0.276604 0.940454 -0.197574
vn -0.228085 0.959530 -0.165165
vn -0.284427 0.948091 -0.142214
vn -0.276604 0.940454 -0.197574
vn -0.284427 0.948091 -0.142214
vn -0.323276 0.946173 -0.015770
vn -0.228085 0.959530 -0.165165
vn -0.227663 0.973455 -0.023551
vn -0.243476 0.966051 -0.086395
vn -0.243476 0.966051 -0.086395
vn -0.227663 0.973455 -0.023551
vn -0.015729 0.998762 -0.047186
vn -0.228085 0.959530 -0.165165
vn -0.243476 0.966051 -0.086395
vn -0.284427 0.948091 -0.142214
vn -0.323276 0.946173 -0.015770
vn -0.284427 0.948091 -0.142214
vn -0.062798 0.989065 -0.133445
vn -0.062798 0.989065 -0.133445
vn -0.284427 0.948091 -0.142214
vn -0.243476 0.966051 -0.086395
vn -0.323276 0.946173 -0.015770
vn -0.062798 0.989065 -0.133445
vn -0.062850 0.997745 0.023569
vn -0.323276 0.946173 -0.015770
vn -0.062850 0.997745 0.023569
vn -0.055343 0.988274 0.142311
vn -0.062798 0.989065 -0.133445
vn -0.243476 0.966051 -0.086395
vn -0.047120 0.997375 -0.054973
vn -0.047120 0.997375 -0.054973
vn -0.243476 0.966051 -0.086395
vn -0.015729 0.998762 -0.047186
vn -0.062850 0.997745 0.023569
vn -0.062798 0.989065 -0.133445
vn -0.078490 0.988973 -0.125584
vn -0.078490 0.988973 -0.125584
vn -0.062798 0.989065 -0.133445
vn -0.047120 0.997375 -0.054973
vn -0.055343 0.988274 0.142311
vn -0.062850 0.997745 0.023569
vn -0.110414 0.985842 0.126188
vn -0.047120 0.997375 -0.054973
vn -0.015729 0.998762 -0.047186
vn -0.015744 0.999752 -0.015744
vn -0.015744 0.999752 -0.015744
vn -0.015729 0.998762 -0.047186
vn 0.055019 0.998207 -0.023580
vn -0.055343 0.988274 0.142311
vn -0.110414 0.985842 0.126188
vn -0.031477 0.999381 -0.015738
vn -0.047120 0.997375 -0.054973
vn -0.015744 0.999752 -0.015744
vn -0.031465 0.999009 -0.031465
vn -0.047120 0.997375 -0.054973
vn -0.031465 0.999009 -0.031465
vn -0.078490 0.988973 -0.125584
vn -0.015744 0.999752 -0.015744
vn 0.055019 0.998207 -0.023580
vn -0.015746 0.999876 0.000000
vn -0.133643 0.990530 0.031445
vn -0.062850 0.997745 0.023569
vn -0.078490 0.988973 -0.125584
vn -0.062850 0.997745 0.023569
vn -0.133643 0.990530 0.031445
vn -0.110414 0.985842 0.126188
vn -0.015746 0.999876 0.000000
vn 0.055019 0.998207 -0.023580
vn 0.000000 1.000000 0.000000
vn -0.031477 0.999381 -0.015738
vn -0.110414 0.985842 0.126188
vn -0.070634 0.996730 -0.039241
vn -0.031477 0.999381 -0.015738
vn -0.070634 0.996730 -0.039241
vn -0.031433 0.997991 -0.055007
vn -0.031433 0.997991 -0.055007
vn -0.070634 0.996730 -0.039241
vn 0.031508 0.992495 -0.118154
vn -0.070634 0.996730 -0.039241
vn -0.110414 0.985842 0.126188
vn 0.023696 0.995216 -0.094782
vn -0.070634 0.996730 -0.039241
vn 0.023696 0.995216 -0.094782
vn 0.031508 0.992495 -0.118154
vn 0.023696 0.995216 -0.094782
vn -0.110414 0.985842 0.126188
vn -0.102311 0.991634 0.078701
vn -0.102311 0.991634 0.078701
vn -0.110414 0.985842 0.126188
vn -0.133643 0.990530 0.031445
vn 0.031508 0.992495 -0.118154
vn 0.023696 0.995216 -0.094782
vn 0.228085 0.967395 -0.110110
vn 0.228085 0.967395 -0.110110
vn 0.023696 0.995216 -0.094782
vn -0.102311 0.991634 0.078701
vn 0.031508 0.992495 -0.118154
vn 0.228085 0.967395 -0.110110
vn 0.260733 0.956022 -0.134317
vn 0.031508 0.992495 -0.118154
vn 0.260733 0.956022 -0.134317
vn 0.070669 0.997222 -0.023556
vn 0.228085 0.967395 -0.110110
vn -0.102311 0.991634 0.078701
vn 0.180940 0.983368 0.015734
vn -0.102311 0.991634 0.078701
vn -0.133643 0.990530 0.031445
vn -0.150157 0.987872 0.039515
vn -0.102311 0.991634 0.078701
vn -0.150157 0.987872 0.039515
vn 0.180940 0.983368 0.015734
vn -0.150157 0.987872 0.039515
vn -0.133643 0.990530 0.031445
vn -0.062819 0.997252 -0.039262
vn -0.062819 0.997252 -0.039262
vn -0.133643 0.990530 0.031445
vn -0.078490 0.988973 -0.125584
vn -0.150157 0.987872 0.039515
vn -0.062819 0.997252 -0.039262
vn 0.197414 0.979175 0.047379
vn -0.150157 0.987872 0.039515
vn 0.197414 0.979175 0.047379
vn 0.180940 0.983368 0.015734
vn -0.062819 0.997252 -0.039262
vn -0.078490 0.988973 -0.125584
vn -0.031477 0.999381 -0.015738
vn -0.031477 0.999381 -0.015738
vn -0.078490 0.988973 -0.125584
vn -0.031465 0.999009 -0.031465
vn 0.197414 0.979175 0.047379
vn -0.062819 0.997252 -0.039262
vn 0.227698 0.973605 -0.015703
vn 0.227698 0.973605 -0.015703
vn -0.062819 0.997252 -0.039262
vn -0.031477 0.999381 -0.015738
vn 0.180940 0.983368 0.015734
vn 0.197414 0.979175 0.047379
vn 0.463248 0.879385 0.109923
vn 0.463248 0.879385 0.109923
vn 0.197414 0.979175 0.047379
vn 0.227698 0.973605 -0.015703
vn 0.227698 0.973605 -0.015703
vn -0.031477 0.999381 -0.015738
vn 0.204699 0.976257 -0.070857
vn -0.031477 0.999381 -0.015738
vn -0.031465 0.999009 -0.031465
vn 0.063080 0.993513 -0.094620
vn -0.031477 0.999381 -0.015738
vn 0.063080 0.993513 -0.094620
vn 0.204699 0.976257 -0.070857
vn 0.063080 0.993513 -0.094620
vn -0.031465 0.999009 -0.031465
vn -0.015744 0.999752 -0.015744
vn 0.227698 0.973605 -0.015703
vn 0.204699 0.976257 -0.070857
vn 0.386534 0.891396 -0.236654
vn 0.386534 0.891396 -0.236654
vn 0.204699 0.976257 -0.070857
vn 0.063080 0.993513 -0.094620
vn 0.463248 0.879385 0.109923
vn 0.227698 0.973605 -0.015703
vn 0.456283 0.888965 -0.039335
vn 0.456283 0.888965 -0.039335
vn 0.227698 0.973605 -0.015703
vn 0.386534 0.891396 -0.236654
vn 0.463248 0.879385 0.109923
vn 0.456283 0.888965 -0.039335
vn 0.509902 0.855066 -0.094136
vn 0.456283 0.888965 -0.039335
vn 0.386534 0.891396 -0.236654
vn 0.486548 0.823992 -0.290359
vn 0.456283 0.888965 -0.039335
vn 0.486548 0.823992 -0.290359
vn 0.509902 0.855066 -0.094136
vn 0.463248 0.879385 0.109923
vn 0.509902 0.855066 -0.094136
vn 0.502800 0.856332 0.117844
vn 0.486548 0.823992 -0.290359
vn 0.386534 0.891396 -0.236654
vn 0.472573 0.803374 -0.362306
vn 0.509902 0.855066 -0.094136
vn 0.486548 0.823992 -0.290359
vn 0.417258 0.866008 -0.275548
vn 0.472573 0.803374 -0.362306
vn 0.386534 0.891396 -0.236654
vn 0.259714 0.912933 -0.314805
vn 0.259714 0.912933 -0.314805
vn 0.386534 0.891396 -0.236654
vn 0.063080 0.993513 -0.094620
vn 0.486548 0.823992 -0.290359
vn 0.472573 0.803374 -0.362306
vn 0.442581 0.829839 -0.339839
vn 0.486548 0.823992 -0.290359
vn 0.442581 0.829839 -0.339839
vn 0.417258 0.866008 -0.275548
vn 0.509902 0.855066 -0.094136
vn 0.417258 0.866008 -0.275548
vn 0.386102 0.921917 -0.031519
vn 0.509902 0.855066 -0.094136
vn 0.386102 0.921917 -0.031519
vn 0.502800 0.856332 0.117844
vn 0.259714 0.912933 -0.314805
vn 0.063080 0.993513 -0.094620
vn 0.173633 0.970764 -0.165740
vn 0.472573 0.803374 -0.362306
vn 0.259714 0.912933 -0.314805
vn 0.449349 0.859281 -0.244383
vn 0.449349 0.859281 -0.244383
vn 0.259714 0.912933 -0.314805
vn 0.173633 0.970764 -0.165740
vn 0.472573 0.803374 -0.362306
vn 0.449349 0.859281 -0.244383
vn 0.504673 0.827979 -0.244451
vn 0.472573 0.803374 -0.362306
vn 0.504673 0.827979 -0.244451
vn 0.442581 0.829839 -0.339839
vn 0.504673 0.827979 -0.244451
vn 0.449349 0.859281 -0.244383
vn 0.506328 0.862341 0.000000
vn 0.442581 0.829839 -0.339839
vn 0.504673 0.827979 -0.244451
vn 0.321433 0.917259 -0.235195
vn 0.173633 0.970764 -0.165740
vn 0.063080 0.993513 -0.094620
vn 0.023636 0.992711 -0.118180
vn 0.449349 0.859281 -0.244383
vn 0.173633 0.970764 -0.165740
vn 0.408854 0.912058 0.031450
vn 0.449349 0.859281 -0.244383
vn 0.408854 0.912058 0.031450
vn 0.506328 0.862341 0.000000
vn 0.023636 0.992711 -0.118180
vn 0.063080 0.993513 -0.094620
vn -0.039320 0.998731 -0.031456
vn -0.039320 0.998731 -0.031456
vn 0.063080 0.993513 -0.094620
vn -0.015744 0.999752 -0.015744
vn -0.039320 0.998731 -0.031456
vn -0.015744 0.999752 -0.015744
vn -0.015746 0.999876 0.000000
vn 0.023636 0.992711 -0.118180
vn -0.039320 0.998731 -0.031456
vn -0.055033 0.998454 -0.007862
vn 0.023636 0.992711 -0.118180
vn -0.055033 0.998454 -0.007862
vn 0.173633 0.970764 -0.165740
vn -0.039320 0.998731 -0.031456
vn -0.015746 0.999876 0.000000
vn -0.023609 0.999442 0.023609
vn -0.039320 0.998731 -0.031456
vn -0.023609 0.999442 0.023609
vn -0.055033 0.998454 -0.007862
vn 0.173633 0.970764 -0.165740
vn -0.055033 0.998454 -0.007862
vn 0.149090 0.988699 0.015694
vn 0.173633 0.970764 -0.165740
vn 0.149090 0.988699 0.015694
vn 0.408854 0.912058 0.031450
vn 0.149090 0.988699 0.015694
vn -0.055033 0.998454 -0.007862
vn -0.023609 0.999442 0.023609
vn -0.023609 0.999442 0.023609
vn -0.015746 0.999876 0.000000
vn 0.000000 1.000000 0.000000
vn 0.408854 0.912058 0.031450
vn 0.149090 0.988699 0.015694
vn 0.362418 0.890288 0.275753
vn 0.149090 0.988699 0.015694
vn -0.023609 0.999442 0.023609
vn 0.015797 0.987317 0.157971
vn 0.149090 0.988699 0.015694
vn 0.015797 0.987317 0.157971
vn 0.141825 0.961256 0.236374
vn 0.149090 0.988699 0.015694
vn 0.141825 0.961256 0.236374
vn 0.362418 0.890288 0.275753
vn 0.015797 0.987317 0.157971
vn -0.023609 0.999442 0.023609
vn 0.054973 0.997375 0.047120
vn 0.054973 0.997375 0.047120
vn -0.023609 0.999442 0.023609
vn 0.000000 1.000000 0.000000
vn 0.141825 0.961256 0.236374
vn 0.015797 0.987317 0.157971
vn 0.188324 0.973005 0.133396
vn 0.188324 0.973005 0.133396
vn 0.015797 0.987317 0.157971
vn 0.054973 0.997375 0.047120
vn 0.141825 0.961256 0.236374
vn 0.188324 0.973005 0.133396
vn 0.243514 0.958345 0.149250
vn 0.141825 0.961256 0.236374
vn 0.243514 0.958345 0.149250
vn 0.362418 0.890288 0.275753
vn 0.188324 0.973005 0.133396
vn 0.054973 0.997375 0.047120
vn 0.157912 0.986948 -0.031582
vn 0.188324 0.973005 0.133396
vn 0.157912 0.986948 -0.031582
vn 0.243514 0.958345 0.149250
vn 0.054973 0.997375 0.047120
vn 0.000000 1.000000 0.000000
vn 0.055297 0.995340 0.078995
vn 0.054973 0.997375 0.047120
vn 0.055297 0.995340 0.078995
vn 0.157912 0.986948 -0.031582
vn 0.378611 0.883425 0.276070
vn 0.408854 0.912058 0.031450
vn 0.362418 0.890288 0.275753
vn 0.408854 0.912058 0.031450
vn 0.378611 0.883425 0.276070
vn 0.506328 0.862341 0.000000
vn 0.362418 0.890288 0.275753
vn 0.243514 0.958345 0.149250
vn 0.403228 0.901334 0.158129
vn 0.378611 0.883425 0.276070
vn 0.362418 0.890288 0.275753
vn 0.370343 0.914038 0.165472
vn 0.370343 0.914038 0.165472
vn 0.362418 0.890288 0.275753
vn 0.403228 0.901334 0.158129
vn 0.403228 0.901334 0.158129
vn 0.243514 0.958345 0.149250
vn 0.282939 0.958848 -0.023578
vn 0.282939 0.958848 -0.023578
vn 0.243514 0.958345 0.149250
vn 0.157912 0.986948 -0.031582
vn 0.370343 0.914038 0.165472
vn 0.403228 0.901334 0.158129
vn 0.392971 0.919551 0.000000
vn 0.403228 0.901334 0.158129
vn 0.282939 0.958848 -0.023578
vn 0.425039 0.905175 0.000000
vn 0.403228 0.901334 0.158129
vn 0.425039 0.905175 0.000000
vn 0.392971 0.919551 0.000000
vn 0.282939 0.958848 -0.023578
vn 0.157912 0.986948 -0.031582
vn 0.188347 0.980973 0.047087
vn 0.282939 0.958848 -0.023578
vn 0.188347 0.980973 0.047087
vn 0.425039 0.905175 0.000000
vn 0.188347 0.980973 0.047087
vn 0.157912 0.986948 -0.031582
vn -0.110414 0.985842 0.126188
vn 0.425039 0.905175 0.000000
vn 0.188347 0.980973 0.047087
vn 0.433690 0.891035 0.134050
vn 0.425039 0.905175 0.000000
vn 0.433690 0.891035 0.134050
vn 0.392971 0.919551 0.000000
vn 0.433690 0.891035 0.134050
vn 0.188347 0.980973 0.047087
vn 0.094594 0.930173 0.354727
vn 0.094594 0.930173 0.354727
vn 0.188347 0.980973 0.047087
vn -0.110414 0.985842 0.126188
vn 0.392971 0.919551 0.000000
vn 0.433690 0.891035 0.134050
vn 0.371695 0.917376 0.142351
vn 0.433690 0.891035 0.134050
vn 0.094594 0.930173 0.354727
vn 0.371684 0.869898 0.324235
vn 0.433690 0.891035 0.134050
vn 0.371684 0.869898 0.324235
vn 0.371695 0.917376 0.142351
vn 0.047139 0.997775 0.047139
vn -0.110414 0.985842 0.126188
vn 0.157912 0.986948 -0.031582
vn 0.047139 0.997775 0.047139
vn 0.157912 0.986948 -0.031582
vn 0.055297 0.995340 0.078995
vn -0.110414 0.985842 0.126188
vn 0.047139 0.997775 0.047139
vn 0.007888 0.993853 0.110428
vn 0.007888 0.993853 0.110428
vn 0.047139 0.997775 0.047139
vn 0.055297 0.995340 0.078995
vn -0.110676 0.924937 0.363651
vn 0.094594 0.930173 0.354727
vn -0.110414 0.985842 0.126188
vn -0.110414 0.985842 0.126188
vn 0.007888 0.993853 0.110428
vn -0.023662 0.985904 0.165632
vn -0.110414 0.985842 0.126188
vn -0.023662 0.985904 0.165632
vn -0.110676 0.924937 0.363651
vn 0.007888 0.993853 0.110428
vn 0.055297 0.995340 0.078995
vn 0.102157 0.982275 0.157164
vn 0.007888 0.993853 0.110428
vn 0.102157 0.982275 0.157164
vn -0.023662 0.985904 0.165632
vn 0.102157 0.982275 0.157164
vn 0.055297 0.995340 0.078995
vn 0.062819 0.997252 0.039262
vn 0.062819 0.997252 0.039262
vn 0.055297 0.995340 0.078995
vn 0.000000 1.000000 0.000000
vn -0.023662 0.985904 0.165632
vn 0.102157 0.982275 0.157164
vn 0.236374 0.961256 0.141825
vn 0.236374 0.961256 0.141825
vn 0.102157 0.982275 0.157164
vn 0.062819 0.997252 0.039262
vn -0.110676 0.924937 0.363651
vn -0.023662 0.985904 0.165632
vn 0.227782 0.926838 0.298473
vn 0.227782 0.926838 0.298473
vn -0.023662 0.985904 0.165632
vn 0.236374 0.961256 0.141825
vn 0.071182 0.893735 0.442913
vn 0.094594 0.930173 0.354727
vn -0.110676 0.924937 0.363651
vn 0.094594 0.930173 0.354727
vn 0.071182 0.893735 0.442913
vn 0.371684 0.869898 0.324235
vn 0.236374 0.961256 0.141825
vn 0.062819 0.997252 0.039262
vn 0.260149 0.953880 0.149783
vn 0.236374 0.961256 0.141825
vn 0.260149 0.953880 0.149783
vn 0.227782 0.926838 0.298473
vn 0.062819 0.997252 0.039262
vn 0.000000 1.000000 0.000000
vn 0.102579 0.994224 -0.031563
vn 0.102579 0.994224 -0.031563
vn 0.000000 1.000000 0.000000
vn 0.055019 0.998207 -0.023580
vn 0.062819 0.997252 0.039262
vn 0.102579 0.994224 -0.031563
vn 0.125973 0.992034 0.000000
vn 0.062819 0.997252 0.039262
vn 0.125973 0.992034 0.000000
vn 0.260149 0.953880 0.149783
vn 0.125973 0.992034 0.000000
vn 0.102579 0.994224 -0.031563
vn 0.118180 0.992711 -0.023636
vn 0.118180 0.992711 -0.023636
vn 0.102579 0.994224 -0.031563
vn 0.094664 0.993976 -0.055221
vn 0.118180 0.992711 -0.023636
vn 0.094664 0.993976 -0.055221
vn -0.117979 0.991021 -0.062922
vn 0.125973 0.992034 0.000000
vn 0.118180 0.992711 -0.023636
vn 0.180940 0.983368 -0.015734
vn 0.125973 0.992034 0.000000
vn 0.180940 0.983368 -0.015734
vn 0.260149 0.953880 0.149783
vn 0.118180 0.992711 -0.023636
vn -0.117979 0.991021 -0.062922
vn 0.150044 0.987133 -0.055279
vn 0.118180 0.992711 -0.023636
vn 0.150044 0.987133 -0.055279
vn 0.180940 0.983368 -0.015734
vn 0.150044 0.987133 -0.055279
vn -0.117979 0.991021 -0.062922
vn -0.015729 0.998762 -0.047186
vn 0.150044 0.987133 -0.055279
vn -0.015729 0.998762 -0.047186
vn 0.141208 0.988456 -0.054914
vn 0.150044 0.987133 -0.055279
vn 0.141208 0.988456 -0.054914
vn 0.323065 0.945556 -0.039398
vn 0.150044 0.987133 -0.055279
vn 0.323065 0.945556 -0.039398
vn 0.180940 0.983368 -0.015734
vn 0.323065 0.945556 -0.039398
vn 0.141208 0.988456 -0.054914
vn 0.427054 0.885742 0.181894
vn 0.480957 0.859414 0.173460
vn 0.260149 0.953880 0.149783
vn 0.180940 0.983368 -0.015734
vn 0.480957 0.859414 0.173460
vn 0.180940 0.983368 -0.015734
vn 0.323065 0.945556 -0.039398
vn 0.323065 0.945556 -0.039398
vn 0.427054 0.885742 0.181894
vn 0.598964 0.788110 0.141860
vn 0.323065 0.945556 -0.039398
vn 0.598964 0.788110 0.141860
vn 0.480957 0.859414 0.173460
vn 0.598964 0.788110 0.141860
vn 0.427054 0.885742 0.181894
vn 0.604801 0.769747 0.204219
vn 0.260149 0.953880 0.149783
vn 0.480957 0.859414 0.173460
vn 0.510641 0.809169 0.290673
vn 0.260149 0.953880 0.149783
vn 0.510641 0.809169 0.290673
vn 0.227782 0.926838 0.298473
vn 0.480957 0.859414 0.173460
vn 0.598964 0.788110 0.141860
vn 0.606657 0.748472 0.267874
vn 0.606657 0.748472 0.267874
vn 0.598964 0.788110 0.141860
vn 0.604801 0.769747 0.204219
vn 0.510641 0.809169 0.290673
vn 0.480957 0.859414 0.173460
vn 0.543290 0.787377 0.291330
vn 0.543290 0.787377 0.291330
vn 0.480957 0.859414 0.173460
vn 0.606657 0.748472 0.267874
vn 0.227782 0.926838 0.298473
vn 0.510641 0.809169 0.290673
vn 0.307459 0.882958 0.354760
vn 0.307459 0.882958 0.354760
vn 0.510641 0.809169 0.290673
vn 0.543290 0.787377 0.291330
vn 0.543290 0.787377 0.291330
vn 0.606657 0.748472 0.267874
vn 0.417258 0.858135 0.299166
vn 0.543290 0.787377 0.291330
vn 0.417258 0.858135 0.299166
vn 0.307459 0.882958 0.354760
vn 0.417258 0.858135 0.299166
vn 0.606657 0.748472 0.267874
vn 0.604801 0.769747 0.204219
vn 0.227782 0.926838 0.298473
vn 0.307459 0.882958 0.354760
vn 0.062751 0.917739 0.392196
vn 0.062751 0.917739 0.392196
vn 0.307459 0.882958 0.354760
vn 0.417258 0.858135 0.299166
vn 0.227782 0.926838 0.298473
vn 0.062751 0.917739 0.392196
vn -0.110676 0.924937 0.363651
vn -0.110676 0.924937 0.363651
vn 0.062751 0.917739 0.392196
vn 0.071182 0.893735 0.442913
vn 0.062751 0.917739 0.392196
vn 0.417258 0.858135 0.299166
vn 0.180739 0.911551 0.369335
vn 0.062751 0.917739 0.392196
vn 0.180739 0.911551 0.369335
vn 0.071182 0.893735 0.442913
vn 0.417258 0.858135 0.299166
vn 0.604801 0.769747 0.204219
vn 0.407834 0.886254 0.219603
vn 0.417258 0.858135 0.299166
vn 0.407834 0.886254 0.219603
vn 0.180739 0.911551 0.369335
vn 0.407834 0.886254 0.219603
vn 0.604801 0.769747 0.204219
vn 0.449237 0.874830 0.181271
vn 0.449237 0.874830 0.181271
vn 0.604801 0.769747 0.204219
vn 0.440059 0.887976 0.133589
vn 0.180739 0.911551 0.369335
vn 0.407834 0.886254 0.219603
vn 0.252313 0.938289 0.236543
vn 0.252313 0.938289 0.236543
vn 0.407834 0.886254 0.219603
vn 0.449237 0.874830 0.181271
vn 0.449237 0.874830 0.181271
vn 0.440059 0.887976 0.133589
vn 0.354584 0.914038 0.196991
vn 0.449237 0.874830 0.181271
vn 0.354584 0.914038 0.196991
vn 0.252313 0.938289 0.236543
vn 0.252313 0.938289 0.236543
vn 0.354584 0.914038 0.196991
vn 0.094465 0.921031 0.377859
vn 0.252313 0.938289 0.236543
vn 0.094465 0.921031 0.377859
vn 0.180739 0.911551 0.369335
vn 0.031368 0.893987 0.446993
vn 0.071182 0.893735 0.442913
vn 0.180739 0.911551 0.369335
vn 0.031368 0.893987 0.446993
vn 0.180739 0.911551 0.369335
vn 0.094465 0.921031 0.377859
vn 0.071182 0.893735 0.442913
vn 0.031368 0.893987 0.446993
vn 0.031568 0.962811 0.268324
vn 0.031568 0.962811 0.268324
vn 0.031368 0.893987 0.446993
vn 0.094465 0.921031 0.377859
vn 0.094465 0.921031 0.377859
vn 0.354584 0.914038 0.196991
vn 0.180644 0.934635 0.306309
vn 0.180644 0.934635 0.306309
vn 0.354584 0.914038 0.196991
vn 0.407796 0.909699 0.078422
vn 0.180644 0.934635 0.306309
vn 0.407796 0.909699 0.078422
vn 0.251696 0.959589 0.125848
vn 0.094465 0.921031 0.377859
vn 0.180644 0.934635 0.306309
vn -0.023644 0.922118 0.386186
vn 0.094465 0.921031 0.377859
vn -0.023644 0.922118 0.386186
vn 0.031568 0.962811 0.268324
vn 0.180644 0.934635 0.306309
vn 0.251696 0.959589 0.125848
vn -0.126424 0.940278 0.316060
vn 0.180644 0.934635 0.306309
vn -0.126424 0.940278 0.316060
vn -0.023644 0.922118 0.386186
vn 0.204775 0.929364 0.307163
vn 0.071182 0.893735 0.442913
vn 0.031568 0.962811 0.268324
vn 0.071182 0.893735 0.442913
vn 0.204775 0.929364 0.307163
vn 0.371684 0.869898 0.324235
vn 0.031568 0.962811 0.268324
vn -0.023644 0.922118 0.386186
vn -0.110171 0.975803 0.188865
vn -0.110171 0.975803 0.188865
vn -0.023644 0.922118 0.386186
vn -0.126424 0.940278 0.316060
vn 0.031568 0.962811 0.268324
vn -0.110171 0.975803 0.188865
vn 0.070928 0.992988 -0.094570
vn 0.204775 0.929364 0.307163
vn 0.031568 0.962811 0.268324
vn 0.149090 0.988699 -0.015694
vn 0.149090 0.988699 -0.015694
vn 0.031568 0.962811 0.268324
vn 0.070928 0.992988 -0.094570
vn 0.371684 0.869898 0.324235
vn 0.204775 0.929364 0.307163
vn 0.268349 0.955009 0.126282
vn 0.268349 0.955009 0.126282
vn 0.204775 0.929364 0.307163
vn 0.149090 0.988699 -0.015694
vn 0.371684 0.869898 0.324235
vn 0.268349 0.955009 0.126282
vn 0.369850 0.912820 0.173121
vn 0.371684 0.869898 0.324235
vn 0.369850 0.912820 0.173121
vn 0.371695 0.917376 0.142351
vn 0.268349 0.955009 0.126282
vn 0.149090 0.988699 -0.015694
vn 0.220609 0.969105 0.110305
vn 0.268349 0.955009 0.126282
vn 0.220609 0.969105 0.110305
vn 0.369850 0.912820 0.173121
vn 0.371695 0.917376 0.142351
vn 0.369850 0.912820 0.173121
vn 0.126365 0.979327 0.157956
vn 0.371695 0.917376 0.142351
vn 0.126365 0.979327 0.157956
vn 0.392971 0.919551 0.000000
vn 0.369850 0.912820 0.173121
vn 0.220609 0.969105 0.110305
vn 0.204541 0.951901 0.228141
vn 0.369850 0.912820 0.173121
vn 0.204541 0.951901 0.228141
vn 0.126365 0.979327 0.157956
vn 0.220609 0.969105 0.110305
vn 0.149090 0.988699 -0.015694
vn 0.189541 0.979297 -0.071078
vn 0.189541 0.979297 -0.071078
vn 0.149090 0.988699 -0.015694
vn 0.070928 0.992988 -0.094570
vn 0.204541 0.951901 0.228141
vn 0.220609 0.969105 0.110305
vn 0.007879 0.984832 0.173330
vn 0.220609 0.969105 0.110305
vn 0.189541 0.979297 -0.071078
vn 0.031456 0.998731 -0.039320
vn 0.220609 0.969105 0.110305
vn 0.031456 0.998731 -0.039320
vn 0.007879 0.984832 0.173330
vn 0.031456 0.998731 -0.039320
vn 0.189541 0.979297 -0.071078
vn 0.055212 0.985934 -0.157750
vn 0.055212 0.985934 -0.157750
vn 0.189541 0.979297 -0.071078
vn 0.070928 0.992988 -0.094570
vn 0.007879 0.984832 0.173330
vn 0.031456 0.998731 -0.039320
vn -0.197537 0.979786 0.031606
vn -0.197537 0.979786 0.031606
vn 0.031456 0.998731 -0.039320
vn 0.055212 0.985934 -0.157750
vn 0.204541 0.951901 0.228141
vn 0.007879 0.984832 0.173330
vn -0.070950 0.938114 0.338982
vn 0.204541 0.951901 0.228141
vn -0.070950 0.938114 0.338982
vn 0.126365 0.979327 0.157956
vn 0.007879 0.984832 0.173330
vn -0.197537 0.979786 0.031606
vn -0.213148 0.939428 0.268408
vn 0.007879 0.984832 0.173330
vn -0.213148 0.939428 0.268408
vn -0.070950 0.938114 0.338982
vn -0.197537 0.979786 0.031606
vn 0.055212 0.985934 -0.157750
vn -0.181412 0.978047 -0.102537
vn 0.126365 0.979327 0.157956
vn -0.070950 0.938114 0.338982
vn -0.204541 0.951901 0.228141
vn -0.213148 0.939428 0.268408
vn -0.197537 0.979786 0.031606
vn -0.338782 0.937560 0.078787
vn -0.338782 0.937560 0.078787
vn -0.197537 0.979786 0.031606
vn -0.181412 0.978047 -0.102537
vn -0.070950 0.938114 0.338982
vn -0.213148 0.939428 0.268408
vn -0.227937 0.872448 0.432294
vn -0.070950 0.938114 0.338982
vn -0.227937 0.872448 0.432294
vn -0.204541 0.951901 0.228141
vn -0.213148 0.939428 0.268408
vn -0.338782 0.937560 0.078787
vn -0.307918 0.907964 0.284232
vn -0.213148 0.939428 0.268408
vn -0.307918 0.907964 0.284232
vn -0.227937 0.872448 0.432294
vn -0.204541 0.951901 0.228141
vn -0.227937 0.872448 0.432294
vn -0.315039 0.905736 0.283535
vn 0.126365 0.979327 0.157956
vn -0.204541 0.951901 0.228141
vn -0.291510 0.953318 -0.078787
vn -0.291510 0.953318 -0.078787
vn -0.204541 0.951901 0.228141
vn -0.315039 0.905736 0.283535
vn 0.126365 0.979327 0.157956
vn -0.291510 0.953318 -0.078787
vn 0.062819 0.997252 -0.039262
vn 0.126365 0.979327 0.157956
vn 0.062819 0.997252 -0.039262
vn 0.392971 0.919551 0.000000
vn 0.392971 0.919551 0.000000
vn 0.062819 0.997252 -0.039262
vn 0.370343 0.914038 0.165472
vn 0.370343 0.914038 0.165472
vn 0.062819 0.997252 -0.039262
vn 0.086644 0.992464 0.086644
vn 0.086644 0.992464 0.086644
vn 0.062819 0.997252 -0.039262
vn -0.291510 0.953318 -0.078787
vn 0.370343 0.914038 0.165472
vn 0.086644 0.992464 0.086644
vn 0.378611 0.883425 0.276070
vn 0.378611 0.883425 0.276070
vn 0.086644 0.992464 0.086644
vn 0.157052 0.973725 0.164905
vn 0.378611 0.883425 0.276070
vn 0.157052 0.973725 0.164905
vn 0.506328 0.862341 0.000000
vn 0.086644 0.992464 0.086644
vn -0.291510 0.953318 -0.078787
vn -0.259121 0.965813 -0.007852
vn 0.086644 0.992464 0.086644
vn -0.259121 0.965813 -0.007852
vn 0.157052 0.973725 0.164905
vn 0.506328 0.862341 0.000000
vn 0.157052 0.973725 0.164905
vn 0.307918 0.947441 -0.086849
vn 0.506328 0.862341 0.000000
vn 0.307918 0.947441 -0.086849
vn 0.504673 0.827979 -0.244451
vn 0.504673 0.827979 -0.244451
vn 0.307918 0.947441 -0.086849
vn 0.321433 0.917259 -0.235195
vn 0.307918 0.947441 -0.086849
vn 0.157052 0.973725 0.164905
vn -0.205189 0.978595 0.015784
vn -0.205189 0.978595 0.015784
vn 0.157052 0.973725 0.164905
vn -0.259121 0.965813 -0.007852
vn 0.321433 0.917259 -0.235195
vn 0.307918 0.947441 -0.086849
vn -0.047146 0.974356 -0.220016
vn -0.047146 0.974356 -0.220016
vn 0.307918 0.947441 -0.086849
vn -0.205189 0.978595 0.015784
vn -0.410968 0.908871 -0.071129
vn -0.259121 0.965813 -0.007852
vn -0.291510 0.953318 -0.078787
vn -0.205189 0.978595 0.015784
vn -0.259121 0.965813 -0.007852
vn -0.448680 0.889488 -0.086587
vn -0.448680 0.889488 -0.086587
vn -0.259121 0.965813 -0.007852
vn -0.410968 0.908871 -0.071129
vn -0.410968 0.908871 -0.071129
vn -0.291510 0.953318 -0.078787
vn -0.315039 0.905736 0.283535
vn -0.205189 0.978595 0.015784
vn -0.448680 0.889488 -0.086587
vn -0.352759 0.925014 -0.141104
vn -0.205189 0.978595 0.015784
vn -0.352759 0.925014 -0.141104
vn -0.047146 0.974356 -0.220016
vn -0.448680 0.889488 -0.086587
vn -0.410968 0.908871 -0.071129
vn -0.275343 0.959767 -0.055069
vn -0.448680 0.889488 -0.086587
vn -0.275343 0.959767 -0.055069
vn -0.352759 0.925014 -0.141104
vn -0.410968 0.908871 -0.071129
vn -0.315039 0.905736 0.283535
vn -0.305828 0.948852 0.078418
vn -0.410968 0.908871 -0.071129
vn -0.305828 0.948852 0.078418
vn -0.275343 0.959767 -0.055069
vn -0.305828 0.948852 0.078418
vn -0.315039 0.905736 0.283535
vn -0.196237 0.926238 0.321829
vn -0.305828 0.948852 0.078418
vn -0.196237 0.926238 0.321829
vn -0.275343 0.959767 -0.055069
vn -0.196237 0.926238 0.321829
vn -0.315039 0.905736 0.283535
vn -0.236169 0.865954 0.440849
vn -0.236169 0.865954 0.440849
vn -0.315039 0.905736 0.283535
vn -0.227937 0.872448 0.432294
vn -0.236169 0.865954 0.440849
vn -0.227937 0.872448 0.432294
vn -0.307918 0.907964 0.284232
vn -0.196237 0.926238 0.321829
vn -0.236169 0.865954 0.440849
vn -0.150086 0.955813 0.252777
vn -0.236169 0.865954 0.440849
vn -0.307918 0.907964 0.284232
vn -0.306508 0.903804 0.298648
vn -0.236169 0.865954 0.440849
vn -0.306508 0.903804 0.298648
vn -0.150086 0.955813 0.252777
vn -0.196237 0.926238 0.321829
vn -0.150086 0.955813 0.252777
vn -0.165349 0.984221 0.062990
vn -0.196237 0.926238 0.321829
vn -0.165349 0.984221 0.062990
vn -0.275343 0.959767 -0.055069
vn -0.165349 0.984221 0.062990
vn -0.150086 0.955813 0.252777
vn -0.078497 0.996914 0.000000
vn -0.165349 0.984221 0.062990
vn -0.078497 0.996914 0.000000
vn -0.275343 0.959767 -0.055069
vn -0.078497 0.996914 0.000000
vn -0.150086 0.955813 0.252777
vn -0.125832 0.990929 0.047187
vn -0.125832 0.990929 0.047187
vn -0.150086 0.955813 0.252777
vn -0.306508 0.903804 0.298648
vn -0.275343 0.959767 -0.055069
vn -0.078497 0.996914 0.000000
vn -0.055260 0.994689 -0.086838
vn -0.386534 0.891396 0.236654
vn -0.306508 0.903804 0.298648
vn -0.307918 0.907964 0.284232
vn -0.386534 0.891396 0.236654
vn -0.307918 0.907964 0.284232
vn -0.433434 0.898390 0.070926
vn -0.433434 0.898390 0.070926
vn -0.307918 0.907964 0.284232
vn -0.338782 0.937560 0.078787
vn -0.275343 0.959767 -0.055069
vn -0.055260 0.994689 -0.086838
vn -0.196985 0.953406 -0.228502
vn -0.275343 0.959767 -0.055069
vn -0.196985 0.953406 -0.228502
vn -0.352759 0.925014 -0.141104
vn -0.055260 0.994689 -0.086838
vn -0.078497 0.996914 0.000000
vn -0.039241 0.996730 -0.070634
vn -0.352759 0.925014 -0.141104
vn -0.196985 0.953406 -0.228502
vn -0.291764 0.922605 -0.252336
vn -0.196985 0.953406 -0.228502
vn -0.055260 0.994689 -0.086838
vn -0.094697 0.986426 -0.134154
vn -0.196985 0.953406 -0.228502
vn -0.094697 0.986426 -0.134154
vn -0.291764 0.922605 -0.252336
vn -0.094697 0.986426 -0.134154
vn -0.055260 0.994689 -0.086838
vn -0.039241 0.996730 -0.070634
vn -0.352759 0.925014 -0.141104
vn -0.291764 0.922605 -0.252336
vn -0.276268 0.907738 -0.315735
vn -0.352759 0.925014 -0.141104
vn -0.276268 0.907738 -0.315735
vn -0.047146 0.974356 -0.220016
vn -0.291764 0.922605 -0.252336
vn -0.094697 0.986426 -0.134154
vn -0.212099 0.974086 -0.078555
vn -0.047146 0.974356 -0.220016
vn -0.276268 0.907738 -0.315735
vn -0.291411 0.913612 -0.283535
vn -0.094697 0.986426 -0.134154
vn -0.039241 0.996730 -0.070634
vn -0.070654 0.997007 -0.031402
vn -0.094697 0.986426 -0.134154
vn -0.070654 0.997007 -0.031402
vn -0.212099 0.974086 -0.078555
vn -0.276268 0.907738 -0.315735
vn -0.291764 0.922605 -0.252336
vn -0.393213 0.888663 -0.235928
vn -0.276268 0.907738 -0.315735
vn -0.393213 0.888663 -0.235928
vn -0.291411 0.913612 -0.283535
vn -0.291764 0.922605 -0.252336
vn -0.212099 0.974086 -0.078555
vn -0.331068 0.938026 -0.102473
vn -0.291764 0.922605 -0.252336
vn -0.331068 0.938026 -0.102473
vn -0.393213 0.888663 -0.235928
vn -0.070654 0.997007 -0.031402
vn -0.039241 0.996730 -0.070634
vn -0.054926 0.996515 -0.062773
vn -0.070654 0.997007 -0.031402
vn -0.054926 0.996515 -0.062773
vn -0.055035 0.998484 0.000000
vn -0.054926 0.996515 -0.062773
vn -0.039241 0.996730 -0.070634
vn -0.054926 0.996515 -0.062773
vn -0.070654 0.997007 -0.031402
vn -0.055035 0.998484 0.000000
vn -0.086873 0.995092 0.047385
vn -0.054926 0.996515 -0.062773
vn -0.039241 0.996730 -0.070634
vn -0.031418 0.997529 -0.062836
vn -0.031418 0.997529 -0.062836
vn -0.039241 0.996730 -0.070634
vn -0.078497 0.996914 0.000000
vn -0.054926 0.996515 -0.062773
vn -0.031418 0.997529 -0.062836
vn -0.054926 0.996515 -0.062773
vn -0.031418 0.997529 -0.062836
vn -0.078497 0.996914 0.000000
vn -0.125832 0.990929 0.047187
vn -0.031418 0.997529 -0.062836
vn -0.125832 0.990929 0.047187
vn -0.054926 0.996515 -0.062773
vn -0.054926 0.996515 -0.062773
vn -0.125832 0.990929 0.047187
vn -0.149108 0.988821 0.000000
vn -0.070654 0.997007 -0.031402
vn -0.086873 0.995092 0.047385
vn -0.125910 0.991542 0.031478
vn -0.070654 0.997007 -0.031402
vn -0.125910 0.991542 0.031478
vn -0.212099 0.974086 -0.078555
vn -0.125910 0.991542 0.031478
vn -0.086873 0.995092 0.047385
vn -0.102426 0.992742 0.063031
vn -0.149108 0.988821 0.000000
vn -0.125832 0.990929 0.047187
vn -0.290109 0.948735 0.125453
vn -0.149108 0.988821 0.000000
vn -0.290109 0.948735 0.125453
vn -0.299473 0.953584 0.031523
vn -0.290109 0.948735 0.125453
vn -0.125832 0.990929 0.047187
vn -0.306508 0.903804 0.298648
vn -0.299473 0.953584 0.031523
vn -0.290109 0.948735 0.125453
vn -0.377590 0.912509 0.157329
vn -0.377590 0.912509 0.157329
vn -0.290109 0.948735 0.125453
vn -0.306508 0.903804 0.298648
vn -0.299473 0.953584 0.031523
vn -0.377590 0.912509 0.157329
vn -0.424710 0.904475 -0.039325
vn -0.377590 0.912509 0.157329
vn -0.306508 0.903804 0.298648
vn -0.386534 0.891396 0.236654
vn -0.125910 0.991542 0.031478
vn -0.102426 0.992742 0.063031
vn -0.180912 0.983216 0.023597
vn -0.125910 0.991542 0.031478
vn -0.180912 0.983216 0.023597
vn -0.212099 0.974086 -0.078555
vn -0.180912 0.983216 0.023597
vn -0.102426 0.992742 0.063031
vn -0.141382 0.989675 0.023564
vn -0.212099 0.974086 -0.078555
vn -0.180912 0.983216 0.023597
vn -0.331068 0.938026 -0.102473
vn -0.377590 0.912509 0.157329
vn -0.386534 0.891396 0.236654
vn -0.450357 0.892814 0.007901
vn -0.377590 0.912509 0.157329
vn -0.450357 0.892814 0.007901
vn -0.424710 0.904475 -0.039325
vn -0.450357 0.892814 0.007901
vn -0.386534 0.891396 0.236654
vn -0.433434 0.898390 0.070926
vn -0.424710 0.904475 -0.039325
vn -0.450357 0.892814 0.007901
vn -0.471259 0.871829 -0.133523
vn -0.471259 0.871829 -0.133523
vn -0.450357 0.892814 0.007901
vn -0.433434 0.898390 0.070926
vn -0.424710 0.904475 -0.039325
vn -0.471259 0.871829 -0.133523
vn -0.455242 0.879087 -0.141282
vn -0.331068 0.938026 -0.102473
vn -0.180912 0.983216 0.023597
vn -0.251781 0.967784 0.000000
vn -0.251781 0.967784 0.000000
vn -0.180912 0.983216 0.023597
vn -0.141382 0.989675 0.023564
vn -0.331068 0.938026 -0.102473
vn -0.251781 0.967784 0.000000
vn -0.424199 0.903386 -0.062844
vn -0.331068 0.938026 -0.102473
vn -0.424199 0.903386 -0.062844
vn -0.393213 0.888663 -0.235928
vn -0.251781 0.967784 0.000000
vn -0.141382 0.989675 0.023564
vn -0.268425 0.963171 -0.015790
vn -0.268425 0.963171 -0.015790
vn -0.141382 0.989675 0.023564
vn -0.149067 0.988547 -0.023537
vn -0.424199 0.903386 -0.062844
vn -0.251781 0.967784 0.000000
vn -0.447200 0.894400 -0.007846
vn -0.447200 0.894400 -0.007846
vn -0.251781 0.967784 0.000000
vn -0.268425 0.963171 -0.015790
vn -0.393213 0.888663 -0.235928
vn -0.424199 0.903386 -0.062844
vn -0.448986 0.882218 -0.141785
vn -0.268425 0.963171 -0.015790
vn -0.149067 0.988547 -0.023537
vn -0.267261 0.958996 -0.094328
vn -0.267261 0.958996 -0.094328
vn -0.149067 0.988547 -0.023537
vn -0.157397 0.983734 -0.086569
vn -0.447200 0.894400 -0.007846
vn -0.268425 0.963171 -0.015790
vn -0.423976 0.902912 -0.070663
vn -0.423976 0.902912 -0.070663
vn -0.268425 0.963171 -0.015790
vn -0.267261 0.958996 -0.094328
vn -0.267261 0.958996 -0.094328
vn -0.157397 0.983734 -0.086569
vn -0.267154 0.950754 -0.157149
vn -0.267261 0.958996 -0.094328
vn -0.267154 0.950754 -0.157149
vn -0.423976 0.902912 -0.070663
vn -0.267154 0.950754 -0.157149
vn -0.157397 0.983734 -0.086569
vn -0.196936 0.968925 -0.149671
vn -0.496973 0.867730 -0.007888
vn -0.424199 0.903386 -0.062844
vn -0.447200 0.894400 -0.007846
vn -0.424199 0.903386 -0.062844
vn -0.496973 0.867730 -0.007888
vn -0.448986 0.882218 -0.141785
vn -0.447200 0.894400 -0.007846
vn -0.423976 0.902912 -0.070663
vn -0.496973 0.867730 -0.007888
vn -0.447200 0.894400 -0.007846
vn -0.496973 0.867730 -0.007888
vn -0.496973 0.867730 -0.007888
vn -0.448986 0.882218 -0.141785
vn -0.291411 0.913612 -0.283535
vn -0.393213 0.888663 -0.235928
vn -0.496973 0.867730 -0.007888
vn -0.423976 0.902912 -0.070663
vn -0.447159 0.894317 -0.015690
vn -0.291411 0.913612 -0.283535
vn -0.448986 0.882218 -0.141785
vn -0.329333 0.925270 -0.188190
vn -0.448986 0.882218 -0.141785
vn -0.496973 0.867730 -0.007888
vn -0.391991 0.917259 -0.070558
vn -0.448986 0.882218 -0.141785
vn -0.391991 0.917259 -0.070558
vn -0.329333 0.925270 -0.188190
vn -0.496973 0.867730 -0.007888
vn -0.496973 0.867730 -0.007888
vn -0.418544 0.908162 0.007897
vn -0.496973 0.867730 -0.007888
vn -0.418544 0.908162 0.007897
vn -0.391991 0.917259 -0.070558
vn -0.418544 0.908162 0.007897
vn -0.496973 0.867730 -0.007888
vn -0.401463 0.913131 0.070846
vn -0.401463 0.913131 0.070846
vn -0.496973 0.867730 -0.007888
vn -0.447159 0.894317 -0.015690
vn -0.391991 0.917259 -0.070558
vn -0.418544 0.908162 0.007897
vn -0.188533 0.981941 0.015711
vn -0.418544 0.908162 0.007897
vn -0.401463 0.913131 0.070846
vn -0.134125 0.978321 0.157794
vn -0.418544 0.908162 0.007897
vn -0.134125 0.978321 0.157794
vn -0.188533 0.981941 0.015711
vn -0.401463 0.913131 0.070846
vn -0.447159 0.894317 -0.015690
vn -0.308264 0.940601 0.142276
vn -0.401463 0.913131 0.070846
vn -0.308264 0.940601 0.142276
vn -0.134125 0.978321 0.157794
vn -0.157794 0.978321 -0.134125
vn -0.329333 0.925270 -0.188190
vn -0.391991 0.917259 -0.070558
vn -0.157794 0.978321 -0.134125
vn -0.391991 0.917259 -0.070558
vn -0.188533 0.981941 0.015711
vn -0.329333 0.925270 -0.188190
vn -0.157794 0.978321 -0.134125
vn -0.039531 0.964555 -0.260904
vn -0.329333 0.925270 -0.188190
vn -0.039531 0.964555 -0.260904
vn -0.291411 0.913612 -0.283535
vn -0.157794 0.978321 -0.134125
vn -0.188533 0.981941 0.015711
vn 0.133693 0.990898 0.015729
vn -0.291411 0.913612 -0.283535
vn -0.039531 0.964555 -0.260904
vn 0.015790 0.963171 -0.268425
vn -0.291411 0.913612 -0.283535
vn 0.015790 0.963171 -0.268425
vn -0.047146 0.974356 -0.220016
vn -0.047146 0.974356 -0.220016
vn 0.015790 0.963171 -0.268425
vn 0.321433 0.917259 -0.235195
vn 0.321433 0.917259 -0.235195
vn 0.015790 0.963171 -0.268425
vn 0.276268 0.907738 -0.315735
vn 0.276268 0.907738 -0.315735
vn 0.015790 0.963171 -0.268425
vn -0.039531 0.964555 -0.260904
vn 0.321433 0.917259 -0.235195
vn 0.276268 0.907738 -0.315735
vn 0.442581 0.829839 -0.339839
vn 0.442581 0.829839 -0.339839
vn 0.276268 0.907738 -0.315735
vn 0.417258 0.866008 -0.275548
vn 0.276268 0.907738 -0.315735
vn -0.039531 0.964555 -0.260904
vn 0.180722 0.958611 -0.220009
vn 0.276268 0.907738 -0.315735
vn 0.180722 0.958611 -0.220009
vn 0.417258 0.866008 -0.275548
vn 0.180722 0.958611 -0.220009
vn -0.039531 0.964555 -0.260904
vn -0.157794 0.978321 -0.134125
vn 0.180722 0.958611 -0.220009
vn -0.157794 0.978321 -0.134125
vn 0.133693 0.990898 0.015729
vn 0.417258 0.866008 -0.275548
vn 0.180722 0.958611 -0.220009
vn 0.386102 0.921917 -0.031519
vn 0.386102 0.921917 -0.031519
vn 0.180722 0.958611 -0.220009
vn 0.133693 0.990898 0.015729
vn 0.386102 0.921917 -0.031519
vn 0.133693 0.990898 0.015729
vn 0.361444 0.911466 0.196437
vn 0.386102 0.921917 -0.031519
vn 0.361444 0.911466 0.196437
vn 0.502800 0.856332 0.117844
vn 0.141260 0.965278 0.219738
vn 0.133693 0.990898 0.015729
vn -0.188533 0.981941 0.015711
vn 0.133693 0.990898 0.015729
vn 0.141260 0.965278 0.219738
vn 0.361444 0.911466 0.196437
vn 0.141260 0.965278 0.219738
vn -0.188533 0.981941 0.015711
vn -0.134125 0.978321 0.157794
vn 0.502800 0.856332 0.117844
vn 0.361444 0.911466 0.196437
vn 0.457317 0.875210 0.157696
vn 0.361444 0.911466 0.196437
vn 0.141260 0.965278 0.219738
vn 0.345953 0.912058 0.220152
vn 0.361444 0.911466 0.196437
vn 0.345953 0.912058 0.220152
vn 0.457317 0.875210 0.157696
vn 0.141260 0.965278 0.219738
vn -0.134125 0.978321 0.157794
vn 0.165139 0.951518 0.259505
vn 0.141260 0.965278 0.219738
vn 0.165139 0.951518 0.259505
vn 0.345953 0.912058 0.220152
vn 0.165139 0.951518 0.259505
vn -0.134125 0.978321 0.157794
vn -0.054994 0.966320 0.251400
vn -0.054994 0.966320 0.251400
vn -0.134125 0.978321 0.157794
vn -0.308264 0.940601 0.142276
vn 0.165139 0.951518 0.259505
vn -0.054994 0.966320 0.251400
vn 0.134125 0.978321 0.157794
vn 0.134125 0.978321 0.157794
vn -0.054994 0.966320 0.251400
vn -0.031578 0.971036 0.236838
vn 0.165139 0.951518 0.259505
vn 0.134125 0.978321 0.157794
vn 0.299287 0.952992 0.047256
vn 0.165139 0.951518 0.259505
vn 0.299287 0.952992 0.047256
vn 0.345953 0.912058 0.220152
vn 0.345953 0.912058 0.220152
vn 0.299287 0.952992 0.047256
vn 0.457317 0.875210 0.157696
vn -0.031578 0.971036 0.236838
vn -0.054994 0.966320 0.251400
vn -0.189235 0.961943 0.197119
vn -0.189235 0.961943 0.197119
vn -0.054994 0.966320 0.251400
vn -0.308264 0.940601 0.142276
vn -0.031578 0.971036 0.236838
vn -0.189235 0.961943 0.197119
vn -0.133775 0.975773 0.173121
vn -0.189235 0.961943 0.197119
vn -0.308264 0.940601 0.142276
vn -0.353706 0.935356 0.000000
vn -0.133775 0.975773 0.173121
vn -0.189235 0.961943 0.197119
vn -0.243304 0.965367 0.094182
vn -0.243304 0.965367 0.094182
vn -0.189235 0.961943 0.197119
vn -0.353706 0.935356 0.000000
vn -0.353706 0.935356 0.000000
vn -0.308264 0.940601 0.142276
vn -0.447159 0.894317 -0.015690
vn -0.133775 0.975773 0.173121
vn -0.243304 0.965367 0.094182
vn -0.181029 0.968114 0.173159
vn -0.353706 0.935356 0.000000
vn -0.447159 0.894317 -0.015690
vn -0.393750 0.913499 -0.102375
vn -0.393750 0.913499 -0.102375
vn -0.447159 0.894317 -0.015690
vn -0.423976 0.902912 -0.070663
vn -0.393750 0.913499 -0.102375
vn -0.423976 0.902912 -0.070663
vn -0.267154 0.950754 -0.157149
vn -0.353706 0.935356 0.000000
vn -0.393750 0.913499 -0.102375
vn -0.330494 0.936399 -0.118033
vn -0.353706 0.935356 0.000000
vn -0.330494 0.936399 -0.118033
vn -0.243304 0.965367 0.094182
vn -0.330494 0.936399 -0.118033
vn -0.393750 0.913499 -0.102375
vn -0.267154 0.950754 -0.157149
vn -0.181029 0.968114 0.173159
vn -0.243304 0.965367 0.094182
vn -0.244383 0.969647 -0.007883
vn -0.244383 0.969647 -0.007883
vn -0.243304 0.965367 0.094182
vn -0.330494 0.936399 -0.118033
vn -0.330494 0.936399 -0.118033
vn -0.267154 0.950754 -0.157149
vn -0.243356 0.949875 -0.196255
vn -0.330494 0.936399 -0.118033
vn -0.243356 0.949875 -0.196255
vn -0.244383 0.969647 -0.007883
vn -0.243356 0.949875 -0.196255
vn -0.267154 0.950754 -0.157149
vn -0.196936 0.968925 -0.149671
vn -0.243356 0.949875 -0.196255
vn -0.196936 0.968925 -0.149671
vn -0.188306 0.957223 -0.219691
vn -0.243356 0.949875 -0.196255
vn -0.188306 0.957223 -0.219691
vn -0.180923 0.975411 -0.125859
vn -0.243356 0.949875 -0.196255
vn -0.180923 0.975411 -0.125859
vn -0.244383 0.969647 -0.007883
vn -0.180923 0.975411 -0.125859
vn -0.188306 0.957223 -0.219691
vn -0.142174 0.971520 -0.189565
vn -0.149227 0.981759 0.117811
vn -0.181029 0.968114 0.173159
vn -0.244383 0.969647 -0.007883
vn -0.149227 0.981759 0.117811
vn -0.244383 0.969647 -0.007883
vn -0.180923 0.975411 -0.125859
vn -0.181029 0.968114 0.173159
vn -0.149227 0.981759 0.117811
vn -0.133775 0.975773 0.173121
vn -0.133775 0.975773 0.173121
vn -0.149227 0.981759 0.117811
vn -0.086892 0.979511 0.181683
vn -0.149227 0.981759 0.117811
vn -0.180923 0.975411 -0.125859
vn -0.110212 0.991911 0.062978
vn -0.110212 0.991911 0.062978
vn -0.180923 0.975411 -0.125859
vn -0.142174 0.971520 -0.189565
vn -0.149227 0.981759 0.117811
vn -0.110212 0.991911 0.062978
vn -0.086892 0.979511 0.181683
vn -0.110212 0.991911 0.062978
vn -0.142174 0.971520 -0.189565
vn -0.110418 0.993760 0.015774
vn -0.086892 0.979511 0.181683
vn -0.110212 0.991911 0.062978
vn -0.070970 0.977804 0.197138
vn -0.070970 0.977804 0.197138
vn -0.110212 0.991911 0.062978
vn -0.110418 0.993760 0.015774
vn 0.370148 0.921431 -0.118132
vn 0.260733 0.956022 -0.134317
vn 0.228085 0.967395 -0.110110
vn 0.370148 0.921431 -0.118132
vn 0.228085 0.967395 -0.110110
vn 0.180940 0.983368 0.015734
vn 0.260733 0.956022 -0.134317
vn 0.370148 0.921431 -0.118132
vn 0.363514 0.916688 -0.165952
vn 0.260733 0.956022 -0.134317
vn 0.363514 0.916688 -0.165952
vn 0.376694 0.926039 -0.023543
vn 0.376694 0.926039 -0.023543
vn 0.363514 0.916688 -0.165952
vn 0.323306 0.946262 -0.007886
vn 0.370148 0.921431 -0.118132
vn 0.180940 0.983368 0.015734
vn 0.408248 0.910708 0.062807
vn 0.408248 0.910708 0.062807
vn 0.180940 0.983368 0.015734
vn 0.463248 0.879385 0.109923
vn 0.408248 0.910708 0.062807
vn 0.463248 0.879385 0.109923
vn 0.502800 0.856332 0.117844
vn 0.408248 0.910708 0.062807
vn 0.502800 0.856332 0.117844
vn 0.457317 0.875210 0.157696
vn 0.370148 0.921431 -0.118132
vn 0.408248 0.910708 0.062807
vn 0.408437 0.911129 -0.054982
vn 0.408437 0.911129 -0.054982
vn 0.408248 0.910708 0.062807
vn 0.457317 0.875210 0.157696
vn 0.370148 0.921431 -0.118132
vn 0.408437 0.911129 -0.054982
vn 0.363514 0.916688 -0.165952
vn 0.408437 0.911129 -0.054982
vn 0.457317 0.875210 0.157696
vn 0.299287 0.952992 0.047256
vn 0.339966 0.932930 -0.118593
vn 0.323306 0.946262 -0.007886
vn 0.363514 0.916688 -0.165952
vn 0.339966 0.932930 -0.118593
vn 0.363514 0.916688 -0.165952
vn 0.408437 0.911129 -0.054982
vn 0.339966 0.932930 -0.118593
vn 0.408437 0.911129 -0.054982
vn 0.299287 0.952992 0.047256
vn 0.323306 0.946262 -0.007886
vn 0.339966 0.932930 -0.118593
vn 0.197242 0.978321 -0.063117
vn 0.197242 0.978321 -0.063117
vn 0.339966 0.932930 -0.118593
vn 0.299287 0.952992 0.047256
vn -0.457873 0.876273 -0.149993
vn -0.440508 0.888883 -0.125859
vn -0.448986 0.882218 -0.141785
vn -0.440508 0.888883 -0.125859
vn -0.457873 0.876273 -0.149993
vn -0.394227 0.906721 -0.149806
vn -0.440508 0.888883 -0.125859
vn -0.394227 0.906721 -0.149806
vn -0.346274 0.936514 -0.055089
vn -0.457873 0.876273 -0.149993
vn -0.448986 0.882218 -0.141785
vn -0.464078 0.873096 -0.149449
vn -0.464078 0.873096 -0.149449
vn -0.448986 0.882218 -0.141785
vn -0.455242 0.879087 -0.141282
vn -0.464078 0.873096 -0.149449
vn -0.455242 0.879087 -0.141282
vn -0.471259 0.871829 -0.133523
vn -0.346274 0.936514 -0.055089
vn -0.394227 0.906721 -0.149806
vn -0.275916 0.953880 -0.118250
vn -0.346274 0.936514 -0.055089
vn -0.275916 0.953880 -0.118250
vn -0.205208 0.978686 -0.007893
vn -0.394227 0.906721 -0.149806
vn -0.457873 0.876273 -0.149993
vn -0.409957 0.882985 -0.228630
vn -0.205208 0.978686 -0.007893
vn -0.275916 0.953880 -0.118250
vn -0.165058 0.982487 -0.086459
vn -0.205208 0.978686 -0.007893
vn -0.165058 0.982487 -0.086459
vn -0.141382 0.989675 -0.023564
vn -0.275916 0.953880 -0.118250
vn -0.394227 0.906721 -0.149806
vn -0.330801 0.913641 -0.236286
vn -0.330801 0.913641 -0.236286
vn -0.394227 0.906721 -0.149806
vn -0.409957 0.882985 -0.228630
vn -0.165058 0.982487 -0.086459
vn -0.275916 0.953880 -0.118250
vn -0.204680 0.960422 -0.188935
vn -0.204680 0.960422 -0.188935
vn -0.275916 0.953880 -0.118250
vn -0.330801 0.913641 -0.236286
vn -0.141382 0.989675 -0.023564
vn -0.165058 0.982487 -0.086459
vn -0.055019 0.998207 -0.023580
vn -0.141382 0.989675 -0.023564
vn -0.055019 0.998207 -0.023580
vn -0.047139 0.997775 0.047139
vn -0.047139 0.997775 0.047139
vn -0.055019 0.998207 -0.023580
vn -0.023609 0.999442 0.023609
vn -0.023609 0.999442 0.023609
vn -0.055019 0.998207 -0.023580
vn 0.000000 1.000000 0.000000
vn 0.000000 1.000000 0.000000
vn -0.055019 0.998207 -0.023580
vn -0.047416 0.995744 -0.079027
vn -0.055019 0.998207 -0.023580
vn -0.165058 0.982487 -0.086459
vn -0.109855 0.988699 -0.102009
vn -0.055019 0.998207 -0.023580
vn -0.109855 0.988699 -0.102009
vn -0.047416 0.995744 -0.079027
vn -0.109855 0.988699 -0.102009
vn -0.165058 0.982487 -0.086459
vn -0.204680 0.960422 -0.188935
vn -0.047416 0.995744 -0.079027
vn -0.109855 0.988699 -0.102009
vn -0.126035 0.976772 -0.173298
vn -0.126035 0.976772 -0.173298
vn -0.109855 0.988699 -0.102009
vn -0.204680 0.960422 -0.188935
vn -0.047416 0.995744 -0.079027
vn -0.126035 0.976772 -0.173298
vn -0.063070 0.985475 -0.157676
vn -0.126035 0.976772 -0.173298
vn -0.204680 0.960422 -0.188935
vn -0.235753 0.927296 -0.290762
vn -0.235753 0.927296 -0.290762
vn -0.204680 0.960422 -0.188935
vn -0.330801 0.913641 -0.236286
vn -0.063070 0.985475 -0.157676
vn -0.126035 0.976772 -0.173298
vn -0.181091 0.952697 -0.244079
vn -0.181091 0.952697 -0.244079
vn -0.126035 0.976772 -0.173298
vn -0.235753 0.927296 -0.290762
vn -0.063070 0.985475 -0.157676
vn -0.181091 0.952697 -0.244079
vn -0.134004 0.969557 -0.204947
vn -0.235753 0.927296 -0.290762
vn -0.330801 0.913641 -0.236286
vn -0.339161 0.883397 -0.323386
vn -0.339161 0.883397 -0.323386
vn -0.330801 0.913641 -0.236286
vn -0.409957 0.882985 -0.228630
vn -0.181091 0.952697 -0.244079
vn -0.235753 0.927296 -0.290762
vn -0.274960 0.887730 -0.369233
vn -0.274960 0.887730 -0.369233
vn -0.235753 0.927296 -0.290762
vn -0.339161 0.883397 -0.323386
vn -0.134004 0.969557 -0.204947
vn -0.181091 0.952697 -0.244079
vn -0.274969 0.911326 -0.306394
vn -0.274969 0.911326 -0.306394
vn -0.181091 0.952697 -0.244079
vn -0.274960 0.887730 -0.369233
vn -0.134004 0.969557 -0.204947
vn -0.274969 0.911326 -0.306394
vn -0.220664 0.937822 -0.267949
vn -0.220664 0.937822 -0.267949
vn -0.274969 0.911326 -0.306394
vn -0.331295 0.883452 -0.331295
vn -0.220664 0.937822 -0.267949
vn -0.331295 0.883452 -0.331295
vn -0.274969 0.911326 -0.306394
vn -0.274969 0.911326 -0.306394
vn -0.331295 0.883452 -0.331295
vn -0.282599 0.894895 -0.345398
vn -0.331295 0.883452 -0.331295
vn -0.274969 0.911326 -0.306394
vn -0.298870 0.873015 -0.385385
vn -0.298870 0.873015 -0.385385
vn -0.274969 0.911326 -0.306394
vn -0.274960 0.887730 -0.369233
vn -0.282599 0.894895 -0.345398
vn -0.331295 0.883452 -0.331295
vn -0.314027 0.871426 -0.376833
vn -0.290574 0.895282 -0.337694
vn -0.274960 0.887730 -0.369233
vn -0.339161 0.883397 -0.323386
vn -0.274960 0.887730 -0.369233
vn -0.290574 0.895282 -0.337694
vn -0.298870 0.873015 -0.385385
vn -0.282599 0.894895 -0.345398
vn -0.314027 0.871426 -0.376833
vn -0.133618 0.919608 -0.369415
vn -0.331295 0.883452 -0.331295
vn -0.298870 0.873015 -0.385385
vn -0.354485 0.858640 -0.370239
vn -0.331295 0.883452 -0.331295
vn -0.354485 0.858640 -0.370239
vn -0.314027 0.871426 -0.376833
vn -0.133618 0.919608 -0.369415
vn -0.314027 0.871426 -0.376833
vn -0.142196 0.900574 -0.410788
vn -0.133618 0.919608 -0.369415
vn -0.142196 0.900574 -0.410788
vn 0.070558 0.917259 -0.391991
vn -0.142196 0.900574 -0.410788
vn -0.314027 0.871426 -0.376833
vn -0.353444 0.856121 -0.377007
vn -0.353444 0.856121 -0.377007
vn -0.314027 0.871426 -0.376833
vn -0.354485 0.858640 -0.370239
vn 0.070558 0.917259 -0.391991
vn -0.142196 0.900574 -0.410788
vn -0.126168 0.906834 -0.402161
vn -0.126168 0.906834 -0.402161
vn -0.142196 0.900574 -0.410788
vn -0.353444 0.856121 -0.377007
vn 0.070558 0.917259 -0.391991
vn -0.126168 0.906834 -0.402161
vn 0.149643 0.913612 -0.378047
vn 0.149643 0.913612 -0.378047
vn -0.126168 0.906834 -0.402161
vn 0.220664 0.937822 -0.267949
vn 0.220664 0.937822 -0.267949
vn -0.126168 0.906834 -0.402161
vn -0.118048 0.944384 -0.306925
vn -0.118048 0.944384 -0.306925
vn -0.126168 0.906834 -0.402161
vn -0.353444 0.856121 -0.377007
vn -0.353444 0.856121 -0.377007
vn -0.354485 0.858640 -0.370239
vn -0.353805 0.896305 -0.267319
vn -0.353444 0.856121 -0.377007
vn -0.353805 0.896305 -0.267319
vn -0.118048 0.944384 -0.306925
vn -0.282878 0.911495 -0.298593
vn -0.354485 0.858640 -0.370239
vn -0.298870 0.873015 -0.385385
vn -0.282878 0.911495 -0.298593
vn -0.298870 0.873015 -0.385385
vn -0.290574 0.895282 -0.337694
vn -0.353805 0.896305 -0.267319
vn -0.354485 0.858640 -0.370239
vn -0.346156 0.896860 -0.275352
vn -0.346156 0.896860 -0.275352
vn -0.354485 0.858640 -0.370239
vn -0.282878 0.911495 -0.298593
vn -0.118048 0.944384 -0.306925
vn -0.353805 0.896305 -0.267319
vn -0.109855 0.988699 -0.102009
vn -0.118048 0.944384 -0.306925
vn -0.109855 0.988699 -0.102009
vn 0.267055 0.958256 -0.102109
vn 0.267055 0.958256 -0.102109
vn -0.109855 0.988699 -0.102009
vn 0.251696 0.959589 0.125848
vn -0.109855 0.988699 -0.102009
vn -0.353805 0.896305 -0.267319
vn -0.362801 0.930664 -0.047322
vn -0.362801 0.930664 -0.047322
vn -0.353805 0.896305 -0.267319
vn -0.346156 0.896860 -0.275352
vn 0.251696 0.959589 0.125848
vn -0.109855 0.988699 -0.102009
vn -0.149181 0.973605 0.172736
vn -0.149181 0.973605 0.172736
vn -0.109855 0.988699 -0.102009
vn -0.362801 0.930664 -0.047322
vn 0.251696 0.959589 0.125848
vn -0.149181 0.973605 0.172736
vn -0.126424 0.940278 0.316060
vn -0.315597 0.946792 -0.063119
vn -0.346156 0.896860 -0.275352
vn -0.282878 0.911495 -0.298593
vn -0.346156 0.896860 -0.275352
vn -0.315597 0.946792 -0.063119
vn -0.362801 0.930664 -0.047322
vn -0.149181 0.973605 0.172736
vn -0.362801 0.930664 -0.047322
vn -0.332226 0.925487 0.181933
vn -0.149181 0.973605 0.172736
vn -0.332226 0.925487 0.181933
vn -0.126424 0.940278 0.316060
vn -0.332226 0.925487 0.181933
vn -0.362801 0.930664 -0.047322
vn -0.315597 0.946792 -0.063119
vn -0.126424 0.940278 0.316060
vn -0.332226 0.925487 0.181933
vn -0.283879 0.938376 0.197138
vn -0.126424 0.940278 0.316060
vn -0.283879 0.938376 0.197138
vn -0.110171 0.975803 0.188865
vn -0.332226 0.925487 0.181933
vn -0.315597 0.946792 -0.063119
vn -0.220609 0.969105 0.110305
vn -0.332226 0.925487 0.181933
vn -0.220609 0.969105 0.110305
vn -0.283879 0.938376 0.197138
vn -0.236374 0.961256 -0.141825
vn -0.315597 0.946792 -0.063119
vn -0.282878 0.911495 -0.298593
vn -0.315597 0.946792 -0.063119
vn -0.236374 0.961256 -0.141825
vn -0.220609 0.969105 0.110305
vn -0.236374 0.961256 -0.141825
vn -0.282878 0.911495 -0.298593
vn -0.290574 0.895282 -0.337694
vn -0.110171 0.975803 0.188865
vn -0.283879 0.938376 0.197138
vn -0.070611 0.996393 0.047074
vn -0.070611 0.996393 0.047074
vn -0.283879 0.938376 0.197138
vn -0.220609 0.969105 0.110305
vn -0.110171 0.975803 0.188865
vn -0.070611 0.996393 0.047074
vn 0.070928 0.992988 -0.094570
vn -0.220609 0.969105 0.110305
vn -0.236374 0.961256 -0.141825
vn -0.102372 0.992218 -0.070873
vn -0.220609 0.969105 0.110305
vn -0.102372 0.992218 -0.070873
vn -0.070611 0.996393 0.047074
vn 0.070928 0.992988 -0.094570
vn -0.070611 0.996393 0.047074
vn 0.023537 0.988547 -0.149067
vn 0.023537 0.988547 -0.149067
vn -0.070611 0.996393 0.047074
vn -0.102372 0.992218 -0.070873
vn 0.070928 0.992988 -0.094570
vn 0.023537 0.988547 -0.149067
vn 0.055212 0.985934 -0.157750
vn -0.102372 0.992218 -0.070873
vn -0.236374 0.961256 -0.141825
vn -0.259674 0.936399 -0.236067
vn -0.259674 0.936399 -0.236067
vn -0.236374 0.961256 -0.141825
vn -0.290574 0.895282 -0.337694
vn 0.023537 0.988547 -0.149067
vn -0.102372 0.992218 -0.070873
vn -0.204680 0.960422 -0.188935
vn -0.204680 0.960422 -0.188935
vn -0.102372 0.992218 -0.070873
vn -0.259674 0.936399 -0.236067
vn 0.055212 0.985934 -0.157750
vn 0.023537 0.988547 -0.149067
vn -0.181029 0.968114 -0.173159
vn -0.181029 0.968114 -0.173159
vn 0.023537 0.988547 -0.149067
vn -0.204680 0.960422 -0.188935
vn 0.055212 0.985934 -0.157750
vn -0.181029 0.968114 -0.173159
vn -0.181412 0.978047 -0.102537
vn -0.204680 0.960422 -0.188935
vn -0.259674 0.936399 -0.236067
vn -0.377065 0.903386 -0.204244
vn -0.204680 0.960422 -0.188935
vn -0.377065 0.903386 -0.204244
vn -0.181029 0.968114 -0.173159
vn -0.259674 0.936399 -0.236067
vn -0.290574 0.895282 -0.337694
vn -0.370792 0.891479 -0.260343
vn -0.259674 0.936399 -0.236067
vn -0.370792 0.891479 -0.260343
vn -0.377065 0.903386 -0.204244
vn -0.370792 0.891479 -0.260343
vn -0.290574 0.895282 -0.337694
vn -0.339161 0.883397 -0.323386
vn -0.370792 0.891479 -0.260343
vn -0.339161 0.883397 -0.323386
vn -0.409957 0.882985 -0.228630
vn -0.370792 0.891479 -0.260343
vn -0.409957 0.882985 -0.228630
vn -0.449237 0.874830 -0.181271
vn -0.370792 0.891479 -0.260343
vn -0.449237 0.874830 -0.181271
vn -0.377065 0.903386 -0.204244
vn -0.449237 0.874830 -0.181271
vn -0.409957 0.882985 -0.228630
vn -0.457873 0.876273 -0.149993
vn -0.449237 0.874830 -0.181271
vn -0.457873 0.876273 -0.149993
vn -0.464078 0.873096 -0.149449
vn -0.449237 0.874830 -0.181271
vn -0.464078 0.873096 -0.149449
vn -0.471638 0.864669 -0.172934
vn -0.449237 0.874830 -0.181271
vn -0.471638 0.864669 -0.172934
vn -0.377065 0.903386 -0.204244
vn -0.471638 0.864669 -0.172934
vn -0.464078 0.873096 -0.149449
vn -0.471259 0.871829 -0.133523
vn -0.377065 0.903386 -0.204244
vn -0.471638 0.864669 -0.172934
vn -0.369335 0.911551 -0.180739
vn -0.377065 0.903386 -0.204244
vn -0.369335 0.911551 -0.180739
vn -0.181029 0.968114 -0.173159
vn -0.471638 0.864669 -0.172934
vn -0.471259 0.871829 -0.133523
vn -0.466859 0.878328 -0.102867
vn -0.471638 0.864669 -0.172934
vn -0.466859 0.878328 -0.102867
vn -0.369335 0.911551 -0.180739
vn -0.466859 0.878328 -0.102867
vn -0.471259 0.871829 -0.133523
vn -0.433434 0.898390 0.070926
vn -0.181029 0.968114 -0.173159
vn -0.369335 0.911551 -0.180739
vn -0.345729 0.935039 -0.078575
vn -0.345729 0.935039 -0.078575
vn -0.369335 0.911551 -0.180739
vn -0.466859 0.878328 -0.102867
vn -0.345729 0.935039 -0.078575
vn -0.466859 0.878328 -0.102867
vn -0.433434 0.898390 0.070926
vn -0.181029 0.968114 -0.173159
vn -0.345729 0.935039 -0.078575
vn -0.181412 0.978047 -0.102537
vn -0.345729 0.935039 -0.078575
vn -0.433434 0.898390 0.070926
vn -0.338782 0.937560 0.078787
vn -0.345729 0.935039 -0.078575
vn -0.338782 0.937560 0.078787
vn -0.181412 0.978047 -0.102537
s off
g SM_Dantooine_Distant_HillMass_A:geometry_0
usemtl initialShadingGroup
f 1//1 2//2 3//3
f 2//4 1//5 4//6
f 1//7 3//8 5//9
f 5//10 3//11 6//12
f 5//13 6//14 7//15
f 5//16 7//17 8//18
f 4//19 1//20 9//21
f 4//22 9//23 10//24
f 1//25 5//26 11//27
f 9//28 1//29 12//30
f 12//31 1//32 11//33
f 5//34 8//35 13//36
f 5//37 13//38 11//39
f 10//40 9//41 14//42
f 14//43 9//44 12//45
f 10//46 14//47 15//48
f 14//49 12//50 16//51
f 14//52 16//53 15//54
f 10//55 15//56 17//57
f 18//58 12//59 11//60
f 12//61 18//62 16//63
f 17//64 15//65 19//66
f 17//67 19//68 20//69
f 15//70 16//71 21//72
f 20//73 19//74 22//75
f 20//76 22//77 23//78
f 19//79 15//80 24//81
f 24//82 15//83 21//84
f 22//85 19//86 25//87
f 25//88 19//89 24//90
f 23//91 22//92 26//93
f 23//94 26//95 27//96
f 22//97 25//98 28//99
f 22//100 28//101 26//102
f 27//103 26//104 29//105
f 27//106 29//107 30//108
f 26//109 28//110 31//111
f 26//112 31//113 29//114
f 30//115 29//116 32//117
f 28//118 25//119 33//120
f 28//121 33//122 31//123
f 34//124 25//125 24//126
f 25//127 34//128 33//129
f 34//130 24//131 35//132
f 35//133 24//134 21//135
f 33//136 34//137 36//138
f 34//139 35//140 37//141
f 34//142 37//143 36//144
f 35//145 21//146 38//147
f 38//148 21//149 16//150
f 37//151 35//152 39//153
f 39//154 35//155 38//156
f 38//157 16//158 40//159
f 40//160 16//161 18//162
f 38//163 40//164 41//165
f 38//166 41//167 39//168
f 40//169 18//170 42//171
f 40//172 42//173 41//174
f 39//175 41//176 43//177
f 43//178 41//179 42//180
f 44//181 37//182 39//183
f 44//184 39//185 45//186
f 45//187 39//188 43//189
f 37//190 44//191 46//192
f 37//193 46//194 36//195
f 44//196 45//197 47//198
f 44//199 47//200 46//201
f 47//202 45//203 48//204
f 48//205 45//206 43//207
f 46//208 47//209 49//210
f 36//211 46//212 50//213
f 50//214 46//215 49//216
f 49//217 47//218 51//219
f 51//220 47//221 48//222
f 48//223 43//224 52//225
f 36//226 50//227 53//228
f 36//229 53//230 33//231
f 50//232 49//233 54//234
f 33//235 53//236 55//237
f 33//238 55//239 31//240
f 53//241 50//242 56//243
f 56//244 50//245 54//246
f 55//247 53//248 57//249
f 57//250 53//251 56//252
f 31//253 55//254 58//255
f 58//256 55//257 57//258
f 31//259 58//260 59//261
f 31//262 59//263 29//264
f 58//265 57//266 60//267
f 58//268 60//269 59//270
f 29//271 59//272 61//273
f 29//274 61//275 32//276
f 59//277 60//278 62//279
f 59//280 62//281 61//282
f 32//283 61//284 63//285
f 63//286 61//287 62//288
f 32//289 63//290 64//291
f 62//292 60//293 65//294
f 64//295 63//296 66//297
f 63//298 62//299 67//300
f 63//301 67//302 66//303
f 67//304 62//305 65//306
f 64//307 66//308 68//309
f 68//310 66//311 69//312
f 68//313 69//314 70//315
f 66//316 67//317 71//318
f 66//319 71//320 69//321
f 71//322 67//323 72//324
f 72//325 67//326 65//327
f 69//328 71//329 73//330
f 70//331 69//332 74//333
f 74//334 69//335 73//336
f 70//337 74//338 75//339
f 73//340 71//341 76//342
f 76//343 71//344 72//345
f 74//346 73//347 77//348
f 75//349 74//350 78//351
f 78//352 74//353 77//354
f 75//355 78//356 79//357
f 77//358 73//359 80//360
f 80//361 73//362 76//363
f 78//364 77//365 81//366
f 79//367 78//368 82//369
f 82//370 78//371 81//372
f 79//373 82//374 83//375
f 81//376 77//377 84//378
f 84//379 77//380 80//381
f 82//382 81//383 85//384
f 83//385 82//386 86//387
f 86//388 82//389 85//390
f 83//391 86//392 87//393
f 85//394 81//395 88//396
f 88//397 81//398 84//399
f 87//400 86//401 89//402
f 87//403 89//404 90//405
f 86//406 85//407 91//408
f 86//409 91//410 89//411
f 90//412 89//413 92//414
f 92//415 89//416 91//417
f 90//418 92//419 93//420
f 91//421 85//422 94//423
f 94//424 85//425 88//426
f 92//427 91//428 95//429
f 95//430 91//431 94//432
f 93//433 92//434 96//435
f 96//436 92//437 95//438
f 93//439 96//440 97//441
f 95//442 94//443 98//444
f 97//445 96//446 99//447
f 97//448 99//449 100//450
f 96//451 95//452 101//453
f 96//454 101//455 99//456
f 101//457 95//458 98//459
f 100//460 99//461 102//462
f 100//463 102//464 103//465
f 99//466 101//467 104//468
f 99//469 104//470 102//471
f 104//472 101//473 105//474
f 105//475 101//476 98//477
f 102//478 104//479 106//480
f 103//481 102//482 107//483
f 103//484 107//485 108//486
f 102//487 106//488 109//489
f 102//490 109//491 107//492
f 106//493 104//494 110//495
f 110//496 104//497 105//498
f 106//499 110//500 111//501
f 106//502 111//503 109//504
f 110//505 105//506 112//507
f 110//508 112//509 111//510
f 113//511 108//512 107//513
f 108//514 113//515 114//516
f 115//517 107//518 109//519
f 107//520 115//521 113//522
f 114//523 113//524 116//525
f 114//526 116//527 117//528
f 113//529 115//530 118//531
f 113//532 118//533 116//534
f 117//535 116//536 119//537
f 119//538 116//539 118//540
f 117//541 119//542 120//543
f 120//544 119//545 121//546
f 121//547 119//548 122//549
f 122//550 119//551 123//552
f 123//553 119//554 118//555
f 122//556 123//557 124//558
f 125//559 118//560 115//561
f 118//562 125//563 123//564
f 124//565 123//566 126//567
f 126//568 123//569 125//570
f 124//571 126//572 127//573
f 125//574 115//575 128//576
f 128//577 115//578 109//579
f 128//580 109//581 129//582
f 129//583 109//584 111//585
f 125//586 128//587 130//588
f 130//589 128//590 129//591
f 126//592 125//593 131//594
f 131//595 125//596 130//597
f 132//598 127//599 126//600
f 132//601 126//602 131//603
f 127//604 132//605 133//606
f 130//607 129//608 134//609
f 134//610 129//611 111//612
f 131//613 130//614 135//615
f 135//616 130//617 134//618
f 134//619 111//620 136//621
f 136//622 111//623 112//624
f 134//625 136//626 137//627
f 137//628 136//629 112//630
f 134//631 137//632 138//633
f 134//634 138//635 135//636
f 137//637 112//638 139//639
f 138//640 137//641 140//642
f 140//643 137//644 139//645
f 139//646 112//647 141//648
f 141//649 112//650 105//651
f 141//652 105//653 98//654
f 139//655 141//656 142//657
f 141//658 98//659 143//660
f 141//661 143//662 142//663
f 143//664 98//665 144//666
f 144//667 98//668 94//669
f 144//670 94//671 88//672
f 145//673 140//674 139//675
f 145//676 139//677 142//678
f 144//679 88//680 146//681
f 146//682 88//683 84//684
f 146//685 84//686 147//687
f 144//688 146//689 148//690
f 148//691 146//692 147//693
f 147//694 84//695 80//696
f 145//697 142//698 149//699
f 147//700 80//701 150//702
f 150//703 80//704 76//705
f 147//706 150//707 151//708
f 150//709 76//710 152//711
f 150//712 152//713 151//714
f 152//715 76//716 72//717
f 152//718 72//719 153//720
f 153//721 72//722 65//723
f 152//724 153//725 154//726
f 152//727 154//728 151//729
f 153//730 65//731 155//732
f 154//733 153//734 156//735
f 156//736 153//737 155//738
f 151//739 154//740 157//741
f 157//742 154//743 156//744
f 158//745 147//746 151//747
f 155//748 65//749 159//750
f 159//751 65//752 60//753
f 159//754 60//755 57//756
f 155//757 159//758 160//759
f 155//760 160//761 156//762
f 159//763 57//764 161//765
f 159//766 161//767 160//768
f 161//769 57//770 56//771
f 156//772 160//773 162//774
f 156//775 162//776 157//777
f 160//778 161//779 163//780
f 160//781 163//782 162//783
f 161//784 56//785 164//786
f 164//787 56//788 54//789
f 163//790 161//791 165//792
f 165//793 161//794 164//795
f 162//796 163//797 166//798
f 163//799 165//800 167//801
f 163//802 167//803 166//804
f 165//805 164//806 168//807
f 165//808 168//809 167//810
f 164//811 54//812 169//813
f 162//814 166//815 170//816
f 162//817 170//818 157//819
f 168//820 164//821 171//822
f 171//823 164//824 169//825
f 168//826 171//827 172//828
f 168//829 172//830 167//831
f 172//832 171//833 173//834
f 173//835 171//836 169//837
f 167//838 172//839 174//840
f 167//841 174//842 166//843
f 175//844 170//845 166//846
f 175//847 166//848 174//849
f 174//850 172//851 176//852
f 176//853 172//854 173//855
f 174//856 176//857 177//858
f 174//859 177//860 175//861
f 177//862 176//863 178//864
f 176//865 173//866 179//867
f 176//868 179//869 178//870
f 179//871 173//872 180//873
f 181//874 173//875 169//876
f 173//877 181//878 180//879
f 181//880 169//881 182//882
f 180//883 181//884 183//885
f 183//886 181//887 182//888
f 182//889 169//890 184//891
f 184//892 169//893 54//894
f 184//895 54//896 49//897
f 184//898 49//899 51//900
f 182//901 184//902 185//903
f 185//904 184//905 51//906
f 183//907 182//908 186//909
f 186//910 182//911 185//912
f 185//913 51//914 187//915
f 185//916 187//917 186//918
f 187//919 51//920 188//921
f 188//922 51//923 48//924
f 186//925 187//926 189//927
f 188//928 48//929 190//930
f 187//931 188//932 191//933
f 187//934 191//935 189//936
f 191//937 188//938 190//939
f 190//940 48//941 52//942
f 190//943 52//944 192//945
f 192//946 52//947 43//948
f 191//949 190//950 193//951
f 193//952 190//953 192//954
f 192//955 43//956 194//957
f 194//958 43//959 42//960
f 193//961 192//962 195//963
f 192//964 194//965 196//966
f 192//967 196//968 195//969
f 196//970 194//971 197//972
f 197//973 194//974 42//975
f 196//976 197//977 198//978
f 196//979 198//980 195//981
f 197//982 42//983 199//984
f 199//985 42//986 18//987
f 197//988 199//989 200//990
f 197//991 200//992 198//993
f 199//994 18//995 201//996
f 201//997 18//998 11//999
f 201//1000 11//1001 13//1002
f 199//1003 201//1004 202//1005
f 199//1006 202//1007 200//1008
f 201//1009 13//1010 203//1011
f 201//1012 203//1013 202//1014
f 203//1015 13//1016 8//1017
f 203//1018 8//1019 204//1020
f 203//1021 204//1022 205//1023
f 203//1024 205//1025 202//1026
f 205//1027 204//1028 206//1029
f 202//1030 205//1031 207//1032
f 207//1033 205//1034 206//1035
f 202//1036 207//1037 200//1038
f 207//1039 206//1040 208//1041
f 200//1042 207//1043 209//1044
f 209//1045 207//1046 208//1047
f 200//1048 209//1049 198//1050
f 209//1051 208//1052 210//1053
f 209//1054 210//1055 211//1056
f 209//1057 211//1058 198//1059
f 211//1060 210//1061 212//1062
f 198//1063 211//1064 213//1065
f 198//1066 213//1067 195//1068
f 211//1069 212//1070 214//1071
f 214//1072 212//1073 215//1074
f 213//1075 211//1076 216//1077
f 216//1078 211//1079 214//1080
f 195//1081 213//1082 217//1083
f 217//1084 213//1085 216//1086
f 214//1087 215//1088 218//1089
f 218//1090 215//1091 219//1092
f 218//1093 219//1094 220//1095
f 214//1096 218//1097 221//1098
f 214//1099 221//1100 216//1101
f 218//1102 220//1103 222//1104
f 222//1105 220//1106 223//1107
f 221//1108 218//1109 224//1110
f 224//1111 218//1112 222//1113
f 216//1114 221//1115 225//1116
f 216//1117 225//1118 217//1119
f 225//1120 221//1121 224//1122
f 222//1123 223//1124 226//1125
f 222//1126 226//1127 224//1128
f 226//1129 223//1130 227//1131
f 226//1132 227//1133 228//1134
f 228//1135 227//1136 229//1137
f 224//1138 226//1139 230//1140
f 230//1141 226//1142 228//1143
f 225//1144 224//1145 231//1146
f 224//1147 230//1148 232//1149
f 224//1150 232//1151 231//1152
f 232//1153 230//1154 233//1155
f 233//1156 230//1157 228//1158
f 228//1159 229//1160 234//1161
f 228//1162 234//1163 233//1164
f 234//1165 229//1166 235//1167
f 235//1168 229//1169 236//1170
f 235//1171 236//1172 237//1173
f 234//1174 235//1175 238//1176
f 235//1177 237//1178 239//1179
f 239//1180 237//1181 240//1182
f 235//1183 239//1184 241//1185
f 235//1186 241//1187 238//1188
f 239//1189 240//1190 242//1191
f 239//1192 242//1193 241//1194
f 242//1195 240//1196 243//1197
f 242//1198 243//1199 244//1200
f 244//1201 243//1202 245//1203
f 244//1204 245//1205 246//1206
f 246//1207 245//1208 247//1209
f 242//1210 244//1211 248//1212
f 248//1213 244//1214 246//1215
f 249//1216 241//1217 242//1218
f 249//1219 242//1220 248//1221
f 241//1222 249//1223 250//1224
f 241//1225 250//1226 238//1227
f 249//1228 248//1229 251//1230
f 248//1231 246//1232 252//1233
f 248//1234 252//1235 251//1236
f 252//1237 246//1238 253//1239
f 253//1240 246//1241 247//1242
f 253//1243 247//1244 254//1245
f 254//1246 247//1247 255//1248
f 252//1249 253//1250 256//1251
f 256//1252 253//1253 254//1254
f 254//1255 255//1256 257//1257
f 252//1258 256//1259 258//1260
f 252//1261 258//1262 251//1263
f 256//1264 254//1265 259//1266
f 254//1267 257//1268 260//1269
f 254//1270 260//1271 259//1272
f 260//1273 257//1274 261//1275
f 261//1276 257//1277 262//1278
f 261//1279 262//1280 263//1281
f 261//1282 263//1283 264//1284
f 261//1285 264//1286 265//1287
f 260//1288 261//1289 266//1290
f 266//1291 261//1292 265//1293
f 260//1294 266//1295 259//1296
f 266//1297 265//1298 267//1299
f 266//1300 267//1301 268//1302
f 266//1303 268//1304 259//1305
f 268//1306 267//1307 269//1308
f 270//1309 256//1310 259//1311
f 268//1312 269//1313 271//1314
f 259//1315 268//1316 272//1317
f 259//1318 272//1319 270//1320
f 272//1321 268//1322 271//1323
f 256//1324 270//1325 273//1326
f 273//1327 270//1328 272//1329
f 256//1330 273//1331 258//1332
f 271//1333 269//1334 274//1335
f 271//1336 274//1337 275//1338
f 275//1339 274//1340 276//1341
f 272//1342 271//1343 277//1344
f 275//1345 276//1346 278//1347
f 278//1348 276//1349 279//1350
f 271//1351 275//1352 280//1353
f 271//1354 280//1355 277//1356
f 275//1357 278//1358 281//1359
f 275//1360 281//1361 280//1362
f 278//1363 279//1364 282//1365
f 278//1366 282//1367 281//1368
f 282//1369 279//1370 283//1371
f 284//1372 272//1373 277//1374
f 272//1375 284//1376 273//1377
f 285//1378 277//1379 280//1380
f 277//1381 285//1382 284//1383
f 285//1384 280//1385 286//1386
f 286//1387 280//1388 281//1389
f 284//1390 285//1391 287//1392
f 287//1393 285//1394 286//1395
f 273//1396 284//1397 288//1398
f 288//1399 284//1400 287//1401
f 273//1402 288//1403 289//1404
f 273//1405 289//1406 258//1407
f 288//1408 287//1409 290//1410
f 288//1411 290//1412 289//1413
f 287//1414 286//1415 291//1416
f 287//1417 291//1418 290//1419
f 258//1420 289//1421 292//1422
f 289//1423 290//1424 293//1425
f 289//1426 293//1427 292//1428
f 258//1429 292//1430 251//1431
f 291//1432 286//1433 294//1434
f 294//1435 286//1436 281//1437
f 290//1438 291//1439 295//1440
f 290//1441 295//1442 293//1443
f 291//1444 294//1445 296//1446
f 291//1447 296//1448 295//1449
f 294//1450 281//1451 297//1452
f 297//1453 281//1454 282//1455
f 296//1456 294//1457 298//1458
f 298//1459 294//1460 297//1461
f 297//1462 282//1463 299//1464
f 299//1465 282//1466 283//1467
f 299//1468 283//1469 300//1470
f 297//1471 299//1472 301//1473
f 297//1474 301//1475 298//1476
f 299//1477 300//1478 302//1479
f 299//1480 302//1481 301//1482
f 302//1483 300//1484 303//1485
f 301//1486 302//1487 304//1488
f 301//1489 304//1490 298//1491
f 302//1492 303//1493 305//1494
f 302//1495 305//1496 304//1497
f 305//1498 303//1499 306//1500
f 305//1501 306//1502 307//1503
f 307//1504 306//1505 308//1506
f 304//1507 305//1508 309//1509
f 309//1510 305//1511 307//1512
f 310//1513 298//1514 304//1515
f 310//1516 304//1517 309//1518
f 307//1519 308//1520 311//1521
f 311//1522 308//1523 312//1524
f 309//1525 307//1526 313//1527
f 313//1528 307//1529 311//1530
f 310//1531 309//1532 314//1533
f 314//1534 309//1535 313//1536
f 314//1537 313//1538 315//1539
f 310//1540 314//1541 316//1542
f 316//1543 314//1544 315//1545
f 313//1546 311//1547 317//1548
f 313//1549 317//1550 315//1551
f 318//1552 311//1553 312//1554
f 311//1555 318//1556 317//1557
f 318//1558 312//1559 319//1560
f 319//1561 312//1562 320//1563
f 319//1564 320//1565 321//1566
f 321//1567 320//1568 322//1569
f 321//1570 322//1571 323//1572
f 319//1573 321//1574 324//1575
f 318//1576 319//1577 325//1578
f 325//1579 319//1580 324//1581
f 326//1582 317//1583 318//1584
f 326//1585 318//1586 325//1587
f 317//1588 326//1589 327//1590
f 317//1591 327//1592 328//1593
f 317//1594 328//1595 315//1596
f 327//1597 326//1598 329//1599
f 327//1600 329//1601 328//1602
f 326//1603 325//1604 330//1605
f 326//1606 330//1607 329//1608
f 330//1609 325//1610 331//1611
f 331//1612 325//1613 324//1614
f 329//1615 330//1616 332//1617
f 332//1618 330//1619 331//1620
f 328//1621 329//1622 333//1623
f 328//1624 333//1625 315//1626
f 329//1627 332//1628 334//1629
f 329//1630 334//1631 333//1632
f 315//1633 333//1634 335//1635
f 315//1636 335//1637 316//1638
f 333//1639 334//1640 336//1641
f 333//1642 336//1643 335//1644
f 334//1645 332//1646 337//1647
f 338//1648 332//1649 331//1650
f 332//1651 338//1652 337//1653
f 338//1654 331//1655 339//1656
f 334//1657 337//1658 340//1659
f 334//1660 340//1661 336//1662
f 337//1663 338//1664 341//1665
f 342//1666 335//1667 336//1668
f 335//1669 342//1670 316//1671
f 336//1672 340//1673 343//1674
f 342//1675 336//1676 344//1677
f 344//1678 336//1679 343//1680
f 316//1681 342//1682 345//1683
f 345//1684 342//1685 344//1686
f 316//1687 345//1688 346//1689
f 347//1690 340//1691 337//1692
f 316//1693 346//1694 348//1695
f 316//1696 348//1697 310//1698
f 310//1699 348//1700 298//1701
f 346//1702 345//1703 349//1704
f 349//1705 345//1706 344//1707
f 348//1708 346//1709 350//1710
f 298//1711 348//1712 351//1713
f 351//1714 348//1715 350//1716
f 298//1717 351//1718 296//1719
f 296//1720 351//1721 352//1722
f 352//1723 351//1724 350//1725
f 296//1726 352//1727 295//1728
f 353//1729 346//1730 349//1731
f 346//1732 353//1733 350//1734
f 350//1735 353//1736 354//1737
f 295//1738 352//1739 355//1740
f 352//1741 350//1742 356//1743
f 356//1744 350//1745 354//1746
f 352//1747 356//1748 355//1749
f 295//1750 355//1751 293//1752
f 354//1753 353//1754 357//1755
f 354//1756 357//1757 356//1758
f 358//1759 353//1760 349//1761
f 353//1762 358//1763 357//1764
f 358//1765 349//1766 359//1767
f 359//1768 349//1769 344//1770
f 360//1771 355//1772 356//1773
f 360//1774 356//1775 357//1776
f 355//1777 360//1778 361//1779
f 355//1780 361//1781 293//1782
f 358//1783 359//1784 362//1785
f 358//1786 362//1787 357//1788
f 293//1789 361//1790 363//1791
f 293//1792 363//1793 292//1794
f 292//1795 363//1796 364//1797
f 363//1798 361//1799 365//1800
f 292//1801 364//1802 366//1803
f 292//1804 366//1805 251//1806
f 364//1807 363//1808 367//1809
f 364//1810 367//1811 366//1812
f 367//1813 363//1814 365//1815
f 251//1816 366//1817 368//1818
f 368//1819 366//1820 367//1821
f 251//1822 368//1823 249//1824
f 249//1825 368//1826 250//1827
f 368//1828 367//1829 369//1830
f 368//1831 369//1832 250//1833
f 369//1834 367//1835 365//1836
f 250//1837 369//1838 370//1839
f 370//1840 369//1841 365//1842
f 371//1843 365//1844 361//1845
f 371//1846 361//1847 360//1848
f 365//1849 371//1850 372//1851
f 365//1852 372//1853 370//1854
f 371//1855 360//1856 373//1857
f 373//1858 360//1859 357//1860
f 372//1861 371//1862 374//1863
f 374//1864 371//1865 373//1866
f 373//1867 357//1868 375//1869
f 375//1870 357//1871 362//1872
f 374//1873 373//1874 376//1875
f 376//1876 373//1877 375//1878
f 372//1879 374//1880 377//1881
f 374//1882 376//1883 378//1884
f 374//1885 378//1886 377//1887
f 376//1888 375//1889 379//1890
f 378//1891 376//1892 380//1893
f 380//1894 376//1895 379//1896
f 379//1897 375//1898 381//1899
f 381//1900 375//1901 362//1902
f 372//1903 377//1904 382//1905
f 372//1906 382//1907 370//1908
f 383//1909 377//1910 378//1911
f 382//1912 377//1913 384//1914
f 384//1915 377//1916 383//1917
f 383//1918 378//1919 385//1920
f 385//1921 378//1922 380//1923
f 384//1924 383//1925 386//1926
f 383//1927 385//1928 387//1929
f 383//1930 387//1931 386//1932
f 382//1933 384//1934 388//1935
f 388//1936 384//1937 386//1938
f 382//1939 388//1940 389//1941
f 382//1942 389//1943 370//1944
f 388//1945 386//1946 390//1947
f 370//1948 389//1949 391//1950
f 389//1951 388//1952 392//1953
f 389//1954 392//1955 391//1956
f 392//1957 388//1958 390//1959
f 370//1960 391//1961 250//1962
f 250//1963 391//1964 393//1965
f 250//1966 393//1967 238//1968
f 393//1969 391//1970 394//1971
f 393//1972 394//1973 238//1974
f 391//1975 392//1976 395//1977
f 391//1978 395//1979 394//1980
f 238//1981 394//1982 396//1983
f 396//1984 394//1985 395//1986
f 238//1987 396//1988 234//1989
f 234//1990 396//1991 233//1992
f 396//1993 395//1994 397//1995
f 396//1996 397//1997 233//1998
f 397//1999 395//2000 392//2001
f 233//2002 397//2003 232//2004
f 397//2005 392//2006 398//2007
f 397//2008 398//2009 232//2010
f 398//2011 392//2012 390//2013
f 232//2014 398//2015 231//2016
f 231//2017 398//2018 399//2019
f 399//2020 398//2021 390//2022
f 231//2023 399//2024 225//2025
f 225//2026 399//2027 400//2028
f 225//2029 400//2030 217//2031
f 399//2032 390//2033 401//2034
f 399//2035 401//2036 400//2037
f 401//2038 390//2039 402//2040
f 402//2041 390//2042 386//2043
f 400//2044 401//2045 403//2046
f 403//2047 401//2048 402//2049
f 217//2050 400//2051 404//2052
f 404//2053 400//2054 403//2055
f 217//2056 404//2057 195//2058
f 195//2059 404//2060 193//2061
f 193//2062 404//2063 191//2064
f 191//2065 404//2066 403//2067
f 191//2068 403//2069 189//2070
f 189//2071 403//2072 402//2073
f 189//2074 402//2075 186//2076
f 186//2077 402//2078 405//2079
f 405//2080 402//2081 386//2082
f 186//2083 405//2084 183//2085
f 405//2086 386//2087 387//2088
f 183//2089 405//2090 406//2091
f 406//2092 405//2093 387//2094
f 183//2095 406//2096 180//2097
f 406//2098 387//2099 407//2100
f 407//2101 387//2102 385//2103
f 180//2104 406//2105 408//2106
f 180//2107 408//2108 179//2109
f 406//2110 407//2111 409//2112
f 406//2113 409//2114 408//2115
f 407//2116 385//2117 410//2118
f 407//2119 410//2120 409//2121
f 410//2122 385//2123 380//2124
f 409//2125 410//2126 411//2127
f 411//2128 410//2129 380//2130
f 408//2131 409//2132 412//2133
f 412//2134 409//2135 411//2136
f 413//2137 179//2138 408//2139
f 413//2140 408//2141 412//2142
f 179//2143 413//2144 178//2145
f 411//2146 380//2147 414//2148
f 414//2149 380//2150 379//2151
f 414//2152 379//2153 381//2154
f 411//2155 414//2156 415//2157
f 415//2158 414//2159 381//2160
f 416//2161 412//2162 411//2163
f 416//2164 411//2165 415//2166
f 417//2167 413//2168 412//2169
f 417//2170 412//2171 416//2172
f 413//2173 417//2174 418//2175
f 413//2176 418//2177 178//2178
f 417//2179 416//2180 419//2181
f 416//2182 415//2183 420//2184
f 420//2185 415//2186 381//2187
f 416//2188 420//2189 419//2190
f 417//2191 419//2192 421//2193
f 417//2194 421//2195 418//2196
f 419//2197 420//2198 422//2199
f 423//2200 178//2201 418//2202
f 423//2203 418//2204 421//2205
f 421//2206 419//2207 424//2208
f 424//2209 419//2210 422//2211
f 423//2212 421//2213 425//2214
f 425//2215 421//2216 424//2217
f 178//2218 423//2219 426//2220
f 178//2221 426//2222 177//2223
f 426//2224 423//2225 427//2226
f 427//2227 423//2228 425//2229
f 177//2230 426//2231 428//2232
f 177//2233 428//2234 175//2235
f 426//2236 427//2237 429//2238
f 429//2239 427//2240 425//2241
f 426//2242 429//2243 428//2244
f 175//2245 428//2246 430//2247
f 430//2248 428//2249 429//2250
f 175//2251 430//2252 431//2253
f 175//2254 431//2255 170//2256
f 430//2257 429//2258 432//2259
f 432//2260 429//2261 425//2262
f 431//2263 430//2264 433//2265
f 433//2266 430//2267 432//2268
f 170//2269 431//2270 434//2271
f 432//2272 425//2273 435//2274
f 435//2275 425//2276 424//2277
f 170//2278 434//2279 157//2280
f 432//2281 435//2282 436//2283
f 432//2284 436//2285 433//2286
f 435//2287 424//2288 437//2289
f 438//2290 431//2291 433//2292
f 431//2293 438//2294 434//2295
f 437//2296 424//2297 439//2298
f 157//2299 434//2300 440//2301
f 157//2302 440//2303 151//2304
f 151//2305 440//2306 158//2307
f 440//2308 434//2309 441//2310
f 440//2311 441//2312 158//2313
f 441//2314 434//2315 442//2316
f 442//2317 434//2318 438//2319
f 158//2320 441//2321 443//2322
f 443//2323 441//2324 442//2325
f 158//2326 443//2327 148//2328
f 158//2329 148//2330 147//2331
f 443//2332 442//2333 444//2334
f 442//2335 438//2336 445//2337
f 442//2338 445//2339 444//2340
f 445//2341 438//2342 446//2343
f 446//2344 438//2345 433//2346
f 445//2347 446//2348 447//2349
f 445//2350 447//2351 444//2352
f 446//2353 433//2354 448//2355
f 448//2356 433//2357 436//2358
f 447//2359 446//2360 449//2361
f 449//2362 446//2363 448//2364
f 444//2365 447//2366 450//2367
f 450//2368 447//2369 449//2370
f 449//2371 448//2372 451//2373
f 448//2374 436//2375 452//2376
f 448//2377 452//2378 451//2379
f 452//2380 436//2381 435//2382
f 449//2383 451//2384 453//2385
f 453//2386 451//2387 452//2388
f 450//2389 449//2390 454//2391
f 454//2392 449//2393 453//2394
f 450//2395 454//2396 455//2397
f 454//2398 453//2399 456//2400
f 454//2401 456//2402 455//2403
f 450//2404 455//2405 457//2406
f 456//2407 453//2408 458//2409
f 455//2410 456//2411 459//2412
f 458//2413 453//2414 460//2415
f 460//2416 453//2417 452//2418
f 456//2419 458//2420 461//2421
f 456//2422 461//2423 459//2424
f 455//2425 459//2426 462//2427
f 455//2428 462//2429 457//2430
f 460//2431 452//2432 463//2433
f 458//2434 460//2435 464//2436
f 464//2437 460//2438 463//2439
f 458//2440 464//2441 465//2442
f 458//2443 465//2444 461//2445
f 465//2446 464//2447 466//2448
f 461//2449 465//2450 467//2451
f 463//2452 452//2453 468//2454
f 464//2455 463//2456 469//2457
f 464//2458 469//2459 466//2460
f 468//2461 452//2462 470//2463
f 470//2464 452//2465 435//2466
f 470//2467 435//2468 437//2469
f 468//2470 470//2471 471//2472
f 468//2473 471//2474 463//2475
f 470//2476 437//2477 472//2478
f 470//2479 472//2480 471//2481
f 463//2482 471//2483 473//2484
f 463//2485 473//2486 469//2487
f 473//2488 471//2489 472//2490
f 472//2491 437//2492 439//2493
f 469//2494 473//2495 474//2496
f 473//2497 472//2498 475//2499
f 473//2500 475//2501 476//2502
f 473//2503 476//2504 474//2505
f 475//2506 472//2507 477//2508
f 477//2509 472//2510 439//2511
f 476//2512 475//2513 478//2514
f 478//2515 475//2516 477//2517
f 476//2518 478//2519 479//2520
f 476//2521 479//2522 474//2523
f 478//2524 477//2525 480//2526
f 478//2527 480//2528 479//2529
f 477//2530 439//2531 481//2532
f 477//2533 481//2534 480//2535
f 482//2536 469//2537 474//2538
f 469//2539 482//2540 466//2541
f 474//2542 479//2543 483//2544
f 482//2545 474//2546 484//2547
f 484//2548 474//2549 483//2550
f 483//2551 479//2552 485//2553
f 485//2554 479//2555 480//2556
f 484//2557 483//2558 486//2559
f 483//2560 485//2561 487//2562
f 483//2563 487//2564 486//2565
f 485//2566 480//2567 488//2568
f 485//2569 488//2570 487//2571
f 488//2572 480//2573 489//2574
f 487//2575 488//2576 490//2577
f 487//2578 490//2579 486//2580
f 490//2581 488//2582 491//2583
f 491//2584 488//2585 489//2586
f 486//2587 490//2588 492//2589
f 490//2590 491//2591 493//2592
f 490//2593 493//2594 492//2595
f 494//2596 489//2597 480//2598
f 494//2599 480//2600 481//2601
f 489//2602 494//2603 495//2604
f 495//2605 494//2606 481//2607
f 496//2608 491//2609 489//2610
f 489//2611 495//2612 497//2613
f 489//2614 497//2615 496//2616
f 495//2617 481//2618 498//2619
f 495//2620 498//2621 497//2622
f 498//2623 481//2624 499//2625
f 499//2626 481//2627 439//2628
f 497//2629 498//2630 500//2631
f 500//2632 498//2633 499//2634
f 496//2635 497//2636 501//2637
f 501//2638 497//2639 500//2640
f 502//2641 491//2642 496//2643
f 491//2644 502//2645 493//2646
f 500//2647 499//2648 503//2649
f 500//2650 503//2651 501//2652
f 499//2653 439//2654 422//2655
f 422//2656 439//2657 424//2658
f 499//2659 422//2660 504//2661
f 499//2662 504//2663 503//2664
f 504//2665 422//2666 505//2667
f 505//2668 422//2669 420//2670
f 505//2671 420//2672 381//2673
f 504//2674 505//2675 506//2676
f 504//2677 506//2678 503//2679
f 505//2680 381//2681 507//2682
f 505//2683 507//2684 506//2685
f 507//2686 381//2687 362//2688
f 507//2689 362//2690 359//2691
f 507//2692 359//2693 508//2694
f 507//2695 508//2696 506//2697
f 508//2698 359//2699 344//2700
f 509//2701 503//2702 506//2703
f 509//2704 506//2705 508//2706
f 508//2707 344//2708 510//2709
f 508//2710 510//2711 509//2712
f 510//2713 344//2714 343//2715
f 503//2716 509//2717 511//2718
f 503//2719 511//2720 501//2721
f 509//2722 510//2723 512//2724
f 512//2725 510//2726 343//2727
f 511//2728 509//2729 513//2730
f 513//2731 509//2732 512//2733
f 501//2734 511//2735 514//2736
f 514//2737 511//2738 513//2739
f 513//2740 512//2741 515//2742
f 513//2743 515//2744 514//2745
f 515//2746 512//2747 343//2748
f 501//2749 514//2750 516//2751
f 516//2752 514//2753 515//2754
f 501//2755 516//2756 496//2757
f 496//2758 516//2759 502//2760
f 516//2761 515//2762 517//2763
f 516//2764 517//2765 502//2766
f 515//2767 343//2768 518//2769
f 515//2770 518//2771 517//2772
f 518//2773 343//2774 519//2775
f 519//2776 343//2777 340//2778
f 517//2779 518//2780 520//2781
f 520//2782 518//2783 519//2784
f 519//2785 340//2786 347//2787
f 519//2788 347//2789 520//2790
f 520//2791 347//2792 521//2793
f 520//2794 521//2795 517//2796
f 522//2797 502//2798 517//2799
f 522//2800 517//2801 521//2802
f 502//2803 522//2804 523//2805
f 523//2806 522//2807 521//2808
f 521//2809 347//2810 524//2811
f 524//2812 347//2813 337//2814
f 524//2815 337//2816 341//2817
f 521//2818 524//2819 525//2820
f 521//2821 525//2822 523//2823
f 524//2824 341//2825 526//2826
f 524//2827 526//2828 525//2829
f 527//2830 502//2831 523//2832
f 502//2833 527//2834 493//2835
f 523//2836 525//2837 528//2838
f 528//2839 525//2840 526//2841
f 523//2842 528//2843 529//2844
f 527//2845 523//2846 530//2847
f 530//2848 523//2849 529//2850
f 493//2851 527//2852 531//2853
f 531//2854 527//2855 530//2856
f 493//2857 531//2858 532//2859
f 493//2860 532//2861 492//2862
f 531//2863 530//2864 533//2865
f 531//2866 533//2867 532//2868
f 492//2869 532//2870 534//2871
f 492//2872 534//2873 486//2874
f 532//2875 533//2876 535//2877
f 532//2878 535//2879 534//2880
f 533//2881 530//2882 536//2883
f 536//2884 530//2885 529//2886
f 535//2887 533//2888 537//2889
f 533//2890 536//2891 538//2892
f 533//2893 538//2894 537//2895
f 538//2896 536//2897 539//2898
f 539//2899 536//2900 529//2901
f 537//2902 538//2903 540//2904
f 540//2905 538//2906 539//2907
f 535//2908 537//2909 541//2910
f 535//2911 541//2912 534//2913
f 537//2914 540//2915 542//2916
f 537//2917 542//2918 541//2919
f 540//2920 539//2921 543//2922
f 534//2923 541//2924 544//2925
f 542//2926 540//2927 545//2928
f 545//2929 540//2930 543//2931
f 541//2932 542//2933 546//2934
f 541//2935 546//2936 544//2937
f 542//2938 545//2939 547//2940
f 542//2941 547//2942 546//2943
f 544//2944 546//2945 548//2946
f 534//2947 544//2948 549//2949
f 549//2950 544//2951 548//2952
f 534//2953 549//2954 550//2955
f 534//2956 550//2957 486//2958
f 486//2959 550//2960 484//2961
f 484//2962 550//2963 551//2964
f 551//2965 550//2966 549//2967
f 484//2968 551//2969 482//2970
f 482//2971 551//2972 552//2973
f 482//2974 552//2975 466//2976
f 551//2977 549//2978 553//2979
f 551//2980 553//2981 552//2982
f 466//2983 552//2984 554//2985
f 466//2986 554//2987 465//2988
f 465//2989 554//2990 467//2991
f 554//2992 552//2993 555//2994
f 555//2995 552//2996 553//2997
f 467//2998 554//2999 556//3000
f 556//3001 554//3002 555//3003
f 557//3004 553//3005 549//3006
f 555//3007 553//3008 558//3009
f 558//3010 553//3011 557//3012
f 557//3013 549//3014 548//3015
f 555//3016 558//3017 559//3018
f 555//3019 559//3020 556//3021
f 558//3022 557//3023 560//3024
f 558//3025 560//3026 559//3027
f 557//3028 548//3029 561//3030
f 557//3031 561//3032 560//3033
f 561//3034 548//3035 562//3036
f 561//3037 562//3038 560//3039
f 562//3040 548//3041 563//3042
f 563//3043 548//3044 546//3045
f 563//3046 546//3047 547//3048
f 562//3049 563//3050 564//3051
f 563//3052 547//3053 565//3054
f 563//3055 565//3056 564//3057
f 562//3058 564//3059 566//3060
f 562//3061 566//3062 560//3063
f 566//3064 564//3065 567//3066
f 566//3067 567//3068 560//3069
f 567//3070 564//3071 568//3072
f 568//3073 564//3074 565//3075
f 560//3076 567//3077 569//3078
f 570//3079 565//3080 547//3081
f 570//3082 547//3083 571//3084
f 571//3085 547//3086 545//3087
f 560//3088 569//3089 572//3090
f 560//3091 572//3092 559//3093
f 569//3094 567//3095 573//3096
f 559//3097 572//3098 574//3099
f 572//3100 569//3101 575//3102
f 572//3103 575//3104 574//3105
f 575//3106 569//3107 573//3108
f 559//3109 574//3110 576//3111
f 559//3112 576//3113 556//3114
f 574//3115 575//3116 577//3117
f 556//3118 576//3119 578//3120
f 575//3121 573//3122 579//3123
f 575//3124 579//3125 577//3126
f 576//3127 574//3128 580//3129
f 576//3130 580//3131 578//3132
f 574//3133 577//3134 581//3135
f 574//3136 581//3137 580//3138
f 579//3139 573//3140 582//3141
f 579//3142 582//3143 583//3144
f 582//3145 573//3146 584//3147
f 579//3148 583//3149 585//3150
f 584//3151 573//3152 586//3153
f 586//3154 573//3155 567//3156
f 584//3157 586//3158 587//3159
f 586//3160 567//3161 568//3162
f 586//3163 568//3164 587//3165
f 587//3166 568//3167 588//3168
f 579//3169 585//3170 589//3171
f 579//3172 589//3173 577//3174
f 589//3175 585//3176 590//3177
f 588//3178 568//3179 591//3180
f 588//3181 591//3182 592//3183
f 591//3184 568//3185 565//3186
f 592//3187 591//3188 593//3189
f 593//3190 591//3191 565//3192
f 592//3193 593//3194 594//3195
f 593//3196 565//3197 570//3198
f 589//3199 590//3200 595//3201
f 589//3202 595//3203 577//3204
f 595//3205 590//3206 596//3207
f 577//3208 595//3209 581//3210
f 593//3211 570//3212 597//3213
f 593//3214 597//3215 594//3216
f 597//3217 570//3218 571//3219
f 594//3220 597//3221 598//3222
f 598//3223 597//3224 571//3225
f 594//3226 598//3227 599//3228
f 581//3229 595//3230 600//3231
f 600//3232 595//3233 596//3234
f 581//3235 600//3236 601//3237
f 581//3238 601//3239 580//3240
f 600//3241 596//3242 602//3243
f 602//3244 596//3245 603//3246
f 601//3247 600//3248 604//3249
f 604//3250 600//3251 602//3252
f 580//3253 601//3254 605//3255
f 602//3256 603//3257 606//3258
f 606//3259 603//3260 607//3261
f 604//3262 602//3263 608//3264
f 608//3265 602//3266 606//3267
f 606//3268 607//3269 609//3270
f 606//3271 609//3272 608//3273
f 609//3274 607//3275 610//3276
f 611//3277 601//3278 604//3279
f 601//3280 611//3281 605//3282
f 604//3283 608//3284 612//3285
f 604//3286 612//3287 611//3288
f 605//3289 578//3290 580//3291
f 612//3292 608//3293 613//3294
f 578//3295 605//3296 614//3297
f 605//3298 611//3299 615//3300
f 605//3301 615//3302 614//3303
f 611//3304 612//3305 616//3306
f 611//3307 616//3308 615//3309
f 616//3310 612//3311 617//3312
f 617//3313 612//3314 613//3315
f 615//3316 616//3317 618//3318
f 616//3319 617//3320 619//3321
f 616//3322 619//3323 618//3324
f 617//3325 613//3326 620//3327
f 617//3328 620//3329 619//3330
f 621//3331 614//3332 615//3333
f 621//3334 615//3335 618//3336
f 614//3337 621//3338 622//3339
f 614//3340 622//3341 578//3342
f 621//3343 618//3344 623//3345
f 578//3346 622//3347 624//3348
f 578//3349 624//3350 556//3351
f 556//3352 624//3353 467//3354
f 467//3355 624//3356 625//3357
f 625//3358 624//3359 622//3360
f 467//3361 625//3362 461//3363
f 461//3364 625//3365 459//3366
f 625//3367 622//3368 626//3369
f 625//3370 626//3371 459//3372
f 626//3373 622//3374 621//3375
f 626//3376 621//3377 623//3378
f 459//3379 626//3380 462//3381
f 462//3382 626//3383 623//3384
f 462//3385 623//3386 627//3387
f 462//3388 627//3389 457//3390
f 628//3391 623//3392 618//3393
f 623//3394 628//3395 627//3396
f 628//3397 618//3398 619//3399
f 457//3400 627//3401 629//3402
f 627//3403 628//3404 630//3405
f 627//3406 630//3407 629//3408
f 628//3409 619//3410 631//3411
f 628//3412 631//3413 630//3414
f 631//3415 619//3416 632//3417
f 632//3418 619//3419 620//3420
f 631//3421 632//3422 145//3423
f 145//3424 632//3425 140//3426
f 631//3427 145//3428 149//3429
f 631//3430 149//3431 630//3432
f 630//3433 149//3434 629//3435
f 140//3436 632//3437 633//3438
f 633//3439 632//3440 620//3441
f 140//3442 633//3443 138//3444
f 633//3445 620//3446 634//3447
f 138//3448 633//3449 635//3450
f 635//3451 633//3452 634//3453
f 634//3454 620//3455 613//3456
f 138//3457 635//3458 135//3459
f 634//3460 613//3461 636//3462
f 636//3463 613//3464 608//3465
f 636//3466 608//3467 609//3468
f 634//3469 636//3470 637//3471
f 634//3472 637//3473 635//3474
f 637//3475 636//3476 609//3477
f 135//3478 635//3479 638//3480
f 638//3481 635//3482 637//3483
f 637//3484 609//3485 639//3486
f 637//3487 639//3488 638//3489
f 639//3490 609//3491 610//3492
f 639//3493 610//3494 640//3495
f 639//3496 640//3497 641//3498
f 639//3499 641//3500 638//3501
f 641//3502 640//3503 642//3504
f 643//3505 135//3506 638//3507
f 643//3508 638//3509 641//3510
f 135//3511 643//3512 131//3513
f 131//3514 643//3515 132//3516
f 643//3517 641//3518 644//3519
f 644//3520 641//3521 642//3522
f 643//3523 644//3524 132//3525
f 644//3526 642//3527 645//3528
f 132//3529 644//3530 133//3531
f 133//3532 644//3533 645//3534
f 646//3535 148//3536 443//3537
f 646//3538 443//3539 444//3540
f 148//3541 646//3542 647//3543
f 148//3544 647//3545 144//3546
f 144//3547 647//3548 143//3549
f 646//3550 444//3551 648//3552
f 648//3553 444//3554 450//3555
f 648//3556 450//3557 457//3558
f 648//3559 457//3560 629//3561
f 646//3562 648//3563 649//3564
f 649//3565 648//3566 629//3567
f 646//3568 649//3569 647//3570
f 649//3571 629//3572 149//3573
f 650//3574 143//3575 647//3576
f 650//3577 647//3578 649//3579
f 650//3580 649//3581 149//3582
f 143//3583 650//3584 142//3585
f 142//3586 650//3587 149//3588
f 651//3589 652//3590 653//3591
f 652//3592 651//3593 654//3594
f 652//3595 654//3596 655//3597
f 651//3598 653//3599 656//3600
f 656//3601 653//3602 599//3603
f 656//3604 599//3605 598//3606
f 655//3607 654//3608 657//3609
f 655//3610 657//3611 658//3612
f 654//3613 651//3614 659//3615
f 658//3616 657//3617 660//3618
f 658//3619 660//3620 661//3621
f 657//3622 654//3623 662//3624
f 662//3625 654//3626 659//3627
f 660//3628 657//3629 663//3630
f 663//3631 657//3632 662//3633
f 661//3634 660//3635 664//3636
f 661//3637 664//3638 665//3639
f 665//3640 664//3641 666//3642
f 666//3643 664//3644 667//3645
f 667//3646 664//3647 668//3648
f 664//3649 660//3650 669//3651
f 664//3652 669//3653 668//3654
f 669//3655 660//3656 663//3657
f 668//3658 669//3659 670//3660
f 670//3661 669//3662 663//3663
f 668//3664 670//3665 671//3666
f 670//3667 663//3668 672//3669
f 672//3670 663//3671 662//3672
f 671//3673 670//3674 673//3675
f 673//3676 670//3677 672//3678
f 671//3679 673//3680 674//3681
f 672//3682 662//3683 675//3684
f 675//3685 662//3686 659//3687
f 673//3688 672//3689 676//3690
f 676//3691 672//3692 675//3693
f 674//3694 673//3695 677//3696
f 677//3697 673//3698 676//3699
f 674//3700 677//3701 678//3702
f 678//3703 677//3704 679//3705
f 678//3706 679//3707 680//3708
f 680//3709 679//3710 681//3711
f 679//3712 677//3713 682//3714
f 682//3715 677//3716 676//3717
f 681//3718 679//3719 683//3720
f 684//3721 676//3722 675//3723
f 676//3724 684//3725 682//3726
f 681//3727 683//3728 323//3729
f 679//3730 682//3731 685//3732
f 679//3733 685//3734 683//3735
f 323//3736 683//3737 686//3738
f 323//3739 686//3740 321//3741
f 686//3742 683//3743 687//3744
f 687//3745 683//3746 685//3747
f 321//3748 686//3749 688//3750
f 688//3751 686//3752 687//3753
f 321//3754 688//3755 324//3756
f 324//3757 688//3758 331//3759
f 331//3760 688//3761 339//3762
f 339//3763 688//3764 687//3765
f 687//3766 685//3767 689//3768
f 687//3769 689//3770 339//3771
f 690//3772 685//3773 682//3774
f 690//3775 682//3776 684//3777
f 689//3778 685//3779 691//3780
f 691//3781 685//3782 690//3783
f 339//3784 689//3785 692//3786
f 339//3787 692//3788 338//3789
f 338//3790 692//3791 341//3792
f 692//3793 689//3794 693//3795
f 693//3796 689//3797 691//3798
f 341//3799 692//3800 694//3801
f 694//3802 692//3803 693//3804
f 341//3805 694//3806 526//3807
f 695//3808 691//3809 690//3810
f 691//3811 695//3812 693//3813
f 694//3814 693//3815 696//3816
f 694//3817 696//3818 526//3819
f 696//3820 693//3821 695//3822
f 526//3823 696//3824 697//3825
f 526//3826 697//3827 528//3828
f 696//3829 695//3830 698//3831
f 696//3832 698//3833 697//3834
f 699//3835 695//3836 690//3837
f 695//3838 699//3839 698//3840
f 699//3841 690//3842 684//3843
f 528//3844 697//3845 700//3846
f 700//3847 697//3848 698//3849
f 528//3850 700//3851 529//3852
f 698//3853 699//3854 701//3855
f 698//3856 701//3857 700//3858
f 529//3859 700//3860 702//3861
f 702//3862 700//3863 701//3864
f 529//3865 702//3866 539//3867
f 701//3868 699//3869 703//3870
f 703//3871 699//3872 684//3873
f 702//3874 701//3875 704//3876
f 704//3877 701//3878 703//3879
f 539//3880 702//3881 705//3882
f 705//3883 702//3884 704//3885
f 539//3886 705//3887 543//3888
f 704//3889 703//3890 706//3891
f 704//3892 706//3893 705//3894
f 703//3895 684//3896 707//3897
f 703//3898 707//3899 706//3900
f 707//3901 684//3902 675//3903
f 707//3904 675//3905 659//3906
f 707//3907 659//3908 708//3909
f 707//3910 708//3911 706//3912
f 708//3913 659//3914 651//3915
f 708//3916 651//3917 656//3918
f 708//3919 656//3920 709//3921
f 708//3922 709//3923 706//3924
f 709//3925 656//3926 598//3927
f 706//3928 709//3929 710//3930
f 706//3931 710//3932 705//3933
f 709//3934 598//3935 711//3936
f 709//3937 711//3938 710//3939
f 711//3940 598//3941 571//3942
f 705//3943 710//3944 712//3945
f 712//3946 710//3947 711//3948
f 712//3949 711//3950 571//3951
f 705//3952 712//3953 543//3954
f 712//3955 571//3956 545//3957
f 712//3958 545//3959 543//3960
