# This file uses centimeters as units for non-parametric coordinates.

mtllib SM_Dantooine_Drainage_Cut_A.mtl
g default
v 2.087494 43.994984 974.860352
v 1050.010132 14.770050 958.160339
v 1066.710083 43.994984 974.860352
v 2.087494 14.770050 958.160339
v 1066.710083 43.994984 -2.087494
v -1050.010132 14.770050 958.160339
v 356.961700 14.770050 -2.087494
v 1050.010132 14.770050 -2.087494
v -356.961700 14.770050 -2.087494
v -2.087494 14.770050 -958.160339
v 1050.010132 14.770050 -958.160339
v -1050.010132 14.770050 2.087494
v -1050.010132 14.770050 -958.160339
v -2.087494 43.994984 -974.860352
v 1066.710083 43.994984 -974.860352
v -1066.710083 43.994984 974.860352
v -1066.710083 43.994984 2.087494
v -1066.710083 43.994984 -974.860352
v -356.961700 344.594299 -974.860352
v -356.961700 344.594299 974.860352
v -2.087494 344.594299 -974.860352
v 356.961700 344.594299 -974.860352
v -2.087494 344.594299 -373.661652
v 156.562149 327.894348 -461.336456
v 256.761932 327.894348 -507.261353
v 1066.710083 344.594299 -974.860352
v 1066.710083 344.594299 -498.911377
v 1066.710083 340.419312 -482.211426
v 791.160706 332.069336 -427.936554
v 369.486664 332.069336 -511.436371
v 490.561401 327.894348 -494.736389
v 356.961700 302.844421 -452.986481
v 473.861450 302.844421 -448.811493
v 590.761169 290.319427 -419.586578
v 469.686462 219.344589 -402.886597
v 248.411942 302.844421 -440.461517
v 344.436737 227.694580 -402.886597
v 160.737137 302.844421 -398.711609
v 615.811096 315.369385 -448.811493
v 586.586182 215.169601 -386.186646
v 645.036072 281.969452 -390.361633
v 649.211060 219.344589 -369.486664
v 711.835938 319.544373 -419.586578
v 707.660950 281.969452 -365.311676
v 653.386047 181.769684 -382.011658
v 582.411194 177.594681 -398.711609
v 465.511475 185.944672 -419.586578
v 465.511475 152.544739 -398.711609
v 340.261749 194.294647 -419.586578
v 340.261749 160.894730 -402.886597
v 244.236954 198.469635 -411.236572
v 244.236954 165.069717 -394.536621
v 240.061966 236.044556 -390.361633
v 169.087128 198.469635 -386.186646
v 160.737137 236.044556 -365.311676
v 102.287270 294.494415 -336.086761
v 173.262115 165.069717 -369.486664
v 127.337219 198.469635 -361.136688
v 114.812241 231.869568 -340.261749
v 135.687195 165.069717 -348.611725
v 185.787079 152.544739 -352.786713
v 77.237328 190.119659 -331.911774
v 77.237328 277.794464 -319.386780
v 81.412315 323.719360 -394.536621
v 35.487419 327.894348 -382.011658
v 43.837402 311.194397 -336.086761
v 43.837402 290.319427 -315.211792
v -10.437476 323.719360 -336.086761
v -6.262487 307.019409 -302.686829
v -219.187012 344.594299 -185.787079
v -6.262487 286.144440 -285.986847
v 35.487419 269.444489 -306.861816
v -64.712357 319.544373 -240.061966
v -43.837402 302.844421 -227.536987
v -106.462265 307.019409 -169.087128
v -10.437476 265.269501 -281.811859
v -127.337219 319.544373 -181.612091
v -93.937294 290.319427 -160.737137
v -139.862183 298.669403 -131.512207
v -35.487419 286.144440 -219.187012
v -39.662411 261.094513 -223.362000
v -89.762299 269.444489 -160.737137
v -131.512207 286.144440 -127.337219
v -164.912125 290.319427 -106.462265
v 35.487419 240.219543 -302.686829
v -18.787457 240.219543 -277.636871
v -52.187382 240.219543 -219.187012
v 10.437476 215.169601 -294.336853
v 64.712357 223.519577 -315.211792
v 22.962450 185.944672 -298.511841
v -31.312431 215.169601 -265.111908
v 27.137438 165.069717 -281.811859
v -31.312431 190.119659 -256.761932
v -68.887344 219.344589 -210.837036
v -110.637253 227.694580 -139.862183
v -73.062340 198.469635 -202.487045
v -73.062340 177.594681 -185.787079
v -114.812241 210.994614 -131.512207
v -110.637253 190.119659 -114.812241
v -160.737137 215.169601 -81.412315
v -93.937294 248.569534 -152.387161
v -160.737137 231.869568 -81.412315
v -152.387161 244.394531 -93.937294
v -135.687195 256.919495 -110.637253
v -177.437103 248.569534 -68.887344
v -198.312057 236.044556 -48.012394
v -177.437103 256.919495 -73.062340
v -202.487045 248.569534 -48.012394
v -169.087128 261.094513 -85.587311
v -210.837036 265.269501 -52.187382
v -227.536987 240.219543 -31.312431
v -223.362000 252.744522 -35.487419
v -244.236954 231.869568 -22.962450
v -260.936920 240.219543 -14.612469
v -164.912125 273.619476 -93.937294
v -210.837036 277.794464 -60.537365
v -139.862183 273.619476 -118.987236
v -169.087128 281.969452 -98.112282
v -210.837036 286.144440 -64.712357
v -248.411942 281.969452 -35.487419
v -210.837036 298.669403 -81.412315
v -248.411942 273.619476 -31.312431
v -252.586929 290.319427 -39.662411
v -285.986847 273.619476 -14.612469
v -256.761932 261.094513 -22.962450
v -294.336853 269.444489 -10.437476
v -281.811859 252.744522 -10.437476
v -302.686829 269.444489 -6.262487
v -311.036804 269.444489 -6.262487
v -302.686829 261.094513 -6.262487
v -331.911774 240.219543 -6.262487
v -298.511841 281.969452 -10.437476
v -281.811859 298.669403 -31.312431
v -327.736755 294.494415 -10.437476
v -340.261749 261.094513 -2.087494
v -252.586929 307.019409 -56.362373
v -260.936920 311.194397 -56.362373
v -319.386780 307.019409 -31.312431
v -394.536621 273.619476 -2.087494
v -377.836670 298.669403 -14.612469
v -302.686829 323.719360 -64.712357
v -356.961700 315.369385 -43.837402
v -256.761932 327.894348 -98.112282
v -227.536987 319.544373 -98.112282
v -432.111542 344.594299 -131.512207
v -215.012024 319.544373 -106.462265
v -198.312057 319.544373 -118.987236
v -164.912125 302.844421 -118.987236
v -185.787079 319.544373 -127.337219
v -156.562149 307.019409 -131.512207
v -164.912125 323.719360 -164.912125
v -736.885864 344.594299 -240.061966
v -1066.710083 336.244324 -344.436737
v -1066.710083 344.594299 -974.860352
v -1066.710083 332.069336 -331.911774
v -649.211060 323.719360 -152.387161
v -841.260620 327.894348 -240.061966
v -736.885864 315.369385 -181.612091
v -1066.710083 332.069336 -323.561768
v -841.260620 298.669403 -198.312057
v -958.160339 319.544373 -252.586929
v -1066.710083 315.369385 -256.761932
v -1066.710083 311.194397 -248.411942
v -958.160339 294.494415 -206.662033
v -1066.710083 290.319427 -206.662033
v -1066.710083 290.319427 -202.487045
v -841.260620 256.919495 -160.737137
v -958.160339 256.919495 -169.087128
v -1066.710083 261.094513 -169.087128
v -1066.710083 256.919495 -164.912125
v -958.160339 210.994614 -144.037186
v -1066.710083 223.519577 -139.862183
v -1066.710083 219.344589 -135.687195
v -1066.710083 190.119659 -135.687195
v -958.160339 173.419693 -148.212173
v -1066.710083 177.594681 -123.162224
v -841.260620 206.819626 -139.862183
v -741.060852 202.644638 -123.162224
v -841.260620 169.244705 -148.212173
v -958.160339 160.894730 -135.687195
v -841.260620 152.544739 -135.687195
v -1066.710083 177.594681 -118.987236
v -1066.710083 169.244705 -106.462265
v -991.560303 156.719727 -118.987236
v -1066.710083 165.069717 -85.587311
v -958.160339 152.544739 -118.987236
v -958.160339 152.544739 -98.112282
v -928.935425 152.544739 -118.987236
v -841.260620 140.019775 -102.287270
v -958.160339 148.369751 -64.712357
v -1066.710083 165.069717 -52.187382
v -1066.710083 165.069717 -48.012394
v -1066.710083 165.069717 131.512207
v -866.310547 148.369751 -118.987236
v -1066.710083 165.069717 135.687195
v -958.160339 169.244705 144.037186
v -1066.710083 173.419693 160.737137
v -1066.710083 173.419693 164.912125
v -958.160339 177.594681 177.437103
v -841.260620 156.719727 148.212173
v -841.260620 160.894730 185.787079
v -1066.710083 181.769684 181.612091
v -841.260620 140.019775 -68.887344
v -736.885864 131.669785 177.437103
v -736.885864 127.494797 -43.837402
v -736.885864 131.669785 -81.412315
v -736.885864 140.019775 -98.112282
v -657.561035 119.144814 -48.012394
v -657.561035 110.794838 -14.612469
v -657.561035 127.494797 -68.887344
v -586.586182 110.794838 -18.787457
v -657.561035 110.794838 210.837036
v -586.586182 102.444855 18.787457
v -657.561035 119.144814 248.411942
v -586.586182 102.444855 248.411942
v -507.261353 106.619843 52.187382
v -586.586182 114.969826 -39.662411
v -657.561035 131.669785 -81.412315
v -511.436371 114.969826 -6.262487
v -507.261353 110.794838 14.612469
v -586.586182 123.319809 -52.187382
v -415.411560 127.494797 31.312431
v -407.061584 127.494797 52.187382
v -511.436371 119.144814 -18.787457
v -327.736755 148.369751 48.012394
v -586.586182 131.669785 -68.887344
v -419.586578 131.669785 14.612469
v -511.436371 131.669785 -31.312431
v -657.561035 140.019775 -93.937294
v -415.411560 140.019775 2.087494
v -736.885864 144.194763 -106.462265
v -519.786316 152.544739 -52.187382
v -812.035706 144.194763 -123.162224
v -736.885864 148.369751 -114.812241
v -841.260620 148.369751 -123.162224
v -736.885864 152.544739 -118.987236
v -736.885864 165.069717 -127.337219
v -657.561035 156.719727 -106.462265
v -665.911011 181.769684 -110.637253
v -586.586182 152.544739 -81.412315
v -586.586182 177.594681 -81.412315
v -490.561401 173.419693 -43.837402
v -582.411194 206.819626 -68.887344
v -411.236572 160.894730 -10.437476
v -402.886597 190.119659 -18.787457
v -315.211792 177.594681 6.262487
v -503.086365 206.819626 -43.837402
v -578.236206 236.044556 -60.537365
v -649.211060 206.819626 -93.937294
v -703.485901 210.994614 -106.462265
v -657.561035 236.044556 -93.937294
v -736.885864 298.669403 -169.087128
v -653.386047 286.144440 -114.812241
v -628.336121 261.094513 -85.587311
v -540.661316 319.544373 -93.937294
v -561.536255 290.319427 -68.887344
v -565.711243 265.269501 -56.362373
v -444.636505 311.194397 -48.012394
v -473.861450 290.319427 -31.312431
v -486.386414 265.269501 -22.962450
v -498.911377 236.044556 -27.137438
v -407.061584 244.394531 -6.262487
v -407.061584 215.169601 -18.787457
v -319.386780 219.344589 -10.437476
v -311.036804 198.469635 -6.262487
v -231.711990 210.994614 -14.612469
v -231.711990 185.944672 -2.087494
v -194.137070 215.169601 -43.837402
v -189.962082 190.119659 -27.137438
v -160.737137 194.294647 -68.887344
v -110.637253 173.419693 -89.762299
v -160.737137 177.594681 -43.837402
v -189.962082 177.594681 -2.087494
v -106.462265 169.244705 -73.062340
v -68.887344 165.069717 -160.737137
v -22.962450 156.719727 -215.012024
v -223.362000 173.419693 14.612469
v -27.137438 169.244705 -240.061966
v 31.312431 152.544739 -260.936920
v -18.787457 152.544739 -198.312057
v 35.487419 144.194763 -244.236954
v -64.712357 160.894730 -144.037186
v -64.712357 156.719727 -127.337219
v -106.462265 165.069717 -60.537365
v -14.612469 148.369751 -181.612091
v -60.537365 156.719727 -106.462265
v 39.662411 144.194763 -227.536987
v -156.562149 165.069717 -14.612469
v 85.587311 144.194763 -281.811859
v -10.437476 148.369751 -160.737137
v -106.462265 165.069717 -35.487419
v 43.837402 144.194763 -210.837036
v -102.287270 160.894730 -2.087494
v -156.562149 165.069717 6.262487
v -56.362373 156.719727 -68.887344
v -6.262487 148.369751 -123.162224
v -98.112282 144.194763 235.886978
v -39.662411 144.194763 173.262115
v 52.187382 144.194763 -173.262115
v -89.762299 144.194763 256.761932
v -160.737137 148.369751 281.811859
v 14.612469 148.369751 123.162224
v -35.487419 144.194763 206.662033
v 64.712357 156.719727 68.887344
v 22.962450 148.369751 160.737137
v -81.412315 144.194763 269.286896
v 110.637253 144.194763 -235.886978
v -31.312431 144.194763 227.536987
v 102.287270 144.194763 -256.761932
v 110.637253 160.894730 2.087494
v 68.887344 156.719727 102.287270
v 27.137438 148.369751 181.612091
v -77.237328 144.194763 277.636871
v -114.812241 144.194763 298.511841
v -27.137438 144.194763 244.236954
v 73.062340 156.719727 127.337219
v 31.312431 152.544739 198.312057
v 114.812241 165.069717 60.537365
v 77.237328 160.894730 144.037186
v 114.812241 165.069717 35.487419
v 164.912125 165.069717 -10.437476
v 118.987236 169.244705 73.062340
v 164.912125 165.069717 14.612469
v 77.237328 165.069717 160.737137
v 35.487419 156.719727 215.012024
v 118.987236 173.419693 89.762299
v 81.412315 177.594681 185.787079
v -22.962450 148.369751 256.761932
v 39.662411 169.244705 240.061966
v -14.612469 165.069717 281.811859
v 43.837402 190.119659 256.761932
v -73.062340 148.369751 294.336853
v -110.637253 144.194763 306.861816
v -73.062340 165.069717 319.386780
v -110.637253 148.369751 315.211792
v -139.862183 148.369751 331.911774
v -123.162224 165.069717 348.611725
v -68.887344 190.119659 327.736755
v -10.437476 185.944672 298.511841
v -127.337219 144.194763 311.036804
v -148.212173 144.194763 319.386780
v -131.512207 144.194763 302.686829
v -169.087128 144.194763 319.386780
v -173.262115 152.544739 348.611725
v -215.012024 148.369751 311.036804
v -160.737137 165.069717 369.486664
v -114.812241 198.469635 356.961700
v -223.362000 165.069717 390.361633
v -156.562149 198.469635 382.011658
v -102.287270 231.869568 336.086761
v -148.212173 236.044556 361.136688
v -52.187382 223.519577 311.036804
v -89.762299 294.494415 336.086761
v -68.887344 277.794464 315.211792
v -2.087494 210.994614 294.336853
v -22.962450 240.219543 302.686829
v 43.837402 215.169601 265.111908
v 31.312431 240.219543 277.636871
v -27.137438 269.444489 306.861816
v 22.962450 265.269501 281.811859
v -31.312431 290.319427 315.211792
v 22.962450 286.144440 290.161865
v 56.362373 261.094513 223.362000
v 68.887344 240.219543 219.187012
v 81.412315 219.344589 210.837036
v 85.587311 198.469635 202.487045
v 118.987236 227.694580 139.862183
v 123.162224 210.994614 131.512207
v 123.162224 190.119659 114.812241
v 106.462265 269.444489 160.737137
v 169.087128 215.169601 81.412315
v 169.087128 194.294647 68.887344
v 169.087128 231.869568 81.412315
v 106.462265 248.569534 156.562149
v 185.787079 248.569534 68.887344
v 206.662033 236.044556 48.012394
v 160.737137 244.394531 98.112282
v 148.212173 256.919495 114.812241
v 185.787079 256.919495 73.062340
v 210.837036 248.569534 48.012394
v 219.187012 265.269501 52.187382
v 177.437103 261.094513 85.587311
v 173.262115 273.619476 93.937294
v 215.012024 277.794464 60.537365
v 152.387161 273.619476 118.987236
v 177.437103 281.969452 98.112282
v 260.936920 281.969452 35.487419
v 219.187012 286.144440 64.712357
v 181.612091 290.319427 106.462265
v 148.212173 286.144440 127.337219
v 260.936920 269.444489 27.137438
v 265.111908 290.319427 35.487419
v 227.536987 298.669403 77.237328
v 160.737137 298.669403 131.512207
v 114.812241 290.319427 164.912125
v 56.362373 286.144440 223.362000
v 68.887344 302.844421 227.536987
v 131.512207 307.019409 169.087128
v 22.962450 307.019409 306.861816
v 85.587311 319.544373 244.236954
v 152.387161 319.544373 185.787079
v -31.312431 311.194397 336.086761
v 27.137438 323.719360 340.261749
v 231.711990 344.594299 194.137070
v 181.612091 307.019409 131.512207
v 189.962082 323.719360 164.912125
v 185.787079 302.844421 118.987236
v 210.837036 319.544373 131.512207
v 227.536987 319.544373 118.987236
v 240.061966 319.544373 106.462265
v 256.761932 319.544373 98.112282
v 273.461884 302.844421 52.187382
v 285.986847 323.719360 93.937294
v 298.511841 294.494415 27.137438
v 285.986847 311.194397 52.187382
v 327.736755 319.544373 64.712357
v 427.936554 344.594299 123.162224
v 336.086761 307.019409 31.312431
v 398.711609 319.544373 48.012394
v 306.861816 273.619476 14.612469
v 394.536621 307.019409 18.787457
v 340.261749 294.494415 14.612469
v 327.736755 277.794464 10.437476
v 348.611725 269.444489 2.087494
v 394.536621 286.144440 6.262487
v 465.511475 311.194397 35.487419
v 465.511475 294.494415 10.437476
v 507.261353 315.369385 48.012394
v 469.686462 269.444489 2.087494
v 390.361633 261.094513 2.087494
v 536.486328 294.494415 31.312431
v 603.286133 323.719360 102.287270
v 553.186279 269.444489 22.962450
v 469.686462 240.219543 6.262487
v 624.161133 298.669403 77.237328
v 565.711243 236.044556 27.137438
v 628.336121 273.619476 60.537365
v 369.486664 236.044556 2.087494
v 686.785950 269.444489 93.937294
v 469.686462 215.169601 18.787457
v 636.686096 240.219543 60.537365
v 569.886230 206.819626 43.837402
v 711.835938 290.319427 131.512207
v 711.835938 240.219543 102.287270
v 707.660950 210.994614 93.937294
v 645.036072 206.819626 68.887344
v 749.410828 215.169601 110.637253
v 728.535889 181.769684 110.637253
v 561.536255 173.419693 43.837402
v 791.160706 294.494415 198.312057
v 461.336456 185.944672 18.787457
v 653.386047 177.594681 81.412315
v 791.160706 202.644638 127.337219
v 720.185913 156.719727 102.287270
v 586.586182 152.544739 48.012394
v 791.160706 160.894730 123.162224
v 657.561035 152.544739 77.237328
v 724.360901 140.019775 85.587311
v 657.561035 131.669785 64.712357
v 473.861450 160.894730 14.612469
v 578.236206 131.669785 31.312431
v 348.611725 177.594681 -6.262487
v 473.861450 140.019775 -2.087494
v 578.236206 119.144814 18.787457
v 478.036438 131.669785 -14.612469
v 361.136688 156.719727 -18.787457
v 369.486664 148.369751 -31.312431
v 365.311676 148.369751 -48.012394
v 473.861450 127.494797 -27.137438
v 657.561035 123.319809 48.012394
v 724.360901 131.669785 73.062340
v 578.236206 114.969826 2.087494
v 657.561035 114.969826 35.487419
v 578.236206 110.794838 -18.787457
v 657.561035 110.794838 14.612469
v 465.511475 127.494797 -52.187382
v 578.236206 106.619843 -56.362373
v 348.611725 148.369751 -73.062340
v 724.360901 123.319809 64.712357
v 791.160706 135.844772 89.762299
v 724.360901 119.144814 43.837402
v 791.160706 140.019775 98.112282
v 791.160706 131.669785 73.062340
v 724.360901 110.794838 6.262487
v 791.160706 127.494797 35.487419
v 657.561035 102.444855 -22.962450
v 791.160706 131.669785 -194.137070
v 878.835510 140.019775 89.762299
v 724.360901 110.794838 -235.886978
v 657.561035 102.444855 -273.461884
v 724.360901 119.144814 -269.286896
v 578.236206 106.619843 -298.511841
v 878.835510 135.844772 56.362373
v 878.835510 152.544739 -160.737137
v 657.561035 110.794838 -306.861816
v 465.511475 127.494797 -89.762299
v 791.160706 135.844772 -227.536987
v 678.435974 114.969826 -319.386780
v 724.360901 123.319809 -285.986847
v 878.835510 160.894730 -194.137070
v 791.160706 140.019775 -244.236954
v 657.561035 114.969826 -327.736755
v 678.435974 114.969826 -323.561768
v 732.710876 127.494797 -294.336853
v 791.160706 144.194763 -252.586929
v 732.710876 135.844772 -302.686829
v 791.160706 152.544739 -260.936920
v 878.835510 173.419693 -223.362000
v 678.435974 119.144814 -327.736755
v 791.160706 165.069717 -269.286896
v 878.835510 165.069717 -215.012024
v 878.835510 181.769684 -227.536987
v 953.985352 181.769684 -206.662033
v 983.210327 181.769684 -194.137070
v 983.210327 173.419693 -177.437103
v 983.210327 194.294647 -206.662033
v 878.835510 190.119659 -235.886978
v 724.360901 144.194763 -315.211792
v 791.160706 177.594681 -290.161865
v 657.561035 127.494797 -348.611725
v 724.360901 160.894730 -336.086761
v 878.835510 210.994614 -265.111908
v 983.210327 210.994614 -223.362000
v 791.160706 202.644638 -311.036804
v 657.561035 144.194763 -365.311676
v 586.586182 140.019775 -377.836670
v 578.236206 114.969826 -340.261749
v 720.185913 190.119659 -348.611725
v 711.835938 223.519577 -348.611725
v 766.110779 227.694580 -327.736755
v 807.860718 231.869568 -315.211792
v 791.160706 286.144440 -356.961700
v 878.835510 240.219543 -302.686829
v 983.210327 236.044556 -285.986847
v 878.835510 261.094513 -323.561768
v 828.735657 281.969452 -340.261749
v 791.160706 319.544373 -398.711609
v 878.835510 323.719360 -394.536621
v 878.835510 302.844421 -365.311676
v 895.535522 281.969452 -340.261749
v 983.210327 261.094513 -315.211792
v 991.560303 281.969452 -336.086761
v 983.210327 302.844421 -361.136688
v 983.210327 323.719360 -394.536621
v 1066.710083 340.419312 -469.686462
v 1066.710083 315.369385 -390.361633
v 1066.710083 319.544373 -398.711609
v 1066.710083 302.844421 -365.311676
v 1066.710083 298.669403 -361.136688
v 1066.710083 281.969452 -340.261749
v 1066.710083 277.794464 -336.086761
v 1066.710083 244.394531 -315.211792
v 1066.710083 240.219543 -311.036804
v 1066.710083 215.169601 -269.286896
v 1066.710083 215.169601 -265.111908
v 1066.710083 202.644638 -223.362000
v 1066.710083 202.644638 -219.187012
v 1066.710083 194.294647 -206.662033
v 1066.710083 190.119659 -202.487045
v 1008.260254 185.944672 -189.962082
v 1066.710083 181.769684 -189.962082
v 1066.710083 177.594681 -185.787079
v 1066.710083 173.419693 -169.087128
v 1066.710083 169.244705 -164.912125
v 983.210327 165.069717 -144.037186
v 1066.710083 165.069717 -135.687195
v 1066.710083 165.069717 -131.512207
v 983.210327 144.194763 48.012394
v 1066.710083 148.369751 27.137438
v 1066.710083 148.369751 31.312431
v 1066.710083 148.369751 64.712357
v 983.210327 144.194763 81.412315
v 1066.710083 148.369751 68.887344
v 1066.710083 152.544739 85.587311
v 991.560303 144.194763 98.112282
v 1066.710083 152.544739 89.762299
v 908.060486 144.194763 106.462265
v 1066.710083 156.719727 106.462265
v 878.835510 144.194763 110.637253
v 878.835510 152.544739 123.162224
v 983.210327 152.544739 114.812241
v 1066.710083 160.894730 110.637253
v 853.785583 144.194763 110.637253
v 791.160706 148.369751 106.462265
v 791.160706 152.544739 110.637253
v 878.835510 165.069717 139.862183
v 983.210327 165.069717 135.687195
v 878.835510 202.644638 144.037186
v 878.835510 248.569534 181.612091
v 1066.710083 169.244705 127.337219
v 983.210327 202.644638 148.212173
v 1066.710083 173.419693 131.512207
v 1066.710083 198.469635 144.037186
v 1066.710083 206.819626 148.212173
v 1066.710083 244.394531 177.437103
v 983.210327 248.569534 181.612091
v 1066.710083 252.744522 181.612091
v 983.210327 290.319427 223.362000
v 1066.710083 290.319427 210.837036
v 1066.710083 294.494415 215.012024
v 878.835510 290.319427 223.362000
v 1066.710083 319.544373 256.761932
v 983.210327 323.719360 269.286896
v 1066.710083 323.719360 269.286896
v 1066.710083 340.419312 352.786713
v 878.835510 323.719360 265.111908
v 791.160706 311.194397 210.837036
v 1066.710083 340.419312 365.311676
v 791.160706 344.594299 252.586929
v 707.660950 327.894348 173.262115
v 1066.710083 344.594299 382.011658
v 356.961700 344.594299 974.860352
v 1066.710083 344.594299 974.860352
v 6.262487 344.594299 373.661652
v 2.087494 344.594299 974.860352
v -22.962450 327.894348 382.011658
v -131.512207 327.894348 411.236572
v -68.887344 323.719360 382.011658
v -144.037186 302.844421 377.836670
v -219.187012 332.069336 423.761566
v -219.187012 307.019409 394.536621
v -219.187012 236.044556 382.011658
v -223.362000 198.469635 402.886597
v -306.861816 231.869568 386.186646
v -311.036804 307.019409 402.886597
v -319.386780 336.244324 427.936554
v -411.236572 223.519577 377.836670
v -306.861816 194.294647 411.236572
v -415.411560 302.844421 390.361633
v -432.111542 332.069336 415.411560
v -523.961304 294.494415 352.786713
v -407.061584 185.944672 402.886597
v -306.861816 165.069717 398.711609
v -515.611328 181.769684 373.661652
v -227.536987 148.369751 356.961700
v -407.061584 152.544739 386.186646
v -306.861816 144.194763 365.311676
v -306.861816 144.194763 323.561768
v -407.061584 131.669785 352.786713
v -311.036804 148.369751 106.462265
v -407.061584 127.494797 311.036804
v -507.261353 114.969826 323.561768
v -407.061584 127.494797 89.762299
v -231.711990 156.719727 93.937294
v -315.211792 148.369751 73.062340
v -507.261353 106.619843 281.811859
v -586.586182 110.794838 285.986847
v -231.711990 160.894730 56.362373
v -260.936920 160.894730 39.662411
v -331.911774 148.369751 31.312431
v -265.111908 160.894730 31.312431
v -327.736755 156.719727 18.787457
v -260.936920 165.069717 22.962450
v -227.536987 160.894730 35.487419
v -215.012024 165.069717 35.487419
v -189.962082 169.244705 14.612469
v -189.962082 165.069717 39.662411
v -156.562149 169.244705 -27.137438
v -185.787079 160.894730 73.062340
v -156.562149 165.069717 43.837402
v 164.912125 177.594681 43.837402
v 198.312057 177.594681 2.087494
v 164.912125 169.244705 27.137438
v 194.137070 169.244705 -14.612469
v 194.137070 165.069717 -39.662411
v 198.312057 190.119659 27.137438
v 198.312057 215.169601 43.837402
v 248.411942 210.994614 14.612469
v 252.586929 227.694580 22.962450
v 244.236954 185.944672 2.087494
v 344.436737 198.469635 6.262487
v 235.886978 240.219543 27.137438
v 352.786713 219.344589 10.437476
v 231.711990 252.744522 35.487419
v 277.636871 240.219543 14.612469
v 269.286896 261.094513 18.787457
v 319.386780 265.269501 6.262487
v 298.511841 248.569534 6.262487
v 327.736755 269.444489 6.262487
v 331.911774 261.094513 2.087494
v 281.811859 165.069717 -22.962450
v 235.886978 169.244705 -18.787457
v 285.986847 156.719727 -35.487419
v 240.061966 160.894730 -35.487419
v 281.811859 156.719727 -43.837402
v 244.236954 160.894730 -60.537365
v 227.536987 165.069717 -35.487419
v 194.137070 160.894730 -73.062340
v 244.236954 156.719727 -98.112282
v 340.261749 148.369751 -106.462265
v 164.912125 165.069717 -48.012394
v 173.262115 148.369751 -285.986847
v 235.886978 148.369751 -315.211792
v 465.511475 127.494797 -323.561768
v 340.261749 144.194763 -327.736755
v 465.511475 131.669785 -365.311676
v 340.261749 144.194763 -369.486664
v 248.411942 148.369751 -361.136688
v 181.612091 144.194763 -323.561768
v 152.387161 148.369751 -331.911774
v 144.037186 144.194763 -306.861816
v 160.737137 144.194763 -319.386780
v 135.687195 144.194763 -315.211792
v 127.337219 144.194763 -302.686829
v 123.162224 144.194763 -306.861816
v 89.762299 144.194763 -269.286896
v 123.162224 148.369751 -319.386780
v 85.587311 148.369751 -294.336853
v 85.587311 165.069717 -319.386780
v -1066.710083 344.594299 974.860352
v -1066.710083 344.594299 486.386414
v -736.885864 336.244324 386.186646
v -1066.710083 332.069336 336.086761
v -549.011292 319.544373 369.486664
v -958.160339 327.894348 340.261749
v -1066.710083 327.894348 327.736755
v -841.260620 327.894348 352.786713
v -958.160339 311.194397 315.211792
v -1066.710083 315.369385 306.861816
v -1066.710083 311.194397 302.686829
v -966.510315 294.494415 290.161865
v -1066.710083 298.669403 285.986847
v -1066.710083 294.494415 281.811859
v -841.260620 307.019409 323.561768
v -1066.710083 277.794464 265.111908
v -958.160339 273.619476 273.461884
v -1066.710083 273.619476 260.936920
v -857.960571 290.319427 298.511841
v -1066.710083 252.744522 244.236954
v -841.260620 269.444489 285.986847
v -778.635742 281.969452 302.686829
v -736.885864 290.319427 311.036804
v -757.760803 231.869568 281.811859
v -958.160339 248.569534 256.761932
v -841.260620 244.394531 273.461884
v -736.885864 323.719360 352.786713
v -1066.710083 248.569534 240.061966
v -649.211060 323.719360 361.136688
v -645.036072 286.144440 306.861816
v -578.236206 286.144440 323.561768
v -711.835938 231.869568 290.161865
v -582.411194 223.519577 323.561768
v -645.036072 227.694580 302.686829
v -736.885864 206.819626 285.986847
v -519.786316 219.344589 348.611725
v -586.586182 185.944672 344.436737
v -657.561035 194.294647 315.211792
v -657.561035 160.894730 306.861816
v -586.586182 144.194763 336.086761
v -519.786316 140.019775 356.961700
v -586.586182 127.494797 323.561768
v -586.586182 114.969826 302.686829
v -611.636108 114.969826 290.161865
v -611.636108 119.144814 302.686829
v -657.561035 144.194763 294.336853
v -615.811096 119.144814 298.511841
v -665.911011 135.844772 277.636871
v -736.885864 181.769684 269.286896
v -736.885864 165.069717 252.586929
v -661.736023 123.319809 265.111908
v -665.911011 131.669785 273.461884
v -741.060852 152.544739 244.236954
v -736.885864 140.019775 210.837036
v -741.060852 144.194763 227.536987
v -741.060852 148.369751 235.886978
v -837.085632 173.419693 210.837036
v -841.260620 185.944672 219.187012
v -837.085632 169.244705 202.487045
v -928.935425 185.944672 202.487045
v -958.160339 185.944672 194.137070
v -958.160339 198.469635 202.487045
v -841.260620 190.119659 223.362000
v -991.560303 185.944672 189.962082
v -1066.710083 185.944672 181.612091
v -1066.710083 194.294647 194.137070
v -1066.710083 198.469635 194.137070
v -1066.710083 223.519577 202.487045
v -1066.710083 219.344589 198.312057
v -958.160339 219.344589 210.837036
v -841.260620 215.169601 248.411942
vn 0.000000 -0.259129 0.965843
vn 0.402964 -0.821730 0.402964
vn 0.676495 -0.291050 0.676495
vn 0.402964 -0.821730 0.402964
vn 0.000000 -0.259129 0.965843
vn 0.000000 -0.864348 0.502894
vn 0.676495 -0.291050 0.676495
vn 0.402964 -0.821730 0.402964
vn 0.965843 -0.259129 0.000000
vn 0.000000 -0.864348 0.502894
vn 0.000000 -0.259129 0.965843
vn -0.402964 -0.821730 0.402964
vn 0.402964 -0.821730 0.402964
vn 0.000000 -0.864348 0.502894
vn 0.000000 -1.000000 0.000000
vn 0.402964 -0.821730 0.402964
vn 0.000000 -1.000000 0.000000
vn 0.502894 -0.864348 0.000000
vn 0.402964 -0.821730 0.402964
vn 0.502894 -0.864348 0.000000
vn 0.965843 -0.259129 0.000000
vn 0.000000 -1.000000 0.000000
vn 0.000000 -0.864348 0.502894
vn 0.000000 -1.000000 0.000000
vn 0.502894 -0.864348 0.000000
vn 0.000000 -1.000000 0.000000
vn 0.000000 -0.864348 -0.502894
vn 0.000000 -0.864348 -0.502894
vn 0.000000 -1.000000 0.000000
vn 0.000000 -1.000000 0.000000
vn 0.502894 -0.864348 0.000000
vn 0.000000 -0.864348 -0.502894
vn 0.402964 -0.821730 -0.402964
vn 0.000000 -1.000000 0.000000
vn 0.000000 -0.864348 0.502894
vn -0.502894 -0.864348 0.000000
vn -0.502894 -0.864348 0.000000
vn 0.000000 -0.864348 0.502894
vn -0.402964 -0.821730 0.402964
vn 0.000000 -0.864348 -0.502894
vn 0.000000 -1.000000 0.000000
vn -0.402964 -0.821730 -0.402964
vn -0.402964 -0.821730 -0.402964
vn 0.000000 -1.000000 0.000000
vn -0.502894 -0.864348 0.000000
vn 0.402964 -0.821730 -0.402964
vn 0.000000 -0.864348 -0.502894
vn 0.000000 -0.259129 -0.965843
vn 0.000000 -0.259129 -0.965843
vn 0.000000 -0.864348 -0.502894
vn -0.402964 -0.821730 -0.402964
vn 0.502894 -0.864348 0.000000
vn 0.402964 -0.821730 -0.402964
vn 0.676495 -0.291050 -0.676495
vn 0.676495 -0.291050 -0.676495
vn 0.402964 -0.821730 -0.402964
vn 0.000000 -0.259129 -0.965843
vn 0.502894 -0.864348 0.000000
vn 0.676495 -0.291050 -0.676495
vn 0.965843 -0.259129 0.000000
vn -0.502894 -0.864348 0.000000
vn -0.402964 -0.821730 0.402964
vn -0.676495 -0.291050 0.676495
vn -0.676495 -0.291050 0.676495
vn -0.402964 -0.821730 0.402964
vn 0.000000 -0.259129 0.965843
vn -0.402964 -0.821730 -0.402964
vn -0.502894 -0.864348 0.000000
vn -0.965843 -0.259129 0.000000
vn -0.965843 -0.259129 0.000000
vn -0.502894 -0.864348 0.000000
vn -0.676495 -0.291050 0.676495
vn 0.000000 -0.259129 -0.965843
vn -0.402964 -0.821730 -0.402964
vn -0.676495 -0.291050 -0.676495
vn -0.676495 -0.291050 -0.676495
vn -0.402964 -0.821730 -0.402964
vn -0.965843 -0.259129 0.000000
vn 0.000000 -0.259129 -0.965843
vn -0.676495 -0.291050 -0.676495
vn 0.000000 0.707107 -0.707107
vn -0.676495 -0.291050 0.676495
vn 0.000000 -0.259129 0.965843
vn 0.000000 0.714919 0.699207
vn 0.000000 -0.259129 -0.965843
vn 0.000000 0.707107 -0.707107
vn 0.007900 0.711024 -0.703124
vn 0.000000 -0.259129 -0.965843
vn 0.007900 0.711024 -0.703124
vn -0.007899 0.718834 -0.695136
vn 0.000000 -0.259129 -0.965843
vn -0.007899 0.718834 -0.695136
vn 0.676495 -0.291050 -0.676495
vn 0.007900 0.711024 -0.703124
vn 0.000000 0.707107 -0.707107
vn 0.235579 0.934462 0.266989
vn 0.007900 0.711024 -0.703124
vn 0.235579 0.934462 0.266989
vn 0.133396 0.973006 0.188324
vn -0.007899 0.718834 -0.695136
vn 0.007900 0.711024 -0.703124
vn 0.031410 0.981578 0.188463
vn 0.031410 0.981578 0.188463
vn 0.007900 0.711024 -0.703124
vn 0.133396 0.973006 0.188324
vn 0.676495 -0.291050 -0.676495
vn -0.007899 0.718834 -0.695136
vn 0.577350 0.577350 -0.577350
vn 0.676495 -0.291050 -0.676495
vn 0.577350 0.577350 -0.577350
vn 0.680294 0.727756 0.087014
vn 0.680294 0.727756 0.087014
vn 0.577350 0.577350 -0.577350
vn -0.007899 0.718834 -0.695136
vn 0.676495 -0.291050 -0.676495
vn 0.680294 0.727756 0.087014
vn 0.734816 0.671606 0.094815
vn 0.680294 0.727756 0.087014
vn -0.007899 0.718834 -0.695136
vn -0.055307 0.971824 0.229129
vn 0.680294 0.727756 0.087014
vn -0.055307 0.971824 0.229129
vn 0.734816 0.671606 0.094815
vn -0.007899 0.718834 -0.695136
vn 0.031410 0.981578 0.188463
vn -0.007852 0.973695 0.227719
vn -0.007899 0.718834 -0.695136
vn -0.007852 0.973695 0.227719
vn -0.023681 0.963021 0.268383
vn -0.007899 0.718834 -0.695136
vn -0.023681 0.963021 0.268383
vn -0.055307 0.971824 0.229129
vn -0.007852 0.973695 0.227719
vn 0.031410 0.981578 0.188463
vn 0.023633 0.756257 0.653847
vn -0.023681 0.963021 0.268383
vn -0.007852 0.973695 0.227719
vn -0.063055 0.725129 0.685720
vn -0.063055 0.725129 0.685720
vn -0.007852 0.973695 0.227719
vn 0.023633 0.756257 0.653847
vn -0.023681 0.963021 0.268383
vn -0.063055 0.725129 0.685720
vn -0.188935 0.645529 0.739997
vn -0.063055 0.725129 0.685720
vn 0.023633 0.756257 0.653847
vn -0.102579 0.031563 0.994224
vn -0.063055 0.725129 0.685720
vn -0.102579 0.031563 0.994224
vn -0.188935 0.645529 0.739997
vn 0.023633 0.756257 0.653847
vn 0.031410 0.981578 0.188463
vn 0.173336 0.787890 0.590918
vn 0.173336 0.787890 0.590918
vn 0.031410 0.981578 0.188463
vn 0.133396 0.973006 0.188324
vn 0.023633 0.756257 0.653847
vn 0.173336 0.787890 0.590918
vn 0.054951 0.054951 0.996976
vn 0.023633 0.756257 0.653847
vn 0.054951 0.054951 0.996976
vn -0.102579 0.031563 0.994224
vn 0.173336 0.787890 0.590918
vn 0.133396 0.973006 0.188324
vn 0.353663 0.738762 0.573719
vn -0.023681 0.963021 0.268383
vn -0.188935 0.645529 0.739997
vn -0.156748 0.799416 0.579969
vn -0.023681 0.963021 0.268383
vn -0.156748 0.799416 0.579969
vn -0.055307 0.971824 0.229129
vn -0.197414 0.047379 0.979175
vn -0.188935 0.645529 0.739997
vn -0.102579 0.031563 0.994224
vn -0.156748 0.799416 0.579969
vn -0.188935 0.645529 0.739997
vn -0.324235 0.553572 0.767092
vn -0.188935 0.645529 0.739997
vn -0.197414 0.047379 0.979175
vn -0.306735 -0.015730 0.951665
vn -0.188935 0.645529 0.739997
vn -0.306735 -0.015730 0.951665
vn -0.324235 0.553572 0.767092
vn -0.156748 0.799416 0.579969
vn -0.324235 0.553572 0.767092
vn -0.149993 0.892062 0.426295
vn -0.156748 0.799416 0.579969
vn -0.149993 0.892062 0.426295
vn -0.055307 0.971824 0.229129
vn -0.324235 0.553572 0.767092
vn -0.306735 -0.015730 0.951665
vn -0.244383 0.575482 0.780448
vn -0.324235 0.553572 0.767092
vn -0.244383 0.575482 0.780448
vn -0.149993 0.892062 0.426295
vn -0.306735 -0.015730 0.951665
vn -0.197414 0.047379 0.979175
vn -0.316070 0.031607 0.948209
vn -0.173768 0.102681 0.979419
vn -0.197414 0.047379 0.979175
vn -0.102579 0.031563 0.994224
vn -0.197414 0.047379 0.979175
vn -0.173768 0.102681 0.979419
vn -0.316070 0.031607 0.948209
vn -0.173768 0.102681 0.979419
vn -0.102579 0.031563 0.994224
vn -0.086873 0.047385 0.995092
vn -0.086873 0.047385 0.995092
vn -0.102579 0.031563 0.994224
vn 0.054951 0.054951 0.996976
vn -0.173768 0.102681 0.979419
vn -0.086873 0.047385 0.995092
vn -0.015711 0.699121 0.714831
vn -0.086873 0.047385 0.995092
vn 0.054951 0.054951 0.996976
vn 0.047190 -0.007865 0.998855
vn -0.086873 0.047385 0.995092
vn 0.047190 -0.007865 0.998855
vn 0.063078 0.701745 0.709630
vn -0.086873 0.047385 0.995092
vn 0.063078 0.701745 0.709630
vn -0.015711 0.699121 0.714831
vn 0.047190 -0.007865 0.998855
vn 0.054951 0.054951 0.996976
vn 0.196092 -0.015687 0.980460
vn 0.063078 0.701745 0.709630
vn 0.047190 -0.007865 0.998855
vn 0.165452 0.685443 0.709079
vn 0.165452 0.685443 0.709079
vn 0.047190 -0.007865 0.998855
vn 0.196092 -0.015687 0.980460
vn 0.196092 -0.015687 0.980460
vn 0.054951 0.054951 0.996976
vn 0.251400 0.054994 0.966320
vn 0.251400 0.054994 0.966320
vn 0.054951 0.054951 0.996976
vn 0.173336 0.787890 0.590918
vn 0.251400 0.054994 0.966320
vn 0.173336 0.787890 0.590918
vn 0.353663 0.738762 0.573719
vn 0.196092 -0.015687 0.980460
vn 0.251400 0.054994 0.966320
vn 0.402361 0.023668 0.915175
vn 0.196092 -0.015687 0.980460
vn 0.402361 0.023668 0.915175
vn 0.165452 0.685443 0.709079
vn 0.251400 0.054994 0.966320
vn 0.353663 0.738762 0.573719
vn 0.462706 -0.023527 0.886200
vn 0.251400 0.054994 0.966320
vn 0.462706 -0.023527 0.886200
vn 0.402361 0.023668 0.915175
vn 0.462706 -0.023527 0.886200
vn 0.353663 0.738762 0.573719
vn 0.440849 0.551062 0.708508
vn 0.165452 0.685443 0.709079
vn 0.402361 0.023668 0.915175
vn 0.314066 0.667391 0.675242
vn 0.402361 0.023668 0.915175
vn 0.462706 -0.023527 0.886200
vn 0.496741 0.031539 0.867326
vn 0.402361 0.023668 0.915175
vn 0.496741 0.031539 0.867326
vn 0.314066 0.667391 0.675242
vn 0.496741 0.031539 0.867326
vn 0.462706 -0.023527 0.886200
vn 0.489404 -0.142085 0.860404
vn 0.489404 -0.142085 0.860404
vn 0.462706 -0.023527 0.886200
vn 0.440849 0.551062 0.708508
vn 0.314066 0.667391 0.675242
vn 0.496741 0.031539 0.867326
vn 0.360743 0.627379 0.690117
vn 0.165452 0.685443 0.709079
vn 0.314066 0.667391 0.675242
vn 0.110356 0.922261 0.370481
vn 0.110356 0.922261 0.370481
vn 0.314066 0.667391 0.675242
vn 0.360743 0.627379 0.690117
vn 0.496741 0.031539 0.867326
vn 0.489404 -0.142085 0.860404
vn 0.504062 0.149643 0.850605
vn 0.496741 0.031539 0.867326
vn 0.504062 0.149643 0.850605
vn 0.360743 0.627379 0.690117
vn 0.489404 -0.142085 0.860404
vn 0.440849 0.551062 0.708508
vn 0.370297 0.204845 0.906046
vn 0.203767 0.932624 0.297813
vn 0.440849 0.551062 0.708508
vn 0.353663 0.738762 0.573719
vn 0.203767 0.932624 0.297813
vn 0.353663 0.738762 0.573719
vn 0.133396 0.973006 0.188324
vn 0.203767 0.932624 0.297813
vn 0.133396 0.973006 0.188324
vn 0.324022 0.814007 0.482082
vn 0.324022 0.814007 0.482082
vn 0.133396 0.973006 0.188324
vn 0.235579 0.934462 0.266989
vn 0.440849 0.551062 0.708508
vn 0.203767 0.932624 0.297813
vn 0.244079 0.842467 0.480285
vn 0.244079 0.842467 0.480285
vn 0.203767 0.932624 0.297813
vn 0.324022 0.814007 0.482082
vn 0.440849 0.551062 0.708508
vn 0.244079 0.842467 0.480285
vn 0.324022 0.482082 0.814007
vn 0.440849 0.551062 0.708508
vn 0.324022 0.482082 0.814007
vn 0.370297 0.204845 0.906046
vn 0.244079 0.842467 0.480285
vn 0.324022 0.814007 0.482082
vn 0.360654 0.831072 0.423376
vn 0.360654 0.831072 0.423376
vn 0.324022 0.814007 0.482082
vn 0.235579 0.934462 0.266989
vn 0.324022 0.482082 0.814007
vn 0.244079 0.842467 0.480285
vn 0.488720 0.717314 0.496602
vn 0.488720 0.717314 0.496602
vn 0.244079 0.842467 0.480285
vn 0.360654 0.831072 0.423376
vn 0.360654 0.831072 0.423376
vn 0.235579 0.934462 0.266989
vn 0.117811 0.981759 0.149227
vn 0.324022 0.482082 0.814007
vn 0.488720 0.717314 0.496602
vn 0.707544 0.251571 0.660374
vn 0.370297 0.204845 0.906046
vn 0.324022 0.482082 0.814007
vn 0.377590 0.157329 0.912509
vn 0.377590 0.157329 0.912509
vn 0.324022 0.482082 0.814007
vn 0.707544 0.251571 0.660374
vn 0.488720 0.717314 0.496602
vn 0.360654 0.831072 0.423376
vn 0.346898 0.898781 0.268057
vn 0.346898 0.898781 0.268057
vn 0.360654 0.831072 0.423376
vn 0.117811 0.981759 0.149227
vn 0.488720 0.717314 0.496602
vn 0.346898 0.898781 0.268057
vn 0.596671 0.690882 0.408248
vn 0.488720 0.717314 0.496602
vn 0.596671 0.690882 0.408248
vn 0.707544 0.251571 0.660374
vn 0.596671 0.690882 0.408248
vn 0.346898 0.898781 0.268057
vn 0.409754 0.780108 0.472793
vn 0.377590 0.157329 0.912509
vn 0.707544 0.251571 0.660374
vn 0.702598 -0.039472 0.710492
vn 0.409754 0.780108 0.472793
vn 0.346898 0.898781 0.268057
vn 0.276096 0.899284 0.339204
vn 0.276096 0.899284 0.339204
vn 0.346898 0.898781 0.268057
vn 0.117811 0.981759 0.149227
vn 0.596671 0.690882 0.408248
vn 0.409754 0.780108 0.472793
vn 0.619251 0.415447 0.666282
vn 0.409754 0.780108 0.472793
vn 0.276096 0.899284 0.339204
vn 0.448569 0.684657 0.574483
vn 0.409754 0.780108 0.472793
vn 0.448569 0.684657 0.574483
vn 0.619251 0.415447 0.666282
vn 0.596671 0.690882 0.408248
vn 0.619251 0.415447 0.666282
vn 0.821781 0.189642 0.537319
vn 0.596671 0.690882 0.408248
vn 0.821781 0.189642 0.537319
vn 0.707544 0.251571 0.660374
vn 0.707544 0.251571 0.660374
vn 0.821781 0.189642 0.537319
vn 0.809494 -0.275071 0.518705
vn 0.707544 0.251571 0.660374
vn 0.809494 -0.275071 0.518705
vn 0.702598 -0.039472 0.710492
vn 0.821781 0.189642 0.537319
vn 0.619251 0.415447 0.666282
vn 0.738944 0.086472 0.668194
vn 0.821781 0.189642 0.537319
vn 0.738944 0.086472 0.668194
vn 0.809494 -0.275071 0.518705
vn 0.619251 0.415447 0.666282
vn 0.448569 0.684657 0.574483
vn 0.580236 0.329323 0.744898
vn 0.619251 0.415447 0.666282
vn 0.580236 0.329323 0.744898
vn 0.738944 0.086472 0.668194
vn 0.580236 0.329323 0.744898
vn 0.448569 0.684657 0.574483
vn 0.504140 0.535649 0.677438
vn 0.386282 0.007883 0.922347
vn 0.377590 0.157329 0.912509
vn 0.702598 -0.039472 0.710492
vn 0.377590 0.157329 0.912509
vn 0.386282 0.007883 0.922347
vn 0.370297 0.204845 0.906046
vn 0.692549 -0.086569 0.716158
vn 0.702598 -0.039472 0.710492
vn 0.809494 -0.275071 0.518705
vn 0.702598 -0.039472 0.710492
vn 0.692549 -0.086569 0.716158
vn 0.386282 0.007883 0.922347
vn 0.692549 -0.086569 0.716158
vn 0.809494 -0.275071 0.518705
vn 0.771653 -0.330709 0.543307
vn 0.771653 -0.330709 0.543307
vn 0.809494 -0.275071 0.518705
vn 0.738944 0.086472 0.668194
vn 0.386282 0.007883 0.922347
vn 0.692549 -0.086569 0.716158
vn 0.466014 0.015797 0.884637
vn 0.370297 0.204845 0.906046
vn 0.386282 0.007883 0.922347
vn 0.441328 -0.110332 0.890537
vn 0.441328 -0.110332 0.890537
vn 0.386282 0.007883 0.922347
vn 0.466014 0.015797 0.884637
vn 0.370297 0.204845 0.906046
vn 0.441328 -0.110332 0.890537
vn 0.489404 -0.142085 0.860404
vn 0.489404 -0.142085 0.860404
vn 0.441328 -0.110332 0.890537
vn 0.504062 0.149643 0.850605
vn 0.441328 -0.110332 0.890537
vn 0.466014 0.015797 0.884637
vn 0.481331 0.347189 0.804848
vn 0.441328 -0.110332 0.890537
vn 0.481331 0.347189 0.804848
vn 0.504062 0.149643 0.850605
vn 0.466014 0.015797 0.884637
vn 0.692549 -0.086569 0.716158
vn 0.748310 0.047262 0.661664
vn 0.466014 0.015797 0.884637
vn 0.748310 0.047262 0.661664
vn 0.481331 0.347189 0.804848
vn 0.748310 0.047262 0.661664
vn 0.692549 -0.086569 0.716158
vn 0.771653 -0.330709 0.543307
vn 0.504062 0.149643 0.850605
vn 0.481331 0.347189 0.804848
vn 0.419133 0.719643 0.553572
vn 0.481331 0.347189 0.804848
vn 0.748310 0.047262 0.661664
vn 0.675742 0.385016 0.628598
vn 0.481331 0.347189 0.804848
vn 0.675742 0.385016 0.628598
vn 0.419133 0.719643 0.553572
vn 0.748310 0.047262 0.661664
vn 0.771653 -0.330709 0.543307
vn 0.818188 -0.165211 0.550703
vn 0.748310 0.047262 0.661664
vn 0.818188 -0.165211 0.550703
vn 0.675742 0.385016 0.628598
vn 0.818188 -0.165211 0.550703
vn 0.771653 -0.330709 0.543307
vn 0.790742 -0.063259 0.608872
vn 0.675742 0.385016 0.628598
vn 0.818188 -0.165211 0.550703
vn 0.824398 0.227691 0.518193
vn 0.675742 0.385016 0.628598
vn 0.824398 0.227691 0.518193
vn 0.715892 0.582154 0.385480
vn 0.824398 0.227691 0.518193
vn 0.818188 -0.165211 0.550703
vn 0.788895 0.299780 0.536448
vn 0.788895 0.299780 0.536448
vn 0.818188 -0.165211 0.550703
vn 0.790742 -0.063259 0.608872
vn 0.824398 0.227691 0.518193
vn 0.788895 0.299780 0.536448
vn 0.715450 0.542484 0.440277
vn 0.824398 0.227691 0.518193
vn 0.715450 0.542484 0.440277
vn 0.715892 0.582154 0.385480
vn 0.715450 0.542484 0.440277
vn 0.788895 0.299780 0.536448
vn 0.701397 0.220664 0.677754
vn 0.786063 -0.078606 0.613129
vn 0.790742 -0.063259 0.608872
vn 0.771653 -0.330709 0.543307
vn 0.786063 -0.078606 0.613129
vn 0.771653 -0.330709 0.543307
vn 0.738944 0.086472 0.668194
vn 0.788895 0.299780 0.536448
vn 0.790742 -0.063259 0.608872
vn 0.717047 0.126074 0.685528
vn 0.788895 0.299780 0.536448
vn 0.717047 0.126074 0.685528
vn 0.701397 0.220664 0.677754
vn 0.790742 -0.063259 0.608872
vn 0.786063 -0.078606 0.613129
vn 0.679274 -0.102681 0.726666
vn 0.786063 -0.078606 0.613129
vn 0.738944 0.086472 0.668194
vn 0.671020 0.236831 0.702598
vn 0.786063 -0.078606 0.613129
vn 0.671020 0.236831 0.702598
vn 0.679274 -0.102681 0.726666
vn 0.790742 -0.063259 0.608872
vn 0.679274 -0.102681 0.726666
vn 0.661664 0.244185 0.708925
vn 0.790742 -0.063259 0.608872
vn 0.661664 0.244185 0.708925
vn 0.717047 0.126074 0.685528
vn 0.701397 0.220664 0.677754
vn 0.717047 0.126074 0.685528
vn 0.582262 0.204579 0.786841
vn 0.582262 0.204579 0.786841
vn 0.717047 0.126074 0.685528
vn 0.661664 0.244185 0.708925
vn 0.661664 0.244185 0.708925
vn 0.679274 -0.102681 0.726666
vn 0.592372 0.489694 0.639762
vn 0.592372 0.489694 0.639762
vn 0.679274 -0.102681 0.726666
vn 0.671020 0.236831 0.702598
vn 0.661664 0.244185 0.708925
vn 0.592372 0.489694 0.639762
vn 0.558415 0.306735 0.770770
vn 0.661664 0.244185 0.708925
vn 0.558415 0.306735 0.770770
vn 0.582262 0.204579 0.786841
vn 0.592372 0.489694 0.639762
vn 0.671020 0.236831 0.702598
vn 0.554700 0.499230 0.665640
vn 0.558415 0.306735 0.770770
vn 0.592372 0.489694 0.639762
vn 0.541697 0.455340 0.706562
vn 0.541697 0.455340 0.706562
vn 0.592372 0.489694 0.639762
vn 0.554700 0.499230 0.665640
vn 0.582262 0.204579 0.786841
vn 0.558415 0.306735 0.770770
vn 0.481376 0.031566 0.875946
vn 0.481376 0.031566 0.875946
vn 0.558415 0.306735 0.770770
vn 0.495679 0.291113 0.818264
vn 0.495679 0.291113 0.818264
vn 0.558415 0.306735 0.770770
vn 0.541697 0.455340 0.706562
vn 0.582262 0.204579 0.786841
vn 0.481376 0.031566 0.875946
vn 0.337694 0.164920 0.926695
vn 0.481376 0.031566 0.875946
vn 0.495679 0.291113 0.818264
vn 0.298695 -0.078604 0.951106
vn 0.481376 0.031566 0.875946
vn 0.298695 -0.078604 0.951106
vn 0.337694 0.164920 0.926695
vn 0.580754 0.455186 0.674930
vn 0.554700 0.499230 0.665640
vn 0.671020 0.236831 0.702598
vn 0.564398 0.415460 0.713336
vn 0.541697 0.455340 0.706562
vn 0.554700 0.499230 0.665640
vn 0.564398 0.415460 0.713336
vn 0.554700 0.499230 0.665640
vn 0.580754 0.455186 0.674930
vn 0.580754 0.455186 0.674930
vn 0.671020 0.236831 0.702598
vn 0.597555 0.345953 0.723356
vn 0.597555 0.345953 0.723356
vn 0.671020 0.236831 0.702598
vn 0.738944 0.086472 0.668194
vn 0.597555 0.345953 0.723356
vn 0.738944 0.086472 0.668194
vn 0.580236 0.329323 0.744898
vn 0.597555 0.345953 0.723356
vn 0.580236 0.329323 0.744898
vn 0.504140 0.535649 0.677438
vn 0.580754 0.455186 0.674930
vn 0.597555 0.345953 0.723356
vn 0.575213 0.480658 0.661889
vn 0.580754 0.455186 0.674930
vn 0.575213 0.480658 0.661889
vn 0.564398 0.415460 0.713336
vn 0.575213 0.480658 0.661889
vn 0.597555 0.345953 0.723356
vn 0.504140 0.535649 0.677438
vn 0.564398 0.415460 0.713336
vn 0.575213 0.480658 0.661889
vn 0.510988 0.550295 0.660354
vn 0.510988 0.550295 0.660354
vn 0.575213 0.480658 0.661889
vn 0.504140 0.535649 0.677438
vn 0.564398 0.415460 0.713336
vn 0.510988 0.550295 0.660354
vn 0.424671 0.487585 0.762834
vn 0.564398 0.415460 0.713336
vn 0.424671 0.487585 0.762834
vn 0.541697 0.455340 0.706562
vn 0.510988 0.550295 0.660354
vn 0.504140 0.535649 0.677438
vn 0.425039 0.724140 0.543105
vn 0.541697 0.455340 0.706562
vn 0.424671 0.487585 0.762834
vn 0.424920 0.369838 0.826234
vn 0.541697 0.455340 0.706562
vn 0.424920 0.369838 0.826234
vn 0.495679 0.291113 0.818264
vn 0.424671 0.487585 0.762834
vn 0.510988 0.550295 0.660354
vn 0.401351 0.590222 0.700397
vn 0.401351 0.590222 0.700397
vn 0.510988 0.550295 0.660354
vn 0.425039 0.724140 0.543105
vn 0.424920 0.369838 0.826234
vn 0.424671 0.487585 0.762834
vn 0.410468 0.252596 0.876191
vn 0.410468 0.252596 0.876191
vn 0.424671 0.487585 0.762834
vn 0.401351 0.590222 0.700397
vn 0.495679 0.291113 0.818264
vn 0.424920 0.369838 0.826234
vn 0.378658 0.299771 0.875646
vn 0.495679 0.291113 0.818264
vn 0.378658 0.299771 0.875646
vn 0.298695 -0.078604 0.951106
vn 0.378658 0.299771 0.875646
vn 0.424920 0.369838 0.826234
vn 0.322306 0.385194 0.864722
vn 0.322306 0.385194 0.864722
vn 0.424920 0.369838 0.826234
vn 0.410468 0.252596 0.876191
vn 0.298695 -0.078604 0.951106
vn 0.378658 0.299771 0.875646
vn 0.243777 0.070774 0.967245
vn 0.243777 0.070774 0.967245
vn 0.378658 0.299771 0.875646
vn 0.322306 0.385194 0.864722
vn 0.243777 0.070774 0.967245
vn 0.322306 0.385194 0.864722
vn 0.109896 0.682926 0.722174
vn 0.322306 0.385194 0.864722
vn 0.410468 0.252596 0.876191
vn 0.110332 0.181260 0.977227
vn 0.322306 0.385194 0.864722
vn 0.110332 0.181260 0.977227
vn 0.109896 0.682926 0.722174
vn 0.243777 0.070774 0.967245
vn 0.109896 0.682926 0.722174
vn 0.125723 -0.062862 0.990072
vn 0.125723 -0.062862 0.990072
vn 0.109896 0.682926 0.722174
vn 0.110332 0.181260 0.977227
vn 0.298695 -0.078604 0.951106
vn 0.243777 0.070774 0.967245
vn 0.031606 -0.197537 0.979786
vn 0.031606 -0.197537 0.979786
vn 0.243777 0.070774 0.967245
vn 0.125723 -0.062862 0.990072
vn 0.110332 0.181260 0.977227
vn 0.410468 0.252596 0.876191
vn 0.314095 0.337652 0.887319
vn 0.314095 0.337652 0.887319
vn 0.410468 0.252596 0.876191
vn 0.298207 0.667041 0.682736
vn 0.298207 0.667041 0.682736
vn 0.410468 0.252596 0.876191
vn 0.401351 0.590222 0.700397
vn 0.110332 0.181260 0.977227
vn 0.314095 0.337652 0.887319
vn 0.094797 0.584583 0.805777
vn 0.094797 0.584583 0.805777
vn 0.314095 0.337652 0.887319
vn 0.298207 0.667041 0.682736
vn 0.125723 -0.062862 0.990072
vn 0.110332 0.181260 0.977227
vn 0.047190 0.007865 0.998855
vn 0.125723 -0.062862 0.990072
vn 0.047190 0.007865 0.998855
vn 0.031606 -0.197537 0.979786
vn 0.047190 0.007865 0.998855
vn 0.110332 0.181260 0.977227
vn 0.094797 0.584583 0.805777
vn 0.298207 0.667041 0.682736
vn 0.401351 0.590222 0.700397
vn 0.410225 0.725783 0.552226
vn 0.410225 0.725783 0.552226
vn 0.401351 0.590222 0.700397
vn 0.425039 0.724140 0.543105
vn 0.298207 0.667041 0.682736
vn 0.410225 0.725783 0.552226
vn 0.298289 0.816371 0.494532
vn 0.094797 0.584583 0.805777
vn 0.298207 0.667041 0.682736
vn 0.102172 0.848816 0.518721
vn 0.102172 0.848816 0.518721
vn 0.298207 0.667041 0.682736
vn 0.298289 0.816371 0.494532
vn 0.047190 0.007865 0.998855
vn 0.094797 0.584583 0.805777
vn -0.118279 0.212902 0.969888
vn 0.094797 0.584583 0.805777
vn 0.102172 0.848816 0.518721
vn -0.070535 0.705346 0.705346
vn 0.094797 0.584583 0.805777
vn -0.070535 0.705346 0.705346
vn -0.118279 0.212902 0.969888
vn 0.102172 0.848816 0.518721
vn 0.298289 0.816371 0.494532
vn 0.094327 0.927554 0.361589
vn -0.070535 0.705346 0.705346
vn 0.102172 0.848816 0.518721
vn -0.015740 0.905063 0.424986
vn -0.015740 0.905063 0.424986
vn 0.102172 0.848816 0.518721
vn 0.094327 0.927554 0.361589
vn 0.173444 0.938172 0.299584
vn 0.298289 0.816371 0.494532
vn 0.410225 0.725783 0.552226
vn 0.298289 0.816371 0.494532
vn 0.173444 0.938172 0.299584
vn 0.094327 0.927554 0.361589
vn 0.173444 0.938172 0.299584
vn 0.410225 0.725783 0.552226
vn 0.315509 0.851874 0.418049
vn 0.315509 0.851874 0.418049
vn 0.410225 0.725783 0.552226
vn 0.425039 0.724140 0.543105
vn 0.094327 0.927554 0.361589
vn 0.173444 0.938172 0.299584
vn -0.031410 0.981578 0.188463
vn 0.094327 0.927554 0.361589
vn -0.031410 0.981578 0.188463
vn -0.015740 0.905063 0.424986
vn 0.173444 0.938172 0.299584
vn 0.315509 0.851874 0.418049
vn 0.117811 0.981759 0.149227
vn 0.173444 0.938172 0.299584
vn 0.117811 0.981759 0.149227
vn -0.031410 0.981578 0.188463
vn 0.315509 0.851874 0.418049
vn 0.425039 0.724140 0.543105
vn 0.300191 0.853175 0.426588
vn 0.315509 0.851874 0.418049
vn 0.300191 0.853175 0.426588
vn 0.117811 0.981759 0.149227
vn 0.300191 0.853175 0.426588
vn 0.425039 0.724140 0.543105
vn 0.306318 0.848266 0.431987
vn 0.300191 0.853175 0.426588
vn 0.306318 0.848266 0.431987
vn 0.117811 0.981759 0.149227
vn 0.306318 0.848266 0.431987
vn 0.425039 0.724140 0.543105
vn 0.504140 0.535649 0.677438
vn 0.306318 0.848266 0.431987
vn 0.504140 0.535649 0.677438
vn 0.386198 0.701462 0.599001
vn 0.386198 0.701462 0.599001
vn 0.504140 0.535649 0.677438
vn 0.448569 0.684657 0.574483
vn 0.306318 0.848266 0.431987
vn 0.386198 0.701462 0.599001
vn 0.322495 0.857365 0.401152
vn 0.306318 0.848266 0.431987
vn 0.322495 0.857365 0.401152
vn 0.117811 0.981759 0.149227
vn 0.386198 0.701462 0.599001
vn 0.448569 0.684657 0.574483
vn 0.385624 0.810597 0.440713
vn 0.386198 0.701462 0.599001
vn 0.385624 0.810597 0.440713
vn 0.322495 0.857365 0.401152
vn 0.385624 0.810597 0.440713
vn 0.448569 0.684657 0.574483
vn 0.276096 0.899284 0.339204
vn 0.322495 0.857365 0.401152
vn 0.385624 0.810597 0.440713
vn 0.276268 0.907738 0.315735
vn 0.276268 0.907738 0.315735
vn 0.385624 0.810597 0.440713
vn 0.276096 0.899284 0.339204
vn 0.322495 0.857365 0.401152
vn 0.276268 0.907738 0.315735
vn 0.117811 0.981759 0.149227
vn 0.117811 0.981759 0.149227
vn 0.276268 0.907738 0.315735
vn 0.276096 0.899284 0.339204
vn 0.117811 0.981759 0.149227
vn 0.235579 0.934462 0.266989
vn 0.000000 0.707107 -0.707107
vn 0.117811 0.981759 0.149227
vn 0.000000 0.707107 -0.707107
vn -0.031410 0.981578 0.188463
vn -0.031410 0.981578 0.188463
vn 0.000000 0.707107 -0.707107
vn -0.086355 0.973455 0.211962
vn -0.086355 0.973455 0.211962
vn 0.000000 0.707107 -0.707107
vn -0.692056 0.715649 0.094371
vn -0.692056 0.715649 0.094371
vn 0.000000 0.707107 -0.707107
vn -0.574714 0.582587 -0.574714
vn -0.574714 0.582587 -0.574714
vn 0.000000 0.707107 -0.707107
vn -0.676495 -0.291050 -0.676495
vn -0.574714 0.582587 -0.574714
vn -0.676495 -0.291050 -0.676495
vn -0.692056 0.715649 0.094371
vn -0.086355 0.973455 0.211962
vn -0.692056 0.715649 0.094371
vn -0.768539 0.627379 0.125476
vn -0.768539 0.627379 0.125476
vn -0.692056 0.715649 0.094371
vn -0.676495 -0.291050 -0.676495
vn -0.031410 0.981578 0.188463
vn -0.086355 0.973455 0.211962
vn -0.220561 0.834982 0.504140
vn -0.086355 0.973455 0.211962
vn -0.768539 0.627379 0.125476
vn -0.149923 0.867973 0.473440
vn -0.220561 0.834982 0.504140
vn -0.086355 0.973455 0.211962
vn -0.244269 0.756445 0.606732
vn -0.244269 0.756445 0.606732
vn -0.086355 0.973455 0.211962
vn -0.149923 0.867973 0.473440
vn -0.149923 0.867973 0.473440
vn -0.768539 0.627379 0.125476
vn -0.685358 0.724747 0.070899
vn -0.685358 0.724747 0.070899
vn -0.768539 0.627379 0.125476
vn -0.676495 -0.291050 -0.676495
vn -0.244269 0.756445 0.606732
vn -0.149923 0.867973 0.473440
vn -0.149806 0.741146 0.654416
vn -0.149923 0.867973 0.473440
vn -0.685358 0.724747 0.070899
vn -0.078672 0.912594 0.401227
vn -0.149923 0.867973 0.473440
vn -0.078672 0.912594 0.401227
vn -0.149806 0.741146 0.654416
vn -0.078672 0.912594 0.401227
vn -0.685358 0.724747 0.070899
vn -0.701266 0.669748 0.244261
vn -0.701266 0.669748 0.244261
vn -0.685358 0.724747 0.070899
vn -0.676495 -0.291050 -0.676495
vn -0.078672 0.912594 0.401227
vn -0.701266 0.669748 0.244261
vn -0.723983 0.613812 0.314775
vn -0.723983 0.613812 0.314775
vn -0.701266 0.669748 0.244261
vn -0.676495 -0.291050 -0.676495
vn -0.078672 0.912594 0.401227
vn -0.723983 0.613812 0.314775
vn -0.039462 0.805023 0.591929
vn -0.078672 0.912594 0.401227
vn -0.039462 0.805023 0.591929
vn -0.149806 0.741146 0.654416
vn -0.723983 0.613812 0.314775
vn -0.676495 -0.291050 -0.676495
vn -0.774468 0.616413 0.142249
vn -0.723983 0.613812 0.314775
vn -0.774468 0.616413 0.142249
vn -0.039462 0.805023 0.591929
vn -0.039462 0.805023 0.591929
vn -0.774468 0.616413 0.142249
vn -0.637617 0.716336 0.283385
vn -0.637617 0.716336 0.283385
vn -0.774468 0.616413 0.142249
vn -0.676495 -0.291050 -0.676495
vn -0.149806 0.741146 0.654416
vn -0.039462 0.805023 0.591929
vn -0.102432 0.527919 0.843095
vn -0.039462 0.805023 0.591929
vn -0.637617 0.716336 0.283385
vn -0.015746 0.606205 0.795152
vn -0.039462 0.805023 0.591929
vn -0.015746 0.606205 0.795152
vn -0.102432 0.527919 0.843095
vn -0.015746 0.606205 0.795152
vn -0.637617 0.716336 0.283385
vn -0.691351 0.526369 0.494944
vn -0.691351 0.526369 0.494944
vn -0.637617 0.716336 0.283385
vn -0.676495 -0.291050 -0.676495
vn -0.015746 0.606205 0.795152
vn -0.691351 0.526369 0.494944
vn -0.671795 0.474208 0.569050
vn -0.671795 0.474208 0.569050
vn -0.691351 0.526369 0.494944
vn -0.676495 -0.291050 -0.676495
vn -0.015746 0.606205 0.795152
vn -0.671795 0.474208 0.569050
vn 0.015809 0.197612 0.980153
vn -0.015746 0.606205 0.795152
vn 0.015809 0.197612 0.980153
vn -0.102432 0.527919 0.843095
vn -0.671795 0.474208 0.569050
vn -0.676495 -0.291050 -0.676495
vn -0.686317 0.473322 0.552209
vn -0.671795 0.474208 0.569050
vn -0.686317 0.473322 0.552209
vn 0.015809 0.197612 0.980153
vn -0.686317 0.473322 0.552209
vn -0.676495 -0.291050 -0.676495
vn -0.591800 0.315627 0.741723
vn -0.686317 0.473322 0.552209
vn -0.591800 0.315627 0.741723
vn 0.015809 0.197612 0.980153
vn 0.015809 0.197612 0.980153
vn -0.591800 0.315627 0.741723
vn -0.762598 0.227993 0.605362
vn -0.762598 0.227993 0.605362
vn -0.591800 0.315627 0.741723
vn -0.676495 -0.291050 -0.676495
vn 0.015809 0.197612 0.980153
vn -0.762598 0.227993 0.605362
vn 0.078995 0.331780 0.940043
vn -0.762598 0.227993 0.605362
vn -0.676495 -0.291050 -0.676495
vn -0.749403 0.615300 0.244542
vn -0.762598 0.227993 0.605362
vn -0.749403 0.615300 0.244542
vn 0.078995 0.331780 0.940043
vn -0.086582 0.094453 0.991757
vn -0.102432 0.527919 0.843095
vn 0.015809 0.197612 0.980153
vn -0.086582 0.094453 0.991757
vn 0.015809 0.197612 0.980153
vn 0.078995 0.331780 0.940043
vn -0.102432 0.527919 0.843095
vn -0.086582 0.094453 0.991757
vn -0.259939 0.094523 0.960988
vn -0.086582 0.094453 0.991757
vn 0.078995 0.331780 0.940043
vn -0.078684 0.204579 0.975683
vn -0.086582 0.094453 0.991757
vn -0.078684 0.204579 0.975683
vn -0.259939 0.094523 0.960988
vn 0.078995 0.331780 0.940043
vn -0.749403 0.615300 0.244542
vn 0.102617 0.805149 0.584128
vn -0.078684 0.204579 0.975683
vn 0.078995 0.331780 0.940043
vn 0.007885 0.788478 0.615013
vn 0.007885 0.788478 0.615013
vn 0.078995 0.331780 0.940043
vn 0.102617 0.805149 0.584128
vn -0.574358 0.778924 0.251773
vn -0.749403 0.615300 0.244542
vn -0.676495 -0.291050 -0.676495
vn -0.749403 0.615300 0.244542
vn -0.574358 0.778924 0.251773
vn 0.102617 0.805149 0.584128
vn -0.574358 0.778924 0.251773
vn -0.676495 -0.291050 -0.676495
vn -0.675888 0.683748 0.275071
vn -0.675888 0.683748 0.275071
vn -0.676495 -0.291050 -0.676495
vn -0.965843 -0.259129 0.000000
vn 0.102617 0.805149 0.584128
vn -0.574358 0.778924 0.251773
vn 0.172998 0.927898 0.330269
vn 0.172998 0.927898 0.330269
vn -0.574358 0.778924 0.251773
vn -0.675888 0.683748 0.275071
vn 0.172998 0.927898 0.330269
vn -0.675888 0.683748 0.275071
vn -0.669374 0.740249 0.063000
vn -0.669374 0.740249 0.063000
vn -0.675888 0.683748 0.275071
vn -0.965843 -0.259129 0.000000
vn 0.102617 0.805149 0.584128
vn 0.172998 0.927898 0.330269
vn 0.086395 0.966051 0.243476
vn 0.172998 0.927898 0.330269
vn -0.669374 0.740249 0.063000
vn 0.117979 0.991021 0.062922
vn 0.172998 0.927898 0.330269
vn 0.117979 0.991021 0.062922
vn 0.086395 0.966051 0.243476
vn 0.102617 0.805149 0.584128
vn 0.086395 0.966051 0.243476
vn 0.031566 0.875946 0.481376
vn 0.102617 0.805149 0.584128
vn 0.031566 0.875946 0.481376
vn 0.007885 0.788478 0.615013
vn 0.086395 0.966051 0.243476
vn 0.117979 0.991021 0.062922
vn 0.055166 0.977227 0.204902
vn 0.086395 0.966051 0.243476
vn 0.055166 0.977227 0.204902
vn 0.031566 0.875946 0.481376
vn 0.117979 0.991021 0.062922
vn -0.669374 0.740249 0.063000
vn 0.102601 0.994441 0.023677
vn 0.117979 0.991021 0.062922
vn 0.102601 0.994441 0.023677
vn 0.055166 0.977227 0.204902
vn 0.102601 0.994441 0.023677
vn -0.669374 0.740249 0.063000
vn -0.654030 0.756469 0.000000
vn -0.654030 0.756469 0.000000
vn -0.669374 0.740249 0.063000
vn -0.965843 -0.259129 0.000000
vn -0.654030 0.756469 0.000000
vn -0.965843 -0.259129 0.000000
vn -0.654030 0.756469 0.000000
vn -0.654030 0.756469 0.000000
vn -0.654030 0.756469 0.000000
vn 0.102601 0.994441 0.023677
vn -0.654030 0.756469 0.000000
vn -0.965843 -0.259129 0.000000
vn -0.706910 0.706910 -0.023564
vn -0.654030 0.756469 0.000000
vn -0.706910 0.706910 -0.023564
vn 0.102601 0.994441 0.023677
vn 0.062757 0.933513 0.353009
vn 0.031566 0.875946 0.481376
vn 0.055166 0.977227 0.204902
vn 0.031566 0.875946 0.481376
vn 0.062757 0.933513 0.353009
vn 0.007885 0.788478 0.615013
vn -0.706910 0.706910 -0.023564
vn -0.965843 -0.259129 0.000000
vn -0.752530 0.650625 -0.101905
vn -0.752530 0.650625 -0.101905
vn -0.965843 -0.259129 0.000000
vn -0.676495 -0.291050 0.676495
vn 0.102601 0.994441 0.023677
vn -0.706910 0.706910 -0.023564
vn 0.055142 0.984679 -0.165426
vn 0.055142 0.984679 -0.165426
vn -0.706910 0.706910 -0.023564
vn -0.752530 0.650625 -0.101905
vn -0.752530 0.650625 -0.101905
vn -0.676495 -0.291050 0.676495
vn -0.681667 0.720843 -0.125364
vn -0.752530 0.650625 -0.101905
vn -0.681667 0.720843 -0.125364
vn 0.055142 0.984679 -0.165426
vn -0.681667 0.720843 -0.125364
vn -0.676495 -0.291050 0.676495
vn -0.764515 0.630527 -0.133987
vn 0.055142 0.984679 -0.165426
vn -0.681667 0.720843 -0.125364
vn 0.086773 0.930838 -0.354981
vn 0.086773 0.930838 -0.354981
vn -0.681667 0.720843 -0.125364
vn -0.764515 0.630527 -0.133987
vn 0.102601 0.994441 0.023677
vn 0.055142 0.984679 -0.165426
vn 0.173768 0.979419 -0.102681
vn 0.055142 0.984679 -0.165426
vn 0.086773 0.930838 -0.354981
vn 0.204237 0.934779 -0.290646
vn 0.055142 0.984679 -0.165426
vn 0.204237 0.934779 -0.290646
vn 0.173768 0.979419 -0.102681
vn 0.086773 0.930838 -0.354981
vn -0.764515 0.630527 -0.133987
vn -0.829398 0.308062 -0.466043
vn -0.829398 0.308062 -0.466043
vn -0.764515 0.630527 -0.133987
vn -0.676495 -0.291050 0.676495
vn 0.102601 0.994441 0.023677
vn 0.173768 0.979419 -0.102681
vn 0.102601 0.994441 -0.023677
vn 0.102601 0.994441 0.023677
vn 0.102601 0.994441 -0.023677
vn 0.055166 0.977227 0.204902
vn 0.102601 0.994441 -0.023677
vn 0.173768 0.979419 -0.102681
vn 0.275650 0.952963 -0.126012
vn 0.055166 0.977227 0.204902
vn 0.102601 0.994441 -0.023677
vn 0.125782 0.990531 0.055029
vn 0.125782 0.990531 0.055029
vn 0.102601 0.994441 -0.023677
vn 0.275650 0.952963 -0.126012
vn 0.055166 0.977227 0.204902
vn 0.125782 0.990531 0.055029
vn 0.023703 0.956022 0.292337
vn 0.055166 0.977227 0.204902
vn 0.023703 0.956022 0.292337
vn -0.023695 0.900405 0.434406
vn 0.023703 0.956022 0.292337
vn 0.125782 0.990531 0.055029
vn 0.023648 0.953791 0.299538
vn 0.023648 0.953791 0.299538
vn 0.125782 0.990531 0.055029
vn 0.118308 0.985904 0.118308
vn 0.118308 0.985904 0.118308
vn 0.125782 0.990531 0.055029
vn 0.275650 0.952963 -0.126012
vn 0.023703 0.956022 0.292337
vn 0.023648 0.953791 0.299538
vn 0.007903 0.940454 0.339828
vn 0.023703 0.956022 0.292337
vn 0.007903 0.940454 0.339828
vn -0.023695 0.900405 0.434406
vn 0.023648 0.953791 0.299538
vn 0.118308 0.985904 0.118308
vn -0.031504 0.976620 0.212651
vn 0.023648 0.953791 0.299538
vn -0.031504 0.976620 0.212651
vn 0.007903 0.940454 0.339828
vn 0.118308 0.985904 0.118308
vn 0.275650 0.952963 -0.126012
vn 0.228276 0.968204 -0.102330
vn 0.118308 0.985904 0.118308
vn 0.228276 0.968204 -0.102330
vn -0.015774 0.993760 0.110418
vn 0.118308 0.985904 0.118308
vn -0.015774 0.993760 0.110418
vn -0.031504 0.976620 0.212651
vn 0.228276 0.968204 -0.102330
vn 0.275650 0.952963 -0.126012
vn 0.275377 0.944151 -0.180962
vn -0.015774 0.993760 0.110418
vn 0.228276 0.968204 -0.102330
vn 0.086443 0.990163 -0.110018
vn 0.086443 0.990163 -0.110018
vn 0.228276 0.968204 -0.102330
vn 0.275377 0.944151 -0.180962
vn -0.015774 0.993760 0.110418
vn 0.086443 0.990163 -0.110018
vn -0.133507 0.989522 0.054973
vn -0.015774 0.993760 0.110418
vn -0.133507 0.989522 0.054973
vn -0.031504 0.976620 0.212651
vn -0.086911 0.924418 0.371347
vn 0.007903 0.940454 0.339828
vn -0.031504 0.976620 0.212651
vn 0.007903 0.940454 0.339828
vn -0.086911 0.924418 0.371347
vn -0.023531 0.894180 0.447090
vn 0.007903 0.940454 0.339828
vn -0.023531 0.894180 0.447090
vn -0.023695 0.900405 0.434406
vn -0.086911 0.924418 0.371347
vn -0.031504 0.976620 0.212651
vn -0.157149 0.950754 0.267154
vn -0.031504 0.976620 0.212651
vn -0.133507 0.989522 0.054973
vn -0.141680 0.976015 0.165293
vn -0.031504 0.976620 0.212651
vn -0.141680 0.976015 0.165293
vn -0.157149 0.950754 0.267154
vn -0.086911 0.924418 0.371347
vn -0.157149 0.950754 0.267154
vn -0.142085 0.860404 0.489404
vn -0.086911 0.924418 0.371347
vn -0.142085 0.860404 0.489404
vn -0.023531 0.894180 0.447090
vn -0.157149 0.950754 0.267154
vn -0.141680 0.976015 0.165293
vn -0.236308 0.953111 0.189047
vn -0.141680 0.976015 0.165293
vn -0.133507 0.989522 0.054973
vn -0.219928 0.973965 0.054982
vn -0.141680 0.976015 0.165293
vn -0.219928 0.973965 0.054982
vn -0.236308 0.953111 0.189047
vn -0.157149 0.950754 0.267154
vn -0.236308 0.953111 0.189047
vn -0.235753 0.840853 0.487223
vn -0.157149 0.950754 0.267154
vn -0.235753 0.840853 0.487223
vn -0.142085 0.860404 0.489404
vn -0.236308 0.953111 0.189047
vn -0.219928 0.973965 0.054982
vn -0.196893 0.976590 0.086633
vn -0.142085 0.860404 0.489404
vn -0.235753 0.840853 0.487223
vn -0.220527 0.716713 0.661581
vn -0.142085 0.860404 0.489404
vn -0.220527 0.716713 0.661581
vn -0.023531 0.894180 0.447090
vn -0.235753 0.840853 0.487223
vn -0.236308 0.953111 0.189047
vn -0.251462 0.887976 0.385052
vn -0.251462 0.887976 0.385052
vn -0.236308 0.953111 0.189047
vn -0.196893 0.976590 0.086633
vn -0.235753 0.840853 0.487223
vn -0.251462 0.887976 0.385052
vn -0.331326 0.638985 0.694206
vn -0.235753 0.840853 0.487223
vn -0.331326 0.638985 0.694206
vn -0.220527 0.716713 0.661581
vn -0.023531 0.894180 0.447090
vn -0.220527 0.716713 0.661581
vn -0.141535 0.715538 0.684086
vn -0.331326 0.638985 0.694206
vn -0.251462 0.887976 0.385052
vn -0.267451 0.715826 0.645030
vn -0.023531 0.894180 0.447090
vn -0.141535 0.715538 0.684086
vn -0.055224 0.891479 0.449684
vn -0.023531 0.894180 0.447090
vn -0.055224 0.891479 0.449684
vn -0.023695 0.900405 0.434406
vn -0.220527 0.716713 0.661581
vn -0.331326 0.638985 0.694206
vn -0.369199 0.361343 0.856226
vn -0.023695 0.900405 0.434406
vn -0.055224 0.891479 0.449684
vn 0.015721 0.958996 0.282982
vn 0.015721 0.958996 0.282982
vn -0.055224 0.891479 0.449684
vn -0.094360 0.802056 0.589747
vn -0.094360 0.802056 0.589747
vn -0.055224 0.891479 0.449684
vn -0.141535 0.715538 0.684086
vn -0.023695 0.900405 0.434406
vn 0.015721 0.958996 0.282982
vn 0.062961 0.944414 0.322675
vn -0.023695 0.900405 0.434406
vn 0.062961 0.944414 0.322675
vn 0.055166 0.977227 0.204902
vn 0.055166 0.977227 0.204902
vn 0.062961 0.944414 0.322675
vn 0.062757 0.933513 0.353009
vn 0.062757 0.933513 0.353009
vn 0.062961 0.944414 0.322675
vn 0.007885 0.788478 0.615013
vn 0.007885 0.788478 0.615013
vn 0.062961 0.944414 0.322675
vn 0.015721 0.958996 0.282982
vn 0.007885 0.788478 0.615013
vn 0.015721 0.958996 0.282982
vn -0.094360 0.802056 0.589747
vn 0.007885 0.788478 0.615013
vn -0.094360 0.802056 0.589747
vn -0.133183 0.626743 0.767760
vn -0.133183 0.626743 0.767760
vn -0.094360 0.802056 0.589747
vn -0.141535 0.715538 0.684086
vn 0.007885 0.788478 0.615013
vn -0.133183 0.626743 0.767760
vn -0.078684 0.204579 0.975683
vn -0.078684 0.204579 0.975683
vn -0.133183 0.626743 0.767760
vn -0.189394 0.228851 0.954860
vn -0.078684 0.204579 0.975683
vn -0.189394 0.228851 0.954860
vn -0.259939 0.094523 0.960988
vn -0.133183 0.626743 0.767760
vn -0.141535 0.715538 0.684086
vn -0.260254 0.331233 0.906947
vn -0.133183 0.626743 0.767760
vn -0.260254 0.331233 0.906947
vn -0.189394 0.228851 0.954860
vn -0.259939 0.094523 0.960988
vn -0.189394 0.228851 0.954860
vn -0.283017 -0.172955 0.943392
vn -0.283017 -0.172955 0.943392
vn -0.189394 0.228851 0.954860
vn -0.260254 0.331233 0.906947
vn -0.260254 0.331233 0.906947
vn -0.141535 0.715538 0.684086
vn -0.338226 0.259569 0.904559
vn -0.338226 0.259569 0.904559
vn -0.141535 0.715538 0.684086
vn -0.220527 0.716713 0.661581
vn -0.338226 0.259569 0.904559
vn -0.220527 0.716713 0.661581
vn -0.369199 0.361343 0.856226
vn -0.260254 0.331233 0.906947
vn -0.338226 0.259569 0.904559
vn -0.361354 -0.157111 0.919097
vn -0.361354 -0.157111 0.919097
vn -0.338226 0.259569 0.904559
vn -0.369199 0.361343 0.856226
vn -0.260254 0.331233 0.906947
vn -0.361354 -0.157111 0.919097
vn -0.283017 -0.172955 0.943392
vn -0.361354 -0.157111 0.919097
vn -0.369199 0.361343 0.856226
vn -0.323155 0.031527 0.945821
vn -0.283017 -0.172955 0.943392
vn -0.361354 -0.157111 0.919097
vn -0.331233 -0.260254 0.906947
vn -0.331233 -0.260254 0.906947
vn -0.361354 -0.157111 0.919097
vn -0.323155 0.031527 0.945821
vn -0.323155 0.031527 0.945821
vn -0.369199 0.361343 0.856226
vn -0.283755 0.441397 0.851265
vn -0.283755 0.441397 0.851265
vn -0.369199 0.361343 0.856226
vn -0.331326 0.638985 0.694206
vn -0.283755 0.441397 0.851265
vn -0.331326 0.638985 0.694206
vn -0.267451 0.715826 0.645030
vn -0.323155 0.031527 0.945821
vn -0.283755 0.441397 0.851265
vn -0.220609 0.165457 0.961226
vn -0.283755 0.441397 0.851265
vn -0.267451 0.715826 0.645030
vn -0.070928 0.520137 0.851133
vn -0.283755 0.441397 0.851265
vn -0.070928 0.520137 0.851133
vn -0.220609 0.165457 0.961226
vn -0.331233 -0.260254 0.906947
vn -0.323155 0.031527 0.945821
vn -0.283949 -0.260287 0.922835
vn -0.283949 -0.260287 0.922835
vn -0.323155 0.031527 0.945821
vn -0.220609 0.165457 0.961226
vn -0.331233 -0.260254 0.906947
vn -0.283949 -0.260287 0.922835
vn -0.371347 -0.086911 0.924418
vn -0.315440 -0.252352 0.914776
vn -0.283017 -0.172955 0.943392
vn -0.331233 -0.260254 0.906947
vn -0.315440 -0.252352 0.914776
vn -0.331233 -0.260254 0.906947
vn -0.371347 -0.086911 0.924418
vn -0.283017 -0.172955 0.943392
vn -0.315440 -0.252352 0.914776
vn -0.379260 -0.039506 0.924446
vn -0.283017 -0.172955 0.943392
vn -0.379260 -0.039506 0.924446
vn -0.259939 0.094523 0.960988
vn -0.379260 -0.039506 0.924446
vn -0.315440 -0.252352 0.914776
vn -0.400373 0.157009 0.902801
vn -0.400373 0.157009 0.902801
vn -0.315440 -0.252352 0.914776
vn -0.371347 -0.086911 0.924418
vn -0.259939 0.094523 0.960988
vn -0.379260 -0.039506 0.924446
vn -0.300407 0.521760 0.798450
vn -0.259939 0.094523 0.960988
vn -0.300407 0.521760 0.798450
vn -0.102432 0.527919 0.843095
vn -0.102432 0.527919 0.843095
vn -0.300407 0.521760 0.798450
vn -0.149806 0.741146 0.654416
vn -0.149806 0.741146 0.654416
vn -0.300407 0.521760 0.798450
vn -0.244269 0.756445 0.606732
vn -0.300407 0.521760 0.798450
vn -0.379260 -0.039506 0.924446
vn -0.400719 0.542149 0.738579
vn -0.300407 0.521760 0.798450
vn -0.400719 0.542149 0.738579
vn -0.244269 0.756445 0.606732
vn -0.400719 0.542149 0.738579
vn -0.379260 -0.039506 0.924446
vn -0.400373 0.157009 0.902801
vn -0.244269 0.756445 0.606732
vn -0.400719 0.542149 0.738579
vn -0.220561 0.834982 0.504140
vn -0.432722 0.322575 0.841841
vn -0.400373 0.157009 0.902801
vn -0.371347 -0.086911 0.924418
vn -0.400373 0.157009 0.902801
vn -0.432722 0.322575 0.841841
vn -0.400719 0.542149 0.738579
vn -0.220561 0.834982 0.504140
vn -0.400719 0.542149 0.738579
vn -0.204547 0.857524 0.472032
vn -0.220561 0.834982 0.504140
vn -0.204547 0.857524 0.472032
vn -0.031410 0.981578 0.188463
vn -0.400719 0.542149 0.738579
vn -0.432722 0.322575 0.841841
vn -0.346274 0.605980 0.716158
vn -0.400719 0.542149 0.738579
vn -0.346274 0.605980 0.716158
vn -0.204547 0.857524 0.472032
vn -0.432722 0.322575 0.841841
vn -0.371347 -0.086911 0.924418
vn -0.393652 0.259810 0.881780
vn -0.432722 0.322575 0.841841
vn -0.393652 0.259810 0.881780
vn -0.346274 0.605980 0.716158
vn -0.031410 0.981578 0.188463
vn -0.204547 0.857524 0.472032
vn -0.133293 0.854646 0.501810
vn -0.031410 0.981578 0.188463
vn -0.133293 0.854646 0.501810
vn -0.015740 0.905063 0.424986
vn -0.015740 0.905063 0.424986
vn -0.133293 0.854646 0.501810
vn -0.070535 0.705346 0.705346
vn -0.133293 0.854646 0.501810
vn -0.204547 0.857524 0.472032
vn -0.251657 0.605549 0.754970
vn -0.133293 0.854646 0.501810
vn -0.251657 0.605549 0.754970
vn -0.070535 0.705346 0.705346
vn -0.251657 0.605549 0.754970
vn -0.204547 0.857524 0.472032
vn -0.346274 0.605980 0.716158
vn -0.070535 0.705346 0.705346
vn -0.251657 0.605549 0.754970
vn -0.118279 0.212902 0.969888
vn -0.251657 0.605549 0.754970
vn -0.346274 0.605980 0.716158
vn -0.300004 0.205266 0.931592
vn -0.251657 0.605549 0.754970
vn -0.300004 0.205266 0.931592
vn -0.118279 0.212902 0.969888
vn -0.300004 0.205266 0.931592
vn -0.346274 0.605980 0.716158
vn -0.393652 0.259810 0.881780
vn -0.298473 -0.227782 0.926838
vn -0.393652 0.259810 0.881780
vn -0.371347 -0.086911 0.924418
vn -0.393652 0.259810 0.881780
vn -0.298473 -0.227782 0.926838
vn -0.300004 0.205266 0.931592
vn -0.298473 -0.227782 0.926838
vn -0.371347 -0.086911 0.924418
vn -0.283949 -0.260287 0.922835
vn -0.118279 0.212902 0.969888
vn -0.300004 0.205266 0.931592
vn -0.125607 -0.227663 0.965605
vn -0.125607 -0.227663 0.965605
vn -0.300004 0.205266 0.931592
vn -0.298473 -0.227782 0.926838
vn -0.118279 0.212902 0.969888
vn -0.125607 -0.227663 0.965605
vn 0.047190 0.007865 0.998855
vn 0.047190 0.007865 0.998855
vn -0.125607 -0.227663 0.965605
vn 0.031606 -0.197537 0.979786
vn -0.125607 -0.227663 0.965605
vn -0.298473 -0.227782 0.926838
vn -0.141500 -0.212250 0.966917
vn -0.141500 -0.212250 0.966917
vn -0.298473 -0.227782 0.926838
vn -0.283949 -0.260287 0.922835
vn -0.125607 -0.227663 0.965605
vn -0.141500 -0.212250 0.966917
vn 0.031606 -0.197537 0.979786
vn -0.141500 -0.212250 0.966917
vn -0.283949 -0.260287 0.922835
vn -0.220609 0.165457 0.961226
vn 0.031606 -0.197537 0.979786
vn -0.141500 -0.212250 0.966917
vn 0.007874 -0.007874 0.999938
vn 0.007874 -0.007874 0.999938
vn -0.141500 -0.212250 0.966917
vn -0.220609 0.165457 0.961226
vn 0.031606 -0.197537 0.979786
vn 0.007874 -0.007874 0.999938
vn 0.298695 -0.078604 0.951106
vn 0.298695 -0.078604 0.951106
vn 0.007874 -0.007874 0.999938
vn 0.337694 0.164920 0.926695
vn 0.007874 -0.007874 0.999938
vn -0.220609 0.165457 0.961226
vn -0.023543 0.376694 0.926039
vn 0.007874 -0.007874 0.999938
vn -0.023543 0.376694 0.926039
vn 0.337694 0.164920 0.926695
vn -0.023543 0.376694 0.926039
vn -0.220609 0.165457 0.961226
vn -0.070928 0.520137 0.851133
vn 0.337694 0.164920 0.926695
vn -0.023543 0.376694 0.926039
vn 0.291465 0.480524 0.827131
vn -0.023543 0.376694 0.926039
vn -0.070928 0.520137 0.851133
vn 0.125980 0.669271 0.732261
vn -0.023543 0.376694 0.926039
vn 0.125980 0.669271 0.732261
vn 0.291465 0.480524 0.827131
vn 0.337694 0.164920 0.926695
vn 0.291465 0.480524 0.827131
vn 0.606864 0.401949 0.685677
vn 0.337694 0.164920 0.926695
vn 0.606864 0.401949 0.685677
vn 0.582262 0.204579 0.786841
vn 0.582262 0.204579 0.786841
vn 0.606864 0.401949 0.685677
vn 0.701397 0.220664 0.677754
vn 0.606864 0.401949 0.685677
vn 0.291465 0.480524 0.827131
vn 0.504673 0.670269 0.544100
vn 0.504673 0.670269 0.544100
vn 0.291465 0.480524 0.827131
vn 0.125980 0.669271 0.732261
vn 0.701397 0.220664 0.677754
vn 0.606864 0.401949 0.685677
vn 0.613432 0.550516 0.566245
vn 0.613432 0.550516 0.566245
vn 0.606864 0.401949 0.685677
vn 0.504673 0.670269 0.544100
vn 0.701397 0.220664 0.677754
vn 0.613432 0.550516 0.566245
vn 0.715450 0.542484 0.440277
vn 0.715450 0.542484 0.440277
vn 0.613432 0.550516 0.566245
vn 0.471332 0.832686 0.290655
vn 0.613432 0.550516 0.566245
vn 0.504673 0.670269 0.544100
vn 0.456170 0.794365 0.401115
vn 0.613432 0.550516 0.566245
vn 0.456170 0.794365 0.401115
vn 0.471332 0.832686 0.290655
vn 0.715450 0.542484 0.440277
vn 0.471332 0.832686 0.290655
vn 0.715892 0.582154 0.385480
vn 0.456170 0.794365 0.401115
vn 0.504673 0.670269 0.544100
vn 0.330709 0.842520 0.425197
vn 0.330709 0.842520 0.425197
vn 0.504673 0.670269 0.544100
vn 0.125980 0.669271 0.732261
vn 0.471332 0.832686 0.290655
vn 0.456170 0.794365 0.401115
vn 0.416484 0.880118 0.227888
vn 0.715892 0.582154 0.385480
vn 0.471332 0.832686 0.290655
vn 0.479721 0.849341 0.220200
vn 0.479721 0.849341 0.220200
vn 0.471332 0.832686 0.290655
vn 0.416484 0.880118 0.227888
vn 0.715892 0.582154 0.385480
vn 0.479721 0.849341 0.220200
vn 0.393652 0.881780 0.259810
vn 0.330709 0.842520 0.425197
vn 0.125980 0.669271 0.732261
vn 0.070674 0.832378 0.549684
vn 0.715892 0.582154 0.385480
vn 0.393652 0.881780 0.259810
vn 0.534176 0.706998 0.463476
vn 0.715892 0.582154 0.385480
vn 0.534176 0.706998 0.463476
vn 0.675742 0.385016 0.628598
vn 0.675742 0.385016 0.628598
vn 0.534176 0.706998 0.463476
vn 0.419133 0.719643 0.553572
vn 0.534176 0.706998 0.463476
vn 0.393652 0.881780 0.259810
vn 0.338562 0.858214 0.385803
vn 0.534176 0.706998 0.463476
vn 0.338562 0.858214 0.385803
vn 0.419133 0.719643 0.553572
vn 0.393652 0.881780 0.259810
vn 0.479721 0.849341 0.220200
vn 0.314649 0.936080 0.157324
vn 0.338562 0.858214 0.385803
vn 0.393652 0.881780 0.259810
vn 0.188364 0.965367 0.180516
vn 0.188364 0.965367 0.180516
vn 0.393652 0.881780 0.259810
vn 0.314649 0.936080 0.157324
vn 0.314649 0.936080 0.157324
vn 0.479721 0.849341 0.220200
vn 0.408753 0.896111 0.172934
vn 0.408753 0.896111 0.172934
vn 0.479721 0.849341 0.220200
vn 0.416484 0.880118 0.227888
vn 0.314649 0.936080 0.157324
vn 0.408753 0.896111 0.172934
vn 0.324022 0.940454 0.102739
vn 0.408753 0.896111 0.172934
vn 0.416484 0.880118 0.227888
vn 0.236632 0.962302 0.134091
vn 0.408753 0.896111 0.172934
vn 0.236632 0.962302 0.134091
vn 0.324022 0.940454 0.102739
vn 0.314649 0.936080 0.157324
vn 0.324022 0.940454 0.102739
vn 0.197138 0.977804 0.070970
vn 0.314649 0.936080 0.157324
vn 0.197138 0.977804 0.070970
vn 0.188364 0.965367 0.180516
vn 0.197138 0.977804 0.070970
vn 0.324022 0.940454 0.102739
vn 0.149090 0.988699 -0.015694
vn 0.149090 0.988699 -0.015694
vn 0.324022 0.940454 0.102739
vn 0.236632 0.962302 0.134091
vn 0.188364 0.965367 0.180516
vn 0.197138 0.977804 0.070970
vn 0.031479 0.999473 -0.007870
vn 0.236632 0.962302 0.134091
vn 0.416484 0.880118 0.227888
vn 0.228375 0.960749 0.157500
vn 0.126204 0.978077 0.165642
vn 0.338562 0.858214 0.385803
vn 0.188364 0.965367 0.180516
vn 0.126204 0.978077 0.165642
vn 0.188364 0.965367 0.180516
vn 0.031479 0.999473 -0.007870
vn 0.031479 0.999473 -0.007870
vn 0.197138 0.977804 0.070970
vn 0.102617 0.994596 -0.015787
vn 0.102617 0.994596 -0.015787
vn 0.197138 0.977804 0.070970
vn 0.149090 0.988699 -0.015694
vn 0.149090 0.988699 -0.015694
vn 0.236632 0.962302 0.134091
vn 0.150105 0.987533 0.047402
vn 0.031479 0.999473 -0.007870
vn 0.102617 0.994596 -0.015787
vn 0.031479 0.999473 -0.007870
vn 0.149090 0.988699 -0.015694
vn 0.150105 0.987533 0.047402
vn 0.149895 0.986149 0.071003
vn 0.150105 0.987533 0.047402
vn 0.236632 0.962302 0.134091
vn 0.031479 0.999473 0.007870
vn 0.031479 0.999473 0.007870
vn 0.236632 0.962302 0.134091
vn 0.228375 0.960749 0.157500
vn 0.150105 0.987533 0.047402
vn 0.031479 0.999473 0.007870
vn 0.149895 0.986149 0.071003
vn 0.102617 0.994596 -0.015787
vn 0.149090 0.988699 -0.015694
vn 0.141404 0.989827 0.015712
vn 0.141404 0.989827 0.015712
vn 0.149090 0.988699 -0.015694
vn 0.149895 0.986149 0.071003
vn 0.102617 0.994596 -0.015787
vn 0.141404 0.989827 0.015712
vn 0.102627 0.994689 -0.007894
vn 0.102617 0.994596 -0.015787
vn 0.102627 0.994689 -0.007894
vn 0.031479 0.999473 -0.007870
vn 0.141404 0.989827 0.015712
vn 0.149895 0.986149 0.071003
vn 0.062850 0.997745 0.023569
vn 0.102627 0.994689 -0.007894
vn 0.141404 0.989827 0.015712
vn -0.007872 0.999690 0.023615
vn -0.007872 0.999690 0.023615
vn 0.141404 0.989827 0.015712
vn 0.062850 0.997745 0.023569
vn 0.031479 0.999473 -0.007870
vn 0.102627 0.994689 -0.007894
vn 0.000000 0.999721 -0.023615
vn -0.007872 0.999690 0.023615
vn 0.062850 0.997745 0.023569
vn 0.015746 0.999876 0.000000
vn 0.062850 0.997745 0.023569
vn 0.149895 0.986149 0.071003
vn 0.055297 0.995340 0.078995
vn 0.062850 0.997745 0.023569
vn 0.055297 0.995340 0.078995
vn 0.015746 0.999876 0.000000
vn 0.102627 0.994689 -0.007894
vn -0.007872 0.999690 0.023615
vn -0.102627 0.994689 0.007894
vn 0.102627 0.994689 -0.007894
vn -0.102627 0.994689 0.007894
vn 0.000000 0.999721 -0.023615
vn -0.102627 0.994689 0.007894
vn -0.007872 0.999690 0.023615
vn -0.031479 0.999473 0.007870
vn -0.031479 0.999473 0.007870
vn -0.007872 0.999690 0.023615
vn 0.015746 0.999876 0.000000
vn 0.000000 0.999721 -0.023615
vn -0.102627 0.994689 0.007894
vn -0.141404 0.989827 -0.015712
vn -0.102627 0.994689 0.007894
vn -0.031479 0.999473 0.007870
vn -0.102601 0.994441 0.023677
vn -0.102627 0.994689 0.007894
vn -0.102601 0.994441 0.023677
vn -0.141404 0.989827 -0.015712
vn -0.031479 0.999473 0.007870
vn 0.015746 0.999876 0.000000
vn 0.000000 1.000000 0.000000
vn 0.000000 0.999721 -0.023615
vn -0.141404 0.989827 -0.015712
vn -0.062850 0.997745 -0.023569
vn -0.031479 0.999473 0.007870
vn 0.000000 1.000000 0.000000
vn -0.031479 0.999473 0.007870
vn -0.031479 0.999473 0.007870
vn -0.031479 0.999473 0.007870
vn -0.102601 0.994441 0.023677
vn 0.000000 0.999721 -0.023615
vn -0.062850 0.997745 -0.023569
vn -0.015746 0.999876 0.000000
vn 0.000000 0.999721 -0.023615
vn -0.015746 0.999876 0.000000
vn 0.031479 0.999473 -0.007870
vn -0.062850 0.997745 -0.023569
vn -0.141404 0.989827 -0.015712
vn -0.157593 0.984954 -0.070917
vn -0.157971 0.987317 0.015797
vn -0.141404 0.989827 -0.015712
vn -0.102601 0.994441 0.023677
vn -0.141404 0.989827 -0.015712
vn -0.157971 0.987317 0.015797
vn -0.157593 0.984954 -0.070917
vn -0.102601 0.994441 0.023677
vn -0.031479 0.999473 0.007870
vn -0.204699 0.976257 -0.070857
vn -0.102601 0.994441 0.023677
vn -0.204699 0.976257 -0.070857
vn -0.157971 0.987317 0.015797
vn -0.078701 0.991634 -0.102311
vn -0.031479 0.999473 0.007870
vn 0.000000 1.000000 0.000000
vn 0.007872 0.999690 -0.023615
vn 0.000000 1.000000 0.000000
vn 0.015746 0.999876 0.000000
vn 0.000000 1.000000 0.000000
vn 0.007872 0.999690 -0.023615
vn -0.078701 0.991634 -0.102311
vn -0.204699 0.976257 -0.070857
vn -0.031479 0.999473 0.007870
vn -0.141535 0.982882 -0.117946
vn -0.141535 0.982882 -0.117946
vn -0.031479 0.999473 0.007870
vn -0.078701 0.991634 -0.102311
vn -0.157971 0.987317 0.015797
vn -0.204699 0.976257 -0.070857
vn -0.267924 0.961375 -0.063041
vn -0.204699 0.976257 -0.070857
vn -0.141535 0.982882 -0.117946
vn -0.314649 0.936080 -0.157324
vn -0.204699 0.976257 -0.070857
vn -0.314649 0.936080 -0.157324
vn -0.267924 0.961375 -0.063041
vn -0.157971 0.987317 0.015797
vn -0.267924 0.961375 -0.063041
vn -0.204301 0.974356 -0.094293
vn -0.267924 0.961375 -0.063041
vn -0.314649 0.936080 -0.157324
vn -0.433488 0.882739 -0.181277
vn -0.267924 0.961375 -0.063041
vn -0.433488 0.882739 -0.181277
vn -0.204301 0.974356 -0.094293
vn -0.157971 0.987317 0.015797
vn -0.204301 0.974356 -0.094293
vn -0.150105 0.987533 -0.047402
vn -0.157971 0.987317 0.015797
vn -0.150105 0.987533 -0.047402
vn -0.157593 0.984954 -0.070917
vn -0.150105 0.987533 -0.047402
vn -0.204301 0.974356 -0.094293
vn -0.031479 0.999473 -0.007870
vn -0.150105 0.987533 -0.047402
vn -0.031479 0.999473 -0.007870
vn -0.157593 0.984954 -0.070917
vn -0.204301 0.974356 -0.094293
vn -0.433488 0.882739 -0.181277
vn -0.369689 0.904559 -0.212375
vn -0.031479 0.999473 -0.007870
vn -0.204301 0.974356 -0.094293
vn -0.259834 0.952726 -0.157475
vn -0.259834 0.952726 -0.157475
vn -0.204301 0.974356 -0.094293
vn -0.369689 0.904559 -0.212375
vn -0.518609 0.817202 -0.251447
vn -0.433488 0.882739 -0.181277
vn -0.314649 0.936080 -0.157324
vn -0.433488 0.882739 -0.181277
vn -0.518609 0.817202 -0.251447
vn -0.369689 0.904559 -0.212375
vn -0.518609 0.817202 -0.251447
vn -0.314649 0.936080 -0.157324
vn -0.407646 0.878006 -0.250859
vn -0.407646 0.878006 -0.250859
vn -0.314649 0.936080 -0.157324
vn -0.141535 0.982882 -0.117946
vn -0.369689 0.904559 -0.212375
vn -0.518609 0.817202 -0.251447
vn -0.512702 0.804547 -0.299733
vn -0.518609 0.817202 -0.251447
vn -0.407646 0.878006 -0.250859
vn -0.682568 0.635495 -0.360898
vn -0.518609 0.817202 -0.251447
vn -0.682568 0.635495 -0.360898
vn -0.512702 0.804547 -0.299733
vn -0.407646 0.878006 -0.250859
vn -0.141535 0.982882 -0.117946
vn -0.291339 0.897638 -0.330709
vn -0.291339 0.897638 -0.330709
vn -0.141535 0.982882 -0.117946
vn -0.078701 0.991634 -0.102311
vn -0.407646 0.878006 -0.250859
vn -0.291339 0.897638 -0.330709
vn -0.550227 0.699574 -0.455902
vn -0.407646 0.878006 -0.250859
vn -0.550227 0.699574 -0.455902
vn -0.682568 0.635495 -0.360898
vn -0.550227 0.699574 -0.455902
vn -0.291339 0.897638 -0.330709
vn -0.408942 0.715649 -0.566227
vn -0.682568 0.635495 -0.360898
vn -0.550227 0.699574 -0.455902
vn -0.676997 0.393603 -0.621893
vn -0.676997 0.393603 -0.621893
vn -0.550227 0.699574 -0.455902
vn -0.408942 0.715649 -0.566227
vn -0.291339 0.897638 -0.330709
vn -0.078701 0.991634 -0.102311
vn -0.252219 0.890648 -0.378328
vn -0.291339 0.897638 -0.330709
vn -0.252219 0.890648 -0.378328
vn -0.408942 0.715649 -0.566227
vn -0.252219 0.890648 -0.378328
vn -0.078701 0.991634 -0.102311
vn -0.094700 0.970673 -0.220966
vn -0.094700 0.970673 -0.220966
vn -0.078701 0.991634 -0.102311
vn 0.007872 0.999690 -0.023615
vn -0.408942 0.715649 -0.566227
vn -0.252219 0.890648 -0.378328
vn -0.416690 0.589656 -0.691863
vn -0.252219 0.890648 -0.378328
vn -0.094700 0.970673 -0.220966
vn -0.268861 0.838213 -0.474460
vn -0.252219 0.890648 -0.378328
vn -0.268861 0.838213 -0.474460
vn -0.416690 0.589656 -0.691863
vn -0.094700 0.970673 -0.220966
vn 0.007872 0.999690 -0.023615
vn -0.157696 0.890980 -0.425778
vn -0.094700 0.970673 -0.220966
vn -0.157696 0.890980 -0.425778
vn -0.268861 0.838213 -0.474460
vn -0.416690 0.589656 -0.691863
vn -0.268861 0.838213 -0.474460
vn -0.379462 0.600814 -0.703585
vn -0.379462 0.600814 -0.703585
vn -0.268861 0.838213 -0.474460
vn -0.157696 0.890980 -0.425778
vn -0.408942 0.715649 -0.566227
vn -0.416690 0.589656 -0.691863
vn -0.495128 0.086451 -0.864509
vn -0.495128 0.086451 -0.864509
vn -0.416690 0.589656 -0.691863
vn -0.379462 0.600814 -0.703585
vn -0.408942 0.715649 -0.566227
vn -0.495128 0.086451 -0.864509
vn -0.457530 0.323427 -0.828288
vn -0.408942 0.715649 -0.566227
vn -0.457530 0.323427 -0.828288
vn -0.676997 0.393603 -0.621893
vn -0.204902 0.953584 -0.220664
vn -0.157696 0.890980 -0.425778
vn 0.007872 0.999690 -0.023615
vn -0.157696 0.890980 -0.425778
vn -0.204902 0.953584 -0.220664
vn -0.023662 0.985904 -0.165632
vn -0.204902 0.953584 -0.220664
vn 0.007872 0.999690 -0.023615
vn 0.031456 0.998731 0.039320
vn -0.204902 0.953584 -0.220664
vn 0.031456 0.998731 0.039320
vn -0.023662 0.985904 -0.165632
vn 0.031456 0.998731 0.039320
vn 0.007872 0.999690 -0.023615
vn 0.015746 0.999876 0.000000
vn 0.031456 0.998731 0.039320
vn 0.015746 0.999876 0.000000
vn 0.055297 0.995340 0.078995
vn -0.023662 0.985904 -0.165632
vn 0.031456 0.998731 0.039320
vn 0.055221 0.993976 -0.094664
vn -0.023662 0.985904 -0.165632
vn 0.055221 0.993976 -0.094664
vn -0.157696 0.890980 -0.425778
vn 0.055221 0.993976 -0.094664
vn 0.031456 0.998731 0.039320
vn 0.055297 0.995340 0.078995
vn -0.157696 0.890980 -0.425778
vn 0.055221 0.993976 -0.094664
vn -0.094162 0.933771 -0.345260
vn -0.157696 0.890980 -0.425778
vn -0.094162 0.933771 -0.345260
vn -0.379462 0.600814 -0.703585
vn 0.055221 0.993976 -0.094664
vn 0.055297 0.995340 0.078995
vn -0.015746 0.999876 0.000000
vn 0.055221 0.993976 -0.094664
vn -0.015746 0.999876 0.000000
vn -0.094162 0.933771 -0.345260
vn -0.379462 0.600814 -0.703585
vn -0.094162 0.933771 -0.345260
vn -0.315656 0.654987 -0.686552
vn -0.379462 0.600814 -0.703585
vn -0.315656 0.654987 -0.686552
vn -0.512160 -0.007879 -0.858854
vn -0.379462 0.600814 -0.703585
vn -0.512160 -0.007879 -0.858854
vn -0.495128 0.086451 -0.864509
vn -0.315656 0.654987 -0.686552
vn -0.094162 0.933771 -0.345260
vn -0.157500 0.653624 -0.740249
vn -0.512160 -0.007879 -0.858854
vn -0.315656 0.654987 -0.686552
vn -0.392861 -0.023572 -0.919296
vn -0.392861 -0.023572 -0.919296
vn -0.315656 0.654987 -0.686552
vn -0.157500 0.653624 -0.740249
vn -0.495128 0.086451 -0.864509
vn -0.512160 -0.007879 -0.858854
vn -0.512049 -0.118165 -0.850789
vn -0.512160 -0.007879 -0.858854
vn -0.392861 -0.023572 -0.919296
vn -0.417258 -0.078728 -0.905371
vn -0.512160 -0.007879 -0.858854
vn -0.417258 -0.078728 -0.905371
vn -0.512049 -0.118165 -0.850789
vn -0.495128 0.086451 -0.864509
vn -0.512049 -0.118165 -0.850789
vn -0.394055 -0.094573 -0.914208
vn -0.495128 0.086451 -0.864509
vn -0.394055 -0.094573 -0.914208
vn -0.457530 0.323427 -0.828288
vn -0.512049 -0.118165 -0.850789
vn -0.417258 -0.078728 -0.905371
vn -0.417789 0.567563 -0.709454
vn -0.394055 -0.094573 -0.914208
vn -0.512049 -0.118165 -0.850789
vn -0.370159 0.291402 -0.882081
vn -0.370159 0.291402 -0.882081
vn -0.512049 -0.118165 -0.850789
vn -0.417789 0.567563 -0.709454
vn -0.457530 0.323427 -0.828288
vn -0.394055 -0.094573 -0.914208
vn -0.440890 0.007873 -0.897527
vn -0.394055 -0.094573 -0.914208
vn -0.370159 0.291402 -0.882081
vn -0.339669 0.031597 -0.940014
vn -0.394055 -0.094573 -0.914208
vn -0.339669 0.031597 -0.940014
vn -0.440890 0.007873 -0.897527
vn -0.457530 0.323427 -0.828288
vn -0.440890 0.007873 -0.897527
vn -0.732738 0.063031 -0.677586
vn -0.457530 0.323427 -0.828288
vn -0.732738 0.063031 -0.677586
vn -0.676997 0.393603 -0.621893
vn -0.440890 0.007873 -0.897527
vn -0.339669 0.031597 -0.940014
vn -0.669374 -0.063000 -0.740249
vn -0.440890 0.007873 -0.897527
vn -0.669374 -0.063000 -0.740249
vn -0.732738 0.063031 -0.677586
vn -0.339669 0.031597 -0.940014
vn -0.370159 0.291402 -0.882081
vn -0.290646 0.204237 -0.934779
vn -0.669374 -0.063000 -0.740249
vn -0.339669 0.031597 -0.940014
vn -0.667206 0.102043 -0.737851
vn -0.667206 0.102043 -0.737851
vn -0.339669 0.031597 -0.940014
vn -0.290646 0.204237 -0.934779
vn -0.290646 0.204237 -0.934779
vn -0.370159 0.291402 -0.882081
vn -0.252572 0.536716 -0.805074
vn -0.252572 0.536716 -0.805074
vn -0.370159 0.291402 -0.882081
vn -0.417789 0.567563 -0.709454
vn -0.667206 0.102043 -0.737851
vn -0.290646 0.204237 -0.934779
vn -0.629999 0.393750 -0.669374
vn -0.629999 0.393750 -0.669374
vn -0.290646 0.204237 -0.934779
vn -0.252572 0.536716 -0.805074
vn -0.669374 -0.063000 -0.740249
vn -0.667206 0.102043 -0.737851
vn -0.818188 -0.165211 -0.550703
vn -0.818188 -0.165211 -0.550703
vn -0.667206 0.102043 -0.737851
vn -0.629999 0.393750 -0.669374
vn -0.789190 -0.268324 -0.552433
vn -0.732738 0.063031 -0.677586
vn -0.669374 -0.063000 -0.740249
vn -0.789190 -0.268324 -0.552433
vn -0.669374 -0.063000 -0.740249
vn -0.818188 -0.165211 -0.550703
vn -0.838887 -0.109761 -0.533124
vn -0.676997 0.393603 -0.621893
vn -0.732738 0.063031 -0.677586
vn -0.838887 -0.109761 -0.533124
vn -0.732738 0.063031 -0.677586
vn -0.789190 -0.268324 -0.552433
vn -0.676997 0.393603 -0.621893
vn -0.838887 -0.109761 -0.533124
vn -0.826234 0.267542 -0.495740
vn -0.676997 0.393603 -0.621893
vn -0.826234 0.267542 -0.495740
vn -0.682568 0.635495 -0.360898
vn -0.838887 -0.109761 -0.533124
vn -0.789190 -0.268324 -0.552433
vn -0.810898 0.055110 -0.582587
vn -0.826234 0.267542 -0.495740
vn -0.838887 -0.109761 -0.533124
vn -0.815066 0.227278 -0.532928
vn -0.815066 0.227278 -0.532928
vn -0.838887 -0.109761 -0.533124
vn -0.810898 0.055110 -0.582587
vn -0.682568 0.635495 -0.360898
vn -0.826234 0.267542 -0.495740
vn -0.701462 0.559593 -0.441369
vn -0.701462 0.559593 -0.441369
vn -0.826234 0.267542 -0.495740
vn -0.815066 0.227278 -0.532928
vn -0.682568 0.635495 -0.360898
vn -0.701462 0.559593 -0.441369
vn -0.512702 0.804547 -0.299733
vn -0.738967 0.220118 -0.636770
vn -0.789190 -0.268324 -0.552433
vn -0.818188 -0.165211 -0.550703
vn -0.701462 0.559593 -0.441369
vn -0.815066 0.227278 -0.532928
vn -0.717939 0.213015 -0.662713
vn -0.512702 0.804547 -0.299733
vn -0.701462 0.559593 -0.441369
vn -0.631018 0.567916 -0.528477
vn -0.631018 0.567916 -0.528477
vn -0.701462 0.559593 -0.441369
vn -0.717939 0.213015 -0.662713
vn -0.717939 0.213015 -0.662713
vn -0.815066 0.227278 -0.532928
vn -0.717047 0.126074 -0.685528
vn -0.717047 0.126074 -0.685528
vn -0.815066 0.227278 -0.532928
vn -0.810898 0.055110 -0.582587
vn -0.807502 0.047039 -0.587987
vn -0.810898 0.055110 -0.582587
vn -0.789190 -0.268324 -0.552433
vn -0.807502 0.047039 -0.587987
vn -0.789190 -0.268324 -0.552433
vn -0.738967 0.220118 -0.636770
vn -0.717047 0.126074 -0.685528
vn -0.810898 0.055110 -0.582587
vn -0.672131 0.253038 -0.695853
vn -0.717939 0.213015 -0.662713
vn -0.717047 0.126074 -0.685528
vn -0.591634 0.228765 -0.773069
vn -0.591634 0.228765 -0.773069
vn -0.717047 0.126074 -0.685528
vn -0.672131 0.253038 -0.695853
vn -0.810898 0.055110 -0.582587
vn -0.807502 0.047039 -0.587987
vn -0.732602 0.275710 -0.622317
vn -0.810898 0.055110 -0.582587
vn -0.732602 0.275710 -0.622317
vn -0.672131 0.253038 -0.695853
vn -0.732602 0.275710 -0.622317
vn -0.807502 0.047039 -0.587987
vn -0.708925 0.244185 -0.661664
vn -0.708925 0.244185 -0.661664
vn -0.807502 0.047039 -0.587987
vn -0.738967 0.220118 -0.636770
vn -0.672131 0.253038 -0.695853
vn -0.732602 0.275710 -0.622317
vn -0.619899 0.470809 -0.627746
vn -0.619899 0.470809 -0.627746
vn -0.732602 0.275710 -0.622317
vn -0.708925 0.244185 -0.661664
vn -0.672131 0.253038 -0.695853
vn -0.619899 0.470809 -0.627746
vn -0.576486 0.323780 -0.750221
vn -0.672131 0.253038 -0.695853
vn -0.576486 0.323780 -0.750221
vn -0.591634 0.228765 -0.773069
vn -0.576486 0.323780 -0.750221
vn -0.619899 0.470809 -0.627746
vn -0.527477 0.417258 -0.740043
vn -0.619899 0.470809 -0.627746
vn -0.708925 0.244185 -0.661664
vn -0.651126 0.376555 -0.658970
vn -0.619899 0.470809 -0.627746
vn -0.651126 0.376555 -0.658970
vn -0.527477 0.417258 -0.740043
vn -0.651126 0.376555 -0.658970
vn -0.708925 0.244185 -0.661664
vn -0.646371 0.417776 -0.638488
vn -0.651126 0.376555 -0.658970
vn -0.646371 0.417776 -0.638488
vn -0.535019 0.448471 -0.715981
vn -0.651126 0.376555 -0.658970
vn -0.535019 0.448471 -0.715981
vn -0.527477 0.417258 -0.740043
vn -0.646371 0.417776 -0.638488
vn -0.708925 0.244185 -0.661664
vn -0.643538 0.361009 -0.674930
vn -0.643538 0.361009 -0.674930
vn -0.708925 0.244185 -0.661664
vn -0.738967 0.220118 -0.636770
vn -0.535019 0.448471 -0.715981
vn -0.646371 0.417776 -0.638488
vn -0.553157 0.655886 -0.513645
vn -0.553157 0.655886 -0.513645
vn -0.646371 0.417776 -0.638488
vn -0.643538 0.361009 -0.674930
vn -0.527477 0.417258 -0.740043
vn -0.535019 0.448471 -0.715981
vn -0.605830 0.377660 -0.700245
vn -0.535019 0.448471 -0.715981
vn -0.553157 0.655886 -0.513645
vn -0.455494 0.667535 -0.589001
vn -0.535019 0.448471 -0.715981
vn -0.455494 0.667535 -0.589001
vn -0.605830 0.377660 -0.700245
vn -0.553157 0.655886 -0.513645
vn -0.643538 0.361009 -0.674930
vn -0.456622 0.716424 -0.527477
vn -0.553157 0.655886 -0.513645
vn -0.456622 0.716424 -0.527477
vn -0.455494 0.667535 -0.589001
vn -0.643538 0.361009 -0.674930
vn -0.738967 0.220118 -0.636770
vn -0.575213 0.480658 -0.661889
vn -0.643538 0.361009 -0.674930
vn -0.575213 0.480658 -0.661889
vn -0.456622 0.716424 -0.527477
vn -0.527477 0.417258 -0.740043
vn -0.605830 0.377660 -0.700245
vn -0.407997 0.439381 -0.800302
vn -0.605830 0.377660 -0.700245
vn -0.455494 0.667535 -0.589001
vn -0.384376 0.604019 -0.698152
vn -0.605830 0.377660 -0.700245
vn -0.384376 0.604019 -0.698152
vn -0.407997 0.439381 -0.800302
vn -0.384376 0.604019 -0.698152
vn -0.455494 0.667535 -0.589001
vn -0.378622 0.804573 -0.457502
vn -0.378622 0.804573 -0.457502
vn -0.455494 0.667535 -0.589001
vn -0.456622 0.716424 -0.527477
vn -0.456622 0.716424 -0.527477
vn -0.575213 0.480658 -0.661889
vn -0.416575 0.762410 -0.495173
vn -0.605380 0.534622 -0.589656
vn -0.575213 0.480658 -0.661889
vn -0.738967 0.220118 -0.636770
vn -0.575213 0.480658 -0.661889
vn -0.605380 0.534622 -0.589656
vn -0.416575 0.762410 -0.495173
vn -0.605380 0.534622 -0.589656
vn -0.738967 0.220118 -0.636770
vn -0.789657 0.323759 -0.521174
vn -0.789657 0.323759 -0.521174
vn -0.738967 0.220118 -0.636770
vn -0.818188 -0.165211 -0.550703
vn -0.789657 0.323759 -0.521174
vn -0.818188 -0.165211 -0.550703
vn -0.629999 0.393750 -0.669374
vn -0.605380 0.534622 -0.589656
vn -0.789657 0.323759 -0.521174
vn -0.566912 0.700766 -0.433057
vn -0.566912 0.700766 -0.433057
vn -0.789657 0.323759 -0.521174
vn -0.629999 0.393750 -0.669374
vn -0.605380 0.534622 -0.589656
vn -0.566912 0.700766 -0.433057
vn -0.393408 0.802553 -0.448485
vn -0.605380 0.534622 -0.589656
vn -0.393408 0.802553 -0.448485
vn -0.416575 0.762410 -0.495173
vn -0.566912 0.700766 -0.433057
vn -0.629999 0.393750 -0.669374
vn -0.442581 0.735000 -0.513710
vn -0.442581 0.735000 -0.513710
vn -0.629999 0.393750 -0.669374
vn -0.252572 0.536716 -0.805074
vn -0.393408 0.802553 -0.448485
vn -0.566912 0.700766 -0.433057
vn -0.354760 0.890841 -0.283808
vn -0.354760 0.890841 -0.283808
vn -0.566912 0.700766 -0.433057
vn -0.442581 0.735000 -0.513710
vn -0.416575 0.762410 -0.495173
vn -0.393408 0.802553 -0.448485
vn -0.268274 0.907399 -0.323507
vn -0.268274 0.907399 -0.323507
vn -0.393408 0.802553 -0.448485
vn -0.354760 0.890841 -0.283808
vn -0.442581 0.735000 -0.513710
vn -0.252572 0.536716 -0.805074
vn -0.213048 0.836411 -0.505003
vn -0.213048 0.836411 -0.505003
vn -0.252572 0.536716 -0.805074
vn -0.417789 0.567563 -0.709454
vn -0.354760 0.890841 -0.283808
vn -0.442581 0.735000 -0.513710
vn -0.401028 0.754877 -0.518978
vn -0.401028 0.754877 -0.518978
vn -0.442581 0.735000 -0.513710
vn -0.213048 0.836411 -0.505003
vn -0.268274 0.907399 -0.323507
vn -0.354760 0.890841 -0.283808
vn -0.118582 0.980275 -0.158109
vn -0.118582 0.980275 -0.158109
vn -0.354760 0.890841 -0.283808
vn -0.401028 0.754877 -0.518978
vn -0.416575 0.762410 -0.495173
vn -0.268274 0.907399 -0.323507
vn -0.346543 0.858481 -0.378047
vn -0.346543 0.858481 -0.378047
vn -0.268274 0.907399 -0.323507
vn -0.290753 0.903693 -0.314328
vn -0.290753 0.903693 -0.314328
vn -0.268274 0.907399 -0.323507
vn -0.118582 0.980275 -0.158109
vn -0.416575 0.762410 -0.495173
vn -0.346543 0.858481 -0.378047
vn -0.345420 0.777194 -0.525980
vn -0.416575 0.762410 -0.495173
vn -0.345420 0.777194 -0.525980
vn -0.456622 0.716424 -0.527477
vn -0.346543 0.858481 -0.378047
vn -0.290753 0.903693 -0.314328
vn -0.300294 0.885078 -0.355612
vn -0.346543 0.858481 -0.378047
vn -0.300294 0.885078 -0.355612
vn -0.345420 0.777194 -0.525980
vn -0.300294 0.885078 -0.355612
vn -0.290753 0.903693 -0.314328
vn -0.118582 0.980275 -0.158109
vn -0.456622 0.716424 -0.527477
vn -0.345420 0.777194 -0.525980
vn -0.322945 0.874314 -0.362328
vn -0.322945 0.874314 -0.362328
vn -0.345420 0.777194 -0.525980
vn -0.300294 0.885078 -0.355612
vn -0.322945 0.874314 -0.362328
vn -0.300294 0.885078 -0.355612
vn -0.118582 0.980275 -0.158109
vn -0.456622 0.716424 -0.527477
vn -0.322945 0.874314 -0.362328
vn -0.378622 0.804573 -0.457502
vn -0.378622 0.804573 -0.457502
vn -0.322945 0.874314 -0.362328
vn -0.266890 0.887018 -0.376787
vn -0.266890 0.887018 -0.376787
vn -0.322945 0.874314 -0.362328
vn -0.118582 0.980275 -0.158109
vn -0.378622 0.804573 -0.457502
vn -0.266890 0.887018 -0.376787
vn -0.212375 0.904559 -0.369689
vn -0.212375 0.904559 -0.369689
vn -0.266890 0.887018 -0.376787
vn -0.118582 0.980275 -0.158109
vn -0.378622 0.804573 -0.457502
vn -0.212375 0.904559 -0.369689
vn -0.353499 0.816975 -0.455621
vn -0.378622 0.804573 -0.457502
vn -0.353499 0.816975 -0.455621
vn -0.384376 0.604019 -0.698152
vn -0.353499 0.816975 -0.455621
vn -0.212375 0.904559 -0.369689
vn -0.149255 0.942664 -0.298510
vn -0.149255 0.942664 -0.298510
vn -0.212375 0.904559 -0.369689
vn -0.118582 0.980275 -0.158109
vn -0.384376 0.604019 -0.698152
vn -0.353499 0.816975 -0.455621
vn -0.251937 0.614097 -0.747939
vn -0.353499 0.816975 -0.455621
vn -0.149255 0.942664 -0.298510
vn -0.331780 0.837350 -0.434474
vn -0.353499 0.816975 -0.455621
vn -0.331780 0.837350 -0.434474
vn -0.251937 0.614097 -0.747939
vn -0.331780 0.837350 -0.434474
vn -0.149255 0.942664 -0.298510
vn -0.086636 0.945116 -0.315039
vn -0.149255 0.942664 -0.298510
vn -0.118582 0.980275 -0.158109
vn 0.000000 0.983490 -0.180962
vn -0.149255 0.942664 -0.298510
vn 0.000000 0.983490 -0.180962
vn -0.086636 0.945116 -0.315039
vn -0.331780 0.837350 -0.434474
vn -0.086636 0.945116 -0.315039
vn -0.126428 0.853388 -0.505712
vn -0.331780 0.837350 -0.434474
vn -0.126428 0.853388 -0.505712
vn -0.251937 0.614097 -0.747939
vn -0.126428 0.853388 -0.505712
vn -0.086636 0.945116 -0.315039
vn -0.015718 0.935241 -0.353663
vn -0.015718 0.935241 -0.353663
vn -0.086636 0.945116 -0.315039
vn 0.000000 0.983490 -0.180962
vn -0.259161 0.431934 -0.863868
vn -0.384376 0.604019 -0.698152
vn -0.251937 0.614097 -0.747939
vn -0.126428 0.853388 -0.505712
vn -0.015718 0.935241 -0.353663
vn -0.031477 0.763306 -0.645269
vn -0.384376 0.604019 -0.698152
vn -0.259161 0.431934 -0.863868
vn -0.407997 0.439381 -0.800302
vn -0.251937 0.614097 -0.747939
vn -0.126428 0.853388 -0.505712
vn -0.165678 0.591708 -0.788944
vn -0.165678 0.591708 -0.788944
vn -0.126428 0.853388 -0.505712
vn -0.031477 0.763306 -0.645269
vn -0.251937 0.614097 -0.747939
vn -0.165678 0.591708 -0.788944
vn -0.244519 0.362835 -0.899200
vn -0.251937 0.614097 -0.747939
vn -0.244519 0.362835 -0.899200
vn -0.259161 0.431934 -0.863868
vn -0.244519 0.362835 -0.899200
vn -0.165678 0.591708 -0.788944
vn -0.071038 0.228901 -0.970854
vn -0.244519 0.362835 -0.899200
vn -0.071038 0.228901 -0.970854
vn -0.259161 0.431934 -0.863868
vn -0.165678 0.591708 -0.788944
vn -0.031477 0.763306 -0.645269
vn -0.015718 0.353663 -0.935241
vn -0.165678 0.591708 -0.788944
vn -0.015718 0.353663 -0.935241
vn -0.071038 0.228901 -0.970854
vn 0.055028 0.888305 -0.455944
vn -0.031477 0.763306 -0.645269
vn -0.015718 0.935241 -0.353663
vn 0.055028 0.888305 -0.455944
vn -0.015718 0.935241 -0.353663
vn 0.000000 0.983490 -0.180962
vn -0.015718 0.353663 -0.935241
vn -0.031477 0.763306 -0.645269
vn 0.118198 0.583111 -0.803748
vn 0.118198 0.583111 -0.803748
vn -0.031477 0.763306 -0.645269
vn 0.055028 0.888305 -0.455944
vn 0.118198 0.583111 -0.803748
vn 0.055028 0.888305 -0.455944
vn 0.126262 0.875946 -0.465593
vn 0.126262 0.875946 -0.465593
vn 0.055028 0.888305 -0.455944
vn 0.000000 0.983490 -0.180962
vn -0.015718 0.353663 -0.935241
vn 0.118198 0.583111 -0.803748
vn 0.141781 0.102397 -0.984588
vn 0.015722 0.055028 -0.998361
vn -0.071038 0.228901 -0.970854
vn -0.015718 0.353663 -0.935241
vn 0.015722 0.055028 -0.998361
vn -0.015718 0.353663 -0.935241
vn 0.141781 0.102397 -0.984588
vn 0.118198 0.583111 -0.803748
vn 0.126262 0.875946 -0.465593
vn 0.268408 0.623654 -0.734175
vn 0.118198 0.583111 -0.803748
vn 0.268408 0.623654 -0.734175
vn 0.141781 0.102397 -0.984588
vn 0.268408 0.623654 -0.734175
vn 0.126262 0.875946 -0.465593
vn 0.211969 0.894978 -0.392534
vn 0.211969 0.894978 -0.392534
vn 0.126262 0.875946 -0.465593
vn 0.000000 0.983490 -0.180962
vn 0.141781 0.102397 -0.984588
vn 0.268408 0.623654 -0.734175
vn 0.323759 0.236897 -0.916002
vn 0.015722 0.055028 -0.998361
vn 0.141781 0.102397 -0.984588
vn 0.125735 -0.282904 -0.950871
vn 0.125735 -0.282904 -0.950871
vn 0.141781 0.102397 -0.984588
vn 0.323759 0.236897 -0.916002
vn 0.323759 0.236897 -0.916002
vn 0.268408 0.623654 -0.734175
vn 0.369518 0.684001 -0.628967
vn 0.369518 0.684001 -0.628967
vn 0.268408 0.623654 -0.734175
vn 0.211969 0.894978 -0.392534
vn 0.125735 -0.282904 -0.950871
vn 0.323759 0.236897 -0.916002
vn 0.322585 -0.220302 -0.920547
vn 0.323759 0.236897 -0.916002
vn 0.369518 0.684001 -0.628967
vn 0.435004 0.348003 -0.830461
vn 0.323759 0.236897 -0.916002
vn 0.435004 0.348003 -0.830461
vn 0.322585 -0.220302 -0.920547
vn 0.015722 0.055028 -0.998361
vn 0.125735 -0.282904 -0.950871
vn -0.007868 -0.251773 -0.967754
vn 0.435004 0.348003 -0.830461
vn 0.369518 0.684001 -0.628967
vn 0.526321 0.392777 -0.754131
vn 0.125735 -0.282904 -0.950871
vn 0.322585 -0.220302 -0.920547
vn 0.142063 -0.260449 -0.954979
vn 0.125735 -0.282904 -0.950871
vn 0.142063 -0.260449 -0.954979
vn -0.007868 -0.251773 -0.967754
vn 0.322585 -0.220302 -0.920547
vn 0.435004 0.348003 -0.830461
vn 0.418544 -0.007897 -0.908162
vn 0.418544 -0.007897 -0.908162
vn 0.435004 0.348003 -0.830461
vn 0.526321 0.392777 -0.754131
vn 0.142063 -0.260449 -0.954979
vn 0.322585 -0.220302 -0.920547
vn 0.297932 -0.235209 -0.925156
vn 0.297932 -0.235209 -0.925156
vn 0.322585 -0.220302 -0.920547
vn 0.418544 -0.007897 -0.908162
vn 0.526321 0.392777 -0.754131
vn 0.369518 0.684001 -0.628967
vn 0.481196 0.591634 -0.646854
vn 0.481196 0.591634 -0.646854
vn 0.369518 0.684001 -0.628967
vn 0.211969 0.894978 -0.392534
vn 0.418544 -0.007897 -0.908162
vn 0.526321 0.392777 -0.754131
vn 0.488568 0.299445 -0.819533
vn 0.488568 0.299445 -0.819533
vn 0.526321 0.392777 -0.754131
vn 0.481196 0.591634 -0.646854
vn 0.418544 -0.007897 -0.908162
vn 0.488568 0.299445 -0.819533
vn 0.402024 -0.047297 -0.914407
vn 0.297932 -0.235209 -0.925156
vn 0.418544 -0.007897 -0.908162
vn 0.354584 -0.196991 -0.914038
vn 0.354584 -0.196991 -0.914038
vn 0.418544 -0.007897 -0.908162
vn 0.402024 -0.047297 -0.914407
vn 0.402024 -0.047297 -0.914407
vn 0.488568 0.299445 -0.819533
vn 0.434677 0.165968 -0.885161
vn 0.434677 0.165968 -0.885161
vn 0.488568 0.299445 -0.819533
vn 0.481196 0.591634 -0.646854
vn 0.354584 -0.196991 -0.914038
vn 0.402024 -0.047297 -0.914407
vn 0.330340 -0.007865 -0.943829
vn 0.330340 -0.007865 -0.943829
vn 0.402024 -0.047297 -0.914407
vn 0.434677 0.165968 -0.885161
vn 0.297932 -0.235209 -0.925156
vn 0.354584 -0.196991 -0.914038
vn 0.291973 0.055238 -0.954830
vn 0.434677 0.165968 -0.885161
vn 0.481196 0.591634 -0.646854
vn 0.377859 0.566789 -0.732102
vn 0.180923 0.125859 -0.975411
vn 0.142063 -0.260449 -0.954979
vn 0.297932 -0.235209 -0.925156
vn 0.180923 0.125859 -0.975411
vn 0.297932 -0.235209 -0.925156
vn 0.291973 0.055238 -0.954830
vn 0.291973 0.055238 -0.954830
vn 0.354584 -0.196991 -0.914038
vn 0.376613 -0.031384 -0.925839
vn 0.376613 -0.031384 -0.925839
vn 0.354584 -0.196991 -0.914038
vn 0.330340 -0.007865 -0.943829
vn 0.330340 -0.007865 -0.943829
vn 0.434677 0.165968 -0.885161
vn 0.276268 0.315735 -0.907738
vn 0.276268 0.315735 -0.907738
vn 0.434677 0.165968 -0.885161
vn 0.377859 0.566789 -0.732102
vn 0.376613 -0.031384 -0.925839
vn 0.330340 -0.007865 -0.943829
vn 0.253133 0.482534 -0.838502
vn 0.291973 0.055238 -0.954830
vn 0.376613 -0.031384 -0.925839
vn 0.330310 0.377497 -0.865096
vn 0.253133 0.482534 -0.838502
vn 0.330340 -0.007865 -0.943829
vn 0.165426 0.512033 -0.842886
vn 0.165426 0.512033 -0.842886
vn 0.330340 -0.007865 -0.943829
vn 0.276268 0.315735 -0.907738
vn 0.376613 -0.031384 -0.925839
vn 0.253133 0.482534 -0.838502
vn 0.314027 0.376833 -0.871426
vn 0.376613 -0.031384 -0.925839
vn 0.314027 0.376833 -0.871426
vn 0.330310 0.377497 -0.865096
vn 0.314027 0.376833 -0.871426
vn 0.253133 0.482534 -0.838502
vn 0.133987 0.764515 -0.630527
vn 0.330310 0.377497 -0.865096
vn 0.314027 0.376833 -0.871426
vn 0.189252 0.717582 -0.670269
vn 0.189252 0.717582 -0.670269
vn 0.314027 0.376833 -0.871426
vn 0.133987 0.764515 -0.630527
vn 0.291973 0.055238 -0.954830
vn 0.330310 0.377497 -0.865096
vn 0.251773 0.448471 -0.857603
vn 0.291973 0.055238 -0.954830
vn 0.251773 0.448471 -0.857603
vn 0.180923 0.125859 -0.975411
vn 0.251773 0.448471 -0.857603
vn 0.330310 0.377497 -0.865096
vn 0.298768 0.613261 -0.731196
vn 0.298768 0.613261 -0.731196
vn 0.330310 0.377497 -0.865096
vn 0.189252 0.717582 -0.670269
vn 0.180923 0.125859 -0.975411
vn 0.251773 0.448471 -0.857603
vn 0.063080 0.520412 -0.851582
vn 0.251773 0.448471 -0.857603
vn 0.298768 0.613261 -0.731196
vn 0.236169 0.739997 -0.629785
vn 0.251773 0.448471 -0.857603
vn 0.236169 0.739997 -0.629785
vn 0.063080 0.520412 -0.851582
vn 0.298768 0.613261 -0.731196
vn 0.189252 0.717582 -0.670269
vn 0.196382 0.864082 -0.463462
vn 0.236169 0.739997 -0.629785
vn 0.298768 0.613261 -0.731196
vn 0.227937 0.872449 -0.432294
vn 0.227937 0.872449 -0.432294
vn 0.298768 0.613261 -0.731196
vn 0.196382 0.864082 -0.463462
vn 0.063080 0.520412 -0.851582
vn 0.236169 0.739997 -0.629785
vn 0.141979 0.749334 -0.646793
vn 0.236169 0.739997 -0.629785
vn 0.227937 0.872449 -0.432294
vn 0.157794 0.954652 -0.252470
vn 0.236169 0.739997 -0.629785
vn 0.157794 0.954652 -0.252470
vn 0.141979 0.749334 -0.646793
vn 0.157794 0.954652 -0.252470
vn 0.227937 0.872449 -0.432294
vn 0.149806 0.985567 -0.078845
vn 0.227937 0.872449 -0.432294
vn 0.196382 0.864082 -0.463462
vn 0.212434 0.952018 -0.220302
vn 0.227937 0.872449 -0.432294
vn 0.212434 0.952018 -0.220302
vn 0.149806 0.985567 -0.078845
vn 0.117964 0.865070 -0.487585
vn 0.196382 0.864082 -0.463462
vn 0.189252 0.717582 -0.670269
vn 0.117964 0.865070 -0.487585
vn 0.189252 0.717582 -0.670269
vn 0.118180 0.779987 -0.614535
vn 0.212434 0.952018 -0.220302
vn 0.196382 0.864082 -0.463462
vn 0.125607 0.965605 -0.227663
vn 0.125607 0.965605 -0.227663
vn 0.196382 0.864082 -0.463462
vn 0.117964 0.865070 -0.487585
vn 0.125607 0.965605 -0.227663
vn 0.117964 0.865070 -0.487585
vn 0.094465 0.921032 -0.377859
vn 0.094465 0.921032 -0.377859
vn 0.117964 0.865070 -0.487585
vn 0.118180 0.779987 -0.614535
vn 0.212434 0.952018 -0.220302
vn 0.125607 0.965605 -0.227663
vn 0.117811 0.981759 -0.149227
vn 0.125607 0.965605 -0.227663
vn 0.094465 0.921032 -0.377859
vn 0.031556 0.978230 -0.205113
vn 0.125607 0.965605 -0.227663
vn 0.031556 0.978230 -0.205113
vn 0.117811 0.981759 -0.149227
vn 0.133987 0.764515 -0.630527
vn 0.118180 0.779987 -0.614535
vn 0.189252 0.717582 -0.670269
vn 0.212434 0.952018 -0.220302
vn 0.117811 0.981759 -0.149227
vn 0.180822 0.982730 -0.039309
vn 0.212434 0.952018 -0.220302
vn 0.180822 0.982730 -0.039309
vn 0.149806 0.985567 -0.078845
vn 0.180822 0.982730 -0.039309
vn 0.117811 0.981759 -0.149227
vn 0.118033 0.991481 -0.055082
vn 0.118033 0.991481 -0.055082
vn 0.117811 0.981759 -0.149227
vn 0.031556 0.978230 -0.205113
vn 0.149806 0.985567 -0.078845
vn 0.180822 0.982730 -0.039309
vn 0.133445 0.989065 -0.062798
vn 0.055009 0.880145 -0.471506
vn 0.094465 0.921032 -0.377859
vn 0.118180 0.779987 -0.614535
vn 0.094465 0.921032 -0.377859
vn 0.055009 0.880145 -0.471506
vn 0.031556 0.978230 -0.205113
vn 0.055009 0.880145 -0.471506
vn 0.118180 0.779987 -0.614535
vn -0.007860 0.935328 -0.353695
vn 0.031556 0.978230 -0.205113
vn 0.055009 0.880145 -0.471506
vn -0.078809 0.977227 -0.197021
vn 0.078604 0.809619 -0.581668
vn 0.118180 0.779987 -0.614535
vn 0.133987 0.764515 -0.630527
vn 0.118180 0.779987 -0.614535
vn 0.078604 0.809619 -0.581668
vn -0.007860 0.935328 -0.353695
vn -0.078809 0.977227 -0.197021
vn 0.055009 0.880145 -0.471506
vn -0.086892 0.979511 -0.181683
vn -0.086892 0.979511 -0.181683
vn 0.055009 0.880145 -0.471506
vn -0.007860 0.935328 -0.353695
vn 0.031556 0.978230 -0.205113
vn -0.078809 0.977227 -0.197021
vn -0.141781 0.984588 -0.102397
vn -0.078809 0.977227 -0.197021
vn -0.086892 0.979511 -0.181683
vn -0.133445 0.989065 -0.062798
vn -0.078809 0.977227 -0.197021
vn -0.133445 0.989065 -0.062798
vn -0.141781 0.984588 -0.102397
vn 0.031556 0.978230 -0.205113
vn -0.141781 0.984588 -0.102397
vn 0.007888 0.993853 -0.110428
vn 0.031556 0.978230 -0.205113
vn 0.007888 0.993853 -0.110428
vn 0.118033 0.991481 -0.055082
vn -0.141781 0.984588 -0.102397
vn -0.133445 0.989065 -0.062798
vn -0.282312 0.956723 0.070578
vn -0.086892 0.979511 -0.181683
vn -0.007860 0.935328 -0.353695
vn -0.055212 0.985934 -0.157750
vn -0.086892 0.979511 -0.181683
vn -0.055212 0.985934 -0.157750
vn -0.133445 0.989065 -0.062798
vn 0.007888 0.993853 -0.110428
vn -0.141781 0.984588 -0.102397
vn -0.275916 0.953880 0.118250
vn -0.275916 0.953880 0.118250
vn -0.141781 0.984588 -0.102397
vn -0.282312 0.956723 0.070578
vn 0.007888 0.993853 -0.110428
vn -0.275916 0.953880 0.118250
vn -0.094794 0.987441 0.126392
vn 0.007888 0.993853 -0.110428
vn -0.094794 0.987441 0.126392
vn 0.118033 0.991481 -0.055082
vn -0.094794 0.987441 0.126392
vn -0.275916 0.953880 0.118250
vn -0.316050 0.924446 0.213334
vn -0.316050 0.924446 0.213334
vn -0.275916 0.953880 0.118250
vn -0.282312 0.956723 0.070578
vn 0.118033 0.991481 -0.055082
vn -0.094794 0.987441 0.126392
vn 0.086515 0.990990 0.102245
vn -0.086903 0.995433 -0.039501
vn -0.282312 0.956723 0.070578
vn -0.133445 0.989065 -0.062798
vn -0.086903 0.995433 -0.039501
vn -0.133445 0.989065 -0.062798
vn -0.055212 0.985934 -0.157750
vn -0.282312 0.956723 0.070578
vn -0.086903 0.995433 -0.039501
vn -0.212008 0.965813 0.149191
vn 0.086515 0.990990 0.102245
vn -0.094794 0.987441 0.126392
vn -0.094585 0.977378 0.189170
vn -0.094585 0.977378 0.189170
vn -0.094794 0.987441 0.126392
vn -0.316050 0.924446 0.213334
vn 0.118033 0.991481 -0.055082
vn 0.086515 0.990990 0.102245
vn 0.173336 0.984863 0.000000
vn 0.118033 0.991481 -0.055082
vn 0.173336 0.984863 0.000000
vn 0.180822 0.982730 -0.039309
vn 0.180822 0.982730 -0.039309
vn 0.173336 0.984863 0.000000
vn 0.133445 0.989065 -0.062798
vn -0.330269 0.927898 0.172998
vn -0.316050 0.924446 0.213334
vn -0.282312 0.956723 0.070578
vn -0.330269 0.927898 0.172998
vn -0.282312 0.956723 0.070578
vn -0.212008 0.965813 0.149191
vn -0.094585 0.977378 0.189170
vn -0.316050 0.924446 0.213334
vn -0.133507 0.989522 0.054973
vn -0.316050 0.924446 0.213334
vn -0.330269 0.927898 0.172998
vn -0.331739 0.924129 0.189565
vn -0.316050 0.924446 0.213334
vn -0.331739 0.924129 0.189565
vn -0.133507 0.989522 0.054973
vn -0.330269 0.927898 0.172998
vn -0.212008 0.965813 0.149191
vn -0.260611 0.939780 0.221125
vn -0.331739 0.924129 0.189565
vn -0.330269 0.927898 0.172998
vn -0.393799 0.866357 0.307163
vn -0.393799 0.866357 0.307163
vn -0.330269 0.927898 0.172998
vn -0.260611 0.939780 0.221125
vn -0.094585 0.977378 0.189170
vn -0.133507 0.989522 0.054973
vn -0.086280 0.925554 0.368653
vn -0.133507 0.989522 0.054973
vn -0.331739 0.924129 0.189565
vn -0.227579 0.894620 0.384530
vn -0.133507 0.989522 0.054973
vn -0.227579 0.894620 0.384530
vn -0.086280 0.925554 0.368653
vn -0.227579 0.894620 0.384530
vn -0.331739 0.924129 0.189565
vn -0.449908 0.797206 0.402549
vn -0.449908 0.797206 0.402549
vn -0.331739 0.924129 0.189565
vn -0.393799 0.866357 0.307163
vn -0.449908 0.797206 0.402549
vn -0.393799 0.866357 0.307163
vn -0.480777 0.717225 0.504422
vn -0.227579 0.894620 0.384530
vn -0.449908 0.797206 0.402549
vn -0.551455 0.527821 0.645990
vn -0.449908 0.797206 0.402549
vn -0.480777 0.717225 0.504422
vn -0.518978 0.542568 0.660517
vn -0.449908 0.797206 0.402549
vn -0.518978 0.542568 0.660517
vn -0.551455 0.527821 0.645990
vn -0.518978 0.542568 0.660517
vn -0.480777 0.717225 0.504422
vn -0.338279 0.550686 0.763094
vn -0.338279 0.550686 0.763094
vn -0.480777 0.717225 0.504422
vn -0.393799 0.866357 0.307163
vn -0.227579 0.894620 0.384530
vn -0.551455 0.527821 0.645990
vn -0.362971 0.654925 0.662816
vn -0.227579 0.894620 0.384530
vn -0.362971 0.654925 0.662816
vn -0.086280 0.925554 0.368653
vn -0.551455 0.527821 0.645990
vn -0.518978 0.542568 0.660517
vn -0.504187 0.622356 0.598722
vn -0.338279 0.550686 0.763094
vn -0.393799 0.866357 0.307163
vn -0.307306 0.843121 0.441260
vn -0.307306 0.843121 0.441260
vn -0.393799 0.866357 0.307163
vn -0.260611 0.939780 0.221125
vn -0.518978 0.542568 0.660517
vn -0.338279 0.550686 0.763094
vn -0.331284 0.552140 0.765109
vn -0.518978 0.542568 0.660517
vn -0.331284 0.552140 0.765109
vn -0.504187 0.622356 0.598722
vn -0.338279 0.550686 0.763094
vn -0.307306 0.843121 0.441260
vn -0.242975 0.674059 0.697573
vn -0.338279 0.550686 0.763094
vn -0.242975 0.674059 0.697573
vn -0.331284 0.552140 0.765109
vn -0.307306 0.843121 0.441260
vn -0.260611 0.939780 0.221125
vn -0.228233 0.802752 0.550908
vn -0.307306 0.843121 0.441260
vn -0.228233 0.802752 0.550908
vn -0.242975 0.674059 0.697573
vn -0.228233 0.802752 0.550908
vn -0.260611 0.939780 0.221125
vn -0.110356 0.922261 0.370481
vn -0.331284 0.552140 0.765109
vn -0.242975 0.674059 0.697573
vn -0.150030 0.718565 0.679084
vn -0.150030 0.718565 0.679084
vn -0.242975 0.674059 0.697573
vn -0.228233 0.802752 0.550908
vn -0.321839 0.722174 0.612278
vn -0.504187 0.622356 0.598722
vn -0.331284 0.552140 0.765109
vn -0.321839 0.722174 0.612278
vn -0.331284 0.552140 0.765109
vn -0.150030 0.718565 0.679084
vn -0.510090 0.604261 0.612108
vn -0.551455 0.527821 0.645990
vn -0.504187 0.622356 0.598722
vn -0.551455 0.527821 0.645990
vn -0.510090 0.604261 0.612108
vn -0.362971 0.654925 0.662816
vn -0.504187 0.622356 0.598722
vn -0.321839 0.722174 0.612278
vn -0.486323 0.666733 0.564762
vn -0.504187 0.622356 0.598722
vn -0.486323 0.666733 0.564762
vn -0.510090 0.604261 0.612108
vn -0.362971 0.654925 0.662816
vn -0.510090 0.604261 0.612108
vn -0.244269 0.756445 0.606732
vn -0.362971 0.654925 0.662816
vn -0.244269 0.756445 0.606732
vn -0.086280 0.925554 0.368653
vn -0.510090 0.604261 0.612108
vn -0.486323 0.666733 0.564762
vn -0.495510 0.503376 0.707872
vn -0.510090 0.604261 0.612108
vn -0.495510 0.503376 0.707872
vn -0.244269 0.756445 0.606732
vn -0.486323 0.666733 0.564762
vn -0.321839 0.722174 0.612278
vn -0.283386 0.779310 0.558899
vn -0.283386 0.779310 0.558899
vn -0.321839 0.722174 0.612278
vn -0.055260 0.836802 0.544710
vn -0.055260 0.836802 0.544710
vn -0.321839 0.722174 0.612278
vn -0.150030 0.718565 0.679084
vn -0.486323 0.666733 0.564762
vn -0.283386 0.779310 0.558899
vn -0.418714 0.418714 0.805827
vn -0.486323 0.666733 0.564762
vn -0.418714 0.418714 0.805827
vn -0.495510 0.503376 0.707872
vn -0.244269 0.756445 0.606732
vn -0.495510 0.503376 0.707872
vn -0.322425 0.526890 0.786403
vn -0.102094 0.675388 0.730362
vn -0.086280 0.925554 0.368653
vn -0.244269 0.756445 0.606732
vn -0.102094 0.675388 0.730362
vn -0.244269 0.756445 0.606732
vn -0.322425 0.526890 0.786403
vn -0.086280 0.925554 0.368653
vn -0.102094 0.675388 0.730362
vn 0.007873 0.928990 0.370021
vn -0.086280 0.925554 0.368653
vn 0.007873 0.928990 0.370021
vn -0.094585 0.977378 0.189170
vn -0.102094 0.675388 0.730362
vn -0.322425 0.526890 0.786403
vn -0.173768 0.102681 0.979419
vn -0.094585 0.977378 0.189170
vn 0.007873 0.928990 0.370021
vn 0.086515 0.990990 0.102245
vn -0.102094 0.675388 0.730362
vn -0.173768 0.102681 0.979419
vn -0.015711 0.699121 0.714831
vn -0.102094 0.675388 0.730362
vn -0.015711 0.699121 0.714831
vn 0.007873 0.928990 0.370021
vn -0.173768 0.102681 0.979419
vn -0.322425 0.526890 0.786403
vn -0.316070 0.031607 0.948209
vn -0.316070 0.031607 0.948209
vn -0.322425 0.526890 0.786403
vn -0.495510 0.503376 0.707872
vn -0.316070 0.031607 0.948209
vn -0.495510 0.503376 0.707872
vn -0.463992 0.094371 0.880798
vn -0.463992 0.094371 0.880798
vn -0.495510 0.503376 0.707872
vn -0.418714 0.418714 0.805827
vn -0.316070 0.031607 0.948209
vn -0.463992 0.094371 0.880798
vn -0.385528 0.062943 0.920547
vn -0.385528 0.062943 0.920547
vn -0.463992 0.094371 0.880798
vn -0.418714 0.418714 0.805827
vn -0.316070 0.031607 0.948209
vn -0.385528 0.062943 0.920547
vn -0.306735 -0.015730 0.951665
vn -0.306735 -0.015730 0.951665
vn -0.385528 0.062943 0.920547
vn -0.244383 0.575482 0.780448
vn -0.385528 0.062943 0.920547
vn -0.418714 0.418714 0.805827
vn -0.299027 0.346242 0.889213
vn -0.385528 0.062943 0.920547
vn -0.299027 0.346242 0.889213
vn -0.244383 0.575482 0.780448
vn -0.299027 0.346242 0.889213
vn -0.418714 0.418714 0.805827
vn -0.236838 0.402625 0.884195
vn -0.244383 0.575482 0.780448
vn -0.299027 0.346242 0.889213
vn -0.149227 0.683305 0.714721
vn -0.149227 0.683305 0.714721
vn -0.299027 0.346242 0.889213
vn -0.236838 0.402625 0.884195
vn -0.236838 0.402625 0.884195
vn -0.418714 0.418714 0.805827
vn -0.180672 0.714831 0.675555
vn -0.180672 0.714831 0.675555
vn -0.418714 0.418714 0.805827
vn -0.283386 0.779310 0.558899
vn -0.180672 0.714831 0.675555
vn -0.283386 0.779310 0.558899
vn 0.000000 0.840412 0.541948
vn -0.236838 0.402625 0.884195
vn -0.180672 0.714831 0.675555
vn -0.078958 0.647458 0.758000
vn -0.078958 0.647458 0.758000
vn -0.180672 0.714831 0.675555
vn 0.000000 0.840412 0.541948
vn -0.236838 0.402625 0.884195
vn -0.078958 0.647458 0.758000
vn -0.141535 0.684086 0.715538
vn -0.236838 0.402625 0.884195
vn -0.141535 0.684086 0.715538
vn -0.149227 0.683305 0.714721
vn -0.086352 0.855672 0.510263
vn -0.244383 0.575482 0.780448
vn -0.149227 0.683305 0.714721
vn -0.244383 0.575482 0.780448
vn -0.086352 0.855672 0.510263
vn -0.149993 0.892062 0.426295
vn -0.149993 0.892062 0.426295
vn -0.086352 0.855672 0.510263
vn -0.055307 0.971824 0.229129
vn -0.086352 0.855672 0.510263
vn -0.149227 0.683305 0.714721
vn -0.031363 0.901690 0.431243
vn -0.086352 0.855672 0.510263
vn -0.031363 0.901690 0.431243
vn -0.055307 0.971824 0.229129
vn -0.149227 0.683305 0.714721
vn -0.141535 0.684086 0.715538
vn -0.047415 0.798151 0.600589
vn -0.149227 0.683305 0.714721
vn -0.047415 0.798151 0.600589
vn -0.031363 0.901690 0.431243
vn -0.031586 0.710691 0.702795
vn -0.141535 0.684086 0.715538
vn -0.078958 0.647458 0.758000
vn -0.141535 0.684086 0.715538
vn -0.031586 0.710691 0.702795
vn -0.047415 0.798151 0.600589
vn -0.031586 0.710691 0.702795
vn -0.078958 0.647458 0.758000
vn 0.031563 0.733832 0.678597
vn 0.031563 0.733832 0.678597
vn -0.078958 0.647458 0.758000
vn 0.000000 0.840412 0.541948
vn -0.047415 0.798151 0.600589
vn -0.031586 0.710691 0.702795
vn 0.031404 0.722285 0.690882
vn 0.031404 0.722285 0.690882
vn -0.031586 0.710691 0.702795
vn 0.031563 0.733832 0.678597
vn -0.031363 0.901690 0.431243
vn -0.047415 0.798151 0.600589
vn 0.015695 0.808297 0.588566
vn 0.015695 0.808297 0.588566
vn -0.047415 0.798151 0.600589
vn 0.031404 0.722285 0.690882
vn 0.023644 0.922118 0.386186
vn -0.055307 0.971824 0.229129
vn -0.031363 0.901690 0.431243
vn 0.023644 0.922118 0.386186
vn -0.031363 0.901690 0.431243
vn 0.015695 0.808297 0.588566
vn -0.055307 0.971824 0.229129
vn 0.023644 0.922118 0.386186
vn 0.676390 0.731445 0.086515
vn -0.055307 0.971824 0.229129
vn 0.676390 0.731445 0.086515
vn 0.734816 0.671606 0.094815
vn 0.023644 0.922118 0.386186
vn 0.015695 0.808297 0.588566
vn 0.047186 0.888663 0.456128
vn 0.734816 0.671606 0.094815
vn 0.676390 0.731445 0.086515
vn 0.676495 -0.291050 -0.676495
vn 0.676390 0.731445 0.086515
vn 0.023644 0.922118 0.386186
vn 0.709785 0.654579 0.260254
vn 0.709785 0.654579 0.260254
vn 0.023644 0.922118 0.386186
vn 0.047186 0.888663 0.456128
vn 0.676390 0.731445 0.086515
vn 0.709785 0.654579 0.260254
vn 0.676495 -0.291050 -0.676495
vn 0.709785 0.654579 0.260254
vn 0.047186 0.888663 0.456128
vn 0.685443 0.590899 0.425447
vn 0.685443 0.590899 0.425447
vn 0.047186 0.888663 0.456128
vn 0.015695 0.808297 0.588566
vn 0.709785 0.654579 0.260254
vn 0.685443 0.590899 0.425447
vn 0.676495 -0.291050 -0.676495
vn 0.685443 0.590899 0.425447
vn 0.015695 0.808297 0.588566
vn -0.684086 0.542551 0.487509
vn -0.684086 0.542551 0.487509
vn 0.015695 0.808297 0.588566
vn 0.031404 0.722285 0.690882
vn 0.685443 0.590899 0.425447
vn -0.684086 0.542551 0.487509
vn 0.707347 0.526581 0.471565
vn 0.707347 0.526581 0.471565
vn -0.684086 0.542551 0.487509
vn 0.031404 0.722285 0.690882
vn 0.685443 0.590899 0.425447
vn 0.707347 0.526581 0.471565
vn 0.676495 -0.291050 -0.676495
vn 0.707347 0.526581 0.471565
vn 0.031404 0.722285 0.690882
vn 0.691885 0.448153 0.566087
vn 0.707347 0.526581 0.471565
vn 0.691885 0.448153 0.566087
vn 0.676495 -0.291050 -0.676495
vn 0.691885 0.448153 0.566087
vn 0.031404 0.722285 0.690882
vn 0.765371 0.418192 0.489206
vn 0.691885 0.448153 0.566087
vn 0.765371 0.418192 0.489206
vn 0.676495 -0.291050 -0.676495
vn 0.765371 0.418192 0.489206
vn 0.031404 0.722285 0.690882
vn 0.031563 0.733832 0.678597
vn 0.765371 0.418192 0.489206
vn 0.031563 0.733832 0.678597
vn 0.789263 0.489343 0.370954
vn 0.765371 0.418192 0.489206
vn 0.789263 0.489343 0.370954
vn 0.676495 -0.291050 -0.676495
vn 0.789263 0.489343 0.370954
vn 0.031563 0.733832 0.678597
vn 0.834129 0.535101 0.133775
vn 0.789263 0.489343 0.370954
vn 0.834129 0.535101 0.133775
vn 0.676495 -0.291050 -0.676495
vn 0.834129 0.535101 0.133775
vn 0.031563 0.733832 0.678597
vn 0.000000 0.840412 0.541948
vn 0.834129 0.535101 0.133775
vn 0.000000 0.840412 0.541948
vn 0.738967 0.660354 0.133643
vn 0.834129 0.535101 0.133775
vn 0.738967 0.660354 0.133643
vn 0.676495 -0.291050 -0.676495
vn 0.738967 0.660354 0.133643
vn 0.000000 0.840412 0.541948
vn -0.055260 0.836802 0.544710
vn -0.055260 0.836802 0.544710
vn 0.000000 0.840412 0.541948
vn -0.283386 0.779310 0.558899
vn 0.738967 0.660354 0.133643
vn -0.055260 0.836802 0.544710
vn 0.771200 0.629551 0.094433
vn 0.738967 0.660354 0.133643
vn 0.771200 0.629551 0.094433
vn 0.676495 -0.291050 -0.676495
vn 0.771200 0.629551 0.094433
vn -0.055260 0.836802 0.544710
vn 0.667308 0.706562 0.235521
vn 0.667308 0.706562 0.235521
vn -0.055260 0.836802 0.544710
vn -0.150030 0.718565 0.679084
vn 0.771200 0.629551 0.094433
vn 0.667308 0.706562 0.235521
vn 0.685848 0.559715 0.465115
vn 0.685848 0.559715 0.465115
vn 0.667308 0.706562 0.235521
vn -0.150030 0.718565 0.679084
vn 0.771200 0.629551 0.094433
vn 0.685848 0.559715 0.465115
vn 0.676495 -0.291050 -0.676495
vn 0.685848 0.559715 0.465115
vn -0.150030 0.718565 0.679084
vn 0.740043 0.527477 0.417258
vn 0.685848 0.559715 0.465115
vn 0.740043 0.527477 0.417258
vn 0.676495 -0.291050 -0.676495
vn 0.740043 0.527477 0.417258
vn -0.150030 0.718565 0.679084
vn -0.015721 0.801784 0.597407
vn -0.015721 0.801784 0.597407
vn -0.150030 0.718565 0.679084
vn -0.228233 0.802752 0.550908
vn 0.740043 0.527477 0.417258
vn -0.015721 0.801784 0.597407
vn 0.709079 0.543627 0.449084
vn 0.740043 0.527477 0.417258
vn 0.709079 0.543627 0.449084
vn 0.676495 -0.291050 -0.676495
vn -0.015721 0.801784 0.597407
vn -0.228233 0.802752 0.550908
vn -0.110356 0.922261 0.370481
vn 0.709079 0.543627 0.449084
vn -0.015721 0.801784 0.597407
vn 0.776787 0.541397 0.321700
vn 0.776787 0.541397 0.321700
vn -0.015721 0.801784 0.597407
vn -0.110356 0.922261 0.370481
vn 0.709079 0.543627 0.449084
vn 0.776787 0.541397 0.321700
vn 0.676495 -0.291050 -0.676495
vn 0.776787 0.541397 0.321700
vn -0.110356 0.922261 0.370481
vn 0.629999 0.669374 0.393750
vn 0.776787 0.541397 0.321700
vn 0.629999 0.669374 0.393750
vn 0.676495 -0.291050 -0.676495
vn 0.629999 0.669374 0.393750
vn -0.110356 0.922261 0.370481
vn 0.770961 0.574287 0.275343
vn 0.629999 0.669374 0.393750
vn 0.770961 0.574287 0.275343
vn 0.676495 -0.291050 -0.676495
vn 0.770961 0.574287 0.275343
vn -0.110356 0.922261 0.370481
vn -0.070827 0.983703 0.165262
vn -0.070827 0.983703 0.165262
vn -0.110356 0.922261 0.370481
vn -0.260611 0.939780 0.221125
vn 0.676495 -0.291050 -0.676495
vn 0.770961 0.574287 0.275343
vn 0.721841 0.690456 0.047077
vn 0.721841 0.690456 0.047077
vn 0.770961 0.574287 0.275343
vn -0.070827 0.983703 0.165262
vn -0.070827 0.983703 0.165262
vn -0.260611 0.939780 0.221125
vn -0.212008 0.965813 0.149191
vn 0.676495 -0.291050 -0.676495
vn 0.721841 0.690456 0.047077
vn 0.965843 -0.259129 0.000000
vn 0.721841 0.690456 0.047077
vn -0.070827 0.983703 0.165262
vn 0.690690 0.722085 0.039244
vn 0.721841 0.690456 0.047077
vn 0.690690 0.722085 0.039244
vn 0.965843 -0.259129 0.000000
vn -0.070827 0.983703 0.165262
vn -0.212008 0.965813 0.149191
vn -0.054992 0.997714 0.039280
vn -0.070827 0.983703 0.165262
vn -0.054992 0.997714 0.039280
vn 0.690690 0.722085 0.039244
vn -0.054992 0.997714 0.039280
vn -0.212008 0.965813 0.149191
vn -0.086903 0.995433 -0.039501
vn 0.965843 -0.259129 0.000000
vn 0.690690 0.722085 0.039244
vn 0.706562 0.706562 0.039253
vn 0.706562 0.706562 0.039253
vn 0.690690 0.722085 0.039244
vn -0.054992 0.997714 0.039280
vn 0.965843 -0.259129 0.000000
vn 0.706562 0.706562 0.039253
vn 0.691223 0.722642 0.000000
vn 0.691223 0.722642 0.000000
vn 0.706562 0.706562 0.039253
vn -0.054992 0.997714 0.039280
vn -0.054992 0.997714 0.039280
vn -0.086903 0.995433 -0.039501
vn -0.055212 0.985934 -0.157750
vn 0.965843 -0.259129 0.000000
vn 0.691223 0.722642 0.000000
vn 0.691223 0.722642 0.000000
vn 0.691223 0.722642 0.000000
vn 0.691223 0.722642 0.000000
vn -0.054992 0.997714 0.039280
vn 0.691223 0.722642 0.000000
vn -0.054992 0.997714 0.039280
vn -0.039338 0.999195 0.007868
vn -0.039338 0.999195 0.007868
vn -0.054992 0.997714 0.039280
vn -0.055212 0.985934 -0.157750
vn 0.965843 -0.259129 0.000000
vn 0.691223 0.722642 0.000000
vn 0.705714 0.705714 -0.062730
vn 0.705714 0.705714 -0.062730
vn 0.691223 0.722642 0.000000
vn -0.039338 0.999195 0.007868
vn 0.965843 -0.259129 0.000000
vn 0.705714 0.705714 -0.062730
vn 0.629064 0.770603 -0.102223
vn 0.705714 0.705714 -0.062730
vn -0.039338 0.999195 0.007868
vn -0.062943 0.967754 -0.243906
vn -0.062943 0.967754 -0.243906
vn -0.039338 0.999195 0.007868
vn -0.055212 0.985934 -0.157750
vn 0.705714 0.705714 -0.062730
vn -0.062943 0.967754 -0.243906
vn 0.629064 0.770603 -0.102223
vn 0.965843 -0.259129 0.000000
vn 0.629064 0.770603 -0.102223
vn 0.676495 -0.291050 0.676495
vn 0.629064 0.770603 -0.102223
vn -0.062943 0.967754 -0.243906
vn 0.692549 0.716158 -0.086569
vn 0.629064 0.770603 -0.102223
vn 0.692549 0.716158 -0.086569
vn 0.676495 -0.291050 0.676495
vn -0.062943 0.967754 -0.243906
vn -0.055212 0.985934 -0.157750
vn -0.039335 0.928300 -0.369747
vn 0.692549 0.716158 -0.086569
vn -0.062943 0.967754 -0.243906
vn 0.732420 0.590661 -0.338646
vn 0.692549 0.716158 -0.086569
vn 0.732420 0.590661 -0.338646
vn 0.676495 -0.291050 0.676495
vn -0.039335 0.928300 -0.369747
vn -0.055212 0.985934 -0.157750
vn -0.039552 0.917606 -0.395520
vn -0.039552 0.917606 -0.395520
vn -0.055212 0.985934 -0.157750
vn -0.007860 0.935328 -0.353695
vn -0.062943 0.967754 -0.243906
vn -0.039335 0.928300 -0.369747
vn 0.007885 0.812107 -0.583456
vn 0.007885 0.812107 -0.583456
vn -0.039335 0.928300 -0.369747
vn -0.039552 0.917606 -0.395520
vn 0.732420 0.590661 -0.338646
vn -0.062943 0.967754 -0.243906
vn -0.063230 0.869409 -0.490031
vn -0.063230 0.869409 -0.490031
vn -0.062943 0.967754 -0.243906
vn 0.007885 0.812107 -0.583456
vn 0.732420 0.590661 -0.338646
vn -0.063230 0.869409 -0.490031
vn 0.631489 0.631489 -0.449936
vn 0.732420 0.590661 -0.338646
vn 0.631489 0.631489 -0.449936
vn 0.676495 -0.291050 0.676495
vn -0.039552 0.917606 -0.395520
vn -0.007860 0.935328 -0.353695
vn 0.039408 0.843331 -0.535948
vn -0.039552 0.917606 -0.395520
vn 0.039408 0.843331 -0.535948
vn 0.007885 0.812107 -0.583456
vn 0.039408 0.843331 -0.535948
vn -0.007860 0.935328 -0.353695
vn 0.078604 0.809619 -0.581668
vn 0.039408 0.843331 -0.535948
vn 0.078604 0.809619 -0.581668
vn 0.110549 0.702773 -0.702773
vn 0.039408 0.843331 -0.535948
vn 0.110549 0.702773 -0.702773
vn 0.007885 0.812107 -0.583456
vn 0.110549 0.702773 -0.702773
vn 0.078604 0.809619 -0.581668
vn 0.133987 0.764515 -0.630527
vn 0.110549 0.702773 -0.702773
vn 0.133987 0.764515 -0.630527
vn 0.102845 0.767380 -0.632891
vn 0.110549 0.702773 -0.702773
vn 0.102845 0.767380 -0.632891
vn 0.007885 0.812107 -0.583456
vn 0.102845 0.767380 -0.632891
vn 0.133987 0.764515 -0.630527
vn 0.253133 0.482534 -0.838502
vn 0.102845 0.767380 -0.632891
vn 0.253133 0.482534 -0.838502
vn 0.165426 0.512033 -0.842886
vn 0.102845 0.767380 -0.632891
vn 0.165426 0.512033 -0.842886
vn 0.055183 0.480882 -0.875047
vn 0.102845 0.767380 -0.632891
vn 0.055183 0.480882 -0.875047
vn 0.007885 0.812107 -0.583456
vn 0.055183 0.480882 -0.875047
vn 0.165426 0.512033 -0.842886
vn 0.276268 0.315735 -0.907738
vn 0.007885 0.812107 -0.583456
vn 0.055183 0.480882 -0.875047
vn -0.047257 0.614345 -0.787621
vn 0.007885 0.812107 -0.583456
vn -0.047257 0.614345 -0.787621
vn -0.063230 0.869409 -0.490031
vn 0.055183 0.480882 -0.875047
vn 0.276268 0.315735 -0.907738
vn 0.086483 0.400966 -0.912002
vn 0.055183 0.480882 -0.875047
vn 0.086483 0.400966 -0.912002
vn -0.047257 0.614345 -0.787621
vn 0.086483 0.400966 -0.912002
vn 0.276268 0.315735 -0.907738
vn 0.094697 0.654987 -0.749683
vn -0.063230 0.869409 -0.490031
vn -0.047257 0.614345 -0.787621
vn 0.706279 0.572871 -0.415920
vn -0.063230 0.869409 -0.490031
vn 0.706279 0.572871 -0.415920
vn 0.631489 0.631489 -0.449936
vn 0.094697 0.654987 -0.749683
vn 0.276268 0.315735 -0.907738
vn 0.377859 0.566789 -0.732102
vn 0.631489 0.631489 -0.449936
vn 0.706279 0.572871 -0.415920
vn 0.676495 -0.291050 0.676495
vn -0.047257 0.614345 -0.787621
vn 0.086483 0.400966 -0.912002
vn -0.007870 0.472207 -0.881453
vn -0.007870 0.472207 -0.881453
vn 0.086483 0.400966 -0.912002
vn 0.094697 0.654987 -0.749683
vn 0.706279 0.572871 -0.415920
vn -0.047257 0.614345 -0.787621
vn 0.720754 0.391714 -0.571903
vn 0.720754 0.391714 -0.571903
vn -0.047257 0.614345 -0.787621
vn -0.007870 0.472207 -0.881453
vn 0.706279 0.572871 -0.415920
vn 0.720754 0.391714 -0.571903
vn 0.676495 -0.291050 0.676495
vn 0.720754 0.391714 -0.571903
vn -0.007870 0.472207 -0.881453
vn 0.700050 0.322495 -0.637124
vn 0.720754 0.391714 -0.571903
vn 0.700050 0.322495 -0.637124
vn 0.676495 -0.291050 0.676495
vn 0.700050 0.322495 -0.637124
vn -0.007870 0.472207 -0.881453
vn 0.676997 0.393603 -0.621893
vn 0.700050 0.322495 -0.637124
vn 0.676997 0.393603 -0.621893
vn 0.676495 -0.291050 0.676495
vn 0.676997 0.393603 -0.621893
vn -0.007870 0.472207 -0.881453
vn 0.723961 0.369850 -0.582316
vn 0.676997 0.393603 -0.621893
vn 0.723961 0.369850 -0.582316
vn 0.676495 -0.291050 0.676495
vn 0.723961 0.369850 -0.582316
vn -0.007870 0.472207 -0.881453
vn -0.023589 0.636907 -0.770579
vn -0.023589 0.636907 -0.770579
vn -0.007870 0.472207 -0.881453
vn 0.094697 0.654987 -0.749683
vn 0.723961 0.369850 -0.582316
vn -0.023589 0.636907 -0.770579
vn 0.676997 0.393603 -0.621893
vn 0.723961 0.369850 -0.582316
vn 0.676997 0.393603 -0.621893
vn 0.676495 -0.291050 0.676495
vn -0.023589 0.636907 -0.770579
vn 0.094697 0.654987 -0.749683
vn -0.039335 0.763094 -0.645090
vn 0.676997 0.393603 -0.621893
vn -0.023589 0.636907 -0.770579
vn 0.663002 0.505144 -0.552501
vn 0.676997 0.393603 -0.621893
vn 0.663002 0.505144 -0.552501
vn 0.676495 -0.291050 0.676495
vn 0.663002 0.505144 -0.552501
vn -0.023589 0.636907 -0.770579
vn -0.039335 0.763094 -0.645090
vn 0.663002 0.505144 -0.552501
vn -0.039335 0.763094 -0.645090
vn 0.646251 0.598964 -0.472866
vn 0.663002 0.505144 -0.552501
vn 0.646251 0.598964 -0.472866
vn 0.676495 -0.291050 0.676495
vn -0.039335 0.763094 -0.645090
vn 0.094697 0.654987 -0.749683
vn 0.133643 0.738967 -0.660354
vn 0.133643 0.738967 -0.660354
vn 0.094697 0.654987 -0.749683
vn 0.377859 0.566789 -0.732102
vn 0.646251 0.598964 -0.472866
vn -0.039335 0.763094 -0.645090
vn 0.667535 0.667535 -0.329841
vn 0.646251 0.598964 -0.472866
vn 0.667535 0.667535 -0.329841
vn 0.676495 -0.291050 0.676495
vn -0.039335 0.763094 -0.645090
vn 0.133643 0.738967 -0.660354
vn -0.007891 0.915403 -0.402462
vn -0.039335 0.763094 -0.645090
vn -0.007891 0.915403 -0.402462
vn 0.667535 0.667535 -0.329841
vn 0.667535 0.667535 -0.329841
vn -0.007891 0.915403 -0.402462
vn 0.695332 0.695332 -0.181734
vn 0.667535 0.667535 -0.329841
vn 0.695332 0.695332 -0.181734
vn 0.676495 -0.291050 0.676495
vn 0.695332 0.695332 -0.181734
vn -0.007891 0.915403 -0.402462
vn 0.661397 0.748008 -0.055116
vn 0.695332 0.695332 -0.181734
vn 0.661397 0.748008 -0.055116
vn 0.676495 -0.291050 0.676495
vn -0.007891 0.915403 -0.402462
vn 0.133643 0.738967 -0.660354
vn 0.189725 0.782615 -0.592890
vn -0.007891 0.915403 -0.402462
vn 0.189725 0.782615 -0.592890
vn 0.661397 0.748008 -0.055116
vn 0.354221 0.669084 -0.653341
vn 0.133643 0.738967 -0.660354
vn 0.377859 0.566789 -0.732102
vn 0.133643 0.738967 -0.660354
vn 0.354221 0.669084 -0.653341
vn 0.189725 0.782615 -0.592890
vn 0.354221 0.669084 -0.653341
vn 0.377859 0.566789 -0.732102
vn 0.481196 0.591634 -0.646854
vn 0.661397 0.748008 -0.055116
vn 0.189725 0.782615 -0.592890
vn 0.755063 0.644950 -0.117979
vn 0.661397 0.748008 -0.055116
vn 0.755063 0.644950 -0.117979
vn 0.676495 -0.291050 0.676495
vn 0.189725 0.782615 -0.592890
vn 0.354221 0.669084 -0.653341
vn 0.157710 0.938376 -0.307535
vn 0.189725 0.782615 -0.592890
vn 0.157710 0.938376 -0.307535
vn 0.755063 0.644950 -0.117979
vn 0.354221 0.669084 -0.653341
vn 0.481196 0.591634 -0.646854
vn 0.268074 0.843645 -0.465187
vn 0.354221 0.669084 -0.653341
vn 0.268074 0.843645 -0.465187
vn 0.157710 0.938376 -0.307535
vn 0.268074 0.843645 -0.465187
vn 0.481196 0.591634 -0.646854
vn 0.211969 0.894978 -0.392534
vn 0.268074 0.843645 -0.465187
vn 0.211969 0.894978 -0.392534
vn 0.000000 0.983490 -0.180962
vn 0.268074 0.843645 -0.465187
vn 0.000000 0.983490 -0.180962
vn 0.157710 0.938376 -0.307535
vn 0.755063 0.644950 -0.117979
vn 0.157710 0.938376 -0.307535
vn 0.693774 0.717426 -0.063070
vn 0.755063 0.644950 -0.117979
vn 0.693774 0.717426 -0.063070
vn 0.676495 -0.291050 0.676495
vn 0.157710 0.938376 -0.307535
vn 0.000000 0.983490 -0.180962
vn 0.000000 0.707107 0.707107
vn 0.157710 0.938376 -0.307535
vn 0.000000 0.707107 0.707107
vn 0.693774 0.717426 -0.063070
vn 0.000000 0.707107 0.707107
vn 0.000000 0.983490 -0.180962
vn -0.118582 0.980275 -0.158109
vn 0.676495 -0.291050 0.676495
vn 0.693774 0.717426 -0.063070
vn 0.577350 0.577350 0.577350
vn 0.577350 0.577350 0.577350
vn 0.693774 0.717426 -0.063070
vn 0.000000 0.707107 0.707107
vn 0.577350 0.577350 0.577350
vn 0.000000 0.707107 0.707107
vn 0.676495 -0.291050 0.676495
vn 0.676495 -0.291050 0.676495
vn 0.000000 0.707107 0.707107
vn 0.000000 -0.259129 0.965843
vn 0.000000 0.707107 0.707107
vn -0.118582 0.980275 -0.158109
vn -0.274961 0.887730 -0.369233
vn 0.000000 -0.259129 0.965843
vn 0.000000 0.707107 0.707107
vn -0.007900 0.711024 0.703124
vn -0.007900 0.711024 0.703124
vn 0.000000 0.707107 0.707107
vn -0.274961 0.887730 -0.369233
vn -0.274961 0.887730 -0.369233
vn -0.118582 0.980275 -0.158109
vn -0.401028 0.754877 -0.518978
vn 0.000000 -0.259129 0.965843
vn -0.007900 0.711024 0.703124
vn 0.000000 0.714919 0.699207
vn -0.274961 0.887730 -0.369233
vn -0.401028 0.754877 -0.518978
vn -0.275343 0.574287 -0.770961
vn -0.275343 0.574287 -0.770961
vn -0.401028 0.754877 -0.518978
vn -0.213048 0.836411 -0.505003
vn -0.007900 0.711024 0.703124
vn -0.274961 0.887730 -0.369233
vn -0.094676 0.946762 -0.307698
vn -0.094676 0.946762 -0.307698
vn -0.274961 0.887730 -0.369233
vn -0.275343 0.574287 -0.770961
vn -0.275343 0.574287 -0.770961
vn -0.213048 0.836411 -0.505003
vn -0.141504 0.911917 -0.385206
vn -0.275343 0.574287 -0.770961
vn -0.141504 0.911917 -0.385206
vn -0.094676 0.946762 -0.307698
vn -0.141504 0.911917 -0.385206
vn -0.213048 0.836411 -0.505003
vn -0.417789 0.567563 -0.709454
vn -0.141504 0.911917 -0.385206
vn -0.417789 0.567563 -0.709454
vn -0.283746 0.599020 -0.748775
vn -0.141504 0.911917 -0.385206
vn -0.283746 0.599020 -0.748775
vn -0.094676 0.946762 -0.307698
vn -0.283746 0.599020 -0.748775
vn -0.417789 0.567563 -0.709454
vn -0.417258 -0.078728 -0.905371
vn -0.007900 0.711024 0.703124
vn -0.094676 0.946762 -0.307698
vn -0.007838 0.932710 -0.360543
vn -0.007900 0.711024 0.703124
vn -0.007838 0.932710 -0.360543
vn 0.000000 0.714919 0.699207
vn -0.094676 0.946762 -0.307698
vn -0.283746 0.599020 -0.748775
vn -0.102588 0.512941 -0.852272
vn -0.094676 0.946762 -0.307698
vn -0.102588 0.512941 -0.852272
vn -0.007838 0.932710 -0.360543
vn -0.283746 0.599020 -0.748775
vn -0.417258 -0.078728 -0.905371
vn -0.157622 -0.141860 -0.977257
vn -0.283746 0.599020 -0.748775
vn -0.157622 -0.141860 -0.977257
vn -0.102588 0.512941 -0.852272
vn -0.157622 -0.141860 -0.977257
vn -0.417258 -0.078728 -0.905371
vn -0.392861 -0.023572 -0.919296
vn -0.157622 -0.141860 -0.977257
vn -0.392861 -0.023572 -0.919296
vn -0.180405 -0.078437 -0.980460
vn -0.180405 -0.078437 -0.980460
vn -0.392861 -0.023572 -0.919296
vn -0.157500 0.653624 -0.740249
vn -0.102588 0.512941 -0.852272
vn -0.157622 -0.141860 -0.977257
vn 0.015734 -0.180940 -0.983368
vn 0.015734 -0.180940 -0.983368
vn -0.157622 -0.141860 -0.977257
vn -0.180405 -0.078437 -0.980460
vn 0.007844 0.462820 -0.886418
vn -0.007838 0.932710 -0.360543
vn -0.102588 0.512941 -0.852272
vn 0.007844 0.462820 -0.886418
vn -0.102588 0.512941 -0.852272
vn 0.015734 -0.180940 -0.983368
vn -0.007838 0.932710 -0.360543
vn 0.007844 0.462820 -0.886418
vn 0.015781 0.915317 -0.402424
vn -0.007838 0.932710 -0.360543
vn 0.015781 0.915317 -0.402424
vn 0.000000 0.714919 0.699207
vn 0.007844 0.462820 -0.886418
vn 0.015734 -0.180940 -0.983368
vn 0.196189 -0.211884 -0.957400
vn 0.000000 -0.094809 -0.995495
vn -0.180405 -0.078437 -0.980460
vn -0.157500 0.653624 -0.740249
vn -0.180405 -0.078437 -0.980460
vn 0.000000 -0.094809 -0.995495
vn 0.015734 -0.180940 -0.983368
vn 0.015781 0.915317 -0.402424
vn 0.007844 0.462820 -0.886418
vn 0.165963 0.450470 -0.877231
vn 0.165963 0.450470 -0.877231
vn 0.007844 0.462820 -0.886418
vn 0.196189 -0.211884 -0.957400
vn 0.015781 0.915317 -0.402424
vn 0.165963 0.450470 -0.877231
vn 0.062943 0.920547 -0.385528
vn 0.015781 0.915317 -0.402424
vn 0.062943 0.920547 -0.385528
vn 0.000000 0.714919 0.699207
vn 0.062943 0.920547 -0.385528
vn 0.165963 0.450470 -0.877231
vn 0.299166 0.417258 -0.858135
vn 0.299166 0.417258 -0.858135
vn 0.165963 0.450470 -0.877231
vn 0.196189 -0.211884 -0.957400
vn 0.015734 -0.180940 -0.983368
vn 0.000000 -0.094809 -0.995495
vn 0.173143 -0.047221 -0.983764
vn 0.015734 -0.180940 -0.983368
vn 0.173143 -0.047221 -0.983764
vn 0.196189 -0.211884 -0.957400
vn 0.173143 -0.047221 -0.983764
vn 0.000000 -0.094809 -0.995495
vn -0.039535 0.640461 -0.766972
vn -0.039535 0.640461 -0.766972
vn 0.000000 -0.094809 -0.995495
vn -0.157500 0.653624 -0.740249
vn 0.196189 -0.211884 -0.957400
vn 0.173143 -0.047221 -0.983764
vn 0.291321 -0.086609 -0.952697
vn -0.039535 0.640461 -0.766972
vn -0.157500 0.653624 -0.740249
vn -0.078592 0.966678 -0.243634
vn -0.078592 0.966678 -0.243634
vn -0.157500 0.653624 -0.740249
vn -0.094162 0.933771 -0.345260
vn 0.173143 -0.047221 -0.983764
vn -0.039535 0.640461 -0.766972
vn 0.070794 0.660742 -0.747267
vn 0.173143 -0.047221 -0.983764
vn 0.070794 0.660742 -0.747267
vn 0.291321 -0.086609 -0.952697
vn -0.078592 0.966678 -0.243634
vn -0.094162 0.933771 -0.345260
vn -0.015746 0.999876 0.000000
vn -0.039535 0.640461 -0.766972
vn -0.078592 0.966678 -0.243634
vn -0.078787 0.953318 -0.291510
vn -0.039535 0.640461 -0.766972
vn -0.078787 0.953318 -0.291510
vn 0.070794 0.660742 -0.747267
vn -0.078592 0.966678 -0.243634
vn -0.015746 0.999876 0.000000
vn -0.094809 0.995495 0.000000
vn -0.078592 0.966678 -0.243634
vn -0.094809 0.995495 0.000000
vn -0.078787 0.953318 -0.291510
vn -0.078787 0.953318 -0.291510
vn -0.094809 0.995495 0.000000
vn -0.070613 0.941502 -0.329526
vn -0.078787 0.953318 -0.291510
vn -0.070613 0.941502 -0.329526
vn 0.070794 0.660742 -0.747267
vn -0.094809 0.995495 0.000000
vn -0.015746 0.999876 0.000000
vn -0.149067 0.988547 0.023537
vn -0.070613 0.941502 -0.329526
vn -0.094809 0.995495 0.000000
vn -0.165426 0.984679 -0.055142
vn -0.165426 0.984679 -0.055142
vn -0.094809 0.995495 0.000000
vn -0.149067 0.988547 0.023537
vn -0.070613 0.941502 -0.329526
vn -0.165426 0.984679 -0.055142
vn 0.015813 0.925053 -0.379509
vn -0.070613 0.941502 -0.329526
vn 0.015813 0.925053 -0.379509
vn 0.070794 0.660742 -0.747267
vn -0.165426 0.984679 -0.055142
vn -0.149067 0.988547 0.023537
vn -0.212757 0.977105 0.000000
vn -0.149067 0.988547 0.023537
vn -0.015746 0.999876 0.000000
vn -0.078916 0.994348 0.071025
vn -0.078916 0.994348 0.071025
vn -0.015746 0.999876 0.000000
vn 0.055297 0.995340 0.078995
vn -0.149067 0.988547 0.023537
vn -0.078916 0.994348 0.071025
vn -0.173073 0.983368 0.055069
vn -0.149067 0.988547 0.023537
vn -0.173073 0.983368 0.055069
vn -0.212757 0.977105 0.000000
vn -0.212757 0.977105 0.000000
vn -0.173073 0.983368 0.055069
vn -0.219928 0.973965 0.054982
vn -0.212757 0.977105 0.000000
vn -0.219928 0.973965 0.054982
vn -0.133507 0.989522 0.054973
vn -0.219928 0.973965 0.054982
vn -0.173073 0.983368 0.055069
vn -0.196893 0.976590 0.086633
vn -0.165426 0.984679 -0.055142
vn -0.212757 0.977105 0.000000
vn -0.086515 0.990990 -0.102245
vn -0.086515 0.990990 -0.102245
vn -0.212757 0.977105 0.000000
vn -0.133507 0.989522 0.054973
vn -0.165426 0.984679 -0.055142
vn -0.086515 0.990990 -0.102245
vn 0.015813 0.925053 -0.379509
vn -0.086515 0.990990 -0.102245
vn -0.133507 0.989522 0.054973
vn 0.086443 0.990163 -0.110018
vn -0.086515 0.990990 -0.102245
vn 0.086443 0.990163 -0.110018
vn 0.110493 0.970764 -0.213094
vn -0.086515 0.990990 -0.102245
vn 0.110493 0.970764 -0.213094
vn 0.015813 0.925053 -0.379509
vn 0.110493 0.970764 -0.213094
vn 0.086443 0.990163 -0.110018
vn 0.275377 0.944151 -0.180962
vn -0.086582 0.991757 0.094453
vn -0.196893 0.976590 0.086633
vn -0.173073 0.983368 0.055069
vn -0.086582 0.991757 0.094453
vn -0.173073 0.983368 0.055069
vn -0.078916 0.994348 0.071025
vn -0.196893 0.976590 0.086633
vn -0.086582 0.991757 0.094453
vn -0.094150 0.988577 0.117688
vn -0.196893 0.976590 0.086633
vn -0.094150 0.988577 0.117688
vn -0.204074 0.941879 0.266866
vn -0.196893 0.976590 0.086633
vn -0.204074 0.941879 0.266866
vn -0.251462 0.887976 0.385052
vn -0.251462 0.887976 0.385052
vn -0.204074 0.941879 0.266866
vn -0.267451 0.715826 0.645030
vn -0.204074 0.941879 0.266866
vn -0.094150 0.988577 0.117688
vn -0.118096 0.960511 0.251937
vn -0.118096 0.960511 0.251937
vn -0.094150 0.988577 0.117688
vn -0.086582 0.991757 0.094453
vn -0.267451 0.715826 0.645030
vn -0.204074 0.941879 0.266866
vn -0.188783 0.747267 0.637144
vn -0.188783 0.747267 0.637144
vn -0.204074 0.941879 0.266866
vn -0.118096 0.960511 0.251937
vn -0.267451 0.715826 0.645030
vn -0.188783 0.747267 0.637144
vn -0.070928 0.520137 0.851133
vn -0.070928 0.520137 0.851133
vn -0.188783 0.747267 0.637144
vn 0.125980 0.669271 0.732261
vn 0.125980 0.669271 0.732261
vn -0.188783 0.747267 0.637144
vn -0.102413 0.866572 0.488431
vn -0.102413 0.866572 0.488431
vn -0.188783 0.747267 0.637144
vn -0.118096 0.960511 0.251937
vn 0.125980 0.669271 0.732261
vn -0.102413 0.866572 0.488431
vn 0.070674 0.832378 0.549684
vn -0.102413 0.866572 0.488431
vn -0.118096 0.960511 0.251937
vn -0.141295 0.973365 0.180544
vn -0.102413 0.866572 0.488431
vn -0.141295 0.973365 0.180544
vn 0.070674 0.832378 0.549684
vn -0.141295 0.973365 0.180544
vn -0.118096 0.960511 0.251937
vn -0.086582 0.991757 0.094453
vn 0.070674 0.832378 0.549684
vn -0.141295 0.973365 0.180544
vn 0.330709 0.842520 0.425197
vn -0.141295 0.973365 0.180544
vn -0.086582 0.991757 0.094453
vn -0.157794 0.978321 0.134125
vn -0.141295 0.973365 0.180544
vn -0.157794 0.978321 0.134125
vn 0.330709 0.842520 0.425197
vn 0.330709 0.842520 0.425197
vn -0.157794 0.978321 0.134125
vn 0.213307 0.932231 0.292310
vn -0.157794 0.978321 0.134125
vn -0.086582 0.991757 0.094453
vn 0.000000 0.992034 0.125973
vn -0.157794 0.978321 0.134125
vn 0.000000 0.992034 0.125973
vn 0.213307 0.932231 0.292310
vn 0.330709 0.842520 0.425197
vn 0.213307 0.932231 0.292310
vn 0.360743 0.878330 0.313689
vn 0.360743 0.878330 0.313689
vn 0.213307 0.932231 0.292310
vn 0.000000 0.992034 0.125973
vn 0.330709 0.842520 0.425197
vn 0.360743 0.878330 0.313689
vn 0.456170 0.794365 0.401115
vn 0.456170 0.794365 0.401115
vn 0.360743 0.878330 0.313689
vn 0.416484 0.880118 0.227888
vn 0.416484 0.880118 0.227888
vn 0.360743 0.878330 0.313689
vn 0.228375 0.960749 0.157500
vn 0.228375 0.960749 0.157500
vn 0.360743 0.878330 0.313689
vn 0.000000 0.992034 0.125973
vn 0.228375 0.960749 0.157500
vn 0.000000 0.992034 0.125973
vn 0.031479 0.999473 0.007870
vn -0.055221 0.993976 0.094664
vn 0.000000 0.992034 0.125973
vn -0.086582 0.991757 0.094453
vn -0.055221 0.993976 0.094664
vn -0.086582 0.991757 0.094453
vn -0.078916 0.994348 0.071025
vn -0.055221 0.993976 0.094664
vn -0.078916 0.994348 0.071025
vn 0.055297 0.995340 0.078995
vn 0.000000 0.992034 0.125973
vn -0.055221 0.993976 0.094664
vn 0.047120 0.997375 0.054973
vn 0.047120 0.997375 0.054973
vn -0.055221 0.993976 0.094664
vn 0.055297 0.995340 0.078995
vn 0.000000 0.992034 0.125973
vn 0.047120 0.997375 0.054973
vn 0.031479 0.999473 0.007870
vn 0.047120 0.997375 0.054973
vn 0.055297 0.995340 0.078995
vn 0.149895 0.986149 0.071003
vn 0.047120 0.997375 0.054973
vn 0.149895 0.986149 0.071003
vn 0.031479 0.999473 0.007870
vn -0.459033 0.791436 -0.403632
vn -0.284632 0.869708 -0.403228
vn -0.401762 0.850789 -0.338740
vn -0.401762 0.850789 -0.338740
vn -0.284632 0.869708 -0.403228
vn -0.196942 0.945322 -0.259963
vn -0.459033 0.791436 -0.403632
vn -0.401762 0.850789 -0.338740
vn -0.369689 0.904559 -0.212375
vn -0.459033 0.791436 -0.403632
vn -0.369689 0.904559 -0.212375
vn -0.512702 0.804547 -0.299733
vn -0.369689 0.904559 -0.212375
vn -0.401762 0.850789 -0.338740
vn -0.259834 0.952726 -0.157475
vn -0.459033 0.791436 -0.403632
vn -0.512702 0.804547 -0.299733
vn -0.631018 0.567916 -0.528477
vn -0.259834 0.952726 -0.157475
vn -0.401762 0.850789 -0.338740
vn -0.007881 0.992957 -0.118209
vn -0.007881 0.992957 -0.118209
vn -0.401762 0.850789 -0.338740
vn -0.196942 0.945322 -0.259963
vn -0.259834 0.952726 -0.157475
vn -0.007881 0.992957 -0.118209
vn -0.031479 0.999473 -0.007870
vn -0.459033 0.791436 -0.403632
vn -0.631018 0.567916 -0.528477
vn -0.471696 0.676097 -0.566035
vn -0.459033 0.791436 -0.403632
vn -0.471696 0.676097 -0.566035
vn -0.284632 0.869708 -0.403228
vn -0.471696 0.676097 -0.566035
vn -0.631018 0.567916 -0.528477
vn -0.608188 0.410724 -0.679274
vn -0.608188 0.410724 -0.679274
vn -0.631018 0.567916 -0.528477
vn -0.717939 0.213015 -0.662713
vn -0.608188 0.410724 -0.679274
vn -0.717939 0.213015 -0.662713
vn -0.591634 0.228765 -0.773069
vn -0.471696 0.676097 -0.566035
vn -0.608188 0.410724 -0.679274
vn -0.221028 0.473632 -0.852537
vn -0.608188 0.410724 -0.679274
vn -0.591634 0.228765 -0.773069
vn -0.276483 0.157991 -0.947943
vn -0.608188 0.410724 -0.679274
vn -0.276483 0.157991 -0.947943
vn -0.221028 0.473632 -0.852537
vn -0.471696 0.676097 -0.566035
vn -0.221028 0.473632 -0.852537
vn -0.125980 0.669271 -0.732261
vn -0.471696 0.676097 -0.566035
vn -0.125980 0.669271 -0.732261
vn -0.284632 0.869708 -0.403228
vn -0.221028 0.473632 -0.852537
vn -0.276483 0.157991 -0.947943
vn 0.023543 0.376694 -0.926039
vn -0.221028 0.473632 -0.852537
vn 0.023543 0.376694 -0.926039
vn -0.125980 0.669271 -0.732261
vn -0.276483 0.157991 -0.947943
vn -0.591634 0.228765 -0.773069
vn -0.440236 0.055029 -0.896194
vn -0.440236 0.055029 -0.896194
vn -0.591634 0.228765 -0.773069
vn -0.576486 0.323780 -0.750221
vn 0.023543 0.376694 -0.926039
vn -0.276483 0.157991 -0.947943
vn -0.031563 -0.102579 -0.994224
vn -0.440236 0.055029 -0.896194
vn -0.576486 0.323780 -0.750221
vn -0.471390 0.400681 -0.785650
vn -0.276483 0.157991 -0.947943
vn -0.440236 0.055029 -0.896194
vn -0.267476 -0.149472 -0.951901
vn -0.471390 0.400681 -0.785650
vn -0.576486 0.323780 -0.750221
vn -0.527477 0.417258 -0.740043
vn -0.267476 -0.149472 -0.951901
vn -0.440236 0.055029 -0.896194
vn -0.471390 0.400681 -0.785650
vn -0.471390 0.400681 -0.785650
vn -0.527477 0.417258 -0.740043
vn -0.407997 0.439381 -0.800302
vn -0.276483 0.157991 -0.947943
vn -0.267476 -0.149472 -0.951901
vn -0.031563 -0.102579 -0.994224
vn -0.471390 0.400681 -0.785650
vn -0.407997 0.439381 -0.800302
vn -0.353139 0.298207 -0.886772
vn -0.471390 0.400681 -0.785650
vn -0.353139 0.298207 -0.886772
vn -0.267476 -0.149472 -0.951901
vn -0.353139 0.298207 -0.886772
vn -0.407997 0.439381 -0.800302
vn -0.133838 0.244057 -0.960481
vn -0.133838 0.244057 -0.960481
vn -0.407997 0.439381 -0.800302
vn -0.259161 0.431934 -0.863868
vn -0.267476 -0.149472 -0.951901
vn -0.353139 0.298207 -0.886772
vn -0.220794 -0.102512 -0.969918
vn -0.220794 -0.102512 -0.969918
vn -0.353139 0.298207 -0.886772
vn -0.133838 0.244057 -0.960481
vn -0.133838 0.244057 -0.960481
vn -0.259161 0.431934 -0.863868
vn -0.181587 0.528971 -0.828985
vn -0.133838 0.244057 -0.960481
vn -0.181587 0.528971 -0.828985
vn -0.220794 -0.102512 -0.969918
vn -0.181587 0.528971 -0.828985
vn -0.259161 0.431934 -0.863868
vn -0.071038 0.228901 -0.970854
vn -0.181587 0.528971 -0.828985
vn -0.071038 0.228901 -0.970854
vn -0.133552 0.133552 -0.982002
vn -0.181587 0.528971 -0.828985
vn -0.133552 0.133552 -0.982002
vn -0.220794 -0.102512 -0.969918
vn -0.133552 0.133552 -0.982002
vn -0.071038 0.228901 -0.970854
vn 0.015722 0.055028 -0.998361
vn -0.267476 -0.149472 -0.951901
vn -0.220794 -0.102512 -0.969918
vn -0.007868 -0.251773 -0.967754
vn -0.133552 0.133552 -0.982002
vn 0.015722 0.055028 -0.998361
vn -0.007868 -0.251773 -0.967754
vn -0.133552 0.133552 -0.982002
vn -0.007868 -0.251773 -0.967754
vn -0.220794 -0.102512 -0.969918
vn -0.267476 -0.149472 -0.951901
vn -0.007868 -0.251773 -0.967754
vn -0.031563 -0.102579 -0.994224
vn -0.031563 -0.102579 -0.994224
vn -0.007868 -0.251773 -0.967754
vn 0.142063 -0.260449 -0.954979
vn -0.031563 -0.102579 -0.994224
vn 0.142063 -0.260449 -0.954979
vn 0.180923 0.125859 -0.975411
vn -0.031563 -0.102579 -0.994224
vn 0.180923 0.125859 -0.975411
vn 0.023543 0.376694 -0.926039
vn 0.023543 0.376694 -0.926039
vn 0.180923 0.125859 -0.975411
vn 0.063080 0.520412 -0.851582
vn 0.023543 0.376694 -0.926039
vn 0.063080 0.520412 -0.851582
vn -0.125980 0.669271 -0.732261
vn -0.125980 0.669271 -0.732261
vn 0.063080 0.520412 -0.851582
vn 0.141979 0.749334 -0.646793
vn -0.125980 0.669271 -0.732261
vn 0.141979 0.749334 -0.646793
vn 0.094231 0.840231 -0.533978
vn -0.125980 0.669271 -0.732261
vn 0.094231 0.840231 -0.533978
vn -0.039473 0.852617 -0.521044
vn -0.125980 0.669271 -0.732261
vn -0.039473 0.852617 -0.521044
vn -0.284632 0.869708 -0.403228
vn 0.094231 0.840231 -0.533978
vn 0.141979 0.749334 -0.646793
vn 0.109974 0.950490 -0.290646
vn 0.109974 0.950490 -0.290646
vn 0.141979 0.749334 -0.646793
vn 0.157794 0.954652 -0.252470
vn -0.039473 0.852617 -0.521044
vn 0.094231 0.840231 -0.533978
vn 0.158050 0.972006 -0.173855
vn 0.158050 0.972006 -0.173855
vn 0.094231 0.840231 -0.533978
vn 0.109974 0.950490 -0.290646
vn -0.039473 0.852617 -0.521044
vn 0.158050 0.972006 -0.173855
vn -0.284632 0.869708 -0.403228
vn 0.109974 0.950490 -0.290646
vn 0.157794 0.954652 -0.252470
vn 0.118180 0.992711 -0.023636
vn 0.118180 0.992711 -0.023636
vn 0.157794 0.954652 -0.252470
vn 0.149806 0.985567 -0.078845
vn 0.109974 0.950490 -0.290646
vn 0.118180 0.992711 -0.023636
vn 0.086751 0.993698 -0.070978
vn 0.086751 0.993698 -0.070978
vn 0.118180 0.992711 -0.023636
vn 0.149806 0.985567 -0.078845
vn 0.109974 0.950490 -0.290646
vn 0.086751 0.993698 -0.070978
vn 0.158050 0.972006 -0.173855
vn -0.284632 0.869708 -0.403228
vn 0.158050 0.972006 -0.173855
vn 0.165952 0.979908 -0.110635
vn 0.165952 0.979908 -0.110635
vn 0.158050 0.972006 -0.173855
vn 0.086751 0.993698 -0.070978
vn -0.284632 0.869708 -0.403228
vn 0.165952 0.979908 -0.110635
vn -0.196942 0.945322 -0.259963
vn -0.196942 0.945322 -0.259963
vn 0.165952 0.979908 -0.110635
vn -0.007881 0.992957 -0.118209
vn -0.007881 0.992957 -0.118209
vn 0.165952 0.979908 -0.110635
vn 0.086751 0.993698 -0.070978
vn 0.086751 0.993698 -0.070978
vn 0.149806 0.985567 -0.078845
vn 0.133445 0.989065 -0.062798
vn -0.007881 0.992957 -0.118209
vn 0.086751 0.993698 -0.070978
vn 0.055221 0.993976 -0.094664
vn 0.086751 0.993698 -0.070978
vn 0.133445 0.989065 -0.062798
vn 0.063204 0.995464 -0.071105
vn 0.086751 0.993698 -0.070978
vn 0.063204 0.995464 -0.071105
vn 0.055221 0.993976 -0.094664
vn 0.063204 0.995464 -0.071105
vn 0.133445 0.989065 -0.062798
vn 0.118180 0.992711 -0.023636
vn 0.118180 0.992711 -0.023636
vn 0.133445 0.989065 -0.062798
vn 0.173336 0.984863 0.000000
vn -0.007881 0.992957 -0.118209
vn 0.055221 0.993976 -0.094664
vn -0.047120 0.997375 -0.054973
vn -0.007881 0.992957 -0.118209
vn -0.047120 0.997375 -0.054973
vn -0.031479 0.999473 -0.007870
vn -0.031479 0.999473 -0.007870
vn -0.047120 0.997375 -0.054973
vn -0.157593 0.984954 -0.070917
vn -0.047120 0.997375 -0.054973
vn 0.055221 0.993976 -0.094664
vn -0.055297 0.995340 -0.078995
vn -0.047120 0.997375 -0.054973
vn -0.055297 0.995340 -0.078995
vn -0.157593 0.984954 -0.070917
vn -0.055297 0.995340 -0.078995
vn 0.055221 0.993976 -0.094664
vn 0.063204 0.995464 -0.071105
vn -0.157593 0.984954 -0.070917
vn -0.055297 0.995340 -0.078995
vn -0.062850 0.997745 -0.023569
vn 0.015746 0.999876 0.000000
vn 0.063204 0.995464 -0.071105
vn 0.118180 0.992711 -0.023636
vn 0.063204 0.995464 -0.071105
vn 0.015746 0.999876 0.000000
vn -0.055297 0.995340 -0.078995
vn -0.062850 0.997745 -0.023569
vn -0.055297 0.995340 -0.078995
vn -0.015746 0.999876 0.000000
vn 0.142311 0.988274 0.055343
vn 0.118180 0.992711 -0.023636
vn 0.173336 0.984863 0.000000
vn 0.142311 0.988274 0.055343
vn 0.173336 0.984863 0.000000
vn 0.086515 0.990990 0.102245
vn 0.142311 0.988274 0.055343
vn 0.086515 0.990990 0.102245
vn 0.007873 0.928990 0.370021
vn 0.118180 0.992711 -0.023636
vn 0.142311 0.988274 0.055343
vn 0.078497 0.996914 0.000000
vn 0.118180 0.992711 -0.023636
vn 0.078497 0.996914 0.000000
vn 0.015746 0.999876 0.000000
vn 0.142311 0.988274 0.055343
vn 0.007873 0.928990 0.370021
vn 0.078995 0.940043 0.331780
vn 0.142311 0.988274 0.055343
vn 0.078995 0.940043 0.331780
vn 0.078497 0.996914 0.000000
vn 0.078995 0.940043 0.331780
vn 0.007873 0.928990 0.370021
vn -0.015711 0.699121 0.714831
vn 0.078995 0.940043 0.331780
vn -0.015711 0.699121 0.714831
vn 0.070774 0.967245 0.243777
vn 0.078995 0.940043 0.331780
vn 0.070774 0.967245 0.243777
vn 0.078497 0.996914 0.000000
vn 0.070774 0.967245 0.243777
vn -0.015711 0.699121 0.714831
vn 0.063078 0.701745 0.709630
vn 0.078497 0.996914 0.000000
vn 0.070774 0.967245 0.243777
vn 0.078740 0.968504 0.236220
vn 0.078740 0.968504 0.236220
vn 0.070774 0.967245 0.243777
vn 0.063078 0.701745 0.709630
vn 0.078497 0.996914 0.000000
vn 0.078740 0.968504 0.236220
vn 0.015746 0.999876 0.000000
vn 0.078740 0.968504 0.236220
vn 0.063078 0.701745 0.709630
vn 0.165452 0.685443 0.709079
vn 0.078740 0.968504 0.236220
vn 0.165452 0.685443 0.709079
vn 0.110356 0.922261 0.370481
vn 0.078740 0.968504 0.236220
vn 0.110356 0.922261 0.370481
vn 0.015746 0.999876 0.000000
vn 0.015746 0.999876 0.000000
vn 0.110356 0.922261 0.370481
vn -0.031563 0.994224 0.102579
vn 0.015746 0.999876 0.000000
vn -0.031563 0.994224 0.102579
vn -0.055297 0.995340 -0.078995
vn -0.031563 0.994224 0.102579
vn 0.110356 0.922261 0.370481
vn 0.157696 0.890980 0.425778
vn 0.157696 0.890980 0.425778
vn 0.110356 0.922261 0.370481
vn 0.360743 0.627379 0.690117
vn -0.055297 0.995340 -0.078995
vn -0.031563 0.994224 0.102579
vn -0.031456 0.998731 -0.039320
vn -0.055297 0.995340 -0.078995
vn -0.031456 0.998731 -0.039320
vn -0.015746 0.999876 0.000000
vn -0.031456 0.998731 -0.039320
vn -0.031563 0.994224 0.102579
vn 0.023564 0.989675 0.141382
vn 0.023564 0.989675 0.141382
vn -0.031563 0.994224 0.102579
vn 0.157696 0.890980 0.425778
vn -0.031456 0.998731 -0.039320
vn 0.023564 0.989675 0.141382
vn 0.188225 0.933283 0.305866
vn 0.188225 0.933283 0.305866
vn 0.023564 0.989675 0.141382
vn 0.157696 0.890980 0.425778
vn -0.031456 0.998731 -0.039320
vn 0.188225 0.933283 0.305866
vn 0.000000 1.000000 0.000000
vn -0.031456 0.998731 -0.039320
vn 0.000000 1.000000 0.000000
vn -0.015746 0.999876 0.000000
vn 0.188225 0.933283 0.305866
vn 0.157696 0.890980 0.425778
vn 0.102027 0.981034 0.164814
vn 0.188225 0.933283 0.305866
vn 0.102027 0.981034 0.164814
vn 0.000000 1.000000 0.000000
vn -0.015746 0.999876 0.000000
vn 0.000000 1.000000 0.000000
vn 0.000000 1.000000 0.000000
vn -0.015746 0.999876 0.000000
vn 0.000000 1.000000 0.000000
vn 0.031479 0.999473 -0.007870
vn 0.031479 0.999473 -0.007870
vn 0.000000 1.000000 0.000000
vn 0.031479 0.999473 -0.007870
vn 0.031479 0.999473 -0.007870
vn 0.000000 1.000000 0.000000
vn 0.126204 0.978077 0.165642
vn 0.126204 0.978077 0.165642
vn 0.000000 1.000000 0.000000
vn 0.000000 1.000000 0.000000
vn 0.126204 0.978077 0.165642
vn 0.000000 1.000000 0.000000
vn 0.102027 0.981034 0.164814
vn 0.244383 0.859281 0.449349
vn 0.102027 0.981034 0.164814
vn 0.157696 0.890980 0.425778
vn 0.244383 0.859281 0.449349
vn 0.157696 0.890980 0.425778
vn 0.360743 0.627379 0.690117
vn 0.126204 0.978077 0.165642
vn 0.102027 0.981034 0.164814
vn 0.283720 0.866921 0.409817
vn 0.283720 0.866921 0.409817
vn 0.102027 0.981034 0.164814
vn 0.244383 0.859281 0.449349
vn 0.126204 0.978077 0.165642
vn 0.283720 0.866921 0.409817
vn 0.338562 0.858214 0.385803
vn 0.338562 0.858214 0.385803
vn 0.283720 0.866921 0.409817
vn 0.419133 0.719643 0.553572
vn 0.283720 0.866921 0.409817
vn 0.244383 0.859281 0.449349
vn 0.400521 0.651828 0.643975
vn 0.400521 0.651828 0.643975
vn 0.244383 0.859281 0.449349
vn 0.360743 0.627379 0.690117
vn 0.283720 0.866921 0.409817
vn 0.400521 0.651828 0.643975
vn 0.419133 0.719643 0.553572
vn 0.400521 0.651828 0.643975
vn 0.360743 0.627379 0.690117
vn 0.504062 0.149643 0.850605
vn 0.400521 0.651828 0.643975
vn 0.504062 0.149643 0.850605
vn 0.419133 0.719643 0.553572
vn -0.577350 0.577350 0.577350
vn -0.676495 -0.291050 0.676495
vn 0.000000 0.714919 0.699207
vn -0.577350 0.577350 0.577350
vn 0.000000 0.714919 0.699207
vn -0.694812 0.718498 -0.031582
vn -0.577350 0.577350 0.577350
vn -0.694812 0.718498 -0.031582
vn -0.676495 -0.291050 0.676495
vn -0.694812 0.718498 -0.031582
vn 0.000000 0.714919 0.699207
vn 0.023563 0.981790 -0.188504
vn 0.023563 0.981790 -0.188504
vn 0.000000 0.714919 0.699207
vn 0.062943 0.920547 -0.385528
vn -0.676495 -0.291050 0.676495
vn -0.694812 0.718498 -0.031582
vn -0.654498 0.725467 -0.212909
vn -0.654498 0.725467 -0.212909
vn -0.694812 0.718498 -0.031582
vn 0.023563 0.981790 -0.188504
vn 0.023563 0.981790 -0.188504
vn 0.062943 0.920547 -0.385528
vn 0.126325 0.829011 -0.544778
vn 0.126325 0.829011 -0.544778
vn 0.062943 0.920547 -0.385528
vn 0.299166 0.417258 -0.858135
vn -0.654498 0.725467 -0.212909
vn 0.023563 0.981790 -0.188504
vn 0.055183 0.875047 -0.480882
vn -0.654498 0.725467 -0.212909
vn 0.055183 0.875047 -0.480882
vn -0.674930 0.643538 -0.361009
vn -0.654498 0.725467 -0.212909
vn -0.674930 0.643538 -0.361009
vn -0.676495 -0.291050 0.676495
vn 0.055183 0.875047 -0.480882
vn 0.023563 0.981790 -0.188504
vn 0.047344 0.883755 -0.465549
vn -0.674930 0.643538 -0.361009
vn 0.055183 0.875047 -0.480882
vn 0.062990 0.826746 -0.559038
vn 0.062990 0.826746 -0.559038
vn 0.055183 0.875047 -0.480882
vn 0.047344 0.883755 -0.465549
vn -0.674930 0.643538 -0.361009
vn 0.062990 0.826746 -0.559038
vn -0.653199 0.598110 -0.464322
vn -0.674930 0.643538 -0.361009
vn -0.653199 0.598110 -0.464322
vn -0.676495 -0.291050 0.676495
vn -0.653199 0.598110 -0.464322
vn 0.062990 0.826746 -0.559038
vn -0.700050 0.542735 -0.464078
vn -0.653199 0.598110 -0.464322
vn -0.700050 0.542735 -0.464078
vn -0.676495 -0.291050 0.676495
vn -0.700050 0.542735 -0.464078
vn 0.062990 0.826746 -0.559038
vn 0.078662 0.739424 -0.668628
vn -0.700050 0.542735 -0.464078
vn 0.078662 0.739424 -0.668628
vn -0.669686 0.559385 -0.488477
vn -0.700050 0.542735 -0.464078
vn -0.669686 0.559385 -0.488477
vn -0.676495 -0.291050 0.676495
vn -0.669686 0.559385 -0.488477
vn 0.078662 0.739424 -0.668628
vn -0.687387 0.513565 -0.513565
vn -0.669686 0.559385 -0.488477
vn -0.687387 0.513565 -0.513565
vn -0.676495 -0.291050 0.676495
vn 0.078374 0.799416 -0.595644
vn 0.062990 0.826746 -0.559038
vn 0.047344 0.883755 -0.465549
vn 0.062990 0.826746 -0.559038
vn 0.078374 0.799416 -0.595644
vn 0.078662 0.739424 -0.668628
vn -0.687387 0.513565 -0.513565
vn 0.078662 0.739424 -0.668628
vn -0.680379 0.514240 -0.522151
vn -0.687387 0.513565 -0.513565
vn -0.680379 0.514240 -0.522151
vn -0.676495 -0.291050 0.676495
vn -0.680379 0.514240 -0.522151
vn 0.078662 0.739424 -0.668628
vn 0.094512 0.598574 -0.795473
vn -0.676495 -0.291050 0.676495
vn -0.680379 0.514240 -0.522151
vn -0.662713 0.497035 -0.560150
vn -0.662713 0.497035 -0.560150
vn -0.680379 0.514240 -0.522151
vn 0.094512 0.598574 -0.795473
vn 0.078662 0.739424 -0.668628
vn 0.078374 0.799416 -0.595644
vn 0.094383 0.700007 -0.707872
vn 0.078662 0.739424 -0.668628
vn 0.094383 0.700007 -0.707872
vn 0.094512 0.598574 -0.795473
vn -0.662713 0.497035 -0.560150
vn 0.094512 0.598574 -0.795473
vn -0.686702 0.481481 -0.544626
vn -0.662713 0.497035 -0.560150
vn -0.686702 0.481481 -0.544626
vn -0.676495 -0.291050 0.676495
vn 0.094512 0.598574 -0.795473
vn 0.094383 0.700007 -0.707872
vn 0.126428 0.505712 -0.853388
vn 0.094383 0.700007 -0.707872
vn 0.078374 0.799416 -0.595644
vn 0.086459 0.558053 -0.825289
vn 0.094383 0.700007 -0.707872
vn 0.086459 0.558053 -0.825289
vn 0.126428 0.505712 -0.853388
vn 0.086459 0.558053 -0.825289
vn 0.078374 0.799416 -0.595644
vn 0.039395 0.614554 -0.787890
vn 0.039395 0.614554 -0.787890
vn 0.078374 0.799416 -0.595644
vn 0.047344 0.883755 -0.465549
vn 0.126428 0.505712 -0.853388
vn 0.086459 0.558053 -0.825289
vn 0.133954 0.165472 -0.977075
vn 0.133954 0.165472 -0.977075
vn 0.086459 0.558053 -0.825289
vn 0.039395 0.614554 -0.787890
vn 0.094512 0.598574 -0.795473
vn 0.126428 0.505712 -0.853388
vn 0.126098 0.693537 -0.709299
vn 0.094512 0.598574 -0.795473
vn 0.126098 0.693537 -0.709299
vn -0.686702 0.481481 -0.544626
vn 0.126428 0.505712 -0.853388
vn 0.133954 0.165472 -0.977075
vn 0.181147 0.519814 -0.834853
vn 0.126428 0.505712 -0.853388
vn 0.181147 0.519814 -0.834853
vn 0.126098 0.693537 -0.709299
vn 0.039395 0.614554 -0.787890
vn 0.047344 0.883755 -0.465549
vn 0.031445 0.872610 -0.487404
vn 0.031445 0.872610 -0.487404
vn 0.047344 0.883755 -0.465549
vn 0.023563 0.981790 -0.188504
vn -0.686702 0.481481 -0.544626
vn 0.126098 0.693537 -0.709299
vn -0.699013 0.557639 -0.447682
vn -0.686702 0.481481 -0.544626
vn -0.699013 0.557639 -0.447682
vn -0.676495 -0.291050 0.676495
vn 0.031445 0.872610 -0.487404
vn 0.023563 0.981790 -0.188504
vn 0.070926 0.898390 -0.433434
vn 0.070926 0.898390 -0.433434
vn 0.023563 0.981790 -0.188504
vn 0.126325 0.829011 -0.544778
vn 0.039395 0.614554 -0.787890
vn 0.031445 0.872610 -0.487404
vn 0.149806 0.488841 -0.859414
vn 0.149806 0.488841 -0.859414
vn 0.031445 0.872610 -0.487404
vn 0.070926 0.898390 -0.433434
vn 0.070926 0.898390 -0.433434
vn 0.126325 0.829011 -0.544778
vn 0.290789 0.392958 -0.872368
vn 0.070926 0.898390 -0.433434
vn 0.290789 0.392958 -0.872368
vn 0.149806 0.488841 -0.859414
vn 0.290789 0.392958 -0.872368
vn 0.126325 0.829011 -0.544778
vn 0.299166 0.417258 -0.858135
vn 0.039395 0.614554 -0.787890
vn 0.149806 0.488841 -0.859414
vn 0.142196 0.142196 -0.979572
vn 0.039395 0.614554 -0.787890
vn 0.142196 0.142196 -0.979572
vn 0.133954 0.165472 -0.977075
vn 0.149806 0.488841 -0.859414
vn 0.290789 0.392958 -0.872368
vn 0.323145 -0.244329 -0.914265
vn 0.323145 -0.244329 -0.914265
vn 0.290789 0.392958 -0.872368
vn 0.299166 0.417258 -0.858135
vn 0.142196 0.142196 -0.979572
vn 0.149806 0.488841 -0.859414
vn 0.268458 -0.173708 -0.947500
vn 0.268458 -0.173708 -0.947500
vn 0.149806 0.488841 -0.859414
vn 0.323145 -0.244329 -0.914265
vn 0.133954 0.165472 -0.977075
vn 0.142196 0.142196 -0.979572
vn 0.307268 0.236360 -0.921803
vn 0.307268 0.236360 -0.921803
vn 0.142196 0.142196 -0.979572
vn 0.268458 -0.173708 -0.947500
vn 0.133954 0.165472 -0.977075
vn 0.307268 0.236360 -0.921803
vn 0.181147 0.519814 -0.834853
vn 0.323145 -0.244329 -0.914265
vn 0.299166 0.417258 -0.858135
vn 0.306688 -0.243777 -0.920063
vn 0.306688 -0.243777 -0.920063
vn 0.299166 0.417258 -0.858135
vn 0.196189 -0.211884 -0.957400
vn 0.268458 -0.173708 -0.947500
vn 0.323145 -0.244329 -0.914265
vn 0.361790 -0.149435 -0.920205
vn 0.361790 -0.149435 -0.920205
vn 0.323145 -0.244329 -0.914265
vn 0.306688 -0.243777 -0.920063
vn 0.306688 -0.243777 -0.920063
vn 0.196189 -0.211884 -0.957400
vn 0.291321 -0.086609 -0.952697
vn 0.306688 -0.243777 -0.920063
vn 0.291321 -0.086609 -0.952697
vn 0.361790 -0.149435 -0.920205
vn 0.268458 -0.173708 -0.947500
vn 0.361790 -0.149435 -0.920205
vn 0.347536 -0.102681 -0.932028
vn 0.268458 -0.173708 -0.947500
vn 0.347536 -0.102681 -0.932028
vn 0.307268 0.236360 -0.921803
vn 0.347536 -0.102681 -0.932028
vn 0.361790 -0.149435 -0.920205
vn 0.433004 0.393640 -0.810898
vn 0.347536 -0.102681 -0.932028
vn 0.433004 0.393640 -0.810898
vn 0.307268 0.236360 -0.921803
vn 0.361790 -0.149435 -0.920205
vn 0.291321 -0.086609 -0.952697
vn 0.368596 0.399966 -0.839145
vn 0.361790 -0.149435 -0.920205
vn 0.368596 0.399966 -0.839145
vn 0.433004 0.393640 -0.810898
vn 0.368596 0.399966 -0.839145
vn 0.291321 -0.086609 -0.952697
vn 0.189998 0.601661 -0.775826
vn 0.189998 0.601661 -0.775826
vn 0.291321 -0.086609 -0.952697
vn 0.070794 0.660742 -0.747267
vn 0.189998 0.601661 -0.775826
vn 0.070794 0.660742 -0.747267
vn 0.015813 0.925053 -0.379509
vn 0.368596 0.399966 -0.839145
vn 0.189998 0.601661 -0.775826
vn 0.258802 0.713665 -0.650925
vn 0.368596 0.399966 -0.839145
vn 0.258802 0.713665 -0.650925
vn 0.433004 0.393640 -0.810898
vn 0.189998 0.601661 -0.775826
vn 0.015813 0.925053 -0.379509
vn 0.110032 0.919551 -0.377252
vn 0.189998 0.601661 -0.775826
vn 0.110032 0.919551 -0.377252
vn 0.258802 0.713665 -0.650925
vn 0.110032 0.919551 -0.377252
vn 0.015813 0.925053 -0.379509
vn 0.110493 0.970764 -0.213094
vn 0.110032 0.919551 -0.377252
vn 0.110493 0.970764 -0.213094
vn 0.196985 0.953406 -0.228502
vn 0.196985 0.953406 -0.228502
vn 0.110493 0.970764 -0.213094
vn 0.275377 0.944151 -0.180962
vn 0.258802 0.713665 -0.650925
vn 0.110032 0.919551 -0.377252
vn 0.307765 0.820706 -0.481376
vn 0.433004 0.393640 -0.810898
vn 0.258802 0.713665 -0.650925
vn 0.464322 0.598110 -0.653199
vn 0.464322 0.598110 -0.653199
vn 0.258802 0.713665 -0.650925
vn 0.307765 0.820706 -0.481376
vn 0.307765 0.820706 -0.481376
vn 0.110032 0.919551 -0.377252
vn 0.337289 0.862831 -0.376508
vn 0.337289 0.862831 -0.376508
vn 0.110032 0.919551 -0.377252
vn 0.196985 0.953406 -0.228502
vn 0.464322 0.598110 -0.653199
vn 0.307765 0.820706 -0.481376
vn 0.464495 0.645569 -0.606205
vn 0.464495 0.645569 -0.606205
vn 0.307765 0.820706 -0.481376
vn 0.337289 0.862831 -0.376508
vn 0.433004 0.393640 -0.810898
vn 0.464322 0.598110 -0.653199
vn 0.411688 0.577947 -0.704620
vn 0.433004 0.393640 -0.810898
vn 0.411688 0.577947 -0.704620
vn 0.307268 0.236360 -0.921803
vn 0.464322 0.598110 -0.653199
vn 0.464495 0.645569 -0.606205
vn 0.417932 0.536215 -0.733353
vn 0.464322 0.598110 -0.653199
vn 0.417932 0.536215 -0.733353
vn 0.411688 0.577947 -0.704620
vn 0.337289 0.862831 -0.376508
vn 0.196985 0.953406 -0.228502
vn 0.362925 0.867865 -0.339256
vn 0.362925 0.867865 -0.339256
vn 0.196985 0.953406 -0.228502
vn 0.275377 0.944151 -0.180962
vn 0.464495 0.645569 -0.606205
vn 0.337289 0.862831 -0.376508
vn 0.439855 0.691201 -0.573383
vn 0.439855 0.691201 -0.573383
vn 0.337289 0.862831 -0.376508
vn 0.362925 0.867865 -0.339256
vn 0.417932 0.536215 -0.733353
vn 0.464495 0.645569 -0.606205
vn 0.391871 0.658343 -0.642668
vn 0.391871 0.658343 -0.642668
vn 0.464495 0.645569 -0.606205
vn 0.439855 0.691201 -0.573383
vn 0.362925 0.867865 -0.339256
vn 0.275377 0.944151 -0.180962
vn 0.298280 0.934088 -0.196237
vn 0.298280 0.934088 -0.196237
vn 0.275377 0.944151 -0.180962
vn 0.275650 0.952963 -0.126012
vn 0.298280 0.934088 -0.196237
vn 0.275650 0.952963 -0.126012
vn 0.173768 0.979419 -0.102681
vn 0.298280 0.934088 -0.196237
vn 0.173768 0.979419 -0.102681
vn 0.204237 0.934779 -0.290646
vn 0.362925 0.867865 -0.339256
vn 0.298280 0.934088 -0.196237
vn 0.322915 0.897861 -0.299287
vn 0.362925 0.867865 -0.339256
vn 0.322915 0.897861 -0.299287
vn 0.439855 0.691201 -0.573383
vn 0.322915 0.897861 -0.299287
vn 0.298280 0.934088 -0.196237
vn 0.204237 0.934779 -0.290646
vn 0.391871 0.658343 -0.642668
vn 0.439855 0.691201 -0.573383
vn 0.361846 0.833819 -0.416909
vn 0.361846 0.833819 -0.416909
vn 0.439855 0.691201 -0.573383
vn 0.322915 0.897861 -0.299287
vn 0.391871 0.658343 -0.642668
vn 0.361846 0.833819 -0.416909
vn 0.274842 0.753852 -0.596799
vn 0.274842 0.753852 -0.596799
vn 0.361846 0.833819 -0.416909
vn 0.322915 0.897861 -0.299287
vn 0.391871 0.658343 -0.642668
vn 0.274842 0.753852 -0.596799
vn 0.252407 0.631018 -0.733558
vn 0.391871 0.658343 -0.642668
vn 0.252407 0.631018 -0.733558
vn 0.417932 0.536215 -0.733353
vn 0.274842 0.753852 -0.596799
vn 0.322915 0.897861 -0.299287
vn 0.251657 0.849341 -0.463992
vn 0.251657 0.849341 -0.463992
vn 0.322915 0.897861 -0.299287
vn 0.204237 0.934779 -0.290646
vn 0.252407 0.631018 -0.733558
vn 0.274842 0.753852 -0.596799
vn 0.172673 0.643598 -0.745631
vn 0.172673 0.643598 -0.745631
vn 0.274842 0.753852 -0.596799
vn 0.251657 0.849341 -0.463992
vn 0.251657 0.849341 -0.463992
vn 0.204237 0.934779 -0.290646
vn 0.141256 0.745517 -0.651346
vn 0.251657 0.849341 -0.463992
vn 0.141256 0.745517 -0.651346
vn 0.172673 0.643598 -0.745631
vn 0.141256 0.745517 -0.651346
vn 0.204237 0.934779 -0.290646
vn 0.086773 0.930838 -0.354981
vn 0.252407 0.631018 -0.733558
vn 0.172673 0.643598 -0.745631
vn 0.148961 0.454724 -0.878087
vn 0.148961 0.454724 -0.878087
vn 0.172673 0.643598 -0.745631
vn 0.141256 0.745517 -0.651346
vn 0.276535 0.671585 -0.687387
vn 0.417932 0.536215 -0.733353
vn 0.252407 0.631018 -0.733558
vn 0.276535 0.671585 -0.687387
vn 0.252407 0.631018 -0.733558
vn 0.148961 0.454724 -0.878087
vn 0.417932 0.536215 -0.733353
vn 0.276535 0.671585 -0.687387
vn 0.411688 0.577947 -0.704620
vn 0.141256 0.745517 -0.651346
vn 0.086773 0.930838 -0.354981
vn 0.031477 0.763306 -0.645269
vn 0.141256 0.745517 -0.651346
vn 0.031477 0.763306 -0.645269
vn 0.148961 0.454724 -0.878087
vn 0.031477 0.763306 -0.645269
vn 0.086773 0.930838 -0.354981
vn -0.829398 0.308062 -0.466043
vn 0.031477 0.763306 -0.645269
vn -0.829398 0.308062 -0.466043
vn -0.575374 0.378328 -0.725129
vn -0.575374 0.378328 -0.725129
vn -0.829398 0.308062 -0.466043
vn -0.676495 -0.291050 0.676495
vn 0.031477 0.763306 -0.645269
vn -0.575374 0.378328 -0.725129
vn -0.812789 0.276191 -0.512925
vn -0.812789 0.276191 -0.512925
vn -0.575374 0.378328 -0.725129
vn -0.676495 -0.291050 0.676495
vn 0.031477 0.763306 -0.645269
vn -0.812789 0.276191 -0.512925
vn 0.148961 0.454724 -0.878087
vn -0.812789 0.276191 -0.512925
vn -0.676495 -0.291050 0.676495
vn -0.656275 0.071162 -0.751158
vn -0.812789 0.276191 -0.512925
vn -0.656275 0.071162 -0.751158
vn 0.148961 0.454724 -0.878087
vn -0.656275 0.071162 -0.751158
vn -0.676495 -0.291050 0.676495
vn -0.654416 0.583456 -0.480957
vn -0.654416 0.583456 -0.480957
vn -0.676495 -0.291050 0.676495
vn -0.699013 0.557639 -0.447682
vn 0.148961 0.454724 -0.878087
vn -0.656275 0.071162 -0.751158
vn -0.615932 0.371139 -0.694898
vn -0.615932 0.371139 -0.694898
vn -0.656275 0.071162 -0.751158
vn -0.654416 0.583456 -0.480957
vn -0.654416 0.583456 -0.480957
vn -0.699013 0.557639 -0.447682
vn 0.149565 0.637617 -0.755695
vn -0.654416 0.583456 -0.480957
vn 0.149565 0.637617 -0.755695
vn -0.615932 0.371139 -0.694898
vn -0.615932 0.371139 -0.694898
vn 0.149565 0.637617 -0.755695
vn 0.148961 0.454724 -0.878087
vn 0.148961 0.454724 -0.878087
vn 0.149565 0.637617 -0.755695
vn 0.276535 0.671585 -0.687387
vn 0.149565 0.637617 -0.755695
vn -0.699013 0.557639 -0.447682
vn 0.126098 0.693537 -0.709299
vn 0.276535 0.671585 -0.687387
vn 0.149565 0.637617 -0.755695
vn 0.260352 0.662713 -0.702160
vn 0.260352 0.662713 -0.702160
vn 0.149565 0.637617 -0.755695
vn 0.126098 0.693537 -0.709299
vn 0.276535 0.671585 -0.687387
vn 0.260352 0.662713 -0.702160
vn 0.411688 0.577947 -0.704620
vn 0.260352 0.662713 -0.702160
vn 0.126098 0.693537 -0.709299
vn 0.181147 0.519814 -0.834853
vn 0.411688 0.577947 -0.704620
vn 0.260352 0.662713 -0.702160
vn 0.307268 0.236360 -0.921803
vn 0.307268 0.236360 -0.921803
vn 0.260352 0.662713 -0.702160
vn 0.181147 0.519814 -0.834853
s off
g SM_Dantooine_Drainage_Cut_A:geometry_0
usemtl initialShadingGroup
f 1//1 2//2 3//3
f 2//4 1//5 4//6
f 3//7 2//8 5//9
f 4//10 1//11 6//12
f 2//13 4//14 7//15
f 2//16 7//17 8//18
f 2//19 8//20 5//21
f 7//22 4//23 9//24
f 8//25 7//26 10//27
f 10//28 7//29 9//30
f 8//31 10//32 11//33
f 9//34 4//35 12//36
f 12//37 4//38 6//39
f 10//40 9//41 13//42
f 13//43 9//44 12//45
f 11//46 10//47 14//48
f 14//49 10//50 13//51
f 8//52 11//53 15//54
f 15//55 11//56 14//57
f 8//58 15//59 5//60
f 12//61 6//62 16//63
f 16//64 6//65 1//66
f 13//67 12//68 17//69
f 17//70 12//71 16//72
f 14//73 13//74 18//75
f 18//76 13//77 17//78
f 14//79 18//80 19//81
f 16//82 1//83 20//84
f 14//85 19//86 21//87
f 14//88 21//89 22//90
f 14//91 22//92 15//93
f 21//94 19//95 23//96
f 21//97 23//98 24//99
f 22//100 21//101 25//102
f 25//103 21//104 24//105
f 15//106 22//107 26//108
f 15//109 26//110 27//111
f 27//112 26//113 22//114
f 15//115 27//116 28//117
f 27//118 22//119 29//120
f 27//121 29//122 28//123
f 22//124 25//125 30//126
f 22//127 30//128 31//129
f 22//130 31//131 29//132
f 30//133 25//134 32//135
f 31//136 30//137 33//138
f 33//139 30//140 32//141
f 31//142 33//143 34//144
f 33//145 32//146 35//147
f 33//148 35//149 34//150
f 32//151 25//152 36//153
f 36//154 25//155 24//156
f 32//157 36//158 37//159
f 32//160 37//161 35//162
f 36//163 24//164 38//165
f 31//166 34//167 39//168
f 31//169 39//170 29//171
f 40//172 34//173 35//174
f 39//175 34//176 41//177
f 34//178 40//179 42//180
f 34//181 42//182 41//183
f 39//184 41//185 43//186
f 39//187 43//188 29//189
f 41//190 42//191 44//192
f 41//193 44//194 43//195
f 42//196 40//197 45//198
f 46//199 40//200 35//201
f 40//202 46//203 45//204
f 46//205 35//206 47//207
f 47//208 35//209 37//210
f 46//211 47//212 48//213
f 47//214 37//215 49//216
f 47//217 49//218 50//219
f 47//220 50//221 48//222
f 49//223 37//224 51//225
f 50//226 49//227 52//228
f 52//229 49//230 51//231
f 51//232 37//233 53//234
f 53//235 37//236 36//237
f 53//238 36//239 38//240
f 51//241 53//242 54//243
f 51//244 54//245 52//246
f 53//247 38//248 55//249
f 53//250 55//251 54//252
f 55//253 38//254 56//255
f 52//256 54//257 57//258
f 54//259 55//260 58//261
f 54//262 58//263 57//264
f 58//265 55//266 59//267
f 59//268 55//269 56//270
f 57//271 58//272 60//273
f 52//274 57//275 61//276
f 61//277 57//278 60//279
f 58//280 59//281 62//282
f 58//283 62//284 60//285
f 59//286 56//287 63//288
f 64//289 56//290 38//291
f 64//292 38//293 24//294
f 64//295 24//296 65//297
f 65//298 24//299 23//300
f 56//301 64//302 66//303
f 66//304 64//305 65//306
f 56//307 66//308 67//309
f 56//310 67//311 63//312
f 66//313 65//314 68//315
f 68//316 65//317 23//318
f 67//319 66//320 69//321
f 69//322 66//323 68//324
f 68//325 23//326 70//327
f 67//328 69//329 71//330
f 63//331 67//332 72//333
f 72//334 67//335 71//336
f 69//337 68//338 73//339
f 73//340 68//341 70//342
f 69//343 73//344 74//345
f 69//346 74//347 71//348
f 74//349 73//350 75//351
f 72//352 71//353 76//354
f 75//355 73//356 77//357
f 77//358 73//359 70//360
f 74//361 75//362 78//363
f 75//364 77//365 79//366
f 75//367 79//368 78//369
f 74//370 78//371 80//372
f 74//373 80//374 71//375
f 71//376 80//377 81//378
f 71//379 81//380 76//381
f 80//382 78//383 82//384
f 80//385 82//386 81//387
f 78//388 79//389 83//390
f 78//391 83//392 82//393
f 83//394 79//395 84//396
f 85//397 72//398 76//399
f 72//400 85//401 63//402
f 86//403 76//404 81//405
f 76//406 86//407 85//408
f 86//409 81//410 87//411
f 87//412 81//413 82//414
f 85//415 86//416 88//417
f 63//418 85//419 89//420
f 89//421 85//422 88//423
f 63//424 89//425 59//426
f 59//427 89//428 62//429
f 89//430 88//431 90//432
f 89//433 90//434 62//435
f 88//436 86//437 91//438
f 88//439 91//440 90//441
f 91//442 86//443 87//444
f 62//445 90//446 92//447
f 90//448 91//449 93//450
f 90//451 93//452 92//453
f 91//454 87//455 94//456
f 91//457 94//458 93//459
f 94//460 87//461 95//462
f 93//463 94//464 96//465
f 93//466 96//467 97//468
f 96//469 94//470 98//471
f 98//472 94//473 95//474
f 96//475 98//476 99//477
f 96//478 99//479 97//480
f 99//481 98//482 100//483
f 101//484 95//485 87//486
f 101//487 87//488 82//489
f 98//490 95//491 102//492
f 98//493 102//494 100//495
f 95//496 101//497 103//498
f 101//499 82//500 104//501
f 101//502 104//503 103//504
f 95//505 103//506 105//507
f 95//508 105//509 102//510
f 100//511 102//512 106//513
f 106//514 102//515 105//516
f 105//517 103//518 107//519
f 107//520 103//521 104//522
f 105//523 107//524 108//525
f 105//526 108//527 106//528
f 107//529 104//530 109//531
f 108//532 107//533 110//534
f 110//535 107//536 109//537
f 106//538 108//539 111//540
f 111//541 108//542 112//543
f 112//544 108//545 110//546
f 106//547 111//548 113//549
f 111//550 112//551 114//552
f 111//553 114//554 113//555
f 115//556 109//557 104//558
f 116//559 110//560 109//561
f 116//562 109//563 115//564
f 115//565 104//566 117//567
f 117//568 104//569 82//570
f 117//571 82//572 83//573
f 117//574 83//575 84//576
f 115//577 117//578 118//579
f 115//580 118//581 116//582
f 118//583 117//584 84//585
f 116//586 118//587 119//588
f 119//589 118//590 84//591
f 116//592 119//593 120//594
f 116//595 120//596 110//597
f 119//598 84//599 121//600
f 110//601 120//602 122//603
f 110//604 122//605 112//606
f 120//607 119//608 123//609
f 123//610 119//611 121//612
f 122//613 120//614 124//615
f 124//616 120//617 123//618
f 112//619 122//620 125//621
f 112//622 125//623 114//624
f 125//625 122//626 126//627
f 126//628 122//629 124//630
f 114//631 125//632 127//633
f 127//634 125//635 126//636
f 127//637 126//638 128//639
f 126//640 124//641 129//642
f 126//643 129//644 128//645
f 127//646 128//647 130//648
f 130//649 128//650 129//651
f 114//652 127//653 131//654
f 131//655 127//656 130//657
f 129//658 124//659 132//660
f 132//661 124//662 133//663
f 133//664 124//665 123//666
f 129//667 132//668 134//669
f 134//670 132//671 133//672
f 130//673 129//674 135//675
f 130//676 135//677 131//678
f 135//679 129//680 134//681
f 133//682 123//683 136//684
f 136//685 123//686 121//687
f 133//688 136//689 137//690
f 134//691 133//692 138//693
f 138//694 133//695 137//696
f 135//697 134//698 139//699
f 134//700 138//701 140//702
f 134//703 140//704 139//705
f 138//706 137//707 141//708
f 140//709 138//710 142//711
f 142//712 138//713 141//714
f 143//715 137//716 136//717
f 137//718 143//719 141//720
f 143//721 136//722 144//723
f 144//724 136//725 121//726
f 141//727 143//728 145//729
f 141//730 145//731 142//732
f 143//733 144//734 70//735
f 143//736 70//737 145//738
f 144//739 121//740 146//741
f 144//742 146//743 70//744
f 146//745 121//746 147//747
f 146//748 147//749 70//750
f 147//751 121//752 84//753
f 147//754 84//755 148//756
f 148//757 84//758 79//759
f 147//760 148//761 149//762
f 147//763 149//764 70//765
f 148//766 79//767 150//768
f 148//769 150//770 149//771
f 150//772 79//773 77//774
f 149//775 150//776 151//777
f 151//778 150//779 77//780
f 149//781 151//782 70//783
f 70//784 151//785 77//786
f 70//787 23//788 19//789
f 70//790 19//791 145//792
f 145//793 19//794 152//795
f 152//796 19//797 153//798
f 153//799 19//800 154//801
f 154//802 19//803 18//804
f 154//805 18//806 153//807
f 152//808 153//809 155//810
f 155//811 153//812 18//813
f 145//814 152//815 156//816
f 152//817 155//818 157//819
f 156//820 152//821 158//822
f 158//823 152//824 157//825
f 157//826 155//827 159//828
f 159//829 155//830 18//831
f 158//832 157//833 160//834
f 157//835 159//836 161//837
f 157//838 161//839 160//840
f 161//841 159//842 162//843
f 162//844 159//845 18//846
f 161//847 162//848 163//849
f 163//850 162//851 18//852
f 161//853 163//854 164//855
f 161//856 164//857 160//858
f 163//859 18//860 165//861
f 163//862 165//863 164//864
f 164//865 165//866 166//867
f 166//868 165//869 18//870
f 160//871 164//872 167//873
f 164//874 166//875 168//876
f 164//877 168//878 167//879
f 168//880 166//881 169//882
f 169//883 166//884 18//885
f 168//886 169//887 170//888
f 170//889 169//890 18//891
f 168//892 170//893 171//894
f 168//895 171//896 167//897
f 170//898 18//899 172//900
f 170//901 172//902 171//903
f 172//904 18//905 173//906
f 172//907 173//908 171//909
f 171//910 173//911 174//912
f 174//913 173//914 18//915
f 171//916 174//917 175//918
f 174//919 18//920 176//921
f 174//922 176//923 175//924
f 177//925 167//926 171//927
f 177//928 171//929 175//930
f 167//931 177//932 178//933
f 177//934 175//935 179//936
f 177//937 179//938 178//939
f 175//940 176//941 180//942
f 179//943 175//944 181//945
f 181//946 175//947 180//948
f 182//949 176//950 18//951
f 176//952 182//953 180//954
f 182//955 18//956 183//957
f 183//958 18//959 17//960
f 180//961 182//962 184//963
f 184//964 182//965 183//966
f 184//967 183//968 185//969
f 185//970 183//971 17//972
f 180//973 184//974 186//975
f 184//976 185//977 187//978
f 184//979 187//980 186//981
f 180//982 186//983 188//984
f 180//985 188//986 181//987
f 186//988 187//989 189//990
f 186//991 189//992 188//993
f 187//994 185//995 190//996
f 187//997 190//998 189//999
f 190//1000 185//1001 191//1002
f 191//1003 185//1004 17//1005
f 191//1006 17//1007 192//1008
f 191//1009 192//1010 190//1011
f 192//1012 17//1013 193//1014
f 192//1015 193//1016 190//1017
f 194//1018 188//1019 189//1020
f 188//1021 194//1022 181//1023
f 193//1024 17//1025 195//1026
f 195//1027 17//1028 16//1029
f 190//1030 193//1031 196//1032
f 196//1033 193//1034 195//1035
f 195//1036 16//1037 197//1038
f 195//1039 197//1040 196//1041
f 197//1042 16//1043 198//1044
f 196//1045 197//1046 199//1047
f 199//1048 197//1049 198//1050
f 190//1051 196//1052 200//1053
f 196//1054 199//1055 201//1056
f 196//1057 201//1058 200//1059
f 199//1060 198//1061 202//1062
f 202//1063 198//1064 16//1065
f 190//1066 200//1067 203//1068
f 190//1069 203//1070 189//1071
f 203//1072 200//1073 204//1074
f 189//1075 203//1076 205//1077
f 205//1078 203//1079 204//1080
f 189//1081 205//1082 206//1083
f 189//1084 206//1085 207//1086
f 206//1087 205//1088 208//1089
f 208//1090 205//1091 209//1092
f 209//1093 205//1094 204//1095
f 206//1096 208//1097 210//1098
f 206//1099 210//1100 207//1101
f 208//1102 209//1103 211//1104
f 208//1105 211//1106 210//1107
f 209//1108 204//1109 212//1110
f 209//1111 212//1112 213//1113
f 209//1114 213//1115 211//1116
f 212//1117 204//1118 214//1119
f 213//1120 212//1121 215//1122
f 215//1123 212//1124 214//1125
f 213//1126 215//1127 216//1128
f 213//1129 216//1130 211//1131
f 217//1132 210//1133 211//1134
f 210//1135 217//1136 218//1137
f 210//1138 218//1139 207//1140
f 217//1141 211//1142 219//1143
f 211//1144 216//1145 220//1146
f 211//1147 220//1148 219//1149
f 217//1150 219//1151 221//1152
f 217//1153 221//1154 218//1155
f 219//1156 220//1157 222//1158
f 220//1159 216//1160 223//1161
f 220//1162 223//1163 222//1164
f 219//1165 222//1166 224//1167
f 219//1168 224//1169 221//1170
f 222//1171 223//1172 225//1173
f 221//1174 224//1175 226//1176
f 221//1177 226//1178 218//1179
f 224//1180 222//1181 227//1182
f 227//1183 222//1184 225//1185
f 224//1186 227//1187 228//1188
f 224//1189 228//1190 226//1191
f 218//1192 226//1193 229//1194
f 228//1195 227//1196 230//1197
f 218//1198 229//1199 231//1200
f 218//1201 231//1202 207//1203
f 226//1204 228//1205 232//1206
f 207//1207 231//1208 233//1209
f 233//1210 231//1211 234//1212
f 234//1213 231//1214 229//1215
f 207//1216 233//1217 235//1218
f 207//1219 235//1220 189//1221
f 189//1222 235//1223 194//1224
f 194//1225 235//1226 181//1227
f 181//1228 235//1229 233//1230
f 181//1231 233//1232 234//1233
f 181//1234 234//1235 236//1236
f 236//1237 234//1238 229//1239
f 181//1240 236//1241 179//1242
f 179//1243 236//1244 237//1245
f 179//1246 237//1247 178//1248
f 236//1249 229//1250 238//1251
f 236//1252 238//1253 237//1254
f 178//1255 237//1256 239//1257
f 239//1258 237//1259 238//1260
f 238//1261 229//1262 240//1263
f 240//1264 229//1265 226//1266
f 240//1267 226//1268 232//1269
f 238//1270 240//1271 241//1272
f 241//1273 240//1274 232//1275
f 238//1276 241//1277 239//1278
f 241//1279 232//1280 242//1281
f 239//1282 241//1283 243//1284
f 243//1285 241//1286 242//1287
f 242//1288 232//1289 244//1290
f 244//1291 232//1292 228//1293
f 244//1294 228//1295 230//1296
f 242//1297 244//1298 245//1299
f 244//1300 230//1301 246//1302
f 244//1303 246//1304 245//1305
f 243//1306 242//1307 247//1308
f 247//1309 242//1310 245//1311
f 243//1312 247//1313 248//1314
f 249//1315 239//1316 243//1317
f 249//1318 243//1319 248//1320
f 239//1321 249//1322 250//1323
f 239//1324 250//1325 178//1326
f 250//1327 249//1328 251//1329
f 251//1330 249//1331 248//1332
f 178//1333 250//1334 252//1335
f 178//1336 252//1337 167//1338
f 167//1339 252//1340 160//1341
f 160//1342 252//1343 158//1344
f 252//1345 250//1346 253//1347
f 252//1348 253//1349 158//1350
f 253//1351 250//1352 251//1353
f 158//1354 253//1355 156//1356
f 254//1357 251//1358 248//1359
f 251//1360 254//1361 253//1362
f 156//1363 253//1364 255//1365
f 156//1366 255//1367 145//1368
f 253//1369 254//1370 256//1371
f 253//1372 256//1373 255//1374
f 254//1375 248//1376 257//1377
f 254//1378 257//1379 256//1380
f 145//1381 255//1382 258//1383
f 145//1384 258//1385 142//1386
f 142//1387 258//1388 140//1389
f 258//1390 255//1391 259//1392
f 258//1393 259//1394 140//1395
f 259//1396 255//1397 256//1398
f 140//1399 259//1400 139//1401
f 259//1402 256//1403 260//1404
f 259//1405 260//1406 139//1407
f 260//1408 256//1409 257//1410
f 261//1411 257//1412 248//1413
f 257//1414 261//1415 260//1416
f 261//1417 248//1418 247//1419
f 139//1420 260//1421 262//1422
f 262//1423 260//1424 261//1425
f 139//1426 262//1427 135//1428
f 135//1429 262//1430 131//1431
f 262//1432 261//1433 263//1434
f 263//1435 261//1436 247//1437
f 262//1438 263//1439 131//1440
f 263//1441 247//1442 245//1443
f 131//1444 263//1445 264//1446
f 264//1447 263//1448 245//1449
f 131//1450 264//1451 114//1452
f 114//1453 264//1454 113//1455
f 264//1456 245//1457 265//1458
f 264//1459 265//1460 113//1461
f 265//1462 245//1463 246//1464
f 113//1465 265//1466 266//1467
f 265//1468 246//1469 267//1470
f 265//1471 267//1472 266//1473
f 113//1474 266//1475 268//1476
f 113//1477 268//1478 106//1479
f 106//1480 268//1481 100//1482
f 268//1483 266//1484 269//1485
f 269//1486 266//1487 267//1488
f 100//1489 268//1490 270//1491
f 270//1492 268//1493 269//1494
f 100//1495 270//1496 99//1497
f 99//1498 270//1499 271//1500
f 270//1501 269//1502 272//1503
f 270//1504 272//1505 271//1506
f 99//1507 271//1508 97//1509
f 272//1510 269//1511 273//1512
f 273//1513 269//1514 267//1515
f 271//1516 272//1517 274//1518
f 97//1519 271//1520 275//1521
f 275//1522 271//1523 274//1524
f 97//1525 275//1526 276//1527
f 273//1528 267//1529 277//1530
f 97//1531 276//1532 278//1533
f 97//1534 278//1535 93//1536
f 93//1537 278//1538 92//1539
f 278//1540 276//1541 279//1542
f 278//1543 279//1544 92//1545
f 276//1546 275//1547 280//1548
f 279//1549 276//1550 281//1551
f 281//1552 276//1553 280//1554
f 280//1555 275//1556 282//1557
f 282//1558 275//1559 274//1560
f 280//1561 282//1562 283//1563
f 282//1564 274//1565 284//1566
f 282//1567 284//1568 283//1569
f 280//1570 283//1571 285//1572
f 280//1573 285//1574 281//1575
f 285//1576 283//1577 286//1578
f 286//1579 283//1580 284//1581
f 281//1582 285//1583 287//1584
f 284//1585 274//1586 288//1587
f 289//1588 279//1589 281//1590
f 289//1591 281//1592 287//1593
f 287//1594 285//1595 290//1596
f 290//1597 285//1598 286//1599
f 286//1600 284//1601 291//1602
f 287//1603 290//1604 292//1605
f 286//1606 291//1607 293//1608
f 291//1609 284//1610 294//1611
f 294//1612 284//1613 288//1614
f 291//1615 294//1616 293//1617
f 290//1618 286//1619 295//1620
f 295//1621 286//1622 293//1623
f 290//1624 295//1625 296//1626
f 290//1627 296//1628 292//1629
f 295//1630 293//1631 297//1632
f 296//1633 295//1634 298//1635
f 298//1636 295//1637 297//1638
f 292//1639 296//1640 299//1641
f 298//1642 297//1643 300//1644
f 297//1645 293//1646 301//1647
f 297//1648 301//1649 300//1650
f 296//1651 298//1652 302//1653
f 296//1654 302//1655 299//1656
f 302//1657 298//1658 303//1659
f 303//1660 298//1661 300//1662
f 299//1663 302//1664 304//1665
f 302//1666 303//1667 305//1668
f 302//1669 305//1670 304//1671
f 303//1672 300//1673 306//1674
f 299//1675 304//1676 307//1677
f 303//1678 306//1679 308//1680
f 303//1681 308//1682 305//1683
f 299//1684 307//1685 309//1686
f 299//1687 309//1688 292//1689
f 307//1690 304//1691 310//1692
f 311//1693 304//1694 305//1695
f 304//1696 311//1697 310//1698
f 305//1699 308//1700 312//1701
f 305//1702 312//1703 311//1704
f 313//1705 308//1706 306//1707
f 314//1708 306//1709 300//1710
f 306//1711 314//1712 313//1713
f 312//1714 308//1715 315//1716
f 315//1717 308//1718 313//1719
f 311//1720 312//1721 316//1722
f 312//1723 315//1724 317//1725
f 312//1726 317//1727 316//1728
f 311//1729 316//1730 318//1731
f 316//1732 317//1733 319//1734
f 316//1735 319//1736 318//1737
f 311//1738 318//1739 320//1740
f 311//1741 320//1742 310//1743
f 320//1744 318//1745 321//1746
f 320//1747 321//1748 310//1749
f 318//1750 319//1751 322//1752
f 321//1753 318//1754 323//1755
f 323//1756 318//1757 322//1758
f 324//1759 319//1760 317//1761
f 319//1762 324//1763 322//1764
f 324//1765 317//1766 325//1767
f 325//1768 317//1769 315//1770
f 322//1771 324//1772 326//1773
f 324//1774 325//1775 327//1776
f 324//1777 327//1778 326//1779
f 325//1780 315//1781 328//1782
f 328//1783 315//1784 313//1785
f 325//1786 328//1787 329//1788
f 325//1789 329//1790 327//1791
f 329//1792 328//1793 330//1794
f 327//1795 329//1796 331//1797
f 331//1798 329//1799 330//1800
f 328//1801 313//1802 332//1803
f 328//1804 332//1805 330//1806
f 332//1807 313//1808 333//1809
f 333//1810 313//1811 314//1812
f 330//1813 332//1814 334//1815
f 332//1816 333//1817 335//1818
f 332//1819 335//1820 334//1821
f 333//1822 314//1823 336//1824
f 333//1825 336//1826 335//1827
f 334//1828 335//1829 337//1830
f 337//1831 335//1832 336//1833
f 330//1834 334//1835 338//1836
f 338//1837 334//1838 337//1839
f 330//1840 338//1841 339//1842
f 330//1843 339//1844 331//1845
f 340//1846 336//1847 314//1848
f 336//1849 340//1850 341//1851
f 340//1852 314//1853 342//1854
f 340//1855 342//1856 341//1857
f 342//1858 314//1859 300//1860
f 342//1861 300//1862 301//1863
f 341//1864 342//1865 343//1866
f 341//1867 343//1868 336//1869
f 343//1870 342//1871 301//1872
f 336//1873 343//1874 344//1875
f 336//1876 344//1877 337//1878
f 343//1879 301//1880 345//1881
f 343//1882 345//1883 344//1884
f 337//1885 344//1886 346//1887
f 337//1888 346//1889 347//1890
f 337//1891 347//1892 338//1893
f 346//1894 344//1895 348//1896
f 347//1897 346//1898 349//1899
f 349//1900 346//1901 348//1902
f 338//1903 347//1904 350//1905
f 347//1906 349//1907 351//1908
f 347//1909 351//1910 350//1911
f 338//1912 350//1913 352//1914
f 338//1915 352//1916 339//1917
f 350//1918 351//1919 353//1920
f 352//1921 350//1922 354//1923
f 354//1924 350//1925 353//1926
f 339//1927 352//1928 355//1929
f 352//1930 354//1931 356//1932
f 352//1933 356//1934 355//1935
f 339//1936 355//1937 357//1938
f 339//1939 357//1940 331//1941
f 355//1942 356//1943 358//1944
f 355//1945 358//1946 357//1947
f 356//1948 354//1949 359//1950
f 358//1951 356//1952 360//1953
f 360//1954 356//1955 359//1956
f 359//1957 354//1958 361//1959
f 361//1960 354//1961 353//1962
f 360//1963 359//1964 362//1965
f 362//1966 359//1967 361//1968
f 358//1969 360//1970 363//1971
f 363//1972 360//1973 362//1974
f 364//1975 357//1976 358//1977
f 364//1978 358//1979 363//1980
f 365//1981 331//1982 357//1983
f 365//1984 357//1985 364//1986
f 331//1987 365//1988 366//1989
f 331//1990 366//1991 327//1992
f 365//1993 364//1994 367//1995
f 366//1996 365//1997 368//1998
f 368//1999 365//2000 367//2001
f 327//2002 366//2003 369//2004
f 369//2005 366//2006 368//2007
f 327//2008 369//2009 326//2010
f 370//2011 364//2012 363//2013
f 369//2014 368//2015 371//2016
f 326//2017 369//2018 372//2019
f 372//2020 369//2021 371//2022
f 371//2023 368//2024 373//2025
f 373//2026 368//2027 367//2028
f 374//2029 367//2030 364//2031
f 374//2032 364//2033 370//2034
f 373//2035 367//2036 375//2037
f 371//2038 373//2039 376//2040
f 376//2041 373//2042 375//2043
f 367//2044 374//2045 377//2046
f 367//2047 377//2048 375//2049
f 377//2050 374//2051 378//2052
f 378//2053 374//2054 370//2055
f 375//2056 377//2057 379//2058
f 379//2059 377//2060 378//2061
f 375//2062 379//2063 380//2064
f 375//2065 380//2066 376//2067
f 380//2068 379//2069 381//2070
f 379//2071 378//2072 382//2073
f 379//2074 382//2075 381//2076
f 382//2077 378//2078 383//2079
f 382//2080 383//2081 384//2082
f 382//2083 384//2084 381//2085
f 383//2086 378//2087 385//2088
f 385//2089 378//2090 370//2091
f 384//2092 383//2093 386//2094
f 386//2095 383//2096 385//2097
f 381//2098 384//2099 387//2100
f 384//2101 386//2102 388//2103
f 384//2104 388//2105 387//2106
f 386//2107 385//2108 389//2109
f 386//2110 389//2111 388//2112
f 385//2113 370//2114 390//2115
f 385//2116 390//2117 389//2118
f 381//2119 387//2120 391//2121
f 387//2122 388//2123 392//2124
f 387//2125 392//2126 391//2127
f 392//2128 388//2129 393//2130
f 393//2131 388//2132 389//2133
f 389//2134 390//2135 394//2136
f 395//2137 390//2138 370//2139
f 390//2140 395//2141 394//2142
f 395//2143 370//2144 396//2145
f 396//2146 370//2147 363//2148
f 396//2149 363//2150 362//2151
f 395//2152 396//2153 397//2154
f 397//2155 396//2156 362//2157
f 395//2158 397//2159 398//2160
f 395//2161 398//2162 394//2163
f 397//2164 362//2165 399//2166
f 399//2167 362//2168 361//2169
f 398//2170 397//2171 400//2172
f 400//2173 397//2174 399//2175
f 394//2176 398//2177 401//2178
f 401//2179 398//2180 400//2181
f 399//2182 361//2183 402//2184
f 402//2185 361//2186 353//2187
f 400//2188 399//2189 403//2190
f 403//2191 399//2192 402//2193
f 401//2194 400//2195 404//2196
f 404//2197 400//2198 403//2199
f 394//2200 401//2201 405//2202
f 405//2203 401//2204 406//2205
f 406//2206 401//2207 404//2208
f 394//2209 405//2210 407//2211
f 394//2212 407//2213 389//2214
f 405//2215 406//2216 408//2217
f 405//2218 408//2219 407//2220
f 408//2221 406//2222 404//2223
f 389//2224 407//2225 409//2226
f 409//2227 407//2228 408//2229
f 409//2230 408//2231 404//2232
f 389//2233 409//2234 393//2235
f 393//2236 409//2237 410//2238
f 410//2239 409//2240 404//2241
f 393//2242 410//2243 411//2244
f 411//2245 410//2246 404//2247
f 393//2248 411//2249 412//2250
f 393//2251 412//2252 392//2253
f 412//2254 411//2255 413//2256
f 413//2257 411//2258 404//2259
f 392//2260 412//2261 414//2262
f 412//2263 413//2264 415//2265
f 412//2266 415//2267 414//2268
f 415//2269 413//2270 416//2271
f 413//2272 404//2273 417//2274
f 413//2275 417//2276 416//2277
f 415//2278 416//2279 418//2280
f 415//2281 418//2282 414//2283
f 418//2284 416//2285 419//2286
f 419//2287 416//2288 417//2289
f 420//2290 392//2291 414//2292
f 418//2293 419//2294 421//2295
f 392//2296 420//2297 391//2298
f 414//2299 418//2300 422//2301
f 422//2302 418//2303 421//2304
f 414//2305 422//2306 423//2307
f 414//2308 423//2309 420//2310
f 423//2311 422//2312 424//2313
f 423//2314 424//2315 420//2316
f 422//2317 421//2318 425//2319
f 422//2320 425//2321 424//2322
f 426//2323 421//2324 419//2325
f 426//2326 419//2327 417//2328
f 425//2329 421//2330 427//2331
f 427//2332 421//2333 426//2334
f 427//2335 426//2336 428//2337
f 428//2338 426//2339 417//2340
f 425//2341 427//2342 429//2343
f 430//2344 424//2345 425//2346
f 430//2347 425//2348 429//2349
f 427//2350 428//2351 431//2352
f 427//2353 431//2354 429//2355
f 431//2356 428//2357 432//2358
f 432//2359 428//2360 417//2361
f 429//2362 431//2363 433//2364
f 430//2365 429//2366 434//2367
f 434//2368 429//2369 433//2370
f 433//2371 431//2372 435//2373
f 435//2374 431//2375 432//2376
f 434//2377 433//2378 436//2379
f 433//2380 435//2381 437//2382
f 433//2383 437//2384 436//2385
f 430//2386 434//2387 438//2388
f 437//2389 435//2390 439//2391
f 434//2392 436//2393 440//2394
f 434//2395 440//2396 438//2397
f 436//2398 437//2399 441//2400
f 441//2401 437//2402 439//2403
f 440//2404 436//2405 442//2406
f 442//2407 436//2408 441//2409
f 439//2410 435//2411 443//2412
f 443//2413 435//2414 432//2415
f 441//2416 439//2417 444//2418
f 444//2419 439//2420 443//2421
f 441//2422 444//2423 445//2424
f 442//2425 441//2426 446//2427
f 446//2428 441//2429 445//2430
f 445//2431 444//2432 447//2433
f 447//2434 444//2435 443//2436
f 446//2437 445//2438 448//2439
f 448//2440 445//2441 447//2442
f 442//2443 446//2444 449//2445
f 447//2446 443//2447 450//2448
f 451//2449 440//2450 442//2451
f 451//2452 442//2453 449//2454
f 449//2455 446//2456 452//2457
f 452//2458 446//2459 448//2460
f 448//2461 447//2462 453//2463
f 453//2464 447//2465 450//2466
f 452//2467 448//2468 454//2469
f 449//2470 452//2471 455//2472
f 454//2473 448//2474 456//2475
f 456//2476 448//2477 453//2478
f 452//2479 454//2480 457//2481
f 452//2482 457//2483 455//2484
f 457//2485 454//2486 458//2487
f 455//2488 457//2489 459//2490
f 459//2491 457//2492 458//2493
f 449//2494 455//2495 460//2496
f 449//2497 460//2498 451//2499
f 460//2500 455//2501 461//2502
f 461//2503 455//2504 459//2505
f 451//2506 460//2507 462//2508
f 460//2509 461//2510 463//2511
f 460//2512 463//2513 462//2514
f 461//2515 459//2516 464//2517
f 463//2518 461//2519 465//2520
f 465//2521 461//2522 464//2523
f 462//2524 463//2525 466//2526
f 463//2527 465//2528 467//2529
f 463//2530 467//2531 466//2532
f 467//2533 465//2534 468//2535
f 465//2536 464//2537 469//2538
f 465//2539 469//2540 468//2541
f 470//2542 464//2543 459//2544
f 470//2545 459//2546 471//2547
f 469//2548 464//2549 472//2550
f 472//2551 464//2552 470//2553
f 472//2554 470//2555 473//2556
f 473//2557 470//2558 471//2559
f 469//2560 472//2561 474//2562
f 472//2563 473//2564 475//2565
f 472//2566 475//2567 474//2568
f 458//2569 471//2570 459//2571
f 469//2572 474//2573 476//2574
f 469//2575 476//2576 468//2577
f 476//2578 474//2579 477//2580
f 477//2581 474//2582 475//2583
f 468//2584 476//2585 478//2586
f 479//2587 473//2588 471//2589
f 473//2590 479//2591 475//2592
f 479//2593 471//2594 480//2595
f 475//2596 479//2597 481//2598
f 482//2599 471//2600 458//2601
f 471//2602 482//2603 480//2604
f 481//2605 479//2606 483//2607
f 483//2608 479//2609 480//2610
f 475//2611 481//2612 484//2613
f 481//2614 483//2615 485//2616
f 481//2617 485//2618 484//2619
f 475//2620 484//2621 486//2622
f 475//2623 486//2624 477//2625
f 484//2626 485//2627 487//2628
f 483//2629 480//2630 488//2631
f 483//2632 488//2633 485//2634
f 486//2635 484//2636 489//2637
f 489//2638 484//2639 487//2640
f 486//2641 489//2642 490//2643
f 486//2644 490//2645 477//2646
f 490//2647 489//2648 491//2649
f 491//2650 489//2651 487//2652
f 477//2653 490//2654 492//2655
f 493//2656 487//2657 485//2658
f 493//2659 485//2660 488//2661
f 487//2662 493//2663 494//2664
f 492//2665 490//2666 495//2667
f 495//2668 490//2669 491//2670
f 477//2671 492//2672 496//2673
f 477//2674 496//2675 476//2676
f 476//2677 496//2678 478//2679
f 497//2680 491//2681 487//2682
f 497//2683 487//2684 494//2685
f 495//2686 491//2687 498//2688
f 491//2689 497//2690 499//2691
f 491//2692 499//2693 498//2694
f 497//2695 494//2696 500//2697
f 499//2698 497//2699 501//2700
f 501//2701 497//2702 500//2703
f 495//2704 498//2705 502//2706
f 498//2707 499//2708 503//2709
f 498//2710 503//2711 502//2712
f 503//2713 499//2714 504//2715
f 504//2716 499//2717 501//2718
f 504//2719 501//2720 505//2721
f 503//2722 504//2723 506//2724
f 504//2725 505//2726 507//2727
f 504//2728 507//2729 506//2730
f 507//2731 505//2732 508//2733
f 508//2734 505//2735 501//2736
f 503//2737 506//2738 509//2739
f 503//2740 509//2741 502//2742
f 506//2743 507//2744 510//2745
f 508//2746 501//2747 511//2748
f 511//2749 501//2750 500//2751
f 507//2752 508//2753 512//2754
f 507//2755 512//2756 510//2757
f 508//2758 511//2759 513//2760
f 508//2761 513//2762 512//2763
f 511//2764 500//2765 514//2766
f 511//2767 514//2768 513//2769
f 514//2770 500//2771 515//2772
f 512//2773 513//2774 516//2775
f 516//2776 513//2777 514//2778
f 517//2779 510//2780 512//2781
f 517//2782 512//2783 516//2784
f 518//2785 506//2786 510//2787
f 506//2788 518//2789 509//2790
f 510//2791 517//2792 519//2793
f 510//2794 519//2795 518//2796
f 509//2797 518//2798 520//2799
f 509//2800 520//2801 502//2802
f 518//2803 519//2804 521//2805
f 518//2806 521//2807 520//2808
f 519//2809 517//2810 522//2811
f 522//2812 517//2813 523//2814
f 523//2815 517//2816 516//2817
f 519//2818 522//2819 524//2820
f 519//2821 524//2822 521//2823
f 520//2824 521//2825 525//2826
f 526//2827 502//2828 520//2829
f 526//2830 520//2831 525//2832
f 502//2833 526//2834 527//2835
f 502//2836 527//2837 495//2838
f 526//2839 525//2840 46//2841
f 495//2842 527//2843 492//2844
f 526//2845 46//2846 48//2847
f 526//2848 48//2849 527//2850
f 46//2851 525//2852 45//2853
f 45//2854 525//2855 521//2856
f 45//2857 521//2858 528//2859
f 528//2860 521//2861 524//2862
f 45//2863 528//2864 529//2865
f 529//2866 528//2867 524//2868
f 45//2869 529//2870 42//2871
f 42//2872 529//2873 44//2874
f 529//2875 524//2876 530//2877
f 529//2878 530//2879 44//2880
f 530//2881 524//2882 531//2883
f 44//2884 530//2885 532//2886
f 532//2887 530//2888 531//2889
f 531//2890 524//2891 533//2892
f 533//2893 524//2894 522//2895
f 533//2896 522//2897 534//2898
f 531//2899 533//2900 535//2901
f 535//2902 533//2903 534//2904
f 531//2905 535//2906 536//2907
f 531//2908 536//2909 532//2910
f 537//2911 44//2912 532//2913
f 44//2914 537//2915 43//2916
f 43//2917 537//2918 29//2919
f 537//2920 532//2921 538//2922
f 537//2923 538//2924 29//2925
f 532//2926 536//2927 539//2928
f 532//2929 539//2930 538//2931
f 540//2932 536//2933 535//2934
f 536//2935 540//2936 539//2937
f 540//2938 535//2939 541//2940
f 541//2941 535//2942 534//2943
f 539//2944 540//2945 542//2946
f 542//2947 540//2948 541//2949
f 538//2950 539//2951 543//2952
f 543//2953 539//2954 542//2955
f 544//2956 29//2957 538//2958
f 544//2959 538//2960 543//2961
f 29//2962 544//2963 545//2964
f 29//2965 545//2966 28//2967
f 544//2968 543//2969 546//2970
f 28//2971 545//2972 15//2973
f 545//2974 544//2975 547//2976
f 547//2977 544//2978 546//2979
f 545//2980 547//2981 15//2982
f 547//2983 546//2984 548//2985
f 548//2986 546//2987 543//2988
f 547//2989 548//2990 15//2991
f 548//2992 543//2993 549//2994
f 549//2995 543//2996 542//2997
f 548//2998 549//2999 550//3000
f 550//3001 549//3002 542//3003
f 548//3004 550//3005 15//3006
f 550//3007 542//3008 551//3009
f 550//3010 551//3011 15//3012
f 551//3013 542//3014 552//3015
f 551//3016 552//3017 15//3018
f 552//3019 542//3020 541//3021
f 552//3022 541//3023 553//3024
f 552//3025 553//3026 15//3027
f 553//3028 541//3029 554//3030
f 553//3031 554//3032 15//3033
f 554//3034 541//3035 534//3036
f 554//3037 534//3038 555//3039
f 554//3040 555//3041 15//3042
f 555//3043 534//3044 523//3045
f 523//3046 534//3047 522//3048
f 555//3049 523//3050 556//3051
f 555//3052 556//3053 15//3054
f 556//3055 523//3056 557//3057
f 557//3058 523//3059 516//3060
f 556//3061 557//3062 558//3063
f 558//3064 557//3065 516//3066
f 556//3067 558//3068 15//3069
f 558//3070 516//3071 559//3072
f 558//3073 559//3074 15//3075
f 559//3076 516//3077 560//3078
f 560//3079 516//3080 514//3081
f 559//3082 560//3083 561//3084
f 559//3085 561//3086 15//3087
f 560//3088 514//3089 515//3090
f 561//3091 560//3092 562//3093
f 562//3094 560//3095 515//3096
f 561//3097 562//3098 15//3099
f 562//3100 515//3101 563//3102
f 562//3103 563//3104 15//3105
f 563//3106 515//3107 564//3108
f 563//3109 564//3110 15//3111
f 564//3112 515//3113 565//3114
f 565//3115 515//3116 500//3117
f 15//3118 564//3119 566//3120
f 566//3121 564//3122 565//3123
f 565//3124 500//3125 494//3126
f 15//3127 566//3128 5//3129
f 566//3130 565//3131 567//3132
f 566//3133 567//3134 5//3135
f 565//3136 494//3137 568//3138
f 565//3139 568//3140 567//3141
f 568//3142 494//3143 493//3144
f 5//3145 567//3146 569//3147
f 569//3148 567//3149 568//3150
f 5//3151 569//3152 570//3153
f 570//3154 569//3155 568//3156
f 568//3157 493//3158 488//3159
f 5//3160 570//3161 571//3162
f 571//3163 570//3164 568//3165
f 571//3166 568//3167 572//3168
f 572//3169 568//3170 488//3171
f 5//3172 571//3173 573//3174
f 573//3175 571//3176 572//3177
f 5//3178 573//3179 574//3180
f 573//3181 572//3182 575//3183
f 575//3184 572//3185 488//3186
f 573//3187 575//3188 574//3189
f 5//3190 574//3191 3//3192
f 574//3193 575//3194 576//3195
f 574//3196 576//3197 3//3198
f 575//3199 488//3200 577//3201
f 576//3202 575//3203 578//3204
f 576//3205 578//3206 3//3207
f 577//3208 488//3209 579//3210
f 579//3211 488//3212 480//3213
f 575//3214 577//3215 580//3216
f 580//3217 577//3218 579//3219
f 578//3220 575//3221 581//3222
f 581//3223 575//3224 580//3225
f 578//3226 581//3227 582//3228
f 578//3229 582//3230 3//3231
f 579//3232 480//3233 583//3234
f 579//3235 583//3236 580//3237
f 583//3238 480//3239 482//3240
f 583//3241 482//3242 584//3243
f 583//3244 584//3245 580//3246
f 584//3247 482//3248 458//3249
f 584//3250 458//3251 585//3252
f 584//3253 585//3254 580//3255
f 585//3256 458//3257 454//3258
f 585//3259 454//3260 456//3261
f 585//3262 456//3263 586//3264
f 585//3265 586//3266 580//3267
f 586//3268 456//3269 453//3270
f 580//3271 586//3272 587//3273
f 580//3274 587//3275 581//3276
f 586//3277 453//3278 588//3279
f 586//3280 588//3281 587//3282
f 588//3283 453//3284 589//3285
f 581//3286 587//3287 590//3288
f 581//3289 590//3290 582//3291
f 589//3292 453//3293 450//3294
f 582//3295 590//3296 3//3297
f 587//3298 588//3299 591//3300
f 591//3301 588//3302 589//3303
f 590//3304 587//3305 592//3306
f 592//3307 587//3308 591//3309
f 590//3310 592//3311 3//3312
f 592//3313 591//3314 593//3315
f 592//3316 593//3317 3//3318
f 593//3319 591//3320 594//3321
f 593//3322 594//3323 3//3324
f 594//3325 591//3326 595//3327
f 594//3328 595//3329 3//3330
f 595//3331 591//3332 596//3333
f 596//3334 591//3335 589//3336
f 595//3337 596//3338 597//3339
f 595//3340 597//3341 3//3342
f 596//3343 589//3344 598//3345
f 597//3346 596//3347 599//3348
f 597//3349 599//3350 3//3351
f 599//3352 596//3353 598//3354
f 599//3355 598//3356 600//3357
f 599//3358 600//3359 3//3360
f 598//3361 589//3362 601//3363
f 601//3364 589//3365 450//3366
f 600//3367 598//3368 602//3369
f 600//3370 602//3371 3//3372
f 598//3373 601//3374 603//3375
f 598//3376 603//3377 602//3378
f 602//3379 603//3380 604//3381
f 602//3382 604//3383 3//3384
f 604//3385 603//3386 605//3387
f 604//3388 605//3389 3//3390
f 603//3391 601//3392 606//3393
f 603//3394 606//3395 605//3396
f 607//3397 601//3398 450//3399
f 601//3400 607//3401 606//3402
f 607//3403 450//3404 443//3405
f 605//3406 606//3407 608//3408
f 605//3409 608//3410 3//3411
f 606//3412 607//3413 609//3414
f 606//3415 609//3416 608//3417
f 607//3418 443//3419 610//3420
f 607//3421 610//3422 609//3423
f 610//3424 443//3425 432//3426
f 610//3427 432//3428 417//3429
f 610//3430 417//3431 609//3432
f 608//3433 609//3434 611//3435
f 608//3436 611//3437 3//3438
f 609//3439 417//3440 612//3441
f 609//3442 612//3443 611//3444
f 612//3445 417//3446 404//3447
f 3//3448 611//3449 613//3450
f 613//3451 611//3452 612//3453
f 613//3454 612//3455 3//3456
f 3//3457 612//3458 1//3459
f 612//3460 404//3461 614//3462
f 1//3463 612//3464 615//3465
f 615//3466 612//3467 614//3468
f 614//3469 404//3470 403//3471
f 1//3472 615//3473 20//3474
f 614//3475 403//3476 616//3477
f 616//3478 403//3479 402//3480
f 615//3481 614//3482 617//3483
f 617//3484 614//3485 616//3486
f 616//3487 402//3488 618//3489
f 616//3490 618//3491 617//3492
f 618//3493 402//3494 353//3495
f 618//3496 353//3497 619//3498
f 618//3499 619//3500 617//3501
f 619//3502 353//3503 351//3504
f 615//3505 617//3506 620//3507
f 615//3508 620//3509 20//3510
f 617//3511 619//3512 621//3513
f 617//3514 621//3515 620//3516
f 619//3517 351//3518 622//3519
f 619//3520 622//3521 621//3522
f 622//3523 351//3524 349//3525
f 622//3526 349//3527 623//3528
f 623//3529 349//3530 348//3531
f 621//3532 622//3533 624//3534
f 624//3535 622//3536 623//3537
f 625//3538 620//3539 621//3540
f 625//3541 621//3542 624//3543
f 620//3544 625//3545 626//3546
f 620//3547 626//3548 20//3549
f 625//3550 624//3551 627//3552
f 628//3553 623//3554 348//3555
f 623//3556 628//3557 624//3558
f 626//3559 625//3560 629//3561
f 629//3562 625//3563 627//3564
f 626//3565 629//3566 630//3567
f 626//3568 630//3569 20//3570
f 630//3571 629//3572 631//3573
f 631//3574 629//3575 627//3576
f 624//3577 628//3578 632//3579
f 624//3580 632//3581 627//3582
f 632//3583 628//3584 633//3585
f 633//3586 628//3587 348//3588
f 627//3589 632//3590 634//3591
f 633//3592 348//3593 635//3594
f 635//3595 348//3596 344//3597
f 632//3598 633//3599 636//3600
f 632//3601 636//3602 634//3603
f 635//3604 344//3605 345//3606
f 633//3607 635//3608 637//3609
f 633//3610 637//3611 636//3612
f 635//3613 345//3614 638//3615
f 635//3616 638//3617 637//3618
f 637//3619 638//3620 639//3621
f 637//3622 639//3623 636//3624
f 638//3625 345//3626 640//3627
f 639//3628 638//3629 641//3630
f 641//3631 638//3632 640//3633
f 639//3634 641//3635 642//3636
f 639//3637 642//3638 636//3639
f 641//3640 640//3641 643//3642
f 640//3643 345//3644 644//3645
f 644//3646 345//3647 301//3648
f 640//3649 644//3650 645//3651
f 640//3652 645//3653 643//3654
f 643//3655 645//3656 223//3657
f 643//3658 223//3659 216//3660
f 223//3661 645//3662 225//3663
f 641//3664 643//3665 646//3666
f 646//3667 643//3668 216//3669
f 641//3670 646//3671 642//3672
f 646//3673 216//3674 215//3675
f 646//3676 215//3677 647//3678
f 646//3679 647//3680 642//3681
f 647//3682 215//3683 214//3684
f 648//3685 225//3686 645//3687
f 648//3688 645//3689 644//3690
f 225//3691 648//3692 649//3693
f 225//3694 649//3695 650//3696
f 225//3697 650//3698 227//3699
f 227//3700 650//3701 230//3702
f 650//3703 649//3704 651//3705
f 651//3706 649//3707 648//3708
f 230//3709 650//3710 652//3711
f 652//3712 650//3713 651//3714
f 230//3715 652//3716 246//3717
f 246//3718 652//3719 267//3720
f 267//3721 652//3722 653//3723
f 653//3724 652//3725 651//3726
f 267//3727 653//3728 277//3729
f 653//3730 651//3731 654//3732
f 653//3733 654//3734 277//3735
f 654//3736 651//3737 648//3738
f 277//3739 654//3740 273//3741
f 654//3742 648//3743 655//3744
f 654//3745 655//3746 273//3747
f 273//3748 655//3749 656//3750
f 655//3751 648//3752 657//3753
f 655//3754 657//3755 656//3756
f 273//3757 656//3758 658//3759
f 658//3760 656//3761 657//3762
f 273//3763 658//3764 272//3765
f 272//3766 658//3767 274//3768
f 274//3769 658//3770 288//3771
f 288//3772 658//3773 657//3774
f 288//3775 657//3776 294//3777
f 659//3778 657//3779 648//3780
f 659//3781 648//3782 644//3783
f 659//3784 644//3785 301//3786
f 657//3787 659//3788 660//3789
f 660//3790 659//3791 301//3792
f 657//3793 660//3794 294//3795
f 660//3796 301//3797 293//3798
f 660//3799 293//3800 294//3801
f 661//3802 662//3803 663//3804
f 663//3805 662//3806 664//3807
f 661//3808 663//3809 322//3810
f 661//3811 322//3812 326//3813
f 322//3814 663//3815 323//3816
f 661//3817 326//3818 372//3819
f 323//3820 663//3821 665//3822
f 665//3823 663//3824 664//3825
f 323//3826 665//3827 321//3828
f 661//3829 372//3830 666//3831
f 661//3832 666//3833 662//3834
f 666//3835 372//3836 667//3837
f 667//3838 372//3839 371//3840
f 667//3841 371//3842 376//3843
f 666//3844 667//3845 668//3846
f 667//3847 376//3848 669//3849
f 667//3850 669//3851 668//3852
f 666//3853 668//3854 670//3855
f 666//3856 670//3857 662//3858
f 668//3859 669//3860 671//3861
f 668//3862 671//3863 670//3864
f 669//3865 376//3866 672//3867
f 672//3868 376//3869 380//3870
f 671//3871 669//3872 673//3873
f 672//3874 380//3875 674//3876
f 669//3877 672//3878 675//3879
f 674//3880 380//3881 381//3882
f 675//3883 672//3884 674//3885
f 674//3886 381//3887 391//3888
f 669//3889 675//3890 673//3891
f 674//3892 391//3893 676//3894
f 674//3895 676//3896 675//3897
f 676//3898 391//3899 677//3900
f 677//3901 391//3902 420//3903
f 675//3904 676//3905 678//3906
f 678//3907 676//3908 677//3909
f 677//3910 420//3911 679//3912
f 677//3913 679//3914 678//3915
f 679//3916 420//3917 424//3918
f 679//3919 424//3920 680//3921
f 679//3922 680//3923 678//3924
f 680//3925 424//3926 430//3927
f 675//3928 678//3929 438//3930
f 680//3931 430//3932 438//3933
f 680//3934 438//3935 678//3936
f 675//3937 438//3938 673//3939
f 673//3940 438//3941 440//3942
f 673//3943 440//3944 451//3945
f 673//3946 451//3947 671//3948
f 671//3949 451//3950 462//3951
f 671//3952 462//3953 670//3954
f 670//3955 462//3956 466//3957
f 670//3958 466//3959 681//3960
f 670//3961 681//3962 682//3963
f 670//3964 682//3965 662//3966
f 681//3967 466//3968 683//3969
f 683//3970 466//3971 467//3972
f 682//3973 681//3974 684//3975
f 684//3976 681//3977 683//3978
f 682//3979 684//3980 662//3981
f 683//3982 467//3983 685//3984
f 685//3985 467//3986 468//3987
f 683//3988 685//3989 686//3990
f 686//3991 685//3992 468//3993
f 683//3994 686//3995 684//3996
f 662//3997 684//3998 687//3999
f 687//4000 684//4001 686//4002
f 662//4003 687//4004 664//4005
f 664//4006 687//4007 665//4008
f 665//4009 687//4010 686//4011
f 686//4012 468//4013 478//4014
f 665//4015 686//4016 688//4017
f 686//4018 478//4019 689//4020
f 686//4021 689//4022 688//4023
f 689//4024 478//4025 690//4026
f 690//4027 478//4028 496//4029
f 665//4030 688//4031 691//4032
f 665//4033 691//4034 321//4035
f 321//4036 691//4037 310//4038
f 691//4039 688//4040 692//4041
f 691//4042 692//4043 310//4044
f 692//4045 688//4046 689//4047
f 310//4048 692//4049 307//4050
f 693//4051 689//4052 690//4053
f 689//4054 693//4055 692//4056
f 307//4057 692//4058 309//4059
f 694//4060 690//4061 496//4062
f 694//4063 496//4064 492//4065
f 694//4066 492//4067 527//4068
f 690//4069 694//4070 695//4071
f 690//4072 695//4073 693//4074
f 694//4075 527//4076 696//4077
f 694//4078 696//4079 695//4080
f 696//4081 527//4082 48//4083
f 696//4084 48//4085 697//4086
f 696//4087 697//4088 695//4089
f 697//4090 48//4091 50//4092
f 695//4093 697//4094 698//4095
f 698//4096 697//4097 50//4098
f 695//4099 698//4100 693//4101
f 698//4102 50//4103 52//4104
f 698//4105 52//4106 61//4107
f 698//4108 61//4109 693//4110
f 693//4111 61//4112 699//4113
f 693//4114 699//4115 692//4116
f 699//4117 61//4118 700//4119
f 700//4120 61//4121 60//4122
f 692//4123 699//4124 701//4125
f 692//4126 701//4127 309//4128
f 701//4129 699//4130 702//4131
f 702//4132 699//4133 700//4134
f 701//4135 702//4136 703//4137
f 703//4138 702//4139 700//4140
f 701//4141 703//4142 704//4143
f 701//4144 704//4145 309//4146
f 703//4147 700//4148 705//4149
f 703//4150 705//4151 704//4152
f 309//4153 704//4154 706//4155
f 309//4156 706//4157 292//4158
f 292//4159 706//4160 287//4161
f 287//4162 706//4163 289//4164
f 289//4165 706//4166 704//4167
f 289//4168 704//4169 705//4170
f 707//4171 705//4172 700//4173
f 707//4174 700//4175 60//4176
f 289//4177 705//4178 708//4179
f 708//4180 705//4181 707//4182
f 289//4183 708//4184 279//4185
f 279//4186 708//4187 92//4188
f 708//4189 707//4190 709//4191
f 709//4192 707//4193 60//4194
f 708//4195 709//4196 92//4197
f 709//4198 60//4199 62//4200
f 709//4201 62//4202 92//4203
f 710//4204 16//4205 20//4206
f 710//4207 20//4208 711//4209
f 710//4210 711//4211 16//4212
f 711//4213 20//4214 712//4215
f 712//4216 20//4217 630//4218
f 16//4219 711//4220 713//4221
f 713//4222 711//4223 712//4224
f 712//4225 630//4226 714//4227
f 714//4228 630//4229 631//4230
f 713//4231 712//4232 715//4233
f 713//4234 715//4235 716//4236
f 713//4237 716//4238 16//4239
f 715//4240 712//4241 717//4242
f 716//4243 715//4244 718//4245
f 718//4246 715//4247 717//4248
f 716//4249 718//4250 719//4251
f 716//4252 719//4253 16//4254
f 719//4255 718//4256 720//4257
f 719//4258 720//4259 16//4260
f 720//4261 718//4262 721//4263
f 720//4264 721//4265 722//4266
f 720//4267 722//4268 16//4269
f 722//4270 721//4271 723//4272
f 722//4273 723//4274 16//4275
f 724//4276 718//4277 717//4278
f 718//4279 724//4280 721//4281
f 723//4282 721//4283 725//4284
f 723//4285 725//4286 16//4287
f 725//4288 721//4289 726//4290
f 16//4291 725//4292 727//4293
f 727//4294 725//4295 726//4296
f 721//4297 724//4298 728//4299
f 721//4300 728//4301 726//4302
f 727//4303 726//4304 729//4305
f 727//4306 729//4307 16//4308
f 726//4309 728//4310 730//4311
f 728//4312 724//4313 731//4314
f 728//4315 731//4316 730//4317
f 731//4318 724//4319 732//4320
f 732//4321 724//4322 717//4323
f 730//4324 731//4325 733//4326
f 733//4327 731//4328 732//4329
f 726//4330 730//4331 734//4332
f 726//4333 734//4334 729//4335
f 730//4336 733//4337 735//4338
f 730//4339 735//4340 734//4341
f 732//4342 717//4343 736//4344
f 736//4345 717//4346 712//4347
f 729//4348 734//4349 737//4350
f 729//4351 737//4352 16//4353
f 736//4354 712//4355 738//4356
f 738//4357 712//4358 714//4359
f 732//4360 736//4361 739//4362
f 739//4363 736//4364 738//4365
f 738//4366 714//4367 740//4368
f 738//4369 740//4370 739//4371
f 740//4372 714//4373 631//4374
f 732//4375 739//4376 741//4377
f 732//4378 741//4379 733//4380
f 739//4381 740//4382 742//4383
f 742//4384 740//4385 631//4386
f 741//4387 739//4388 743//4389
f 743//4390 739//4391 742//4392
f 733//4393 741//4394 744//4395
f 744//4396 741//4397 743//4398
f 733//4399 744//4400 735//4401
f 742//4402 631//4403 745//4404
f 745//4405 631//4406 627//4407
f 743//4408 742//4409 746//4410
f 746//4411 742//4412 745//4413
f 745//4414 627//4415 634//4416
f 745//4417 634//4418 746//4419
f 743//4420 746//4421 747//4422
f 743//4423 747//4424 744//4425
f 747//4426 746//4427 748//4428
f 747//4429 748//4430 744//4431
f 746//4432 634//4433 749//4434
f 746//4435 749//4436 748//4437
f 749//4438 634//4439 750//4440
f 750//4441 634//4442 636//4443
f 750//4444 636//4445 642//4446
f 749//4447 750//4448 751//4449
f 749//4450 751//4451 748//4452
f 750//4453 642//4454 752//4455
f 750//4456 752//4457 751//4458
f 752//4459 642//4460 647//4461
f 752//4462 647//4463 753//4464
f 753//4465 647//4466 214//4467
f 751//4468 752//4469 754//4470
f 748//4471 751//4472 755//4473
f 755//4474 751//4475 754//4476
f 754//4477 752//4478 756//4479
f 756//4480 752//4481 753//4482
f 755//4483 754//4484 757//4485
f 757//4486 754//4487 756//4488
f 748//4489 755//4490 758//4491
f 748//4492 758//4493 744//4494
f 755//4495 757//4496 759//4497
f 755//4498 759//4499 758//4500
f 756//4501 753//4502 760//4503
f 760//4504 753//4505 214//4506
f 757//4507 756//4508 761//4509
f 761//4510 756//4511 760//4512
f 759//4513 757//4514 762//4515
f 762//4516 757//4517 761//4518
f 760//4519 214//4520 763//4521
f 763//4522 214//4523 204//4524
f 763//4525 204//4526 200//4527
f 763//4528 200//4529 201//4530
f 760//4531 763//4532 764//4533
f 760//4534 764//4535 761//4536
f 764//4537 763//4538 201//4539
f 762//4540 761//4541 765//4542
f 765//4543 761//4544 764//4545
f 762//4546 765//4547 766//4548
f 766//4549 765//4550 764//4551
f 762//4552 766//4553 767//4554
f 762//4555 767//4556 759//4557
f 766//4558 764//4559 768//4560
f 768//4561 764//4562 201//4563
f 767//4564 766//4565 769//4566
f 769//4567 766//4568 768//4569
f 768//4570 201//4571 770//4572
f 768//4573 770//4574 769//4575
f 770//4576 201//4577 199//4578
f 767//4579 769//4580 771//4581
f 771//4582 769//4583 770//4584
f 772//4585 759//4586 767//4587
f 772//4588 767//4589 771//4590
f 759//4591 772//4592 758//4593
f 770//4594 199//4595 773//4596
f 770//4597 773//4598 771//4599
f 773//4600 199//4601 202//4602
f 773//4603 202//4604 774//4605
f 774//4606 202//4607 16//4608
f 773//4609 774//4610 775//4611
f 775//4612 774//4613 16//4614
f 773//4615 775//4616 771//4617
f 775//4618 16//4619 776//4620
f 775//4621 776//4622 771//4623
f 776//4624 16//4625 777//4626
f 777//4627 16//4628 737//4629
f 771//4630 776//4631 778//4632
f 778//4633 776//4634 777//4635
f 777//4636 737//4637 779//4638
f 777//4639 779//4640 778//4641
f 778//4642 779//4643 771//4644
f 771//4645 779//4646 772//4647
f 779//4648 737//4649 734//4650
f 772//4651 779//4652 780//4653
f 780//4654 779//4655 734//4656
f 772//4657 780//4658 758//4659
f 780//4660 734//4661 735//4662
f 758//4663 780//4664 744//4665
f 744//4666 780//4667 735//4668
