# This file uses centimeters as units for non-parametric coordinates.

mtllib SM_Dantooine_Hillock_Cluster_A.mtl
g default
v 1087.840454 4.642708 1068.810791
v 1090.036011 44.708168 1065.769043
v 1062.162354 34.809891 1122.301025
v 1063.757080 0.213722 1126.180176
v 1089.167847 3.201527 991.634888
v 1011.759705 43.671371 1158.278687
v 1006.644592 -6.460567 1159.709717
v 1048.392212 83.769058 1106.579102
v 1097.282837 62.628036 996.493103
v 936.940002 55.085144 1180.675049
v 1080.851807 3.103706 895.617188
v 930.727112 -15.079529 1183.626953
v 1013.780762 112.226227 1131.097046
v 1068.362671 108.868256 1067.112427
v 1089.193848 87.160133 899.727905
v 1073.165649 0.724403 784.790527
v 1072.916870 141.351562 995.478149
v 1023.544373 167.123962 1077.493286
v 955.273926 195.617294 1092.980591
v 946.461365 135.350494 1150.489502
v 956.975037 244.207840 1009.631165
v 866.229980 206.730438 1101.149658
v 854.578186 135.625244 1161.726440
v 845.056763 55.359894 1191.911865
v 836.875366 -30.240326 1197.158081
v 741.722229 39.998657 1195.958374
v 734.331238 -49.426838 1195.752686
v 749.502136 129.458374 1167.319702
v 763.122498 215.999115 1104.448730
v 634.436707 20.711929 1189.810547
v 627.996826 -74.082642 1193.509888
v 645.136230 120.238121 1162.782715
v 660.805420 221.442505 1102.295898
v 527.861389 -1.628178 1173.532349
v 516.840698 -98.066772 1181.846313
v 536.819336 107.092346 1148.051392
v 550.827332 216.719208 1093.789917
v 419.544525 -14.773941 1158.801147
v 414.055695 -114.937592 1166.405396
v 429.373230 89.349419 1132.546631
v 443.381226 198.976288 1078.285156
v 312.098419 -32.516876 1143.296265
v 304.868073 -123.486176 1152.447632
v 323.668671 62.412125 1115.494995
v 333.886292 166.569687 1060.396240
v 208.442673 -44.790512 1128.628784
v 203.180847 -120.324265 1135.485840
v 101.654213 -118.706146 1127.880981
v 217.093307 40.072010 1099.216919
v 109.755318 -32.334030 1117.956299
v -1.613930 -107.893677 1121.822998
v 225.342438 128.794022 1046.412354
v 117.695816 55.581882 1098.674683
v 6.955101 0.792664 1125.186401
v -104.801765 -97.853104 1120.443604
v 124.766861 125.043060 1042.712646
v 16.073669 107.969406 1109.062378
v -94.974358 29.322178 1131.643066
v 27.805815 178.302704 1053.164185
v -194.759476 21.745934 1122.491333
v -207.038544 -93.181595 1122.969238
v -85.855789 136.498932 1115.518921
v -183.899399 119.728310 1104.820557
v -301.174225 -2.137981 1115.570190
v -310.146057 -83.912918 1126.268311
v -287.862488 83.596664 1086.221924
v -175.957596 184.592316 1048.084961
v -279.130219 144.635376 1024.034668
v -74.123642 206.832230 1059.620728
v -403.330688 1.761623 1122.774292
v -413.173309 -75.416130 1134.245728
v -520.861633 -67.791466 1142.159424
v -393.099152 78.973587 1082.458374
v -512.840820 19.352551 1127.556274
v -628.630249 -59.394909 1145.394653
v -382.318054 154.675949 1022.655151
v -499.689697 106.630981 1088.851074
v -616.899414 33.990303 1126.950195
v -735.688721 -54.051727 1138.499390
v -610.070557 128.819092 1094.406616
v -724.748352 43.158764 1125.506836
v -826.355286 45.548779 1113.223633
v -838.166443 -47.064533 1126.989502
v -490.650116 191.527710 1030.594727
v -371.067749 229.640625 938.686035
v -916.108032 36.663380 1094.069336
v -930.611755 -41.386494 1105.477051
v -991.167419 27.340935 1064.976318
v -1007.492920 -40.742680 1073.252319
v -1042.291382 20.097572 1021.393860
v -1065.099854 -38.891899 1026.474365
v -979.904480 98.411926 1033.244019
v -1076.833862 28.624622 960.899780
v -1097.981079 -38.787315 959.755066
v -1022.563171 70.564362 1005.345581
v -1093.052979 43.727715 881.947388
v -1117.119873 -33.750694 879.191895
v -1037.042236 99.525009 962.300110
v -1130.967773 -30.123446 783.883728
v -984.124146 150.693329 979.448486
v -1103.981323 57.421440 788.250000
v -912.198792 121.425674 1059.914917
v -1130.122192 -26.933237 678.636841
v -817.784912 131.183197 1079.133179
v -908.127625 181.592285 997.663696
v -989.052673 182.976196 898.329468
v -1050.261475 123.922684 889.637024
v -717.129089 134.162262 1087.511353
v -816.406372 205.913254 1014.523621
v -906.426514 230.182831 914.314270
v -711.879822 213.589691 1028.417725
v -811.785645 264.570251 932.784973
v -993.270996 212.205704 807.080200
v -907.805603 270.250702 819.997192
v -605.772400 213.615601 1031.407837
v -709.080933 282.212982 943.547363
v -1057.399536 143.085693 796.776855
v -484.931641 270.217468 947.335266
v -599.102905 286.936279 952.053345
v -360.205048 281.519196 846.107483
v -475.890778 332.062286 851.625000
v -594.723083 347.908966 856.279236
v -709.362244 342.313568 847.709351
v -250.358475 210.843170 837.368469
v -814.906250 313.832489 840.014771
v -910.443054 291.829590 717.843994
v -810.043335 347.121887 734.857666
v -700.708984 381.072266 743.389648
v -806.358459 361.150482 626.543091
v -990.376648 230.059540 704.217468
v -902.097107 306.730316 609.593262
v -586.150146 387.439575 747.281006
v -692.363037 395.972961 635.138916
v -795.480591 363.031525 511.293518
v -461.705658 367.095917 746.595703
v -572.352661 399.387115 633.642273
v -680.614380 393.256836 519.115906
v -345.229492 312.727539 735.626282
v -780.168579 341.154755 396.855347
v -453.440033 382.768524 633.666504
v -561.474731 401.268158 518.392700
v -669.092773 365.910797 403.840424
v -441.691376 380.052399 517.643555
v -549.953125 373.922119 403.117218
v -656.927368 309.337677 288.538940
v -429.298981 348.109161 401.594604
v -332.302765 329.272247 622.760925
v -325.134888 324.912109 511.352600
v -238.302505 231.985062 725.276489
v -228.215042 237.691391 615.478943
v -540.627014 306.510620 290.883484
v -322.064667 291.224670 395.175873
v -223.739746 247.894684 501.712372
v -424.633942 279.825562 289.296967
v -224.181671 309.539062 396.517426
v -324.138672 284.348389 288.318237
v -124.008934 340.201416 414.278595
v -330.902893 353.543152 189.284744
v -229.848129 398.766541 295.963043
v -426.291229 219.092270 183.160797
v -539.671997 231.985794 182.427017
v -438.331177 239.698868 76.201370
v -334.184113 404.349152 87.157539
v -230.853485 488.866119 195.472565
v -114.594337 452.077972 312.394989
v -72.456558 519.289856 192.966110
v 8.349551 438.612976 327.291962
v -221.102463 547.657532 89.631958
v 58.068008 516.763489 209.537720
v -54.561417 560.564697 84.095665
v -81.602112 557.750366 -16.856050
v -234.159866 547.459473 -11.128107
v -341.322052 423.512177 -5.702560
v -444.210754 277.350800 -8.822648
v -267.333160 473.708588 -104.449440
v -163.127853 484.472626 -109.269356
v -354.753174 373.282410 -100.289246
v -208.102783 475.116394 -220.607010
v -285.973602 401.064392 -217.066498
v -357.668854 294.060211 -214.261505
v -188.904953 407.939545 -352.200348
v -114.251045 490.277222 -234.138229
v -67.199478 460.405884 -90.850609
v 15.015144 469.261871 -225.402679
v 39.680565 552.707825 4.266291
v 35.760036 448.787292 -51.269867
v 73.350883 571.829834 102.987579
v 131.269058 524.681396 41.335091
v 163.827713 550.716309 126.794357
v 151.076797 482.630280 226.345734
v 114.954010 384.009979 335.682129
v 236.143295 498.430939 140.962677
v 210.374878 487.159912 62.629929
v 163.913254 457.736755 -18.342510
v 303.264282 488.531555 -44.496914
v 164.892929 490.222443 -181.252075
v 185.402954 471.601929 -367.350494
v 304.226624 502.320679 49.098713
v 302.269379 506.043396 141.083603
v 318.094421 471.286194 -187.005997
v 393.029663 493.523285 26.894100
v 380.329926 501.608490 139.012009
v 309.113922 436.076721 244.795563
v 228.843933 427.391754 235.126022
v 416.566071 453.358002 -85.895447
v 457.885254 371.742554 125.868797
v 468.682861 374.395477 5.940780
v 386.384003 435.467133 248.175888
v 304.587433 349.702209 345.995575
v 215.075546 338.501099 340.876770
v 95.266159 275.758301 433.532898
v 590.166565 310.024261 118.222618
v 463.375885 334.056366 239.737122
v 389.130890 336.173157 347.119507
v 290.578125 263.127258 437.710907
v 380.009705 275.100250 438.151245
v 199.324753 261.120514 434.138916
v 375.264374 344.155762 545.770386
v 474.973114 283.348175 437.882019
v 470.447418 288.719666 342.701660
v 584.513184 280.560150 228.831573
v 578.951416 269.482330 433.809570
v 573.247620 255.592957 335.471588
v 489.179474 379.750153 549.687744
v 679.219666 249.375275 433.578308
v 674.145752 233.204422 320.431427
v 700.009155 308.503967 221.845108
v 777.666077 239.234482 430.215363
v 603.738342 386.117462 553.579163
v 715.297302 383.190186 551.181274
v 773.462952 218.466461 316.295074
v 708.662415 347.262665 117.525391
v 805.955994 310.073669 215.478333
v 871.829041 209.097549 308.253662
v 870.580688 232.818756 427.562012
v 814.694824 367.680328 551.723389
v 823.075928 417.003784 675.090576
v 968.236633 226.503235 429.651001
v 906.591919 340.459991 555.269409
v 916.634216 381.360931 672.411194
v 722.807678 437.110809 675.321838
v 915.158813 380.452240 792.467041
v 820.649414 421.464142 791.241333
v 607.378052 435.340698 672.203857
v 711.059021 439.826965 791.344788
v 896.473206 343.002655 906.789307
v 991.104126 335.179993 798.115662
v 998.111389 332.363647 677.350342
v 802.044128 383.242676 910.242126
v 981.586182 300.556793 557.013062
v 1045.792847 300.210815 805.829041
v 971.467468 303.099518 908.532959
v 1059.202637 289.072205 683.580750
v 1048.999756 249.715027 557.082031
v 1035.006470 204.888565 429.745941
v 1074.739502 223.131287 802.229370
v 1097.471558 213.736938 680.108826
v 1084.736694 187.399399 560.608887
v 1092.007935 105.785889 792.186707
v 1098.144409 107.566727 672.194763
v 1026.156128 268.130341 916.246399
v 1065.215576 188.969757 907.322510
v 1058.996582 7.439240 670.768494
v 1076.394653 103.342972 556.498108
v 1036.376099 7.812672 555.845215
v 1026.357178 208.801620 1007.405884
v 879.141541 273.272644 1010.955322
v 781.792847 303.446167 1012.797363
v 677.734253 318.083954 1012.191345
v 697.114807 402.477600 910.409546
v 566.965759 317.185913 1009.137268
v 587.217041 396.982422 906.582031
v 600.370789 438.157043 792.969238
v 489.899597 418.906921 666.701782
v 479.102020 416.253967 786.629761
v 372.194153 377.843201 661.947083
v 469.658295 381.320557 896.401428
v 365.977356 376.834290 777.260498
v 265.245087 305.471375 651.842285
v 454.068115 302.396179 999.020569
v 356.533630 341.900848 887.032166
v 345.443939 265.392365 980.358215
v 255.237946 298.993164 766.318359
v 243.972412 274.025970 872.958374
v 238.641571 218.422348 964.827454
v 156.352692 209.876617 748.505249
v 148.006744 194.975922 856.756042
v 137.451370 166.955383 953.265625
v 36.780289 213.973801 967.558350
v 49.867630 228.974731 864.049988
v 56.164745 229.211761 753.415039
v -60.488071 243.375443 974.078918
v -52.932583 262.101410 871.280029
v -162.402328 221.907440 957.864563
v -41.974373 263.210571 760.709045
v -149.314987 236.908356 854.356201
v -260.913849 182.822632 933.878052
v -139.227524 242.614685 744.558594
v -33.145302 250.427948 643.075317
v -131.269211 234.429260 627.698303
v 69.735222 216.529373 640.523743
v -25.186977 242.242538 526.215027
v -124.972099 234.666306 517.063354
v -15.919090 328.717285 429.757355
v 80.693428 217.638535 529.952637
v 182.930206 212.967026 527.427063
v 168.181656 206.388580 637.160767
v 275.976288 281.950623 542.018677
v 1057.857910 159.989319 431.560242
v 1046.193481 92.777809 439.900208
v 1024.979858 -0.807825 448.859802
v 1041.039307 77.378868 322.074829
v 1021.647461 -26.173029 334.166077
v 1031.427612 -44.324715 220.437424
v 1064.865234 157.172958 310.794922
v 1060.529297 84.057526 217.083466
v 1053.529785 -51.437592 113.125763
v 1055.046021 210.057648 305.267212
v 1086.630981 203.145187 207.440292
v 1087.599854 101.674774 113.766724
v 1110.653198 89.192825 10.360121
v 1070.019897 -54.053505 1.845170
v 986.227295 217.008652 302.788086
v 1103.691040 56.814533 -95.813957
v 1075.446289 -49.219288 -108.016335
v 913.724609 301.677094 212.243179
v 1025.283569 298.749817 209.845337
v 1082.972656 46.449806 -202.927139
v 1081.743408 -48.982246 -218.651260
v 823.221313 353.629944 121.416771
v 935.731323 345.333618 122.923988
v 1083.577271 51.955704 -322.209473
v 1092.701538 -47.873096 -329.222321
v 1080.331299 137.184464 -192.718811
v 1102.035889 64.775345 -435.784393
v 1109.191650 -50.489006 -440.502899
v 1134.133179 -46.763512 -550.882324
v 1073.889526 180.239685 -310.492188
v 1109.501099 153.890594 -84.704430
v 1057.867432 205.169830 -185.923615
v 1114.868408 220.865067 17.590572
v 1083.246948 216.406662 -78.746544
v 1099.235229 245.829391 113.314835
v 1105.436768 296.835846 20.672365
v 1087.392334 276.263031 209.876419
v 1103.786865 324.416534 116.588280
v 1041.758423 346.131409 121.235695
v 1034.956909 312.209320 24.418581
v 998.864075 228.391907 -70.513496
v 914.156067 312.620453 31.367138
v 805.356079 327.158020 26.018755
v 869.611755 222.461639 -64.466141
v 971.502136 228.665131 -190.179138
v 1057.104248 269.901794 -309.832489
v 698.217285 333.273102 14.445026
v 763.490479 249.381348 -82.239227
v 866.492493 248.671951 -194.690201
v 983.851562 300.610626 -313.122925
v 581.529297 313.014038 3.490984
v 662.981262 271.804108 -96.043381
v 769.853943 275.792084 -202.978561
v 883.502991 321.489594 -317.570099
v 487.785187 357.988037 -107.660095
v 570.052795 305.165436 -108.172913
v 666.505493 287.376465 -213.714981
v 419.248657 396.584473 -210.681656
v 489.194183 332.723022 -217.611465
v 567.027710 303.658234 -218.935593
v 576.068604 365.503052 -314.645813
v 477.314850 351.785858 -315.213928
v 307.973114 408.105225 -346.280090
v 394.111389 359.980011 -341.277130
v 483.663147 428.194092 -413.282318
v 682.966492 361.703674 -317.107544
v 327.490875 360.892639 -421.705688
v 245.091751 338.315948 -438.437897
v 393.053528 396.960266 -416.880280
v 276.192322 382.138702 -489.428040
v 150.744278 354.732117 -467.760468
v 385.512756 443.034698 -495.678955
v 185.048370 302.416931 -496.209534
v 280.345093 418.481506 -584.454712
v 184.393341 312.485809 -585.874146
v 103.600311 274.471130 -509.036682
v 41.605251 468.458618 -394.244141
v 32.541798 368.297333 -477.915100
v -93.018272 464.709595 -378.130280
v -80.905388 355.017151 -468.544434
v 9.961679 310.885864 -511.035858
v 97.347031 262.091370 -587.887390
v -172.211273 299.891113 -447.229095
v 109.256294 257.831451 -694.553284
v -85.565178 331.093109 -506.062164
v 6.547676 309.344482 -592.954224
v -83.300621 351.228485 -594.116028
v 17.586187 309.681732 -698.846741
v -82.535362 355.190582 -704.041443
v -174.781006 324.591827 -596.940552
v -175.223755 294.490234 -505.755066
v -259.939087 290.404846 -605.926575
v -256.511200 265.000641 -509.225281
v -256.097076 257.247437 -433.596130
v -267.793243 313.082916 -342.460449
v -349.267792 315.976379 -422.307251
v -348.115723 251.278610 -327.242706
v -454.171936 327.423950 -317.666351
v -351.517609 360.641418 -515.850891
v -459.047943 412.826111 -423.672638
v -444.554535 242.121964 -206.917725
v -445.173096 263.561676 -102.418274
v -564.821045 291.021057 -196.785583
v -576.340576 387.061157 -315.344330
v -565.359314 311.688843 -87.607658
v -680.814087 317.706116 -195.199081
v -589.908936 468.437622 -436.287231
v -569.218689 326.149689 -3.432877
v -694.462769 399.854492 -320.820496
v -682.303406 343.743011 -89.926208
v -556.936523 280.175446 80.108170
v -653.133118 245.651230 177.014755
v -673.090149 308.404327 72.337700
v -686.162781 358.203796 -5.751427
v -764.132568 289.279022 287.069641
v -757.499023 236.430969 172.477707
v -782.987915 302.909119 68.510201
v -792.430786 359.721710 -18.098579
v -788.571472 345.260895 -102.273354
v -873.677856 272.447205 60.233765
v -853.640503 208.922211 169.589294
v -860.661682 238.684158 275.571716
v -879.536987 279.721527 388.425140
v -962.390137 207.884964 373.187836
v -894.848938 301.598267 502.863373
v -977.702087 229.761719 487.626038
v -985.740723 238.719055 599.807861
v -1058.295410 155.470261 693.076843
v -1051.917969 154.935410 587.120361
v -1104.006470 65.208817 683.776489
v -1097.629028 64.673965 577.820068
v -1124.695801 -22.099022 568.775330
v -1040.088989 151.447372 475.775879
v -1086.670898 65.783112 467.249023
v -1114.528076 -17.164585 463.656189
v -1026.438232 137.993088 367.563049
v -1074.761597 61.523193 360.583038
v -1099.779541 -10.586141 353.922424
v -1017.528870 124.438583 254.607819
v -1062.852295 57.263268 253.917038
v -1088.740967 -10.248887 248.029877
v -1074.782837 0.154843 143.748047
v -1058.216431 65.922760 149.507446
v -1069.356567 4.989059 33.886555
v -948.497131 169.063080 241.556610
v -922.443970 165.875702 144.439224
v -971.894165 146.316193 146.868134
v -943.030823 230.910309 54.571060
v -1026.005493 125.884575 149.233170
v -1005.673889 204.909164 51.356407
v -1068.207520 101.193016 44.932190
v -1064.720581 13.648560 -70.523041
v -1047.931030 173.202133 46.850426
v -1072.666870 132.738205 -60.352608
v -1064.467651 122.237076 -163.177444
v -1060.084717 22.308060 -174.932617
v -1060.454224 221.492004 -50.726059
v -1052.254883 210.990906 -153.550873
v -1040.543579 105.157944 -267.357452
v -1055.448853 30.967560 -279.342224
v -1046.151855 40.499176 -383.687927
v -1021.057556 180.992340 -259.987305
v -1010.244751 133.647766 -402.586304
v -1026.581543 46.405937 -484.000793
v -997.696960 192.368393 -359.462891
v -978.412720 235.785507 -246.871826
v -940.673401 134.552551 -562.269226
v -1032.058228 57.146492 -583.086304
v -985.897095 265.823486 -462.919312
v -958.695801 267.094086 -352.610657
v -1028.255859 173.520004 -688.938782
v -1061.871826 69.667450 -691.074646
v -985.775574 299.012665 -572.818787
v -954.556946 330.382446 -462.420197
v -1045.103638 167.852661 -790.536194
v -1072.089966 80.307785 -794.902466
v -985.720459 306.028168 -672.613770
v -1047.968018 164.801682 -891.941895
v -1063.583496 93.664688 -893.796204
v -993.553345 278.247070 -778.014404
v -1041.013306 108.866020 -987.819885
v -1001.386230 250.465942 -883.414978
v -1032.978638 169.064438 -987.640198
v -1003.428528 120.542732 -1073.068359
v -992.075317 233.051956 -972.977844
v -992.861816 167.721497 -1079.887451
v -959.910339 124.634888 -1135.633911
v -969.571594 222.079590 -1056.897095
v -930.946777 292.877350 -968.963806
v -950.521729 152.552826 -1145.610596
v -912.119995 129.564957 -1169.291382
v -938.134583 212.817245 -1111.844238
v -906.521790 152.013611 -1180.105347
v -946.343811 181.108246 -1136.163818
v -862.106323 120.669273 -1176.424683
v -914.362488 262.543945 -1060.782959
v -897.376709 228.351044 -1129.209839
v -899.424194 190.635483 -1169.047852
v -853.668823 153.956299 -1190.306519
v -793.287659 113.718262 -1173.945679
v -838.039551 198.147690 -1173.669189
v -778.770081 164.822525 -1170.570312
v -708.583618 98.645432 -1163.464722
v -832.911804 244.385925 -1122.863525
v -747.899109 230.119202 -1145.905396
v -689.177917 175.251709 -1160.773071
v -614.557373 85.316833 -1152.856201
v -842.236633 288.745514 -1048.083618
v -730.931152 292.027618 -1116.753540
v -750.046082 312.328766 -1055.389526
v -653.820374 269.909912 -1160.184082
v -600.374878 166.454285 -1182.977783
v -504.848022 146.247025 -1187.951416
v -514.999268 68.263168 -1142.957031
v -577.032104 273.931702 -1184.874634
v -641.834717 334.033813 -1149.810059
v -664.886658 323.463867 -1083.857300
v -570.497986 341.008789 -1169.112671
v -498.408112 241.041611 -1191.650757
v -585.245239 311.378387 -1096.832642
v -495.423431 300.333710 -1162.690552
v -610.282227 358.422302 -968.460938
v -502.268799 278.554321 -1070.022095
v -406.901245 236.838959 -1121.806519
v -405.546021 181.506561 -1169.416870
v -408.048889 117.583092 -1170.306030
v -411.811432 58.222588 -1141.577515
v -298.005737 171.531998 -1134.450562
v -299.718140 103.783241 -1140.791748
v -307.833130 44.356735 -1145.650146
v -208.596252 30.390656 -1154.464966
v -195.593140 115.319191 -1150.290161
v -99.956863 17.396908 -1158.473511
v -292.101471 240.890564 -1103.879761
v -187.024109 224.005524 -1146.927002
v -89.337700 117.694984 -1190.179810
v 13.769833 108.426308 -1193.478882
v 4.021423 3.531048 -1162.545898
v -81.639427 230.978516 -1186.043091
v 121.939980 96.170258 -1173.321655
v 112.660805 -9.462700 -1166.554443
v 225.090530 -16.987152 -1169.725708
v 20.370337 201.677078 -1187.821167
v 128.620789 188.649139 -1162.985474
v 238.240341 93.343201 -1170.977051
v 342.261658 -24.411377 -1168.154663
v 25.257141 250.231018 -1151.050903
v 357.139069 103.670212 -1185.735718
v 464.093872 -30.963501 -1166.519653
v 243.406662 219.646362 -1159.841553
v 132.717148 241.028366 -1120.763306
v 478.247253 127.117081 -1188.753296
v 585.926086 -37.515617 -1164.884766
v 363.871094 272.320312 -1162.833130
v 247.649719 297.427368 -1123.045288
v 491.689178 311.302979 -1163.402588
v 602.128296 135.228607 -1184.734009
v 368.260834 375.503143 -1131.462769
v 610.828796 319.314270 -1164.125732
v 721.992004 113.240936 -1180.804810
v 706.887512 -39.470566 -1162.476318
v 725.804382 271.824585 -1159.512939
v 835.145752 75.717499 -1179.323486
v 822.317139 -37.700439 -1159.358276
v 832.972290 188.766388 -1155.827271
v 494.337433 423.680145 -1130.485352
v 931.864563 47.825462 -1166.356689
v 927.634094 -33.849251 -1150.916260
v 923.705261 115.339584 -1140.655884
v 998.875305 23.895103 -1152.226318
v 1008.774841 -29.761467 -1142.020142
v 987.876709 80.570854 -1123.457886
v 897.704590 171.646271 -1068.425781
v 979.342346 121.105164 -1054.129883
v 813.520935 262.152618 -1090.505981
v 1035.613281 55.433517 -1094.774048
v 1045.660767 4.126846 -1127.447632
v 1056.577759 -28.725090 -1123.440796
v 1051.965210 92.677841 -1036.030518
v 726.644714 367.222443 -1114.944458
v 1086.204224 -8.862957 -1091.828979
v 1090.557983 -31.848862 -1095.696167
v 1113.956421 -32.153873 -1038.461548
v 1073.076538 33.921028 -1070.123169
v 1121.844360 2.642727 -1032.855835
v 1133.014893 -36.418598 -962.576843
v 1102.153442 55.292759 -1019.023987
v 1151.403198 19.383060 -953.685791
v 1146.782471 -39.273956 -871.947144
v 1167.139282 31.963264 -865.350403
v 1150.598022 -41.592041 -766.636353
v 1126.970825 71.932877 -944.596313
v 1060.347656 118.949364 -950.117188
v 967.499512 151.538788 -957.568237
v 1140.804810 95.251236 -864.070984
v 1168.181885 44.980507 -767.076355
v 1145.091309 -45.654366 -661.453369
v 1061.536987 157.368408 -857.268982
v 1134.881348 145.045929 -759.609497
v 1148.999268 62.159859 -658.153931
v 1121.445557 72.225906 -545.454224
v 1098.459473 202.627563 -648.532471
v 1069.823975 234.409332 -753.363281
v 967.027649 198.380310 -858.494690
v 1069.739746 304.336975 -645.680237
v 873.780579 188.725403 -964.245850
v 989.297852 278.037598 -754.397339
v 869.598694 229.325745 -861.331177
v 787.628418 263.796204 -984.031677
v 895.659180 314.452301 -756.396423
v 780.687561 292.786255 -873.370850
v 702.573975 358.899750 -1005.338501
v 615.298889 421.725220 -1128.077026
v 600.630615 414.374878 -1013.664734
v 696.744812 380.976929 -881.415588
v 805.086853 386.335327 -762.210815
v 478.718109 421.698883 -1019.978210
v 906.411682 352.299866 -649.385071
v 1007.630981 326.823761 -645.711243
v 815.919617 423.410980 -650.520874
v 907.695251 363.001434 -537.075500
v 1013.495361 339.169342 -538.016357
v 712.773010 467.412659 -766.478210
v 592.979614 446.418304 -892.873413
v 710.653870 495.731049 -646.396484
v 593.056030 514.802124 -775.833496
v 471.147430 452.970428 -894.508423
v 341.200195 400.096039 -901.001587
v 459.772491 505.718292 -784.658875
v 579.405212 528.256409 -667.620605
v 326.905670 442.777405 -792.762817
v 439.331482 504.408691 -683.572510
v 613.867310 520.501282 -611.805054
v 518.354370 513.762939 -592.048462
v 307.415741 436.098724 -687.771423
v 217.761078 330.340118 -799.825806
v 403.648804 481.993835 -590.513977
v 198.271133 323.661438 -694.834412
v 494.525848 480.072662 -505.860962
v 121.165565 253.571533 -801.219299
v 591.658813 444.427429 -417.264923
v 608.763489 489.527557 -520.683472
v 713.532227 471.836426 -530.207825
v 700.298157 431.433685 -421.273499
v 799.388367 392.065826 -424.662415
v 810.573547 417.804871 -535.980896
v 899.349304 348.100739 -428.824738
v 787.025085 347.065918 -316.501495
v 1004.358948 328.093903 -424.313690
v 1073.942871 325.104980 -531.759949
v 1069.387207 315.673615 -422.671844
v 1081.325684 234.470551 -537.225891
v 1076.850342 224.267258 -423.459351
v -967.181091 315.105499 -36.881874
v -890.474426 342.951111 -28.797089
v -1028.162964 280.681915 -46.321869
v -1015.222290 270.281006 -144.404327
v -955.030884 308.529907 -129.512421
v -878.243958 335.603577 -116.749153
v -913.560242 274.906494 -231.916046
v -837.563721 305.805450 -213.700867
v -887.293945 323.294647 -344.563782
v -773.018555 321.068451 -202.676102
v -795.425964 373.017395 -333.129730
v -887.025757 381.885651 -459.889099
v -954.128052 387.429688 -568.388550
v -705.499146 468.211304 -448.762177
v -805.511292 436.005157 -457.166382
v -895.128662 433.363342 -571.437134
v -950.282654 399.914459 -667.346252
v -944.051941 373.977814 -767.876770
v -896.895325 450.345093 -674.363770
v -816.533752 477.416382 -570.325195
v -721.182739 508.750427 -561.984863
v -818.380798 495.170013 -677.930298
v -604.721741 504.379578 -550.283325
v -732.351929 524.759827 -669.717712
v -620.552063 519.516846 -658.080139
v -470.860901 458.062622 -531.379517
v -486.691162 473.199921 -639.176270
v -358.816162 381.348236 -618.067993
v -498.958130 469.176636 -745.388245
v -627.287170 511.768494 -765.001648
v -375.744232 376.452789 -724.343811
v -268.415710 291.850800 -711.301208
v -174.886505 333.151123 -706.092468
v -79.948280 349.186432 -810.835205
v -177.831284 330.872009 -812.176697
v -280.602386 287.055603 -812.834717
v -389.979706 356.993927 -828.261475
v 21.044022 299.080383 -806.414001
v -81.458855 313.854980 -922.397278
v 24.194538 264.621033 -917.912231
v 128.186722 223.809570 -907.201782
v 229.443329 301.450256 -905.744385
v 352.641541 373.521881 -1020.955627
v 239.223465 283.298584 -1019.473022
v 131.483948 214.752045 -1024.125977
v 27.023842 233.249283 -1048.124390
v -77.048653 274.832642 -1063.513306
v -78.654747 290.270569 -1157.082886
v -182.231506 300.276978 -1129.618042
v -186.317886 290.107880 -1044.695801
v -182.824875 313.929291 -920.645142
v -292.170471 260.820679 -1018.867615
v -291.918274 277.663208 -915.141663
v -406.019196 251.399994 -1032.889404
v -403.491150 307.536072 -927.526672
v -510.563538 339.824860 -949.204834
v -510.501038 435.154297 -846.947754
v -623.024963 470.396271 -863.237854
v -699.486816 371.079254 -969.648682
v -781.257385 369.272949 -963.735962
v -719.970825 473.658386 -875.457275
v -729.764832 518.755676 -776.511475
v -815.713379 488.393951 -780.045532
v -801.177979 443.396881 -874.248962
v -887.825378 435.246765 -777.962036
v -874.240967 395.618805 -876.070496
v -939.870056 333.377472 -870.791443
v -857.883728 340.655457 -967.142212
vn 0.969704 -0.019741 0.243483
vn 0.950831 0.124241 0.283699
vn 0.750067 0.224062 0.622251
vn 0.969704 -0.019741 0.243483
vn 0.750067 0.224062 0.622251
vn 0.753711 0.073463 0.653088
vn 0.950831 0.124241 0.283699
vn 0.969704 -0.019741 0.243483
vn 0.992856 -0.117550 -0.020453
vn 0.753711 0.073463 0.653088
vn 0.750067 0.224062 0.622251
vn 0.452088 0.173970 0.874843
vn 0.753711 0.073463 0.653088
vn 0.452088 0.173970 0.874843
vn 0.390520 -0.007592 0.920563
vn 0.750067 0.224062 0.622251
vn 0.950831 0.124241 0.283699
vn 0.723379 0.327051 0.608079
vn 0.750067 0.224062 0.622251
vn 0.723379 0.327051 0.608079
vn 0.452088 0.173970 0.874843
vn 0.950831 0.124241 0.283699
vn 0.992856 -0.117550 -0.020453
vn 0.994783 0.091069 0.045983
vn 0.390520 -0.007592 0.920563
vn 0.452088 0.173970 0.874843
vn 0.217373 0.180152 0.959320
vn 0.994783 0.091069 0.045983
vn 0.992856 -0.117550 -0.020453
vn 0.991667 -0.099775 -0.081497
vn 0.390520 -0.007592 0.920563
vn 0.217373 0.180152 0.959320
vn 0.204705 0.027806 0.978429
vn 0.452088 0.173970 0.874843
vn 0.723379 0.327051 0.608079
vn 0.535314 0.414950 0.735700
vn 0.452088 0.173970 0.874843
vn 0.535314 0.414950 0.735700
vn 0.217373 0.180152 0.959320
vn 0.833512 0.382294 0.398885
vn 0.723379 0.327051 0.608079
vn 0.950831 0.124241 0.283699
vn 0.833512 0.382294 0.398885
vn 0.950831 0.124241 0.283699
vn 0.994783 0.091069 0.045983
vn 0.723379 0.327051 0.608079
vn 0.833512 0.382294 0.398885
vn 0.535314 0.414950 0.735700
vn 0.994783 0.091069 0.045983
vn 0.991667 -0.099775 -0.081497
vn 0.997502 0.069295 -0.013677
vn 0.997502 0.069295 -0.013677
vn 0.991667 -0.099775 -0.081497
vn 0.977633 -0.207383 -0.035016
vn 0.833512 0.382294 0.398885
vn 0.994783 0.091069 0.045983
vn 0.899053 0.399969 0.178126
vn 0.899053 0.399969 0.178126
vn 0.994783 0.091069 0.045983
vn 0.997502 0.069295 -0.013677
vn 0.535314 0.414950 0.735700
vn 0.833512 0.382294 0.398885
vn 0.600153 0.612647 0.514277
vn 0.600153 0.612647 0.514277
vn 0.833512 0.382294 0.398885
vn 0.899053 0.399969 0.178126
vn 0.535314 0.414950 0.735700
vn 0.600153 0.612647 0.514277
vn 0.293304 0.741254 0.603751
vn 0.535314 0.414950 0.735700
vn 0.293304 0.741254 0.603751
vn 0.255996 0.491378 0.832475
vn 0.535314 0.414950 0.735700
vn 0.255996 0.491378 0.832475
vn 0.217373 0.180152 0.959320
vn 0.293304 0.741254 0.603751
vn 0.600153 0.612647 0.514277
vn 0.340554 0.787439 0.513773
vn 0.255996 0.491378 0.832475
vn 0.293304 0.741254 0.603751
vn 0.144901 0.716589 0.682278
vn 0.144901 0.716589 0.682278
vn 0.293304 0.741254 0.603751
vn 0.340554 0.787439 0.513773
vn 0.217373 0.180152 0.959320
vn 0.255996 0.491378 0.832475
vn 0.071946 0.491415 0.867949
vn 0.071946 0.491415 0.867949
vn 0.255996 0.491378 0.832475
vn 0.144901 0.716589 0.682278
vn 0.217373 0.180152 0.959320
vn 0.071946 0.491415 0.867949
vn 0.069936 0.199516 0.977396
vn 0.217373 0.180152 0.959320
vn 0.069936 0.199516 0.977396
vn 0.204705 0.027806 0.978429
vn 0.204705 0.027806 0.978429
vn 0.069936 0.199516 0.977396
vn 0.059367 0.038842 0.997480
vn 0.059367 0.038842 0.997480
vn 0.069936 0.199516 0.977396
vn -0.035589 0.160837 0.986339
vn 0.059367 0.038842 0.997480
vn -0.035589 0.160837 0.986339
vn -0.032035 0.012448 0.999409
vn 0.069936 0.199516 0.977396
vn 0.071946 0.491415 0.867949
vn -0.023574 0.445349 0.895047
vn 0.069936 0.199516 0.977396
vn -0.023574 0.445349 0.895047
vn -0.035589 0.160837 0.986339
vn 0.071946 0.491415 0.867949
vn 0.144901 0.716589 0.682278
vn 0.051473 0.654902 0.753959
vn 0.071946 0.491415 0.867949
vn 0.051473 0.654902 0.753959
vn -0.023574 0.445349 0.895047
vn -0.032035 0.012448 0.999409
vn -0.035589 0.160837 0.986339
vn -0.121604 0.151674 0.980922
vn -0.032035 0.012448 0.999409
vn -0.121604 0.151674 0.980922
vn -0.096681 0.058350 0.993604
vn -0.035589 0.160837 0.986339
vn -0.023574 0.445349 0.895047
vn -0.117941 0.392379 0.912211
vn -0.035589 0.160837 0.986339
vn -0.117941 0.392379 0.912211
vn -0.121604 0.151674 0.980922
vn -0.023574 0.445349 0.895047
vn 0.051473 0.654902 0.753959
vn -0.036252 0.606183 0.794498
vn -0.023574 0.445349 0.895047
vn -0.036252 0.606183 0.794498
vn -0.117941 0.392379 0.912211
vn -0.096681 0.058350 0.993604
vn -0.121604 0.151674 0.980922
vn -0.164189 0.163119 0.972848
vn -0.096681 0.058350 0.993604
vn -0.164189 0.163119 0.972848
vn -0.143112 0.091995 0.985422
vn -0.121604 0.151674 0.980922
vn -0.117941 0.392379 0.912211
vn -0.183331 0.355689 0.916447
vn -0.121604 0.151674 0.980922
vn -0.183331 0.355689 0.916447
vn -0.164189 0.163119 0.972848
vn -0.117941 0.392379 0.912211
vn -0.036252 0.606183 0.794498
vn -0.148051 0.559788 0.815302
vn -0.117941 0.392379 0.912211
vn -0.148051 0.559788 0.815302
vn -0.183331 0.355689 0.916447
vn -0.143112 0.091995 0.985422
vn -0.164189 0.163119 0.972848
vn -0.167504 0.179997 0.969300
vn -0.143112 0.091995 0.985422
vn -0.167504 0.179997 0.969300
vn -0.150731 0.090462 0.984427
vn -0.164189 0.163119 0.972848
vn -0.183331 0.355689 0.916447
vn -0.215607 0.358347 0.908351
vn -0.164189 0.163119 0.972848
vn -0.215607 0.358347 0.908351
vn -0.167504 0.179997 0.969300
vn -0.183331 0.355689 0.916447
vn -0.148051 0.559788 0.815302
vn -0.248353 0.540613 0.803778
vn -0.183331 0.355689 0.916447
vn -0.248353 0.540613 0.803778
vn -0.215607 0.358347 0.908351
vn -0.150731 0.090462 0.984427
vn -0.167504 0.179997 0.969300
vn -0.171711 0.203921 0.963811
vn -0.150731 0.090462 0.984427
vn -0.171711 0.203921 0.963811
vn -0.145359 0.106815 0.983596
vn -0.167504 0.179997 0.969300
vn -0.215607 0.358347 0.908351
vn -0.229322 0.385722 0.893661
vn -0.167504 0.179997 0.969300
vn -0.229322 0.385722 0.893661
vn -0.171711 0.203921 0.963811
vn -0.215607 0.358347 0.908351
vn -0.248353 0.540613 0.803778
vn -0.299100 0.553968 0.776955
vn -0.215607 0.358347 0.908351
vn -0.299100 0.553968 0.776955
vn -0.229322 0.385722 0.893661
vn -0.145359 0.106815 0.983596
vn -0.171711 0.203921 0.963811
vn -0.117063 0.212314 0.970164
vn -0.145359 0.106815 0.983596
vn -0.117063 0.212314 0.970164
vn -0.111449 0.096076 0.989115
vn -0.111449 0.096076 0.989115
vn -0.117063 0.212314 0.970164
vn -0.066598 0.112402 0.991429
vn -0.117063 0.212314 0.970164
vn -0.171711 0.203921 0.963811
vn -0.094785 0.396904 0.912953
vn -0.094785 0.396904 0.912953
vn -0.171711 0.203921 0.963811
vn -0.229322 0.385722 0.893661
vn -0.066598 0.112402 0.991429
vn -0.117063 0.212314 0.970164
vn 0.006170 0.150973 0.988519
vn 0.006170 0.150973 0.988519
vn -0.117063 0.212314 0.970164
vn -0.094785 0.396904 0.912953
vn -0.066598 0.112402 0.991429
vn 0.006170 0.150973 0.988519
vn 0.001787 0.002990 0.999994
vn -0.094785 0.396904 0.912953
vn -0.229322 0.385722 0.893661
vn -0.202285 0.641495 0.739976
vn -0.202285 0.641495 0.739976
vn -0.229322 0.385722 0.893661
vn -0.299100 0.553968 0.776955
vn 0.006170 0.150973 0.988519
vn -0.094785 0.396904 0.912953
vn 0.134028 0.376453 0.916689
vn 0.134028 0.376453 0.916689
vn -0.094785 0.396904 0.912953
vn -0.202285 0.641495 0.739976
vn 0.001787 0.002990 0.999994
vn 0.006170 0.150973 0.988519
vn 0.080894 0.050662 0.995434
vn 0.080894 0.050662 0.995434
vn 0.006170 0.150973 0.988519
vn 0.134028 0.376453 0.916689
vn 0.001787 0.002990 0.999994
vn 0.080894 0.050662 0.995434
vn -0.004891 -0.047031 0.998881
vn 0.134028 0.376453 0.916689
vn -0.202285 0.641495 0.739976
vn 0.195187 0.750767 0.631072
vn 0.080894 0.050662 0.995434
vn 0.134028 0.376453 0.916689
vn 0.221750 0.379134 0.898379
vn 0.221750 0.379134 0.898379
vn 0.134028 0.376453 0.916689
vn 0.195187 0.750767 0.631072
vn 0.080894 0.050662 0.995434
vn 0.221750 0.379134 0.898379
vn -0.014774 0.048651 0.998707
vn 0.080894 0.050662 0.995434
vn -0.014774 0.048651 0.998707
vn -0.004891 -0.047031 0.998881
vn 0.221750 0.379134 0.898379
vn 0.195187 0.750767 0.631072
vn 0.343880 0.728291 0.592739
vn -0.004891 -0.047031 0.998881
vn -0.014774 0.048651 0.998707
vn -0.107137 0.114444 0.987636
vn -0.004891 -0.047031 0.998881
vn -0.107137 0.114444 0.987636
vn 0.003725 0.034824 0.999386
vn -0.014774 0.048651 0.998707
vn 0.221750 0.379134 0.898379
vn -0.012849 0.431148 0.902190
vn -0.012849 0.431148 0.902190
vn 0.221750 0.379134 0.898379
vn 0.343880 0.728291 0.592739
vn -0.107137 0.114444 0.987636
vn -0.014774 0.048651 0.998707
vn -0.247598 0.448817 0.858637
vn -0.247598 0.448817 0.858637
vn -0.014774 0.048651 0.998707
vn -0.012849 0.431148 0.902190
vn 0.003725 0.034824 0.999386
vn -0.107137 0.114444 0.987636
vn -0.014911 0.221538 0.975038
vn 0.003725 0.034824 0.999386
vn -0.014911 0.221538 0.975038
vn 0.058310 0.127680 0.990100
vn -0.107137 0.114444 0.987636
vn -0.247598 0.448817 0.858637
vn -0.145187 0.498161 0.854843
vn -0.107137 0.114444 0.987636
vn -0.145187 0.498161 0.854843
vn -0.014911 0.221538 0.975038
vn -0.247598 0.448817 0.858637
vn -0.012849 0.431148 0.902190
vn -0.322868 0.786086 0.527090
vn -0.145187 0.498161 0.854843
vn -0.247598 0.448817 0.858637
vn -0.125746 0.799623 0.587189
vn -0.125746 0.799623 0.587189
vn -0.247598 0.448817 0.858637
vn -0.322868 0.786086 0.527090
vn -0.322868 0.786086 0.527090
vn -0.012849 0.431148 0.902190
vn 0.002038 0.802972 0.596013
vn 0.002038 0.802972 0.596013
vn -0.012849 0.431148 0.902190
vn 0.343880 0.728291 0.592739
vn 0.084254 0.295627 0.951581
vn 0.058310 0.127680 0.990100
vn -0.014911 0.221538 0.975038
vn 0.058310 0.127680 0.990100
vn 0.084254 0.295627 0.951581
vn 0.081713 0.133954 0.987613
vn 0.081713 0.133954 0.987613
vn 0.084254 0.295627 0.951581
vn 0.061891 0.155641 0.985873
vn 0.084254 0.295627 0.951581
vn -0.014911 0.221538 0.975038
vn 0.078422 0.506034 0.858941
vn 0.078422 0.506034 0.858941
vn -0.014911 0.221538 0.975038
vn -0.145187 0.498161 0.854843
vn 0.061891 0.155641 0.985873
vn 0.084254 0.295627 0.951581
vn 0.068540 0.290041 0.954557
vn 0.068540 0.290041 0.954557
vn 0.084254 0.295627 0.951581
vn 0.078422 0.506034 0.858941
vn 0.061891 0.155641 0.985873
vn 0.068540 0.290041 0.954557
vn -0.009053 0.190616 0.981623
vn 0.078422 0.506034 0.858941
vn -0.145187 0.498161 0.854843
vn 0.145292 0.667874 0.729955
vn 0.145292 0.667874 0.729955
vn -0.145187 0.498161 0.854843
vn -0.125746 0.799623 0.587189
vn 0.068540 0.290041 0.954557
vn 0.078422 0.506034 0.858941
vn 0.156504 0.466601 0.870511
vn 0.156504 0.466601 0.870511
vn 0.078422 0.506034 0.858941
vn 0.145292 0.667874 0.729955
vn -0.009053 0.190616 0.981623
vn 0.068540 0.290041 0.954557
vn 0.025298 0.262935 0.964482
vn 0.025298 0.262935 0.964482
vn 0.068540 0.290041 0.954557
vn 0.156504 0.466601 0.870511
vn -0.009053 0.190616 0.981623
vn 0.025298 0.262935 0.964482
vn -0.066573 0.154998 0.985669
vn 0.025298 0.262935 0.964482
vn 0.156504 0.466601 0.870511
vn 0.051983 0.469692 0.881299
vn -0.066573 0.154998 0.985669
vn 0.025298 0.262935 0.964482
vn -0.053709 0.259362 0.964286
vn -0.053709 0.259362 0.964286
vn 0.025298 0.262935 0.964482
vn 0.051983 0.469692 0.881299
vn -0.066573 0.154998 0.985669
vn -0.053709 0.259362 0.964286
vn -0.160046 0.272597 0.948723
vn -0.066573 0.154998 0.985669
vn -0.160046 0.272597 0.948723
vn -0.156581 0.164718 0.973833
vn 0.206419 0.634037 0.745244
vn 0.156504 0.466601 0.870511
vn 0.145292 0.667874 0.729955
vn 0.156504 0.466601 0.870511
vn 0.206419 0.634037 0.745244
vn 0.051983 0.469692 0.881299
vn 0.206419 0.634037 0.745244
vn 0.145292 0.667874 0.729955
vn 0.329310 0.780251 0.531755
vn 0.329310 0.780251 0.531755
vn 0.145292 0.667874 0.729955
vn -0.125746 0.799623 0.587189
vn -0.156581 0.164718 0.973833
vn -0.160046 0.272597 0.948723
vn -0.306656 0.285556 0.907976
vn -0.156581 0.164718 0.973833
vn -0.306656 0.285556 0.907976
vn -0.298413 0.193962 0.934521
vn -0.298413 0.193962 0.934521
vn -0.306656 0.285556 0.907976
vn -0.511944 0.321647 0.796528
vn -0.298413 0.193962 0.934521
vn -0.511944 0.321647 0.796528
vn -0.513330 0.243412 0.822948
vn -0.513330 0.243412 0.822948
vn -0.511944 0.321647 0.796528
vn -0.701641 0.372857 0.607188
vn -0.513330 0.243412 0.822948
vn -0.701641 0.372857 0.607188
vn -0.736962 0.302246 0.604595
vn -0.511944 0.321647 0.796528
vn -0.306656 0.285556 0.907976
vn -0.548414 0.487348 0.679510
vn -0.736962 0.302246 0.604595
vn -0.701641 0.372857 0.607188
vn -0.851871 0.369576 0.371119
vn -0.736962 0.302246 0.604595
vn -0.851871 0.369576 0.371119
vn -0.902449 0.275264 0.331385
vn -0.701641 0.372857 0.607188
vn -0.511944 0.321647 0.796528
vn -0.692745 0.448240 0.564965
vn -0.692745 0.448240 0.564965
vn -0.511944 0.321647 0.796528
vn -0.548414 0.487348 0.679510
vn -0.701641 0.372857 0.607188
vn -0.692745 0.448240 0.564965
vn -0.851871 0.369576 0.371119
vn -0.902449 0.275264 0.331385
vn -0.851871 0.369576 0.371119
vn -0.904761 0.369360 0.212086
vn -0.902449 0.275264 0.331385
vn -0.904761 0.369360 0.212086
vn -0.938862 0.286281 0.191261
vn -0.851871 0.369576 0.371119
vn -0.692745 0.448240 0.564965
vn -0.751293 0.511519 0.417021
vn -0.851871 0.369576 0.371119
vn -0.751293 0.511519 0.417021
vn -0.904761 0.369360 0.212086
vn -0.938862 0.286281 0.191261
vn -0.904761 0.369360 0.212086
vn -0.952907 0.294369 0.072902
vn -0.751293 0.511519 0.417021
vn -0.692745 0.448240 0.564965
vn -0.565380 0.681623 0.464473
vn -0.565380 0.681623 0.464473
vn -0.692745 0.448240 0.564965
vn -0.548414 0.487348 0.679510
vn -0.952907 0.294369 0.072902
vn -0.904761 0.369360 0.212086
vn -0.920956 0.378121 0.094151
vn -0.335685 0.537812 0.773353
vn -0.548414 0.487348 0.679510
vn -0.306656 0.285556 0.907976
vn -0.548414 0.487348 0.679510
vn -0.335685 0.537812 0.773353
vn -0.565380 0.681623 0.464473
vn -0.335685 0.537812 0.773353
vn -0.306656 0.285556 0.907976
vn -0.160046 0.272597 0.948723
vn -0.952907 0.294369 0.072902
vn -0.920956 0.378121 0.094151
vn -0.958575 0.284363 -0.016473
vn -0.335685 0.537812 0.773353
vn -0.160046 0.272597 0.948723
vn -0.166288 0.527675 0.833011
vn -0.166288 0.527675 0.833011
vn -0.160046 0.272597 0.948723
vn -0.053709 0.259362 0.964286
vn -0.565380 0.681623 0.464473
vn -0.335685 0.537812 0.773353
vn -0.364342 0.748953 0.553466
vn -0.364342 0.748953 0.553466
vn -0.335685 0.537812 0.773353
vn -0.166288 0.527675 0.833011
vn -0.565380 0.681623 0.464473
vn -0.364342 0.748953 0.553466
vn -0.605657 0.734160 0.306902
vn -0.565380 0.681623 0.464473
vn -0.605657 0.734160 0.306902
vn -0.751293 0.511519 0.417021
vn -0.784567 0.566917 0.251118
vn -0.904761 0.369360 0.212086
vn -0.751293 0.511519 0.417021
vn -0.784567 0.566917 0.251118
vn -0.751293 0.511519 0.417021
vn -0.605657 0.734160 0.306902
vn -0.904761 0.369360 0.212086
vn -0.784567 0.566917 0.251118
vn -0.920956 0.378121 0.094151
vn -0.066863 0.508363 0.858543
vn -0.166288 0.527675 0.833011
vn -0.053709 0.259362 0.964286
vn -0.066863 0.508363 0.858543
vn -0.053709 0.259362 0.964286
vn 0.051983 0.469692 0.881299
vn -0.224794 0.725487 0.650489
vn -0.364342 0.748953 0.553466
vn -0.166288 0.527675 0.833011
vn -0.224794 0.725487 0.650489
vn -0.166288 0.527675 0.833011
vn -0.066863 0.508363 0.858543
vn -0.364342 0.748953 0.553466
vn -0.224794 0.725487 0.650489
vn -0.444115 0.799991 0.403456
vn -0.364342 0.748953 0.553466
vn -0.444115 0.799991 0.403456
vn -0.605657 0.734160 0.306902
vn -0.224794 0.725487 0.650489
vn -0.066863 0.508363 0.858543
vn -0.092077 0.695719 0.712388
vn -0.092077 0.695719 0.712388
vn -0.066863 0.508363 0.858543
vn 0.051983 0.469692 0.881299
vn -0.444115 0.799991 0.403456
vn -0.224794 0.725487 0.650489
vn -0.287745 0.817915 0.498215
vn -0.287745 0.817915 0.498215
vn -0.224794 0.725487 0.650489
vn -0.092077 0.695719 0.712388
vn -0.605657 0.734160 0.306902
vn -0.444115 0.799991 0.403456
vn -0.658719 0.726688 0.194974
vn -0.444115 0.799991 0.403456
vn -0.287745 0.817915 0.498215
vn -0.502153 0.818330 0.279605
vn -0.444115 0.799991 0.403456
vn -0.502153 0.818330 0.279605
vn -0.658719 0.726688 0.194974
vn -0.092077 0.695719 0.712388
vn 0.051983 0.469692 0.881299
vn 0.048218 0.671406 0.739519
vn -0.287745 0.817915 0.498215
vn -0.092077 0.695719 0.712388
vn -0.134679 0.806483 0.575715
vn -0.134679 0.806483 0.575715
vn -0.092077 0.695719 0.712388
vn 0.048218 0.671406 0.739519
vn 0.048218 0.671406 0.739519
vn 0.051983 0.469692 0.881299
vn 0.206419 0.634037 0.745244
vn -0.605657 0.734160 0.306902
vn -0.658719 0.726688 0.194974
vn -0.808085 0.573954 0.132576
vn -0.605657 0.734160 0.306902
vn -0.808085 0.573954 0.132576
vn -0.784567 0.566917 0.251118
vn -0.784567 0.566917 0.251118
vn -0.808085 0.573954 0.132576
vn -0.920956 0.378121 0.094151
vn 0.048218 0.671406 0.739519
vn 0.206419 0.634037 0.745244
vn 0.232885 0.759965 0.606809
vn 0.232885 0.759965 0.606809
vn 0.206419 0.634037 0.745244
vn 0.329310 0.780251 0.531755
vn 0.048218 0.671406 0.739519
vn 0.232885 0.759965 0.606809
vn 0.028516 0.791316 0.610742
vn 0.048218 0.671406 0.739519
vn 0.028516 0.791316 0.610742
vn -0.134679 0.806483 0.575715
vn 0.232885 0.759965 0.606809
vn 0.329310 0.780251 0.531755
vn 0.447174 0.798061 0.403899
vn 0.028516 0.791316 0.610742
vn 0.232885 0.759965 0.606809
vn 0.257607 0.859894 0.440705
vn 0.257607 0.859894 0.440705
vn 0.232885 0.759965 0.606809
vn 0.447174 0.798061 0.403899
vn -0.134679 0.806483 0.575715
vn 0.028516 0.791316 0.610742
vn 0.026343 0.896371 0.442521
vn 0.026343 0.896371 0.442521
vn 0.028516 0.791316 0.610742
vn 0.257607 0.859894 0.440705
vn -0.134679 0.806483 0.575715
vn 0.026343 0.896371 0.442521
vn -0.180079 0.888616 0.421821
vn 0.447174 0.798061 0.403899
vn 0.329310 0.780251 0.531755
vn 0.147529 0.954518 0.259095
vn -0.134679 0.806483 0.575715
vn -0.180079 0.888616 0.421821
vn -0.365025 0.857515 0.362525
vn -0.134679 0.806483 0.575715
vn -0.365025 0.857515 0.362525
vn -0.287745 0.817915 0.498215
vn -0.287745 0.817915 0.498215
vn -0.365025 0.857515 0.362525
vn -0.502153 0.818330 0.279605
vn -0.502153 0.818330 0.279605
vn -0.365025 0.857515 0.362525
vn -0.549227 0.825554 0.129654
vn -0.502153 0.818330 0.279605
vn -0.549227 0.825554 0.129654
vn -0.658719 0.726688 0.194974
vn -0.365025 0.857515 0.362525
vn -0.180079 0.888616 0.421821
vn -0.394857 0.899497 0.187065
vn -0.365025 0.857515 0.362525
vn -0.394857 0.899497 0.187065
vn -0.549227 0.825554 0.129654
vn -0.394857 0.899497 0.187065
vn -0.180079 0.888616 0.421821
vn -0.182183 0.957226 0.224785
vn -0.182183 0.957226 0.224785
vn -0.180079 0.888616 0.421821
vn 0.026343 0.896371 0.442521
vn -0.549227 0.825554 0.129654
vn -0.394857 0.899497 0.187065
vn -0.396409 0.917269 0.038453
vn -0.396409 0.917269 0.038453
vn -0.394857 0.899497 0.187065
vn -0.182183 0.957226 0.224785
vn -0.658719 0.726688 0.194974
vn -0.549227 0.825554 0.129654
vn -0.681845 0.728326 0.068032
vn -0.658719 0.726688 0.194974
vn -0.681845 0.728326 0.068032
vn -0.808085 0.573954 0.132576
vn -0.549227 0.825554 0.129654
vn -0.396409 0.917269 0.038453
vn -0.562473 0.826798 -0.005311
vn -0.549227 0.825554 0.129654
vn -0.562473 0.826798 -0.005311
vn -0.681845 0.728326 0.068032
vn -0.182183 0.957226 0.224785
vn 0.026343 0.896371 0.442521
vn 0.047920 0.971654 0.231498
vn 0.047920 0.971654 0.231498
vn 0.026343 0.896371 0.442521
vn 0.257607 0.859894 0.440705
vn -0.396409 0.917269 0.038453
vn -0.182183 0.957226 0.224785
vn -0.161042 0.985892 0.045631
vn -0.161042 0.985892 0.045631
vn -0.182183 0.957226 0.224785
vn 0.047920 0.971654 0.231498
vn -0.562473 0.826798 -0.005311
vn -0.396409 0.917269 0.038453
vn -0.378011 0.916689 -0.129570
vn -0.378011 0.916689 -0.129570
vn -0.396409 0.917269 0.038453
vn -0.161042 0.985892 0.045631
vn 0.047920 0.971654 0.231498
vn 0.257607 0.859894 0.440705
vn 0.289303 0.927650 0.236157
vn 0.289303 0.927650 0.236157
vn 0.257607 0.859894 0.440705
vn 0.447174 0.798061 0.403899
vn -0.161042 0.985892 0.045631
vn 0.047920 0.971654 0.231498
vn 0.052671 0.996306 0.067826
vn 0.052671 0.996306 0.067826
vn 0.047920 0.971654 0.231498
vn 0.289303 0.927650 0.236157
vn -0.378011 0.916689 -0.129570
vn -0.161042 0.985892 0.045631
vn -0.141966 0.981349 -0.129617
vn -0.141966 0.981349 -0.129617
vn -0.161042 0.985892 0.045631
vn 0.052671 0.996306 0.067826
vn 0.289303 0.927650 0.236157
vn 0.447174 0.798061 0.403899
vn 0.507710 0.831762 0.224508
vn -0.378011 0.916689 -0.129570
vn -0.141966 0.981349 -0.129617
vn -0.336427 0.879479 -0.336650
vn 0.052671 0.996306 0.067826
vn 0.289303 0.927650 0.236157
vn 0.283828 0.954742 0.088931
vn 0.283828 0.954742 0.088931
vn 0.289303 0.927650 0.236157
vn 0.507710 0.831762 0.224508
vn 0.507710 0.831762 0.224508
vn 0.447174 0.798061 0.403899
vn 0.147529 0.954518 0.259095
vn 0.052671 0.996306 0.067826
vn 0.283828 0.954742 0.088931
vn 0.047811 0.992988 -0.108120
vn 0.052671 0.996306 0.067826
vn 0.047811 0.992988 -0.108120
vn -0.141966 0.981349 -0.129617
vn -0.141966 0.981349 -0.129617
vn 0.047811 0.992988 -0.108120
vn -0.121427 0.932080 -0.341295
vn -0.141966 0.981349 -0.129617
vn -0.121427 0.932080 -0.341295
vn -0.336427 0.879479 -0.336650
vn 0.047811 0.992988 -0.108120
vn 0.283828 0.954742 0.088931
vn 0.295827 0.949618 -0.103497
vn -0.121427 0.932080 -0.341295
vn 0.047811 0.992988 -0.108120
vn 0.072075 0.930035 -0.360334
vn 0.072075 0.930035 -0.360334
vn 0.047811 0.992988 -0.108120
vn 0.295827 0.949618 -0.103497
vn -0.121427 0.932080 -0.341295
vn 0.072075 0.930035 -0.360334
vn -0.059447 0.867417 -0.494019
vn -0.121427 0.932080 -0.341295
vn -0.059447 0.867417 -0.494019
vn -0.336427 0.879479 -0.336650
vn 0.072075 0.930035 -0.360334
vn 0.295827 0.949618 -0.103497
vn 0.305501 0.883266 -0.355684
vn 0.295827 0.949618 -0.103497
vn 0.283828 0.954742 0.088931
vn 0.531090 0.843332 0.082063
vn 0.531090 0.843332 0.082063
vn 0.283828 0.954742 0.088931
vn 0.507710 0.831762 0.224508
vn 0.295827 0.949618 -0.103497
vn 0.531090 0.843332 0.082063
vn 0.524289 0.846450 -0.092968
vn 0.295827 0.949618 -0.103497
vn 0.524289 0.846450 -0.092968
vn 0.305501 0.883266 -0.355684
vn 0.531090 0.843332 0.082063
vn 0.507710 0.831762 0.224508
vn 0.291658 0.947980 0.127551
vn 0.291658 0.947980 0.127551
vn 0.507710 0.831762 0.224508
vn 0.147529 0.954518 0.259095
vn 0.524289 0.846450 -0.092968
vn 0.531090 0.843332 0.082063
vn 0.363511 0.929176 0.067022
vn 0.363511 0.929176 0.067022
vn 0.531090 0.843332 0.082063
vn 0.291658 0.947980 0.127551
vn 0.097273 0.845802 -0.524554
vn 0.072075 0.930035 -0.360334
vn 0.305501 0.883266 -0.355684
vn 0.072075 0.930035 -0.360334
vn 0.097273 0.845802 -0.524554
vn -0.059447 0.867417 -0.494019
vn 0.305501 0.883266 -0.355684
vn 0.524289 0.846450 -0.092968
vn 0.178641 0.977430 -0.112773
vn 0.524289 0.846450 -0.092968
vn 0.363511 0.929176 0.067022
vn 0.213743 0.936325 0.278584
vn 0.524289 0.846450 -0.092968
vn 0.213743 0.936325 0.278584
vn 0.178641 0.977430 -0.112773
vn 0.305501 0.883266 -0.355684
vn 0.178641 0.977430 -0.112773
vn -0.012263 0.946325 -0.322984
vn 0.305501 0.883266 -0.355684
vn -0.012263 0.946325 -0.322984
vn 0.097273 0.845802 -0.524554
vn 0.178641 0.977430 -0.112773
vn 0.213743 0.936325 0.278584
vn -0.349318 0.803559 0.481943
vn -0.012263 0.946325 -0.322984
vn 0.178641 0.977430 -0.112773
vn -0.329783 0.885732 0.326683
vn -0.329783 0.885732 0.326683
vn 0.178641 0.977430 -0.112773
vn -0.349318 0.803559 0.481943
vn -0.349318 0.803559 0.481943
vn 0.213743 0.936325 0.278584
vn -0.159340 0.716232 0.679428
vn -0.012263 0.946325 -0.322984
vn -0.329783 0.885732 0.326683
vn -0.734842 0.606143 0.304298
vn -0.329783 0.885732 0.326683
vn -0.349318 0.803559 0.481943
vn -0.554263 0.611362 0.564827
vn -0.329783 0.885732 0.326683
vn -0.554263 0.611362 0.564827
vn -0.734842 0.606143 0.304298
vn -0.554263 0.611362 0.564827
vn -0.349318 0.803559 0.481943
vn -0.159340 0.716232 0.679428
vn -0.378011 0.916689 -0.129570
vn 0.097273 0.845802 -0.524554
vn -0.012263 0.946325 -0.322984
vn -0.378011 0.916689 -0.129570
vn -0.012263 0.946325 -0.322984
vn -0.734842 0.606143 0.304298
vn 0.097273 0.845802 -0.524554
vn -0.378011 0.916689 -0.129570
vn 0.138973 0.982968 -0.120250
vn 0.097273 0.845802 -0.524554
vn 0.138973 0.982968 -0.120250
vn -0.059447 0.867417 -0.494019
vn -0.378011 0.916689 -0.129570
vn -0.734842 0.606143 0.304298
vn -0.322298 0.882298 0.343035
vn -0.378011 0.916689 -0.129570
vn -0.322298 0.882298 0.343035
vn 0.138973 0.982968 -0.120250
vn -0.322298 0.882298 0.343035
vn -0.734842 0.606143 0.304298
vn -0.790112 0.566254 0.234689
vn -0.510516 0.734035 0.447846
vn -0.734842 0.606143 0.304298
vn -0.554263 0.611362 0.564827
vn -0.734842 0.606143 0.304298
vn -0.510516 0.734035 0.447846
vn -0.790112 0.566254 0.234689
vn -0.510516 0.734035 0.447846
vn -0.554263 0.611362 0.564827
vn -0.168539 0.770472 0.614791
vn -0.168539 0.770472 0.614791
vn -0.554263 0.611362 0.564827
vn -0.159340 0.716232 0.679428
vn -0.510516 0.734035 0.447846
vn -0.168539 0.770472 0.614791
vn -0.069866 0.900173 0.429892
vn -0.168539 0.770472 0.614791
vn -0.159340 0.716232 0.679428
vn 0.132377 0.743620 0.655367
vn -0.168539 0.770472 0.614791
vn 0.132377 0.743620 0.655367
vn -0.069866 0.900173 0.429892
vn -0.510516 0.734035 0.447846
vn -0.069866 0.900173 0.429892
vn -0.431936 0.875675 0.215927
vn -0.510516 0.734035 0.447846
vn -0.431936 0.875675 0.215927
vn -0.790112 0.566254 0.234689
vn -0.069866 0.900173 0.429892
vn 0.132377 0.743620 0.655367
vn 0.060131 0.840963 0.537742
vn -0.431936 0.875675 0.215927
vn -0.069866 0.900173 0.429892
vn -0.050805 0.987698 0.147888
vn -0.050805 0.987698 0.147888
vn -0.069866 0.900173 0.429892
vn 0.060131 0.840963 0.537742
vn -0.431936 0.875675 0.215927
vn -0.050805 0.987698 0.147888
vn 0.059574 0.907284 -0.416277
vn -0.790112 0.566254 0.234689
vn -0.431936 0.875675 0.215927
vn -0.426454 0.880556 -0.206782
vn -0.426454 0.880556 -0.206782
vn -0.431936 0.875675 0.215927
vn 0.059574 0.907284 -0.416277
vn -0.790112 0.566254 0.234689
vn -0.426454 0.880556 -0.206782
vn -0.780825 0.624652 -0.011081
vn -0.790112 0.566254 0.234689
vn -0.780825 0.624652 -0.011081
vn -0.313756 0.940738 0.128722
vn -0.790112 0.566254 0.234689
vn -0.313756 0.940738 0.128722
vn -0.322298 0.882298 0.343035
vn -0.780825 0.624652 -0.011081
vn -0.426454 0.880556 -0.206782
vn -0.535524 0.782475 -0.317722
vn -0.426454 0.880556 -0.206782
vn 0.059574 0.907284 -0.416277
vn 0.026513 0.949169 -0.313648
vn -0.426454 0.880556 -0.206782
vn 0.026513 0.949169 -0.313648
vn -0.535524 0.782475 -0.317722
vn -0.780825 0.624652 -0.011081
vn -0.535524 0.782475 -0.317722
vn -0.756593 0.598689 -0.262943
vn -0.780825 0.624652 -0.011081
vn -0.756593 0.598689 -0.262943
vn -0.313756 0.940738 0.128722
vn -0.535524 0.782475 -0.317722
vn 0.026513 0.949169 -0.313648
vn -0.391539 0.874176 -0.287252
vn -0.756593 0.598689 -0.262943
vn -0.535524 0.782475 -0.317722
vn -0.712389 0.586730 -0.385032
vn -0.712389 0.586730 -0.385032
vn -0.535524 0.782475 -0.317722
vn -0.391539 0.874176 -0.287252
vn -0.756593 0.598689 -0.262943
vn -0.712389 0.586730 -0.385032
vn -0.556316 0.801886 -0.217924
vn -0.712389 0.586730 -0.385032
vn -0.391539 0.874176 -0.287252
vn -0.566163 0.630324 -0.531179
vn -0.391539 0.874176 -0.287252
vn 0.026513 0.949169 -0.313648
vn -0.040224 0.992624 -0.114367
vn -0.391539 0.874176 -0.287252
vn -0.040224 0.992624 -0.114367
vn -0.566163 0.630324 -0.531179
vn -0.040224 0.992624 -0.114367
vn 0.026513 0.949169 -0.313648
vn 0.236473 0.909255 -0.342543
vn 0.236473 0.909255 -0.342543
vn 0.026513 0.949169 -0.313648
vn 0.059574 0.907284 -0.416277
vn -0.040224 0.992624 -0.114367
vn 0.236473 0.909255 -0.342543
vn 0.004045 0.999753 0.021860
vn 0.236473 0.909255 -0.342543
vn 0.059574 0.907284 -0.416277
vn 0.258741 0.798616 -0.543383
vn 0.258741 0.798616 -0.543383
vn 0.059574 0.907284 -0.416277
vn -0.050805 0.987698 0.147888
vn 0.236473 0.909255 -0.342543
vn 0.258741 0.798616 -0.543383
vn 0.166845 0.898136 -0.406835
vn 0.236473 0.909255 -0.342543
vn 0.166845 0.898136 -0.406835
vn 0.004045 0.999753 0.021860
vn 0.258741 0.798616 -0.543383
vn -0.050805 0.987698 0.147888
vn 0.102427 0.991990 0.073918
vn 0.102427 0.991990 0.073918
vn -0.050805 0.987698 0.147888
vn 0.060131 0.840963 0.537742
vn 0.166845 0.898136 -0.406835
vn 0.258741 0.798616 -0.543383
vn 0.386863 0.755459 -0.528789
vn 0.386863 0.755459 -0.528789
vn 0.258741 0.798616 -0.543383
vn 0.102427 0.991990 0.073918
vn 0.102427 0.991990 0.073918
vn 0.060131 0.840963 0.537742
vn 0.397198 0.912715 0.095840
vn 0.102427 0.991990 0.073918
vn 0.397198 0.912715 0.095840
vn 0.386863 0.755459 -0.528789
vn 0.397198 0.912715 0.095840
vn 0.060131 0.840963 0.537742
vn 0.288895 0.719187 0.631910
vn 0.288895 0.719187 0.631910
vn 0.060131 0.840963 0.537742
vn 0.274031 0.664980 0.694773
vn 0.274031 0.664980 0.694773
vn 0.060131 0.840963 0.537742
vn 0.132377 0.743620 0.655367
vn 0.397198 0.912715 0.095840
vn 0.288895 0.719187 0.631910
vn 0.189461 0.945472 0.264929
vn 0.386863 0.755459 -0.528789
vn 0.397198 0.912715 0.095840
vn 0.156270 0.940428 -0.301953
vn 0.156270 0.940428 -0.301953
vn 0.397198 0.912715 0.095840
vn 0.189461 0.945472 0.264929
vn 0.386863 0.755459 -0.528789
vn 0.156270 0.940428 -0.301953
vn -0.002412 0.974666 -0.223652
vn 0.386863 0.755459 -0.528789
vn -0.002412 0.974666 -0.223652
vn 0.166845 0.898136 -0.406835
vn -0.002412 0.974666 -0.223652
vn 0.156270 0.940428 -0.301953
vn 0.024554 0.992882 -0.116545
vn 0.166845 0.898136 -0.406835
vn -0.002412 0.974666 -0.223652
vn -0.050405 0.998638 0.013492
vn -0.050405 0.998638 0.013492
vn -0.002412 0.974666 -0.223652
vn 0.024554 0.992882 -0.116545
vn 0.166845 0.898136 -0.406835
vn -0.050405 0.998638 0.013492
vn 0.004045 0.999753 0.021860
vn 0.004045 0.999753 0.021860
vn -0.050405 0.998638 0.013492
vn 0.212485 0.862924 -0.458490
vn 0.156270 0.940428 -0.301953
vn 0.189461 0.945472 0.264929
vn -0.047937 0.993883 -0.099494
vn 0.156270 0.940428 -0.301953
vn -0.047937 0.993883 -0.099494
vn 0.024554 0.992882 -0.116545
vn -0.047937 0.993883 -0.099494
vn 0.189461 0.945472 0.264929
vn -0.024004 0.962387 0.270620
vn -0.050405 0.998638 0.013492
vn 0.024554 0.992882 -0.116545
vn 0.327340 0.918741 -0.220827
vn -0.050405 0.998638 0.013492
vn 0.327340 0.918741 -0.220827
vn 0.212485 0.862924 -0.458490
vn 0.024554 0.992882 -0.116545
vn -0.047937 0.993883 -0.099494
vn 0.512537 0.855405 -0.074757
vn -0.047937 0.993883 -0.099494
vn -0.024004 0.962387 0.270620
vn 0.463552 0.855878 0.229331
vn -0.047937 0.993883 -0.099494
vn 0.463552 0.855878 0.229331
vn 0.512537 0.855405 -0.074757
vn -0.024004 0.962387 0.270620
vn 0.189461 0.945472 0.264929
vn -0.076677 0.793846 0.603265
vn -0.024004 0.962387 0.270620
vn -0.076677 0.793846 0.603265
vn 0.463552 0.855878 0.229331
vn -0.076677 0.793846 0.603265
vn 0.189461 0.945472 0.264929
vn 0.113692 0.758276 0.641944
vn 0.113692 0.758276 0.641944
vn 0.189461 0.945472 0.264929
vn 0.288895 0.719187 0.631910
vn 0.113692 0.758276 0.641944
vn 0.288895 0.719187 0.631910
vn 0.274031 0.664980 0.694773
vn 0.024554 0.992882 -0.116545
vn 0.512537 0.855405 -0.074757
vn 0.599654 0.782419 -0.168034
vn 0.024554 0.992882 -0.116545
vn 0.599654 0.782419 -0.168034
vn 0.327340 0.918741 -0.220827
vn 0.674994 0.721256 0.155476
vn 0.512537 0.855405 -0.074757
vn 0.463552 0.855878 0.229331
vn 0.599654 0.782419 -0.168034
vn 0.512537 0.855405 -0.074757
vn 0.679038 0.733783 0.021670
vn 0.679038 0.733783 0.021670
vn 0.512537 0.855405 -0.074757
vn 0.674994 0.721256 0.155476
vn 0.674994 0.721256 0.155476
vn 0.463552 0.855878 0.229331
vn 0.437591 0.743634 0.505493
vn 0.437591 0.743634 0.505493
vn 0.463552 0.855878 0.229331
vn -0.076677 0.793846 0.603265
vn -0.046647 0.757182 0.651536
vn -0.076677 0.793846 0.603265
vn 0.113692 0.758276 0.641944
vn -0.076677 0.793846 0.603265
vn -0.046647 0.757182 0.651536
vn 0.437591 0.743634 0.505493
vn 0.061661 0.737303 0.672742
vn 0.113692 0.758276 0.641944
vn 0.274031 0.664980 0.694773
vn 0.113692 0.758276 0.641944
vn 0.061661 0.737303 0.672742
vn -0.046647 0.757182 0.651536
vn 0.061661 0.737303 0.672742
vn 0.274031 0.664980 0.694773
vn 0.195187 0.750767 0.631072
vn 0.094264 0.984944 0.144916
vn 0.679038 0.733783 0.021670
vn 0.674994 0.721256 0.155476
vn 0.575652 0.754895 0.314258
vn 0.674994 0.721256 0.155476
vn 0.437591 0.743634 0.505493
vn 0.674994 0.721256 0.155476
vn 0.575652 0.754895 0.314258
vn 0.094264 0.984944 0.144916
vn 0.308341 0.802440 0.510897
vn 0.437591 0.743634 0.505493
vn -0.046647 0.757182 0.651536
vn 0.437591 0.743634 0.505493
vn 0.308341 0.802440 0.510897
vn 0.575652 0.754895 0.314258
vn -0.151970 0.969081 0.194391
vn -0.046647 0.757182 0.651536
vn 0.061661 0.737303 0.672742
vn 0.308341 0.802440 0.510897
vn -0.046647 0.757182 0.651536
vn -0.082447 0.995882 0.037705
vn -0.082447 0.995882 0.037705
vn -0.046647 0.757182 0.651536
vn -0.151970 0.969081 0.194391
vn -0.151970 0.969081 0.194391
vn 0.061661 0.737303 0.672742
vn -0.051917 0.883775 0.465023
vn -0.051917 0.883775 0.465023
vn 0.061661 0.737303 0.672742
vn 0.195187 0.750767 0.631072
vn -0.082447 0.995882 0.037705
vn -0.151970 0.969081 0.194391
vn -0.332855 0.863235 -0.379517
vn 0.308341 0.802440 0.510897
vn -0.082447 0.995882 0.037705
vn 0.071236 0.965822 -0.249226
vn 0.071236 0.965822 -0.249226
vn -0.082447 0.995882 0.037705
vn -0.332855 0.863235 -0.379517
vn 0.398565 0.904720 0.150424
vn 0.575652 0.754895 0.314258
vn 0.308341 0.802440 0.510897
vn 0.398565 0.904720 0.150424
vn 0.308341 0.802440 0.510897
vn 0.071236 0.965822 -0.249226
vn 0.575652 0.754895 0.314258
vn 0.398565 0.904720 0.150424
vn 0.149820 0.933010 0.327178
vn 0.575652 0.754895 0.314258
vn 0.149820 0.933010 0.327178
vn 0.094264 0.984944 0.144916
vn 0.398565 0.904720 0.150424
vn 0.071236 0.965822 -0.249226
vn 0.157843 0.893729 -0.419921
vn 0.149820 0.933010 0.327178
vn 0.398565 0.904720 0.150424
vn 0.268381 0.962382 0.042336
vn 0.268381 0.962382 0.042336
vn 0.398565 0.904720 0.150424
vn 0.157843 0.893729 -0.419921
vn 0.157843 0.893729 -0.419921
vn 0.071236 0.965822 -0.249226
vn -0.137993 0.859059 -0.492926
vn -0.137993 0.859059 -0.492926
vn 0.071236 0.965822 -0.249226
vn -0.332855 0.863235 -0.379517
vn 0.268381 0.962382 0.042336
vn 0.157843 0.893729 -0.419921
vn 0.113464 0.876014 -0.468748
vn 0.149820 0.933010 0.327178
vn 0.268381 0.962382 0.042336
vn 0.127323 0.971897 0.198003
vn 0.127323 0.971897 0.198003
vn 0.268381 0.962382 0.042336
vn 0.113464 0.876014 -0.468748
vn 0.149820 0.933010 0.327178
vn 0.127323 0.971897 0.198003
vn -0.082707 0.877344 0.472680
vn 0.149820 0.933010 0.327178
vn -0.082707 0.877344 0.472680
vn 0.094264 0.984944 0.144916
vn 0.127323 0.971897 0.198003
vn 0.113464 0.876014 -0.468748
vn 0.075211 0.874389 -0.479361
vn 0.113464 0.876014 -0.468748
vn 0.157843 0.893729 -0.419921
vn -0.002426 0.828022 -0.560690
vn -0.002426 0.828022 -0.560690
vn 0.157843 0.893729 -0.419921
vn -0.137993 0.859059 -0.492926
vn 0.113464 0.876014 -0.468748
vn -0.002426 0.828022 -0.560690
vn 0.072403 0.808467 -0.584071
vn 0.113464 0.876014 -0.468748
vn 0.072403 0.808467 -0.584071
vn 0.075211 0.874389 -0.479361
vn -0.082707 0.877344 0.472680
vn 0.127323 0.971897 0.198003
vn 0.112966 0.959009 0.259887
vn 0.112966 0.959009 0.259887
vn 0.127323 0.971897 0.198003
vn 0.075211 0.874389 -0.479361
vn -0.145581 0.984157 0.101196
vn 0.094264 0.984944 0.144916
vn -0.082707 0.877344 0.472680
vn -0.082707 0.877344 0.472680
vn 0.112966 0.959009 0.259887
vn 0.044750 0.833004 0.551455
vn -0.082707 0.877344 0.472680
vn 0.044750 0.833004 0.551455
vn -0.145581 0.984157 0.101196
vn 0.044750 0.833004 0.551455
vn 0.112966 0.959009 0.259887
vn 0.050575 0.952500 0.300310
vn 0.112966 0.959009 0.259887
vn 0.075211 0.874389 -0.479361
vn 0.072881 0.887761 -0.454499
vn 0.112966 0.959009 0.259887
vn 0.072881 0.887761 -0.454499
vn 0.050575 0.952500 0.300310
vn 0.183066 0.817050 -0.546733
vn 0.075211 0.874389 -0.479361
vn 0.072403 0.808467 -0.584071
vn 0.075211 0.874389 -0.479361
vn 0.183066 0.817050 -0.546733
vn 0.072881 0.887761 -0.454499
vn 0.183066 0.817050 -0.546733
vn 0.072403 0.808467 -0.584071
vn 0.269171 0.941668 -0.202014
vn 0.050575 0.952500 0.300310
vn 0.072881 0.887761 -0.454499
vn 0.216655 0.924026 -0.315018
vn 0.072881 0.887761 -0.454499
vn 0.183066 0.817050 -0.546733
vn 0.327969 0.818490 -0.471711
vn 0.072881 0.887761 -0.454499
vn 0.327969 0.818490 -0.471711
vn 0.216655 0.924026 -0.315018
vn 0.327969 0.818490 -0.471711
vn 0.183066 0.817050 -0.546733
vn 0.427582 0.887584 -0.171373
vn 0.427582 0.887584 -0.171373
vn 0.183066 0.817050 -0.546733
vn 0.269171 0.941668 -0.202014
vn 0.269171 0.941668 -0.202014
vn 0.072403 0.808467 -0.584071
vn 0.093879 0.973361 -0.209178
vn 0.093879 0.973361 -0.209178
vn 0.072403 0.808467 -0.584071
vn -0.002426 0.828022 -0.560690
vn 0.427582 0.887584 -0.171373
vn 0.269171 0.941668 -0.202014
vn 0.440317 0.881647 0.169764
vn 0.269171 0.941668 -0.202014
vn 0.093879 0.973361 -0.209178
vn 0.285581 0.945072 0.159005
vn 0.269171 0.941668 -0.202014
vn 0.285581 0.945072 0.159005
vn 0.440317 0.881647 0.169764
vn 0.093879 0.973361 -0.209178
vn -0.002426 0.828022 -0.560690
vn -0.060429 0.978708 -0.196159
vn -0.060429 0.978708 -0.196159
vn -0.002426 0.828022 -0.560690
vn -0.137993 0.859059 -0.492926
vn 0.285581 0.945072 0.159005
vn 0.093879 0.973361 -0.209178
vn 0.077071 0.986352 0.145497
vn 0.077071 0.986352 0.145497
vn 0.093879 0.973361 -0.209178
vn -0.060429 0.978708 -0.196159
vn 0.440317 0.881647 0.169764
vn 0.285581 0.945072 0.159005
vn 0.378087 0.803394 0.460008
vn 0.427582 0.887584 -0.171373
vn 0.440317 0.881647 0.169764
vn 0.504196 0.846507 0.170917
vn 0.504196 0.846507 0.170917
vn 0.440317 0.881647 0.169764
vn 0.378087 0.803394 0.460008
vn 0.427582 0.887584 -0.171373
vn 0.504196 0.846507 0.170917
vn 0.543266 0.825701 -0.151923
vn 0.427582 0.887584 -0.171373
vn 0.543266 0.825701 -0.151923
vn 0.327969 0.818490 -0.471711
vn 0.285581 0.945072 0.159005
vn 0.077071 0.986352 0.145497
vn 0.254470 0.840220 0.478828
vn 0.285581 0.945072 0.159005
vn 0.254470 0.840220 0.478828
vn 0.378087 0.803394 0.460008
vn 0.327969 0.818490 -0.471711
vn 0.543266 0.825701 -0.151923
vn 0.500595 0.776296 -0.383105
vn 0.327969 0.818490 -0.471711
vn 0.500595 0.776296 -0.383105
vn 0.216655 0.924026 -0.315018
vn 0.543266 0.825701 -0.151923
vn 0.504196 0.846507 0.170917
vn 0.748773 0.637937 0.179932
vn 0.504196 0.846507 0.170917
vn 0.378087 0.803394 0.460008
vn 0.420093 0.804161 0.420530
vn 0.504196 0.846507 0.170917
vn 0.420093 0.804161 0.420530
vn 0.748773 0.637937 0.179932
vn 0.500595 0.776296 -0.383105
vn 0.543266 0.825701 -0.151923
vn 0.763374 0.639474 -0.091282
vn 0.763374 0.639474 -0.091282
vn 0.543266 0.825701 -0.151923
vn 0.748773 0.637937 0.179932
vn 0.216655 0.924026 -0.315018
vn 0.500595 0.776296 -0.383105
vn 0.706951 0.638375 -0.304463
vn 0.706951 0.638375 -0.304463
vn 0.500595 0.776296 -0.383105
vn 0.763374 0.639474 -0.091282
vn 0.216655 0.924026 -0.315018
vn 0.706951 0.638375 -0.304463
vn 0.646236 0.748104 -0.150731
vn 0.763374 0.639474 -0.091282
vn 0.748773 0.637937 0.179932
vn 0.947662 0.273622 0.164524
vn 0.706951 0.638375 -0.304463
vn 0.763374 0.639474 -0.091282
vn 0.965546 0.259343 -0.021501
vn 0.965546 0.259343 -0.021501
vn 0.763374 0.639474 -0.091282
vn 0.947662 0.273622 0.164524
vn 0.706951 0.638375 -0.304463
vn 0.965546 0.259343 -0.021501
vn 0.956400 0.207599 -0.205428
vn 0.706951 0.638375 -0.304463
vn 0.956400 0.207599 -0.205428
vn 0.646236 0.748104 -0.150731
vn 0.965546 0.259343 -0.021501
vn 0.947662 0.273622 0.164524
vn 0.997534 -0.017765 0.067897
vn 0.956400 0.207599 -0.205428
vn 0.965546 0.259343 -0.021501
vn 0.984509 -0.158486 -0.074990
vn 0.984509 -0.158486 -0.074990
vn 0.965546 0.259343 -0.021501
vn 0.997534 -0.017765 0.067897
vn 0.674365 0.641809 0.365121
vn 0.947662 0.273622 0.164524
vn 0.748773 0.637937 0.179932
vn 0.674365 0.641809 0.365121
vn 0.748773 0.637937 0.179932
vn 0.420093 0.804161 0.420530
vn 0.997534 -0.017765 0.067897
vn 0.947662 0.273622 0.164524
vn 0.931101 0.328701 0.158138
vn 0.931101 0.328701 0.158138
vn 0.947662 0.273622 0.164524
vn 0.674365 0.641809 0.365121
vn 0.984509 -0.158486 -0.074990
vn 0.997534 -0.017765 0.067897
vn 0.977633 -0.207383 -0.035016
vn 0.977633 -0.207383 -0.035016
vn 0.997534 -0.017765 0.067897
vn 0.997502 0.069295 -0.013677
vn 0.997502 0.069295 -0.013677
vn 0.997534 -0.017765 0.067897
vn 0.931101 0.328701 0.158138
vn 0.984509 -0.158486 -0.074990
vn 0.977633 -0.207383 -0.035016
vn 0.919670 -0.360722 -0.155196
vn 0.997502 0.069295 -0.013677
vn 0.931101 0.328701 0.158138
vn 0.899053 0.399969 0.178126
vn 0.984509 -0.158486 -0.074990
vn 0.919670 -0.360722 -0.155196
vn 0.951288 -0.241543 -0.191595
vn 0.984509 -0.158486 -0.074990
vn 0.951288 -0.241543 -0.191595
vn 0.956400 0.207599 -0.205428
vn 0.951288 -0.241543 -0.191595
vn 0.919670 -0.360722 -0.155196
vn 0.924687 -0.341585 -0.168149
vn 0.899053 0.399969 0.178126
vn 0.931101 0.328701 0.158138
vn 0.650521 0.650681 0.391710
vn 0.650521 0.650681 0.391710
vn 0.931101 0.328701 0.158138
vn 0.674365 0.641809 0.365121
vn 0.899053 0.399969 0.178126
vn 0.650521 0.650681 0.391710
vn 0.600153 0.612647 0.514277
vn 0.600153 0.612647 0.514277
vn 0.650521 0.650681 0.391710
vn 0.340554 0.787439 0.513773
vn 0.340554 0.787439 0.513773
vn 0.650521 0.650681 0.391710
vn 0.674365 0.641809 0.365121
vn 0.340554 0.787439 0.513773
vn 0.674365 0.641809 0.365121
vn 0.420093 0.804161 0.420530
vn 0.340554 0.787439 0.513773
vn 0.420093 0.804161 0.420530
vn 0.281470 0.771554 0.570507
vn 0.340554 0.787439 0.513773
vn 0.281470 0.771554 0.570507
vn 0.144901 0.716589 0.682278
vn 0.281470 0.771554 0.570507
vn 0.420093 0.804161 0.420530
vn 0.378087 0.803394 0.460008
vn 0.144901 0.716589 0.682278
vn 0.281470 0.771554 0.570507
vn 0.172190 0.743610 0.646061
vn 0.172190 0.743610 0.646061
vn 0.281470 0.771554 0.570507
vn 0.378087 0.803394 0.460008
vn 0.144901 0.716589 0.682278
vn 0.172190 0.743610 0.646061
vn 0.051473 0.654902 0.753959
vn 0.172190 0.743610 0.646061
vn 0.378087 0.803394 0.460008
vn 0.254470 0.840220 0.478828
vn 0.051473 0.654902 0.753959
vn 0.172190 0.743610 0.646061
vn 0.021476 0.733878 0.678942
vn 0.051473 0.654902 0.753959
vn 0.021476 0.733878 0.678942
vn -0.036252 0.606183 0.794498
vn 0.172190 0.743610 0.646061
vn 0.254470 0.840220 0.478828
vn 0.052962 0.876833 0.477870
vn 0.172190 0.743610 0.646061
vn 0.052962 0.876833 0.477870
vn 0.021476 0.733878 0.678942
vn 0.052962 0.876833 0.477870
vn 0.254470 0.840220 0.478828
vn 0.077071 0.986352 0.145497
vn -0.036252 0.606183 0.794498
vn 0.021476 0.733878 0.678942
vn -0.097907 0.731523 0.674751
vn -0.036252 0.606183 0.794498
vn -0.097907 0.731523 0.674751
vn -0.148051 0.559788 0.815302
vn 0.021476 0.733878 0.678942
vn 0.052962 0.876833 0.477870
vn -0.106459 0.878036 0.466603
vn 0.021476 0.733878 0.678942
vn -0.106459 0.878036 0.466603
vn -0.097907 0.731523 0.674751
vn 0.052962 0.876833 0.477870
vn 0.077071 0.986352 0.145497
vn -0.098244 0.982875 0.155898
vn 0.052962 0.876833 0.477870
vn -0.098244 0.982875 0.155898
vn -0.106459 0.878036 0.466603
vn -0.098244 0.982875 0.155898
vn 0.077071 0.986352 0.145497
vn -0.060429 0.978708 -0.196159
vn -0.098244 0.982875 0.155898
vn -0.060429 0.978708 -0.196159
vn -0.225475 0.960161 -0.165082
vn -0.225475 0.960161 -0.165082
vn -0.060429 0.978708 -0.196159
vn -0.137993 0.859059 -0.492926
vn -0.106459 0.878036 0.466603
vn -0.098244 0.982875 0.155898
vn -0.252863 0.956390 0.146213
vn -0.252863 0.956390 0.146213
vn -0.098244 0.982875 0.155898
vn -0.225475 0.960161 -0.165082
vn -0.225475 0.960161 -0.165082
vn -0.137993 0.859059 -0.492926
vn -0.429234 0.892185 -0.140587
vn -0.225475 0.960161 -0.165082
vn -0.429234 0.892185 -0.140587
vn -0.252863 0.956390 0.146213
vn -0.429234 0.892185 -0.140587
vn -0.137993 0.859059 -0.492926
vn -0.332855 0.863235 -0.379517
vn -0.106459 0.878036 0.466603
vn -0.252863 0.956390 0.146213
vn -0.240911 0.871676 0.426782
vn -0.106459 0.878036 0.466603
vn -0.240911 0.871676 0.426782
vn -0.097907 0.731523 0.674751
vn -0.252863 0.956390 0.146213
vn -0.429234 0.892185 -0.140587
vn -0.454583 0.883413 0.113742
vn -0.252863 0.956390 0.146213
vn -0.454583 0.883413 0.113742
vn -0.240911 0.871676 0.426782
vn -0.429234 0.892185 -0.140587
vn -0.332855 0.863235 -0.379517
vn -0.616652 0.775896 -0.133138
vn -0.429234 0.892185 -0.140587
vn -0.616652 0.775896 -0.133138
vn -0.454583 0.883413 0.113742
vn -0.097907 0.731523 0.674751
vn -0.240911 0.871676 0.426782
vn -0.253102 0.703257 0.664356
vn -0.097907 0.731523 0.674751
vn -0.253102 0.703257 0.664356
vn -0.148051 0.559788 0.815302
vn -0.148051 0.559788 0.815302
vn -0.253102 0.703257 0.664356
vn -0.248353 0.540613 0.803778
vn -0.253102 0.703257 0.664356
vn -0.240911 0.871676 0.426782
vn -0.438553 0.813572 0.381802
vn -0.438553 0.813572 0.381802
vn -0.240911 0.871676 0.426782
vn -0.454583 0.883413 0.113742
vn -0.248353 0.540613 0.803778
vn -0.253102 0.703257 0.664356
vn -0.377300 0.685414 0.622778
vn -0.377300 0.685414 0.622778
vn -0.253102 0.703257 0.664356
vn -0.438553 0.813572 0.381802
vn -0.248353 0.540613 0.803778
vn -0.377300 0.685414 0.622778
vn -0.299100 0.553968 0.776955
vn -0.438553 0.813572 0.381802
vn -0.454583 0.883413 0.113742
vn -0.620168 0.781542 0.067705
vn -0.620168 0.781542 0.067705
vn -0.454583 0.883413 0.113742
vn -0.616652 0.775896 -0.133138
vn -0.377300 0.685414 0.622778
vn -0.438553 0.813572 0.381802
vn -0.572583 0.770335 0.280594
vn -0.572583 0.770335 0.280594
vn -0.438553 0.813572 0.381802
vn -0.620168 0.781542 0.067705
vn -0.299100 0.553968 0.776955
vn -0.377300 0.685414 0.622778
vn -0.440901 0.725568 0.528353
vn -0.440901 0.725568 0.528353
vn -0.377300 0.685414 0.622778
vn -0.572583 0.770335 0.280594
vn -0.299100 0.553968 0.776955
vn -0.440901 0.725568 0.528353
vn -0.202285 0.641495 0.739976
vn -0.572583 0.770335 0.280594
vn -0.620168 0.781542 0.067705
vn -0.283998 0.958441 0.027126
vn -0.283998 0.958441 0.027126
vn -0.620168 0.781542 0.067705
vn -0.616652 0.775896 -0.133138
vn -0.440901 0.725568 0.528353
vn -0.572583 0.770335 0.280594
vn -0.175064 0.963639 0.201871
vn -0.175064 0.963639 0.201871
vn -0.572583 0.770335 0.280594
vn -0.283998 0.958441 0.027126
vn -0.202285 0.641495 0.739976
vn -0.440901 0.725568 0.528353
vn 0.032019 0.913404 0.405793
vn 0.032019 0.913404 0.405793
vn -0.440901 0.725568 0.528353
vn -0.175064 0.963639 0.201871
vn -0.202285 0.641495 0.739976
vn 0.032019 0.913404 0.405793
vn 0.195187 0.750767 0.631072
vn 0.195187 0.750767 0.631072
vn 0.032019 0.913404 0.405793
vn 0.374153 0.878358 0.297485
vn 0.195187 0.750767 0.631072
vn 0.374153 0.878358 0.297485
vn 0.343880 0.728291 0.592739
vn 0.032019 0.913404 0.405793
vn -0.175064 0.963639 0.201871
vn 0.344990 0.931433 0.115821
vn 0.032019 0.913404 0.405793
vn 0.344990 0.931433 0.115821
vn 0.374153 0.878358 0.297485
vn -0.175064 0.963639 0.201871
vn -0.283998 0.958441 0.027126
vn 0.275504 0.961209 -0.013211
vn -0.175064 0.963639 0.201871
vn 0.275504 0.961209 -0.013211
vn 0.344990 0.931433 0.115821
vn 0.343880 0.728291 0.592739
vn 0.374153 0.878358 0.297485
vn 0.033374 0.955620 0.292706
vn 0.343880 0.728291 0.592739
vn 0.033374 0.955620 0.292706
vn 0.002038 0.802972 0.596013
vn 0.374153 0.878358 0.297485
vn 0.344990 0.931433 0.115821
vn 0.028430 0.995351 0.092026
vn 0.374153 0.878358 0.297485
vn 0.028430 0.995351 0.092026
vn 0.033374 0.955620 0.292706
vn 0.002038 0.802972 0.596013
vn 0.033374 0.955620 0.292706
vn -0.320107 0.921111 0.221551
vn -0.320107 0.921111 0.221551
vn 0.033374 0.955620 0.292706
vn 0.028430 0.995351 0.092026
vn 0.002038 0.802972 0.596013
vn -0.320107 0.921111 0.221551
vn -0.322868 0.786086 0.527090
vn 0.028430 0.995351 0.092026
vn 0.344990 0.931433 0.115821
vn 0.061454 0.997481 -0.035418
vn 0.061454 0.997481 -0.035418
vn 0.344990 0.931433 0.115821
vn 0.275504 0.961209 -0.013211
vn -0.320107 0.921111 0.221551
vn 0.028430 0.995351 0.092026
vn -0.276396 0.958108 0.075056
vn -0.276396 0.958108 0.075056
vn 0.028430 0.995351 0.092026
vn 0.061454 0.997481 -0.035418
vn -0.322868 0.786086 0.527090
vn -0.320107 0.921111 0.221551
vn -0.004920 0.948485 0.316783
vn -0.004920 0.948485 0.316783
vn -0.320107 0.921111 0.221551
vn -0.276396 0.958108 0.075056
vn -0.322868 0.786086 0.527090
vn -0.004920 0.948485 0.316783
vn -0.125746 0.799623 0.587189
vn -0.125746 0.799623 0.587189
vn -0.004920 0.948485 0.316783
vn 0.329310 0.780251 0.531755
vn 0.329310 0.780251 0.531755
vn -0.004920 0.948485 0.316783
vn 0.147529 0.954518 0.259095
vn 0.147529 0.954518 0.259095
vn -0.004920 0.948485 0.316783
vn -0.276396 0.958108 0.075056
vn 0.147529 0.954518 0.259095
vn -0.276396 0.958108 0.075056
vn -0.168258 0.985691 -0.010167
vn -0.168258 0.985691 -0.010167
vn -0.276396 0.958108 0.075056
vn 0.061454 0.997481 -0.035418
vn 0.147529 0.954518 0.259095
vn -0.168258 0.985691 -0.010167
vn 0.291658 0.947980 0.127551
vn -0.168258 0.985691 -0.010167
vn 0.061454 0.997481 -0.035418
vn 0.079291 0.993899 -0.076671
vn 0.079291 0.993899 -0.076671
vn 0.061454 0.997481 -0.035418
vn 0.275504 0.961209 -0.013211
vn 0.291658 0.947980 0.127551
vn -0.168258 0.985691 -0.010167
vn -0.066322 0.997244 -0.033270
vn -0.066322 0.997244 -0.033270
vn -0.168258 0.985691 -0.010167
vn 0.079291 0.993899 -0.076671
vn 0.291658 0.947980 0.127551
vn -0.066322 0.997244 -0.033270
vn 0.363511 0.929176 0.067022
vn 0.079291 0.993899 -0.076671
vn 0.275504 0.961209 -0.013211
vn 0.209714 0.977423 -0.025765
vn 0.209714 0.977423 -0.025765
vn 0.275504 0.961209 -0.013211
vn -0.283998 0.958441 0.027126
vn -0.066322 0.997244 -0.033270
vn 0.079291 0.993899 -0.076671
vn 0.083166 0.940692 0.328911
vn 0.083166 0.940692 0.328911
vn 0.079291 0.993899 -0.076671
vn 0.209714 0.977423 -0.025765
vn 0.363511 0.929176 0.067022
vn -0.066322 0.997244 -0.033270
vn -0.025687 0.925713 0.377354
vn -0.025687 0.925713 0.377354
vn -0.066322 0.997244 -0.033270
vn 0.083166 0.940692 0.328911
vn 0.363511 0.929176 0.067022
vn -0.025687 0.925713 0.377354
vn 0.213743 0.936325 0.278584
vn 0.213743 0.936325 0.278584
vn -0.025687 0.925713 0.377354
vn -0.159340 0.716232 0.679428
vn -0.159340 0.716232 0.679428
vn -0.025687 0.925713 0.377354
vn 0.117253 0.687620 0.716541
vn 0.117253 0.687620 0.716541
vn -0.025687 0.925713 0.377354
vn 0.083166 0.940692 0.328911
vn -0.159340 0.716232 0.679428
vn 0.117253 0.687620 0.716541
vn 0.132377 0.743620 0.655367
vn 0.132377 0.743620 0.655367
vn 0.117253 0.687620 0.716541
vn 0.274031 0.664980 0.694773
vn 0.274031 0.664980 0.694773
vn 0.117253 0.687620 0.716541
vn 0.195187 0.750767 0.631072
vn 0.195187 0.750767 0.631072
vn 0.117253 0.687620 0.716541
vn 0.083166 0.940692 0.328911
vn 0.195187 0.750767 0.631072
vn 0.083166 0.940692 0.328911
vn 0.137662 0.949629 0.281521
vn 0.137662 0.949629 0.281521
vn 0.083166 0.940692 0.328911
vn 0.209714 0.977423 -0.025765
vn 0.195187 0.750767 0.631072
vn 0.137662 0.949629 0.281521
vn -0.274071 0.933643 0.230642
vn 0.195187 0.750767 0.631072
vn -0.274071 0.933643 0.230642
vn -0.051917 0.883775 0.465023
vn 0.137662 0.949629 0.281521
vn 0.209714 0.977423 -0.025765
vn -0.312816 0.948303 -0.053555
vn 0.137662 0.949629 0.281521
vn -0.312816 0.948303 -0.053555
vn -0.274071 0.933643 0.230642
vn -0.312816 0.948303 -0.053555
vn 0.209714 0.977423 -0.025765
vn -0.283998 0.958441 0.027126
vn -0.312816 0.948303 -0.053555
vn -0.283998 0.958441 0.027126
vn -0.616652 0.775896 -0.133138
vn -0.274071 0.933643 0.230642
vn -0.312816 0.948303 -0.053555
vn -0.518061 0.845098 -0.131990
vn -0.274071 0.933643 0.230642
vn -0.518061 0.845098 -0.131990
vn -0.051917 0.883775 0.465023
vn -0.518061 0.845098 -0.131990
vn -0.312816 0.948303 -0.053555
vn -0.616652 0.775896 -0.133138
vn -0.051917 0.883775 0.465023
vn -0.518061 0.845098 -0.131990
vn -0.151970 0.969081 0.194391
vn -0.518061 0.845098 -0.131990
vn -0.616652 0.775896 -0.133138
vn -0.332855 0.863235 -0.379517
vn -0.518061 0.845098 -0.131990
vn -0.332855 0.863235 -0.379517
vn -0.151970 0.969081 0.194391
vn 0.985375 0.125065 -0.115737
vn 0.956400 0.207599 -0.205428
vn 0.951288 -0.241543 -0.191595
vn 0.956400 0.207599 -0.205428
vn 0.985375 0.125065 -0.115737
vn 0.646236 0.748104 -0.150731
vn 0.985375 0.125065 -0.115737
vn 0.951288 -0.241543 -0.191595
vn 0.970090 -0.220793 -0.100870
vn 0.970090 -0.220793 -0.100870
vn 0.951288 -0.241543 -0.191595
vn 0.924687 -0.341585 -0.168149
vn 0.970090 -0.220793 -0.100870
vn 0.924687 -0.341585 -0.168149
vn 0.976040 -0.213106 -0.043947
vn 0.970090 -0.220793 -0.100870
vn 0.976040 -0.213106 -0.043947
vn 0.971800 -0.220745 0.082924
vn 0.970090 -0.220793 -0.100870
vn 0.971800 -0.220745 0.082924
vn 0.985375 0.125065 -0.115737
vn 0.971800 -0.220745 0.082924
vn 0.976040 -0.213106 -0.043947
vn 0.982632 -0.173430 0.065996
vn 0.971800 -0.220745 0.082924
vn 0.982632 -0.173430 0.065996
vn 0.963668 -0.203467 0.173049
vn 0.985375 0.125065 -0.115737
vn 0.971800 -0.220745 0.082924
vn 0.987643 -0.040775 0.151325
vn 0.985375 0.125065 -0.115737
vn 0.987643 -0.040775 0.151325
vn 0.646236 0.748104 -0.150731
vn 0.971800 -0.220745 0.082924
vn 0.963668 -0.203467 0.173049
vn 0.960042 -0.214378 0.179891
vn 0.971800 -0.220745 0.082924
vn 0.960042 -0.214378 0.179891
vn 0.987643 -0.040775 0.151325
vn 0.960042 -0.214378 0.179891
vn 0.963668 -0.203467 0.173049
vn 0.951518 -0.233960 0.199690
vn 0.646236 0.748104 -0.150731
vn 0.987643 -0.040775 0.151325
vn 0.694588 0.609174 0.382694
vn 0.987643 -0.040775 0.151325
vn 0.960042 -0.214378 0.179891
vn 0.979966 -0.065544 0.188069
vn 0.987643 -0.040775 0.151325
vn 0.979966 -0.065544 0.188069
vn 0.694588 0.609174 0.382694
vn 0.960042 -0.214378 0.179891
vn 0.951518 -0.233960 0.199690
vn 0.966390 -0.153253 0.206405
vn 0.960042 -0.214378 0.179891
vn 0.966390 -0.153253 0.206405
vn 0.979966 -0.065544 0.188069
vn 0.966390 -0.153253 0.206405
vn 0.951518 -0.233960 0.199690
vn 0.985763 -0.138059 0.095972
vn 0.985763 -0.138059 0.095972
vn 0.951518 -0.233960 0.199690
vn 0.957578 -0.273606 0.090464
vn 0.646236 0.748104 -0.150731
vn 0.694588 0.609174 0.382694
vn 0.045321 0.928800 0.367800
vn 0.646236 0.748104 -0.150731
vn 0.045321 0.928800 0.367800
vn 0.216655 0.924026 -0.315018
vn 0.216655 0.924026 -0.315018
vn 0.045321 0.928800 0.367800
vn 0.050575 0.952500 0.300310
vn 0.985763 -0.138059 0.095972
vn 0.957578 -0.273606 0.090464
vn 0.983721 -0.145897 -0.104919
vn 0.983721 -0.145897 -0.104919
vn 0.957578 -0.273606 0.090464
vn 0.981078 -0.192888 -0.016758
vn 0.050575 0.952500 0.300310
vn 0.045321 0.928800 0.367800
vn 0.048229 0.817124 0.574441
vn 0.050575 0.952500 0.300310
vn 0.048229 0.817124 0.574441
vn 0.044750 0.833004 0.551455
vn 0.045321 0.928800 0.367800
vn 0.694588 0.609174 0.382694
vn 0.143199 0.814977 0.561522
vn 0.045321 0.928800 0.367800
vn 0.143199 0.814977 0.561522
vn 0.048229 0.817124 0.574441
vn 0.983721 -0.145897 -0.104919
vn 0.981078 -0.192888 -0.016758
vn 0.998386 -0.021414 -0.052604
vn 0.998386 -0.021414 -0.052604
vn 0.981078 -0.192888 -0.016758
vn 0.998772 0.010457 0.048433
vn 0.044750 0.833004 0.551455
vn 0.048229 0.817124 0.574441
vn 0.028129 0.996679 0.076423
vn 0.044750 0.833004 0.551455
vn 0.028129 0.996679 0.076423
vn -0.145581 0.984157 0.101196
vn 0.048229 0.817124 0.574441
vn 0.143199 0.814977 0.561522
vn 0.029643 0.997254 0.067868
vn 0.048229 0.817124 0.574441
vn 0.029643 0.997254 0.067868
vn 0.028129 0.996679 0.076423
vn 0.998386 -0.021414 -0.052604
vn 0.998772 0.010457 0.048433
vn 0.993644 0.058724 0.096036
vn 0.993644 0.058724 0.096036
vn 0.998772 0.010457 0.048433
vn 0.988430 0.075472 0.131570
vn 0.998386 -0.021414 -0.052604
vn 0.993644 0.058724 0.096036
vn 0.980471 0.156968 -0.118483
vn 0.998386 -0.021414 -0.052604
vn 0.980471 0.156968 -0.118483
vn 0.983721 -0.145897 -0.104919
vn 0.993644 0.058724 0.096036
vn 0.988430 0.075472 0.131570
vn 0.981711 0.093021 0.166105
vn 0.981711 0.093021 0.166105
vn 0.988430 0.075472 0.131570
vn 0.981190 0.057258 0.184360
vn 0.981711 0.093021 0.166105
vn 0.981190 0.057258 0.184360
vn 0.981875 0.049579 0.182933
vn 0.993644 0.058724 0.096036
vn 0.981711 0.093021 0.166105
vn 0.986028 0.150405 0.071599
vn 0.993644 0.058724 0.096036
vn 0.986028 0.150405 0.071599
vn 0.980471 0.156968 -0.118483
vn 0.983721 -0.145897 -0.104919
vn 0.980471 0.156968 -0.118483
vn 0.970730 0.143106 -0.192883
vn 0.983721 -0.145897 -0.104919
vn 0.970730 0.143106 -0.192883
vn 0.985763 -0.138059 0.095972
vn 0.980471 0.156968 -0.118483
vn 0.986028 0.150405 0.071599
vn 0.707802 0.705982 0.024605
vn 0.980471 0.156968 -0.118483
vn 0.707802 0.705982 0.024605
vn 0.970730 0.143106 -0.192883
vn 0.985763 -0.138059 0.095972
vn 0.970730 0.143106 -0.192883
vn 0.996988 0.071843 -0.029219
vn 0.985763 -0.138059 0.095972
vn 0.996988 0.071843 -0.029219
vn 0.966390 -0.153253 0.206405
vn 0.996988 0.071843 -0.029219
vn 0.970730 0.143106 -0.192883
vn 0.617448 0.680395 -0.394742
vn 0.617448 0.680395 -0.394742
vn 0.970730 0.143106 -0.192883
vn 0.707802 0.705982 0.024605
vn 0.966390 -0.153253 0.206405
vn 0.996988 0.071843 -0.029219
vn 0.991887 -0.043419 0.119480
vn 0.966390 -0.153253 0.206405
vn 0.991887 -0.043419 0.119480
vn 0.979966 -0.065544 0.188069
vn 0.996988 0.071843 -0.029219
vn 0.617448 0.680395 -0.394742
vn 0.715027 0.614113 -0.334069
vn 0.996988 0.071843 -0.029219
vn 0.715027 0.614113 -0.334069
vn 0.991887 -0.043419 0.119480
vn 0.979966 -0.065544 0.188069
vn 0.991887 -0.043419 0.119480
vn 0.766791 0.460827 0.446845
vn 0.979966 -0.065544 0.188069
vn 0.766791 0.460827 0.446845
vn 0.694588 0.609174 0.382694
vn 0.694588 0.609174 0.382694
vn 0.766791 0.460827 0.446845
vn 0.143199 0.814977 0.561522
vn 0.766791 0.460827 0.446845
vn 0.991887 -0.043419 0.119480
vn 0.772926 0.628030 0.090351
vn 0.772926 0.628030 0.090351
vn 0.991887 -0.043419 0.119480
vn 0.715027 0.614113 -0.334069
vn 0.143199 0.814977 0.561522
vn 0.766791 0.460827 0.446845
vn 0.167018 0.982069 0.087438
vn 0.167018 0.982069 0.087438
vn 0.766791 0.460827 0.446845
vn 0.772926 0.628030 0.090351
vn 0.143199 0.814977 0.561522
vn 0.167018 0.982069 0.087438
vn 0.029643 0.997254 0.067868
vn 0.772926 0.628030 0.090351
vn 0.715027 0.614113 -0.334069
vn 0.076604 0.868956 -0.488925
vn 0.772926 0.628030 0.090351
vn 0.076604 0.868956 -0.488925
vn 0.167018 0.982069 0.087438
vn 0.076604 0.868956 -0.488925
vn 0.715027 0.614113 -0.334069
vn 0.617448 0.680395 -0.394742
vn 0.167018 0.982069 0.087438
vn 0.076604 0.868956 -0.488925
vn 0.029643 0.997254 0.067868
vn 0.076604 0.868956 -0.488925
vn 0.617448 0.680395 -0.394742
vn 0.034118 0.918995 -0.392791
vn 0.034118 0.918995 -0.392791
vn 0.617448 0.680395 -0.394742
vn 0.707802 0.705982 0.024605
vn 0.029643 0.997254 0.067868
vn 0.076604 0.868956 -0.488925
vn 0.038894 0.857149 -0.513598
vn 0.038894 0.857149 -0.513598
vn 0.076604 0.868956 -0.488925
vn 0.034118 0.918995 -0.392791
vn 0.029643 0.997254 0.067868
vn 0.038894 0.857149 -0.513598
vn 0.028129 0.996679 0.076423
vn 0.028129 0.996679 0.076423
vn 0.038894 0.857149 -0.513598
vn 0.112675 0.884072 -0.453564
vn 0.028129 0.996679 0.076423
vn 0.112675 0.884072 -0.453564
vn -0.145581 0.984157 0.101196
vn 0.038894 0.857149 -0.513598
vn 0.034118 0.918995 -0.392791
vn 0.131134 0.942344 -0.307882
vn 0.038894 0.857149 -0.513598
vn 0.131134 0.942344 -0.307882
vn 0.112675 0.884072 -0.453564
vn 0.034118 0.918995 -0.392791
vn 0.707802 0.705982 0.024605
vn 0.179406 0.945298 0.272442
vn 0.034118 0.918995 -0.392791
vn 0.179406 0.945298 0.272442
vn 0.131134 0.942344 -0.307882
vn 0.179406 0.945298 0.272442
vn 0.707802 0.705982 0.024605
vn 0.727482 0.611546 0.311097
vn 0.727482 0.611546 0.311097
vn 0.707802 0.705982 0.024605
vn 0.986028 0.150405 0.071599
vn -0.145581 0.984157 0.101196
vn 0.112675 0.884072 -0.453564
vn -0.021281 0.949377 -0.313418
vn -0.145581 0.984157 0.101196
vn -0.021281 0.949377 -0.313418
vn 0.094264 0.984944 0.144916
vn 0.112675 0.884072 -0.453564
vn 0.131134 0.942344 -0.307882
vn 0.241366 0.948248 -0.206321
vn 0.112675 0.884072 -0.453564
vn 0.241366 0.948248 -0.206321
vn -0.021281 0.949377 -0.313418
vn 0.131134 0.942344 -0.307882
vn 0.179406 0.945298 0.272442
vn 0.190872 0.912566 0.361651
vn 0.131134 0.942344 -0.307882
vn 0.190872 0.912566 0.361651
vn 0.241366 0.948248 -0.206321
vn 0.190872 0.912566 0.361651
vn 0.179406 0.945298 0.272442
vn 0.247181 0.886756 0.390596
vn 0.247181 0.886756 0.390596
vn 0.179406 0.945298 0.272442
vn 0.727482 0.611546 0.311097
vn 0.094264 0.984944 0.144916
vn -0.021281 0.949377 -0.313418
vn 0.244607 0.963603 -0.107876
vn 0.094264 0.984944 0.144916
vn 0.244607 0.963603 -0.107876
vn 0.679038 0.733783 0.021670
vn -0.021281 0.949377 -0.313418
vn 0.241366 0.948248 -0.206321
vn 0.212939 0.970252 -0.115185
vn -0.021281 0.949377 -0.313418
vn 0.212939 0.970252 -0.115185
vn 0.244607 0.963603 -0.107876
vn 0.241366 0.948248 -0.206321
vn 0.190872 0.912566 0.361651
vn 0.159087 0.914920 0.370962
vn 0.241366 0.948248 -0.206321
vn 0.159087 0.914920 0.370962
vn 0.212939 0.970252 -0.115185
vn 0.159087 0.914920 0.370962
vn 0.190872 0.912566 0.361651
vn 0.222013 0.883027 0.413489
vn 0.222013 0.883027 0.413489
vn 0.190872 0.912566 0.361651
vn 0.247181 0.886756 0.390596
vn 0.679038 0.733783 0.021670
vn 0.244607 0.963603 -0.107876
vn 0.637677 0.760041 -0.125323
vn 0.679038 0.733783 0.021670
vn 0.637677 0.760041 -0.125323
vn 0.599654 0.782419 -0.168034
vn 0.244607 0.963603 -0.107876
vn 0.212939 0.970252 -0.115185
vn 0.398635 0.914911 -0.063466
vn 0.244607 0.963603 -0.107876
vn 0.398635 0.914911 -0.063466
vn 0.637677 0.760041 -0.125323
vn 0.212939 0.970252 -0.115185
vn 0.159087 0.914920 0.370962
vn 0.125036 0.931079 0.342722
vn 0.212939 0.970252 -0.115185
vn 0.125036 0.931079 0.342722
vn 0.398635 0.914911 -0.063466
vn 0.599654 0.782419 -0.168034
vn 0.637677 0.760041 -0.125323
vn 0.565816 0.787197 -0.245303
vn 0.599654 0.782419 -0.168034
vn 0.565816 0.787197 -0.245303
vn 0.327340 0.918741 -0.220827
vn 0.637677 0.760041 -0.125323
vn 0.398635 0.914911 -0.063466
vn 0.472934 0.878055 0.073166
vn 0.637677 0.760041 -0.125323
vn 0.472934 0.878055 0.073166
vn 0.565816 0.787197 -0.245303
vn 0.472934 0.878055 0.073166
vn 0.398635 0.914911 -0.063466
vn 0.237888 0.930957 0.276999
vn 0.237888 0.930957 0.276999
vn 0.398635 0.914911 -0.063466
vn 0.125036 0.931079 0.342722
vn 0.472934 0.878055 0.073166
vn 0.237888 0.930957 0.276999
vn 0.012261 0.837890 0.545701
vn 0.012261 0.837890 0.545701
vn 0.237888 0.930957 0.276999
vn 0.125036 0.931079 0.342722
vn 0.565816 0.787197 -0.245303
vn 0.472934 0.878055 0.073166
vn 0.048591 0.957456 0.284459
vn 0.048591 0.957456 0.284459
vn 0.472934 0.878055 0.073166
vn 0.012261 0.837890 0.545701
vn 0.414350 0.783880 -0.462435
vn 0.327340 0.918741 -0.220827
vn 0.565816 0.787197 -0.245303
vn 0.565816 0.787197 -0.245303
vn 0.048591 0.957456 0.284459
vn 0.125481 0.991926 0.018348
vn 0.565816 0.787197 -0.245303
vn 0.125481 0.991926 0.018348
vn 0.414350 0.783880 -0.462435
vn 0.048591 0.957456 0.284459
vn 0.012261 0.837890 0.545701
vn -0.179106 0.833609 0.522510
vn 0.048591 0.957456 0.284459
vn -0.179106 0.833609 0.522510
vn 0.125481 0.991926 0.018348
vn 0.327340 0.918741 -0.220827
vn 0.414350 0.783880 -0.462435
vn 0.212485 0.862924 -0.458490
vn 0.111145 0.818552 0.563578
vn 0.012261 0.837890 0.545701
vn 0.125036 0.931079 0.342722
vn 0.414350 0.783880 -0.462435
vn 0.125481 0.991926 0.018348
vn -0.245562 0.962502 0.115275
vn 0.212485 0.862924 -0.458490
vn 0.414350 0.783880 -0.462435
vn -0.097718 0.932784 -0.346938
vn -0.097718 0.932784 -0.346938
vn 0.414350 0.783880 -0.462435
vn -0.245562 0.962502 0.115275
vn -0.245562 0.962502 0.115275
vn 0.125481 0.991926 0.018348
vn -0.374062 0.805463 0.459682
vn -0.374062 0.805463 0.459682
vn 0.125481 0.991926 0.018348
vn -0.179106 0.833609 0.522510
vn -0.097718 0.932784 -0.346938
vn -0.245562 0.962502 0.115275
vn -0.533986 0.775636 0.336523
vn -0.533986 0.775636 0.336523
vn -0.245562 0.962502 0.115275
vn -0.374062 0.805463 0.459682
vn 0.212485 0.862924 -0.458490
vn -0.097718 0.932784 -0.346938
vn 0.182052 0.546660 -0.817325
vn -0.374062 0.805463 0.459682
vn -0.179106 0.833609 0.522510
vn -0.355998 0.847810 0.393045
vn -0.374062 0.805463 0.459682
vn -0.355998 0.847810 0.393045
vn -0.533986 0.775636 0.336523
vn -0.097718 0.932784 -0.346938
vn -0.533986 0.775636 0.336523
vn -0.304864 0.885427 -0.350823
vn -0.097718 0.932784 -0.346938
vn -0.304864 0.885427 -0.350823
vn 0.182052 0.546660 -0.817325
vn -0.533986 0.775636 0.336523
vn -0.355998 0.847810 0.393045
vn -0.603963 0.787252 0.124350
vn -0.304864 0.885427 -0.350823
vn -0.533986 0.775636 0.336523
vn -0.604361 0.796394 0.022466
vn -0.604361 0.796394 0.022466
vn -0.533986 0.775636 0.336523
vn -0.603963 0.787252 0.124350
vn 0.182052 0.546660 -0.817325
vn -0.304864 0.885427 -0.350823
vn -0.001239 0.858234 -0.513258
vn -0.001239 0.858234 -0.513258
vn -0.304864 0.885427 -0.350823
vn -0.604361 0.796394 0.022466
vn -0.007665 0.887983 -0.459813
vn 0.212485 0.862924 -0.458490
vn 0.182052 0.546660 -0.817325
vn 0.212485 0.862924 -0.458490
vn -0.007665 0.887983 -0.459813
vn 0.004045 0.999753 0.021860
vn 0.182052 0.546660 -0.817325
vn -0.001239 0.858234 -0.513258
vn 0.019344 0.558791 -0.829083
vn 0.182052 0.546660 -0.817325
vn 0.019344 0.558791 -0.829083
vn -0.007665 0.887983 -0.459813
vn 0.004045 0.999753 0.021860
vn -0.007665 0.887983 -0.459813
vn -0.271874 0.842320 -0.465384
vn 0.004045 0.999753 0.021860
vn -0.271874 0.842320 -0.465384
vn -0.040224 0.992624 -0.114367
vn -0.007665 0.887983 -0.459813
vn 0.019344 0.558791 -0.829083
vn -0.279294 0.685630 -0.672240
vn -0.007665 0.887983 -0.459813
vn -0.279294 0.685630 -0.672240
vn -0.271874 0.842320 -0.465384
vn -0.040224 0.992624 -0.114367
vn -0.271874 0.842320 -0.465384
vn -0.566163 0.630324 -0.531179
vn -0.566163 0.630324 -0.531179
vn -0.271874 0.842320 -0.465384
vn -0.279294 0.685630 -0.672240
vn 0.250584 0.835805 -0.488506
vn 0.019344 0.558791 -0.829083
vn -0.001239 0.858234 -0.513258
vn 0.019344 0.558791 -0.829083
vn 0.250584 0.835805 -0.488506
vn -0.279294 0.685630 -0.672240
vn -0.000940 0.997157 -0.075352
vn -0.001239 0.858234 -0.513258
vn -0.604361 0.796394 0.022466
vn -0.001239 0.858234 -0.513258
vn -0.000940 0.997157 -0.075352
vn 0.250584 0.835805 -0.488506
vn -0.566163 0.630324 -0.531179
vn -0.279294 0.685630 -0.672240
vn -0.495115 0.783960 -0.374523
vn -0.000940 0.997157 -0.075352
vn -0.604361 0.796394 0.022466
vn -0.057591 0.997439 -0.042406
vn -0.279294 0.685630 -0.672240
vn 0.250584 0.835805 -0.488506
vn -0.150111 0.981982 -0.114798
vn -0.279294 0.685630 -0.672240
vn -0.150111 0.981982 -0.114798
vn -0.495115 0.783960 -0.374523
vn 0.250584 0.835805 -0.488506
vn -0.000940 0.997157 -0.075352
vn 0.442201 0.896905 0.004432
vn -0.150111 0.981982 -0.114798
vn 0.250584 0.835805 -0.488506
vn 0.045672 0.994021 0.099177
vn 0.045672 0.994021 0.099177
vn 0.250584 0.835805 -0.488506
vn 0.442201 0.896905 0.004432
vn 0.442201 0.896905 0.004432
vn -0.000940 0.997157 -0.075352
vn 0.450772 0.892554 -0.012305
vn 0.450772 0.892554 -0.012305
vn -0.000940 0.997157 -0.075352
vn -0.057591 0.997439 -0.042406
vn 0.045672 0.994021 0.099177
vn 0.442201 0.896905 0.004432
vn 0.085103 0.996364 -0.004122
vn 0.085103 0.996364 -0.004122
vn 0.442201 0.896905 0.004432
vn 0.450772 0.892554 -0.012305
vn -0.150111 0.981982 -0.114798
vn 0.045672 0.994021 0.099177
vn -0.336441 0.926833 0.166699
vn -0.336441 0.926833 0.166699
vn 0.045672 0.994021 0.099177
vn 0.085103 0.996364 -0.004122
vn -0.150111 0.981982 -0.114798
vn -0.336441 0.926833 0.166699
vn -0.366018 0.924867 0.103212
vn -0.150111 0.981982 -0.114798
vn -0.366018 0.924867 0.103212
vn -0.495115 0.783960 -0.374523
vn -0.366018 0.924867 0.103212
vn -0.336441 0.926833 0.166699
vn 0.185282 0.974623 0.125623
vn -0.495115 0.783960 -0.374523
vn -0.366018 0.924867 0.103212
vn 0.151841 0.970103 0.189326
vn 0.151841 0.970103 0.189326
vn -0.366018 0.924867 0.103212
vn 0.185282 0.974623 0.125623
vn -0.495115 0.783960 -0.374523
vn 0.151841 0.970103 0.189326
vn 0.011722 0.977016 -0.212845
vn -0.495115 0.783960 -0.374523
vn 0.011722 0.977016 -0.212845
vn -0.535772 0.751177 -0.385592
vn -0.495115 0.783960 -0.374523
vn -0.535772 0.751177 -0.385592
vn -0.566163 0.630324 -0.531179
vn -0.566163 0.630324 -0.531179
vn -0.535772 0.751177 -0.385592
vn -0.712389 0.586730 -0.385032
vn -0.535772 0.751177 -0.385592
vn 0.011722 0.977016 -0.212845
vn 0.489518 0.820870 0.294185
vn 0.489518 0.820870 0.294185
vn 0.011722 0.977016 -0.212845
vn 0.151841 0.970103 0.189326
vn -0.712389 0.586730 -0.385032
vn -0.535772 0.751177 -0.385592
vn -0.556316 0.801886 -0.217924
vn -0.556316 0.801886 -0.217924
vn -0.535772 0.751177 -0.385592
vn -0.027275 0.996010 0.084973
vn -0.027275 0.996010 0.084973
vn -0.535772 0.751177 -0.385592
vn 0.489518 0.820870 0.294185
vn -0.556316 0.801886 -0.217924
vn -0.027275 0.996010 0.084973
vn 0.396068 0.787357 0.472440
vn 0.396068 0.787357 0.472440
vn -0.027275 0.996010 0.084973
vn 0.489518 0.820870 0.294185
vn 0.489518 0.820870 0.294185
vn 0.151841 0.970103 0.189326
vn 0.643618 0.734872 0.213818
vn 0.643618 0.734872 0.213818
vn 0.151841 0.970103 0.189326
vn 0.185282 0.974623 0.125623
vn 0.489518 0.820870 0.294185
vn 0.643618 0.734872 0.213818
vn 0.464864 0.781447 0.416225
vn 0.489518 0.820870 0.294185
vn 0.464864 0.781447 0.416225
vn 0.396068 0.787357 0.472440
vn -0.556316 0.801886 -0.217924
vn 0.396068 0.787357 0.472440
vn -0.065419 0.977146 0.202253
vn -0.556316 0.801886 -0.217924
vn -0.065419 0.977146 0.202253
vn -0.207217 0.953014 -0.220965
vn -0.556316 0.801886 -0.217924
vn -0.207217 0.953014 -0.220965
vn -0.756593 0.598689 -0.262943
vn -0.065419 0.977146 0.202253
vn 0.396068 0.787357 0.472440
vn 0.312891 0.925986 0.211305
vn -0.065419 0.977146 0.202253
vn 0.312891 0.925986 0.211305
vn -0.207217 0.953014 -0.220965
vn -0.756593 0.598689 -0.262943
vn -0.207217 0.953014 -0.220965
vn -0.313756 0.940738 0.128722
vn 0.312891 0.925986 0.211305
vn 0.396068 0.787357 0.472440
vn 0.218987 0.799781 0.558923
vn 0.218987 0.799781 0.558923
vn 0.396068 0.787357 0.472440
vn 0.464864 0.781447 0.416225
vn -0.207217 0.953014 -0.220965
vn 0.312891 0.925986 0.211305
vn 0.299678 0.938819 -0.169741
vn -0.207217 0.953014 -0.220965
vn 0.299678 0.938819 -0.169741
vn -0.313756 0.940738 0.128722
vn 0.312891 0.925986 0.211305
vn 0.218987 0.799781 0.558923
vn 0.119676 0.975817 0.182916
vn 0.312891 0.925986 0.211305
vn 0.119676 0.975817 0.182916
vn 0.299678 0.938819 -0.169741
vn 0.218987 0.799781 0.558923
vn 0.464864 0.781447 0.416225
vn 0.146342 0.903697 0.402388
vn -0.313756 0.940738 0.128722
vn 0.299678 0.938819 -0.169741
vn 0.295756 0.942046 0.158358
vn 0.119676 0.975817 0.182916
vn 0.218987 0.799781 0.558923
vn -0.095240 0.858679 0.503587
vn -0.095240 0.858679 0.503587
vn 0.218987 0.799781 0.558923
vn 0.146342 0.903697 0.402388
vn 0.299678 0.938819 -0.169741
vn 0.119676 0.975817 0.182916
vn 0.149360 0.969680 -0.193420
vn 0.299678 0.938819 -0.169741
vn 0.149360 0.969680 -0.193420
vn 0.295756 0.942046 0.158358
vn -0.313756 0.940738 0.128722
vn 0.295756 0.942046 0.158358
vn 0.238744 0.875753 0.419592
vn -0.313756 0.940738 0.128722
vn 0.238744 0.875753 0.419592
vn -0.322298 0.882298 0.343035
vn -0.322298 0.882298 0.343035
vn 0.238744 0.875753 0.419592
vn 0.138973 0.982968 -0.120250
vn 0.138973 0.982968 -0.120250
vn 0.238744 0.875753 0.419592
vn 0.028346 0.999583 0.005436
vn 0.138973 0.982968 -0.120250
vn 0.028346 0.999583 0.005436
vn -0.059447 0.867417 -0.494019
vn 0.238744 0.875753 0.419592
vn 0.295756 0.942046 0.158358
vn 0.066052 0.854105 0.515889
vn 0.238744 0.875753 0.419592
vn 0.066052 0.854105 0.515889
vn 0.028346 0.999583 0.005436
vn 0.112497 0.971969 0.206446
vn 0.295756 0.942046 0.158358
vn 0.149360 0.969680 -0.193420
vn 0.295756 0.942046 0.158358
vn 0.112497 0.971969 0.206446
vn 0.066052 0.854105 0.515889
vn -0.059447 0.867417 -0.494019
vn 0.028346 0.999583 0.005436
vn -0.266950 0.859339 -0.436204
vn -0.059447 0.867417 -0.494019
vn -0.266950 0.859339 -0.436204
vn -0.336427 0.879479 -0.336650
vn 0.028346 0.999583 0.005436
vn 0.066052 0.854105 0.515889
vn -0.199734 0.974680 0.100521
vn 0.028346 0.999583 0.005436
vn -0.199734 0.974680 0.100521
vn -0.266950 0.859339 -0.436204
vn 0.066052 0.854105 0.515889
vn 0.112497 0.971969 0.206446
vn -0.183763 0.813418 0.551889
vn 0.066052 0.854105 0.515889
vn -0.183763 0.813418 0.551889
vn -0.199734 0.974680 0.100521
vn 0.112497 0.971969 0.206446
vn 0.149360 0.969680 -0.193420
vn -0.112573 0.969537 0.217543
vn 0.112497 0.971969 0.206446
vn -0.112573 0.969537 0.217543
vn -0.183763 0.813418 0.551889
vn -0.112573 0.969537 0.217543
vn 0.149360 0.969680 -0.193420
vn -0.035984 0.978065 -0.205167
vn -0.035984 0.978065 -0.205167
vn 0.149360 0.969680 -0.193420
vn 0.119676 0.975817 0.182916
vn -0.183763 0.813418 0.551889
vn -0.112573 0.969537 0.217543
vn -0.366641 0.722080 0.586664
vn -0.199734 0.974680 0.100521
vn -0.183763 0.813418 0.551889
vn -0.447836 0.885768 0.121898
vn -0.447836 0.885768 0.121898
vn -0.183763 0.813418 0.551889
vn -0.366641 0.722080 0.586664
vn -0.199734 0.974680 0.100521
vn -0.447836 0.885768 0.121898
vn -0.453215 0.827095 -0.332430
vn -0.199734 0.974680 0.100521
vn -0.453215 0.827095 -0.332430
vn -0.266950 0.859339 -0.436204
vn -0.266950 0.859339 -0.436204
vn -0.453215 0.827095 -0.332430
vn -0.529165 0.790416 -0.308590
vn -0.266950 0.859339 -0.436204
vn -0.529165 0.790416 -0.308590
vn -0.336427 0.879479 -0.336650
vn -0.529165 0.790416 -0.308590
vn -0.453215 0.827095 -0.332430
vn -0.637431 0.731190 -0.242988
vn -0.336427 0.879479 -0.336650
vn -0.529165 0.790416 -0.308590
vn -0.565623 0.810635 -0.151463
vn -0.336427 0.879479 -0.336650
vn -0.565623 0.810635 -0.151463
vn -0.378011 0.916689 -0.129570
vn -0.378011 0.916689 -0.129570
vn -0.565623 0.810635 -0.151463
vn -0.562473 0.826798 -0.005311
vn -0.565623 0.810635 -0.151463
vn -0.529165 0.790416 -0.308590
vn -0.695765 0.698493 -0.167386
vn -0.695765 0.698493 -0.167386
vn -0.529165 0.790416 -0.308590
vn -0.637431 0.731190 -0.242988
vn -0.562473 0.826798 -0.005311
vn -0.565623 0.810635 -0.151463
vn -0.701206 0.711464 -0.046149
vn -0.701206 0.711464 -0.046149
vn -0.565623 0.810635 -0.151463
vn -0.695765 0.698493 -0.167386
vn -0.562473 0.826798 -0.005311
vn -0.701206 0.711464 -0.046149
vn -0.681845 0.728326 0.068032
vn -0.681845 0.728326 0.068032
vn -0.701206 0.711464 -0.046149
vn -0.826316 0.562877 0.019289
vn -0.681845 0.728326 0.068032
vn -0.826316 0.562877 0.019289
vn -0.808085 0.573954 0.132576
vn -0.808085 0.573954 0.132576
vn -0.826316 0.562877 0.019289
vn -0.920956 0.378121 0.094151
vn -0.826316 0.562877 0.019289
vn -0.701206 0.711464 -0.046149
vn -0.835641 0.543558 -0.079048
vn -0.835641 0.543558 -0.079048
vn -0.701206 0.711464 -0.046149
vn -0.695765 0.698493 -0.167386
vn -0.920956 0.378121 0.094151
vn -0.826316 0.562877 0.019289
vn -0.931821 0.362372 -0.019894
vn -0.931821 0.362372 -0.019894
vn -0.826316 0.562877 0.019289
vn -0.835641 0.543558 -0.079048
vn -0.920956 0.378121 0.094151
vn -0.931821 0.362372 -0.019894
vn -0.958575 0.284363 -0.016473
vn -0.958575 0.284363 -0.016473
vn -0.931821 0.362372 -0.019894
vn -0.920961 0.382776 -0.072891
vn -0.920961 0.382776 -0.072891
vn -0.931821 0.362372 -0.019894
vn -0.835641 0.543558 -0.079048
vn -0.958575 0.284363 -0.016473
vn -0.920961 0.382776 -0.072891
vn -0.949736 0.307225 -0.060118
vn -0.835641 0.543558 -0.079048
vn -0.695765 0.698493 -0.167386
vn -0.816350 0.560034 -0.141187
vn -0.835641 0.543558 -0.079048
vn -0.816350 0.560034 -0.141187
vn -0.920961 0.382776 -0.072891
vn -0.816350 0.560034 -0.141187
vn -0.695765 0.698493 -0.167386
vn -0.637431 0.731190 -0.242988
vn -0.949736 0.307225 -0.060118
vn -0.920961 0.382776 -0.072891
vn -0.907138 0.406533 -0.108772
vn -0.907138 0.406533 -0.108772
vn -0.920961 0.382776 -0.072891
vn -0.816350 0.560034 -0.141187
vn -0.949736 0.307225 -0.060118
vn -0.907138 0.406533 -0.108772
vn -0.940485 0.325485 -0.097707
vn -0.816350 0.560034 -0.141187
vn -0.637431 0.731190 -0.242988
vn -0.786140 0.601095 -0.143763
vn -0.816350 0.560034 -0.141187
vn -0.786140 0.601095 -0.143763
vn -0.907138 0.406533 -0.108772
vn -0.940485 0.325485 -0.097707
vn -0.907138 0.406533 -0.108772
vn -0.891080 0.437564 -0.120472
vn -0.891080 0.437564 -0.120472
vn -0.907138 0.406533 -0.108772
vn -0.786140 0.601095 -0.143763
vn -0.940485 0.325485 -0.097707
vn -0.891080 0.437564 -0.120472
vn -0.934751 0.337229 -0.111882
vn -0.786140 0.601095 -0.143763
vn -0.637431 0.731190 -0.242988
vn -0.718084 0.689228 -0.096543
vn -0.786140 0.601095 -0.143763
vn -0.718084 0.689228 -0.096543
vn -0.891080 0.437564 -0.120472
vn -0.934751 0.337229 -0.111882
vn -0.891080 0.437564 -0.120472
vn -0.890065 0.450497 -0.069550
vn -0.890065 0.450497 -0.069550
vn -0.891080 0.437564 -0.120472
vn -0.718084 0.689228 -0.096543
vn -0.934751 0.337229 -0.111882
vn -0.890065 0.450497 -0.069550
vn -0.927522 0.362090 -0.092700
vn -0.927522 0.362090 -0.092700
vn -0.890065 0.450497 -0.069550
vn -0.961679 0.270885 -0.042365
vn -0.961679 0.270885 -0.042365
vn -0.890065 0.450497 -0.069550
vn -0.938298 0.339818 0.064185
vn -0.938298 0.339818 0.064185
vn -0.890065 0.450497 -0.069550
vn -0.718084 0.689228 -0.096543
vn -0.961679 0.270885 -0.042365
vn -0.938298 0.339818 0.064185
vn -0.998491 0.054882 0.002181
vn -0.526742 0.824990 -0.204779
vn -0.718084 0.689228 -0.096543
vn -0.637431 0.731190 -0.242988
vn -0.526742 0.824990 -0.204779
vn -0.637431 0.731190 -0.242988
vn -0.453215 0.827095 -0.332430
vn -0.526742 0.824990 -0.204779
vn -0.453215 0.827095 -0.332430
vn -0.447836 0.885768 0.121898
vn -0.526742 0.824990 -0.204779
vn -0.447836 0.885768 0.121898
vn -0.451617 0.853402 0.260282
vn -0.451617 0.853402 0.260282
vn -0.447836 0.885768 0.121898
vn -0.366641 0.722080 0.586664
vn -0.718084 0.689228 -0.096543
vn -0.526742 0.824990 -0.204779
vn -0.369153 0.886262 0.279762
vn -0.369153 0.886262 0.279762
vn -0.526742 0.824990 -0.204779
vn -0.451617 0.853402 0.260282
vn -0.451617 0.853402 0.260282
vn -0.366641 0.722080 0.586664
vn -0.391287 0.679903 0.620183
vn -0.451617 0.853402 0.260282
vn -0.391287 0.679903 0.620183
vn -0.369153 0.886262 0.279762
vn -0.718084 0.689228 -0.096543
vn -0.369153 0.886262 0.279762
vn -0.685513 0.682879 0.252486
vn -0.718084 0.689228 -0.096543
vn -0.685513 0.682879 0.252486
vn -0.938298 0.339818 0.064185
vn -0.369153 0.886262 0.279762
vn -0.391287 0.679903 0.620183
vn -0.459417 0.706195 0.538725
vn -0.369153 0.886262 0.279762
vn -0.459417 0.706195 0.538725
vn -0.685513 0.682879 0.252486
vn -0.981581 0.141795 0.128035
vn -0.998491 0.054882 0.002181
vn -0.938298 0.339818 0.064185
vn -0.981581 0.141795 0.128035
vn -0.938298 0.339818 0.064185
vn -0.685513 0.682879 0.252486
vn -0.998491 0.054882 0.002181
vn -0.981581 0.141795 0.128035
vn -0.998631 -0.037244 -0.036735
vn -0.685513 0.682879 0.252486
vn -0.459417 0.706195 0.538725
vn -0.808078 0.480520 0.340750
vn -0.685513 0.682879 0.252486
vn -0.808078 0.480520 0.340750
vn -0.981581 0.141795 0.128035
vn -0.998631 -0.037244 -0.036735
vn -0.981581 0.141795 0.128035
vn -0.998044 0.062417 0.003462
vn -0.998044 0.062417 0.003462
vn -0.981581 0.141795 0.128035
vn -0.808078 0.480520 0.340750
vn -0.998631 -0.037244 -0.036735
vn -0.998044 0.062417 0.003462
vn -0.982643 0.070726 -0.171495
vn -0.998631 -0.037244 -0.036735
vn -0.982643 0.070726 -0.171495
vn -0.994858 0.015227 -0.100132
vn -0.998044 0.062417 0.003462
vn -0.808078 0.480520 0.340750
vn -0.926159 0.356631 0.122657
vn -0.926159 0.356631 0.122657
vn -0.808078 0.480520 0.340750
vn -0.459417 0.706195 0.538725
vn -0.982643 0.070726 -0.171495
vn -0.998044 0.062417 0.003462
vn -0.896045 0.366549 -0.250490
vn -0.896045 0.366549 -0.250490
vn -0.998044 0.062417 0.003462
vn -0.926159 0.356631 0.122657
vn -0.994858 0.015227 -0.100132
vn -0.982643 0.070726 -0.171495
vn -0.963307 0.218674 -0.155632
vn -0.994858 0.015227 -0.100132
vn -0.963307 0.218674 -0.155632
vn -0.977654 0.205262 -0.045392
vn -0.977654 0.205262 -0.045392
vn -0.963307 0.218674 -0.155632
vn -0.942843 0.305761 -0.132503
vn -0.963307 0.218674 -0.155632
vn -0.982643 0.070726 -0.171495
vn -0.870560 0.428535 -0.241833
vn -0.870560 0.428535 -0.241833
vn -0.982643 0.070726 -0.171495
vn -0.896045 0.366549 -0.250490
vn -0.942843 0.305761 -0.132503
vn -0.963307 0.218674 -0.155632
vn -0.941841 0.268521 -0.202071
vn -0.942843 0.305761 -0.132503
vn -0.941841 0.268521 -0.202071
vn -0.829263 0.532235 -0.170437
vn -0.963307 0.218674 -0.155632
vn -0.870560 0.428535 -0.241833
vn -0.931235 0.363371 -0.027632
vn -0.963307 0.218674 -0.155632
vn -0.931235 0.363371 -0.027632
vn -0.941841 0.268521 -0.202071
vn -0.870560 0.428535 -0.241833
vn -0.896045 0.366549 -0.250490
vn -0.661134 0.721749 -0.204893
vn -0.870560 0.428535 -0.241833
vn -0.661134 0.721749 -0.204893
vn -0.931235 0.363371 -0.027632
vn -0.829263 0.532235 -0.170437
vn -0.941841 0.268521 -0.202071
vn -0.954339 0.255809 0.154268
vn -0.829263 0.532235 -0.170437
vn -0.954339 0.255809 0.154268
vn -0.725328 0.601437 0.334923
vn -0.941841 0.268521 -0.202071
vn -0.931235 0.363371 -0.027632
vn -0.977396 0.211094 0.011679
vn -0.941841 0.268521 -0.202071
vn -0.977396 0.211094 0.011679
vn -0.954339 0.255809 0.154268
vn -0.977396 0.211094 0.011679
vn -0.931235 0.363371 -0.027632
vn -0.767168 0.611404 0.194006
vn -0.767168 0.611404 0.194006
vn -0.931235 0.363371 -0.027632
vn -0.661134 0.721749 -0.204893
vn -0.725328 0.601437 0.334923
vn -0.954339 0.255809 0.154268
vn -0.925636 0.279924 0.254637
vn -0.725328 0.601437 0.334923
vn -0.925636 0.279924 0.254637
vn -0.933105 0.293065 0.208395
vn -0.954339 0.255809 0.154268
vn -0.977396 0.211094 0.011679
vn -0.981155 0.150401 0.121304
vn -0.954339 0.255809 0.154268
vn -0.981155 0.150401 0.121304
vn -0.925636 0.279924 0.254637
vn -0.977396 0.211094 0.011679
vn -0.767168 0.611404 0.194006
vn -0.762668 0.580703 0.284818
vn -0.977396 0.211094 0.011679
vn -0.762668 0.580703 0.284818
vn -0.981155 0.150401 0.121304
vn -0.933105 0.293065 0.208395
vn -0.925636 0.279924 0.254637
vn -0.928148 0.367255 0.060535
vn -0.933105 0.293065 0.208395
vn -0.928148 0.367255 0.060535
vn -0.958242 0.279048 0.062488
vn -0.925636 0.279924 0.254637
vn -0.981155 0.150401 0.121304
vn -0.937912 0.346137 -0.022595
vn -0.958242 0.279048 0.062488
vn -0.928148 0.367255 0.060535
vn -0.930113 0.357409 -0.084546
vn -0.958242 0.279048 0.062488
vn -0.930113 0.357409 -0.084546
vn -0.969166 0.217846 -0.115156
vn -0.928148 0.367255 0.060535
vn -0.925636 0.279924 0.254637
vn -0.891890 0.448994 -0.054188
vn -0.891890 0.448994 -0.054188
vn -0.925636 0.279924 0.254637
vn -0.937912 0.346137 -0.022595
vn -0.969166 0.217846 -0.115156
vn -0.930113 0.357409 -0.084546
vn -0.953510 0.147902 -0.262570
vn -0.930113 0.357409 -0.084546
vn -0.928148 0.367255 0.060535
vn -0.822393 0.550776 -0.142534
vn -0.822393 0.550776 -0.142534
vn -0.928148 0.367255 0.060535
vn -0.891890 0.448994 -0.054188
vn -0.953510 0.147902 -0.262570
vn -0.930113 0.357409 -0.084546
vn -0.905721 0.343425 -0.248452
vn -0.953510 0.147902 -0.262570
vn -0.905721 0.343425 -0.248452
vn -0.875013 0.124395 -0.467845
vn -0.930113 0.357409 -0.084546
vn -0.822393 0.550776 -0.142534
vn -0.754422 0.618157 -0.220747
vn -0.930113 0.357409 -0.084546
vn -0.754422 0.618157 -0.220747
vn -0.905721 0.343425 -0.248452
vn -0.875013 0.124395 -0.467845
vn -0.905721 0.343425 -0.248452
vn -0.824346 0.314409 -0.470745
vn -0.875013 0.124395 -0.467845
vn -0.824346 0.314409 -0.470745
vn -0.756502 0.023524 -0.653568
vn -0.905721 0.343425 -0.248452
vn -0.754422 0.618157 -0.220747
vn -0.687878 0.617227 -0.381909
vn -0.905721 0.343425 -0.248452
vn -0.687878 0.617227 -0.381909
vn -0.824346 0.314409 -0.470745
vn -0.754422 0.618157 -0.220747
vn -0.822393 0.550776 -0.142534
vn -0.565762 0.745425 -0.352499
vn -0.754422 0.618157 -0.220747
vn -0.565762 0.745425 -0.352499
vn -0.687878 0.617227 -0.381909
vn -0.756502 0.023524 -0.653568
vn -0.824346 0.314409 -0.470745
vn -0.689947 0.127853 -0.712479
vn -0.756502 0.023524 -0.653568
vn -0.689947 0.127853 -0.712479
vn -0.442912 -0.274086 -0.853643
vn -0.824346 0.314409 -0.470745
vn -0.687878 0.617227 -0.381909
vn -0.582921 0.626582 -0.517300
vn -0.442912 -0.274086 -0.853643
vn -0.689947 0.127853 -0.712479
vn -0.395355 -0.001509 -0.918527
vn -0.689947 0.127853 -0.712479
vn -0.824346 0.314409 -0.470745
vn -0.652905 0.450118 -0.609187
vn -0.652905 0.450118 -0.609187
vn -0.824346 0.314409 -0.470745
vn -0.582921 0.626582 -0.517300
vn -0.689947 0.127853 -0.712479
vn -0.652905 0.450118 -0.609187
vn -0.395355 -0.001509 -0.918527
vn -0.442912 -0.274086 -0.853643
vn -0.395355 -0.001509 -0.918527
vn -0.095428 -0.368248 -0.924817
vn -0.582921 0.626582 -0.517300
vn -0.687878 0.617227 -0.381909
vn -0.394493 0.815159 -0.424135
vn -0.394493 0.815159 -0.424135
vn -0.687878 0.617227 -0.381909
vn -0.565762 0.745425 -0.352499
vn -0.652905 0.450118 -0.609187
vn -0.582921 0.626582 -0.517300
vn -0.309159 0.753434 -0.580309
vn -0.309159 0.753434 -0.580309
vn -0.582921 0.626582 -0.517300
vn -0.394493 0.815159 -0.424135
vn -0.395355 -0.001509 -0.918527
vn -0.652905 0.450118 -0.609187
vn -0.351133 0.519724 -0.778841
vn -0.351133 0.519724 -0.778841
vn -0.652905 0.450118 -0.609187
vn -0.309159 0.753434 -0.580309
vn -0.095428 -0.368248 -0.924817
vn -0.395355 -0.001509 -0.918527
vn -0.012502 0.012071 -0.999849
vn -0.012502 0.012071 -0.999849
vn -0.395355 -0.001509 -0.918527
vn -0.351133 0.519724 -0.778841
vn -0.095428 -0.368248 -0.924817
vn -0.012502 0.012071 -0.999849
vn 0.160090 -0.055638 -0.985533
vn -0.351133 0.519724 -0.778841
vn -0.309159 0.753434 -0.580309
vn 0.010612 0.518835 -0.854809
vn -0.351133 0.519724 -0.778841
vn 0.010612 0.518835 -0.854809
vn -0.012502 0.012071 -0.999849
vn 0.160090 -0.055638 -0.985533
vn -0.012502 0.012071 -0.999849
vn 0.168299 0.155101 -0.973457
vn 0.168299 0.155101 -0.973457
vn -0.012502 0.012071 -0.999849
vn 0.010612 0.518835 -0.854809
vn 0.160090 -0.055638 -0.985533
vn 0.168299 0.155101 -0.973457
vn 0.116241 0.009851 -0.993172
vn 0.010612 0.518835 -0.854809
vn -0.309159 0.753434 -0.580309
vn -0.168045 0.771454 -0.613694
vn -0.168045 0.771454 -0.613694
vn -0.309159 0.753434 -0.580309
vn -0.394493 0.815159 -0.424135
vn 0.168299 0.155101 -0.973457
vn 0.010612 0.518835 -0.854809
vn -0.101205 0.394052 -0.913499
vn -0.101205 0.394052 -0.913499
vn 0.010612 0.518835 -0.854809
vn -0.168045 0.771454 -0.613694
vn 0.116241 0.009851 -0.993172
vn 0.168299 0.155101 -0.973457
vn -0.073851 0.040089 -0.996463
vn -0.073851 0.040089 -0.996463
vn 0.168299 0.155101 -0.973457
vn -0.101205 0.394052 -0.913499
vn 0.116241 0.009851 -0.993172
vn -0.073851 0.040089 -0.996463
vn -0.076179 -0.291172 -0.953633
vn -0.168045 0.771454 -0.613694
vn -0.394493 0.815159 -0.424135
vn -0.274233 0.815831 -0.509133
vn -0.274233 0.815831 -0.509133
vn -0.394493 0.815159 -0.424135
vn -0.565762 0.745425 -0.352499
vn -0.101205 0.394052 -0.913499
vn -0.168045 0.771454 -0.613694
vn -0.342850 0.723950 -0.598623
vn -0.168045 0.771454 -0.613694
vn -0.274233 0.815831 -0.509133
vn -0.248141 0.846066 -0.471803
vn -0.168045 0.771454 -0.613694
vn -0.248141 0.846066 -0.471803
vn -0.342850 0.723950 -0.598623
vn -0.073851 0.040089 -0.996463
vn -0.101205 0.394052 -0.913499
vn -0.318360 0.185449 -0.929654
vn -0.318360 0.185449 -0.929654
vn -0.101205 0.394052 -0.913499
vn -0.342850 0.723950 -0.598623
vn -0.184162 -0.138021 -0.973157
vn -0.076179 -0.291172 -0.953633
vn -0.073851 0.040089 -0.996463
vn -0.184162 -0.138021 -0.973157
vn -0.073851 0.040089 -0.996463
vn -0.318360 0.185449 -0.929654
vn -0.076179 -0.291172 -0.953633
vn -0.184162 -0.138021 -0.973157
vn 0.035118 -0.245434 -0.968777
vn -0.076179 -0.291172 -0.953633
vn 0.035118 -0.245434 -0.968777
vn -0.001041 -0.488446 -0.872593
vn -0.184162 -0.138021 -0.973157
vn -0.318360 0.185449 -0.929654
vn -0.114360 0.167526 -0.979212
vn -0.318360 0.185449 -0.929654
vn -0.342850 0.723950 -0.598623
vn -0.271874 0.842320 -0.465384
vn -0.318360 0.185449 -0.929654
vn -0.271874 0.842320 -0.465384
vn -0.114360 0.167526 -0.979212
vn -0.271874 0.842320 -0.465384
vn -0.342850 0.723950 -0.598623
vn -0.115101 0.973443 -0.197888
vn -0.115101 0.973443 -0.197888
vn -0.342850 0.723950 -0.598623
vn -0.248141 0.846066 -0.471803
vn -0.114360 0.167526 -0.979212
vn -0.271874 0.842320 -0.465384
vn 0.137207 0.880246 -0.454248
vn 0.228159 0.219050 -0.948663
vn 0.035118 -0.245434 -0.968777
vn -0.184162 -0.138021 -0.973157
vn 0.228159 0.219050 -0.948663
vn -0.184162 -0.138021 -0.973157
vn -0.114360 0.167526 -0.979212
vn 0.137207 0.880246 -0.454248
vn -0.271874 0.842320 -0.465384
vn 0.259258 0.963498 0.066754
vn 0.259258 0.963498 0.066754
vn -0.271874 0.842320 -0.465384
vn -0.115101 0.973443 -0.197888
vn -0.114360 0.167526 -0.979212
vn 0.137207 0.880246 -0.454248
vn 0.472191 0.772158 -0.425215
vn 0.472191 0.772158 -0.425215
vn 0.137207 0.880246 -0.454248
vn 0.259258 0.963498 0.066754
vn -0.114360 0.167526 -0.979212
vn 0.472191 0.772158 -0.425215
vn 0.228159 0.219050 -0.948663
vn 0.259258 0.963498 0.066754
vn -0.115101 0.973443 -0.197888
vn 0.212882 0.826271 -0.521496
vn 0.472191 0.772158 -0.425215
vn 0.259258 0.963498 0.066754
vn 0.382427 0.918282 -0.102511
vn 0.382427 0.918282 -0.102511
vn 0.259258 0.963498 0.066754
vn 0.212882 0.826271 -0.521496
vn 0.228159 0.219050 -0.948663
vn 0.472191 0.772158 -0.425215
vn 0.349090 0.816123 -0.460521
vn 0.349090 0.816123 -0.460521
vn 0.472191 0.772158 -0.425215
vn 0.382427 0.918282 -0.102511
vn 0.330551 0.271606 -0.903862
vn 0.035118 -0.245434 -0.968777
vn 0.228159 0.219050 -0.948663
vn 0.330551 0.271606 -0.903862
vn 0.228159 0.219050 -0.948663
vn 0.349090 0.816123 -0.460521
vn 0.035118 -0.245434 -0.968777
vn 0.330551 0.271606 -0.903862
vn 0.161528 -0.237788 -0.957792
vn 0.035118 -0.245434 -0.968777
vn 0.161528 -0.237788 -0.957792
vn -0.001041 -0.488446 -0.872593
vn -0.001041 -0.488446 -0.872593
vn 0.161528 -0.237788 -0.957792
vn 0.048495 -0.362312 -0.930794
vn 0.161528 -0.237788 -0.957792
vn 0.330551 0.271606 -0.903862
vn 0.032208 0.242577 -0.969597
vn 0.032208 0.242577 -0.969597
vn 0.330551 0.271606 -0.903862
vn 0.349090 0.816123 -0.460521
vn 0.048495 -0.362312 -0.930794
vn 0.161528 -0.237788 -0.957792
vn 0.029538 0.043685 -0.998609
vn 0.029538 0.043685 -0.998609
vn 0.161528 -0.237788 -0.957792
vn 0.032208 0.242577 -0.969597
vn 0.048495 -0.362312 -0.930794
vn 0.029538 0.043685 -0.998609
vn -0.050174 0.085073 -0.995111
vn -0.050174 0.085073 -0.995111
vn 0.029538 0.043685 -0.998609
vn -0.062942 0.066077 -0.995827
vn -0.062942 0.066077 -0.995827
vn 0.029538 0.043685 -0.998609
vn -0.189369 0.015826 -0.981779
vn -0.189369 0.015826 -0.981779
vn 0.029538 0.043685 -0.998609
vn 0.032208 0.242577 -0.969597
vn -0.062942 0.066077 -0.995827
vn -0.189369 0.015826 -0.981779
vn -0.141052 -0.206024 -0.968328
vn 0.032208 0.242577 -0.969597
vn 0.349090 0.816123 -0.460521
vn -0.191115 0.766314 -0.613383
vn -0.189369 0.015826 -0.981779
vn 0.032208 0.242577 -0.969597
vn -0.308814 0.172236 -0.935398
vn -0.308814 0.172236 -0.935398
vn 0.032208 0.242577 -0.969597
vn -0.191115 0.766314 -0.613383
vn -0.189369 0.015826 -0.981779
vn -0.308814 0.172236 -0.935398
vn -0.191383 -0.108454 -0.975505
vn -0.189369 0.015826 -0.981779
vn -0.191383 -0.108454 -0.975505
vn -0.141052 -0.206024 -0.968328
vn -0.141052 -0.206024 -0.968328
vn -0.191383 -0.108454 -0.975505
vn 0.066598 -0.112402 -0.991429
vn -0.141052 -0.206024 -0.968328
vn 0.066598 -0.112402 -0.991429
vn -0.008134 -0.228524 -0.973504
vn -0.191383 -0.108454 -0.975505
vn -0.308814 0.172236 -0.935398
vn -0.098931 0.256704 -0.961414
vn -0.008134 -0.228524 -0.973504
vn 0.066598 -0.112402 -0.991429
vn 0.062901 -0.006654 -0.997998
vn -0.008134 -0.228524 -0.973504
vn 0.062901 -0.006654 -0.997998
vn -0.039361 -0.058679 -0.997501
vn -0.039361 -0.058679 -0.997501
vn 0.062901 -0.006654 -0.997998
vn 0.002547 -0.025823 -0.999663
vn 0.066598 -0.112402 -0.991429
vn -0.191383 -0.108454 -0.975505
vn 0.154791 0.308686 -0.938484
vn 0.154791 0.308686 -0.938484
vn -0.191383 -0.108454 -0.975505
vn -0.098931 0.256704 -0.961414
vn 0.062901 -0.006654 -0.997998
vn 0.066598 -0.112402 -0.991429
vn 0.101568 0.339006 -0.935286
vn 0.101568 0.339006 -0.935286
vn 0.066598 -0.112402 -0.991429
vn 0.154791 0.308686 -0.938484
vn 0.002547 -0.025823 -0.999663
vn 0.062901 -0.006654 -0.997998
vn -0.038570 0.022985 -0.998992
vn -0.038570 0.022985 -0.998992
vn 0.062901 -0.006654 -0.997998
vn 0.101568 0.339006 -0.935286
vn 0.002547 -0.025823 -0.999663
vn -0.038570 0.022985 -0.998992
vn -0.022766 -0.103939 -0.994323
vn 0.154791 0.308686 -0.938484
vn -0.098931 0.256704 -0.961414
vn 0.252393 0.867687 -0.428272
vn 0.154791 0.308686 -0.938484
vn 0.252393 0.867687 -0.428272
vn 0.101568 0.339006 -0.935286
vn -0.022766 -0.103939 -0.994323
vn -0.038570 0.022985 -0.998992
vn -0.065150 -0.006937 -0.997851
vn -0.022766 -0.103939 -0.994323
vn -0.065150 -0.006937 -0.997851
vn 0.007856 -0.140889 -0.989994
vn -0.038570 0.022985 -0.998992
vn 0.101568 0.339006 -0.935286
vn -0.137000 0.287841 -0.947828
vn -0.038570 0.022985 -0.998992
vn -0.137000 0.287841 -0.947828
vn -0.065150 -0.006937 -0.997851
vn -0.137000 0.287841 -0.947828
vn 0.101568 0.339006 -0.935286
vn -0.120747 0.927372 -0.354121
vn -0.120747 0.927372 -0.354121
vn 0.101568 0.339006 -0.935286
vn 0.252393 0.867687 -0.428272
vn 0.007856 -0.140889 -0.989994
vn -0.065150 -0.006937 -0.997851
vn -0.003240 0.004662 -0.999984
vn 0.007856 -0.140889 -0.989994
vn -0.003240 0.004662 -0.999984
vn 0.020268 -0.121117 -0.992431
vn -0.065150 -0.006937 -0.997851
vn -0.137000 0.287841 -0.947828
vn -0.126879 0.235446 -0.963570
vn -0.065150 -0.006937 -0.997851
vn -0.126879 0.235446 -0.963570
vn -0.003240 0.004662 -0.999984
vn -0.126879 0.235446 -0.963570
vn -0.137000 0.287841 -0.947828
vn -0.443050 0.738979 -0.507561
vn -0.443050 0.738979 -0.507561
vn -0.137000 0.287841 -0.947828
vn -0.120747 0.927372 -0.354121
vn -0.003240 0.004662 -0.999984
vn -0.126879 0.235446 -0.963570
vn -0.042462 0.212949 -0.976140
vn 0.020268 -0.121117 -0.992431
vn -0.003240 0.004662 -0.999984
vn 0.035570 0.011923 -0.999296
vn 0.035570 0.011923 -0.999296
vn -0.003240 0.004662 -0.999984
vn -0.042462 0.212949 -0.976140
vn -0.042462 0.212949 -0.976140
vn -0.126879 0.235446 -0.963570
vn -0.358908 0.721321 -0.592352
vn -0.358908 0.721321 -0.592352
vn -0.126879 0.235446 -0.963570
vn -0.443050 0.738979 -0.507561
vn 0.035570 0.011923 -0.999296
vn -0.042462 0.212949 -0.976140
vn 0.087621 0.243994 -0.965810
vn 0.020268 -0.121117 -0.992431
vn 0.035570 0.011923 -0.999296
vn 0.041466 0.022165 -0.998894
vn 0.020268 -0.121117 -0.992431
vn 0.041466 0.022165 -0.998894
vn 0.006424 -0.133561 -0.991020
vn 0.041466 0.022165 -0.998894
vn 0.035570 0.011923 -0.999296
vn 0.299330 0.306134 -0.903706
vn 0.299330 0.306134 -0.903706
vn 0.035570 0.011923 -0.999296
vn 0.087621 0.243994 -0.965810
vn 0.006424 -0.133561 -0.991020
vn 0.041466 0.022165 -0.998894
vn 0.117645 0.043060 -0.992122
vn 0.006424 -0.133561 -0.991020
vn 0.117645 0.043060 -0.992122
vn 0.055539 -0.182062 -0.981717
vn 0.041466 0.022165 -0.998894
vn 0.299330 0.306134 -0.903706
vn 0.440860 0.442422 -0.780964
vn 0.041466 0.022165 -0.998894
vn 0.440860 0.442422 -0.780964
vn 0.117645 0.043060 -0.992122
vn -0.121721 0.820285 -0.558854
vn 0.087621 0.243994 -0.965810
vn -0.042462 0.212949 -0.976140
vn -0.121721 0.820285 -0.558854
vn -0.042462 0.212949 -0.976140
vn -0.358908 0.721321 -0.592352
vn 0.055539 -0.182062 -0.981717
vn 0.117645 0.043060 -0.992122
vn 0.231523 0.117041 -0.965763
vn 0.055539 -0.182062 -0.981717
vn 0.231523 0.117041 -0.965763
vn 0.103921 -0.182857 -0.977632
vn 0.117645 0.043060 -0.992122
vn 0.440860 0.442422 -0.780964
vn 0.466211 0.553393 -0.690220
vn 0.117645 0.043060 -0.992122
vn 0.466211 0.553393 -0.690220
vn 0.231523 0.117041 -0.965763
vn 0.103921 -0.182857 -0.977632
vn 0.231523 0.117041 -0.965763
vn 0.388331 0.176916 -0.904378
vn 0.103921 -0.182857 -0.977632
vn 0.388331 0.176916 -0.904378
vn 0.280329 -0.102712 -0.954393
vn 0.231523 0.117041 -0.965763
vn 0.466211 0.553393 -0.690220
vn 0.530572 0.600318 -0.598424
vn 0.231523 0.117041 -0.965763
vn 0.530572 0.600318 -0.598424
vn 0.388331 0.176916 -0.904378
vn 0.466211 0.553393 -0.690220
vn 0.440860 0.442422 -0.780964
vn 0.617623 0.756689 -0.214391
vn 0.530572 0.600318 -0.598424
vn 0.466211 0.553393 -0.690220
vn 0.498988 0.803060 -0.325738
vn 0.498988 0.803060 -0.325738
vn 0.466211 0.553393 -0.690220
vn 0.617623 0.756689 -0.214391
vn 0.617623 0.756689 -0.214391
vn 0.440860 0.442422 -0.780964
vn 0.711387 0.661349 -0.237795
vn 0.530572 0.600318 -0.598424
vn 0.498988 0.803060 -0.325738
vn 0.600084 0.574394 -0.556750
vn 0.530572 0.600318 -0.598424
vn 0.600084 0.574394 -0.556750
vn 0.388331 0.176916 -0.904378
vn 0.711387 0.661349 -0.237795
vn 0.440860 0.442422 -0.780964
vn 0.299330 0.306134 -0.903706
vn 0.574448 0.255934 -0.777501
vn 0.280329 -0.102712 -0.954393
vn 0.388331 0.176916 -0.904378
vn 0.574448 0.255934 -0.777501
vn 0.388331 0.176916 -0.904378
vn 0.600084 0.574394 -0.556750
vn 0.280329 -0.102712 -0.954393
vn 0.574448 0.255934 -0.777501
vn 0.559885 0.106281 -0.821725
vn 0.600084 0.574394 -0.556750
vn 0.498988 0.803060 -0.325738
vn 0.524723 0.739273 -0.422068
vn 0.711387 0.661349 -0.237795
vn 0.299330 0.306134 -0.903706
vn 0.575885 0.711741 -0.402221
vn 0.575885 0.711741 -0.402221
vn 0.299330 0.306134 -0.903706
vn 0.087621 0.243994 -0.965810
vn 0.559885 0.106281 -0.821725
vn 0.574448 0.255934 -0.777501
vn 0.753406 0.313339 -0.578098
vn 0.559885 0.106281 -0.821725
vn 0.753406 0.313339 -0.578098
vn 0.788327 0.244317 -0.564668
vn 0.788327 0.244317 -0.564668
vn 0.753406 0.313339 -0.578098
vn 0.920957 -0.103205 -0.375747
vn 0.753406 0.313339 -0.578098
vn 0.574448 0.255934 -0.777501
vn 0.669011 0.496413 -0.553172
vn 0.669011 0.496413 -0.553172
vn 0.574448 0.255934 -0.777501
vn 0.600084 0.574394 -0.556750
vn 0.669011 0.496413 -0.553172
vn 0.600084 0.574394 -0.556750
vn 0.524723 0.739273 -0.422068
vn 0.920957 -0.103205 -0.375747
vn 0.753406 0.313339 -0.578098
vn 0.888052 0.128646 -0.441377
vn 0.888052 0.128646 -0.441377
vn 0.753406 0.313339 -0.578098
vn 0.669011 0.496413 -0.553172
vn 0.920957 -0.103205 -0.375747
vn 0.888052 0.128646 -0.441377
vn 0.938219 -0.261774 -0.226319
vn 0.669011 0.496413 -0.553172
vn 0.524723 0.739273 -0.422068
vn 0.701283 0.556292 -0.445805
vn 0.669011 0.496413 -0.553172
vn 0.701283 0.556292 -0.445805
vn 0.888052 0.128646 -0.441377
vn 0.938219 -0.261774 -0.226319
vn 0.888052 0.128646 -0.441377
vn 0.957276 0.096886 -0.272463
vn 0.957276 0.096886 -0.272463
vn 0.888052 0.128646 -0.441377
vn 0.701283 0.556292 -0.445805
vn 0.938219 -0.261774 -0.226319
vn 0.957276 0.096886 -0.272463
vn 0.957234 -0.273786 -0.093509
vn 0.957234 -0.273786 -0.093509
vn 0.957276 0.096886 -0.272463
vn 0.990238 0.076941 -0.116226
vn 0.957234 -0.273786 -0.093509
vn 0.990238 0.076941 -0.116226
vn 0.976235 -0.215848 0.019372
vn 0.957276 0.096886 -0.272463
vn 0.701283 0.556292 -0.445805
vn 0.733576 0.599103 -0.320846
vn 0.957276 0.096886 -0.272463
vn 0.733576 0.599103 -0.320846
vn 0.990238 0.076941 -0.116226
vn 0.469209 0.819654 -0.328649
vn 0.701283 0.556292 -0.445805
vn 0.524723 0.739273 -0.422068
vn 0.701283 0.556292 -0.445805
vn 0.469209 0.819654 -0.328649
vn 0.733576 0.599103 -0.320846
vn 0.469209 0.819654 -0.328649
vn 0.524723 0.739273 -0.422068
vn 0.393636 0.871021 -0.293895
vn 0.393636 0.871021 -0.293895
vn 0.524723 0.739273 -0.422068
vn 0.498988 0.803060 -0.325738
vn 0.733576 0.599103 -0.320846
vn 0.469209 0.819654 -0.328649
vn 0.785721 0.570721 -0.238579
vn 0.733576 0.599103 -0.320846
vn 0.785721 0.570721 -0.238579
vn 0.990238 0.076941 -0.116226
vn 0.393636 0.871021 -0.293895
vn 0.498988 0.803060 -0.325738
vn 0.617623 0.756689 -0.214391
vn 0.995726 0.084667 0.036890
vn 0.976235 -0.215848 0.019372
vn 0.990238 0.076941 -0.116226
vn 0.995726 0.084667 0.036890
vn 0.990238 0.076941 -0.116226
vn 0.785721 0.570721 -0.238579
vn 0.976235 -0.215848 0.019372
vn 0.995726 0.084667 0.036890
vn 0.991520 -0.074246 0.106655
vn 0.785721 0.570721 -0.238579
vn 0.469209 0.819654 -0.328649
vn 0.486761 0.763626 -0.424192
vn 0.486761 0.763626 -0.424192
vn 0.469209 0.819654 -0.328649
vn 0.393636 0.871021 -0.293895
vn 0.995726 0.084667 0.036890
vn 0.785721 0.570721 -0.238579
vn 0.866264 0.485261 -0.118783
vn 0.866264 0.485261 -0.118783
vn 0.785721 0.570721 -0.238579
vn 0.486761 0.763626 -0.424192
vn 0.991520 -0.074246 0.106655
vn 0.995726 0.084667 0.036890
vn 0.971704 0.163524 0.170445
vn 0.971704 0.163524 0.170445
vn 0.995726 0.084667 0.036890
vn 0.866264 0.485261 -0.118783
vn 0.991520 -0.074246 0.106655
vn 0.971704 0.163524 0.170445
vn 0.981875 0.049579 0.182933
vn 0.981875 0.049579 0.182933
vn 0.971704 0.163524 0.170445
vn 0.970163 0.171166 0.171717
vn 0.981875 0.049579 0.182933
vn 0.970163 0.171166 0.171717
vn 0.981711 0.093021 0.166105
vn 0.971704 0.163524 0.170445
vn 0.866264 0.485261 -0.118783
vn 0.944326 0.327650 0.029895
vn 0.971704 0.163524 0.170445
vn 0.944326 0.327650 0.029895
vn 0.970163 0.171166 0.171717
vn 0.866264 0.485261 -0.118783
vn 0.486761 0.763626 -0.424192
vn 0.645823 0.645723 -0.407374
vn 0.866264 0.485261 -0.118783
vn 0.645823 0.645723 -0.407374
vn 0.944326 0.327650 0.029895
vn 0.645823 0.645723 -0.407374
vn 0.486761 0.763626 -0.424192
vn 0.327403 0.801128 -0.501001
vn 0.327403 0.801128 -0.501001
vn 0.486761 0.763626 -0.424192
vn 0.393636 0.871021 -0.293895
vn 0.944326 0.327650 0.029895
vn 0.645823 0.645723 -0.407374
vn 0.715288 0.662154 -0.223418
vn 0.327403 0.801128 -0.501001
vn 0.393636 0.871021 -0.293895
vn 0.534098 0.831874 -0.150747
vn 0.534098 0.831874 -0.150747
vn 0.393636 0.871021 -0.293895
vn 0.617623 0.756689 -0.214391
vn 0.534098 0.831874 -0.150747
vn 0.617623 0.756689 -0.214391
vn 0.711387 0.661349 -0.237795
vn 0.645823 0.645723 -0.407374
vn 0.327403 0.801128 -0.501001
vn 0.334293 0.778136 -0.531745
vn 0.645823 0.645723 -0.407374
vn 0.334293 0.778136 -0.531745
vn 0.715288 0.662154 -0.223418
vn 0.327403 0.801128 -0.501001
vn 0.534098 0.831874 -0.150747
vn 0.446791 0.770232 -0.455105
vn 0.327403 0.801128 -0.501001
vn 0.446791 0.770232 -0.455105
vn 0.334293 0.778136 -0.531745
vn 0.534098 0.831874 -0.150747
vn 0.711387 0.661349 -0.237795
vn 0.697448 0.716616 -0.005249
vn 0.534098 0.831874 -0.150747
vn 0.697448 0.716616 -0.005249
vn 0.446791 0.770232 -0.455105
vn 0.697448 0.716616 -0.005249
vn 0.711387 0.661349 -0.237795
vn 0.575885 0.711741 -0.402221
vn 0.334293 0.778136 -0.531745
vn 0.446791 0.770232 -0.455105
vn 0.449669 0.742421 -0.496598
vn 0.446791 0.770232 -0.455105
vn 0.697448 0.716616 -0.005249
vn 0.641051 0.671628 -0.371444
vn 0.446791 0.770232 -0.455105
vn 0.641051 0.671628 -0.371444
vn 0.449669 0.742421 -0.496598
vn 0.697448 0.716616 -0.005249
vn 0.575885 0.711741 -0.402221
vn 0.606742 0.794234 0.032510
vn 0.697448 0.716616 -0.005249
vn 0.606742 0.794234 0.032510
vn 0.641051 0.671628 -0.371444
vn 0.606742 0.794234 0.032510
vn 0.575885 0.711741 -0.402221
vn 0.236684 0.829207 -0.506356
vn 0.236684 0.829207 -0.506356
vn 0.575885 0.711741 -0.402221
vn 0.087621 0.243994 -0.965810
vn 0.236684 0.829207 -0.506356
vn 0.087621 0.243994 -0.965810
vn -0.121721 0.820285 -0.558854
vn 0.606742 0.794234 0.032510
vn 0.236684 0.829207 -0.506356
vn 0.285663 0.956309 -0.062200
vn 0.285663 0.956309 -0.062200
vn 0.236684 0.829207 -0.506356
vn -0.121721 0.820285 -0.558854
vn 0.641051 0.671628 -0.371444
vn 0.606742 0.794234 0.032510
vn 0.601168 0.711397 -0.364022
vn 0.601168 0.711397 -0.364022
vn 0.606742 0.794234 0.032510
vn 0.285663 0.956309 -0.062200
vn 0.593647 0.666941 -0.450303
vn 0.449669 0.742421 -0.496598
vn 0.641051 0.671628 -0.371444
vn 0.593647 0.666941 -0.450303
vn 0.641051 0.671628 -0.371444
vn 0.601168 0.711397 -0.364022
vn 0.285663 0.956309 -0.062200
vn -0.121721 0.820285 -0.558854
vn -0.157450 0.978947 -0.129892
vn 0.449669 0.742421 -0.496598
vn 0.593647 0.666941 -0.450303
vn 0.449854 0.862419 -0.232086
vn 0.449669 0.742421 -0.496598
vn 0.449854 0.862419 -0.232086
vn 0.334293 0.778136 -0.531745
vn -0.157450 0.978947 -0.129892
vn -0.121721 0.820285 -0.558854
vn -0.358908 0.721321 -0.592352
vn 0.334293 0.778136 -0.531745
vn 0.449854 0.862419 -0.232086
vn 0.280149 0.919450 -0.275912
vn 0.334293 0.778136 -0.531745
vn 0.280149 0.919450 -0.275912
vn 0.715288 0.662154 -0.223418
vn 0.449854 0.862419 -0.232086
vn 0.593647 0.666941 -0.450303
vn 0.588938 0.798348 -0.125667
vn 0.280149 0.919450 -0.275912
vn 0.449854 0.862419 -0.232086
vn 0.379001 0.924033 0.050206
vn 0.379001 0.924033 0.050206
vn 0.449854 0.862419 -0.232086
vn 0.588938 0.798348 -0.125667
vn 0.715288 0.662154 -0.223418
vn 0.280149 0.919450 -0.275912
vn 0.227279 0.973642 -0.019118
vn 0.227279 0.973642 -0.019118
vn 0.280149 0.919450 -0.275912
vn 0.379001 0.924033 0.050206
vn 0.588938 0.798348 -0.125667
vn 0.593647 0.666941 -0.450303
vn 0.498851 0.781967 -0.373733
vn 0.498851 0.781967 -0.373733
vn 0.593647 0.666941 -0.450303
vn 0.601168 0.711397 -0.364022
vn 0.280181 0.879322 -0.385086
vn 0.601168 0.711397 -0.364022
vn 0.285663 0.956309 -0.062200
vn 0.601168 0.711397 -0.364022
vn 0.280181 0.879322 -0.385086
vn 0.498851 0.781967 -0.373733
vn 0.280181 0.879322 -0.385086
vn 0.285663 0.956309 -0.062200
vn -0.157450 0.978947 -0.129892
vn 0.588938 0.798348 -0.125667
vn 0.498851 0.781967 -0.373733
vn 0.425334 0.904981 -0.010069
vn 0.498851 0.781967 -0.373733
vn 0.280181 0.879322 -0.385086
vn 0.165378 0.935906 -0.311014
vn 0.498851 0.781967 -0.373733
vn 0.165378 0.935906 -0.311014
vn 0.425334 0.904981 -0.010069
vn 0.280181 0.879322 -0.385086
vn -0.157450 0.978947 -0.129892
vn -0.167219 0.919732 -0.355150
vn 0.280181 0.879322 -0.385086
vn -0.167219 0.919732 -0.355150
vn 0.165378 0.935906 -0.311014
vn -0.167219 0.919732 -0.355150
vn -0.157450 0.978947 -0.129892
vn -0.508244 0.808135 -0.297668
vn 0.165378 0.935906 -0.311014
vn -0.167219 0.919732 -0.355150
vn -0.235859 0.937716 -0.255066
vn 0.165378 0.935906 -0.311014
vn -0.235859 0.937716 -0.255066
vn 0.037534 0.999289 -0.003490
vn 0.165378 0.935906 -0.311014
vn 0.037534 0.999289 -0.003490
vn 0.425334 0.904981 -0.010069
vn -0.235859 0.937716 -0.255066
vn -0.167219 0.919732 -0.355150
vn -0.542789 0.808818 -0.226261
vn -0.542789 0.808818 -0.226261
vn -0.167219 0.919732 -0.355150
vn -0.508244 0.808135 -0.297668
vn 0.037534 0.999289 -0.003490
vn -0.235859 0.937716 -0.255066
vn -0.322025 0.946568 0.017562
vn -0.322025 0.946568 0.017562
vn -0.235859 0.937716 -0.255066
vn -0.542789 0.808818 -0.226261
vn 0.425334 0.904981 -0.010069
vn 0.037534 0.999289 -0.003490
vn 0.144273 0.974080 0.174221
vn 0.037534 0.999289 -0.003490
vn -0.322025 0.946568 0.017562
vn -0.135885 0.966549 0.217527
vn 0.037534 0.999289 -0.003490
vn -0.135885 0.966549 0.217527
vn 0.144273 0.974080 0.174221
vn -0.322025 0.946568 0.017562
vn -0.542789 0.808818 -0.226261
vn -0.591899 0.805337 -0.032979
vn -0.542789 0.808818 -0.226261
vn -0.508244 0.808135 -0.297668
vn -0.648679 0.737810 -0.186687
vn -0.542789 0.808818 -0.226261
vn -0.648679 0.737810 -0.186687
vn -0.591899 0.805337 -0.032979
vn -0.135885 0.966549 0.217527
vn -0.322025 0.946568 0.017562
vn -0.365139 0.913223 0.180824
vn -0.365139 0.913223 0.180824
vn -0.322025 0.946568 0.017562
vn -0.591899 0.805337 -0.032979
vn -0.365139 0.913223 0.180824
vn -0.591899 0.805337 -0.032979
vn -0.603963 0.787252 0.124350
vn -0.365139 0.913223 0.180824
vn -0.603963 0.787252 0.124350
vn -0.355998 0.847810 0.393045
vn -0.603963 0.787252 0.124350
vn -0.591899 0.805337 -0.032979
vn -0.667256 0.743178 -0.049553
vn -0.667256 0.743178 -0.049553
vn -0.591899 0.805337 -0.032979
vn -0.648679 0.737810 -0.186687
vn -0.603963 0.787252 0.124350
vn -0.667256 0.743178 -0.049553
vn -0.604361 0.796394 0.022466
vn -0.604361 0.796394 0.022466
vn -0.667256 0.743178 -0.049553
vn -0.057591 0.997439 -0.042406
vn -0.365139 0.913223 0.180824
vn -0.355998 0.847810 0.393045
vn -0.159474 0.909616 0.383623
vn -0.365139 0.913223 0.180824
vn -0.159474 0.909616 0.383623
vn -0.135885 0.966549 0.217527
vn -0.159474 0.909616 0.383623
vn -0.355998 0.847810 0.393045
vn -0.179106 0.833609 0.522510
vn -0.057591 0.997439 -0.042406
vn -0.667256 0.743178 -0.049553
vn -0.124593 0.977368 -0.170965
vn -0.124593 0.977368 -0.170965
vn -0.667256 0.743178 -0.049553
vn -0.648679 0.737810 -0.186687
vn -0.159474 0.909616 0.383623
vn -0.179106 0.833609 0.522510
vn 0.008704 0.860265 0.509773
vn 0.008704 0.860265 0.509773
vn -0.179106 0.833609 0.522510
vn 0.012261 0.837890 0.545701
vn -0.135885 0.966549 0.217527
vn -0.159474 0.909616 0.383623
vn 0.077695 0.929796 0.359781
vn 0.077695 0.929796 0.359781
vn -0.159474 0.909616 0.383623
vn 0.008704 0.860265 0.509773
vn -0.135885 0.966549 0.217527
vn 0.077695 0.929796 0.359781
vn 0.144273 0.974080 0.174221
vn 0.008704 0.860265 0.509773
vn 0.012261 0.837890 0.545701
vn 0.111145 0.818552 0.563578
vn 0.144273 0.974080 0.174221
vn 0.077695 0.929796 0.359781
vn 0.342490 0.899675 0.270713
vn 0.077695 0.929796 0.359781
vn 0.008704 0.860265 0.509773
vn 0.241827 0.848931 0.469932
vn 0.241827 0.848931 0.469932
vn 0.008704 0.860265 0.509773
vn 0.111145 0.818552 0.563578
vn 0.077695 0.929796 0.359781
vn 0.241827 0.848931 0.469932
vn 0.342490 0.899675 0.270713
vn 0.144273 0.974080 0.174221
vn 0.342490 0.899675 0.270713
vn 0.425334 0.904981 -0.010069
vn 0.241827 0.848931 0.469932
vn 0.111145 0.818552 0.563578
vn 0.346817 0.871712 0.346174
vn 0.241827 0.848931 0.469932
vn 0.346817 0.871712 0.346174
vn 0.342490 0.899675 0.270713
vn 0.425334 0.904981 -0.010069
vn 0.342490 0.899675 0.270713
vn 0.489302 0.857831 0.157191
vn 0.489302 0.857831 0.157191
vn 0.342490 0.899675 0.270713
vn 0.346817 0.871712 0.346174
vn 0.425334 0.904981 -0.010069
vn 0.489302 0.857831 0.157191
vn 0.588938 0.798348 -0.125667
vn 0.588938 0.798348 -0.125667
vn 0.489302 0.857831 0.157191
vn 0.379001 0.924033 0.050206
vn 0.379001 0.924033 0.050206
vn 0.489302 0.857831 0.157191
vn 0.306270 0.926250 0.219683
vn 0.306270 0.926250 0.219683
vn 0.489302 0.857831 0.157191
vn 0.346817 0.871712 0.346174
vn 0.379001 0.924033 0.050206
vn 0.306270 0.926250 0.219683
vn 0.227279 0.973642 -0.019118
vn 0.169013 0.863398 0.475372
vn 0.346817 0.871712 0.346174
vn 0.111145 0.818552 0.563578
vn 0.169013 0.863398 0.475372
vn 0.111145 0.818552 0.563578
vn 0.125036 0.931079 0.342722
vn 0.169013 0.863398 0.475372
vn 0.125036 0.931079 0.342722
vn 0.159087 0.914920 0.370962
vn 0.169013 0.863398 0.475372
vn 0.159087 0.914920 0.370962
vn 0.222013 0.883027 0.413489
vn 0.169013 0.863398 0.475372
vn 0.222013 0.883027 0.413489
vn 0.346817 0.871712 0.346174
vn 0.346817 0.871712 0.346174
vn 0.222013 0.883027 0.413489
vn 0.306270 0.926250 0.219683
vn 0.306270 0.926250 0.219683
vn 0.222013 0.883027 0.413489
vn 0.247181 0.886756 0.390596
vn 0.306270 0.926250 0.219683
vn 0.247181 0.886756 0.390596
vn 0.193750 0.958192 0.210545
vn 0.306270 0.926250 0.219683
vn 0.193750 0.958192 0.210545
vn 0.227279 0.973642 -0.019118
vn 0.193750 0.958192 0.210545
vn 0.247181 0.886756 0.390596
vn 0.727482 0.611546 0.311097
vn 0.227279 0.973642 -0.019118
vn 0.193750 0.958192 0.210545
vn 0.740183 0.672059 -0.021603
vn 0.227279 0.973642 -0.019118
vn 0.740183 0.672059 -0.021603
vn 0.715288 0.662154 -0.223418
vn 0.193750 0.958192 0.210545
vn 0.727482 0.611546 0.311097
vn 0.713436 0.668566 0.209830
vn 0.193750 0.958192 0.210545
vn 0.713436 0.668566 0.209830
vn 0.740183 0.672059 -0.021603
vn 0.715288 0.662154 -0.223418
vn 0.740183 0.672059 -0.021603
vn 0.982899 0.178682 0.044520
vn 0.982899 0.178682 0.044520
vn 0.740183 0.672059 -0.021603
vn 0.713436 0.668566 0.209830
vn 0.715288 0.662154 -0.223418
vn 0.982899 0.178682 0.044520
vn 0.944326 0.327650 0.029895
vn 0.944326 0.327650 0.029895
vn 0.982899 0.178682 0.044520
vn 0.970163 0.171166 0.171717
vn 0.982899 0.178682 0.044520
vn 0.713436 0.668566 0.209830
vn 0.985916 0.138318 0.094013
vn 0.985916 0.138318 0.094013
vn 0.713436 0.668566 0.209830
vn 0.727482 0.611546 0.311097
vn 0.982899 0.178682 0.044520
vn 0.985916 0.138318 0.094013
vn 0.970163 0.171166 0.171717
vn 0.985916 0.138318 0.094013
vn 0.727482 0.611546 0.311097
vn 0.986028 0.150405 0.071599
vn 0.970163 0.171166 0.171717
vn 0.985916 0.138318 0.094013
vn 0.981711 0.093021 0.166105
vn 0.981711 0.093021 0.166105
vn 0.985916 0.138318 0.094013
vn 0.986028 0.150405 0.071599
vn -0.435770 0.851489 0.291671
vn -0.391287 0.679903 0.620183
vn -0.366641 0.722080 0.586664
vn -0.435770 0.851489 0.291671
vn -0.366641 0.722080 0.586664
vn -0.264902 0.926037 0.268854
vn -0.264902 0.926037 0.268854
vn -0.366641 0.722080 0.586664
vn -0.112573 0.969537 0.217543
vn -0.391287 0.679903 0.620183
vn -0.435770 0.851489 0.291671
vn -0.693225 0.685990 0.221038
vn -0.391287 0.679903 0.620183
vn -0.693225 0.685990 0.221038
vn -0.459417 0.706195 0.538725
vn -0.459417 0.706195 0.538725
vn -0.693225 0.685990 0.221038
vn -0.926159 0.356631 0.122657
vn -0.264902 0.926037 0.268854
vn -0.112573 0.969537 0.217543
vn -0.035984 0.978065 -0.205167
vn -0.926159 0.356631 0.122657
vn -0.693225 0.685990 0.221038
vn -0.648858 0.700450 -0.297242
vn -0.926159 0.356631 0.122657
vn -0.648858 0.700450 -0.297242
vn -0.896045 0.366549 -0.250490
vn -0.896045 0.366549 -0.250490
vn -0.648858 0.700450 -0.297242
vn -0.661134 0.721749 -0.204893
vn -0.648858 0.700450 -0.297242
vn -0.693225 0.685990 0.221038
vn -0.370219 0.889353 -0.268308
vn -0.648858 0.700450 -0.297242
vn -0.370219 0.889353 -0.268308
vn -0.661134 0.721749 -0.204893
vn -0.370219 0.889353 -0.268308
vn -0.693225 0.685990 0.221038
vn -0.435770 0.851489 0.291671
vn -0.191372 0.953986 -0.230842
vn -0.435770 0.851489 0.291671
vn -0.264902 0.926037 0.268854
vn -0.435770 0.851489 0.291671
vn -0.191372 0.953986 -0.230842
vn -0.370219 0.889353 -0.268308
vn -0.191372 0.953986 -0.230842
vn -0.264902 0.926037 0.268854
vn -0.035984 0.978065 -0.205167
vn -0.661134 0.721749 -0.204893
vn -0.370219 0.889353 -0.268308
vn -0.438331 0.893152 -0.100726
vn -0.438331 0.893152 -0.100726
vn -0.370219 0.889353 -0.268308
vn -0.191372 0.953986 -0.230842
vn -0.661134 0.721749 -0.204893
vn -0.438331 0.893152 -0.100726
vn -0.767168 0.611404 0.194006
vn -0.191372 0.953986 -0.230842
vn -0.035984 0.978065 -0.205167
vn -0.298965 0.954248 -0.005496
vn -0.191372 0.953986 -0.230842
vn -0.298965 0.954248 -0.005496
vn -0.438331 0.893152 -0.100726
vn -0.767168 0.611404 0.194006
vn -0.438331 0.893152 -0.100726
vn -0.535847 0.780520 0.321957
vn -0.535847 0.780520 0.321957
vn -0.438331 0.893152 -0.100726
vn -0.298965 0.954248 -0.005496
vn -0.767168 0.611404 0.194006
vn -0.535847 0.780520 0.321957
vn -0.762668 0.580703 0.284818
vn -0.298965 0.954248 -0.005496
vn -0.035984 0.978065 -0.205167
vn -0.129976 0.985494 0.109124
vn -0.129976 0.985494 0.109124
vn -0.035984 0.978065 -0.205167
vn 0.119676 0.975817 0.182916
vn -0.129976 0.985494 0.109124
vn 0.119676 0.975817 0.182916
vn -0.095240 0.858679 0.503587
vn -0.298965 0.954248 -0.005496
vn -0.129976 0.985494 0.109124
vn -0.377895 0.835217 0.399510
vn -0.377895 0.835217 0.399510
vn -0.129976 0.985494 0.109124
vn -0.095240 0.858679 0.503587
vn -0.298965 0.954248 -0.005496
vn -0.377895 0.835217 0.399510
vn -0.535847 0.780520 0.321957
vn -0.762668 0.580703 0.284818
vn -0.535847 0.780520 0.321957
vn -0.537233 0.749044 0.387704
vn -0.537233 0.749044 0.387704
vn -0.535847 0.780520 0.321957
vn -0.377895 0.835217 0.399510
vn -0.762668 0.580703 0.284818
vn -0.537233 0.749044 0.387704
vn -0.785419 0.591352 0.182809
vn -0.762668 0.580703 0.284818
vn -0.785419 0.591352 0.182809
vn -0.981155 0.150401 0.121304
vn -0.981155 0.150401 0.121304
vn -0.785419 0.591352 0.182809
vn -0.937912 0.346137 -0.022595
vn -0.377895 0.835217 0.399510
vn -0.095240 0.858679 0.503587
vn -0.165693 0.898585 0.406314
vn -0.165693 0.898585 0.406314
vn -0.095240 0.858679 0.503587
vn 0.146342 0.903697 0.402388
vn -0.537233 0.749044 0.387704
vn -0.377895 0.835217 0.399510
vn -0.407472 0.821980 0.397889
vn -0.407472 0.821980 0.397889
vn -0.377895 0.835217 0.399510
vn -0.165693 0.898585 0.406314
vn -0.785419 0.591352 0.182809
vn -0.537233 0.749044 0.387704
vn -0.546934 0.800361 0.245532
vn -0.546934 0.800361 0.245532
vn -0.537233 0.749044 0.387704
vn -0.407472 0.821980 0.397889
vn -0.937912 0.346137 -0.022595
vn -0.785419 0.591352 0.182809
vn -0.813084 0.579229 -0.058211
vn -0.813084 0.579229 -0.058211
vn -0.785419 0.591352 0.182809
vn -0.546934 0.800361 0.245532
vn -0.937912 0.346137 -0.022595
vn -0.813084 0.579229 -0.058211
vn -0.805605 0.555657 -0.205537
vn -0.937912 0.346137 -0.022595
vn -0.805605 0.555657 -0.205537
vn -0.891890 0.448994 -0.054188
vn -0.813084 0.579229 -0.058211
vn -0.546934 0.800361 0.245532
vn -0.598257 0.800907 -0.025246
vn -0.813084 0.579229 -0.058211
vn -0.598257 0.800907 -0.025246
vn -0.805605 0.555657 -0.205537
vn -0.546934 0.800361 0.245532
vn -0.407472 0.821980 0.397889
vn -0.400401 0.879919 0.255778
vn -0.546934 0.800361 0.245532
vn -0.400401 0.879919 0.255778
vn -0.598257 0.800907 -0.025246
vn -0.400401 0.879919 0.255778
vn -0.407472 0.821980 0.397889
vn -0.150042 0.954913 0.256182
vn -0.150042 0.954913 0.256182
vn -0.407472 0.821980 0.397889
vn -0.165693 0.898585 0.406314
vn -0.598257 0.800907 -0.025246
vn -0.400401 0.879919 0.255778
vn -0.425701 0.904400 0.028956
vn -0.150042 0.954913 0.256182
vn -0.165693 0.898585 0.406314
vn 0.152014 0.966946 0.204711
vn 0.152014 0.966946 0.204711
vn -0.165693 0.898585 0.406314
vn 0.146342 0.903697 0.402388
vn -0.400401 0.879919 0.255778
vn -0.150042 0.954913 0.256182
vn -0.145483 0.988299 0.045820
vn -0.400401 0.879919 0.255778
vn -0.145483 0.988299 0.045820
vn -0.425701 0.904400 0.028956
vn -0.150042 0.954913 0.256182
vn 0.152014 0.966946 0.204711
vn 0.177203 0.984056 0.015241
vn -0.150042 0.954913 0.256182
vn 0.177203 0.984056 0.015241
vn -0.145483 0.988299 0.045820
vn 0.152014 0.966946 0.204711
vn 0.146342 0.903697 0.402388
vn 0.460019 0.870364 0.175637
vn 0.460019 0.870364 0.175637
vn 0.146342 0.903697 0.402388
vn 0.464864 0.781447 0.416225
vn 0.460019 0.870364 0.175637
vn 0.464864 0.781447 0.416225
vn 0.643618 0.734872 0.213818
vn 0.152014 0.966946 0.204711
vn 0.460019 0.870364 0.175637
vn 0.460569 0.887521 -0.013503
vn 0.152014 0.966946 0.204711
vn 0.460569 0.887521 -0.013503
vn 0.177203 0.984056 0.015241
vn 0.460019 0.870364 0.175637
vn 0.643618 0.734872 0.213818
vn 0.629554 0.776893 -0.009951
vn 0.460019 0.870364 0.175637
vn 0.629554 0.776893 -0.009951
vn 0.460569 0.887521 -0.013503
vn 0.629554 0.776893 -0.009951
vn 0.643618 0.734872 0.213818
vn 0.185282 0.974623 0.125623
vn 0.177203 0.984056 0.015241
vn 0.460569 0.887521 -0.013503
vn 0.466479 0.861364 -0.201119
vn 0.201619 0.954034 -0.221739
vn -0.145483 0.988299 0.045820
vn 0.177203 0.984056 0.015241
vn 0.201619 0.954034 -0.221739
vn 0.177203 0.984056 0.015241
vn 0.466479 0.861364 -0.201119
vn 0.460569 0.887521 -0.013503
vn 0.629554 0.776893 -0.009951
vn 0.601107 0.782859 -0.160633
vn 0.460569 0.887521 -0.013503
vn 0.601107 0.782859 -0.160633
vn 0.466479 0.861364 -0.201119
vn 0.629554 0.776893 -0.009951
vn 0.185282 0.974623 0.125623
vn 0.135198 0.989746 -0.046090
vn 0.629554 0.776893 -0.009951
vn 0.135198 0.989746 -0.046090
vn 0.601107 0.782859 -0.160633
vn 0.135198 0.989746 -0.046090
vn 0.185282 0.974623 0.125623
vn -0.306222 0.951771 0.018956
vn -0.306222 0.951771 0.018956
vn 0.185282 0.974623 0.125623
vn -0.336441 0.926833 0.166699
vn -0.306222 0.951771 0.018956
vn -0.336441 0.926833 0.166699
vn 0.085103 0.996364 -0.004122
vn -0.306222 0.951771 0.018956
vn 0.085103 0.996364 -0.004122
vn 0.130791 0.975861 -0.174898
vn 0.130791 0.975861 -0.174898
vn 0.085103 0.996364 -0.004122
vn 0.450772 0.892554 -0.012305
vn 0.135198 0.989746 -0.046090
vn -0.306222 0.951771 0.018956
vn -0.266200 0.958617 -0.100949
vn -0.266200 0.958617 -0.100949
vn -0.306222 0.951771 0.018956
vn 0.130791 0.975861 -0.174898
vn 0.122118 0.986248 -0.111367
vn 0.601107 0.782859 -0.160633
vn 0.135198 0.989746 -0.046090
vn 0.122118 0.986248 -0.111367
vn 0.135198 0.989746 -0.046090
vn -0.266200 0.958617 -0.100949
vn 0.601107 0.782859 -0.160633
vn 0.122118 0.986248 -0.111367
vn 0.504333 0.793710 -0.340107
vn 0.601107 0.782859 -0.160633
vn 0.504333 0.793710 -0.340107
vn 0.466479 0.861364 -0.201119
vn 0.130791 0.975861 -0.174898
vn 0.450772 0.892554 -0.012305
vn 0.435607 0.886553 -0.155786
vn 0.435607 0.886553 -0.155786
vn 0.450772 0.892554 -0.012305
vn -0.057591 0.997439 -0.042406
vn 0.435607 0.886553 -0.155786
vn -0.057591 0.997439 -0.042406
vn -0.124593 0.977368 -0.170965
vn 0.130791 0.975861 -0.174898
vn 0.435607 0.886553 -0.155786
vn 0.202945 0.949637 -0.238754
vn 0.130791 0.975861 -0.174898
vn 0.202945 0.949637 -0.238754
vn -0.266200 0.958617 -0.100949
vn 0.435607 0.886553 -0.155786
vn -0.124593 0.977368 -0.170965
vn 0.388164 0.897333 -0.210054
vn 0.435607 0.886553 -0.155786
vn 0.388164 0.897333 -0.210054
vn 0.202945 0.949637 -0.238754
vn 0.388164 0.897333 -0.210054
vn -0.124593 0.977368 -0.170965
vn -0.115884 0.975321 -0.187937
vn -0.115884 0.975321 -0.187937
vn -0.124593 0.977368 -0.170965
vn -0.611779 0.758756 -0.223641
vn -0.611779 0.758756 -0.223641
vn -0.124593 0.977368 -0.170965
vn -0.648679 0.737810 -0.186687
vn -0.611779 0.758756 -0.223641
vn -0.648679 0.737810 -0.186687
vn -0.508244 0.808135 -0.297668
vn -0.611779 0.758756 -0.223641
vn -0.508244 0.808135 -0.297668
vn -0.489111 0.863784 -0.121030
vn -0.489111 0.863784 -0.121030
vn -0.508244 0.808135 -0.297668
vn -0.157450 0.978947 -0.129892
vn -0.489111 0.863784 -0.121030
vn -0.157450 0.978947 -0.129892
vn -0.358908 0.721321 -0.592352
vn -0.489111 0.863784 -0.121030
vn -0.358908 0.721321 -0.592352
vn -0.443050 0.738979 -0.507561
vn -0.611779 0.758756 -0.223641
vn -0.489111 0.863784 -0.121030
vn -0.575071 0.817555 -0.029973
vn -0.575071 0.817555 -0.029973
vn -0.489111 0.863784 -0.121030
vn -0.443050 0.738979 -0.507561
vn -0.611779 0.758756 -0.223641
vn -0.575071 0.817555 -0.029973
vn -0.115884 0.975321 -0.187937
vn -0.575071 0.817555 -0.029973
vn -0.443050 0.738979 -0.507561
vn -0.120747 0.927372 -0.354121
vn -0.115884 0.975321 -0.187937
vn -0.575071 0.817555 -0.029973
vn -0.168812 0.984596 0.045532
vn -0.168812 0.984596 0.045532
vn -0.575071 0.817555 -0.029973
vn -0.120747 0.927372 -0.354121
vn -0.115884 0.975321 -0.187937
vn -0.168812 0.984596 0.045532
vn 0.388164 0.897333 -0.210054
vn -0.168812 0.984596 0.045532
vn -0.120747 0.927372 -0.354121
vn 0.258627 0.965901 -0.012142
vn -0.168812 0.984596 0.045532
vn 0.258627 0.965901 -0.012142
vn 0.388164 0.897333 -0.210054
vn 0.258627 0.965901 -0.012142
vn -0.120747 0.927372 -0.354121
vn 0.252393 0.867687 -0.428272
vn 0.388164 0.897333 -0.210054
vn 0.258627 0.965901 -0.012142
vn 0.202945 0.949637 -0.238754
vn 0.258627 0.965901 -0.012142
vn 0.252393 0.867687 -0.428272
vn 0.260392 0.964803 -0.036751
vn 0.258627 0.965901 -0.012142
vn 0.260392 0.964803 -0.036751
vn 0.202945 0.949637 -0.238754
vn 0.260392 0.964803 -0.036751
vn 0.252393 0.867687 -0.428272
vn 0.140789 0.861218 -0.488347
vn 0.140789 0.861218 -0.488347
vn 0.252393 0.867687 -0.428272
vn -0.098931 0.256704 -0.961414
vn 0.140789 0.861218 -0.488347
vn -0.098931 0.256704 -0.961414
vn -0.256626 0.849052 -0.461794
vn 0.140789 0.861218 -0.488347
vn -0.256626 0.849052 -0.461794
vn 0.260392 0.964803 -0.036751
vn -0.256626 0.849052 -0.461794
vn -0.098931 0.256704 -0.961414
vn -0.308814 0.172236 -0.935398
vn -0.256626 0.849052 -0.461794
vn -0.308814 0.172236 -0.935398
vn -0.191115 0.766314 -0.613383
vn 0.260392 0.964803 -0.036751
vn -0.256626 0.849052 -0.461794
vn -0.143182 0.985600 -0.089954
vn 0.260392 0.964803 -0.036751
vn -0.143182 0.985600 -0.089954
vn 0.202945 0.949637 -0.238754
vn -0.143182 0.985600 -0.089954
vn -0.256626 0.849052 -0.461794
vn -0.191115 0.766314 -0.613383
vn 0.202945 0.949637 -0.238754
vn -0.143182 0.985600 -0.089954
vn -0.172215 0.973984 -0.147303
vn 0.202945 0.949637 -0.238754
vn -0.172215 0.973984 -0.147303
vn -0.266200 0.958617 -0.100949
vn -0.266200 0.958617 -0.100949
vn -0.172215 0.973984 -0.147303
vn 0.122118 0.986248 -0.111367
vn -0.172215 0.973984 -0.147303
vn -0.143182 0.985600 -0.089954
vn -0.136765 0.961837 -0.236993
vn -0.136765 0.961837 -0.236993
vn -0.143182 0.985600 -0.089954
vn -0.191115 0.766314 -0.613383
vn 0.122118 0.986248 -0.111367
vn -0.172215 0.973984 -0.147303
vn 0.033922 0.983056 -0.180139
vn 0.033922 0.983056 -0.180139
vn -0.172215 0.973984 -0.147303
vn -0.136765 0.961837 -0.236993
vn 0.122118 0.986248 -0.111367
vn 0.033922 0.983056 -0.180139
vn 0.504333 0.793710 -0.340107
vn -0.136765 0.961837 -0.236993
vn -0.191115 0.766314 -0.613383
vn 0.167166 0.932218 -0.320975
vn 0.167166 0.932218 -0.320975
vn -0.191115 0.766314 -0.613383
vn 0.349090 0.816123 -0.460521
vn 0.033922 0.983056 -0.180139
vn -0.136765 0.961837 -0.236993
vn 0.275945 0.860875 -0.427491
vn 0.275945 0.860875 -0.427491
vn -0.136765 0.961837 -0.236993
vn 0.167166 0.932218 -0.320975
vn 0.033922 0.983056 -0.180139
vn 0.275945 0.860875 -0.427491
vn 0.504333 0.793710 -0.340107
vn 0.167166 0.932218 -0.320975
vn 0.349090 0.816123 -0.460521
vn 0.382427 0.918282 -0.102511
vn 0.275945 0.860875 -0.427491
vn 0.167166 0.932218 -0.320975
vn 0.330015 0.788485 -0.519019
vn 0.330015 0.788485 -0.519019
vn 0.167166 0.932218 -0.320975
vn 0.382427 0.918282 -0.102511
vn 0.275945 0.860875 -0.427491
vn 0.330015 0.788485 -0.519019
vn 0.504333 0.793710 -0.340107
vn 0.330015 0.788485 -0.519019
vn 0.382427 0.918282 -0.102511
vn 0.212882 0.826271 -0.521496
vn 0.504333 0.793710 -0.340107
vn 0.330015 0.788485 -0.519019
vn 0.418379 0.764904 -0.489776
vn 0.418379 0.764904 -0.489776
vn 0.330015 0.788485 -0.519019
vn 0.212882 0.826271 -0.521496
vn 0.504333 0.793710 -0.340107
vn 0.418379 0.764904 -0.489776
vn 0.466479 0.861364 -0.201119
vn 0.466479 0.861364 -0.201119
vn 0.418379 0.764904 -0.489776
vn 0.201619 0.954034 -0.221739
vn 0.418379 0.764904 -0.489776
vn 0.212882 0.826271 -0.521496
vn 0.208397 0.814578 -0.541326
vn 0.418379 0.764904 -0.489776
vn 0.208397 0.814578 -0.541326
vn 0.201619 0.954034 -0.221739
vn 0.208397 0.814578 -0.541326
vn 0.212882 0.826271 -0.521496
vn 0.002696 0.799039 -0.601273
vn 0.002696 0.799039 -0.601273
vn 0.212882 0.826271 -0.521496
vn -0.115101 0.973443 -0.197888
vn 0.002696 0.799039 -0.601273
vn -0.115101 0.973443 -0.197888
vn -0.248141 0.846066 -0.471803
vn 0.002696 0.799039 -0.601273
vn -0.248141 0.846066 -0.471803
vn -0.206405 0.762657 -0.612986
vn -0.206405 0.762657 -0.612986
vn -0.248141 0.846066 -0.471803
vn -0.274233 0.815831 -0.509133
vn 0.208397 0.814578 -0.541326
vn 0.002696 0.799039 -0.601273
vn -0.080182 0.813717 -0.575704
vn -0.080182 0.813717 -0.575704
vn 0.002696 0.799039 -0.601273
vn -0.206405 0.762657 -0.612986
vn -0.112844 0.964343 -0.239393
vn 0.201619 0.954034 -0.221739
vn 0.208397 0.814578 -0.541326
vn -0.112844 0.964343 -0.239393
vn 0.208397 0.814578 -0.541326
vn -0.080182 0.813717 -0.575704
vn 0.201619 0.954034 -0.221739
vn -0.112844 0.964343 -0.239393
vn -0.145483 0.988299 0.045820
vn -0.145483 0.988299 0.045820
vn -0.112844 0.964343 -0.239393
vn -0.425701 0.904400 0.028956
vn -0.112844 0.964343 -0.239393
vn -0.080182 0.813717 -0.575704
vn -0.453005 0.852964 -0.259303
vn -0.112844 0.964343 -0.239393
vn -0.453005 0.852964 -0.259303
vn -0.425701 0.904400 0.028956
vn -0.080182 0.813717 -0.575704
vn -0.206405 0.762657 -0.612986
vn -0.390238 0.749698 -0.534479
vn -0.080182 0.813717 -0.575704
vn -0.390238 0.749698 -0.534479
vn -0.453005 0.852964 -0.259303
vn -0.425701 0.904400 0.028956
vn -0.453005 0.852964 -0.259303
vn -0.638851 0.723080 -0.262726
vn -0.638851 0.723080 -0.262726
vn -0.453005 0.852964 -0.259303
vn -0.390238 0.749698 -0.534479
vn -0.425701 0.904400 0.028956
vn -0.638851 0.723080 -0.262726
vn -0.598257 0.800907 -0.025246
vn -0.598257 0.800907 -0.025246
vn -0.638851 0.723080 -0.262726
vn -0.805605 0.555657 -0.205537
vn -0.638851 0.723080 -0.262726
vn -0.390238 0.749698 -0.534479
vn -0.548169 0.701407 -0.455565
vn -0.638851 0.723080 -0.262726
vn -0.548169 0.701407 -0.455565
vn -0.805605 0.555657 -0.205537
vn -0.548169 0.701407 -0.455565
vn -0.390238 0.749698 -0.534479
vn -0.206405 0.762657 -0.612986
vn -0.805605 0.555657 -0.205537
vn -0.548169 0.701407 -0.455565
vn -0.715828 0.630833 -0.299399
vn -0.805605 0.555657 -0.205537
vn -0.715828 0.630833 -0.299399
vn -0.891890 0.448994 -0.054188
vn -0.891890 0.448994 -0.054188
vn -0.715828 0.630833 -0.299399
vn -0.822393 0.550776 -0.142534
vn -0.822393 0.550776 -0.142534
vn -0.715828 0.630833 -0.299399
vn -0.565762 0.745425 -0.352499
vn -0.715828 0.630833 -0.299399
vn -0.548169 0.701407 -0.455565
vn -0.399382 0.758604 -0.514795
vn -0.715828 0.630833 -0.299399
vn -0.399382 0.758604 -0.514795
vn -0.565762 0.745425 -0.352499
vn -0.399382 0.758604 -0.514795
vn -0.548169 0.701407 -0.455565
vn -0.206405 0.762657 -0.612986
vn -0.565762 0.745425 -0.352499
vn -0.399382 0.758604 -0.514795
vn -0.274233 0.815831 -0.509133
vn -0.274233 0.815831 -0.509133
vn -0.399382 0.758604 -0.514795
vn -0.206405 0.762657 -0.612986
s off
g SM_Dantooine_Hillock_Cluster_A:geometry_0
usemtl initialShadingGroup
f 1//1 2//2 3//3
f 1//4 3//5 4//6
f 2//7 1//8 5//9
f 4//10 3//11 6//12
f 4//13 6//14 7//15
f 3//16 2//17 8//18
f 3//19 8//20 6//21
f 2//22 5//23 9//24
f 7//25 6//26 10//27
f 9//28 5//29 11//30
f 7//31 10//32 12//33
f 6//34 8//35 13//36
f 6//37 13//38 10//39
f 14//40 8//41 2//42
f 14//43 2//44 9//45
f 8//46 14//47 13//48
f 9//49 11//50 15//51
f 15//52 11//53 16//54
f 14//55 9//56 17//57
f 17//58 9//59 15//60
f 13//61 14//62 18//63
f 18//64 14//65 17//66
f 13//67 18//68 19//69
f 13//70 19//71 20//72
f 13//73 20//74 10//75
f 19//76 18//77 21//78
f 20//79 19//80 22//81
f 22//82 19//83 21//84
f 10//85 20//86 23//87
f 23//88 20//89 22//90
f 10//91 23//92 24//93
f 10//94 24//95 12//96
f 12//97 24//98 25//99
f 25//100 24//101 26//102
f 25//103 26//104 27//105
f 24//106 23//107 28//108
f 24//109 28//110 26//111
f 23//112 22//113 29//114
f 23//115 29//116 28//117
f 27//118 26//119 30//120
f 27//121 30//122 31//123
f 26//124 28//125 32//126
f 26//127 32//128 30//129
f 28//130 29//131 33//132
f 28//133 33//134 32//135
f 31//136 30//137 34//138
f 31//139 34//140 35//141
f 30//142 32//143 36//144
f 30//145 36//146 34//147
f 32//148 33//149 37//150
f 32//151 37//152 36//153
f 35//154 34//155 38//156
f 35//157 38//158 39//159
f 34//160 36//161 40//162
f 34//163 40//164 38//165
f 36//166 37//167 41//168
f 36//169 41//170 40//171
f 39//172 38//173 42//174
f 39//175 42//176 43//177
f 38//178 40//179 44//180
f 38//181 44//182 42//183
f 40//184 41//185 45//186
f 40//187 45//188 44//189
f 43//190 42//191 46//192
f 43//193 46//194 47//195
f 47//196 46//197 48//198
f 46//199 42//200 49//201
f 49//202 42//203 44//204
f 48//205 46//206 50//207
f 50//208 46//209 49//210
f 48//211 50//212 51//213
f 49//214 44//215 52//216
f 52//217 44//218 45//219
f 50//220 49//221 53//222
f 53//223 49//224 52//225
f 51//226 50//227 54//228
f 54//229 50//230 53//231
f 51//232 54//233 55//234
f 53//235 52//236 56//237
f 54//238 53//239 57//240
f 57//241 53//242 56//243
f 54//244 57//245 58//246
f 54//247 58//248 55//249
f 57//250 56//251 59//252
f 55//253 58//254 60//255
f 55//256 60//257 61//258
f 58//259 57//260 62//261
f 62//262 57//263 59//264
f 60//265 58//266 63//267
f 63//268 58//269 62//270
f 61//271 60//272 64//273
f 61//274 64//275 65//276
f 60//277 63//278 66//279
f 60//280 66//281 64//282
f 63//283 62//284 67//285
f 66//286 63//287 68//288
f 68//289 63//290 67//291
f 67//292 62//293 69//294
f 69//295 62//296 59//297
f 70//298 65//299 64//300
f 65//301 70//302 71//303
f 71//304 70//305 72//306
f 70//307 64//308 73//309
f 73//310 64//311 66//312
f 72//313 70//314 74//315
f 74//316 70//317 73//318
f 72//319 74//320 75//321
f 73//322 66//323 76//324
f 76//325 66//326 68//327
f 74//328 73//329 77//330
f 77//331 73//332 76//333
f 75//334 74//335 78//336
f 78//337 74//338 77//339
f 75//340 78//341 79//342
f 78//343 77//344 80//345
f 79//346 78//347 81//348
f 81//349 78//350 80//351
f 79//352 81//353 82//354
f 79//355 82//356 83//357
f 84//358 77//359 76//360
f 77//361 84//362 80//363
f 84//364 76//365 85//366
f 85//367 76//368 68//369
f 83//370 82//371 86//372
f 83//373 86//374 87//375
f 87//376 86//377 88//378
f 87//379 88//380 89//381
f 89//382 88//383 90//384
f 89//385 90//386 91//387
f 88//388 86//389 92//390
f 91//391 90//392 93//393
f 91//394 93//395 94//396
f 90//397 88//398 95//399
f 95//400 88//401 92//402
f 90//403 95//404 93//405
f 94//406 93//407 96//408
f 94//409 96//410 97//411
f 93//412 95//413 98//414
f 93//415 98//416 96//417
f 97//418 96//419 99//420
f 98//421 95//422 100//423
f 100//424 95//425 92//426
f 99//427 96//428 101//429
f 102//430 92//431 86//432
f 92//433 102//434 100//435
f 102//436 86//437 82//438
f 99//439 101//440 103//441
f 102//442 82//443 104//444
f 104//445 82//446 81//447
f 100//448 102//449 105//450
f 105//451 102//452 104//453
f 100//454 105//455 106//456
f 100//457 106//458 98//459
f 107//460 96//461 98//462
f 107//463 98//464 106//465
f 96//466 107//467 101//468
f 108//469 104//470 81//471
f 108//472 81//473 80//474
f 109//475 105//476 104//477
f 109//478 104//479 108//480
f 105//481 109//482 110//483
f 105//484 110//485 106//486
f 109//487 108//488 111//489
f 111//490 108//491 80//492
f 110//493 109//494 112//495
f 112//496 109//497 111//498
f 106//499 110//500 113//501
f 110//502 112//503 114//504
f 110//505 114//506 113//507
f 111//508 80//509 115//510
f 112//511 111//512 116//513
f 116//514 111//515 115//516
f 115//517 80//518 84//519
f 106//520 113//521 117//522
f 106//523 117//524 107//525
f 107//526 117//527 101//528
f 115//529 84//530 118//531
f 118//532 84//533 85//534
f 115//535 118//536 119//537
f 115//538 119//539 116//540
f 118//541 85//542 120//543
f 119//544 118//545 121//546
f 121//547 118//548 120//549
f 116//550 119//551 122//552
f 122//553 119//554 121//555
f 116//556 122//557 123//558
f 120//559 85//560 124//561
f 116//562 123//563 125//564
f 116//565 125//566 112//567
f 112//568 125//569 114//570
f 114//571 125//572 126//573
f 114//574 126//575 113//576
f 125//577 123//578 127//579
f 125//580 127//581 126//582
f 127//583 123//584 128//585
f 128//586 123//587 122//588
f 126//589 127//590 129//591
f 129//592 127//593 128//594
f 113//595 126//596 130//597
f 113//598 130//599 117//600
f 126//601 129//602 131//603
f 126//604 131//605 130//606
f 128//607 122//608 132//609
f 132//610 122//611 121//612
f 129//613 128//614 133//615
f 133//616 128//617 132//618
f 131//619 129//620 134//621
f 134//622 129//623 133//624
f 132//625 121//626 135//627
f 135//628 121//629 120//630
f 133//631 132//632 136//633
f 136//634 132//635 135//636
f 134//637 133//638 137//639
f 137//640 133//641 136//642
f 135//643 120//644 138//645
f 134//646 137//647 139//648
f 136//649 135//650 140//651
f 140//652 135//653 138//654
f 138//655 120//656 124//657
f 136//658 140//659 141//660
f 136//661 141//662 137//663
f 137//664 141//665 142//666
f 137//667 142//668 139//669
f 141//670 140//671 143//672
f 142//673 141//674 144//675
f 144//676 141//677 143//678
f 142//679 144//680 145//681
f 142//682 145//683 139//684
f 144//685 143//686 146//687
f 143//688 140//689 147//690
f 147//691 140//692 138//693
f 143//694 147//695 148//696
f 143//697 148//698 146//699
f 147//700 138//701 149//702
f 149//703 138//704 124//705
f 148//706 147//707 150//708
f 150//709 147//710 149//711
f 151//712 144//713 146//714
f 144//715 151//716 145//717
f 146//718 148//719 152//720
f 148//721 150//722 153//723
f 148//724 153//725 152//726
f 146//727 152//728 154//729
f 146//730 154//731 151//732
f 152//733 153//734 155//735
f 154//736 152//737 156//738
f 156//739 152//740 155//741
f 155//742 153//743 157//744
f 154//745 156//746 158//747
f 156//748 155//749 159//750
f 156//751 159//752 158//753
f 159//754 155//755 157//756
f 160//757 151//758 154//759
f 160//760 154//761 158//762
f 151//763 160//764 161//765
f 151//766 161//767 145//768
f 160//769 158//770 162//771
f 160//772 162//773 161//774
f 162//775 158//776 163//777
f 164//778 158//779 159//780
f 158//781 164//782 163//783
f 164//784 159//785 165//786
f 165//787 159//788 157//789
f 164//790 165//791 166//792
f 165//793 157//794 167//795
f 165//796 167//797 166//798
f 164//799 166//800 168//801
f 164//802 168//803 163//804
f 166//805 167//806 169//807
f 168//808 166//809 170//810
f 170//811 166//812 169//813
f 168//814 170//815 171//816
f 163//817 168//818 172//819
f 172//820 168//821 171//822
f 163//823 172//824 173//825
f 163//826 173//827 174//828
f 163//829 174//830 162//831
f 173//832 172//833 175//834
f 172//835 171//836 176//837
f 172//838 176//839 175//840
f 173//841 175//842 177//843
f 173//844 177//845 174//846
f 175//847 176//848 178//849
f 177//850 175//851 179//852
f 179//853 175//854 178//855
f 177//856 179//857 180//858
f 179//859 178//860 181//861
f 178//862 176//863 182//864
f 178//865 182//866 181//867
f 182//868 176//869 183//870
f 183//871 176//872 171//873
f 182//874 183//875 184//876
f 183//877 171//878 185//879
f 185//880 171//881 170//882
f 183//883 185//884 186//885
f 183//886 186//887 184//888
f 185//889 170//890 187//891
f 187//892 170//893 169//894
f 186//895 185//896 188//897
f 188//898 185//899 187//900
f 187//901 169//902 189//903
f 187//904 189//905 188//906
f 189//907 169//908 190//909
f 190//910 169//911 191//912
f 191//913 169//914 167//915
f 189//916 190//917 192//918
f 188//919 189//920 193//921
f 193//922 189//923 192//924
f 188//925 193//926 194//927
f 188//928 194//929 186//930
f 194//931 193//932 195//933
f 186//934 194//935 196//936
f 196//937 194//938 195//939
f 186//940 196//941 184//942
f 184//943 196//944 197//945
f 193//946 192//947 198//948
f 193//949 198//950 195//951
f 198//952 192//953 199//954
f 196//955 195//956 200//957
f 196//958 200//959 197//960
f 195//961 198//962 201//963
f 198//964 199//965 202//966
f 198//967 202//968 201//969
f 199//970 192//971 203//972
f 199//973 203//974 202//975
f 203//976 192//977 204//978
f 204//979 192//980 190//981
f 204//982 190//983 191//984
f 195//985 201//986 205//987
f 195//988 205//989 200//990
f 206//991 201//992 202//993
f 205//994 201//995 207//996
f 207//997 201//998 206//999
f 206//1000 202//1001 208//1002
f 208//1003 202//1004 203//1005
f 209//1006 203//1007 204//1008
f 203//1009 209//1010 208//1011
f 210//1012 204//1013 191//1014
f 204//1015 210//1016 209//1017
f 210//1018 191//1019 211//1020
f 212//1021 207//1022 206//1023
f 213//1024 206//1025 208//1026
f 206//1027 213//1028 212//1029
f 214//1030 208//1031 209//1032
f 208//1033 214//1034 213//1035
f 215//1036 209//1037 210//1038
f 214//1039 209//1040 216//1041
f 216//1042 209//1043 215//1044
f 215//1045 210//1046 217//1047
f 217//1048 210//1049 211//1050
f 216//1051 215//1052 218//1053
f 214//1054 216//1055 219//1056
f 219//1057 216//1058 218//1059
f 220//1060 213//1061 214//1062
f 220//1063 214//1064 219//1065
f 213//1066 220//1067 221//1068
f 213//1069 221//1070 212//1071
f 220//1072 219//1073 222//1074
f 221//1075 220//1076 223//1077
f 223//1078 220//1079 222//1080
f 222//1081 219//1082 224//1083
f 224//1084 219//1085 218//1086
f 223//1087 222//1088 225//1089
f 221//1090 223//1091 226//1092
f 226//1093 223//1094 225//1095
f 221//1096 226//1097 227//1098
f 221//1099 227//1100 212//1101
f 226//1102 225//1103 228//1104
f 225//1105 222//1106 229//1107
f 229//1108 222//1109 224//1110
f 225//1111 229//1112 230//1113
f 225//1114 230//1115 228//1116
f 227//1117 226//1118 231//1119
f 231//1120 226//1121 228//1122
f 232//1123 212//1124 227//1125
f 227//1126 231//1127 233//1128
f 227//1129 233//1130 232//1131
f 233//1132 231//1133 234//1134
f 231//1135 228//1136 235//1137
f 231//1138 235//1139 234//1140
f 236//1141 228//1142 230//1143
f 228//1144 236//1145 235//1146
f 236//1147 230//1148 237//1149
f 234//1150 235//1151 238//1152
f 235//1153 236//1154 239//1155
f 235//1156 239//1157 238//1158
f 239//1159 236//1160 240//1161
f 240//1162 236//1163 237//1164
f 237//1165 230//1166 241//1167
f 241//1168 230//1169 229//1170
f 240//1171 237//1172 242//1173
f 237//1174 241//1175 243//1176
f 237//1177 243//1178 242//1179
f 241//1180 229//1181 244//1182
f 244//1183 229//1184 224//1185
f 243//1186 241//1187 245//1188
f 245//1189 241//1190 244//1191
f 242//1192 243//1193 246//1194
f 240//1195 242//1196 247//1197
f 247//1198 242//1199 246//1200
f 240//1201 247//1202 248//1203
f 240//1204 248//1205 239//1206
f 243//1207 245//1208 249//1209
f 243//1210 249//1211 246//1212
f 239//1213 248//1214 250//1215
f 239//1216 250//1217 238//1218
f 248//1219 247//1220 251//1221
f 247//1222 246//1223 252//1224
f 247//1225 252//1226 251//1227
f 250//1228 248//1229 253//1230
f 253//1231 248//1232 251//1233
f 238//1234 250//1235 254//1236
f 254//1237 250//1238 253//1239
f 238//1240 254//1241 255//1242
f 253//1243 251//1244 256//1245
f 254//1246 253//1247 257//1248
f 257//1249 253//1250 256//1251
f 254//1252 257//1253 258//1254
f 254//1255 258//1256 255//1257
f 257//1258 256//1259 259//1260
f 258//1261 257//1262 260//1263
f 260//1264 257//1265 259//1266
f 261//1267 256//1268 251//1269
f 261//1270 251//1271 252//1272
f 259//1273 256//1274 262//1275
f 262//1276 256//1277 261//1278
f 260//1279 259//1280 16//1281
f 16//1282 259//1283 15//1284
f 15//1285 259//1286 262//1287
f 260//1288 16//1289 263//1290
f 15//1291 262//1292 17//1293
f 260//1294 263//1295 264//1296
f 260//1297 264//1298 258//1299
f 264//1300 263//1301 265//1302
f 17//1303 262//1304 266//1305
f 266//1306 262//1307 261//1308
f 17//1309 266//1310 18//1311
f 18//1312 266//1313 21//1314
f 21//1315 266//1316 261//1317
f 21//1318 261//1319 252//1320
f 21//1321 252//1322 267//1323
f 21//1324 267//1325 22//1326
f 267//1327 252//1328 246//1329
f 22//1330 267//1331 268//1332
f 268//1333 267//1334 246//1335
f 22//1336 268//1337 29//1338
f 268//1339 246//1340 249//1341
f 29//1342 268//1343 269//1344
f 29//1345 269//1346 33//1347
f 268//1348 249//1349 270//1350
f 268//1351 270//1352 269//1353
f 270//1354 249//1355 245//1356
f 33//1357 269//1358 271//1359
f 33//1360 271//1361 37//1362
f 269//1363 270//1364 272//1365
f 269//1366 272//1367 271//1368
f 270//1369 245//1370 273//1371
f 270//1372 273//1373 272//1374
f 273//1375 245//1376 244//1377
f 273//1378 244//1379 274//1380
f 274//1381 244//1382 224//1383
f 272//1384 273//1385 275//1386
f 275//1387 273//1388 274//1389
f 274//1390 224//1391 276//1392
f 274//1393 276//1394 275//1395
f 276//1396 224//1397 218//1398
f 272//1399 275//1400 277//1401
f 272//1402 277//1403 271//1404
f 275//1405 276//1406 278//1407
f 275//1408 278//1409 277//1410
f 276//1411 218//1412 279//1413
f 276//1414 279//1415 278//1416
f 271//1417 277//1418 280//1419
f 271//1420 280//1421 37//1422
f 37//1423 280//1424 41//1425
f 280//1426 277//1427 281//1428
f 281//1429 277//1430 278//1431
f 41//1432 280//1433 282//1434
f 282//1435 280//1436 281//1437
f 41//1438 282//1439 45//1440
f 281//1441 278//1442 283//1443
f 283//1444 278//1445 279//1446
f 282//1447 281//1448 284//1449
f 284//1450 281//1451 283//1452
f 45//1453 282//1454 285//1455
f 285//1456 282//1457 284//1458
f 45//1459 285//1460 52//1461
f 284//1462 283//1463 286//1464
f 286//1465 283//1466 279//1467
f 285//1468 284//1469 287//1470
f 287//1471 284//1472 286//1473
f 52//1474 285//1475 288//1476
f 288//1477 285//1478 287//1479
f 52//1480 288//1481 56//1482
f 56//1483 288//1484 289//1485
f 56//1486 289//1487 59//1488
f 288//1489 287//1490 290//1491
f 288//1492 290//1493 289//1494
f 287//1495 286//1496 291//1497
f 287//1498 291//1499 290//1500
f 59//1501 289//1502 292//1503
f 59//1504 292//1505 69//1506
f 289//1507 290//1508 293//1509
f 289//1510 293//1511 292//1512
f 69//1513 292//1514 294//1515
f 294//1516 292//1517 293//1518
f 69//1519 294//1520 67//1521
f 293//1522 290//1523 295//1524
f 295//1525 290//1526 291//1527
f 294//1528 293//1529 296//1530
f 296//1531 293//1532 295//1533
f 67//1534 294//1535 297//1536
f 297//1537 294//1538 296//1539
f 67//1540 297//1541 68//1542
f 68//1543 297//1544 85//1545
f 85//1546 297//1547 124//1548
f 124//1549 297//1550 296//1551
f 124//1552 296//1553 298//1554
f 298//1555 296//1556 295//1557
f 124//1558 298//1559 149//1560
f 298//1561 295//1562 299//1563
f 299//1564 295//1565 291//1566
f 149//1567 298//1568 300//1569
f 300//1570 298//1571 299//1572
f 149//1573 300//1574 150//1575
f 299//1576 291//1577 301//1578
f 301//1579 291//1580 286//1581
f 300//1582 299//1583 302//1584
f 302//1585 299//1586 301//1587
f 150//1588 300//1589 303//1590
f 303//1591 300//1592 302//1593
f 150//1594 303//1595 153//1596
f 153//1597 303//1598 157//1599
f 157//1600 303//1601 304//1602
f 304//1603 303//1604 302//1605
f 157//1606 304//1607 167//1608
f 167//1609 304//1610 191//1611
f 191//1612 304//1613 211//1614
f 211//1615 304//1616 302//1617
f 211//1618 302//1619 305//1620
f 305//1621 302//1622 301//1623
f 211//1624 305//1625 306//1626
f 211//1627 306//1628 217//1629
f 305//1630 301//1631 307//1632
f 305//1633 307//1634 306//1635
f 307//1636 301//1637 286//1638
f 307//1639 286//1640 279//1641
f 306//1642 307//1643 308//1644
f 306//1645 308//1646 217//1647
f 308//1648 307//1649 279//1650
f 217//1651 308//1652 215//1653
f 308//1654 279//1655 218//1656
f 308//1657 218//1658 215//1659
f 309//1660 258//1661 264//1662
f 258//1663 309//1664 255//1665
f 309//1666 264//1667 310//1668
f 310//1669 264//1670 265//1671
f 310//1672 265//1673 311//1674
f 310//1675 311//1676 312//1677
f 310//1678 312//1679 309//1680
f 312//1681 311//1682 313//1683
f 312//1684 313//1685 314//1686
f 309//1687 312//1688 315//1689
f 309//1690 315//1691 255//1692
f 312//1693 314//1694 316//1695
f 312//1696 316//1697 315//1698
f 316//1699 314//1700 317//1701
f 255//1702 315//1703 318//1704
f 315//1705 316//1706 319//1707
f 315//1708 319//1709 318//1710
f 316//1711 317//1712 320//1713
f 316//1714 320//1715 319//1716
f 320//1717 317//1718 321//1719
f 321//1720 317//1721 322//1722
f 255//1723 318//1724 323//1725
f 255//1726 323//1727 238//1728
f 238//1729 323//1730 234//1731
f 321//1732 322//1733 324//1734
f 324//1735 322//1736 325//1737
f 234//1738 323//1739 326//1740
f 234//1741 326//1742 233//1743
f 323//1744 318//1745 327//1746
f 323//1747 327//1748 326//1749
f 324//1750 325//1751 328//1752
f 328//1753 325//1754 329//1755
f 233//1756 326//1757 330//1758
f 233//1759 330//1760 232//1761
f 326//1762 327//1763 331//1764
f 326//1765 331//1766 330//1767
f 328//1768 329//1769 332//1770
f 332//1771 329//1772 333//1773
f 328//1774 332//1775 334//1776
f 328//1777 334//1778 324//1779
f 332//1780 333//1781 335//1782
f 335//1783 333//1784 336//1785
f 335//1786 336//1787 337//1788
f 332//1789 335//1790 338//1791
f 332//1792 338//1793 334//1794
f 324//1795 334//1796 339//1797
f 324//1798 339//1799 321//1800
f 334//1801 338//1802 340//1803
f 334//1804 340//1805 339//1806
f 321//1807 339//1808 341//1809
f 321//1810 341//1811 320//1812
f 341//1813 339//1814 342//1815
f 342//1816 339//1817 340//1818
f 320//1819 341//1820 343//1821
f 320//1822 343//1823 319//1824
f 341//1825 342//1826 344//1827
f 341//1828 344//1829 343//1830
f 319//1831 343//1832 345//1833
f 319//1834 345//1835 318//1836
f 318//1837 345//1838 327//1839
f 345//1840 343//1841 346//1842
f 346//1843 343//1844 344//1845
f 327//1846 345//1847 347//1848
f 347//1849 345//1850 346//1851
f 327//1852 347//1853 331//1854
f 346//1855 344//1856 348//1857
f 346//1858 348//1859 347//1860
f 348//1861 344//1862 342//1863
f 347//1864 348//1865 331//1866
f 348//1867 342//1868 349//1869
f 349//1870 342//1871 340//1872
f 331//1873 348//1874 350//1875
f 350//1876 348//1877 349//1878
f 331//1879 350//1880 330//1881
f 330//1882 350//1883 351//1884
f 330//1885 351//1886 232//1887
f 350//1888 349//1889 352//1890
f 350//1891 352//1892 351//1893
f 349//1894 340//1895 353//1896
f 349//1897 353//1898 352//1899
f 353//1900 340//1901 354//1902
f 354//1903 340//1904 338//1905
f 232//1906 351//1907 355//1908
f 232//1909 355//1910 212//1911
f 351//1912 352//1913 356//1914
f 351//1915 356//1916 355//1917
f 352//1918 353//1919 357//1920
f 352//1921 357//1922 356//1923
f 357//1924 353//1925 358//1926
f 358//1927 353//1928 354//1929
f 212//1930 355//1931 359//1932
f 212//1933 359//1934 207//1935
f 355//1936 356//1937 360//1938
f 355//1939 360//1940 359//1941
f 356//1942 357//1943 361//1944
f 356//1945 361//1946 360//1947
f 361//1948 357//1949 362//1950
f 362//1951 357//1952 358//1953
f 207//1954 359//1955 363//1956
f 207//1957 363//1958 205//1959
f 359//1960 360//1961 364//1962
f 359//1963 364//1964 363//1965
f 360//1966 361//1967 365//1968
f 360//1969 365//1970 364//1971
f 205//1972 363//1973 366//1974
f 205//1975 366//1976 200//1977
f 363//1978 364//1979 367//1980
f 363//1981 367//1982 366//1983
f 367//1984 364//1985 368//1986
f 368//1987 364//1988 365//1989
f 367//1990 368//1991 369//1992
f 369//1993 368//1994 365//1995
f 366//1996 367//1997 370//1998
f 370//1999 367//2000 369//2001
f 371//2002 200//2003 366//2004
f 366//2005 370//2006 372//2007
f 366//2008 372//2009 371//2010
f 370//2011 369//2012 373//2013
f 370//2014 373//2015 372//2016
f 200//2017 371//2018 197//2019
f 374//2020 369//2021 365//2022
f 371//2023 372//2024 375//2025
f 197//2026 371//2027 376//2028
f 376//2029 371//2030 375//2031
f 375//2032 372//2033 377//2034
f 377//2035 372//2036 373//2037
f 376//2038 375//2039 378//2040
f 378//2041 375//2042 377//2043
f 197//2044 376//2045 379//2046
f 377//2047 373//2048 380//2049
f 377//2050 380//2051 378//2052
f 376//2053 378//2054 381//2055
f 376//2056 381//2057 379//2058
f 378//2059 380//2060 382//2061
f 381//2062 378//2063 383//2064
f 383//2065 378//2066 382//2067
f 379//2068 381//2069 384//2070
f 384//2071 381//2072 383//2073
f 385//2074 197//2075 379//2076
f 197//2077 385//2078 184//2079
f 379//2080 384//2081 386//2082
f 379//2083 386//2084 385//2085
f 184//2086 385//2087 387//2088
f 184//2089 387//2090 182//2091
f 385//2092 386//2093 388//2094
f 385//2095 388//2096 387//2097
f 182//2098 387//2099 181//2100
f 181//2101 387//2102 388//2103
f 389//2104 386//2105 384//2106
f 386//2107 389//2108 388//2109
f 390//2110 384//2111 383//2112
f 384//2113 390//2114 389//2115
f 181//2116 388//2117 391//2118
f 390//2119 383//2120 392//2121
f 388//2122 389//2123 393//2124
f 388//2125 393//2126 391//2127
f 389//2128 390//2129 394//2130
f 393//2131 389//2132 395//2133
f 395//2134 389//2135 394//2136
f 394//2137 390//2138 396//2139
f 396//2140 390//2141 392//2142
f 395//2143 394//2144 397//2145
f 397//2146 394//2147 396//2148
f 393//2149 395//2150 398//2151
f 398//2152 395//2153 397//2154
f 393//2155 398//2156 399//2157
f 393//2158 399//2159 391//2160
f 399//2161 398//2162 400//2163
f 391//2164 399//2165 401//2166
f 401//2167 399//2168 400//2169
f 391//2170 401//2171 402//2172
f 391//2173 402//2174 403//2175
f 391//2176 403//2177 181//2178
f 181//2179 403//2180 179//2181
f 403//2182 402//2183 404//2184
f 404//2185 402//2186 401//2187
f 179//2188 403//2189 180//2190
f 180//2191 403//2192 405//2193
f 405//2194 403//2195 404//2196
f 180//2197 405//2198 406//2199
f 406//2200 405//2201 404//2202
f 404//2203 401//2204 407//2205
f 407//2206 401//2207 400//2208
f 404//2209 407//2210 408//2211
f 404//2212 408//2213 406//2214
f 180//2215 406//2216 409//2217
f 180//2218 409//2219 410//2220
f 180//2221 410//2222 177//2223
f 409//2224 406//2225 411//2226
f 409//2227 411//2228 410//2229
f 177//2230 410//2231 174//2232
f 411//2233 406//2234 412//2235
f 412//2236 406//2237 408//2238
f 410//2239 411//2240 413//2241
f 410//2242 413//2243 174//2244
f 411//2245 412//2246 414//2247
f 411//2248 414//2249 413//2250
f 412//2251 408//2252 415//2253
f 174//2254 413//2255 416//2256
f 414//2257 412//2258 417//2259
f 417//2260 412//2261 415//2262
f 413//2263 414//2264 418//2265
f 413//2266 418//2267 416//2268
f 174//2269 416//2270 419//2271
f 174//2272 419//2273 162//2274
f 162//2275 419//2276 161//2277
f 161//2278 419//2279 420//2280
f 161//2281 420//2282 145//2283
f 419//2284 416//2285 421//2286
f 419//2287 421//2288 420//2289
f 422//2290 416//2291 418//2292
f 416//2293 422//2294 421//2295
f 145//2296 420//2297 423//2298
f 145//2299 423//2300 139//2301
f 420//2302 421//2303 424//2304
f 420//2305 424//2306 423//2307
f 421//2308 422//2309 425//2310
f 421//2311 425//2312 424//2313
f 422//2314 418//2315 426//2316
f 422//2317 426//2318 425//2319
f 426//2320 418//2321 427//2322
f 427//2323 418//2324 414//2325
f 425//2326 426//2327 428//2328
f 424//2329 425//2330 429//2331
f 429//2332 425//2333 428//2334
f 424//2335 429//2336 430//2337
f 424//2338 430//2339 423//2340
f 423//2341 430//2342 431//2343
f 423//2344 431//2345 139//2346
f 431//2347 430//2348 432//2349
f 139//2350 431//2351 433//2352
f 139//2353 433//2354 134//2355
f 134//2356 433//2357 131//2358
f 433//2359 431//2360 434//2361
f 434//2362 431//2363 432//2364
f 131//2365 433//2366 435//2367
f 435//2368 433//2369 434//2370
f 131//2371 435//2372 130//2373
f 130//2374 435//2375 436//2376
f 130//2377 436//2378 117//2379
f 117//2380 436//2381 101//2382
f 436//2383 435//2384 437//2385
f 437//2386 435//2387 434//2388
f 101//2389 436//2390 438//2391
f 438//2392 436//2393 437//2394
f 101//2395 438//2396 103//2397
f 103//2398 438//2399 439//2400
f 439//2401 438//2402 437//2403
f 103//2404 439//2405 440//2406
f 437//2407 434//2408 441//2409
f 437//2410 441//2411 439//2412
f 441//2413 434//2414 432//2415
f 440//2416 439//2417 442//2418
f 442//2419 439//2420 441//2421
f 440//2422 442//2423 443//2424
f 441//2425 432//2426 444//2427
f 441//2428 444//2429 442//2430
f 443//2431 442//2432 445//2433
f 445//2434 442//2435 444//2436
f 443//2437 445//2438 446//2439
f 444//2440 432//2441 447//2442
f 444//2443 447//2444 445//2445
f 446//2446 445//2447 448//2448
f 448//2449 445//2450 447//2451
f 446//2452 448//2453 449//2454
f 449//2455 448//2456 450//2457
f 450//2458 448//2459 451//2460
f 451//2461 448//2462 447//2463
f 450//2464 451//2465 452//2466
f 453//2467 447//2468 432//2469
f 453//2470 432//2471 430//2472
f 453//2473 430//2474 429//2475
f 453//2476 429//2477 454//2478
f 454//2479 429//2480 428//2481
f 447//2482 453//2483 455//2484
f 455//2485 453//2486 454//2487
f 454//2488 428//2489 456//2490
f 454//2491 456//2492 455//2493
f 447//2494 455//2495 457//2496
f 447//2497 457//2498 451//2499
f 455//2500 456//2501 458//2502
f 455//2503 458//2504 457//2505
f 459//2506 452//2507 451//2508
f 459//2509 451//2510 457//2511
f 452//2512 459//2513 460//2514
f 457//2515 458//2516 461//2517
f 457//2518 461//2519 459//2520
f 460//2521 459//2522 462//2523
f 462//2524 459//2525 461//2526
f 460//2527 462//2528 463//2529
f 460//2530 463//2531 464//2532
f 462//2533 461//2534 465//2535
f 465//2536 461//2537 458//2538
f 463//2539 462//2540 466//2541
f 466//2542 462//2543 465//2544
f 464//2545 463//2546 467//2547
f 464//2548 467//2549 468//2550
f 468//2551 467//2552 469//2553
f 467//2554 463//2555 470//2556
f 470//2557 463//2558 466//2559
f 469//2560 467//2561 471//2562
f 469//2563 471//2564 472//2565
f 467//2566 470//2567 473//2568
f 467//2569 473//2570 471//2571
f 470//2572 466//2573 474//2574
f 470//2575 474//2576 473//2577
f 472//2578 471//2579 475//2580
f 472//2581 475//2582 476//2583
f 471//2584 473//2585 477//2586
f 471//2587 477//2588 475//2589
f 477//2590 473//2591 478//2592
f 478//2593 473//2594 474//2595
f 476//2596 475//2597 479//2598
f 476//2599 479//2600 480//2601
f 475//2602 477//2603 481//2604
f 475//2605 481//2606 479//2607
f 477//2608 478//2609 482//2610
f 477//2611 482//2612 481//2613
f 480//2614 479//2615 483//2616
f 480//2617 483//2618 484//2619
f 479//2620 481//2621 485//2622
f 484//2623 483//2624 486//2625
f 484//2626 486//2627 487//2628
f 483//2629 479//2630 488//2631
f 488//2632 479//2633 485//2634
f 487//2635 486//2636 489//2637
f 486//2638 483//2639 490//2640
f 490//2641 483//2642 488//2643
f 489//2644 486//2645 491//2646
f 489//2647 491//2648 492//2649
f 486//2650 490//2651 493//2652
f 486//2653 493//2654 491//2655
f 492//2656 491//2657 494//2658
f 492//2659 494//2660 495//2661
f 491//2662 493//2663 496//2664
f 491//2665 496//2666 494//2667
f 493//2668 490//2669 497//2670
f 493//2671 497//2672 496//2673
f 495//2674 494//2675 498//2676
f 495//2677 498//2678 499//2679
f 494//2680 496//2681 500//2682
f 499//2683 498//2684 501//2685
f 498//2686 494//2687 502//2688
f 502//2689 494//2690 500//2691
f 498//2692 502//2693 501//2694
f 499//2695 501//2696 503//2697
f 500//2698 496//2699 504//2700
f 504//2701 496//2702 497//2703
f 502//2704 500//2705 505//2706
f 505//2707 500//2708 504//2709
f 501//2710 502//2711 506//2712
f 506//2713 502//2714 505//2715
f 503//2716 501//2717 507//2718
f 507//2719 501//2720 506//2721
f 503//2722 507//2723 508//2724
f 506//2725 505//2726 509//2727
f 506//2728 509//2729 507//2730
f 508//2731 507//2732 510//2733
f 510//2734 507//2735 509//2736
f 508//2737 510//2738 511//2739
f 509//2740 505//2741 512//2742
f 512//2743 505//2744 504//2745
f 510//2746 509//2747 513//2748
f 513//2749 509//2750 512//2751
f 511//2752 510//2753 514//2754
f 514//2755 510//2756 513//2757
f 511//2758 514//2759 515//2760
f 512//2761 504//2762 516//2763
f 516//2764 504//2765 497//2766
f 513//2767 512//2768 517//2769
f 512//2770 516//2771 518//2772
f 512//2773 518//2774 517//2775
f 514//2776 513//2777 519//2778
f 519//2779 513//2780 517//2781
f 520//2782 515//2783 514//2784
f 520//2785 514//2786 519//2787
f 515//2788 520//2789 521//2790
f 515//2791 521//2792 522//2793
f 520//2794 519//2795 523//2796
f 519//2797 517//2798 524//2799
f 519//2800 524//2801 523//2802
f 524//2803 517//2804 525//2805
f 525//2806 517//2807 518//2808
f 523//2809 524//2810 526//2811
f 527//2812 521//2813 520//2814
f 527//2815 520//2816 523//2817
f 526//2818 524//2819 528//2820
f 528//2821 524//2822 525//2823
f 523//2824 526//2825 529//2826
f 529//2827 526//2828 528//2829
f 523//2830 529//2831 527//2832
f 528//2833 525//2834 530//2835
f 529//2836 528//2837 531//2838
f 531//2839 528//2840 530//2841
f 527//2842 529//2843 532//2844
f 532//2845 529//2846 531//2847
f 533//2848 521//2849 527//2850
f 533//2851 527//2852 532//2853
f 521//2854 533//2855 534//2856
f 521//2857 534//2858 522//2859
f 522//2860 534//2861 535//2862
f 534//2863 533//2864 536//2865
f 536//2866 533//2867 532//2868
f 535//2869 534//2870 537//2871
f 537//2872 534//2873 536//2874
f 535//2875 537//2876 538//2877
f 538//2878 537//2879 539//2880
f 539//2881 537//2882 540//2883
f 540//2884 537//2885 536//2886
f 539//2887 540//2888 541//2889
f 536//2890 532//2891 542//2892
f 540//2893 536//2894 543//2895
f 543//2896 536//2897 542//2898
f 540//2899 543//2900 544//2901
f 540//2902 544//2903 541//2904
f 541//2905 544//2906 545//2907
f 541//2908 545//2909 546//2910
f 544//2911 543//2912 547//2913
f 546//2914 545//2915 548//2916
f 546//2917 548//2918 549//2919
f 549//2920 548//2921 550//2922
f 545//2923 544//2924 551//2925
f 551//2926 544//2927 547//2928
f 548//2929 545//2930 552//2931
f 552//2932 545//2933 551//2934
f 550//2935 548//2936 553//2937
f 553//2938 548//2939 552//2940
f 550//2941 553//2942 554//2943
f 551//2944 547//2945 555//2946
f 551//2947 555//2948 552//2949
f 554//2950 553//2951 556//2952
f 554//2953 556//2954 557//2955
f 553//2956 552//2957 558//2958
f 553//2959 558//2960 556//2961
f 558//2962 552//2963 559//2964
f 559//2965 552//2966 555//2967
f 557//2968 556//2969 560//2970
f 557//2971 560//2972 561//2973
f 556//2974 558//2975 562//2976
f 556//2977 562//2978 560//2979
f 562//2980 558//2981 563//2982
f 563//2983 558//2984 559//2985
f 560//2986 562//2987 564//2988
f 561//2989 560//2990 565//2991
f 565//2992 560//2993 564//2994
f 564//2995 562//2996 566//2997
f 566//2998 562//2999 563//3000
f 565//3001 564//3002 567//3003
f 561//3004 565//3005 568//3006
f 561//3007 568//3008 569//3009
f 568//3010 565//3011 570//3012
f 570//3013 565//3014 567//3015
f 569//3016 568//3017 571//3018
f 569//3019 571//3020 572//3021
f 568//3022 570//3023 573//3024
f 568//3025 573//3026 571//3027
f 574//3028 567//3029 564//3030
f 574//3031 564//3032 566//3033
f 572//3034 571//3035 575//3036
f 572//3037 575//3038 576//3039
f 571//3040 573//3041 577//3042
f 571//3043 577//3044 575//3045
f 576//3046 575//3047 578//3048
f 576//3049 578//3050 579//3051
f 575//3052 577//3053 580//3054
f 575//3055 580//3056 578//3057
f 577//3058 573//3059 581//3060
f 580//3061 577//3062 582//3063
f 582//3064 577//3065 581//3066
f 581//3067 573//3068 583//3069
f 580//3070 582//3071 584//3072
f 580//3073 584//3074 578//3075
f 583//3076 573//3077 570//3078
f 585//3079 579//3080 578//3081
f 585//3082 578//3083 584//3084
f 579//3085 585//3086 586//3087
f 584//3088 582//3089 587//3090
f 583//3091 570//3092 588//3093
f 588//3094 570//3095 567//3096
f 586//3097 585//3098 589//3099
f 586//3100 589//3101 590//3102
f 590//3103 589//3104 591//3105
f 589//3106 585//3107 592//3108
f 592//3109 585//3110 584//3111
f 592//3112 584//3113 587//3114
f 591//3115 589//3116 593//3117
f 593//3118 589//3119 592//3120
f 591//3121 593//3122 594//3123
f 592//3124 587//3125 595//3126
f 592//3127 595//3128 593//3129
f 594//3130 593//3131 596//3132
f 596//3133 593//3134 595//3135
f 594//3136 596//3137 597//3138
f 597//3139 596//3140 598//3141
f 597//3142 598//3143 599//3144
f 596//3145 595//3146 600//3147
f 596//3148 600//3149 598//3150
f 601//3151 595//3152 587//3153
f 595//3154 601//3155 600//3156
f 601//3157 587//3158 602//3159
f 602//3160 587//3161 582//3162
f 600//3163 601//3164 603//3165
f 600//3166 603//3167 598//3168
f 602//3169 582//3170 581//3171
f 604//3172 599//3173 598//3174
f 604//3175 598//3176 603//3177
f 599//3178 604//3179 605//3180
f 603//3181 601//3182 606//3183
f 606//3184 601//3185 602//3186
f 604//3187 603//3188 607//3189
f 607//3190 603//3191 606//3192
f 605//3193 604//3194 608//3195
f 608//3196 604//3197 607//3198
f 605//3199 608//3200 337//3201
f 337//3202 608//3203 609//3204
f 337//3205 609//3206 335//3207
f 608//3208 607//3209 610//3210
f 608//3211 610//3212 609//3213
f 607//3214 606//3215 611//3216
f 607//3217 611//3218 610//3219
f 611//3220 606//3221 612//3222
f 612//3223 606//3224 602//3225
f 610//3226 611//3227 613//3228
f 612//3229 602//3230 614//3231
f 614//3232 602//3233 581//3234
f 614//3235 581//3236 583//3237
f 611//3238 612//3239 615//3240
f 611//3241 615//3242 613//3243
f 612//3244 614//3245 616//3246
f 612//3247 616//3248 615//3249
f 614//3250 583//3251 617//3252
f 614//3253 617//3254 616//3255
f 617//3256 583//3257 588//3258
f 615//3259 616//3260 618//3261
f 616//3262 617//3263 619//3264
f 616//3265 619//3266 618//3267
f 617//3268 588//3269 620//3270
f 617//3271 620//3272 619//3273
f 620//3274 588//3275 621//3276
f 621//3277 588//3278 567//3279
f 621//3280 567//3281 574//3282
f 620//3283 621//3284 622//3285
f 622//3286 621//3287 574//3288
f 619//3289 620//3290 623//3291
f 623//3292 620//3293 622//3294
f 624//3295 618//3296 619//3297
f 624//3298 619//3299 623//3300
f 622//3301 574//3302 625//3303
f 618//3304 624//3305 626//3306
f 618//3307 626//3308 615//3309
f 625//3310 574//3311 566//3312
f 615//3313 626//3314 627//3315
f 615//3316 627//3317 613//3318
f 626//3319 624//3320 628//3321
f 627//3322 626//3323 629//3324
f 629//3325 626//3326 628//3327
f 613//3328 627//3329 630//3330
f 630//3331 627//3332 629//3333
f 628//3334 624//3335 631//3336
f 631//3337 624//3338 623//3339
f 632//3340 623//3341 622//3342
f 623//3343 632//3344 631//3345
f 632//3346 622//3347 625//3348
f 628//3349 631//3350 633//3351
f 631//3352 632//3353 634//3354
f 631//3355 634//3356 633//3357
f 632//3358 625//3359 635//3360
f 632//3361 635//3362 634//3363
f 635//3364 625//3365 636//3366
f 634//3367 635//3368 637//3369
f 634//3370 637//3371 638//3372
f 634//3373 638//3374 633//3375
f 637//3376 635//3377 639//3378
f 639//3379 635//3380 636//3381
f 638//3382 637//3383 640//3384
f 640//3385 637//3386 639//3387
f 633//3388 638//3389 641//3390
f 638//3391 640//3392 642//3393
f 638//3394 642//3395 641//3396
f 640//3397 639//3398 643//3399
f 639//3400 636//3401 644//3402
f 639//3403 644//3404 643//3405
f 642//3406 640//3407 645//3408
f 645//3409 640//3410 643//3411
f 645//3412 643//3413 382//3414
f 645//3415 382//3416 380//3417
f 382//3418 643//3419 646//3420
f 646//3421 643//3422 644//3423
f 382//3424 646//3425 383//3426
f 383//3427 646//3428 392//3429
f 645//3430 380//3431 647//3432
f 645//3433 647//3434 642//3435
f 647//3436 380//3437 373//3438
f 392//3439 646//3440 648//3441
f 648//3442 646//3443 644//3444
f 647//3445 373//3446 649//3447
f 649//3448 373//3449 369//3450
f 642//3451 647//3452 650//3453
f 650//3454 647//3455 649//3456
f 642//3457 650//3458 641//3459
f 649//3460 369//3461 374//3462
f 641//3463 650//3464 651//3465
f 650//3466 649//3467 652//3468
f 652//3469 649//3470 374//3471
f 650//3472 652//3473 651//3474
f 641//3475 651//3476 633//3477
f 652//3478 374//3479 653//3480
f 652//3481 653//3482 651//3483
f 633//3484 651//3485 654//3486
f 654//3487 651//3488 653//3489
f 633//3490 654//3491 628//3492
f 628//3493 654//3494 629//3495
f 629//3496 654//3497 655//3498
f 655//3499 654//3500 653//3501
f 629//3502 655//3503 630//3504
f 656//3505 653//3506 374//3507
f 656//3508 374//3509 365//3510
f 656//3511 365//3512 361//3513
f 656//3514 361//3515 362//3516
f 656//3517 362//3518 653//3519
f 653//3520 362//3521 655//3522
f 655//3523 362//3524 358//3525
f 655//3526 358//3527 657//3528
f 655//3529 657//3530 630//3531
f 657//3532 358//3533 354//3534
f 630//3535 657//3536 658//3537
f 630//3538 658//3539 613//3540
f 657//3541 354//3542 659//3543
f 657//3544 659//3545 658//3546
f 613//3547 658//3548 660//3549
f 660//3550 658//3551 659//3552
f 613//3553 660//3554 610//3555
f 610//3556 660//3557 609//3558
f 660//3559 659//3560 661//3561
f 661//3562 659//3563 354//3564
f 660//3565 661//3566 609//3567
f 661//3568 354//3569 338//3570
f 609//3571 661//3572 335//3573
f 335//3574 661//3575 338//3576
f 662//3577 456//3578 428//3579
f 662//3580 428//3581 663//3582
f 663//3583 428//3584 426//3585
f 456//3586 662//3587 664//3588
f 456//3589 664//3590 458//3591
f 458//3592 664//3593 465//3594
f 663//3595 426//3596 427//3597
f 465//3598 664//3599 665//3600
f 465//3601 665//3602 466//3603
f 466//3604 665//3605 474//3606
f 665//3607 664//3608 666//3609
f 665//3610 666//3611 474//3612
f 666//3613 664//3614 662//3615
f 667//3616 662//3617 663//3618
f 662//3619 667//3620 666//3621
f 667//3622 663//3623 427//3624
f 474//3625 666//3626 668//3627
f 668//3628 666//3629 667//3630
f 474//3631 668//3632 478//3633
f 667//3634 427//3635 669//3636
f 667//3637 669//3638 668//3639
f 478//3640 668//3641 670//3642
f 670//3643 668//3644 669//3645
f 478//3646 670//3647 482//3648
f 669//3649 427//3650 671//3651
f 671//3652 427//3653 414//3654
f 671//3655 414//3656 417//3657
f 669//3658 671//3659 672//3660
f 672//3661 671//3662 417//3663
f 669//3664 672//3665 670//3666
f 482//3667 670//3668 673//3669
f 673//3670 670//3671 672//3672
f 482//3673 673//3674 674//3675
f 482//3676 674//3677 481//3678
f 481//3679 674//3680 485//3681
f 672//3682 417//3683 675//3684
f 675//3685 417//3686 415//3687
f 673//3688 672//3689 676//3690
f 676//3691 672//3692 675//3693
f 674//3694 673//3695 677//3696
f 677//3697 673//3698 676//3699
f 485//3700 674//3701 678//3702
f 678//3703 674//3704 677//3705
f 485//3706 678//3707 679//3708
f 485//3709 679//3710 488//3711
f 678//3712 677//3713 680//3714
f 678//3715 680//3716 679//3717
f 677//3718 676//3719 681//3720
f 677//3721 681//3722 680//3723
f 681//3724 676//3725 682//3726
f 682//3727 676//3728 675//3729
f 680//3730 681//3731 683//3732
f 682//3733 675//3734 684//3735
f 684//3736 675//3737 415//3738
f 681//3739 682//3740 685//3741
f 681//3742 685//3743 683//3744
f 682//3745 684//3746 686//3747
f 682//3748 686//3749 685//3750
f 684//3751 415//3752 687//3753
f 687//3754 415//3755 408//3756
f 687//3757 408//3758 407//3759
f 684//3760 687//3761 688//3762
f 684//3763 688//3764 686//3765
f 687//3766 407//3767 689//3768
f 687//3769 689//3770 688//3771
f 689//3772 407//3773 400//3774
f 686//3775 688//3776 690//3777
f 691//3778 685//3779 686//3780
f 691//3781 686//3782 690//3783
f 688//3784 689//3785 692//3786
f 688//3787 692//3788 690//3789
f 689//3790 400//3791 693//3792
f 689//3793 693//3794 692//3795
f 693//3796 400//3797 694//3798
f 694//3799 400//3800 398//3801
f 694//3802 398//3803 397//3804
f 694//3805 397//3806 695//3807
f 695//3808 397//3809 396//3810
f 693//3811 694//3812 696//3813
f 696//3814 694//3815 695//3816
f 697//3817 692//3818 693//3819
f 697//3820 693//3821 696//3822
f 692//3823 697//3824 698//3825
f 692//3826 698//3827 690//3828
f 695//3829 396//3830 699//3831
f 699//3832 396//3833 392//3834
f 699//3835 392//3836 648//3837
f 695//3838 699//3839 700//3840
f 695//3841 700//3842 696//3843
f 699//3844 648//3845 701//3846
f 699//3847 701//3848 700//3849
f 701//3850 648//3851 702//3852
f 702//3853 648//3854 703//3855
f 703//3856 648//3857 644//3858
f 703//3859 644//3860 636//3861
f 703//3862 636//3863 704//3864
f 704//3865 636//3866 625//3867
f 704//3868 625//3869 566//3870
f 704//3871 566//3872 563//3873
f 703//3874 704//3875 705//3876
f 705//3877 704//3878 563//3879
f 703//3880 705//3881 702//3882
f 705//3883 563//3884 559//3885
f 702//3886 705//3887 706//3888
f 706//3889 705//3890 559//3891
f 702//3892 706//3893 701//3894
f 706//3895 559//3896 707//3897
f 706//3898 707//3899 701//3900
f 707//3901 559//3902 555//3903
f 701//3904 707//3905 700//3906
f 707//3907 555//3908 708//3909
f 707//3910 708//3911 700//3912
f 708//3913 555//3914 709//3915
f 709//3916 555//3917 547//3918
f 709//3919 547//3920 710//3921
f 709//3922 710//3923 708//3924
f 710//3925 547//3926 543//3927
f 710//3928 543//3929 542//3930
f 708//3931 710//3932 711//3933
f 708//3934 711//3935 700//3936
f 711//3937 710//3938 542//3939
f 700//3940 711//3941 712//3942
f 700//3943 712//3944 696//3945
f 696//3946 712//3947 697//3948
f 712//3949 711//3950 713//3951
f 713//3952 711//3953 542//3954
f 697//3955 712//3956 714//3957
f 714//3958 712//3959 713//3960
f 697//3961 714//3962 698//3963
f 713//3964 542//3965 715//3966
f 715//3967 542//3968 532//3969
f 714//3970 713//3971 716//3972
f 716//3973 713//3974 715//3975
f 714//3976 716//3977 698//3978
f 715//3979 532//3980 531//3981
f 716//3982 715//3983 717//3984
f 717//3985 715//3986 531//3987
f 716//3988 717//3989 698//3990
f 717//3991 531//3992 530//3993
f 698//3994 717//3995 718//3996
f 718//3997 717//3998 530//3999
f 698//4000 718//4001 690//4002
f 690//4003 718//4004 691//4005
f 718//4006 530//4007 719//4008
f 718//4009 719//4010 691//4011
f 719//4012 530//4013 720//4014
f 720//4015 530//4016 525//4017
f 720//4018 525//4019 518//4020
f 720//4021 518//4022 721//4023
f 721//4024 518//4025 516//4026
f 719//4027 720//4028 722//4029
f 722//4030 720//4031 721//4032
f 723//4033 691//4034 719//4035
f 723//4036 719//4037 722//4038
f 691//4039 723//4040 685//4041
f 685//4042 723//4043 683//4044
f 723//4045 722//4046 724//4047
f 723//4048 724//4049 683//4050
f 722//4051 721//4052 725//4053
f 722//4054 725//4055 724//4056
f 683//4057 724//4058 726//4059
f 726//4060 724//4061 725//4062
f 683//4063 726//4064 680//4065
f 680//4066 726//4067 679//4068
f 726//4069 725//4070 727//4071
f 726//4072 727//4073 679//4074
f 727//4075 725//4076 721//4077
f 679//4078 727//4079 728//4080
f 679//4081 728//4082 488//4083
f 488//4084 728//4085 490//4086
f 490//4087 728//4088 497//4089
f 728//4090 727//4091 729//4092
f 728//4093 729//4094 497//4095
f 729//4096 727//4097 721//4098
f 497//4099 729//4100 516//4101
f 516//4102 729//4103 721//4104
