# This file uses centimeters as units for non-parametric coordinates.

mtllib SM_Dantooine_Hill_Ridge_A.mtl
g default
v 605.344849 7.019454 2333.161621
v 707.347168 7.019454 2212.613525
v 707.347168 7.019454 2333.161621
v 707.347168 62.657093 2212.613525
v 605.344849 62.657093 2333.161621
v 707.347168 53.384155 2333.161621
v 494.069550 81.202972 2333.161621
v 605.344849 71.930031 2333.161621
v 707.347168 62.657093 2333.161621
v 605.344849 71.930031 2212.613525
v 494.069550 90.475914 2212.613525
v 605.344849 90.475914 2082.792236
v 494.069550 118.294731 2082.792236
v 707.347168 81.202972 2082.792236
v 503.342499 146.113556 1952.971069
v 707.347168 7.019454 2082.792236
v 707.347168 7.019454 1952.971069
v 707.347168 81.202972 1952.971069
v 605.344849 109.021790 1952.971069
v 707.347168 90.475914 1952.971069
v 707.347168 109.021790 1813.877075
v 605.344849 136.840607 1813.877075
v 707.347168 118.294731 1813.877075
v 707.347168 136.840607 1684.055908
v 707.347168 7.019454 1813.877075
v 707.347168 7.019454 1684.055908
v 503.342499 173.932373 1813.877075
v 605.344849 164.659439 1684.055908
v 503.342499 192.478256 1684.055908
v 401.340149 192.478256 1823.150024
v 401.340149 211.024124 1684.055908
v 401.340149 183.205307 1952.971069
v 392.067230 155.386490 2082.792236
v 299.337830 211.024124 1813.877075
v 382.794281 109.021790 2212.613525
v 290.064880 201.751190 1952.971069
v 290.064880 192.478256 2082.792236
v 308.610748 248.115891 1693.328857
v 188.062546 238.842941 1813.877075
v 188.062546 220.297073 1952.971069
v 215.881363 303.753540 1702.601807
v 86.060204 285.207642 1823.150024
v 113.879028 368.664093 1711.874634
v 234.427246 387.209991 1582.053589
v 132.424911 424.301758 1582.053589
v 327.156647 313.026459 1572.780640
v 410.613098 257.388824 1563.507690
v 243.700180 415.028809 1452.232422
v 512.615417 220.297073 1554.234741
v 336.429596 340.845276 1442.959473
v 419.886047 285.207642 1433.686523
v 605.344849 183.205307 1554.234741
v 512.615417 248.115891 1424.413574
v 336.429596 368.664093 1303.865356
v 429.158966 322.299408 1303.865356
v 707.347168 155.386490 1554.234741
v 605.344849 201.751190 1424.413574
v 521.888367 285.207642 1294.592407
v 707.347168 7.019454 1554.234741
v 707.347168 155.386490 1424.413574
v 614.617798 229.570007 1294.592407
v 494.069550 7.019454 2333.161621
v 707.347168 7.019454 1424.413574
v 382.794281 99.748856 2333.161621
v 382.794281 7.019454 2333.161621
v 58.241386 7.019454 2333.161621
v 280.791931 155.386490 2212.613525
v 280.791931 136.840607 2333.161621
v 280.791931 7.019454 2333.161621
v 178.789597 220.297073 2082.792236
v 169.516663 183.205307 2333.161621
v 178.789597 201.751190 2212.613525
v 169.516663 7.019454 2333.161621
v 76.787262 229.570007 1952.971069
v 67.514328 229.570007 2082.792236
v 67.514328 220.297073 2212.613525
v 58.241386 211.024124 2333.161621
v 58.241386 220.297073 2333.161621
v -43.760956 238.842941 2212.613525
v -43.760956 238.842941 2333.161621
v -43.760956 248.115891 2082.792236
v -43.760956 266.661774 1952.971069
v -155.036224 266.661774 2082.792236
v -25.215075 313.026459 1823.150024
v -155.036224 285.207642 1952.971069
v -145.763290 313.026459 1813.877075
v -15.942131 377.937042 1702.601807
v -145.763290 350.118225 1693.328857
v -6.669198 424.301758 1572.780640
v -145.763290 387.209991 1563.507690
v -266.311523 322.299408 1684.055908
v -266.311523 294.480591 1813.877075
v -266.311523 359.391174 1554.234741
v -377.586792 294.480591 1684.055908
v -266.311523 275.934692 1952.971069
v -377.586792 266.661774 1813.877075
v -266.311523 248.115891 2082.792236
v -377.586792 322.299408 1554.234741
v -377.586792 248.115891 1952.971069
v -155.036224 248.115891 2212.613525
v -266.311523 211.024124 2212.613525
v -155.036224 238.842941 2333.161621
v -377.586792 211.024124 2082.792236
v -266.311523 201.751190 2333.161621
v -155.036224 229.570007 2333.161621
v -43.760956 229.570007 2333.161621
v -53.033890 7.019454 2333.161621
v -155.036224 7.019454 2333.161621
v -377.586792 173.932373 2212.613525
v -377.586792 164.659439 2333.161621
v -479.589111 173.932373 2082.792236
v -266.311523 7.019454 2333.161621
v -479.589111 155.386490 2212.613525
v -377.586792 7.019454 2333.161621
v -479.589111 155.386490 2333.161621
v -479.589111 211.024124 1952.971069
v -590.864380 155.386490 2082.792236
v -479.589111 7.019454 2333.161621
v -590.864380 136.840607 2212.613525
v -590.864380 136.840607 2333.161621
v -590.864380 183.205307 1952.971069
v -702.139709 118.294731 2082.792236
v -702.139709 146.113556 1952.971069
v -702.139709 99.748856 2212.613525
v -804.142029 118.294731 1952.971069
v -590.864380 7.019454 2333.161621
v -804.142029 99.748856 2082.792236
v -702.139709 99.748856 2333.161621
v -804.142029 81.202972 2212.613525
v -702.139709 90.475914 2333.161621
v -804.142029 81.202972 2333.161621
v -702.139709 7.019454 2333.161621
v -804.142029 71.930031 2333.161621
v -804.142029 7.019454 2333.161621
v -804.142029 7.019454 2212.613525
v -804.142029 7.019454 2082.792236
v -804.142029 7.019454 1952.971069
v -804.142029 7.019454 1813.877075
v -804.142029 127.567673 1813.877075
v -804.142029 7.019454 1684.055908
v -804.142029 136.840607 1813.877075
v -804.142029 146.113556 1684.055908
v -702.139709 164.659439 1813.877075
v -804.142029 155.386490 1684.055908
v -804.142029 7.019454 1554.234741
v -804.142029 173.932373 1554.234741
v -702.139709 192.478256 1684.055908
v -590.864380 211.024124 1813.877075
v -479.589111 238.842941 1813.877075
v -590.864380 229.570007 1684.055908
v -479.589111 257.388824 1684.055908
v -702.139709 211.024124 1554.234741
v -590.864380 248.115891 1554.234741
v -479.589111 285.207642 1554.234741
v -804.142029 211.024124 1424.413574
v -702.139709 238.842941 1424.413574
v -590.864380 285.207642 1424.413574
v -479.589111 331.572357 1424.413574
v -377.586792 387.209991 1424.413574
v -590.864380 350.118225 1294.592407
v -479.589111 415.028809 1294.592407
v -266.311523 415.028809 1424.413574
v -377.586792 452.120575 1294.592407
v -702.139709 294.480591 1294.592407
v -136.490356 433.574677 1433.686523
v -266.311523 470.666443 1294.592407
v -804.142029 257.388824 1294.592407
v -6.669198 452.120575 1442.959473
v -145.763290 470.666443 1294.592407
v -804.142029 201.751190 1424.413574
v 132.424911 452.120575 1452.232422
v -6.669198 461.393494 1303.865356
v 132.424911 452.120575 1313.138306
v 243.700180 424.301758 1313.138306
v 123.151962 452.120575 1174.044189
v -15.942131 470.666443 1174.044189
v -145.763290 489.212341 1164.771240
v 234.427246 424.301758 1174.044189
v 327.156647 377.937042 1174.044189
v -266.311523 498.485260 1164.771240
v 419.886047 331.572357 1164.771240
v -377.586792 489.212341 1164.771240
v 521.888367 294.480591 1164.771240
v -479.589111 461.393494 1164.771240
v -377.586792 489.212341 1025.677124
v -590.864380 405.755859 1164.771240
v -479.589111 470.666443 1025.677124
v -590.864380 433.574677 1025.677124
v -702.139709 350.118225 1164.771240
v -702.139709 396.482941 1025.677124
v -804.142029 303.753540 1164.771240
v -804.142029 359.391174 1025.677124
v -702.139709 415.028809 895.855957
v -804.142029 387.209991 895.855957
v -804.142029 350.118225 1025.677124
v -804.142029 248.115891 1294.592407
v -590.864380 442.847626 895.855957
v -479.589111 470.666443 895.855957
v -702.139709 415.028809 766.034851
v -590.864380 442.847626 766.034851
v -804.142029 396.482941 766.034851
v -804.142029 377.937042 895.855957
v -804.142029 387.209991 636.213684
v -804.142029 387.209991 766.034851
v -804.142029 7.019454 895.855957
v -804.142029 7.019454 766.034851
v -804.142029 7.019454 636.213684
v -804.142029 7.019454 1025.677124
v -804.142029 7.019454 1164.771240
v -804.142029 7.019454 1294.592407
v -804.142029 7.019454 1424.413574
v -804.142029 7.019454 497.119568
v -804.142029 368.664093 497.119568
v -804.142029 7.019454 367.298401
v -804.142029 377.937042 497.119568
v -804.142029 350.118225 367.298401
v -702.139709 415.028809 636.213684
v -804.142029 359.391174 367.298401
v -702.139709 396.482941 497.119568
v -590.864380 433.574677 636.213684
v -479.589111 461.393494 766.034851
v -590.864380 424.301758 497.119568
v -377.586792 479.939392 895.855957
v -479.589111 452.120575 636.213684
v -377.586792 470.666443 766.034851
v -266.311523 489.212341 1025.677124
v -266.311523 489.212341 895.855957
v -145.763290 489.212341 1034.950073
v -15.942131 479.939392 1034.950073
v -145.763290 489.212341 895.855957
v -266.311523 479.939392 766.034851
v -377.586792 461.393494 636.213684
v 104.606087 452.120575 1044.223022
v -25.215075 489.212341 905.128906
v -145.763290 498.485260 766.034851
v -266.311523 479.939392 636.213684
v 225.154297 424.301758 1044.223022
v 95.333145 470.666443 905.128906
v -25.215075 498.485260 766.034851
v -155.036224 498.485260 636.213684
v 317.883698 377.937042 1034.950073
v 206.608429 424.301758 905.128906
v 95.333145 489.212341 775.307739
v -34.488010 507.758209 636.213684
v 419.886047 340.845276 1034.950073
v 308.610748 377.937042 905.128906
v 197.335480 424.301758 766.034851
v 95.333145 498.485260 645.486633
v -25.215075 507.758209 506.392517
v 410.613098 340.845276 895.855957
v 299.337830 368.664093 766.034851
v 215.881363 461.393494 645.486633
v 104.606087 507.758209 515.665466
v 512.615417 313.026459 1034.950073
v 401.340149 331.572357 766.034851
v 614.617798 238.842941 1164.771240
v 512.615417 313.026459 895.855957
v 605.344849 257.388824 1025.677124
v 707.347168 173.932373 1294.592407
v 707.347168 192.478256 1164.771240
v 707.347168 7.019454 1294.592407
v 707.347168 7.019454 1164.771240
v 707.347168 220.297073 1025.677124
v 605.344849 266.661774 895.855957
v 707.347168 211.024124 1025.677124
v 707.347168 248.115891 895.855957
v 707.347168 7.019454 1025.677124
v 707.347168 238.842941 895.855957
v 707.347168 7.019454 895.855957
v 707.347168 248.115891 766.034851
v 707.347168 7.019454 766.034851
v 605.344849 7.019454 -2405.310547
v 605.344849 275.934692 766.034851
v 707.347168 238.842941 636.213684
v 707.347168 7.019454 636.213684
v 605.344849 257.388824 636.213684
v 503.342499 303.753540 766.034851
v 503.342499 285.207642 636.213684
v 392.067230 313.026459 626.940735
v 299.337830 377.937042 636.213684
v 234.427246 489.212341 515.665466
v 345.702515 433.574677 515.665466
v 429.158966 359.391174 506.392517
v 503.342499 266.661774 497.119568
v 364.248413 461.393494 385.844299
v 466.250732 405.755859 385.844299
v 605.344849 238.842941 497.119568
v 540.434265 322.299408 376.571350
v 234.427246 498.485260 385.844299
v 707.347168 220.297073 497.119568
v 707.347168 7.019454 497.119568
v 605.344849 238.842941 367.298401
v 707.347168 220.297073 367.298401
v 707.347168 7.019454 367.298401
v 707.347168 229.570007 237.477264
v 614.617798 257.388824 237.477264
v 707.347168 7.019454 237.477264
v 558.980164 350.118225 246.750198
v 614.617798 266.661774 107.656097
v 707.347168 238.842941 98.383156
v 475.523682 424.301758 256.023132
v 549.707214 340.845276 107.656097
v 456.977814 415.028809 116.929039
v 364.248413 470.666443 256.023132
v 345.702515 470.666443 116.929039
v 234.427246 517.031128 256.023132
v 243.700180 535.577026 116.929039
v 336.429596 470.666443 -12.892121
v 243.700180 554.122925 -12.892121
v 429.158966 396.482941 -22.165056
v 521.888367 331.572357 -22.165056
v 336.429596 489.212341 -142.713272
v 605.344849 275.934692 -31.438002
v 243.700180 572.668762 -142.713272
v 419.886047 387.209991 -151.986221
v 503.342499 322.299408 -161.259155
v 429.158966 424.301758 -281.807373
v 345.702515 526.304077 -272.534424
v 252.973129 600.487610 -263.261505
v 354.975464 544.849976 -402.355591
v 252.973129 609.760559 -402.355591
v 132.424911 600.487610 -272.534424
v 132.424911 609.760559 -402.355591
v 123.151962 581.941711 -142.713272
v -15.942131 572.668762 -411.628540
v 123.151962 572.668762 -12.892121
v -15.942131 572.668762 -281.807373
v -15.942131 563.395874 -151.986221
v 113.879028 572.668762 116.929039
v -15.942131 554.122925 -22.165056
v 113.879028 554.122925 246.750198
v -15.942131 554.122925 107.656097
v 104.606087 526.304077 376.571350
v -25.215075 544.849976 246.750198
v -25.215075 517.031128 376.571350
v -145.763290 535.577026 107.656097
v -145.763290 526.304077 237.477264
v -155.036224 498.485260 367.298401
v -266.311523 507.758209 98.383156
v -155.036224 489.212341 497.119568
v -266.311523 498.485260 237.477264
v -266.311523 479.939392 367.298401
v -266.311523 470.666443 497.119568
v -377.586792 452.120575 497.119568
v -377.586792 461.393494 367.298401
v -377.586792 470.666443 237.477264
v -377.586792 489.212341 98.383156
v -479.589111 442.847626 497.119568
v -479.589111 433.574677 367.298401
v -590.864380 405.755859 367.298401
v -479.589111 442.847626 237.477264
v -590.864380 405.755859 237.477264
v -702.139709 377.937042 367.298401
v -702.139709 368.664093 237.477264
v -804.142029 340.845276 237.477264
v -702.139709 377.937042 98.383156
v -804.142029 7.019454 237.477264
v -804.142029 7.019454 98.383156
v -804.142029 340.845276 98.383156
v -804.142029 331.572357 98.383156
v -804.142029 7.019454 -31.438002
v -804.142029 350.118225 -31.438002
v -590.864380 424.301758 98.383156
v -702.139709 396.482941 -31.438002
v -479.589111 461.393494 98.383156
v -590.864380 442.847626 -31.438002
v -479.589111 479.939392 -31.438002
v -377.586792 507.758209 -31.438002
v -590.864380 452.120575 -161.259155
v -266.311523 517.031128 -31.438002
v -479.589111 489.212341 -161.259155
v -377.586792 507.758209 -161.259155
v -145.763290 535.577026 -31.438002
v -266.311523 526.304077 -161.259155
v -145.763290 544.849976 -161.259155
v -145.763290 544.849976 -291.080322
v -266.311523 526.304077 -291.080322
v -377.586792 507.758209 -291.080322
v -479.589111 489.212341 -291.080322
v -145.763290 544.849976 -420.901459
v -266.311523 526.304077 -420.901459
v -377.586792 507.758209 -430.174408
v -479.589111 489.212341 -430.174408
v -590.864380 452.120575 -291.080322
v -590.864380 461.393494 -430.174408
v -479.589111 489.212341 -559.995544
v -590.864380 452.120575 -559.995544
v -377.586792 507.758209 -559.995544
v -266.311523 526.304077 -559.995544
v -479.589111 479.939392 -689.816711
v -377.586792 507.758209 -689.816711
v -145.763290 544.849976 -550.722656
v -266.311523 526.304077 -689.816711
v -590.864380 442.847626 -689.816711
v -15.942131 563.395874 -550.722656
v -145.763290 544.849976 -689.816711
v 123.151962 591.214661 -541.449707
v -15.942131 563.395874 -680.543762
v 243.700180 591.214661 -532.176758
v 113.879028 572.668762 -671.270874
v -145.763290 535.577026 -819.637878
v -15.942131 554.122925 -810.364929
v -266.311523 526.304077 -819.637878
v -377.586792 498.485260 -819.637878
v -266.311523 517.031128 -958.731995
v -479.589111 452.120575 -819.637878
v -377.586792 479.939392 -958.731995
v -479.589111 433.574677 -958.731995
v -590.864380 415.028809 -819.637878
v -590.864380 377.937042 -958.731995
v -479.589111 405.755859 -1088.553101
v -590.864380 359.391174 -1088.553101
v -377.586792 452.120575 -1088.553101
v -590.864380 340.845276 -1218.374268
v -479.589111 377.937042 -1218.374268
v -266.311523 489.212341 -1088.553101
v -377.586792 405.755859 -1218.374268
v -145.763290 526.304077 -958.731995
v -145.763290 507.758209 -1088.553101
v -25.215075 544.849976 -949.459045
v 113.879028 563.395874 -810.364929
v -266.311523 442.847626 -1218.374268
v 243.700180 581.941711 -671.270874
v 113.879028 563.395874 -940.186096
v 345.702515 526.304077 -541.449707
v 234.427246 563.395874 -801.091980
v 345.702515 535.577026 -671.270874
v 429.158966 442.847626 -411.628540
v 438.431915 461.393494 -541.449707
v 503.342499 340.845276 -291.080322
v 512.615417 359.391174 -420.901459
v 605.344849 303.753540 -161.259155
v 605.344849 322.299408 -291.080322
v 707.347168 275.934692 -31.438002
v 707.347168 303.753540 -161.259155
v 707.347168 313.026459 -291.080322
v 707.347168 294.480591 -161.259155
v 707.347168 266.661774 -31.438002
v 707.347168 7.019454 98.383156
v 707.347168 7.019454 -31.438002
v 707.347168 7.019454 -161.259155
v 707.347168 7.019454 -291.080322
v 707.347168 313.026459 -430.174408
v 605.344849 331.572357 -430.174408
v 707.347168 7.019454 -430.174408
v 707.347168 331.572357 -559.995544
v 531.161316 415.028809 -550.722656
v 614.617798 359.391174 -559.995544
v 447.704865 489.212341 -680.543762
v 540.434265 442.847626 -680.543762
v 623.890686 387.209991 -689.816711
v 345.702515 526.304077 -810.364929
v 438.431915 470.666443 -810.364929
v 531.161316 424.301758 -819.637878
v 234.427246 563.395874 -940.186096
v 345.702515 526.304077 -949.459045
v 447.704865 470.666443 -949.459045
v 623.890686 368.664093 -819.637878
v 549.707214 442.847626 -958.731995
v 707.347168 350.118225 -689.816711
v 642.436584 396.482941 -958.731995
v 707.347168 331.572357 -819.637878
v 707.347168 340.845276 -689.816711
v 707.347168 7.019454 -559.995544
v 707.347168 7.019454 -689.816711
v 707.347168 7.019454 -819.637878
v 707.347168 303.753540 -958.731995
v 707.347168 7.019454 -958.731995
v 642.436584 368.664093 -1097.826050
v 707.347168 285.207642 -1088.553101
v 707.347168 7.019454 -1088.553101
v 707.347168 294.480591 -1088.553101
v 707.347168 229.570007 -1218.374268
v 707.347168 7.019454 -1218.374268
v 707.347168 238.842941 -1218.374268
v 707.347168 192.478256 -1357.468384
v 614.617798 266.661774 -1218.374268
v 614.617798 248.115891 -1357.468384
v 707.347168 7.019454 -1357.468384
v 623.890686 248.115891 -1487.289551
v 707.347168 192.478256 -1487.289551
v 707.347168 7.019454 -1487.289551
v 707.347168 7.019454 -1617.110718
v 707.347168 127.567673 -1617.110718
v 605.344849 146.113556 -1617.110718
v 521.888367 266.661774 -1487.289551
v 512.615417 211.024124 -1617.110718
v 521.888367 294.480591 -1357.468384
v 410.613098 266.661774 -1626.383667
v 512.615417 313.026459 -1218.374268
v 401.340149 266.661774 -1487.289551
v 410.613098 313.026459 -1357.468384
v 549.707214 415.028809 -1097.826050
v 419.886047 359.391174 -1218.374268
v 438.431915 433.574677 -1088.553101
v 336.429596 498.485260 -1088.553101
v 317.883698 424.301758 -1218.374268
v 308.610748 359.391174 -1357.468384
v 290.064880 275.934692 -1487.289551
v 234.427246 544.849976 -1088.553101
v 225.154297 489.212341 -1227.647217
v 206.608429 415.028809 -1357.468384
v 188.062546 313.026459 -1487.289551
v 104.606087 544.849976 -1088.553101
v 104.606087 498.485260 -1227.647217
v 86.060204 433.574677 -1357.468384
v 76.787262 359.391174 -1487.289551
v -25.215075 517.031128 -1088.553101
v -25.215075 470.666443 -1218.374268
v -145.763290 461.393494 -1218.374268
v -25.215075 442.847626 -1357.468384
v -145.763290 424.301758 -1357.468384
v -266.311523 396.482941 -1357.468384
v -377.586792 368.664093 -1357.468384
v -34.488010 396.482941 -1496.562500
v -145.763290 396.482941 -1496.562500
v -266.311523 350.118225 -1487.289551
v -377.586792 322.299408 -1487.289551
v -479.589111 340.845276 -1357.468384
v -479.589111 303.753540 -1487.289551
v -590.864380 313.026459 -1357.468384
v -590.864380 285.207642 -1487.289551
v -479.589111 275.934692 -1617.110718
v -702.139709 275.934692 -1357.468384
v -702.139709 257.388824 -1487.289551
v -590.864380 257.388824 -1617.110718
v -702.139709 229.570007 -1617.110718
v -702.139709 294.480591 -1218.374268
v -804.142029 229.570007 -1487.289551
v -702.139709 303.753540 -1088.553101
v -804.142029 238.842941 -1357.468384
v -804.142029 248.115891 -1218.374268
v -702.139709 331.572357 -958.731995
v -804.142029 266.661774 -1088.553101
v -804.142029 238.842941 -1218.374268
v -804.142029 229.570007 -1357.468384
v -702.139709 368.664093 -819.637878
v -804.142029 303.753540 -958.731995
v -702.139709 405.755859 -689.816711
v -804.142029 350.118225 -819.637878
v -702.139709 415.028809 -559.995544
v -804.142029 377.937042 -689.816711
v -702.139709 424.301758 -430.174408
v -804.142029 396.482941 -559.995544
v -702.139709 415.028809 -291.080322
v -804.142029 387.209991 -430.174408
v -804.142029 387.209991 -559.995544
v -702.139709 415.028809 -161.259155
v -804.142029 387.209991 -291.080322
v -804.142029 377.937042 -161.259155
v -804.142029 368.664093 -161.259155
v -804.142029 7.019454 -430.174408
v -804.142029 7.019454 -291.080322
v -804.142029 7.019454 -161.259155
v -266.311523 7.019454 -2405.310547
v -804.142029 7.019454 -559.995544
v -804.142029 7.019454 -689.816711
v -804.142029 7.019454 -819.637878
v -804.142029 7.019454 -958.731995
v -804.142029 7.019454 -1088.553101
v -804.142029 7.019454 -1218.374268
v -804.142029 7.019454 -1357.468384
v -804.142029 7.019454 -1487.289551
v -804.142029 220.297073 -1487.289551
v -804.142029 7.019454 -1617.110718
v -804.142029 211.024124 -1617.110718
v -804.142029 7.019454 -1746.931885
v -804.142029 7.019454 -2015.847168
v -804.142029 173.932373 -1746.931885
v -804.142029 7.019454 -1886.026001
v -804.142029 183.205307 -1746.931885
v -804.142029 136.840607 -1886.026001
v -702.139709 192.478256 -1746.931885
v -590.864380 211.024124 -1746.931885
v -702.139709 155.386490 -1886.026001
v -804.142029 99.748856 -2015.847168
v -804.142029 109.021790 -2015.847168
v -804.142029 7.019454 -2145.668213
v -702.139709 127.567673 -2015.847168
v -804.142029 90.475914 -2145.668213
v -590.864380 173.932373 -1886.026001
v -479.589111 229.570007 -1746.931885
v -590.864380 155.386490 -2015.847168
v -377.586792 285.207642 -1617.110718
v -479.589111 192.478256 -1886.026001
v -377.586792 248.115891 -1746.931885
v -266.311523 294.480591 -1617.110718
v -155.036224 331.572357 -1626.383667
v -266.311523 266.661774 -1746.931885
v -377.586792 220.297073 -1886.026001
v -34.488010 322.299408 -1626.383667
v -479.589111 183.205307 -2015.847168
v -155.036224 275.934692 -1756.204834
v -266.311523 248.115891 -1886.026001
v -377.586792 211.024124 -2015.847168
v 67.514328 285.207642 -1617.110718
v -43.760956 275.934692 -1756.204834
v -155.036224 257.388824 -1886.026001
v -266.311523 229.570007 -2015.847168
v 188.062546 275.934692 -1617.110718
v 76.787262 275.934692 -1756.204834
v -34.488010 266.661774 -1886.026001
v -155.036224 238.842941 -2015.847168
v 299.337830 275.934692 -1617.110718
v 188.062546 257.388824 -1756.204834
v 299.337830 248.115891 -1756.204834
v 410.613098 229.570007 -1756.204834
v 76.787262 275.934692 -1895.298950
v 188.062546 248.115891 -1895.298950
v 299.337830 220.297073 -1895.298950
v 512.615417 192.478256 -1756.204834
v 401.340149 192.478256 -1886.026001
v 188.062546 211.024124 -2025.120117
v 280.791931 155.386490 -2015.847168
v 605.344849 118.294731 -1746.931885
v 503.342499 136.840607 -1886.026001
v 392.067230 118.294731 -2015.847168
v 178.789597 183.205307 -2154.941162
v 280.791931 146.113556 -2145.668213
v 494.069550 99.748856 -2015.847168
v 605.344849 90.475914 -1886.026001
v 707.347168 90.475914 -1746.931885
v 392.067230 118.294731 -2145.668213
v 707.347168 81.202972 -1746.931885
v 707.347168 62.657093 -1886.026001
v 605.344849 81.202972 -2015.847168
v 707.347168 7.019454 -1746.931885
v 707.347168 7.019454 -1886.026001
v 707.347168 62.657093 -2015.847168
v 707.347168 7.019454 -2015.847168
v 494.069550 99.748856 -2145.668213
v 605.344849 81.202972 -2145.668213
v 707.347168 71.930031 -2145.668213
v 707.347168 81.202972 -2145.668213
v 707.347168 7.019454 -2145.668213
v 707.347168 62.657093 -2275.489502
v 605.344849 71.930031 -2275.489502
v 494.069550 81.202972 -2275.489502
v 707.347168 7.019454 -2275.489502
v 605.344849 71.930031 -2405.310547
v 494.069550 71.930031 -2405.310547
v 382.794281 90.475914 -2275.489502
v 382.794281 81.202972 -2405.310547
v 280.791931 109.021790 -2275.489502
v 280.791931 99.748856 -2405.310547
v 169.516663 127.567673 -2275.489502
v 169.516663 127.567673 -2405.310547
v 382.794281 7.019454 -2405.310547
v 494.069550 7.019454 -2405.310547
v 280.791931 7.019454 -2405.310547
v 605.344849 62.657093 -2405.310547
v 280.791931 90.475914 -2405.310547
v 169.516663 7.019454 -2405.310547
v 707.347168 62.657093 -2405.310547
v 707.347168 7.019454 -2405.310547
v 169.516663 118.294731 -2405.310547
v 58.241386 7.019454 -2405.310547
v 58.241386 155.386490 -2405.310547
v -53.033890 7.019454 -2405.310547
v 67.514328 164.659439 -2284.762451
v -155.036224 7.019454 -2405.310547
v -53.033890 183.205307 -2405.310547
v -43.760956 183.205307 -2405.310547
v 76.787262 211.024124 -2154.941162
v -155.036224 192.478256 -2405.310547
v -43.760956 183.205307 -2275.489502
v 76.787262 248.115891 -2025.120117
v -43.760956 220.297073 -2154.941162
v -34.488010 248.115891 -2025.120117
v -155.036224 220.297073 -2145.668213
v -155.036224 192.478256 -2275.489502
v -266.311523 211.024124 -2145.668213
v -266.311523 192.478256 -2405.310547
v -266.311523 192.478256 -2275.489502
v -377.586792 201.751190 -2145.668213
v -377.586792 183.205307 -2275.489502
v -377.586792 183.205307 -2405.310547
v -479.589111 164.659439 -2275.489502
v -479.589111 173.932373 -2145.668213
v -479.589111 155.386490 -2405.310547
v -590.864380 127.567673 -2275.489502
v -590.864380 146.113556 -2145.668213
v -590.864380 127.567673 -2405.310547
v -702.139709 90.475914 -2275.489502
v -702.139709 109.021790 -2145.668213
v -804.142029 71.930031 -2275.489502
v -702.139709 90.475914 -2405.310547
v -804.142029 71.930031 -2405.310547
v -804.142029 62.657093 -2405.310547
v -804.142029 62.657093 -2275.489502
v -702.139709 81.202972 -2405.310547
v -804.142029 7.019454 -2405.310547
v -804.142029 81.202972 -2145.668213
v -804.142029 7.019454 -2275.489502
v -702.139709 7.019454 -2405.310547
v -590.864380 7.019454 -2405.310547
v -479.589111 7.019454 -2405.310547
v -377.586792 7.019454 -2405.310547
v -377.586792 173.932373 -2405.310547
vn 0.000000 -0.707107 0.707107
vn 0.707107 -0.707107 0.000000
vn 0.577350 -0.577350 0.577350
vn 0.577350 -0.577350 0.577350
vn 0.707107 -0.707107 0.000000
vn 0.755625 0.653300 0.047227
vn 0.000000 -0.707107 0.707107
vn 0.577350 -0.577350 0.577350
vn 0.000000 0.000000 1.000000
vn 0.000000 0.000000 1.000000
vn 0.577350 -0.577350 0.577350
vn 0.707107 0.000000 0.707107
vn 0.707107 0.000000 0.707107
vn 0.577350 -0.577350 0.577350
vn 0.755625 0.653300 0.047227
vn 0.000000 -0.707107 0.707107
vn 0.000000 0.000000 1.000000
vn 0.086927 0.663809 0.742834
vn 0.000000 0.000000 1.000000
vn 0.707107 0.000000 0.707107
vn 0.070917 0.693408 0.717047
vn 0.000000 0.000000 1.000000
vn 0.070917 0.693408 0.717047
vn 0.086927 0.663809 0.742834
vn 0.070917 0.693408 0.717047
vn 0.707107 0.000000 0.707107
vn 0.597999 0.550789 0.582262
vn 0.597999 0.550789 0.582262
vn 0.707107 0.000000 0.707107
vn 0.755625 0.653300 0.047227
vn 0.070917 0.693408 0.717047
vn 0.597999 0.550789 0.582262
vn 0.134338 0.987780 0.079022
vn 0.134338 0.987780 0.079022
vn 0.597999 0.550789 0.582262
vn 0.755625 0.653300 0.047227
vn 0.070917 0.693408 0.717047
vn 0.134338 0.987780 0.079022
vn 0.172736 0.973605 0.149181
vn 0.070917 0.693408 0.717047
vn 0.172736 0.973605 0.149181
vn 0.086927 0.663809 0.742834
vn 0.134338 0.987780 0.079022
vn 0.755625 0.653300 0.047227
vn 0.172736 0.973605 0.149181
vn 0.172736 0.973605 0.149181
vn 0.134338 0.987780 0.079022
vn 0.276165 0.938960 0.205151
vn 0.276165 0.938960 0.205151
vn 0.134338 0.987780 0.079022
vn 0.172736 0.973605 0.149181
vn 0.172736 0.973605 0.149181
vn 0.755625 0.653300 0.047227
vn 0.738944 0.668194 0.086472
vn 0.738944 0.668194 0.086472
vn 0.755625 0.653300 0.047227
vn 0.707107 -0.707107 0.000000
vn 0.276165 0.938960 0.205151
vn 0.172736 0.973605 0.149181
vn 0.306735 0.935935 0.173030
vn 0.738944 0.668194 0.086472
vn 0.707107 -0.707107 0.000000
vn 1.000000 0.000000 0.000000
vn 1.000000 0.000000 0.000000
vn 0.707107 -0.707107 0.000000
vn 0.707107 -0.707107 0.000000
vn 0.707107 -0.707107 0.000000
vn 0.707107 -0.707107 0.000000
vn 0.000000 -0.707107 0.707107
vn 0.738944 0.668194 0.086472
vn 1.000000 0.000000 0.000000
vn 1.000000 0.000000 0.000000
vn 1.000000 0.000000 0.000000
vn 1.000000 0.000000 0.000000
vn 0.707107 -0.707107 0.000000
vn 0.172736 0.973605 0.149181
vn 0.738944 0.668194 0.086472
vn 0.252777 0.955813 0.150086
vn 0.172736 0.973605 0.149181
vn 0.252777 0.955813 0.150086
vn 0.306735 0.935935 0.173030
vn 0.738944 0.668194 0.086472
vn 1.000000 0.000000 0.000000
vn 0.778707 0.621393 0.086523
vn 0.738944 0.668194 0.086472
vn 0.778707 0.621393 0.086523
vn 0.252777 0.955813 0.150086
vn 0.778707 0.621393 0.086523
vn 1.000000 0.000000 0.000000
vn 1.000000 0.000000 0.000000
vn 1.000000 0.000000 0.000000
vn 1.000000 0.000000 0.000000
vn 0.707107 -0.707107 0.000000
vn 0.252777 0.955813 0.150086
vn 0.778707 0.621393 0.086523
vn 0.251098 0.949465 0.188324
vn 0.778707 0.621393 0.086523
vn 1.000000 0.000000 0.000000
vn 0.766039 0.631785 0.118460
vn 0.778707 0.621393 0.086523
vn 0.766039 0.631785 0.118460
vn 0.251098 0.949465 0.188324
vn 0.766039 0.631785 0.118460
vn 1.000000 0.000000 0.000000
vn 0.796041 0.599001 0.086698
vn 1.000000 0.000000 0.000000
vn 0.707107 -0.707107 0.000000
vn 1.000000 0.000000 0.000000
vn 1.000000 0.000000 0.000000
vn 1.000000 0.000000 0.000000
vn 0.796041 0.599001 0.086698
vn 1.000000 0.000000 0.000000
vn 0.707107 -0.707107 0.000000
vn 1.000000 0.000000 0.000000
vn 1.000000 0.000000 0.000000
vn 1.000000 0.000000 0.000000
vn 0.796041 0.599001 0.086698
vn 0.252777 0.955813 0.150086
vn 0.251098 0.949465 0.188324
vn 0.259834 0.952726 0.157475
vn 0.252777 0.955813 0.150086
vn 0.259834 0.952726 0.157475
vn 0.306735 0.935935 0.173030
vn 0.259161 0.950255 0.172774
vn 0.251098 0.949465 0.188324
vn 0.766039 0.631785 0.118460
vn 0.259161 0.950255 0.172774
vn 0.766039 0.631785 0.118460
vn 0.796041 0.599001 0.086698
vn 0.259834 0.952726 0.157475
vn 0.251098 0.949465 0.188324
vn 0.244390 0.946026 0.212856
vn 0.244390 0.946026 0.212856
vn 0.251098 0.949465 0.188324
vn 0.259161 0.950255 0.172774
vn 0.306735 0.935935 0.173030
vn 0.259834 0.952726 0.157475
vn 0.212250 0.966917 0.141500
vn 0.259834 0.952726 0.157475
vn 0.244390 0.946026 0.212856
vn 0.299892 0.915460 0.268324
vn 0.259834 0.952726 0.157475
vn 0.299892 0.915460 0.268324
vn 0.212250 0.966917 0.141500
vn 0.306735 0.935935 0.173030
vn 0.212250 0.966917 0.141500
vn 0.253069 0.956918 0.142351
vn 0.306735 0.935935 0.173030
vn 0.253069 0.956918 0.142351
vn 0.276165 0.938960 0.205151
vn 0.276165 0.938960 0.205151
vn 0.253069 0.956918 0.142351
vn 0.292337 0.924418 0.244931
vn 0.276165 0.938960 0.205151
vn 0.292337 0.924418 0.244931
vn 0.172736 0.973605 0.149181
vn 0.253069 0.956918 0.142351
vn 0.212250 0.966917 0.141500
vn 0.228680 0.946262 0.228680
vn 0.172736 0.973605 0.149181
vn 0.292337 0.924418 0.244931
vn 0.276604 0.940454 0.197574
vn 0.172736 0.973605 0.149181
vn 0.276604 0.940454 0.197574
vn 0.086927 0.663809 0.742834
vn 0.292337 0.924418 0.244931
vn 0.253069 0.956918 0.142351
vn 0.196601 0.975139 0.102232
vn 0.196601 0.975139 0.102232
vn 0.253069 0.956918 0.142351
vn 0.228680 0.946262 0.228680
vn 0.276604 0.940454 0.197574
vn 0.292337 0.924418 0.244931
vn 0.292383 0.940366 0.173849
vn 0.292383 0.940366 0.173849
vn 0.292337 0.924418 0.244931
vn 0.196601 0.975139 0.102232
vn 0.228680 0.946262 0.228680
vn 0.212250 0.966917 0.141500
vn 0.424920 0.826234 0.369838
vn 0.424920 0.826234 0.369838
vn 0.212250 0.966917 0.141500
vn 0.299892 0.915460 0.268324
vn 0.196601 0.975139 0.102232
vn 0.228680 0.946262 0.228680
vn 0.331821 0.876957 0.347623
vn 0.292383 0.940366 0.173849
vn 0.196601 0.975139 0.102232
vn 0.173465 0.977712 0.118272
vn 0.173465 0.977712 0.118272
vn 0.196601 0.975139 0.102232
vn 0.331821 0.876957 0.347623
vn 0.331821 0.876957 0.347623
vn 0.228680 0.946262 0.228680
vn 0.440931 0.748008 0.496048
vn 0.440931 0.748008 0.496048
vn 0.228680 0.946262 0.228680
vn 0.424920 0.826234 0.369838
vn 0.173465 0.977712 0.118272
vn 0.331821 0.876957 0.347623
vn 0.252572 0.852431 0.457787
vn 0.331821 0.876957 0.347623
vn 0.440931 0.748008 0.496048
vn 0.252840 0.829631 0.497779
vn 0.331821 0.876957 0.347623
vn 0.252840 0.829631 0.497779
vn 0.252572 0.852431 0.457787
vn 0.440931 0.748008 0.496048
vn 0.424920 0.826234 0.369838
vn 0.448360 0.810195 0.377567
vn 0.252840 0.829631 0.497779
vn 0.440931 0.748008 0.496048
vn 0.181933 0.925487 0.332226
vn 0.181933 0.925487 0.332226
vn 0.440931 0.748008 0.496048
vn 0.448360 0.810195 0.377567
vn 0.448360 0.810195 0.377567
vn 0.424920 0.826234 0.369838
vn 0.567775 0.757033 0.323316
vn 0.567775 0.757033 0.323316
vn 0.424920 0.826234 0.369838
vn 0.299892 0.915460 0.268324
vn 0.567775 0.757033 0.323316
vn 0.299892 0.915460 0.268324
vn 0.440345 0.857099 0.267352
vn 0.440345 0.857099 0.267352
vn 0.299892 0.915460 0.268324
vn 0.244390 0.946026 0.212856
vn 0.448360 0.810195 0.377567
vn 0.567775 0.757033 0.323316
vn 0.471259 0.871829 0.133523
vn 0.440345 0.857099 0.267352
vn 0.244390 0.946026 0.212856
vn 0.347666 0.916574 0.197537
vn 0.347666 0.916574 0.197537
vn 0.244390 0.946026 0.212856
vn 0.259161 0.950255 0.172774
vn 0.567775 0.757033 0.323316
vn 0.440345 0.857099 0.267352
vn 0.582100 0.794488 0.173057
vn 0.567775 0.757033 0.323316
vn 0.582100 0.794488 0.173057
vn 0.471259 0.871829 0.133523
vn 0.440345 0.857099 0.267352
vn 0.347666 0.916574 0.197537
vn 0.457303 0.859414 0.228651
vn 0.440345 0.857099 0.267352
vn 0.457303 0.859414 0.228651
vn 0.582100 0.794488 0.173057
vn 0.347666 0.916574 0.197537
vn 0.259161 0.950255 0.172774
vn 0.322465 0.935935 0.141570
vn 0.322465 0.935935 0.141570
vn 0.259161 0.950255 0.172774
vn 0.796041 0.599001 0.086698
vn 0.457303 0.859414 0.228651
vn 0.347666 0.916574 0.197537
vn 0.400558 0.887511 0.227768
vn 0.400558 0.887511 0.227768
vn 0.347666 0.916574 0.197537
vn 0.322465 0.935935 0.141570
vn 0.582100 0.794488 0.173057
vn 0.457303 0.859414 0.228651
vn 0.488431 0.866572 0.102413
vn 0.457303 0.859414 0.228651
vn 0.400558 0.887511 0.227768
vn 0.409817 0.898446 0.157622
vn 0.457303 0.859414 0.228651
vn 0.409817 0.898446 0.157622
vn 0.488431 0.866572 0.102413
vn 0.322465 0.935935 0.141570
vn 0.796041 0.599001 0.086698
vn 0.793262 0.604764 0.070687
vn 0.793262 0.604764 0.070687
vn 0.796041 0.599001 0.086698
vn 1.000000 0.000000 0.000000
vn 0.400558 0.887511 0.227768
vn 0.322465 0.935935 0.141570
vn 0.415817 0.894400 0.164758
vn 0.415817 0.894400 0.164758
vn 0.322465 0.935935 0.141570
vn 0.793262 0.604764 0.070687
vn 0.409817 0.898446 0.157622
vn 0.400558 0.887511 0.227768
vn 0.432201 0.887976 0.157164
vn 0.432201 0.887976 0.157164
vn 0.400558 0.887511 0.227768
vn 0.415817 0.894400 0.164758
vn 0.793262 0.604764 0.070687
vn 1.000000 0.000000 0.000000
vn 0.707107 -0.707107 0.000000
vn 0.707107 -0.707107 0.000000
vn 1.000000 0.000000 0.000000
vn 0.707107 -0.707107 0.000000
vn 0.415817 0.894400 0.164758
vn 0.793262 0.604764 0.070687
vn 0.857922 0.511605 0.047225
vn 0.857922 0.511605 0.047225
vn 0.793262 0.604764 0.070687
vn 0.707107 -0.707107 0.000000
vn 0.432201 0.887976 0.157164
vn 0.415817 0.894400 0.164758
vn 0.496417 0.858880 0.126074
vn 0.496417 0.858880 0.126074
vn 0.415817 0.894400 0.164758
vn 0.857922 0.511605 0.047225
vn 0.707107 -0.707107 0.000000
vn 0.707107 -0.707107 0.000000
vn 0.000000 -0.707107 0.707107
vn 0.000000 -0.707107 0.707107
vn 0.707107 -0.707107 0.000000
vn 0.000000 -0.707107 0.707107
vn 0.000000 -0.707107 0.707107
vn 0.000000 -0.707107 0.707107
vn 0.086927 0.663809 0.742834
vn 0.707107 -0.707107 0.000000
vn 0.000000 -0.707107 0.707107
vn 0.707107 -0.707107 0.000000
vn 0.707107 -0.707107 0.000000
vn 0.707107 -0.707107 0.000000
vn 0.857922 0.511605 0.047225
vn 0.000000 -0.707107 0.707107
vn 0.086927 0.663809 0.742834
vn 0.173384 0.630488 0.756586
vn 0.173384 0.630488 0.756586
vn 0.086927 0.663809 0.742834
vn 0.276604 0.940454 0.197574
vn 0.000000 -0.707107 0.707107
vn 0.173384 0.630488 0.756586
vn 0.000000 0.000000 1.000000
vn 0.707107 -0.707107 0.000000
vn 0.000000 -0.707107 0.707107
vn 0.000000 -0.749147 0.662404
vn 0.173384 0.630488 0.756586
vn 0.276604 0.940454 0.197574
vn 0.378787 0.907511 0.181502
vn 0.378787 0.907511 0.181502
vn 0.276604 0.940454 0.197574
vn 0.292383 0.940366 0.173849
vn 0.000000 0.000000 1.000000
vn 0.173384 0.630488 0.756586
vn 0.236543 0.599243 0.764823
vn 0.236543 0.599243 0.764823
vn 0.173384 0.630488 0.756586
vn 0.378787 0.907511 0.181502
vn 0.000000 0.000000 1.000000
vn 0.236543 0.599243 0.764823
vn 0.000000 0.000000 1.000000
vn 0.378787 0.907511 0.181502
vn 0.292383 0.940366 0.173849
vn 0.181553 0.978809 0.094723
vn 0.000000 0.000000 1.000000
vn 0.236543 0.599243 0.764823
vn 0.212434 0.629434 0.747452
vn 0.236543 0.599243 0.764823
vn 0.378787 0.907511 0.181502
vn 0.275071 0.950959 0.141465
vn 0.275071 0.950959 0.141465
vn 0.378787 0.907511 0.181502
vn 0.181553 0.978809 0.094723
vn 0.236543 0.599243 0.764823
vn 0.275071 0.950959 0.141465
vn 0.212434 0.629434 0.747452
vn 0.181553 0.978809 0.094723
vn 0.292383 0.940366 0.173849
vn 0.173465 0.977712 0.118272
vn 0.000000 0.000000 1.000000
vn 0.212434 0.629434 0.747452
vn 0.000000 0.000000 1.000000
vn 0.181553 0.978809 0.094723
vn 0.173465 0.977712 0.118272
vn 0.181327 0.961823 0.204979
vn 0.181327 0.961823 0.204979
vn 0.173465 0.977712 0.118272
vn 0.252572 0.852431 0.457787
vn 0.275071 0.950959 0.141465
vn 0.181553 0.978809 0.094723
vn 0.149895 0.986149 0.071003
vn 0.149895 0.986149 0.071003
vn 0.181553 0.978809 0.094723
vn 0.181327 0.961823 0.204979
vn 0.212434 0.629434 0.747452
vn 0.275071 0.950959 0.141465
vn 0.180605 0.981548 0.062819
vn 0.180605 0.981548 0.062819
vn 0.275071 0.950959 0.141465
vn 0.149895 0.986149 0.071003
vn 0.000000 0.000000 1.000000
vn 0.212434 0.629434 0.747452
vn 0.000000 0.000000 1.000000
vn 0.212434 0.629434 0.747452
vn 0.180605 0.981548 0.062819
vn 0.174078 0.696311 0.696311
vn 0.212434 0.629434 0.747452
vn 0.174078 0.696311 0.696311
vn 0.000000 0.000000 1.000000
vn 0.000000 0.000000 1.000000
vn 0.000000 0.000000 1.000000
vn 0.000000 -0.749147 0.662404
vn 0.174078 0.696311 0.696311
vn 0.180605 0.981548 0.062819
vn 0.133560 0.989919 0.047139
vn 0.000000 0.000000 1.000000
vn 0.174078 0.696311 0.696311
vn 0.078750 0.716624 0.692999
vn 0.078750 0.716624 0.692999
vn 0.174078 0.696311 0.696311
vn 0.133560 0.989919 0.047139
vn 0.133560 0.989919 0.047139
vn 0.180605 0.981548 0.062819
vn 0.164814 0.981034 0.102027
vn 0.164814 0.981034 0.102027
vn 0.180605 0.981548 0.062819
vn 0.149895 0.986149 0.071003
vn 0.164814 0.981034 0.102027
vn 0.149895 0.986149 0.071003
vn 0.188626 0.958848 0.212204
vn 0.188626 0.958848 0.212204
vn 0.149895 0.986149 0.071003
vn 0.181327 0.961823 0.204979
vn 0.133560 0.989919 0.047139
vn 0.164814 0.981034 0.102027
vn 0.000000 0.989950 0.141421
vn 0.188626 0.958848 0.212204
vn 0.181327 0.961823 0.204979
vn 0.078672 0.912594 0.401227
vn 0.078672 0.912594 0.401227
vn 0.181327 0.961823 0.204979
vn 0.252572 0.852431 0.457787
vn 0.164814 0.981034 0.102027
vn 0.188626 0.958848 0.212204
vn 0.031582 0.986948 0.157912
vn 0.164814 0.981034 0.102027
vn 0.031582 0.986948 0.157912
vn 0.000000 0.989950 0.141421
vn 0.188626 0.958848 0.212204
vn 0.078672 0.912594 0.401227
vn -0.079037 0.964254 0.252919
vn 0.188626 0.958848 0.212204
vn -0.079037 0.964254 0.252919
vn 0.031582 0.986948 0.157912
vn 0.078672 0.912594 0.401227
vn 0.252572 0.852431 0.457787
vn -0.078985 0.908332 0.410724
vn -0.078985 0.908332 0.410724
vn 0.252572 0.852431 0.457787
vn 0.252840 0.829631 0.497779
vn -0.079037 0.964254 0.252919
vn 0.078672 0.912594 0.401227
vn -0.205266 0.931592 0.300004
vn -0.205266 0.931592 0.300004
vn 0.078672 0.912594 0.401227
vn -0.078985 0.908332 0.410724
vn -0.078985 0.908332 0.410724
vn 0.252840 0.829631 0.497779
vn -0.117990 0.951783 0.283175
vn -0.117990 0.951783 0.283175
vn 0.252840 0.829631 0.497779
vn 0.181933 0.925487 0.332226
vn -0.205266 0.931592 0.300004
vn -0.078985 0.908332 0.410724
vn -0.236360 0.921803 0.307268
vn -0.236360 0.921803 0.307268
vn -0.078985 0.908332 0.410724
vn -0.117990 0.951783 0.283175
vn -0.079037 0.964254 0.252919
vn -0.205266 0.931592 0.300004
vn -0.235702 0.942809 0.235702
vn -0.188626 0.966708 0.172907
vn 0.031582 0.986948 0.157912
vn -0.079037 0.964254 0.252919
vn -0.188626 0.966708 0.172907
vn -0.079037 0.964254 0.252919
vn -0.235702 0.942809 0.235702
vn -0.235702 0.942809 0.235702
vn -0.205266 0.931592 0.300004
vn -0.260254 0.906947 0.331233
vn -0.260254 0.906947 0.331233
vn -0.205266 0.931592 0.300004
vn -0.236360 0.921803 0.307268
vn -0.188626 0.966708 0.172907
vn -0.235702 0.942809 0.235702
vn -0.283879 0.938376 0.197138
vn 0.031582 0.986948 0.157912
vn -0.188626 0.966708 0.172907
vn -0.172529 0.972437 0.156845
vn 0.031582 0.986948 0.157912
vn -0.172529 0.972437 0.156845
vn 0.000000 0.989950 0.141421
vn -0.172529 0.972437 0.156845
vn -0.188626 0.966708 0.172907
vn -0.259834 0.952726 0.157475
vn -0.259834 0.952726 0.157475
vn -0.188626 0.966708 0.172907
vn -0.283879 0.938376 0.197138
vn 0.000000 0.989950 0.141421
vn -0.172529 0.972437 0.156845
vn -0.243544 0.942751 0.227831
vn -0.283879 0.938376 0.197138
vn -0.235702 0.942809 0.235702
vn -0.322146 0.895724 0.306432
vn -0.322146 0.895724 0.306432
vn -0.235702 0.942809 0.235702
vn -0.260254 0.906947 0.331233
vn -0.172529 0.972437 0.156845
vn -0.259834 0.952726 0.157475
vn -0.283879 0.938376 0.197138
vn -0.172529 0.972437 0.156845
vn -0.283879 0.938376 0.197138
vn -0.243544 0.942751 0.227831
vn 0.000000 0.989950 0.141421
vn -0.243544 0.942751 0.227831
vn -0.110521 0.986794 0.118415
vn 0.000000 0.989950 0.141421
vn -0.110521 0.986794 0.118415
vn 0.133560 0.989919 0.047139
vn 0.133560 0.989919 0.047139
vn -0.110521 0.986794 0.118415
vn 0.078750 0.716624 0.692999
vn -0.110521 0.986794 0.118415
vn -0.243544 0.942751 0.227831
vn -0.314250 0.934895 0.164981
vn 0.078750 0.716624 0.692999
vn -0.110521 0.986794 0.118415
vn -0.118338 0.702138 0.702138
vn -0.118338 0.702138 0.702138
vn -0.110521 0.986794 0.118415
vn -0.314250 0.934895 0.164981
vn -0.314250 0.934895 0.164981
vn -0.243544 0.942751 0.227831
vn -0.314805 0.912933 0.259714
vn -0.314805 0.912933 0.259714
vn -0.243544 0.942751 0.227831
vn -0.283879 0.938376 0.197138
vn -0.118338 0.702138 0.702138
vn -0.314250 0.934895 0.164981
vn -0.212777 0.646210 0.732897
vn 0.078750 0.716624 0.692999
vn -0.118338 0.702138 0.702138
vn 0.000000 0.000000 1.000000
vn 0.000000 0.000000 1.000000
vn -0.118338 0.702138 0.702138
vn -0.212777 0.646210 0.732897
vn 0.078750 0.716624 0.692999
vn 0.000000 0.000000 1.000000
vn 0.000000 0.000000 1.000000
vn 0.078750 0.716624 0.692999
vn 0.000000 0.000000 1.000000
vn 0.000000 0.000000 1.000000
vn 0.000000 0.000000 1.000000
vn 0.000000 0.000000 1.000000
vn 0.000000 -0.749147 0.662404
vn 0.000000 0.000000 1.000000
vn 0.000000 0.000000 1.000000
vn 0.000000 -0.707107 0.707107
vn 0.000000 0.000000 1.000000
vn 0.000000 -0.707107 0.707107
vn 0.000000 -0.749147 0.662404
vn 0.000000 0.000000 1.000000
vn -0.212777 0.646210 0.732897
vn 0.000000 -0.707107 0.707107
vn 0.000000 0.000000 1.000000
vn 0.000000 -0.707107 0.707107
vn 0.000000 -0.707107 0.707107
vn -0.260149 0.953880 0.149783
vn -0.212777 0.646210 0.732897
vn -0.314250 0.934895 0.164981
vn -0.260149 0.953880 0.149783
vn -0.314250 0.934895 0.164981
vn -0.314805 0.912933 0.259714
vn -0.212777 0.646210 0.732897
vn -0.260149 0.953880 0.149783
vn -0.149694 0.646050 0.748473
vn -0.260149 0.953880 0.149783
vn -0.314805 0.912933 0.259714
vn -0.236956 0.947825 0.213261
vn -0.212777 0.646210 0.732897
vn -0.149694 0.646050 0.748473
vn 0.000000 -0.707107 0.707107
vn -0.212777 0.646210 0.732897
vn 0.000000 -0.707107 0.707107
vn 0.000000 -0.707107 0.707107
vn -0.149694 0.646050 0.748473
vn -0.260149 0.953880 0.149783
vn -0.157500 0.984374 0.078750
vn -0.157500 0.984374 0.078750
vn -0.260149 0.953880 0.149783
vn -0.236956 0.947825 0.213261
vn 0.000000 -0.707107 0.707107
vn -0.149694 0.646050 0.748473
vn 0.000000 0.000000 1.000000
vn -0.149694 0.646050 0.748473
vn -0.157500 0.984374 0.078750
vn -0.094383 0.707872 0.700007
vn -0.149694 0.646050 0.748473
vn -0.094383 0.707872 0.700007
vn 0.000000 0.000000 1.000000
vn -0.284064 0.931099 0.228829
vn -0.236956 0.947825 0.213261
vn -0.314805 0.912933 0.259714
vn -0.284064 0.931099 0.228829
vn -0.314805 0.912933 0.259714
vn -0.283879 0.938376 0.197138
vn -0.157500 0.984374 0.078750
vn -0.236956 0.947825 0.213261
vn -0.236986 0.955843 0.173790
vn 0.000000 0.000000 1.000000
vn -0.094383 0.707872 0.700007
vn 0.000000 0.000000 1.000000
vn 0.000000 0.000000 1.000000
vn 0.000000 0.000000 1.000000
vn 0.000000 -0.707107 0.707107
vn -0.094383 0.707872 0.700007
vn -0.157500 0.984374 0.078750
vn -0.243777 0.967245 0.070774
vn -0.243777 0.967245 0.070774
vn -0.157500 0.984374 0.078750
vn -0.236986 0.955843 0.173790
vn 0.000000 0.000000 1.000000
vn -0.094383 0.707872 0.700007
vn -0.173121 0.700353 0.692484
vn -0.173121 0.700353 0.692484
vn -0.094383 0.707872 0.700007
vn -0.243777 0.967245 0.070774
vn -0.236986 0.955843 0.173790
vn -0.236956 0.947825 0.213261
vn -0.274563 0.941358 0.196116
vn -0.274563 0.941358 0.196116
vn -0.236956 0.947825 0.213261
vn -0.284064 0.931099 0.228829
vn -0.243777 0.967245 0.070774
vn -0.236986 0.955843 0.173790
vn -0.252470 0.954652 0.157794
vn -0.236986 0.955843 0.173790
vn -0.274563 0.941358 0.196116
vn -0.283394 0.944648 0.165313
vn -0.236986 0.955843 0.173790
vn -0.283394 0.944648 0.165313
vn -0.252470 0.954652 0.157794
vn -0.243777 0.967245 0.070774
vn -0.252470 0.954652 0.157794
vn -0.243777 0.967245 0.070774
vn -0.243777 0.967245 0.070774
vn -0.243777 0.967245 0.070774
vn -0.173121 0.700353 0.692484
vn -0.252470 0.954652 0.157794
vn -0.283394 0.944648 0.165313
vn -0.788772 0.607355 0.094653
vn 0.000000 0.000000 1.000000
vn 0.000000 0.000000 1.000000
vn -0.173121 0.700353 0.692484
vn 0.000000 0.000000 1.000000
vn 0.000000 0.000000 1.000000
vn 0.000000 -0.707107 0.707107
vn -0.243777 0.967245 0.070774
vn -0.252470 0.954652 0.157794
vn -0.764135 0.638092 0.094532
vn -0.764135 0.638092 0.094532
vn -0.252470 0.954652 0.157794
vn -0.788772 0.607355 0.094653
vn -0.173121 0.700353 0.692484
vn -0.243777 0.967245 0.070774
vn -0.172993 0.668380 0.723423
vn -0.243777 0.967245 0.070774
vn -0.764135 0.638092 0.094532
vn -0.780763 0.623033 0.047319
vn -0.243777 0.967245 0.070774
vn -0.780763 0.623033 0.047319
vn -0.172993 0.668380 0.723423
vn 0.000000 0.000000 1.000000
vn -0.173121 0.700353 0.692484
vn 0.000000 0.000000 1.000000
vn 0.000000 0.000000 1.000000
vn -0.173121 0.700353 0.692484
vn -0.172993 0.668380 0.723423
vn 0.000000 0.000000 1.000000
vn -0.172993 0.668380 0.723423
vn -0.620262 0.518193 0.588856
vn -0.620262 0.518193 0.588856
vn -0.172993 0.668380 0.723423
vn -0.780763 0.623033 0.047319
vn 0.000000 0.000000 1.000000
vn 0.000000 0.000000 1.000000
vn 0.000000 -0.707107 0.707107
vn 0.000000 0.000000 1.000000
vn 0.000000 -0.707107 0.707107
vn 0.000000 -0.707107 0.707107
vn 0.000000 0.000000 1.000000
vn -0.620262 0.518193 0.588856
vn -0.707107 0.000000 0.707107
vn 0.000000 0.000000 1.000000
vn -0.707107 0.000000 0.707107
vn 0.000000 -0.707107 0.707107
vn -0.707107 0.000000 0.707107
vn -0.620262 0.518193 0.588856
vn -0.780763 0.623033 0.047319
vn 0.000000 -0.707107 0.707107
vn -0.707107 0.000000 0.707107
vn -0.577350 -0.577350 0.577350
vn 0.000000 -0.707107 0.707107
vn -0.577350 -0.577350 0.577350
vn -0.707107 -0.707107 0.000000
vn -0.707107 -0.707107 0.000000
vn -0.577350 -0.577350 0.577350
vn -0.707107 0.000000 0.707107
vn 0.000000 -0.707107 0.707107
vn -0.707107 -0.707107 0.000000
vn 0.000000 -0.707107 0.707107
vn -0.707107 -0.707107 0.000000
vn -0.707107 0.000000 0.707107
vn -0.780763 0.623033 0.047319
vn 0.000000 -0.707107 0.707107
vn -0.707107 -0.707107 0.000000
vn -0.707107 -0.707107 0.000000
vn -0.707107 -0.707107 0.000000
vn -0.707107 -0.707107 0.000000
vn -0.780763 0.623033 0.047319
vn -0.707107 -0.707107 0.000000
vn -0.780763 0.623033 0.047319
vn -0.764135 0.638092 0.094532
vn 0.000000 -0.707107 0.707107
vn -0.707107 -0.707107 0.000000
vn 0.000000 -0.707107 0.707107
vn -0.707107 -0.707107 0.000000
vn -0.764135 0.638092 0.094532
vn -0.707107 -0.707107 0.000000
vn -0.707107 -0.707107 0.000000
vn -0.707107 -0.707107 0.000000
vn 0.000000 -0.707107 0.707107
vn -0.707107 -0.707107 0.000000
vn -0.764135 0.638092 0.094532
vn -0.788772 0.607355 0.094653
vn -0.707107 -0.707107 0.000000
vn -0.788772 0.607355 0.094653
vn -0.707107 -0.707107 0.000000
vn -0.707107 -0.707107 0.000000
vn -0.707107 -0.707107 0.000000
vn 0.000000 -0.707107 0.707107
vn -0.707107 -0.707107 0.000000
vn -0.788772 0.607355 0.094653
vn -1.000000 0.000000 0.000000
vn 0.000000 -0.707107 0.707107
vn -0.707107 -0.707107 0.000000
vn -0.707107 -0.707107 0.000000
vn -0.707107 -0.707107 0.000000
vn -0.707107 -0.707107 0.000000
vn -1.000000 0.000000 0.000000
vn -1.000000 0.000000 0.000000
vn -0.788772 0.607355 0.094653
vn -0.796041 0.599001 0.086698
vn -0.796041 0.599001 0.086698
vn -0.788772 0.607355 0.094653
vn -0.283394 0.944648 0.165313
vn -0.707107 -0.707107 0.000000
vn -1.000000 0.000000 0.000000
vn -1.000000 0.000000 0.000000
vn -0.796041 0.599001 0.086698
vn -0.283394 0.944648 0.165313
vn -0.321710 0.933743 0.156932
vn -0.321710 0.933743 0.156932
vn -0.283394 0.944648 0.165313
vn -0.274563 0.941358 0.196116
vn -1.000000 0.000000 0.000000
vn -0.796041 0.599001 0.086698
vn -0.812208 0.575643 0.094626
vn -0.812208 0.575643 0.094626
vn -0.796041 0.599001 0.086698
vn -0.321710 0.933743 0.156932
vn -1.000000 0.000000 0.000000
vn -0.812208 0.575643 0.094626
vn -1.000000 0.000000 0.000000
vn -0.707107 -0.707107 0.000000
vn -1.000000 0.000000 0.000000
vn -0.707107 -0.707107 0.000000
vn -0.707107 -0.707107 0.000000
vn -0.707107 -0.707107 0.000000
vn 0.000000 -0.707107 0.707107
vn -1.000000 0.000000 0.000000
vn -0.812208 0.575643 0.094626
vn -0.826234 0.550823 0.118033
vn -1.000000 0.000000 0.000000
vn -0.826234 0.550823 0.118033
vn -0.707107 -0.707107 0.000000
vn -0.812208 0.575643 0.094626
vn -0.321710 0.933743 0.156932
vn -0.331130 0.930317 0.157681
vn -0.812208 0.575643 0.094626
vn -0.331130 0.930317 0.157681
vn -0.826234 0.550823 0.118033
vn -0.299584 0.938172 0.173444
vn -0.321710 0.933743 0.156932
vn -0.274563 0.941358 0.196116
vn -0.321710 0.933743 0.156932
vn -0.299584 0.938172 0.173444
vn -0.331130 0.930317 0.157681
vn -0.299584 0.938172 0.173444
vn -0.274563 0.941358 0.196116
vn -0.284064 0.931099 0.228829
vn -0.299584 0.938172 0.173444
vn -0.284064 0.931099 0.228829
vn -0.259834 0.952726 0.157475
vn -0.259834 0.952726 0.157475
vn -0.284064 0.931099 0.228829
vn -0.283879 0.938376 0.197138
vn -0.259834 0.952726 0.157475
vn -0.283879 0.938376 0.197138
vn -0.259834 0.952726 0.157475
vn -0.299584 0.938172 0.173444
vn -0.259834 0.952726 0.157475
vn -0.275369 0.951989 0.133751
vn -0.299584 0.938172 0.173444
vn -0.275369 0.951989 0.133751
vn -0.331130 0.930317 0.157681
vn -0.259834 0.952726 0.157475
vn -0.259834 0.952726 0.157475
vn -0.290610 0.942518 0.164941
vn -0.259834 0.952726 0.157475
vn -0.290610 0.942518 0.164941
vn -0.275369 0.951989 0.133751
vn -0.290610 0.942518 0.164941
vn -0.259834 0.952726 0.157475
vn -0.283879 0.938376 0.197138
vn -0.331130 0.930317 0.157681
vn -0.275369 0.951989 0.133751
vn -0.316149 0.932639 0.173882
vn -0.331130 0.930317 0.157681
vn -0.316149 0.932639 0.173882
vn -0.826234 0.550823 0.118033
vn -0.275369 0.951989 0.133751
vn -0.290610 0.942518 0.164941
vn -0.307650 0.930838 0.197211
vn -0.275369 0.951989 0.133751
vn -0.307650 0.930838 0.197211
vn -0.316149 0.932639 0.173882
vn -0.290610 0.942518 0.164941
vn -0.283879 0.938376 0.197138
vn -0.322515 0.912481 0.251719
vn -0.290610 0.942518 0.164941
vn -0.322515 0.912481 0.251719
vn -0.307650 0.930838 0.197211
vn -0.322515 0.912481 0.251719
vn -0.283879 0.938376 0.197138
vn -0.322146 0.895724 0.306432
vn -0.826234 0.550823 0.118033
vn -0.316149 0.932639 0.173882
vn -0.800968 0.573242 0.172758
vn -0.316149 0.932639 0.173882
vn -0.307650 0.930838 0.197211
vn -0.307918 0.907964 0.284232
vn -0.316149 0.932639 0.173882
vn -0.307918 0.907964 0.284232
vn -0.800968 0.573242 0.172758
vn -0.307650 0.930838 0.197211
vn -0.322515 0.912481 0.251719
vn -0.362925 0.867865 0.339256
vn -0.307650 0.930838 0.197211
vn -0.362925 0.867865 0.339256
vn -0.307918 0.907964 0.284232
vn -0.322515 0.912481 0.251719
vn -0.322146 0.895724 0.306432
vn -0.392486 0.824221 0.408185
vn -0.322515 0.912481 0.251719
vn -0.392486 0.824221 0.408185
vn -0.362925 0.867865 0.339256
vn -0.392486 0.824221 0.408185
vn -0.322146 0.895724 0.306432
vn -0.322575 0.841842 0.432722
vn -0.322575 0.841842 0.432722
vn -0.322146 0.895724 0.306432
vn -0.260254 0.906947 0.331233
vn -0.362925 0.867865 0.339256
vn -0.392486 0.824221 0.408185
vn -0.426574 0.813651 0.394976
vn -0.392486 0.824221 0.408185
vn -0.322575 0.841842 0.432722
vn -0.394976 0.829450 0.394976
vn -0.392486 0.824221 0.408185
vn -0.394976 0.829450 0.394976
vn -0.426574 0.813651 0.394976
vn -0.322575 0.841842 0.432722
vn -0.260254 0.906947 0.331233
vn -0.188550 0.903470 0.384957
vn -0.188550 0.903470 0.384957
vn -0.260254 0.906947 0.331233
vn -0.236360 0.921803 0.307268
vn -0.394976 0.829450 0.394976
vn -0.322575 0.841842 0.432722
vn -0.236067 0.904923 0.354100
vn -0.236067 0.904923 0.354100
vn -0.322575 0.841842 0.432722
vn -0.188550 0.903470 0.384957
vn -0.362925 0.867865 0.339256
vn -0.426574 0.813651 0.394976
vn -0.369199 0.856226 0.361343
vn -0.362925 0.867865 0.339256
vn -0.369199 0.856226 0.361343
vn -0.307918 0.907964 0.284232
vn -0.188550 0.903470 0.384957
vn -0.236360 0.921803 0.307268
vn -0.157285 0.943712 0.290978
vn -0.157285 0.943712 0.290978
vn -0.236360 0.921803 0.307268
vn -0.117990 0.951783 0.283175
vn -0.236067 0.904923 0.354100
vn -0.188550 0.903470 0.384957
vn -0.086609 0.952697 0.291321
vn -0.086609 0.952697 0.291321
vn -0.188550 0.903470 0.384957
vn -0.157285 0.943712 0.290978
vn -0.307918 0.907964 0.284232
vn -0.369199 0.856226 0.361343
vn -0.808297 0.549328 0.211884
vn -0.307918 0.907964 0.284232
vn -0.808297 0.549328 0.211884
vn -0.800968 0.573242 0.172758
vn -0.157285 0.943712 0.290978
vn -0.117990 0.951783 0.283175
vn -0.055142 0.984679 0.165426
vn -0.055142 0.984679 0.165426
vn -0.117990 0.951783 0.283175
vn 0.181933 0.925487 0.332226
vn -0.086609 0.952697 0.291321
vn -0.157285 0.943712 0.290978
vn 0.015711 0.981941 0.188533
vn 0.015711 0.981941 0.188533
vn -0.157285 0.943712 0.290978
vn -0.055142 0.984679 0.165426
vn -0.800968 0.573242 0.172758
vn -0.808297 0.549328 0.211884
vn -1.000000 0.000000 0.000000
vn -0.800968 0.573242 0.172758
vn -1.000000 0.000000 0.000000
vn -0.826234 0.550823 0.118033
vn -0.055142 0.984679 0.165426
vn 0.181933 0.925487 0.332226
vn 0.165802 0.979022 0.118430
vn 0.165802 0.979022 0.118430
vn 0.181933 0.925487 0.332226
vn 0.448360 0.810195 0.377567
vn 0.165802 0.979022 0.118430
vn 0.448360 0.810195 0.377567
vn 0.471259 0.871829 0.133523
vn -0.055142 0.984679 0.165426
vn 0.165802 0.979022 0.118430
vn 0.063238 0.995993 0.063238
vn -0.055142 0.984679 0.165426
vn 0.063238 0.995993 0.063238
vn 0.015711 0.981941 0.188533
vn 0.165802 0.979022 0.118430
vn 0.471259 0.871829 0.133523
vn 0.173330 0.984832 0.007879
vn 0.165802 0.979022 0.118430
vn 0.173330 0.984832 0.007879
vn 0.063238 0.995993 0.063238
vn 0.173330 0.984832 0.007879
vn 0.471259 0.871829 0.133523
vn 0.402274 0.914976 0.031551
vn 0.402274 0.914976 0.031551
vn 0.471259 0.871829 0.133523
vn 0.582100 0.794488 0.173057
vn 0.402274 0.914976 0.031551
vn 0.582100 0.794488 0.173057
vn 0.488431 0.866572 0.102413
vn 0.173330 0.984832 0.007879
vn 0.402274 0.914976 0.031551
vn 0.197630 0.980245 -0.007905
vn 0.063238 0.995993 0.063238
vn 0.173330 0.984832 0.007879
vn 0.118081 0.991880 0.047232
vn 0.118081 0.991880 0.047232
vn 0.173330 0.984832 0.007879
vn 0.197630 0.980245 -0.007905
vn 0.063238 0.995993 0.063238
vn 0.118081 0.991880 0.047232
vn 0.086873 0.995092 0.047385
vn 0.063238 0.995993 0.063238
vn 0.086873 0.995092 0.047385
vn 0.015711 0.981941 0.188533
vn 0.402274 0.914976 0.031551
vn 0.488431 0.866572 0.102413
vn 0.353663 0.935241 -0.015718
vn 0.402274 0.914976 0.031551
vn 0.353663 0.935241 -0.015718
vn 0.197630 0.980245 -0.007905
vn 0.353663 0.935241 -0.015718
vn 0.488431 0.866572 0.102413
vn 0.447214 0.894427 0.000000
vn 0.447214 0.894427 0.000000
vn 0.488431 0.866572 0.102413
vn 0.409817 0.898446 0.157622
vn 0.015711 0.981941 0.188533
vn 0.086873 0.995092 0.047385
vn 0.000000 0.997498 0.070689
vn 0.015711 0.981941 0.188533
vn 0.000000 0.997498 0.070689
vn -0.086609 0.952697 0.291321
vn 0.447214 0.894427 0.000000
vn 0.409817 0.898446 0.157622
vn 0.385994 0.921660 0.039387
vn 0.385994 0.921660 0.039387
vn 0.409817 0.898446 0.157622
vn 0.432201 0.887976 0.157164
vn -0.086609 0.952697 0.291321
vn 0.000000 0.997498 0.070689
vn -0.173121 0.975773 0.133775
vn -0.086609 0.952697 0.291321
vn -0.173121 0.975773 0.133775
vn -0.236067 0.904923 0.354100
vn 0.385994 0.921660 0.039387
vn 0.432201 0.887976 0.157164
vn 0.426748 0.900911 0.079027
vn 0.426748 0.900911 0.079027
vn 0.432201 0.887976 0.157164
vn 0.496417 0.858880 0.126074
vn -0.236067 0.904923 0.354100
vn -0.173121 0.975773 0.133775
vn -0.338226 0.920290 0.196643
vn -0.236067 0.904923 0.354100
vn -0.338226 0.920290 0.196643
vn -0.394976 0.829450 0.394976
vn -0.173121 0.975773 0.133775
vn 0.000000 0.997498 0.070689
vn -0.086927 0.995713 -0.031610
vn -0.394976 0.829450 0.394976
vn -0.338226 0.920290 0.196643
vn -0.423728 0.863150 0.274639
vn -0.394976 0.829450 0.394976
vn -0.423728 0.863150 0.274639
vn -0.426574 0.813651 0.394976
vn -0.338226 0.920290 0.196643
vn -0.173121 0.975773 0.133775
vn -0.244269 0.969195 0.031519
vn -0.244269 0.969195 0.031519
vn -0.173121 0.975773 0.133775
vn -0.086927 0.995713 -0.031610
vn -0.423728 0.863150 0.274639
vn -0.338226 0.920290 0.196643
vn -0.323457 0.938814 0.118338
vn -0.323457 0.938814 0.118338
vn -0.338226 0.920290 0.196643
vn -0.244269 0.969195 0.031519
vn -0.426574 0.813651 0.394976
vn -0.423728 0.863150 0.274639
vn -0.402826 0.853042 0.331739
vn -0.426574 0.813651 0.394976
vn -0.402826 0.853042 0.331739
vn -0.369199 0.856226 0.361343
vn -0.423728 0.863150 0.274639
vn -0.323457 0.938814 0.118338
vn -0.330167 0.919750 0.212250
vn -0.423728 0.863150 0.274639
vn -0.330167 0.919750 0.212250
vn -0.402826 0.853042 0.331739
vn -0.369199 0.856226 0.361343
vn -0.402826 0.853042 0.331739
vn -0.834439 0.511684 0.204674
vn -0.369199 0.856226 0.361343
vn -0.834439 0.511684 0.204674
vn -0.808297 0.549328 0.211884
vn -0.402826 0.853042 0.331739
vn -0.330167 0.919750 0.212250
vn -0.805651 0.568695 0.165869
vn -0.402826 0.853042 0.331739
vn -0.805651 0.568695 0.165869
vn -0.834439 0.511684 0.204674
vn -0.330167 0.919750 0.212250
vn -0.323457 0.938814 0.118338
vn -0.251152 0.965367 0.070637
vn -0.805651 0.568695 0.165869
vn -0.330167 0.919750 0.212250
vn -0.786063 0.613129 0.078606
vn -0.786063 0.613129 0.078606
vn -0.330167 0.919750 0.212250
vn -0.251152 0.965367 0.070637
vn -0.805651 0.568695 0.165869
vn -0.786063 0.613129 0.078606
vn -1.000000 0.000000 0.000000
vn -0.805651 0.568695 0.165869
vn -1.000000 0.000000 0.000000
vn -0.834439 0.511684 0.204674
vn -1.000000 0.000000 0.000000
vn -0.808297 0.549328 0.211884
vn -0.834439 0.511684 0.204674
vn -0.808297 0.549328 0.211884
vn -1.000000 0.000000 0.000000
vn -1.000000 0.000000 0.000000
vn -0.251152 0.965367 0.070637
vn -0.323457 0.938814 0.118338
vn -0.251711 0.967515 0.023598
vn -0.251711 0.967515 0.023598
vn -0.323457 0.938814 0.118338
vn -0.244269 0.969195 0.031519
vn -0.251711 0.967515 0.023598
vn -0.244269 0.969195 0.031519
vn -0.165549 0.985413 -0.039417
vn -0.165549 0.985413 -0.039417
vn -0.244269 0.969195 0.031519
vn -0.086927 0.995713 -0.031610
vn -0.251152 0.965367 0.070637
vn -0.251711 0.967515 0.023598
vn -0.220254 0.975411 -0.007866
vn -0.251711 0.967515 0.023598
vn -0.165549 0.985413 -0.039417
vn -0.205113 0.978230 -0.031556
vn -0.251711 0.967515 0.023598
vn -0.205113 0.978230 -0.031556
vn -0.220254 0.975411 -0.007866
vn -0.251152 0.965367 0.070637
vn -0.220254 0.975411 -0.007866
vn -0.756375 0.653949 -0.015758
vn -0.251152 0.965367 0.070637
vn -0.756375 0.653949 -0.015758
vn -0.786063 0.613129 0.078606
vn -0.786063 0.613129 0.078606
vn -0.756375 0.653949 -0.015758
vn -1.000000 0.000000 0.000000
vn -0.786063 0.613129 0.078606
vn -1.000000 0.000000 0.000000
vn -1.000000 0.000000 0.000000
vn -0.756375 0.653949 -0.015758
vn -0.220254 0.975411 -0.007866
vn -0.788110 0.614726 -0.031524
vn -1.000000 0.000000 0.000000
vn -0.756375 0.653949 -0.015758
vn -1.000000 0.000000 0.000000
vn -1.000000 0.000000 0.000000
vn -0.756375 0.653949 -0.015758
vn -0.788110 0.614726 -0.031524
vn -1.000000 0.000000 0.000000
vn -1.000000 0.000000 0.000000
vn -0.707107 -0.707107 0.000000
vn -1.000000 0.000000 0.000000
vn -1.000000 0.000000 0.000000
vn -0.707107 -0.707107 0.000000
vn -1.000000 0.000000 0.000000
vn -0.707107 -0.707107 0.000000
vn -0.707107 -0.707107 0.000000
vn -0.707107 -0.707107 0.000000
vn -1.000000 0.000000 0.000000
vn -0.707107 -0.707107 0.000000
vn -0.707107 -0.707107 0.000000
vn -1.000000 0.000000 0.000000
vn -0.788110 0.614726 -0.031524
vn -0.707107 -0.707107 0.000000
vn -0.707107 -0.707107 0.000000
vn 0.000000 -0.707107 0.707107
vn 0.000000 -0.707107 0.707107
vn -0.707107 -0.707107 0.000000
vn -0.707107 -0.707107 0.000000
vn -1.000000 0.000000 0.000000
vn -0.707107 -0.707107 0.000000
vn -0.707107 -0.707107 0.000000
vn -0.707107 -0.707107 0.000000
vn -0.707107 -0.707107 0.000000
vn 0.000000 -0.707107 0.707107
vn -1.000000 0.000000 0.000000
vn -0.707107 -0.707107 0.000000
vn -0.834439 0.511684 0.204674
vn -0.834439 0.511684 0.204674
vn -0.707107 -0.707107 0.000000
vn -0.707107 -0.707107 0.000000
vn -0.707107 -0.707107 0.000000
vn -0.707107 -0.707107 0.000000
vn 0.000000 -0.707107 0.707107
vn -0.834439 0.511684 0.204674
vn -0.707107 -0.707107 0.000000
vn -1.000000 0.000000 0.000000
vn -1.000000 0.000000 0.000000
vn -0.707107 -0.707107 0.000000
vn -0.707107 -0.707107 0.000000
vn -0.707107 -0.707107 0.000000
vn -0.707107 -0.707107 0.000000
vn 0.000000 -0.707107 0.707107
vn -1.000000 0.000000 0.000000
vn -0.707107 -0.707107 0.000000
vn -1.000000 0.000000 0.000000
vn -1.000000 0.000000 0.000000
vn -0.707107 -0.707107 0.000000
vn -0.707107 -0.707107 0.000000
vn -0.707107 -0.707107 0.000000
vn -0.707107 -0.707107 0.000000
vn 0.000000 -0.707107 0.707107
vn -1.000000 0.000000 0.000000
vn -0.707107 -0.707107 0.000000
vn -0.826234 0.550823 0.118033
vn -0.826234 0.550823 0.118033
vn -0.707107 -0.707107 0.000000
vn -0.707107 -0.707107 0.000000
vn -0.707107 -0.707107 0.000000
vn -0.707107 -0.707107 0.000000
vn 0.000000 -0.707107 0.707107
vn -0.707107 -0.707107 0.000000
vn 0.000000 -0.707107 0.707107
vn -0.707107 -0.707107 0.000000
vn -0.707107 -0.707107 0.000000
vn -0.707107 -0.707107 0.000000
vn -0.788110 0.614726 -0.031524
vn 0.000000 -0.707107 0.707107
vn -0.707107 -0.707107 0.000000
vn 0.000000 -0.707107 0.707107
vn -0.707107 -0.707107 0.000000
vn -0.788110 0.614726 -0.031524
vn -1.000000 0.000000 0.000000
vn 0.000000 -0.707107 0.707107
vn -0.707107 -0.707107 0.000000
vn -0.707107 -0.707107 0.000000
vn -0.707107 -0.707107 0.000000
vn -0.707107 -0.707107 0.000000
vn -1.000000 0.000000 0.000000
vn -1.000000 0.000000 0.000000
vn -0.788110 0.614726 -0.031524
vn -0.765180 0.638965 -0.078885
vn -0.707107 -0.707107 0.000000
vn -1.000000 0.000000 0.000000
vn -1.000000 0.000000 0.000000
vn -0.765180 0.638965 -0.078885
vn -0.788110 0.614726 -0.031524
vn -0.212335 0.975170 -0.062914
vn -0.212335 0.975170 -0.062914
vn -0.788110 0.614726 -0.031524
vn -0.220254 0.975411 -0.007866
vn -0.212335 0.975170 -0.062914
vn -0.220254 0.975411 -0.007866
vn -0.205113 0.978230 -0.031556
vn -1.000000 0.000000 0.000000
vn -0.765180 0.638965 -0.078885
vn -0.764135 0.638092 -0.094532
vn -1.000000 0.000000 0.000000
vn -0.764135 0.638092 -0.094532
vn -1.000000 0.000000 0.000000
vn -0.765180 0.638965 -0.078885
vn -0.212335 0.975170 -0.062914
vn -0.205157 0.970552 -0.126251
vn -0.765180 0.638965 -0.078885
vn -0.205157 0.970552 -0.126251
vn -0.764135 0.638092 -0.094532
vn -0.212335 0.975170 -0.062914
vn -0.205113 0.978230 -0.031556
vn -0.172800 0.981820 -0.078546
vn -0.212335 0.975170 -0.062914
vn -0.172800 0.981820 -0.078546
vn -0.205157 0.970552 -0.126251
vn -0.172800 0.981820 -0.078546
vn -0.205113 0.978230 -0.031556
vn -0.125657 0.989553 -0.070682
vn -0.125657 0.989553 -0.070682
vn -0.205113 0.978230 -0.031556
vn -0.165549 0.985413 -0.039417
vn -0.205157 0.970552 -0.126251
vn -0.172800 0.981820 -0.078546
vn -0.204143 0.973605 -0.102072
vn -0.125657 0.989553 -0.070682
vn -0.165549 0.985413 -0.039417
vn -0.078958 0.994875 -0.063167
vn -0.078958 0.994875 -0.063167
vn -0.165549 0.985413 -0.039417
vn -0.086927 0.995713 -0.031610
vn -0.172800 0.981820 -0.078546
vn -0.125657 0.989553 -0.070682
vn -0.125657 0.989553 -0.070682
vn -0.172800 0.981820 -0.078546
vn -0.125657 0.989553 -0.070682
vn -0.204143 0.973605 -0.102072
vn -0.125657 0.989553 -0.070682
vn -0.078958 0.994875 -0.063167
vn -0.086751 0.993698 -0.070978
vn -0.125657 0.989553 -0.070682
vn -0.086751 0.993698 -0.070978
vn -0.125657 0.989553 -0.070682
vn -0.078958 0.994875 -0.063167
vn -0.086927 0.995713 -0.031610
vn 0.000000 0.999504 -0.031480
vn 0.000000 0.999504 -0.031480
vn -0.086927 0.995713 -0.031610
vn 0.000000 0.997498 0.070689
vn 0.000000 0.999504 -0.031480
vn 0.000000 0.997498 0.070689
vn 0.086873 0.995092 0.047385
vn -0.078958 0.994875 -0.063167
vn 0.000000 0.999504 -0.031480
vn -0.039309 0.998454 -0.039309
vn -0.078958 0.994875 -0.063167
vn -0.039309 0.998454 -0.039309
vn -0.086751 0.993698 -0.070978
vn 0.000000 0.999504 -0.031480
vn 0.086873 0.995092 0.047385
vn 0.047190 0.998855 0.007865
vn 0.000000 0.999504 -0.031480
vn 0.047190 0.998855 0.007865
vn -0.039309 0.998454 -0.039309
vn 0.047190 0.998855 0.007865
vn 0.086873 0.995092 0.047385
vn 0.118081 0.991880 0.047232
vn 0.047190 0.998855 0.007865
vn 0.118081 0.991880 0.047232
vn 0.125832 0.990929 0.047187
vn 0.125832 0.990929 0.047187
vn 0.118081 0.991880 0.047232
vn 0.197630 0.980245 -0.007905
vn -0.039309 0.998454 -0.039309
vn 0.047190 0.998855 0.007865
vn -0.015742 0.999597 0.023613
vn -0.015742 0.999597 0.023613
vn 0.047190 0.998855 0.007865
vn 0.125832 0.990929 0.047187
vn -0.110401 0.993606 -0.023657
vn -0.086751 0.993698 -0.070978
vn -0.039309 0.998454 -0.039309
vn -0.110401 0.993606 -0.023657
vn -0.039309 0.998454 -0.039309
vn -0.015742 0.999597 0.023613
vn -0.086751 0.993698 -0.070978
vn -0.110401 0.993606 -0.023657
vn -0.118033 0.991481 -0.055082
vn -0.086751 0.993698 -0.070978
vn -0.118033 0.991481 -0.055082
vn -0.125657 0.989553 -0.070682
vn 0.125832 0.990929 0.047187
vn 0.197630 0.980245 -0.007905
vn 0.220152 0.974958 0.031450
vn 0.220152 0.974958 0.031450
vn 0.197630 0.980245 -0.007905
vn 0.353663 0.935241 -0.015718
vn -0.015742 0.999597 0.023613
vn 0.125832 0.990929 0.047187
vn 0.078916 0.994348 0.071025
vn 0.078916 0.994348 0.071025
vn 0.125832 0.990929 0.047187
vn 0.220152 0.974958 0.031450
vn -0.110401 0.993606 -0.023657
vn -0.015742 0.999597 0.023613
vn -0.078437 0.996147 0.039218
vn -0.078437 0.996147 0.039218
vn -0.015742 0.999597 0.023613
vn 0.078916 0.994348 0.071025
vn -0.165596 0.985689 -0.031542
vn -0.118033 0.991481 -0.055082
vn -0.110401 0.993606 -0.023657
vn -0.165596 0.985689 -0.031542
vn -0.110401 0.993606 -0.023657
vn -0.078437 0.996147 0.039218
vn 0.220152 0.974958 0.031450
vn 0.353663 0.935241 -0.015718
vn 0.353663 0.935241 -0.015718
vn 0.353663 0.935241 -0.015718
vn 0.353663 0.935241 -0.015718
vn 0.447214 0.894427 0.000000
vn 0.078916 0.994348 0.071025
vn 0.220152 0.974958 0.031450
vn 0.243304 0.965367 0.094182
vn 0.243304 0.965367 0.094182
vn 0.220152 0.974958 0.031450
vn 0.353663 0.935241 -0.015718
vn -0.078437 0.996147 0.039218
vn 0.078916 0.994348 0.071025
vn 0.039241 0.996730 0.070634
vn 0.039241 0.996730 0.070634
vn 0.078916 0.994348 0.071025
vn 0.243304 0.965367 0.094182
vn -0.165596 0.985689 -0.031542
vn -0.078437 0.996147 0.039218
vn -0.110401 0.993606 -0.023657
vn -0.110401 0.993606 -0.023657
vn -0.078437 0.996147 0.039218
vn 0.039241 0.996730 0.070634
vn 0.353663 0.935241 -0.015718
vn 0.447214 0.894427 0.000000
vn 0.402424 0.915317 -0.015781
vn 0.402424 0.915317 -0.015781
vn 0.447214 0.894427 0.000000
vn 0.385994 0.921660 0.039387
vn 0.243304 0.965367 0.094182
vn 0.353663 0.935241 -0.015718
vn 0.418505 0.908077 -0.015793
vn 0.418505 0.908077 -0.015793
vn 0.353663 0.935241 -0.015718
vn 0.402424 0.915317 -0.015781
vn 0.039241 0.996730 0.070634
vn 0.243304 0.965367 0.094182
vn 0.291510 0.953318 0.078787
vn 0.291510 0.953318 0.078787
vn 0.243304 0.965367 0.094182
vn 0.418505 0.908077 -0.015793
vn -0.110401 0.993606 -0.023657
vn 0.039241 0.996730 0.070634
vn -0.015742 0.999597 0.023613
vn -0.015742 0.999597 0.023613
vn 0.039241 0.996730 0.070634
vn 0.291510 0.953318 0.078787
vn 0.402424 0.915317 -0.015781
vn 0.385994 0.921660 0.039387
vn 0.323155 0.945821 0.031527
vn 0.323155 0.945821 0.031527
vn 0.385994 0.921660 0.039387
vn 0.426748 0.900911 0.079027
vn 0.418505 0.908077 -0.015793
vn 0.402424 0.915317 -0.015781
vn 0.385863 0.921346 -0.047248
vn 0.385863 0.921346 -0.047248
vn 0.402424 0.915317 -0.015781
vn 0.323155 0.945821 0.031527
vn 0.291510 0.953318 0.078787
vn 0.418505 0.908077 -0.015793
vn 0.472617 0.874341 0.110277
vn 0.472617 0.874341 0.110277
vn 0.418505 0.908077 -0.015793
vn 0.385863 0.921346 -0.047248
vn -0.015742 0.999597 0.023613
vn 0.291510 0.953318 0.078787
vn 0.204143 0.973605 0.102072
vn 0.204143 0.973605 0.102072
vn 0.291510 0.953318 0.078787
vn 0.472617 0.874341 0.110277
vn -0.015742 0.999597 0.023613
vn 0.204143 0.973605 0.102072
vn -0.062819 0.997252 0.039262
vn 0.385863 0.921346 -0.047248
vn 0.323155 0.945821 0.031527
vn 0.306309 0.950343 -0.054979
vn 0.472617 0.874341 0.110277
vn 0.385863 0.921346 -0.047248
vn 0.440781 0.897304 0.023613
vn 0.440781 0.897304 0.023613
vn 0.385863 0.921346 -0.047248
vn 0.306309 0.950343 -0.054979
vn 0.204143 0.973605 0.102072
vn 0.472617 0.874341 0.110277
vn 0.457303 0.859414 0.228651
vn 0.457303 0.859414 0.228651
vn 0.472617 0.874341 0.110277
vn 0.440781 0.897304 0.023613
vn 0.204143 0.973605 0.102072
vn 0.457303 0.859414 0.228651
vn 0.078565 0.989919 0.117848
vn 0.204143 0.973605 0.102072
vn 0.078565 0.989919 0.117848
vn -0.062819 0.997252 0.039262
vn 0.306309 0.950343 -0.054979
vn 0.323155 0.945821 0.031527
vn 0.402024 0.914407 0.047297
vn 0.402024 0.914407 0.047297
vn 0.323155 0.945821 0.031527
vn 0.426748 0.900911 0.079027
vn 0.440781 0.897304 0.023613
vn 0.306309 0.950343 -0.054979
vn 0.331563 0.939428 -0.086838
vn 0.402024 0.914407 0.047297
vn 0.426748 0.900911 0.079027
vn 0.489480 0.868433 0.078948
vn 0.489480 0.868433 0.078948
vn 0.426748 0.900911 0.079027
vn 0.496417 0.858880 0.126074
vn 0.306309 0.950343 -0.054979
vn 0.402024 0.914407 0.047297
vn 0.362925 0.930983 -0.039448
vn 0.306309 0.950343 -0.054979
vn 0.362925 0.930983 -0.039448
vn 0.331563 0.939428 -0.086838
vn 0.402024 0.914407 0.047297
vn 0.489480 0.868433 0.078948
vn 0.433178 0.897860 0.078760
vn 0.402024 0.914407 0.047297
vn 0.433178 0.897860 0.078760
vn 0.362925 0.930983 -0.039448
vn 0.489480 0.868433 0.078948
vn 0.496417 0.858880 0.126074
vn 0.866034 0.496002 0.062984
vn 0.866034 0.496002 0.062984
vn 0.496417 0.858880 0.126074
vn 0.857922 0.511605 0.047225
vn 0.866034 0.496002 0.062984
vn 0.857922 0.511605 0.047225
vn 0.707107 -0.707107 0.000000
vn 0.489480 0.868433 0.078948
vn 0.866034 0.496002 0.062984
vn 0.847144 0.525543 0.078439
vn 0.489480 0.868433 0.078948
vn 0.847144 0.525543 0.078439
vn 0.433178 0.897860 0.078760
vn 0.866034 0.496002 0.062984
vn 0.707107 -0.707107 0.000000
vn 0.707107 -0.707107 0.000000
vn 0.866034 0.496002 0.062984
vn 0.707107 -0.707107 0.000000
vn 0.847144 0.525543 0.078439
vn 0.707107 -0.707107 0.000000
vn 0.707107 -0.707107 0.000000
vn 0.000000 -0.749147 0.662404
vn 0.847144 0.525543 0.078439
vn 0.707107 -0.707107 0.000000
vn 0.478303 -0.878195 0.000000
vn 0.478303 -0.878195 0.000000
vn 0.707107 -0.707107 0.000000
vn 0.000000 -0.749147 0.662404
vn 0.433178 0.897860 0.078760
vn 0.847144 0.525543 0.078439
vn 0.808521 0.580879 0.094197
vn 0.315597 0.946792 0.063119
vn 0.362925 0.930983 -0.039448
vn 0.433178 0.897860 0.078760
vn 0.315597 0.946792 0.063119
vn 0.433178 0.897860 0.078760
vn 0.808521 0.580879 0.094197
vn 0.808521 0.580879 0.094197
vn 0.847144 0.525543 0.078439
vn 1.000000 0.000000 0.000000
vn 1.000000 0.000000 0.000000
vn 0.847144 0.525543 0.078439
vn 0.478303 -0.878195 0.000000
vn 0.315597 0.946792 0.063119
vn 0.808521 0.580879 0.094197
vn 0.753643 0.651587 0.086355
vn 1.000000 0.000000 0.000000
vn 0.478303 -0.878195 0.000000
vn 0.711046 -0.703146 0.000000
vn 0.808521 0.580879 0.094197
vn 1.000000 0.000000 0.000000
vn 1.000000 0.000000 0.000000
vn 1.000000 0.000000 0.000000
vn 1.000000 0.000000 0.000000
vn 0.711046 -0.703146 0.000000
vn 0.808521 0.580879 0.094197
vn 1.000000 0.000000 0.000000
vn 0.753643 0.651587 0.086355
vn 1.000000 0.000000 0.000000
vn 0.711046 -0.703146 0.000000
vn 1.000000 0.000000 0.000000
vn 1.000000 0.000000 0.000000
vn 1.000000 0.000000 0.000000
vn 0.781249 0.623421 -0.031566
vn 1.000000 0.000000 0.000000
vn 0.781249 0.623421 -0.031566
vn 0.753643 0.651587 0.086355
vn 0.781249 0.623421 -0.031566
vn 1.000000 0.000000 0.000000
vn 1.000000 0.000000 0.000000
vn 0.000000 -0.722642 -0.691223
vn 0.711046 -0.703146 0.000000
vn 0.478303 -0.878195 0.000000
vn 0.753643 0.651587 0.086355
vn 0.781249 0.623421 -0.031566
vn 0.251501 0.966708 -0.047156
vn 0.753643 0.651587 0.086355
vn 0.251501 0.966708 -0.047156
vn 0.315597 0.946792 0.063119
vn 0.781249 0.623421 -0.031566
vn 1.000000 0.000000 0.000000
vn 0.762175 0.644313 -0.062860
vn 0.762175 0.644313 -0.062860
vn 1.000000 0.000000 0.000000
vn 1.000000 0.000000 0.000000
vn 0.251501 0.966708 -0.047156
vn 0.781249 0.623421 -0.031566
vn 0.227663 0.965605 -0.125607
vn 0.227663 0.965605 -0.125607
vn 0.781249 0.623421 -0.031566
vn 0.762175 0.644313 -0.062860
vn 0.315597 0.946792 0.063119
vn 0.251501 0.966708 -0.047156
vn 0.283887 0.954177 -0.094629
vn 0.315597 0.946792 0.063119
vn 0.283887 0.954177 -0.094629
vn 0.362925 0.930983 -0.039448
vn 0.362925 0.930983 -0.039448
vn 0.283887 0.954177 -0.094629
vn 0.331563 0.939428 -0.086838
vn 0.283887 0.954177 -0.094629
vn 0.251501 0.966708 -0.047156
vn 0.322825 0.944853 -0.055116
vn 0.322825 0.944853 -0.055116
vn 0.251501 0.966708 -0.047156
vn 0.227663 0.965605 -0.125607
vn 0.331563 0.939428 -0.086838
vn 0.283887 0.954177 -0.094629
vn 0.424671 0.888663 0.173014
vn 0.424671 0.888663 0.173014
vn 0.283887 0.954177 -0.094629
vn 0.322825 0.944853 -0.055116
vn 0.331563 0.939428 -0.086838
vn 0.424671 0.888663 0.173014
vn 0.589074 0.777578 0.219921
vn 0.331563 0.939428 -0.086838
vn 0.589074 0.777578 0.219921
vn 0.440781 0.897304 0.023613
vn 0.440781 0.897304 0.023613
vn 0.589074 0.777578 0.219921
vn 0.457303 0.859414 0.228651
vn 0.457303 0.859414 0.228651
vn 0.589074 0.777578 0.219921
vn 0.337694 0.918842 0.204187
vn 0.457303 0.859414 0.228651
vn 0.337694 0.918842 0.204187
vn 0.078565 0.989919 0.117848
vn 0.589074 0.777578 0.219921
vn 0.424671 0.888663 0.173014
vn 0.509902 0.784465 0.353009
vn 0.589074 0.777578 0.219921
vn 0.509902 0.784465 0.353009
vn 0.337694 0.918842 0.204187
vn 0.424671 0.888663 0.173014
vn 0.322825 0.944853 -0.055116
vn 0.629122 0.699898 0.338153
vn 0.424671 0.888663 0.173014
vn 0.629122 0.699898 0.338153
vn 0.509902 0.784465 0.353009
vn 0.629122 0.699898 0.338153
vn 0.322825 0.944853 -0.055116
vn 0.533847 0.824322 0.188416
vn 0.533847 0.824322 0.188416
vn 0.322825 0.944853 -0.055116
vn 0.227663 0.965605 -0.125607
vn 0.509902 0.784465 0.353009
vn 0.629122 0.699898 0.338153
vn 0.410468 0.891979 0.189447
vn 0.629122 0.699898 0.338153
vn 0.533847 0.824322 0.188416
vn 0.597666 0.747083 0.290969
vn 0.629122 0.699898 0.338153
vn 0.597666 0.747083 0.290969
vn 0.410468 0.891979 0.189447
vn 0.533847 0.824322 0.188416
vn 0.227663 0.965605 -0.125607
vn 0.290216 0.956929 0.007844
vn 0.290216 0.956929 0.007844
vn 0.227663 0.965605 -0.125607
vn 0.762175 0.644313 -0.062860
vn 0.597666 0.747083 0.290969
vn 0.533847 0.824322 0.188416
vn 0.701288 0.654010 0.283667
vn 0.701288 0.654010 0.283667
vn 0.533847 0.824322 0.188416
vn 0.290216 0.956929 0.007844
vn 0.509902 0.784465 0.353009
vn 0.410468 0.891979 0.189447
vn 0.268074 0.954029 0.134037
vn 0.509902 0.784465 0.353009
vn 0.268074 0.954029 0.134037
vn 0.337694 0.918842 0.204187
vn 0.290216 0.956929 0.007844
vn 0.762175 0.644313 -0.062860
vn 0.781030 0.623246 -0.039446
vn 0.781030 0.623246 -0.039446
vn 0.762175 0.644313 -0.062860
vn 1.000000 0.000000 0.000000
vn 0.781030 0.623246 -0.039446
vn 1.000000 0.000000 0.000000
vn 1.000000 0.000000 0.000000
vn 0.290216 0.956929 0.007844
vn 0.781030 0.623246 -0.039446
vn 0.528329 0.843750 0.094626
vn 0.290216 0.956929 0.007844
vn 0.528329 0.843750 0.094626
vn 0.701288 0.654010 0.283667
vn 0.781030 0.623246 -0.039446
vn 1.000000 0.000000 0.000000
vn 0.781030 0.623246 0.039446
vn 0.781030 0.623246 -0.039446
vn 0.781030 0.623246 0.039446
vn 0.528329 0.843750 0.094626
vn 0.781030 0.623246 0.039446
vn 1.000000 0.000000 0.000000
vn 1.000000 0.000000 0.000000
vn 0.781030 0.623246 0.039446
vn 1.000000 0.000000 0.000000
vn 0.801264 0.597020 0.039278
vn 0.528329 0.843750 0.094626
vn 0.781030 0.623246 0.039446
vn 0.590899 0.803623 0.070908
vn 0.590899 0.803623 0.070908
vn 0.781030 0.623246 0.039446
vn 0.801264 0.597020 0.039278
vn 0.801264 0.597020 0.039278
vn 1.000000 0.000000 0.000000
vn 0.707107 -0.707107 0.000000
vn 0.528329 0.843750 0.094626
vn 0.590899 0.803623 0.070908
vn 0.755320 0.653037 0.055075
vn 0.528329 0.843750 0.094626
vn 0.755320 0.653037 0.055075
vn 0.701288 0.654010 0.283667
vn 0.590899 0.803623 0.070908
vn 0.801264 0.597020 0.039278
vn 0.517890 0.855303 0.015694
vn 0.801264 0.597020 0.039278
vn 0.707107 -0.707107 0.000000
vn 0.804047 0.591211 0.063063
vn 0.801264 0.597020 0.039278
vn 0.804047 0.591211 0.063063
vn 0.517890 0.855303 0.015694
vn 0.701288 0.654010 0.283667
vn 0.755320 0.653037 0.055075
vn 0.550635 0.833819 0.039331
vn 0.701288 0.654010 0.283667
vn 0.550635 0.833819 0.039331
vn 0.597666 0.747083 0.290969
vn 0.755320 0.653037 0.055075
vn 0.590899 0.803623 0.070908
vn 0.692828 0.708574 -0.133842
vn 0.692828 0.708574 -0.133842
vn 0.590899 0.803623 0.070908
vn 0.517890 0.855303 0.015694
vn 0.550635 0.833819 0.039331
vn 0.755320 0.653037 0.055075
vn 0.552708 0.821166 -0.142125
vn 0.552708 0.821166 -0.142125
vn 0.755320 0.653037 0.055075
vn 0.692828 0.708574 -0.133842
vn 0.597666 0.747083 0.290969
vn 0.550635 0.833819 0.039331
vn 0.392668 0.918842 0.039267
vn 0.597666 0.747083 0.290969
vn 0.392668 0.918842 0.039267
vn 0.410468 0.891979 0.189447
vn 0.550635 0.833819 0.039331
vn 0.552708 0.821166 -0.142125
vn 0.502506 0.863682 -0.039258
vn 0.550635 0.833819 0.039331
vn 0.502506 0.863682 -0.039258
vn 0.392668 0.918842 0.039267
vn 0.410468 0.891979 0.189447
vn 0.392668 0.918842 0.039267
vn 0.299176 0.944765 0.133842
vn 0.410468 0.891979 0.189447
vn 0.299176 0.944765 0.133842
vn 0.268074 0.954029 0.134037
vn 0.392668 0.918842 0.039267
vn 0.502506 0.863682 -0.039258
vn 0.371081 0.923755 0.094744
vn 0.392668 0.918842 0.039267
vn 0.371081 0.923755 0.094744
vn 0.299176 0.944765 0.133842
vn 0.502506 0.863682 -0.039258
vn 0.552708 0.821166 -0.142125
vn 0.628501 0.777770 0.007856
vn 0.371081 0.923755 0.094744
vn 0.502506 0.863682 -0.039258
vn 0.400373 0.910652 0.102056
vn 0.400373 0.910652 0.102056
vn 0.502506 0.863682 -0.039258
vn 0.628501 0.777770 0.007856
vn 0.628501 0.777770 0.007856
vn 0.552708 0.821166 -0.142125
vn 0.613945 0.779238 -0.125937
vn 0.613945 0.779238 -0.125937
vn 0.552708 0.821166 -0.142125
vn 0.692828 0.708574 -0.133842
vn 0.613945 0.779238 -0.125937
vn 0.692828 0.708574 -0.133842
vn 0.582551 0.802975 -0.125957
vn 0.582551 0.802975 -0.125957
vn 0.692828 0.708574 -0.133842
vn 0.517890 0.855303 0.015694
vn 0.628501 0.777770 0.007856
vn 0.613945 0.779238 -0.125937
vn 0.699985 0.699985 0.141570
vn 0.582551 0.802975 -0.125957
vn 0.517890 0.855303 0.015694
vn 0.283429 0.952638 0.110223
vn 0.400373 0.910652 0.102056
vn 0.628501 0.777770 0.007856
vn 0.369850 0.912820 0.173121
vn 0.369850 0.912820 0.173121
vn 0.628501 0.777770 0.007856
vn 0.699985 0.699985 0.141570
vn 0.613945 0.779238 -0.125937
vn 0.582551 0.802975 -0.125957
vn 0.693774 0.717426 0.063070
vn 0.613945 0.779238 -0.125937
vn 0.693774 0.717426 0.063070
vn 0.699985 0.699985 0.141570
vn 0.693774 0.717426 0.063070
vn 0.582551 0.802975 -0.125957
vn 0.464898 0.882519 0.070917
vn 0.464898 0.882519 0.070917
vn 0.582551 0.802975 -0.125957
vn 0.283429 0.952638 0.110223
vn 0.283429 0.952638 0.110223
vn 0.517890 0.855303 0.015694
vn 0.804047 0.591211 0.063063
vn 0.693774 0.717426 0.063070
vn 0.464898 0.882519 0.070917
vn 0.755695 0.637617 0.149565
vn 0.699985 0.699985 0.141570
vn 0.693774 0.717426 0.063070
vn 0.687387 0.703189 0.181723
vn 0.687387 0.703189 0.181723
vn 0.693774 0.717426 0.063070
vn 0.755695 0.637617 0.149565
vn 0.699985 0.699985 0.141570
vn 0.687387 0.703189 0.181723
vn 0.331130 0.930317 0.157681
vn 0.699985 0.699985 0.141570
vn 0.331130 0.930317 0.157681
vn 0.369850 0.912820 0.173121
vn 0.687387 0.703189 0.181723
vn 0.755695 0.637617 0.149565
vn 0.675013 0.737805 0.000000
vn 0.331130 0.930317 0.157681
vn 0.687387 0.703189 0.181723
vn 0.292273 0.955813 -0.031597
vn 0.292273 0.955813 -0.031597
vn 0.687387 0.703189 0.181723
vn 0.675013 0.737805 0.000000
vn 0.369850 0.912820 0.173121
vn 0.331130 0.930317 0.157681
vn -0.094313 0.990286 0.102172
vn 0.331130 0.930317 0.157681
vn 0.292273 0.955813 -0.031597
vn -0.110401 0.993606 -0.023657
vn 0.331130 0.930317 0.157681
vn -0.110401 0.993606 -0.023657
vn -0.094313 0.990286 0.102172
vn 0.369850 0.912820 0.173121
vn -0.094313 0.990286 0.102172
vn -0.031536 0.993389 0.110377
vn 0.369850 0.912820 0.173121
vn -0.031536 0.993389 0.110377
vn 0.400373 0.910652 0.102056
vn -0.094313 0.990286 0.102172
vn -0.110401 0.993606 -0.023657
vn -0.212730 0.976984 -0.015758
vn 0.400373 0.910652 0.102056
vn -0.031536 0.993389 0.110377
vn 0.031433 0.997991 0.055007
vn 0.400373 0.910652 0.102056
vn 0.031433 0.997991 0.055007
vn 0.371081 0.923755 0.094744
vn -0.031536 0.993389 0.110377
vn -0.094313 0.990286 0.102172
vn -0.188411 0.981306 0.039252
vn -0.188411 0.981306 0.039252
vn -0.094313 0.990286 0.102172
vn -0.212730 0.976984 -0.015758
vn 0.031433 0.997991 0.055007
vn -0.031536 0.993389 0.110377
vn -0.149974 0.986671 0.063147
vn -0.149974 0.986671 0.063147
vn -0.031536 0.993389 0.110377
vn -0.188411 0.981306 0.039252
vn 0.371081 0.923755 0.094744
vn 0.031433 0.997991 0.055007
vn 0.063167 0.994875 0.078958
vn 0.371081 0.923755 0.094744
vn 0.063167 0.994875 0.078958
vn 0.299176 0.944765 0.133842
vn 0.031433 0.997991 0.055007
vn -0.149974 0.986671 0.063147
vn -0.141352 0.989461 0.031411
vn 0.031433 0.997991 0.055007
vn -0.141352 0.989461 0.031411
vn 0.063167 0.994875 0.078958
vn 0.299176 0.944765 0.133842
vn 0.063167 0.994875 0.078958
vn 0.094371 0.983034 0.157285
vn 0.299176 0.944765 0.133842
vn 0.094371 0.983034 0.157285
vn 0.268074 0.954029 0.134037
vn 0.063167 0.994875 0.078958
vn -0.141352 0.989461 0.031411
vn -0.133606 0.990255 0.039296
vn 0.063167 0.994875 0.078958
vn -0.133606 0.990255 0.039296
vn 0.094371 0.983034 0.157285
vn 0.268074 0.954029 0.134037
vn 0.094371 0.983034 0.157285
vn 0.055142 0.984679 0.165426
vn 0.268074 0.954029 0.134037
vn 0.055142 0.984679 0.165426
vn 0.337694 0.918842 0.204187
vn 0.337694 0.918842 0.204187
vn 0.055142 0.984679 0.165426
vn 0.078565 0.989919 0.117848
vn 0.055142 0.984679 0.165426
vn 0.094371 0.983034 0.157285
vn -0.110301 0.984832 0.133937
vn -0.110301 0.984832 0.133937
vn 0.094371 0.983034 0.157285
vn -0.133606 0.990255 0.039296
vn 0.078565 0.989919 0.117848
vn 0.055142 0.984679 0.165426
vn -0.102397 0.984588 0.141781
vn -0.102397 0.984588 0.141781
vn 0.055142 0.984679 0.165426
vn -0.110301 0.984832 0.133937
vn 0.078565 0.989919 0.117848
vn -0.102397 0.984588 0.141781
vn -0.062819 0.997252 0.039262
vn -0.110301 0.984832 0.133937
vn -0.133606 0.990255 0.039296
vn -0.180822 0.982730 0.039309
vn -0.102397 0.984588 0.141781
vn -0.110301 0.984832 0.133937
vn -0.188324 0.973006 0.133396
vn -0.188324 0.973006 0.133396
vn -0.110301 0.984832 0.133937
vn -0.180822 0.982730 0.039309
vn -0.102397 0.984588 0.141781
vn -0.188324 0.973006 0.133396
vn -0.165642 0.978077 0.126204
vn -0.102397 0.984588 0.141781
vn -0.165642 0.978077 0.126204
vn -0.062819 0.997252 0.039262
vn -0.188324 0.973006 0.133396
vn -0.180822 0.982730 0.039309
vn -0.189429 0.978717 0.078929
vn -0.062819 0.997252 0.039262
vn -0.165642 0.978077 0.126204
vn -0.149103 0.988791 0.007848
vn -0.062819 0.997252 0.039262
vn -0.149103 0.988791 0.007848
vn -0.015742 0.999597 0.023613
vn -0.015742 0.999597 0.023613
vn -0.149103 0.988791 0.007848
vn -0.110401 0.993606 -0.023657
vn -0.165642 0.978077 0.126204
vn -0.188324 0.973006 0.133396
vn -0.220411 0.968234 0.118077
vn -0.220411 0.968234 0.118077
vn -0.188324 0.973006 0.133396
vn -0.189429 0.978717 0.078929
vn -0.149103 0.988791 0.007848
vn -0.165642 0.978077 0.126204
vn -0.172566 0.980490 0.094127
vn -0.172566 0.980490 0.094127
vn -0.165642 0.978077 0.126204
vn -0.220411 0.968234 0.118077
vn -0.110401 0.993606 -0.023657
vn -0.149103 0.988791 0.007848
vn -0.165678 0.986180 0.000000
vn -0.165678 0.986180 0.000000
vn -0.149103 0.988791 0.007848
vn -0.172566 0.980490 0.094127
vn -0.110401 0.993606 -0.023657
vn -0.165678 0.986180 0.000000
vn -0.165596 0.985689 -0.031542
vn -0.165596 0.985689 -0.031542
vn -0.165678 0.986180 0.000000
vn -0.149090 0.988699 -0.015694
vn -0.165596 0.985689 -0.031542
vn -0.149090 0.988699 -0.015694
vn -0.118033 0.991481 -0.055082
vn -0.165678 0.986180 0.000000
vn -0.172566 0.980490 0.094127
vn -0.212224 0.974657 0.070741
vn -0.165678 0.986180 0.000000
vn -0.212224 0.974657 0.070741
vn -0.149090 0.988699 -0.015694
vn -0.172566 0.980490 0.094127
vn -0.220411 0.968234 0.118077
vn -0.244763 0.963261 0.110538
vn -0.172566 0.980490 0.094127
vn -0.244763 0.963261 0.110538
vn -0.212224 0.974657 0.070741
vn -0.244763 0.963261 0.110538
vn -0.220411 0.968234 0.118077
vn -0.220200 0.967305 0.125828
vn -0.220200 0.967305 0.125828
vn -0.220411 0.968234 0.118077
vn -0.189429 0.978717 0.078929
vn -0.118033 0.991481 -0.055082
vn -0.149090 0.988699 -0.015694
vn -0.134338 0.987780 -0.079022
vn -0.118033 0.991481 -0.055082
vn -0.134338 0.987780 -0.079022
vn -0.125657 0.989553 -0.070682
vn -0.125657 0.989553 -0.070682
vn -0.134338 0.987780 -0.079022
vn -0.204143 0.973605 -0.102072
vn -0.134338 0.987780 -0.079022
vn -0.149090 0.988699 -0.015694
vn -0.244383 0.969647 0.007883
vn -0.244383 0.969647 0.007883
vn -0.149090 0.988699 -0.015694
vn -0.212224 0.974657 0.070741
vn -0.204143 0.973605 -0.102072
vn -0.134338 0.987780 -0.079022
vn -0.243777 0.967245 -0.070774
vn -0.243777 0.967245 -0.070774
vn -0.134338 0.987780 -0.079022
vn -0.244383 0.969647 0.007883
vn -0.244383 0.969647 0.007883
vn -0.212224 0.974657 0.070741
vn -0.291113 0.952018 0.094415
vn -0.291113 0.952018 0.094415
vn -0.212224 0.974657 0.070741
vn -0.244763 0.963261 0.110538
vn -0.243777 0.967245 -0.070774
vn -0.244383 0.969647 0.007883
vn -0.315597 0.946792 0.063119
vn -0.315597 0.946792 0.063119
vn -0.244383 0.969647 0.007883
vn -0.291113 0.952018 0.094415
vn -0.204143 0.973605 -0.102072
vn -0.243777 0.967245 -0.070774
vn -0.220609 0.969105 -0.110305
vn -0.204143 0.973605 -0.102072
vn -0.220609 0.969105 -0.110305
vn -0.205157 0.970552 -0.126251
vn -0.205157 0.970552 -0.126251
vn -0.220609 0.969105 -0.110305
vn -0.764135 0.638092 -0.094532
vn -0.220609 0.969105 -0.110305
vn -0.243777 0.967245 -0.070774
vn -0.290225 0.956958 0.000000
vn -0.290225 0.956958 0.000000
vn -0.243777 0.967245 -0.070774
vn -0.315597 0.946792 0.063119
vn -0.764135 0.638092 -0.094532
vn -0.220609 0.969105 -0.110305
vn -0.801487 0.597186 -0.031431
vn -0.801487 0.597186 -0.031431
vn -0.220609 0.969105 -0.110305
vn -0.290225 0.956958 0.000000
vn -0.764135 0.638092 -0.094532
vn -0.801487 0.597186 -0.031431
vn -1.000000 0.000000 0.000000
vn -0.290225 0.956958 0.000000
vn -0.315597 0.946792 0.063119
vn -0.361589 0.927554 0.094327
vn -1.000000 0.000000 0.000000
vn -0.801487 0.597186 -0.031431
vn -0.707107 -0.707107 0.000000
vn -1.000000 0.000000 0.000000
vn -0.707107 -0.707107 0.000000
vn -0.707107 -0.707107 0.000000
vn -0.707107 -0.707107 0.000000
vn -0.707107 -0.707107 0.000000
vn 0.000000 -0.707107 0.707107
vn -0.707107 -0.707107 0.000000
vn -0.801487 0.597186 -0.031431
vn -0.707107 -0.707107 0.000000
vn -0.707107 -0.707107 0.000000
vn -0.707107 -0.707107 0.000000
vn 0.000000 -0.707107 0.707107
vn -0.801487 0.597186 -0.031431
vn -0.290225 0.956958 0.000000
vn -0.818087 0.574234 0.031465
vn -0.818087 0.574234 0.031465
vn -0.290225 0.956958 0.000000
vn -0.361589 0.927554 0.094327
vn -0.707107 -0.707107 0.000000
vn -0.801487 0.597186 -0.031431
vn -1.000000 0.000000 0.000000
vn -1.000000 0.000000 0.000000
vn -0.801487 0.597186 -0.031431
vn -0.818087 0.574234 0.031465
vn -0.707107 -0.707107 0.000000
vn -1.000000 0.000000 0.000000
vn -0.707107 -0.707107 0.000000
vn -0.707107 -0.707107 0.000000
vn -0.707107 -0.707107 0.000000
vn 0.000000 -0.707107 0.707107
vn -1.000000 0.000000 0.000000
vn -0.818087 0.574234 0.031465
vn -0.844354 0.528708 0.086803
vn -0.844354 0.528708 0.086803
vn -0.818087 0.574234 0.031465
vn -0.361589 0.927554 0.094327
vn -1.000000 0.000000 0.000000
vn -0.844354 0.528708 0.086803
vn -0.707107 -0.707107 0.000000
vn -0.346596 0.929509 0.126035
vn -0.361589 0.927554 0.094327
vn -0.315597 0.946792 0.063119
vn -0.346596 0.929509 0.126035
vn -0.315597 0.946792 0.063119
vn -0.291113 0.952018 0.094415
vn -0.361589 0.927554 0.094327
vn -0.346596 0.929509 0.126035
vn -0.385206 0.911917 0.141504
vn -0.361589 0.927554 0.094327
vn -0.385206 0.911917 0.141504
vn -0.844354 0.528708 0.086803
vn -0.346596 0.929509 0.126035
vn -0.291113 0.952018 0.094415
vn -0.282616 0.949904 0.133458
vn -0.282616 0.949904 0.133458
vn -0.291113 0.952018 0.094415
vn -0.244763 0.963261 0.110538
vn -0.282616 0.949904 0.133458
vn -0.244763 0.963261 0.110538
vn -0.220200 0.967305 0.125828
vn -0.346596 0.929509 0.126035
vn -0.282616 0.949904 0.133458
vn -0.337777 0.934779 0.109974
vn -0.346596 0.929509 0.126035
vn -0.337777 0.934779 0.109974
vn -0.385206 0.911917 0.141504
vn -0.282616 0.949904 0.133458
vn -0.220200 0.967305 0.125828
vn -0.290888 0.951283 0.102204
vn -0.282616 0.949904 0.133458
vn -0.290888 0.951283 0.102204
vn -0.337777 0.934779 0.109974
vn -0.290888 0.951283 0.102204
vn -0.220200 0.967305 0.125828
vn -0.172902 0.982396 0.070733
vn -0.172902 0.982396 0.070733
vn -0.220200 0.967305 0.125828
vn -0.189429 0.978717 0.078929
vn -0.337777 0.934779 0.109974
vn -0.290888 0.951283 0.102204
vn -0.316070 0.948209 0.031607
vn -0.172902 0.982396 0.070733
vn -0.189429 0.978717 0.078929
vn -0.133507 0.989522 0.054973
vn -0.133507 0.989522 0.054973
vn -0.189429 0.978717 0.078929
vn -0.180822 0.982730 0.039309
vn -0.290888 0.951283 0.102204
vn -0.172902 0.982396 0.070733
vn -0.259057 0.965575 0.023551
vn -0.290888 0.951283 0.102204
vn -0.259057 0.965575 0.023551
vn -0.316070 0.948209 0.031607
vn -0.172902 0.982396 0.070733
vn -0.133507 0.989522 0.054973
vn -0.165673 0.986149 0.007889
vn -0.172902 0.982396 0.070733
vn -0.165673 0.986149 0.007889
vn -0.259057 0.965575 0.023551
vn -0.133507 0.989522 0.054973
vn -0.180822 0.982730 0.039309
vn -0.148993 0.988061 0.039209
vn -0.148993 0.988061 0.039209
vn -0.180822 0.982730 0.039309
vn -0.133606 0.990255 0.039296
vn -0.148993 0.988061 0.039209
vn -0.133606 0.990255 0.039296
vn -0.141352 0.989461 0.031411
vn -0.133507 0.989522 0.054973
vn -0.148993 0.988061 0.039209
vn -0.157912 0.986948 0.031582
vn -0.133507 0.989522 0.054973
vn -0.157912 0.986948 0.031582
vn -0.165673 0.986149 0.007889
vn -0.148993 0.988061 0.039209
vn -0.141352 0.989461 0.031411
vn -0.149035 0.988334 0.031376
vn -0.148993 0.988061 0.039209
vn -0.149035 0.988334 0.031376
vn -0.157912 0.986948 0.031582
vn -0.149035 0.988334 0.031376
vn -0.141352 0.989461 0.031411
vn -0.149974 0.986671 0.063147
vn -0.149035 0.988334 0.031376
vn -0.149974 0.986671 0.063147
vn -0.173330 0.984832 0.007879
vn -0.173330 0.984832 0.007879
vn -0.149974 0.986671 0.063147
vn -0.188411 0.981306 0.039252
vn -0.157912 0.986948 0.031582
vn -0.149035 0.988334 0.031376
vn -0.157991 0.987441 0.000000
vn -0.157991 0.987441 0.000000
vn -0.149035 0.988334 0.031376
vn -0.173330 0.984832 0.007879
vn -0.173336 0.984863 0.000000
vn -0.165673 0.986149 0.007889
vn -0.157912 0.986948 0.031582
vn -0.173336 0.984863 0.000000
vn -0.157912 0.986948 0.031582
vn -0.157991 0.987441 0.000000
vn -0.165673 0.986149 0.007889
vn -0.173336 0.984863 0.000000
vn -0.236949 0.971490 0.007898
vn -0.165673 0.986149 0.007889
vn -0.236949 0.971490 0.007898
vn -0.259057 0.965575 0.023551
vn -0.173330 0.984832 0.007879
vn -0.188411 0.981306 0.039252
vn -0.180962 0.983490 0.000000
vn -0.180962 0.983490 0.000000
vn -0.188411 0.981306 0.039252
vn -0.212730 0.976984 -0.015758
vn -0.157991 0.987441 0.000000
vn -0.173330 0.984832 0.007879
vn -0.157991 0.987441 0.000000
vn -0.157991 0.987441 0.000000
vn -0.173330 0.984832 0.007879
vn -0.180962 0.983490 0.000000
vn -0.173336 0.984863 0.000000
vn -0.157991 0.987441 0.000000
vn -0.173336 0.984863 0.000000
vn -0.173336 0.984863 0.000000
vn -0.157991 0.987441 0.000000
vn -0.157991 0.987441 0.000000
vn -0.220254 0.975411 -0.007866
vn -0.236949 0.971490 0.007898
vn -0.173336 0.984863 0.000000
vn -0.220254 0.975411 -0.007866
vn -0.173336 0.984863 0.000000
vn -0.173336 0.984863 0.000000
vn -0.316070 0.948209 0.031607
vn -0.259057 0.965575 0.023551
vn -0.236949 0.971490 0.007898
vn -0.259057 0.965575 0.023551
vn -0.316070 0.948209 0.031607
vn -0.316070 0.948209 0.031607
vn -0.236949 0.971490 0.007898
vn -0.220254 0.975411 -0.007866
vn -0.290216 0.956929 -0.007844
vn -0.236949 0.971490 0.007898
vn -0.290216 0.956929 -0.007844
vn -0.316070 0.948209 0.031607
vn -0.220254 0.975411 -0.007866
vn -0.173336 0.984863 0.000000
vn -0.244269 0.969195 -0.031519
vn -0.290216 0.956929 -0.007844
vn -0.220254 0.975411 -0.007866
vn -0.306309 0.950343 -0.054979
vn -0.306309 0.950343 -0.054979
vn -0.220254 0.975411 -0.007866
vn -0.244269 0.969195 -0.031519
vn -0.244269 0.969195 -0.031519
vn -0.173336 0.984863 0.000000
vn -0.180957 0.983460 -0.007868
vn -0.180957 0.983460 -0.007868
vn -0.173336 0.984863 0.000000
vn -0.157991 0.987441 0.000000
vn -0.180957 0.983460 -0.007868
vn -0.157991 0.987441 0.000000
vn -0.157991 0.987441 0.000000
vn -0.157991 0.987441 0.000000
vn -0.157991 0.987441 0.000000
vn -0.180962 0.983490 0.000000
vn -0.244269 0.969195 -0.031519
vn -0.180957 0.983460 -0.007868
vn -0.275650 0.952963 -0.126012
vn -0.180957 0.983460 -0.007868
vn -0.157991 0.987441 0.000000
vn -0.229129 0.971824 -0.055307
vn -0.180957 0.983460 -0.007868
vn -0.229129 0.971824 -0.055307
vn -0.275650 0.952963 -0.126012
vn -0.157991 0.987441 0.000000
vn -0.180962 0.983490 0.000000
vn -0.157986 0.987410 -0.007899
vn -0.157986 0.987410 -0.007899
vn -0.180962 0.983490 0.000000
vn -0.212730 0.976984 -0.015758
vn -0.229129 0.971824 -0.055307
vn -0.157991 0.987441 0.000000
vn -0.165673 0.986149 -0.007889
vn -0.165673 0.986149 -0.007889
vn -0.157991 0.987441 0.000000
vn -0.157986 0.987410 -0.007899
vn -0.244269 0.969195 -0.031519
vn -0.275650 0.952963 -0.126012
vn -0.322465 0.935935 -0.141570
vn -0.244269 0.969195 -0.031519
vn -0.322465 0.935935 -0.141570
vn -0.306309 0.950343 -0.054979
vn -0.157986 0.987410 -0.007899
vn -0.212730 0.976984 -0.015758
vn -0.173202 0.984100 -0.039364
vn -0.173202 0.984100 -0.039364
vn -0.212730 0.976984 -0.015758
vn -0.110401 0.993606 -0.023657
vn -0.165673 0.986149 -0.007889
vn -0.157986 0.987410 -0.007899
vn -0.133672 0.990745 -0.023589
vn -0.133672 0.990745 -0.023589
vn -0.157986 0.987410 -0.007899
vn -0.173202 0.984100 -0.039364
vn -0.173202 0.984100 -0.039364
vn -0.110401 0.993606 -0.023657
vn -0.078565 0.989919 -0.117848
vn -0.078565 0.989919 -0.117848
vn -0.110401 0.993606 -0.023657
vn 0.292273 0.955813 -0.031597
vn -0.133672 0.990745 -0.023589
vn -0.173202 0.984100 -0.039364
vn -0.118081 0.991880 -0.047232
vn -0.118081 0.991880 -0.047232
vn -0.173202 0.984100 -0.039364
vn -0.078565 0.989919 -0.117848
vn -0.078565 0.989919 -0.117848
vn 0.292273 0.955813 -0.031597
vn 0.268609 0.955932 -0.118504
vn 0.268609 0.955932 -0.118504
vn 0.292273 0.955813 -0.031597
vn 0.675013 0.737805 0.000000
vn -0.118081 0.991880 -0.047232
vn -0.078565 0.989919 -0.117848
vn -0.055221 0.993977 -0.094664
vn -0.055221 0.993977 -0.094664
vn -0.078565 0.989919 -0.117848
vn 0.268609 0.955932 -0.118504
vn -0.133672 0.990745 -0.023589
vn -0.118081 0.991880 -0.047232
vn -0.110154 0.991389 -0.070813
vn -0.118081 0.991880 -0.047232
vn -0.055221 0.993977 -0.094664
vn -0.102426 0.992742 -0.063031
vn -0.118081 0.991880 -0.047232
vn -0.102426 0.992742 -0.063031
vn -0.110154 0.991389 -0.070813
vn -0.133672 0.990745 -0.023589
vn -0.110154 0.991389 -0.070813
vn -0.173142 0.983764 -0.047221
vn -0.133672 0.990745 -0.023589
vn -0.173142 0.983764 -0.047221
vn -0.165673 0.986149 -0.007889
vn -0.165673 0.986149 -0.007889
vn -0.173142 0.983764 -0.047221
vn -0.322106 0.942751 -0.086419
vn -0.165673 0.986149 -0.007889
vn -0.322106 0.942751 -0.086419
vn -0.229129 0.971824 -0.055307
vn -0.173142 0.983764 -0.047221
vn -0.110154 0.991389 -0.070813
vn -0.197377 0.971096 -0.134217
vn -0.229129 0.971824 -0.055307
vn -0.322106 0.942751 -0.086419
vn -0.361354 0.919097 -0.157111
vn -0.229129 0.971824 -0.055307
vn -0.361354 0.919097 -0.157111
vn -0.275650 0.952963 -0.126012
vn -0.322106 0.942751 -0.086419
vn -0.173142 0.983764 -0.047221
vn -0.354925 0.922806 -0.149857
vn -0.354925 0.922806 -0.149857
vn -0.173142 0.983764 -0.047221
vn -0.197377 0.971096 -0.134217
vn -0.361354 0.919097 -0.157111
vn -0.322106 0.942751 -0.086419
vn -0.416845 0.896610 -0.149435
vn -0.416845 0.896610 -0.149435
vn -0.322106 0.942751 -0.086419
vn -0.354925 0.922806 -0.149857
vn -0.275650 0.952963 -0.126012
vn -0.361354 0.919097 -0.157111
vn -0.339003 0.914521 -0.220746
vn -0.275650 0.952963 -0.126012
vn -0.339003 0.914521 -0.220746
vn -0.322465 0.935935 -0.141570
vn -0.361354 0.919097 -0.157111
vn -0.416845 0.896610 -0.149435
vn -0.402174 0.898977 -0.173487
vn -0.361354 0.919097 -0.157111
vn -0.402174 0.898977 -0.173487
vn -0.339003 0.914521 -0.220746
vn -0.416845 0.896610 -0.149435
vn -0.354925 0.922806 -0.149857
vn -0.384957 0.903470 -0.188550
vn -0.402174 0.898977 -0.173487
vn -0.416845 0.896610 -0.149435
vn -0.408740 0.903944 -0.125766
vn -0.408740 0.903944 -0.125766
vn -0.416845 0.896610 -0.149435
vn -0.384957 0.903470 -0.188550
vn -0.384957 0.903470 -0.188550
vn -0.354925 0.922806 -0.149857
vn -0.339574 0.908162 -0.244809
vn -0.339574 0.908162 -0.244809
vn -0.354925 0.922806 -0.149857
vn -0.197377 0.971096 -0.134217
vn -0.408740 0.903944 -0.125766
vn -0.384957 0.903470 -0.188550
vn -0.347579 0.924245 -0.157991
vn -0.384957 0.903470 -0.188550
vn -0.339574 0.908162 -0.244809
vn -0.290762 0.927296 -0.235753
vn -0.384957 0.903470 -0.188550
vn -0.290762 0.927296 -0.235753
vn -0.347579 0.924245 -0.157991
vn -0.339574 0.908162 -0.244809
vn -0.197377 0.971096 -0.134217
vn -0.219495 0.940692 -0.258690
vn -0.290762 0.927296 -0.235753
vn -0.339574 0.908162 -0.244809
vn -0.276898 0.917720 -0.284810
vn -0.276898 0.917720 -0.284810
vn -0.339574 0.908162 -0.244809
vn -0.219495 0.940692 -0.258690
vn -0.219495 0.940692 -0.258690
vn -0.197377 0.971096 -0.134217
vn -0.118415 0.986794 -0.110521
vn -0.118415 0.986794 -0.110521
vn -0.197377 0.971096 -0.134217
vn -0.110154 0.991389 -0.070813
vn -0.118415 0.986794 -0.110521
vn -0.110154 0.991389 -0.070813
vn -0.102426 0.992742 -0.063031
vn -0.219495 0.940692 -0.258690
vn -0.118415 0.986794 -0.110521
vn -0.118327 0.962392 -0.244542
vn -0.118415 0.986794 -0.110521
vn -0.102426 0.992742 -0.063031
vn -0.118415 0.986794 -0.110521
vn -0.118415 0.986794 -0.110521
vn -0.118415 0.986794 -0.110521
vn -0.118327 0.962392 -0.244542
vn -0.118415 0.986794 -0.110521
vn -0.102426 0.992742 -0.063031
vn -0.047139 0.997776 -0.047139
vn -0.047139 0.997776 -0.047139
vn -0.102426 0.992742 -0.063031
vn -0.055221 0.993977 -0.094664
vn -0.219259 0.924021 -0.313227
vn -0.276898 0.917720 -0.284810
vn -0.219495 0.940692 -0.258690
vn -0.219259 0.924021 -0.313227
vn -0.219495 0.940692 -0.258690
vn -0.118327 0.962392 -0.244542
vn -0.047139 0.997776 -0.047139
vn -0.055221 0.993977 -0.094664
vn 0.204579 0.975683 -0.078684
vn 0.204579 0.975683 -0.078684
vn -0.055221 0.993977 -0.094664
vn 0.268609 0.955932 -0.118504
vn -0.118415 0.986794 -0.110521
vn -0.047139 0.997776 -0.047139
vn -0.071067 0.994937 -0.071067
vn 0.204579 0.975683 -0.078684
vn 0.268609 0.955932 -0.118504
vn 0.574447 0.818390 -0.015738
vn 0.574447 0.818390 -0.015738
vn 0.268609 0.955932 -0.118504
vn 0.675013 0.737805 0.000000
vn -0.047139 0.997776 -0.047139
vn 0.204579 0.975683 -0.078684
vn 0.172993 0.982912 -0.062906
vn -0.047139 0.997776 -0.047139
vn 0.172993 0.982912 -0.062906
vn -0.071067 0.994937 -0.071067
vn 0.204579 0.975683 -0.078684
vn 0.574447 0.818390 -0.015738
vn 0.425026 0.905147 0.007871
vn 0.204579 0.975683 -0.078684
vn 0.425026 0.905147 0.007871
vn 0.172993 0.982912 -0.062906
vn 0.574447 0.818390 -0.015738
vn 0.675013 0.737805 0.000000
vn 0.742834 0.663809 0.086927
vn 0.742834 0.663809 0.086927
vn 0.675013 0.737805 0.000000
vn 0.755695 0.637617 0.149565
vn 0.425026 0.905147 0.007871
vn 0.574447 0.818390 -0.015738
vn 0.527396 0.826515 0.196789
vn 0.527396 0.826515 0.196789
vn 0.574447 0.818390 -0.015738
vn 0.742834 0.663809 0.086927
vn 0.742834 0.663809 0.086927
vn 0.755695 0.637617 0.149565
vn 0.489939 0.861344 0.134338
vn 0.489939 0.861344 0.134338
vn 0.755695 0.637617 0.149565
vn 0.464898 0.882519 0.070917
vn 0.527396 0.826515 0.196789
vn 0.742834 0.663809 0.086927
vn 0.471929 0.849473 0.235965
vn 0.471929 0.849473 0.235965
vn 0.742834 0.663809 0.086927
vn 0.489939 0.861344 0.134338
vn 0.489939 0.861344 0.134338
vn 0.464898 0.882519 0.070917
vn 0.086344 0.981185 0.172688
vn 0.086344 0.981185 0.172688
vn 0.464898 0.882519 0.070917
vn 0.283429 0.952638 0.110223
vn 0.471929 0.849473 0.235965
vn 0.489939 0.861344 0.134338
vn 0.134050 0.985659 0.102508
vn 0.134050 0.985659 0.102508
vn 0.489939 0.861344 0.134338
vn 0.086344 0.981185 0.172688
vn 0.086344 0.981185 0.172688
vn 0.283429 0.952638 0.110223
vn 0.700353 0.692484 0.173121
vn 0.700353 0.692484 0.173121
vn 0.283429 0.952638 0.110223
vn 0.804047 0.591211 0.063063
vn 0.134050 0.985659 0.102508
vn 0.086344 0.981185 0.172688
vn 0.698259 0.706105 0.117684
vn 0.698259 0.706105 0.117684
vn 0.086344 0.981185 0.172688
vn 0.700353 0.692484 0.173121
vn 0.134050 0.985659 0.102508
vn 0.698259 0.706105 0.117684
vn 0.737238 0.674494 0.039215
vn 0.698259 0.706105 0.117684
vn 0.700353 0.692484 0.173121
vn 1.000000 0.000000 0.000000
vn 0.698259 0.706105 0.117684
vn 1.000000 0.000000 0.000000
vn 0.737238 0.674494 0.039215
vn 0.700353 0.692484 0.173121
vn 0.804047 0.591211 0.063063
vn 1.000000 0.000000 0.000000
vn 0.700353 0.692484 0.173121
vn 1.000000 0.000000 0.000000
vn 1.000000 0.000000 0.000000
vn 1.000000 0.000000 0.000000
vn 0.804047 0.591211 0.063063
vn 0.707107 -0.707107 0.000000
vn 0.707107 -0.707107 0.000000
vn 0.804047 0.591211 0.063063
vn 0.707107 -0.707107 0.000000
vn 1.000000 0.000000 0.000000
vn 1.000000 0.000000 0.000000
vn 0.707107 -0.707107 0.000000
vn 0.707107 -0.707107 0.000000
vn 1.000000 0.000000 0.000000
vn 0.707107 -0.707107 0.000000
vn 0.707107 -0.707107 0.000000
vn 0.707107 -0.707107 0.000000
vn 0.000000 -0.749147 0.662404
vn 0.000000 -0.749147 0.662404
vn 0.707107 -0.707107 0.000000
vn 0.478303 -0.878195 0.000000
vn 0.707107 -0.707107 0.000000
vn 0.707107 -0.707107 0.000000
vn 0.000000 -0.722642 -0.691223
vn 0.000000 -0.722642 -0.691223
vn 0.478303 -0.878195 0.000000
vn 0.000000 -0.749147 0.662404
vn 0.000000 -0.722642 -0.691223
vn 0.707107 -0.707107 0.000000
vn 0.000000 -0.749147 0.662404
vn 1.000000 0.000000 0.000000
vn 0.707107 -0.707107 0.000000
vn 0.707107 -0.707107 0.000000
vn 0.707107 -0.707107 0.000000
vn 0.707107 -0.707107 0.000000
vn 0.000000 -0.722642 -0.691223
vn 1.000000 0.000000 0.000000
vn 0.707107 -0.707107 0.000000
vn 0.737238 0.674494 0.039215
vn 0.737238 0.674494 0.039215
vn 0.707107 -0.707107 0.000000
vn 0.707107 -0.707107 0.000000
vn 0.707107 -0.707107 0.000000
vn 0.707107 -0.707107 0.000000
vn 0.000000 -0.722642 -0.691223
vn 0.737238 0.674494 0.039215
vn 0.707107 -0.707107 0.000000
vn 0.787304 0.614097 0.055111
vn 0.259505 0.951518 0.165139
vn 0.134050 0.985659 0.102508
vn 0.737238 0.674494 0.039215
vn 0.259505 0.951518 0.165139
vn 0.737238 0.674494 0.039215
vn 0.787304 0.614097 0.055111
vn 0.134050 0.985659 0.102508
vn 0.259505 0.951518 0.165139
vn 0.471929 0.849473 0.235965
vn 0.787304 0.614097 0.055111
vn 0.707107 -0.707107 0.000000
vn 0.707107 -0.707107 0.000000
vn 0.707107 -0.707107 0.000000
vn 0.707107 -0.707107 0.000000
vn 0.000000 -0.722642 -0.691223
vn 0.787304 0.614097 0.055111
vn 0.707107 -0.707107 0.000000
vn 0.807899 0.580432 0.101968
vn 0.471929 0.849473 0.235965
vn 0.259505 0.951518 0.165139
vn 0.478479 0.831456 0.282381
vn 0.471929 0.849473 0.235965
vn 0.478479 0.831456 0.282381
vn 0.527396 0.826515 0.196789
vn 0.259505 0.951518 0.165139
vn 0.787304 0.614097 0.055111
vn 0.415715 0.886336 0.203936
vn 0.259505 0.951518 0.165139
vn 0.415715 0.886336 0.203936
vn 0.478479 0.831456 0.282381
vn 0.415715 0.886336 0.203936
vn 0.787304 0.614097 0.055111
vn 0.807899 0.580432 0.101968
vn 0.527396 0.826515 0.196789
vn 0.478479 0.831456 0.282381
vn 0.446870 0.893740 0.039199
vn 0.527396 0.826515 0.196789
vn 0.446870 0.893740 0.039199
vn 0.425026 0.905147 0.007871
vn 0.478479 0.831456 0.282381
vn 0.415715 0.886336 0.203936
vn 0.502506 0.863682 0.039258
vn 0.478479 0.831456 0.282381
vn 0.502506 0.863682 0.039258
vn 0.446870 0.893740 0.039199
vn 0.502506 0.863682 0.039258
vn 0.415715 0.886336 0.203936
vn 0.472090 0.881234 0.023604
vn 0.472090 0.881234 0.023604
vn 0.415715 0.886336 0.203936
vn 0.807899 0.580432 0.101968
vn 0.425026 0.905147 0.007871
vn 0.446870 0.893740 0.039199
vn 0.402024 0.914407 -0.047297
vn 0.425026 0.905147 0.007871
vn 0.402024 0.914407 -0.047297
vn 0.172993 0.982912 -0.062906
vn 0.446870 0.893740 0.039199
vn 0.502506 0.863682 0.039258
vn 0.474312 0.877477 -0.071147
vn 0.446870 0.893740 0.039199
vn 0.474312 0.877477 -0.071147
vn 0.402024 0.914407 -0.047297
vn 0.502506 0.863682 0.039258
vn 0.472090 0.881234 0.023604
vn 0.462834 0.886445 0.000000
vn 0.502506 0.863682 0.039258
vn 0.462834 0.886445 0.000000
vn 0.474312 0.877477 -0.071147
vn 0.172993 0.982912 -0.062906
vn 0.402024 0.914407 -0.047297
vn 0.157676 0.985475 -0.063070
vn 0.172993 0.982912 -0.062906
vn 0.157676 0.985475 -0.063070
vn -0.071067 0.994937 -0.071067
vn 0.402024 0.914407 -0.047297
vn 0.474312 0.877477 -0.071147
vn 0.410455 0.907738 -0.086827
vn 0.402024 0.914407 -0.047297
vn 0.410455 0.907738 -0.086827
vn 0.157676 0.985475 -0.063070
vn 0.474312 0.877477 -0.071147
vn 0.462834 0.886445 0.000000
vn 0.394337 0.914862 -0.086754
vn 0.474312 0.877477 -0.071147
vn 0.394337 0.914862 -0.086754
vn 0.410455 0.907738 -0.086827
vn 0.456128 0.888663 0.047186
vn 0.462834 0.886445 0.000000
vn 0.472090 0.881234 0.023604
vn 0.394337 0.914862 -0.086754
vn 0.462834 0.886445 0.000000
vn 0.353663 0.935241 -0.015718
vn 0.353663 0.935241 -0.015718
vn 0.462834 0.886445 0.000000
vn 0.456128 0.888663 0.047186
vn 0.456128 0.888663 0.047186
vn 0.472090 0.881234 0.023604
vn 0.818492 0.574518 0.000000
vn 0.818492 0.574518 0.000000
vn 0.472090 0.881234 0.023604
vn 0.807899 0.580432 0.101968
vn 0.353663 0.935241 -0.015718
vn 0.456128 0.888663 0.047186
vn 0.606205 0.795152 -0.015746
vn 0.456128 0.888663 0.047186
vn 0.818492 0.574518 0.000000
vn 0.867730 0.496973 -0.007888
vn 0.456128 0.888663 0.047186
vn 0.867730 0.496973 -0.007888
vn 0.606205 0.795152 -0.015746
vn 0.818492 0.574518 0.000000
vn 0.807899 0.580432 0.101968
vn 1.000000 0.000000 0.000000
vn 0.818492 0.574518 0.000000
vn 1.000000 0.000000 0.000000
vn 0.867730 0.496973 -0.007888
vn 1.000000 0.000000 0.000000
vn 0.807899 0.580432 0.101968
vn 1.000000 0.000000 0.000000
vn 1.000000 0.000000 0.000000
vn 0.807899 0.580432 0.101968
vn 0.707107 -0.707107 0.000000
vn 1.000000 0.000000 0.000000
vn 1.000000 0.000000 0.000000
vn 0.707107 -0.707107 0.000000
vn 0.707107 -0.707107 0.000000
vn 1.000000 0.000000 0.000000
vn 0.707107 -0.707107 0.000000
vn 1.000000 0.000000 0.000000
vn 0.707107 -0.707107 0.000000
vn 0.867730 0.496973 -0.007888
vn 0.707107 -0.707107 0.000000
vn 0.707107 -0.707107 0.000000
vn 0.000000 -0.722642 -0.691223
vn 0.867730 0.496973 -0.007888
vn 0.707107 -0.707107 0.000000
vn 0.707107 -0.707107 0.000000
vn 0.707107 -0.707107 0.000000
vn 0.707107 -0.707107 0.000000
vn 0.000000 -0.722642 -0.691223
vn 0.867730 0.496973 -0.007888
vn 0.707107 -0.707107 0.000000
vn 0.952992 0.299287 -0.047256
vn 0.867730 0.496973 -0.007888
vn 0.952992 0.299287 -0.047256
vn 0.606205 0.795152 -0.015746
vn 0.707107 -0.707107 0.000000
vn 0.000000 -0.722642 -0.691223
vn 0.707107 -0.707107 0.000000
vn 0.707107 -0.707107 0.000000
vn 0.707107 -0.707107 0.000000
vn 0.952992 0.299287 -0.047256
vn 0.606205 0.795152 -0.015746
vn 0.952992 0.299287 -0.047256
vn 0.575142 0.716958 -0.393933
vn 0.952992 0.299287 -0.047256
vn 0.707107 -0.707107 0.000000
vn 1.000000 0.000000 0.000000
vn 1.000000 0.000000 0.000000
vn 0.707107 -0.707107 0.000000
vn 0.707107 -0.707107 0.000000
vn 0.707107 -0.707107 0.000000
vn 0.707107 -0.707107 0.000000
vn 0.000000 -0.722642 -0.691223
vn 0.952992 0.299287 -0.047256
vn 1.000000 0.000000 0.000000
vn 0.897721 0.401612 -0.181119
vn 0.952992 0.299287 -0.047256
vn 0.897721 0.401612 -0.181119
vn 0.575142 0.716958 -0.393933
vn 1.000000 0.000000 0.000000
vn 0.707107 -0.707107 0.000000
vn 1.000000 0.000000 0.000000
vn 1.000000 0.000000 0.000000
vn 1.000000 0.000000 0.000000
vn 0.897721 0.401612 -0.181119
vn 1.000000 0.000000 0.000000
vn 0.707107 -0.707107 0.000000
vn 0.707107 -0.707107 0.000000
vn 0.707107 -0.707107 0.000000
vn 0.707107 -0.707107 0.000000
vn 0.000000 -0.722642 -0.691223
vn 0.897721 0.401612 -0.181119
vn 1.000000 0.000000 0.000000
vn 0.821730 0.545186 -0.165926
vn 1.000000 0.000000 0.000000
vn 0.707107 -0.707107 0.000000
vn 0.891063 0.449474 -0.063084
vn 1.000000 0.000000 0.000000
vn 0.891063 0.449474 -0.063084
vn 0.821730 0.545186 -0.165926
vn 0.897721 0.401612 -0.181119
vn 0.821730 0.545186 -0.165926
vn 0.378047 0.858481 -0.346543
vn 0.897721 0.401612 -0.181119
vn 0.378047 0.858481 -0.346543
vn 0.575142 0.716958 -0.393933
vn 0.378047 0.858481 -0.346543
vn 0.821730 0.545186 -0.165926
vn 0.432254 0.895945 -0.102169
vn 0.432254 0.895945 -0.102169
vn 0.821730 0.545186 -0.165926
vn 0.891063 0.449474 -0.063084
vn 0.891063 0.449474 -0.063084
vn 0.707107 -0.707107 0.000000
vn 0.707107 -0.707107 0.000000
vn 0.707107 -0.707107 0.000000
vn 0.707107 -0.707107 0.000000
vn 0.000000 -0.722642 -0.691223
vn 0.432254 0.895945 -0.102169
vn 0.891063 0.449474 -0.063084
vn 0.386162 0.882656 -0.267949
vn 0.891063 0.449474 -0.063084
vn 0.707107 -0.707107 0.000000
vn 0.826515 0.527396 -0.196789
vn 0.891063 0.449474 -0.063084
vn 0.826515 0.527396 -0.196789
vn 0.386162 0.882656 -0.267949
vn 0.826515 0.527396 -0.196789
vn 0.707107 -0.707107 0.000000
vn 1.000000 0.000000 0.000000
vn 1.000000 0.000000 0.000000
vn 0.707107 -0.707107 0.000000
vn 0.707107 -0.707107 0.000000
vn 0.707107 -0.707107 0.000000
vn 0.707107 -0.707107 0.000000
vn 0.000000 -0.722642 -0.691223
vn 0.826515 0.527396 -0.196789
vn 1.000000 0.000000 0.000000
vn 0.789140 0.576073 -0.213068
vn 0.789140 0.576073 -0.213068
vn 1.000000 0.000000 0.000000
vn 0.707107 -0.707107 0.000000
vn 0.386162 0.882656 -0.267949
vn 0.826515 0.527396 -0.196789
vn 0.394484 0.844196 -0.362925
vn 0.394484 0.844196 -0.362925
vn 0.826515 0.527396 -0.196789
vn 0.789140 0.576073 -0.213068
vn 0.173400 0.961584 -0.212810
vn 0.432254 0.895945 -0.102169
vn 0.386162 0.882656 -0.267949
vn 0.386162 0.882656 -0.267949
vn 0.394484 0.844196 -0.362925
vn 0.464899 0.827362 -0.315185
vn 0.386162 0.882656 -0.267949
vn 0.464899 0.827362 -0.315185
vn 0.173400 0.961584 -0.212810
vn 0.432254 0.895945 -0.102169
vn 0.173400 0.961584 -0.212810
vn 0.282625 0.942082 -0.180566
vn 0.432254 0.895945 -0.102169
vn 0.282625 0.942082 -0.180566
vn 0.378047 0.858481 -0.346543
vn 0.173400 0.961584 -0.212810
vn 0.464899 0.827362 -0.315185
vn 0.236654 0.954503 -0.181435
vn 0.378047 0.858481 -0.346543
vn 0.282625 0.942082 -0.180566
vn 0.361790 0.825825 -0.432575
vn 0.378047 0.858481 -0.346543
vn 0.361790 0.825825 -0.432575
vn 0.575142 0.716958 -0.393933
vn 0.282625 0.942082 -0.180566
vn 0.173400 0.961584 -0.212810
vn 0.063147 0.986671 -0.149974
vn 0.063147 0.986671 -0.149974
vn 0.173400 0.961584 -0.212810
vn 0.236654 0.954503 -0.181435
vn 0.361790 0.825825 -0.432575
vn 0.282625 0.942082 -0.180566
vn 0.266882 0.902690 -0.337528
vn 0.266882 0.902690 -0.337528
vn 0.282625 0.942082 -0.180566
vn 0.063147 0.986671 -0.149974
vn 0.575142 0.716958 -0.393933
vn 0.361790 0.825825 -0.432575
vn 0.291973 0.860136 -0.418231
vn 0.575142 0.716958 -0.393933
vn 0.291973 0.860136 -0.418231
vn 0.606205 0.795152 -0.015746
vn 0.606205 0.795152 -0.015746
vn 0.291973 0.860136 -0.418231
vn 0.353663 0.935241 -0.015718
vn 0.291973 0.860136 -0.418231
vn 0.361790 0.825825 -0.432575
vn 0.402549 0.797206 -0.449908
vn 0.402549 0.797206 -0.449908
vn 0.361790 0.825825 -0.432575
vn 0.266882 0.902690 -0.337528
vn 0.353663 0.935241 -0.015718
vn 0.291973 0.860136 -0.418231
vn 0.330310 0.865096 -0.377497
vn 0.330310 0.865096 -0.377497
vn 0.291973 0.860136 -0.418231
vn 0.402549 0.797206 -0.449908
vn 0.353663 0.935241 -0.015718
vn 0.330310 0.865096 -0.377497
vn 0.394337 0.914862 -0.086754
vn 0.394337 0.914862 -0.086754
vn 0.330310 0.865096 -0.377497
vn 0.459335 0.823635 -0.332622
vn 0.394337 0.914862 -0.086754
vn 0.459335 0.823635 -0.332622
vn 0.410455 0.907738 -0.086827
vn 0.330310 0.865096 -0.377497
vn 0.402549 0.797206 -0.449908
vn 0.495449 0.739241 -0.456128
vn 0.330310 0.865096 -0.377497
vn 0.495449 0.739241 -0.456128
vn 0.459335 0.823635 -0.332622
vn 0.402549 0.797206 -0.449908
vn 0.266882 0.902690 -0.337528
vn 0.394055 0.788110 -0.472866
vn 0.402549 0.797206 -0.449908
vn 0.394055 0.788110 -0.472866
vn 0.495449 0.739241 -0.456128
vn 0.394055 0.788110 -0.472866
vn 0.266882 0.902690 -0.337528
vn 0.197138 0.938376 -0.283879
vn 0.197138 0.938376 -0.283879
vn 0.266882 0.902690 -0.337528
vn 0.063147 0.986671 -0.149974
vn 0.410455 0.907738 -0.086827
vn 0.459335 0.823635 -0.332622
vn 0.197340 0.947234 -0.252596
vn 0.410455 0.907738 -0.086827
vn 0.197340 0.947234 -0.252596
vn 0.157676 0.985475 -0.063070
vn 0.459335 0.823635 -0.332622
vn 0.495449 0.739241 -0.456128
vn 0.306233 0.840179 -0.447572
vn 0.459335 0.823635 -0.332622
vn 0.306233 0.840179 -0.447572
vn 0.197340 0.947234 -0.252596
vn 0.495449 0.739241 -0.456128
vn 0.394055 0.788110 -0.472866
vn 0.306309 0.793262 -0.526223
vn 0.495449 0.739241 -0.456128
vn 0.306309 0.793262 -0.526223
vn 0.306233 0.840179 -0.447572
vn 0.394055 0.788110 -0.472866
vn 0.197138 0.938376 -0.283879
vn 0.297822 0.830766 -0.470245
vn 0.394055 0.788110 -0.472866
vn 0.297822 0.830766 -0.470245
vn 0.306309 0.793262 -0.526223
vn 0.157676 0.985475 -0.063070
vn 0.197340 0.947234 -0.252596
vn -0.110305 0.969105 -0.220609
vn 0.157676 0.985475 -0.063070
vn -0.110305 0.969105 -0.220609
vn -0.071067 0.994937 -0.071067
vn 0.197340 0.947234 -0.252596
vn 0.306233 0.840179 -0.447572
vn -0.047322 0.930664 -0.362801
vn 0.197340 0.947234 -0.252596
vn -0.047322 0.930664 -0.362801
vn -0.110305 0.969105 -0.220609
vn 0.306233 0.840179 -0.447572
vn 0.306309 0.793262 -0.526223
vn 0.125848 0.880935 -0.456198
vn 0.306233 0.840179 -0.447572
vn 0.125848 0.880935 -0.456198
vn -0.047322 0.930664 -0.362801
vn 0.306309 0.793262 -0.526223
vn 0.297822 0.830766 -0.470245
vn 0.299733 0.804548 -0.512702
vn 0.306309 0.793262 -0.526223
vn 0.299733 0.804548 -0.512702
vn 0.125848 0.880935 -0.456198
vn -0.071067 0.994937 -0.071067
vn -0.110305 0.969105 -0.220609
vn -0.125848 0.959589 -0.251696
vn -0.071067 0.994937 -0.071067
vn -0.125848 0.959589 -0.251696
vn -0.118415 0.986794 -0.110521
vn -0.118415 0.986794 -0.110521
vn -0.125848 0.959589 -0.251696
vn -0.118327 0.962392 -0.244542
vn -0.125848 0.959589 -0.251696
vn -0.110305 0.969105 -0.220609
vn -0.149472 0.951901 -0.267476
vn -0.149472 0.951901 -0.267476
vn -0.110305 0.969105 -0.220609
vn -0.047322 0.930664 -0.362801
vn -0.118327 0.962392 -0.244542
vn -0.125848 0.959589 -0.251696
vn -0.118048 0.944384 -0.306925
vn -0.118048 0.944384 -0.306925
vn -0.125848 0.959589 -0.251696
vn -0.149472 0.951901 -0.267476
vn -0.118327 0.962392 -0.244542
vn -0.118048 0.944384 -0.306925
vn -0.219259 0.924021 -0.313227
vn -0.149472 0.951901 -0.267476
vn -0.047322 0.930664 -0.362801
vn -0.055069 0.959768 -0.275343
vn -0.055069 0.959768 -0.275343
vn -0.047322 0.930664 -0.362801
vn 0.125848 0.880935 -0.456198
vn -0.118048 0.944384 -0.306925
vn -0.149472 0.951901 -0.267476
vn -0.189047 0.953111 -0.236308
vn -0.189047 0.953111 -0.236308
vn -0.149472 0.951901 -0.267476
vn -0.055069 0.959768 -0.275343
vn -0.219259 0.924021 -0.313227
vn -0.118048 0.944384 -0.306925
vn -0.211786 0.925583 -0.313757
vn -0.211786 0.925583 -0.313757
vn -0.118048 0.944384 -0.306925
vn -0.189047 0.953111 -0.236308
vn -0.219259 0.924021 -0.313227
vn -0.211786 0.925583 -0.313757
vn -0.243154 0.925554 -0.290216
vn -0.219259 0.924021 -0.313227
vn -0.243154 0.925554 -0.290216
vn -0.276898 0.917720 -0.284810
vn -0.055069 0.959768 -0.275343
vn 0.125848 0.880935 -0.456198
vn 0.141264 0.894675 -0.423793
vn 0.141264 0.894675 -0.423793
vn 0.125848 0.880935 -0.456198
vn 0.299733 0.804548 -0.512702
vn -0.189047 0.953111 -0.236308
vn -0.055069 0.959768 -0.275343
vn -0.188672 0.927640 -0.322315
vn -0.188672 0.927640 -0.322315
vn -0.055069 0.959768 -0.275343
vn 0.141264 0.894675 -0.423793
vn -0.211786 0.925583 -0.313757
vn -0.189047 0.953111 -0.236308
vn -0.266366 0.908777 -0.321206
vn -0.266366 0.908777 -0.321206
vn -0.189047 0.953111 -0.236308
vn -0.188672 0.927640 -0.322315
vn -0.196692 0.936254 -0.291104
vn -0.243154 0.925554 -0.290216
vn -0.211786 0.925583 -0.313757
vn -0.196692 0.936254 -0.291104
vn -0.211786 0.925583 -0.313757
vn -0.266366 0.908777 -0.321206
vn -0.236543 0.938289 -0.252313
vn -0.276898 0.917720 -0.284810
vn -0.243154 0.925554 -0.290216
vn -0.276898 0.917720 -0.284810
vn -0.236543 0.938289 -0.252313
vn -0.290762 0.927296 -0.235753
vn -0.243154 0.925554 -0.290216
vn -0.196692 0.936254 -0.291104
vn -0.173460 0.954028 -0.244420
vn -0.243154 0.925554 -0.290216
vn -0.173460 0.954028 -0.244420
vn -0.236543 0.938289 -0.252313
vn -0.290762 0.927296 -0.235753
vn -0.236543 0.938289 -0.252313
vn -0.274563 0.941358 -0.196116
vn -0.290762 0.927296 -0.235753
vn -0.274563 0.941358 -0.196116
vn -0.347579 0.924245 -0.157991
vn -0.236543 0.938289 -0.252313
vn -0.173460 0.954028 -0.244420
vn -0.205253 0.955217 -0.213148
vn -0.236543 0.938289 -0.252313
vn -0.205253 0.955217 -0.213148
vn -0.274563 0.941358 -0.196116
vn -0.173460 0.954028 -0.244420
vn -0.196692 0.936254 -0.291104
vn -0.133458 0.949904 -0.282616
vn -0.347579 0.924245 -0.157991
vn -0.274563 0.941358 -0.196116
vn -0.323145 0.937910 -0.126106
vn -0.274563 0.941358 -0.196116
vn -0.205253 0.955217 -0.213148
vn -0.251812 0.952166 -0.173121
vn -0.274563 0.941358 -0.196116
vn -0.251812 0.952166 -0.173121
vn -0.323145 0.937910 -0.126106
vn -0.205253 0.955217 -0.213148
vn -0.173460 0.954028 -0.244420
vn -0.189352 0.946762 -0.260360
vn -0.189352 0.946762 -0.260360
vn -0.173460 0.954028 -0.244420
vn -0.133458 0.949904 -0.282616
vn -0.251812 0.952166 -0.173121
vn -0.205253 0.955217 -0.213148
vn -0.196985 0.953406 -0.228502
vn -0.196985 0.953406 -0.228502
vn -0.205253 0.955217 -0.213148
vn -0.189352 0.946762 -0.260360
vn -0.347579 0.924245 -0.157991
vn -0.323145 0.937910 -0.126106
vn -0.400681 0.911354 -0.094278
vn -0.347579 0.924245 -0.157991
vn -0.400681 0.911354 -0.094278
vn -0.408740 0.903944 -0.125766
vn -0.323145 0.937910 -0.126106
vn -0.251812 0.952166 -0.173121
vn -0.792797 0.604410 -0.078495
vn -0.408740 0.903944 -0.125766
vn -0.400681 0.911354 -0.094278
vn -0.392293 0.910119 -0.133379
vn -0.408740 0.903944 -0.125766
vn -0.392293 0.910119 -0.133379
vn -0.402174 0.898977 -0.173487
vn -0.400681 0.911354 -0.094278
vn -0.323145 0.937910 -0.126106
vn -0.823815 0.564901 -0.047075
vn -0.823815 0.564901 -0.047075
vn -0.323145 0.937910 -0.126106
vn -0.792797 0.604410 -0.078495
vn -0.392293 0.910119 -0.133379
vn -0.400681 0.911354 -0.094278
vn -0.843043 0.535765 -0.047273
vn -0.843043 0.535765 -0.047273
vn -0.400681 0.911354 -0.094278
vn -0.823815 0.564901 -0.047075
vn -0.402174 0.898977 -0.173487
vn -0.392293 0.910119 -0.133379
vn -0.322017 0.918927 -0.227768
vn -0.402174 0.898977 -0.173487
vn -0.322017 0.918927 -0.227768
vn -0.339003 0.914521 -0.220746
vn -0.392293 0.910119 -0.133379
vn -0.843043 0.535765 -0.047273
vn -0.823384 0.556764 -0.109785
vn -0.392293 0.910119 -0.133379
vn -0.823384 0.556764 -0.109785
vn -0.322017 0.918927 -0.227768
vn -0.843043 0.535765 -0.047273
vn -0.823815 0.564901 -0.047075
vn -1.000000 0.000000 0.000000
vn -0.843043 0.535765 -0.047273
vn -1.000000 0.000000 0.000000
vn -0.823384 0.556764 -0.109785
vn -1.000000 0.000000 0.000000
vn -0.823815 0.564901 -0.047075
vn -0.792797 0.604410 -0.078495
vn -0.823815 0.564901 -0.047075
vn -1.000000 0.000000 0.000000
vn -1.000000 0.000000 0.000000
vn -0.339003 0.914521 -0.220746
vn -0.322017 0.918927 -0.227768
vn -0.274664 0.926010 -0.258969
vn -0.339003 0.914521 -0.220746
vn -0.274664 0.926010 -0.258969
vn -0.322465 0.935935 -0.141570
vn -0.322017 0.918927 -0.227768
vn -0.823384 0.556764 -0.109785
vn -0.787890 0.590918 -0.173336
vn -0.322017 0.918927 -0.227768
vn -0.787890 0.590918 -0.173336
vn -0.274664 0.926010 -0.258969
vn -0.322465 0.935935 -0.141570
vn -0.274664 0.926010 -0.258969
vn -0.276483 0.947943 -0.157991
vn -0.322465 0.935935 -0.141570
vn -0.276483 0.947943 -0.157991
vn -0.306309 0.950343 -0.054979
vn -0.274664 0.926010 -0.258969
vn -0.787890 0.590918 -0.173336
vn -0.762598 0.621085 -0.180822
vn -0.274664 0.926010 -0.258969
vn -0.762598 0.621085 -0.180822
vn -0.276483 0.947943 -0.157991
vn -0.306309 0.950343 -0.054979
vn -0.276483 0.947943 -0.157991
vn -0.260295 0.962302 -0.078877
vn -0.306309 0.950343 -0.054979
vn -0.260295 0.962302 -0.078877
vn -0.290216 0.956929 -0.007844
vn -0.276483 0.947943 -0.157991
vn -0.762598 0.621085 -0.180822
vn -0.781955 0.616086 -0.094782
vn -0.276483 0.947943 -0.157991
vn -0.781955 0.616086 -0.094782
vn -0.260295 0.962302 -0.078877
vn -0.290216 0.956929 -0.007844
vn -0.260295 0.962302 -0.078877
vn -0.313834 0.949348 0.015692
vn -0.290216 0.956929 -0.007844
vn -0.313834 0.949348 0.015692
vn -0.316070 0.948209 0.031607
vn -0.313834 0.949348 0.015692
vn -0.260295 0.962302 -0.078877
vn -0.759517 0.648754 -0.047470
vn -0.759517 0.648754 -0.047470
vn -0.260295 0.962302 -0.078877
vn -0.781955 0.616086 -0.094782
vn -0.316070 0.948209 0.031607
vn -0.313834 0.949348 0.015692
vn -0.299538 0.953791 0.023648
vn -0.316070 0.948209 0.031607
vn -0.299538 0.953791 0.023648
vn -0.316070 0.948209 0.031607
vn -0.313834 0.949348 0.015692
vn -0.759517 0.648754 -0.047470
vn -0.818087 0.574234 0.031465
vn -0.313834 0.949348 0.015692
vn -0.818087 0.574234 0.031465
vn -0.299538 0.953791 0.023648
vn -0.759517 0.648754 -0.047470
vn -0.781955 0.616086 -0.094782
vn -1.000000 0.000000 0.000000
vn -0.759517 0.648754 -0.047470
vn -1.000000 0.000000 0.000000
vn -0.818087 0.574234 0.031465
vn -0.316070 0.948209 0.031607
vn -0.299538 0.953791 0.023648
vn -0.329526 0.941502 0.070613
vn -0.316070 0.948209 0.031607
vn -0.329526 0.941502 0.070613
vn -0.337777 0.934779 0.109974
vn -0.337777 0.934779 0.109974
vn -0.329526 0.941502 0.070613
vn -0.385206 0.911917 0.141504
vn -0.329526 0.941502 0.070613
vn -0.299538 0.953791 0.023648
vn -0.795226 0.606262 0.007874
vn -0.795226 0.606262 0.007874
vn -0.299538 0.953791 0.023648
vn -0.818087 0.574234 0.031465
vn -0.385206 0.911917 0.141504
vn -0.329526 0.941502 0.070613
vn -0.810095 0.582010 0.070785
vn -0.810095 0.582010 0.070785
vn -0.329526 0.941502 0.070613
vn -0.795226 0.606262 0.007874
vn -0.385206 0.911917 0.141504
vn -0.810095 0.582010 0.070785
vn -0.844354 0.528708 0.086803
vn -0.810095 0.582010 0.070785
vn -0.795226 0.606262 0.007874
vn -1.000000 0.000000 0.000000
vn -0.810095 0.582010 0.070785
vn -1.000000 0.000000 0.000000
vn -0.844354 0.528708 0.086803
vn -0.795226 0.606262 0.007874
vn -0.818087 0.574234 0.031465
vn -0.707107 -0.707107 0.000000
vn -1.000000 0.000000 0.000000
vn -0.795226 0.606262 0.007874
vn -0.707107 -0.707107 0.000000
vn -0.707107 -0.707107 0.000000
vn -0.795226 0.606262 0.007874
vn -0.707107 -0.707107 0.000000
vn -0.844354 0.528708 0.086803
vn -1.000000 0.000000 0.000000
vn -0.707107 -0.707107 0.000000
vn -0.707107 -0.707107 0.000000
vn -1.000000 0.000000 0.000000
vn -0.707107 -0.707107 0.000000
vn -0.844354 0.528708 0.086803
vn -0.707107 -0.707107 0.000000
vn -0.707107 -0.707107 0.000000
vn -0.707107 -0.707107 0.000000
vn -0.707107 -0.707107 0.000000
vn 0.000000 -0.707107 0.707107
vn -0.707107 -0.707107 0.000000
vn -0.707107 -0.707107 0.000000
vn 0.000000 -0.707107 -0.707107
vn -0.707107 -0.707107 0.000000
vn 0.000000 -0.707107 -0.707107
vn 0.000000 -0.707107 0.707107
vn 0.000000 -0.707107 -0.707107
vn -0.707107 -0.707107 0.000000
vn -0.707107 -0.707107 0.000000
vn -0.707107 -0.707107 0.000000
vn -0.707107 -0.707107 0.000000
vn -0.818087 0.574234 0.031465
vn -0.707107 -0.707107 0.000000
vn -0.818087 0.574234 0.031465
vn -1.000000 0.000000 0.000000
vn -0.707107 -0.707107 0.000000
vn -0.707107 -0.707107 0.000000
vn 0.000000 -0.707107 -0.707107
vn -0.707107 -0.707107 0.000000
vn -1.000000 0.000000 0.000000
vn -0.707107 -0.707107 0.000000
vn -0.707107 -0.707107 0.000000
vn -0.707107 -0.707107 0.000000
vn 0.000000 -0.707107 -0.707107
vn -0.707107 -0.707107 0.000000
vn -1.000000 0.000000 0.000000
vn -0.781955 0.616086 -0.094782
vn -0.707107 -0.707107 0.000000
vn -0.781955 0.616086 -0.094782
vn -0.707107 -0.707107 0.000000
vn -0.707107 -0.707107 0.000000
vn -0.707107 -0.707107 0.000000
vn 0.000000 -0.707107 -0.707107
vn -0.707107 -0.707107 0.000000
vn -0.781955 0.616086 -0.094782
vn -0.762598 0.621085 -0.180822
vn -0.707107 -0.707107 0.000000
vn -0.762598 0.621085 -0.180822
vn -0.707107 -0.707107 0.000000
vn -0.707107 -0.707107 0.000000
vn -0.707107 -0.707107 0.000000
vn 0.000000 -0.707107 -0.707107
vn -0.707107 -0.707107 0.000000
vn -0.762598 0.621085 -0.180822
vn -0.787890 0.590918 -0.173336
vn -0.707107 -0.707107 0.000000
vn -0.787890 0.590918 -0.173336
vn -0.707107 -0.707107 0.000000
vn -0.707107 -0.707107 0.000000
vn -0.707107 -0.707107 0.000000
vn 0.000000 -0.707107 -0.707107
vn -0.707107 -0.707107 0.000000
vn -0.787890 0.590918 -0.173336
vn -0.823384 0.556764 -0.109785
vn -0.707107 -0.707107 0.000000
vn -0.823384 0.556764 -0.109785
vn -0.707107 -0.707107 0.000000
vn -0.707107 -0.707107 0.000000
vn -0.707107 -0.707107 0.000000
vn 0.000000 -0.707107 -0.707107
vn -0.707107 -0.707107 0.000000
vn -0.823384 0.556764 -0.109785
vn -1.000000 0.000000 0.000000
vn -0.707107 -0.707107 0.000000
vn -1.000000 0.000000 0.000000
vn -0.707107 -0.707107 0.000000
vn -0.707107 -0.707107 0.000000
vn -0.707107 -0.707107 0.000000
vn 0.000000 -0.707107 -0.707107
vn -0.707107 -0.707107 0.000000
vn -1.000000 0.000000 0.000000
vn -1.000000 0.000000 0.000000
vn -0.707107 -0.707107 0.000000
vn -1.000000 0.000000 0.000000
vn -0.707107 -0.707107 0.000000
vn -0.707107 -0.707107 0.000000
vn -0.707107 -0.707107 0.000000
vn 0.000000 -0.707107 -0.707107
vn -0.707107 -0.707107 0.000000
vn -1.000000 0.000000 0.000000
vn -1.000000 0.000000 0.000000
vn -1.000000 0.000000 0.000000
vn -1.000000 0.000000 0.000000
vn -0.792797 0.604410 -0.078495
vn -0.707107 -0.707107 0.000000
vn -1.000000 0.000000 0.000000
vn -0.707107 -0.707107 0.000000
vn -0.707107 -0.707107 0.000000
vn -0.707107 -0.707107 0.000000
vn 0.000000 -0.707107 -0.707107
vn -1.000000 0.000000 0.000000
vn -0.792797 0.604410 -0.078495
vn -0.765299 0.631175 -0.126235
vn -1.000000 0.000000 0.000000
vn -0.765299 0.631175 -0.126235
vn -0.707107 -0.707107 0.000000
vn -0.765299 0.631175 -0.126235
vn -0.792797 0.604410 -0.078495
vn -0.251812 0.952166 -0.173121
vn -0.765299 0.631175 -0.126235
vn -0.251812 0.952166 -0.173121
vn -0.196985 0.953406 -0.228502
vn -0.707107 -0.707107 0.000000
vn -0.765299 0.631175 -0.126235
vn -1.000000 0.000000 0.000000
vn -0.707107 -0.707107 0.000000
vn -1.000000 0.000000 0.000000
vn -0.707107 -0.707107 0.000000
vn -0.707107 -0.707107 0.000000
vn -0.707107 -0.707107 0.000000
vn 0.000000 -0.707107 -0.707107
vn -1.000000 0.000000 0.000000
vn -0.765299 0.631175 -0.126235
vn -1.000000 0.000000 0.000000
vn -1.000000 0.000000 0.000000
vn -1.000000 0.000000 0.000000
vn -1.000000 0.000000 0.000000
vn -1.000000 0.000000 0.000000
vn -1.000000 0.000000 0.000000
vn -0.707107 -0.707107 0.000000
vn -1.000000 0.000000 0.000000
vn -0.765299 0.631175 -0.126235
vn -0.732624 0.653847 -0.189064
vn -0.732624 0.653847 -0.189064
vn -0.765299 0.631175 -0.126235
vn -0.196985 0.953406 -0.228502
vn -1.000000 0.000000 0.000000
vn -1.000000 0.000000 0.000000
vn -0.772636 0.614955 -0.157681
vn -0.772636 0.614955 -0.157681
vn -1.000000 0.000000 0.000000
vn -0.732624 0.653847 -0.189064
vn -1.000000 0.000000 0.000000
vn -0.772636 0.614955 -0.157681
vn -0.707107 -0.707107 0.000000
vn -0.732624 0.653847 -0.189064
vn -0.196985 0.953406 -0.228502
vn -0.141156 0.948881 -0.282312
vn -0.732624 0.653847 -0.189064
vn -0.141156 0.948881 -0.282312
vn -0.772636 0.614955 -0.157681
vn -0.141156 0.948881 -0.282312
vn -0.196985 0.953406 -0.228502
vn -0.189352 0.946762 -0.260360
vn -0.141156 0.948881 -0.282312
vn -0.189352 0.946762 -0.260360
vn -0.157285 0.943712 -0.290978
vn -0.157285 0.943712 -0.290978
vn -0.189352 0.946762 -0.260360
vn -0.133458 0.949904 -0.282616
vn -0.772636 0.614955 -0.157681
vn -0.141156 0.948881 -0.282312
vn -0.165165 0.959530 -0.228085
vn -0.165165 0.959530 -0.228085
vn -0.141156 0.948881 -0.282312
vn -0.157285 0.943712 -0.290978
vn -1.000000 0.000000 0.000000
vn -0.707107 -0.707107 0.000000
vn -0.772636 0.614955 -0.157681
vn -0.772636 0.614955 -0.157681
vn -0.165165 0.959530 -0.228085
vn -0.773767 0.623751 -0.110538
vn -0.772636 0.614955 -0.157681
vn -0.773767 0.623751 -0.110538
vn -1.000000 0.000000 0.000000
vn -0.707107 -0.707107 0.000000
vn -1.000000 0.000000 0.000000
vn -0.707107 -0.707107 0.000000
vn -0.773767 0.623751 -0.110538
vn -0.165165 0.959530 -0.228085
vn -0.196449 0.966528 -0.165017
vn -1.000000 0.000000 0.000000
vn -0.773767 0.623751 -0.110538
vn -0.764135 0.638092 -0.094532
vn -0.764135 0.638092 -0.094532
vn -0.773767 0.623751 -0.110538
vn -0.196449 0.966528 -0.165017
vn -0.196449 0.966528 -0.165017
vn -0.165165 0.959530 -0.228085
vn -0.173687 0.963171 -0.205266
vn -0.173687 0.963171 -0.205266
vn -0.165165 0.959530 -0.228085
vn -0.157285 0.943712 -0.290978
vn -0.707107 -0.707107 0.000000
vn -0.707107 -0.707107 0.000000
vn 0.000000 -0.707107 -0.707107
vn -0.173687 0.963171 -0.205266
vn -0.157285 0.943712 -0.290978
vn -0.157642 0.945850 -0.283755
vn -0.157642 0.945850 -0.283755
vn -0.157285 0.943712 -0.290978
vn -0.133458 0.949904 -0.282616
vn -0.196449 0.966528 -0.165017
vn -0.173687 0.963171 -0.205266
vn -0.243117 0.964624 -0.101952
vn -0.157642 0.945850 -0.283755
vn -0.133458 0.949904 -0.282616
vn -0.110542 0.947500 -0.300042
vn -0.110542 0.947500 -0.300042
vn -0.133458 0.949904 -0.282616
vn -0.196692 0.936254 -0.291104
vn -0.110542 0.947500 -0.300042
vn -0.196692 0.936254 -0.291104
vn -0.266366 0.908777 -0.321206
vn -0.173687 0.963171 -0.205266
vn -0.157642 0.945850 -0.283755
vn -0.213094 0.962871 -0.165740
vn -0.173687 0.963171 -0.205266
vn -0.213094 0.962871 -0.165740
vn -0.243117 0.964624 -0.101952
vn -0.157642 0.945850 -0.283755
vn -0.110542 0.947500 -0.300042
vn -0.164864 0.957784 -0.235521
vn -0.157642 0.945850 -0.283755
vn -0.164864 0.957784 -0.235521
vn -0.213094 0.962871 -0.165740
vn -0.110542 0.947500 -0.300042
vn -0.266366 0.908777 -0.321206
vn -0.212303 0.927841 -0.306659
vn -0.110542 0.947500 -0.300042
vn -0.212303 0.927841 -0.306659
vn -0.164864 0.957784 -0.235521
vn -0.212303 0.927841 -0.306659
vn -0.266366 0.908777 -0.321206
vn -0.188672 0.927640 -0.322315
vn -0.212303 0.927841 -0.306659
vn -0.188672 0.927640 -0.322315
vn -0.117554 0.909084 -0.399684
vn -0.117554 0.909084 -0.399684
vn -0.188672 0.927640 -0.322315
vn 0.141264 0.894675 -0.423793
vn -0.164864 0.957784 -0.235521
vn -0.212303 0.927841 -0.306659
vn -0.166014 0.964465 -0.205542
vn -0.166014 0.964465 -0.205542
vn -0.212303 0.927841 -0.306659
vn -0.117554 0.909084 -0.399684
vn -0.244542 0.962392 -0.118327
vn -0.213094 0.962871 -0.165740
vn -0.164864 0.957784 -0.235521
vn -0.244542 0.962392 -0.118327
vn -0.164864 0.957784 -0.235521
vn -0.166014 0.964465 -0.205542
vn -0.117554 0.909084 -0.399684
vn 0.141264 0.894675 -0.423793
vn 0.204680 0.881698 -0.425105
vn -0.213094 0.962871 -0.165740
vn -0.244542 0.962392 -0.118327
vn -0.251152 0.965367 -0.070637
vn -0.213094 0.962871 -0.165740
vn -0.251152 0.965367 -0.070637
vn -0.243117 0.964624 -0.101952
vn 0.204680 0.881698 -0.425105
vn 0.141264 0.894675 -0.423793
vn 0.299733 0.804548 -0.512702
vn -0.166014 0.964465 -0.205542
vn -0.117554 0.909084 -0.399684
vn -0.039232 0.965099 -0.258929
vn -0.039232 0.965099 -0.258929
vn -0.117554 0.909084 -0.399684
vn 0.204680 0.881698 -0.425105
vn -0.244542 0.962392 -0.118327
vn -0.166014 0.964465 -0.205542
vn -0.157956 0.979327 -0.126365
vn -0.157956 0.979327 -0.126365
vn -0.166014 0.964465 -0.205542
vn -0.039232 0.965099 -0.258929
vn -0.251152 0.965367 -0.070637
vn -0.244542 0.962392 -0.118327
vn -0.221270 0.972006 -0.079025
vn -0.221270 0.972006 -0.079025
vn -0.244542 0.962392 -0.118327
vn -0.157956 0.979327 -0.126365
vn 0.204680 0.881698 -0.425105
vn 0.299733 0.804548 -0.512702
vn 0.204237 0.934779 -0.290646
vn 0.204237 0.934779 -0.290646
vn 0.299733 0.804548 -0.512702
vn 0.297822 0.830766 -0.470245
vn -0.039232 0.965099 -0.258929
vn 0.204680 0.881698 -0.425105
vn 0.023597 0.983216 -0.180912
vn 0.023597 0.983216 -0.180912
vn 0.204680 0.881698 -0.425105
vn 0.204237 0.934779 -0.290646
vn -0.157956 0.979327 -0.126365
vn -0.039232 0.965099 -0.258929
vn -0.070611 0.988547 -0.133375
vn -0.070611 0.988547 -0.133375
vn -0.039232 0.965099 -0.258929
vn 0.023597 0.983216 -0.180912
vn -0.221270 0.972006 -0.079025
vn -0.157956 0.979327 -0.126365
vn -0.110301 0.984832 -0.133937
vn -0.110301 0.984832 -0.133937
vn -0.157956 0.979327 -0.126365
vn -0.070611 0.988547 -0.133375
vn 0.204237 0.934779 -0.290646
vn 0.297822 0.830766 -0.470245
vn 0.086569 0.983734 -0.157397
vn 0.086569 0.983734 -0.157397
vn 0.297822 0.830766 -0.470245
vn 0.197138 0.938376 -0.283879
vn 0.023597 0.983216 -0.180912
vn 0.204237 0.934779 -0.290646
vn 0.062773 0.996515 -0.054926
vn 0.062773 0.996515 -0.054926
vn 0.204237 0.934779 -0.290646
vn 0.086569 0.983734 -0.157397
vn -0.070611 0.988547 -0.133375
vn 0.023597 0.983216 -0.180912
vn -0.070928 0.992988 -0.094570
vn -0.070928 0.992988 -0.094570
vn 0.023597 0.983216 -0.180912
vn 0.062773 0.996515 -0.054926
vn -0.110301 0.984832 -0.133937
vn -0.070611 0.988547 -0.133375
vn -0.086773 0.986057 -0.141992
vn -0.086773 0.986057 -0.141992
vn -0.070611 0.988547 -0.133375
vn -0.070928 0.992988 -0.094570
vn 0.086569 0.983734 -0.157397
vn 0.197138 0.938376 -0.283879
vn 0.047385 0.995092 -0.086873
vn 0.047385 0.995092 -0.086873
vn 0.197138 0.938376 -0.283879
vn 0.063147 0.986671 -0.149974
vn 0.047385 0.995092 -0.086873
vn 0.063147 0.986671 -0.149974
vn 0.236654 0.954503 -0.181435
vn 0.086569 0.983734 -0.157397
vn 0.047385 0.995092 -0.086873
vn 0.126294 0.986671 -0.102614
vn 0.086569 0.983734 -0.157397
vn 0.126294 0.986671 -0.102614
vn 0.062773 0.996515 -0.054926
vn 0.047385 0.995092 -0.086873
vn 0.236654 0.954503 -0.181435
vn 0.125677 0.973996 -0.188515
vn 0.047385 0.995092 -0.086873
vn 0.125677 0.973996 -0.188515
vn 0.126294 0.986671 -0.102614
vn 0.125677 0.973996 -0.188515
vn 0.236654 0.954503 -0.181435
vn 0.276277 0.931447 -0.236809
vn 0.276277 0.931447 -0.236809
vn 0.236654 0.954503 -0.181435
vn 0.464899 0.827362 -0.315185
vn 0.062773 0.996515 -0.054926
vn 0.126294 0.986671 -0.102614
vn 0.078701 0.991634 -0.102311
vn 0.062773 0.996515 -0.054926
vn 0.078701 0.991634 -0.102311
vn -0.070928 0.992988 -0.094570
vn 0.126294 0.986671 -0.102614
vn 0.125677 0.973996 -0.188515
vn 0.227782 0.958256 -0.172800
vn 0.126294 0.986671 -0.102614
vn 0.227782 0.958256 -0.172800
vn 0.078701 0.991634 -0.102311
vn 0.125677 0.973996 -0.188515
vn 0.276277 0.931447 -0.236809
vn 0.274867 0.903135 -0.329841
vn 0.125677 0.973996 -0.188515
vn 0.274867 0.903135 -0.329841
vn 0.227782 0.958256 -0.172800
vn 0.276277 0.931447 -0.236809
vn 0.464899 0.827362 -0.315185
vn 0.487223 0.840853 -0.235753
vn 0.487223 0.840853 -0.235753
vn 0.464899 0.827362 -0.315185
vn 0.394484 0.844196 -0.362925
vn 0.274867 0.903135 -0.329841
vn 0.276277 0.931447 -0.236809
vn 0.339807 0.853468 -0.395124
vn 0.339807 0.853468 -0.395124
vn 0.276277 0.931447 -0.236809
vn 0.487223 0.840853 -0.235753
vn 0.227782 0.958256 -0.172800
vn 0.274867 0.903135 -0.329841
vn 0.377777 0.881480 -0.283333
vn 0.274867 0.903135 -0.329841
vn 0.339807 0.853468 -0.395124
vn 0.387113 0.869029 -0.308110
vn 0.274867 0.903135 -0.329841
vn 0.387113 0.869029 -0.308110
vn 0.377777 0.881480 -0.283333
vn 0.487223 0.840853 -0.235753
vn 0.394484 0.844196 -0.362925
vn 0.416484 0.880118 -0.227888
vn 0.416484 0.880118 -0.227888
vn 0.394484 0.844196 -0.362925
vn 0.789140 0.576073 -0.213068
vn 0.339807 0.853468 -0.395124
vn 0.487223 0.840853 -0.235753
vn 0.418714 0.845328 -0.331811
vn 0.418714 0.845328 -0.331811
vn 0.487223 0.840853 -0.235753
vn 0.416484 0.880118 -0.227888
vn 0.387113 0.869029 -0.308110
vn 0.339807 0.853468 -0.395124
vn 0.260149 0.938114 -0.228616
vn 0.260149 0.938114 -0.228616
vn 0.339807 0.853468 -0.395124
vn 0.418714 0.845328 -0.331811
vn 0.377777 0.881480 -0.283333
vn 0.387113 0.869029 -0.308110
vn 0.330709 0.897638 -0.291339
vn 0.387113 0.869029 -0.308110
vn 0.260149 0.938114 -0.228616
vn 0.282625 0.942082 -0.180566
vn 0.387113 0.869029 -0.308110
vn 0.282625 0.942082 -0.180566
vn 0.330709 0.897638 -0.291339
vn 0.260149 0.938114 -0.228616
vn 0.418714 0.845328 -0.331811
vn 0.196437 0.974326 -0.110005
vn 0.418714 0.845328 -0.331811
vn 0.416484 0.880118 -0.227888
vn 0.307535 0.938376 -0.157710
vn 0.418714 0.845328 -0.331811
vn 0.307535 0.938376 -0.157710
vn 0.196437 0.974326 -0.110005
vn 0.307535 0.938376 -0.157710
vn 0.416484 0.880118 -0.227888
vn 0.801289 0.581327 -0.141404
vn 0.801289 0.581327 -0.141404
vn 0.416484 0.880118 -0.227888
vn 0.789140 0.576073 -0.213068
vn 0.282625 0.942082 -0.180566
vn 0.260149 0.938114 -0.228616
vn 0.205356 0.971490 -0.118474
vn 0.205356 0.971490 -0.118474
vn 0.260149 0.938114 -0.228616
vn 0.196437 0.974326 -0.110005
vn 0.801289 0.581327 -0.141404
vn 0.789140 0.576073 -0.213068
vn 1.000000 0.000000 0.000000
vn 1.000000 0.000000 0.000000
vn 0.789140 0.576073 -0.213068
vn 0.707107 -0.707107 0.000000
vn 0.307535 0.938376 -0.157710
vn 0.801289 0.581327 -0.141404
vn 0.810095 0.582010 -0.070785
vn 0.810095 0.582010 -0.070785
vn 0.801289 0.581327 -0.141404
vn 1.000000 0.000000 0.000000
vn 0.180912 0.983216 -0.023597
vn 0.196437 0.974326 -0.110005
vn 0.307535 0.938376 -0.157710
vn 0.180912 0.983216 -0.023597
vn 0.307535 0.938376 -0.157710
vn 0.810095 0.582010 -0.070785
vn 1.000000 0.000000 0.000000
vn 0.707107 -0.707107 0.000000
vn 0.707107 -0.707107 0.000000
vn 1.000000 0.000000 0.000000
vn 0.707107 -0.707107 0.000000
vn 0.810095 0.582010 -0.070785
vn 0.707107 -0.707107 0.000000
vn 0.707107 -0.707107 0.000000
vn 0.000000 -0.722642 -0.691223
vn 0.810095 0.582010 -0.070785
vn 0.707107 -0.707107 0.000000
vn 1.000000 0.000000 0.000000
vn 0.180912 0.983216 -0.023597
vn 0.810095 0.582010 -0.070785
vn 0.770698 0.637006 0.015729
vn 0.770698 0.637006 0.015729
vn 0.810095 0.582010 -0.070785
vn 1.000000 0.000000 0.000000
vn 1.000000 0.000000 0.000000
vn 0.707107 -0.707107 0.000000
vn 0.707107 -0.707107 0.000000
vn 1.000000 0.000000 0.000000
vn 0.707107 -0.707107 0.000000
vn 0.770698 0.637006 0.015729
vn 0.707107 -0.707107 0.000000
vn 0.707107 -0.707107 0.000000
vn 0.000000 -0.722642 -0.691223
vn 0.157500 0.984374 -0.078750
vn 0.196437 0.974326 -0.110005
vn 0.180912 0.983216 -0.023597
vn 0.196437 0.974326 -0.110005
vn 0.157500 0.984374 -0.078750
vn 0.205356 0.971490 -0.118474
vn 0.180912 0.983216 -0.023597
vn 0.770698 0.637006 0.015729
vn 0.094782 0.995216 -0.023696
vn 0.180912 0.983216 -0.023597
vn 0.094782 0.995216 -0.023696
vn 0.157500 0.984374 -0.078750
vn 0.770698 0.637006 0.015729
vn 0.707107 -0.707107 0.000000
vn 1.000000 0.000000 0.000000
vn 0.094782 0.995216 -0.023696
vn 0.770698 0.637006 0.015729
vn 0.683073 0.730181 0.015703
vn 0.683073 0.730181 0.015703
vn 0.770698 0.637006 0.015729
vn 1.000000 0.000000 0.000000
vn 1.000000 0.000000 0.000000
vn 0.707107 -0.707107 0.000000
vn 0.707107 -0.707107 0.000000
vn 0.707107 -0.707107 0.000000
vn 0.707107 -0.707107 0.000000
vn 0.000000 -0.722642 -0.691223
vn 0.683073 0.730181 0.015703
vn 1.000000 0.000000 0.000000
vn 0.755625 0.653300 -0.047227
vn 0.755625 0.653300 -0.047227
vn 1.000000 0.000000 0.000000
vn 0.707107 -0.707107 0.000000
vn 0.094782 0.995216 -0.023696
vn 0.683073 0.730181 0.015703
vn 0.070582 0.995994 -0.054897
vn 0.070582 0.995994 -0.054897
vn 0.683073 0.730181 0.015703
vn 0.755625 0.653300 -0.047227
vn 0.094782 0.995216 -0.023696
vn 0.070582 0.995994 -0.054897
vn 0.094386 0.991051 -0.094386
vn 0.094782 0.995216 -0.023696
vn 0.094386 0.991051 -0.094386
vn 0.157500 0.984374 -0.078750
vn 0.755625 0.653300 -0.047227
vn 0.707107 -0.707107 0.000000
vn 0.707107 -0.707107 0.000000
vn 0.707107 -0.707107 0.000000
vn 0.707107 -0.707107 0.000000
vn 0.000000 -0.722642 -0.691223
vn 0.070582 0.995994 -0.054897
vn 0.755625 0.653300 -0.047227
vn 0.031410 0.714567 -0.698862
vn 0.094386 0.991051 -0.094386
vn 0.070582 0.995994 -0.054897
vn 0.039442 0.678407 -0.733627
vn 0.039442 0.678407 -0.733627
vn 0.070582 0.995994 -0.054897
vn 0.031410 0.714567 -0.698862
vn 0.157500 0.984374 -0.078750
vn 0.094386 0.991051 -0.094386
vn 0.141256 0.980943 -0.133408
vn 0.157500 0.984374 -0.078750
vn 0.141256 0.980943 -0.133408
vn 0.205356 0.971490 -0.118474
vn 0.141256 0.980943 -0.133408
vn 0.094386 0.991051 -0.094386
vn 0.086927 0.663809 -0.742834
vn 0.086927 0.663809 -0.742834
vn 0.094386 0.991051 -0.094386
vn 0.039442 0.678407 -0.733627
vn 0.205356 0.971490 -0.118474
vn 0.141256 0.980943 -0.133408
vn 0.189117 0.969225 -0.157598
vn 0.205356 0.971490 -0.118474
vn 0.189117 0.969225 -0.157598
vn 0.282625 0.942082 -0.180566
vn 0.189117 0.969225 -0.157598
vn 0.141256 0.980943 -0.133408
vn 0.141352 0.659641 -0.738169
vn 0.141352 0.659641 -0.738169
vn 0.141256 0.980943 -0.133408
vn 0.086927 0.663809 -0.742834
vn 0.282625 0.942082 -0.180566
vn 0.189117 0.969225 -0.157598
vn 0.266866 0.941879 -0.204074
vn 0.282625 0.942082 -0.180566
vn 0.266866 0.941879 -0.204074
vn 0.330709 0.897638 -0.291339
vn 0.189117 0.969225 -0.157598
vn 0.141352 0.659641 -0.738169
vn 0.156893 0.682484 -0.713863
vn 0.189117 0.969225 -0.157598
vn 0.156893 0.682484 -0.713863
vn 0.266866 0.941879 -0.204074
vn 0.000000 0.000000 -1.000000
vn 0.086927 0.663809 -0.742834
vn 0.039442 0.678407 -0.733627
vn 0.000000 0.000000 -1.000000
vn 0.039442 0.678407 -0.733627
vn 0.000000 0.000000 -1.000000
vn 0.086927 0.663809 -0.742834
vn 0.000000 0.000000 -1.000000
vn 0.000000 0.000000 -1.000000
vn 0.000000 0.000000 -1.000000
vn 0.039442 0.678407 -0.733627
vn 0.000000 0.000000 -1.000000
vn 0.000000 0.000000 -1.000000
vn 0.039442 0.678407 -0.733627
vn 0.031410 0.714567 -0.698862
vn 0.000000 0.000000 -1.000000
vn 0.000000 0.000000 -1.000000
vn 0.000000 -0.722642 -0.691223
vn 0.086927 0.663809 -0.742834
vn 0.000000 0.000000 -1.000000
vn 0.000000 0.000000 -1.000000
vn 0.086927 0.663809 -0.742834
vn 0.000000 0.000000 -1.000000
vn 0.141352 0.659641 -0.738169
vn 0.000000 0.000000 -1.000000
vn 0.000000 0.000000 -1.000000
vn 0.000000 0.000000 -1.000000
vn 0.000000 0.000000 -1.000000
vn 0.031410 0.714567 -0.698862
vn 0.597999 0.550789 -0.582262
vn 0.000000 0.000000 -1.000000
vn 0.597999 0.550789 -0.582262
vn 0.000000 -0.722642 -0.691223
vn 0.597999 0.550789 -0.582262
vn 0.031410 0.714567 -0.698862
vn 0.755625 0.653300 -0.047227
vn 0.597999 0.550789 -0.582262
vn 0.755625 0.653300 -0.047227
vn 0.707107 -0.707107 0.000000
vn 0.597999 0.550789 -0.582262
vn 0.707107 -0.707107 0.000000
vn 0.577350 -0.577350 -0.577350
vn 0.597999 0.550789 -0.582262
vn 0.577350 -0.577350 -0.577350
vn 0.000000 -0.722642 -0.691223
vn 0.000000 -0.722642 -0.691223
vn 0.577350 -0.577350 -0.577350
vn 0.707107 -0.707107 0.000000
vn 0.000000 0.000000 -1.000000
vn 0.000000 0.000000 -1.000000
vn 0.000000 0.000000 -1.000000
vn 0.000000 0.000000 -1.000000
vn 0.000000 0.000000 -1.000000
vn 0.141352 0.659641 -0.738169
vn 0.141352 0.659641 -0.738169
vn 0.000000 0.000000 -1.000000
vn 0.156893 0.682484 -0.713863
vn 0.000000 0.000000 -1.000000
vn 0.000000 0.000000 -1.000000
vn 0.000000 -0.707107 -0.707107
vn 0.000000 -0.707107 -0.707107
vn 0.000000 -0.722642 -0.691223
vn 0.000000 -0.749147 0.662404
vn 0.156893 0.682484 -0.713863
vn 0.000000 0.000000 -1.000000
vn 0.189064 0.653847 -0.732624
vn 0.189064 0.653847 -0.732624
vn 0.000000 0.000000 -1.000000
vn 0.000000 -0.707107 -0.707107
vn 0.156893 0.682484 -0.713863
vn 0.189064 0.653847 -0.732624
vn 0.266866 0.941879 -0.204074
vn 0.000000 -0.707107 -0.707107
vn 0.000000 -0.749147 0.662404
vn 0.000000 -0.707107 -0.707107
vn 0.000000 -0.707107 -0.707107
vn 0.000000 -0.707107 -0.707107
vn 0.189064 0.653847 -0.732624
vn 0.000000 -0.707107 -0.707107
vn 0.000000 -0.749147 0.662404
vn 0.000000 -0.707107 0.707107
vn 0.266866 0.941879 -0.204074
vn 0.189064 0.653847 -0.732624
vn 0.251781 0.944180 -0.212440
vn 0.266866 0.941879 -0.204074
vn 0.251781 0.944180 -0.212440
vn 0.330709 0.897638 -0.291339
vn 0.000000 -0.707107 -0.707107
vn 0.000000 -0.707107 0.707107
vn 0.000000 -0.707107 -0.707107
vn 0.189064 0.653847 -0.732624
vn 0.000000 -0.707107 -0.707107
vn 0.000000 0.000000 -1.000000
vn 0.000000 0.000000 -1.000000
vn 0.000000 -0.707107 -0.707107
vn 0.000000 -0.707107 -0.707107
vn 0.251781 0.944180 -0.212440
vn 0.189064 0.653847 -0.732624
vn 0.110542 0.710625 -0.694833
vn 0.110542 0.710625 -0.694833
vn 0.189064 0.653847 -0.732624
vn 0.000000 0.000000 -1.000000
vn 0.330709 0.897638 -0.291339
vn 0.251781 0.944180 -0.212440
vn 0.181497 0.939048 -0.291973
vn 0.110542 0.710625 -0.694833
vn 0.000000 0.000000 -1.000000
vn 0.031410 0.714567 -0.698862
vn 0.031410 0.714567 -0.698862
vn 0.000000 0.000000 -1.000000
vn 0.000000 -0.707107 -0.707107
vn 0.251781 0.944180 -0.212440
vn 0.110542 0.710625 -0.694833
vn 0.109923 0.981457 -0.157033
vn 0.109923 0.981457 -0.157033
vn 0.110542 0.710625 -0.694833
vn 0.031410 0.714567 -0.698862
vn 0.251781 0.944180 -0.212440
vn 0.109923 0.981457 -0.157033
vn 0.181497 0.939048 -0.291973
vn 0.330709 0.897638 -0.291339
vn 0.181497 0.939048 -0.291973
vn 0.377777 0.881480 -0.283333
vn 0.000000 -0.707107 -0.707107
vn 0.000000 -0.707107 -0.707107
vn 0.000000 -0.707107 0.707107
vn 0.000000 -0.707107 -0.707107
vn 0.000000 -0.707107 -0.707107
vn 0.031410 0.714567 -0.698862
vn 0.000000 -0.707107 -0.707107
vn 0.000000 -0.707107 -0.707107
vn -0.707107 -0.707107 0.000000
vn 0.000000 -0.707107 -0.707107
vn -0.707107 -0.707107 0.000000
vn 0.000000 -0.707107 -0.707107
vn 0.377777 0.881480 -0.283333
vn 0.181497 0.939048 -0.291973
vn 0.157212 0.958996 -0.235819
vn 0.377777 0.881480 -0.283333
vn 0.157212 0.958996 -0.235819
vn 0.227782 0.958256 -0.172800
vn 0.227782 0.958256 -0.172800
vn 0.157212 0.958996 -0.235819
vn 0.078701 0.991634 -0.102311
vn 0.157212 0.958996 -0.235819
vn 0.181497 0.939048 -0.291973
vn 0.031457 0.967305 -0.251657
vn 0.031457 0.967305 -0.251657
vn 0.181497 0.939048 -0.291973
vn 0.109923 0.981457 -0.157033
vn 0.078701 0.991634 -0.102311
vn 0.157212 0.958996 -0.235819
vn -0.047221 0.983764 -0.173142
vn -0.047221 0.983764 -0.173142
vn 0.157212 0.958996 -0.235819
vn 0.031457 0.967305 -0.251657
vn 0.078701 0.991634 -0.102311
vn -0.047221 0.983764 -0.173142
vn -0.070928 0.992988 -0.094570
vn -0.070928 0.992988 -0.094570
vn -0.047221 0.983764 -0.173142
vn -0.086773 0.986057 -0.141992
vn -0.047221 0.983764 -0.173142
vn 0.031457 0.967305 -0.251657
vn -0.047221 0.983764 -0.173142
vn -0.047221 0.983764 -0.173142
vn -0.047221 0.983764 -0.173142
vn -0.086773 0.986057 -0.141992
vn 0.031457 0.967305 -0.251657
vn 0.109923 0.981457 -0.157033
vn 0.031508 0.992495 -0.118154
vn 0.031457 0.967305 -0.251657
vn 0.031508 0.992495 -0.118154
vn -0.047221 0.983764 -0.173142
vn 0.031508 0.992495 -0.118154
vn 0.109923 0.981457 -0.157033
vn 0.031410 0.714567 -0.698862
vn -0.086773 0.986057 -0.141992
vn -0.047221 0.983764 -0.173142
vn -0.078936 0.986702 -0.142085
vn 0.031508 0.992495 -0.118154
vn 0.031410 0.714567 -0.698862
vn -0.031410 0.714567 -0.698862
vn -0.086773 0.986057 -0.141992
vn -0.078936 0.986702 -0.142085
vn -0.110301 0.984832 -0.133937
vn -0.047221 0.983764 -0.173142
vn 0.031508 0.992495 -0.118154
vn -0.047416 0.995744 -0.079027
vn -0.047221 0.983764 -0.173142
vn -0.047416 0.995744 -0.079027
vn -0.078936 0.986702 -0.142085
vn -0.047416 0.995744 -0.079027
vn 0.031508 0.992495 -0.118154
vn -0.031410 0.714567 -0.698862
vn -0.110301 0.984832 -0.133937
vn -0.078936 0.986702 -0.142085
vn -0.173768 0.979419 -0.102681
vn -0.110301 0.984832 -0.133937
vn -0.173768 0.979419 -0.102681
vn -0.221270 0.972006 -0.079025
vn -0.078936 0.986702 -0.142085
vn -0.047416 0.995744 -0.079027
vn -0.142085 0.986702 -0.078936
vn -0.078936 0.986702 -0.142085
vn -0.142085 0.986702 -0.078936
vn -0.173768 0.979419 -0.102681
vn -0.142085 0.986702 -0.078936
vn -0.047416 0.995744 -0.079027
vn -0.126074 0.717047 -0.685528
vn -0.126074 0.717047 -0.685528
vn -0.047416 0.995744 -0.079027
vn -0.031410 0.714567 -0.698862
vn -0.173768 0.979419 -0.102681
vn -0.142085 0.986702 -0.078936
vn -0.251152 0.965367 -0.070637
vn -0.221270 0.972006 -0.079025
vn -0.173768 0.979419 -0.102681
vn -0.260295 0.962302 -0.078877
vn -0.260295 0.962302 -0.078877
vn -0.173768 0.979419 -0.102681
vn -0.251152 0.965367 -0.070637
vn -0.221270 0.972006 -0.079025
vn -0.260295 0.962302 -0.078877
vn -0.251152 0.965367 -0.070637
vn -0.251152 0.965367 -0.070637
vn -0.142085 0.986702 -0.078936
vn -0.157676 0.670123 -0.725309
vn -0.157676 0.670123 -0.725309
vn -0.142085 0.986702 -0.078936
vn -0.126074 0.717047 -0.685528
vn -0.260295 0.962302 -0.078877
vn -0.251152 0.965367 -0.070637
vn -0.306309 0.950343 -0.054979
vn -0.251152 0.965367 -0.070637
vn -0.260295 0.962302 -0.078877
vn -0.276397 0.955544 -0.102662
vn -0.276397 0.955544 -0.102662
vn -0.260295 0.962302 -0.078877
vn -0.306309 0.950343 -0.054979
vn -0.251152 0.965367 -0.070637
vn -0.276397 0.955544 -0.102662
vn -0.243117 0.964624 -0.101952
vn -0.306309 0.950343 -0.054979
vn -0.251152 0.965367 -0.070637
vn -0.211969 0.675159 -0.706562
vn -0.211969 0.675159 -0.706562
vn -0.251152 0.965367 -0.070637
vn -0.157676 0.670123 -0.725309
vn -0.276397 0.955544 -0.102662
vn -0.306309 0.950343 -0.054979
vn -0.243777 0.967245 -0.070774
vn -0.243117 0.964624 -0.101952
vn -0.276397 0.955544 -0.102662
vn -0.236875 0.963291 -0.126333
vn -0.236875 0.963291 -0.126333
vn -0.276397 0.955544 -0.102662
vn -0.243777 0.967245 -0.070774
vn -0.243117 0.964624 -0.101952
vn -0.236875 0.963291 -0.126333
vn -0.196449 0.966528 -0.165017
vn -0.196449 0.966528 -0.165017
vn -0.236875 0.963291 -0.126333
vn -0.764135 0.638092 -0.094532
vn -0.236875 0.963291 -0.126333
vn -0.243777 0.967245 -0.070774
vn -0.780763 0.623033 -0.047319
vn -0.236875 0.963291 -0.126333
vn -0.780763 0.623033 -0.047319
vn -0.764135 0.638092 -0.094532
vn -0.243777 0.967245 -0.070774
vn -0.306309 0.950343 -0.054979
vn -0.172993 0.668380 -0.723423
vn -0.172993 0.668380 -0.723423
vn -0.306309 0.950343 -0.054979
vn -0.211969 0.675159 -0.706562
vn -0.780763 0.623033 -0.047319
vn -0.243777 0.967245 -0.070774
vn -0.620262 0.518193 -0.588856
vn -0.620262 0.518193 -0.588856
vn -0.243777 0.967245 -0.070774
vn -0.172993 0.668380 -0.723423
vn -0.780763 0.623033 -0.047319
vn -0.620262 0.518193 -0.588856
vn -0.707107 0.000000 -0.707107
vn -0.707107 0.000000 -0.707107
vn -0.620262 0.518193 -0.588856
vn -0.172993 0.668380 -0.723423
vn -0.764135 0.638092 -0.094532
vn -0.780763 0.623033 -0.047319
vn -1.000000 0.000000 0.000000
vn -1.000000 0.000000 0.000000
vn -0.780763 0.623033 -0.047319
vn -0.707107 0.000000 -0.707107
vn -0.707107 0.000000 -0.707107
vn -0.172993 0.668380 -0.723423
vn 0.000000 0.000000 -1.000000
vn 0.000000 0.000000 -1.000000
vn -0.172993 0.668380 -0.723423
vn -0.211969 0.675159 -0.706562
vn -1.000000 0.000000 0.000000
vn -0.707107 0.000000 -0.707107
vn -0.577350 -0.577350 -0.577350
vn -0.577350 -0.577350 -0.577350
vn -0.707107 0.000000 -0.707107
vn 0.000000 0.000000 -1.000000
vn -0.764135 0.638092 -0.094532
vn -1.000000 0.000000 0.000000
vn -1.000000 0.000000 0.000000
vn -0.764135 0.638092 -0.094532
vn -1.000000 0.000000 0.000000
vn -1.000000 0.000000 0.000000
vn -1.000000 0.000000 0.000000
vn -1.000000 0.000000 0.000000
vn -0.707107 -0.707107 0.000000
vn -1.000000 0.000000 0.000000
vn -1.000000 0.000000 0.000000
vn -1.000000 0.000000 0.000000
vn -1.000000 0.000000 0.000000
vn -1.000000 0.000000 0.000000
vn -0.707107 -0.707107 0.000000
vn -1.000000 0.000000 0.000000
vn -1.000000 0.000000 0.000000
vn -0.577350 -0.577350 -0.577350
vn -1.000000 0.000000 0.000000
vn -0.577350 -0.577350 -0.577350
vn -0.707107 -0.707107 0.000000
vn -0.707107 -0.707107 0.000000
vn -0.577350 -0.577350 -0.577350
vn 0.000000 -0.707107 -0.707107
vn 0.000000 0.000000 -1.000000
vn -0.577350 -0.577350 -0.577350
vn 0.000000 0.000000 -1.000000
vn 0.000000 0.000000 -1.000000
vn 0.000000 0.000000 -1.000000
vn -0.211969 0.675159 -0.706562
vn -0.577350 -0.577350 -0.577350
vn 0.000000 0.000000 -1.000000
vn 0.000000 -0.707107 -0.707107
vn 0.000000 0.000000 -1.000000
vn -0.211969 0.675159 -0.706562
vn 0.000000 0.000000 -1.000000
vn 0.000000 0.000000 -1.000000
vn 0.000000 0.000000 -1.000000
vn 0.000000 -0.707107 -0.707107
vn 0.000000 0.000000 -1.000000
vn -0.211969 0.675159 -0.706562
vn -0.157676 0.670123 -0.725309
vn 0.000000 0.000000 -1.000000
vn -0.157676 0.670123 -0.725309
vn 0.000000 0.000000 -1.000000
vn 0.000000 -0.707107 -0.707107
vn 0.000000 0.000000 -1.000000
vn 0.000000 0.000000 -1.000000
vn 0.000000 0.000000 -1.000000
vn 0.000000 0.000000 -1.000000
vn 0.000000 0.000000 -1.000000
vn 0.000000 -0.707107 -0.707107
vn 0.000000 0.000000 -1.000000
vn -0.031410 0.714567 -0.698862
vn 0.000000 -0.707107 -0.707107
vn -0.031410 0.714567 -0.698862
vn 0.031410 0.714567 -0.698862
vn 0.000000 0.000000 -1.000000
vn 0.000000 0.000000 -1.000000
vn 0.000000 0.000000 -1.000000
vn 0.000000 0.000000 -1.000000
vn 0.000000 0.000000 -1.000000
vn -0.031410 0.714567 -0.698862
vn 0.000000 0.000000 -1.000000
vn 0.000000 0.000000 -1.000000
vn -0.157676 0.670123 -0.725309
vn -0.031410 0.714567 -0.698862
vn 0.000000 0.000000 -1.000000
vn -0.126074 0.717047 -0.685528
vn -0.126074 0.717047 -0.685528
vn 0.000000 0.000000 -1.000000
vn -0.157676 0.670123 -0.725309
s off
g SM_Dantooine_Hill_Ridge_A:geometry_0
usemtl initialShadingGroup
f 1//1 2//2 3//3
f 3//4 2//5 4//6
f 1//7 3//8 5//9
f 5//10 3//11 6//12
f 6//13 3//14 4//15
f 1//16 5//17 7//18
f 5//19 6//20 8//21
f 5//22 8//23 7//24
f 8//25 6//26 9//27
f 9//28 6//29 4//30
f 8//31 9//32 10//33
f 10//34 9//35 4//36
f 8//37 10//38 11//39
f 8//40 11//41 7//42
f 10//43 4//44 12//45
f 11//46 10//47 13//48
f 13//49 10//50 12//51
f 12//52 4//53 14//54
f 14//55 4//56 2//57
f 13//58 12//59 15//60
f 14//61 2//62 16//63
f 16//64 2//65 17//66
f 17//67 2//68 1//69
f 14//70 16//71 18//72
f 18//73 16//74 17//75
f 12//76 14//77 19//78
f 12//79 19//80 15//81
f 14//82 18//83 20//84
f 14//85 20//86 19//87
f 20//88 18//89 21//90
f 21//91 18//92 17//93
f 19//94 20//95 22//96
f 20//97 21//98 23//99
f 20//100 23//101 22//102
f 23//103 21//104 24//105
f 21//106 17//107 25//108
f 21//109 25//110 24//111
f 25//112 17//113 26//114
f 25//115 26//116 24//117
f 19//118 22//119 27//120
f 19//121 27//122 15//123
f 28//124 22//125 23//126
f 28//127 23//128 24//129
f 27//130 22//131 29//132
f 29//133 22//134 28//135
f 15//136 27//137 30//138
f 27//139 29//140 31//141
f 27//142 31//143 30//144
f 15//145 30//146 32//147
f 15//148 32//149 13//150
f 13//151 32//152 33//153
f 13//154 33//155 11//156
f 32//157 30//158 34//159
f 11//160 33//161 35//162
f 11//163 35//164 7//165
f 33//166 32//167 36//168
f 36//169 32//170 34//171
f 35//172 33//173 37//174
f 37//175 33//176 36//177
f 34//178 30//179 38//180
f 38//181 30//182 31//183
f 36//184 34//185 39//186
f 37//187 36//188 40//189
f 40//190 36//191 39//192
f 39//193 34//194 41//195
f 41//196 34//197 38//198
f 40//199 39//200 42//201
f 39//202 41//203 43//204
f 39//205 43//206 42//207
f 41//208 38//209 44//210
f 43//211 41//212 45//213
f 45//214 41//215 44//216
f 44//217 38//218 46//219
f 46//220 38//221 31//222
f 46//223 31//224 47//225
f 47//226 31//227 29//228
f 44//229 46//230 48//231
f 47//232 29//233 49//234
f 49//235 29//236 28//237
f 46//238 47//239 50//240
f 46//241 50//242 48//243
f 47//244 49//245 51//246
f 47//247 51//248 50//249
f 49//250 28//251 52//252
f 52//253 28//254 24//255
f 51//256 49//257 53//258
f 53//259 49//260 52//261
f 50//262 51//263 54//264
f 51//265 53//266 55//267
f 51//268 55//269 54//270
f 52//271 24//272 56//273
f 56//274 24//275 26//276
f 53//277 52//278 57//279
f 57//280 52//281 56//282
f 55//283 53//284 58//285
f 58//286 53//287 57//288
f 56//289 26//290 59//291
f 59//292 26//293 17//294
f 57//295 56//296 60//297
f 60//298 56//299 59//300
f 58//301 57//302 61//303
f 61//304 57//305 60//306
f 59//307 17//308 62//309
f 62//310 17//311 1//312
f 62//313 1//314 7//315
f 59//316 62//317 63//318
f 59//319 63//320 60//321
f 62//322 7//323 64//324
f 64//325 7//326 35//327
f 62//328 64//329 65//330
f 63//331 62//332 66//333
f 64//334 35//335 67//336
f 67//337 35//338 37//339
f 65//340 64//341 68//342
f 68//343 64//344 67//345
f 65//346 68//347 69//348
f 67//349 37//350 70//351
f 69//352 68//353 71//354
f 68//355 67//356 72//357
f 72//358 67//359 70//360
f 68//361 72//362 71//363
f 70//364 37//365 40//366
f 69//367 71//368 73//369
f 70//370 40//371 74//372
f 74//373 40//374 42//375
f 72//376 70//377 75//378
f 75//379 70//380 74//381
f 71//382 72//383 76//384
f 76//385 72//386 75//387
f 73//388 71//389 77//390
f 71//391 76//392 78//393
f 71//394 78//395 77//396
f 73//397 77//398 66//399
f 78//400 76//401 79//402
f 77//403 78//404 80//405
f 80//406 78//407 79//408
f 79//409 76//410 81//411
f 81//412 76//413 75//414
f 81//415 75//416 82//417
f 82//418 75//419 74//420
f 79//421 81//422 83//423
f 82//424 74//425 84//426
f 84//427 74//428 42//429
f 81//430 82//431 85//432
f 81//433 85//434 83//435
f 82//436 84//437 86//438
f 82//439 86//440 85//441
f 84//442 42//443 87//444
f 87//445 42//446 43//447
f 86//448 84//449 88//450
f 88//451 84//452 87//453
f 87//454 43//455 89//456
f 89//457 43//458 45//459
f 88//460 87//461 90//462
f 90//463 87//464 89//465
f 86//466 88//467 91//468
f 92//469 85//470 86//471
f 92//472 86//473 91//474
f 91//475 88//476 93//477
f 93//478 88//479 90//480
f 92//481 91//482 94//483
f 85//484 92//485 95//486
f 85//487 95//488 83//489
f 95//490 92//491 96//492
f 96//493 92//494 94//495
f 83//496 95//497 97//498
f 94//499 91//500 98//501
f 98//502 91//503 93//504
f 95//505 96//506 99//507
f 95//508 99//509 97//510
f 83//511 97//512 100//513
f 83//514 100//515 79//516
f 79//517 100//518 80//519
f 100//520 97//521 101//522
f 80//523 100//524 102//525
f 102//526 100//527 101//528
f 101//529 97//530 103//531
f 103//532 97//533 99//534
f 102//535 101//536 104//537
f 80//538 102//539 105//540
f 105//541 102//542 104//543
f 80//544 105//545 106//546
f 80//547 106//548 77//549
f 77//550 106//551 66//552
f 106//553 105//554 107//555
f 106//556 107//557 66//558
f 105//559 104//560 108//561
f 105//562 108//563 107//564
f 109//565 104//566 101//567
f 109//568 101//569 103//570
f 104//571 109//572 110//573
f 109//574 103//575 111//576
f 104//577 110//578 112//579
f 104//580 112//581 108//582
f 110//583 109//584 113//585
f 113//586 109//587 111//588
f 112//589 110//590 114//591
f 110//592 113//593 115//594
f 110//595 115//596 114//597
f 116//598 111//599 103//600
f 116//601 103//602 99//603
f 113//604 111//605 117//606
f 114//607 115//608 118//609
f 114//610 118//611 112//612
f 115//613 113//614 119//615
f 119//616 113//617 117//618
f 118//619 115//620 120//621
f 120//622 115//623 119//624
f 117//625 111//626 121//627
f 121//628 111//629 116//630
f 119//631 117//632 122//633
f 117//634 121//635 123//636
f 117//637 123//638 122//639
f 119//640 122//641 124//642
f 119//643 124//644 120//645
f 122//646 123//647 125//648
f 126//649 118//650 120//651
f 118//652 126//653 112//654
f 124//655 122//656 127//657
f 127//658 122//659 125//660
f 120//661 124//662 128//663
f 124//664 127//665 129//666
f 124//667 129//668 128//669
f 126//670 120//671 130//672
f 130//673 120//674 128//675
f 130//676 128//677 131//678
f 131//679 128//680 129//681
f 126//682 130//683 132//684
f 126//685 132//686 112//687
f 130//688 131//689 133//690
f 130//691 133//692 132//693
f 133//694 131//695 129//696
f 132//697 133//698 134//699
f 132//700 134//701 135//702
f 135//703 134//704 133//705
f 132//706 135//707 112//708
f 135//709 133//710 129//711
f 112//712 135//713 136//714
f 136//715 135//716 129//717
f 136//718 129//719 127//720
f 112//721 136//722 108//723
f 136//724 127//725 137//726
f 136//727 137//728 108//729
f 137//730 127//731 125//732
f 137//733 125//734 138//735
f 137//736 138//737 108//738
f 138//739 125//740 139//741
f 108//742 138//743 140//744
f 140//745 138//746 139//747
f 139//748 125//749 141//750
f 141//751 125//752 123//753
f 140//754 139//755 142//756
f 141//757 123//758 143//759
f 143//760 123//761 121//762
f 139//763 141//764 144//765
f 144//766 141//767 143//768
f 139//769 144//770 142//771
f 140//772 142//773 145//774
f 140//775 145//776 108//777
f 142//778 144//779 146//780
f 142//781 146//782 145//783
f 144//784 143//785 147//786
f 144//787 147//788 146//789
f 148//790 143//791 121//792
f 143//793 148//794 147//795
f 148//796 121//797 116//798
f 148//799 116//800 149//801
f 149//802 116//803 99//804
f 149//805 99//806 96//807
f 148//808 149//809 150//810
f 148//811 150//812 147//813
f 149//814 96//815 151//816
f 149//817 151//818 150//819
f 151//820 96//821 94//822
f 147//823 150//824 152//825
f 147//826 152//827 146//828
f 150//829 151//830 153//831
f 150//832 153//833 152//834
f 151//835 94//836 154//837
f 151//838 154//839 153//840
f 154//841 94//842 98//843
f 146//844 152//845 155//846
f 152//847 153//848 156//849
f 152//850 156//851 155//852
f 153//853 154//854 157//855
f 153//856 157//857 156//858
f 154//859 98//860 158//861
f 154//862 158//863 157//864
f 158//865 98//866 159//867
f 159//868 98//869 93//870
f 157//871 158//872 160//873
f 158//874 159//875 161//876
f 158//877 161//878 160//879
f 159//880 93//881 162//882
f 162//883 93//884 90//885
f 161//886 159//887 163//888
f 163//889 159//890 162//891
f 157//892 160//893 164//894
f 157//895 164//896 156//897
f 162//898 90//899 165//900
f 165//901 90//902 89//903
f 163//904 162//905 166//906
f 166//907 162//908 165//909
f 156//910 164//911 167//912
f 156//913 167//914 155//915
f 165//916 89//917 168//918
f 168//919 89//920 45//921
f 166//922 165//923 169//924
f 169//925 165//926 168//927
f 155//928 167//929 170//930
f 155//931 170//932 146//933
f 168//934 45//935 171//936
f 171//937 45//938 44//939
f 171//940 44//941 48//942
f 168//943 171//944 172//945
f 168//946 172//947 169//948
f 171//949 48//950 173//951
f 171//952 173//953 172//954
f 173//955 48//956 174//957
f 174//958 48//959 50//960
f 174//961 50//962 54//963
f 173//964 174//965 175//966
f 172//967 173//968 176//969
f 176//970 173//971 175//972
f 172//973 176//974 177//975
f 172//976 177//977 169//978
f 174//979 54//980 178//981
f 174//982 178//983 175//984
f 178//985 54//986 179//987
f 179//988 54//989 55//990
f 169//991 177//992 180//993
f 169//994 180//995 166//996
f 179//997 55//998 181//999
f 181//1000 55//1001 58//1002
f 166//1003 180//1004 182//1005
f 166//1006 182//1007 163//1008
f 181//1009 58//1010 183//1011
f 183//1012 58//1013 61//1014
f 163//1015 182//1016 184//1017
f 163//1018 184//1019 161//1020
f 182//1021 180//1022 185//1023
f 161//1024 184//1025 186//1026
f 161//1027 186//1028 160//1029
f 184//1030 182//1031 187//1032
f 187//1033 182//1034 185//1035
f 186//1036 184//1037 188//1038
f 188//1039 184//1040 187//1041
f 160//1042 186//1043 189//1044
f 160//1045 189//1046 164//1047
f 186//1048 188//1049 190//1050
f 186//1051 190//1052 189//1053
f 164//1054 189//1055 191//1056
f 164//1057 191//1058 167//1059
f 189//1060 190//1061 192//1062
f 189//1063 192//1064 191//1065
f 190//1066 188//1067 193//1068
f 192//1069 190//1070 194//1071
f 194//1072 190//1073 193//1074
f 192//1075 194//1076 195//1077
f 192//1078 195//1079 191//1080
f 196//1081 167//1082 191//1083
f 167//1084 196//1085 170//1086
f 193//1087 188//1088 197//1089
f 197//1090 188//1091 187//1092
f 197//1093 187//1094 198//1095
f 198//1096 187//1097 185//1098
f 193//1099 197//1100 199//1101
f 197//1102 198//1103 200//1104
f 197//1105 200//1106 199//1107
f 193//1108 199//1109 201//1110
f 193//1111 201//1112 194//1113
f 194//1114 201//1115 202//1116
f 194//1117 202//1118 195//1119
f 201//1120 199//1121 203//1122
f 202//1123 201//1124 204//1125
f 204//1126 201//1127 203//1128
f 195//1129 202//1130 205//1131
f 202//1132 204//1133 206//1134
f 202//1135 206//1136 205//1137
f 206//1138 204//1139 207//1140
f 207//1141 204//1142 203//1143
f 205//1144 206//1145 108//1146
f 108//1147 206//1148 207//1149
f 195//1150 205//1151 208//1152
f 208//1153 205//1154 108//1155
f 195//1156 208//1157 191//1158
f 191//1159 208//1160 209//1161
f 209//1162 208//1163 108//1164
f 191//1165 209//1166 196//1167
f 196//1168 209//1169 210//1170
f 210//1171 209//1172 108//1173
f 196//1174 210//1175 170//1176
f 170//1177 210//1178 211//1179
f 211//1180 210//1181 108//1182
f 170//1183 211//1184 146//1185
f 146//1186 211//1187 145//1188
f 145//1189 211//1190 108//1191
f 212//1192 108//1193 207//1194
f 212//1195 207//1196 203//1197
f 108//1198 212//1199 107//1200
f 212//1201 203//1202 213//1203
f 107//1204 212//1205 214//1206
f 214//1207 212//1208 213//1209
f 213//1210 203//1211 215//1212
f 214//1213 213//1214 216//1215
f 215//1216 203//1217 217//1218
f 217//1219 203//1220 199//1221
f 217//1222 199//1223 200//1224
f 213//1225 215//1226 218//1227
f 213//1228 218//1229 216//1230
f 215//1231 217//1232 219//1233
f 215//1234 219//1235 218//1236
f 217//1237 200//1238 220//1239
f 217//1240 220//1241 219//1242
f 220//1243 200//1244 221//1245
f 221//1246 200//1247 198//1248
f 219//1249 220//1250 222//1251
f 221//1252 198//1253 223//1254
f 223//1255 198//1256 185//1257
f 220//1258 221//1259 224//1260
f 220//1261 224//1262 222//1263
f 221//1264 223//1265 225//1266
f 221//1267 225//1268 224//1269
f 223//1270 185//1271 226//1272
f 226//1273 185//1274 180//1275
f 226//1276 180//1277 177//1278
f 223//1279 226//1280 227//1281
f 223//1282 227//1283 225//1284
f 226//1285 177//1286 228//1287
f 226//1288 228//1289 227//1290
f 228//1291 177//1292 176//1293
f 228//1294 176//1295 229//1296
f 229//1297 176//1298 175//1299
f 227//1300 228//1301 230//1302
f 230//1303 228//1304 229//1305
f 231//1306 225//1307 227//1308
f 231//1309 227//1310 230//1311
f 225//1312 231//1313 232//1314
f 225//1315 232//1316 224//1317
f 229//1318 175//1319 233//1320
f 233//1321 175//1322 178//1323
f 230//1324 229//1325 234//1326
f 234//1327 229//1328 233//1329
f 231//1330 230//1331 235//1332
f 235//1333 230//1334 234//1335
f 236//1336 232//1337 231//1338
f 236//1339 231//1340 235//1341
f 233//1342 178//1343 237//1344
f 237//1345 178//1346 179//1347
f 234//1348 233//1349 238//1350
f 238//1351 233//1352 237//1353
f 235//1354 234//1355 239//1356
f 239//1357 234//1358 238//1359
f 236//1360 235//1361 240//1362
f 240//1363 235//1364 239//1365
f 237//1366 179//1367 241//1368
f 241//1369 179//1370 181//1371
f 238//1372 237//1373 242//1374
f 242//1375 237//1376 241//1377
f 239//1378 238//1379 243//1380
f 243//1381 238//1382 242//1383
f 240//1384 239//1385 244//1386
f 244//1387 239//1388 243//1389
f 241//1390 181//1391 245//1392
f 245//1393 181//1394 183//1395
f 242//1396 241//1397 246//1398
f 246//1399 241//1400 245//1401
f 243//1402 242//1403 247//1404
f 247//1405 242//1406 246//1407
f 244//1408 243//1409 248//1410
f 248//1411 243//1412 247//1413
f 244//1414 248//1415 249//1416
f 246//1417 245//1418 250//1419
f 247//1420 246//1421 251//1422
f 251//1423 246//1424 250//1425
f 248//1426 247//1427 252//1428
f 252//1429 247//1430 251//1431
f 248//1432 252//1433 253//1434
f 248//1435 253//1436 249//1437
f 250//1438 245//1439 254//1440
f 254//1441 245//1442 183//1443
f 251//1444 250//1445 255//1446
f 254//1447 183//1448 256//1449
f 256//1450 183//1451 61//1452
f 250//1453 254//1454 257//1455
f 250//1456 257//1457 255//1458
f 254//1459 256//1460 258//1461
f 254//1462 258//1463 257//1464
f 256//1465 61//1466 259//1467
f 259//1468 61//1469 60//1470
f 259//1471 60//1472 63//1473
f 256//1474 259//1475 260//1476
f 256//1477 260//1478 258//1479
f 259//1480 63//1481 261//1482
f 259//1483 261//1484 260//1485
f 261//1486 63//1487 66//1488
f 260//1489 261//1490 262//1491
f 262//1492 261//1493 66//1494
f 258//1495 260//1496 263//1497
f 264//1498 257//1499 258//1500
f 264//1501 258//1502 263//1503
f 263//1504 260//1505 265//1506
f 265//1507 260//1508 262//1509
f 264//1510 263//1511 266//1512
f 265//1513 262//1514 267//1515
f 263//1516 265//1517 268//1518
f 268//1519 265//1520 267//1521
f 263//1522 268//1523 266//1524
f 268//1525 267//1526 269//1527
f 268//1528 269//1529 270//1530
f 268//1531 270//1532 266//1533
f 270//1534 269//1535 271//1536
f 272//1537 267//1538 262//1539
f 266//1540 270//1541 273//1542
f 266//1543 273//1544 264//1545
f 270//1546 271//1547 274//1548
f 274//1549 271//1550 275//1551
f 273//1552 270//1553 276//1554
f 276//1555 270//1556 274//1557
f 264//1558 273//1559 277//1560
f 264//1561 277//1562 257//1563
f 257//1564 277//1565 255//1566
f 277//1567 273//1568 278//1569
f 278//1570 273//1571 276//1572
f 255//1573 277//1574 279//1575
f 279//1576 277//1577 278//1578
f 255//1579 279//1580 280//1581
f 255//1582 280//1583 251//1584
f 251//1585 280//1586 252//1587
f 252//1588 280//1589 281//1590
f 252//1591 281//1592 253//1593
f 280//1594 279//1595 282//1596
f 280//1597 282//1598 281//1599
f 279//1600 278//1601 283//1602
f 279//1603 283//1604 282//1605
f 283//1606 278//1607 284//1608
f 284//1609 278//1610 276//1611
f 282//1612 283//1613 285//1614
f 283//1615 284//1616 286//1617
f 283//1618 286//1619 285//1620
f 284//1621 276//1622 287//1623
f 287//1624 276//1625 274//1626
f 286//1627 284//1628 288//1629
f 288//1630 284//1631 287//1632
f 282//1633 285//1634 289//1635
f 282//1636 289//1637 281//1638
f 287//1639 274//1640 290//1641
f 290//1642 274//1643 275//1644
f 290//1645 275//1646 291//1647
f 287//1648 290//1649 292//1650
f 287//1651 292//1652 288//1653
f 290//1654 291//1655 293//1656
f 290//1657 293//1658 292//1659
f 293//1660 291//1661 294//1662
f 293//1663 294//1664 295//1665
f 292//1666 293//1667 296//1668
f 296//1669 293//1670 295//1671
f 295//1672 294//1673 297//1674
f 292//1675 296//1676 298//1677
f 292//1678 298//1679 288//1680
f 296//1681 295//1682 299//1683
f 295//1684 297//1685 300//1686
f 295//1687 300//1688 299//1689
f 288//1690 298//1691 301//1692
f 288//1693 301//1694 286//1695
f 298//1696 296//1697 302//1698
f 302//1699 296//1700 299//1701
f 301//1702 298//1703 303//1704
f 303//1705 298//1706 302//1707
f 286//1708 301//1709 304//1710
f 286//1711 304//1712 285//1713
f 301//1714 303//1715 305//1716
f 301//1717 305//1718 304//1719
f 285//1720 304//1721 306//1722
f 285//1723 306//1724 289//1725
f 304//1726 305//1727 307//1728
f 304//1729 307//1730 306//1731
f 305//1732 303//1733 308//1734
f 307//1735 305//1736 309//1737
f 309//1738 305//1739 308//1740
f 308//1741 303//1742 310//1743
f 310//1744 303//1745 302//1746
f 310//1747 302//1748 311//1749
f 311//1750 302//1751 299//1752
f 308//1753 310//1754 312//1755
f 311//1756 299//1757 313//1758
f 309//1759 308//1760 314//1761
f 314//1762 308//1763 312//1764
f 310//1765 311//1766 315//1767
f 310//1768 315//1769 312//1770
f 315//1771 311//1772 316//1773
f 316//1774 311//1775 313//1776
f 313//1777 299//1778 300//1779
f 315//1780 316//1781 317//1782
f 312//1783 315//1784 318//1785
f 318//1786 315//1787 317//1788
f 312//1789 318//1790 319//1791
f 312//1792 319//1793 314//1794
f 318//1795 317//1796 320//1797
f 319//1798 318//1799 321//1800
f 321//1801 318//1802 320//1803
f 314//1804 319//1805 322//1806
f 319//1807 321//1808 323//1809
f 319//1810 323//1811 322//1812
f 314//1813 322//1814 324//1815
f 314//1816 324//1817 309//1818
f 322//1819 323//1820 325//1821
f 309//1822 324//1823 326//1824
f 309//1825 326//1826 307//1827
f 324//1828 322//1829 327//1830
f 327//1831 322//1832 325//1833
f 326//1834 324//1835 328//1836
f 328//1837 324//1838 327//1839
f 307//1840 326//1841 329//1842
f 307//1843 329//1844 306//1845
f 326//1846 328//1847 330//1848
f 326//1849 330//1850 329//1851
f 306//1852 329//1853 331//1854
f 306//1855 331//1856 289//1857
f 329//1858 330//1859 332//1860
f 329//1861 332//1862 331//1863
f 289//1864 331//1865 333//1866
f 289//1867 333//1868 281//1869
f 281//1870 333//1871 253//1872
f 333//1873 331//1874 334//1875
f 334//1876 331//1877 332//1878
f 253//1879 333//1880 335//1881
f 335//1882 333//1883 334//1884
f 253//1885 335//1886 249//1887
f 334//1888 332//1889 336//1890
f 335//1891 334//1892 337//1893
f 337//1894 334//1895 336//1896
f 335//1897 337//1898 338//1899
f 335//1900 338//1901 249//1902
f 337//1903 336//1904 339//1905
f 249//1906 338//1907 340//1908
f 249//1909 340//1910 244//1911
f 244//1912 340//1913 240//1914
f 338//1915 337//1916 341//1917
f 341//1918 337//1919 339//1920
f 340//1921 338//1922 342//1923
f 342//1924 338//1925 341//1926
f 240//1927 340//1928 343//1929
f 343//1930 340//1931 342//1932
f 240//1933 343//1934 236//1935
f 236//1936 343//1937 344//1938
f 236//1939 344//1940 232//1941
f 343//1942 342//1943 345//1944
f 343//1945 345//1946 344//1947
f 342//1948 341//1949 346//1950
f 342//1951 346//1952 345//1953
f 346//1954 341//1955 347//1956
f 347//1957 341//1958 339//1959
f 232//1960 344//1961 348//1962
f 232//1963 348//1964 224//1965
f 224//1966 348//1967 222//1968
f 348//1969 344//1970 349//1971
f 349//1972 344//1973 345//1974
f 222//1975 348//1976 350//1977
f 350//1978 348//1979 349//1980
f 349//1981 345//1982 351//1983
f 351//1984 345//1985 346//1986
f 350//1987 349//1988 352//1989
f 352//1990 349//1991 351//1992
f 222//1993 350//1994 353//1995
f 222//1996 353//1997 219//1998
f 219//1999 353//2000 218//2001
f 353//2002 350//2003 354//2004
f 354//2005 350//2006 352//2007
f 218//2008 353//2009 355//2010
f 355//2011 353//2012 354//2013
f 218//2014 355//2015 216//2016
f 354//2017 352//2018 356//2019
f 216//2020 355//2021 357//2022
f 216//2023 357//2024 214//2025
f 214//2026 357//2027 107//2028
f 357//2029 355//2030 358//2031
f 357//2032 358//2033 107//2034
f 355//2035 354//2036 359//2037
f 359//2038 354//2039 356//2040
f 358//2041 355//2042 360//2043
f 360//2044 355//2045 359//2046
f 358//2047 360//2048 361//2049
f 358//2050 361//2051 107//2052
f 360//2053 359//2054 362//2055
f 362//2056 359//2057 356//2058
f 360//2059 362//2060 361//2061
f 363//2062 356//2063 352//2064
f 363//2065 352//2066 351//2067
f 356//2068 363//2069 364//2070
f 356//2071 364//2072 362//2073
f 363//2074 351//2075 365//2076
f 365//2077 351//2078 346//2079
f 365//2080 346//2081 347//2082
f 363//2083 365//2084 366//2085
f 363//2086 366//2087 364//2088
f 365//2089 347//2090 367//2091
f 365//2092 367//2093 366//2094
f 367//2095 347//2096 368//2097
f 368//2098 347//2099 339//2100
f 366//2101 367//2102 369//2103
f 368//2104 339//2105 370//2106
f 370//2107 339//2108 336//2109
f 367//2110 368//2111 371//2112
f 367//2113 371//2114 369//2115
f 368//2116 370//2117 372//2118
f 368//2119 372//2120 371//2121
f 370//2122 336//2123 373//2124
f 373//2125 336//2126 332//2127
f 373//2128 332//2129 330//2130
f 370//2131 373//2132 374//2133
f 370//2134 374//2135 372//2136
f 373//2137 330//2138 375//2139
f 373//2140 375//2141 374//2142
f 375//2143 330//2144 328//2145
f 375//2146 328//2147 376//2148
f 376//2149 328//2150 327//2151
f 374//2152 375//2153 377//2154
f 377//2155 375//2156 376//2157
f 378//2158 372//2159 374//2160
f 378//2161 374//2162 377//2163
f 372//2164 378//2165 379//2166
f 372//2167 379//2168 371//2169
f 376//2170 327//2171 380//2172
f 380//2173 327//2174 325//2175
f 377//2176 376//2177 381//2178
f 381//2179 376//2180 380//2181
f 378//2182 377//2183 382//2184
f 382//2185 377//2186 381//2187
f 383//2188 379//2189 378//2190
f 383//2191 378//2192 382//2193
f 384//2194 371//2195 379//2196
f 371//2197 384//2198 369//2199
f 379//2200 383//2201 385//2202
f 379//2203 385//2204 384//2205
f 383//2206 382//2207 386//2208
f 385//2209 383//2210 387//2211
f 387//2212 383//2213 386//2214
f 386//2215 382//2216 388//2217
f 388//2218 382//2219 381//2220
f 388//2221 381//2222 389//2223
f 389//2224 381//2225 380//2226
f 386//2227 388//2228 390//2229
f 388//2230 389//2231 391//2232
f 388//2233 391//2234 390//2235
f 389//2236 380//2237 392//2238
f 392//2239 380//2240 325//2241
f 391//2242 389//2243 393//2244
f 393//2245 389//2246 392//2247
f 386//2248 390//2249 394//2250
f 386//2251 394//2252 387//2253
f 392//2254 325//2255 395//2256
f 395//2257 325//2258 323//2259
f 393//2260 392//2261 396//2262
f 396//2263 392//2264 395//2265
f 395//2266 323//2267 397//2268
f 397//2269 323//2270 321//2271
f 396//2272 395//2273 398//2274
f 398//2275 395//2276 397//2277
f 397//2278 321//2279 399//2280
f 399//2281 321//2282 320//2283
f 398//2284 397//2285 400//2286
f 400//2287 397//2288 399//2289
f 396//2290 398//2291 401//2292
f 398//2293 400//2294 402//2295
f 398//2296 402//2297 401//2298
f 396//2299 401//2300 403//2301
f 396//2302 403//2303 393//2304
f 393//2305 403//2306 404//2307
f 393//2308 404//2309 391//2310
f 403//2311 401//2312 405//2313
f 391//2314 404//2315 406//2316
f 391//2317 406//2318 390//2319
f 404//2320 403//2321 407//2322
f 407//2323 403//2324 405//2325
f 406//2326 404//2327 408//2328
f 408//2329 404//2330 407//2331
f 390//2332 406//2333 409//2334
f 390//2335 409//2336 394//2337
f 406//2338 408//2339 410//2340
f 406//2341 410//2342 409//2343
f 408//2344 407//2345 411//2346
f 410//2347 408//2348 412//2349
f 412//2350 408//2351 411//2352
f 411//2353 407//2354 413//2355
f 413//2356 407//2357 405//2358
f 412//2359 411//2360 414//2361
f 411//2362 413//2363 415//2364
f 411//2365 415//2366 414//2367
f 413//2368 405//2369 416//2370
f 415//2371 413//2372 417//2373
f 417//2374 413//2375 416//2376
f 416//2377 405//2378 418//2379
f 418//2380 405//2381 401//2382
f 418//2383 401//2384 402//2385
f 416//2386 418//2387 419//2388
f 418//2389 402//2390 420//2391
f 418//2392 420//2393 419//2394
f 420//2395 402//2396 421//2397
f 421//2398 402//2399 400//2400
f 422//2401 417//2402 416//2403
f 422//2404 416//2405 419//2406
f 421//2407 400//2408 423//2409
f 423//2410 400//2411 399//2412
f 420//2413 421//2414 424//2415
f 423//2416 399//2417 425//2418
f 425//2419 399//2420 320//2421
f 421//2422 423//2423 426//2424
f 421//2425 426//2426 424//2427
f 423//2428 425//2429 427//2430
f 423//2431 427//2432 426//2433
f 425//2434 320//2435 428//2436
f 428//2437 320//2438 317//2439
f 427//2440 425//2441 429//2442
f 429//2443 425//2444 428//2445
f 428//2446 317//2447 430//2448
f 430//2449 317//2450 316//2451
f 429//2452 428//2453 431//2454
f 431//2455 428//2456 430//2457
f 430//2458 316//2459 432//2460
f 432//2461 316//2462 313//2463
f 431//2464 430//2465 433//2466
f 433//2467 430//2468 432//2469
f 432//2470 313//2471 434//2472
f 434//2473 313//2474 300//2475
f 433//2476 432//2477 435//2478
f 435//2479 432//2480 434//2481
f 433//2482 435//2483 436//2484
f 435//2485 434//2486 437//2487
f 435//2488 437//2489 436//2490
f 434//2491 300//2492 438//2493
f 434//2494 438//2495 437//2496
f 438//2497 300//2498 439//2499
f 439//2500 300//2501 297//2502
f 437//2503 438//2504 440//2505
f 440//2506 438//2507 439//2508
f 439//2509 297//2510 66//2511
f 66//2512 297//2513 262//2514
f 440//2515 439//2516 272//2517
f 272//2518 262//2519 66//2520
f 272//2521 439//2522 66//2523
f 437//2524 440//2525 441//2526
f 441//2527 440//2528 272//2529
f 437//2530 441//2531 436//2532
f 436//2533 441//2534 442//2535
f 442//2536 441//2537 272//2538
f 436//2539 442//2540 443//2541
f 444//2542 433//2543 436//2544
f 444//2545 436//2546 443//2547
f 433//2548 444//2549 431//2550
f 443//2551 442//2552 445//2553
f 445//2554 442//2555 272//2556
f 443//2557 445//2558 446//2559
f 431//2560 444//2561 447//2562
f 431//2563 447//2564 429//2565
f 444//2566 443//2567 448//2568
f 444//2569 448//2570 447//2571
f 448//2572 443//2573 446//2574
f 429//2575 447//2576 449//2577
f 429//2578 449//2579 427//2580
f 447//2581 448//2582 450//2583
f 447//2584 450//2585 449//2586
f 450//2587 448//2588 451//2589
f 451//2590 448//2591 446//2592
f 427//2593 449//2594 452//2595
f 427//2596 452//2597 426//2598
f 449//2599 450//2600 453//2601
f 449//2602 453//2603 452//2604
f 450//2605 451//2606 454//2607
f 450//2608 454//2609 453//2610
f 426//2611 452//2612 455//2613
f 426//2614 455//2615 424//2616
f 452//2617 453//2618 456//2619
f 452//2620 456//2621 455//2622
f 453//2623 454//2624 457//2625
f 453//2626 457//2627 456//2628
f 458//2629 454//2630 451//2631
f 457//2632 454//2633 459//2634
f 459//2635 454//2636 458//2637
f 458//2638 451//2639 460//2640
f 460//2641 451//2642 446//2643
f 459//2644 458//2645 461//2646
f 458//2647 460//2648 462//2649
f 458//2650 462//2651 461//2652
f 460//2653 446//2654 463//2655
f 460//2656 463//2657 462//2658
f 463//2659 446//2660 464//2661
f 464//2662 446//2663 445//2664
f 463//2665 464//2666 465//2667
f 465//2668 464//2669 445//2670
f 463//2671 465//2672 462//2673
f 465//2674 445//2675 272//2676
f 462//2677 465//2678 466//2679
f 466//2680 465//2681 272//2682
f 462//2683 466//2684 467//2685
f 462//2686 467//2687 461//2688
f 466//2689 272//2690 468//2691
f 466//2692 468//2693 467//2694
f 461//2695 467//2696 469//2697
f 467//2698 468//2699 470//2700
f 470//2701 468//2702 471//2703
f 471//2704 468//2705 272//2706
f 467//2707 470//2708 472//2709
f 467//2710 472//2711 469//2712
f 470//2713 471//2714 473//2715
f 470//2716 473//2717 472//2718
f 473//2719 471//2720 474//2721
f 474//2722 471//2723 272//2724
f 472//2725 473//2726 475//2727
f 473//2728 474//2729 476//2730
f 473//2731 476//2732 475//2733
f 472//2734 475//2735 477//2736
f 472//2737 477//2738 469//2739
f 477//2740 475//2741 478//2742
f 478//2743 475//2744 476//2745
f 476//2746 474//2747 479//2748
f 479//2749 474//2750 272//2751
f 478//2752 476//2753 480//2754
f 476//2755 479//2756 481//2757
f 476//2758 481//2759 480//2760
f 481//2761 479//2762 482//2763
f 482//2764 479//2765 483//2766
f 483//2767 479//2768 272//2769
f 481//2770 482//2771 484//2772
f 484//2773 482//2774 483//2775
f 480//2776 481//2777 485//2778
f 485//2779 481//2780 484//2781
f 486//2782 478//2783 480//2784
f 480//2785 485//2786 487//2787
f 480//2788 487//2789 486//2790
f 478//2791 486//2792 488//2793
f 478//2794 488//2795 477//2796
f 486//2797 487//2798 489//2799
f 477//2800 488//2801 490//2802
f 477//2803 490//2804 469//2805
f 488//2806 486//2807 491//2808
f 491//2809 486//2810 489//2811
f 490//2812 488//2813 492//2814
f 492//2815 488//2816 491//2817
f 469//2818 490//2819 493//2820
f 469//2821 493//2822 461//2823
f 461//2824 493//2825 459//2826
f 493//2827 490//2828 494//2829
f 494//2830 490//2831 492//2832
f 459//2833 493//2834 495//2835
f 495//2836 493//2837 494//2838
f 459//2839 495//2840 457//2841
f 457//2842 495//2843 496//2844
f 457//2845 496//2846 456//2847
f 495//2848 494//2849 497//2850
f 495//2851 497//2852 496//2853
f 494//2854 492//2855 498//2856
f 494//2857 498//2858 497//2859
f 498//2860 492//2861 499//2862
f 499//2863 492//2864 491//2865
f 456//2866 496//2867 500//2868
f 456//2869 500//2870 455//2871
f 496//2872 497//2873 501//2874
f 496//2875 501//2876 500//2877
f 497//2878 498//2879 502//2880
f 497//2881 502//2882 501//2883
f 498//2884 499//2885 503//2886
f 498//2887 503//2888 502//2889
f 455//2890 500//2891 504//2892
f 455//2893 504//2894 424//2895
f 500//2896 501//2897 505//2898
f 500//2899 505//2900 504//2901
f 501//2902 502//2903 506//2904
f 501//2905 506//2906 505//2907
f 502//2908 503//2909 507//2910
f 502//2911 507//2912 506//2913
f 424//2914 504//2915 508//2916
f 424//2917 508//2918 420//2919
f 420//2920 508//2921 419//2922
f 508//2923 504//2924 509//2925
f 509//2926 504//2927 505//2928
f 419//2929 508//2930 510//2931
f 510//2932 508//2933 509//2934
f 419//2935 510//2936 422//2937
f 509//2938 505//2939 511//2940
f 511//2941 505//2942 506//2943
f 510//2944 509//2945 512//2946
f 512//2947 509//2948 511//2949
f 422//2950 510//2951 513//2952
f 513//2953 510//2954 512//2955
f 422//2956 513//2957 514//2958
f 422//2959 514//2960 417//2961
f 511//2962 506//2963 515//2964
f 515//2965 506//2966 507//2967
f 512//2968 511//2969 516//2970
f 516//2971 511//2972 515//2973
f 513//2974 512//2975 517//2976
f 517//2977 512//2978 516//2979
f 518//2980 514//2981 513//2982
f 518//2983 513//2984 517//2985
f 519//2986 417//2987 514//2988
f 417//2989 519//2990 415//2991
f 514//2992 518//2993 520//2994
f 514//2995 520//2996 519//2997
f 415//2998 519//2999 521//3000
f 415//3001 521//3002 414//3003
f 519//3004 520//3005 522//3006
f 519//3007 522//3008 521//3009
f 520//3010 518//3011 523//3012
f 414//3013 521//3014 524//3015
f 521//3016 522//3017 525//3018
f 521//3019 525//3020 524//3021
f 522//3022 520//3023 526//3024
f 526//3025 520//3026 523//3027
f 525//3028 522//3029 527//3030
f 527//3031 522//3032 526//3033
f 414//3034 524//3035 528//3036
f 414//3037 528//3038 412//3039
f 524//3040 525//3041 529//3042
f 412//3043 528//3044 530//3045
f 412//3046 530//3047 410//3048
f 528//3049 524//3050 531//3051
f 531//3052 524//3053 529//3054
f 530//3055 528//3056 532//3057
f 532//3058 528//3059 531//3060
f 410//3061 530//3062 533//3063
f 410//3064 533//3065 409//3066
f 530//3067 532//3068 534//3069
f 530//3070 534//3071 533//3072
f 532//3073 531//3074 535//3075
f 532//3076 535//3077 534//3078
f 536//3079 531//3080 529//3081
f 531//3082 536//3083 535//3084
f 409//3085 533//3086 537//3087
f 409//3088 537//3089 394//3090
f 533//3091 534//3092 538//3093
f 533//3094 538//3095 537//3096
f 394//3097 537//3098 539//3099
f 394//3100 539//3101 387//3102
f 537//3103 538//3104 540//3105
f 537//3106 540//3107 539//3108
f 387//3109 539//3110 541//3111
f 387//3112 541//3113 385//3114
f 539//3115 540//3116 542//3117
f 539//3118 542//3119 541//3120
f 385//3121 541//3122 543//3123
f 385//3124 543//3125 384//3126
f 543//3127 541//3128 544//3129
f 544//3130 541//3131 542//3132
f 384//3133 543//3134 545//3135
f 384//3136 545//3137 369//3138
f 543//3139 544//3140 546//3141
f 543//3142 546//3143 545//3144
f 544//3145 542//3146 547//3147
f 544//3148 547//3149 546//3150
f 369//3151 545//3152 548//3153
f 369//3154 548//3155 366//3156
f 366//3157 548//3158 364//3159
f 548//3160 545//3161 549//3162
f 549//3163 545//3164 546//3165
f 364//3166 548//3167 550//3168
f 550//3169 548//3170 549//3171
f 364//3172 550//3173 362//3174
f 550//3175 549//3176 551//3177
f 550//3178 551//3179 362//3180
f 549//3181 546//3182 552//3183
f 551//3184 549//3185 553//3186
f 553//3187 549//3188 552//3189
f 362//3190 551//3191 554//3192
f 554//3193 551//3194 553//3195
f 362//3196 554//3197 361//3198
f 361//3199 554//3200 107//3201
f 554//3202 553//3203 555//3204
f 554//3205 555//3206 107//3207
f 555//3208 553//3209 552//3210
f 556//3211 552//3212 546//3213
f 556//3214 546//3215 547//3216
f 552//3217 556//3218 555//3219
f 556//3220 547//3221 557//3222
f 556//3223 557//3224 555//3225
f 557//3226 547//3227 542//3228
f 557//3229 542//3230 558//3231
f 557//3232 558//3233 555//3234
f 558//3235 542//3236 540//3237
f 558//3238 540//3239 559//3240
f 558//3241 559//3242 555//3243
f 559//3244 540//3245 538//3246
f 559//3247 538//3248 560//3249
f 559//3250 560//3251 555//3252
f 560//3253 538//3254 534//3255
f 560//3256 534//3257 561//3258
f 560//3259 561//3260 555//3261
f 561//3262 534//3263 535//3264
f 561//3265 535//3266 562//3267
f 561//3268 562//3269 555//3270
f 562//3271 535//3272 536//3273
f 562//3274 536//3275 563//3276
f 562//3277 563//3278 555//3279
f 563//3280 536//3281 564//3282
f 564//3283 536//3284 529//3285
f 563//3286 564//3287 565//3288
f 563//3289 565//3290 555//3291
f 564//3292 529//3293 566//3294
f 564//3295 566//3296 565//3297
f 566//3298 529//3299 525//3300
f 566//3301 525//3302 527//3303
f 565//3304 566//3305 567//3306
f 565//3307 567//3308 568//3309
f 565//3310 568//3311 555//3312
f 567//3313 566//3314 569//3315
f 567//3316 569//3317 570//3318
f 567//3319 570//3320 568//3321
f 569//3322 566//3323 571//3324
f 571//3325 566//3326 527//3327
f 570//3328 569//3329 572//3330
f 572//3331 569//3332 571//3333
f 570//3334 572//3335 568//3336
f 571//3337 527//3338 573//3339
f 571//3340 573//3341 572//3342
f 573//3343 527//3344 526//3345
f 573//3346 526//3347 574//3348
f 574//3349 526//3350 523//3351
f 572//3352 573//3353 575//3354
f 575//3355 573//3356 574//3357
f 576//3358 568//3359 572//3360
f 572//3361 575//3362 577//3363
f 572//3364 577//3365 576//3366
f 568//3367 576//3368 578//3369
f 577//3370 575//3371 579//3372
f 576//3373 577//3374 580//3375
f 580//3376 577//3377 579//3378
f 579//3379 575//3380 581//3381
f 581//3382 575//3383 574//3384
f 568//3385 578//3386 555//3387
f 581//3388 574//3389 582//3390
f 582//3391 574//3392 523//3393
f 579//3394 581//3395 583//3396
f 582//3397 523//3398 584//3399
f 584//3400 523//3401 518//3402
f 584//3403 518//3404 517//3405
f 581//3406 582//3407 585//3408
f 581//3409 585//3410 583//3411
f 582//3412 584//3413 586//3414
f 582//3415 586//3416 585//3417
f 584//3418 517//3419 587//3420
f 584//3421 587//3422 586//3423
f 587//3424 517//3425 516//3426
f 587//3427 516//3428 588//3429
f 588//3430 516//3431 515//3432
f 586//3433 587//3434 589//3435
f 589//3436 587//3437 588//3438
f 590//3439 585//3440 586//3441
f 590//3442 586//3443 589//3444
f 588//3445 515//3446 591//3447
f 585//3448 590//3449 592//3450
f 585//3451 592//3452 583//3453
f 591//3454 515//3455 507//3456
f 589//3457 588//3458 593//3459
f 593//3460 588//3461 591//3462
f 590//3463 589//3464 594//3465
f 594//3466 589//3467 593//3468
f 592//3469 590//3470 595//3471
f 595//3472 590//3473 594//3474
f 591//3475 507//3476 596//3477
f 596//3478 507//3479 503//3480
f 593//3481 591//3482 597//3483
f 597//3484 591//3485 596//3486
f 594//3487 593//3488 598//3489
f 598//3490 593//3491 597//3492
f 595//3493 594//3494 599//3495
f 599//3496 594//3497 598//3498
f 596//3499 503//3500 600//3501
f 600//3502 503//3503 499//3504
f 597//3505 596//3506 601//3507
f 601//3508 596//3509 600//3510
f 598//3511 597//3512 602//3513
f 602//3514 597//3515 601//3516
f 599//3517 598//3518 603//3519
f 603//3520 598//3521 602//3522
f 600//3523 499//3524 604//3525
f 604//3526 499//3527 491//3528
f 604//3529 491//3530 489//3531
f 600//3532 604//3533 605//3534
f 600//3535 605//3536 601//3537
f 604//3538 489//3539 606//3540
f 604//3541 606//3542 605//3543
f 606//3544 489//3545 607//3546
f 607//3547 489//3548 487//3549
f 601//3550 605//3551 608//3552
f 601//3553 608//3554 602//3555
f 605//3556 606//3557 609//3558
f 605//3559 609//3560 608//3561
f 606//3562 607//3563 610//3564
f 606//3565 610//3566 609//3567
f 607//3568 487//3569 611//3570
f 611//3571 487//3572 485//3573
f 610//3574 607//3575 612//3576
f 612//3577 607//3578 611//3579
f 609//3580 610//3581 613//3582
f 610//3583 612//3584 614//3585
f 610//3586 614//3587 613//3588
f 611//3589 485//3590 615//3591
f 615//3592 485//3593 484//3594
f 612//3595 611//3596 616//3597
f 616//3598 611//3599 615//3600
f 614//3601 612//3602 617//3603
f 617//3604 612//3605 616//3606
f 613//3607 614//3608 618//3609
f 614//3610 617//3611 619//3612
f 614//3613 619//3614 618//3615
f 617//3616 616//3617 620//3618
f 616//3619 615//3620 621//3621
f 616//3622 621//3623 620//3624
f 621//3625 615//3626 622//3627
f 622//3628 615//3629 484//3630
f 619//3631 617//3632 623//3633
f 623//3634 617//3635 620//3636
f 622//3637 484//3638 624//3639
f 624//3640 484//3641 483//3642
f 621//3643 622//3644 625//3645
f 625//3646 622//3647 624//3648
f 626//3649 620//3650 621//3651
f 626//3652 621//3653 625//3654
f 624//3655 483//3656 627//3657
f 624//3658 627//3659 625//3660
f 627//3661 483//3662 272//3663
f 625//3664 627//3665 628//3666
f 626//3667 625//3668 629//3669
f 629//3670 625//3671 628//3672
f 628//3673 627//3674 630//3675
f 628//3676 630//3677 629//3678
f 630//3679 627//3680 272//3681
f 631//3682 620//3683 626//3684
f 620//3685 631//3686 623//3687
f 626//3688 629//3689 632//3690
f 626//3691 632//3692 631//3693
f 629//3694 630//3695 633//3696
f 632//3697 629//3698 634//3699
f 634//3700 629//3701 633//3702
f 633//3703 630//3704 635//3705
f 635//3706 630//3707 272//3708
f 634//3709 633//3710 636//3711
f 636//3712 633//3713 635//3714
f 632//3715 634//3716 637//3717
f 637//3718 634//3719 636//3720
f 632//3721 637//3722 638//3723
f 632//3724 638//3725 631//3726
f 636//3727 635//3728 639//3729
f 639//3730 635//3731 272//3732
f 637//3733 636//3734 640//3735
f 638//3736 637//3737 641//3738
f 641//3739 637//3740 640//3741
f 631//3742 638//3743 642//3744
f 631//3745 642//3746 623//3747
f 642//3748 638//3749 643//3750
f 643//3751 638//3752 641//3753
f 623//3754 642//3755 644//3756
f 623//3757 644//3758 619//3759
f 644//3760 642//3761 645//3762
f 645//3763 642//3764 643//3765
f 619//3766 644//3767 646//3768
f 619//3769 646//3770 618//3771
f 644//3772 645//3773 647//3774
f 644//3775 647//3776 646//3777
f 648//3778 643//3779 641//3780
f 648//3781 641//3782 649//3783
f 643//3784 648//3785 650//3786
f 649//3787 641//3788 651//3789
f 651//3790 641//3791 640//3792
f 649//3793 651//3794 272//3795
f 643//3796 650//3797 652//3798
f 643//3799 652//3800 645//3801
f 652//3802 650//3803 653//3804
f 651//3805 640//3806 654//3807
f 651//3808 654//3809 272//3810
f 654//3811 640//3812 636//3813
f 654//3814 636//3815 639//3816
f 654//3817 639//3818 655//3819
f 654//3820 655//3821 272//3822
f 272//3823 655//3824 639//3825
f 652//3826 653//3827 656//3828
f 652//3829 656//3830 645//3831
f 645//3832 656//3833 647//3834
f 656//3835 653//3836 657//3837
f 657//3838 272//3839 66//3840
f 647//3841 656//3842 658//3843
f 658//3844 656//3845 657//3846
f 647//3847 658//3848 646//3849
f 657//3850 66//3851 659//3852
f 657//3853 659//3854 658//3855
f 659//3856 66//3857 107//3858
f 646//3859 658//3860 660//3861
f 646//3862 660//3863 618//3864
f 659//3865 107//3866 661//3867
f 658//3868 659//3869 662//3870
f 662//3871 659//3872 661//3873
f 660//3874 658//3875 663//3876
f 663//3877 658//3878 662//3879
f 618//3880 660//3881 664//3882
f 663//3883 662//3884 665//3885
f 665//3886 662//3887 661//3888
f 660//3889 663//3890 666//3891
f 666//3892 663//3893 665//3894
f 660//3895 666//3896 664//3897
f 618//3898 664//3899 613//3900
f 555//3901 661//3902 107//3903
f 661//3904 555//3905 665//3906
f 661//3907 555//3908 552//3909
f 661//3910 552//3911 555//3912
f 613//3913 664//3914 667//3915
f 613//3916 667//3917 609//3918
f 609//3919 667//3920 608//3921
f 667//3922 664//3923 668//3924
f 668//3925 664//3926 666//3927
f 608//3928 667//3929 669//3930
f 669//3931 667//3932 668//3933
f 608//3934 669//3935 602//3936
f 602//3937 669//3938 603//3939
f 669//3940 668//3941 670//3942
f 669//3943 670//3944 603//3945
f 668//3946 666//3947 671//3948
f 668//3949 671//3950 670//3951
f 671//3952 666//3953 665//3954
f 603//3955 670//3956 672//3957
f 671//3958 665//3959 673//3960
f 603//3961 672//3962 599//3963
f 670//3964 671//3965 674//3966
f 670//3967 674//3968 672//3969
f 674//3970 671//3971 673//3972
f 599//3973 672//3974 675//3975
f 599//3976 675//3977 595//3978
f 672//3979 674//3980 676//3981
f 672//3982 676//3983 675//3984
f 676//3985 674//3986 677//3987
f 677//3988 674//3989 673//3990
f 675//3991 676//3992 678//3993
f 595//3994 675//3995 679//3996
f 679//3997 675//3998 678//3999
f 595//4000 679//4001 592//4002
f 678//4003 676//4004 680//4005
f 680//4006 676//4007 677//4008
f 679//4009 678//4010 681//4011
f 592//4012 679//4013 682//4014
f 682//4015 679//4016 681//4017
f 592//4018 682//4019 583//4020
f 681//4021 678//4022 683//4023
f 683//4024 678//4025 680//4026
f 682//4027 681//4028 684//4029
f 583//4030 682//4031 685//4032
f 685//4033 682//4034 684//4035
f 583//4036 685//4037 579//4038
f 579//4039 685//4040 580//4041
f 685//4042 684//4043 686//4044
f 685//4045 686//4046 580//4047
f 684//4048 681//4049 687//4050
f 687//4051 681//4052 683//4053
f 686//4054 684//4055 688//4056
f 688//4057 684//4058 687//4059
f 686//4060 688//4061 689//4062
f 689//4063 688//4064 687//4065
f 580//4066 686//4067 690//4068
f 690//4069 686//4070 689//4071
f 689//4072 687//4073 691//4074
f 691//4075 687//4076 683//4077
f 690//4078 689//4079 692//4080
f 692//4081 689//4082 691//4083
f 580//4084 690//4085 693//4086
f 580//4087 693//4088 576//4089
f 576//4090 693//4091 578//4092
f 693//4093 690//4094 694//4095
f 693//4096 694//4097 578//4098
f 694//4099 690//4100 692//4101
f 694//4102 692//4103 578//4104
f 578//4105 692//4106 555//4107
f 695//4108 692//4109 691//4110
f 695//4111 691//4112 683//4113
f 692//4114 695//4115 555//4116
f 695//4117 683//4118 696//4119
f 695//4120 696//4121 555//4122
f 696//4123 683//4124 680//4125
f 696//4126 680//4127 697//4128
f 555//4129 696//4130 698//4131
f 698//4132 696//4133 697//4134
f 555//4135 698//4136 673//4137
f 555//4138 673//4139 665//4140
f 698//4141 697//4142 699//4143
f 698//4144 699//4145 673//4146
f 699//4147 697//4148 680//4149
f 673//4150 699//4151 677//4152
f 677//4153 699//4154 680//4155
