# This file uses centimeters as units for non-parametric coordinates.

mtllib SM_Dantooine_Far_Bluff_Soft_A.mtl
g default
v 667.436005 20.933091 1221.491326
v 729.117707 21.535632 1184.356417
v 654.354585 111.216549 1111.279961
v 717.098631 106.878257 1079.427369
v 796.840192 23.486649 1132.091839
v 593.034426 110.587108 1143.258302
v 603.306665 13.852941 1242.942242
v 939.049031 28.683359 1002.119878
v 534.221171 5.343615 1264.053122
v 971.740789 125.082794 827.719160
v 1091.893263 36.684622 862.514852
v 622.110755 207.255543 1020.423267
v 1157.551937 36.991262 768.657692
v 779.888858 211.825849 901.910298
v 1025.340181 127.552614 743.369317
v 1178.928172 40.794590 676.859570
v 888.066825 218.490567 790.272899
v 1047.417218 126.442010 662.010080
v 931.030823 218.155835 715.556121
v 1031.953401 125.262636 578.019097
v 1170.567482 36.022860 583.021234
v 1124.665938 31.182361 486.551151
v 952.746316 217.072131 639.353452
v 991.708812 116.937381 492.327935
v 941.888928 5.630956 271.769142
v 942.577912 212.434901 571.297958
v 845.026484 91.562345 300.803945
v 775.660364 -18.821776 125.508411
v 794.554859 185.361688 327.868249
v 669.608698 64.197461 143.550006
v 627.109443 -32.536270 -9.204789
v 521.758579 45.569034 19.275690
v 522.501703 -44.860419 -161.572479
v 911.884089 206.994899 491.443435
v 624.454770 159.399080 165.797777
v 896.221326 261.639955 490.060206
v 927.276692 267.053057 564.758160
v 938.868984 266.722554 632.939403
v 940.771809 312.135020 492.920362
v 789.828155 254.310438 342.723336
v 806.388549 307.621987 348.788385
v 625.045763 229.750106 175.836331
v 640.182269 288.029387 181.775633
v 483.575685 207.583123 52.027802
v 503.668346 267.291581 58.307135
v 478.028538 135.802921 41.649212
v 402.209045 256.531108 -67.937676
v 383.540272 191.854918 -74.091265
v 368.080817 117.216363 -85.149926
v 411.110056 31.896409 -117.962331
v 295.974614 110.197716 -183.445935
v 357.443176 19.176025 -225.299873
v 496.124110 -55.483354 -282.553800
v 372.417085 21.657777 -296.811757
v 506.141865 -54.430779 -354.405720
v 310.948523 112.679467 -254.957820
v 332.321031 185.612143 -165.744815
v 377.556005 252.439582 -162.921867
v 431.356459 30.390006 -406.730154
v 544.872795 -56.248487 -439.775670
v 387.648703 125.484024 -405.108655
v 347.656483 188.066995 -242.413267
v 388.296846 253.438357 -245.086924
v 437.522857 203.487804 -438.293146
v 425.422734 126.801371 -568.292913
v 474.809731 33.082729 -579.887513
v 592.559135 -52.072788 -602.279856
v 474.937462 36.137084 -673.171526
v 594.472297 -54.013065 -700.594689
v 430.506619 131.284903 -661.236890
v 495.822307 205.607923 -589.678376
v 474.291695 267.349289 -456.776543
v 449.922879 32.072458 -762.999149
v 564.863102 -59.533768 -795.918916
v 411.510535 123.708621 -745.442161
v 511.519302 208.035875 -671.503397
v 557.010373 276.642190 -601.305026
v 476.022221 299.987134 -462.007528
v 364.524362 118.948822 -826.442539
v 393.024397 24.454307 -844.679598
v 503.008467 -68.581095 -877.939401
v 414.226087 -79.752771 -951.472677
v 315.578213 11.173251 -917.407054
v 313.022882 -88.734367 -1010.342067
v 229.243471 6.479184 -975.256337
v 180.319607 -96.436255 -1086.972872
v 301.946640 109.955295 -898.149888
v 429.010882 199.461253 -925.982346
v 128.763354 -2.556212 -1044.438863
v 43.513239 -7.330980 -1117.757851
v 95.069493 -101.211023 -1160.291860
v -45.716093 -107.045632 -1284.137600
v -83.126970 -8.824260 -1230.270347
v -107.653891 -109.427050 -1314.378114
v 87.224852 92.376406 -1073.756774
v 152.311091 96.321501 -1017.393382
v 227.309637 103.124948 -960.349919
v 365.370816 195.408558 -1002.972011
v 301.369207 191.382763 -1074.805107
v 225.308316 189.520149 -1137.130887
v 31.689381 91.316564 -1124.283526
v 154.542838 184.199680 -1183.521178
v 337.887923 279.571811 -1191.892042
v 250.107008 274.985345 -1229.115052
v 413.948813 281.434426 -1129.566262
v 263.173731 305.513810 -1233.540218
v 477.588880 285.487117 -1052.576598
v 349.530757 315.068011 -1196.442956
v 420.997036 315.474549 -1139.613780
v 531.655896 281.794430 -960.671551
v 489.231715 320.983317 -1057.127512
v 414.216857 335.426180 -1124.647068
v 337.794424 333.590463 -1181.816279
v 254.969665 330.433172 -1218.699253
v 472.900770 338.049693 -1047.997439
v 387.951321 344.774070 -1095.445046
v 297.383511 338.597026 -1163.947501
v 543.298731 317.290628 -965.222465
v 168.289690 304.519699 -1260.915875
v 161.603010 270.452676 -1256.024925
v 161.509511 324.471329 -1245.949162
v 83.657213 301.496908 -1272.016007
v 135.605517 333.792321 -1221.903708
v 81.833193 322.877715 -1256.709259
v 71.718078 181.042388 -1220.404152
v 77.332080 267.402986 -1272.281626
v 3.257810 299.957095 -1272.462968
v -58.878429 85.139521 -1192.785981
v -2.279001 180.824150 -1241.137350
v -106.309308 87.072531 -1216.849820
v -140.108614 -9.776502 -1260.170825
v -175.270929 -113.183844 -1334.645528
v -198.174887 -10.648044 -1274.601600
v -243.972596 -116.859938 -1339.443237
v -159.780969 87.657064 -1225.783990
v -313.035806 -120.509132 -1339.084378
v -66.024513 178.577229 -1245.595023
v -3.067327 265.863172 -1272.728586
v -213.614175 88.268503 -1229.561592
v -73.215166 262.294678 -1256.900022
v -132.278543 181.378746 -1234.708739
v -317.539035 -7.288894 -1277.806054
v -260.043587 96.786722 -1217.315166
v -145.871521 263.774617 -1225.727501
v -412.506238 -1.617096 -1253.401741
v -377.504405 -122.702250 -1333.228914
v -408.565614 109.708963 -1150.065052
v -449.437674 -121.276111 -1312.369530
v -554.308966 2.879559 -1170.090391
v -516.075530 -123.307829 -1275.574657
v -590.539599 -121.693389 -1218.619295
v -529.459096 119.841622 -1080.863263
v -698.024855 9.316492 -988.464207
v -666.811384 -119.944450 -1135.881091
v -739.934728 -116.631834 -1027.020011
v -830.156671 -105.919305 -857.211678
v -600.051640 122.965937 -1008.098161
v -776.187516 17.865839 -828.163192
v -907.957790 -97.396854 -702.067231
v -661.816505 129.029305 -919.183281
v -584.252926 192.717460 -981.444046
v -846.885506 22.795931 -682.866097
v -970.807283 -91.252787 -597.682647
v -721.156015 136.710150 -793.832389
v -643.870817 193.759295 -902.716556
v -785.451680 142.961819 -668.821532
v -848.301174 149.105887 -564.436948
v -1003.836688 -83.199573 -543.037819
v -1030.847594 -78.658013 -482.770639
v -701.063355 196.418608 -787.553051
v -768.529743 196.246467 -667.913050
v -902.322987 158.189008 -443.902588
v -1052.201547 -77.601204 -411.724539
v -1069.661688 -70.174391 -345.620719
v -836.696933 200.988260 -558.711934
v -934.395495 163.107169 -311.443452
v -779.559301 235.961426 -674.075604
v -1079.679443 -71.226967 -273.768799
v -894.612557 203.701372 -433.235293
v -949.814109 167.318227 -182.995029
v -1086.164931 -65.882636 -201.702591
v -1084.484948 -69.071489 -134.201420
v -926.685064 208.619533 -300.776157
v -943.622677 172.251357 -58.217282
v -1078.911154 -65.890336 -71.642530
v -1048.601158 -65.283565 34.120583
v -937.509068 214.286667 -166.831130
v -909.535924 237.046322 -434.455566
v -851.620301 234.333210 -559.932206
v -940.546087 237.023651 -296.714113
v -860.525169 264.166504 -555.530127
v -913.484638 268.308793 -429.713450
v -783.146472 267.196997 -674.490056
v -854.561574 298.287327 -550.107940
v -709.639300 268.717613 -809.259727
v -951.008547 242.663885 -167.925654
v -945.557145 273.226954 -297.254314
v -929.170662 214.198265 -52.240774
v -907.521043 302.429616 -424.291263
v -942.670141 242.575483 -53.335298
v -959.551872 272.470280 -168.680143
v -938.169663 302.380045 -291.706379
v -876.760368 322.450015 -406.692805
v -953.588278 306.591103 -163.257956
v -898.499123 214.778135 48.365771
v -906.571096 169.292671 42.855045
v -952.998897 277.376510 -49.058964
v -918.231852 55.477159 141.090302
v -990.301073 -67.493280 136.678802
v -849.694899 172.050690 145.287515
v -814.987121 61.242999 262.304295
v -888.480229 -56.759707 257.767047
v -789.107022 -52.503747 363.171299
v -751.044779 176.360454 261.004904
v -605.666194 84.085523 494.507685
v -836.666771 218.965330 151.138277
v -652.733918 185.557250 361.126841
v -673.140802 -37.428843 495.592788
v -738.016651 223.275094 266.855666
v -541.723851 199.202976 493.208294
v -912.360145 243.182253 52.427815
v -639.705790 232.471891 366.977603
v -752.940018 256.620045 265.635394
v -648.610658 262.305185 371.379682
v -855.122405 245.913372 149.703717
v -922.327358 277.956380 51.547578
v -860.133464 282.116675 149.163516
v -761.483344 286.426439 264.880905
v -852.384439 311.242865 149.554883
v -909.622179 308.511746 52.278980
v -945.249872 306.502700 -48.667598
v -906.662983 322.876942 -51.229631
v -856.912198 324.367185 81.802215
v -915.362932 322.992245 -160.663419
v -710.552819 333.382948 268.206845
v -747.176639 355.224964 -154.221563
v -906.685902 322.346643 -284.421057
v -714.441289 357.449210 -12.022435
v -627.872735 359.062022 133.954290
v -742.348850 357.929618 -314.540963
v -703.150931 354.279232 -477.599473
v -702.248303 384.446823 -146.041882
v -696.719712 382.237545 -295.922397
v -669.151410 386.644170 -8.999322
v -677.673086 425.640529 -284.449283
v -664.263377 382.152616 -454.290123
v -645.216751 425.555600 -442.817009
v -677.883979 429.252083 -139.385300
v -636.082433 466.100232 -432.023966
v -585.493413 422.707987 -594.076491
v -604.178497 379.278103 -610.706173
v -632.792199 354.236172 -638.492021
v -513.733078 412.837063 -734.091269
v -528.885895 375.804087 -750.506664
v -504.237217 453.354794 -728.454794
v -436.015122 410.980523 -837.455746
v -562.230029 488.840254 -582.426298
v -825.224787 323.275458 -532.635229
v -708.993403 301.436160 -799.021007
v -691.015095 323.673539 -761.602095
v -648.630142 305.200656 -908.813656
v -547.225746 353.593608 -782.769008
v -599.769402 324.406351 -915.852183
v -441.255631 376.805900 -853.191069
v -459.957024 354.622321 -880.296845
v -594.329948 302.756544 -982.724614
v -337.432489 405.039724 -913.425742
v -652.446763 266.058301 -924.423231
v -704.628242 232.514310 -808.719526
v -648.859592 234.822730 -924.008778
v -599.570456 268.581921 -998.459937
v -594.559398 232.378618 -997.919736
v -537.165669 269.130662 -1045.907982
v -533.578498 237.895092 -1045.493529
v -531.925160 303.305285 -1030.172659
v -519.701165 188.244668 -1039.079480
v -466.656287 272.672256 -1066.893115
v -463.069116 241.436685 -1066.478662
v -452.000964 185.335553 -1070.592037
v -382.647426 247.836632 -1086.783723
v -461.054236 306.819979 -1056.314360
v -384.662306 182.453338 -1096.948025
v -386.234597 279.072202 -1087.198176
v -306.458805 252.753601 -1117.741956
v -323.342147 183.082779 -1128.926365
v -193.237159 180.722405 -1207.886967
v -305.089821 285.418348 -1117.816373
v -379.208658 308.252193 -1076.493673
v -138.122496 292.900807 -1225.336135
v -66.890029 296.388601 -1256.634403
v 1.433785 321.337901 -1257.156219
v -68.352511 317.742507 -1246.484224
v -26.617182 335.680426 -1222.923377
v -141.008866 319.222446 -1215.311703
v -131.157436 333.606839 -1183.603682
v -303.020037 313.169163 -1107.451906
v -282.894755 330.385009 -1080.220382
v -31.739661 347.583068 -1119.703472
v -115.732212 351.172386 -1089.336771
v -360.507265 330.435771 -1049.387897
v -240.881047 354.961937 -1010.036133
v 55.401330 345.557426 -1123.947296
v -33.224427 364.076841 -1088.801271
v -106.943127 370.497613 -1062.911066
v 145.329216 345.122360 -1096.911675
v 48.960410 360.622023 -1093.385131
v -26.921574 393.310632 -1067.783631
v 128.975988 357.328605 -1067.029581
v 121.472723 377.334035 -1041.749732
v 201.526896 357.654443 -1025.670110
v 222.836279 346.877375 -1055.212168
v 278.371751 347.937217 -1004.685416
v 247.150060 355.855933 -975.823430
v 189.067477 376.230697 -1000.730297
v 508.106042 351.611681 -910.866342
v 335.948750 345.781303 -891.814061
v 234.690641 374.432186 -950.883617
v 299.070103 357.184775 -873.730995
v 330.464728 357.710845 -783.437588
v 195.348046 400.604355 -958.960636
v 281.654530 374.331853 -849.131218
v 231.781987 395.893692 -920.107164
v 207.285571 421.493258 -906.412055
v 286.511211 403.673244 -807.487305
v 122.096336 405.192449 -1010.758992
v 46.413296 382.056628 -1067.765246
v 73.865183 439.951607 -1003.957838
v -14.600220 419.032768 -1041.143639
v 131.909172 435.963017 -968.775043
v -92.913533 423.997462 -1020.750039
v 214.289226 445.813117 -874.955530
v 2.677282 446.184078 -1014.163612
v 85.463449 465.727542 -967.004710
v 18.169362 478.330022 -982.152764
v 138.912826 460.282875 -937.318519
v 250.000081 441.156254 -825.788921
v 211.019029 467.301523 -839.022509
v 241.773731 461.215484 -790.195936
v 284.264765 436.606991 -755.996039
v 309.439699 401.233361 -738.500242
v 135.281087 481.798182 -896.228929
v 86.787864 488.672025 -925.575085
v 185.415700 488.121657 -789.105674
v 25.873816 497.735948 -940.257355
v 94.108493 503.244719 -857.771086
v 33.194445 512.308642 -872.453356
v -48.545683 509.070652 -924.806035
v -61.567839 488.262449 -961.884912
v 141.667737 500.036230 -673.047811
v 231.355838 476.575982 -702.911520
v -77.059915 456.116505 -993.895759
v -194.136776 505.391520 -909.084396
v -208.928049 468.331644 -930.656359
v -221.895299 409.890962 -967.535070
v -181.114622 526.199722 -872.005519
v -333.331514 476.927526 -882.420879
v -34.483470 520.077889 -861.692821
v 54.721965 515.366791 -570.400614
v -155.354669 535.070680 -813.243054
v -300.561932 536.224781 -823.430003
v -317.116352 509.019669 -860.723168
v -278.395124 550.224871 -733.853876
v -370.431390 539.295296 -760.978037
v 231.506488 480.160636 -563.004105
v -400.107437 519.194197 -794.046201
v -115.214892 540.871879 -401.076451
v -365.001638 560.668400 -615.611227
v -427.240101 546.787840 -671.723122
v -462.233844 525.284465 -699.974753
v -486.941154 554.495585 -541.215661
v -419.854865 480.705145 -815.958200
v -527.252595 531.589934 -564.650760
v -487.298970 485.393137 -717.070220
v -430.413071 445.128246 -826.876991
v -338.572022 442.752903 -898.156202
v -613.826489 499.540851 -425.455924
v -577.063625 537.295899 -412.711206
v -608.796873 537.327028 -264.656617
v -530.010599 556.636094 -393.966892
v -422.043526 566.912366 -360.540308
v -551.108454 559.471776 -255.545368
v -647.345168 504.566613 -272.370515
v -668.177225 466.158261 -278.812809
v -668.388118 469.769815 -133.748826
v -645.770631 503.183534 -132.337352
v -634.568140 471.913362 -7.019402
v -608.284681 540.884782 -129.905771
v -616.906807 503.897905 -5.947964
v -550.234718 563.002630 -125.951090
v -644.425544 431.422530 -7.499309
v -579.420857 541.599153 -3.516383
v -523.596668 501.945261 135.337976
v -539.834113 464.992985 134.392286
v -556.071559 428.040710 133.446596
v -525.603962 562.234024 -10.214875
v -484.325287 534.651876 132.738737
v -430.648072 500.019516 281.780487
v -420.657598 574.000974 -96.195183
v -430.146850 555.259847 120.883677
v -437.462140 571.123424 -232.091885
v -322.775132 568.644274 71.339385
v -105.407395 541.206175 -73.920939
v -343.578296 556.872659 266.860405
v -391.376691 532.726132 279.181248
v -240.461930 563.913978 227.414962
v -327.480529 538.557704 423.546336
v -360.371868 502.312532 426.611359
v -187.540421 571.828029 365.817662
v 32.252669 546.007407 256.993351
v -284.276745 561.248155 405.728889
v -135.341996 579.795881 514.533499
v -241.267544 566.303854 543.451518
v -279.515174 545.042579 561.609001
v -179.457479 565.630916 666.976045
v -308.173444 510.280384 575.327196
v -378.394744 470.354889 430.696490
v -231.155655 509.007943 715.467284
v -448.309405 468.034973 280.709049
v -325.818467 457.049535 584.731851
v -389.676035 434.831790 430.090835
v -458.166809 427.544142 280.229143
v -406.275024 397.906415 434.301714
v -486.101993 392.728146 283.634202
v -582.221313 388.230082 131.820835
v -526.797261 364.989263 286.107693
v -437.419526 373.052784 442.611844
v -508.997226 348.345585 489.542775
v -362.209452 371.914844 608.534773
v -343.463490 403.818687 594.136507
v -244.189757 435.986865 740.844636
v -254.770246 395.549834 750.677867
v -238.565421 474.994721 730.671370
v -173.052400 393.927693 823.782567
v -162.488218 455.611030 803.473243
v -160.412463 509.468282 782.609596
v -59.871464 506.977637 820.764173
v -208.515884 547.281795 696.126736
v -142.367300 546.286058 757.772445
v -113.308892 564.635180 728.621753
v -51.198797 579.791216 624.074213
v -46.782458 542.366236 795.586986
v -23.742550 564.227013 760.813943
v 183.228943 561.339378 428.142565
v 38.345263 574.522919 677.018423
v 99.487149 536.271303 811.056253
v 112.253207 555.300628 780.759706
v 86.398143 500.882704 836.233440
v 226.232805 535.958806 851.036757
v 213.505342 500.543307 871.057376
v 144.203958 573.434550 710.356468
v 234.042708 553.558955 820.400174
v 344.178404 568.003660 568.943900
v 323.597105 500.937914 915.048593
v 250.763454 567.432248 754.133398
v 332.798275 556.062943 863.585572
v 331.368414 534.924237 894.687938
v 348.795935 569.990035 807.631932
v 375.295284 557.560888 866.557354
v 449.208566 568.774868 685.127073
v 413.603792 567.296121 817.371922
v 378.821576 537.851359 897.999756
v 420.300808 554.010400 854.185180
v 423.827101 534.300871 885.627582
v 376.006421 505.294212 918.700447
v 463.175670 534.235140 862.476487
v 424.544213 508.140633 906.542560
v 459.287834 553.971569 836.190653
v 501.461894 539.110241 834.043075
v 469.967797 566.496386 785.053545
v 487.300207 556.015218 812.233738
v 533.095670 566.991327 727.292364
v 556.808123 552.971602 754.938340
v 571.331353 536.039725 771.591109
v 650.111653 529.242354 673.508949
v 590.265924 559.471882 632.880880
v 593.241430 552.590772 539.848364
v 628.846838 549.739687 661.546964
v 650.901591 543.768950 600.939749
v 677.484103 524.673893 608.085200
v 651.346297 537.076141 544.003210
v 683.246505 519.383360 546.332129
v 630.904041 529.607459 480.424212
v 548.040687 542.836341 453.817166
v 430.989838 527.842140 336.865382
v 593.807892 522.845880 420.855927
v 276.759677 512.752269 212.125283
v 462.973209 503.483450 287.414331
v 616.518878 502.240947 412.191638
v 152.327320 494.711415 58.397450
v 301.339256 480.486795 146.650204
v 468.729637 472.086479 256.889374
v 302.139531 447.660647 115.785211
v 185.734578 465.384993 9.072148
v 101.213525 486.662863 -105.788092
v 190.767921 434.041822 -11.139671
v 296.899022 413.486024 100.049888
v 456.747544 441.477312 245.844835
v 148.382333 456.844538 -117.871562
v 171.566283 460.513365 -235.452525
v 122.333664 488.687314 -264.961637
v 162.243356 428.440420 -121.933605
v 199.349841 387.849254 -20.661110
v 165.041566 486.573705 -407.053838
v 205.724886 462.099713 -347.071100
v 257.983553 462.871356 -483.326661
v 218.139736 433.803195 -330.506871
v 184.342677 432.189947 -224.044864
v 276.439187 435.923314 -481.892101
v 180.376041 385.133104 -125.618405
v 222.789252 397.626792 -324.810101
v 195.733777 392.448088 -223.038879
v 280.783675 461.706951 -574.999035
v 286.428684 406.009320 -501.763885
v 285.822992 456.470218 -626.438969
v 304.918549 436.134286 -583.537575
v 206.062533 357.647061 -227.315210
v 233.479551 362.798865 -334.243001
v 199.193217 358.158163 -129.340413
v 224.073461 337.391829 -168.944111
v 219.590905 355.906580 -24.257375
v 247.258045 336.730823 -32.581626
v 306.904829 362.325724 90.654197
v 297.999961 392.159019 95.056277
v 448.998519 412.351122 245.453469
v 625.062203 472.434553 412.946127
v 452.224147 381.142454 251.024490
v 329.254272 341.747693 87.146476
v 288.008217 326.837230 -34.854951
v 259.867479 326.069057 -171.557473
v 370.004444 331.854096 84.873151
v 474.212048 360.591317 252.673338
v 620.516523 407.239559 438.877803
v 514.600678 350.724621 255.556580
v 643.205225 381.774493 450.965535
v 661.467886 436.757322 503.779735
v 662.908085 410.543281 514.381576
v 684.172898 390.045951 526.343561
v 670.986032 482.135184 488.664188
v 657.848095 510.485502 482.413096
v 696.022899 491.059942 557.739790
v 682.972488 439.285167 572.641049
v 690.260496 496.350475 619.492861
v 679.456530 411.641957 582.902855
v 662.888047 500.918936 684.916610
v 672.253930 443.146529 634.054085
v 578.790049 506.314031 787.815303
v 560.838387 415.477606 802.576691
v 503.602894 507.982271 855.083801
v 464.254325 508.048002 878.234896
v 480.695078 415.716667 869.505154
v 440.984966 415.809298 897.812818
v 643.150954 415.077142 704.708819
v 670.523404 410.508681 639.285070
v 696.126735 389.688544 589.368235
v 686.832065 388.582168 650.907019
v 660.521959 388.209801 721.613084
v 573.253238 387.181087 819.140921
v 698.763616 383.364633 734.683715
v 749.576111 384.243879 619.054427
v 606.177198 380.933645 837.028084
v 488.153774 385.990974 885.729348
v 453.399816 387.512783 914.377047
v 492.703817 377.726786 932.729994
v 408.733550 386.176238 942.344674
v 401.636397 415.875029 920.963913
v 377.166628 372.875544 986.839323
v 360.195760 383.329814 954.502561
v 351.313175 418.023241 938.152620
v 298.903859 413.666943 934.500766
v 301.044858 382.538973 955.541492
v 308.464960 369.199452 982.041614
v 195.860319 447.312459 880.462031
v 186.358484 380.688289 906.053671
v 73.709275 449.081031 845.978131
v 188.460889 365.946492 937.370325
v 64.207440 382.456862 871.569771
v -66.541834 451.664308 836.131216
v -77.106016 389.980970 856.440540
v 56.035994 364.883613 907.362921
v -88.448183 365.983914 886.862835
v -193.583792 367.018482 843.211654
v -153.367462 344.377167 980.882951
v -274.940096 368.613723 764.950385
v -255.972270 345.223436 901.135792
v -416.771716 346.473641 646.298423
v -34.809562 347.737727 1046.180513
v -335.520859 346.684177 797.091682
v 53.694437 352.270394 1073.090386
v -44.404896 335.132210 1081.847916
v -167.557407 330.315574 1011.053750
v -269.439129 331.108043 920.993454
v 175.528507 360.248985 1071.226812
v 48.693715 341.120953 1114.254393
v -272.955085 303.464828 931.255260
v 117.756925 344.770147 1113.895534
v 54.366981 316.389892 1135.509407
v -43.687784 308.971972 1102.762894
v -168.264182 309.123068 1031.842980
v -37.291432 284.187111 1113.704771
v 123.430191 320.039086 1135.150547
v 55.807178 290.175856 1146.111248
v 165.933173 347.643469 1106.894215
v 125.231932 293.798145 1140.595821
v 171.967981 322.885509 1122.992660
v 214.470965 350.489890 1094.736328
v 176.617498 286.709103 1128.689430
v 319.695709 368.895849 1055.379425
v 220.505773 325.731930 1110.834774
v 327.477354 355.529431 1076.722978
v 472.690592 380.481765 1055.681813
v 595.993118 393.212888 1012.439945
v 479.048350 372.083076 1076.899619
v 333.512164 330.771466 1092.821423
v 225.155290 289.555524 1116.531543
v 490.039312 348.754295 1093.338100
v 532.180752 376.385574 1070.238336
v 337.099335 299.535894 1093.235876
v 544.957146 348.062155 1081.645997
v 157.542613 212.339550 1169.196451
v 580.718544 379.231995 1058.080449
v 104.410211 208.037052 1175.857734
v 124.925293 256.192570 1145.952554
v 60.456695 253.999450 1151.808018
v -33.003459 248.037605 1124.558109
v 45.259310 207.246209 1176.896665
v -161.867830 284.338207 1042.784857
v -44.668581 207.681277 1149.861044
v 55.931686 94.098971 1261.148109
v -152.262161 249.590980 1048.821662
v -267.982621 283.647699 942.071389
v -258.015408 248.873572 942.951626
v -162.503392 204.266918 1074.250345
v -102.697868 90.857943 1229.314779
v -262.577399 204.924885 958.407208
v 126.418783 92.780433 1260.914998
v 0.410910 -27.772796 1325.257887
v 74.430276 -22.694425 1325.239063
v -68.290755 -31.448890 1320.460178
v 148.811183 -17.642955 1320.063672
v -167.407864 -33.925977 1282.431349
v 309.934555 101.361565 1221.916515
v 293.339929 -9.022991 1299.059716
v 212.460447 211.647415 1157.504348
v 464.434876 1.748221 1274.725118
v 327.252267 211.692322 1134.460178
v 456.610274 104.959997 1190.725171
v 459.059524 211.003224 1102.248726
v 509.744288 208.828113 1079.903451
v 472.471478 262.751097 1082.190899
v 560.429053 206.653002 1057.558176
v 521.370813 265.570618 1064.876444
v 490.094217 311.121813 1093.538265
v 543.588163 315.397411 1081.720414
v 572.055577 263.395506 1042.531168
v 621.677998 266.161227 1014.903577
v 598.867539 314.678376 1064.871742
v 598.451091 352.337755 1069.828145
v 648.489959 317.444097 1037.244151
v 672.385047 268.846248 971.806280
v 635.658662 383.399991 1025.636324
v 653.391209 356.505752 1037.384021
v 704.514705 321.531394 989.330322
v 775.223032 269.248558 885.737435
v 691.683408 387.487288 977.722495
v 761.958976 394.110140 868.609918
v 874.912578 268.087191 773.545713
v 871.199288 395.834025 762.254836
v 808.437319 321.853003 887.791772
v 917.515033 267.779359 703.985503
v 924.419215 320.011432 776.745905
v 813.338569 360.914658 887.931642
v 973.763255 316.138144 702.494911
v 990.161052 313.652163 631.108775
v 978.568760 313.982666 562.927532
v 1000.018456 354.142995 631.588681
v 978.664505 355.199799 702.634781
v 929.320465 359.073087 776.885775
v 989.850051 349.505765 563.533186
v 975.182780 384.629593 629.688337
v 959.146526 387.088673 695.917905
v 911.226374 385.994229 770.294647
v 795.244478 387.835800 881.340514
v 709.415955 360.593049 989.470192
v 940.089564 391.038433 642.740583
v 965.014376 379.992363 561.632842
v 924.264203 389.885959 563.906168
v 729.156139 381.635329 534.723407
v 947.096946 346.228943 493.185981
v 927.217425 378.144717 491.625672
v 807.757532 340.286734 348.713968
v 887.891140 383.070581 494.024746
v 790.364243 362.293943 352.561724
v 641.551252 320.694134 181.701216
v 751.399501 367.192906 349.804230
v 624.157963 342.701343 185.548972
v 500.081175 298.527151 57.892682
v 688.550009 373.336972 454.188814
v 594.743988 350.485557 188.628117
v 463.186219 331.176928 65.499655
v 487.644039 321.963539 62.080479
v 390.779350 312.659142 -58.667733
v 366.321529 321.872531 -55.248552
v 403.578029 289.195852 -68.012093
v 366.487854 308.540713 -158.808492
v 340.244601 322.748736 -150.358491
v 378.924988 285.104331 -162.996284
v 350.985442 323.747512 -232.523548
v 377.228695 309.539488 -240.973549
v 389.665829 286.103106 -245.161341
v 462.161199 328.391253 -457.945484
v 432.385679 336.202371 -449.709771
v 297.302252 332.273436 -350.337184
v 527.185923 348.192224 -624.497593
v 256.190537 342.193932 -342.907290
v 356.730899 344.033120 -558.696161
v 316.681529 349.012783 -545.983951
v 293.609000 369.644617 -532.163094
v 311.036521 404.710415 -619.219100
v 316.792949 373.313444 -649.744057
v 339.865478 352.681611 -663.564914
v 391.251045 345.592567 -675.471305
v 304.300910 434.382309 -645.756430
v 315.736579 404.360714 -686.254488
v 321.131464 372.990643 -711.622876
v 342.780106 357.326542 -725.569482
v 283.058380 459.739774 -678.470436
v 301.536297 437.651864 -697.787897
v 265.425305 458.721801 -731.522010
v 313.772240 374.804123 -769.150947
v 384.253364 347.379146 -738.155944
v 372.299529 347.736549 -801.180618
v 551.816044 351.753452 -762.704829
v 571.445443 344.165238 -859.748058
v 587.143073 342.263357 -687.629630
v 530.500053 340.753916 -955.878105
v 584.244122 320.701949 -869.092418
v 591.503872 346.800686 -770.260471
v 610.321049 319.825743 -773.982479
v 574.025174 280.238020 -864.415756
v 475.635513 204.247951 -839.825400
v 507.391680 204.747121 -754.688561
v 599.039757 284.302646 -774.588133
v 589.361261 278.363038 -687.140760
v 599.218665 318.853867 -686.660854
v 568.653208 312.138387 -605.855940
v 549.836031 339.113330 -602.133932
v -214.853442 88.818959 1143.730979
v -279.201895 -35.991861 1191.690981
v -308.886666 90.825403 1012.758173
v -373.212836 -29.125284 1039.966154
v -395.071393 94.045822 840.872856
v -453.356780 -24.556388 852.951168
v -552.963798 -25.731097 659.419471
v -341.435523 248.824437 823.097775
v -490.445343 94.354089 657.994331
v -441.009920 205.157117 650.518265
v -351.402736 283.598563 822.217539
v -426.557905 247.104025 656.494775
v -527.271836 241.149884 499.184804
v -437.248204 281.931951 665.927675
v -352.142132 304.898669 822.054582
v -532.644438 277.380087 503.801171
v -437.987600 303.232057 665.764718
v -348.626175 332.541883 811.792776
v -434.833186 330.902171 660.659481
v -539.763875 302.218748 503.172430
v -530.229420 326.350307 498.532977
v -652.197829 293.540755 370.965229
v -644.087262 322.640046 366.200028
v -748.778165 316.981806 265.612308
v -226.774264 375.689439 -988.426961
v -105.596428 398.302227 -1042.233462
v -344.096885 375.832833 -929.286813
v -358.203668 355.105331 -950.895985
v -435.972800 325.465001 -1028.742800
v -513.585309 325.515764 -997.910315
vn 0.251799 0.742474 0.620750
vn 0.362994 0.740433 0.565680
vn 0.332449 0.724828 0.603408
vn 0.332449 0.724828 0.603408
vn 0.362994 0.740433 0.565680
vn 0.399815 0.725695 0.559923
vn 0.399815 0.725695 0.559923
vn 0.362994 0.740433 0.565680
vn 0.423328 0.740132 0.522492
vn 0.251799 0.742474 0.620750
vn 0.332449 0.724828 0.603408
vn 0.259719 0.704459 0.660518
vn 0.251799 0.742474 0.620750
vn 0.259719 0.704459 0.660518
vn 0.131626 0.717944 0.683543
vn 0.399815 0.725695 0.559923
vn 0.423328 0.740132 0.522492
vn 0.431086 0.751020 0.500134
vn 0.131626 0.717944 0.683543
vn 0.259719 0.704459 0.660518
vn 0.132138 0.678036 0.723054
vn 0.399815 0.725695 0.559923
vn 0.431086 0.751020 0.500134
vn 0.503780 0.737485 0.449801
vn 0.503780 0.737485 0.449801
vn 0.431086 0.751020 0.500134
vn 0.459229 0.789522 0.407141
vn 0.332449 0.724828 0.603408
vn 0.399815 0.725695 0.559923
vn 0.497899 0.432420 0.751738
vn 0.332449 0.724828 0.603408
vn 0.497899 0.432420 0.751738
vn 0.259719 0.704459 0.660518
vn 0.503780 0.737485 0.449801
vn 0.459229 0.789522 0.407141
vn 0.520544 0.820050 0.237806
vn 0.399815 0.725695 0.559923
vn 0.503780 0.737485 0.449801
vn 0.582925 0.470743 0.662269
vn 0.399815 0.725695 0.559923
vn 0.582925 0.470743 0.662269
vn 0.497899 0.432420 0.751738
vn 0.503780 0.737485 0.449801
vn 0.520544 0.820050 0.237806
vn 0.567874 0.782229 0.256199
vn 0.567874 0.782229 0.256199
vn 0.520544 0.820050 0.237806
vn 0.545658 0.837605 0.025989
vn 0.582925 0.470743 0.662269
vn 0.503780 0.737485 0.449801
vn 0.659953 0.545814 0.516284
vn 0.659953 0.545814 0.516284
vn 0.503780 0.737485 0.449801
vn 0.567874 0.782229 0.256199
vn 0.567874 0.782229 0.256199
vn 0.545658 0.837605 0.025989
vn 0.610743 0.791688 0.014944
vn 0.659953 0.545814 0.516284
vn 0.567874 0.782229 0.256199
vn 0.764018 0.555827 0.327618
vn 0.764018 0.555827 0.327618
vn 0.567874 0.782229 0.256199
vn 0.610743 0.791688 0.014944
vn 0.610743 0.791688 0.014944
vn 0.545658 0.837605 0.025989
vn 0.609722 0.758667 -0.229486
vn 0.609722 0.758667 -0.229486
vn 0.545658 0.837605 0.025989
vn 0.539899 0.823931 -0.172185
vn 0.609722 0.758667 -0.229486
vn 0.539899 0.823931 -0.172185
vn 0.500422 0.784760 -0.365690
vn 0.610743 0.791688 0.014944
vn 0.609722 0.758667 -0.229486
vn 0.847050 0.530492 0.032933
vn 0.610743 0.791688 0.014944
vn 0.847050 0.530492 0.032933
vn 0.764018 0.555827 0.327618
vn 0.609722 0.758667 -0.229486
vn 0.500422 0.784760 -0.365690
vn 0.576532 0.695344 -0.429078
vn 0.576532 0.695344 -0.429078
vn 0.500422 0.784760 -0.365690
vn 0.465365 0.712146 -0.525626
vn 0.847050 0.530492 0.032933
vn 0.609722 0.758667 -0.229486
vn 0.840820 0.471271 -0.266318
vn 0.840820 0.471271 -0.266318
vn 0.609722 0.758667 -0.229486
vn 0.576532 0.695344 -0.429078
vn 0.576532 0.695344 -0.429078
vn 0.465365 0.712146 -0.525626
vn 0.528601 0.611281 -0.588996
vn 0.528601 0.611281 -0.588996
vn 0.465365 0.712146 -0.525626
vn 0.434161 0.682410 -0.588066
vn 0.576532 0.695344 -0.429078
vn 0.528601 0.611281 -0.588996
vn 0.665228 0.354180 -0.657289
vn 0.528601 0.611281 -0.588996
vn 0.434161 0.682410 -0.588066
vn 0.500768 0.576895 -0.645310
vn 0.528601 0.611281 -0.588996
vn 0.500768 0.576895 -0.645310
vn 0.665228 0.354180 -0.657289
vn 0.500768 0.576895 -0.645310
vn 0.434161 0.682410 -0.588066
vn 0.432999 0.749151 -0.501283
vn 0.500768 0.576895 -0.645310
vn 0.432999 0.749151 -0.501283
vn 0.522443 0.624914 -0.580117
vn 0.522443 0.624914 -0.580117
vn 0.432999 0.749151 -0.501283
vn 0.434045 0.844784 -0.312963
vn 0.774368 0.423565 -0.470051
vn 0.840820 0.471271 -0.266318
vn 0.576532 0.695344 -0.429078
vn 0.774368 0.423565 -0.470051
vn 0.576532 0.695344 -0.429078
vn 0.665228 0.354180 -0.657289
vn 0.665228 0.354180 -0.657289
vn 0.500768 0.576895 -0.645310
vn 0.626176 0.275474 -0.729395
vn 0.626176 0.275474 -0.729395
vn 0.500768 0.576895 -0.645310
vn 0.522443 0.624914 -0.580117
vn 0.774368 0.423565 -0.470051
vn 0.665228 0.354180 -0.657289
vn 0.833271 -0.175553 -0.524252
vn 0.840820 0.471271 -0.266318
vn 0.774368 0.423565 -0.470051
vn 0.915787 -0.286024 -0.281999
vn 0.915787 -0.286024 -0.281999
vn 0.774368 0.423565 -0.470051
vn 0.833271 -0.175553 -0.524252
vn 0.840820 0.471271 -0.266318
vn 0.915787 -0.286024 -0.281999
vn 0.952831 -0.298911 0.052584
vn 0.840820 0.471271 -0.266318
vn 0.952831 -0.298911 0.052584
vn 0.847050 0.530492 0.032933
vn 0.915787 -0.286024 -0.281999
vn 0.833271 -0.175553 -0.524252
vn 0.757067 -0.394225 -0.520996
vn 0.833271 -0.175553 -0.524252
vn 0.665228 0.354180 -0.657289
vn 0.754630 0.011642 -0.656047
vn 0.754630 0.011642 -0.656047
vn 0.665228 0.354180 -0.657289
vn 0.626176 0.275474 -0.729395
vn 0.833271 -0.175553 -0.524252
vn 0.754630 0.011642 -0.656047
vn 0.740188 -0.117754 -0.662009
vn 0.833271 -0.175553 -0.524252
vn 0.740188 -0.117754 -0.662009
vn 0.757067 -0.394225 -0.520996
vn 0.754630 0.011642 -0.656047
vn 0.626176 0.275474 -0.729395
vn 0.686582 -0.010452 -0.726977
vn 0.740188 -0.117754 -0.662009
vn 0.754630 0.011642 -0.656047
vn 0.693183 -0.065625 -0.717768
vn 0.693183 -0.065625 -0.717768
vn 0.754630 0.011642 -0.656047
vn 0.686582 -0.010452 -0.726977
vn 0.686582 -0.010452 -0.726977
vn 0.626176 0.275474 -0.729395
vn 0.725080 -0.064469 -0.685640
vn 0.693183 -0.065625 -0.717768
vn 0.686582 -0.010452 -0.726977
vn 0.719774 -0.049217 -0.692461
vn 0.719774 -0.049217 -0.692461
vn 0.686582 -0.010452 -0.726977
vn 0.725080 -0.064469 -0.685640
vn 0.725080 -0.064469 -0.685640
vn 0.626176 0.275474 -0.729395
vn 0.676194 0.241756 -0.695928
vn 0.676194 0.241756 -0.695928
vn 0.626176 0.275474 -0.729395
vn 0.522443 0.624914 -0.580117
vn 0.719774 -0.049217 -0.692461
vn 0.725080 -0.064469 -0.685640
vn 0.888002 -0.125472 -0.442391
vn 0.725080 -0.064469 -0.685640
vn 0.676194 0.241756 -0.695928
vn 0.830004 -0.185760 -0.525914
vn 0.725080 -0.064469 -0.685640
vn 0.830004 -0.185760 -0.525914
vn 0.888002 -0.125472 -0.442391
vn 0.676194 0.241756 -0.695928
vn 0.522443 0.624914 -0.580117
vn 0.753141 0.241376 -0.611977
vn 0.676194 0.241756 -0.695928
vn 0.753141 0.241376 -0.611977
vn 0.830004 -0.185760 -0.525914
vn 0.753141 0.241376 -0.611977
vn 0.522443 0.624914 -0.580117
vn 0.555642 0.699868 -0.448827
vn 0.555642 0.699868 -0.448827
vn 0.522443 0.624914 -0.580117
vn 0.434045 0.844784 -0.312963
vn 0.830004 -0.185760 -0.525914
vn 0.753141 0.241376 -0.611977
vn 0.977961 0.112575 -0.175841
vn 0.977961 0.112575 -0.175841
vn 0.753141 0.241376 -0.611977
vn 0.555642 0.699868 -0.448827
vn 0.555642 0.699868 -0.448827
vn 0.434045 0.844784 -0.312963
vn 0.682929 0.726689 -0.074365
vn 0.555642 0.699868 -0.448827
vn 0.682929 0.726689 -0.074365
vn 0.977961 0.112575 -0.175841
vn 0.682929 0.726689 -0.074365
vn 0.434045 0.844784 -0.312963
vn 0.480683 0.876832 -0.010441
vn 0.682929 0.726689 -0.074365
vn 0.480683 0.876832 -0.010441
vn 0.720824 0.624662 0.300350
vn 0.720824 0.624662 0.300350
vn 0.480683 0.876832 -0.010441
vn 0.589911 0.772665 0.234507
vn 0.977961 0.112575 -0.175841
vn 0.682929 0.726689 -0.074365
vn 0.950223 -0.006697 0.311499
vn 0.950223 -0.006697 0.311499
vn 0.682929 0.726689 -0.074365
vn 0.720824 0.624662 0.300350
vn 0.873604 -0.457788 -0.165065
vn 0.830004 -0.185760 -0.525914
vn 0.977961 0.112575 -0.175841
vn 0.873604 -0.457788 -0.165065
vn 0.977961 0.112575 -0.175841
vn 0.950223 -0.006697 0.311499
vn 0.830004 -0.185760 -0.525914
vn 0.873604 -0.457788 -0.165065
vn 0.952165 -0.286840 -0.105379
vn 0.830004 -0.185760 -0.525914
vn 0.952165 -0.286840 -0.105379
vn 0.888002 -0.125472 -0.442391
vn 0.720824 0.624662 0.300350
vn 0.589911 0.772665 0.234507
vn 0.745291 0.590388 0.309812
vn 0.745291 0.590388 0.309812
vn 0.589911 0.772665 0.234507
vn 0.619831 0.755334 0.212793
vn 0.950223 -0.006697 0.311499
vn 0.720824 0.624662 0.300350
vn 0.932853 -0.035780 0.358477
vn 0.932853 -0.035780 0.358477
vn 0.720824 0.624662 0.300350
vn 0.745291 0.590388 0.309812
vn 0.873604 -0.457788 -0.165065
vn 0.950223 -0.006697 0.311499
vn 0.843691 -0.474296 0.251454
vn 0.843691 -0.474296 0.251454
vn 0.950223 -0.006697 0.311499
vn 0.932853 -0.035780 0.358477
vn 0.922639 -0.288179 0.256302
vn 0.952165 -0.286840 -0.105379
vn 0.873604 -0.457788 -0.165065
vn 0.922639 -0.288179 0.256302
vn 0.873604 -0.457788 -0.165065
vn 0.843691 -0.474296 0.251454
vn 0.843691 -0.474296 0.251454
vn 0.932853 -0.035780 0.358477
vn 0.844767 -0.444717 0.297651
vn 0.843691 -0.474296 0.251454
vn 0.844767 -0.444717 0.297651
vn 0.922639 -0.288179 0.256302
vn 0.932853 -0.035780 0.358477
vn 0.745291 0.590388 0.309812
vn 0.979227 -0.093174 0.180092
vn 0.932853 -0.035780 0.358477
vn 0.979227 -0.093174 0.180092
vn 0.844767 -0.444717 0.297651
vn 0.759942 0.638634 0.120972
vn 0.745291 0.590388 0.309812
vn 0.619831 0.755334 0.212793
vn 0.745291 0.590388 0.309812
vn 0.759942 0.638634 0.120972
vn 0.979227 -0.093174 0.180092
vn 0.759942 0.638634 0.120972
vn 0.619831 0.755334 0.212793
vn 0.600276 0.795245 0.085172
vn 0.759942 0.638634 0.120972
vn 0.600276 0.795245 0.085172
vn 0.754912 0.646882 -0.107944
vn 0.754912 0.646882 -0.107944
vn 0.600276 0.795245 0.085172
vn 0.586551 0.802062 -0.112494
vn 0.979227 -0.093174 0.180092
vn 0.759942 0.638634 0.120972
vn 0.978625 -0.195351 -0.064273
vn 0.978625 -0.195351 -0.064273
vn 0.759942 0.638634 0.120972
vn 0.754912 0.646882 -0.107944
vn 0.754441 -0.620609 0.213690
vn 0.844767 -0.444717 0.297651
vn 0.979227 -0.093174 0.180092
vn 0.754441 -0.620609 0.213690
vn 0.979227 -0.093174 0.180092
vn 0.978625 -0.195351 -0.064273
vn 0.844767 -0.444717 0.297651
vn 0.754441 -0.620609 0.213690
vn 0.893620 -0.215212 0.393862
vn 0.844767 -0.444717 0.297651
vn 0.893620 -0.215212 0.393862
vn 0.922639 -0.288179 0.256302
vn 0.754912 0.646882 -0.107944
vn 0.586551 0.802062 -0.112494
vn 0.691418 0.623282 -0.365323
vn 0.691418 0.623282 -0.365323
vn 0.586551 0.802062 -0.112494
vn 0.538471 0.778553 -0.322342
vn 0.978625 -0.195351 -0.064273
vn 0.754912 0.646882 -0.107944
vn 0.915318 -0.220849 -0.336777
vn 0.915318 -0.220849 -0.336777
vn 0.754912 0.646882 -0.107944
vn 0.691418 0.623282 -0.365323
vn 0.754441 -0.620609 0.213690
vn 0.978625 -0.195351 -0.064273
vn 0.689368 -0.721219 0.067932
vn 0.689368 -0.721219 0.067932
vn 0.978625 -0.195351 -0.064273
vn 0.915318 -0.220849 -0.336777
vn 0.824301 -0.429189 0.369223
vn 0.893620 -0.215212 0.393862
vn 0.754441 -0.620609 0.213690
vn 0.824301 -0.429189 0.369223
vn 0.754441 -0.620609 0.213690
vn 0.689368 -0.721219 0.067932
vn 0.871853 0.179313 0.455762
vn 0.922639 -0.288179 0.256302
vn 0.893620 -0.215212 0.393862
vn 0.871853 0.179313 0.455762
vn 0.893620 -0.215212 0.393862
vn 0.824301 -0.429189 0.369223
vn 0.915318 -0.220849 -0.336777
vn 0.691418 0.623282 -0.365323
vn 0.776047 -0.301405 -0.553991
vn 0.582900 0.545598 -0.602121
vn 0.691418 0.623282 -0.365323
vn 0.538471 0.778553 -0.322342
vn 0.691418 0.623282 -0.365323
vn 0.582900 0.545598 -0.602121
vn 0.776047 -0.301405 -0.553991
vn 0.582900 0.545598 -0.602121
vn 0.538471 0.778553 -0.322342
vn 0.459677 0.727054 -0.509990
vn 0.582900 0.545598 -0.602121
vn 0.459677 0.727054 -0.509990
vn 0.391949 0.669635 -0.630844
vn 0.582900 0.545598 -0.602121
vn 0.391949 0.669635 -0.630844
vn 0.512501 0.473000 -0.716668
vn 0.582900 0.545598 -0.602121
vn 0.512501 0.473000 -0.716668
vn 0.776047 -0.301405 -0.553991
vn 0.512501 0.473000 -0.716668
vn 0.391949 0.669635 -0.630844
vn 0.372173 0.613943 -0.696104
vn 0.512501 0.473000 -0.716668
vn 0.372173 0.613943 -0.696104
vn 0.509889 0.380643 -0.771443
vn 0.509889 0.380643 -0.771443
vn 0.372173 0.613943 -0.696104
vn 0.458460 0.575569 -0.677152
vn 0.776047 -0.301405 -0.553991
vn 0.512501 0.473000 -0.716668
vn 0.665361 -0.364599 -0.651430
vn 0.665361 -0.364599 -0.651430
vn 0.512501 0.473000 -0.716668
vn 0.509889 0.380643 -0.771443
vn 0.776047 -0.301405 -0.553991
vn 0.665361 -0.364599 -0.651430
vn 0.521473 -0.793108 -0.314715
vn 0.509889 0.380643 -0.771443
vn 0.458460 0.575569 -0.677152
vn 0.568996 0.325179 -0.755316
vn 0.568996 0.325179 -0.755316
vn 0.458460 0.575569 -0.677152
vn 0.618529 0.315486 -0.719646
vn 0.618529 0.315486 -0.719646
vn 0.458460 0.575569 -0.677152
vn 0.519165 0.576284 -0.631162
vn 0.618529 0.315486 -0.719646
vn 0.519165 0.576284 -0.631162
vn 0.444952 0.560726 -0.698286
vn 0.618529 0.315486 -0.719646
vn 0.444952 0.560726 -0.698286
vn 0.501833 0.377629 -0.778177
vn 0.501833 0.377629 -0.778177
vn 0.444952 0.560726 -0.698286
vn 0.295163 0.531049 -0.794271
vn 0.568996 0.325179 -0.755316
vn 0.618529 0.315486 -0.719646
vn 0.598101 -0.434811 -0.673212
vn 0.509889 0.380643 -0.771443
vn 0.568996 0.325179 -0.755316
vn 0.579140 -0.423291 -0.696722
vn 0.579140 -0.423291 -0.696722
vn 0.568996 0.325179 -0.755316
vn 0.598101 -0.434811 -0.673212
vn 0.509889 0.380643 -0.771443
vn 0.579140 -0.423291 -0.696722
vn 0.593713 -0.412923 -0.690652
vn 0.509889 0.380643 -0.771443
vn 0.593713 -0.412923 -0.690652
vn 0.665361 -0.364599 -0.651430
vn 0.665361 -0.364599 -0.651430
vn 0.593713 -0.412923 -0.690652
vn 0.462743 -0.807976 -0.364751
vn 0.665361 -0.364599 -0.651430
vn 0.462743 -0.807976 -0.364751
vn 0.521473 -0.793108 -0.314715
vn 0.593713 -0.412923 -0.690652
vn 0.579140 -0.423291 -0.696722
vn 0.418338 -0.810649 -0.409684
vn 0.593713 -0.412923 -0.690652
vn 0.418338 -0.810649 -0.409684
vn 0.462743 -0.807976 -0.364751
vn 0.579140 -0.423291 -0.696722
vn 0.598101 -0.434811 -0.673212
vn 0.383457 -0.787610 -0.482319
vn 0.579140 -0.423291 -0.696722
vn 0.383457 -0.787610 -0.482319
vn 0.418338 -0.810649 -0.409684
vn 0.585188 -0.414064 -0.697213
vn 0.598101 -0.434811 -0.673212
vn 0.618529 0.315486 -0.719646
vn 0.585188 -0.414064 -0.697213
vn 0.618529 0.315486 -0.719646
vn 0.501833 0.377629 -0.778177
vn 0.383457 -0.787610 -0.482319
vn 0.598101 -0.434811 -0.673212
vn 0.349368 -0.731530 -0.585497
vn 0.349368 -0.731530 -0.585497
vn 0.598101 -0.434811 -0.673212
vn 0.585188 -0.414064 -0.697213
vn 0.418338 -0.810649 -0.409684
vn 0.383457 -0.787610 -0.482319
vn 0.456307 -0.532583 -0.712839
vn 0.383457 -0.787610 -0.482319
vn 0.349368 -0.731530 -0.585497
vn 0.322678 -0.501011 -0.803036
vn 0.383457 -0.787610 -0.482319
vn 0.322678 -0.501011 -0.803036
vn 0.456307 -0.532583 -0.712839
vn 0.418338 -0.810649 -0.409684
vn 0.456307 -0.532583 -0.712839
vn 0.584587 -0.583754 -0.563462
vn 0.418338 -0.810649 -0.409684
vn 0.584587 -0.583754 -0.563462
vn 0.462743 -0.807976 -0.364751
vn 0.456307 -0.532583 -0.712839
vn 0.322678 -0.501011 -0.803036
vn 0.340340 0.147526 -0.928658
vn 0.462743 -0.807976 -0.364751
vn 0.584587 -0.583754 -0.563462
vn 0.667442 -0.575853 -0.472139
vn 0.462743 -0.807976 -0.364751
vn 0.667442 -0.575853 -0.472139
vn 0.521473 -0.793108 -0.314715
vn 0.584587 -0.583754 -0.563462
vn 0.456307 -0.532583 -0.712839
vn 0.495490 0.243667 -0.833736
vn 0.495490 0.243667 -0.833736
vn 0.456307 -0.532583 -0.712839
vn 0.340340 0.147526 -0.928658
vn 0.667442 -0.575853 -0.472139
vn 0.584587 -0.583754 -0.563462
vn 0.686290 0.154125 -0.710810
vn 0.686290 0.154125 -0.710810
vn 0.584587 -0.583754 -0.563462
vn 0.495490 0.243667 -0.833736
vn 0.521473 -0.793108 -0.314715
vn 0.667442 -0.575853 -0.472139
vn 0.723774 -0.577009 -0.378432
vn 0.667442 -0.575853 -0.472139
vn 0.686290 0.154125 -0.710810
vn 0.801549 0.248688 -0.543759
vn 0.667442 -0.575853 -0.472139
vn 0.801549 0.248688 -0.543759
vn 0.723774 -0.577009 -0.378432
vn 0.801549 0.248688 -0.543759
vn 0.686290 0.154125 -0.710810
vn 0.377261 0.833724 -0.403210
vn 0.377261 0.833724 -0.403210
vn 0.686290 0.154125 -0.710810
vn 0.495490 0.243667 -0.833736
vn 0.495490 0.243667 -0.833736
vn 0.340340 0.147526 -0.928658
vn 0.208205 0.872338 -0.442355
vn 0.495490 0.243667 -0.833736
vn 0.208205 0.872338 -0.442355
vn 0.377261 0.833724 -0.403210
vn 0.208205 0.872338 -0.442355
vn 0.340340 0.147526 -0.928658
vn 0.167154 0.831006 -0.530555
vn 0.801549 0.248688 -0.543759
vn 0.377261 0.833724 -0.403210
vn 0.381497 0.881536 -0.278128
vn 0.377261 0.833724 -0.403210
vn 0.208205 0.872338 -0.442355
vn 0.067190 0.990644 -0.118782
vn 0.377261 0.833724 -0.403210
vn 0.067190 0.990644 -0.118782
vn 0.381497 0.881536 -0.278128
vn 0.067190 0.990644 -0.118782
vn 0.208205 0.872338 -0.442355
vn 0.025067 0.992283 -0.121434
vn 0.025067 0.992283 -0.121434
vn 0.208205 0.872338 -0.442355
vn 0.167154 0.831006 -0.530555
vn 0.801549 0.248688 -0.543759
vn 0.381497 0.881536 -0.278128
vn 0.879672 0.126130 -0.458550
vn 0.801549 0.248688 -0.543759
vn 0.879672 0.126130 -0.458550
vn 0.723774 -0.577009 -0.378432
vn 0.194414 0.236746 -0.951922
vn 0.167154 0.831006 -0.530555
vn 0.340340 0.147526 -0.928658
vn 0.194414 0.236746 -0.951922
vn 0.340340 0.147526 -0.928658
vn 0.322678 -0.501011 -0.803036
vn 0.194414 0.236746 -0.951922
vn 0.322678 -0.501011 -0.803036
vn 0.238908 -0.388721 -0.889842
vn 0.238908 -0.388721 -0.889842
vn 0.322678 -0.501011 -0.803036
vn 0.349368 -0.731530 -0.585497
vn 0.167154 0.831006 -0.530555
vn 0.194414 0.236746 -0.951922
vn 0.087285 0.807187 -0.583807
vn 0.194414 0.236746 -0.951922
vn 0.238908 -0.388721 -0.889842
vn 0.081618 0.287071 -0.954426
vn 0.194414 0.236746 -0.951922
vn 0.081618 0.287071 -0.954426
vn 0.087285 0.807187 -0.583807
vn 0.167154 0.831006 -0.530555
vn 0.087285 0.807187 -0.583807
vn 0.021006 0.975982 -0.216834
vn 0.167154 0.831006 -0.530555
vn 0.021006 0.975982 -0.216834
vn 0.025067 0.992283 -0.121434
vn 0.087285 0.807187 -0.583807
vn 0.081618 0.287071 -0.954426
vn 0.033154 0.797723 -0.602112
vn 0.087285 0.807187 -0.583807
vn 0.033154 0.797723 -0.602112
vn 0.021006 0.975982 -0.216834
vn 0.238908 -0.388721 -0.889842
vn 0.349368 -0.731530 -0.585497
vn 0.289140 -0.632179 -0.718852
vn 0.289140 -0.632179 -0.718852
vn 0.349368 -0.731530 -0.585497
vn 0.585188 -0.414064 -0.697213
vn 0.120005 -0.244236 -0.962262
vn 0.081618 0.287071 -0.954426
vn 0.238908 -0.388721 -0.889842
vn 0.120005 -0.244236 -0.962262
vn 0.238908 -0.388721 -0.889842
vn 0.289140 -0.632179 -0.718852
vn 0.033154 0.797723 -0.602112
vn 0.081618 0.287071 -0.954426
vn -0.097693 0.308011 -0.946354
vn -0.097693 0.308011 -0.946354
vn 0.081618 0.287071 -0.954426
vn 0.120005 -0.244236 -0.962262
vn 0.289140 -0.632179 -0.718852
vn 0.585188 -0.414064 -0.697213
vn 0.496779 -0.239998 -0.834033
vn 0.496779 -0.239998 -0.834033
vn 0.585188 -0.414064 -0.697213
vn 0.501833 0.377629 -0.778177
vn 0.120005 -0.244236 -0.962262
vn 0.289140 -0.632179 -0.718852
vn 0.157732 -0.451943 -0.877991
vn 0.157732 -0.451943 -0.877991
vn 0.289140 -0.632179 -0.718852
vn 0.496779 -0.239998 -0.834033
vn 0.496779 -0.239998 -0.834033
vn 0.501833 0.377629 -0.778177
vn 0.299617 -0.101877 -0.948604
vn 0.496779 -0.239998 -0.834033
vn 0.299617 -0.101877 -0.948604
vn 0.157732 -0.451943 -0.877991
vn 0.299617 -0.101877 -0.948604
vn 0.501833 0.377629 -0.778177
vn 0.297279 0.423346 -0.855805
vn 0.297279 0.423346 -0.855805
vn 0.501833 0.377629 -0.778177
vn 0.295163 0.531049 -0.794271
vn 0.297279 0.423346 -0.855805
vn 0.295163 0.531049 -0.794271
vn 0.128408 0.521762 -0.843372
vn 0.297279 0.423346 -0.855805
vn 0.128408 0.521762 -0.843372
vn 0.101301 0.459008 -0.882638
vn 0.297279 0.423346 -0.855805
vn 0.101301 0.459008 -0.882638
vn 0.299617 -0.101877 -0.948604
vn 0.101301 0.459008 -0.882638
vn 0.128408 0.521762 -0.843372
vn -0.010928 0.525859 -0.850502
vn 0.157732 -0.451943 -0.877991
vn 0.299617 -0.101877 -0.948604
vn 0.109484 0.055291 -0.992450
vn 0.109484 0.055291 -0.992450
vn 0.299617 -0.101877 -0.948604
vn 0.101301 0.459008 -0.882638
vn 0.101301 0.459008 -0.882638
vn -0.010928 0.525859 -0.850502
vn -0.063127 0.508574 -0.858701
vn 0.157732 -0.451943 -0.877991
vn 0.109484 0.055291 -0.992450
vn -0.035662 -0.215830 -0.975779
vn -0.082787 -0.130358 -0.988005
vn 0.120005 -0.244236 -0.962262
vn 0.157732 -0.451943 -0.877991
vn -0.082787 -0.130358 -0.988005
vn 0.157732 -0.451943 -0.877991
vn -0.035662 -0.215830 -0.975779
vn 0.120005 -0.244236 -0.962262
vn -0.082787 -0.130358 -0.988005
vn -0.097693 0.308011 -0.946354
vn -0.035662 -0.215830 -0.975779
vn 0.109484 0.055291 -0.992450
vn -0.081229 0.280913 -0.956289
vn -0.081229 0.280913 -0.956289
vn 0.109484 0.055291 -0.992450
vn 0.101301 0.459008 -0.882638
vn -0.082787 -0.130358 -0.988005
vn -0.035662 -0.215830 -0.975779
vn -0.289697 -0.017378 -0.956961
vn -0.082787 -0.130358 -0.988005
vn -0.289697 -0.017378 -0.956961
vn -0.097693 0.308011 -0.946354
vn -0.035662 -0.215830 -0.975779
vn -0.081229 0.280913 -0.956289
vn -0.274488 0.069142 -0.959102
vn -0.035662 -0.215830 -0.975779
vn -0.274488 0.069142 -0.959102
vn -0.289697 -0.017378 -0.956961
vn -0.081229 0.280913 -0.956289
vn 0.101301 0.459008 -0.882638
vn -0.116038 0.518558 -0.847132
vn -0.116038 0.518558 -0.847132
vn 0.101301 0.459008 -0.882638
vn -0.063127 0.508574 -0.858701
vn -0.274488 0.069142 -0.959102
vn -0.081229 0.280913 -0.956289
vn -0.280868 0.487868 -0.826498
vn -0.280868 0.487868 -0.826498
vn -0.081229 0.280913 -0.956289
vn -0.116038 0.518558 -0.847132
vn -0.289697 -0.017378 -0.956961
vn -0.274488 0.069142 -0.959102
vn -0.468791 0.097392 -0.877923
vn -0.116038 0.518558 -0.847132
vn -0.063127 0.508574 -0.858701
vn -0.269920 0.580185 -0.768458
vn -0.269920 0.580185 -0.768458
vn -0.063127 0.508574 -0.858701
vn -0.149078 0.517940 -0.842327
vn -0.280868 0.487868 -0.826498
vn -0.116038 0.518558 -0.847132
vn -0.309999 0.617408 -0.722985
vn -0.309999 0.617408 -0.722985
vn -0.116038 0.518558 -0.847132
vn -0.269920 0.580185 -0.768458
vn -0.269920 0.580185 -0.768458
vn -0.149078 0.517940 -0.842327
vn -0.335179 0.498200 -0.799658
vn -0.269920 0.580185 -0.768458
vn -0.335179 0.498200 -0.799658
vn -0.548139 0.516044 -0.658211
vn -0.548139 0.516044 -0.658211
vn -0.335179 0.498200 -0.799658
vn -0.464481 0.478593 -0.745122
vn -0.548139 0.516044 -0.658211
vn -0.464481 0.478593 -0.745122
vn -0.610307 0.448022 -0.653301
vn -0.269920 0.580185 -0.768458
vn -0.548139 0.516044 -0.658211
vn -0.486398 0.559433 -0.671157
vn -0.269920 0.580185 -0.768458
vn -0.486398 0.559433 -0.671157
vn -0.309999 0.617408 -0.722985
vn -0.548139 0.516044 -0.658211
vn -0.610307 0.448022 -0.653301
vn -0.741597 0.457866 -0.490298
vn -0.741597 0.457866 -0.490298
vn -0.610307 0.448022 -0.653301
vn -0.659813 0.491300 -0.568569
vn -0.741597 0.457866 -0.490298
vn -0.659813 0.491300 -0.568569
vn -0.775338 0.406068 -0.483694
vn -0.741597 0.457866 -0.490298
vn -0.775338 0.406068 -0.483694
vn -0.795793 0.434429 -0.421883
vn -0.548139 0.516044 -0.658211
vn -0.741597 0.457866 -0.490298
vn -0.669739 0.465591 -0.578510
vn -0.548139 0.516044 -0.658211
vn -0.669739 0.465591 -0.578510
vn -0.486398 0.559433 -0.671157
vn -0.741597 0.457866 -0.490298
vn -0.795793 0.434429 -0.421883
vn -0.788655 0.461836 -0.405870
vn -0.788655 0.461836 -0.405870
vn -0.795793 0.434429 -0.421883
vn -0.769352 0.458867 -0.444452
vn -0.669739 0.465591 -0.578510
vn -0.741597 0.457866 -0.490298
vn -0.771663 0.422906 -0.475065
vn -0.771663 0.422906 -0.475065
vn -0.741597 0.457866 -0.490298
vn -0.788655 0.461836 -0.405870
vn -0.669739 0.465591 -0.578510
vn -0.771663 0.422906 -0.475065
vn -0.730157 -0.013359 -0.683149
vn -0.788655 0.461836 -0.405870
vn -0.769352 0.458867 -0.444452
vn -0.769352 0.458867 -0.444452
vn -0.769352 0.458867 -0.444452
vn -0.769352 0.458867 -0.444452
vn -0.744055 0.446606 -0.496915
vn -0.771663 0.422906 -0.475065
vn -0.788655 0.461836 -0.405870
vn -0.811058 0.404686 -0.422391
vn -0.811058 0.404686 -0.422391
vn -0.788655 0.461836 -0.405870
vn -0.769352 0.458867 -0.444452
vn -0.771663 0.422906 -0.475065
vn -0.811058 0.404686 -0.422391
vn -0.856633 0.002468 -0.515920
vn -0.771663 0.422906 -0.475065
vn -0.856633 0.002468 -0.515920
vn -0.730157 -0.013359 -0.683149
vn -0.811058 0.404686 -0.422391
vn -0.769352 0.458867 -0.444452
vn -0.804453 0.364393 -0.469120
vn -0.769352 0.458867 -0.444452
vn -0.744055 0.446606 -0.496915
vn -0.810649 0.361403 -0.460691
vn -0.769352 0.458867 -0.444452
vn -0.810649 0.361403 -0.460691
vn -0.804453 0.364393 -0.469120
vn -0.810649 0.361403 -0.460691
vn -0.744055 0.446606 -0.496915
vn -0.761885 0.473599 -0.441855
vn -0.810649 0.361403 -0.460691
vn -0.761885 0.473599 -0.441855
vn -0.810589 0.490203 -0.320384
vn -0.811058 0.404686 -0.422391
vn -0.804453 0.364393 -0.469120
vn -0.885308 -0.011341 -0.464866
vn -0.811058 0.404686 -0.422391
vn -0.885308 -0.011341 -0.464866
vn -0.856633 0.002468 -0.515920
vn -0.804453 0.364393 -0.469120
vn -0.810649 0.361403 -0.460691
vn -0.860909 -0.014737 -0.508546
vn -0.804453 0.364393 -0.469120
vn -0.860909 -0.014737 -0.508546
vn -0.885308 -0.011341 -0.464866
vn -0.810649 0.361403 -0.460691
vn -0.810589 0.490203 -0.320384
vn -0.868339 0.375497 -0.324022
vn -0.868339 0.375497 -0.324022
vn -0.810589 0.490203 -0.320384
vn -0.829023 0.492089 -0.265649
vn -0.868339 0.375497 -0.324022
vn -0.829023 0.492089 -0.265649
vn -0.840311 0.508494 -0.187916
vn -0.810649 0.361403 -0.460691
vn -0.868339 0.375497 -0.324022
vn -0.874370 -0.074178 -0.479556
vn -0.810649 0.361403 -0.460691
vn -0.874370 -0.074178 -0.479556
vn -0.860909 -0.014737 -0.508546
vn -0.868339 0.375497 -0.324022
vn -0.840311 0.508494 -0.187916
vn -0.914344 0.364433 -0.176531
vn -0.885308 -0.011341 -0.464866
vn -0.860909 -0.014737 -0.508546
vn -0.843354 -0.213141 -0.493280
vn -0.843354 -0.213141 -0.493280
vn -0.860909 -0.014737 -0.508546
vn -0.874370 -0.074178 -0.479556
vn -0.914344 0.364433 -0.176531
vn -0.840311 0.508494 -0.187916
vn -0.853723 0.507220 -0.117838
vn -0.874370 -0.074178 -0.479556
vn -0.868339 0.375497 -0.324022
vn -0.941397 -0.090360 -0.324973
vn -0.941397 -0.090360 -0.324973
vn -0.868339 0.375497 -0.324022
vn -0.914344 0.364433 -0.176531
vn -0.914344 0.364433 -0.176531
vn -0.853723 0.507220 -0.117838
vn -0.920242 0.388987 -0.042929
vn -0.920242 0.388987 -0.042929
vn -0.853723 0.507220 -0.117838
vn -0.860308 0.508263 -0.039226
vn -0.920242 0.388987 -0.042929
vn -0.860308 0.508263 -0.039226
vn -0.866954 0.496184 0.046821
vn -0.914344 0.364433 -0.176531
vn -0.920242 0.388987 -0.042929
vn -0.981012 -0.105732 -0.162590
vn -0.914344 0.364433 -0.176531
vn -0.981012 -0.105732 -0.162590
vn -0.941397 -0.090360 -0.324973
vn -0.920242 0.388987 -0.042929
vn -0.866954 0.496184 0.046821
vn -0.906262 0.386082 0.172135
vn -0.906262 0.386082 0.172135
vn -0.866954 0.496184 0.046821
vn -0.863969 0.485301 0.134315
vn -0.906262 0.386082 0.172135
vn -0.863969 0.485301 0.134315
vn -0.821527 0.461514 0.334812
vn -0.981012 -0.105732 -0.162590
vn -0.920242 0.388987 -0.042929
vn -0.995245 -0.097391 0.001537
vn -0.995245 -0.097391 0.001537
vn -0.920242 0.388987 -0.042929
vn -0.906262 0.386082 0.172135
vn -0.941397 -0.090360 -0.324973
vn -0.981012 -0.105732 -0.162590
vn -0.920830 -0.238939 -0.308187
vn -0.842779 -0.277861 -0.460995
vn -0.874370 -0.074178 -0.479556
vn -0.941397 -0.090360 -0.324973
vn -0.842779 -0.277861 -0.460995
vn -0.941397 -0.090360 -0.324973
vn -0.920830 -0.238939 -0.308187
vn -0.874370 -0.074178 -0.479556
vn -0.842779 -0.277861 -0.460995
vn -0.843354 -0.213141 -0.493280
vn -0.920830 -0.238939 -0.308187
vn -0.981012 -0.105732 -0.162590
vn -0.949232 -0.283690 -0.135935
vn -0.949232 -0.283690 -0.135935
vn -0.981012 -0.105732 -0.162590
vn -0.995245 -0.097391 0.001537
vn -0.842779 -0.277861 -0.460995
vn -0.920830 -0.238939 -0.308187
vn -0.881950 0.020993 -0.470874
vn -0.920830 -0.238939 -0.308187
vn -0.949232 -0.283690 -0.135935
vn -0.948219 0.063913 -0.311120
vn -0.920830 -0.238939 -0.308187
vn -0.948219 0.063913 -0.311120
vn -0.881950 0.020993 -0.470874
vn -0.843354 -0.213141 -0.493280
vn -0.842779 -0.277861 -0.460995
vn -0.860311 -0.022316 -0.509281
vn -0.860311 -0.022316 -0.509281
vn -0.842779 -0.277861 -0.460995
vn -0.881950 0.020993 -0.470874
vn -0.860311 -0.022316 -0.509281
vn -0.881950 0.020993 -0.470874
vn -0.750933 0.535565 -0.386354
vn -0.750933 0.535565 -0.386354
vn -0.881950 0.020993 -0.470874
vn -0.948219 0.063913 -0.311120
vn -0.843354 -0.213141 -0.493280
vn -0.860311 -0.022316 -0.509281
vn -0.881950 0.020993 -0.470874
vn -0.939141 -0.343425 -0.008588
vn -0.949232 -0.283690 -0.135935
vn -0.995245 -0.097391 0.001537
vn -0.984265 0.065779 -0.164001
vn -0.948219 0.063913 -0.311120
vn -0.949232 -0.283690 -0.135935
vn -0.984265 0.065779 -0.164001
vn -0.949232 -0.283690 -0.135935
vn -0.939141 -0.343425 -0.008588
vn -0.939141 -0.343425 -0.008588
vn -0.995245 -0.097391 0.001537
vn -0.979395 -0.063071 0.191854
vn -0.979395 -0.063071 0.191854
vn -0.995245 -0.097391 0.001537
vn -0.906262 0.386082 0.172135
vn -0.948219 0.063913 -0.311120
vn -0.984265 0.065779 -0.164001
vn -0.767247 0.585284 -0.262249
vn -0.948219 0.063913 -0.311120
vn -0.767247 0.585284 -0.262249
vn -0.750933 0.535565 -0.386354
vn -0.939141 -0.343425 -0.008588
vn -0.979395 -0.063071 0.191854
vn -0.918941 -0.357548 0.166452
vn -0.984265 0.065779 -0.164001
vn -0.939141 -0.343425 -0.008588
vn -0.998280 -0.050120 -0.030401
vn -0.998280 -0.050120 -0.030401
vn -0.939141 -0.343425 -0.008588
vn -0.918941 -0.357548 0.166452
vn -0.767247 0.585284 -0.262249
vn -0.984265 0.065779 -0.164001
vn -0.794080 0.590069 -0.145795
vn -0.794080 0.590069 -0.145795
vn -0.984265 0.065779 -0.164001
vn -0.998280 -0.050120 -0.030401
vn -0.750933 0.535565 -0.386354
vn -0.767247 0.585284 -0.262249
vn -0.357683 0.926521 -0.116707
vn -0.357683 0.926521 -0.116707
vn -0.767247 0.585284 -0.262249
vn -0.794080 0.590069 -0.145795
vn -0.794080 0.590069 -0.145795
vn -0.998280 -0.050120 -0.030401
vn -0.792027 0.610186 -0.019155
vn -0.891257 -0.171072 0.419994
vn -0.979395 -0.063071 0.191854
vn -0.906262 0.386082 0.172135
vn -0.979395 -0.063071 0.191854
vn -0.891257 -0.171072 0.419994
vn -0.918941 -0.357548 0.166452
vn -0.891257 -0.171072 0.419994
vn -0.906262 0.386082 0.172135
vn -0.862925 0.303839 0.403785
vn -0.862925 0.303839 0.403785
vn -0.906262 0.386082 0.172135
vn -0.821527 0.461514 0.334812
vn -0.981291 -0.023071 0.191143
vn -0.998280 -0.050120 -0.030401
vn -0.918941 -0.357548 0.166452
vn -0.998280 -0.050120 -0.030401
vn -0.981291 -0.023071 0.191143
vn -0.792027 0.610186 -0.019155
vn -0.862925 0.303839 0.403785
vn -0.821527 0.461514 0.334812
vn -0.747694 0.421104 0.513445
vn -0.747694 0.421104 0.513445
vn -0.821527 0.461514 0.334812
vn -0.755979 0.426225 0.496818
vn -0.862925 0.303839 0.403785
vn -0.747694 0.421104 0.513445
vn -0.786557 0.295458 0.542248
vn -0.747694 0.421104 0.513445
vn -0.755979 0.426225 0.496818
vn -0.697581 0.397035 0.596443
vn -0.697581 0.397035 0.596443
vn -0.755979 0.426225 0.496818
vn -0.701602 0.412552 0.580996
vn -0.697581 0.397035 0.596443
vn -0.701602 0.412552 0.580996
vn -0.696281 0.383308 0.606851
vn -0.747694 0.421104 0.513445
vn -0.697581 0.397035 0.596443
vn -0.719547 0.261123 0.643480
vn -0.747694 0.421104 0.513445
vn -0.719547 0.261123 0.643480
vn -0.786557 0.295458 0.542248
vn -0.697581 0.397035 0.596443
vn -0.696281 0.383308 0.606851
vn -0.733172 0.412282 0.540816
vn -0.862925 0.303839 0.403785
vn -0.786557 0.295458 0.542248
vn -0.788508 -0.153326 0.595606
vn -0.788508 -0.153326 0.595606
vn -0.786557 0.295458 0.542248
vn -0.719547 0.261123 0.643480
vn -0.862925 0.303839 0.403785
vn -0.788508 -0.153326 0.595606
vn -0.891257 -0.171072 0.419994
vn -0.719547 0.261123 0.643480
vn -0.697581 0.397035 0.596443
vn -0.722239 0.275811 0.634270
vn -0.722239 0.275811 0.634270
vn -0.697581 0.397035 0.596443
vn -0.733172 0.412282 0.540816
vn -0.733172 0.412282 0.540816
vn -0.696281 0.383308 0.606851
vn -0.728535 0.402796 0.554069
vn -0.719547 0.261123 0.643480
vn -0.722239 0.275811 0.634270
vn -0.726744 -0.084814 0.681653
vn -0.719547 0.261123 0.643480
vn -0.726744 -0.084814 0.681653
vn -0.788508 -0.153326 0.595606
vn -0.722239 0.275811 0.634270
vn -0.733172 0.412282 0.540816
vn -0.776047 0.301405 0.553991
vn -0.891257 -0.171072 0.419994
vn -0.788508 -0.153326 0.595606
vn -0.854736 -0.341419 0.390973
vn -0.891257 -0.171072 0.419994
vn -0.854736 -0.341419 0.390973
vn -0.918941 -0.357548 0.166452
vn -0.726744 -0.084814 0.681653
vn -0.722239 0.275811 0.634270
vn -0.733996 -0.087058 0.673551
vn -0.733996 -0.087058 0.673551
vn -0.722239 0.275811 0.634270
vn -0.776047 0.301405 0.553991
vn -0.788508 -0.153326 0.595606
vn -0.726744 -0.084814 0.681653
vn -0.702928 -0.233739 0.671758
vn -0.726744 -0.084814 0.681653
vn -0.733996 -0.087058 0.673551
vn -0.711078 -0.194887 0.675564
vn -0.726744 -0.084814 0.681653
vn -0.711078 -0.194887 0.675564
vn -0.702928 -0.233739 0.671758
vn -0.854736 -0.341419 0.390973
vn -0.788508 -0.153326 0.595606
vn -0.774882 -0.289676 0.561824
vn -0.774882 -0.289676 0.561824
vn -0.788508 -0.153326 0.595606
vn -0.702928 -0.233739 0.671758
vn -0.918372 0.041879 0.393496
vn -0.918941 -0.357548 0.166452
vn -0.854736 -0.341419 0.390973
vn -0.918941 -0.357548 0.166452
vn -0.918372 0.041879 0.393496
vn -0.981291 -0.023071 0.191143
vn -0.854736 -0.341419 0.390973
vn -0.774882 -0.289676 0.561824
vn -0.810566 0.045295 0.583894
vn -0.854736 -0.341419 0.390973
vn -0.810566 0.045295 0.583894
vn -0.918372 0.041879 0.393496
vn -0.774882 -0.289676 0.561824
vn -0.702928 -0.233739 0.671758
vn -0.727373 0.047033 0.684629
vn -0.774882 -0.289676 0.561824
vn -0.727373 0.047033 0.684629
vn -0.810566 0.045295 0.583894
vn -0.918372 0.041879 0.393496
vn -0.810566 0.045295 0.583894
vn -0.638576 0.624287 0.449984
vn -0.638576 0.624287 0.449984
vn -0.810566 0.045295 0.583894
vn -0.727373 0.047033 0.684629
vn -0.981291 -0.023071 0.191143
vn -0.918372 0.041879 0.393496
vn -0.676680 0.676887 0.289702
vn -0.676680 0.676887 0.289702
vn -0.918372 0.041879 0.393496
vn -0.638576 0.624287 0.449984
vn -0.981291 -0.023071 0.191143
vn -0.676680 0.676887 0.289702
vn -0.759879 0.630883 0.156753
vn -0.981291 -0.023071 0.191143
vn -0.759879 0.630883 0.156753
vn -0.792027 0.610186 -0.019155
vn -0.759879 0.630883 0.156753
vn -0.676680 0.676887 0.289702
vn -0.295465 0.953417 0.060804
vn -0.759879 0.630883 0.156753
vn -0.295465 0.953417 0.060804
vn -0.792027 0.610186 -0.019155
vn -0.676680 0.676887 0.289702
vn -0.638576 0.624287 0.449984
vn -0.283041 0.949760 0.133581
vn -0.676680 0.676887 0.289702
vn -0.283041 0.949760 0.133581
vn -0.295465 0.953417 0.060804
vn -0.792027 0.610186 -0.019155
vn -0.295465 0.953417 0.060804
vn -0.299584 0.954067 -0.002315
vn -0.283041 0.949760 0.133581
vn -0.638576 0.624287 0.449984
vn -0.291741 0.930930 0.219675
vn -0.299584 0.954067 -0.002315
vn -0.295465 0.953417 0.060804
vn -0.361110 0.932182 0.025215
vn -0.792027 0.610186 -0.019155
vn -0.299584 0.954067 -0.002315
vn -0.370001 0.926932 -0.062418
vn -0.370001 0.926932 -0.062418
vn -0.299584 0.954067 -0.002315
vn -0.361110 0.932182 0.025215
vn -0.792027 0.610186 -0.019155
vn -0.370001 0.926932 -0.062418
vn -0.794080 0.590069 -0.145795
vn -0.794080 0.590069 -0.145795
vn -0.370001 0.926932 -0.062418
vn -0.357683 0.926521 -0.116707
vn -0.350195 0.928846 0.120866
vn -0.295465 0.953417 0.060804
vn -0.283041 0.949760 0.133581
vn -0.295465 0.953417 0.060804
vn -0.350195 0.928846 0.120866
vn -0.361110 0.932182 0.025215
vn -0.350195 0.928846 0.120866
vn -0.283041 0.949760 0.133581
vn -0.343748 0.919335 0.191472
vn -0.343748 0.919335 0.191472
vn -0.283041 0.949760 0.133581
vn -0.291741 0.930930 0.219675
vn -0.357683 0.926521 -0.116707
vn -0.370001 0.926932 -0.062418
vn -0.334041 0.941527 -0.044086
vn -0.334041 0.941527 -0.044086
vn -0.370001 0.926932 -0.062418
vn -0.361110 0.932182 0.025215
vn -0.357683 0.926521 -0.116707
vn -0.334041 0.941527 -0.044086
vn -0.356053 0.925065 -0.132214
vn -0.361110 0.932182 0.025215
vn -0.350195 0.928846 0.120866
vn -0.733551 0.676662 0.063495
vn -0.334041 0.941527 -0.044086
vn -0.361110 0.932182 0.025215
vn -0.712959 0.696006 -0.085236
vn -0.712959 0.696006 -0.085236
vn -0.361110 0.932182 0.025215
vn -0.733551 0.676662 0.063495
vn -0.733551 0.676662 0.063495
vn -0.350195 0.928846 0.120866
vn -0.694293 0.659940 0.287118
vn -0.694293 0.659940 0.287118
vn -0.350195 0.928846 0.120866
vn -0.343748 0.919335 0.191472
vn -0.712959 0.696006 -0.085236
vn -0.733551 0.676662 0.063495
vn -0.933742 0.341718 -0.106559
vn -0.334041 0.941527 -0.044086
vn -0.712959 0.696006 -0.085236
vn -0.699479 0.680387 -0.218638
vn -0.334041 0.941527 -0.044086
vn -0.699479 0.680387 -0.218638
vn -0.356053 0.925065 -0.132214
vn -0.699479 0.680387 -0.218638
vn -0.712959 0.696006 -0.085236
vn -0.890318 0.367341 -0.269062
vn -0.890318 0.367341 -0.269062
vn -0.712959 0.696006 -0.085236
vn -0.933742 0.341718 -0.106559
vn -0.933742 0.341718 -0.106559
vn -0.733551 0.676662 0.063495
vn -0.930296 0.350947 0.106707
vn -0.930296 0.350947 0.106707
vn -0.733551 0.676662 0.063495
vn -0.694293 0.659940 0.287118
vn -0.890318 0.367341 -0.269062
vn -0.933742 0.341718 -0.106559
vn -0.867427 0.424131 -0.260159
vn -0.699479 0.680387 -0.218638
vn -0.890318 0.367341 -0.269062
vn -0.824126 0.417057 -0.383249
vn -0.824126 0.417057 -0.383249
vn -0.890318 0.367341 -0.269062
vn -0.867427 0.424131 -0.260159
vn -0.652269 0.688405 -0.317245
vn -0.356053 0.925065 -0.132214
vn -0.699479 0.680387 -0.218638
vn -0.652269 0.688405 -0.317245
vn -0.699479 0.680387 -0.218638
vn -0.824126 0.417057 -0.383249
vn -0.356053 0.925065 -0.132214
vn -0.652269 0.688405 -0.317245
vn -0.357521 0.914912 -0.187392
vn -0.652269 0.688405 -0.317245
vn -0.824126 0.417057 -0.383249
vn -0.775499 0.387659 -0.498319
vn -0.652269 0.688405 -0.317245
vn -0.775499 0.387659 -0.498319
vn -0.598948 0.693569 -0.400279
vn -0.652269 0.688405 -0.317245
vn -0.598948 0.693569 -0.400279
vn -0.357521 0.914912 -0.187392
vn -0.775499 0.387659 -0.498319
vn -0.824126 0.417057 -0.383249
vn -0.763680 0.400405 -0.506427
vn -0.598948 0.693569 -0.400279
vn -0.775499 0.387659 -0.498319
vn -0.648556 0.361506 -0.669842
vn -0.648556 0.361506 -0.669842
vn -0.775499 0.387659 -0.498319
vn -0.763680 0.400405 -0.506427
vn -0.763680 0.400405 -0.506427
vn -0.824126 0.417057 -0.383249
vn -0.762240 0.535003 -0.364365
vn -0.762240 0.535003 -0.364365
vn -0.824126 0.417057 -0.383249
vn -0.867427 0.424131 -0.260159
vn -0.388061 0.903409 -0.182378
vn -0.356053 0.925065 -0.132214
vn -0.357521 0.914912 -0.187392
vn -0.356053 0.925065 -0.132214
vn -0.388061 0.903409 -0.182378
vn -0.357683 0.926521 -0.116707
vn -0.357683 0.926521 -0.116707
vn -0.388061 0.903409 -0.182378
vn -0.750933 0.535565 -0.386354
vn -0.750933 0.535565 -0.386354
vn -0.388061 0.903409 -0.182378
vn -0.741818 0.537307 -0.401257
vn -0.750933 0.535565 -0.386354
vn -0.741818 0.537307 -0.401257
vn -0.860311 -0.022316 -0.509281
vn -0.860311 -0.022316 -0.509281
vn -0.741818 0.537307 -0.401257
vn -0.881950 0.020993 -0.470874
vn -0.741818 0.537307 -0.401257
vn -0.388061 0.903409 -0.182378
vn -0.348253 0.915337 -0.202184
vn -0.348253 0.915337 -0.202184
vn -0.388061 0.903409 -0.182378
vn -0.357521 0.914912 -0.187392
vn -0.881950 0.020993 -0.470874
vn -0.741818 0.537307 -0.401257
vn -0.668520 0.623998 -0.404608
vn -0.668520 0.623998 -0.404608
vn -0.741818 0.537307 -0.401257
vn -0.348253 0.915337 -0.202184
vn -0.348253 0.915337 -0.202184
vn -0.357521 0.914912 -0.187392
vn -0.322530 0.917535 -0.232604
vn -0.322530 0.917535 -0.232604
vn -0.357521 0.914912 -0.187392
vn -0.598948 0.693569 -0.400279
vn -0.668520 0.623998 -0.404608
vn -0.348253 0.915337 -0.202184
vn -0.286370 0.931815 -0.222964
vn -0.286370 0.931815 -0.222964
vn -0.348253 0.915337 -0.202184
vn -0.322530 0.917535 -0.232604
vn -0.322530 0.917535 -0.232604
vn -0.598948 0.693569 -0.400279
vn -0.519905 0.650079 -0.554163
vn -0.286370 0.931815 -0.222964
vn -0.322530 0.917535 -0.232604
vn -0.261671 0.919852 -0.292232
vn -0.261671 0.919852 -0.292232
vn -0.322530 0.917535 -0.232604
vn -0.519905 0.650079 -0.554163
vn -0.519905 0.650079 -0.554163
vn -0.598948 0.693569 -0.400279
vn -0.648556 0.361506 -0.669842
vn -0.668520 0.623998 -0.404608
vn -0.286370 0.931815 -0.222964
vn -0.546195 0.655305 -0.521773
vn -0.519905 0.650079 -0.554163
vn -0.648556 0.361506 -0.669842
vn -0.475827 0.409829 -0.778221
vn -0.851201 0.086791 -0.517613
vn -0.881950 0.020993 -0.470874
vn -0.668520 0.623998 -0.404608
vn -0.851201 0.086791 -0.517613
vn -0.668520 0.623998 -0.404608
vn -0.546195 0.655305 -0.521773
vn -0.881950 0.020993 -0.470874
vn -0.851201 0.086791 -0.517613
vn -0.863599 -0.234229 -0.446467
vn -0.881950 0.020993 -0.470874
vn -0.863599 -0.234229 -0.446467
vn -0.843354 -0.213141 -0.493280
vn -0.843354 -0.213141 -0.493280
vn -0.863599 -0.234229 -0.446467
vn -0.885308 -0.011341 -0.464866
vn -0.885308 -0.011341 -0.464866
vn -0.863599 -0.234229 -0.446467
vn -0.856633 0.002468 -0.515920
vn -0.856633 0.002468 -0.515920
vn -0.863599 -0.234229 -0.446467
vn -0.825268 -0.233181 -0.514352
vn -0.825268 -0.233181 -0.514352
vn -0.863599 -0.234229 -0.446467
vn -0.851201 0.086791 -0.517613
vn -0.856633 0.002468 -0.515920
vn -0.825268 -0.233181 -0.514352
vn -0.730157 -0.013359 -0.683149
vn -0.825268 -0.233181 -0.514352
vn -0.851201 0.086791 -0.517613
vn -0.709215 0.147681 -0.689351
vn -0.709215 0.147681 -0.689351
vn -0.851201 0.086791 -0.517613
vn -0.546195 0.655305 -0.521773
vn -0.730157 -0.013359 -0.683149
vn -0.825268 -0.233181 -0.514352
vn -0.679715 -0.277682 -0.678882
vn -0.679715 -0.277682 -0.678882
vn -0.825268 -0.233181 -0.514352
vn -0.709215 0.147681 -0.689351
vn -0.709215 0.147681 -0.689351
vn -0.546195 0.655305 -0.521773
vn -0.454385 0.184428 -0.871505
vn -0.709215 0.147681 -0.689351
vn -0.454385 0.184428 -0.871505
vn -0.679715 -0.277682 -0.678882
vn -0.679715 -0.277682 -0.678882
vn -0.454385 0.184428 -0.871505
vn -0.462242 -0.162783 -0.871685
vn -0.679715 -0.277682 -0.678882
vn -0.462242 -0.162783 -0.871685
vn -0.730157 -0.013359 -0.683149
vn -0.454385 0.184428 -0.871505
vn -0.546195 0.655305 -0.521773
vn -0.372448 0.653013 -0.659436
vn -0.730157 -0.013359 -0.683149
vn -0.462242 -0.162783 -0.871685
vn -0.524369 0.164718 -0.835407
vn -0.730157 -0.013359 -0.683149
vn -0.524369 0.164718 -0.835407
vn -0.669739 0.465591 -0.578510
vn -0.669739 0.465591 -0.578510
vn -0.524369 0.164718 -0.835407
vn -0.486398 0.559433 -0.671157
vn -0.462242 -0.162783 -0.871685
vn -0.454385 0.184428 -0.871505
vn -0.283096 0.149747 -0.947329
vn -0.283096 0.149747 -0.947329
vn -0.454385 0.184428 -0.871505
vn -0.372448 0.653013 -0.659436
vn -0.524369 0.164718 -0.835407
vn -0.462242 -0.162783 -0.871685
vn -0.283707 -0.040087 -0.958073
vn -0.283707 -0.040087 -0.958073
vn -0.462242 -0.162783 -0.871685
vn -0.283096 0.149747 -0.947329
vn -0.486398 0.559433 -0.671157
vn -0.524369 0.164718 -0.835407
vn -0.352375 0.319568 -0.879607
vn -0.352375 0.319568 -0.879607
vn -0.524369 0.164718 -0.835407
vn -0.283707 -0.040087 -0.958073
vn -0.486398 0.559433 -0.671157
vn -0.352375 0.319568 -0.879607
vn -0.309999 0.617408 -0.722985
vn -0.283707 -0.040087 -0.958073
vn -0.283096 0.149747 -0.947329
vn -0.330267 0.036515 -0.943181
vn -0.283707 -0.040087 -0.958073
vn -0.330267 0.036515 -0.943181
vn -0.352375 0.319568 -0.879607
vn -0.283096 0.149747 -0.947329
vn -0.372448 0.653013 -0.659436
vn -0.250417 0.641149 -0.725410
vn -0.352375 0.319568 -0.879607
vn -0.330267 0.036515 -0.943181
vn -0.359566 0.417818 -0.834350
vn -0.352375 0.319568 -0.879607
vn -0.359566 0.417818 -0.834350
vn -0.309999 0.617408 -0.722985
vn -0.330267 0.036515 -0.943181
vn -0.283096 0.149747 -0.947329
vn -0.298941 0.177389 -0.937639
vn -0.298941 0.177389 -0.937639
vn -0.283096 0.149747 -0.947329
vn -0.250417 0.641149 -0.725410
vn -0.359566 0.417818 -0.834350
vn -0.330267 0.036515 -0.943181
vn -0.465479 0.114677 -0.877598
vn -0.465479 0.114677 -0.877598
vn -0.330267 0.036515 -0.943181
vn -0.298941 0.177389 -0.937639
vn -0.309999 0.617408 -0.722985
vn -0.359566 0.417818 -0.834350
vn -0.424837 0.408455 -0.807885
vn -0.424837 0.408455 -0.807885
vn -0.359566 0.417818 -0.834350
vn -0.465479 0.114677 -0.877598
vn -0.309999 0.617408 -0.722985
vn -0.424837 0.408455 -0.807885
vn -0.280868 0.487868 -0.826498
vn -0.280868 0.487868 -0.826498
vn -0.424837 0.408455 -0.807885
vn -0.456274 0.273943 -0.846622
vn -0.456274 0.273943 -0.846622
vn -0.424837 0.408455 -0.807885
vn -0.465479 0.114677 -0.877598
vn -0.280868 0.487868 -0.826498
vn -0.456274 0.273943 -0.846622
vn -0.274488 0.069142 -0.959102
vn -0.274488 0.069142 -0.959102
vn -0.456274 0.273943 -0.846622
vn -0.468791 0.097392 -0.877923
vn -0.468791 0.097392 -0.877923
vn -0.456274 0.273943 -0.846622
vn -0.465479 0.114677 -0.877598
vn -0.464896 0.189961 -0.864747
vn -0.465479 0.114677 -0.877598
vn -0.298941 0.177389 -0.937639
vn -0.465479 0.114677 -0.877598
vn -0.464896 0.189961 -0.864747
vn -0.468791 0.097392 -0.877923
vn -0.267769 0.643170 -0.717378
vn -0.298941 0.177389 -0.937639
vn -0.250417 0.641149 -0.725410
vn -0.298941 0.177389 -0.937639
vn -0.267769 0.643170 -0.717378
vn -0.464896 0.189961 -0.864747
vn -0.468791 0.097392 -0.877923
vn -0.464896 0.189961 -0.864747
vn -0.451320 0.208432 -0.867679
vn -0.468791 0.097392 -0.877923
vn -0.451320 0.208432 -0.867679
vn -0.285716 0.245883 -0.926233
vn -0.468791 0.097392 -0.877923
vn -0.285716 0.245883 -0.926233
vn -0.289697 -0.017378 -0.956961
vn -0.289697 -0.017378 -0.956961
vn -0.285716 0.245883 -0.926233
vn -0.097693 0.308011 -0.946354
vn -0.097693 0.308011 -0.946354
vn -0.285716 0.245883 -0.926233
vn -0.082831 0.755516 -0.649873
vn -0.097693 0.308011 -0.946354
vn -0.082831 0.755516 -0.649873
vn 0.033154 0.797723 -0.602112
vn -0.285716 0.245883 -0.926233
vn -0.451320 0.208432 -0.867679
vn -0.234489 0.668134 -0.706125
vn -0.285716 0.245883 -0.926233
vn -0.234489 0.668134 -0.706125
vn -0.082831 0.755516 -0.649873
vn 0.033154 0.797723 -0.602112
vn -0.082831 0.755516 -0.649873
vn -0.067306 0.955934 -0.285763
vn -0.067306 0.955934 -0.285763
vn -0.082831 0.755516 -0.649873
vn -0.234489 0.668134 -0.706125
vn 0.033154 0.797723 -0.602112
vn -0.067306 0.955934 -0.285763
vn 0.021006 0.975982 -0.216834
vn -0.234489 0.668134 -0.706125
vn -0.451320 0.208432 -0.867679
vn -0.363136 0.649260 -0.668277
vn -0.363136 0.649260 -0.668277
vn -0.451320 0.208432 -0.867679
vn -0.464896 0.189961 -0.864747
vn -0.067306 0.955934 -0.285763
vn -0.234489 0.668134 -0.706125
vn -0.149928 0.953608 -0.261061
vn -0.149928 0.953608 -0.261061
vn -0.234489 0.668134 -0.706125
vn -0.363136 0.649260 -0.668277
vn -0.363136 0.649260 -0.668277
vn -0.464896 0.189961 -0.864747
vn -0.360947 0.666510 -0.652289
vn -0.360947 0.666510 -0.652289
vn -0.464896 0.189961 -0.864747
vn -0.267769 0.643170 -0.717378
vn -0.149928 0.953608 -0.261061
vn -0.363136 0.649260 -0.668277
vn -0.173368 0.932572 -0.316628
vn -0.173368 0.932572 -0.316628
vn -0.363136 0.649260 -0.668277
vn -0.360947 0.666510 -0.652289
vn -0.067306 0.955934 -0.285763
vn -0.149928 0.953608 -0.261061
vn -0.034381 0.956086 -0.291062
vn -0.149928 0.953608 -0.261061
vn -0.173368 0.932572 -0.316628
vn -0.144647 0.926599 -0.347119
vn -0.149928 0.953608 -0.261061
vn -0.144647 0.926599 -0.347119
vn -0.034381 0.956086 -0.291062
vn -0.173368 0.932572 -0.316628
vn -0.360947 0.666510 -0.652289
vn -0.171371 0.911761 -0.373261
vn -0.171371 0.911761 -0.373261
vn -0.360947 0.666510 -0.652289
vn -0.267769 0.643170 -0.717378
vn -0.144647 0.926599 -0.347119
vn -0.173368 0.932572 -0.316628
vn -0.233335 0.879450 -0.414876
vn -0.233335 0.879450 -0.414876
vn -0.173368 0.932572 -0.316628
vn -0.171371 0.911761 -0.373261
vn -0.067306 0.955934 -0.285763
vn -0.034381 0.956086 -0.291062
vn 0.043250 0.965982 -0.254966
vn -0.067306 0.955934 -0.285763
vn 0.043250 0.965982 -0.254966
vn 0.021006 0.975982 -0.216834
vn -0.034381 0.956086 -0.291062
vn -0.144647 0.926599 -0.347119
vn -0.100689 0.758915 -0.643358
vn -0.034381 0.956086 -0.291062
vn -0.100689 0.758915 -0.643358
vn 0.043250 0.965982 -0.254966
vn -0.100689 0.758915 -0.643358
vn -0.144647 0.926599 -0.347119
vn -0.249113 0.707566 -0.661281
vn -0.249113 0.707566 -0.661281
vn -0.144647 0.926599 -0.347119
vn -0.233335 0.879450 -0.414876
vn 0.021006 0.975982 -0.216834
vn 0.043250 0.965982 -0.254966
vn 0.076766 0.978826 -0.189757
vn 0.043250 0.965982 -0.254966
vn -0.100689 0.758915 -0.643358
vn 0.111979 0.844278 -0.524075
vn 0.043250 0.965982 -0.254966
vn 0.111979 0.844278 -0.524075
vn 0.076766 0.978826 -0.189757
vn 0.021006 0.975982 -0.216834
vn 0.076766 0.978826 -0.189757
vn 0.025067 0.992283 -0.121434
vn -0.100689 0.758915 -0.643358
vn -0.249113 0.707566 -0.661281
vn -0.067372 0.666605 -0.742360
vn -0.100689 0.758915 -0.643358
vn -0.067372 0.666605 -0.742360
vn 0.111979 0.844278 -0.524075
vn 0.076766 0.978826 -0.189757
vn 0.111979 0.844278 -0.524075
vn 0.201602 0.882672 -0.424556
vn 0.201602 0.882672 -0.424556
vn 0.111979 0.844278 -0.524075
vn 0.296912 0.757205 -0.581793
vn 0.076766 0.978826 -0.189757
vn 0.201602 0.882672 -0.424556
vn 0.270781 0.905941 -0.325496
vn 0.270781 0.905941 -0.325496
vn 0.201602 0.882672 -0.424556
vn 0.296912 0.757205 -0.581793
vn 0.025067 0.992283 -0.121434
vn 0.076766 0.978826 -0.189757
vn 0.085550 0.987382 -0.133258
vn 0.085550 0.987382 -0.133258
vn 0.076766 0.978826 -0.189757
vn 0.270781 0.905941 -0.325496
vn 0.025067 0.992283 -0.121434
vn 0.085550 0.987382 -0.133258
vn 0.061540 0.995528 -0.071666
vn 0.085550 0.987382 -0.133258
vn 0.270781 0.905941 -0.325496
vn 0.327147 0.917290 -0.227055
vn 0.085550 0.987382 -0.133258
vn 0.327147 0.917290 -0.227055
vn 0.061540 0.995528 -0.071666
vn 0.025067 0.992283 -0.121434
vn 0.061540 0.995528 -0.071666
vn 0.067190 0.990644 -0.118782
vn 0.327147 0.917290 -0.227055
vn 0.270781 0.905941 -0.325496
vn 0.386947 0.798783 -0.460671
vn 0.386947 0.798783 -0.460671
vn 0.270781 0.905941 -0.325496
vn 0.296912 0.757205 -0.581793
vn 0.067190 0.990644 -0.118782
vn 0.061540 0.995528 -0.071666
vn 0.095819 0.993487 -0.061661
vn 0.067190 0.990644 -0.118782
vn 0.095819 0.993487 -0.061661
vn 0.381497 0.881536 -0.278128
vn 0.061540 0.995528 -0.071666
vn 0.327147 0.917290 -0.227055
vn 0.094799 0.994434 -0.045980
vn 0.061540 0.995528 -0.071666
vn 0.094799 0.994434 -0.045980
vn 0.095819 0.993487 -0.061661
vn 0.327147 0.917290 -0.227055
vn 0.386947 0.798783 -0.460671
vn 0.558774 0.739879 -0.374634
vn 0.094799 0.994434 -0.045980
vn 0.327147 0.917290 -0.227055
vn 0.382202 0.908771 -0.167504
vn 0.382202 0.908771 -0.167504
vn 0.327147 0.917290 -0.227055
vn 0.558774 0.739879 -0.374634
vn 0.094799 0.994434 -0.045980
vn 0.382202 0.908771 -0.167504
vn 0.413682 0.900606 -0.133328
vn 0.558774 0.739879 -0.374634
vn 0.386947 0.798783 -0.460671
vn 0.452264 0.767072 -0.455036
vn 0.452264 0.767072 -0.455036
vn 0.386947 0.798783 -0.460671
vn 0.296912 0.757205 -0.581793
vn 0.382202 0.908771 -0.167504
vn 0.558774 0.739879 -0.374634
vn 0.687118 0.656673 -0.310885
vn 0.382202 0.908771 -0.167504
vn 0.687118 0.656673 -0.310885
vn 0.413682 0.900606 -0.133328
vn 0.558774 0.739879 -0.374634
vn 0.452264 0.767072 -0.455036
vn 0.636622 0.672652 -0.377162
vn 0.558774 0.739879 -0.374634
vn 0.636622 0.672652 -0.377162
vn 0.687118 0.656673 -0.310885
vn 0.636622 0.672652 -0.377162
vn 0.452264 0.767072 -0.455036
vn 0.584440 0.656541 -0.476848
vn 0.687118 0.656673 -0.310885
vn 0.636622 0.672652 -0.377162
vn 0.808621 0.468423 -0.355967
vn 0.808621 0.468423 -0.355967
vn 0.636622 0.672652 -0.377162
vn 0.584440 0.656541 -0.476848
vn 0.452264 0.767072 -0.455036
vn 0.296912 0.757205 -0.581793
vn 0.416453 0.669969 -0.614580
vn 0.452264 0.767072 -0.455036
vn 0.416453 0.669969 -0.614580
vn 0.584440 0.656541 -0.476848
vn 0.416453 0.669969 -0.614580
vn 0.296912 0.757205 -0.581793
vn 0.189684 0.729604 -0.657037
vn 0.189684 0.729604 -0.657037
vn 0.296912 0.757205 -0.581793
vn 0.111979 0.844278 -0.524075
vn 0.189684 0.729604 -0.657037
vn 0.111979 0.844278 -0.524075
vn -0.067372 0.666605 -0.742360
vn 0.416453 0.669969 -0.614580
vn 0.189684 0.729604 -0.657037
vn 0.293082 0.681917 -0.670144
vn 0.189684 0.729604 -0.657037
vn -0.067372 0.666605 -0.742360
vn -0.003864 0.721043 -0.692880
vn 0.189684 0.729604 -0.657037
vn -0.003864 0.721043 -0.692880
vn 0.293082 0.681917 -0.670144
vn 0.584440 0.656541 -0.476848
vn 0.416453 0.669969 -0.614580
vn 0.497267 0.634932 -0.591258
vn 0.497267 0.634932 -0.591258
vn 0.416453 0.669969 -0.614580
vn 0.293082 0.681917 -0.670144
vn -0.003864 0.721043 -0.692880
vn -0.067372 0.666605 -0.742360
vn -0.224920 0.687944 -0.690032
vn 0.584440 0.656541 -0.476848
vn 0.497267 0.634932 -0.591258
vn 0.630846 0.617543 -0.469759
vn 0.293082 0.681917 -0.670144
vn -0.003864 0.721043 -0.692880
vn 0.039834 0.687600 -0.724996
vn 0.039834 0.687600 -0.724996
vn -0.003864 0.721043 -0.692880
vn -0.224920 0.687944 -0.690032
vn 0.497267 0.634932 -0.591258
vn 0.293082 0.681917 -0.670144
vn 0.332249 0.767923 -0.547635
vn 0.293082 0.681917 -0.670144
vn 0.039834 0.687600 -0.724996
vn 0.107692 0.794909 -0.597095
vn 0.293082 0.681917 -0.670144
vn 0.107692 0.794909 -0.597095
vn 0.332249 0.767923 -0.547635
vn 0.497267 0.634932 -0.591258
vn 0.332249 0.767923 -0.547635
vn 0.467866 0.718364 -0.514834
vn 0.497267 0.634932 -0.591258
vn 0.467866 0.718364 -0.514834
vn 0.630846 0.617543 -0.469759
vn 0.584440 0.656541 -0.476848
vn 0.630846 0.617543 -0.469759
vn 0.667571 0.633179 -0.391705
vn 0.584440 0.656541 -0.476848
vn 0.667571 0.633179 -0.391705
vn 0.808621 0.468423 -0.355967
vn 0.630846 0.617543 -0.469759
vn 0.467866 0.718364 -0.514834
vn 0.509485 0.811963 -0.284851
vn 0.667571 0.633179 -0.391705
vn 0.630846 0.617543 -0.469759
vn 0.510090 0.835409 -0.204696
vn 0.510090 0.835409 -0.204696
vn 0.630846 0.617543 -0.469759
vn 0.509485 0.811963 -0.284851
vn 0.808621 0.468423 -0.355967
vn 0.667571 0.633179 -0.391705
vn 0.740374 0.623516 -0.251145
vn 0.740374 0.623516 -0.251145
vn 0.667571 0.633179 -0.391705
vn 0.510090 0.835409 -0.204696
vn 0.808621 0.468423 -0.355967
vn 0.740374 0.623516 -0.251145
vn 0.902962 0.384932 -0.191015
vn 0.509485 0.811963 -0.284851
vn 0.467866 0.718364 -0.514834
vn 0.358080 0.880496 -0.310653
vn 0.358080 0.880496 -0.310653
vn 0.467866 0.718364 -0.514834
vn 0.267318 0.895079 -0.356896
vn 0.267318 0.895079 -0.356896
vn 0.467866 0.718364 -0.514834
vn 0.332249 0.767923 -0.547635
vn 0.509485 0.811963 -0.284851
vn 0.358080 0.880496 -0.310653
vn 0.319164 0.942290 -0.101113
vn 0.267318 0.895079 -0.356896
vn 0.332249 0.767923 -0.547635
vn 0.153558 0.923788 -0.350765
vn 0.153558 0.923788 -0.350765
vn 0.332249 0.767923 -0.547635
vn 0.107692 0.794909 -0.597095
vn 0.358080 0.880496 -0.310653
vn 0.267318 0.895079 -0.356896
vn 0.214596 0.967729 -0.132098
vn 0.358080 0.880496 -0.310653
vn 0.214596 0.967729 -0.132098
vn 0.319164 0.942290 -0.101113
vn 0.267318 0.895079 -0.356896
vn 0.153558 0.923788 -0.350765
vn 0.145018 0.980958 -0.129197
vn 0.267318 0.895079 -0.356896
vn 0.145018 0.980958 -0.129197
vn 0.214596 0.967729 -0.132098
vn 0.153558 0.923788 -0.350765
vn 0.107692 0.794909 -0.597095
vn 0.015851 0.939007 -0.343532
vn 0.153558 0.923788 -0.350765
vn 0.015851 0.939007 -0.343532
vn 0.145018 0.980958 -0.129197
vn 0.015851 0.939007 -0.343532
vn 0.107692 0.794909 -0.597095
vn -0.085112 0.805258 -0.586784
vn -0.085112 0.805258 -0.586784
vn 0.107692 0.794909 -0.597095
vn 0.039834 0.687600 -0.724996
vn 0.319164 0.942290 -0.101113
vn 0.214596 0.967729 -0.132098
vn 0.194350 0.980815 -0.015161
vn 0.194350 0.980815 -0.015161
vn 0.214596 0.967729 -0.132098
vn 0.145018 0.980958 -0.129197
vn 0.323425 0.944746 -0.053399
vn 0.509485 0.811963 -0.284851
vn 0.319164 0.942290 -0.101113
vn 0.323425 0.944746 -0.053399
vn 0.319164 0.942290 -0.101113
vn 0.194350 0.980815 -0.015161
vn 0.509485 0.811963 -0.284851
vn 0.323425 0.944746 -0.053399
vn 0.510090 0.835409 -0.204696
vn -0.085112 0.805258 -0.586784
vn 0.039834 0.687600 -0.724996
vn -0.162314 0.699832 -0.695621
vn -0.162314 0.699832 -0.695621
vn 0.039834 0.687600 -0.724996
vn -0.224920 0.687944 -0.690032
vn -0.085112 0.805258 -0.586784
vn -0.162314 0.699832 -0.695621
vn -0.191724 0.756639 -0.625091
vn -0.162314 0.699832 -0.695621
vn -0.224920 0.687944 -0.690032
vn -0.307201 0.564272 -0.766306
vn -0.162314 0.699832 -0.695621
vn -0.307201 0.564272 -0.766306
vn -0.191724 0.756639 -0.625091
vn -0.307201 0.564272 -0.766306
vn -0.224920 0.687944 -0.690032
vn -0.374318 0.537567 -0.755584
vn -0.085112 0.805258 -0.586784
vn -0.191724 0.756639 -0.625091
vn -0.030578 0.948762 -0.314509
vn -0.085112 0.805258 -0.586784
vn -0.030578 0.948762 -0.314509
vn 0.015851 0.939007 -0.343532
vn -0.191724 0.756639 -0.625091
vn -0.307201 0.564272 -0.766306
vn -0.403867 0.527311 -0.747552
vn 0.015851 0.939007 -0.343532
vn -0.030578 0.948762 -0.314509
vn 0.091455 0.989803 -0.109205
vn 0.015851 0.939007 -0.343532
vn 0.091455 0.989803 -0.109205
vn 0.145018 0.980958 -0.129197
vn 0.145018 0.980958 -0.129197
vn 0.091455 0.989803 -0.109205
vn 0.158182 0.987392 0.005940
vn 0.145018 0.980958 -0.129197
vn 0.158182 0.987392 0.005940
vn 0.194350 0.980815 -0.015161
vn 0.091455 0.989803 -0.109205
vn -0.030578 0.948762 -0.314509
vn 0.073074 0.992820 -0.094704
vn 0.091455 0.989803 -0.109205
vn 0.073074 0.992820 -0.094704
vn 0.158182 0.987392 0.005940
vn -0.161935 0.926636 -0.339299
vn -0.030578 0.948762 -0.314509
vn -0.191724 0.756639 -0.625091
vn -0.030578 0.948762 -0.314509
vn -0.161935 0.926636 -0.339299
vn 0.073074 0.992820 -0.094704
vn -0.161935 0.926636 -0.339299
vn -0.191724 0.756639 -0.625091
vn -0.303374 0.740087 -0.600196
vn -0.303374 0.740087 -0.600196
vn -0.191724 0.756639 -0.625091
vn -0.403867 0.527311 -0.747552
vn 0.073074 0.992820 -0.094704
vn -0.161935 0.926636 -0.339299
vn 0.022945 0.995641 -0.090408
vn 0.073074 0.992820 -0.094704
vn 0.022945 0.995641 -0.090408
vn 0.158182 0.987392 0.005940
vn -0.161935 0.926636 -0.339299
vn -0.303374 0.740087 -0.600196
vn -0.190973 0.949768 -0.247932
vn -0.161935 0.926636 -0.339299
vn -0.190973 0.949768 -0.247932
vn 0.022945 0.995641 -0.090408
vn 0.291057 0.956195 0.031269
vn 0.194350 0.980815 -0.015161
vn 0.158182 0.987392 0.005940
vn -0.190973 0.949768 -0.247932
vn -0.303374 0.740087 -0.600196
vn -0.430623 0.775819 -0.461161
vn -0.430623 0.775819 -0.461161
vn -0.303374 0.740087 -0.600196
vn -0.403867 0.527311 -0.747552
vn 0.194350 0.980815 -0.015161
vn 0.291057 0.956195 0.031269
vn 0.323425 0.944746 -0.053399
vn 0.158182 0.987392 0.005940
vn 0.022945 0.995641 -0.090408
vn 0.134270 0.990938 -0.003666
vn 0.022945 0.995641 -0.090408
vn -0.190973 0.949768 -0.247932
vn -0.011104 0.997533 -0.069311
vn 0.022945 0.995641 -0.090408
vn -0.011104 0.997533 -0.069311
vn 0.134270 0.990938 -0.003666
vn -0.011104 0.997533 -0.069311
vn -0.190973 0.949768 -0.247932
vn -0.236430 0.951827 -0.195257
vn -0.236430 0.951827 -0.195257
vn -0.190973 0.949768 -0.247932
vn -0.534159 0.770138 -0.348657
vn -0.534159 0.770138 -0.348657
vn -0.190973 0.949768 -0.247932
vn -0.430623 0.775819 -0.461161
vn -0.011104 0.997533 -0.069311
vn -0.236430 0.951827 -0.195257
vn -0.244043 0.961677 -0.124982
vn -0.534159 0.770138 -0.348657
vn -0.430623 0.775819 -0.461161
vn -0.619908 0.496540 -0.607587
vn -0.619908 0.496540 -0.607587
vn -0.430623 0.775819 -0.461161
vn -0.403867 0.527311 -0.747552
vn -0.236430 0.951827 -0.195257
vn -0.534159 0.770138 -0.348657
vn -0.547441 0.794319 -0.263372
vn -0.236430 0.951827 -0.195257
vn -0.547441 0.794319 -0.263372
vn -0.244043 0.961677 -0.124982
vn -0.534159 0.770138 -0.348657
vn -0.619908 0.496540 -0.607587
vn -0.688737 0.566619 -0.452310
vn -0.534159 0.770138 -0.348657
vn -0.688737 0.566619 -0.452310
vn -0.547441 0.794319 -0.263372
vn -0.619908 0.496540 -0.607587
vn -0.403867 0.527311 -0.747552
vn -0.660609 0.361283 -0.658081
vn -0.619908 0.496540 -0.607587
vn -0.660609 0.361283 -0.658081
vn -0.688737 0.566619 -0.452310
vn -0.547441 0.794319 -0.263372
vn -0.688737 0.566619 -0.452310
vn -0.762240 0.535003 -0.364365
vn -0.688737 0.566619 -0.452310
vn -0.660609 0.361283 -0.658081
vn -0.763680 0.400405 -0.506427
vn -0.688737 0.566619 -0.452310
vn -0.763680 0.400405 -0.506427
vn -0.762240 0.535003 -0.364365
vn -0.763680 0.400405 -0.506427
vn -0.660609 0.361283 -0.658081
vn -0.648556 0.361506 -0.669842
vn -0.660609 0.361283 -0.658081
vn -0.403867 0.527311 -0.747552
vn -0.459121 0.388330 -0.799004
vn -0.660609 0.361283 -0.658081
vn -0.459121 0.388330 -0.799004
vn -0.648556 0.361506 -0.669842
vn -0.459121 0.388330 -0.799004
vn -0.403867 0.527311 -0.747552
vn -0.307201 0.564272 -0.766306
vn -0.648556 0.361506 -0.669842
vn -0.459121 0.388330 -0.799004
vn -0.475827 0.409829 -0.778221
vn -0.459121 0.388330 -0.799004
vn -0.307201 0.564272 -0.766306
vn -0.374318 0.537567 -0.755584
vn -0.459121 0.388330 -0.799004
vn -0.374318 0.537567 -0.755584
vn -0.475827 0.409829 -0.778221
vn -0.730409 0.646422 -0.220547
vn -0.547441 0.794319 -0.263372
vn -0.762240 0.535003 -0.364365
vn -0.730409 0.646422 -0.220547
vn -0.762240 0.535003 -0.364365
vn -0.867427 0.424131 -0.260159
vn -0.547441 0.794319 -0.263372
vn -0.730409 0.646422 -0.220547
vn -0.526439 0.836557 -0.151769
vn -0.547441 0.794319 -0.263372
vn -0.526439 0.836557 -0.151769
vn -0.244043 0.961677 -0.124982
vn -0.526439 0.836557 -0.151769
vn -0.730409 0.646422 -0.220547
vn -0.520926 0.851146 -0.064703
vn -0.244043 0.961677 -0.124982
vn -0.526439 0.836557 -0.151769
vn -0.218726 0.973439 -0.067650
vn -0.218726 0.973439 -0.067650
vn -0.526439 0.836557 -0.151769
vn -0.520926 0.851146 -0.064703
vn -0.244043 0.961677 -0.124982
vn -0.218726 0.973439 -0.067650
vn -0.006292 0.999548 -0.029395
vn -0.244043 0.961677 -0.124982
vn -0.006292 0.999548 -0.029395
vn -0.011104 0.997533 -0.069311
vn -0.006292 0.999548 -0.029395
vn -0.218726 0.973439 -0.067650
vn -0.228770 0.972782 -0.036882
vn -0.228770 0.972782 -0.036882
vn -0.218726 0.973439 -0.067650
vn -0.520926 0.851146 -0.064703
vn -0.011104 0.997533 -0.069311
vn -0.006292 0.999548 -0.029395
vn 0.134270 0.990938 -0.003666
vn -0.762648 0.640740 -0.088434
vn -0.520926 0.851146 -0.064703
vn -0.730409 0.646422 -0.220547
vn -0.762648 0.640740 -0.088434
vn -0.730409 0.646422 -0.220547
vn -0.867427 0.424131 -0.260159
vn -0.762648 0.640740 -0.088434
vn -0.867427 0.424131 -0.260159
vn -0.926799 0.362430 -0.098429
vn -0.926799 0.362430 -0.098429
vn -0.867427 0.424131 -0.260159
vn -0.933742 0.341718 -0.106559
vn -0.926799 0.362430 -0.098429
vn -0.933742 0.341718 -0.106559
vn -0.930296 0.350947 0.106707
vn -0.762648 0.640740 -0.088434
vn -0.926799 0.362430 -0.098429
vn -0.916385 0.380752 0.123559
vn -0.916385 0.380752 0.123559
vn -0.926799 0.362430 -0.098429
vn -0.930296 0.350947 0.106707
vn -0.520926 0.851146 -0.064703
vn -0.762648 0.640740 -0.088434
vn -0.772696 0.627915 0.093076
vn -0.772696 0.627915 0.093076
vn -0.762648 0.640740 -0.088434
vn -0.916385 0.380752 0.123559
vn -0.916385 0.380752 0.123559
vn -0.930296 0.350947 0.106707
vn -0.866171 0.325819 0.378934
vn -0.916385 0.380752 0.123559
vn -0.866171 0.325819 0.378934
vn -0.772696 0.627915 0.093076
vn -0.520926 0.851146 -0.064703
vn -0.772696 0.627915 0.093076
vn -0.554206 0.830801 0.051238
vn -0.520926 0.851146 -0.064703
vn -0.554206 0.830801 0.051238
vn -0.228770 0.972782 -0.036882
vn -0.554206 0.830801 0.051238
vn -0.772696 0.627915 0.093076
vn -0.765599 0.551824 0.330678
vn -0.765599 0.551824 0.330678
vn -0.772696 0.627915 0.093076
vn -0.866171 0.325819 0.378934
vn -0.228770 0.972782 -0.036882
vn -0.554206 0.830801 0.051238
vn -0.232469 0.972437 0.018021
vn -0.866171 0.325819 0.378934
vn -0.930296 0.350947 0.106707
vn -0.861918 0.335984 0.379753
vn -0.861918 0.335984 0.379753
vn -0.930296 0.350947 0.106707
vn -0.694293 0.659940 0.287118
vn -0.554206 0.830801 0.051238
vn -0.765599 0.551824 0.330678
vn -0.536814 0.803234 0.258161
vn -0.554206 0.830801 0.051238
vn -0.536814 0.803234 0.258161
vn -0.232469 0.972437 0.018021
vn -0.765599 0.551824 0.330678
vn -0.866171 0.325819 0.378934
vn -0.696945 0.534531 0.478062
vn -0.765599 0.551824 0.330678
vn -0.696945 0.534531 0.478062
vn -0.536814 0.803234 0.258161
vn -0.866171 0.325819 0.378934
vn -0.861918 0.335984 0.379753
vn -0.790289 0.336366 0.512153
vn -0.866171 0.325819 0.378934
vn -0.790289 0.336366 0.512153
vn -0.696945 0.534531 0.478062
vn -0.861918 0.335984 0.379753
vn -0.694293 0.659940 0.287118
vn -0.773627 0.404489 0.487740
vn -0.861918 0.335984 0.379753
vn -0.773627 0.404489 0.487740
vn -0.790289 0.336366 0.512153
vn -0.232469 0.972437 0.018021
vn -0.536814 0.803234 0.258161
vn -0.221725 0.966437 0.129757
vn -0.536814 0.803234 0.258161
vn -0.696945 0.534531 0.478062
vn -0.442989 0.835197 0.325895
vn -0.536814 0.803234 0.258161
vn -0.442989 0.835197 0.325895
vn -0.221725 0.966437 0.129757
vn -0.696945 0.534531 0.478062
vn -0.790289 0.336366 0.512153
vn -0.705650 0.592524 0.388552
vn -0.696945 0.534531 0.478062
vn -0.705650 0.592524 0.388552
vn -0.442989 0.835197 0.325895
vn -0.232469 0.972437 0.018021
vn -0.221725 0.966437 0.129757
vn -0.000930 0.999996 0.002616
vn -0.232469 0.972437 0.018021
vn -0.000930 0.999996 0.002616
vn -0.228770 0.972782 -0.036882
vn -0.221725 0.966437 0.129757
vn -0.442989 0.835197 0.325895
vn -0.199562 0.967696 0.154075
vn -0.228770 0.972782 -0.036882
vn -0.000930 0.999996 0.002616
vn -0.006845 0.999745 -0.021524
vn -0.228770 0.972782 -0.036882
vn -0.006845 0.999745 -0.021524
vn -0.006292 0.999548 -0.029395
vn -0.000930 0.999996 0.002616
vn -0.221725 0.966437 0.129757
vn 0.015289 0.999691 0.019618
vn 0.015289 0.999691 0.019618
vn -0.221725 0.966437 0.129757
vn -0.199562 0.967696 0.154075
vn -0.006292 0.999548 -0.029395
vn -0.006845 0.999745 -0.021524
vn 0.134270 0.990938 -0.003666
vn -0.006845 0.999745 -0.021524
vn -0.000930 0.999996 0.002616
vn 0.153779 0.987523 -0.033923
vn 0.153779 0.987523 -0.033923
vn -0.000930 0.999996 0.002616
vn 0.015289 0.999691 0.019618
vn -0.006845 0.999745 -0.021524
vn 0.153779 0.987523 -0.033923
vn 0.134270 0.990938 -0.003666
vn 0.015289 0.999691 0.019618
vn -0.199562 0.967696 0.154075
vn -0.236188 0.966877 0.096769
vn -0.501793 0.827472 0.251981
vn -0.199562 0.967696 0.154075
vn -0.442989 0.835197 0.325895
vn -0.199562 0.967696 0.154075
vn -0.501793 0.827472 0.251981
vn -0.236188 0.966877 0.096769
vn -0.501793 0.827472 0.251981
vn -0.442989 0.835197 0.325895
vn -0.705650 0.592524 0.388552
vn 0.015289 0.999691 0.019618
vn -0.236188 0.966877 0.096769
vn 0.008258 0.999758 -0.020396
vn 0.015289 0.999691 0.019618
vn 0.008258 0.999758 -0.020396
vn 0.153779 0.987523 -0.033923
vn -0.236188 0.966877 0.096769
vn -0.501793 0.827472 0.251981
vn -0.571689 0.799423 0.184650
vn -0.501793 0.827472 0.251981
vn -0.705650 0.592524 0.388552
vn -0.757557 0.587556 0.284402
vn -0.501793 0.827472 0.251981
vn -0.757557 0.587556 0.284402
vn -0.571689 0.799423 0.184650
vn 0.008258 0.999758 -0.020396
vn -0.236188 0.966877 0.096769
vn -0.014841 0.998850 -0.045580
vn 0.008258 0.999758 -0.020396
vn -0.014841 0.998850 -0.045580
vn 0.091923 0.988874 -0.116951
vn 0.008258 0.999758 -0.020396
vn 0.091923 0.988874 -0.116951
vn 0.153779 0.987523 -0.033923
vn -0.014841 0.998850 -0.045580
vn -0.236188 0.966877 0.096769
vn -0.265384 0.962091 0.062868
vn -0.265384 0.962091 0.062868
vn -0.236188 0.966877 0.096769
vn -0.571689 0.799423 0.184650
vn -0.014841 0.998850 -0.045580
vn -0.265384 0.962091 0.062868
vn -0.032233 0.999362 -0.015376
vn -0.014841 0.998850 -0.045580
vn -0.032233 0.999362 -0.015376
vn 0.091923 0.988874 -0.116951
vn -0.265384 0.962091 0.062868
vn -0.571689 0.799423 0.184650
vn -0.281787 0.954884 0.093766
vn -0.265384 0.962091 0.062868
vn -0.281787 0.954884 0.093766
vn -0.032233 0.999362 -0.015376
vn -0.281787 0.954884 0.093766
vn -0.571689 0.799423 0.184650
vn -0.564018 0.792512 0.231968
vn -0.032233 0.999362 -0.015376
vn -0.281787 0.954884 0.093766
vn -0.230231 0.958339 0.169058
vn -0.230231 0.958339 0.169058
vn -0.281787 0.954884 0.093766
vn -0.564018 0.792512 0.231968
vn -0.564018 0.792512 0.231968
vn -0.571689 0.799423 0.184650
vn -0.776778 0.525817 0.346602
vn -0.776778 0.525817 0.346602
vn -0.571689 0.799423 0.184650
vn -0.757557 0.587556 0.284402
vn -0.776778 0.525817 0.346602
vn -0.757557 0.587556 0.284402
vn -0.855302 0.384518 0.347282
vn -0.855302 0.384518 0.347282
vn -0.757557 0.587556 0.284402
vn -0.705650 0.592524 0.388552
vn -0.564018 0.792512 0.231968
vn -0.776778 0.525817 0.346602
vn -0.689423 0.509219 0.515162
vn -0.855302 0.384518 0.347282
vn -0.705650 0.592524 0.388552
vn -0.830847 0.322623 0.453441
vn -0.830847 0.322623 0.453441
vn -0.705650 0.592524 0.388552
vn -0.790289 0.336366 0.512153
vn -0.830847 0.322623 0.453441
vn -0.790289 0.336366 0.512153
vn -0.773627 0.404489 0.487740
vn -0.776778 0.525817 0.346602
vn -0.855302 0.384518 0.347282
vn -0.849750 0.347844 0.396143
vn -0.776778 0.525817 0.346602
vn -0.849750 0.347844 0.396143
vn -0.689423 0.509219 0.515162
vn -0.855302 0.384518 0.347282
vn -0.830847 0.322623 0.453441
vn -0.870710 0.348419 0.347086
vn -0.855302 0.384518 0.347282
vn -0.870710 0.348419 0.347086
vn -0.849750 0.347844 0.396143
vn -0.830847 0.322623 0.453441
vn -0.773627 0.404489 0.487740
vn -0.798457 0.400244 0.449747
vn -0.830847 0.322623 0.453441
vn -0.798457 0.400244 0.449747
vn -0.870710 0.348419 0.347086
vn -0.870710 0.348419 0.347086
vn -0.798457 0.400244 0.449747
vn -0.730468 0.609269 0.308559
vn -0.870710 0.348419 0.347086
vn -0.730468 0.609269 0.308559
vn -0.849750 0.347844 0.396143
vn -0.798457 0.400244 0.449747
vn -0.773627 0.404489 0.487740
vn -0.620128 0.699436 0.355289
vn -0.798457 0.400244 0.449747
vn -0.620128 0.699436 0.355289
vn -0.730468 0.609269 0.308559
vn -0.620128 0.699436 0.355289
vn -0.773627 0.404489 0.487740
vn -0.642348 0.658582 0.391993
vn -0.642348 0.658582 0.391993
vn -0.773627 0.404489 0.487740
vn -0.694293 0.659940 0.287118
vn -0.642348 0.658582 0.391993
vn -0.694293 0.659940 0.287118
vn -0.343748 0.919335 0.191472
vn -0.642348 0.658582 0.391993
vn -0.343748 0.919335 0.191472
vn -0.366220 0.909052 0.198761
vn -0.642348 0.658582 0.391993
vn -0.366220 0.909052 0.198761
vn -0.620128 0.699436 0.355289
vn -0.366220 0.909052 0.198761
vn -0.343748 0.919335 0.191472
vn -0.291741 0.930930 0.219675
vn -0.730468 0.609269 0.308559
vn -0.620128 0.699436 0.355289
vn -0.417502 0.887379 0.195578
vn -0.417502 0.887379 0.195578
vn -0.620128 0.699436 0.355289
vn -0.366220 0.909052 0.198761
vn -0.366220 0.909052 0.198761
vn -0.291741 0.930930 0.219675
vn -0.409887 0.874473 0.259402
vn -0.366220 0.909052 0.198761
vn -0.409887 0.874473 0.259402
vn -0.417502 0.887379 0.195578
vn -0.730468 0.609269 0.308559
vn -0.417502 0.887379 0.195578
vn -0.522491 0.807170 0.274737
vn -0.522491 0.807170 0.274737
vn -0.417502 0.887379 0.195578
vn -0.409887 0.874473 0.259402
vn -0.796722 0.471999 0.377427
vn -0.849750 0.347844 0.396143
vn -0.730468 0.609269 0.308559
vn -0.796722 0.471999 0.377427
vn -0.730468 0.609269 0.308559
vn -0.522491 0.807170 0.274737
vn -0.849750 0.347844 0.396143
vn -0.796722 0.471999 0.377427
vn -0.730186 0.306328 0.610730
vn -0.796722 0.471999 0.377427
vn -0.522491 0.807170 0.274737
vn -0.657755 0.529838 0.535379
vn -0.796722 0.471999 0.377427
vn -0.657755 0.529838 0.535379
vn -0.730186 0.306328 0.610730
vn -0.849750 0.347844 0.396143
vn -0.730186 0.306328 0.610730
vn -0.734616 0.328525 0.593642
vn -0.849750 0.347844 0.396143
vn -0.734616 0.328525 0.593642
vn -0.689423 0.509219 0.515162
vn -0.730186 0.306328 0.610730
vn -0.657755 0.529838 0.535379
vn -0.408765 0.563995 0.717510
vn -0.734616 0.328525 0.593642
vn -0.730186 0.306328 0.610730
vn -0.464989 0.331399 0.820951
vn -0.464989 0.331399 0.820951
vn -0.730186 0.306328 0.610730
vn -0.408765 0.563995 0.717510
vn -0.734616 0.328525 0.593642
vn -0.464989 0.331399 0.820951
vn -0.456402 0.494693 0.739578
vn -0.734616 0.328525 0.593642
vn -0.456402 0.494693 0.739578
vn -0.689423 0.509219 0.515162
vn -0.456402 0.494693 0.739578
vn -0.464989 0.331399 0.820951
vn -0.182680 0.454673 0.871723
vn -0.689423 0.509219 0.515162
vn -0.456402 0.494693 0.739578
vn -0.504561 0.775536 0.379425
vn -0.689423 0.509219 0.515162
vn -0.504561 0.775536 0.379425
vn -0.564018 0.792512 0.231968
vn -0.564018 0.792512 0.231968
vn -0.504561 0.775536 0.379425
vn -0.230231 0.958339 0.169058
vn -0.504561 0.775536 0.379425
vn -0.456402 0.494693 0.739578
vn -0.319820 0.782544 0.534173
vn -0.319820 0.782544 0.534173
vn -0.456402 0.494693 0.739578
vn -0.182680 0.454673 0.871723
vn -0.230231 0.958339 0.169058
vn -0.504561 0.775536 0.379425
vn -0.137857 0.955503 0.260785
vn -0.137857 0.955503 0.260785
vn -0.504561 0.775536 0.379425
vn -0.319820 0.782544 0.534173
vn -0.230231 0.958339 0.169058
vn -0.137857 0.955503 0.260785
vn -0.003682 0.999117 0.041867
vn -0.230231 0.958339 0.169058
vn -0.003682 0.999117 0.041867
vn -0.032233 0.999362 -0.015376
vn -0.137857 0.955503 0.260785
vn -0.319820 0.782544 0.534173
vn -0.129271 0.749129 0.649688
vn -0.129271 0.749129 0.649688
vn -0.319820 0.782544 0.534173
vn -0.182680 0.454673 0.871723
vn -0.003682 0.999117 0.041867
vn -0.137857 0.955503 0.260785
vn -0.041070 0.943022 0.330187
vn -0.041070 0.943022 0.330187
vn -0.137857 0.955503 0.260785
vn -0.129271 0.749129 0.649688
vn -0.032233 0.999362 -0.015376
vn -0.003682 0.999117 0.041867
vn 0.049313 0.992484 -0.111999
vn -0.032233 0.999362 -0.015376
vn 0.049313 0.992484 -0.111999
vn 0.091923 0.988874 -0.116951
vn -0.003682 0.999117 0.041867
vn -0.041070 0.943022 0.330187
vn 0.019459 0.997555 0.067120
vn -0.003682 0.999117 0.041867
vn 0.019459 0.997555 0.067120
vn 0.049313 0.992484 -0.111999
vn -0.041070 0.943022 0.330187
vn -0.129271 0.749129 0.649688
vn -0.112429 0.748682 0.653327
vn 0.019459 0.997555 0.067120
vn -0.041070 0.943022 0.330187
vn -0.063383 0.933159 0.353832
vn -0.063383 0.933159 0.353832
vn -0.041070 0.943022 0.330187
vn -0.112429 0.748682 0.653327
vn -0.112429 0.748682 0.653327
vn -0.129271 0.749129 0.649688
vn -0.159914 0.428704 0.889180
vn -0.159914 0.428704 0.889180
vn -0.129271 0.749129 0.649688
vn -0.182680 0.454673 0.871723
vn -0.063383 0.933159 0.353832
vn -0.112429 0.748682 0.653327
vn -0.237531 0.727653 0.643506
vn -0.112429 0.748682 0.653327
vn -0.159914 0.428704 0.889180
vn -0.294497 0.419370 0.858720
vn -0.112429 0.748682 0.653327
vn -0.294497 0.419370 0.858720
vn -0.237531 0.727653 0.643506
vn 0.019459 0.997555 0.067120
vn -0.063383 0.933159 0.353832
vn -0.015050 0.995257 0.096114
vn 0.019459 0.997555 0.067120
vn -0.015050 0.995257 0.096114
vn 0.049313 0.992484 -0.111999
vn -0.015050 0.995257 0.096114
vn -0.063383 0.933159 0.353832
vn -0.128449 0.936928 0.325063
vn -0.128449 0.936928 0.325063
vn -0.063383 0.933159 0.353832
vn -0.237531 0.727653 0.643506
vn 0.049313 0.992484 -0.111999
vn -0.015050 0.995257 0.096114
vn 0.028826 0.997384 -0.066290
vn -0.237531 0.727653 0.643506
vn -0.294497 0.419370 0.858720
vn -0.216501 0.395737 0.892479
vn -0.015050 0.995257 0.096114
vn -0.128449 0.936928 0.325063
vn -0.022628 0.995144 0.095796
vn -0.015050 0.995257 0.096114
vn -0.022628 0.995144 0.095796
vn 0.028826 0.997384 -0.066290
vn -0.128449 0.936928 0.325063
vn -0.237531 0.727653 0.643506
vn -0.125161 0.906215 0.403868
vn -0.125161 0.906215 0.403868
vn -0.237531 0.727653 0.643506
vn -0.179143 0.680188 0.710810
vn -0.179143 0.680188 0.710810
vn -0.237531 0.727653 0.643506
vn -0.216501 0.395737 0.892479
vn -0.128449 0.936928 0.325063
vn -0.125161 0.906215 0.403868
vn -0.031284 0.993326 0.111012
vn -0.128449 0.936928 0.325063
vn -0.031284 0.993326 0.111012
vn -0.022628 0.995144 0.095796
vn -0.125161 0.906215 0.403868
vn -0.179143 0.680188 0.710810
vn 0.044979 0.915183 0.400522
vn -0.125161 0.906215 0.403868
vn 0.044979 0.915183 0.400522
vn -0.031284 0.993326 0.111012
vn -0.022628 0.995144 0.095796
vn -0.031284 0.993326 0.111012
vn 0.025571 0.999488 -0.019228
vn -0.022628 0.995144 0.095796
vn 0.025571 0.999488 -0.019228
vn 0.028826 0.997384 -0.066290
vn -0.031284 0.993326 0.111012
vn 0.044979 0.915183 0.400522
vn 0.083751 0.981035 0.174805
vn -0.031284 0.993326 0.111012
vn 0.083751 0.981035 0.174805
vn 0.025571 0.999488 -0.019228
vn 0.044979 0.915183 0.400522
vn -0.179143 0.680188 0.710810
vn 0.078969 0.696752 0.712952
vn 0.078969 0.696752 0.712952
vn -0.179143 0.680188 0.710810
vn -0.216501 0.395737 0.892479
vn 0.083751 0.981035 0.174805
vn 0.044979 0.915183 0.400522
vn 0.199538 0.885734 0.419118
vn 0.044979 0.915183 0.400522
vn 0.078969 0.696752 0.712952
vn 0.294764 0.708104 0.641641
vn 0.044979 0.915183 0.400522
vn 0.294764 0.708104 0.641641
vn 0.199538 0.885734 0.419118
vn 0.078969 0.696752 0.712952
vn -0.216501 0.395737 0.892479
vn 0.075151 0.372091 0.925149
vn 0.078969 0.696752 0.712952
vn 0.075151 0.372091 0.925149
vn 0.294764 0.708104 0.641641
vn 0.199538 0.885734 0.419118
vn 0.294764 0.708104 0.641641
vn 0.401028 0.647382 0.648130
vn 0.294764 0.708104 0.641641
vn 0.075151 0.372091 0.925149
vn 0.384611 0.336281 0.859645
vn 0.294764 0.708104 0.641641
vn 0.384611 0.336281 0.859645
vn 0.401028 0.647382 0.648130
vn 0.199538 0.885734 0.419118
vn 0.401028 0.647382 0.648130
vn 0.233351 0.876830 0.420376
vn 0.199538 0.885734 0.419118
vn 0.233351 0.876830 0.420376
vn 0.083751 0.981035 0.174805
vn 0.233351 0.876830 0.420376
vn 0.401028 0.647382 0.648130
vn 0.453886 0.676497 0.579947
vn 0.083751 0.981035 0.174805
vn 0.233351 0.876830 0.420376
vn 0.118425 0.982228 0.145615
vn 0.083751 0.981035 0.174805
vn 0.118425 0.982228 0.145615
vn 0.025571 0.999488 -0.019228
vn 0.118425 0.982228 0.145615
vn 0.233351 0.876830 0.420376
vn 0.276252 0.899487 0.338539
vn 0.276252 0.899487 0.338539
vn 0.233351 0.876830 0.420376
vn 0.453886 0.676497 0.579947
vn 0.025571 0.999488 -0.019228
vn 0.118425 0.982228 0.145615
vn 0.177748 0.977932 0.109792
vn 0.118425 0.982228 0.145615
vn 0.276252 0.899487 0.338539
vn 0.384214 0.870958 0.306287
vn 0.118425 0.982228 0.145615
vn 0.384214 0.870958 0.306287
vn 0.177748 0.977932 0.109792
vn 0.384214 0.870958 0.306287
vn 0.276252 0.899487 0.338539
vn 0.567647 0.651666 0.503098
vn 0.567647 0.651666 0.503098
vn 0.276252 0.899487 0.338539
vn 0.453886 0.676497 0.579947
vn 0.177748 0.977932 0.109792
vn 0.384214 0.870958 0.306287
vn 0.665376 0.650275 0.366630
vn 0.665376 0.650275 0.366630
vn 0.384214 0.870958 0.306287
vn 0.567647 0.651666 0.503098
vn 0.025571 0.999488 -0.019228
vn 0.177748 0.977932 0.109792
vn 0.142968 0.989368 -0.026665
vn 0.025571 0.999488 -0.019228
vn 0.142968 0.989368 -0.026665
vn 0.162773 0.977278 -0.135768
vn 0.025571 0.999488 -0.019228
vn 0.162773 0.977278 -0.135768
vn 0.028826 0.997384 -0.066290
vn 0.142968 0.989368 -0.026665
vn 0.177748 0.977932 0.109792
vn 0.420630 0.879616 0.222142
vn 0.420630 0.879616 0.222142
vn 0.177748 0.977932 0.109792
vn 0.665376 0.650275 0.366630
vn 0.142968 0.989368 -0.026665
vn 0.420630 0.879616 0.222142
vn 0.420688 0.907180 -0.006818
vn 0.142968 0.989368 -0.026665
vn 0.420688 0.907180 -0.006818
vn 0.162773 0.977278 -0.135768
vn 0.420630 0.879616 0.222142
vn 0.665376 0.650275 0.366630
vn 0.755367 0.644147 0.120397
vn 0.420630 0.879616 0.222142
vn 0.755367 0.644147 0.120397
vn 0.420688 0.907180 -0.006818
vn 0.162773 0.977278 -0.135768
vn 0.420688 0.907180 -0.006818
vn 0.392413 0.904501 -0.167001
vn 0.420688 0.907180 -0.006818
vn 0.755367 0.644147 0.120397
vn 0.774871 0.601862 -0.193228
vn 0.420688 0.907180 -0.006818
vn 0.774871 0.601862 -0.193228
vn 0.392413 0.904501 -0.167001
vn 0.162773 0.977278 -0.135768
vn 0.392413 0.904501 -0.167001
vn 0.404540 0.861320 -0.307367
vn 0.404540 0.861320 -0.307367
vn 0.392413 0.904501 -0.167001
vn 0.774871 0.601862 -0.193228
vn 0.130716 0.967334 -0.217207
vn 0.028826 0.997384 -0.066290
vn 0.162773 0.977278 -0.135768
vn 0.130716 0.967334 -0.217207
vn 0.162773 0.977278 -0.135768
vn 0.404540 0.861320 -0.307367
vn 0.028826 0.997384 -0.066290
vn 0.130716 0.967334 -0.217207
vn 0.127860 0.959862 -0.249633
vn 0.028826 0.997384 -0.066290
vn 0.127860 0.959862 -0.249633
vn 0.049313 0.992484 -0.111999
vn 0.130716 0.967334 -0.217207
vn 0.404540 0.861320 -0.307367
vn 0.357616 0.845226 -0.397119
vn 0.130716 0.967334 -0.217207
vn 0.357616 0.845226 -0.397119
vn 0.127860 0.959862 -0.249633
vn 0.049313 0.992484 -0.111999
vn 0.127860 0.959862 -0.249633
vn 0.153162 0.950799 -0.269301
vn 0.049313 0.992484 -0.111999
vn 0.153162 0.950799 -0.269301
vn 0.091923 0.988874 -0.116951
vn 0.127860 0.959862 -0.249633
vn 0.357616 0.845226 -0.397119
vn 0.342726 0.808498 -0.478403
vn 0.127860 0.959862 -0.249633
vn 0.342726 0.808498 -0.478403
vn 0.153162 0.950799 -0.269301
vn 0.357616 0.845226 -0.397119
vn 0.404540 0.861320 -0.307367
vn 0.658921 0.477837 -0.580942
vn 0.091923 0.988874 -0.116951
vn 0.153162 0.950799 -0.269301
vn 0.262266 0.942200 -0.208509
vn 0.091923 0.988874 -0.116951
vn 0.262266 0.942200 -0.208509
vn 0.153779 0.987523 -0.033923
vn 0.153162 0.950799 -0.269301
vn 0.342726 0.808498 -0.478403
vn 0.390436 0.776151 -0.495125
vn 0.153162 0.950799 -0.269301
vn 0.390436 0.776151 -0.495125
vn 0.262266 0.942200 -0.208509
vn 0.342726 0.808498 -0.478403
vn 0.357616 0.845226 -0.397119
vn 0.624746 0.342035 -0.701929
vn 0.624746 0.342035 -0.701929
vn 0.357616 0.845226 -0.397119
vn 0.658921 0.477837 -0.580942
vn 0.390436 0.776151 -0.495125
vn 0.342726 0.808498 -0.478403
vn 0.616703 0.413908 -0.669595
vn 0.616703 0.413908 -0.669595
vn 0.342726 0.808498 -0.478403
vn 0.624746 0.342035 -0.701929
vn 0.262266 0.942200 -0.208509
vn 0.390436 0.776151 -0.495125
vn 0.584644 0.715885 -0.381707
vn 0.584644 0.715885 -0.381707
vn 0.390436 0.776151 -0.495125
vn 0.616703 0.413908 -0.669595
vn 0.262266 0.942200 -0.208509
vn 0.584644 0.715885 -0.381707
vn 0.365910 0.929692 -0.042216
vn 0.262266 0.942200 -0.208509
vn 0.365910 0.929692 -0.042216
vn 0.153779 0.987523 -0.033923
vn 0.584644 0.715885 -0.381707
vn 0.616703 0.413908 -0.669595
vn 0.832221 0.334220 -0.442386
vn 0.616703 0.413908 -0.669595
vn 0.624746 0.342035 -0.701929
vn 0.688215 0.204265 -0.696158
vn 0.616703 0.413908 -0.669595
vn 0.688215 0.204265 -0.696158
vn 0.832221 0.334220 -0.442386
vn 0.688215 0.204265 -0.696158
vn 0.624746 0.342035 -0.701929
vn 0.699234 -0.088327 -0.709415
vn 0.699234 -0.088327 -0.709415
vn 0.624746 0.342035 -0.701929
vn 0.658921 0.477837 -0.580942
vn 0.365910 0.929692 -0.042216
vn 0.584644 0.715885 -0.381707
vn 0.730436 0.682276 -0.031027
vn 0.730436 0.682276 -0.031027
vn 0.584644 0.715885 -0.381707
vn 0.832221 0.334220 -0.442386
vn 0.365910 0.929692 -0.042216
vn 0.730436 0.682276 -0.031027
vn 0.676666 0.714484 0.177863
vn 0.321714 0.944609 0.064913
vn 0.153779 0.987523 -0.033923
vn 0.365910 0.929692 -0.042216
vn 0.321714 0.944609 0.064913
vn 0.365910 0.929692 -0.042216
vn 0.676666 0.714484 0.177863
vn 0.153779 0.987523 -0.033923
vn 0.321714 0.944609 0.064913
vn 0.134270 0.990938 -0.003666
vn 0.730436 0.682276 -0.031027
vn 0.832221 0.334220 -0.442386
vn 0.912389 0.409215 -0.009424
vn 0.730436 0.682276 -0.031027
vn 0.912389 0.409215 -0.009424
vn 0.676666 0.714484 0.177863
vn 0.912389 0.409215 -0.009424
vn 0.832221 0.334220 -0.442386
vn 0.827671 0.391140 -0.402456
vn 0.827671 0.391140 -0.402456
vn 0.832221 0.334220 -0.442386
vn 0.688215 0.204265 -0.696158
vn 0.134270 0.990938 -0.003666
vn 0.321714 0.944609 0.064913
vn 0.276113 0.957328 0.085351
vn 0.134270 0.990938 -0.003666
vn 0.276113 0.957328 0.085351
vn 0.158182 0.987392 0.005940
vn 0.321714 0.944609 0.064913
vn 0.676666 0.714484 0.177863
vn 0.619831 0.755334 0.212793
vn 0.321714 0.944609 0.064913
vn 0.619831 0.755334 0.212793
vn 0.276113 0.957328 0.085351
vn 0.158182 0.987392 0.005940
vn 0.276113 0.957328 0.085351
vn 0.291057 0.956195 0.031269
vn 0.276113 0.957328 0.085351
vn 0.619831 0.755334 0.212793
vn 0.601893 0.776061 0.188291
vn 0.276113 0.957328 0.085351
vn 0.601893 0.776061 0.188291
vn 0.291057 0.956195 0.031269
vn 0.619831 0.755334 0.212793
vn 0.676666 0.714484 0.177863
vn 0.883129 0.350741 0.311552
vn 0.619831 0.755334 0.212793
vn 0.883129 0.350741 0.311552
vn 0.601893 0.776061 0.188291
vn 0.883129 0.350741 0.311552
vn 0.676666 0.714484 0.177863
vn 0.897423 0.378104 0.227310
vn 0.897423 0.378104 0.227310
vn 0.676666 0.714484 0.177863
vn 0.912389 0.409215 -0.009424
vn 0.601893 0.776061 0.188291
vn 0.883129 0.350741 0.311552
vn 0.892544 0.345256 0.290108
vn 0.897423 0.378104 0.227310
vn 0.912389 0.409215 -0.009424
vn 0.880536 0.473830 0.011922
vn 0.880536 0.473830 0.011922
vn 0.912389 0.409215 -0.009424
vn 0.827671 0.391140 -0.402456
vn 0.883129 0.350741 0.311552
vn 0.897423 0.378104 0.227310
vn 0.933738 0.193326 0.301262
vn 0.883129 0.350741 0.311552
vn 0.933738 0.193326 0.301262
vn 0.892544 0.345256 0.290108
vn 0.897423 0.378104 0.227310
vn 0.880536 0.473830 0.011922
vn 0.940121 0.282485 0.190721
vn 0.897423 0.378104 0.227310
vn 0.940121 0.282485 0.190721
vn 0.933738 0.193326 0.301262
vn 0.601893 0.776061 0.188291
vn 0.892544 0.345256 0.290108
vn 0.570117 0.818811 0.067189
vn 0.601893 0.776061 0.188291
vn 0.570117 0.818811 0.067189
vn 0.291057 0.956195 0.031269
vn 0.892544 0.345256 0.290108
vn 0.933738 0.193326 0.301262
vn 0.959066 0.044962 0.279592
vn 0.291057 0.956195 0.031269
vn 0.570117 0.818811 0.067189
vn 0.580581 0.813984 -0.018859
vn 0.570117 0.818811 0.067189
vn 0.892544 0.345256 0.290108
vn 0.922073 0.365940 0.125976
vn 0.922073 0.365940 0.125976
vn 0.892544 0.345256 0.290108
vn 0.959066 0.044962 0.279592
vn 0.570117 0.818811 0.067189
vn 0.922073 0.365940 0.125976
vn 0.580581 0.813984 -0.018859
vn 0.291057 0.956195 0.031269
vn 0.580581 0.813984 -0.018859
vn 0.323425 0.944746 -0.053399
vn 0.788207 0.591250 0.170743
vn 0.933738 0.193326 0.301262
vn 0.940121 0.282485 0.190721
vn 0.959066 0.044962 0.279592
vn 0.933738 0.193326 0.301262
vn 0.849388 0.462553 0.254135
vn 0.849388 0.462553 0.254135
vn 0.933738 0.193326 0.301262
vn 0.788207 0.591250 0.170743
vn 0.788207 0.591250 0.170743
vn 0.940121 0.282485 0.190721
vn 0.730315 0.682716 -0.023211
vn 0.730315 0.682716 -0.023211
vn 0.940121 0.282485 0.190721
vn 0.880536 0.473830 0.011922
vn 0.849388 0.462553 0.254135
vn 0.788207 0.591250 0.170743
vn 0.488583 0.872245 0.021786
vn 0.488583 0.872245 0.021786
vn 0.788207 0.591250 0.170743
vn 0.730315 0.682716 -0.023211
vn 0.730315 0.682716 -0.023211
vn 0.880536 0.473830 0.011922
vn 0.662082 0.681349 -0.312108
vn 0.662082 0.681349 -0.312108
vn 0.880536 0.473830 0.011922
vn 0.827671 0.391140 -0.402456
vn 0.488583 0.872245 0.021786
vn 0.730315 0.682716 -0.023211
vn 0.392206 0.900103 -0.189708
vn 0.392206 0.900103 -0.189708
vn 0.730315 0.682716 -0.023211
vn 0.662082 0.681349 -0.312108
vn 0.662082 0.681349 -0.312108
vn 0.827671 0.391140 -0.402456
vn 0.632324 0.510883 -0.582378
vn 0.662082 0.681349 -0.312108
vn 0.632324 0.510883 -0.582378
vn 0.392206 0.900103 -0.189708
vn 0.632324 0.510883 -0.582378
vn 0.827671 0.391140 -0.402456
vn 0.700471 0.241224 -0.671678
vn 0.700471 0.241224 -0.671678
vn 0.827671 0.391140 -0.402456
vn 0.688215 0.204265 -0.696158
vn 0.700471 0.241224 -0.671678
vn 0.688215 0.204265 -0.696158
vn 0.699234 -0.088327 -0.709415
vn 0.632324 0.510883 -0.582378
vn 0.700471 0.241224 -0.671678
vn 0.716173 -0.098844 -0.690888
vn 0.716173 -0.098844 -0.690888
vn 0.700471 0.241224 -0.671678
vn 0.699234 -0.088327 -0.709415
vn 0.716173 -0.098844 -0.690888
vn 0.699234 -0.088327 -0.709415
vn 0.799230 -0.032366 -0.600153
vn 0.799230 -0.032366 -0.600153
vn 0.699234 -0.088327 -0.709415
vn 0.658921 0.477837 -0.580942
vn 0.632324 0.510883 -0.582378
vn 0.716173 -0.098844 -0.690888
vn 0.690236 0.270938 -0.670945
vn 0.690236 0.270938 -0.670945
vn 0.716173 -0.098844 -0.690888
vn 0.799230 -0.032366 -0.600153
vn 0.401031 0.834179 -0.378576
vn 0.392206 0.900103 -0.189708
vn 0.632324 0.510883 -0.582378
vn 0.401031 0.834179 -0.378576
vn 0.632324 0.510883 -0.582378
vn 0.690236 0.270938 -0.670945
vn 0.392206 0.900103 -0.189708
vn 0.401031 0.834179 -0.378576
vn 0.150446 0.983819 -0.097298
vn 0.185309 0.982553 0.015787
vn 0.488583 0.872245 0.021786
vn 0.392206 0.900103 -0.189708
vn 0.185309 0.982553 0.015787
vn 0.392206 0.900103 -0.189708
vn 0.150446 0.983819 -0.097298
vn 0.150446 0.983819 -0.097298
vn 0.401031 0.834179 -0.378576
vn 0.115271 0.978580 -0.170571
vn 0.401031 0.834179 -0.378576
vn 0.690236 0.270938 -0.670945
vn 0.430409 0.771571 -0.468429
vn 0.401031 0.834179 -0.378576
vn 0.430409 0.771571 -0.468429
vn 0.115271 0.978580 -0.170571
vn 0.430409 0.771571 -0.468429
vn 0.690236 0.270938 -0.670945
vn 0.810328 0.061879 -0.582700
vn 0.810328 0.061879 -0.582700
vn 0.690236 0.270938 -0.670945
vn 0.799230 -0.032366 -0.600153
vn 0.115271 0.978580 -0.170571
vn 0.430409 0.771571 -0.468429
vn 0.101968 0.975405 -0.195416
vn 0.430409 0.771571 -0.468429
vn 0.810328 0.061879 -0.582700
vn 0.498103 0.763417 -0.411202
vn 0.430409 0.771571 -0.468429
vn 0.498103 0.763417 -0.411202
vn 0.101968 0.975405 -0.195416
vn 0.810328 0.061879 -0.582700
vn 0.799230 -0.032366 -0.600153
vn 0.898648 -0.210197 -0.385030
vn 0.498103 0.763417 -0.411202
vn 0.810328 0.061879 -0.582700
vn 0.889675 0.236903 -0.390327
vn 0.889675 0.236903 -0.390327
vn 0.810328 0.061879 -0.582700
vn 0.898648 -0.210197 -0.385030
vn 0.498103 0.763417 -0.411202
vn 0.889675 0.236903 -0.390327
vn 0.490520 0.844841 -0.213620
vn 0.898648 -0.210197 -0.385030
vn 0.799230 -0.032366 -0.600153
vn 0.901541 -0.013924 -0.432471
vn 0.901541 -0.013924 -0.432471
vn 0.799230 -0.032366 -0.600153
vn 0.731788 0.526453 -0.432820
vn 0.731788 0.526453 -0.432820
vn 0.799230 -0.032366 -0.600153
vn 0.658921 0.477837 -0.580942
vn 0.731788 0.526453 -0.432820
vn 0.658921 0.477837 -0.580942
vn 0.404540 0.861320 -0.307367
vn 0.731788 0.526453 -0.432820
vn 0.404540 0.861320 -0.307367
vn 0.774871 0.601862 -0.193228
vn 0.731788 0.526453 -0.432820
vn 0.774871 0.601862 -0.193228
vn 0.901541 -0.013924 -0.432471
vn 0.901541 -0.013924 -0.432471
vn 0.774871 0.601862 -0.193228
vn 0.991439 0.052543 -0.119532
vn 0.901541 -0.013924 -0.432471
vn 0.991439 0.052543 -0.119532
vn 0.898648 -0.210197 -0.385030
vn 0.991439 0.052543 -0.119532
vn 0.774871 0.601862 -0.193228
vn 0.755367 0.644147 0.120397
vn 0.898648 -0.210197 -0.385030
vn 0.991439 0.052543 -0.119532
vn 0.976907 -0.205919 -0.057006
vn 0.898648 -0.210197 -0.385030
vn 0.976907 -0.205919 -0.057006
vn 0.889675 0.236903 -0.390327
vn 0.991439 0.052543 -0.119532
vn 0.755367 0.644147 0.120397
vn 0.962472 0.126711 0.239984
vn 0.991439 0.052543 -0.119532
vn 0.962472 0.126711 0.239984
vn 0.976907 -0.205919 -0.057006
vn 0.962472 0.126711 0.239984
vn 0.755367 0.644147 0.120397
vn 0.665376 0.650275 0.366630
vn 0.889675 0.236903 -0.390327
vn 0.976907 -0.205919 -0.057006
vn 0.961299 0.275212 -0.012727
vn 0.889675 0.236903 -0.390327
vn 0.961299 0.275212 -0.012727
vn 0.490520 0.844841 -0.213620
vn 0.962472 0.126711 0.239984
vn 0.665376 0.650275 0.366630
vn 0.855391 0.199838 0.477882
vn 0.976907 -0.205919 -0.057006
vn 0.962472 0.126711 0.239984
vn 0.952122 -0.121514 0.280533
vn 0.976907 -0.205919 -0.057006
vn 0.952122 -0.121514 0.280533
vn 0.961299 0.275212 -0.012727
vn 0.952122 -0.121514 0.280533
vn 0.962472 0.126711 0.239984
vn 0.855391 0.199838 0.477882
vn 0.855391 0.199838 0.477882
vn 0.665376 0.650275 0.366630
vn 0.567647 0.651666 0.503098
vn 0.855391 0.199838 0.477882
vn 0.567647 0.651666 0.503098
vn 0.708543 0.236327 0.664919
vn 0.708543 0.236327 0.664919
vn 0.567647 0.651666 0.503098
vn 0.453886 0.676497 0.579947
vn 0.855391 0.199838 0.477882
vn 0.708543 0.236327 0.664919
vn 0.669358 0.307243 0.676433
vn 0.708543 0.236327 0.664919
vn 0.453886 0.676497 0.579947
vn 0.570178 0.256893 0.780323
vn 0.708543 0.236327 0.664919
vn 0.570178 0.256893 0.780323
vn 0.669358 0.307243 0.676433
vn 0.570178 0.256893 0.780323
vn 0.453886 0.676497 0.579947
vn 0.537373 0.256448 0.803408
vn 0.537373 0.256448 0.803408
vn 0.453886 0.676497 0.579947
vn 0.401028 0.647382 0.648130
vn 0.537373 0.256448 0.803408
vn 0.401028 0.647382 0.648130
vn 0.384611 0.336281 0.859645
vn 0.570178 0.256893 0.780323
vn 0.537373 0.256448 0.803408
vn 0.581819 0.276188 0.764988
vn 0.570178 0.256893 0.780323
vn 0.581819 0.276188 0.764988
vn 0.669358 0.307243 0.676433
vn 0.537373 0.256448 0.803408
vn 0.384611 0.336281 0.859645
vn 0.517276 0.323950 0.792138
vn 0.537373 0.256448 0.803408
vn 0.517276 0.323950 0.792138
vn 0.581819 0.276188 0.764988
vn 0.809442 0.334620 0.482528
vn 0.855391 0.199838 0.477882
vn 0.669358 0.307243 0.676433
vn 0.855391 0.199838 0.477882
vn 0.809442 0.334620 0.482528
vn 0.952122 -0.121514 0.280533
vn 0.952122 -0.121514 0.280533
vn 0.809442 0.334620 0.482528
vn 0.902481 0.355259 0.243554
vn 0.952122 -0.121514 0.280533
vn 0.902481 0.355259 0.243554
vn 0.961299 0.275212 -0.012727
vn 0.961299 0.275212 -0.012727
vn 0.902481 0.355259 0.243554
vn 0.465637 0.884969 -0.003451
vn 0.961299 0.275212 -0.012727
vn 0.465637 0.884969 -0.003451
vn 0.490520 0.844841 -0.213620
vn 0.902481 0.355259 0.243554
vn 0.809442 0.334620 0.482528
vn 0.424004 0.896586 0.127883
vn 0.902481 0.355259 0.243554
vn 0.424004 0.896586 0.127883
vn 0.465637 0.884969 -0.003451
vn 0.809442 0.334620 0.482528
vn 0.669358 0.307243 0.676433
vn 0.372657 0.897932 0.234192
vn 0.809442 0.334620 0.482528
vn 0.372657 0.897932 0.234192
vn 0.424004 0.896586 0.127883
vn 0.372657 0.897932 0.234192
vn 0.669358 0.307243 0.676433
vn 0.350570 0.854765 0.382725
vn 0.350570 0.854765 0.382725
vn 0.669358 0.307243 0.676433
vn 0.581819 0.276188 0.764988
vn 0.424004 0.896586 0.127883
vn 0.372657 0.897932 0.234192
vn 0.006058 0.999921 0.010969
vn 0.465637 0.884969 -0.003451
vn 0.424004 0.896586 0.127883
vn 0.015211 0.999812 -0.012012
vn 0.015211 0.999812 -0.012012
vn 0.424004 0.896586 0.127883
vn 0.006058 0.999921 0.010969
vn 0.372657 0.897932 0.234192
vn 0.350570 0.854765 0.382725
vn 0.014733 0.999513 0.027494
vn 0.372657 0.897932 0.234192
vn 0.014733 0.999513 0.027494
vn 0.006058 0.999921 0.010969
vn 0.350570 0.854765 0.382725
vn 0.581819 0.276188 0.764988
vn 0.366087 0.811816 0.454901
vn 0.350570 0.854765 0.382725
vn 0.366087 0.811816 0.454901
vn 0.014733 0.999513 0.027494
vn 0.366087 0.811816 0.454901
vn 0.581819 0.276188 0.764988
vn 0.320822 0.823747 0.467455
vn 0.320822 0.823747 0.467455
vn 0.581819 0.276188 0.764988
vn 0.517276 0.323950 0.792138
vn 0.014733 0.999513 0.027494
vn 0.366087 0.811816 0.454901
vn 0.011946 0.997698 0.066758
vn 0.011946 0.997698 0.066758
vn 0.366087 0.811816 0.454901
vn 0.320822 0.823747 0.467455
vn 0.320822 0.823747 0.467455
vn 0.517276 0.323950 0.792138
vn 0.195343 0.814838 0.545785
vn 0.320822 0.823747 0.467455
vn 0.195343 0.814838 0.545785
vn 0.011946 0.997698 0.066758
vn 0.195343 0.814838 0.545785
vn 0.517276 0.323950 0.792138
vn 0.375585 0.333310 0.864778
vn 0.375585 0.333310 0.864778
vn 0.517276 0.323950 0.792138
vn 0.384611 0.336281 0.859645
vn 0.011946 0.997698 0.066758
vn 0.195343 0.814838 0.545785
vn -0.032835 0.990415 0.134162
vn 0.195343 0.814838 0.545785
vn 0.375585 0.333310 0.864778
vn 0.053691 0.778813 0.624954
vn 0.195343 0.814838 0.545785
vn 0.053691 0.778813 0.624954
vn -0.032835 0.990415 0.134162
vn 0.375585 0.333310 0.864778
vn 0.384611 0.336281 0.859645
vn 0.093189 0.337364 0.936750
vn 0.375585 0.333310 0.864778
vn 0.093189 0.337364 0.936750
vn 0.053691 0.778813 0.624954
vn 0.093189 0.337364 0.936750
vn 0.384611 0.336281 0.859645
vn 0.075151 0.372091 0.925149
vn 0.093189 0.337364 0.936750
vn 0.075151 0.372091 0.925149
vn -0.245304 0.413019 0.877064
vn -0.245304 0.413019 0.877064
vn 0.075151 0.372091 0.925149
vn -0.216501 0.395737 0.892479
vn 0.053691 0.778813 0.624954
vn 0.093189 0.337364 0.936750
vn -0.158473 0.735873 0.658314
vn -0.158473 0.735873 0.658314
vn 0.093189 0.337364 0.936750
vn -0.245304 0.413019 0.877064
vn -0.074387 0.973101 0.218039
vn -0.032835 0.990415 0.134162
vn 0.053691 0.778813 0.624954
vn -0.074387 0.973101 0.218039
vn 0.053691 0.778813 0.624954
vn -0.158473 0.735873 0.658314
vn -0.245304 0.413019 0.877064
vn -0.216501 0.395737 0.892479
vn -0.292860 0.316210 0.902355
vn -0.292860 0.316210 0.902355
vn -0.216501 0.395737 0.892479
vn -0.294497 0.419370 0.858720
vn -0.292860 0.316210 0.902355
vn -0.294497 0.419370 0.858720
vn -0.159914 0.428704 0.889180
vn -0.245304 0.413019 0.877064
vn -0.292860 0.316210 0.902355
vn -0.235059 0.677814 0.696645
vn -0.245304 0.413019 0.877064
vn -0.235059 0.677814 0.696645
vn -0.158473 0.735873 0.658314
vn -0.292860 0.316210 0.902355
vn -0.159914 0.428704 0.889180
vn -0.160381 0.304396 0.938947
vn -0.292860 0.316210 0.902355
vn -0.160381 0.304396 0.938947
vn -0.235059 0.677814 0.696645
vn -0.160381 0.304396 0.938947
vn -0.159914 0.428704 0.889180
vn -0.182680 0.454673 0.871723
vn -0.158473 0.735873 0.658314
vn -0.235059 0.677814 0.696645
vn -0.105502 0.960813 0.256335
vn -0.158473 0.735873 0.658314
vn -0.105502 0.960813 0.256335
vn -0.074387 0.973101 0.218039
vn -0.235059 0.677814 0.696645
vn -0.160381 0.304396 0.938947
vn -0.113099 0.673913 0.730103
vn -0.235059 0.677814 0.696645
vn -0.113099 0.673913 0.730103
vn -0.105502 0.960813 0.256335
vn -0.160381 0.304396 0.938947
vn -0.182680 0.454673 0.871723
vn -0.179583 0.315769 0.931687
vn -0.160381 0.304396 0.938947
vn -0.179583 0.315769 0.931687
vn -0.113099 0.673913 0.730103
vn -0.179583 0.315769 0.931687
vn -0.182680 0.454673 0.871723
vn -0.464989 0.331399 0.820951
vn -0.179583 0.315769 0.931687
vn -0.464989 0.331399 0.820951
vn -0.408765 0.563995 0.717510
vn -0.113099 0.673913 0.730103
vn -0.179583 0.315769 0.931687
vn -0.156127 0.613231 0.774320
vn -0.156127 0.613231 0.774320
vn -0.179583 0.315769 0.931687
vn -0.408765 0.563995 0.717510
vn -0.105502 0.960813 0.256335
vn -0.113099 0.673913 0.730103
vn -0.049728 0.957831 0.282997
vn -0.049728 0.957831 0.282997
vn -0.113099 0.673913 0.730103
vn -0.156127 0.613231 0.774320
vn -0.156127 0.613231 0.774320
vn -0.408765 0.563995 0.717510
vn -0.084792 0.915394 0.393529
vn -0.156127 0.613231 0.774320
vn -0.084792 0.915394 0.393529
vn -0.049728 0.957831 0.282997
vn -0.084792 0.915394 0.393529
vn -0.408765 0.563995 0.717510
vn -0.257263 0.885335 0.387295
vn -0.257263 0.885335 0.387295
vn -0.408765 0.563995 0.717510
vn -0.657755 0.529838 0.535379
vn -0.049728 0.957831 0.282997
vn -0.084792 0.915394 0.393529
vn -0.152794 0.957236 0.245670
vn -0.152794 0.957236 0.245670
vn -0.084792 0.915394 0.393529
vn -0.257263 0.885335 0.387295
vn -0.257263 0.885335 0.387295
vn -0.657755 0.529838 0.535379
vn -0.408248 0.857168 0.314002
vn -0.408248 0.857168 0.314002
vn -0.657755 0.529838 0.535379
vn -0.522491 0.807170 0.274737
vn -0.257263 0.885335 0.387295
vn -0.408248 0.857168 0.314002
vn -0.283625 0.916267 0.282864
vn -0.257263 0.885335 0.387295
vn -0.283625 0.916267 0.282864
vn -0.152794 0.957236 0.245670
vn -0.408248 0.857168 0.314002
vn -0.522491 0.807170 0.274737
vn -0.403192 0.886063 0.228755
vn -0.403192 0.886063 0.228755
vn -0.522491 0.807170 0.274737
vn -0.409887 0.874473 0.259402
vn -0.049728 0.957831 0.282997
vn -0.152794 0.957236 0.245670
vn -0.122115 0.973995 0.190847
vn -0.408248 0.857168 0.314002
vn -0.403192 0.886063 0.228755
vn -0.387906 0.886493 0.252307
vn -0.408248 0.857168 0.314002
vn -0.387906 0.886493 0.252307
vn -0.283625 0.916267 0.282864
vn -0.049728 0.957831 0.282997
vn -0.122115 0.973995 0.190847
vn -0.081090 0.981934 0.170967
vn -0.049728 0.957831 0.282997
vn -0.081090 0.981934 0.170967
vn -0.105502 0.960813 0.256335
vn -0.122115 0.973995 0.190847
vn -0.152794 0.957236 0.245670
vn -0.288942 0.786317 0.546094
vn -0.122115 0.973995 0.190847
vn -0.288942 0.786317 0.546094
vn -0.081090 0.981934 0.170967
vn -0.396557 0.770590 0.498933
vn -0.152794 0.957236 0.245670
vn -0.283625 0.916267 0.282864
vn -0.152794 0.957236 0.245670
vn -0.396557 0.770590 0.498933
vn -0.288942 0.786317 0.546094
vn -0.283625 0.916267 0.282864
vn -0.387906 0.886493 0.252307
vn -0.582699 0.615162 0.531072
vn -0.283625 0.916267 0.282864
vn -0.582699 0.615162 0.531072
vn -0.396557 0.770590 0.498933
vn -0.105502 0.960813 0.256335
vn -0.081090 0.981934 0.170967
vn -0.032538 0.981162 0.190428
vn -0.105502 0.960813 0.256335
vn -0.032538 0.981162 0.190428
vn -0.074387 0.973101 0.218039
vn -0.081090 0.981934 0.170967
vn -0.288942 0.786317 0.546094
vn -0.150326 0.817823 0.555488
vn -0.396557 0.770590 0.498933
vn -0.582699 0.615162 0.531072
vn -0.736044 0.238981 0.633346
vn -0.081090 0.981934 0.170967
vn -0.150326 0.817823 0.555488
vn -0.016032 0.836900 0.547120
vn -0.081090 0.981934 0.170967
vn -0.016032 0.836900 0.547120
vn -0.032538 0.981162 0.190428
vn -0.150326 0.817823 0.555488
vn -0.288942 0.786317 0.546094
vn -0.167250 0.490605 0.855181
vn -0.150326 0.817823 0.555488
vn -0.167250 0.490605 0.855181
vn -0.016032 0.836900 0.547120
vn -0.392276 0.424965 0.815797
vn -0.288942 0.786317 0.546094
vn -0.396557 0.770590 0.498933
vn -0.288942 0.786317 0.546094
vn -0.392276 0.424965 0.815797
vn -0.167250 0.490605 0.855181
vn -0.392276 0.424965 0.815797
vn -0.396557 0.770590 0.498933
vn -0.547835 0.418130 0.724599
vn -0.547835 0.418130 0.724599
vn -0.396557 0.770590 0.498933
vn -0.736044 0.238981 0.633346
vn -0.167250 0.490605 0.855181
vn -0.392276 0.424965 0.815797
vn -0.404194 0.251083 0.879537
vn -0.404194 0.251083 0.879537
vn -0.392276 0.424965 0.815797
vn -0.547835 0.418130 0.724599
vn -0.016032 0.836900 0.547120
vn -0.167250 0.490605 0.855181
vn 0.090061 0.440499 0.893224
vn -0.167250 0.490605 0.855181
vn -0.404194 0.251083 0.879537
vn -0.144580 0.244817 0.958729
vn -0.167250 0.490605 0.855181
vn -0.144580 0.244817 0.958729
vn 0.090061 0.440499 0.893224
vn -0.016032 0.836900 0.547120
vn 0.090061 0.440499 0.893224
vn 0.083332 0.793871 0.602349
vn -0.016032 0.836900 0.547120
vn 0.083332 0.793871 0.602349
vn -0.032538 0.981162 0.190428
vn 0.090061 0.440499 0.893224
vn -0.144580 0.244817 0.958729
vn 0.153684 0.175139 0.972475
vn 0.083332 0.793871 0.602349
vn 0.090061 0.440499 0.893224
vn 0.205980 0.385906 0.899249
vn 0.205980 0.385906 0.899249
vn 0.090061 0.440499 0.893224
vn 0.153684 0.175139 0.972475
vn 0.083332 0.793871 0.602349
vn 0.205980 0.385906 0.899249
vn 0.071052 0.776100 0.626595
vn 0.083332 0.793871 0.602349
vn 0.071052 0.776100 0.626595
vn -0.032538 0.981162 0.190428
vn 0.205980 0.385906 0.899249
vn 0.153684 0.175139 0.972475
vn 0.203262 0.294370 0.933826
vn -0.032538 0.981162 0.190428
vn 0.071052 0.776100 0.626595
vn -0.033581 0.962689 0.268518
vn -0.032538 0.981162 0.190428
vn -0.033581 0.962689 0.268518
vn -0.074387 0.973101 0.218039
vn -0.074387 0.973101 0.218039
vn -0.033581 0.962689 0.268518
vn -0.032835 0.990415 0.134162
vn 0.071052 0.776100 0.626595
vn 0.205980 0.385906 0.899249
vn 0.164365 0.381567 0.909611
vn 0.164365 0.381567 0.909611
vn 0.205980 0.385906 0.899249
vn 0.203262 0.294370 0.933826
vn -0.033581 0.962689 0.268518
vn 0.071052 0.776100 0.626595
vn 0.006584 0.723245 0.690560
vn 0.006584 0.723245 0.690560
vn 0.071052 0.776100 0.626595
vn 0.164365 0.381567 0.909611
vn -0.032835 0.990415 0.134162
vn -0.033581 0.962689 0.268518
vn -0.073112 0.977968 0.195532
vn -0.073112 0.977968 0.195532
vn -0.033581 0.962689 0.268518
vn 0.006584 0.723245 0.690560
vn -0.032835 0.990415 0.134162
vn -0.073112 0.977968 0.195532
vn 0.011946 0.997698 0.066758
vn 0.011946 0.997698 0.066758
vn -0.073112 0.977968 0.195532
vn 0.009717 0.991467 0.129994
vn 0.011946 0.997698 0.066758
vn 0.009717 0.991467 0.129994
vn 0.014733 0.999513 0.027494
vn -0.073112 0.977968 0.195532
vn 0.006584 0.723245 0.690560
vn -0.037043 0.774323 0.631705
vn 0.006584 0.723245 0.690560
vn 0.164365 0.381567 0.909611
vn 0.060847 0.303935 0.950748
vn 0.006584 0.723245 0.690560
vn 0.060847 0.303935 0.950748
vn -0.037043 0.774323 0.631705
vn 0.060847 0.303935 0.950748
vn 0.164365 0.381567 0.909611
vn 0.186703 0.298636 0.935927
vn 0.186703 0.298636 0.935927
vn 0.164365 0.381567 0.909611
vn 0.203262 0.294370 0.933826
vn -0.037043 0.774323 0.631705
vn 0.060847 0.303935 0.950748
vn 0.072906 0.291610 0.953755
vn -0.073112 0.977968 0.195532
vn -0.037043 0.774323 0.631705
vn 0.090082 0.766019 0.636475
vn 0.090082 0.766019 0.636475
vn -0.037043 0.774323 0.631705
vn 0.072906 0.291610 0.953755
vn -0.073112 0.977968 0.195532
vn 0.090082 0.766019 0.636475
vn 0.009717 0.991467 0.129994
vn 0.072906 0.291610 0.953755
vn 0.060847 0.303935 0.950748
vn 0.127998 0.175764 0.976076
vn 0.127998 0.175764 0.976076
vn 0.060847 0.303935 0.950748
vn 0.186703 0.298636 0.935927
vn 0.090082 0.766019 0.636475
vn 0.072906 0.291610 0.953755
vn 0.218862 0.209677 0.952961
vn 0.186703 0.298636 0.935927
vn 0.203262 0.294370 0.933826
vn 0.122739 0.517699 0.846713
vn 0.009717 0.991467 0.129994
vn 0.090082 0.766019 0.636475
vn 0.171158 0.769176 0.615690
vn 0.171158 0.769176 0.615690
vn 0.090082 0.766019 0.636475
vn 0.218862 0.209677 0.952961
vn 0.122739 0.517699 0.846713
vn 0.203262 0.294370 0.933826
vn 0.031487 0.546779 0.836685
vn 0.031487 0.546779 0.836685
vn 0.203262 0.294370 0.933826
vn 0.057978 0.375704 0.924924
vn 0.057978 0.375704 0.924924
vn 0.203262 0.294370 0.933826
vn 0.153684 0.175139 0.972475
vn 0.057978 0.375704 0.924924
vn 0.153684 0.175139 0.972475
vn -0.094569 0.332414 0.938380
vn 0.057978 0.375704 0.924924
vn -0.094569 0.332414 0.938380
vn 0.031487 0.546779 0.836685
vn -0.094569 0.332414 0.938380
vn 0.153684 0.175139 0.972475
vn -0.144580 0.244817 0.958729
vn -0.094569 0.332414 0.938380
vn -0.144580 0.244817 0.958729
vn -0.376380 0.395592 0.837762
vn -0.376380 0.395592 0.837762
vn -0.144580 0.244817 0.958729
vn -0.404194 0.251083 0.879537
vn 0.031487 0.546779 0.836685
vn -0.094569 0.332414 0.938380
vn -0.132668 0.548780 0.825373
vn -0.132668 0.548780 0.825373
vn -0.094569 0.332414 0.938380
vn -0.376380 0.395592 0.837762
vn -0.376380 0.395592 0.837762
vn -0.404194 0.251083 0.879537
vn -0.603609 0.084346 0.792806
vn -0.603609 0.084346 0.792806
vn -0.404194 0.251083 0.879537
vn -0.547835 0.418130 0.724599
vn -0.132668 0.548780 0.825373
vn -0.376380 0.395592 0.837762
vn -0.319841 0.591052 0.740513
vn 0.031487 0.546779 0.836685
vn -0.132668 0.548780 0.825373
vn -0.075674 0.546722 0.833887
vn -0.075674 0.546722 0.833887
vn -0.132668 0.548780 0.825373
vn -0.319841 0.591052 0.740513
vn -0.319841 0.591052 0.740513
vn -0.376380 0.395592 0.837762
vn -0.602814 0.249923 0.757729
vn -0.602814 0.249923 0.757729
vn -0.376380 0.395592 0.837762
vn -0.603609 0.084346 0.792806
vn -0.603609 0.084346 0.792806
vn -0.547835 0.418130 0.724599
vn -0.754630 -0.011642 0.656047
vn -0.602814 0.249923 0.757729
vn -0.603609 0.084346 0.792806
vn -0.770524 0.066211 0.633963
vn -0.770524 0.066211 0.633963
vn -0.603609 0.084346 0.792806
vn -0.754630 -0.011642 0.656047
vn -0.754630 -0.011642 0.656047
vn -0.547835 0.418130 0.724599
vn -0.736044 0.238981 0.633346
vn -0.602814 0.249923 0.757729
vn -0.770524 0.066211 0.633963
vn -0.546801 0.553787 0.627956
vn -0.602814 0.249923 0.757729
vn -0.546801 0.553787 0.627956
vn -0.319841 0.591052 0.740513
vn -0.319841 0.591052 0.740513
vn -0.546801 0.553787 0.627956
vn -0.341642 0.583054 0.737108
vn -0.319841 0.591052 0.740513
vn -0.341642 0.583054 0.737108
vn -0.075674 0.546722 0.833887
vn -0.546801 0.553787 0.627956
vn -0.770524 0.066211 0.633963
vn -0.740076 0.396800 0.542990
vn 0.083259 0.536683 0.839666
vn 0.031487 0.546779 0.836685
vn -0.075674 0.546722 0.833887
vn 0.031487 0.546779 0.836685
vn 0.083259 0.536683 0.839666
vn 0.122739 0.517699 0.846713
vn -0.075674 0.546722 0.833887
vn -0.341642 0.583054 0.737108
vn -0.094894 0.527477 0.844253
vn -0.075674 0.546722 0.833887
vn -0.094894 0.527477 0.844253
vn -0.001946 0.478707 0.877973
vn -0.075674 0.546722 0.833887
vn -0.001946 0.478707 0.877973
vn 0.083259 0.536683 0.839666
vn -0.094894 0.527477 0.844253
vn -0.341642 0.583054 0.737108
vn -0.181885 0.551070 0.814396
vn 0.083259 0.536683 0.839666
vn -0.001946 0.478707 0.877973
vn 0.084905 0.496813 0.863694
vn -0.181885 0.551070 0.814396
vn -0.341642 0.583054 0.737108
vn -0.440810 0.530829 0.723814
vn 0.083259 0.536683 0.839666
vn 0.084905 0.496813 0.863694
vn 0.130122 0.581728 0.802908
vn 0.130122 0.581728 0.802908
vn 0.084905 0.496813 0.863694
vn 0.085345 0.561094 0.823340
vn 0.172710 0.514209 0.840095
vn 0.122739 0.517699 0.846713
vn 0.083259 0.536683 0.839666
vn 0.172710 0.514209 0.840095
vn 0.083259 0.536683 0.839666
vn 0.130122 0.581728 0.802908
vn 0.122739 0.517699 0.846713
vn 0.172710 0.514209 0.840095
vn 0.186703 0.298636 0.935927
vn 0.130122 0.581728 0.802908
vn 0.085345 0.561094 0.823340
vn 0.106173 0.616983 0.779782
vn 0.186703 0.298636 0.935927
vn 0.172710 0.514209 0.840095
vn 0.179757 0.514902 0.838191
vn 0.179757 0.514902 0.838191
vn 0.172710 0.514209 0.840095
vn 0.130122 0.581728 0.802908
vn 0.130122 0.581728 0.802908
vn 0.106173 0.616983 0.779782
vn 0.184824 0.639301 0.746415
vn 0.130122 0.581728 0.802908
vn 0.184824 0.639301 0.746415
vn 0.179757 0.514902 0.838191
vn 0.184824 0.639301 0.746415
vn 0.106173 0.616983 0.779782
vn 0.132138 0.678036 0.723054
vn 0.184824 0.639301 0.746415
vn 0.132138 0.678036 0.723054
vn 0.259719 0.704459 0.660518
vn 0.186703 0.298636 0.935927
vn 0.179757 0.514902 0.838191
vn 0.127998 0.175764 0.976076
vn 0.179757 0.514902 0.838191
vn 0.184824 0.639301 0.746415
vn 0.269775 0.459616 0.846153
vn 0.179757 0.514902 0.838191
vn 0.269775 0.459616 0.846153
vn 0.127998 0.175764 0.976076
vn 0.184824 0.639301 0.746415
vn 0.259719 0.704459 0.660518
vn 0.364830 0.421225 0.830342
vn 0.184824 0.639301 0.746415
vn 0.364830 0.421225 0.830342
vn 0.269775 0.459616 0.846153
vn 0.127998 0.175764 0.976076
vn 0.269775 0.459616 0.846153
vn 0.217019 0.037866 0.975433
vn 0.364830 0.421225 0.830342
vn 0.259719 0.704459 0.660518
vn 0.408979 0.440353 0.799265
vn 0.269775 0.459616 0.846153
vn 0.364830 0.421225 0.830342
vn 0.357371 -0.120111 0.926207
vn 0.269775 0.459616 0.846153
vn 0.357371 -0.120111 0.926207
vn 0.217019 0.037866 0.975433
vn 0.357371 -0.120111 0.926207
vn 0.364830 0.421225 0.830342
vn 0.408979 0.440353 0.799265
vn 0.408979 0.440353 0.799265
vn 0.259719 0.704459 0.660518
vn 0.497899 0.432420 0.751738
vn 0.217019 0.037866 0.975433
vn 0.357371 -0.120111 0.926207
vn 0.142875 -0.156334 0.977316
vn 0.217019 0.037866 0.975433
vn 0.142875 -0.156334 0.977316
vn 0.127998 0.175764 0.976076
vn 0.127998 0.175764 0.976076
vn 0.142875 -0.156334 0.977316
vn 0.072906 0.291610 0.953755
vn 0.072906 0.291610 0.953755
vn 0.142875 -0.156334 0.977316
vn 0.263331 -0.221578 0.938914
vn 0.263331 -0.221578 0.938914
vn 0.142875 -0.156334 0.977316
vn 0.357371 -0.120111 0.926207
vn 0.072906 0.291610 0.953755
vn 0.263331 -0.221578 0.938914
vn 0.218862 0.209677 0.952961
vn 0.357371 -0.120111 0.926207
vn 0.408979 0.440353 0.799265
vn 0.428139 -0.183194 0.884950
vn 0.357371 -0.120111 0.926207
vn 0.428139 -0.183194 0.884950
vn 0.263331 -0.221578 0.938914
vn 0.428139 -0.183194 0.884950
vn 0.408979 0.440353 0.799265
vn 0.559834 -0.253000 0.789035
vn 0.559834 -0.253000 0.789035
vn 0.408979 0.440353 0.799265
vn 0.497899 0.432420 0.751738
vn 0.263331 -0.221578 0.938914
vn 0.428139 -0.183194 0.884950
vn 0.376167 -0.319291 0.869800
vn 0.263331 -0.221578 0.938914
vn 0.376167 -0.319291 0.869800
vn 0.218862 0.209677 0.952961
vn 0.376167 -0.319291 0.869800
vn 0.428139 -0.183194 0.884950
vn 0.559834 -0.253000 0.789035
vn 0.218862 0.209677 0.952961
vn 0.376167 -0.319291 0.869800
vn 0.350995 0.222188 0.909635
vn 0.218862 0.209677 0.952961
vn 0.350995 0.222188 0.909635
vn 0.171158 0.769176 0.615690
vn 0.376167 -0.319291 0.869800
vn 0.559834 -0.253000 0.789035
vn 0.556815 -0.320420 0.766347
vn 0.376167 -0.319291 0.869800
vn 0.556815 -0.320420 0.766347
vn 0.350995 0.222188 0.909635
vn 0.559834 -0.253000 0.789035
vn 0.497899 0.432420 0.751738
vn 0.618782 -0.220805 0.753893
vn 0.559834 -0.253000 0.789035
vn 0.618782 -0.220805 0.753893
vn 0.556815 -0.320420 0.766347
vn 0.618782 -0.220805 0.753893
vn 0.497899 0.432420 0.751738
vn 0.582925 0.470743 0.662269
vn 0.171158 0.769176 0.615690
vn 0.350995 0.222188 0.909635
vn 0.309739 0.799030 0.515376
vn 0.171158 0.769176 0.615690
vn 0.309739 0.799030 0.515376
vn 0.009717 0.991467 0.129994
vn 0.350995 0.222188 0.909635
vn 0.556815 -0.320420 0.766347
vn 0.552032 0.268601 0.789376
vn 0.350995 0.222188 0.909635
vn 0.552032 0.268601 0.789376
vn 0.309739 0.799030 0.515376
vn 0.556815 -0.320420 0.766347
vn 0.618782 -0.220805 0.753893
vn 0.640883 -0.313837 0.700553
vn 0.556815 -0.320420 0.766347
vn 0.640883 -0.313837 0.700553
vn 0.552032 0.268601 0.789376
vn 0.618782 -0.220805 0.753893
vn 0.582925 0.470743 0.662269
vn 0.694755 -0.102221 0.711946
vn 0.618782 -0.220805 0.753893
vn 0.694755 -0.102221 0.711946
vn 0.640883 -0.313837 0.700553
vn 0.694755 -0.102221 0.711946
vn 0.582925 0.470743 0.662269
vn 0.659953 0.545814 0.516284
vn 0.333997 0.850934 0.405410
vn 0.009717 0.991467 0.129994
vn 0.309739 0.799030 0.515376
vn 0.333997 0.850934 0.405410
vn 0.309739 0.799030 0.515376
vn 0.552032 0.268601 0.789376
vn 0.009717 0.991467 0.129994
vn 0.333997 0.850934 0.405410
vn 0.028622 0.998619 0.044057
vn 0.009717 0.991467 0.129994
vn 0.028622 0.998619 0.044057
vn 0.014733 0.999513 0.027494
vn 0.014733 0.999513 0.027494
vn 0.028622 0.998619 0.044057
vn 0.006058 0.999921 0.010969
vn 0.694755 -0.102221 0.711946
vn 0.659953 0.545814 0.516284
vn 0.783497 -0.128610 0.607941
vn 0.783497 -0.128610 0.607941
vn 0.659953 0.545814 0.516284
vn 0.764018 0.555827 0.327618
vn 0.006058 0.999921 0.010969
vn 0.028622 0.998619 0.044057
vn 0.079671 0.994779 0.063773
vn 0.694755 -0.102221 0.711946
vn 0.783497 -0.128610 0.607941
vn 0.680119 -0.277799 0.678429
vn 0.694755 -0.102221 0.711946
vn 0.680119 -0.277799 0.678429
vn 0.640883 -0.313837 0.700553
vn 0.783497 -0.128610 0.607941
vn 0.764018 0.555827 0.327618
vn 0.876984 -0.237538 0.417702
vn 0.876984 -0.237538 0.417702
vn 0.764018 0.555827 0.327618
vn 0.847050 0.530492 0.032933
vn 0.680119 -0.277799 0.678429
vn 0.783497 -0.128610 0.607941
vn 0.716892 -0.370978 0.590290
vn 0.716892 -0.370978 0.590290
vn 0.783497 -0.128610 0.607941
vn 0.876984 -0.237538 0.417702
vn 0.876984 -0.237538 0.417702
vn 0.847050 0.530492 0.032933
vn 0.952831 -0.298911 0.052584
vn 0.640883 -0.313837 0.700553
vn 0.680119 -0.277799 0.678429
vn 0.678033 0.244641 0.693125
vn 0.678033 0.244641 0.693125
vn 0.680119 -0.277799 0.678429
vn 0.716892 -0.370978 0.590290
vn 0.716892 -0.370978 0.590290
vn 0.876984 -0.237538 0.417702
vn 0.816583 -0.437990 0.375973
vn 0.816583 -0.437990 0.375973
vn 0.876984 -0.237538 0.417702
vn 0.952831 -0.298911 0.052584
vn 0.816583 -0.437990 0.375973
vn 0.952831 -0.298911 0.052584
vn 0.866283 -0.498549 0.031678
vn 0.866283 -0.498549 0.031678
vn 0.952831 -0.298911 0.052584
vn 0.821231 -0.501711 -0.271782
vn 0.821231 -0.501711 -0.271782
vn 0.952831 -0.298911 0.052584
vn 0.915787 -0.286024 -0.281999
vn 0.816583 -0.437990 0.375973
vn 0.866283 -0.498549 0.031678
vn 0.975566 0.215328 0.043650
vn 0.975566 0.215328 0.043650
vn 0.866283 -0.498549 0.031678
vn 0.821231 -0.501711 -0.271782
vn 0.716892 -0.370978 0.590290
vn 0.816583 -0.437990 0.375973
vn 0.891979 0.224704 0.392277
vn 0.891979 0.224704 0.392277
vn 0.816583 -0.437990 0.375973
vn 0.975566 0.215328 0.043650
vn 0.821231 -0.501711 -0.271782
vn 0.915787 -0.286024 -0.281999
vn 0.757067 -0.394225 -0.520996
vn 0.716892 -0.370978 0.590290
vn 0.891979 0.224704 0.392277
vn 0.752861 0.239518 0.613051
vn 0.716892 -0.370978 0.590290
vn 0.752861 0.239518 0.613051
vn 0.678033 0.244641 0.693125
vn 0.975566 0.215328 0.043650
vn 0.821231 -0.501711 -0.271782
vn 0.934001 0.169580 -0.314461
vn 0.934001 0.169580 -0.314461
vn 0.821231 -0.501711 -0.271782
vn 0.757067 -0.394225 -0.520996
vn 0.891979 0.224704 0.392277
vn 0.975566 0.215328 0.043650
vn 0.538505 0.842506 -0.014017
vn 0.538505 0.842506 -0.014017
vn 0.975566 0.215328 0.043650
vn 0.934001 0.169580 -0.314461
vn 0.752861 0.239518 0.613051
vn 0.891979 0.224704 0.392277
vn 0.530362 0.822144 0.206871
vn 0.530362 0.822144 0.206871
vn 0.891979 0.224704 0.392277
vn 0.538505 0.842506 -0.014017
vn 0.678033 0.244641 0.693125
vn 0.752861 0.239518 0.613051
vn 0.460430 0.799953 0.384810
vn 0.460430 0.799953 0.384810
vn 0.752861 0.239518 0.613051
vn 0.530362 0.822144 0.206871
vn 0.678033 0.244641 0.693125
vn 0.460430 0.799953 0.384810
vn 0.389617 0.825188 0.408979
vn 0.460430 0.799953 0.384810
vn 0.530362 0.822144 0.206871
vn 0.079671 0.994779 0.063773
vn 0.460430 0.799953 0.384810
vn 0.079671 0.994779 0.063773
vn 0.389617 0.825188 0.408979
vn 0.389617 0.825188 0.408979
vn 0.079671 0.994779 0.063773
vn 0.028622 0.998619 0.044057
vn 0.389617 0.825188 0.408979
vn 0.028622 0.998619 0.044057
vn 0.333997 0.850934 0.405410
vn 0.678033 0.244641 0.693125
vn 0.389617 0.825188 0.408979
vn 0.643049 0.276109 0.714319
vn 0.643049 0.276109 0.714319
vn 0.389617 0.825188 0.408979
vn 0.333997 0.850934 0.405410
vn 0.678033 0.244641 0.693125
vn 0.643049 0.276109 0.714319
vn 0.640883 -0.313837 0.700553
vn 0.643049 0.276109 0.714319
vn 0.333997 0.850934 0.405410
vn 0.552032 0.268601 0.789376
vn 0.643049 0.276109 0.714319
vn 0.552032 0.268601 0.789376
vn 0.640883 -0.313837 0.700553
vn 0.093223 0.995393 -0.022396
vn 0.079671 0.994779 0.063773
vn 0.530362 0.822144 0.206871
vn 0.093223 0.995393 -0.022396
vn 0.530362 0.822144 0.206871
vn 0.538505 0.842506 -0.014017
vn 0.079671 0.994779 0.063773
vn 0.093223 0.995393 -0.022396
vn 0.015211 0.999812 -0.012012
vn 0.079671 0.994779 0.063773
vn 0.015211 0.999812 -0.012012
vn 0.006058 0.999921 0.010969
vn 0.093223 0.995393 -0.022396
vn 0.538505 0.842506 -0.014017
vn 0.541585 0.806978 -0.235526
vn 0.541585 0.806978 -0.235526
vn 0.538505 0.842506 -0.014017
vn 0.934001 0.169580 -0.314461
vn 0.015211 0.999812 -0.012012
vn 0.093223 0.995393 -0.022396
vn 0.096813 0.992297 -0.077296
vn 0.096813 0.992297 -0.077296
vn 0.093223 0.995393 -0.022396
vn 0.541585 0.806978 -0.235526
vn 0.015211 0.999812 -0.012012
vn 0.096813 0.992297 -0.077296
vn 0.072072 0.994257 -0.079115
vn 0.015211 0.999812 -0.012012
vn 0.072072 0.994257 -0.079115
vn 0.465637 0.884969 -0.003451
vn 0.465637 0.884969 -0.003451
vn 0.072072 0.994257 -0.079115
vn 0.490520 0.844841 -0.213620
vn 0.541585 0.806978 -0.235526
vn 0.934001 0.169580 -0.314461
vn 0.794792 0.155408 -0.586647
vn 0.794792 0.155408 -0.586647
vn 0.934001 0.169580 -0.314461
vn 0.757067 -0.394225 -0.520996
vn 0.096813 0.992297 -0.077296
vn 0.541585 0.806978 -0.235526
vn 0.482341 0.768117 -0.421123
vn 0.482341 0.768117 -0.421123
vn 0.541585 0.806978 -0.235526
vn 0.794792 0.155408 -0.586647
vn 0.794792 0.155408 -0.586647
vn 0.757067 -0.394225 -0.520996
vn 0.675828 0.266339 -0.687256
vn 0.794792 0.155408 -0.586647
vn 0.675828 0.266339 -0.687256
vn 0.482341 0.768117 -0.421123
vn 0.675828 0.266339 -0.687256
vn 0.757067 -0.394225 -0.520996
vn 0.740188 -0.117754 -0.662009
vn 0.096813 0.992297 -0.077296
vn 0.482341 0.768117 -0.421123
vn 0.046415 0.988411 -0.144529
vn 0.096813 0.992297 -0.077296
vn 0.046415 0.988411 -0.144529
vn 0.072072 0.994257 -0.079115
vn 0.482341 0.768117 -0.421123
vn 0.675828 0.266339 -0.687256
vn 0.372649 0.806692 -0.458673
vn 0.482341 0.768117 -0.421123
vn 0.372649 0.806692 -0.458673
vn 0.046415 0.988411 -0.144529
vn 0.675828 0.266339 -0.687256
vn 0.740188 -0.117754 -0.662009
vn 0.646791 0.265752 -0.714869
vn 0.675828 0.266339 -0.687256
vn 0.646791 0.265752 -0.714869
vn 0.372649 0.806692 -0.458673
vn 0.646791 0.265752 -0.714869
vn 0.740188 -0.117754 -0.662009
vn 0.693183 -0.065625 -0.717768
vn 0.046415 0.988411 -0.144529
vn 0.372649 0.806692 -0.458673
vn 0.055314 0.984464 -0.166646
vn 0.046415 0.988411 -0.144529
vn 0.055314 0.984464 -0.166646
vn 0.072072 0.994257 -0.079115
vn 0.372649 0.806692 -0.458673
vn 0.646791 0.265752 -0.714869
vn 0.390755 0.763569 -0.514075
vn 0.372649 0.806692 -0.458673
vn 0.390755 0.763569 -0.514075
vn 0.055314 0.984464 -0.166646
vn 0.646791 0.265752 -0.714869
vn 0.693183 -0.065625 -0.717768
vn 0.685685 0.261263 -0.679395
vn 0.646791 0.265752 -0.714869
vn 0.685685 0.261263 -0.679395
vn 0.390755 0.763569 -0.514075
vn 0.685685 0.261263 -0.679395
vn 0.693183 -0.065625 -0.717768
vn 0.719774 -0.049217 -0.692461
vn 0.685685 0.261263 -0.679395
vn 0.719774 -0.049217 -0.692461
vn 0.888002 -0.125472 -0.442391
vn 0.072072 0.994257 -0.079115
vn 0.055314 0.984464 -0.166646
vn 0.071784 0.986007 -0.150460
vn 0.072072 0.994257 -0.079115
vn 0.071784 0.986007 -0.150460
vn 0.490520 0.844841 -0.213620
vn 0.490520 0.844841 -0.213620
vn 0.071784 0.986007 -0.150460
vn 0.498103 0.763417 -0.411202
vn 0.498103 0.763417 -0.411202
vn 0.071784 0.986007 -0.150460
vn 0.101968 0.975405 -0.195416
vn 0.101968 0.975405 -0.195416
vn 0.071784 0.986007 -0.150460
vn 0.055314 0.984464 -0.166646
vn 0.101968 0.975405 -0.195416
vn 0.055314 0.984464 -0.166646
vn 0.078469 0.972372 -0.219851
vn 0.078469 0.972372 -0.219851
vn 0.055314 0.984464 -0.166646
vn 0.390755 0.763569 -0.514075
vn 0.101968 0.975405 -0.195416
vn 0.078469 0.972372 -0.219851
vn 0.130716 0.967334 -0.217207
vn 0.078469 0.972372 -0.219851
vn 0.390755 0.763569 -0.514075
vn 0.473415 0.703344 -0.530270
vn 0.473415 0.703344 -0.530270
vn 0.390755 0.763569 -0.514075
vn 0.685685 0.261263 -0.679395
vn 0.078469 0.972372 -0.219851
vn 0.473415 0.703344 -0.530270
vn 0.130716 0.967334 -0.217207
vn 0.101968 0.975405 -0.195416
vn 0.130716 0.967334 -0.217207
vn 0.115271 0.978580 -0.170571
vn 0.473415 0.703344 -0.530270
vn 0.685685 0.261263 -0.679395
vn 0.524389 0.788282 -0.321914
vn 0.473415 0.703344 -0.530270
vn 0.524389 0.788282 -0.321914
vn 0.130716 0.967334 -0.217207
vn 0.115271 0.978580 -0.170571
vn 0.130716 0.967334 -0.217207
vn 0.168629 0.979335 -0.111658
vn 0.168629 0.979335 -0.111658
vn 0.130716 0.967334 -0.217207
vn 0.524389 0.788282 -0.321914
vn 0.115271 0.978580 -0.170571
vn 0.168629 0.979335 -0.111658
vn 0.150446 0.983819 -0.097298
vn 0.524389 0.788282 -0.321914
vn 0.685685 0.261263 -0.679395
vn 0.862386 0.277512 -0.423412
vn 0.862386 0.277512 -0.423412
vn 0.685685 0.261263 -0.679395
vn 0.888002 -0.125472 -0.442391
vn 0.168629 0.979335 -0.111658
vn 0.524389 0.788282 -0.321914
vn 0.685878 0.726488 -0.042266
vn 0.685878 0.726488 -0.042266
vn 0.524389 0.788282 -0.321914
vn 0.862386 0.277512 -0.423412
vn 0.150446 0.983819 -0.097298
vn 0.168629 0.979335 -0.111658
vn 0.239060 0.970930 -0.012022
vn 0.239060 0.970930 -0.012022
vn 0.168629 0.979335 -0.111658
vn 0.685878 0.726488 -0.042266
vn 0.150446 0.983819 -0.097298
vn 0.239060 0.970930 -0.012022
vn 0.185309 0.982553 0.015787
vn 0.862386 0.277512 -0.423412
vn 0.888002 -0.125472 -0.442391
vn 0.971869 0.227964 -0.059191
vn 0.862386 0.277512 -0.423412
vn 0.971869 0.227964 -0.059191
vn 0.685878 0.726488 -0.042266
vn 0.971869 0.227964 -0.059191
vn 0.888002 -0.125472 -0.442391
vn 0.952165 -0.286840 -0.105379
vn 0.239060 0.970930 -0.012022
vn 0.685878 0.726488 -0.042266
vn 0.265745 0.960339 0.084433
vn 0.239060 0.970930 -0.012022
vn 0.265745 0.960339 0.084433
vn 0.185309 0.982553 0.015787
vn 0.685878 0.726488 -0.042266
vn 0.971869 0.227964 -0.059191
vn 0.712680 0.668597 0.212284
vn 0.685878 0.726488 -0.042266
vn 0.712680 0.668597 0.212284
vn 0.265745 0.960339 0.084433
vn 0.971869 0.227964 -0.059191
vn 0.952165 -0.286840 -0.105379
vn 0.944861 0.195467 0.262735
vn 0.971869 0.227964 -0.059191
vn 0.944861 0.195467 0.262735
vn 0.712680 0.668597 0.212284
vn 0.944861 0.195467 0.262735
vn 0.952165 -0.286840 -0.105379
vn 0.922639 -0.288179 0.256302
vn 0.944861 0.195467 0.262735
vn 0.922639 -0.288179 0.256302
vn 0.871853 0.179313 0.455762
vn 0.712680 0.668597 0.212284
vn 0.944861 0.195467 0.262735
vn 0.607182 0.715037 0.346486
vn 0.607182 0.715037 0.346486
vn 0.944861 0.195467 0.262735
vn 0.871853 0.179313 0.455762
vn 0.265745 0.960339 0.084433
vn 0.712680 0.668597 0.212284
vn 0.161713 0.977856 0.132843
vn 0.161713 0.977856 0.132843
vn 0.712680 0.668597 0.212284
vn 0.607182 0.715037 0.346486
vn 0.265745 0.960339 0.084433
vn 0.161713 0.977856 0.132843
vn 0.138064 0.986879 0.083712
vn 0.265745 0.960339 0.084433
vn 0.138064 0.986879 0.083712
vn 0.185309 0.982553 0.015787
vn 0.161713 0.977856 0.132843
vn 0.607182 0.715037 0.346486
vn 0.109193 0.989285 0.096910
vn 0.185309 0.982553 0.015787
vn 0.138064 0.986879 0.083712
vn 0.499404 0.852040 0.156916
vn 0.185309 0.982553 0.015787
vn 0.499404 0.852040 0.156916
vn 0.488583 0.872245 0.021786
vn 0.488583 0.872245 0.021786
vn 0.499404 0.852040 0.156916
vn 0.849388 0.462553 0.254135
vn 0.138064 0.986879 0.083712
vn 0.161713 0.977856 0.132843
vn 0.069597 0.995598 0.062771
vn 0.069597 0.995598 0.062771
vn 0.161713 0.977856 0.132843
vn 0.109193 0.989285 0.096910
vn 0.499404 0.852040 0.156916
vn 0.138064 0.986879 0.083712
vn 0.451920 0.880081 0.145695
vn 0.451920 0.880081 0.145695
vn 0.138064 0.986879 0.083712
vn 0.069597 0.995598 0.062771
vn 0.849388 0.462553 0.254135
vn 0.499404 0.852040 0.156916
vn 0.904866 0.355148 0.234705
vn 0.904866 0.355148 0.234705
vn 0.499404 0.852040 0.156916
vn 0.451920 0.880081 0.145695
vn 0.849388 0.462553 0.254135
vn 0.904866 0.355148 0.234705
vn 0.959066 0.044962 0.279592
vn 0.959066 0.044962 0.279592
vn 0.904866 0.355148 0.234705
vn 0.989268 0.098132 0.108255
vn 0.959066 0.044962 0.279592
vn 0.989268 0.098132 0.108255
vn 0.922073 0.365940 0.125976
vn 0.904866 0.355148 0.234705
vn 0.451920 0.880081 0.145695
vn 0.901235 0.417398 0.116427
vn 0.904866 0.355148 0.234705
vn 0.901235 0.417398 0.116427
vn 0.989268 0.098132 0.108255
vn 0.451920 0.880081 0.145695
vn 0.069597 0.995598 0.062771
vn 0.424231 0.901987 0.080291
vn 0.451920 0.880081 0.145695
vn 0.424231 0.901987 0.080291
vn 0.901235 0.417398 0.116427
vn 0.424231 0.901987 0.080291
vn 0.069597 0.995598 0.062771
vn 0.064526 0.997435 0.030996
vn 0.064526 0.997435 0.030996
vn 0.069597 0.995598 0.062771
vn 0.109193 0.989285 0.096910
vn 0.922073 0.365940 0.125976
vn 0.989268 0.098132 0.108255
vn 0.884351 0.466803 0.004267
vn 0.922073 0.365940 0.125976
vn 0.884351 0.466803 0.004267
vn 0.580581 0.813984 -0.018859
vn 0.989268 0.098132 0.108255
vn 0.901235 0.417398 0.116427
vn 0.967441 0.252308 -0.019966
vn 0.989268 0.098132 0.108255
vn 0.967441 0.252308 -0.019966
vn 0.884351 0.466803 0.004267
vn 0.901235 0.417398 0.116427
vn 0.424231 0.901987 0.080291
vn 0.830909 0.556194 -0.015435
vn 0.901235 0.417398 0.116427
vn 0.830909 0.556194 -0.015435
vn 0.967441 0.252308 -0.019966
vn 0.424231 0.901987 0.080291
vn 0.064526 0.997435 0.030996
vn 0.400502 0.916259 -0.008222
vn 0.424231 0.901987 0.080291
vn 0.400502 0.916259 -0.008222
vn 0.830909 0.556194 -0.015435
vn 0.580581 0.813984 -0.018859
vn 0.884351 0.466803 0.004267
vn 0.549128 0.834093 -0.052418
vn 0.580581 0.813984 -0.018859
vn 0.549128 0.834093 -0.052418
vn 0.323425 0.944746 -0.053399
vn 0.884351 0.466803 0.004267
vn 0.967441 0.252308 -0.019966
vn 0.818020 0.559080 -0.135176
vn 0.884351 0.466803 0.004267
vn 0.818020 0.559080 -0.135176
vn 0.549128 0.834093 -0.052418
vn 0.967441 0.252308 -0.019966
vn 0.830909 0.556194 -0.015435
vn 0.902962 0.384932 -0.191015
vn 0.967441 0.252308 -0.019966
vn 0.902962 0.384932 -0.191015
vn 0.818020 0.559080 -0.135176
vn 0.323425 0.944746 -0.053399
vn 0.549128 0.834093 -0.052418
vn 0.506559 0.844497 -0.173846
vn 0.506559 0.844497 -0.173846
vn 0.549128 0.834093 -0.052418
vn 0.818020 0.559080 -0.135176
vn 0.323425 0.944746 -0.053399
vn 0.506559 0.844497 -0.173846
vn 0.510090 0.835409 -0.204696
vn 0.510090 0.835409 -0.204696
vn 0.506559 0.844497 -0.173846
vn 0.740374 0.623516 -0.251145
vn 0.740374 0.623516 -0.251145
vn 0.506559 0.844497 -0.173846
vn 0.818020 0.559080 -0.135176
vn 0.740374 0.623516 -0.251145
vn 0.818020 0.559080 -0.135176
vn 0.902962 0.384932 -0.191015
vn 0.766359 0.607239 -0.209654
vn 0.902962 0.384932 -0.191015
vn 0.830909 0.556194 -0.015435
vn 0.766359 0.607239 -0.209654
vn 0.830909 0.556194 -0.015435
vn 0.400502 0.916259 -0.008222
vn 0.902962 0.384932 -0.191015
vn 0.766359 0.607239 -0.209654
vn 0.808621 0.468423 -0.355967
vn 0.808621 0.468423 -0.355967
vn 0.766359 0.607239 -0.209654
vn 0.687118 0.656673 -0.310885
vn 0.687118 0.656673 -0.310885
vn 0.766359 0.607239 -0.209654
vn 0.413682 0.900606 -0.133328
vn 0.413682 0.900606 -0.133328
vn 0.766359 0.607239 -0.209654
vn 0.400502 0.916259 -0.008222
vn 0.413682 0.900606 -0.133328
vn 0.400502 0.916259 -0.008222
vn 0.098876 0.995098 0.001741
vn 0.098876 0.995098 0.001741
vn 0.400502 0.916259 -0.008222
vn 0.064526 0.997435 0.030996
vn 0.413682 0.900606 -0.133328
vn 0.098876 0.995098 0.001741
vn 0.083635 0.996019 -0.030835
vn 0.413682 0.900606 -0.133328
vn 0.083635 0.996019 -0.030835
vn 0.094799 0.994434 -0.045980
vn 0.098876 0.995098 0.001741
vn 0.064526 0.997435 0.030996
vn 0.066214 0.997778 0.007360
vn 0.098876 0.995098 0.001741
vn 0.066214 0.997778 0.007360
vn 0.083635 0.996019 -0.030835
vn 0.094799 0.994434 -0.045980
vn 0.083635 0.996019 -0.030835
vn 0.095819 0.993487 -0.061661
vn 0.095819 0.993487 -0.061661
vn 0.083635 0.996019 -0.030835
vn 0.066214 0.997778 0.007360
vn 0.066214 0.997778 0.007360
vn 0.064526 0.997435 0.030996
vn 0.109193 0.989285 0.096910
vn 0.095819 0.993487 -0.061661
vn 0.066214 0.997778 0.007360
vn 0.529810 0.826988 -0.188129
vn 0.066214 0.997778 0.007360
vn 0.109193 0.989285 0.096910
vn 0.600593 0.782493 0.164295
vn 0.095819 0.993487 -0.061661
vn 0.529810 0.826988 -0.188129
vn 0.508757 0.809884 -0.291985
vn 0.095819 0.993487 -0.061661
vn 0.508757 0.809884 -0.291985
vn 0.381497 0.881536 -0.278128
vn 0.381497 0.881536 -0.278128
vn 0.508757 0.809884 -0.291985
vn 0.879672 0.126130 -0.458550
vn 0.879672 0.126130 -0.458550
vn 0.508757 0.809884 -0.291985
vn 0.929217 0.151612 -0.337002
vn 0.929217 0.151612 -0.337002
vn 0.508757 0.809884 -0.291985
vn 0.529810 0.826988 -0.188129
vn 0.879672 0.126130 -0.458550
vn 0.929217 0.151612 -0.337002
vn 0.723774 -0.577009 -0.378432
vn 0.538839 0.842125 -0.021866
vn 0.529810 0.826988 -0.188129
vn 0.066214 0.997778 0.007360
vn 0.538839 0.842125 -0.021866
vn 0.066214 0.997778 0.007360
vn 0.600593 0.782493 0.164295
vn 0.929217 0.151612 -0.337002
vn 0.529810 0.826988 -0.188129
vn 0.985964 0.149958 -0.073402
vn 0.985964 0.149958 -0.073402
vn 0.529810 0.826988 -0.188129
vn 0.538839 0.842125 -0.021866
vn 0.723774 -0.577009 -0.378432
vn 0.929217 0.151612 -0.337002
vn 0.785431 -0.551417 -0.281137
vn 0.785431 -0.551417 -0.281137
vn 0.929217 0.151612 -0.337002
vn 0.985964 0.149958 -0.073402
vn 0.723774 -0.577009 -0.378432
vn 0.785431 -0.551417 -0.281137
vn 0.571365 -0.784795 -0.240081
vn 0.723774 -0.577009 -0.378432
vn 0.571365 -0.784795 -0.240081
vn 0.521473 -0.793108 -0.314715
vn 0.521473 -0.793108 -0.314715
vn 0.571365 -0.784795 -0.240081
vn 0.776047 -0.301405 -0.553991
vn 0.776047 -0.301405 -0.553991
vn 0.571365 -0.784795 -0.240081
vn 0.915318 -0.220849 -0.336777
vn 0.915318 -0.220849 -0.336777
vn 0.571365 -0.784795 -0.240081
vn 0.630408 -0.770596 -0.093634
vn 0.630408 -0.770596 -0.093634
vn 0.571365 -0.784795 -0.240081
vn 0.785431 -0.551417 -0.281137
vn 0.915318 -0.220849 -0.336777
vn 0.630408 -0.770596 -0.093634
vn 0.689368 -0.721219 0.067932
vn 0.785431 -0.551417 -0.281137
vn 0.985964 0.149958 -0.073402
vn 0.845658 -0.527748 -0.079656
vn 0.785431 -0.551417 -0.281137
vn 0.845658 -0.527748 -0.079656
vn 0.630408 -0.770596 -0.093634
vn 0.630408 -0.770596 -0.093634
vn 0.845658 -0.527748 -0.079656
vn 0.848640 -0.499915 0.172902
vn 0.630408 -0.770596 -0.093634
vn 0.848640 -0.499915 0.172902
vn 0.689368 -0.721219 0.067932
vn 0.848640 -0.499915 0.172902
vn 0.845658 -0.527748 -0.079656
vn 0.985964 0.149958 -0.073402
vn 0.689368 -0.721219 0.067932
vn 0.848640 -0.499915 0.172902
vn 0.824301 -0.429189 0.369223
vn 0.848640 -0.499915 0.172902
vn 0.985964 0.149958 -0.073402
vn 0.964300 0.126838 0.232460
vn 0.848640 -0.499915 0.172902
vn 0.964300 0.126838 0.232460
vn 0.824301 -0.429189 0.369223
vn 0.964300 0.126838 0.232460
vn 0.985964 0.149958 -0.073402
vn 0.538839 0.842125 -0.021866
vn 0.964300 0.126838 0.232460
vn 0.538839 0.842125 -0.021866
vn 0.600593 0.782493 0.164295
vn 0.824301 -0.429189 0.369223
vn 0.964300 0.126838 0.232460
vn 0.889573 0.118454 0.441168
vn 0.889573 0.118454 0.441168
vn 0.964300 0.126838 0.232460
vn 0.600593 0.782493 0.164295
vn 0.824301 -0.429189 0.369223
vn 0.889573 0.118454 0.441168
vn 0.871853 0.179313 0.455762
vn 0.889573 0.118454 0.441168
vn 0.600593 0.782493 0.164295
vn 0.541353 0.768545 0.340993
vn 0.889573 0.118454 0.441168
vn 0.541353 0.768545 0.340993
vn 0.871853 0.179313 0.455762
vn 0.541353 0.768545 0.340993
vn 0.600593 0.782493 0.164295
vn 0.109193 0.989285 0.096910
vn 0.871853 0.179313 0.455762
vn 0.541353 0.768545 0.340993
vn 0.607182 0.715037 0.346486
vn 0.607182 0.715037 0.346486
vn 0.541353 0.768545 0.340993
vn 0.109193 0.989285 0.096910
vn -0.589033 0.561165 0.581494
vn -0.440810 0.530829 0.723814
vn -0.341642 0.583054 0.737108
vn -0.589033 0.561165 0.581494
vn -0.341642 0.583054 0.737108
vn -0.546801 0.553787 0.627956
vn -0.440810 0.530829 0.723814
vn -0.589033 0.561165 0.581494
vn -0.627642 0.531192 0.569122
vn -0.589033 0.561165 0.581494
vn -0.546801 0.553787 0.627956
vn -0.740076 0.396800 0.542990
vn -0.627642 0.531192 0.569122
vn -0.589033 0.561165 0.581494
vn -0.729182 0.514695 0.450980
vn -0.729182 0.514695 0.450980
vn -0.589033 0.561165 0.581494
vn -0.740076 0.396800 0.542990
vn -0.627642 0.531192 0.569122
vn -0.729182 0.514695 0.450980
vn -0.761480 0.488937 0.425545
vn -0.761480 0.488937 0.425545
vn -0.729182 0.514695 0.450980
vn -0.804002 0.410482 0.430215
vn -0.804002 0.410482 0.430215
vn -0.729182 0.514695 0.450980
vn -0.740076 0.396800 0.542990
vn -0.761480 0.488937 0.425545
vn -0.804002 0.410482 0.430215
vn -0.808991 0.440001 0.389785
vn -0.808991 0.440001 0.389785
vn -0.804002 0.410482 0.430215
vn -0.774908 0.411829 0.479495
vn -0.804002 0.410482 0.430215
vn -0.740076 0.396800 0.542990
vn -0.851866 0.054239 0.520944
vn -0.851866 0.054239 0.520944
vn -0.740076 0.396800 0.542990
vn -0.770524 0.066211 0.633963
vn -0.774908 0.411829 0.479495
vn -0.804002 0.410482 0.430215
vn -0.793130 0.397105 0.461792
vn -0.793130 0.397105 0.461792
vn -0.804002 0.410482 0.430215
vn -0.851866 0.054239 0.520944
vn -0.774908 0.411829 0.479495
vn -0.793130 0.397105 0.461792
vn -0.728535 0.402796 0.554069
vn -0.728535 0.402796 0.554069
vn -0.793130 0.397105 0.461792
vn -0.733172 0.412282 0.540816
vn -0.851866 0.054239 0.520944
vn -0.770524 0.066211 0.633963
vn -0.754630 -0.011642 0.656047
vn -0.733172 0.412282 0.540816
vn -0.793130 0.397105 0.461792
vn -0.829279 0.315112 0.461520
vn -0.829279 0.315112 0.461520
vn -0.793130 0.397105 0.461792
vn -0.851866 0.054239 0.520944
vn -0.733172 0.412282 0.540816
vn -0.829279 0.315112 0.461520
vn -0.776047 0.301405 0.553991
vn -0.851866 0.054239 0.520944
vn -0.754630 -0.011642 0.656047
vn -0.845044 -0.130622 0.518496
vn -0.845044 -0.130622 0.518496
vn -0.754630 -0.011642 0.656047
vn -0.736044 0.238981 0.633346
vn -0.829279 0.315112 0.461520
vn -0.851866 0.054239 0.520944
vn -0.862176 -0.070150 0.501729
vn -0.862176 -0.070150 0.501729
vn -0.851866 0.054239 0.520944
vn -0.845044 -0.130622 0.518496
vn -0.776047 0.301405 0.553991
vn -0.829279 0.315112 0.461520
vn -0.812049 -0.004582 0.583571
vn -0.812049 -0.004582 0.583571
vn -0.829279 0.315112 0.461520
vn -0.862176 -0.070150 0.501729
vn -0.776047 0.301405 0.553991
vn -0.812049 -0.004582 0.583571
vn -0.733996 -0.087058 0.673551
vn -0.862176 -0.070150 0.501729
vn -0.845044 -0.130622 0.518496
vn -0.846853 -0.197481 0.493803
vn -0.862176 -0.070150 0.501729
vn -0.846853 -0.197481 0.493803
vn -0.812049 -0.004582 0.583571
vn -0.845044 -0.130622 0.518496
vn -0.736044 0.238981 0.633346
vn -0.833969 0.136180 0.534744
vn -0.845044 -0.130622 0.518496
vn -0.833969 0.136180 0.534744
vn -0.846853 -0.197481 0.493803
vn -0.733996 -0.087058 0.673551
vn -0.812049 -0.004582 0.583571
vn -0.789101 -0.203280 0.579652
vn -0.789101 -0.203280 0.579652
vn -0.812049 -0.004582 0.583571
vn -0.846853 -0.197481 0.493803
vn -0.733996 -0.087058 0.673551
vn -0.789101 -0.203280 0.579652
vn -0.711078 -0.194887 0.675564
vn -0.846853 -0.197481 0.493803
vn -0.833969 0.136180 0.534744
vn -0.862535 0.084583 0.498877
vn -0.846853 -0.197481 0.493803
vn -0.862535 0.084583 0.498877
vn -0.789101 -0.203280 0.579652
vn -0.833969 0.136180 0.534744
vn -0.736044 0.238981 0.633346
vn -0.696356 0.567671 0.439133
vn -0.833969 0.136180 0.534744
vn -0.696356 0.567671 0.439133
vn -0.862535 0.084583 0.498877
vn -0.696356 0.567671 0.439133
vn -0.736044 0.238981 0.633346
vn -0.582699 0.615162 0.531072
vn -0.696356 0.567671 0.439133
vn -0.582699 0.615162 0.531072
vn -0.387906 0.886493 0.252307
vn -0.696356 0.567671 0.439133
vn -0.387906 0.886493 0.252307
vn -0.728368 0.547521 0.411948
vn -0.696356 0.567671 0.439133
vn -0.728368 0.547521 0.411948
vn -0.862535 0.084583 0.498877
vn -0.728368 0.547521 0.411948
vn -0.387906 0.886493 0.252307
vn -0.403192 0.886063 0.228755
vn -0.794024 0.106858 0.598420
vn -0.789101 -0.203280 0.579652
vn -0.862535 0.084583 0.498877
vn -0.789101 -0.203280 0.579652
vn -0.794024 0.106858 0.598420
vn -0.711078 -0.194887 0.675564
vn -0.862535 0.084583 0.498877
vn -0.728368 0.547521 0.411948
vn -0.666859 0.569199 0.480949
vn -0.666859 0.569199 0.480949
vn -0.728368 0.547521 0.411948
vn -0.403192 0.886063 0.228755
vn -0.862535 0.084583 0.498877
vn -0.666859 0.569199 0.480949
vn -0.794024 0.106858 0.598420
vn -0.666859 0.569199 0.480949
vn -0.403192 0.886063 0.228755
vn -0.409887 0.874473 0.259402
vn -0.711078 -0.194887 0.675564
vn -0.794024 0.106858 0.598420
vn -0.728557 0.111959 0.675774
vn -0.711078 -0.194887 0.675564
vn -0.728557 0.111959 0.675774
vn -0.702928 -0.233739 0.671758
vn -0.702928 -0.233739 0.671758
vn -0.728557 0.111959 0.675774
vn -0.727373 0.047033 0.684629
vn -0.666859 0.569199 0.480949
vn -0.409887 0.874473 0.259402
vn -0.636855 0.537002 0.553213
vn -0.666859 0.569199 0.480949
vn -0.636855 0.537002 0.553213
vn -0.794024 0.106858 0.598420
vn -0.794024 0.106858 0.598420
vn -0.636855 0.537002 0.553213
vn -0.728557 0.111959 0.675774
vn -0.636855 0.537002 0.553213
vn -0.409887 0.874473 0.259402
vn -0.291741 0.930930 0.219675
vn -0.727373 0.047033 0.684629
vn -0.728557 0.111959 0.675774
vn -0.589821 0.607240 0.532326
vn -0.589821 0.607240 0.532326
vn -0.728557 0.111959 0.675774
vn -0.636855 0.537002 0.553213
vn -0.589821 0.607240 0.532326
vn -0.636855 0.537002 0.553213
vn -0.291741 0.930930 0.219675
vn -0.727373 0.047033 0.684629
vn -0.589821 0.607240 0.532326
vn -0.638576 0.624287 0.449984
vn -0.638576 0.624287 0.449984
vn -0.589821 0.607240 0.532326
vn -0.291741 0.930930 0.219675
vn -0.370241 0.666526 -0.647043
vn -0.475827 0.409829 -0.778221
vn -0.374318 0.537567 -0.755584
vn -0.370241 0.666526 -0.647043
vn -0.374318 0.537567 -0.755584
vn -0.291624 0.638063 -0.712623
vn -0.291624 0.638063 -0.712623
vn -0.374318 0.537567 -0.755584
vn -0.224920 0.687944 -0.690032
vn -0.291624 0.638063 -0.712623
vn -0.224920 0.687944 -0.690032
vn -0.067372 0.666605 -0.742360
vn -0.291624 0.638063 -0.712623
vn -0.067372 0.666605 -0.742360
vn -0.249113 0.707566 -0.661281
vn -0.291624 0.638063 -0.712623
vn -0.249113 0.707566 -0.661281
vn -0.233335 0.879450 -0.414876
vn -0.291624 0.638063 -0.712623
vn -0.233335 0.879450 -0.414876
vn -0.370241 0.666526 -0.647043
vn -0.475827 0.409829 -0.778221
vn -0.370241 0.666526 -0.647043
vn -0.393316 0.659687 -0.640403
vn -0.393316 0.659687 -0.640403
vn -0.370241 0.666526 -0.647043
vn -0.233335 0.879450 -0.414876
vn -0.475827 0.409829 -0.778221
vn -0.393316 0.659687 -0.640403
vn -0.519905 0.650079 -0.554163
vn -0.519905 0.650079 -0.554163
vn -0.393316 0.659687 -0.640403
vn -0.261671 0.919852 -0.292232
vn -0.393316 0.659687 -0.640403
vn -0.233335 0.879450 -0.414876
vn -0.231237 0.893488 -0.384979
vn -0.393316 0.659687 -0.640403
vn -0.231237 0.893488 -0.384979
vn -0.261671 0.919852 -0.292232
vn -0.231237 0.893488 -0.384979
vn -0.233335 0.879450 -0.414876
vn -0.171371 0.911761 -0.373261
vn -0.231237 0.893488 -0.384979
vn -0.171371 0.911761 -0.373261
vn -0.143716 0.924117 -0.354053
vn -0.231237 0.893488 -0.384979
vn -0.143716 0.924117 -0.354053
vn -0.261671 0.919852 -0.292232
vn -0.143716 0.924117 -0.354053
vn -0.171371 0.911761 -0.373261
vn -0.267769 0.643170 -0.717378
vn -0.143716 0.924117 -0.354053
vn -0.267769 0.643170 -0.717378
vn -0.250417 0.641149 -0.725410
vn -0.261671 0.919852 -0.292232
vn -0.143716 0.924117 -0.354053
vn -0.203884 0.925478 -0.319251
vn -0.203884 0.925478 -0.319251
vn -0.143716 0.924117 -0.354053
vn -0.250417 0.641149 -0.725410
vn -0.261671 0.919852 -0.292232
vn -0.203884 0.925478 -0.319251
vn -0.286370 0.931815 -0.222964
vn -0.203884 0.925478 -0.319251
vn -0.250417 0.641149 -0.725410
vn -0.372448 0.653013 -0.659436
vn -0.286370 0.931815 -0.222964
vn -0.203884 0.925478 -0.319251
vn -0.546195 0.655305 -0.521773
vn -0.546195 0.655305 -0.521773
vn -0.203884 0.925478 -0.319251
vn -0.372448 0.653013 -0.659436
s off
g SM_Dantooine_Far_Bluff_Soft_A:geometry_0
usemtl initialShadingGroup
f 1//1 2//2 3//3
f 3//4 2//5 4//6
f 4//7 2//8 5//9
f 1//10 3//11 6//12
f 1//13 6//14 7//15
f 4//16 5//17 8//18
f 7//19 6//20 9//21
f 4//22 8//23 10//24
f 10//25 8//26 11//27
f 3//28 4//29 12//30
f 3//31 12//32 6//33
f 10//34 11//35 13//36
f 4//37 10//38 14//39
f 4//40 14//41 12//42
f 10//43 13//44 15//45
f 15//46 13//47 16//48
f 14//49 10//50 17//51
f 17//52 10//53 15//54
f 15//55 16//56 18//57
f 17//58 15//59 19//60
f 19//61 15//62 18//63
f 18//64 16//65 20//66
f 20//67 16//68 21//69
f 20//70 21//71 22//72
f 18//73 20//74 23//75
f 18//76 23//77 19//78
f 20//79 22//80 24//81
f 24//82 22//83 25//84
f 23//85 20//86 26//87
f 26//88 20//89 24//90
f 24//91 25//92 27//93
f 27//94 25//95 28//96
f 24//97 27//98 29//99
f 27//100 28//101 30//102
f 27//103 30//104 29//105
f 30//106 28//107 31//108
f 30//109 31//110 32//111
f 32//112 31//113 33//114
f 34//115 26//116 24//117
f 34//118 24//119 29//120
f 29//121 30//122 35//123
f 35//124 30//125 32//126
f 34//127 29//128 36//129
f 26//130 34//131 37//132
f 37//133 34//134 36//135
f 26//136 37//137 38//138
f 26//139 38//140 23//141
f 37//142 36//143 39//144
f 36//145 29//146 40//147
f 40//148 29//149 35//150
f 36//151 40//152 41//153
f 36//154 41//155 39//156
f 40//157 35//158 42//159
f 41//160 40//161 43//162
f 43//163 40//164 42//165
f 42//166 35//167 44//168
f 43//169 42//170 45//171
f 45//172 42//173 44//174
f 44//175 35//176 46//177
f 46//178 35//179 32//180
f 45//181 44//182 47//183
f 44//184 46//185 48//186
f 44//187 48//188 47//189
f 46//190 32//191 49//192
f 46//193 49//194 48//195
f 49//196 32//197 50//198
f 50//199 32//200 33//201
f 48//202 49//203 51//204
f 51//205 49//206 50//207
f 50//208 33//209 52//210
f 50//211 52//212 51//213
f 52//214 33//215 53//216
f 52//217 53//218 54//219
f 54//220 53//221 55//222
f 51//223 52//224 56//225
f 56//226 52//227 54//228
f 57//229 48//230 51//231
f 57//232 51//233 56//234
f 48//235 57//236 58//237
f 48//238 58//239 47//240
f 54//241 55//242 59//243
f 59//244 55//245 60//246
f 56//247 54//248 61//249
f 61//250 54//251 59//252
f 57//253 56//254 62//255
f 62//256 56//257 61//258
f 63//259 58//260 57//261
f 63//262 57//263 62//264
f 62//265 61//266 64//267
f 62//268 64//269 63//270
f 61//271 59//272 65//273
f 61//274 65//275 64//276
f 66//277 59//278 60//279
f 59//280 66//281 65//282
f 66//283 60//284 67//285
f 66//286 67//287 68//288
f 68//289 67//290 69//291
f 65//292 66//293 70//294
f 70//295 66//296 68//297
f 71//298 64//299 65//300
f 71//301 65//302 70//303
f 64//304 71//305 72//306
f 64//307 72//308 63//309
f 68//310 69//311 73//312
f 73//313 69//314 74//315
f 70//316 68//317 75//318
f 75//319 68//320 73//321
f 71//322 70//323 76//324
f 76//325 70//326 75//327
f 77//328 72//329 71//330
f 77//331 71//332 76//333
f 78//334 63//335 72//336
f 78//337 72//338 77//339
f 75//340 73//341 79//342
f 80//343 73//344 74//345
f 73//346 80//347 79//348
f 80//349 74//350 81//351
f 80//352 81//353 82//354
f 80//355 82//356 83//357
f 80//358 83//359 79//360
f 83//361 82//362 84//363
f 83//364 84//365 85//366
f 85//367 84//368 86//369
f 79//370 83//371 87//372
f 87//373 83//374 85//375
f 79//376 87//377 88//378
f 85//379 86//380 89//381
f 89//382 86//383 90//384
f 90//385 86//386 91//387
f 90//388 91//389 92//390
f 90//391 92//392 93//393
f 93//394 92//395 94//396
f 89//397 90//398 95//399
f 85//400 89//401 96//402
f 96//403 89//404 95//405
f 85//406 96//407 97//408
f 85//409 97//410 87//411
f 87//412 97//413 98//414
f 87//415 98//416 88//417
f 97//418 96//419 99//420
f 97//421 99//422 98//423
f 96//424 95//425 100//426
f 96//427 100//428 99//429
f 101//430 95//431 90//432
f 101//433 90//434 93//435
f 100//436 95//437 102//438
f 102//439 95//440 101//441
f 99//442 100//443 103//444
f 100//445 102//446 104//447
f 100//448 104//449 103//450
f 99//451 103//452 105//453
f 99//454 105//455 98//456
f 103//457 104//458 106//459
f 98//460 105//461 107//462
f 98//463 107//464 88//465
f 105//466 103//467 108//468
f 108//469 103//470 106//471
f 107//472 105//473 109//474
f 109//475 105//476 108//477
f 88//478 107//479 110//480
f 107//481 109//482 111//483
f 107//484 111//485 110//486
f 111//487 109//488 112//489
f 112//490 109//491 108//492
f 108//493 106//494 113//495
f 108//496 113//497 112//498
f 113//499 106//500 114//501
f 111//502 112//503 115//504
f 112//505 113//506 116//507
f 112//508 116//509 115//510
f 116//511 113//512 117//513
f 117//514 113//515 114//516
f 111//517 115//518 118//519
f 111//520 118//521 110//522
f 119//523 114//524 106//525
f 119//526 106//527 104//528
f 119//529 104//530 120//531
f 120//532 104//533 102//534
f 114//535 119//536 121//537
f 119//538 120//539 122//540
f 119//541 122//542 121//543
f 114//544 121//545 123//546
f 114//547 123//548 117//549
f 121//550 122//551 124//552
f 121//553 124//554 123//555
f 120//556 102//557 125//558
f 125//559 102//560 101//561
f 126//562 122//563 120//564
f 126//565 120//566 125//567
f 124//568 122//569 127//570
f 127//571 122//572 126//573
f 125//574 101//575 128//576
f 128//577 101//578 93//579
f 126//580 125//581 129//582
f 129//583 125//584 128//585
f 128//586 93//587 130//588
f 128//589 130//590 129//591
f 130//592 93//593 131//594
f 131//595 93//596 94//597
f 131//598 94//599 132//600
f 131//601 132//602 133//603
f 131//604 133//605 130//606
f 133//607 132//608 134//609
f 129//610 130//611 135//612
f 135//613 130//614 133//615
f 133//616 134//617 136//618
f 129//619 135//620 137//621
f 138//622 126//623 129//624
f 138//625 129//626 137//627
f 126//628 138//629 127//630
f 137//631 135//632 139//633
f 139//634 135//635 133//636
f 138//637 137//638 140//639
f 138//640 140//641 127//642
f 137//643 139//644 141//645
f 137//646 141//647 140//648
f 139//649 133//650 142//651
f 142//652 133//653 136//654
f 141//655 139//656 143//657
f 143//658 139//659 142//660
f 140//661 141//662 144//663
f 142//664 136//665 145//666
f 145//667 136//668 146//669
f 143//670 142//671 147//672
f 147//673 142//674 145//675
f 145//676 146//677 148//678
f 145//679 148//680 149//681
f 149//682 148//683 150//684
f 149//685 150//686 151//687
f 145//688 149//689 152//690
f 145//691 152//692 147//693
f 149//694 151//695 153//696
f 153//697 151//698 154//699
f 153//700 154//701 155//702
f 153//703 155//704 156//705
f 149//706 153//707 157//708
f 149//709 157//710 152//711
f 153//712 156//713 158//714
f 158//715 156//716 159//717
f 157//718 153//719 160//720
f 160//721 153//722 158//723
f 157//724 160//725 161//726
f 158//727 159//728 162//729
f 162//730 159//731 163//732
f 160//733 158//734 164//735
f 164//736 158//737 162//738
f 160//739 164//740 165//741
f 160//742 165//743 161//744
f 164//745 162//746 166//747
f 162//748 163//749 167//750
f 162//751 167//752 166//753
f 167//754 163//755 168//756
f 167//757 168//758 169//759
f 164//760 166//761 170//762
f 164//763 170//764 165//765
f 166//766 167//767 171//768
f 166//769 171//770 170//771
f 167//772 169//773 172//774
f 172//775 169//776 173//777
f 172//778 173//779 174//780
f 167//781 172//782 175//783
f 167//784 175//785 171//786
f 172//787 174//788 176//789
f 170//790 171//791 177//792
f 177//793 171//794 175//795
f 176//796 174//797 178//798
f 175//799 172//800 179//801
f 179//802 172//803 176//804
f 176//805 178//806 180//807
f 180//808 178//809 181//810
f 180//811 181//812 182//813
f 176//814 180//815 183//816
f 176//817 183//818 179//819
f 180//820 182//821 184//822
f 184//823 182//824 185//825
f 184//826 185//827 186//828
f 183//829 180//830 187//831
f 187//832 180//833 184//834
f 179//835 183//836 188//837
f 189//838 175//839 179//840
f 189//841 179//842 188//843
f 175//844 189//845 177//846
f 188//847 183//848 190//849
f 190//850 183//851 187//852
f 189//853 188//854 191//855
f 188//856 190//857 192//858
f 188//859 192//860 191//861
f 177//862 189//863 193//864
f 193//865 189//866 191//867
f 193//868 191//869 194//870
f 194//871 191//872 192//873
f 177//874 193//875 195//876
f 196//877 190//878 187//879
f 197//880 192//881 190//882
f 197//883 190//884 196//885
f 196//886 187//887 198//888
f 198//889 187//890 184//891
f 192//892 197//893 199//894
f 192//895 199//896 194//897
f 196//898 198//899 200//900
f 197//901 196//902 201//903
f 201//904 196//905 200//906
f 199//907 197//908 202//909
f 202//910 197//911 201//912
f 194//913 199//914 203//915
f 203//916 199//917 202//918
f 202//919 201//920 204//921
f 205//922 198//923 184//924
f 198//925 205//926 200//927
f 205//928 184//929 206//930
f 206//931 184//932 186//933
f 207//934 201//935 200//936
f 201//937 207//938 204//939
f 206//940 186//941 208//942
f 208//943 186//944 209//945
f 206//946 208//947 210//948
f 208//949 209//950 211//951
f 211//952 209//953 212//954
f 211//955 212//956 213//957
f 208//958 211//959 214//960
f 208//961 214//962 210//963
f 211//964 213//965 215//966
f 206//967 210//968 216//969
f 216//970 210//971 214//972
f 206//973 216//974 205//975
f 214//976 211//977 217//978
f 217//979 211//980 215//981
f 215//982 213//983 218//984
f 214//985 217//986 219//987
f 214//988 219//989 216//990
f 217//991 215//992 220//993
f 205//994 216//995 221//996
f 205//997 221//998 200//999
f 219//1000 217//1001 222//1002
f 222//1003 217//1004 220//1005
f 216//1006 219//1007 223//1008
f 219//1009 222//1010 224//1011
f 219//1012 224//1013 223//1014
f 221//1015 216//1016 225//1017
f 225//1018 216//1019 223//1020
f 226//1021 200//1022 221//1023
f 200//1024 226//1025 207//1026
f 221//1027 225//1028 227//1029
f 221//1030 227//1031 226//1032
f 225//1033 223//1034 228//1035
f 225//1036 228//1037 227//1038
f 226//1039 227//1040 229//1041
f 229//1042 227//1043 228//1044
f 207//1045 226//1046 230//1047
f 230//1048 226//1049 229//1050
f 207//1051 230//1052 231//1053
f 207//1054 231//1055 204//1056
f 231//1057 230//1058 232//1059
f 231//1060 232//1061 204//1062
f 230//1063 229//1064 233//1065
f 230//1066 233//1067 232//1068
f 204//1069 232//1070 234//1071
f 233//1072 229//1073 235//1074
f 234//1075 232//1076 236//1077
f 204//1078 234//1079 237//1080
f 237//1081 234//1082 236//1083
f 204//1084 237//1085 202//1086
f 202//1087 237//1088 203//1089
f 238//1090 232//1091 233//1092
f 232//1093 238//1094 236//1095
f 238//1096 233//1097 239//1098
f 239//1099 233//1100 235//1101
f 203//1102 237//1103 240//1104
f 240//1105 237//1106 236//1107
f 203//1108 240//1109 241//1110
f 236//1111 238//1112 242//1113
f 240//1114 236//1115 243//1116
f 243//1117 236//1118 242//1119
f 242//1120 238//1121 244//1122
f 244//1123 238//1124 239//1125
f 243//1126 242//1127 245//1128
f 240//1129 243//1130 246//1131
f 240//1132 246//1133 241//1134
f 246//1135 243//1136 247//1137
f 247//1138 243//1139 245//1140
f 245//1141 242//1142 248//1143
f 248//1144 242//1145 244//1146
f 247//1147 245//1148 249//1149
f 246//1150 247//1151 250//1152
f 250//1153 247//1154 249//1155
f 251//1156 241//1157 246//1158
f 251//1159 246//1160 250//1161
f 241//1162 251//1163 252//1164
f 251//1165 250//1166 253//1167
f 251//1168 253//1169 254//1170
f 251//1171 254//1172 252//1173
f 253//1174 250//1175 255//1176
f 254//1177 253//1178 256//1179
f 256//1180 253//1181 255//1182
f 255//1183 250//1184 257//1185
f 257//1186 250//1187 249//1188
f 258//1189 241//1190 252//1191
f 241//1192 258//1193 203//1194
f 203//1195 258//1196 194//1197
f 194//1198 258//1199 259//1200
f 194//1201 259//1202 193//1203
f 193//1204 259//1205 195//1206
f 259//1207 258//1208 260//1209
f 260//1210 258//1211 252//1212
f 195//1213 259//1214 261//1215
f 261//1216 259//1217 260//1218
f 260//1219 252//1220 262//1221
f 262//1222 252//1223 254//1224
f 261//1225 260//1226 263//1227
f 263//1228 260//1229 262//1230
f 262//1231 254//1232 264//1233
f 263//1234 262//1235 265//1236
f 265//1237 262//1238 264//1239
f 264//1240 254//1241 256//1242
f 261//1243 263//1244 266//1245
f 264//1246 256//1247 267//1248
f 268//1249 195//1250 261//1251
f 268//1252 261//1253 266//1254
f 195//1255 268//1256 269//1257
f 195//1258 269//1259 177//1260
f 177//1261 269//1262 170//1263
f 170//1264 269//1265 165//1266
f 165//1267 269//1268 270//1269
f 270//1270 269//1271 268//1272
f 165//1273 270//1274 161//1275
f 270//1276 268//1277 271//1278
f 271//1279 268//1280 266//1281
f 161//1282 270//1283 272//1284
f 272//1285 270//1286 271//1287
f 271//1288 266//1289 273//1290
f 271//1291 273//1292 272//1293
f 272//1294 273//1295 274//1296
f 272//1297 274//1298 161//1299
f 273//1300 266//1301 275//1302
f 161//1303 274//1304 276//1305
f 161//1306 276//1307 157//1308
f 157//1309 276//1310 152//1311
f 274//1312 273//1313 277//1314
f 277//1315 273//1316 275//1317
f 276//1318 274//1319 278//1320
f 278//1321 274//1322 277//1323
f 152//1324 276//1325 279//1326
f 279//1327 276//1328 278//1329
f 152//1330 279//1331 147//1332
f 278//1333 277//1334 280//1335
f 278//1336 280//1337 279//1338
f 277//1339 275//1340 281//1341
f 279//1342 280//1343 282//1344
f 279//1345 282//1346 147//1347
f 280//1348 277//1349 283//1350
f 283//1351 277//1352 281//1353
f 282//1354 280//1355 284//1356
f 284//1357 280//1358 283//1359
f 147//1360 282//1361 285//1362
f 285//1363 282//1364 284//1365
f 147//1366 285//1367 143//1368
f 143//1369 285//1370 286//1371
f 286//1372 285//1373 284//1374
f 143//1375 286//1376 141//1377
f 141//1378 286//1379 144//1380
f 144//1381 286//1382 284//1383
f 287//1384 284//1385 283//1386
f 284//1387 287//1388 144//1389
f 288//1390 283//1391 281//1392
f 283//1393 288//1394 287//1395
f 144//1396 287//1397 289//1398
f 144//1399 289//1400 290//1401
f 144//1402 290//1403 140//1404
f 140//1405 290//1406 127//1407
f 127//1408 290//1409 291//1410
f 127//1411 291//1412 124//1413
f 290//1414 289//1415 292//1416
f 290//1417 292//1418 291//1419
f 124//1420 291//1421 293//1422
f 293//1423 291//1424 292//1425
f 124//1426 293//1427 123//1428
f 292//1429 289//1430 294//1431
f 294//1432 289//1433 287//1434
f 293//1435 292//1436 295//1437
f 295//1438 292//1439 294//1440
f 294//1441 287//1442 296//1443
f 296//1444 287//1445 288//1446
f 295//1447 294//1448 297//1449
f 297//1450 294//1451 296//1452
f 293//1453 295//1454 298//1455
f 295//1456 297//1457 299//1458
f 295//1459 299//1460 298//1461
f 297//1462 296//1463 300//1464
f 300//1465 296//1466 288//1467
f 299//1468 297//1469 301//1470
f 301//1471 297//1472 300//1473
f 293//1474 298//1475 302//1476
f 293//1477 302//1478 123//1479
f 298//1480 299//1481 303//1482
f 298//1483 303//1484 302//1485
f 303//1486 299//1487 304//1488
f 304//1489 299//1490 301//1491
f 123//1492 302//1493 305//1494
f 302//1495 303//1496 306//1497
f 302//1498 306//1499 305//1500
f 123//1501 305//1502 117//1503
f 303//1504 304//1505 307//1506
f 303//1507 307//1508 306//1509
f 305//1510 306//1511 308//1512
f 308//1513 306//1514 309//1515
f 305//1516 308//1517 310//1518
f 310//1519 308//1520 309//1521
f 117//1522 305//1523 311//1524
f 311//1525 305//1526 310//1527
f 117//1528 311//1529 312//1530
f 311//1531 310//1532 313//1533
f 311//1534 313//1535 312//1536
f 117//1537 312//1538 116//1539
f 313//1540 310//1541 314//1542
f 314//1543 310//1544 309//1545
f 116//1546 312//1547 315//1548
f 116//1549 315//1550 115//1551
f 312//1552 313//1553 316//1554
f 312//1555 316//1556 315//1557
f 313//1558 314//1559 317//1560
f 316//1561 313//1562 318//1563
f 318//1564 313//1565 317//1566
f 316//1567 318//1568 319//1569
f 317//1570 314//1571 320//1572
f 320//1573 314//1574 309//1575
f 318//1576 317//1577 321//1578
f 318//1579 321//1580 319//1581
f 317//1582 320//1583 322//1584
f 317//1585 322//1586 321//1587
f 322//1588 320//1589 323//1590
f 321//1591 322//1592 324//1593
f 324//1594 322//1595 323//1596
f 320//1597 309//1598 325//1599
f 320//1600 325//1601 323//1602
f 325//1603 309//1604 326//1605
f 326//1606 309//1607 306//1608
f 326//1609 306//1610 307//1611
f 325//1612 326//1613 327//1614
f 326//1615 307//1616 328//1617
f 326//1618 328//1619 327//1620
f 323//1621 325//1622 329//1623
f 329//1624 325//1625 327//1626
f 328//1627 307//1628 330//1629
f 323//1630 329//1631 331//1632
f 327//1633 328//1634 332//1635
f 332//1636 328//1637 330//1638
f 329//1639 327//1640 333//1641
f 327//1642 332//1643 334//1644
f 327//1645 334//1646 333//1647
f 329//1648 333//1649 335//1650
f 329//1651 335//1652 331//1653
f 323//1654 331//1655 336//1656
f 323//1657 336//1658 324//1659
f 331//1660 335//1661 337//1662
f 336//1663 331//1664 338//1665
f 338//1666 331//1667 337//1668
f 324//1669 336//1670 339//1671
f 339//1672 336//1673 338//1674
f 324//1675 339//1676 340//1677
f 337//1678 335//1679 341//1680
f 341//1681 335//1682 342//1683
f 342//1684 335//1685 333//1686
f 337//1687 341//1688 343//1689
f 342//1690 333//1691 344//1692
f 344//1693 333//1694 334//1695
f 341//1696 342//1697 345//1698
f 341//1699 345//1700 343//1701
f 342//1702 344//1703 346//1704
f 342//1705 346//1706 345//1707
f 344//1708 334//1709 347//1710
f 344//1711 347//1712 346//1713
f 347//1714 334//1715 348//1716
f 348//1717 334//1718 332//1719
f 343//1720 345//1721 349//1722
f 349//1723 345//1724 346//1725
f 350//1726 337//1727 343//1728
f 350//1729 343//1730 349//1731
f 337//1732 350//1733 338//1734
f 348//1735 332//1736 351//1737
f 351//1738 332//1739 330//1740
f 348//1741 351//1742 352//1743
f 351//1744 330//1745 353//1746
f 351//1747 353//1748 352//1749
f 353//1750 330//1751 354//1752
f 348//1753 352//1754 355//1755
f 348//1756 355//1757 347//1758
f 352//1759 353//1760 356//1761
f 347//1762 355//1763 357//1764
f 347//1765 357//1766 346//1767
f 346//1768 357//1769 358//1770
f 346//1771 358//1772 349//1773
f 357//1774 355//1775 359//1776
f 357//1777 359//1778 358//1779
f 360//1780 355//1781 352//1782
f 355//1783 360//1784 359//1785
f 360//1786 352//1787 361//1788
f 361//1789 352//1790 356//1791
f 359//1792 360//1793 362//1794
f 359//1795 362//1796 358//1797
f 360//1798 361//1799 363//1800
f 360//1801 363//1802 362//1803
f 364//1804 349//1805 358//1806
f 363//1807 361//1808 365//1809
f 365//1810 361//1811 356//1812
f 349//1813 364//1814 350//1815
f 358//1816 362//1817 366//1818
f 362//1819 363//1820 367//1821
f 362//1822 367//1823 366//1824
f 367//1825 363//1826 368//1827
f 368//1828 363//1829 369//1830
f 369//1831 363//1832 365//1833
f 367//1834 368//1835 370//1836
f 369//1837 365//1838 371//1839
f 371//1840 365//1841 356//1842
f 368//1843 369//1844 372//1845
f 368//1846 372//1847 370//1848
f 369//1849 371//1850 373//1851
f 369//1852 373//1853 372//1854
f 371//1855 356//1856 374//1857
f 371//1858 374//1859 373//1860
f 372//1861 373//1862 257//1863
f 373//1864 374//1865 255//1866
f 373//1867 255//1868 257//1869
f 255//1870 374//1871 256//1872
f 374//1873 356//1874 375//1875
f 374//1876 375//1877 256//1878
f 375//1879 356//1880 353//1881
f 256//1882 375//1883 267//1884
f 375//1885 353//1886 354//1887
f 375//1888 354//1889 267//1890
f 376//1891 372//1892 257//1893
f 376//1894 257//1895 249//1896
f 372//1897 376//1898 377//1899
f 372//1900 377//1901 370//1902
f 377//1903 376//1904 378//1905
f 370//1906 377//1907 379//1908
f 379//1909 377//1910 378//1911
f 370//1912 379//1913 380//1914
f 370//1915 380//1916 367//1917
f 380//1918 379//1919 381//1920
f 381//1921 379//1922 378//1923
f 367//1924 380//1925 366//1926
f 382//1927 378//1928 376//1929
f 382//1930 376//1931 249//1932
f 382//1933 249//1934 383//1935
f 383//1936 249//1937 245//1938
f 383//1939 245//1940 248//1941
f 382//1942 383//1943 384//1944
f 384//1945 383//1946 248//1947
f 378//1948 382//1949 385//1950
f 385//1951 382//1952 384//1953
f 384//1954 248//1955 386//1956
f 384//1957 386//1958 385//1959
f 378//1960 385//1961 387//1962
f 378//1963 387//1964 381//1965
f 387//1966 385//1967 388//1968
f 388//1969 385//1970 386//1971
f 381//1972 387//1973 389//1974
f 386//1975 248//1976 390//1977
f 390//1978 248//1979 244//1980
f 387//1981 388//1982 391//1983
f 387//1984 391//1985 389//1986
f 388//1987 386//1988 392//1989
f 388//1990 392//1991 391//1992
f 386//1993 390//1994 393//1995
f 386//1996 393//1997 392//1998
f 390//1999 244//2000 394//2001
f 390//2002 394//2003 393//2004
f 389//2005 391//2006 395//2007
f 391//2008 392//2009 396//2010
f 391//2011 396//2012 395//2013
f 392//2014 393//2015 397//2016
f 392//2017 397//2018 396//2019
f 389//2020 395//2021 398//2022
f 389//2023 398//2024 381//2025
f 395//2026 396//2027 399//2028
f 381//2029 398//2030 400//2031
f 381//2032 400//2033 380//2034
f 398//2035 395//2036 401//2037
f 401//2038 395//2039 399//2040
f 380//2041 400//2042 366//2043
f 400//2044 398//2045 402//2046
f 402//2047 398//2048 401//2049
f 400//2050 402//2051 366//2052
f 401//2053 399//2054 403//2055
f 404//2056 399//2057 396//2058
f 399//2059 404//2060 403//2061
f 404//2062 396//2063 397//2064
f 401//2065 403//2066 405//2067
f 401//2068 405//2069 402//2070
f 403//2071 404//2072 406//2073
f 404//2074 397//2075 407//2076
f 404//2077 407//2078 406//2079
f 405//2080 403//2081 408//2082
f 405//2083 408//2084 409//2085
f 405//2086 409//2087 402//2088
f 408//2089 403//2090 410//2091
f 410//2092 403//2093 406//2094
f 408//2095 410//2096 411//2097
f 408//2098 411//2099 409//2100
f 410//2101 406//2102 412//2103
f 410//2104 412//2105 411//2106
f 412//2107 406//2108 413//2109
f 411//2110 412//2111 414//2112
f 414//2113 412//2114 413//2115
f 413//2116 406//2117 415//2118
f 415//2119 406//2120 407//2121
f 415//2122 407//2123 416//2124
f 416//2125 407//2126 397//2127
f 413//2128 415//2129 417//2130
f 416//2131 397//2132 418//2133
f 418//2134 397//2135 393//2136
f 418//2137 393//2138 394//2139
f 415//2140 416//2141 419//2142
f 415//2143 419//2144 417//2145
f 416//2146 418//2147 420//2148
f 416//2149 420//2150 419//2151
f 418//2152 394//2153 421//2154
f 418//2155 421//2156 420//2157
f 420//2158 421//2159 422//2160
f 420//2161 422//2162 419//2163
f 421//2164 394//2165 423//2166
f 421//2167 423//2168 422//2169
f 423//2170 394//2171 424//2172
f 424//2173 394//2174 244//2175
f 424//2176 244//2177 239//2178
f 424//2179 239//2180 425//2181
f 424//2182 425//2183 423//2184
f 425//2185 239//2186 235//2187
f 422//2188 423//2189 426//2190
f 426//2191 423//2192 425//2193
f 425//2194 235//2195 427//2196
f 425//2197 427//2198 426//2199
f 422//2200 426//2201 428//2202
f 428//2203 426//2204 427//2205
f 429//2206 419//2207 422//2208
f 429//2209 422//2210 428//2211
f 419//2212 429//2213 430//2214
f 429//2215 428//2216 431//2217
f 429//2218 431//2219 430//2220
f 419//2221 430//2222 432//2223
f 419//2224 432//2225 417//2226
f 430//2227 431//2228 433//2229
f 432//2230 430//2231 434//2232
f 434//2233 430//2234 433//2235
f 432//2236 434//2237 435//2238
f 432//2239 435//2240 417//2241
f 435//2242 434//2243 436//2244
f 417//2245 435//2246 437//2247
f 417//2248 437//2249 413//2250
f 413//2251 437//2252 414//2253
f 437//2254 435//2255 438//2256
f 438//2257 435//2258 436//2259
f 414//2260 437//2261 439//2262
f 439//2263 437//2264 438//2265
f 414//2266 439//2267 440//2268
f 414//2269 440//2270 411//2271
f 439//2272 438//2273 441//2274
f 441//2275 438//2276 436//2277
f 440//2278 439//2279 442//2280
f 442//2281 439//2282 441//2283
f 411//2284 440//2285 443//2286
f 411//2287 443//2288 409//2289
f 440//2290 442//2291 444//2292
f 440//2293 444//2294 443//2295
f 442//2296 441//2297 445//2298
f 444//2299 442//2300 446//2301
f 446//2302 442//2303 445//2304
f 445//2305 441//2306 447//2307
f 447//2308 441//2309 436//2310
f 446//2311 445//2312 448//2313
f 445//2314 447//2315 449//2316
f 445//2317 449//2318 448//2319
f 444//2320 446//2321 450//2322
f 444//2323 450//2324 443//2325
f 450//2326 446//2327 451//2328
f 451//2329 446//2330 448//2331
f 443//2332 450//2333 452//2334
f 448//2335 449//2336 453//2337
f 450//2338 451//2339 454//2340
f 450//2341 454//2342 452//2343
f 451//2344 448//2345 455//2346
f 455//2347 448//2348 456//2349
f 456//2350 448//2351 453//2352
f 451//2353 455//2354 457//2355
f 451//2356 457//2357 454//2358
f 455//2359 456//2360 458//2361
f 455//2362 458//2363 457//2364
f 454//2365 457//2366 459//2367
f 454//2368 459//2369 452//2370
f 457//2371 458//2372 460//2373
f 457//2374 460//2375 459//2376
f 458//2377 456//2378 461//2379
f 461//2380 456//2381 453//2382
f 460//2383 458//2384 462//2385
f 458//2386 461//2387 463//2388
f 458//2389 463//2390 462//2391
f 461//2392 453//2393 464//2394
f 461//2395 464//2396 463//2397
f 462//2398 463//2399 465//2400
f 463//2401 464//2402 466//2403
f 463//2404 466//2405 465//2406
f 462//2407 465//2408 467//2409
f 462//2410 467//2411 460//2412
f 467//2413 465//2414 468//2415
f 460//2416 467//2417 469//2418
f 460//2419 469//2420 459//2421
f 469//2422 467//2423 470//2424
f 470//2425 467//2426 468//2427
f 459//2428 469//2429 471//2430
f 469//2431 470//2432 472//2433
f 469//2434 472//2435 471//2436
f 472//2437 470//2438 473//2439
f 473//2440 470//2441 468//2442
f 471//2443 472//2444 474//2445
f 474//2446 472//2447 473//2448
f 459//2449 471//2450 475//2451
f 459//2452 475//2453 476//2454
f 459//2455 476//2456 452//2457
f 475//2458 471//2459 477//2460
f 477//2461 471//2462 474//2463
f 475//2464 477//2465 478//2466
f 475//2467 478//2468 476//2469
f 477//2470 474//2471 479//2472
f 477//2473 479//2474 478//2475
f 476//2476 478//2477 480//2478
f 478//2479 479//2480 481//2481
f 478//2482 481//2483 480//2484
f 476//2485 480//2486 482//2487
f 482//2488 480//2489 481//2490
f 483//2491 452//2492 476//2493
f 483//2494 476//2495 482//2496
f 452//2497 483//2498 484//2499
f 452//2500 484//2501 443//2502
f 483//2503 482//2504 485//2505
f 483//2506 485//2507 484//2508
f 443//2509 484//2510 486//2511
f 443//2512 486//2513 409//2514
f 484//2515 485//2516 487//2517
f 484//2518 487//2519 486//2520
f 485//2521 482//2522 488//2523
f 409//2524 486//2525 489//2526
f 409//2527 489//2528 402//2529
f 486//2530 487//2531 490//2532
f 486//2533 490//2534 489//2535
f 487//2536 485//2537 491//2538
f 491//2539 485//2540 488//2541
f 490//2542 487//2543 492//2544
f 492//2545 487//2546 491//2547
f 489//2548 490//2549 493//2550
f 493//2551 490//2552 492//2553
f 489//2554 493//2555 494//2556
f 489//2557 494//2558 402//2559
f 493//2560 492//2561 495//2562
f 492//2563 491//2564 496//2565
f 492//2566 496//2567 495//2568
f 496//2569 491//2570 497//2571
f 497//2572 491//2573 488//2574
f 494//2575 493//2576 498//2577
f 498//2578 493//2579 495//2580
f 494//2581 498//2582 499//2583
f 500//2584 402//2585 494//2586
f 500//2587 494//2588 499//2589
f 402//2590 500//2591 366//2592
f 498//2593 495//2594 501//2595
f 498//2596 501//2597 499//2598
f 501//2599 495//2600 502//2601
f 502//2602 495//2603 496//2604
f 366//2605 500//2606 503//2607
f 366//2608 503//2609 358//2610
f 500//2611 499//2612 504//2613
f 500//2614 504//2615 503//2616
f 358//2617 503//2618 364//2619
f 503//2620 504//2621 505//2622
f 503//2623 505//2624 364//2625
f 504//2626 499//2627 506//2628
f 504//2629 506//2630 505//2631
f 506//2632 499//2633 507//2634
f 507//2635 499//2636 501//2637
f 505//2638 506//2639 508//2640
f 507//2641 501//2642 509//2643
f 509//2644 501//2645 502//2646
f 506//2647 507//2648 510//2649
f 506//2650 510//2651 508//2652
f 507//2653 509//2654 511//2655
f 507//2656 511//2657 510//2658
f 505//2659 508//2660 512//2661
f 505//2662 512//2663 364//2664
f 508//2665 510//2666 513//2667
f 364//2668 512//2669 514//2670
f 512//2671 508//2672 515//2673
f 515//2674 508//2675 513//2676
f 512//2677 515//2678 514//2679
f 364//2680 514//2681 350//2682
f 516//2683 510//2684 511//2685
f 513//2686 510//2687 517//2688
f 517//2689 510//2690 516//2691
f 516//2692 511//2693 518//2694
f 518//2695 511//2696 509//2697
f 517//2698 516//2699 519//2700
f 519//2701 516//2702 518//2703
f 518//2704 509//2705 520//2706
f 520//2707 509//2708 502//2709
f 519//2710 518//2711 521//2712
f 521//2713 518//2714 520//2715
f 520//2716 502//2717 522//2718
f 520//2719 522//2720 521//2721
f 522//2722 502//2723 523//2724
f 523//2725 502//2726 496//2727
f 523//2728 496//2729 497//2730
f 522//2731 523//2732 524//2733
f 524//2734 523//2735 497//2736
f 524//2737 497//2738 525//2739
f 525//2740 497//2741 488//2742
f 522//2743 524//2744 526//2745
f 526//2746 524//2747 525//2748
f 527//2749 521//2750 522//2751
f 527//2752 522//2753 526//2754
f 521//2755 527//2756 528//2757
f 529//2758 519//2759 521//2760
f 529//2761 521//2762 528//2763
f 528//2764 527//2765 530//2766
f 527//2767 526//2768 531//2769
f 527//2770 531//2771 530//2772
f 531//2773 526//2774 532//2775
f 532//2776 526//2777 525//2778
f 530//2779 531//2780 533//2781
f 531//2782 532//2783 534//2784
f 531//2785 534//2786 533//2787
f 532//2788 525//2789 535//2790
f 534//2791 532//2792 536//2793
f 536//2794 532//2795 535//2796
f 534//2797 536//2798 537//2799
f 535//2800 525//2801 538//2802
f 538//2803 525//2804 539//2805
f 539//2806 525//2807 488//2808
f 539//2809 488//2810 482//2811
f 539//2812 482//2813 481//2814
f 539//2815 481//2816 538//2817
f 538//2818 481//2819 540//2820
f 538//2821 540//2822 535//2823
f 540//2824 481//2825 479//2826
f 535//2827 540//2828 541//2829
f 535//2830 541//2831 536//2832
f 540//2833 479//2834 542//2835
f 540//2836 542//2837 541//2838
f 542//2839 479//2840 474//2841
f 536//2842 541//2843 543//2844
f 536//2845 543//2846 537//2847
f 542//2848 474//2849 544//2850
f 541//2851 542//2852 545//2853
f 541//2854 545//2855 543//2856
f 545//2857 542//2858 544//2859
f 544//2860 474//2861 473//2862
f 544//2863 473//2864 546//2865
f 546//2866 473//2867 468//2868
f 544//2869 546//2870 547//2871
f 546//2872 468//2873 548//2874
f 546//2875 548//2876 547//2877
f 548//2878 468//2879 549//2880
f 549//2881 468//2882 465//2883
f 549//2884 465//2885 466//2886
f 548//2887 549//2888 550//2889
f 548//2890 550//2891 547//2892
f 549//2893 466//2894 551//2895
f 549//2896 551//2897 550//2898
f 552//2899 544//2900 547//2901
f 544//2902 552//2903 545//2904
f 545//2905 552//2906 553//2907
f 545//2908 553//2909 543//2910
f 543//2911 553//2912 554//2913
f 543//2914 554//2915 537//2916
f 553//2917 552//2918 555//2919
f 553//2920 555//2921 554//2922
f 552//2923 547//2924 556//2925
f 552//2926 556//2927 555//2928
f 556//2929 547//2930 557//2931
f 557//2932 547//2933 550//2934
f 555//2935 556//2936 558//2937
f 554//2938 555//2939 559//2940
f 559//2941 555//2942 558//2943
f 556//2944 557//2945 560//2946
f 556//2947 560//2948 558//2949
f 557//2950 550//2951 561//2952
f 557//2953 561//2954 560//2955
f 561//2956 550//2957 562//2958
f 562//2959 550//2960 551//2961
f 560//2962 561//2963 563//2964
f 563//2965 561//2966 562//2967
f 562//2968 551//2969 564//2970
f 562//2971 564//2972 563//2973
f 564//2974 551//2975 565//2976
f 565//2977 551//2978 466//2979
f 563//2980 564//2981 566//2982
f 564//2983 565//2984 567//2985
f 564//2986 567//2987 566//2988
f 565//2989 466//2990 568//2991
f 565//2992 568//2993 567//2994
f 568//2995 466//2996 464//2997
f 568//2998 464//2999 569//3000
f 569//3001 464//3002 453//3003
f 567//3004 568//3005 570//3006
f 570//3007 568//3008 569//3009
f 571//3010 566//3011 567//3012
f 571//3013 567//3014 570//3015
f 569//3016 453//3017 572//3018
f 572//3019 453//3020 449//3021
f 572//3022 449//3023 447//3024
f 569//3025 572//3026 573//3027
f 569//3028 573//3029 570//3030
f 572//3031 447//3032 574//3033
f 572//3034 574//3035 573//3036
f 574//3037 447//3038 436//3039
f 570//3040 573//3041 575//3042
f 570//3043 575//3044 571//3045
f 573//3046 574//3047 576//3048
f 573//3049 576//3050 575//3051
f 574//3052 436//3053 577//3054
f 574//3055 577//3056 576//3057
f 577//3058 436//3059 434//3060
f 577//3061 434//3062 433//3063
f 576//3064 577//3065 578//3066
f 578//3067 577//3068 433//3069
f 575//3070 576//3071 579//3072
f 579//3073 576//3074 578//3075
f 578//3076 433//3077 580//3078
f 578//3079 580//3080 579//3081
f 580//3082 433//3083 581//3084
f 581//3085 433//3086 431//3087
f 579//3088 580//3089 582//3090
f 582//3091 580//3092 581//3093
f 581//3094 431//3095 583//3096
f 583//3097 431//3098 428//3099
f 581//3100 583//3101 584//3102
f 581//3103 584//3104 582//3105
f 583//3106 428//3107 585//3108
f 585//3109 428//3110 427//3111
f 579//3112 582//3113 586//3114
f 583//3115 585//3116 587//3117
f 583//3118 587//3119 584//3120
f 579//3121 586//3122 588//3123
f 579//3124 588//3125 575//3126
f 586//3127 582//3128 589//3129
f 586//3130 589//3131 588//3132
f 590//3133 582//3134 584//3135
f 582//3136 590//3137 589//3138
f 584//3139 587//3140 591//3141
f 584//3142 591//3143 590//3144
f 575//3145 588//3146 592//3147
f 575//3148 592//3149 571//3150
f 588//3151 589//3152 593//3153
f 590//3154 591//3155 594//3156
f 588//3157 593//3158 595//3159
f 588//3160 595//3161 592//3162
f 593//3163 589//3164 596//3165
f 593//3166 596//3167 595//3168
f 597//3169 589//3170 590//3171
f 589//3172 597//3173 596//3174
f 597//3175 590//3176 598//3177
f 598//3178 590//3179 594//3180
f 596//3181 597//3182 599//3183
f 599//3184 597//3185 598//3186
f 595//3187 596//3188 600//3189
f 596//3190 599//3191 601//3192
f 596//3193 601//3194 600//3195
f 595//3196 600//3197 602//3198
f 595//3199 602//3200 592//3201
f 600//3202 601//3203 603//3204
f 602//3205 600//3206 604//3207
f 604//3208 600//3209 603//3210
f 602//3211 604//3212 605//3213
f 602//3214 605//3215 592//3216
f 604//3217 603//3218 606//3219
f 592//3220 605//3221 607//3222
f 592//3223 607//3224 571//3225
f 571//3226 607//3227 566//3228
f 605//3229 604//3230 608//3231
f 608//3232 604//3233 606//3234
f 607//3235 605//3236 609//3237
f 609//3238 605//3239 608//3240
f 566//3241 607//3242 610//3243
f 610//3244 607//3245 609//3246
f 566//3247 610//3248 563//3249
f 563//3250 610//3251 611//3252
f 563//3253 611//3254 560//3255
f 610//3256 609//3257 612//3258
f 609//3259 608//3260 613//3261
f 609//3262 613//3263 612//3264
f 613//3265 608//3266 614//3267
f 614//3268 608//3269 606//3270
f 612//3271 613//3272 615//3273
f 610//3274 612//3275 616//3276
f 616//3277 612//3278 615//3279
f 610//3280 616//3281 611//3282
f 615//3283 613//3284 617//3285
f 617//3286 613//3287 614//3288
f 616//3289 615//3290 618//3291
f 614//3292 606//3293 619//3294
f 611//3295 616//3296 620//3297
f 620//3298 616//3299 618//3300
f 619//3301 606//3302 621//3303
f 621//3304 606//3305 622//3306
f 622//3307 606//3308 603//3309
f 622//3310 603//3311 623//3312
f 622//3313 623//3314 621//3315
f 623//3316 603//3317 601//3318
f 623//3319 601//3320 624//3321
f 624//3322 601//3323 599//3324
f 621//3325 623//3326 625//3327
f 625//3328 623//3329 624//3330
f 624//3331 599//3332 626//3333
f 626//3334 599//3335 598//3336
f 625//3337 624//3338 627//3339
f 621//3340 625//3341 628//3342
f 628//3343 625//3344 627//3345
f 627//3346 624//3347 629//3348
f 629//3349 624//3350 626//3351
f 626//3352 598//3353 630//3354
f 629//3355 626//3356 631//3357
f 631//3358 626//3359 630//3360
f 630//3361 598//3362 594//3363
f 629//3364 631//3365 632//3366
f 629//3367 632//3368 627//3369
f 627//3370 632//3371 633//3372
f 627//3373 633//3374 628//3375
f 632//3376 631//3377 634//3378
f 635//3379 621//3380 628//3381
f 621//3382 635//3383 619//3384
f 628//3385 633//3386 636//3387
f 628//3388 636//3389 637//3390
f 628//3391 637//3392 635//3393
f 636//3394 633//3395 638//3396
f 635//3397 637//3398 639//3399
f 638//3400 633//3401 640//3402
f 635//3403 639//3404 641//3405
f 641//3406 639//3407 642//3408
f 643//3409 619//3410 635//3411
f 643//3412 635//3413 641//3414
f 619//3415 643//3416 614//3417
f 641//3418 642//3419 644//3420
f 614//3421 643//3422 645//3423
f 645//3424 643//3425 641//3426
f 641//3427 644//3428 646//3429
f 641//3430 646//3431 645//3432
f 646//3433 644//3434 9//3435
f 646//3436 9//3437 6//3438
f 614//3439 645//3440 617//3441
f 645//3442 646//3443 647//3444
f 645//3445 647//3446 617//3447
f 646//3448 6//3449 648//3450
f 646//3451 648//3452 647//3453
f 617//3454 647//3455 649//3456
f 648//3457 6//3458 650//3459
f 647//3460 648//3461 651//3462
f 647//3463 651//3464 649//3465
f 651//3466 648//3467 650//3468
f 650//3469 6//3470 12//3471
f 649//3472 651//3473 652//3474
f 649//3475 652//3476 617//3477
f 617//3478 652//3479 615//3480
f 615//3481 652//3482 653//3483
f 653//3484 652//3485 651//3486
f 615//3487 653//3488 618//3489
f 651//3490 650//3491 654//3492
f 651//3493 654//3494 653//3495
f 654//3496 650//3497 655//3498
f 655//3499 650//3500 12//3501
f 653//3502 654//3503 656//3504
f 653//3505 656//3506 618//3507
f 656//3508 654//3509 655//3510
f 618//3511 656//3512 657//3513
f 618//3514 657//3515 620//3516
f 656//3517 655//3518 658//3519
f 656//3520 658//3521 657//3522
f 655//3523 12//3524 659//3525
f 655//3526 659//3527 658//3528
f 659//3529 12//3530 14//3531
f 620//3532 657//3533 660//3534
f 620//3535 660//3536 611//3537
f 657//3538 658//3539 661//3540
f 657//3541 661//3542 660//3543
f 658//3544 659//3545 662//3546
f 658//3547 662//3548 661//3549
f 659//3550 14//3551 663//3552
f 659//3553 663//3554 662//3555
f 663//3556 14//3557 17//3558
f 664//3559 611//3560 660//3561
f 664//3562 660//3563 661//3564
f 611//3565 664//3566 665//3567
f 611//3568 665//3569 560//3570
f 560//3571 665//3572 558//3573
f 663//3574 17//3575 666//3576
f 666//3577 17//3578 19//3579
f 558//3580 665//3581 667//3582
f 663//3583 666//3584 668//3585
f 663//3586 668//3587 662//3588
f 666//3589 19//3590 669//3591
f 669//3592 19//3593 23//3594
f 668//3595 666//3596 670//3597
f 670//3598 666//3599 669//3600
f 669//3601 23//3602 38//3603
f 662//3604 668//3605 671//3606
f 671//3607 668//3608 670//3609
f 670//3610 669//3611 672//3612
f 672//3613 669//3614 38//3615
f 672//3616 38//3617 673//3618
f 673//3619 38//3620 674//3621
f 674//3622 38//3623 37//3624
f 672//3625 673//3626 675//3627
f 675//3628 673//3629 674//3630
f 670//3631 672//3632 676//3633
f 676//3634 672//3635 675//3636
f 674//3637 37//3638 39//3639
f 670//3640 676//3641 677//3642
f 670//3643 677//3644 671//3645
f 675//3646 674//3647 678//3648
f 678//3649 674//3650 39//3651
f 676//3652 675//3653 679//3654
f 679//3655 675//3656 678//3657
f 677//3658 676//3659 680//3660
f 680//3661 676//3662 679//3663
f 671//3664 677//3665 681//3666
f 681//3667 677//3668 680//3669
f 671//3670 681//3671 682//3672
f 681//3673 680//3674 667//3675
f 681//3676 667//3677 682//3678
f 682//3679 667//3680 665//3681
f 682//3682 665//3683 664//3684
f 671//3685 682//3686 683//3687
f 683//3688 682//3689 664//3690
f 671//3691 683//3692 662//3693
f 683//3694 664//3695 661//3696
f 683//3697 661//3698 662//3699
f 684//3700 667//3701 680//3702
f 684//3703 680//3704 679//3705
f 667//3706 684//3707 559//3708
f 667//3709 559//3710 558//3711
f 684//3712 679//3713 685//3714
f 685//3715 679//3716 678//3717
f 559//3718 684//3719 686//3720
f 686//3721 684//3722 685//3723
f 559//3724 686//3725 687//3726
f 559//3727 687//3728 554//3729
f 554//3730 687//3731 537//3732
f 685//3733 678//3734 688//3735
f 688//3736 678//3737 39//3738
f 686//3739 685//3740 689//3741
f 689//3742 685//3743 688//3744
f 688//3745 39//3746 690//3747
f 688//3748 690//3749 689//3750
f 690//3751 39//3752 41//3753
f 686//3754 689//3755 691//3756
f 686//3757 691//3758 687//3759
f 689//3760 690//3761 692//3762
f 689//3763 692//3764 691//3765
f 690//3766 41//3767 693//3768
f 690//3769 693//3770 692//3771
f 693//3772 41//3773 43//3774
f 691//3775 692//3776 694//3777
f 691//3778 694//3779 687//3780
f 692//3781 693//3782 695//3783
f 692//3784 695//3785 694//3786
f 693//3787 43//3788 696//3789
f 693//3790 696//3791 695//3792
f 696//3793 43//3794 45//3795
f 696//3796 45//3797 47//3798
f 687//3799 694//3800 697//3801
f 687//3802 697//3803 537//3804
f 537//3805 697//3806 534//3807
f 534//3808 697//3809 533//3810
f 533//3811 697//3812 694//3813
f 533//3814 694//3815 698//3816
f 698//3817 694//3818 695//3819
f 533//3820 698//3821 699//3822
f 698//3823 695//3824 700//3825
f 700//3826 695//3827 696//3828
f 698//3829 700//3830 699//3831
f 533//3832 699//3833 530//3834
f 700//3835 696//3836 701//3837
f 700//3838 701//3839 699//3840
f 530//3841 699//3842 702//3843
f 702//3844 699//3845 701//3846
f 530//3847 702//3848 528//3849
f 701//3850 696//3851 703//3852
f 703//3853 696//3854 47//3855
f 702//3856 701//3857 704//3858
f 704//3859 701//3860 703//3861
f 528//3862 702//3863 705//3864
f 705//3865 702//3866 704//3867
f 528//3868 705//3869 529//3870
f 703//3871 47//3872 706//3873
f 703//3874 706//3875 704//3876
f 706//3877 47//3878 58//3879
f 705//3880 704//3881 707//3882
f 705//3883 707//3884 529//3885
f 704//3886 706//3887 708//3888
f 704//3889 708//3890 707//3891
f 706//3892 58//3893 709//3894
f 706//3895 709//3896 708//3897
f 709//3898 58//3899 63//3900
f 709//3901 63//3902 78//3903
f 708//3904 709//3905 710//3906
f 710//3907 709//3908 78//3909
f 707//3910 708//3911 711//3912
f 711//3913 708//3914 710//3915
f 707//3916 711//3917 712//3918
f 707//3919 712//3920 529//3921
f 711//3922 710//3923 713//3924
f 529//3925 712//3926 714//3927
f 529//3928 714//3929 519//3930
f 519//3931 714//3932 517//3933
f 712//3934 711//3935 715//3936
f 715//3937 711//3938 713//3939
f 714//3940 712//3941 716//3942
f 716//3943 712//3944 715//3945
f 517//3946 714//3947 717//3948
f 717//3949 714//3950 716//3951
f 517//3952 717//3953 513//3954
f 513//3955 717//3956 718//3957
f 513//3958 718//3959 515//3960
f 717//3961 716//3962 719//3963
f 717//3964 719//3965 718//3966
f 716//3967 715//3968 720//3969
f 716//3970 720//3971 719//3972
f 720//3973 715//3974 721//3975
f 721//3976 715//3977 713//3978
f 515//3979 718//3980 722//3981
f 515//3982 722//3983 514//3984
f 718//3985 719//3986 723//3987
f 718//3988 723//3989 722//3990
f 719//3991 720//3992 724//3993
f 719//3994 724//3995 723//3996
f 720//3997 721//3998 725//3999
f 720//4000 725//4001 724//4002
f 514//4003 722//4004 726//4005
f 514//4006 726//4007 350//4008
f 722//4009 723//4010 727//4011
f 722//4012 727//4013 726//4014
f 723//4015 724//4016 340//4017
f 723//4018 340//4019 727//4020
f 350//4021 726//4022 728//4023
f 728//4024 726//4025 727//4026
f 350//4027 728//4028 338//4029
f 338//4030 728//4031 339//4032
f 339//4033 728//4034 727//4035
f 339//4036 727//4037 340//4038
f 729//4039 340//4040 724//4041
f 729//4042 724//4043 725//4044
f 340//4045 729//4046 324//4047
f 324//4048 729//4049 321//4050
f 321//4051 729//4052 319//4053
f 319//4054 729//4055 725//4056
f 319//4057 725//4058 730//4059
f 730//4060 725//4061 721//4062
f 319//4063 730//4064 731//4065
f 319//4066 731//4067 316//4068
f 730//4069 721//4070 732//4071
f 730//4072 732//4073 731//4074
f 316//4075 731//4076 315//4077
f 315//4078 731//4079 732//4080
f 732//4081 721//4082 713//4083
f 315//4084 732//4085 733//4086
f 732//4087 713//4088 734//4089
f 315//4090 733//4091 735//4092
f 315//4093 735//4094 115//4095
f 115//4096 735//4097 118//4098
f 118//4099 735//4100 736//4101
f 736//4102 735//4103 733//4104
f 118//4105 736//4106 110//4107
f 737//4108 733//4109 732//4110
f 737//4111 732//4112 734//4113
f 736//4114 733//4115 738//4116
f 738//4117 733//4118 737//4119
f 110//4120 736//4121 739//4122
f 739//4123 736//4124 738//4125
f 110//4126 739//4127 740//4128
f 110//4129 740//4130 88//4131
f 88//4132 740//4133 79//4134
f 79//4135 740//4136 75//4137
f 75//4138 740//4139 741//4140
f 741//4141 740//4142 739//4143
f 75//4144 741//4145 76//4146
f 739//4147 738//4148 742//4149
f 739//4150 742//4151 741//4152
f 741//4153 742//4154 743//4155
f 741//4156 743//4157 76//4158
f 743//4159 742//4160 738//4161
f 76//4162 743//4163 77//4164
f 743//4165 738//4166 744//4167
f 743//4168 744//4169 77//4170
f 744//4171 738//4172 737//4173
f 744//4174 737//4175 734//4176
f 77//4177 744//4178 745//4179
f 745//4180 744//4181 734//4182
f 77//4183 745//4184 78//4185
f 745//4186 734//4187 746//4188
f 745//4189 746//4190 78//4191
f 746//4192 734//4193 713//4194
f 78//4195 746//4196 710//4197
f 710//4198 746//4199 713//4200
f 747//4201 640//4202 633//4203
f 747//4204 633//4205 632//4206
f 640//4207 747//4208 748//4209
f 747//4210 632//4211 634//4212
f 748//4213 747//4214 749//4215
f 749//4216 747//4217 634//4218
f 748//4219 749//4220 750//4221
f 750//4222 749//4223 751//4224
f 751//4225 749//4226 634//4227
f 750//4228 751//4229 752//4230
f 752//4231 751//4232 753//4233
f 751//4234 634//4235 754//4236
f 754//4237 634//4238 631//4239
f 753//4240 751//4241 755//4242
f 755//4243 751//4244 754//4245
f 753//4246 755//4247 218//4248
f 218//4249 755//4250 215//4251
f 754//4252 631//4253 630//4254
f 215//4255 755//4256 756//4257
f 756//4258 755//4259 754//4260
f 215//4261 756//4262 220//4263
f 754//4264 630//4265 757//4266
f 757//4267 630//4268 594//4269
f 756//4270 754//4271 758//4272
f 758//4273 754//4274 757//4275
f 220//4276 756//4277 759//4278
f 759//4279 756//4280 758//4281
f 220//4282 759//4283 222//4284
f 758//4285 757//4286 760//4287
f 758//4288 760//4289 759//4290
f 757//4291 594//4292 761//4293
f 757//4294 761//4295 760//4296
f 222//4297 759//4298 762//4299
f 762//4300 759//4301 760//4302
f 222//4303 762//4304 224//4305
f 760//4306 761//4307 763//4308
f 760//4309 763//4310 762//4311
f 761//4312 594//4313 764//4314
f 761//4315 764//4316 763//4317
f 764//4318 594//4319 591//4320
f 764//4321 591//4322 587//4323
f 764//4324 587//4325 765//4326
f 764//4327 765//4328 763//4329
f 765//4330 587//4331 585//4332
f 766//4333 762//4334 763//4335
f 762//4336 766//4337 224//4338
f 763//4339 765//4340 767//4341
f 767//4342 765//4343 585//4344
f 763//4345 767//4346 766//4347
f 767//4348 585//4349 427//4350
f 224//4351 766//4352 768//4353
f 224//4354 768//4355 223//4356
f 223//4357 768//4358 228//4359
f 767//4360 427//4361 769//4362
f 767//4363 769//4364 766//4365
f 766//4366 769//4367 768//4368
f 769//4369 427//4370 235//4371
f 228//4372 768//4373 770//4374
f 770//4375 768//4376 769//4377
f 770//4378 769//4379 235//4380
f 228//4381 770//4382 229//4383
f 229//4384 770//4385 235//4386
f 771//4387 267//4388 354//4389
f 771//4390 354//4391 772//4392
f 772//4393 354//4394 330//4395
f 772//4396 330//4397 307//4398
f 772//4399 307//4400 304//4401
f 772//4402 304//4403 301//4404
f 772//4405 301//4406 771//4407
f 267//4408 771//4409 773//4410
f 773//4411 771//4412 301//4413
f 267//4414 773//4415 264//4416
f 264//4417 773//4418 265//4419
f 773//4420 301//4421 774//4422
f 773//4423 774//4424 265//4425
f 774//4426 301//4427 300//4428
f 774//4429 300//4430 775//4431
f 774//4432 775//4433 265//4434
f 775//4435 300//4436 288//4437
f 775//4438 288//4439 281//4440
f 265//4441 775//4442 776//4443
f 776//4444 775//4445 281//4446
f 265//4447 776//4448 263//4449
f 776//4450 281//4451 275//4452
f 263//4453 776//4454 266//4455
f 266//4456 776//4457 275//4458
