# This file uses centimeters as units for non-parametric coordinates.

mtllib SM_Dantooine_Tree_Wide_A.mtl
g default
v 266.381348 271.683899 219.194260
v 330.352203 256.631927 160.867889
v 317.181732 322.484283 200.379303
v 262.618347 335.654755 234.246231
v 332.233704 294.261841 166.512375
v 296.485260 324.365784 155.223404
v 232.514420 282.972870 219.194260
v 224.988434 299.906342 222.957260
v 176.069534 284.854370 185.327332
v 223.106934 288.617340 247.416702
v 185.477020 316.839783 213.549774
v 202.410477 273.565399 249.298187
v 183.595520 296.143341 256.824188
v 161.017578 281.091370 247.416702
v 134.676636 299.906342 238.009216
v 240.040390 339.417755 196.616318
v 138.439621 318.721283 196.616318
v 125.269150 305.550812 204.142288
v 179.832535 331.891754 189.090332
v 112.098686 320.602783 185.327332
v 147.847107 339.417755 149.578918
v 179.832535 354.469696 181.564346
v 95.165222 296.143341 160.867889
v 108.335693 326.247284 136.408447
v 112.098686 288.617340 127.000969
v 115.861671 305.550812 91.252548
v 164.780563 346.943726 100.660027
v 168.543564 288.617340 74.319084
v 153.491592 307.432312 70.556091
v 161.017578 331.891754 76.200577
v 179.832535 361.995697 87.489555
v 194.884491 343.180725 61.148613
v 166.662064 296.143341 47.978142
v 191.121506 322.484283 15.992714
v 217.462448 292.380341 17.874210
v 232.514420 346.943726 49.859638
v 234.395905 322.484283 0.940747
v 302.129761 303.669312 51.741135
v 275.788818 309.313812 6.585236
v 277.670319 331.891754 21.637201
v 307.774261 328.128754 53.622631
v 285.196289 343.180725 76.200577
v 230.632919 363.877197 66.793098
v 335.996674 314.958282 59.267117
v 362.337616 296.143341 49.859638
v 326.589203 290.498840 68.674599
v 399.967529 309.313812 61.148613
v 335.996674 328.128754 98.778526
v 360.456116 282.972870 128.882462
v 396.204559 284.854370 79.963570
v 418.782501 299.906342 110.067505
v 401.849030 294.261841 136.408447
v 390.560059 318.721283 125.119469
v 369.863617 296.143341 157.104904
v 347.285645 324.365784 134.526947
v 337.878174 326.247284 158.986389
v 273.907318 363.877197 100.660027
v 288.959290 356.351196 134.526947
v 219.343948 373.284668 104.423019
v 253.210861 371.403168 151.460419
v 270.144318 358.232697 168.393875
v 193.003006 371.403168 151.460419
v 230.632919 361.995697 181.564346
v 147.847107 -16.184967 130.763962
v 113.980179 -14.303470 123.237976
v 142.202621 -14.303470 96.897034
v 132.795135 4.511488 115.711990
v 110.217186 19.563454 49.859638
v 91.402229 38.378414 72.437592
v 91.402229 -10.540479 44.215153
v 76.350266 62.837856 17.874210
v 63.179790 -10.540479 72.437592
v 59.416801 25.207941 83.726562
v 81.994751 -4.895991 4.703739
v 18.023891 0.748497 66.793098
v 29.312866 104.230766 59.267117
v 59.416801 117.401237 38.570663
v 65.061287 139.979187 12.229722
v 80.113251 64.719353 -10.348228
v 46.246330 192.661072 44.215153
v -10.198545 36.496918 98.778526
v -19.606024 107.993759 70.556091
v 16.142397 156.912643 63.030109
v 59.416801 188.898071 23.518698
v 57.535305 213.357529 10.348228
v 93.283722 230.290985 51.741135
v 53.772312 164.438629 -19.755707
v 97.046715 237.816971 32.926178
v 10.497910 213.357529 66.793098
v 87.639236 254.750427 38.570663
v 40.601841 220.883499 44.215153
v 142.202621 252.868942 47.978142
v 83.876244 247.224442 57.385624
v 138.439621 271.683899 53.622631
v 142.202621 249.105942 64.911606
v 51.890816 234.053970 25.400194
v 132.795135 264.157898 72.437592
v 16.142397 247.224442 53.622631
v 51.890816 249.105942 2.822244
v 189.240005 292.380341 117.593491
v 193.003006 301.787811 104.423019
v 202.410477 288.617340 108.186012
v 162.899063 266.039398 70.556091
v 211.817963 245.342957 81.845070
v 209.936462 260.394928 79.963570
v 213.699463 250.987442 66.793098
v 285.196289 279.209869 79.963570
v 281.433319 286.735870 89.371048
v 285.196289 273.565399 91.252548
v 34.957355 249.105942 -31.044682
v 33.075859 164.438629 -42.333656
v 72.587273 76.008331 -44.215153
v 117.743172 15.800463 -23.518698
v 95.165222 -12.421974 -27.281689
v 113.980179 32.733925 -55.504128
v 166.662064 -14.303470 -49.859638
v 78.231758 -10.540479 -66.793098
v 95.165222 15.800463 -79.963570
v 168.543564 4.511488 -70.556091
v 189.240005 -16.184967 -76.200577
v 155.373093 -14.303470 -87.489555
v 48.127827 51.548882 -66.793098
v -0.791065 0.748497 -79.963570
v 6.734918 76.008331 -72.437592
v -8.317048 28.970934 -100.660027
v -0.791065 141.860687 -57.385624
v -32.776493 47.785892 -96.897034
v 2.971927 196.424057 -51.741135
v -36.539486 94.823288 -55.504128
v -27.132008 192.661072 -44.215153
v -47.828461 147.505173 -29.163185
v -53.472950 62.837856 -38.570663
v -40.302479 13.918967 -153.341904
v -49.709957 30.852430 -136.408447
v -55.354443 34.615421 -79.963570
v -68.524918 -1.132999 -174.038361
v -44.065468 -4.895991 -142.052933
v -68.524918 -3.014495 -142.052933
v -45.946964 2.629992 -76.200577
v -34.657990 0.748497 25.400194
v -60.998932 0.748497 -34.807671
v -89.221367 23.326447 -40.452160
v -62.880428 87.297302 -10.348228
v -140.021759 -3.014495 -36.689167
v -81.695389 -3.014495 2.822244
v -98.628845 40.259907 -15.992714
v -168.244186 -1.132999 -23.518698
v -94.865852 23.326447 12.229722
v -143.784744 -3.014495 -6.585236
v -59.117435 62.837856 19.755707
v -51.591454 149.386658 25.400194
v -51.591454 72.245338 42.333656
v -62.880428 32.733925 76.200577
v -40.302479 224.646500 6.585236
v -47.828461 0.748497 72.437592
v -15.843032 0.748497 91.252548
v -72.287903 -4.895991 132.645447
v -49.709957 4.511488 149.578918
v -89.221367 -1.132999 172.156860
v -62.880428 21.444950 157.104904
v -62.880428 40.259907 130.763962
v -85.458374 17.681959 136.408447
v -40.302479 53.430378 91.252548
v -23.369015 156.912643 59.267117
v -23.369015 209.594528 57.385624
v -30.894999 237.816971 38.570663
v -13.961536 258.513428 117.593491
v -23.369015 286.735870 106.304512
v -40.302479 245.342957 108.186012
v -49.709957 271.683899 96.897034
v -53.472950 266.039398 175.919861
v -72.287903 254.750427 168.393875
v -62.880428 286.735870 168.393875
v -91.102867 269.802399 234.246231
v -79.813889 286.735870 228.601746
v -10.198545 264.157898 51.741135
v -21.487520 326.247284 40.452160
v -81.695389 275.446899 160.867889
v -96.747353 290.498840 217.312759
v -108.036324 273.565399 222.957260
v -92.984360 335.654755 239.890717
v -77.932396 330.010254 249.298187
v -94.865852 328.128754 256.824188
v -100.510345 290.498840 243.653702
v -47.828461 346.943726 27.281689
v -147.547745 299.906342 232.364731
v -155.073715 282.972870 236.127731
v -198.348129 322.484283 251.179688
v -188.940643 330.010254 262.468658
v -188.940643 335.654755 247.416702
v -145.666245 294.261841 251.179688
v -175.770172 286.735870 288.809601
v -166.362701 294.261841 296.335602
v -172.007187 275.446899 296.335602
v -162.599701 282.972870 301.980072
v -203.992615 320.602783 350.898956
v -215.281586 324.365784 339.609985
v -203.992615 330.010254 343.372986
v -213.400085 316.839783 347.135986
v 36.838852 281.091370 12.229722
v -4.554057 356.351196 27.281689
v 78.231758 284.854370 -12.229722
v -27.132008 352.588226 44.215153
v 70.705772 284.854370 -36.689167
v 87.639236 313.076813 -46.096649
v 65.061287 307.432312 -6.585236
v 55.653809 307.432312 -32.926178
v 98.928215 307.432312 -23.518698
v 85.757744 335.654755 -34.807671
v 19.905388 281.091370 -23.518698
v 93.283722 326.247284 -14.111219
v 10.497910 226.528000 -42.333656
v -4.554057 356.351196 -2.822244
v -21.487520 232.172485 -104.423019
v -13.961536 243.461456 -38.570663
v -8.317048 256.631927 -98.778526
v -21.487520 326.247284 -19.755707
v -34.657990 269.802399 -95.015541
v -36.539486 241.579956 -127.000969
v -23.369015 260.394928 -140.171432
v -27.132008 279.209869 -123.237976
v -32.776493 220.883499 -27.281689
v -44.065468 243.461456 -91.252548
v -47.828461 346.943726 -2.822244
v -53.472950 249.105942 -113.830498
v -51.591454 269.802399 -113.830498
v -113.680817 262.276398 -136.408447
v -49.709957 275.446899 -136.408447
v -113.680817 250.987442 -147.697418
v -108.036324 271.683899 -147.697418
v -162.599701 298.024841 -166.512375
v -170.125687 290.498840 -158.986389
v -164.481201 288.617340 -175.919861
v -173.888687 282.972870 -168.393875
v -108.036324 260.394928 -158.986389
v -55.354443 252.868942 -143.934433
v -62.880428 262.276398 -209.786789
v -51.591454 275.446899 -206.023788
v -49.709957 250.987442 -211.668274
v -44.065468 286.735870 -241.772217
v -55.354443 273.565399 -241.772217
v -42.183975 262.276398 -241.772217
v -30.894999 275.446899 -239.890717
v -49.709957 281.091370 -296.335602
v -38.420982 264.157898 -207.905289
v -59.117435 269.802399 -298.217072
v -47.828461 260.394928 -301.980072
v -38.420982 271.683899 -300.098572
v -42.183975 299.906342 -345.254486
v -59.117435 299.906342 -345.254486
v -51.591454 305.550812 -339.609985
v -49.709957 294.261841 -350.898956
v -40.302479 303.669312 -158.986389
v -21.487520 307.432312 -149.578918
v -23.369015 294.261841 -166.512375
v 129.032150 350.706726 307.624573
v 147.847107 316.839783 294.454102
v 153.491592 363.877197 271.876129
v 100.809708 298.024841 311.387543
v 117.743172 326.247284 271.876129
v 91.402229 375.166168 301.980072
v 68.824280 343.180725 315.150543
v 110.217186 380.810638 268.113159
v 98.928215 369.521667 253.061188
v 81.994751 328.128754 264.350159
v 48.127827 316.839783 307.624573
v 50.009319 399.625610 333.965515
v 65.061287 414.677582 290.691101
v 48.127827 401.507111 251.179688
v 27.431372 367.640167 350.898956
v 140.321121 378.929169 196.616318
v 18.023891 412.796082 311.387543
v -13.961536 384.573639 337.728485
v 6.734918 333.773254 339.609985
v -0.791065 401.507111 260.587158
v 89.520737 407.151581 145.815918
v 2.971927 316.839783 294.454102
v -29.013502 339.417755 320.795044
v -32.776493 371.403168 273.757629
v -57.235939 392.099609 260.587158
v -29.013502 339.417755 260.587158
v -51.591454 339.417755 222.957260
v 95.165222 318.721283 207.905289
v 113.980179 356.351196 119.474983
v -74.169403 345.062225 166.512375
v -13.961536 377.047668 106.304512
v -62.880428 410.914581 134.526947
v -83.576881 380.810638 119.474983
v -87.339874 356.351196 194.734818
v -45.946964 424.085052 196.616318
v -104.273338 365.758698 155.223404
v -98.628845 403.388611 164.630890
v -96.747353 386.455139 198.497803
v -81.695389 401.507111 226.720245
v -141.903244 390.218140 177.801361
v -147.547745 429.729553 222.957260
v -96.747353 410.914581 279.402130
v -57.235939 392.099609 294.454102
v -36.539486 375.166168 301.980072
v -45.946964 360.114197 341.491486
v -72.287903 369.521667 349.017487
v -36.539486 341.299225 345.254486
v -109.917824 390.218140 311.387543
v -119.325302 414.677582 326.439514
v -96.747353 358.232697 375.358398
v -123.088295 435.374023 294.454102
v -151.310730 373.284668 341.491486
v -160.718216 427.848053 328.321014
v -158.836716 446.662994 264.350159
v -196.466629 401.507111 356.543457
v -194.585129 437.255524 305.743073
v -211.518600 378.929169 358.424957
v -230.333557 414.677582 341.491486
v -234.096542 441.018524 256.824188
v -196.466629 444.781494 224.838745
v -262.318970 427.848053 275.639130
v -256.674500 431.611023 224.838745
v -222.807571 424.085052 189.090332
v -275.489441 407.151581 215.431274
v -269.844971 388.336639 317.032043
v -283.015442 388.336639 266.231659
v -219.044586 393.981110 175.919861
v -267.963470 378.929169 219.194260
v -170.125687 369.521667 187.208832
v -226.570557 377.047668 192.853317
v -164.481201 348.825226 181.564346
v -232.215057 337.536255 142.052933
v -187.059143 314.958282 230.483231
v -281.133942 350.706726 158.986389
v -299.948914 316.839783 162.749390
v -326.289825 348.825226 198.497803
v -341.341797 348.825226 254.942688
v -343.223297 318.721283 209.786789
v -305.593384 301.787811 213.549774
v -348.867798 301.787811 326.439514
v -330.052826 363.877197 296.335602
v -350.749298 322.484283 264.350159
v -395.905182 339.417755 253.061188
v -416.601654 313.076813 275.639130
v -365.801239 360.114197 269.994659
v -409.075653 350.706726 292.572601
v -315.000854 375.166168 365.950928
v -441.061096 324.365784 309.506073
v -388.379211 356.351196 337.728485
v -441.061096 296.143341 337.728485
v -437.298096 314.958282 367.832428
v -416.601654 294.261841 390.410370
v -369.564240 307.432312 397.936371
v -399.668182 316.839783 399.817871
v -350.749298 346.943726 364.069427
v -315.000854 282.972870 435.566284
v -343.223297 341.299225 424.277313
v -350.749298 299.906342 448.736755
v -311.237885 318.721283 480.722168
v -279.252441 350.706726 452.499756
v -252.911499 369.521667 414.869812
v -235.978043 356.351196 414.869812
v -254.792999 320.602783 443.092255
v -209.637100 346.943726 429.921783
v -145.666245 343.180725 388.528870
v -260.437500 296.143341 446.855255
v -222.807571 324.365784 435.566284
v -243.504028 290.498840 399.817871
v -181.414658 330.010254 426.158813
v -215.281586 301.787811 463.788727
v -173.888687 314.958282 450.618256
v -149.429230 318.721283 426.158813
v -173.888687 296.143341 448.736755
v -192.703644 281.091370 431.803284
v -145.666245 299.906342 422.395813
v -162.599701 286.735870 407.343842
v -151.310730 305.550812 367.832428
v -140.021759 314.958282 392.291870
v -91.102867 335.654755 384.765900
v -72.287903 301.787811 360.306458
v -47.828461 307.432312 332.084015
v -62.880428 326.247284 365.950928
v -15.843032 337.536255 369.713928
v -19.606024 356.351196 358.424957
v -29.013502 328.128754 403.580841
v -44.065468 371.403168 367.832428
v -19.606024 346.943726 394.173370
v -89.221367 361.995697 403.580841
v -49.709957 341.299225 420.514313
v -62.880428 330.010254 418.632812
v -92.984360 345.062225 411.106842
v 253.210861 369.521667 74.319084
v 288.959290 378.929169 14.111219
v 309.655731 393.981110 32.926178
v 352.930145 378.929169 -8.466730
v 290.840790 407.151581 76.200577
v 230.632919 371.403168 -29.163185
v 349.167145 407.151581 25.400194
v 341.641174 373.284668 -59.267117
v 307.774261 414.677582 40.452160
v 315.300232 429.729553 27.281689
v 288.959290 427.848053 21.637201
v 311.537231 433.492523 -19.755707
v 362.337616 405.270081 -32.926178
v 360.456116 382.692139 -47.978142
v 347.285645 395.862610 -74.319084
v 313.418732 420.322052 -64.911606
v 317.181732 395.862610 -81.845070
v 292.722290 382.692139 -53.622631
v 317.181732 392.099609 -128.882462
v 324.707703 433.492523 -93.134041
v 328.470703 433.492523 -127.000969
v 262.618347 450.425995 -64.911606
v 292.722290 452.307495 -89.371048
v 317.181732 399.625610 -157.104904
v 260.736847 378.929169 -185.327332
v 311.537231 427.848053 -174.038361
v 288.959290 450.425995 -153.341904
v 288.959290 399.625610 -174.038361
v 281.433319 435.374023 -192.853317
v 290.840790 416.559082 -187.208832
v 313.418732 401.507111 -192.853317
v 251.329376 456.070496 -106.304512
v 219.343948 454.188995 -134.526947
v 253.210861 420.322052 -207.905289
v 313.418732 407.151581 -211.668274
v 309.655731 380.810638 -206.023788
v 268.262848 392.099609 -245.535202
v 304.011261 380.810638 -232.364731
v 277.670319 363.877197 -234.246231
v 268.262848 373.284668 -251.179688
v 232.514420 401.507111 -221.075760
v 240.040390 369.521667 -234.246231
v 215.580948 424.085052 -222.957260
v 228.751419 378.929169 -211.668274
v 189.240005 409.033081 -241.772217
v 153.491592 422.203552 -209.786789
v 172.306549 367.640167 -211.668274
v 151.610092 384.573639 -228.601746
v 125.269150 414.677582 -192.853317
v 153.491592 442.900024 -132.645447
v 129.032150 369.521667 -162.749390
v 119.624664 388.336639 -196.616318
v 74.468765 393.981110 -81.845070
v 123.387657 403.388611 -232.364731
v 211.817963 473.003937 -134.526947
v 243.803391 476.766937 -115.711990
v 219.343948 495.581879 -98.778526
v 256.973846 482.411438 -79.963570
v 177.951035 482.411438 -121.356476
v 202.410477 489.937408 -29.163185
v 161.017578 478.648438 -29.163185
v 138.439621 459.833466 -85.608063
v 249.447876 480.529938 -34.807671
v 272.025818 442.900024 -12.229722
v 255.092361 441.018524 25.400194
v 264.499847 463.596466 -6.585236
v 215.580948 480.529938 19.755707
v 221.225433 459.833466 40.452160
v 247.566376 399.625610 93.134041
v 208.054962 435.374023 38.570663
v 185.477020 463.596466 34.807671
v 144.084106 454.188995 -27.281689
v 147.847107 429.729553 0.940747
v 208.054962 371.403168 68.674599
v 196.765991 409.033081 70.556091
v 166.662064 390.218140 49.859638
v 144.084106 393.981110 0.940747
v 115.861671 412.796082 -6.585236
v 80.113251 424.085052 -46.096649
v 66.942780 424.085052 -95.015541
v 81.994751 397.744110 -121.356476
v 81.994751 416.559082 -130.763962
v 55.653809 375.166168 -134.526947
v -6.435554 410.914581 -93.134041
v -8.317048 348.825226 -196.616318
v 106.454193 427.848053 -155.223404
v 91.402229 433.492523 -228.601746
v 65.061287 441.018524 -166.512375
v 1.090429 450.425995 -168.393875
v 18.023891 448.544495 -238.009216
v 100.809708 403.388611 -262.468658
v 29.312866 424.085052 -277.520630
v -51.591454 446.662994 -245.535202
v 72.587273 382.692139 -268.113159
v -44.065468 416.559082 -286.928101
v -74.169403 442.900024 -174.038361
v -100.510345 435.374023 -239.890717
v -108.036324 407.151581 -134.526947
v -134.377274 412.796082 -215.431274
v -102.391838 412.796082 -262.468658
v 33.075859 392.099609 -290.691101
v -98.628845 373.284668 -269.994659
v -36.539486 371.403168 -296.335602
v -132.495773 373.284668 -221.075760
v -74.169403 346.943726 -224.838745
v -134.377274 371.403168 -170.275375
v -106.154831 375.166168 -127.000969
v -91.102867 352.588226 -157.104904
v -59.117435 386.455139 -95.015541
v -15.843032 367.640167 -106.304512
v -15.843032 346.943726 -247.416702
v -0.791065 373.284668 -288.809601
v 14.260900 390.218140 -326.439514
v -13.961536 369.521667 -305.743073
v 93.283722 392.099609 -326.439514
v 4.853422 371.403168 -360.306458
v 68.824280 384.573639 -365.950928
v 140.321121 373.284668 -347.135986
v 121.506165 382.692139 -292.572601
v 80.113251 371.403168 -249.298187
v 136.558121 360.114197 -281.283630
v 78.231758 360.114197 -239.890717
v 29.312866 346.943726 -219.194260
v 63.179790 322.484283 -204.142288
v -17.724529 337.536255 -196.616318
v 149.728592 341.299225 -238.009216
v 183.595520 324.365784 -269.994659
v 159.136078 309.313812 -234.246231
v 149.728592 352.588226 -317.032043
v 181.714035 324.365784 -317.032043
v 187.358521 294.261841 -281.283630
v 59.416801 296.143341 -202.260803
v 95.165222 275.446899 -224.838745
v 50.009319 318.721283 -174.038361
v 8.616413 296.143341 -155.223404
v 38.720345 279.209869 -219.194260
v 1.090429 330.010254 -149.578918
v -42.183975 299.906342 -151.460419
v -53.472950 328.128754 -149.578918
v -87.339874 299.906342 -181.564346
v -91.102867 330.010254 -194.734818
v -13.961536 288.617340 -292.572601
v -106.154831 298.024841 -245.535202
v -106.154831 320.602783 -253.061188
v 138.439621 286.735870 -290.691101
v -126.851288 275.446899 -298.217072
v 185.477020 303.669312 -324.558014
v -42.183975 279.209869 -367.832428
v -145.666245 288.617340 -277.520630
v -132.495773 324.365784 -286.928101
v -160.718216 309.313812 -318.913544
v -128.732788 292.380341 -360.306458
v -77.932396 346.943726 -350.898956
v -134.377274 316.839783 -364.069427
v -158.836716 314.958282 -388.528870
v -153.192230 288.617340 -379.121399
v -104.273338 294.261841 -394.173370
v -166.362701 292.380341 -416.751312
v -143.784744 331.891754 -409.225342
v -162.599701 307.432312 -433.684784
v -141.903244 307.432312 -452.499756
v -119.325302 330.010254 -452.499756
v -94.865852 331.891754 -401.699341
v -104.273338 316.839783 -450.618256
v -87.339874 313.076813 -418.632812
v -68.524918 299.906342 -426.158813
v -55.354443 322.484283 -422.395813
v -17.724529 290.498840 -424.277313
v -62.880428 341.299225 -392.291870
v -17.724529 318.721283 -418.632812
v 6.734918 350.706726 -362.187958
v -17.724529 350.706726 -313.269043
v 61.298294 350.706726 -392.291870
v 110.217186 367.640167 -379.121399
v 144.084106 345.062225 -358.424957
v 113.980179 346.943726 -384.765900
v 166.662064 335.654755 -345.254486
v 168.543564 328.128754 -399.817871
v 110.217186 326.247284 -456.262726
v 76.350266 305.550812 -456.262726
v 50.009319 322.484283 -450.618256
v 10.497910 330.010254 -450.618256
v -17.724529 318.721283 -452.499756
v -21.487520 299.906342 -450.618256
v 2.971927 316.839783 -475.077698
v 38.720345 301.787811 -480.722168
v 2.971927 298.024841 -473.196198
v 40.601841 267.920898 -437.447784
v 78.231758 284.854370 -460.025726
v 134.676636 299.906342 -480.722168
v 106.454193 271.683899 -446.855255
v 168.543564 286.735870 -371.595428
v 168.543564 305.550812 -454.381226
v 177.951035 288.617340 -420.514313
v 181.714035 305.550812 -422.395813
v 243.803391 301.787811 -382.884399
v 234.395905 307.432312 -337.728485
v 219.343948 322.484283 -320.795044
v 217.462448 301.787811 -416.751312
v 204.291977 318.721283 -420.514313
v 200.528992 337.536255 -384.765900
v 240.040390 316.839783 -397.936371
v 243.803391 324.365784 -347.135986
v 198.647491 335.654755 -332.084015
v 196.765991 350.706726 0.940747
v 268.262848 388.336639 6.585236
v 262.618347 390.218140 19.755707
v 258.855347 399.625610 6.585236
v 196.765991 356.351196 -12.229722
v 204.291977 345.062225 -15.992714
v 202.410477 339.417755 -2.822244
v 112.098686 316.839783 -38.570663
v 112.098686 337.536255 -34.807671
v 159.136078 333.773254 -78.082077
v 132.795135 375.166168 -36.689167
v 123.387657 380.810638 -21.637201
v 117.743172 384.573639 -38.570663
v 161.017578 345.062225 -68.674599
v 151.610092 352.588226 -76.200577
v 149.728592 341.299225 -85.608063
v 206.173477 375.166168 -111.948997
v 194.884491 388.336639 -106.304512
v 204.291977 382.692139 -102.541519
v 196.765991 380.810638 -117.593491
v 97.046715 410.914581 172.156860
v 119.624664 435.374023 121.356476
v 112.098686 437.255524 166.512375
v 74.468765 469.240967 121.356476
v 65.061287 465.477966 168.393875
v 85.757744 425.966553 194.734818
v 33.075859 465.477966 149.578918
v 51.890816 444.781494 194.734818
v 44.364834 424.085052 196.616318
v 44.364834 410.914581 181.564346
v 8.616413 437.255524 158.986389
v 14.260900 414.677582 132.645447
v 104.572701 407.151581 111.948997
v 61.298294 457.951965 96.897034
v 98.928215 418.440552 85.608063
v 50.009319 405.270081 91.252548
v 53.772312 418.440552 74.319084
v 51.890816 435.374023 74.319084
v 25.549875 422.203552 87.489555
v 8.616413 435.374023 113.830498
v -76.050896 444.781494 172.156860
v 1.090429 454.188995 181.564346
v 14.260900 482.411438 162.749390
v 27.431372 433.492523 19.755707
v 50.009319 497.463379 98.778526
v 89.520737 516.278320 79.963570
v 2.971927 516.278320 81.845070
v 89.520737 469.240967 63.030109
v 112.098686 518.159851 53.622631
v 97.046715 465.477966 -15.992714
v 19.905388 531.330322 51.741135
v 87.639236 506.870880 -61.148613
v 18.023891 531.330322 -0.940747
v -13.961536 552.026794 8.466730
v 1.090429 542.619263 79.963570
v -44.065468 548.263794 -40.452160
v -91.102867 510.633850 128.882462
v -8.317048 527.567322 -59.267117
v -64.761925 561.434265 -8.466730
v -38.420982 555.789734 72.437592
v -91.102867 531.330322 119.474983
v -113.680817 555.789734 61.148613
v -104.273338 544.500793 -53.622631
v -141.903244 550.145264 -15.992714
v -141.903244 529.448792 106.304512
v -170.125687 540.737793 57.385624
v -151.310730 508.752350 -68.674599
v -183.296158 520.041321 -14.111219
v -192.703644 516.278320 63.030109
v -79.813889 527.567322 -78.082077
v -77.932396 538.856323 -115.711990
v -209.637100 482.411438 -51.741135
v -162.599701 508.752350 104.423019
v -245.385513 495.581879 29.163185
v -252.911499 473.003937 87.489555
v -215.281586 471.122437 136.408447
v -153.192230 473.003937 160.867889
v -258.556000 461.714966 31.044682
v -239.741028 442.900024 98.778526
v -194.585129 442.900024 149.578918
v -166.362701 442.900024 93.134041
v -205.874115 433.492523 -10.348228
v -205.874115 456.070496 -55.504128
v -172.007187 442.900024 -64.911606
v -138.140259 446.662994 164.630890
v -156.955215 452.307495 200.379303
v -126.851288 441.018524 241.772217
v -160.718216 471.122437 211.668274
v -136.258759 491.818909 181.564346
v -100.510345 497.463379 153.341904
v -85.458374 486.174408 232.364731
v -55.354443 495.581879 166.512375
v -57.235939 497.463379 202.260803
v -29.013502 484.292908 181.564346
v -102.391838 457.951965 256.824188
v -13.961536 476.766937 221.075760
v -27.132008 459.833466 192.853317
v -40.302479 465.477966 253.061188
v -25.250513 450.425995 238.009216
v -66.643417 439.137024 258.705688
v 33.075859 454.188995 -121.356476
v 80.113251 478.648438 -79.963570
v 104.572701 473.003937 -117.593491
v 123.387657 499.344879 -96.897034
v 68.824280 473.003937 -175.919861
v 119.624664 491.818909 -132.645447
v 108.335693 523.804321 -96.897034
v 65.061287 536.974792 -89.371048
v 70.705772 527.567322 -128.882462
v -4.554057 544.500793 -111.948997
v 72.587273 501.226379 -164.630890
v -0.791065 527.567322 -157.104904
v -72.287903 521.922852 -164.630890
v 1.090429 499.344879 -194.734818
v -2.672562 467.359467 -206.023788
v -64.761925 484.292908 -207.905289
v -45.946964 452.307495 -190.971817
v -134.377274 504.989380 -151.460419
v -143.784744 469.240967 -149.578918
v -239.741028 457.951965 -115.711990
v -203.992615 482.411438 -175.919861
v -138.140259 518.159851 -104.423019
v -177.651672 516.278320 -145.815918
v -188.940643 510.633850 -72.437592
v -249.148514 478.648438 -134.526947
v -219.044586 508.752350 -115.711990
v -243.504028 476.766937 -79.963570
v -15.843032 392.099609 81.845070
v -30.894999 397.744110 66.793098
v -27.132008 380.810638 91.252548
v -23.369015 382.692139 21.637201
v -49.709957 371.403168 46.096649
v -23.369015 446.662994 121.356476
v -34.657990 446.662994 108.186012
v -34.657990 442.900024 134.526947
v -47.828461 442.900024 121.356476
v -42.183975 390.218140 83.726562
v -49.709957 392.099609 32.926178
v -38.420982 380.810638 2.822244
v -47.828461 435.374023 8.466730
v -36.539486 437.255524 21.637201
v -59.117435 433.492523 21.637201
v -47.828461 435.374023 32.926178
v -13.961536 392.099609 -40.452160
v -85.458374 409.033081 49.859638
v -38.420982 403.388611 -34.807671
v -27.132008 367.640167 -47.978142
v -12.080040 392.099609 -91.252548
v -51.591454 380.810638 -44.215153
v -25.250513 373.284668 -100.660027
v -42.183975 386.455139 -91.252548
v -30.894999 407.151581 -74.319084
v -34.657990 446.662994 -89.371048
v -30.894999 405.270081 -104.423019
v -34.657990 442.900024 -115.711990
v -47.828461 442.900024 -102.541519
v -23.369015 446.662994 -102.541519
v -98.628845 399.625610 40.452160
v -102.391838 388.336639 55.504128
v -143.784744 450.425995 78.082077
v -89.221367 397.744110 64.911606
v -126.851288 450.425995 83.726562
v -121.206795 452.307495 68.674599
v -136.258759 450.425995 63.030109
v -215.281586 250.987442 -247.416702
v -138.140259 271.683899 -236.127731
v -168.244186 271.683899 -170.275375
v -224.689072 256.631927 -190.971817
v -251.030014 254.750427 -222.957260
v -239.741028 273.565399 -160.867889
v -241.622528 260.394928 -262.468658
v -266.081970 275.446899 -215.431274
v -202.111115 266.039398 -277.520630
v -252.911499 298.024841 -241.772217
v -211.518600 288.617340 -279.402130
v -151.310730 279.209869 -269.994659
v -220.926071 322.484283 -249.298187
v -249.148514 299.906342 -162.749390
v -243.504028 322.484283 -204.142288
v -173.888687 316.839783 -264.350159
v -196.466629 341.299225 -217.312759
v -215.281586 333.773254 -162.749390
v -140.021759 314.958282 -243.653702
v -160.718216 343.180725 -175.919861
v -126.851288 292.380341 -236.127731
v -117.443810 322.484283 -168.393875
v -170.125687 339.417755 -121.356476
v -124.969788 294.261841 -153.341904
v -143.784744 328.128754 -110.067505
v -140.021759 307.432312 -111.948997
v -209.637100 314.958282 -106.304512
v -179.533173 322.484283 -95.015541
v -203.992615 298.024841 -104.423019
v -222.807571 320.602783 -136.408447
v -234.096542 307.432312 -91.252548
v -205.874115 281.091370 -127.000969
v -245.385513 273.565399 -113.830498
v -237.859543 290.498840 -91.252548
v -254.792999 309.313812 -102.541519
v -260.437500 286.735870 -106.304512
v -262.318970 279.209869 -145.815918
vn 0.117670 -0.713863 0.690329
vn 0.486578 -0.831891 0.266833
vn 0.738602 0.510736 0.440018
vn 0.117670 -0.713863 0.690329
vn 0.738602 0.510736 0.440018
vn 0.157991 0.592464 0.789953
vn 0.738602 0.510736 0.440018
vn 0.486578 -0.831891 0.266833
vn 0.702948 0.023695 0.710846
vn 0.157991 0.592464 0.789953
vn 0.738602 0.510736 0.440018
vn 0.370573 0.741146 0.559802
vn 0.370573 0.741146 0.559802
vn 0.738602 0.510736 0.440018
vn 0.702948 0.023695 0.710846
vn 0.117670 -0.713863 0.690329
vn 0.157991 0.592464 0.789953
vn 0.102426 -0.756375 0.646070
vn 0.102426 -0.756375 0.646070
vn 0.157991 0.592464 0.789953
vn 0.220829 0.291809 0.930635
vn 0.117670 -0.713863 0.690329
vn 0.102426 -0.756375 0.646070
vn -0.204902 -0.977227 0.055166
vn 0.117670 -0.713863 0.690329
vn -0.204902 -0.977227 0.055166
vn 0.486578 -0.831891 0.266833
vn 0.102426 -0.756375 0.646070
vn 0.220829 0.291809 0.930635
vn 0.700007 0.094383 0.707872
vn 0.220829 0.291809 0.930635
vn 0.157991 0.592464 0.789953
vn -0.094453 0.834335 0.543105
vn 0.220829 0.291809 0.930635
vn -0.094453 0.834335 0.543105
vn 0.700007 0.094383 0.707872
vn 0.102426 -0.756375 0.646070
vn 0.700007 0.094383 0.707872
vn 0.149523 -0.826311 0.543004
vn 0.102426 -0.756375 0.646070
vn 0.149523 -0.826311 0.543004
vn -0.204902 -0.977227 0.055166
vn 0.149523 -0.826311 0.543004
vn 0.700007 0.094383 0.707872
vn 0.000000 0.386294 0.922376
vn 0.000000 0.386294 0.922376
vn 0.700007 0.094383 0.707872
vn -0.094453 0.834335 0.543105
vn 0.149523 -0.826311 0.543004
vn 0.000000 0.386294 0.922376
vn -0.439652 -0.722285 0.533863
vn 0.149523 -0.826311 0.543004
vn -0.439652 -0.722285 0.533863
vn -0.204902 -0.977227 0.055166
vn -0.439652 -0.722285 0.533863
vn 0.000000 0.386294 0.922376
vn -0.827747 0.039417 0.559715
vn -0.439652 -0.722285 0.533863
vn -0.827747 0.039417 0.559715
vn -0.204902 -0.977227 0.055166
vn -0.827747 0.039417 0.559715
vn 0.000000 0.386294 0.922376
vn -0.094453 0.834335 0.543105
vn 0.062821 0.848083 0.526126
vn -0.094453 0.834335 0.543105
vn 0.157991 0.592464 0.789953
vn 0.062821 0.848083 0.526126
vn 0.157991 0.592464 0.789953
vn 0.370573 0.741146 0.559802
vn -0.827747 0.039417 0.559715
vn -0.094453 0.834335 0.543105
vn -0.228651 0.859414 0.457303
vn -0.204902 -0.977227 0.055166
vn -0.827747 0.039417 0.559715
vn -0.770961 -0.196674 0.605755
vn -0.770961 -0.196674 0.605755
vn -0.827747 0.039417 0.559715
vn -0.228651 0.859414 0.457303
vn -0.228651 0.859414 0.457303
vn -0.094453 0.834335 0.543105
vn -0.299808 0.670623 0.678513
vn -0.299808 0.670623 0.678513
vn -0.094453 0.834335 0.543105
vn 0.062821 0.848083 0.526126
vn -0.770961 -0.196674 0.605755
vn -0.228651 0.859414 0.457303
vn -0.629064 0.605474 0.487524
vn -0.228651 0.859414 0.457303
vn -0.299808 0.670623 0.678513
vn -0.433488 0.882739 0.181277
vn -0.228651 0.859414 0.457303
vn -0.433488 0.882739 0.181277
vn -0.629064 0.605474 0.487524
vn -0.299808 0.670623 0.678513
vn 0.062821 0.848083 0.526126
vn -0.449684 0.607468 0.654803
vn -0.299808 0.670623 0.678513
vn -0.449684 0.607468 0.654803
vn -0.433488 0.882739 0.181277
vn -0.770961 -0.196674 0.605755
vn -0.629064 0.605474 0.487524
vn -0.890371 -0.417608 0.181226
vn -0.770961 -0.196674 0.605755
vn -0.890371 -0.417608 0.181226
vn -0.204902 -0.977227 0.055166
vn -0.890371 -0.417608 0.181226
vn -0.629064 0.605474 0.487524
vn -0.725400 0.678091 -0.118272
vn -0.725400 0.678091 -0.118272
vn -0.629064 0.605474 0.487524
vn -0.433488 0.882739 0.181277
vn -0.204902 -0.977227 0.055166
vn -0.890371 -0.417608 0.181226
vn -0.510641 -0.840594 -0.180688
vn -0.204902 -0.977227 0.055166
vn -0.510641 -0.840594 -0.180688
vn 0.486578 -0.831891 0.266833
vn -0.890371 -0.417608 0.181226
vn -0.725400 0.678091 -0.118272
vn -0.762175 -0.062860 -0.644313
vn -0.890371 -0.417608 0.181226
vn -0.762175 -0.062860 -0.644313
vn -0.510641 -0.840594 -0.180688
vn -0.725400 0.678091 -0.118272
vn -0.433488 0.882739 0.181277
vn -0.648490 0.695940 -0.308428
vn -0.725400 0.678091 -0.118272
vn -0.648490 0.695940 -0.308428
vn -0.762175 -0.062860 -0.644313
vn -0.510641 -0.840594 -0.180688
vn -0.762175 -0.062860 -0.644313
vn -0.323507 -0.907399 -0.268274
vn -0.510641 -0.840594 -0.180688
vn -0.323507 -0.907399 -0.268274
vn 0.486578 -0.831891 0.266833
vn -0.323507 -0.907399 -0.268274
vn -0.762175 -0.062860 -0.644313
vn -0.669374 -0.063000 -0.740249
vn -0.762175 -0.062860 -0.644313
vn -0.648490 0.695940 -0.308428
vn -0.581956 0.644870 -0.495449
vn -0.762175 -0.062860 -0.644313
vn -0.581956 0.644870 -0.495449
vn -0.669374 -0.063000 -0.740249
vn -0.648490 0.695940 -0.308428
vn -0.433488 0.882739 0.181277
vn -0.559021 0.716491 -0.417297
vn -0.581956 0.644870 -0.495449
vn -0.648490 0.695940 -0.308428
vn -0.370343 0.780084 -0.504297
vn -0.370343 0.780084 -0.504297
vn -0.648490 0.695940 -0.308428
vn -0.559021 0.716491 -0.417297
vn -0.669374 -0.063000 -0.740249
vn -0.581956 0.644870 -0.495449
vn -0.717314 -0.488720 -0.496602
vn -0.669374 -0.063000 -0.740249
vn -0.717314 -0.488720 -0.496602
vn -0.323507 -0.907399 -0.268274
vn -0.581956 0.644870 -0.495449
vn -0.370343 0.780084 -0.504297
vn -0.533863 0.314037 -0.785093
vn -0.581956 0.644870 -0.495449
vn -0.533863 0.314037 -0.785093
vn -0.717314 -0.488720 -0.496602
vn -0.323507 -0.907399 -0.268274
vn -0.717314 -0.488720 -0.496602
vn -0.150157 -0.766589 -0.624335
vn -0.150157 -0.766589 -0.624335
vn -0.717314 -0.488720 -0.496602
vn -0.533863 0.314037 -0.785093
vn -0.323507 -0.907399 -0.268274
vn -0.150157 -0.766589 -0.624335
vn 0.486578 -0.831891 0.266833
vn -0.533863 0.314037 -0.785093
vn -0.370343 0.780084 -0.504297
vn -0.007848 0.855382 -0.517938
vn -0.007848 0.855382 -0.517938
vn -0.370343 0.780084 -0.504297
vn -0.559021 0.716491 -0.417297
vn -0.150157 -0.766589 -0.624335
vn -0.533863 0.314037 -0.785093
vn -0.086849 0.307918 -0.947441
vn -0.086849 0.307918 -0.947441
vn -0.533863 0.314037 -0.785093
vn -0.007848 0.855382 -0.517938
vn 0.486578 -0.831891 0.266833
vn -0.150157 -0.766589 -0.624335
vn 0.369518 -0.628967 -0.684001
vn -0.150157 -0.766589 -0.624335
vn -0.086849 0.307918 -0.947441
vn 0.474105 -0.316070 -0.821781
vn -0.150157 -0.766589 -0.624335
vn 0.474105 -0.316070 -0.821781
vn 0.369518 -0.628967 -0.684001
vn -0.086849 0.307918 -0.947441
vn -0.007848 0.855382 -0.517938
vn 0.399573 0.728633 -0.556269
vn -0.086849 0.307918 -0.947441
vn 0.399573 0.728633 -0.556269
vn 0.474105 -0.316070 -0.821781
vn 0.474105 -0.316070 -0.821781
vn 0.399573 0.728633 -0.556269
vn 0.567916 0.631018 -0.528477
vn 0.474105 -0.316070 -0.821781
vn 0.567916 0.631018 -0.528477
vn 0.369518 -0.628967 -0.684001
vn 0.399573 0.728633 -0.556269
vn -0.007848 0.855382 -0.517938
vn 0.393506 0.857842 -0.330545
vn 0.399573 0.728633 -0.556269
vn 0.393506 0.857842 -0.330545
vn 0.567916 0.631018 -0.528477
vn 0.039408 0.843331 -0.535948
vn -0.007848 0.855382 -0.517938
vn -0.559021 0.716491 -0.417297
vn -0.007848 0.855382 -0.517938
vn 0.039408 0.843331 -0.535948
vn 0.393506 0.857842 -0.330545
vn 0.369518 -0.628967 -0.684001
vn 0.567916 0.631018 -0.528477
vn 0.181632 0.718633 -0.671250
vn 0.181632 0.718633 -0.671250
vn 0.567916 0.631018 -0.528477
vn 0.393506 0.857842 -0.330545
vn 0.369518 -0.628967 -0.684001
vn 0.181632 0.718633 -0.671250
vn 0.094162 -0.345260 -0.933771
vn 0.369518 -0.628967 -0.684001
vn 0.094162 -0.345260 -0.933771
vn -0.117946 -0.927840 -0.353837
vn 0.369518 -0.628967 -0.684001
vn -0.117946 -0.927840 -0.353837
vn 0.486578 -0.831891 0.266833
vn 0.094162 -0.345260 -0.933771
vn 0.181632 0.718633 -0.671250
vn 0.647115 0.331449 -0.686574
vn 0.181632 0.718633 -0.671250
vn 0.393506 0.857842 -0.330545
vn 0.251937 0.960511 -0.118096
vn 0.181632 0.718633 -0.671250
vn 0.251937 0.960511 -0.118096
vn 0.647115 0.331449 -0.686574
vn 0.486578 -0.831891 0.266833
vn -0.117946 -0.927840 -0.353837
vn 0.307459 -0.946026 0.102486
vn -0.117946 -0.927840 -0.353837
vn 0.094162 -0.345260 -0.933771
vn 0.431988 -0.848266 -0.306318
vn 0.431988 -0.848266 -0.306318
vn 0.094162 -0.345260 -0.933771
vn 0.647115 0.331449 -0.686574
vn -0.117946 -0.927840 -0.353837
vn 0.431988 -0.848266 -0.306318
vn 0.307459 -0.946026 0.102486
vn 0.486578 -0.831891 0.266833
vn 0.307459 -0.946026 0.102486
vn 0.702948 0.023695 0.710846
vn 0.431988 -0.848266 -0.306318
vn 0.647115 0.331449 -0.686574
vn 0.992495 -0.031508 0.118154
vn 0.307459 -0.946026 0.102486
vn 0.431988 -0.848266 -0.306318
vn 0.677060 -0.338530 0.653442
vn 0.677060 -0.338530 0.653442
vn 0.431988 -0.848266 -0.306318
vn 0.992495 -0.031508 0.118154
vn 0.992495 -0.031508 0.118154
vn 0.647115 0.331449 -0.686574
vn 0.426295 0.844696 0.323669
vn 0.992495 -0.031508 0.118154
vn 0.426295 0.844696 0.323669
vn 0.677060 -0.338530 0.653442
vn 0.426295 0.844696 0.323669
vn 0.647115 0.331449 -0.686574
vn 0.251937 0.960511 -0.118096
vn 0.307459 -0.946026 0.102486
vn 0.677060 -0.338530 0.653442
vn 0.448763 -0.220445 0.866034
vn 0.448763 -0.220445 0.866034
vn 0.677060 -0.338530 0.653442
vn 0.426295 0.844696 0.323669
vn 0.307459 -0.946026 0.102486
vn 0.448763 -0.220445 0.866034
vn 0.702948 0.023695 0.710846
vn 0.426295 0.844696 0.323669
vn 0.251937 0.960511 -0.118096
vn 0.408753 0.896111 0.172934
vn 0.426295 0.844696 0.323669
vn 0.408753 0.896111 0.172934
vn 0.448763 -0.220445 0.866034
vn 0.408753 0.896111 0.172934
vn 0.251937 0.960511 -0.118096
vn 0.393506 0.857842 -0.330545
vn 0.702948 0.023695 0.710846
vn 0.448763 -0.220445 0.866034
vn 0.331326 0.638985 0.694206
vn 0.331326 0.638985 0.694206
vn 0.448763 -0.220445 0.866034
vn 0.408753 0.896111 0.172934
vn 0.702948 0.023695 0.710846
vn 0.331326 0.638985 0.694206
vn 0.370573 0.741146 0.559802
vn 0.408753 0.896111 0.172934
vn 0.393506 0.857842 -0.330545
vn 0.377124 0.895669 -0.235702
vn 0.377124 0.895669 -0.235702
vn 0.393506 0.857842 -0.330545
vn 0.039408 0.843331 -0.535948
vn 0.331326 0.638985 0.694206
vn 0.408753 0.896111 0.172934
vn 0.494944 0.840620 0.219975
vn 0.494944 0.840620 0.219975
vn 0.408753 0.896111 0.172934
vn 0.377124 0.895669 -0.235702
vn 0.331326 0.638985 0.694206
vn 0.494944 0.840620 0.219975
vn 0.370573 0.741146 0.559802
vn 0.377124 0.895669 -0.235702
vn 0.039408 0.843331 -0.535948
vn -0.031445 0.990531 -0.133643
vn -0.031445 0.990531 -0.133643
vn 0.039408 0.843331 -0.535948
vn -0.559021 0.716491 -0.417297
vn 0.494944 0.840620 0.219975
vn 0.377124 0.895669 -0.235702
vn 0.220009 0.958611 0.180722
vn 0.220009 0.958611 0.180722
vn 0.377124 0.895669 -0.235702
vn -0.031445 0.990531 -0.133643
vn 0.370573 0.741146 0.559802
vn 0.494944 0.840620 0.219975
vn 0.550516 0.613432 0.566245
vn 0.550516 0.613432 0.566245
vn 0.494944 0.840620 0.219975
vn 0.220009 0.958611 0.180722
vn 0.370573 0.741146 0.559802
vn 0.550516 0.613432 0.566245
vn 0.062821 0.848083 0.526126
vn -0.031445 0.990531 -0.133643
vn -0.559021 0.716491 -0.417297
vn -0.290610 0.942518 0.164941
vn -0.031445 0.990531 -0.133643
vn -0.290610 0.942518 0.164941
vn 0.220009 0.958611 0.180722
vn -0.290610 0.942518 0.164941
vn -0.559021 0.716491 -0.417297
vn -0.433488 0.882739 0.181277
vn -0.290610 0.942518 0.164941
vn -0.433488 0.882739 0.181277
vn -0.449684 0.607468 0.654803
vn 0.062821 0.848083 0.526126
vn 0.550516 0.613432 0.566245
vn 0.055183 0.780447 0.622781
vn 0.062821 0.848083 0.526126
vn 0.055183 0.780447 0.622781
vn -0.449684 0.607468 0.654803
vn 0.055183 0.780447 0.622781
vn 0.550516 0.613432 0.566245
vn 0.220009 0.958611 0.180722
vn -0.449684 0.607468 0.654803
vn 0.055183 0.780447 0.622781
vn -0.290610 0.942518 0.164941
vn -0.290610 0.942518 0.164941
vn 0.055183 0.780447 0.622781
vn 0.220009 0.958611 0.180722
vn 0.661069 -0.306925 0.684679
vn -0.346596 -0.456877 0.819228
vn 0.834568 -0.472397 -0.283438
vn 0.661069 -0.306925 0.684679
vn 0.834568 -0.472397 -0.283438
vn 0.394055 0.788110 0.472866
vn 0.661069 -0.306925 0.684679
vn 0.394055 0.788110 0.472866
vn -0.346596 -0.456877 0.819228
vn 0.394055 0.788110 0.472866
vn 0.834568 -0.472397 -0.283438
vn 0.826234 0.236067 -0.511478
vn 0.394055 0.788110 0.472866
vn 0.826234 0.236067 -0.511478
vn 0.511178 0.707784 0.487585
vn 0.394055 0.788110 0.472866
vn 0.511178 0.707784 0.487585
vn -0.346596 -0.456877 0.819228
vn 0.826234 0.236067 -0.511478
vn 0.834568 -0.472397 -0.283438
vn 0.401674 -0.819101 -0.409550
vn 0.401674 -0.819101 -0.409550
vn 0.834568 -0.472397 -0.283438
vn -0.346596 -0.456877 0.819228
vn 0.826234 0.236067 -0.511478
vn 0.401674 -0.819101 -0.409550
vn 0.978595 0.205189 -0.015784
vn 0.826234 0.236067 -0.511478
vn 0.978595 0.205189 -0.015784
vn 0.511178 0.707784 0.487585
vn 0.401674 -0.819101 -0.409550
vn -0.346596 -0.456877 0.819228
vn -0.338824 -0.874640 0.346704
vn -0.346596 -0.456877 0.819228
vn 0.511178 0.707784 0.487585
vn -0.259834 0.157475 0.952726
vn -0.346596 -0.456877 0.819228
vn -0.259834 0.157475 0.952726
vn -0.338824 -0.874640 0.346704
vn 0.401674 -0.819101 -0.409550
vn -0.338824 -0.874640 0.346704
vn 0.648186 -0.758852 0.063238
vn 0.401674 -0.819101 -0.409550
vn 0.648186 -0.758852 0.063238
vn 0.978595 0.205189 -0.015784
vn -0.338824 -0.874640 0.346704
vn -0.259834 0.157475 0.952726
vn 0.055142 -0.827131 0.559298
vn -0.338824 -0.874640 0.346704
vn 0.055142 -0.827131 0.559298
vn 0.648186 -0.758852 0.063238
vn -0.259834 0.157475 0.952726
vn 0.511178 0.707784 0.487585
vn 0.330167 0.212250 0.919750
vn -0.259834 0.157475 0.952726
vn 0.330167 0.212250 0.919750
vn 0.055142 -0.827131 0.559298
vn 0.792895 0.227663 0.565232
vn 0.511178 0.707784 0.487585
vn 0.978595 0.205189 -0.015784
vn 0.511178 0.707784 0.487585
vn 0.792895 0.227663 0.565232
vn 0.330167 0.212250 0.919750
vn 0.792895 0.227663 0.565232
vn 0.978595 0.205189 -0.015784
vn 0.982487 0.165058 0.086459
vn 0.954029 0.268074 0.134037
vn 0.978595 0.205189 -0.015784
vn 0.648186 -0.758852 0.063238
vn 0.978595 0.205189 -0.015784
vn 0.954029 0.268074 0.134037
vn 0.982487 0.165058 0.086459
vn 0.330167 0.212250 0.919750
vn 0.792895 0.227663 0.565232
vn 0.558761 -0.133788 0.818466
vn 0.558761 -0.133788 0.818466
vn 0.792895 0.227663 0.565232
vn 0.982487 0.165058 0.086459
vn 0.589238 0.188556 0.785650
vn 0.055142 -0.827131 0.559298
vn 0.330167 0.212250 0.919750
vn 0.589238 0.188556 0.785650
vn 0.330167 0.212250 0.919750
vn -0.306394 0.274969 0.911326
vn 0.330167 0.212250 0.919750
vn 0.558761 -0.133788 0.818466
vn 0.244269 0.031519 0.969195
vn 0.330167 0.212250 0.919750
vn 0.244269 0.031519 0.969195
vn -0.306394 0.274969 0.911326
vn 0.558761 -0.133788 0.818466
vn 0.982487 0.165058 0.086459
vn 0.954860 -0.228851 0.189394
vn 0.954860 -0.228851 0.189394
vn 0.982487 0.165058 0.086459
vn 0.876957 0.079005 -0.474031
vn 0.558761 -0.133788 0.818466
vn 0.954860 -0.228851 0.189394
vn 0.338646 -0.732420 0.590661
vn 0.876957 0.079005 -0.474031
vn 0.982487 0.165058 0.086459
vn 0.874830 0.181271 -0.449237
vn 0.874830 0.181271 -0.449237
vn 0.982487 0.165058 0.086459
vn 0.954029 0.268074 0.134037
vn 0.954860 -0.228851 0.189394
vn 0.876957 0.079005 -0.474031
vn 0.544710 -0.205253 -0.813119
vn 0.954860 -0.228851 0.189394
vn 0.544710 -0.205253 -0.813119
vn 0.338646 -0.732420 0.590661
vn 0.376914 -0.117786 0.918729
vn 0.244269 0.031519 0.969195
vn 0.558761 -0.133788 0.818466
vn 0.544710 -0.205253 -0.813119
vn 0.876957 0.079005 -0.474031
vn -0.227888 0.880118 -0.416484
vn 0.376914 -0.117786 0.918729
vn 0.558761 -0.133788 0.818466
vn 0.292164 0.300060 0.908077
vn 0.292164 0.300060 0.908077
vn 0.558761 -0.133788 0.818466
vn 0.338646 -0.732420 0.590661
vn 0.338646 -0.732420 0.590661
vn 0.544710 -0.205253 -0.813119
vn 0.447159 -0.329485 -0.831558
vn 0.292164 0.300060 0.908077
vn 0.338646 -0.732420 0.590661
vn -0.417206 0.377847 0.826541
vn 0.447159 -0.329485 -0.831558
vn 0.544710 -0.205253 -0.813119
vn 0.031457 0.849341 -0.526906
vn 0.031457 0.849341 -0.526906
vn 0.544710 -0.205253 -0.813119
vn -0.227888 0.880118 -0.416484
vn 0.338646 -0.732420 0.590661
vn 0.447159 -0.329485 -0.831558
vn 0.031573 -0.907738 0.418349
vn 0.338646 -0.732420 0.590661
vn 0.031573 -0.907738 0.418349
vn -0.417206 0.377847 0.826541
vn 0.292164 0.300060 0.908077
vn -0.417206 0.377847 0.826541
vn 0.505712 0.853388 0.126428
vn 0.505712 0.853388 0.126428
vn -0.417206 0.377847 0.826541
vn -0.227888 0.880118 -0.416484
vn 0.505712 0.853388 0.126428
vn -0.227888 0.880118 -0.416484
vn 0.876957 0.079005 -0.474031
vn -0.227888 0.880118 -0.416484
vn -0.417206 0.377847 0.826541
vn -0.534523 0.267261 0.801784
vn -0.534523 0.267261 0.801784
vn -0.417206 0.377847 0.826541
vn 0.031573 -0.907738 0.418349
vn -0.227888 0.880118 -0.416484
vn -0.534523 0.267261 0.801784
vn 0.031457 0.849341 -0.526906
vn 0.292164 0.300060 0.908077
vn 0.505712 0.853388 0.126428
vn 0.684763 0.338446 0.645409
vn 0.292164 0.300060 0.908077
vn 0.684763 0.338446 0.645409
vn 0.376914 -0.117786 0.918729
vn 0.505712 0.853388 0.126428
vn 0.876957 0.079005 -0.474031
vn 0.997468 -0.007854 0.070687
vn 0.031457 0.849341 -0.526906
vn -0.534523 0.267261 0.801784
vn -0.094061 0.125414 0.987636
vn -0.094061 0.125414 0.987636
vn -0.534523 0.267261 0.801784
vn 0.031573 -0.907738 0.418349
vn 0.031457 0.849341 -0.526906
vn -0.094061 0.125414 0.987636
vn 0.251937 0.960511 -0.118096
vn 0.251937 0.960511 -0.118096
vn -0.094061 0.125414 0.987636
vn 0.965010 -0.203986 0.164758
vn 0.965010 -0.203986 0.164758
vn -0.094061 0.125414 0.987636
vn 0.031573 -0.907738 0.418349
vn 0.031457 0.849341 -0.526906
vn 0.251937 0.960511 -0.118096
vn 0.832275 0.149181 -0.533912
vn 0.832275 0.149181 -0.533912
vn 0.251937 0.960511 -0.118096
vn 0.965010 -0.203986 0.164758
vn 0.832275 0.149181 -0.533912
vn 0.965010 -0.203986 0.164758
vn 0.031573 -0.907738 0.418349
vn 0.031457 0.849341 -0.526906
vn 0.832275 0.149181 -0.533912
vn 0.447159 -0.329485 -0.831558
vn 0.874830 0.181271 -0.449237
vn 0.997468 -0.007854 0.070687
vn 0.876957 0.079005 -0.474031
vn 0.832275 0.149181 -0.533912
vn 0.031573 -0.907738 0.418349
vn 0.039212 -0.807775 0.588186
vn 0.447159 -0.329485 -0.831558
vn 0.832275 0.149181 -0.533912
vn -0.189500 0.868541 0.457958
vn -0.189500 0.868541 0.457958
vn 0.832275 0.149181 -0.533912
vn 0.039212 -0.807775 0.588186
vn 0.235702 -0.235702 -0.942809
vn 0.031573 -0.907738 0.418349
vn 0.447159 -0.329485 -0.831558
vn 0.031573 -0.907738 0.418349
vn 0.235702 -0.235702 -0.942809
vn 0.039212 -0.807775 0.588186
vn 0.235702 -0.235702 -0.942809
vn 0.447159 -0.329485 -0.831558
vn -0.189500 0.868541 0.457958
vn 0.039212 -0.807775 0.588186
vn 0.235702 -0.235702 -0.942809
vn 0.670519 0.110438 -0.733627
vn 0.235702 -0.235702 -0.942809
vn -0.189500 0.868541 0.457958
vn 0.236067 0.904923 0.354100
vn 0.235702 -0.235702 -0.942809
vn 0.236067 0.904923 0.354100
vn 0.670519 0.110438 -0.733627
vn -0.189500 0.868541 0.457958
vn 0.039212 -0.807775 0.588186
vn 0.671795 -0.474208 0.569050
vn -0.189500 0.868541 0.457958
vn 0.671795 -0.474208 0.569050
vn 0.236067 0.904923 0.354100
vn 0.671795 -0.474208 0.569050
vn 0.039212 -0.807775 0.588186
vn 0.670519 0.110438 -0.733627
vn 0.671795 -0.474208 0.569050
vn 0.670519 0.110438 -0.733627
vn 0.236067 0.904923 0.354100
vn 0.456622 0.007873 -0.889626
vn 0.997468 -0.007854 0.070687
vn 0.874830 0.181271 -0.449237
vn 0.456622 0.007873 -0.889626
vn 0.874830 0.181271 -0.449237
vn 0.529715 0.173936 -0.830150
vn 0.529715 0.173936 -0.830150
vn 0.874830 0.181271 -0.449237
vn 0.729822 0.455158 -0.510090
vn 0.729822 0.455158 -0.510090
vn 0.874830 0.181271 -0.449237
vn 0.954029 0.268074 0.134037
vn 0.729822 0.455158 -0.510090
vn 0.954029 0.268074 0.134037
vn 0.529120 0.213227 0.821320
vn 0.529120 0.213227 0.821320
vn 0.954029 0.268074 0.134037
vn 0.118048 -0.873555 0.472192
vn 0.118048 -0.873555 0.472192
vn 0.954029 0.268074 0.134037
vn 0.648186 -0.758852 0.063238
vn 0.729822 0.455158 -0.510090
vn 0.529120 0.213227 0.821320
vn 0.575089 0.787792 -0.220582
vn 0.529120 0.213227 0.821320
vn 0.118048 -0.873555 0.472192
vn 0.576504 -0.442249 0.687066
vn 0.529120 0.213227 0.821320
vn 0.576504 -0.442249 0.687066
vn 0.575089 0.787792 -0.220582
vn 0.118048 -0.873555 0.472192
vn 0.648186 -0.758852 0.063238
vn -0.196820 -0.810898 -0.551096
vn 0.118048 -0.873555 0.472192
vn -0.196820 -0.810898 -0.551096
vn 0.576504 -0.442249 0.687066
vn 0.729822 0.455158 -0.510090
vn 0.575089 0.787792 -0.220582
vn -0.055254 0.197334 -0.978778
vn 0.575089 0.787792 -0.220582
vn 0.576504 -0.442249 0.687066
vn 0.567140 0.811325 -0.141785
vn 0.575089 0.787792 -0.220582
vn 0.567140 0.811325 -0.141785
vn -0.055254 0.197334 -0.978778
vn 0.567140 0.811325 -0.141785
vn 0.576504 -0.442249 0.687066
vn 0.917032 -0.308312 -0.252974
vn 0.567140 0.811325 -0.141785
vn 0.917032 -0.308312 -0.252974
vn 0.125848 -0.456198 -0.880934
vn 0.125848 -0.456198 -0.880934
vn 0.917032 -0.308312 -0.252974
vn 0.576504 -0.442249 0.687066
vn 0.567140 0.811325 -0.141785
vn 0.125848 -0.456198 -0.880934
vn -0.055254 0.197334 -0.978778
vn 0.125848 -0.456198 -0.880934
vn 0.576504 -0.442249 0.687066
vn -0.196820 -0.810898 -0.551096
vn 0.125848 -0.456198 -0.880934
vn -0.196820 -0.810898 -0.551096
vn -0.055254 0.197334 -0.978778
vn 0.204168 0.235579 -0.950167
vn 0.729822 0.455158 -0.510090
vn -0.055254 0.197334 -0.978778
vn 0.204168 0.235579 -0.950167
vn -0.055254 0.197334 -0.978778
vn -0.196820 -0.810898 -0.551096
vn 0.729822 0.455158 -0.510090
vn 0.204168 0.235579 -0.950167
vn 0.529715 0.173936 -0.830150
vn 0.204168 0.235579 -0.950167
vn -0.196820 -0.810898 -0.551096
vn 0.330463 -0.826157 -0.456353
vn 0.330463 -0.826157 -0.456353
vn -0.196820 -0.810898 -0.551096
vn 0.648186 -0.758852 0.063238
vn 0.529715 0.173936 -0.830150
vn 0.204168 0.235579 -0.950167
vn 0.165385 0.307144 -0.937182
vn 0.165385 0.307144 -0.937182
vn 0.204168 0.235579 -0.950167
vn 0.330463 -0.826157 -0.456353
vn 0.165385 0.307144 -0.937182
vn 0.330463 -0.826157 -0.456353
vn 0.765252 0.213008 -0.607468
vn 0.529715 0.173936 -0.830150
vn 0.165385 0.307144 -0.937182
vn -0.086892 0.181683 -0.979511
vn 0.165385 0.307144 -0.937182
vn 0.765252 0.213008 -0.607468
vn -0.188836 0.778948 -0.597980
vn 0.529715 0.173936 -0.830150
vn -0.086892 0.181683 -0.979511
vn 0.322465 -0.141570 -0.935935
vn -0.086892 0.181683 -0.979511
vn 0.165385 0.307144 -0.937182
vn -0.599784 0.299892 -0.741838
vn -0.599784 0.299892 -0.741838
vn 0.165385 0.307144 -0.937182
vn -0.188836 0.778948 -0.597980
vn 0.529715 0.173936 -0.830150
vn 0.322465 -0.141570 -0.935935
vn 0.456622 0.007873 -0.889626
vn 0.322465 -0.141570 -0.935935
vn -0.086892 0.181683 -0.979511
vn -0.701092 -0.196936 -0.685337
vn -0.086892 0.181683 -0.979511
vn -0.599784 0.299892 -0.741838
vn -0.857285 0.165165 -0.487630
vn -0.086892 0.181683 -0.979511
vn -0.857285 0.165165 -0.487630
vn -0.701092 -0.196936 -0.685337
vn -0.599784 0.299892 -0.741838
vn -0.188836 0.778948 -0.597980
vn -0.779310 0.283385 -0.558899
vn -0.599784 0.299892 -0.741838
vn -0.779310 0.283385 -0.558899
vn -0.857285 0.165165 -0.487630
vn 0.623576 0.221014 -0.749870
vn -0.188836 0.778948 -0.597980
vn 0.765252 0.213008 -0.607468
vn 0.623576 0.221014 -0.749870
vn 0.765252 0.213008 -0.607468
vn 0.330463 -0.826157 -0.456353
vn -0.188836 0.778948 -0.597980
vn 0.623576 0.221014 -0.749870
vn -0.236162 0.873799 -0.425091
vn -0.188836 0.778948 -0.597980
vn -0.236162 0.873799 -0.425091
vn -0.967784 0.251781 0.000000
vn -0.188836 0.778948 -0.597980
vn -0.967784 0.251781 0.000000
vn -0.779310 0.283385 -0.558899
vn -0.236162 0.873799 -0.425091
vn 0.623576 0.221014 -0.749870
vn -0.425091 -0.236162 -0.873799
vn -0.236162 0.873799 -0.425091
vn -0.425091 -0.236162 -0.873799
vn -0.967784 0.251781 0.000000
vn 0.623576 0.221014 -0.749870
vn 0.330463 -0.826157 -0.456353
vn 0.392003 -0.878087 -0.274402
vn 0.623576 0.221014 -0.749870
vn 0.392003 -0.878087 -0.274402
vn -0.425091 -0.236162 -0.873799
vn -0.425091 -0.236162 -0.873799
vn 0.392003 -0.878087 -0.274402
vn -0.814236 -0.577080 0.063242
vn -0.425091 -0.236162 -0.873799
vn -0.814236 -0.577080 0.063242
vn -0.967784 0.251781 0.000000
vn -0.814236 -0.577080 0.063242
vn 0.392003 -0.878087 -0.274402
vn -0.590167 -0.802627 0.086558
vn -0.814236 -0.577080 0.063242
vn -0.590167 -0.802627 0.086558
vn -0.967784 0.251781 0.000000
vn -0.590167 -0.802627 0.086558
vn 0.392003 -0.878087 -0.274402
vn 0.330463 -0.826157 -0.456353
vn -0.967784 0.251781 0.000000
vn -0.590167 -0.802627 0.086558
vn -0.779310 0.283385 -0.558899
vn -0.590167 -0.802627 0.086558
vn 0.330463 -0.826157 -0.456353
vn -0.368596 -0.917569 0.149007
vn -0.368596 -0.917569 0.149007
vn 0.330463 -0.826157 -0.456353
vn 0.648186 -0.758852 0.063238
vn -0.779310 0.283385 -0.558899
vn -0.590167 -0.802627 0.086558
vn -0.173573 -0.867865 -0.465491
vn -0.173573 -0.867865 -0.465491
vn -0.590167 -0.802627 0.086558
vn -0.368596 -0.917569 0.149007
vn -0.368596 -0.917569 0.149007
vn 0.648186 -0.758852 0.063238
vn 0.055142 -0.827131 0.559298
vn -0.779310 0.283385 -0.558899
vn -0.173573 -0.867865 -0.465491
vn -0.204902 0.220664 -0.953584
vn -0.779310 0.283385 -0.558899
vn -0.204902 0.220664 -0.953584
vn -0.950490 0.290646 -0.109974
vn -0.204902 0.220664 -0.953584
vn -0.173573 -0.867865 -0.465491
vn -0.323427 -0.457530 -0.828288
vn -0.779310 0.283385 -0.558899
vn -0.950490 0.290646 -0.109974
vn -0.857285 0.165165 -0.487630
vn -0.323427 -0.457530 -0.828288
vn -0.173573 -0.867865 -0.465491
vn -0.063242 -0.845856 0.529648
vn -0.063242 -0.845856 0.529648
vn -0.173573 -0.867865 -0.465491
vn -0.368596 -0.917569 0.149007
vn -0.204902 0.220664 -0.953584
vn -0.323427 -0.457530 -0.828288
vn -0.682926 0.722174 -0.109896
vn -0.204902 0.220664 -0.953584
vn -0.682926 0.722174 -0.109896
vn -0.950490 0.290646 -0.109974
vn -0.682926 0.722174 -0.109896
vn -0.323427 -0.457530 -0.828288
vn -0.979022 -0.165802 -0.118430
vn -0.979022 -0.165802 -0.118430
vn -0.323427 -0.457530 -0.828288
vn -0.063242 -0.845856 0.529648
vn -0.950490 0.290646 -0.109974
vn -0.682926 0.722174 -0.109896
vn -0.346930 0.118272 0.930404
vn -0.346930 0.118272 0.930404
vn -0.682926 0.722174 -0.109896
vn -0.979022 -0.165802 -0.118430
vn -0.979022 -0.165802 -0.118430
vn -0.063242 -0.845856 0.529648
vn -0.425977 -0.607411 0.670519
vn -0.979022 -0.165802 -0.118430
vn -0.425977 -0.607411 0.670519
vn -0.346930 0.118272 0.930404
vn -0.346930 0.118272 0.930404
vn -0.425977 -0.607411 0.670519
vn -0.063242 -0.845856 0.529648
vn -0.346930 0.118272 0.930404
vn -0.063242 -0.845856 0.529648
vn -0.838320 0.070513 0.540599
vn -0.346930 0.118272 0.930404
vn -0.838320 0.070513 0.540599
vn -0.950490 0.290646 -0.109974
vn -0.838320 0.070513 0.540599
vn -0.063242 -0.845856 0.529648
vn -0.368596 -0.917569 0.149007
vn -0.950490 0.290646 -0.109974
vn -0.838320 0.070513 0.540599
vn -0.946969 0.134154 0.291982
vn -0.950490 0.290646 -0.109974
vn -0.946969 0.134154 0.291982
vn -0.857285 0.165165 -0.487630
vn -0.838320 0.070513 0.540599
vn -0.368596 -0.917569 0.149007
vn -0.951783 0.117990 0.283175
vn -0.838320 0.070513 0.540599
vn -0.951783 0.117990 0.283175
vn -0.946969 0.134154 0.291982
vn -0.951783 0.117990 0.283175
vn -0.368596 -0.917569 0.149007
vn -0.974416 0.133589 -0.180739
vn -0.857285 0.165165 -0.487630
vn -0.946969 0.134154 0.291982
vn -0.995931 0.086946 0.023713
vn -0.974416 0.133589 -0.180739
vn -0.368596 -0.917569 0.149007
vn -0.511684 -0.834439 -0.204674
vn -0.511684 -0.834439 -0.204674
vn -0.368596 -0.917569 0.149007
vn 0.424920 -0.826234 0.369838
vn 0.424920 -0.826234 0.369838
vn -0.368596 -0.917569 0.149007
vn 0.055142 -0.827131 0.559298
vn 0.424920 -0.826234 0.369838
vn 0.055142 -0.827131 0.559298
vn 0.589238 0.188556 0.785650
vn -0.511684 -0.834439 -0.204674
vn 0.424920 -0.826234 0.369838
vn -0.392293 -0.910119 -0.133379
vn -0.511684 -0.834439 -0.204674
vn -0.392293 -0.910119 -0.133379
vn -0.974416 0.133589 -0.180739
vn -0.392293 -0.910119 -0.133379
vn 0.424920 -0.826234 0.369838
vn 0.615032 -0.473101 0.630802
vn 0.615032 -0.473101 0.630802
vn 0.424920 -0.826234 0.369838
vn 0.589238 0.188556 0.785650
vn -0.392293 -0.910119 -0.133379
vn 0.615032 -0.473101 0.630802
vn -0.560429 -0.315735 0.765657
vn 0.615032 -0.473101 0.630802
vn 0.589238 0.188556 0.785650
vn 0.149769 0.575428 0.804022
vn 0.615032 -0.473101 0.630802
vn 0.149769 0.575428 0.804022
vn -0.560429 -0.315735 0.765657
vn 0.149769 0.575428 0.804022
vn 0.589238 0.188556 0.785650
vn -0.275625 0.913499 0.299250
vn -0.392293 -0.910119 -0.133379
vn -0.560429 -0.315735 0.765657
vn -0.963832 0.260709 -0.055302
vn -0.963832 0.260709 -0.055302
vn -0.560429 -0.315735 0.765657
vn 0.149769 0.575428 0.804022
vn -0.392293 -0.910119 -0.133379
vn -0.963832 0.260709 -0.055302
vn -0.974416 0.133589 -0.180739
vn -0.963832 0.260709 -0.055302
vn 0.149769 0.575428 0.804022
vn -0.275625 0.913499 0.299250
vn -0.275625 0.913499 0.299250
vn 0.589238 0.188556 0.785650
vn -0.370239 0.716847 0.590808
vn -0.275625 0.913499 0.299250
vn -0.370239 0.716847 0.590808
vn -0.963832 0.260709 -0.055302
vn -0.963832 0.260709 -0.055302
vn -0.370239 0.716847 0.590808
vn -0.974416 0.133589 -0.180739
vn -0.370239 0.716847 0.590808
vn 0.589238 0.188556 0.785650
vn -0.306394 0.274969 0.911326
vn -0.370239 0.716847 0.590808
vn -0.306394 0.274969 0.911326
vn -0.974416 0.133589 -0.180739
vn -0.974416 0.133589 -0.180739
vn -0.306394 0.274969 0.911326
vn -0.951783 0.117990 0.283175
vn -0.951783 0.117990 0.283175
vn -0.306394 0.274969 0.911326
vn -0.495128 0.086451 0.864509
vn -0.495128 0.086451 0.864509
vn -0.306394 0.274969 0.911326
vn 0.244269 0.031519 0.969195
vn -0.951783 0.117990 0.283175
vn -0.495128 0.086451 0.864509
vn -0.946969 0.134154 0.291982
vn -0.495128 0.086451 0.864509
vn 0.244269 0.031519 0.969195
vn 0.376914 -0.117786 0.918729
vn -0.946969 0.134154 0.291982
vn -0.495128 0.086451 0.864509
vn -0.702598 -0.236831 0.671020
vn -0.702598 -0.236831 0.671020
vn -0.495128 0.086451 0.864509
vn 0.376914 -0.117786 0.918729
vn -0.946969 0.134154 0.291982
vn -0.702598 -0.236831 0.671020
vn -0.980581 0.117670 0.156893
vn -0.946969 0.134154 0.291982
vn -0.980581 0.117670 0.156893
vn -0.995931 0.086946 0.023713
vn -0.702598 -0.236831 0.671020
vn 0.376914 -0.117786 0.918729
vn 0.826515 -0.196789 0.527396
vn 0.826515 -0.196789 0.527396
vn 0.376914 -0.117786 0.918729
vn 0.363197 0.931679 0.007896
vn -0.702598 -0.236831 0.671020
vn 0.826515 -0.196789 0.527396
vn -0.449237 -0.874830 0.181271
vn -0.702598 -0.236831 0.671020
vn -0.449237 -0.874830 0.181271
vn -0.980581 0.117670 0.156893
vn 0.363197 0.931679 0.007896
vn 0.376914 -0.117786 0.918729
vn 0.684763 0.338446 0.645409
vn -0.980581 0.117670 0.156893
vn -0.449237 -0.874830 0.181271
vn -0.826541 0.377847 -0.417206
vn -0.449237 -0.874830 0.181271
vn 0.826515 -0.196789 0.527396
vn 0.827131 -0.291465 0.480524
vn -0.826541 0.377847 -0.417206
vn -0.449237 -0.874830 0.181271
vn -0.299584 -0.953940 -0.015768
vn -0.299584 -0.953940 -0.015768
vn -0.449237 -0.874830 0.181271
vn 0.827131 -0.291465 0.480524
vn 0.827131 -0.291465 0.480524
vn 0.826515 -0.196789 0.527396
vn 0.251657 0.967305 0.031457
vn 0.251657 0.967305 0.031457
vn 0.826515 -0.196789 0.527396
vn 0.363197 0.931679 0.007896
vn -0.299584 -0.953940 -0.015768
vn 0.827131 -0.291465 0.480524
vn 0.378411 -0.748937 0.543965
vn 0.827131 -0.291465 0.480524
vn 0.251657 0.967305 0.031457
vn 0.912820 0.173121 0.369850
vn 0.827131 -0.291465 0.480524
vn 0.912820 0.173121 0.369850
vn 0.378411 -0.748937 0.543965
vn -0.227663 0.792895 0.565232
vn -0.980581 0.117670 0.156893
vn -0.826541 0.377847 -0.417206
vn -0.227663 0.792895 0.565232
vn -0.826541 0.377847 -0.417206
vn 0.363197 0.931679 0.007896
vn -0.227663 0.792895 0.565232
vn 0.363197 0.931679 0.007896
vn 0.684763 0.338446 0.645409
vn -0.980581 0.117670 0.156893
vn -0.227663 0.792895 0.565232
vn -0.165596 0.031542 0.985689
vn -0.165596 0.031542 0.985689
vn -0.227663 0.792895 0.565232
vn 0.684763 0.338446 0.645409
vn 0.363197 0.931679 0.007896
vn -0.826541 0.377847 -0.417206
vn -0.852431 0.252572 -0.457787
vn 0.363197 0.931679 0.007896
vn -0.852431 0.252572 -0.457787
vn 0.251657 0.967305 0.031457
vn -0.852431 0.252572 -0.457787
vn -0.826541 0.377847 -0.417206
vn -0.299584 -0.953940 -0.015768
vn 0.251657 0.967305 0.031457
vn -0.852431 0.252572 -0.457787
vn -0.315352 0.788380 -0.528214
vn 0.251657 0.967305 0.031457
vn -0.315352 0.788380 -0.528214
vn 0.912820 0.173121 0.369850
vn -0.852431 0.252572 -0.457787
vn -0.299584 -0.953940 -0.015768
vn -0.582551 -0.692763 -0.425105
vn -0.852431 0.252572 -0.457787
vn -0.582551 -0.692763 -0.425105
vn -0.315352 0.788380 -0.528214
vn -0.582551 -0.692763 -0.425105
vn -0.299584 -0.953940 -0.015768
vn 0.378411 -0.748937 0.543965
vn -0.165596 0.031542 0.985689
vn -0.995931 0.086946 0.023713
vn -0.980581 0.117670 0.156893
vn 0.912820 0.173121 0.369850
vn -0.315352 0.788380 -0.528214
vn -0.299176 0.850288 -0.433017
vn 0.912820 0.173121 0.369850
vn -0.299176 0.850288 -0.433017
vn 0.856332 0.432094 0.282825
vn 0.856332 0.432094 0.282825
vn -0.299176 0.850288 -0.433017
vn -0.439381 0.298152 0.847378
vn -0.439381 0.298152 0.847378
vn -0.299176 0.850288 -0.433017
vn -0.315352 0.788380 -0.528214
vn 0.912820 0.173121 0.369850
vn 0.856332 0.432094 0.282825
vn 0.150269 0.387536 0.909524
vn 0.150269 0.387536 0.909524
vn 0.856332 0.432094 0.282825
vn -0.439381 0.298152 0.847378
vn 0.150269 0.387536 0.909524
vn -0.439381 0.298152 0.847378
vn -0.315352 0.788380 -0.528214
vn 0.912820 0.173121 0.369850
vn 0.150269 0.387536 0.909524
vn 0.378411 -0.748937 0.543965
vn -0.700744 -0.527526 0.480285
vn -0.995931 0.086946 0.023713
vn -0.165596 0.031542 0.985689
vn 0.150269 0.387536 0.909524
vn -0.315352 0.788380 -0.528214
vn 0.031363 0.666467 -0.744875
vn 0.031363 0.666467 -0.744875
vn -0.315352 0.788380 -0.528214
vn -0.497779 -0.829631 -0.252840
vn -0.497779 -0.829631 -0.252840
vn -0.315352 0.788380 -0.528214
vn -0.582551 -0.692763 -0.425105
vn 0.031363 0.666467 -0.744875
vn -0.497779 -0.829631 -0.252840
vn -0.970280 -0.228765 -0.078885
vn -0.970280 -0.228765 -0.078885
vn -0.497779 -0.829631 -0.252840
vn -0.149338 0.400855 0.903888
vn 0.031363 0.666467 -0.744875
vn -0.970280 -0.228765 -0.078885
vn -0.149435 0.896610 -0.416845
vn -0.149435 0.896610 -0.416845
vn -0.970280 -0.228765 -0.078885
vn -0.149338 0.400855 0.903888
vn 0.031363 0.666467 -0.744875
vn -0.149435 0.896610 -0.416845
vn 0.212750 -0.007880 0.977075
vn 0.212750 -0.007880 0.977075
vn -0.149435 0.896610 -0.416845
vn -0.149338 0.400855 0.903888
vn 0.212750 -0.007880 0.977075
vn -0.149338 0.400855 0.903888
vn -0.497779 -0.829631 -0.252840
vn 0.031363 0.666467 -0.744875
vn 0.212750 -0.007880 0.977075
vn 0.150269 0.387536 0.909524
vn 0.212750 -0.007880 0.977075
vn -0.497779 -0.829631 -0.252840
vn -0.582551 -0.692763 -0.425105
vn 0.212750 -0.007880 0.977075
vn -0.582551 -0.692763 -0.425105
vn 0.150269 0.387536 0.909524
vn 0.150269 0.387536 0.909524
vn -0.582551 -0.692763 -0.425105
vn -0.725400 0.118272 -0.678091
vn 0.394595 0.915460 -0.078919
vn 0.378411 -0.748937 0.543965
vn 0.150269 0.387536 0.909524
vn 0.394595 0.915460 -0.078919
vn 0.150269 0.387536 0.909524
vn -0.725400 0.118272 -0.678091
vn -0.353837 -0.927840 0.117946
vn -0.582551 -0.692763 -0.425105
vn 0.378411 -0.748937 0.543965
vn -0.582551 -0.692763 -0.425105
vn -0.353837 -0.927840 0.117946
vn -0.725400 0.118272 -0.678091
vn -0.353837 -0.927840 0.117946
vn 0.378411 -0.748937 0.543965
vn 0.623654 -0.268408 0.734175
vn 0.623654 -0.268408 0.734175
vn 0.378411 -0.748937 0.543965
vn 0.394595 0.915460 -0.078919
vn -0.353837 -0.927840 0.117946
vn 0.623654 -0.268408 0.734175
vn 0.197242 0.063117 0.978321
vn 0.394595 0.915460 -0.078919
vn -0.725400 0.118272 -0.678091
vn -0.876055 0.449866 -0.173633
vn 0.623654 -0.268408 0.734175
vn 0.394595 0.915460 -0.078919
vn 0.149191 0.965813 0.212008
vn 0.623654 -0.268408 0.734175
vn 0.149191 0.965813 0.212008
vn 0.197242 0.063117 0.978321
vn 0.149191 0.965813 0.212008
vn 0.394595 0.915460 -0.078919
vn -0.876055 0.449866 -0.173633
vn -0.353837 -0.927840 0.117946
vn 0.197242 0.063117 0.978321
vn -0.729014 -0.337071 0.595753
vn -0.353837 -0.927840 0.117946
vn -0.729014 -0.337071 0.595753
vn -0.725400 0.118272 -0.678091
vn -0.729014 -0.337071 0.595753
vn 0.197242 0.063117 0.978321
vn 0.149191 0.965813 0.212008
vn -0.725400 0.118272 -0.678091
vn -0.729014 -0.337071 0.595753
vn -0.876055 0.449866 -0.173633
vn -0.876055 0.449866 -0.173633
vn -0.729014 -0.337071 0.595753
vn 0.149191 0.965813 0.212008
vn 0.660109 0.502940 0.557949
vn 0.505712 0.853388 0.126428
vn 0.997468 -0.007854 0.070687
vn 0.505712 0.853388 0.126428
vn 0.660109 0.502940 0.557949
vn 0.684763 0.338446 0.645409
vn 0.684763 0.338446 0.645409
vn 0.660109 0.502940 0.557949
vn 0.867973 0.347189 0.355080
vn 0.684763 0.338446 0.645409
vn 0.867973 0.347189 0.355080
vn -0.165596 0.031542 0.985689
vn 0.660109 0.502940 0.557949
vn 0.997468 -0.007854 0.070687
vn 0.813803 -0.402951 0.418753
vn -0.165596 0.031542 0.985689
vn 0.867973 0.347189 0.355080
vn 0.007889 -0.560133 0.828365
vn -0.165596 0.031542 0.985689
vn 0.007889 -0.560133 0.828365
vn -0.700744 -0.527526 0.480285
vn 0.813803 -0.402951 0.418753
vn 0.997468 -0.007854 0.070687
vn 0.392486 -0.408185 -0.824221
vn 0.392486 -0.408185 -0.824221
vn 0.997468 -0.007854 0.070687
vn 0.456622 0.007873 -0.889626
vn 0.813803 -0.402951 0.418753
vn 0.392486 -0.408185 -0.824221
vn -0.344825 -0.352662 -0.869900
vn 0.660109 0.502940 0.557949
vn 0.813803 -0.402951 0.418753
vn -0.086625 0.629999 0.771749
vn 0.392486 -0.408185 -0.824221
vn 0.456622 0.007873 -0.889626
vn -0.528872 0.615702 -0.584128
vn 0.813803 -0.402951 0.418753
vn -0.344825 -0.352662 -0.869900
vn 0.450090 -0.829114 0.331646
vn 0.813803 -0.402951 0.418753
vn 0.450090 -0.829114 0.331646
vn -0.086625 0.629999 0.771749
vn -0.344825 -0.352662 -0.869900
vn 0.392486 -0.408185 -0.824221
vn -0.737170 0.627379 -0.250951
vn -0.737170 0.627379 -0.250951
vn 0.392486 -0.408185 -0.824221
vn -0.528872 0.615702 -0.584128
vn 0.078708 0.480122 -0.873664
vn -0.086625 0.629999 0.771749
vn -0.528872 0.615702 -0.584128
vn 0.078708 0.480122 -0.873664
vn -0.528872 0.615702 -0.584128
vn 0.456622 0.007873 -0.889626
vn -0.086625 0.629999 0.771749
vn 0.078708 0.480122 -0.873664
vn 0.660109 0.502940 0.557949
vn -0.528872 0.615702 -0.584128
vn -0.086625 0.629999 0.771749
vn -0.205593 0.268852 0.940984
vn -0.528872 0.615702 -0.584128
vn -0.205593 0.268852 0.940984
vn -0.737170 0.627379 -0.250951
vn -0.205593 0.268852 0.940984
vn -0.086625 0.629999 0.771749
vn 0.450090 -0.829114 0.331646
vn 0.078708 0.480122 -0.873664
vn 0.456622 0.007873 -0.889626
vn 0.503127 0.322316 -0.801858
vn 0.503127 0.322316 -0.801858
vn 0.456622 0.007873 -0.889626
vn 0.322465 -0.141570 -0.935935
vn 0.660109 0.502940 0.557949
vn 0.078708 0.480122 -0.873664
vn 0.868541 0.426375 -0.252667
vn 0.503127 0.322316 -0.801858
vn 0.322465 -0.141570 -0.935935
vn 0.567422 -0.638350 -0.520137
vn 0.660109 0.502940 0.557949
vn 0.868541 0.426375 -0.252667
vn 0.867973 0.347189 0.355080
vn 0.567422 -0.638350 -0.520137
vn 0.322465 -0.141570 -0.935935
vn -0.701092 -0.196936 -0.685337
vn 0.078708 0.480122 -0.873664
vn 0.503127 0.322316 -0.801858
vn -0.221125 0.829217 -0.513325
vn 0.503127 0.322316 -0.801858
vn 0.567422 -0.638350 -0.520137
vn 0.928673 0.354155 -0.110182
vn 0.503127 0.322316 -0.801858
vn 0.928673 0.354155 -0.110182
vn -0.221125 0.829217 -0.513325
vn 0.078708 0.480122 -0.873664
vn -0.221125 0.829217 -0.513325
vn -0.047190 0.007865 -0.998855
vn 0.078708 0.480122 -0.873664
vn -0.047190 0.007865 -0.998855
vn 0.868541 0.426375 -0.252667
vn -0.221125 0.829217 -0.513325
vn 0.928673 0.354155 -0.110182
vn -0.251462 0.840827 0.479350
vn 0.567422 -0.638350 -0.520137
vn -0.701092 -0.196936 -0.685337
vn 0.055116 -0.944853 -0.322825
vn 0.928673 0.354155 -0.110182
vn 0.567422 -0.638350 -0.520137
vn 0.904923 -0.141640 -0.401314
vn 0.904923 -0.141640 -0.401314
vn 0.567422 -0.638350 -0.520137
vn 0.055116 -0.944853 -0.322825
vn 0.928673 0.354155 -0.110182
vn 0.904923 -0.141640 -0.401314
vn 0.455944 0.841139 0.290861
vn 0.928673 0.354155 -0.110182
vn 0.455944 0.841139 0.290861
vn -0.251462 0.840827 0.479350
vn -0.972527 0.125487 -0.196074
vn -0.047190 0.007865 -0.998855
vn -0.221125 0.829217 -0.513325
vn -0.972527 0.125487 -0.196074
vn -0.221125 0.829217 -0.513325
vn -0.251462 0.840827 0.479350
vn -0.972527 0.125487 -0.196074
vn -0.701092 -0.196936 -0.685337
vn -0.857285 0.165165 -0.487630
vn -0.972527 0.125487 -0.196074
vn -0.857285 0.165165 -0.487630
vn -0.995931 0.086946 0.023713
vn -0.701092 -0.196936 -0.685337
vn -0.972527 0.125487 -0.196074
vn -0.986057 -0.086773 0.141992
vn -0.701092 -0.196936 -0.685337
vn -0.986057 -0.086773 0.141992
vn 0.055116 -0.944853 -0.322825
vn -0.986057 -0.086773 0.141992
vn -0.972527 0.125487 -0.196074
vn -0.251462 0.840827 0.479350
vn -0.972527 0.125487 -0.196074
vn -0.995931 0.086946 0.023713
vn -0.926695 -0.164920 -0.337694
vn -0.972527 0.125487 -0.196074
vn -0.926695 -0.164920 -0.337694
vn -0.047190 0.007865 -0.998855
vn -0.986057 -0.086773 0.141992
vn -0.251462 0.840827 0.479350
vn -0.590313 -0.582443 0.558830
vn -0.986057 -0.086773 0.141992
vn -0.590313 -0.582443 0.558830
vn 0.055116 -0.944853 -0.322825
vn -0.590313 -0.582443 0.558830
vn -0.251462 0.840827 0.479350
vn -0.458115 0.655579 0.600289
vn -0.458115 0.655579 0.600289
vn -0.251462 0.840827 0.479350
vn 0.455944 0.841139 0.290861
vn -0.926695 -0.164920 -0.337694
vn -0.995931 0.086946 0.023713
vn -0.700744 -0.527526 0.480285
vn -0.590313 -0.582443 0.558830
vn -0.458115 0.655579 0.600289
vn -0.424986 0.015740 0.905063
vn -0.458115 0.655579 0.600289
vn 0.455944 0.841139 0.290861
vn -0.370815 0.915203 -0.157794
vn -0.590313 -0.582443 0.558830
vn -0.424986 0.015740 0.905063
vn -0.330258 -0.943596 -0.023590
vn -0.590313 -0.582443 0.558830
vn -0.330258 -0.943596 -0.023590
vn 0.055116 -0.944853 -0.322825
vn -0.424986 0.015740 0.905063
vn -0.458115 0.655579 0.600289
vn 0.141264 0.988851 -0.047088
vn 0.141264 0.988851 -0.047088
vn -0.458115 0.655579 0.600289
vn -0.370815 0.915203 -0.157794
vn -0.424986 0.015740 0.905063
vn 0.141264 0.988851 -0.047088
vn -0.110414 0.985842 -0.126188
vn -0.424986 0.015740 0.905063
vn -0.110414 0.985842 -0.126188
vn -0.716158 0.346274 0.605980
vn -0.424986 0.015740 0.905063
vn -0.716158 0.346274 0.605980
vn -0.330258 -0.943596 -0.023590
vn -0.110414 0.985842 -0.126188
vn 0.141264 0.988851 -0.047088
vn -0.220009 0.180722 -0.958611
vn -0.110414 0.985842 -0.126188
vn -0.220009 0.180722 -0.958611
vn -0.716158 0.346274 0.605980
vn -0.330258 -0.943596 -0.023590
vn -0.716158 0.346274 0.605980
vn -0.921803 -0.307268 -0.236360
vn -0.921803 -0.307268 -0.236360
vn -0.716158 0.346274 0.605980
vn -0.220009 0.180722 -0.958611
vn -0.921803 -0.307268 -0.236360
vn -0.220009 0.180722 -0.958611
vn 0.181271 -0.165508 -0.969406
vn 0.181271 -0.165508 -0.969406
vn -0.220009 0.180722 -0.958611
vn 0.141264 0.988851 -0.047088
vn -0.921803 -0.307268 -0.236360
vn 0.181271 -0.165508 -0.969406
vn -0.330258 -0.943596 -0.023590
vn 0.181271 -0.165508 -0.969406
vn 0.141264 0.988851 -0.047088
vn -0.370815 0.915203 -0.157794
vn -0.330258 -0.943596 -0.023590
vn 0.181271 -0.165508 -0.969406
vn -0.417776 -0.638488 -0.646371
vn -0.417776 -0.638488 -0.646371
vn 0.181271 -0.165508 -0.969406
vn -0.370815 0.915203 -0.157794
vn -0.330258 -0.943596 -0.023590
vn -0.417776 -0.638488 -0.646371
vn 0.055116 -0.944853 -0.322825
vn 0.055116 -0.944853 -0.322825
vn -0.417776 -0.638488 -0.646371
vn -0.991389 -0.110154 -0.070813
vn -0.417776 -0.638488 -0.646371
vn -0.370815 0.915203 -0.157794
vn -0.172646 0.965248 0.196189
vn -0.417776 -0.638488 -0.646371
vn -0.172646 0.965248 0.196189
vn -0.991389 -0.110154 -0.070813
vn 0.055116 -0.944853 -0.322825
vn -0.991389 -0.110154 -0.070813
vn 0.000000 -0.973725 -0.227726
vn -0.991389 -0.110154 -0.070813
vn -0.172646 0.965248 0.196189
vn -0.023713 0.995931 0.086946
vn 0.055116 -0.944853 -0.322825
vn 0.000000 -0.973725 -0.227726
vn 0.904923 -0.141640 -0.401314
vn 0.000000 -0.973725 -0.227726
vn -0.991389 -0.110154 -0.070813
vn -0.997222 0.023556 -0.070669
vn -0.997222 0.023556 -0.070669
vn -0.991389 -0.110154 -0.070813
vn -0.023713 0.995931 0.086946
vn 0.000000 -0.973725 -0.227726
vn -0.997222 0.023556 -0.070669
vn 0.172736 -0.973605 -0.149181
vn -0.023713 0.995931 0.086946
vn -0.172646 0.965248 0.196189
vn 0.985567 0.149806 0.078845
vn -0.997222 0.023556 -0.070669
vn -0.023713 0.995931 0.086946
vn -0.118474 0.971490 0.205356
vn 0.985567 0.149806 0.078845
vn -0.172646 0.965248 0.196189
vn 0.999226 0.031472 0.023604
vn 0.904923 -0.141640 -0.401314
vn 0.000000 -0.973725 -0.227726
vn 0.999226 0.031472 0.023604
vn 0.999226 0.031472 0.023604
vn 0.000000 -0.973725 -0.227726
vn 0.172736 -0.973605 -0.149181
vn 0.999226 0.031472 0.023604
vn 0.172736 -0.973605 -0.149181
vn 0.985567 0.149806 0.078845
vn 0.999226 0.031472 0.023604
vn -0.172646 0.965248 0.196189
vn -0.370815 0.915203 -0.157794
vn 0.999226 0.031472 0.023604
vn -0.370815 0.915203 -0.157794
vn 0.904923 -0.141640 -0.401314
vn -0.978595 -0.205189 -0.015784
vn 0.172736 -0.973605 -0.149181
vn -0.997222 0.023556 -0.070669
vn -0.978595 -0.205189 -0.015784
vn -0.997222 0.023556 -0.070669
vn -0.118474 0.971490 0.205356
vn 0.985567 0.149806 0.078845
vn 0.172736 -0.973605 -0.149181
vn 0.054948 -0.957666 -0.282590
vn 0.054948 -0.957666 -0.282590
vn 0.172736 -0.973605 -0.149181
vn -0.978595 -0.205189 -0.015784
vn 0.992218 -0.039374 -0.118121
vn -0.023713 0.995931 0.086946
vn 0.985567 0.149806 0.078845
vn -0.023713 0.995931 0.086946
vn 0.992218 -0.039374 -0.118121
vn -0.118474 0.971490 0.205356
vn 0.992218 -0.039374 -0.118121
vn 0.985567 0.149806 0.078845
vn 0.054948 -0.957666 -0.282590
vn -0.118474 0.971490 0.205356
vn 0.992218 -0.039374 -0.118121
vn 0.799711 0.392015 -0.454738
vn 0.054948 -0.957666 -0.282590
vn -0.978595 -0.205189 -0.015784
vn -0.817581 0.306593 -0.487404
vn -0.062819 0.997252 0.039262
vn -0.978595 -0.205189 -0.015784
vn -0.118474 0.971490 0.205356
vn -0.062819 0.997252 0.039262
vn -0.118474 0.971490 0.205356
vn 0.799711 0.392015 -0.454738
vn -0.978595 -0.205189 -0.015784
vn -0.062819 0.997252 0.039262
vn -0.817581 0.306593 -0.487404
vn 0.799711 0.392015 -0.454738
vn 0.992218 -0.039374 -0.118121
vn 0.031519 -0.244269 -0.969195
vn 0.799711 0.392015 -0.454738
vn 0.031519 -0.244269 -0.969195
vn -0.062819 0.997252 0.039262
vn 0.031519 -0.244269 -0.969195
vn 0.992218 -0.039374 -0.118121
vn 0.054948 -0.957666 -0.282590
vn -0.062819 0.997252 0.039262
vn 0.031519 -0.244269 -0.969195
vn -0.817581 0.306593 -0.487404
vn -0.817581 0.306593 -0.487404
vn 0.031519 -0.244269 -0.969195
vn 0.054948 -0.957666 -0.282590
vn -0.725783 0.552226 -0.410225
vn 0.904923 -0.141640 -0.401314
vn -0.370815 0.915203 -0.157794
vn -0.725783 0.552226 -0.410225
vn -0.370815 0.915203 -0.157794
vn 0.552829 0.805551 0.213234
vn 0.904923 -0.141640 -0.401314
vn -0.725783 0.552226 -0.410225
vn 0.410162 -0.094653 -0.907088
vn 0.410162 -0.094653 -0.907088
vn -0.725783 0.552226 -0.410225
vn 0.552829 0.805551 0.213234
vn 0.904923 -0.141640 -0.401314
vn 0.410162 -0.094653 -0.907088
vn 0.455944 0.841139 0.290861
vn 0.552829 0.805551 0.213234
vn -0.370815 0.915203 -0.157794
vn 0.455944 0.841139 0.290861
vn 0.552829 0.805551 0.213234
vn 0.455944 0.841139 0.290861
vn 0.410162 -0.094653 -0.907088
vn 0.441987 0.323598 0.836619
vn 0.797206 -0.591984 0.118397
vn 0.866895 0.386162 -0.315234
vn 0.797206 -0.591984 0.118397
vn 0.441987 0.323598 0.836619
vn 0.086280 -0.886336 0.454933
vn 0.866895 0.386162 -0.315234
vn 0.797206 -0.591984 0.118397
vn 0.236220 -0.590551 -0.771654
vn 0.236220 -0.590551 -0.771654
vn 0.797206 -0.591984 0.118397
vn 0.086280 -0.886336 0.454933
vn 0.441987 0.323598 0.836619
vn 0.866895 0.386162 -0.315234
vn 0.505333 0.489542 0.710625
vn 0.086280 -0.886336 0.454933
vn 0.441987 0.323598 0.836619
vn 0.284427 -0.142214 0.948091
vn 0.284427 -0.142214 0.948091
vn 0.441987 0.323598 0.836619
vn 0.505333 0.489542 0.710625
vn 0.505333 0.489542 0.710625
vn 0.866895 0.386162 -0.315234
vn 0.463992 0.849341 -0.251657
vn 0.866895 0.386162 -0.315234
vn 0.236220 -0.590551 -0.771654
vn 0.841139 0.455944 -0.290861
vn 0.866895 0.386162 -0.315234
vn 0.841139 0.455944 -0.290861
vn 0.463992 0.849341 -0.251657
vn 0.236220 -0.590551 -0.771654
vn 0.086280 -0.886336 0.454933
vn 0.180644 -0.934635 -0.306309
vn 0.236220 -0.590551 -0.771654
vn 0.180644 -0.934635 -0.306309
vn 0.841139 0.455944 -0.290861
vn 0.086280 -0.886336 0.454933
vn 0.284427 -0.142214 0.948091
vn 0.031477 -0.928558 0.369850
vn 0.086280 -0.886336 0.454933
vn 0.031477 -0.928558 0.369850
vn 0.180644 -0.934635 -0.306309
vn 0.284427 -0.142214 0.948091
vn 0.505333 0.489542 0.710625
vn 0.370021 0.551096 0.747916
vn 0.505333 0.489542 0.710625
vn 0.463992 0.849341 -0.251657
vn 0.369621 0.927984 0.047186
vn 0.505333 0.489542 0.710625
vn 0.369621 0.927984 0.047186
vn 0.370021 0.551096 0.747916
vn 0.164677 0.980219 -0.109785
vn 0.463992 0.849341 -0.251657
vn 0.841139 0.455944 -0.290861
vn 0.463992 0.849341 -0.251657
vn 0.164677 0.980219 -0.109785
vn 0.369621 0.927984 0.047186
vn 0.284427 -0.142214 0.948091
vn 0.370021 0.551096 0.747916
vn 0.165658 -0.015777 0.986057
vn 0.164677 0.980219 -0.109785
vn 0.841139 0.455944 -0.290861
vn 0.956694 0.258778 0.133310
vn 0.956694 0.258778 0.133310
vn 0.841139 0.455944 -0.290861
vn 0.180644 -0.934635 -0.306309
vn 0.370021 0.551096 0.747916
vn 0.369621 0.927984 0.047186
vn -0.252313 0.938289 0.236543
vn 0.165658 -0.015777 0.986057
vn 0.370021 0.551096 0.747916
vn -0.607468 0.449684 0.654803
vn -0.607468 0.449684 0.654803
vn 0.370021 0.551096 0.747916
vn -0.252313 0.938289 0.236543
vn 0.284427 -0.142214 0.948091
vn 0.165658 -0.015777 0.986057
vn -0.141860 -0.598964 0.788110
vn 0.284427 -0.142214 0.948091
vn -0.141860 -0.598964 0.788110
vn 0.031477 -0.928558 0.369850
vn -0.141860 -0.598964 0.788110
vn 0.165658 -0.015777 0.986057
vn -0.607468 0.449684 0.654803
vn -0.252313 0.938289 0.236543
vn 0.369621 0.927984 0.047186
vn -0.197408 0.963351 0.181615
vn -0.252313 0.938289 0.236543
vn -0.197408 0.963351 0.181615
vn -0.607468 0.449684 0.654803
vn -0.197408 0.963351 0.181615
vn 0.369621 0.927984 0.047186
vn 0.164677 0.980219 -0.109785
vn 0.354760 0.851424 -0.386294
vn 0.164677 0.980219 -0.109785
vn 0.956694 0.258778 0.133310
vn 0.164677 0.980219 -0.109785
vn 0.354760 0.851424 -0.386294
vn -0.197408 0.963351 0.181615
vn 0.031477 -0.928558 0.369850
vn -0.141860 -0.598964 0.788110
vn -0.227614 -0.973245 0.031395
vn 0.031477 -0.928558 0.369850
vn -0.227614 -0.973245 0.031395
vn 0.180644 -0.934635 -0.306309
vn 0.473322 -0.552209 0.686317
vn -0.141860 -0.598964 0.788110
vn -0.607468 0.449684 0.654803
vn -0.141860 -0.598964 0.788110
vn 0.473322 -0.552209 0.686317
vn -0.227614 -0.973245 0.031395
vn -0.007871 0.905147 0.425026
vn -0.607468 0.449684 0.654803
vn -0.197408 0.963351 0.181615
vn -0.607468 0.449684 0.654803
vn -0.007871 0.905147 0.425026
vn 0.473322 -0.552209 0.686317
vn -0.007871 0.905147 0.425026
vn -0.197408 0.963351 0.181615
vn 0.229337 0.933164 0.276786
vn -0.227614 -0.973245 0.031395
vn 0.473322 -0.552209 0.686317
vn -0.276483 -0.947943 0.157991
vn -0.031410 -0.981578 -0.188463
vn 0.180644 -0.934635 -0.306309
vn -0.227614 -0.973245 0.031395
vn -0.031410 -0.981578 -0.188463
vn -0.227614 -0.973245 0.031395
vn -0.276483 -0.947943 0.157991
vn 0.386246 -0.922261 -0.015765
vn 0.956694 0.258778 0.133310
vn 0.180644 -0.934635 -0.306309
vn 0.386246 -0.922261 -0.015765
vn 0.180644 -0.934635 -0.306309
vn -0.031410 -0.981578 -0.188463
vn 0.956694 0.258778 0.133310
vn 0.386246 -0.922261 -0.015765
vn 0.568979 -0.276587 -0.774444
vn 0.956694 0.258778 0.133310
vn 0.568979 -0.276587 -0.774444
vn 0.354760 0.851424 -0.386294
vn 0.568979 -0.276587 -0.774444
vn 0.386246 -0.922261 -0.015765
vn -0.330801 -0.913641 -0.236286
vn -0.330801 -0.913641 -0.236286
vn 0.386246 -0.922261 -0.015765
vn -0.031410 -0.981578 -0.188463
vn 0.354760 0.851424 -0.386294
vn 0.568979 -0.276587 -0.774444
vn -0.039409 -0.110346 -0.993112
vn -0.039409 -0.110346 -0.993112
vn 0.568979 -0.276587 -0.774444
vn -0.330801 -0.913641 -0.236286
vn 0.354760 0.851424 -0.386294
vn -0.039409 -0.110346 -0.993112
vn -0.220227 0.825851 -0.519106
vn -0.039409 -0.110346 -0.993112
vn -0.330801 -0.913641 -0.236286
vn -0.528708 -0.086803 -0.844354
vn -0.039409 -0.110346 -0.993112
vn -0.528708 -0.086803 -0.844354
vn -0.220227 0.825851 -0.519106
vn -0.330801 -0.913641 -0.236286
vn -0.031410 -0.981578 -0.188463
vn -0.346769 -0.851159 -0.394055
vn 0.354760 0.851424 -0.386294
vn -0.220227 0.825851 -0.519106
vn -0.118515 0.987626 0.102713
vn 0.354760 0.851424 -0.386294
vn -0.118515 0.987626 0.102713
vn -0.197408 0.963351 0.181615
vn -0.197408 0.963351 0.181615
vn -0.118515 0.987626 0.102713
vn 0.229337 0.933164 0.276786
vn -0.528708 -0.086803 -0.844354
vn -0.330801 -0.913641 -0.236286
vn -0.876191 -0.410468 -0.252596
vn -0.876191 -0.410468 -0.252596
vn -0.330801 -0.913641 -0.236286
vn -0.346769 -0.851159 -0.394055
vn -0.220227 0.825851 -0.519106
vn -0.528708 -0.086803 -0.844354
vn -0.780690 0.615089 -0.110401
vn -0.780690 0.615089 -0.110401
vn -0.528708 -0.086803 -0.844354
vn -0.876191 -0.410468 -0.252596
vn -0.220227 0.825851 -0.519106
vn -0.780690 0.615089 -0.110401
vn -0.118515 0.987626 0.102713
vn -0.780690 0.615089 -0.110401
vn -0.876191 -0.410468 -0.252596
vn -0.534886 0.684340 -0.495556
vn -0.534886 0.684340 -0.495556
vn -0.876191 -0.410468 -0.252596
vn -0.346769 -0.851159 -0.394055
vn -0.118515 0.987626 0.102713
vn -0.780690 0.615089 -0.110401
vn 0.007872 0.999690 0.023615
vn 0.007872 0.999690 0.023615
vn -0.780690 0.615089 -0.110401
vn -0.534886 0.684340 -0.495556
vn -0.118515 0.987626 0.102713
vn 0.007872 0.999690 0.023615
vn 0.229337 0.933164 0.276786
vn -0.534886 0.684340 -0.495556
vn -0.346769 -0.851159 -0.394055
vn 0.197211 0.307650 -0.930838
vn 0.007872 0.999690 0.023615
vn -0.534886 0.684340 -0.495556
vn 0.339934 0.837977 -0.426894
vn 0.339934 0.837977 -0.426894
vn -0.534886 0.684340 -0.495556
vn 0.197211 0.307650 -0.930838
vn 0.229337 0.933164 0.276786
vn 0.007872 0.999690 0.023615
vn 0.511557 0.849972 0.125922
vn 0.511557 0.849972 0.125922
vn 0.007872 0.999690 0.023615
vn 0.339934 0.837977 -0.426894
vn 0.229337 0.933164 0.276786
vn 0.511557 0.849972 0.125922
vn 0.458115 0.860941 0.221159
vn 0.229337 0.933164 0.276786
vn 0.458115 0.860941 0.221159
vn 0.775777 0.593707 0.213734
vn 0.229337 0.933164 0.276786
vn 0.775777 0.593707 0.213734
vn -0.007871 0.905147 0.425026
vn -0.007871 0.905147 0.425026
vn 0.775777 0.593707 0.213734
vn 0.473322 -0.552209 0.686317
vn 0.775777 0.593707 0.213734
vn 0.458115 0.860941 0.221159
vn 0.636121 0.769628 -0.054973
vn 0.775777 0.593707 0.213734
vn 0.636121 0.769628 -0.054973
vn 0.473322 -0.552209 0.686317
vn 0.458115 0.860941 0.221159
vn 0.511557 0.849972 0.125922
vn 0.086395 0.966051 0.243476
vn 0.458115 0.860941 0.221159
vn 0.086395 0.966051 0.243476
vn 0.636121 0.769628 -0.054973
vn 0.473322 -0.552209 0.686317
vn 0.636121 0.769628 -0.054973
vn 0.936080 -0.314649 -0.157324
vn 0.086395 0.966051 0.243476
vn 0.511557 0.849972 0.125922
vn 0.425738 0.599187 0.678028
vn 0.425738 0.599187 0.678028
vn 0.511557 0.849972 0.125922
vn 0.612561 0.369107 0.698948
vn 0.086395 0.966051 0.243476
vn 0.425738 0.599187 0.678028
vn -0.354485 0.811376 0.464769
vn 0.612561 0.369107 0.698948
vn 0.511557 0.849972 0.125922
vn 0.472866 0.866921 0.157622
vn 0.472866 0.866921 0.157622
vn 0.511557 0.849972 0.125922
vn 0.339934 0.837977 -0.426894
vn 0.425738 0.599187 0.678028
vn 0.612561 0.369107 0.698948
vn 0.220520 0.606431 0.763945
vn 0.425738 0.599187 0.678028
vn 0.220520 0.606431 0.763945
vn -0.354485 0.811376 0.464769
vn 0.612561 0.369107 0.698948
vn 0.472866 0.866921 0.157622
vn 0.126535 0.806658 0.577314
vn 0.472866 0.866921 0.157622
vn 0.339934 0.837977 -0.426894
vn 0.188504 0.981790 -0.023563
vn 0.472866 0.866921 0.157622
vn 0.188504 0.981790 -0.023563
vn 0.126535 0.806658 0.577314
vn 0.612561 0.369107 0.698948
vn 0.126535 0.806658 0.577314
vn 0.101968 0.298060 0.949085
vn 0.126535 0.806658 0.577314
vn 0.188504 0.981790 -0.023563
vn -0.102236 0.943712 0.314571
vn 0.612561 0.369107 0.698948
vn 0.101968 0.298060 0.949085
vn 0.023692 0.694963 0.718655
vn 0.612561 0.369107 0.698948
vn 0.023692 0.694963 0.718655
vn 0.220520 0.606431 0.763945
vn 0.101968 0.298060 0.949085
vn 0.126535 0.806658 0.577314
vn -0.410468 0.599915 0.686745
vn -0.410468 0.599915 0.686745
vn 0.126535 0.806658 0.577314
vn -0.102236 0.943712 0.314571
vn 0.101968 0.298060 0.949085
vn -0.410468 0.599915 0.686745
vn 0.023692 0.694963 0.718655
vn -0.102236 0.943712 0.314571
vn 0.188504 0.981790 -0.023563
vn -0.243634 0.966678 0.078592
vn -0.102236 0.943712 0.314571
vn -0.243634 0.966678 0.078592
vn -0.410468 0.599915 0.686745
vn -0.243634 0.966678 0.078592
vn 0.188504 0.981790 -0.023563
vn 0.031527 0.945821 -0.323155
vn 0.031527 0.945821 -0.323155
vn 0.188504 0.981790 -0.023563
vn 0.339934 0.837977 -0.426894
vn -0.410468 0.599915 0.686745
vn -0.243634 0.966678 0.078592
vn -0.637855 0.740226 0.212618
vn -0.243634 0.966678 0.078592
vn 0.031527 0.945821 -0.323155
vn -0.519814 0.811225 -0.267783
vn -0.243634 0.966678 0.078592
vn -0.519814 0.811225 -0.267783
vn -0.637855 0.740226 0.212618
vn 0.031527 0.945821 -0.323155
vn 0.339934 0.837977 -0.426894
vn -0.189064 0.653847 -0.732624
vn 0.031527 0.945821 -0.323155
vn -0.189064 0.653847 -0.732624
vn -0.519814 0.811225 -0.267783
vn -0.189064 0.653847 -0.732624
vn 0.339934 0.837977 -0.426894
vn 0.197211 0.307650 -0.930838
vn -0.637855 0.740226 0.212618
vn -0.519814 0.811225 -0.267783
vn -0.850789 0.212697 -0.480539
vn -0.850789 0.212697 -0.480539
vn -0.519814 0.811225 -0.267783
vn -0.189064 0.653847 -0.732624
vn -0.410468 0.599915 0.686745
vn -0.637855 0.740226 0.212618
vn -0.493363 0.814441 0.305415
vn -0.410468 0.599915 0.686745
vn -0.493363 0.814441 0.305415
vn 0.023692 0.694963 0.718655
vn -0.637855 0.740226 0.212618
vn -0.850789 0.212697 -0.480539
vn -0.733992 0.678745 -0.023677
vn -0.637855 0.740226 0.212618
vn -0.733992 0.678745 -0.023677
vn -0.493363 0.814441 0.305415
vn -0.850789 0.212697 -0.480539
vn -0.189064 0.653847 -0.732624
vn -0.259521 -0.110100 -0.959441
vn -0.259521 -0.110100 -0.959441
vn -0.189064 0.653847 -0.732624
vn 0.197211 0.307650 -0.930838
vn -0.850789 0.212697 -0.480539
vn -0.259521 -0.110100 -0.959441
vn -0.671795 0.474208 -0.569050
vn -0.850789 0.212697 -0.480539
vn -0.671795 0.474208 -0.569050
vn -0.733992 0.678745 -0.023677
vn -0.259521 -0.110100 -0.959441
vn 0.197211 0.307650 -0.930838
vn -0.039296 0.047155 -0.998114
vn -0.671795 0.474208 -0.569050
vn -0.259521 -0.110100 -0.959441
vn -0.307650 0.197211 -0.930838
vn -0.307650 0.197211 -0.930838
vn -0.259521 -0.110100 -0.959441
vn -0.039296 0.047155 -0.998114
vn -0.039296 0.047155 -0.998114
vn 0.197211 0.307650 -0.930838
vn 0.267352 -0.440345 -0.857099
vn 0.267352 -0.440345 -0.857099
vn 0.197211 0.307650 -0.930838
vn -0.346769 -0.851159 -0.394055
vn -0.307650 0.197211 -0.930838
vn -0.039296 0.047155 -0.998114
vn 0.189565 -0.142174 -0.971520
vn 0.189565 -0.142174 -0.971520
vn -0.039296 0.047155 -0.998114
vn 0.267352 -0.440345 -0.857099
vn 0.267352 -0.440345 -0.857099
vn -0.346769 -0.851159 -0.394055
vn 0.156816 -0.948735 -0.274428
vn 0.267352 -0.440345 -0.857099
vn 0.156816 -0.948735 -0.274428
vn 0.189565 -0.142174 -0.971520
vn 0.156816 -0.948735 -0.274428
vn -0.346769 -0.851159 -0.394055
vn -0.031410 -0.981578 -0.188463
vn -0.307650 0.197211 -0.930838
vn 0.189565 -0.142174 -0.971520
vn -0.346285 0.566648 -0.747661
vn -0.307650 0.197211 -0.930838
vn -0.346285 0.566648 -0.747661
vn -0.671795 0.474208 -0.569050
vn -0.346285 0.566648 -0.747661
vn 0.189565 -0.142174 -0.971520
vn -0.383809 -0.524801 -0.759786
vn -0.383809 -0.524801 -0.759786
vn 0.189565 -0.142174 -0.971520
vn 0.156816 -0.948735 -0.274428
vn -0.671795 0.474208 -0.569050
vn -0.346285 0.566648 -0.747661
vn -0.670623 0.583837 -0.457602
vn -0.670623 0.583837 -0.457602
vn -0.346285 0.566648 -0.747661
vn -0.383809 -0.524801 -0.759786
vn -0.671795 0.474208 -0.569050
vn -0.670623 0.583837 -0.457602
vn -0.733992 0.678745 -0.023677
vn -0.733992 0.678745 -0.023677
vn -0.670623 0.583837 -0.457602
vn -0.519814 0.700961 -0.488310
vn -0.670623 0.583837 -0.457602
vn -0.383809 -0.524801 -0.759786
vn -0.858214 -0.338562 -0.385803
vn -0.670623 0.583837 -0.457602
vn -0.858214 -0.338562 -0.385803
vn -0.519814 0.700961 -0.488310
vn -0.858214 -0.338562 -0.385803
vn -0.383809 -0.524801 -0.759786
vn -0.126251 -0.970552 -0.205157
vn -0.126251 -0.970552 -0.205157
vn -0.383809 -0.524801 -0.759786
vn 0.156816 -0.948735 -0.274428
vn -0.858214 -0.338562 -0.385803
vn -0.126251 -0.970552 -0.205157
vn 0.323065 -0.945556 0.039398
vn -0.733992 0.678745 -0.023677
vn -0.519814 0.700961 -0.488310
vn -0.299287 0.952992 -0.047256
vn -0.733992 0.678745 -0.023677
vn -0.299287 0.952992 -0.047256
vn -0.493363 0.814441 0.305415
vn -0.519814 0.700961 -0.488310
vn -0.858214 -0.338562 -0.385803
vn -0.653219 -0.550908 -0.519428
vn -0.653219 -0.550908 -0.519428
vn -0.858214 -0.338562 -0.385803
vn 0.323065 -0.945556 0.039398
vn -0.519814 0.700961 -0.488310
vn -0.653219 -0.550908 -0.519428
vn -0.386054 0.173330 -0.906046
vn -0.653219 -0.550908 -0.519428
vn 0.323065 -0.945556 0.039398
vn -0.481376 -0.599747 -0.639204
vn -0.653219 -0.550908 -0.519428
vn -0.481376 -0.599747 -0.639204
vn -0.386054 0.173330 -0.906046
vn -0.519814 0.700961 -0.488310
vn -0.386054 0.173330 -0.906046
vn -0.110676 0.924937 -0.363651
vn -0.519814 0.700961 -0.488310
vn -0.110676 0.924937 -0.363651
vn -0.299287 0.952992 -0.047256
vn -0.110676 0.924937 -0.363651
vn -0.386054 0.173330 -0.906046
vn -0.527624 0.834749 -0.157500
vn -0.361790 0.920205 0.149435
vn -0.493363 0.814441 0.305415
vn -0.299287 0.952992 -0.047256
vn -0.386054 0.173330 -0.906046
vn -0.481376 -0.599747 -0.639204
vn -0.935819 0.275241 -0.220193
vn -0.386054 0.173330 -0.906046
vn -0.935819 0.275241 -0.220193
vn -0.527624 0.834749 -0.157500
vn -0.110676 0.924937 -0.363651
vn -0.527624 0.834749 -0.157500
vn -0.267924 0.929855 0.252164
vn -0.267924 0.929855 0.252164
vn -0.527624 0.834749 -0.157500
vn -0.935819 0.275241 -0.220193
vn -0.110676 0.924937 -0.363651
vn -0.267924 0.929855 0.252164
vn -0.299287 0.952992 -0.047256
vn -0.493363 0.814441 0.305415
vn -0.361790 0.920205 0.149435
vn 0.023692 0.694963 0.718655
vn -0.935819 0.275241 -0.220193
vn -0.481376 -0.599747 -0.639204
vn -0.709630 -0.701745 -0.063078
vn -0.709630 -0.701745 -0.063078
vn -0.481376 -0.599747 -0.639204
vn 0.323065 -0.945556 0.039398
vn -0.267924 0.929855 0.252164
vn -0.935819 0.275241 -0.220193
vn -0.851265 0.283755 0.441397
vn -0.851265 0.283755 0.441397
vn -0.935819 0.275241 -0.220193
vn -0.709630 -0.701745 -0.063078
vn -0.709630 -0.701745 -0.063078
vn 0.323065 -0.945556 0.039398
vn -0.386920 -0.679084 0.623810
vn -0.709630 -0.701745 -0.063078
vn -0.386920 -0.679084 0.623810
vn -0.851265 0.283755 0.441397
vn -0.386920 -0.679084 0.623810
vn 0.323065 -0.945556 0.039398
vn -0.496602 -0.551780 0.670019
vn -0.851265 0.283755 0.441397
vn -0.386920 -0.679084 0.623810
vn -0.227614 0.345345 0.910455
vn -0.851265 0.283755 0.441397
vn -0.227614 0.345345 0.910455
vn -0.267924 0.929855 0.252164
vn -0.227614 0.345345 0.910455
vn -0.386920 -0.679084 0.623810
vn -0.496602 -0.551780 0.670019
vn -0.267924 0.929855 0.252164
vn -0.227614 0.345345 0.910455
vn -0.408891 0.864963 0.290942
vn -0.267924 0.929855 0.252164
vn -0.408891 0.864963 0.290942
vn -0.299287 0.952992 -0.047256
vn -0.408891 0.864963 0.290942
vn -0.227614 0.345345 0.910455
vn -0.496602 -0.551780 0.670019
vn -0.299287 0.952992 -0.047256
vn -0.408891 0.864963 0.290942
vn -0.361790 0.920205 0.149435
vn -0.496602 -0.551780 0.670019
vn 0.323065 -0.945556 0.039398
vn -0.126251 -0.970552 -0.205157
vn -0.496602 -0.551780 0.670019
vn -0.126251 -0.970552 -0.205157
vn -0.110322 -0.961375 0.252164
vn -0.408891 0.864963 0.290942
vn -0.496602 -0.551780 0.670019
vn -0.630488 0.677775 0.378293
vn -0.408891 0.864963 0.290942
vn -0.630488 0.677775 0.378293
vn -0.361790 0.920205 0.149435
vn -0.630488 0.677775 0.378293
vn -0.496602 -0.551780 0.670019
vn -0.739974 -0.385731 0.551044
vn -0.739974 -0.385731 0.551044
vn -0.496602 -0.551780 0.670019
vn -0.110322 -0.961375 0.252164
vn -0.630488 0.677775 0.378293
vn -0.739974 -0.385731 0.551044
vn -0.149035 0.031376 0.988334
vn -0.149035 0.031376 0.988334
vn -0.739974 -0.385731 0.551044
vn -0.110322 -0.961375 0.252164
vn -0.110322 -0.961375 0.252164
vn -0.126251 -0.970552 -0.205157
vn 0.156816 -0.948735 -0.274428
vn -0.630488 0.677775 0.378293
vn -0.149035 0.031376 0.988334
vn 0.173057 0.676495 0.715826
vn -0.630488 0.677775 0.378293
vn 0.173057 0.676495 0.715826
vn -0.361790 0.920205 0.149435
vn -0.361790 0.920205 0.149435
vn 0.173057 0.676495 0.715826
vn 0.197138 0.875292 0.441589
vn -0.361790 0.920205 0.149435
vn 0.197138 0.875292 0.441589
vn 0.023692 0.694963 0.718655
vn 0.023692 0.694963 0.718655
vn 0.197138 0.875292 0.441589
vn 0.300210 0.734725 0.608320
vn 0.300210 0.734725 0.608320
vn 0.197138 0.875292 0.441589
vn 0.173057 0.676495 0.715826
vn 0.023692 0.694963 0.718655
vn 0.300210 0.734725 0.608320
vn 0.220520 0.606431 0.763945
vn 0.173057 0.676495 0.715826
vn -0.149035 0.031376 0.988334
vn 0.267584 0.330545 0.905063
vn 0.173057 0.676495 0.715826
vn 0.267584 0.330545 0.905063
vn 0.300210 0.734725 0.608320
vn 0.220520 0.606431 0.763945
vn 0.300210 0.734725 0.608320
vn 0.172998 0.613356 0.770627
vn 0.172998 0.613356 0.770627
vn 0.300210 0.734725 0.608320
vn 0.267584 0.330545 0.905063
vn 0.220520 0.606431 0.763945
vn 0.172998 0.613356 0.770627
vn 0.322735 0.653341 0.684827
vn 0.267584 0.330545 0.905063
vn -0.149035 0.031376 0.988334
vn 0.094383 -0.700007 0.707872
vn 0.094383 -0.700007 0.707872
vn -0.149035 0.031376 0.988334
vn -0.110322 -0.961375 0.252164
vn 0.172998 0.613356 0.770627
vn 0.267584 0.330545 0.905063
vn 0.117844 0.502800 0.856332
vn 0.094383 -0.700007 0.707872
vn -0.110322 -0.961375 0.252164
vn 0.007849 -0.996884 -0.078495
vn 0.172998 0.613356 0.770627
vn 0.117844 0.502800 0.856332
vn 0.283193 0.723714 0.629317
vn 0.172998 0.613356 0.770627
vn 0.283193 0.723714 0.629317
vn 0.322735 0.653341 0.684827
vn 0.117844 0.502800 0.856332
vn 0.267584 0.330545 0.905063
vn -0.039473 -0.094735 0.994720
vn -0.039473 -0.094735 0.994720
vn 0.267584 0.330545 0.905063
vn 0.094383 -0.700007 0.707872
vn 0.283193 0.723714 0.629317
vn 0.117844 0.502800 0.856332
vn 0.386727 0.449866 0.805024
vn 0.386727 0.449866 0.805024
vn 0.117844 0.502800 0.856332
vn -0.039473 -0.094735 0.994720
vn 0.283193 0.723714 0.629317
vn 0.386727 0.449866 0.805024
vn 0.727233 0.426854 0.537520
vn 0.283193 0.723714 0.629317
vn 0.727233 0.426854 0.537520
vn 0.322735 0.653341 0.684827
vn 0.386727 0.449866 0.805024
vn -0.039473 -0.094735 0.994720
vn 0.455916 -0.518801 0.723177
vn -0.039473 -0.094735 0.994720
vn 0.094383 -0.700007 0.707872
vn 0.078809 -0.977227 0.197021
vn -0.039473 -0.094735 0.994720
vn 0.078809 -0.977227 0.197021
vn 0.455916 -0.518801 0.723177
vn 0.078809 -0.977227 0.197021
vn 0.094383 -0.700007 0.707872
vn 0.007849 -0.996884 -0.078495
vn 0.386727 0.449866 0.805024
vn 0.455916 -0.518801 0.723177
vn 0.837498 -0.430490 0.336565
vn 0.386727 0.449866 0.805024
vn 0.837498 -0.430490 0.336565
vn 0.727233 0.426854 0.537520
vn 0.837498 -0.430490 0.336565
vn 0.455916 -0.518801 0.723177
vn 0.078809 -0.977227 0.197021
vn 0.727233 0.426854 0.537520
vn 0.837498 -0.430490 0.336565
vn 0.322735 0.653341 0.684827
vn 0.078809 -0.977227 0.197021
vn 0.007849 -0.996884 -0.078495
vn 0.346930 -0.930404 -0.118272
vn 0.078809 -0.977227 0.197021
vn 0.346930 -0.930404 -0.118272
vn 0.837498 -0.430490 0.336565
vn 0.346930 -0.930404 -0.118272
vn 0.007849 -0.996884 -0.078495
vn 0.205113 -0.978230 -0.031556
vn 0.346930 -0.930404 -0.118272
vn 0.205113 -0.978230 -0.031556
vn 0.837498 -0.430490 0.336565
vn 0.322735 0.653341 0.684827
vn 0.837498 -0.430490 0.336565
vn 0.833406 -0.424566 0.353805
vn 0.833406 -0.424566 0.353805
vn 0.837498 -0.430490 0.336565
vn 0.205113 -0.978230 -0.031556
vn 0.322735 0.653341 0.684827
vn 0.833406 -0.424566 0.353805
vn -0.315029 -0.622182 0.716691
vn -0.315029 -0.622182 0.716691
vn 0.833406 -0.424566 0.353805
vn 0.205113 -0.978230 -0.031556
vn 0.205113 -0.978230 -0.031556
vn 0.007849 -0.996884 -0.078495
vn 0.156816 -0.948735 -0.274428
vn 0.156816 -0.948735 -0.274428
vn 0.007849 -0.996884 -0.078495
vn -0.110322 -0.961375 0.252164
vn 0.205113 -0.978230 -0.031556
vn 0.156816 -0.948735 -0.274428
vn 0.307163 -0.834853 0.456806
vn 0.205113 -0.978230 -0.031556
vn 0.307163 -0.834853 0.456806
vn -0.315029 -0.622182 0.716691
vn 0.307163 -0.834853 0.456806
vn 0.156816 -0.948735 -0.274428
vn 0.569887 -0.815255 0.102896
vn 0.569887 -0.815255 0.102896
vn 0.156816 -0.948735 -0.274428
vn -0.031410 -0.981578 -0.188463
vn 0.569887 -0.815255 0.102896
vn -0.031410 -0.981578 -0.188463
vn -0.276483 -0.947943 0.157991
vn 0.569887 -0.815255 0.102896
vn -0.276483 -0.947943 0.157991
vn 0.473322 -0.552209 0.686317
vn 0.569887 -0.815255 0.102896
vn 0.473322 -0.552209 0.686317
vn 0.936080 -0.314649 -0.157324
vn 0.569887 -0.815255 0.102896
vn 0.936080 -0.314649 -0.157324
vn 0.307163 -0.834853 0.456806
vn 0.307163 -0.834853 0.456806
vn 0.936080 -0.314649 -0.157324
vn 0.402951 -0.813803 0.418753
vn 0.307163 -0.834853 0.456806
vn 0.402951 -0.813803 0.418753
vn -0.315029 -0.622182 0.716691
vn 0.402951 -0.813803 0.418753
vn 0.936080 -0.314649 -0.157324
vn 0.846730 -0.490629 -0.205747
vn 0.846730 -0.490629 -0.205747
vn 0.936080 -0.314649 -0.157324
vn 0.810597 0.440713 -0.385624
vn 0.810597 0.440713 -0.385624
vn 0.936080 -0.314649 -0.157324
vn 0.636121 0.769628 -0.054973
vn 0.402951 -0.813803 0.418753
vn 0.846730 -0.490629 -0.205747
vn 0.560709 -0.694963 0.450147
vn 0.810597 0.440713 -0.385624
vn 0.636121 0.769628 -0.054973
vn 0.267924 0.961375 0.063041
vn 0.267924 0.961375 0.063041
vn 0.636121 0.769628 -0.054973
vn 0.086395 0.966051 0.243476
vn 0.846730 -0.490629 -0.205747
vn 0.810597 0.440713 -0.385624
vn 0.803374 0.362306 0.472573
vn 0.803374 0.362306 0.472573
vn 0.810597 0.440713 -0.385624
vn 0.267924 0.961375 0.063041
vn 0.846730 -0.490629 -0.205747
vn 0.803374 0.362306 0.472573
vn 0.560709 -0.694963 0.450147
vn 0.267924 0.961375 0.063041
vn 0.086395 0.966051 0.243476
vn -0.442650 0.750924 0.490076
vn 0.267924 0.961375 0.063041
vn -0.442650 0.750924 0.490076
vn 0.803374 0.362306 0.472573
vn -0.442650 0.750924 0.490076
vn 0.086395 0.966051 0.243476
vn -0.354485 0.811376 0.464769
vn 0.560709 -0.694963 0.450147
vn 0.803374 0.362306 0.472573
vn 0.290762 0.235753 0.927296
vn 0.290762 0.235753 0.927296
vn 0.803374 0.362306 0.472573
vn -0.442650 0.750924 0.490076
vn -0.165349 -0.669271 0.724387
vn 0.402951 -0.813803 0.418753
vn 0.560709 -0.694963 0.450147
vn -0.165349 -0.669271 0.724387
vn 0.560709 -0.694963 0.450147
vn 0.290762 0.235753 0.927296
vn 0.402951 -0.813803 0.418753
vn -0.165349 -0.669271 0.724387
vn -0.315029 -0.622182 0.716691
vn 0.290762 0.235753 0.927296
vn -0.442650 0.750924 0.490076
vn -0.733718 -0.149899 0.662713
vn 0.290762 0.235753 0.927296
vn -0.733718 -0.149899 0.662713
vn -0.165349 -0.669271 0.724387
vn -0.165349 -0.669271 0.724387
vn -0.733718 -0.149899 0.662713
vn -0.315029 -0.622182 0.716691
vn -0.733718 -0.149899 0.662713
vn -0.442650 0.750924 0.490076
vn -0.354485 0.811376 0.464769
vn -0.733718 -0.149899 0.662713
vn -0.354485 0.811376 0.464769
vn -0.315029 -0.622182 0.716691
vn -0.315029 -0.622182 0.716691
vn -0.354485 0.811376 0.464769
vn 0.322735 0.653341 0.684827
vn 0.322735 0.653341 0.684827
vn -0.354485 0.811376 0.464769
vn 0.220520 0.606431 0.763945
vn 0.197377 -0.844775 0.497391
vn 0.203973 -0.972796 0.109832
vn 0.480957 -0.654416 0.583456
vn 0.480957 -0.654416 0.583456
vn 0.203973 -0.972796 0.109832
vn 0.623111 -0.725648 0.291837
vn 0.197377 -0.844775 0.497391
vn 0.480957 -0.654416 0.583456
vn 0.615032 0.220781 0.756962
vn 0.203973 -0.972796 0.109832
vn 0.197377 -0.844775 0.497391
vn 0.000000 -1.000000 0.000000
vn 0.480957 -0.654416 0.583456
vn 0.623111 -0.725648 0.291837
vn 0.757386 0.134120 0.639045
vn 0.623111 -0.725648 0.291837
vn 0.203973 -0.972796 0.109832
vn 0.212796 -0.890592 -0.401949
vn 0.480957 -0.654416 0.583456
vn 0.757386 0.134120 0.639045
vn 0.487705 0.464107 0.739424
vn 0.480957 -0.654416 0.583456
vn 0.487705 0.464107 0.739424
vn 0.615032 0.220781 0.756962
vn 0.487705 0.464107 0.739424
vn 0.757386 0.134120 0.639045
vn 0.220445 0.866034 0.448763
vn 0.615032 0.220781 0.756962
vn 0.487705 0.464107 0.739424
vn 0.197211 0.930838 0.307650
vn 0.197211 0.930838 0.307650
vn 0.487705 0.464107 0.739424
vn 0.220445 0.866034 0.448763
vn 0.220445 0.866034 0.448763
vn 0.757386 0.134120 0.639045
vn 0.379556 0.925169 0.000000
vn 0.220445 0.866034 0.448763
vn 0.379556 0.925169 0.000000
vn 0.197211 0.930838 0.307650
vn 0.888306 0.455944 -0.055028
vn 0.757386 0.134120 0.639045
vn 0.623111 -0.725648 0.291837
vn 0.757386 0.134120 0.639045
vn 0.888306 0.455944 -0.055028
vn 0.379556 0.925169 0.000000
vn 0.888306 0.455944 -0.055028
vn 0.623111 -0.725648 0.291837
vn 0.866034 -0.448763 -0.220445
vn 0.866034 -0.448763 -0.220445
vn 0.623111 -0.725648 0.291837
vn 0.212796 -0.890592 -0.401949
vn 0.888306 0.455944 -0.055028
vn 0.866034 -0.448763 -0.220445
vn 0.591413 0.126168 -0.796437
vn 0.591413 0.126168 -0.796437
vn 0.866034 -0.448763 -0.220445
vn 0.212796 -0.890592 -0.401949
vn 0.379556 0.925169 0.000000
vn 0.888306 0.455944 -0.055028
vn 0.645090 0.763094 -0.039335
vn 0.645090 0.763094 -0.039335
vn 0.888306 0.455944 -0.055028
vn 0.591413 0.126168 -0.796437
vn 0.591413 0.126168 -0.796437
vn 0.212796 -0.890592 -0.401949
vn 0.707609 -0.581812 -0.400979
vn 0.591413 0.126168 -0.796437
vn 0.707609 -0.581812 -0.400979
vn 0.645090 0.763094 -0.039335
vn 0.039296 -0.990255 -0.133606
vn 0.212796 -0.890592 -0.401949
vn 0.203973 -0.972796 0.109832
vn 0.212796 -0.890592 -0.401949
vn 0.039296 -0.990255 -0.133606
vn 0.707609 -0.581812 -0.400979
vn 0.039296 -0.990255 -0.133606
vn 0.203973 -0.972796 0.109832
vn 0.000000 -1.000000 0.000000
vn 0.707609 -0.581812 -0.400979
vn 0.039296 -0.990255 -0.133606
vn 0.702073 -0.709961 -0.055219
vn 0.702073 -0.709961 -0.055219
vn 0.039296 -0.990255 -0.133606
vn 0.000000 -1.000000 0.000000
vn 0.645090 0.763094 -0.039335
vn 0.707609 -0.581812 -0.400979
vn 0.853149 0.442373 0.276483
vn 0.707609 -0.581812 -0.400979
vn 0.702073 -0.709961 -0.055219
vn 0.907088 0.410162 -0.094653
vn 0.707609 -0.581812 -0.400979
vn 0.907088 0.410162 -0.094653
vn 0.853149 0.442373 0.276483
vn 0.645090 0.763094 -0.039335
vn 0.853149 0.442373 0.276483
vn 0.709630 0.701745 0.063078
vn 0.645090 0.763094 -0.039335
vn 0.709630 0.701745 0.063078
vn 0.379556 0.925169 0.000000
vn 0.853149 0.442373 0.276483
vn 0.907088 0.410162 -0.094653
vn 0.339934 0.901221 0.268785
vn 0.853149 0.442373 0.276483
vn 0.339934 0.901221 0.268785
vn 0.709630 0.701745 0.063078
vn 0.907088 0.410162 -0.094653
vn 0.702073 -0.709961 -0.055219
vn 0.762834 -0.487585 -0.424671
vn 0.762834 -0.487585 -0.424671
vn 0.702073 -0.709961 -0.055219
vn 0.165802 -0.979022 0.118430
vn 0.165802 -0.979022 0.118430
vn 0.702073 -0.709961 -0.055219
vn 0.000000 -1.000000 0.000000
vn 0.907088 0.410162 -0.094653
vn 0.762834 -0.487585 -0.424671
vn 0.739310 0.259545 -0.621335
vn 0.339934 0.901221 0.268785
vn 0.907088 0.410162 -0.094653
vn 0.251836 0.936514 -0.243966
vn 0.251836 0.936514 -0.243966
vn 0.907088 0.410162 -0.094653
vn 0.739310 0.259545 -0.621335
vn 0.739310 0.259545 -0.621335
vn 0.762834 -0.487585 -0.424671
vn 0.807303 -0.509463 -0.297840
vn 0.807303 -0.509463 -0.297840
vn 0.762834 -0.487585 -0.424671
vn 0.165802 -0.979022 0.118430
vn 0.251836 0.936514 -0.243966
vn 0.739310 0.259545 -0.621335
vn 0.290969 0.597666 -0.747083
vn 0.739310 0.259545 -0.621335
vn 0.807303 -0.509463 -0.297840
vn 0.764895 0.410047 -0.496787
vn 0.739310 0.259545 -0.621335
vn 0.764895 0.410047 -0.496787
vn 0.290969 0.597666 -0.747083
vn 0.764895 0.410047 -0.496787
vn 0.807303 -0.509463 -0.297840
vn 0.863363 0.133429 0.486623
vn 0.339934 0.901221 0.268785
vn 0.251836 0.936514 -0.243966
vn 0.551250 0.787499 -0.275625
vn 0.339934 0.901221 0.268785
vn 0.551250 0.787499 -0.275625
vn 0.709630 0.701745 0.063078
vn 0.251836 0.936514 -0.243966
vn 0.290969 0.597666 -0.747083
vn 0.165267 0.731898 -0.661069
vn 0.251836 0.936514 -0.243966
vn 0.165267 0.731898 -0.661069
vn 0.551250 0.787499 -0.275625
vn 0.290969 0.597666 -0.747083
vn 0.764895 0.410047 -0.496787
vn 0.102308 0.794857 -0.598110
vn 0.290969 0.597666 -0.747083
vn 0.102308 0.794857 -0.598110
vn 0.165267 0.731898 -0.661069
vn 0.764895 0.410047 -0.496787
vn 0.863363 0.133429 0.486623
vn 0.777290 0.549599 -0.306205
vn 0.764895 0.410047 -0.496787
vn 0.777290 0.549599 -0.306205
vn 0.102308 0.794857 -0.598110
vn 0.729171 -0.650765 0.211695
vn 0.863363 0.133429 0.486623
vn 0.807303 -0.509463 -0.297840
vn 0.863363 0.133429 0.486623
vn 0.729171 -0.650765 0.211695
vn 0.777290 0.549599 -0.306205
vn 0.729171 -0.650765 0.211695
vn 0.807303 -0.509463 -0.297840
vn 0.165802 -0.979022 0.118430
vn 0.102308 0.794857 -0.598110
vn 0.777290 0.549599 -0.306205
vn -0.023632 0.512033 -0.858640
vn 0.777290 0.549599 -0.306205
vn 0.729171 -0.650765 0.211695
vn 0.739310 -0.259545 -0.621335
vn 0.777290 0.549599 -0.306205
vn 0.739310 -0.259545 -0.621335
vn -0.023632 0.512033 -0.858640
vn 0.739310 -0.259545 -0.621335
vn 0.729171 -0.650765 0.211695
vn 0.204979 -0.961823 -0.181327
vn 0.204979 -0.961823 -0.181327
vn 0.729171 -0.650765 0.211695
vn 0.165802 -0.979022 0.118430
vn -0.023632 0.512033 -0.858640
vn 0.739310 -0.259545 -0.621335
vn -0.023651 -0.323226 -0.946026
vn -0.023651 -0.323226 -0.946026
vn 0.739310 -0.259545 -0.621335
vn 0.204979 -0.961823 -0.181327
vn 0.102308 0.794857 -0.598110
vn -0.023632 0.512033 -0.858640
vn -0.015734 0.180940 -0.983368
vn -0.015734 0.180940 -0.983368
vn -0.023632 0.512033 -0.858640
vn -0.023651 -0.323226 -0.946026
vn -0.023651 -0.323226 -0.946026
vn 0.204979 -0.961823 -0.181327
vn -0.622182 -0.630058 -0.464668
vn -0.622182 -0.630058 -0.464668
vn 0.204979 -0.961823 -0.181327
vn 0.165802 -0.979022 0.118430
vn -0.023651 -0.323226 -0.946026
vn -0.622182 -0.630058 -0.464668
vn -0.015734 0.180940 -0.983368
vn 0.102308 0.794857 -0.598110
vn -0.015734 0.180940 -0.983368
vn 0.211812 0.721730 -0.658970
vn 0.102308 0.794857 -0.598110
vn 0.211812 0.721730 -0.658970
vn 0.165267 0.731898 -0.661069
vn -0.015734 0.180940 -0.983368
vn -0.622182 -0.630058 -0.464668
vn -0.149923 -0.899536 -0.410315
vn -0.149923 -0.899536 -0.410315
vn -0.622182 -0.630058 -0.464668
vn 0.165802 -0.979022 0.118430
vn 0.211812 0.721730 -0.658970
vn -0.015734 0.180940 -0.983368
vn -0.015711 0.188533 -0.981941
vn -0.015711 0.188533 -0.981941
vn -0.015734 0.180940 -0.983368
vn -0.149923 -0.899536 -0.410315
vn 0.165267 0.731898 -0.661069
vn 0.211812 0.721730 -0.658970
vn -0.385731 0.739974 -0.551044
vn -0.385731 0.739974 -0.551044
vn 0.211812 0.721730 -0.658970
vn -0.015711 0.188533 -0.981941
vn -0.149923 -0.899536 -0.410315
vn 0.165802 -0.979022 0.118430
vn -0.039175 -0.908861 -0.415255
vn -0.039175 -0.908861 -0.415255
vn 0.165802 -0.979022 0.118430
vn 0.000000 -1.000000 0.000000
vn -0.015711 0.188533 -0.981941
vn -0.149923 -0.899536 -0.410315
vn -0.448902 -0.338646 -0.826926
vn -0.448902 -0.338646 -0.826926
vn -0.149923 -0.899536 -0.410315
vn -0.039175 -0.908861 -0.415255
vn -0.385731 0.739974 -0.551044
vn -0.015711 0.188533 -0.981941
vn 0.150016 0.884306 -0.442153
vn 0.150016 0.884306 -0.442153
vn -0.015711 0.188533 -0.981941
vn -0.448902 -0.338646 -0.826926
vn 0.165267 0.731898 -0.661069
vn -0.385731 0.739974 -0.551044
vn -0.354925 0.828159 -0.433798
vn -0.354925 0.828159 -0.433798
vn -0.385731 0.739974 -0.551044
vn 0.150016 0.884306 -0.442153
vn -0.448902 -0.338646 -0.826926
vn -0.039175 -0.908861 -0.415255
vn -0.023613 -0.999597 0.015742
vn -0.023613 -0.999597 0.015742
vn -0.039175 -0.908861 -0.415255
vn 0.000000 -1.000000 0.000000
vn -0.448902 -0.338646 -0.826926
vn -0.023613 -0.999597 0.015742
vn 0.362835 -0.678344 -0.638905
vn -0.448902 -0.338646 -0.826926
vn 0.362835 -0.678344 -0.638905
vn 0.150016 0.884306 -0.442153
vn -0.023613 -0.999597 0.015742
vn 0.000000 -1.000000 0.000000
vn -0.741146 -0.654416 0.149806
vn 0.150016 0.884306 -0.442153
vn 0.362835 -0.678344 -0.638905
vn 0.919551 0.000000 -0.392971
vn 0.165267 0.731898 -0.661069
vn -0.354925 0.828159 -0.433798
vn 0.164819 0.447365 -0.879033
vn 0.165267 0.731898 -0.661069
vn 0.164819 0.447365 -0.879033
vn 0.551250 0.787499 -0.275625
vn 0.551250 0.787499 -0.275625
vn 0.164819 0.447365 -0.879033
vn 0.643975 0.400521 -0.651828
vn 0.551250 0.787499 -0.275625
vn 0.643975 0.400521 -0.651828
vn 0.709630 0.701745 0.063078
vn 0.643975 0.400521 -0.651828
vn 0.164819 0.447365 -0.879033
vn 0.094293 0.974356 -0.204300
vn 0.709630 0.701745 0.063078
vn 0.643975 0.400521 -0.651828
vn 0.787499 0.606374 -0.110250
vn 0.787499 0.606374 -0.110250
vn 0.643975 0.400521 -0.651828
vn 0.094293 0.974356 -0.204300
vn 0.094293 0.974356 -0.204300
vn 0.164819 0.447365 -0.879033
vn -0.368869 0.776979 -0.510137
vn -0.368869 0.776979 -0.510137
vn 0.164819 0.447365 -0.879033
vn -0.354925 0.828159 -0.433798
vn 0.787499 0.606374 -0.110250
vn 0.094293 0.974356 -0.204300
vn -0.055029 0.990531 0.125782
vn 0.094293 0.974356 -0.204300
vn -0.368869 0.776979 -0.510137
vn -0.560080 0.804623 0.197211
vn 0.094293 0.974356 -0.204300
vn -0.560080 0.804623 0.197211
vn -0.055029 0.990531 0.125782
vn -0.368869 0.776979 -0.510137
vn -0.354925 0.828159 -0.433798
vn -0.535101 0.834129 -0.133775
vn -0.368869 0.776979 -0.510137
vn -0.535101 0.834129 -0.133775
vn -0.560080 0.804623 0.197211
vn 0.581291 0.809095 0.086408
vn 0.709630 0.701745 0.063078
vn 0.787499 0.606374 -0.110250
vn 0.581291 0.809095 0.086408
vn 0.787499 0.606374 -0.110250
vn -0.055029 0.990531 0.125782
vn 0.709630 0.701745 0.063078
vn 0.581291 0.809095 0.086408
vn 0.623576 0.765657 0.157867
vn 0.709630 0.701745 0.063078
vn 0.623576 0.765657 0.157867
vn 0.379556 0.925169 0.000000
vn 0.379556 0.925169 0.000000
vn 0.623576 0.765657 0.157867
vn 0.197211 0.930838 0.307650
vn 0.197211 0.930838 0.307650
vn 0.623576 0.765657 0.157867
vn 0.425039 0.724140 0.543105
vn 0.197211 0.930838 0.307650
vn 0.425039 0.724140 0.543105
vn 0.615032 0.220781 0.756962
vn 0.623576 0.765657 0.157867
vn 0.581291 0.809095 0.086408
vn 0.795646 0.567193 0.212697
vn 0.623576 0.765657 0.157867
vn 0.795646 0.567193 0.212697
vn 0.425039 0.724140 0.543105
vn 0.581291 0.809095 0.086408
vn -0.055029 0.990531 0.125782
vn 0.118519 0.884940 0.450371
vn 0.581291 0.809095 0.086408
vn 0.118519 0.884940 0.450371
vn 0.795646 0.567193 0.212697
vn 0.118519 0.884940 0.450371
vn -0.055029 0.990531 0.125782
vn -0.560080 0.804623 0.197211
vn 0.425039 0.724140 0.543105
vn 0.795646 0.567193 0.212697
vn 0.244809 0.339574 0.908162
vn 0.244809 0.339574 0.908162
vn 0.795646 0.567193 0.212697
vn 0.118519 0.884940 0.450371
vn 0.031500 0.173250 0.984374
vn 0.615032 0.220781 0.756962
vn 0.425039 0.724140 0.543105
vn 0.615032 0.220781 0.756962
vn 0.031500 0.173250 0.984374
vn 0.197377 -0.844775 0.497391
vn 0.425039 0.724140 0.543105
vn 0.244809 0.339574 0.908162
vn -0.188877 0.448583 0.873556
vn 0.425039 0.724140 0.543105
vn -0.188877 0.448583 0.873556
vn 0.031500 0.173250 0.984374
vn 0.244809 0.339574 0.908162
vn 0.118519 0.884940 0.450371
vn -0.465245 0.402161 0.788551
vn -0.465245 0.402161 0.788551
vn 0.118519 0.884940 0.450371
vn -0.560080 0.804623 0.197211
vn 0.244809 0.339574 0.908162
vn -0.465245 0.402161 0.788551
vn -0.188877 0.448583 0.873556
vn -0.465245 0.402161 0.788551
vn -0.560080 0.804623 0.197211
vn -0.670623 0.646954 0.362925
vn -0.188877 0.448583 0.873556
vn -0.465245 0.402161 0.788551
vn -0.645090 0.369746 0.668690
vn -0.645090 0.369746 0.668690
vn -0.465245 0.402161 0.788551
vn -0.670623 0.646954 0.362925
vn -0.670623 0.646954 0.362925
vn -0.560080 0.804623 0.197211
vn -0.535101 0.834129 -0.133775
vn -0.344624 -0.767572 0.540433
vn 0.197377 -0.844775 0.497391
vn 0.031500 0.173250 0.984374
vn -0.434338 0.386956 0.813397
vn 0.031500 0.173250 0.984374
vn -0.188877 0.448583 0.873556
vn -0.434338 0.386956 0.813397
vn -0.188877 0.448583 0.873556
vn -0.645090 0.369746 0.668690
vn 0.031500 0.173250 0.984374
vn -0.434338 0.386956 0.813397
vn -0.344624 -0.767572 0.540433
vn 0.197377 -0.844775 0.497391
vn -0.344624 -0.767572 0.540433
vn 0.000000 -1.000000 0.000000
vn -0.434338 0.386956 0.813397
vn -0.645090 0.369746 0.668690
vn -0.758947 -0.316228 0.569210
vn -0.434338 0.386956 0.813397
vn -0.758947 -0.316228 0.569210
vn -0.344624 -0.767572 0.540433
vn -0.344624 -0.767572 0.540433
vn -0.758947 -0.316228 0.569210
vn -0.567140 -0.685294 0.456863
vn -0.344624 -0.767572 0.540433
vn -0.567140 -0.685294 0.456863
vn 0.000000 -1.000000 0.000000
vn -0.567140 -0.685294 0.456863
vn -0.758947 -0.316228 0.569210
vn -0.645090 0.369746 0.668690
vn 0.000000 -1.000000 0.000000
vn -0.567140 -0.685294 0.456863
vn -0.741146 -0.654416 0.149806
vn -0.567140 -0.685294 0.456863
vn -0.645090 0.369746 0.668690
vn -0.614726 -0.031524 0.788110
vn -0.614726 -0.031524 0.788110
vn -0.645090 0.369746 0.668690
vn -0.670623 0.646954 0.362925
vn -0.567140 -0.685294 0.456863
vn -0.614726 -0.031524 0.788110
vn -0.741146 -0.654416 0.149806
vn -0.614726 -0.031524 0.788110
vn -0.670623 0.646954 0.362925
vn -0.828314 0.299771 0.473322
vn -0.614726 -0.031524 0.788110
vn -0.828314 0.299771 0.473322
vn -0.741146 -0.654416 0.149806
vn -0.828314 0.299771 0.473322
vn -0.670623 0.646954 0.362925
vn -0.535101 0.834129 -0.133775
vn -0.741146 -0.654416 0.149806
vn -0.828314 0.299771 0.473322
vn -0.904811 0.409132 -0.118019
vn -0.904811 0.409132 -0.118019
vn -0.828314 0.299771 0.473322
vn -0.535101 0.834129 -0.133775
vn -0.741146 -0.654416 0.149806
vn -0.904811 0.409132 -0.118019
vn -0.510263 -0.714368 0.478862
vn -0.904811 0.409132 -0.118019
vn -0.535101 0.834129 -0.133775
vn -0.260060 0.929913 0.260060
vn -0.904811 0.409132 -0.118019
vn -0.260060 0.929913 0.260060
vn -0.510263 -0.714368 0.478862
vn -0.741146 -0.654416 0.149806
vn -0.510263 -0.714368 0.478862
vn -0.023613 -0.999597 0.015742
vn -0.260060 0.929913 0.260060
vn -0.535101 0.834129 -0.133775
vn -0.354925 0.828159 -0.433798
vn -0.023613 -0.999597 0.015742
vn -0.510263 -0.714368 0.478862
vn 0.173535 -0.804573 0.567934
vn 0.173535 -0.804573 0.567934
vn -0.510263 -0.714368 0.478862
vn 0.102560 0.370792 0.923036
vn 0.102560 0.370792 0.923036
vn -0.510263 -0.714368 0.478862
vn -0.260060 0.929913 0.260060
vn -0.023613 -0.999597 0.015742
vn 0.173535 -0.804573 0.567934
vn 0.063220 -0.987811 0.142245
vn -0.260060 0.929913 0.260060
vn -0.354925 0.828159 -0.433798
vn 0.000000 0.999721 0.023615
vn 0.000000 0.999721 0.023615
vn -0.354925 0.828159 -0.433798
vn 0.150016 0.884306 -0.442153
vn 0.000000 0.999721 0.023615
vn 0.150016 0.884306 -0.442153
vn 0.410724 0.868839 -0.276449
vn -0.260060 0.929913 0.260060
vn 0.000000 0.999721 0.023615
vn 0.180739 0.950842 0.251462
vn 0.180739 0.950842 0.251462
vn 0.000000 0.999721 0.023615
vn 0.410724 0.868839 -0.276449
vn -0.260060 0.929913 0.260060
vn 0.180739 0.950842 0.251462
vn 0.015765 0.969557 0.244360
vn -0.260060 0.929913 0.260060
vn 0.015765 0.969557 0.244360
vn 0.102560 0.370792 0.923036
vn 0.015765 0.969557 0.244360
vn 0.180739 0.950842 0.251462
vn 0.109872 0.957459 -0.266833
vn 0.109872 0.957459 -0.266833
vn 0.180739 0.950842 0.251462
vn 0.410724 0.868839 -0.276449
vn 0.410724 0.868839 -0.276449
vn 0.150016 0.884306 -0.442153
vn 0.919551 0.000000 -0.392971
vn 0.410724 0.868839 -0.276449
vn 0.919551 0.000000 -0.392971
vn 0.636121 0.054973 -0.769628
vn 0.109872 0.957459 -0.266833
vn 0.410724 0.868839 -0.276449
vn 0.203886 0.635182 -0.744966
vn 0.203886 0.635182 -0.744966
vn 0.410724 0.868839 -0.276449
vn 0.636121 0.054973 -0.769628
vn 0.015765 0.969557 0.244360
vn 0.109872 0.957459 -0.266833
vn -0.133507 0.934549 -0.329841
vn -0.133507 0.934549 -0.329841
vn 0.109872 0.957459 -0.266833
vn 0.203886 0.635182 -0.744966
vn 0.203886 0.635182 -0.744966
vn 0.636121 0.054973 -0.769628
vn 0.536115 0.709564 -0.457274
vn 0.536115 0.709564 -0.457274
vn 0.636121 0.054973 -0.769628
vn 0.919551 0.000000 -0.392971
vn -0.133507 0.934549 -0.329841
vn 0.203886 0.635182 -0.744966
vn -0.173293 0.496248 -0.850710
vn 0.015765 0.969557 0.244360
vn -0.133507 0.934549 -0.329841
vn -0.299538 0.922261 0.244360
vn 0.015765 0.969557 0.244360
vn -0.299538 0.922261 0.244360
vn 0.102560 0.370792 0.923036
vn -0.299538 0.922261 0.244360
vn -0.133507 0.934549 -0.329841
vn -0.472192 0.826336 -0.306925
vn -0.472192 0.826336 -0.306925
vn -0.133507 0.934549 -0.329841
vn -0.173293 0.496248 -0.850710
vn 0.102560 0.370792 0.923036
vn -0.299538 0.922261 0.244360
vn -0.638350 0.520137 0.567422
vn -0.299538 0.922261 0.244360
vn -0.472192 0.826336 -0.306925
vn -0.884085 0.449936 -0.126298
vn -0.299538 0.922261 0.244360
vn -0.884085 0.449936 -0.126298
vn -0.638350 0.520137 0.567422
vn -0.472192 0.826336 -0.306925
vn -0.173293 0.496248 -0.850710
vn -0.599299 0.354848 -0.717582
vn -0.472192 0.826336 -0.306925
vn -0.599299 0.354848 -0.717582
vn -0.884085 0.449936 -0.126298
vn 0.102308 0.857816 -0.503672
vn -0.173293 0.496248 -0.850710
vn 0.203886 0.635182 -0.744966
vn 0.102308 0.857816 -0.503672
vn 0.203886 0.635182 -0.744966
vn 0.536115 0.709564 -0.457274
vn -0.599299 0.354848 -0.717582
vn -0.173293 0.496248 -0.850710
vn -0.552967 -0.434474 -0.710957
vn -0.599299 0.354848 -0.717582
vn -0.552967 -0.434474 -0.710957
vn -0.884085 0.449936 -0.126298
vn -0.552967 -0.434474 -0.710957
vn -0.173293 0.496248 -0.850710
vn -0.118107 -0.440931 -0.889736
vn -0.118107 -0.440931 -0.889736
vn -0.173293 0.496248 -0.850710
vn 0.102308 0.857816 -0.503672
vn -0.884085 0.449936 -0.126298
vn -0.552967 -0.434474 -0.710957
vn -0.823992 -0.486548 -0.290359
vn -0.552967 -0.434474 -0.710957
vn -0.118107 -0.440931 -0.889736
vn -0.204490 -0.967395 -0.149435
vn -0.552967 -0.434474 -0.710957
vn -0.204490 -0.967395 -0.149435
vn -0.823992 -0.486548 -0.290359
vn -0.884085 0.449936 -0.126298
vn -0.823992 -0.486548 -0.290359
vn -0.877916 -0.411276 0.245184
vn -0.877916 -0.411276 0.245184
vn -0.823992 -0.486548 -0.290359
vn -0.204490 -0.967395 -0.149435
vn -0.884085 0.449936 -0.126298
vn -0.877916 -0.411276 0.245184
vn -0.638350 0.520137 0.567422
vn -0.638350 0.520137 0.567422
vn -0.877916 -0.411276 0.245184
vn -0.591579 -0.410161 0.694119
vn -0.877916 -0.411276 0.245184
vn -0.204490 -0.967395 -0.149435
vn -0.236543 -0.938289 0.252313
vn -0.877916 -0.411276 0.245184
vn -0.236543 -0.938289 0.252313
vn -0.591579 -0.410161 0.694119
vn -0.638350 0.520137 0.567422
vn -0.591579 -0.410161 0.694119
vn -0.308602 -0.134519 0.941631
vn -0.308602 -0.134519 0.941631
vn -0.591579 -0.410161 0.694119
vn -0.236543 -0.938289 0.252313
vn -0.638350 0.520137 0.567422
vn -0.308602 -0.134519 0.941631
vn 0.102560 0.370792 0.923036
vn 0.102560 0.370792 0.923036
vn -0.308602 -0.134519 0.941631
vn 0.142174 -0.734564 0.663477
vn 0.142174 -0.734564 0.663477
vn -0.308602 -0.134519 0.941631
vn -0.236543 -0.938289 0.252313
vn 0.102560 0.370792 0.923036
vn 0.142174 -0.734564 0.663477
vn 0.173535 -0.804573 0.567934
vn 0.173535 -0.804573 0.567934
vn 0.142174 -0.734564 0.663477
vn 0.063220 -0.987811 0.142245
vn 0.063220 -0.987811 0.142245
vn 0.142174 -0.734564 0.663477
vn -0.236543 -0.938289 0.252313
vn 0.063220 -0.987811 0.142245
vn -0.236543 -0.938289 0.252313
vn -0.204490 -0.967395 -0.149435
vn 0.063220 -0.987811 0.142245
vn -0.204490 -0.967395 -0.149435
vn -0.991542 0.031478 -0.125910
vn -0.991542 0.031478 -0.125910
vn -0.204490 -0.967395 -0.149435
vn -0.118107 -0.440931 -0.889736
vn -0.991542 0.031478 -0.125910
vn -0.118107 -0.440931 -0.889736
vn -0.536615 0.355113 -0.765466
vn -0.536615 0.355113 -0.765466
vn -0.118107 -0.440931 -0.889736
vn 0.102308 0.857816 -0.503672
vn -0.536615 0.355113 -0.765466
vn 0.102308 0.857816 -0.503672
vn -0.369792 0.920547 -0.125887
vn -0.991542 0.031478 -0.125910
vn -0.536615 0.355113 -0.765466
vn -0.818466 0.574501 0.007870
vn -0.818466 0.574501 0.007870
vn -0.536615 0.355113 -0.765466
vn -0.369792 0.920547 -0.125887
vn -0.369792 0.920547 -0.125887
vn 0.102308 0.857816 -0.503672
vn 0.157593 0.984954 -0.070917
vn 0.157593 0.984954 -0.070917
vn 0.102308 0.857816 -0.503672
vn 0.536115 0.709564 -0.457274
vn -0.818466 0.574501 0.007870
vn -0.369792 0.920547 -0.125887
vn -0.622956 0.473131 -0.622956
vn -0.369792 0.920547 -0.125887
vn 0.157593 0.984954 -0.070917
vn -0.039252 0.777194 -0.628036
vn -0.369792 0.920547 -0.125887
vn -0.039252 0.777194 -0.628036
vn -0.622956 0.473131 -0.622956
vn -0.039252 0.777194 -0.628036
vn 0.157593 0.984954 -0.070917
vn 0.701288 0.654010 -0.283667
vn 0.157593 0.984954 -0.070917
vn 0.536115 0.709564 -0.457274
vn 0.471332 0.832686 0.290655
vn 0.157593 0.984954 -0.070917
vn 0.471332 0.832686 0.290655
vn 0.701288 0.654010 -0.283667
vn 0.471332 0.832686 0.290655
vn 0.536115 0.709564 -0.457274
vn 0.995433 0.039501 0.086903
vn 0.995433 0.039501 0.086903
vn 0.536115 0.709564 -0.457274
vn 0.919551 0.000000 -0.392971
vn 0.995433 0.039501 0.086903
vn 0.919551 0.000000 -0.392971
vn 0.362835 -0.678344 -0.638905
vn 0.471332 0.832686 0.290655
vn 0.995433 0.039501 0.086903
vn 0.567722 0.772732 0.283861
vn 0.471332 0.832686 0.290655
vn 0.567722 0.772732 0.283861
vn 0.701288 0.654010 -0.283667
vn 0.995433 0.039501 0.086903
vn 0.362835 -0.678344 -0.638905
vn 0.801487 0.031431 0.597186
vn 0.995433 0.039501 0.086903
vn 0.801487 0.031431 0.597186
vn 0.567722 0.772732 0.283861
vn 0.801487 0.031431 0.597186
vn 0.362835 -0.678344 -0.638905
vn -0.023613 -0.999597 0.015742
vn 0.801487 0.031431 0.597186
vn -0.023613 -0.999597 0.015742
vn 0.063220 -0.987811 0.142245
vn 0.801487 0.031431 0.597186
vn 0.063220 -0.987811 0.142245
vn 0.330709 0.165354 0.929134
vn 0.330709 0.165354 0.929134
vn 0.063220 -0.987811 0.142245
vn -0.991542 0.031478 -0.125910
vn 0.801487 0.031431 0.597186
vn 0.330709 0.165354 0.929134
vn 0.418832 0.474149 0.774444
vn 0.330709 0.165354 0.929134
vn -0.991542 0.031478 -0.125910
vn -0.031500 0.984374 0.173250
vn 0.330709 0.165354 0.929134
vn -0.031500 0.984374 0.173250
vn 0.418832 0.474149 0.774444
vn 0.473101 0.615032 0.630802
vn 0.567722 0.772732 0.283861
vn 0.801487 0.031431 0.597186
vn 0.473101 0.615032 0.630802
vn 0.801487 0.031431 0.597186
vn 0.418832 0.474149 0.774444
vn 0.567722 0.772732 0.283861
vn 0.473101 0.615032 0.630802
vn 0.874341 0.393847 0.283570
vn 0.473101 0.615032 0.630802
vn 0.418832 0.474149 0.774444
vn 0.599784 -0.205189 0.773406
vn 0.473101 0.615032 0.630802
vn 0.599784 -0.205189 0.773406
vn 0.874341 0.393847 0.283570
vn 0.567722 0.772732 0.283861
vn 0.874341 0.393847 0.283570
vn 0.734175 0.678914 0.007894
vn 0.567722 0.772732 0.283861
vn 0.734175 0.678914 0.007894
vn 0.701288 0.654010 -0.283667
vn 0.734175 0.678914 0.007894
vn 0.874341 0.393847 0.283570
vn 0.655129 0.639343 0.402549
vn 0.874341 0.393847 0.283570
vn 0.599784 -0.205189 0.773406
vn 0.797927 -0.592520 0.110604
vn 0.874341 0.393847 0.283570
vn 0.797927 -0.592520 0.110604
vn 0.655129 0.639343 0.402549
vn 0.599784 -0.205189 0.773406
vn 0.418832 0.474149 0.774444
vn 0.432615 -0.527004 0.731513
vn 0.797927 -0.592520 0.110604
vn 0.599784 -0.205189 0.773406
vn 0.197138 -0.875292 0.441589
vn 0.197138 -0.875292 0.441589
vn 0.599784 -0.205189 0.773406
vn 0.432615 -0.527004 0.731513
vn 0.432615 -0.527004 0.731513
vn 0.418832 0.474149 0.774444
vn 0.686574 0.331449 0.647115
vn 0.686574 0.331449 0.647115
vn 0.418832 0.474149 0.774444
vn -0.031500 0.984374 0.173250
vn 0.432615 -0.527004 0.731513
vn 0.686574 0.331449 0.647115
vn 0.221221 -0.632061 0.742671
vn 0.197138 -0.875292 0.441589
vn 0.432615 -0.527004 0.731513
vn 0.007844 -0.980551 0.196110
vn 0.007844 -0.980551 0.196110
vn 0.432615 -0.527004 0.731513
vn 0.221221 -0.632061 0.742671
vn 0.221221 -0.632061 0.742671
vn 0.686574 0.331449 0.647115
vn 0.227993 0.605362 0.762598
vn 0.227993 0.605362 0.762598
vn 0.686574 0.331449 0.647115
vn -0.031500 0.984374 0.173250
vn 0.007844 -0.980551 0.196110
vn 0.221221 -0.632061 0.742671
vn -0.189731 -0.632436 0.751018
vn -0.189731 -0.632436 0.751018
vn 0.221221 -0.632061 0.742671
vn 0.227993 0.605362 0.762598
vn 0.227993 0.605362 0.762598
vn -0.031500 0.984374 0.173250
vn -0.346114 0.511304 0.786622
vn 0.227993 0.605362 0.762598
vn -0.346114 0.511304 0.786622
vn -0.189731 -0.632436 0.751018
vn -0.189731 -0.632436 0.751018
vn -0.346114 0.511304 0.786622
vn -0.681083 -0.570209 0.459335
vn -0.189731 -0.632436 0.751018
vn -0.681083 -0.570209 0.459335
vn 0.007844 -0.980551 0.196110
vn -0.346114 0.511304 0.786622
vn -0.031500 0.984374 0.173250
vn -0.682968 0.682968 0.259057
vn -0.346114 0.511304 0.786622
vn -0.682968 0.682968 0.259057
vn -0.681083 -0.570209 0.459335
vn 0.007844 -0.980551 0.196110
vn -0.681083 -0.570209 0.459335
vn -0.015707 -0.997375 0.070680
vn 0.007844 -0.980551 0.196110
vn -0.015707 -0.997375 0.070680
vn 0.197138 -0.875292 0.441589
vn -0.681083 -0.570209 0.459335
vn -0.682968 0.682968 0.259057
vn -0.587770 -0.634792 0.501564
vn -0.681083 -0.570209 0.459335
vn -0.587770 -0.634792 0.501564
vn -0.015707 -0.997375 0.070680
vn -0.682968 0.682968 0.259057
vn -0.031500 0.984374 0.173250
vn -0.590826 0.724747 0.354496
vn -0.682968 0.682968 0.259057
vn -0.590826 0.724747 0.354496
vn -0.587770 -0.634792 0.501564
vn -0.590826 0.724747 0.354496
vn -0.031500 0.984374 0.173250
vn -0.991542 0.031478 -0.125910
vn 0.197138 -0.875292 0.441589
vn -0.015707 -0.997375 0.070680
vn 0.125832 -0.990929 -0.047187
vn 0.197138 -0.875292 0.441589
vn 0.125832 -0.990929 -0.047187
vn 0.797927 -0.592520 0.110604
vn -0.015707 -0.997375 0.070680
vn -0.587770 -0.634792 0.501564
vn -0.275215 -0.959322 0.062906
vn 0.797927 -0.592520 0.110604
vn 0.125832 -0.990929 -0.047187
vn 0.495311 -0.786208 0.369518
vn 0.125832 -0.990929 -0.047187
vn -0.015707 -0.997375 0.070680
vn -0.071025 -0.994348 -0.078916
vn -0.071025 -0.994348 -0.078916
vn -0.015707 -0.997375 0.070680
vn -0.275215 -0.959322 0.062906
vn -0.275215 -0.959322 0.062906
vn -0.587770 -0.634792 0.501564
vn -0.761892 -0.408437 0.502692
vn -0.761892 -0.408437 0.502692
vn -0.587770 -0.634792 0.501564
vn -0.590826 0.724747 0.354496
vn 0.797927 -0.592520 0.110604
vn 0.495311 -0.786208 0.369518
vn 0.655129 0.639343 0.402549
vn -0.761892 -0.408437 0.502692
vn -0.590826 0.724747 0.354496
vn -0.534440 0.778082 0.330095
vn -0.275215 -0.959322 0.062906
vn -0.761892 -0.408437 0.502692
vn -0.986057 0.141992 -0.086773
vn -0.986057 0.141992 -0.086773
vn -0.761892 -0.408437 0.502692
vn -0.534440 0.778082 0.330095
vn -0.275215 -0.959322 0.062906
vn -0.986057 0.141992 -0.086773
vn -0.496433 -0.866787 -0.047279
vn -0.275215 -0.959322 0.062906
vn -0.496433 -0.866787 -0.047279
vn -0.071025 -0.994348 -0.078916
vn -0.986057 0.141992 -0.086773
vn -0.534440 0.778082 0.330095
vn -0.236890 0.971248 -0.023689
vn -0.236890 0.971248 -0.023689
vn -0.534440 0.778082 0.330095
vn -0.590826 0.724747 0.354496
vn -0.496433 -0.866787 -0.047279
vn -0.986057 0.141992 -0.086773
vn -0.742000 0.655170 0.142085
vn -0.742000 0.655170 0.142085
vn -0.986057 0.141992 -0.086773
vn -0.236890 0.971248 -0.023689
vn -0.496433 -0.866787 -0.047279
vn -0.742000 0.655170 0.142085
vn -0.813651 0.426574 0.394976
vn -0.496433 -0.866787 -0.047279
vn -0.813651 0.426574 0.394976
vn -0.559715 -0.685848 0.465115
vn -0.496433 -0.866787 -0.047279
vn -0.559715 -0.685848 0.465115
vn -0.015790 -0.963171 -0.268425
vn -0.496433 -0.866787 -0.047279
vn -0.015790 -0.963171 -0.268425
vn -0.071025 -0.994348 -0.078916
vn -0.559715 -0.685848 0.465115
vn -0.813651 0.426574 0.394976
vn -0.753829 -0.636043 -0.164900
vn -0.559715 -0.685848 0.465115
vn -0.753829 -0.636043 -0.164900
vn -0.015790 -0.963171 -0.268425
vn -0.813651 0.426574 0.394976
vn -0.742000 0.655170 0.142085
vn -0.402274 0.914976 0.031551
vn -0.753829 -0.636043 -0.164900
vn -0.813651 0.426574 0.394976
vn -0.856094 0.149227 -0.494807
vn -0.856094 0.149227 -0.494807
vn -0.813651 0.426574 0.394976
vn -0.402274 0.914976 0.031551
vn -0.753829 -0.636043 -0.164900
vn -0.856094 0.149227 -0.494807
vn -0.306991 -0.338478 -0.889488
vn -0.753829 -0.636043 -0.164900
vn -0.306991 -0.338478 -0.889488
vn -0.015790 -0.963171 -0.268425
vn -0.856094 0.149227 -0.494807
vn -0.402274 0.914976 0.031551
vn 0.047344 0.694379 -0.718051
vn -0.856094 0.149227 -0.494807
vn 0.047344 0.694379 -0.718051
vn -0.306991 -0.338478 -0.889488
vn -0.402274 0.914976 0.031551
vn -0.742000 0.655170 0.142085
vn -0.055302 0.963832 -0.260709
vn -0.402274 0.914976 0.031551
vn -0.055302 0.963832 -0.260709
vn 0.047344 0.694379 -0.718051
vn -0.055302 0.963832 -0.260709
vn -0.742000 0.655170 0.142085
vn -0.236890 0.971248 -0.023689
vn -0.306991 -0.338478 -0.889488
vn 0.047344 0.694379 -0.718051
vn 0.645269 -0.157383 -0.747568
vn -0.306991 -0.338478 -0.889488
vn 0.645269 -0.157383 -0.747568
vn -0.015790 -0.963171 -0.268425
vn 0.645269 -0.157383 -0.747568
vn 0.047344 0.694379 -0.718051
vn -0.055302 0.963832 -0.260709
vn -0.015790 -0.963171 -0.268425
vn 0.645269 -0.157383 -0.747568
vn 0.133693 -0.015729 -0.990898
vn 0.133693 -0.015729 -0.990898
vn 0.645269 -0.157383 -0.747568
vn -0.055302 0.963832 -0.260709
vn -0.015790 -0.963171 -0.268425
vn 0.133693 -0.015729 -0.990898
vn -0.219664 -0.455017 -0.862964
vn -0.015790 -0.963171 -0.268425
vn -0.219664 -0.455017 -0.862964
vn -0.071025 -0.994348 -0.078916
vn 0.133693 -0.015729 -0.990898
vn -0.055302 0.963832 -0.260709
vn 0.000000 0.560150 -0.828391
vn 0.133693 -0.015729 -0.990898
vn 0.000000 0.560150 -0.828391
vn -0.219664 -0.455017 -0.862964
vn -0.071025 -0.994348 -0.078916
vn -0.219664 -0.455017 -0.862964
vn -0.509291 -0.720843 -0.470115
vn -0.509291 -0.720843 -0.470115
vn -0.219664 -0.455017 -0.862964
vn 0.000000 0.560150 -0.828391
vn 0.000000 0.560150 -0.828391
vn -0.055302 0.963832 -0.260709
vn -0.055028 0.927611 -0.369472
vn -0.055028 0.927611 -0.369472
vn -0.055302 0.963832 -0.260709
vn -0.236890 0.971248 -0.023689
vn 0.000000 0.560150 -0.828391
vn -0.055028 0.927611 -0.369472
vn -0.267783 0.811225 -0.519814
vn 0.000000 0.560150 -0.828391
vn -0.267783 0.811225 -0.519814
vn -0.509291 -0.720843 -0.470115
vn -0.055028 0.927611 -0.369472
vn -0.236890 0.971248 -0.023689
vn -0.455944 0.652472 -0.605306
vn -0.055028 0.927611 -0.369472
vn -0.455944 0.652472 -0.605306
vn -0.267783 0.811225 -0.519814
vn -0.455944 0.652472 -0.605306
vn -0.236890 0.971248 -0.023689
vn -0.636121 0.769628 -0.054973
vn -0.636121 0.769628 -0.054973
vn -0.236890 0.971248 -0.023689
vn -0.590826 0.724747 0.354496
vn -0.636121 0.769628 -0.054973
vn -0.590826 0.724747 0.354496
vn -0.991542 0.031478 -0.125910
vn -0.636121 0.769628 -0.054973
vn -0.991542 0.031478 -0.125910
vn -0.818466 0.574501 0.007870
vn -0.636121 0.769628 -0.054973
vn -0.818466 0.574501 0.007870
vn -0.622956 0.473131 -0.622956
vn -0.636121 0.769628 -0.054973
vn -0.622956 0.473131 -0.622956
vn -0.455944 0.652472 -0.605306
vn -0.455944 0.652472 -0.605306
vn -0.622956 0.473131 -0.622956
vn -0.102896 0.815255 -0.569887
vn -0.455944 0.652472 -0.605306
vn -0.102896 0.815255 -0.569887
vn -0.267783 0.811225 -0.519814
vn -0.102896 0.815255 -0.569887
vn -0.622956 0.473131 -0.622956
vn 0.315981 0.600364 -0.734656
vn 0.315981 0.600364 -0.734656
vn -0.622956 0.473131 -0.622956
vn -0.039252 0.777194 -0.628036
vn 0.315981 0.600364 -0.734656
vn -0.039252 0.777194 -0.628036
vn 0.701288 0.654010 -0.283667
vn 0.315981 0.600364 -0.734656
vn 0.701288 0.654010 -0.283667
vn 0.607619 0.718095 -0.339320
vn 0.607619 0.718095 -0.339320
vn 0.701288 0.654010 -0.283667
vn 0.734175 0.678914 0.007894
vn 0.315981 0.600364 -0.734656
vn 0.607619 0.718095 -0.339320
vn 0.331253 0.741377 -0.583637
vn 0.315981 0.600364 -0.734656
vn 0.331253 0.741377 -0.583637
vn -0.102896 0.815255 -0.569887
vn 0.607619 0.718095 -0.339320
vn 0.734175 0.678914 0.007894
vn 0.282799 0.958375 -0.039278
vn 0.282799 0.958375 -0.039278
vn 0.734175 0.678914 0.007894
vn 0.655129 0.639343 0.402549
vn 0.331253 0.741377 -0.583637
vn 0.607619 0.718095 -0.339320
vn 0.133775 0.928558 -0.346242
vn 0.133775 0.928558 -0.346242
vn 0.607619 0.718095 -0.339320
vn 0.282799 0.958375 -0.039278
vn -0.102896 0.815255 -0.569887
vn 0.331253 0.741377 -0.583637
vn -0.047117 0.800992 -0.596818
vn -0.047117 0.800992 -0.596818
vn 0.331253 0.741377 -0.583637
vn 0.133775 0.928558 -0.346242
vn -0.102896 0.815255 -0.569887
vn -0.047117 0.800992 -0.596818
vn 0.007872 0.551044 -0.834439
vn -0.102896 0.815255 -0.569887
vn 0.007872 0.551044 -0.834439
vn 0.126361 0.758165 -0.639702
vn -0.102896 0.815255 -0.569887
vn 0.126361 0.758165 -0.639702
vn -0.267783 0.811225 -0.519814
vn -0.267783 0.811225 -0.519814
vn 0.126361 0.758165 -0.639702
vn 0.023543 0.996638 -0.078475
vn 0.023543 0.996638 -0.078475
vn 0.126361 0.758165 -0.639702
vn 0.007872 0.551044 -0.834439
vn -0.267783 0.811225 -0.519814
vn 0.023543 0.996638 -0.078475
vn -0.757033 0.567775 -0.323316
vn -0.267783 0.811225 -0.519814
vn -0.757033 0.567775 -0.323316
vn -0.855593 -0.392474 -0.337528
vn -0.267783 0.811225 -0.519814
vn -0.855593 -0.392474 -0.337528
vn -0.509291 -0.720843 -0.470115
vn -0.757033 0.567775 -0.323316
vn 0.023543 0.996638 -0.078475
vn -0.292246 0.489709 -0.821448
vn -0.757033 0.567775 -0.323316
vn -0.292246 0.489709 -0.821448
vn -0.855593 -0.392474 -0.337528
vn 0.023543 0.996638 -0.078475
vn 0.007872 0.551044 -0.834439
vn 0.180912 0.023597 -0.983216
vn 0.023543 0.996638 -0.078475
vn 0.180912 0.023597 -0.983216
vn -0.292246 0.489709 -0.821448
vn -0.855593 -0.392474 -0.337528
vn -0.292246 0.489709 -0.821448
vn -0.410008 -0.520395 -0.749054
vn -0.855593 -0.392474 -0.337528
vn -0.410008 -0.520395 -0.749054
vn -0.509291 -0.720843 -0.470115
vn -0.410008 -0.520395 -0.749054
vn -0.292246 0.489709 -0.821448
vn 0.180912 0.023597 -0.983216
vn -0.509291 -0.720843 -0.470115
vn -0.410008 -0.520395 -0.749054
vn -0.094532 -0.968955 -0.228453
vn -0.094532 -0.968955 -0.228453
vn -0.410008 -0.520395 -0.749054
vn 0.180912 0.023597 -0.983216
vn -0.509291 -0.720843 -0.470115
vn -0.094532 -0.968955 -0.228453
vn -0.071025 -0.994348 -0.078916
vn -0.015680 -0.478244 -0.878087
vn 0.180912 0.023597 -0.983216
vn 0.007872 0.551044 -0.834439
vn 0.180912 0.023597 -0.983216
vn -0.015680 -0.478244 -0.878087
vn -0.094532 -0.968955 -0.228453
vn -0.015680 -0.478244 -0.878087
vn 0.007872 0.551044 -0.834439
vn 0.260587 -0.063173 -0.963381
vn 0.260587 -0.063173 -0.963381
vn 0.007872 0.551044 -0.834439
vn -0.047117 0.800992 -0.596818
vn -0.094532 -0.968955 -0.228453
vn -0.015680 -0.478244 -0.878087
vn 0.102732 -0.948298 -0.300294
vn 0.102732 -0.948298 -0.300294
vn -0.015680 -0.478244 -0.878087
vn 0.260587 -0.063173 -0.963381
vn -0.071025 -0.994348 -0.078916
vn -0.094532 -0.968955 -0.228453
vn 0.181553 -0.978808 0.094723
vn 0.181553 -0.978808 0.094723
vn -0.094532 -0.968955 -0.228453
vn 0.102732 -0.948298 -0.300294
vn -0.071025 -0.994348 -0.078916
vn 0.181553 -0.978808 0.094723
vn 0.125832 -0.990929 -0.047187
vn 0.125832 -0.990929 -0.047187
vn 0.181553 -0.978808 0.094723
vn 0.495311 -0.786208 0.369518
vn 0.260587 -0.063173 -0.963381
vn -0.047117 0.800992 -0.596818
vn 0.729889 0.149117 -0.667103
vn 0.102732 -0.948298 -0.300294
vn 0.260587 -0.063173 -0.963381
vn 0.426149 -0.828623 -0.363016
vn 0.102732 -0.948298 -0.300294
vn 0.426149 -0.828623 -0.363016
vn 0.181553 -0.978808 0.094723
vn 0.426149 -0.828623 -0.363016
vn 0.260587 -0.063173 -0.963381
vn 0.729889 0.149117 -0.667103
vn 0.729889 0.149117 -0.667103
vn -0.047117 0.800992 -0.596818
vn 0.133775 0.928558 -0.346242
vn 0.426149 -0.828623 -0.363016
vn 0.729889 0.149117 -0.667103
vn 0.486548 0.290359 -0.823992
vn 0.486548 0.290359 -0.823992
vn 0.729889 0.149117 -0.667103
vn 0.133775 0.928558 -0.346242
vn 0.181553 -0.978808 0.094723
vn 0.426149 -0.828623 -0.363016
vn 0.801437 -0.589292 -0.102144
vn 0.596818 -0.612523 0.518289
vn 0.495311 -0.786208 0.369518
vn 0.181553 -0.978808 0.094723
vn 0.596818 -0.612523 0.518289
vn 0.181553 -0.978808 0.094723
vn 0.801437 -0.589292 -0.102144
vn 0.495311 -0.786208 0.369518
vn 0.596818 -0.612523 0.518289
vn 0.418623 0.205362 0.884636
vn 0.495311 -0.786208 0.369518
vn 0.418623 0.205362 0.884636
vn 0.655129 0.639343 0.402549
vn 0.426149 -0.828623 -0.363016
vn 0.486548 0.290359 -0.823992
vn 0.481151 -0.441712 -0.757221
vn 0.426149 -0.828623 -0.363016
vn 0.481151 -0.441712 -0.757221
vn 0.801437 -0.589292 -0.102144
vn 0.164986 0.502816 -0.848502
vn 0.486548 0.290359 -0.823992
vn 0.133775 0.928558 -0.346242
vn 0.486548 0.290359 -0.823992
vn 0.164986 0.502816 -0.848502
vn 0.481151 -0.441712 -0.757221
vn 0.164986 0.502816 -0.848502
vn 0.133775 0.928558 -0.346242
vn 0.110305 0.969105 -0.220609
vn 0.481151 -0.441712 -0.757221
vn 0.164986 0.502816 -0.848502
vn 0.782346 0.363514 -0.505759
vn 0.481151 -0.441712 -0.757221
vn 0.782346 0.363514 -0.505759
vn 0.801437 -0.589292 -0.102144
vn 0.782346 0.363514 -0.505759
vn 0.164986 0.502816 -0.848502
vn 0.110305 0.969105 -0.220609
vn 0.110305 0.969105 -0.220609
vn 0.133775 0.928558 -0.346242
vn 0.282799 0.958375 -0.039278
vn 0.801437 -0.589292 -0.102144
vn 0.782346 0.363514 -0.505759
vn 0.851980 0.449656 0.268216
vn 0.801437 -0.589292 -0.102144
vn 0.851980 0.449656 0.268216
vn 0.596818 -0.612523 0.518289
vn 0.851980 0.449656 0.268216
vn 0.782346 0.363514 -0.505759
vn 0.110305 0.969105 -0.220609
vn 0.596818 -0.612523 0.518289
vn 0.851980 0.449656 0.268216
vn 0.418623 0.205362 0.884636
vn 0.110305 0.969105 -0.220609
vn 0.282799 0.958375 -0.039278
vn 0.094594 0.930173 0.354727
vn 0.110305 0.969105 -0.220609
vn 0.094594 0.930173 0.354727
vn 0.851980 0.449656 0.268216
vn 0.094594 0.930173 0.354727
vn 0.282799 0.958375 -0.039278
vn 0.655129 0.639343 0.402549
vn 0.851980 0.449656 0.268216
vn 0.094594 0.930173 0.354727
vn 0.418623 0.205362 0.884636
vn 0.418623 0.205362 0.884636
vn 0.094594 0.930173 0.354727
vn 0.655129 0.639343 0.402549
vn -0.259698 0.291176 0.920746
vn 0.942664 -0.149255 -0.298510
vn 0.345729 0.078575 0.935039
vn 0.345729 0.078575 0.935039
vn 0.942664 -0.149255 -0.298510
vn 0.054982 0.973965 -0.219928
vn 0.345729 0.078575 0.935039
vn 0.054982 0.973965 -0.219928
vn -0.236949 0.860914 -0.450203
vn 0.345729 0.078575 0.935039
vn -0.236949 0.860914 -0.450203
vn -0.259698 0.291176 0.920746
vn 0.054982 0.973965 -0.219928
vn 0.942664 -0.149255 -0.298510
vn 0.407997 -0.376613 -0.831686
vn 0.054982 0.973965 -0.219928
vn 0.407997 -0.376613 -0.831686
vn -0.236949 0.860914 -0.450203
vn 0.942664 -0.149255 -0.298510
vn -0.259698 0.291176 0.920746
vn 0.338646 -0.826926 0.448902
vn 0.942664 -0.149255 -0.298510
vn 0.338646 -0.826926 0.448902
vn 0.407997 -0.376613 -0.831686
vn 0.338646 -0.826926 0.448902
vn -0.259698 0.291176 0.920746
vn -0.205593 0.268852 0.940984
vn 0.407997 -0.376613 -0.831686
vn 0.338646 -0.826926 0.448902
vn 0.450090 -0.829114 0.331646
vn 0.450090 -0.829114 0.331646
vn 0.338646 -0.826926 0.448902
vn -0.205593 0.268852 0.940984
vn -0.236949 0.860914 -0.450203
vn 0.407997 -0.376613 -0.831686
vn 0.912058 -0.031450 0.408854
vn 0.912058 -0.031450 0.408854
vn 0.407997 -0.376613 -0.831686
vn 0.450090 -0.829114 0.331646
vn 0.590918 0.787890 -0.173336
vn -0.259698 0.291176 0.920746
vn -0.236949 0.860914 -0.450203
vn 0.590918 0.787890 -0.173336
vn -0.236949 0.860914 -0.450203
vn 0.912058 -0.031450 0.408854
vn -0.259698 0.291176 0.920746
vn 0.590918 0.787890 -0.173336
vn -0.205593 0.268852 0.940984
vn 0.912058 -0.031450 0.408854
vn 0.450090 -0.829114 0.331646
vn 0.457047 -0.882574 -0.110322
vn 0.912058 -0.031450 0.408854
vn 0.457047 -0.882574 -0.110322
vn 0.590918 0.787890 -0.173336
vn 0.457047 -0.882574 -0.110322
vn 0.450090 -0.829114 0.331646
vn -0.344825 -0.352662 -0.869900
vn -0.205593 0.268852 0.940984
vn 0.590918 0.787890 -0.173336
vn 0.923036 0.102560 -0.370792
vn -0.205593 0.268852 0.940984
vn 0.923036 0.102560 -0.370792
vn 0.213068 0.576073 0.789140
vn 0.923036 0.102560 -0.370792
vn 0.590918 0.787890 -0.173336
vn -0.258786 0.815567 -0.517571
vn 0.923036 0.102560 -0.370792
vn -0.258786 0.815567 -0.517571
vn 0.213068 0.576073 0.789140
vn -0.205593 0.268852 0.940984
vn 0.213068 0.576073 0.789140
vn -0.737170 0.627379 -0.250951
vn -0.737170 0.627379 -0.250951
vn 0.213068 0.576073 0.789140
vn -0.258786 0.815567 -0.517571
vn -0.737170 0.627379 -0.250951
vn -0.258786 0.815567 -0.517571
vn 0.590918 0.787890 -0.173336
vn -0.737170 0.627379 -0.250951
vn 0.590918 0.787890 -0.173336
vn 0.544456 0.063125 0.836411
vn 0.544456 0.063125 0.836411
vn 0.590918 0.787890 -0.173336
vn 0.457047 -0.882574 -0.110322
vn -0.432588 0.896638 0.094383
vn -0.344825 -0.352662 -0.869900
vn -0.737170 0.627379 -0.250951
vn -0.432588 0.896638 0.094383
vn -0.737170 0.627379 -0.250951
vn 0.544456 0.063125 0.836411
vn -0.456128 -0.173014 -0.872934
vn 0.457047 -0.882574 -0.110322
vn -0.344825 -0.352662 -0.869900
vn -0.456128 -0.173014 -0.872934
vn -0.344825 -0.352662 -0.869900
vn -0.432588 0.896638 0.094383
vn 0.544456 0.063125 0.836411
vn 0.457047 -0.882574 -0.110322
vn 0.864989 -0.267360 -0.424631
vn -0.456128 -0.173014 -0.872934
vn -0.432588 0.896638 0.094383
vn -0.118209 0.992958 -0.007881
vn -0.432588 0.896638 0.094383
vn 0.544456 0.063125 0.836411
vn 0.783497 0.451104 0.427362
vn 0.783497 0.451104 0.427362
vn 0.544456 0.063125 0.836411
vn 0.864989 -0.267360 -0.424631
vn -0.432588 0.896638 0.094383
vn 0.783497 0.451104 0.427362
vn -0.118209 0.992958 -0.007881
vn 0.864989 -0.267360 -0.424631
vn 0.457047 -0.882574 -0.110322
vn 0.000000 0.275762 -0.961226
vn 0.864989 -0.267360 -0.424631
vn 0.000000 0.275762 -0.961226
vn 0.783497 0.451104 0.427362
vn 0.000000 0.275762 -0.961226
vn 0.457047 -0.882574 -0.110322
vn -0.456128 -0.173014 -0.872934
vn 0.783497 0.451104 0.427362
vn 0.000000 0.275762 -0.961226
vn -0.118209 0.992958 -0.007881
vn -0.118209 0.992958 -0.007881
vn 0.000000 0.275762 -0.961226
vn -0.456128 -0.173014 -0.872934
vn 0.486024 -0.799588 0.352760
vn 0.954503 0.236654 -0.181434
vn 0.874423 0.259963 0.409639
vn 0.874423 0.259963 0.409639
vn 0.954503 0.236654 -0.181434
vn 0.252777 0.940014 -0.229079
vn 0.874423 0.259963 0.409639
vn 0.252777 0.940014 -0.229079
vn 0.149435 0.896610 0.416845
vn 0.874423 0.259963 0.409639
vn 0.149435 0.896610 0.416845
vn 0.418205 -0.126251 0.899536
vn 0.874423 0.259963 0.409639
vn 0.418205 -0.126251 0.899536
vn 0.486024 -0.799588 0.352760
vn 0.149435 0.896610 0.416845
vn 0.252777 0.940014 -0.229079
vn 0.353172 0.714192 0.604317
vn 0.418205 -0.126251 0.899536
vn 0.149435 0.896610 0.416845
vn -0.165849 0.521239 0.837141
vn -0.165849 0.521239 0.837141
vn 0.149435 0.896610 0.416845
vn 0.353172 0.714192 0.604317
vn 0.418205 -0.126251 0.899536
vn -0.165849 0.521239 0.837141
vn -0.376926 -0.290547 0.879494
vn 0.486024 -0.799588 0.352760
vn 0.418205 -0.126251 0.899536
vn -0.283333 -0.881480 0.377777
vn -0.283333 -0.881480 0.377777
vn 0.418205 -0.126251 0.899536
vn -0.376926 -0.290547 0.879494
vn -0.376926 -0.290547 0.879494
vn -0.165849 0.521239 0.837141
vn -0.353455 -0.706910 0.612656
vn -0.376926 -0.290547 0.879494
vn -0.353455 -0.706910 0.612656
vn -0.283333 -0.881480 0.377777
vn -0.353455 -0.706910 0.612656
vn -0.165849 0.521239 0.837141
vn 0.353172 0.714192 0.604317
vn 0.486024 -0.799588 0.352760
vn -0.283333 -0.881480 0.377777
vn -0.653705 -0.756093 0.031504
vn -0.653705 -0.756093 0.031504
vn -0.283333 -0.881480 0.377777
vn -0.353455 -0.706910 0.612656
vn 0.544219 -0.828159 -0.134083
vn 0.954503 0.236654 -0.181434
vn 0.486024 -0.799588 0.352760
vn 0.544219 -0.828159 -0.134083
vn 0.486024 -0.799588 0.352760
vn -0.653705 -0.756093 0.031504
vn 0.919210 0.345686 -0.188556
vn 0.252777 0.940014 -0.229079
vn 0.954503 0.236654 -0.181434
vn 0.252777 0.940014 -0.229079
vn 0.919210 0.345686 -0.188556
vn 0.353172 0.714192 0.604317
vn 0.954503 0.236654 -0.181434
vn 0.544219 -0.828159 -0.134083
vn 0.591046 -0.204896 -0.780181
vn 0.954503 0.236654 -0.181434
vn 0.591046 -0.204896 -0.780181
vn 0.919210 0.345686 -0.188556
vn 0.544219 -0.828159 -0.134083
vn -0.653705 -0.756093 0.031504
vn -0.158089 -0.940631 -0.300369
vn 0.544219 -0.828159 -0.134083
vn -0.158089 -0.940631 -0.300369
vn 0.591046 -0.204896 -0.780181
vn 0.591046 -0.204896 -0.780181
vn -0.158089 -0.940631 -0.300369
vn -0.078728 -0.417258 -0.905372
vn 0.591046 -0.204896 -0.780181
vn -0.078728 -0.417258 -0.905372
vn -0.165395 0.441054 -0.882109
vn 0.591046 -0.204896 -0.780181
vn -0.165395 0.441054 -0.882109
vn 0.919210 0.345686 -0.188556
vn -0.078728 -0.417258 -0.905372
vn -0.158089 -0.940631 -0.300369
vn -0.716780 -0.165411 -0.677396
vn -0.078728 -0.417258 -0.905372
vn -0.716780 -0.165411 -0.677396
vn -0.165395 0.441054 -0.882109
vn -0.716780 -0.165411 -0.677396
vn -0.158089 -0.940631 -0.300369
vn -0.653705 -0.756093 0.031504
vn -0.165395 0.441054 -0.882109
vn -0.716780 -0.165411 -0.677396
vn 0.919210 0.345686 -0.188556
vn -0.716780 -0.165411 -0.677396
vn -0.653705 -0.756093 0.031504
vn -0.480957 -0.859414 -0.173460
vn -0.716780 -0.165411 -0.677396
vn -0.480957 -0.859414 -0.173460
vn 0.919210 0.345686 -0.188556
vn -0.480957 -0.859414 -0.173460
vn -0.653705 -0.756093 0.031504
vn -0.353455 -0.706910 0.612656
vn -0.480957 -0.859414 -0.173460
vn -0.353455 -0.706910 0.612656
vn 0.023597 -0.998948 0.039329
vn 0.424710 -0.291005 0.857285
vn -0.353455 -0.706910 0.612656
vn 0.353172 0.714192 0.604317
vn -0.353455 -0.706910 0.612656
vn 0.424710 -0.291005 0.857285
vn 0.023597 -0.998948 0.039329
vn 0.424710 -0.291005 0.857285
vn 0.353172 0.714192 0.604317
vn 0.487585 0.613413 0.621277
vn -0.480957 -0.859414 -0.173460
vn 0.023597 -0.998948 0.039329
vn 0.220200 -0.975170 -0.023593
vn -0.480957 -0.859414 -0.173460
vn 0.220200 -0.975170 -0.023593
vn 0.919210 0.345686 -0.188556
vn 0.401861 0.559454 0.724927
vn 0.353172 0.714192 0.604317
vn 0.919210 0.345686 -0.188556
vn 0.353172 0.714192 0.604317
vn 0.401861 0.559454 0.724927
vn 0.487585 0.613413 0.621277
vn 0.401861 0.559454 0.724927
vn 0.919210 0.345686 -0.188556
vn 0.512113 0.527870 0.677565
vn 0.487585 0.613413 0.621277
vn 0.401861 0.559454 0.724927
vn 0.378505 0.654498 0.654498
vn 0.378505 0.654498 0.654498
vn 0.401861 0.559454 0.724927
vn 0.512113 0.527870 0.677565
vn 0.512113 0.527870 0.677565
vn 0.919210 0.345686 -0.188556
vn 0.747059 -0.589784 0.306688
vn 0.747059 -0.589784 0.306688
vn 0.919210 0.345686 -0.188556
vn 0.220200 -0.975170 -0.023593
vn 0.512113 0.527870 0.677565
vn 0.747059 -0.589784 0.306688
vn 0.851027 0.472793 0.228517
vn 0.747059 -0.589784 0.306688
vn 0.220200 -0.975170 -0.023593
vn 0.781176 -0.599691 -0.173595
vn 0.747059 -0.589784 0.306688
vn 0.781176 -0.599691 -0.173595
vn 0.851027 0.472793 0.228517
vn 0.512113 0.527870 0.677565
vn 0.851027 0.472793 0.228517
vn 0.361992 0.912848 0.188865
vn 0.512113 0.527870 0.677565
vn 0.361992 0.912848 0.188865
vn 0.378505 0.654498 0.654498
vn 0.851027 0.472793 0.228517
vn 0.781176 -0.599691 -0.173595
vn 0.806431 0.513902 0.292529
vn 0.361992 0.912848 0.188865
vn 0.851027 0.472793 0.228517
vn 0.322815 0.936950 -0.133850
vn 0.322815 0.936950 -0.133850
vn 0.851027 0.472793 0.228517
vn 0.806431 0.513902 0.292529
vn 0.361992 0.912848 0.188865
vn 0.322815 0.936950 -0.133850
vn 0.370148 0.921431 -0.118132
vn 0.378505 0.654498 0.654498
vn 0.361992 0.912848 0.188865
vn 0.576773 0.608377 0.545169
vn 0.576773 0.608377 0.545169
vn 0.361992 0.912848 0.188865
vn 0.370148 0.921431 -0.118132
vn 0.370148 0.921431 -0.118132
vn 0.322815 0.936950 -0.133850
vn 0.188883 0.881453 -0.432856
vn 0.378505 0.654498 0.654498
vn 0.576773 0.608377 0.545169
vn -0.055151 0.740594 0.669686
vn 0.188883 0.881453 -0.432856
vn 0.322815 0.936950 -0.133850
vn 0.149103 0.988791 0.007848
vn 0.149103 0.988791 0.007848
vn 0.322815 0.936950 -0.133850
vn 0.806431 0.513902 0.292529
vn 0.370148 0.921431 -0.118132
vn 0.188883 0.881453 -0.432856
vn 0.047035 0.987727 -0.148943
vn 0.576773 0.608377 0.545169
vn 0.370148 0.921431 -0.118132
vn 0.133842 0.944765 0.299176
vn 0.133842 0.944765 0.299176
vn 0.370148 0.921431 -0.118132
vn 0.047035 0.987727 -0.148943
vn 0.576773 0.608377 0.545169
vn 0.133842 0.944765 0.299176
vn 0.007880 0.654010 0.756445
vn 0.576773 0.608377 0.545169
vn 0.007880 0.654010 0.756445
vn -0.055151 0.740594 0.669686
vn 0.133842 0.944765 0.299176
vn 0.047035 0.987727 -0.148943
vn -0.149191 0.965813 0.212008
vn 0.133842 0.944765 0.299176
vn -0.149191 0.965813 0.212008
vn 0.007880 0.654010 0.756445
vn 0.047035 0.987727 -0.148943
vn 0.188883 0.881453 -0.432856
vn -0.165426 0.842886 -0.512033
vn -0.165426 0.842886 -0.512033
vn 0.188883 0.881453 -0.432856
vn 0.149103 0.988791 0.007848
vn -0.149191 0.965813 0.212008
vn 0.047035 0.987727 -0.148943
vn -0.369655 0.896610 -0.243815
vn -0.369655 0.896610 -0.243815
vn 0.047035 0.987727 -0.148943
vn -0.165426 0.842886 -0.512033
vn 0.007880 0.654010 0.756445
vn -0.149191 0.965813 0.212008
vn -0.362700 0.630782 0.685976
vn 0.007880 0.654010 0.756445
vn -0.362700 0.630782 0.685976
vn -0.055151 0.740594 0.669686
vn -0.149191 0.965813 0.212008
vn -0.369655 0.896610 -0.243815
vn -0.528971 0.828985 0.181587
vn -0.149191 0.965813 0.212008
vn -0.528971 0.828985 0.181587
vn -0.362700 0.630782 0.685976
vn -0.369655 0.896610 -0.243815
vn -0.165426 0.842886 -0.512033
vn -0.291510 0.953318 -0.078787
vn -0.528971 0.828985 0.181587
vn -0.369655 0.896610 -0.243815
vn -0.541147 0.792114 -0.282338
vn -0.541147 0.792114 -0.282338
vn -0.369655 0.896610 -0.243815
vn -0.291510 0.953318 -0.078787
vn -0.528971 0.828985 0.181587
vn -0.541147 0.792114 -0.282338
vn -0.536716 0.805074 0.252572
vn -0.528971 0.828985 0.181587
vn -0.536716 0.805074 0.252572
vn -0.362700 0.630782 0.685976
vn -0.291510 0.953318 -0.078787
vn -0.165426 0.842886 -0.512033
vn -0.086443 0.990163 -0.110018
vn -0.086443 0.990163 -0.110018
vn -0.165426 0.842886 -0.512033
vn 0.149103 0.988791 0.007848
vn -0.086443 0.990163 -0.110018
vn 0.149103 0.988791 0.007848
vn -0.188271 0.980581 -0.054913
vn -0.086443 0.990163 -0.110018
vn -0.188271 0.980581 -0.054913
vn -0.291510 0.953318 -0.078787
vn -0.541147 0.792114 -0.282338
vn -0.291510 0.953318 -0.078787
vn -0.833690 0.542685 0.102245
vn -0.362700 0.630782 0.685976
vn -0.536716 0.805074 0.252572
vn -0.403216 0.703651 0.585058
vn -0.362700 0.630782 0.685976
vn -0.403216 0.703651 0.585058
vn -0.055151 0.740594 0.669686
vn -0.733626 0.670519 -0.110438
vn -0.536716 0.805074 0.252572
vn -0.541147 0.792114 -0.282338
vn -0.733626 0.670519 -0.110438
vn -0.541147 0.792114 -0.282338
vn -0.833690 0.542685 0.102245
vn -0.536716 0.805074 0.252572
vn -0.733626 0.670519 -0.110438
vn -0.880472 0.306593 0.361622
vn -0.403216 0.703651 0.585058
vn -0.536716 0.805074 0.252572
vn -0.597481 0.377357 0.707544
vn -0.597481 0.377357 0.707544
vn -0.536716 0.805074 0.252572
vn -0.880472 0.306593 0.361622
vn -0.055151 0.740594 0.669686
vn -0.403216 0.703651 0.585058
vn -0.682820 0.565093 0.463062
vn -0.682820 0.565093 0.463062
vn -0.403216 0.703651 0.585058
vn -0.597481 0.377357 0.707544
vn -0.880472 0.306593 0.361622
vn -0.733626 0.670519 -0.110438
vn -0.944794 -0.267692 -0.188959
vn -0.944794 -0.267692 -0.188959
vn -0.733626 0.670519 -0.110438
vn -0.833690 0.542685 0.102245
vn -0.597481 0.377357 0.707544
vn -0.880472 0.306593 0.361622
vn -0.612278 -0.722174 0.321838
vn -0.612278 -0.722174 0.321838
vn -0.880472 0.306593 0.361622
vn -0.944794 -0.267692 -0.188959
vn -0.597481 0.377357 0.707544
vn -0.612278 -0.722174 0.321838
vn -0.338446 -0.645409 0.684763
vn -0.597481 0.377357 0.707544
vn -0.338446 -0.645409 0.684763
vn -0.682820 0.565093 0.463062
vn -0.338446 -0.645409 0.684763
vn -0.612278 -0.722174 0.321838
vn 0.007868 -0.999195 0.039338
vn -0.612278 -0.722174 0.321838
vn -0.944794 -0.267692 -0.188959
vn -0.236986 -0.955843 -0.173790
vn -0.612278 -0.722174 0.321838
vn -0.236986 -0.955843 -0.173790
vn 0.007868 -0.999195 0.039338
vn -0.944794 -0.267692 -0.188959
vn -0.833690 0.542685 0.102245
vn -0.678175 -0.733376 -0.047315
vn -0.944794 -0.267692 -0.188959
vn -0.678175 -0.733376 -0.047315
vn -0.236986 -0.955843 -0.173790
vn -0.236986 -0.955843 -0.173790
vn -0.678175 -0.733376 -0.047315
vn -0.110182 -0.983764 -0.141662
vn -0.236986 -0.955843 -0.173790
vn -0.110182 -0.983764 -0.141662
vn 0.007868 -0.999195 0.039338
vn -0.338446 -0.645409 0.684763
vn 0.007868 -0.999195 0.039338
vn -0.275916 -0.953880 0.118250
vn -0.338446 -0.645409 0.684763
vn -0.275916 -0.953880 0.118250
vn -0.682820 0.565093 0.463062
vn -0.275916 -0.953880 0.118250
vn 0.007868 -0.999195 0.039338
vn 0.023597 -0.998948 0.039329
vn -0.682820 0.565093 0.463062
vn -0.275916 -0.953880 0.118250
vn -0.795029 -0.606111 0.023615
vn -0.795029 -0.606111 0.023615
vn -0.275916 -0.953880 0.118250
vn -0.480300 -0.669271 0.566912
vn -0.480300 -0.669271 0.566912
vn -0.275916 -0.953880 0.118250
vn 0.023597 -0.998948 0.039329
vn -0.682820 0.565093 0.463062
vn -0.795029 -0.606111 0.023615
vn -0.858214 0.338562 0.385803
vn -0.858214 0.338562 0.385803
vn -0.795029 -0.606111 0.023615
vn -0.480300 -0.669271 0.566912
vn -0.682820 0.565093 0.463062
vn -0.858214 0.338562 0.385803
vn -0.409056 0.912509 0.000000
vn -0.682820 0.565093 0.463062
vn -0.409056 0.912509 0.000000
vn -0.213148 0.955217 0.205253
vn -0.682820 0.565093 0.463062
vn -0.213148 0.955217 0.205253
vn -0.055151 0.740594 0.669686
vn -0.409056 0.912509 0.000000
vn -0.858214 0.338562 0.385803
vn -0.086582 0.850078 0.519492
vn -0.055151 0.740594 0.669686
vn -0.213148 0.955217 0.205253
vn 0.149181 0.973605 0.172736
vn -0.055151 0.740594 0.669686
vn 0.149181 0.973605 0.172736
vn 0.378505 0.654498 0.654498
vn 0.378505 0.654498 0.654498
vn 0.149181 0.973605 0.172736
vn 0.487585 0.613413 0.621277
vn -0.213148 0.955217 0.205253
vn -0.409056 0.912509 0.000000
vn 0.165017 0.966528 0.196449
vn -0.213148 0.955217 0.205253
vn 0.165017 0.966528 0.196449
vn 0.149181 0.973605 0.172736
vn 0.165017 0.966528 0.196449
vn -0.409056 0.912509 0.000000
vn -0.086582 0.850078 0.519492
vn 0.487585 0.613413 0.621277
vn 0.149181 0.973605 0.172736
vn 0.503625 0.810521 0.299027
vn 0.503625 0.810521 0.299027
vn 0.149181 0.973605 0.172736
vn 0.165017 0.966528 0.196449
vn 0.487585 0.613413 0.621277
vn 0.503625 0.810521 0.299027
vn 0.424710 -0.291005 0.857285
vn -0.284569 0.221332 0.932755
vn -0.086582 0.850078 0.519492
vn -0.858214 0.338562 0.385803
vn -0.284569 0.221332 0.932755
vn -0.858214 0.338562 0.385803
vn -0.480300 -0.669271 0.566912
vn 0.165017 0.966528 0.196449
vn -0.086582 0.850078 0.519492
vn 0.904811 0.377660 0.196698
vn 0.165017 0.966528 0.196449
vn 0.904811 0.377660 0.196698
vn 0.503625 0.810521 0.299027
vn 0.424710 -0.291005 0.857285
vn 0.503625 0.810521 0.299027
vn 0.682253 -0.674411 0.282312
vn 0.682253 -0.674411 0.282312
vn 0.503625 0.810521 0.299027
vn 0.904811 0.377660 0.196698
vn 0.424710 -0.291005 0.857285
vn 0.682253 -0.674411 0.282312
vn 0.023597 -0.998948 0.039329
vn 0.904811 0.377660 0.196698
vn -0.086582 0.850078 0.519492
vn 0.392971 0.353673 0.848816
vn 0.392971 0.353673 0.848816
vn -0.086582 0.850078 0.519492
vn -0.284569 0.221332 0.932755
vn 0.682253 -0.674411 0.282312
vn 0.904811 0.377660 0.196698
vn 0.723356 -0.597555 0.345953
vn 0.682253 -0.674411 0.282312
vn 0.723356 -0.597555 0.345953
vn 0.023597 -0.998948 0.039329
vn 0.723356 -0.597555 0.345953
vn 0.904811 0.377660 0.196698
vn 0.392971 0.353673 0.848816
vn 0.392971 0.353673 0.848816
vn -0.284569 0.221332 0.932755
vn 0.133817 -0.684827 0.716313
vn 0.392971 0.353673 0.848816
vn 0.133817 -0.684827 0.716313
vn 0.723356 -0.597555 0.345953
vn 0.133817 -0.684827 0.716313
vn -0.284569 0.221332 0.932755
vn -0.480300 -0.669271 0.566912
vn 0.723356 -0.597555 0.345953
vn 0.133817 -0.684827 0.716313
vn 0.023597 -0.998948 0.039329
vn 0.023597 -0.998948 0.039329
vn 0.133817 -0.684827 0.716313
vn -0.480300 -0.669271 0.566912
vn 0.220200 -0.975170 -0.023593
vn 0.023597 -0.998948 0.039329
vn 0.007868 -0.999195 0.039338
vn 0.220200 -0.975170 -0.023593
vn 0.007868 -0.999195 0.039338
vn -0.110182 -0.983764 -0.141662
vn 0.220200 -0.975170 -0.023593
vn -0.110182 -0.983764 -0.141662
vn 0.211812 -0.972766 -0.094139
vn 0.220200 -0.975170 -0.023593
vn 0.211812 -0.972766 -0.094139
vn 0.598277 -0.787206 0.149569
vn 0.220200 -0.975170 -0.023593
vn 0.598277 -0.787206 0.149569
vn 0.781176 -0.599691 -0.173595
vn 0.781176 -0.599691 -0.173595
vn 0.598277 -0.787206 0.149569
vn 0.806431 0.513902 0.292529
vn 0.598277 -0.787206 0.149569
vn 0.211812 -0.972766 -0.094139
vn 0.526369 -0.848476 0.054994
vn 0.806431 0.513902 0.292529
vn 0.598277 -0.787206 0.149569
vn 0.943362 -0.078614 0.322315
vn 0.943362 -0.078614 0.322315
vn 0.598277 -0.787206 0.149569
vn 0.526369 -0.848476 0.054994
vn 0.526369 -0.848476 0.054994
vn 0.211812 -0.972766 -0.094139
vn 0.493666 -0.462322 -0.736581
vn 0.943362 -0.078614 0.322315
vn 0.526369 -0.848476 0.054994
vn 0.889405 -0.023613 -0.456509
vn 0.889405 -0.023613 -0.456509
vn 0.526369 -0.848476 0.054994
vn 0.493666 -0.462322 -0.736581
vn 0.806431 0.513902 0.292529
vn 0.943362 -0.078614 0.322315
vn 0.619956 0.776907 0.109866
vn 0.619956 0.776907 0.109866
vn 0.943362 -0.078614 0.322315
vn 0.889405 -0.023613 -0.456509
vn 0.806431 0.513902 0.292529
vn 0.619956 0.776907 0.109866
vn 0.212856 0.946026 0.244390
vn 0.806431 0.513902 0.292529
vn 0.212856 0.946026 0.244390
vn 0.149103 0.988791 0.007848
vn 0.619956 0.776907 0.109866
vn 0.889405 -0.023613 -0.456509
vn 0.306205 0.863655 -0.400422
vn 0.619956 0.776907 0.109866
vn 0.306205 0.863655 -0.400422
vn 0.212856 0.946026 0.244390
vn 0.149103 0.988791 0.007848
vn 0.212856 0.946026 0.244390
vn 0.007870 0.999473 -0.031479
vn 0.007870 0.999473 -0.031479
vn 0.212856 0.946026 0.244390
vn 0.306205 0.863655 -0.400422
vn 0.149103 0.988791 0.007848
vn 0.007870 0.999473 -0.031479
vn -0.188271 0.980581 -0.054913
vn 0.306205 0.863655 -0.400422
vn 0.889405 -0.023613 -0.456509
vn 0.433906 0.544354 -0.717917
vn 0.433906 0.544354 -0.717917
vn 0.889405 -0.023613 -0.456509
vn 0.493666 -0.462322 -0.736581
vn 0.007870 0.999473 -0.031479
vn 0.306205 0.863655 -0.400422
vn 0.086523 0.873096 -0.479810
vn 0.086523 0.873096 -0.479810
vn 0.306205 0.863655 -0.400422
vn 0.433906 0.544354 -0.717917
vn -0.188271 0.980581 -0.054913
vn 0.007870 0.999473 -0.031479
vn -0.181888 0.838266 -0.514031
vn -0.181888 0.838266 -0.514031
vn 0.007870 0.999473 -0.031479
vn 0.086523 0.873096 -0.479810
vn 0.086523 0.873096 -0.479810
vn 0.433906 0.544354 -0.717917
vn 0.180360 0.572448 -0.799859
vn 0.180360 0.572448 -0.799859
vn 0.433906 0.544354 -0.717917
vn 0.493666 -0.462322 -0.736581
vn 0.086523 0.873096 -0.479810
vn 0.180360 0.572448 -0.799859
vn -0.181888 0.838266 -0.514031
vn 0.180360 0.572448 -0.799859
vn 0.493666 -0.462322 -0.736581
vn 0.236838 -0.402625 -0.884195
vn -0.181888 0.838266 -0.514031
vn 0.180360 0.572448 -0.799859
vn -0.283667 0.102435 -0.953436
vn -0.283667 0.102435 -0.953436
vn 0.180360 0.572448 -0.799859
vn 0.236838 -0.402625 -0.884195
vn 0.236838 -0.402625 -0.884195
vn 0.493666 -0.462322 -0.736581
vn -0.094512 -0.858481 -0.504062
vn 0.236838 -0.402625 -0.884195
vn -0.094512 -0.858481 -0.504062
vn -0.283667 0.102435 -0.953436
vn -0.094512 -0.858481 -0.504062
vn 0.493666 -0.462322 -0.736581
vn 0.211812 -0.972766 -0.094139
vn -0.094512 -0.858481 -0.504062
vn 0.211812 -0.972766 -0.094139
vn -0.110182 -0.983764 -0.141662
vn -0.181888 0.838266 -0.514031
vn -0.283667 0.102435 -0.953436
vn -0.188185 0.666487 -0.721375
vn -0.181888 0.838266 -0.514031
vn -0.188185 0.666487 -0.721375
vn -0.188271 0.980581 -0.054913
vn -0.283667 0.102435 -0.953436
vn -0.094512 -0.858481 -0.504062
vn -0.173057 -0.676495 -0.715826
vn -0.173057 -0.676495 -0.715826
vn -0.094512 -0.858481 -0.504062
vn -0.110182 -0.983764 -0.141662
vn -0.283667 0.102435 -0.953436
vn -0.173057 -0.676495 -0.715826
vn -0.188185 0.666487 -0.721375
vn -0.173057 -0.676495 -0.715826
vn -0.110182 -0.983764 -0.141662
vn -0.567757 -0.812208 -0.134054
vn -0.567757 -0.812208 -0.134054
vn -0.110182 -0.983764 -0.141662
vn -0.678175 -0.733376 -0.047315
vn -0.188185 0.666487 -0.721375
vn -0.173057 -0.676495 -0.715826
vn -0.283887 -0.094629 -0.954177
vn -0.283887 -0.094629 -0.954177
vn -0.173057 -0.676495 -0.715826
vn -0.567757 -0.812208 -0.134054
vn -0.180957 0.983460 -0.007868
vn -0.188271 0.980581 -0.054913
vn -0.188185 0.666487 -0.721375
vn -0.188271 0.980581 -0.054913
vn -0.180957 0.983460 -0.007868
vn -0.291510 0.953318 -0.078787
vn -0.188185 0.666487 -0.721375
vn -0.283887 -0.094629 -0.954177
vn -0.102461 0.906383 -0.409843
vn -0.188185 0.666487 -0.721375
vn -0.102461 0.906383 -0.409843
vn -0.180957 0.983460 -0.007868
vn -0.291510 0.953318 -0.078787
vn -0.180957 0.983460 -0.007868
vn -0.212178 0.864428 0.455790
vn -0.212178 0.864428 0.455790
vn -0.180957 0.983460 -0.007868
vn -0.102461 0.906383 -0.409843
vn -0.291510 0.953318 -0.078787
vn -0.212178 0.864428 0.455790
vn -0.833690 0.542685 0.102245
vn -0.903804 0.055014 -0.424395
vn -0.283887 -0.094629 -0.954177
vn -0.567757 -0.812208 -0.134054
vn -0.102461 0.906383 -0.409843
vn -0.283887 -0.094629 -0.954177
vn -0.481076 0.875401 -0.047319
vn -0.102461 0.906383 -0.409843
vn -0.481076 0.875401 -0.047319
vn -0.212178 0.864428 0.455790
vn -0.481076 0.875401 -0.047319
vn -0.283887 -0.094629 -0.954177
vn -0.903804 0.055014 -0.424395
vn -0.833690 0.542685 0.102245
vn -0.212178 0.864428 0.455790
vn -0.888306 0.055028 0.455944
vn -0.888306 0.055028 0.455944
vn -0.212178 0.864428 0.455790
vn -0.481076 0.875401 -0.047319
vn -0.888306 0.055028 0.455944
vn -0.481076 0.875401 -0.047319
vn -0.903804 0.055014 -0.424395
vn -0.888306 0.055028 0.455944
vn -0.903804 0.055014 -0.424395
vn -0.567757 -0.812208 -0.134054
vn -0.833690 0.542685 0.102245
vn -0.888306 0.055028 0.455944
vn -0.678175 -0.733376 -0.047315
vn -0.678175 -0.733376 -0.047315
vn -0.888306 0.055028 0.455944
vn -0.567757 -0.812208 -0.134054
vn 0.996393 0.047074 0.070611
vn 0.007889 -0.560133 0.828365
vn 0.867973 0.347189 0.355080
vn 0.996393 0.047074 0.070611
vn 0.867973 0.347189 0.355080
vn 0.102109 0.926838 -0.361310
vn 0.007889 -0.560133 0.828365
vn 0.996393 0.047074 0.070611
vn 0.133817 -0.716313 0.684827
vn 0.102109 0.926838 -0.361310
vn 0.867973 0.347189 0.355080
vn 0.757598 0.631332 -0.165725
vn 0.007889 -0.560133 0.828365
vn 0.133817 -0.716313 0.684827
vn -0.425026 -0.432896 0.794955
vn 0.007889 -0.560133 0.828365
vn -0.425026 -0.432896 0.794955
vn -0.700744 -0.527526 0.480285
vn 0.133817 -0.716313 0.684827
vn 0.996393 0.047074 0.070611
vn 0.738602 0.628598 0.243582
vn 0.738602 0.628598 0.243582
vn 0.996393 0.047074 0.070611
vn -0.054994 0.848476 -0.526369
vn -0.054994 0.848476 -0.526369
vn 0.996393 0.047074 0.070611
vn 0.102109 0.926838 -0.361310
vn 0.133817 -0.716313 0.684827
vn 0.738602 0.628598 0.243582
vn -0.015790 0.268425 0.963171
vn 0.738602 0.628598 0.243582
vn -0.054994 0.848476 -0.526369
vn -0.879033 0.400274 0.259001
vn 0.738602 0.628598 0.243582
vn -0.879033 0.400274 0.259001
vn -0.015790 0.268425 0.963171
vn -0.879033 0.400274 0.259001
vn -0.054994 0.848476 -0.526369
vn 0.102109 0.926838 -0.361310
vn 0.133817 -0.716313 0.684827
vn -0.015790 0.268425 0.963171
vn -0.948683 -0.189737 0.252982
vn -0.948683 -0.189737 0.252982
vn -0.015790 0.268425 0.963171
vn -0.879033 0.400274 0.259001
vn -0.948683 -0.189737 0.252982
vn -0.879033 0.400274 0.259001
vn 0.102109 0.926838 -0.361310
vn 0.133817 -0.716313 0.684827
vn -0.948683 -0.189737 0.252982
vn -0.425026 -0.432896 0.794955
vn -0.948683 -0.189737 0.252982
vn 0.102109 0.926838 -0.361310
vn -0.322815 0.936950 0.133850
vn -0.948683 -0.189737 0.252982
vn -0.322815 0.936950 0.133850
vn -0.425026 -0.432896 0.794955
vn -0.322815 0.936950 0.133850
vn 0.102109 0.926838 -0.361310
vn 0.757598 0.631332 -0.165725
vn 0.868541 0.426375 -0.252667
vn 0.757598 0.631332 -0.165725
vn 0.867973 0.347189 0.355080
vn 0.757598 0.631332 -0.165725
vn 0.868541 0.426375 -0.252667
vn -0.015744 0.763590 -0.645509
vn 0.757598 0.631332 -0.165725
vn -0.015744 0.763590 -0.645509
vn -0.094512 0.598574 -0.795473
vn 0.757598 0.631332 -0.165725
vn -0.094512 0.598574 -0.795473
vn 0.708837 0.700961 0.078760
vn 0.757598 0.631332 -0.165725
vn 0.708837 0.700961 0.078760
vn -0.322815 0.936950 0.133850
vn 0.708837 0.700961 0.078760
vn -0.094512 0.598574 -0.795473
vn -0.907088 0.410162 0.094653
vn -0.907088 0.410162 0.094653
vn -0.094512 0.598574 -0.795473
vn -0.015744 0.763590 -0.645509
vn 0.708837 0.700961 0.078760
vn -0.907088 0.410162 0.094653
vn -0.086352 0.510263 0.855672
vn 0.708837 0.700961 0.078760
vn -0.086352 0.510263 0.855672
vn -0.322815 0.936950 0.133850
vn -0.086352 0.510263 0.855672
vn -0.907088 0.410162 0.094653
vn -0.926695 -0.164920 -0.337694
vn -0.926695 -0.164920 -0.337694
vn -0.907088 0.410162 0.094653
vn -0.015744 0.763590 -0.645509
vn -0.086352 0.510263 0.855672
vn -0.926695 -0.164920 -0.337694
vn -0.322815 0.936950 0.133850
vn 0.890592 0.449237 0.070932
vn -0.015744 0.763590 -0.645509
vn 0.868541 0.426375 -0.252667
vn 0.580665 0.800376 -0.149090
vn -0.425026 -0.432896 0.794955
vn -0.322815 0.936950 0.133850
vn -0.926695 -0.164920 -0.337694
vn -0.015744 0.763590 -0.645509
vn -0.298593 0.911495 0.282878
vn -0.298593 0.911495 0.282878
vn -0.015744 0.763590 -0.645509
vn 0.890592 0.449237 0.070932
vn 0.890592 0.449237 0.070932
vn 0.868541 0.426375 -0.252667
vn 0.313834 -0.768894 -0.557056
vn 0.313834 -0.768894 -0.557056
vn 0.868541 0.426375 -0.252667
vn -0.047190 0.007865 -0.998855
vn -0.298593 0.911495 0.282878
vn 0.890592 0.449237 0.070932
vn 0.972646 -0.047064 -0.227474
vn 0.313834 -0.768894 -0.557056
vn -0.047190 0.007865 -0.998855
vn -0.987970 -0.078410 -0.133297
vn -0.987970 -0.078410 -0.133297
vn -0.047190 0.007865 -0.998855
vn -0.926695 -0.164920 -0.337694
vn -0.987970 -0.078410 -0.133297
vn -0.926695 -0.164920 -0.337694
vn -0.298593 0.911495 0.282878
vn 0.890592 0.449237 0.070932
vn 0.313834 -0.768894 -0.557056
vn 0.133552 -0.746321 -0.652049
vn 0.890592 0.449237 0.070932
vn 0.133552 -0.746321 -0.652049
vn 0.972646 -0.047064 -0.227474
vn 0.313834 -0.768894 -0.557056
vn -0.987970 -0.078410 -0.133297
vn -0.903470 -0.282825 -0.322107
vn 0.313834 -0.768894 -0.557056
vn -0.903470 -0.282825 -0.322107
vn 0.133552 -0.746321 -0.652049
vn -0.987970 -0.078410 -0.133297
vn -0.298593 0.911495 0.282878
vn -0.102236 0.817884 0.566227
vn -0.987970 -0.078410 -0.133297
vn -0.102236 0.817884 0.566227
vn -0.903470 -0.282825 -0.322107
vn -0.102236 0.817884 0.566227
vn -0.298593 0.911495 0.282878
vn 0.972646 -0.047064 -0.227474
vn -0.903470 -0.282825 -0.322107
vn -0.102236 0.817884 0.566227
vn -0.078730 0.724320 0.684954
vn 0.972646 -0.047064 -0.227474
vn 0.133552 -0.746321 -0.652049
vn -0.071038 -0.228901 -0.970854
vn -0.071038 -0.228901 -0.970854
vn 0.133552 -0.746321 -0.652049
vn -0.903470 -0.282825 -0.322107
vn 0.972646 -0.047064 -0.227474
vn -0.071038 -0.228901 -0.970854
vn -0.054982 0.408437 -0.911129
vn -0.071038 -0.228901 -0.970854
vn -0.903470 -0.282825 -0.322107
vn -0.887429 0.447641 -0.109947
vn -0.887429 0.447641 -0.109947
vn -0.903470 -0.282825 -0.322107
vn -0.078730 0.724320 0.684954
vn -0.071038 -0.228901 -0.970854
vn -0.887429 0.447641 -0.109947
vn -0.054982 0.408437 -0.911129
vn -0.078730 0.724320 0.684954
vn -0.102236 0.817884 0.566227
vn 0.694206 0.709983 -0.118331
vn -0.078730 0.724320 0.684954
vn 0.694206 0.709983 -0.118331
vn -0.887429 0.447641 -0.109947
vn 0.694206 0.709983 -0.118331
vn -0.102236 0.817884 0.566227
vn 0.972646 -0.047064 -0.227474
vn -0.887429 0.447641 -0.109947
vn 0.694206 0.709983 -0.118331
vn -0.054982 0.408437 -0.911129
vn -0.054982 0.408437 -0.911129
vn 0.694206 0.709983 -0.118331
vn 0.972646 -0.047064 -0.227474
vn -0.505191 0.134191 -0.852511
vn -0.322815 0.936950 0.133850
vn -0.926695 -0.164920 -0.337694
vn -0.322815 0.936950 0.133850
vn -0.505191 0.134191 -0.852511
vn 0.580665 0.800376 -0.149090
vn -0.505191 0.134191 -0.852511
vn -0.926695 -0.164920 -0.337694
vn -0.675076 -0.690775 0.259041
vn -0.675076 -0.690775 0.259041
vn -0.926695 -0.164920 -0.337694
vn -0.700744 -0.527526 0.480285
vn -0.505191 0.134191 -0.852511
vn -0.675076 -0.690775 0.259041
vn -0.865097 0.330310 0.377497
vn -0.675076 -0.690775 0.259041
vn -0.700744 -0.527526 0.480285
vn 0.323749 -0.110549 0.939662
vn 0.323749 -0.110549 0.939662
vn -0.700744 -0.527526 0.480285
vn -0.425026 -0.432896 0.794955
vn 0.323749 -0.110549 0.939662
vn -0.425026 -0.432896 0.794955
vn 0.580665 0.800376 -0.149090
vn -0.675076 -0.690775 0.259041
vn 0.323749 -0.110549 0.939662
vn 0.126262 0.465593 0.875946
vn -0.675076 -0.690775 0.259041
vn 0.126262 0.465593 0.875946
vn -0.865097 0.330310 0.377497
vn 0.323749 -0.110549 0.939662
vn 0.580665 0.800376 -0.149090
vn 0.456128 0.872934 -0.173014
vn 0.323749 -0.110549 0.939662
vn 0.456128 0.872934 -0.173014
vn 0.126262 0.465593 0.875946
vn -0.558605 0.511399 -0.653017
vn 0.580665 0.800376 -0.149090
vn -0.505191 0.134191 -0.852511
vn 0.580665 0.800376 -0.149090
vn -0.558605 0.511399 -0.653017
vn 0.456128 0.872934 -0.173014
vn -0.558605 0.511399 -0.653017
vn -0.505191 0.134191 -0.852511
vn -0.865097 0.330310 0.377497
vn 0.456128 0.872934 -0.173014
vn -0.558605 0.511399 -0.653017
vn 0.126262 0.465593 0.875946
vn 0.126262 0.465593 0.875946
vn -0.558605 0.511399 -0.653017
vn -0.865097 0.330310 0.377497
vn 0.062990 -0.984222 -0.165349
vn 0.612656 -0.777602 -0.141382
vn 0.244238 -0.929682 0.275753
vn 0.062990 -0.984222 -0.165349
vn 0.244238 -0.929682 0.275753
vn -0.039393 -0.953318 0.299389
vn 0.062990 -0.984222 -0.165349
vn -0.039393 -0.953318 0.299389
vn -0.536348 -0.843960 0.007887
vn -0.536348 -0.843960 0.007887
vn -0.039393 -0.953318 0.299389
vn -0.417776 -0.898613 0.134004
vn -0.417776 -0.898613 0.134004
vn -0.039393 -0.953318 0.299389
vn 0.244238 -0.929682 0.275753
vn 0.062990 -0.984222 -0.165349
vn -0.536348 -0.843960 0.007887
vn -0.574447 -0.503625 -0.645269
vn -0.536348 -0.843960 0.007887
vn -0.417776 -0.898613 0.134004
vn -0.992711 -0.118180 0.023636
vn -0.536348 -0.843960 0.007887
vn -0.992711 -0.118180 0.023636
vn -0.574447 -0.503625 -0.645269
vn 0.062990 -0.984222 -0.165349
vn -0.574447 -0.503625 -0.645269
vn 0.070654 -0.573083 -0.816446
vn 0.062990 -0.984222 -0.165349
vn 0.070654 -0.573083 -0.816446
vn 0.612656 -0.777602 -0.141382
vn -0.574447 -0.503625 -0.645269
vn -0.992711 -0.118180 0.023636
vn -0.810898 0.393640 -0.433004
vn 0.070654 -0.573083 -0.816446
vn -0.574447 -0.503625 -0.645269
vn -0.236133 0.228262 -0.944531
vn -0.236133 0.228262 -0.944531
vn -0.574447 -0.503625 -0.645269
vn -0.810898 0.393640 -0.433004
vn 0.070654 -0.573083 -0.816446
vn -0.236133 0.228262 -0.944531
vn 0.526890 -0.322425 -0.786403
vn 0.070654 -0.573083 -0.816446
vn 0.526890 -0.322425 -0.786403
vn 0.612656 -0.777602 -0.141382
vn -0.236133 0.228262 -0.944531
vn -0.810898 0.393640 -0.433004
vn -0.377777 0.755554 -0.535184
vn -0.810898 0.393640 -0.433004
vn -0.992711 -0.118180 0.023636
vn -0.919438 0.392922 -0.015717
vn -0.919438 0.392922 -0.015717
vn -0.992711 -0.118180 0.023636
vn -0.417776 -0.898613 0.134004
vn -0.377777 0.755554 -0.535184
vn -0.810898 0.393640 -0.433004
vn -0.718767 0.695072 -0.015797
vn -0.718767 0.695072 -0.015797
vn -0.810898 0.393640 -0.433004
vn -0.919438 0.392922 -0.015717
vn -0.236133 0.228262 -0.944531
vn -0.377777 0.755554 -0.535184
vn 0.189170 0.662095 -0.725152
vn -0.236133 0.228262 -0.944531
vn 0.189170 0.662095 -0.725152
vn 0.526890 -0.322425 -0.786403
vn -0.377777 0.755554 -0.535184
vn -0.718767 0.695072 -0.015797
vn -0.078555 0.974086 -0.212099
vn -0.377777 0.755554 -0.535184
vn -0.078555 0.974086 -0.212099
vn 0.189170 0.662095 -0.725152
vn -0.078555 0.974086 -0.212099
vn -0.718767 0.695072 -0.015797
vn -0.432201 0.887976 0.157164
vn -0.432201 0.887976 0.157164
vn -0.718767 0.695072 -0.015797
vn -0.919438 0.392922 -0.015717
vn 0.189170 0.662095 -0.725152
vn -0.078555 0.974086 -0.212099
vn 0.606111 0.621855 -0.495909
vn 0.189170 0.662095 -0.725152
vn 0.606111 0.621855 -0.495909
vn 0.526890 -0.322425 -0.786403
vn 0.606111 0.621855 -0.495909
vn -0.078555 0.974086 -0.212099
vn 0.197414 0.979175 -0.047379
vn 0.197414 0.979175 -0.047379
vn -0.078555 0.974086 -0.212099
vn -0.432201 0.887976 0.157164
vn 0.526890 -0.322425 -0.786403
vn 0.606111 0.621855 -0.495909
vn 0.941502 -0.070613 -0.329526
vn 0.526890 -0.322425 -0.786403
vn 0.941502 -0.070613 -0.329526
vn 0.612656 -0.777602 -0.141382
vn 0.606111 0.621855 -0.495909
vn 0.197414 0.979175 -0.047379
vn 0.900209 0.434311 0.031586
vn 0.606111 0.621855 -0.495909
vn 0.900209 0.434311 0.031586
vn 0.941502 -0.070613 -0.329526
vn 0.197414 0.979175 -0.047379
vn -0.432201 0.887976 0.157164
vn -0.023593 0.912255 0.408942
vn 0.612656 -0.777602 -0.141382
vn 0.941502 -0.070613 -0.329526
vn 0.770985 -0.566438 0.291086
vn 0.770985 -0.566438 0.291086
vn 0.941502 -0.070613 -0.329526
vn 0.900209 0.434311 0.031586
vn 0.612656 -0.777602 -0.141382
vn 0.770985 -0.566438 0.291086
vn 0.244238 -0.929682 0.275753
vn 0.900209 0.434311 0.031586
vn 0.197414 0.979175 -0.047379
vn 0.536499 0.560168 0.631175
vn 0.536499 0.560168 0.631175
vn 0.197414 0.979175 -0.047379
vn -0.023593 0.912255 0.408942
vn 0.770985 -0.566438 0.291086
vn 0.900209 0.434311 0.031586
vn 0.616394 -0.410929 0.671711
vn 0.770985 -0.566438 0.291086
vn 0.616394 -0.410929 0.671711
vn 0.244238 -0.929682 0.275753
vn 0.616394 -0.410929 0.671711
vn 0.900209 0.434311 0.031586
vn 0.536499 0.560168 0.631175
vn -0.141561 0.707806 0.692077
vn -0.023593 0.912255 0.408942
vn -0.432201 0.887976 0.157164
vn -0.023593 0.912255 0.408942
vn -0.141561 0.707806 0.692077
vn 0.536499 0.560168 0.631175
vn 0.616394 -0.410929 0.671711
vn 0.536499 0.560168 0.631175
vn -0.063242 0.529648 0.845856
vn -0.063242 0.529648 0.845856
vn 0.536499 0.560168 0.631175
vn -0.141561 0.707806 0.692077
vn 0.616394 -0.410929 0.671711
vn -0.063242 0.529648 0.845856
vn 0.243815 -0.495495 0.833690
vn 0.243815 -0.495495 0.833690
vn -0.063242 0.529648 0.845856
vn -0.141561 0.707806 0.692077
vn 0.616394 -0.410929 0.671711
vn 0.243815 -0.495495 0.833690
vn 0.244238 -0.929682 0.275753
vn -0.141561 0.707806 0.692077
vn -0.432201 0.887976 0.157164
vn -0.441054 0.882109 0.165395
vn -0.441054 0.882109 0.165395
vn -0.432201 0.887976 0.157164
vn -0.919438 0.392922 -0.015717
vn -0.141561 0.707806 0.692077
vn -0.441054 0.882109 0.165395
vn -0.015713 0.502832 0.864242
vn -0.141561 0.707806 0.692077
vn -0.015713 0.502832 0.864242
vn 0.243815 -0.495495 0.833690
vn 0.244238 -0.929682 0.275753
vn 0.243815 -0.495495 0.833690
vn 0.275241 -0.880771 0.385337
vn 0.244238 -0.929682 0.275753
vn 0.275241 -0.880771 0.385337
vn -0.417776 -0.898613 0.134004
vn 0.275241 -0.880771 0.385337
vn 0.243815 -0.495495 0.833690
vn -0.125782 -0.935501 0.330177
vn 0.275241 -0.880771 0.385337
vn -0.125782 -0.935501 0.330177
vn -0.417776 -0.898613 0.134004
vn 0.243815 -0.495495 0.833690
vn -0.015713 0.502832 0.864242
vn -0.039325 -0.424710 0.904475
vn 0.243815 -0.495495 0.833690
vn -0.039325 -0.424710 0.904475
vn -0.125782 -0.935501 0.330177
vn -0.659702 0.620434 0.424094
vn -0.015713 0.502832 0.864242
vn -0.441054 0.882109 0.165395
vn -0.015713 0.502832 0.864242
vn -0.659702 0.620434 0.424094
vn -0.039325 -0.424710 0.904475
vn -0.659702 0.620434 0.424094
vn -0.441054 0.882109 0.165395
vn -0.919438 0.392922 -0.015717
vn -0.125782 -0.935501 0.330177
vn -0.039325 -0.424710 0.904475
vn -0.834853 -0.307163 0.456806
vn -0.834853 -0.307163 0.456806
vn -0.039325 -0.424710 0.904475
vn -0.659702 0.620434 0.424094
vn -0.872610 -0.408790 -0.267286
vn -0.417776 -0.898613 0.134004
vn -0.125782 -0.935501 0.330177
vn -0.417776 -0.898613 0.134004
vn -0.872610 -0.408790 -0.267286
vn -0.919438 0.392922 -0.015717
vn -0.872610 -0.408790 -0.267286
vn -0.125782 -0.935501 0.330177
vn -0.834853 -0.307163 0.456806
vn -0.919438 0.392922 -0.015717
vn -0.872610 -0.408790 -0.267286
vn -0.659702 0.620434 0.424094
vn -0.659702 0.620434 0.424094
vn -0.872610 -0.408790 -0.267286
vn -0.834853 -0.307163 0.456806
s off
g SM_Dantooine_Tree_Wide_A:geometry_0
usemtl initialShadingGroup
f 1//1 2//2 3//3
f 1//4 3//5 4//6
f 3//7 2//8 5//9
f 4//10 3//11 6//12
f 6//13 3//14 5//15
f 1//16 4//17 7//18
f 7//19 4//20 8//21
f 1//22 7//23 9//24
f 1//25 9//26 2//27
f 7//28 8//29 10//30
f 8//31 4//32 11//33
f 8//34 11//35 10//36
f 7//37 10//38 12//39
f 7//40 12//41 9//42
f 12//43 10//44 13//45
f 13//46 10//47 11//48
f 12//49 13//50 14//51
f 12//52 14//53 9//54
f 14//55 13//56 15//57
f 14//58 15//59 9//60
f 15//61 13//62 11//63
f 16//64 11//65 4//66
f 16//67 4//68 6//69
f 15//70 11//71 17//72
f 9//73 15//74 18//75
f 18//76 15//77 17//78
f 17//79 11//80 19//81
f 19//82 11//83 16//84
f 18//85 17//86 20//87
f 17//88 19//89 21//90
f 17//91 21//92 20//93
f 19//94 16//95 22//96
f 19//97 22//98 21//99
f 18//100 20//101 23//102
f 18//103 23//104 9//105
f 23//106 20//107 24//108
f 24//109 20//110 21//111
f 9//112 23//113 25//114
f 9//115 25//116 2//117
f 23//118 24//119 26//120
f 23//121 26//122 25//123
f 24//124 21//125 27//126
f 24//127 27//128 26//129
f 25//130 26//131 28//132
f 25//133 28//134 2//135
f 28//136 26//137 29//138
f 26//139 27//140 30//141
f 26//142 30//143 29//144
f 27//145 21//146 31//147
f 30//148 27//149 32//150
f 32//151 27//152 31//153
f 29//154 30//155 33//156
f 29//157 33//158 28//159
f 30//160 32//161 34//162
f 30//163 34//164 33//165
f 28//166 33//167 35//168
f 35//169 33//170 34//171
f 28//172 35//173 2//174
f 34//175 32//176 36//177
f 36//178 32//179 31//180
f 35//181 34//182 37//183
f 37//184 34//185 36//186
f 2//187 35//188 38//189
f 35//190 37//191 39//192
f 35//193 39//194 38//195
f 37//196 36//197 40//198
f 37//199 40//200 39//201
f 39//202 40//203 41//204
f 39//205 41//206 38//207
f 40//208 36//209 42//210
f 40//211 42//212 41//213
f 43//214 36//215 31//216
f 36//217 43//218 42//219
f 38//220 41//221 44//222
f 44//223 41//224 42//225
f 38//226 44//227 45//228
f 38//229 45//230 46//231
f 38//232 46//233 2//234
f 45//235 44//236 47//237
f 44//238 42//239 48//240
f 44//241 48//242 47//243
f 2//244 46//245 49//246
f 46//247 45//248 50//249
f 50//250 45//251 47//252
f 46//253 50//254 49//255
f 2//256 49//257 5//258
f 50//259 47//260 51//261
f 49//262 50//263 52//264
f 52//265 50//266 51//267
f 51//268 47//269 53//270
f 51//271 53//272 52//273
f 53//274 47//275 48//276
f 49//277 52//278 54//279
f 54//280 52//281 53//282
f 49//283 54//284 5//285
f 53//286 48//287 55//288
f 53//289 55//290 54//291
f 55//292 48//293 42//294
f 5//295 54//296 56//297
f 56//298 54//299 55//300
f 5//301 56//302 6//303
f 55//304 42//305 57//306
f 57//307 42//308 43//309
f 56//310 55//311 58//312
f 58//313 55//314 57//315
f 56//316 58//317 6//318
f 57//319 43//320 59//321
f 59//322 43//323 31//324
f 58//325 57//326 60//327
f 60//328 57//329 59//330
f 6//331 58//332 61//333
f 61//334 58//335 60//336
f 6//337 61//338 16//339
f 59//340 31//341 62//342
f 59//343 62//344 60//345
f 62//346 31//347 21//348
f 62//349 21//350 22//351
f 16//352 61//353 63//354
f 16//355 63//356 22//357
f 63//358 61//359 60//360
f 22//361 63//362 62//363
f 62//364 63//365 60//366
f 64//367 65//368 66//369
f 64//370 66//371 67//372
f 64//373 67//374 65//375
f 67//376 66//377 68//378
f 67//379 68//380 69//381
f 67//382 69//383 65//384
f 68//385 66//386 70//387
f 70//388 66//389 65//390
f 68//391 70//392 71//393
f 68//394 71//395 69//396
f 70//397 65//398 72//399
f 65//400 69//401 73//402
f 65//403 73//404 72//405
f 70//406 72//407 74//408
f 70//409 74//410 71//411
f 72//412 73//413 75//414
f 72//415 75//416 74//417
f 73//418 69//419 76//420
f 73//421 76//422 75//423
f 77//424 69//425 71//426
f 69//427 77//428 76//429
f 77//430 71//431 78//432
f 79//433 71//434 74//435
f 71//436 79//437 78//438
f 76//439 77//440 80//441
f 80//442 77//443 78//444
f 81//445 75//446 76//447
f 81//448 76//449 82//450
f 76//451 80//452 83//453
f 76//454 83//455 82//456
f 80//457 78//458 84//459
f 84//460 78//461 85//462
f 80//463 84//464 86//465
f 85//466 78//467 87//468
f 87//469 78//470 79//471
f 84//472 85//473 88//474
f 84//475 88//476 86//477
f 89//478 83//479 80//480
f 88//481 85//482 90//483
f 89//484 80//485 91//486
f 91//487 80//488 86//489
f 86//490 88//491 92//492
f 91//493 86//494 93//495
f 92//496 88//497 94//498
f 94//499 88//500 90//501
f 86//502 92//503 95//504
f 86//505 95//506 93//507
f 91//508 93//509 96//510
f 96//511 93//512 90//513
f 96//514 90//515 85//516
f 90//517 93//518 97//519
f 97//520 93//521 95//522
f 90//523 97//524 94//525
f 91//526 96//527 98//528
f 91//529 98//530 89//531
f 96//532 85//533 99//534
f 94//535 97//536 100//537
f 100//538 97//539 95//540
f 94//541 100//542 101//543
f 101//544 100//545 102//546
f 102//547 100//548 95//549
f 94//550 101//551 103//552
f 103//553 101//554 102//555
f 103//556 102//557 95//558
f 94//559 103//560 92//561
f 87//562 99//563 85//564
f 103//565 95//566 104//567
f 92//568 103//569 105//570
f 105//571 103//572 104//573
f 106//574 95//575 92//576
f 95//577 106//578 104//579
f 106//580 92//581 105//582
f 104//583 106//584 107//585
f 106//586 105//587 108//588
f 106//589 108//590 107//591
f 105//592 104//593 109//594
f 105//595 109//596 108//597
f 109//598 104//599 107//600
f 109//601 107//602 108//603
f 110//604 99//605 87//606
f 110//607 87//608 111//609
f 111//610 87//611 112//612
f 112//613 87//614 79//615
f 112//616 79//617 113//618
f 113//619 79//620 114//621
f 114//622 79//623 74//624
f 112//625 113//626 115//627
f 113//628 114//629 116//630
f 113//631 116//632 115//633
f 114//634 74//635 117//636
f 114//637 117//638 116//639
f 112//640 115//641 118//642
f 115//643 116//644 119//645
f 115//646 119//647 118//648
f 119//649 116//650 120//651
f 119//652 120//653 121//654
f 121//655 120//656 116//657
f 119//658 121//659 118//660
f 121//661 116//662 117//663
f 121//664 117//665 118//666
f 122//667 112//668 118//669
f 122//670 118//671 117//672
f 112//673 122//674 111//675
f 122//676 117//677 123//678
f 123//679 117//680 74//681
f 111//682 122//683 124//684
f 124//685 122//686 123//687
f 124//688 123//689 125//690
f 111//691 124//692 126//693
f 124//694 125//695 127//696
f 111//697 126//698 128//699
f 126//700 124//701 129//702
f 129//703 124//704 127//705
f 111//706 128//707 110//708
f 128//709 126//710 130//711
f 126//712 129//713 131//714
f 126//715 131//716 130//717
f 129//718 127//719 132//720
f 129//721 132//722 131//723
f 133//724 127//725 125//726
f 133//727 125//728 123//729
f 127//730 133//731 134//732
f 127//733 134//734 135//735
f 127//736 135//737 132//738
f 134//739 133//740 136//741
f 134//742 136//743 135//744
f 133//745 123//746 137//747
f 133//748 137//749 136//750
f 136//751 137//752 138//753
f 136//754 138//755 135//756
f 138//757 137//758 139//759
f 138//760 139//761 135//762
f 139//763 137//764 123//765
f 135//766 139//767 132//768
f 139//769 123//770 140//771
f 140//772 123//773 74//774
f 132//775 139//776 141//777
f 141//778 139//779 140//780
f 140//781 74//782 75//783
f 132//784 141//785 142//786
f 132//787 142//788 143//789
f 142//790 141//791 144//792
f 132//793 143//794 131//795
f 144//796 141//797 145//798
f 145//799 141//800 140//801
f 142//802 144//803 146//804
f 142//805 146//806 143//807
f 146//808 144//809 147//810
f 147//811 144//812 145//813
f 143//814 146//815 148//816
f 148//817 146//818 147//819
f 147//820 145//821 149//822
f 147//823 149//824 148//825
f 148//826 149//827 145//828
f 148//829 145//830 150//831
f 148//832 150//833 143//834
f 150//835 145//836 140//837
f 143//838 150//839 151//840
f 143//841 151//842 131//843
f 150//844 140//845 152//846
f 150//847 152//848 151//849
f 152//850 140//851 153//852
f 131//853 151//854 154//855
f 153//856 140//857 155//858
f 155//859 140//860 156//861
f 156//862 140//863 75//864
f 156//865 75//866 81//867
f 155//868 156//869 157//870
f 155//871 157//872 153//873
f 157//874 156//875 158//876
f 158//877 156//878 81//879
f 157//880 158//881 159//882
f 158//883 81//884 160//885
f 158//886 160//887 159//888
f 160//889 81//890 161//891
f 157//892 159//893 162//894
f 162//895 159//896 160//897
f 157//898 162//899 153//900
f 162//901 160//902 161//903
f 161//904 81//905 163//906
f 161//907 163//908 162//909
f 162//910 163//911 153//912
f 163//913 81//914 82//915
f 163//916 82//917 153//918
f 153//919 82//920 152//921
f 152//922 82//923 164//924
f 164//925 82//926 83//927
f 152//928 164//929 151//930
f 164//931 83//932 89//933
f 151//934 164//935 165//936
f 165//937 164//938 89//939
f 151//940 165//941 166//942
f 151//943 166//944 154//945
f 165//946 89//947 167//948
f 167//949 89//950 168//951
f 165//952 167//953 169//954
f 165//955 169//956 166//957
f 168//958 89//959 98//960
f 166//961 169//962 170//963
f 169//964 167//965 171//966
f 170//967 169//968 172//969
f 172//970 169//971 171//972
f 171//973 167//974 173//975
f 173//976 167//977 168//978
f 172//979 171//980 174//981
f 171//982 173//983 175//984
f 171//985 175//986 174//987
f 176//988 166//989 170//990
f 176//991 170//992 168//993
f 176//994 168//995 98//996
f 166//997 176//998 177//999
f 177//1000 176//1001 98//1002
f 168//1003 170//1004 178//1005
f 168//1006 178//1007 173//1008
f 178//1009 170//1010 172//1011
f 173//1012 178//1013 179//1014
f 173//1015 179//1016 175//1017
f 178//1018 172//1019 180//1020
f 178//1021 180//1022 179//1023
f 180//1024 172//1025 174//1026
f 177//1027 154//1028 166//1029
f 175//1030 179//1031 181//1032
f 175//1033 181//1034 182//1035
f 182//1036 181//1037 183//1038
f 183//1039 181//1040 179//1041
f 175//1042 182//1043 184//1044
f 184//1045 182//1046 183//1047
f 184//1048 183//1049 179//1050
f 175//1051 184//1052 174//1053
f 185//1054 154//1055 177//1056
f 184//1057 179//1058 186//1059
f 186//1060 179//1061 187//1062
f 187//1063 179//1064 180//1065
f 186//1066 187//1067 188//1068
f 188//1069 187//1070 189//1071
f 186//1072 188//1073 190//1074
f 190//1075 188//1076 189//1077
f 186//1078 190//1079 191//1080
f 191//1081 190//1082 189//1083
f 191//1084 189//1085 187//1086
f 186//1087 191//1088 184//1089
f 191//1090 187//1091 180//1092
f 191//1093 180//1094 184//1095
f 184//1096 180//1097 192//1098
f 193//1099 174//1100 184//1101
f 193//1102 184//1103 192//1104
f 194//1105 180//1106 174//1107
f 180//1108 194//1109 192//1110
f 194//1111 174//1112 195//1113
f 195//1114 174//1115 193//1116
f 194//1117 195//1118 196//1119
f 193//1120 192//1121 197//1122
f 195//1123 193//1124 198//1125
f 195//1126 198//1127 196//1128
f 198//1129 193//1130 197//1131
f 194//1132 196//1133 199//1134
f 194//1135 199//1136 192//1137
f 199//1138 196//1139 198//1140
f 192//1141 199//1142 197//1143
f 197//1144 199//1145 198//1146
f 200//1147 96//1148 99//1149
f 96//1150 200//1151 98//1152
f 98//1153 200//1154 201//1155
f 98//1156 201//1157 177//1158
f 200//1159 99//1160 202//1161
f 177//1162 201//1163 203//1164
f 177//1165 203//1166 185//1167
f 202//1168 99//1169 204//1170
f 204//1171 99//1172 110//1173
f 202//1174 204//1175 205//1176
f 200//1177 202//1178 206//1179
f 204//1180 110//1181 207//1182
f 202//1183 205//1184 208//1185
f 202//1186 208//1187 206//1188
f 205//1189 204//1190 209//1191
f 209//1192 204//1193 207//1194
f 210//1195 206//1196 207//1197
f 210//1198 207//1199 110//1200
f 206//1201 210//1202 200//1203
f 207//1204 206//1205 211//1206
f 207//1207 211//1208 209//1209
f 211//1210 206//1211 208//1212
f 210//1213 110//1214 212//1215
f 212//1216 110//1217 128//1218
f 200//1219 210//1220 213//1221
f 212//1222 128//1223 214//1224
f 200//1225 213//1226 201//1227
f 214//1228 128//1229 130//1230
f 210//1231 212//1232 215//1233
f 212//1234 214//1235 216//1236
f 212//1237 216//1238 215//1239
f 210//1240 215//1241 217//1242
f 210//1243 217//1244 213//1245
f 215//1246 216//1247 218//1248
f 214//1249 130//1250 219//1251
f 216//1252 214//1253 220//1254
f 220//1255 214//1256 219//1257
f 216//1258 220//1259 221//1260
f 216//1261 221//1262 218//1263
f 222//1264 217//1265 215//1266
f 222//1267 215//1268 218//1269
f 222//1270 130//1271 131//1272
f 222//1273 131//1274 154//1275
f 130//1276 222//1277 223//1278
f 130//1279 223//1280 219//1281
f 223//1282 222//1283 218//1284
f 222//1285 154//1286 224//1287
f 222//1288 224//1289 217//1290
f 223//1291 218//1292 225//1293
f 223//1294 225//1295 219//1296
f 225//1297 218//1298 226//1299
f 226//1300 218//1301 221//1302
f 224//1303 154//1304 185//1305
f 225//1306 226//1307 227//1308
f 226//1309 221//1310 228//1311
f 225//1312 227//1313 229//1314
f 225//1315 229//1316 219//1317
f 227//1318 226//1319 230//1320
f 230//1321 226//1322 228//1323
f 227//1324 230//1325 231//1326
f 227//1327 231//1328 232//1329
f 227//1330 232//1331 229//1332
f 231//1333 230//1334 233//1335
f 231//1336 233//1337 232//1338
f 229//1339 232//1340 234//1341
f 234//1342 232//1343 233//1344
f 234//1345 233//1346 235//1347
f 235//1348 233//1349 230//1350
f 234//1351 235//1352 229//1353
f 235//1354 230//1355 228//1356
f 229//1357 235//1358 236//1359
f 236//1360 235//1361 228//1362
f 229//1363 236//1364 219//1365
f 219//1366 236//1367 237//1368
f 236//1369 228//1370 238//1371
f 236//1372 238//1373 237//1374
f 219//1375 237//1376 239//1377
f 237//1378 238//1379 240//1380
f 219//1381 239//1382 220//1383
f 239//1384 237//1385 241//1386
f 241//1387 237//1388 240//1389
f 239//1390 241//1391 242//1392
f 240//1393 238//1394 243//1395
f 241//1396 240//1397 244//1398
f 243//1399 238//1400 245//1401
f 220//1402 239//1403 245//1404
f 245//1405 239//1406 242//1407
f 245//1408 242//1409 243//1410
f 245//1411 238//1412 228//1413
f 245//1414 228//1415 220//1416
f 246//1417 242//1418 241//1419
f 246//1420 241//1421 244//1422
f 243//1423 242//1424 247//1425
f 247//1426 242//1427 246//1428
f 248//1429 240//1430 243//1431
f 240//1432 248//1433 244//1434
f 248//1435 243//1436 247//1437
f 244//1438 248//1439 249//1440
f 247//1441 246//1442 250//1443
f 251//1444 246//1445 244//1446
f 251//1447 244//1448 249//1449
f 246//1450 251//1451 250//1452
f 249//1453 248//1454 252//1455
f 249//1456 252//1457 251//1458
f 252//1459 248//1460 247//1461
f 251//1462 252//1463 250//1464
f 250//1465 252//1466 247//1467
f 253//1468 220//1469 228//1470
f 253//1471 228//1472 254//1473
f 220//1474 253//1475 255//1476
f 255//1477 253//1478 254//1479
f 220//1480 255//1481 221//1482
f 254//1483 228//1484 221//1485
f 254//1486 221//1487 255//1488
f 256//1489 257//1490 258//1491
f 257//1492 256//1493 259//1494
f 258//1495 257//1496 260//1497
f 260//1498 257//1499 259//1500
f 256//1501 258//1502 261//1503
f 259//1504 256//1505 262//1506
f 262//1507 256//1508 261//1509
f 261//1510 258//1511 263//1512
f 258//1513 260//1514 264//1515
f 258//1516 264//1517 263//1518
f 260//1519 259//1520 265//1521
f 260//1522 265//1523 264//1524
f 259//1525 262//1526 266//1527
f 259//1528 266//1529 265//1530
f 262//1531 261//1532 267//1533
f 261//1534 263//1535 268//1536
f 261//1537 268//1538 267//1539
f 269//1540 263//1541 264//1542
f 263//1543 269//1544 268//1545
f 262//1546 267//1547 270//1548
f 269//1549 264//1550 271//1551
f 271//1552 264//1553 265//1554
f 267//1555 268//1556 272//1557
f 270//1558 267//1559 273//1560
f 273//1561 267//1562 272//1563
f 262//1564 270//1565 274//1566
f 262//1567 274//1568 266//1569
f 274//1570 270//1571 273//1572
f 272//1573 268//1574 275//1575
f 272//1576 275//1577 273//1578
f 275//1579 268//1580 269//1581
f 276//1582 269//1583 271//1584
f 269//1585 276//1586 275//1587
f 266//1588 274//1589 277//1590
f 266//1591 277//1592 265//1593
f 278//1594 274//1595 273//1596
f 274//1597 278//1598 277//1599
f 279//1600 273//1601 275//1602
f 273//1603 279//1604 278//1605
f 279//1606 275//1607 280//1608
f 277//1609 278//1610 281//1611
f 282//1612 265//1613 277//1614
f 282//1615 277//1616 281//1617
f 283//1618 271//1619 265//1620
f 283//1621 265//1622 282//1623
f 271//1624 283//1625 284//1626
f 271//1627 284//1628 276//1629
f 284//1630 283//1631 285//1632
f 285//1633 283//1634 282//1635
f 276//1636 284//1637 286//1638
f 286//1639 284//1640 285//1641
f 276//1642 286//1643 287//1644
f 286//1645 285//1646 288//1647
f 286//1648 288//1649 287//1650
f 285//1651 282//1652 289//1653
f 276//1654 287//1655 290//1656
f 276//1657 290//1658 275//1659
f 275//1660 290//1661 280//1662
f 288//1663 285//1664 291//1665
f 291//1666 285//1667 289//1668
f 287//1669 288//1670 292//1671
f 292//1672 288//1673 291//1674
f 287//1675 292//1676 290//1677
f 292//1678 291//1679 293//1680
f 293//1681 291//1682 289//1683
f 290//1684 292//1685 294//1686
f 294//1687 292//1688 293//1689
f 290//1690 294//1691 280//1692
f 293//1693 289//1694 295//1695
f 294//1696 293//1697 296//1698
f 296//1699 293//1700 295//1701
f 280//1702 294//1703 297//1704
f 297//1705 294//1706 296//1707
f 280//1708 297//1709 298//1710
f 280//1711 298//1712 299//1713
f 280//1714 299//1715 279//1716
f 279//1717 299//1718 278//1719
f 299//1720 298//1721 300//1722
f 299//1723 300//1724 278//1725
f 298//1726 297//1727 301//1728
f 298//1729 301//1730 300//1731
f 278//1732 300//1733 302//1734
f 301//1735 297//1736 303//1737
f 303//1738 297//1739 304//1740
f 301//1741 303//1742 305//1743
f 304//1744 297//1745 306//1746
f 306//1747 297//1748 296//1749
f 303//1750 304//1751 307//1752
f 303//1753 307//1754 305//1755
f 304//1756 306//1757 308//1758
f 306//1759 296//1760 309//1761
f 306//1762 309//1763 308//1764
f 304//1765 308//1766 310//1767
f 308//1768 309//1769 311//1770
f 304//1771 310//1772 312//1773
f 304//1774 312//1775 307//1776
f 310//1777 308//1778 313//1779
f 313//1780 308//1781 311//1782
f 310//1783 313//1784 312//1785
f 311//1786 309//1787 314//1788
f 311//1789 314//1790 313//1791
f 314//1792 309//1793 315//1794
f 315//1795 309//1796 296//1797
f 313//1798 314//1799 316//1800
f 314//1801 315//1802 317//1803
f 314//1804 317//1805 316//1806
f 315//1807 296//1808 318//1809
f 315//1810 318//1811 317//1812
f 318//1813 296//1814 295//1815
f 316//1816 317//1817 319//1818
f 319//1819 317//1820 318//1821
f 313//1822 316//1823 320//1824
f 313//1825 320//1826 312//1827
f 316//1828 319//1829 321//1830
f 316//1831 321//1832 320//1833
f 319//1834 318//1835 322//1836
f 322//1837 318//1838 295//1839
f 319//1840 322//1841 323//1842
f 319//1843 323//1844 321//1845
f 322//1846 295//1847 324//1848
f 323//1849 322//1850 325//1851
f 325//1852 322//1853 324//1854
f 324//1855 295//1856 326//1857
f 326//1858 295//1859 289//1860
f 325//1861 324//1862 327//1863
f 327//1864 324//1865 326//1866
f 326//1867 289//1868 328//1869
f 326//1870 328//1871 327//1872
f 328//1873 289//1874 282//1875
f 325//1876 327//1877 329//1878
f 325//1879 329//1880 323//1881
f 329//1882 327//1883 330//1884
f 330//1885 327//1886 328//1887
f 323//1888 329//1889 331//1890
f 331//1891 329//1892 330//1893
f 323//1894 331//1895 321//1896
f 321//1897 331//1898 332//1899
f 331//1900 330//1901 333//1902
f 331//1903 333//1904 332//1905
f 333//1906 330//1907 334//1908
f 334//1909 330//1910 328//1911
f 333//1912 334//1913 335//1914
f 321//1915 332//1916 336//1917
f 321//1918 336//1919 320//1920
f 332//1921 333//1922 337//1923
f 337//1924 333//1925 335//1926
f 332//1927 337//1928 338//1929
f 337//1930 335//1931 339//1932
f 337//1933 339//1934 338//1935
f 332//1936 338//1937 340//1938
f 332//1939 340//1940 336//1941
f 340//1942 338//1943 341//1944
f 342//1945 320//1946 336//1947
f 338//1948 339//1949 343//1950
f 338//1951 343//1952 341//1953
f 340//1954 341//1955 344//1956
f 344//1957 341//1958 343//1959
f 340//1960 344//1961 336//1962
f 320//1963 342//1964 312//1965
f 343//1966 339//1967 345//1968
f 345//1969 339//1970 335//1971
f 344//1972 343//1973 346//1974
f 346//1975 343//1976 345//1977
f 345//1978 335//1979 347//1980
f 345//1981 347//1982 346//1983
f 347//1984 335//1985 348//1986
f 346//1987 347//1988 349//1989
f 346//1990 349//1991 344//1992
f 349//1993 347//1994 348//1995
f 344//1996 349//1997 350//1998
f 344//1999 350//2000 336//2001
f 350//2002 349//2003 348//2004
f 336//2005 350//2006 342//2007
f 348//2008 335//2009 334//2010
f 348//2011 334//2012 351//2013
f 350//2014 348//2015 352//2016
f 350//2017 352//2018 342//2019
f 352//2020 348//2021 353//2022
f 353//2023 348//2024 351//2025
f 352//2026 353//2027 354//2028
f 354//2029 353//2030 351//2031
f 351//2032 334//2033 328//2034
f 352//2035 354//2036 355//2037
f 352//2038 355//2039 342//2040
f 342//2041 355//2042 356//2043
f 342//2044 356//2045 312//2046
f 312//2047 356//2048 357//2049
f 357//2050 356//2051 355//2052
f 312//2053 357//2054 307//2055
f 355//2056 354//2057 358//2058
f 355//2059 358//2060 357//2061
f 307//2062 357//2063 359//2064
f 359//2065 357//2066 358//2067
f 307//2068 359//2069 360//2070
f 358//2071 354//2072 361//2073
f 361//2074 354//2075 351//2076
f 359//2077 358//2078 362//2079
f 361//2080 351//2081 363//2082
f 359//2083 362//2084 364//2085
f 359//2086 364//2087 360//2088
f 362//2089 358//2090 365//2091
f 365//2092 358//2093 361//2094
f 364//2095 362//2096 366//2097
f 366//2098 362//2099 365//2100
f 364//2101 366//2102 367//2103
f 364//2104 367//2105 360//2106
f 366//2107 365//2108 368//2109
f 365//2110 361//2111 369//2112
f 365//2113 369//2114 368//2115
f 369//2116 361//2117 363//2118
f 366//2119 368//2120 370//2121
f 366//2122 370//2123 367//2124
f 370//2125 368//2126 369//2127
f 367//2128 370//2129 360//2130
f 369//2131 363//2132 371//2133
f 369//2134 371//2135 370//2136
f 371//2137 363//2138 372//2139
f 371//2140 372//2141 370//2142
f 360//2143 370//2144 373//2145
f 373//2146 370//2147 372//2148
f 360//2149 373//2150 374//2151
f 374//2152 373//2153 372//2154
f 372//2155 363//2156 328//2157
f 328//2158 363//2159 351//2160
f 372//2161 328//2162 375//2163
f 372//2164 375//2165 374//2166
f 375//2167 328//2168 376//2169
f 376//2170 328//2171 282//2172
f 376//2173 282//2174 281//2175
f 376//2176 281//2177 278//2178
f 376//2179 278//2180 302//2181
f 376//2182 302//2183 375//2184
f 375//2185 302//2186 377//2187
f 375//2188 377//2189 374//2190
f 377//2191 302//2192 378//2193
f 378//2194 302//2195 379//2196
f 379//2197 302//2198 300//2199
f 377//2200 378//2201 380//2202
f 379//2203 300//2204 381//2205
f 381//2206 300//2207 301//2208
f 378//2209 379//2210 382//2211
f 382//2212 379//2213 381//2214
f 378//2215 382//2216 380//2217
f 381//2218 301//2219 383//2220
f 381//2221 383//2222 382//2223
f 383//2224 301//2225 305//2226
f 380//2227 382//2228 384//2229
f 384//2230 382//2231 383//2232
f 385//2233 377//2234 380//2235
f 385//2236 380//2237 384//2238
f 377//2239 385//2240 374//2241
f 384//2242 383//2243 386//2244
f 384//2245 386//2246 385//2247
f 385//2248 386//2249 374//2250
f 386//2251 383//2252 305//2253
f 386//2254 305//2255 374//2256
f 374//2257 305//2258 360//2259
f 360//2260 305//2261 307//2262
f 387//2263 388//2264 389//2265
f 389//2266 388//2267 390//2268
f 387//2269 389//2270 391//2271
f 388//2272 387//2273 392//2274
f 389//2275 390//2276 393//2277
f 390//2278 388//2279 394//2280
f 389//2281 393//2282 395//2283
f 389//2284 395//2285 391//2286
f 395//2287 393//2288 396//2289
f 391//2290 395//2291 397//2292
f 397//2293 395//2294 396//2295
f 396//2296 393//2297 398//2298
f 396//2299 398//2300 397//2301
f 399//2302 393//2303 390//2304
f 393//2305 399//2306 398//2307
f 399//2308 390//2309 400//2310
f 400//2311 390//2312 394//2313
f 399//2314 400//2315 401//2316
f 401//2317 400//2318 394//2319
f 398//2320 399//2321 402//2322
f 402//2323 399//2324 401//2325
f 401//2326 394//2327 403//2328
f 401//2329 403//2330 402//2331
f 404//2332 394//2333 388//2334
f 394//2335 404//2336 403//2337
f 404//2338 388//2339 392//2340
f 403//2341 404//2342 405//2343
f 405//2344 404//2345 392//2346
f 402//2347 403//2348 406//2349
f 403//2350 405//2351 407//2352
f 403//2353 407//2354 406//2355
f 402//2356 406//2357 408//2358
f 402//2359 408//2360 398//2361
f 406//2362 407//2363 409//2364
f 406//2365 409//2366 408//2367
f 407//2368 405//2369 410//2370
f 410//2371 405//2372 411//2373
f 411//2374 405//2375 392//2376
f 407//2377 410//2378 412//2379
f 409//2380 407//2381 413//2382
f 413//2383 407//2384 412//2385
f 412//2386 410//2387 414//2388
f 414//2389 410//2390 411//2391
f 413//2392 412//2393 415//2394
f 412//2395 414//2396 416//2397
f 412//2398 416//2399 415//2400
f 416//2401 414//2402 417//2403
f 409//2404 413//2405 418//2406
f 409//2407 418//2408 408//2409
f 413//2410 415//2411 419//2412
f 413//2413 419//2414 418//2415
f 415//2416 416//2417 420//2418
f 415//2419 420//2420 419//2421
f 416//2422 417//2423 421//2424
f 416//2425 421//2426 420//2427
f 422//2428 417//2429 414//2430
f 417//2431 422//2432 421//2433
f 422//2434 414//2435 411//2436
f 420//2437 421//2438 423//2439
f 421//2440 422//2441 424//2442
f 421//2443 424//2444 423//2445
f 424//2446 422//2447 425//2448
f 425//2449 422//2450 411//2451
f 423//2452 424//2453 426//2454
f 426//2455 424//2456 425//2457
f 420//2458 423//2459 427//2460
f 427//2461 423//2462 426//2463
f 426//2464 425//2465 428//2466
f 428//2467 425//2468 411//2469
f 426//2470 428//2471 427//2472
f 420//2473 427//2474 429//2475
f 420//2476 429//2477 419//2478
f 427//2479 428//2480 430//2481
f 430//2482 428//2483 411//2484
f 429//2485 427//2486 431//2487
f 431//2488 427//2489 430//2490
f 419//2491 429//2492 432//2493
f 432//2494 429//2495 431//2496
f 430//2497 411//2498 433//2499
f 433//2500 411//2501 392//2502
f 431//2503 430//2504 434//2505
f 434//2506 430//2507 433//2508
f 432//2509 431//2510 435//2511
f 435//2512 431//2513 434//2514
f 419//2515 432//2516 436//2517
f 436//2518 432//2519 435//2520
f 434//2521 433//2522 437//2523
f 437//2524 433//2525 392//2526
f 434//2527 437//2528 438//2529
f 434//2530 438//2531 435//2532
f 437//2533 392//2534 439//2535
f 435//2536 438//2537 440//2538
f 419//2539 436//2540 441//2541
f 419//2542 441//2543 418//2544
f 418//2545 441//2546 442//2547
f 418//2548 442//2549 408//2550
f 442//2551 441//2552 443//2553
f 408//2554 442//2555 444//2556
f 444//2557 442//2558 443//2559
f 443//2560 441//2561 445//2562
f 445//2563 441//2564 436//2565
f 444//2566 443//2567 446//2568
f 443//2569 445//2570 447//2571
f 443//2572 447//2573 446//2574
f 445//2575 436//2576 448//2577
f 445//2578 448//2579 447//2580
f 449//2581 408//2582 444//2583
f 449//2584 444//2585 446//2586
f 408//2587 449//2588 450//2589
f 408//2590 450//2591 398//2592
f 398//2593 450//2594 397//2595
f 397//2596 450//2597 451//2598
f 397//2599 451//2600 391//2601
f 450//2602 449//2603 452//2604
f 450//2605 452//2606 451//2607
f 449//2608 446//2609 453//2610
f 449//2611 453//2612 452//2613
f 453//2614 446//2615 447//2616
f 451//2617 452//2618 454//2619
f 454//2620 452//2621 453//2622
f 455//2623 391//2624 451//2625
f 391//2626 455//2627 387//2628
f 451//2629 454//2630 456//2631
f 451//2632 456//2633 455//2634
f 454//2635 453//2636 457//2637
f 457//2638 453//2639 447//2640
f 454//2641 457//2642 456//2643
f 457//2644 447//2645 458//2646
f 456//2647 457//2648 459//2649
f 459//2650 457//2651 458//2652
f 458//2653 447//2654 448//2655
f 460//2656 387//2657 455//2658
f 461//2659 455//2660 456//2661
f 461//2662 456//2663 459//2664
f 455//2665 461//2666 460//2667
f 387//2668 460//2669 392//2670
f 461//2671 459//2672 462//2673
f 461//2674 462//2675 460//2676
f 460//2677 462//2678 463//2679
f 460//2680 463//2681 392//2682
f 463//2683 462//2684 459//2685
f 392//2686 463//2687 439//2688
f 463//2689 459//2690 464//2691
f 464//2692 459//2693 458//2694
f 463//2695 464//2696 439//2697
f 464//2698 458//2699 465//2700
f 464//2701 465//2702 439//2703
f 465//2704 458//2705 448//2706
f 439//2707 465//2708 466//2709
f 466//2710 465//2711 448//2712
f 439//2713 466//2714 467//2715
f 466//2716 448//2717 468//2718
f 466//2719 468//2720 467//2721
f 439//2722 467//2723 437//2724
f 468//2725 448//2726 436//2727
f 437//2728 467//2729 469//2730
f 469//2731 467//2732 470//2733
f 470//2734 467//2735 468//2736
f 437//2737 469//2738 471//2739
f 468//2740 436//2741 472//2742
f 472//2743 436//2744 435//2745
f 472//2746 435//2747 473//2748
f 468//2749 472//2750 474//2751
f 474//2752 472//2753 473//2754
f 468//2755 474//2756 475//2757
f 468//2758 475//2759 470//2760
f 475//2761 474//2762 476//2763
f 476//2764 474//2765 473//2766
f 473//2767 435//2768 440//2769
f 473//2770 440//2771 477//2772
f 476//2773 473//2774 478//2775
f 478//2776 473//2777 477//2778
f 475//2779 476//2780 479//2781
f 479//2782 476//2783 478//2784
f 478//2785 477//2786 480//2787
f 480//2788 477//2789 440//2790
f 479//2791 478//2792 481//2793
f 475//2794 479//2795 482//2796
f 475//2797 482//2798 470//2799
f 482//2800 479//2801 483//2802
f 483//2803 479//2804 481//2805
f 470//2806 482//2807 484//2808
f 482//2809 483//2810 485//2811
f 482//2812 485//2813 484//2814
f 483//2815 481//2816 486//2817
f 483//2818 486//2819 485//2820
f 487//2821 481//2822 478//2823
f 487//2824 478//2825 480//2826
f 486//2827 481//2828 488//2829
f 486//2830 488//2831 485//2832
f 488//2833 481//2834 489//2835
f 489//2836 481//2837 487//2838
f 485//2839 488//2840 490//2841
f 488//2842 489//2843 491//2844
f 488//2845 491//2846 490//2847
f 485//2848 490//2849 492//2850
f 492//2851 490//2852 491//2853
f 485//2854 492//2855 484//2856
f 484//2857 492//2858 493//2859
f 492//2860 491//2861 494//2862
f 492//2863 494//2864 493//2865
f 484//2866 493//2867 495//2868
f 495//2869 493//2870 494//2871
f 484//2872 495//2873 470//2874
f 470//2875 495//2876 496//2877
f 496//2878 495//2879 494//2880
f 470//2881 496//2882 469//2883
f 469//2884 496//2885 471//2886
f 471//2887 496//2888 494//2889
f 471//2890 494//2891 491//2892
f 471//2893 491//2894 497//2895
f 497//2896 491//2897 489//2898
f 497//2899 489//2900 498//2901
f 498//2902 489//2903 487//2904
f 498//2905 487//2906 499//2907
f 497//2908 498//2909 500//2910
f 500//2911 498//2912 499//2913
f 499//2914 487//2915 501//2916
f 501//2917 487//2918 480//2919
f 500//2920 499//2921 502//2922
f 499//2923 501//2924 503//2925
f 499//2926 503//2927 502//2928
f 503//2929 501//2930 504//2931
f 501//2932 480//2933 505//2934
f 501//2935 505//2936 504//2937
f 505//2938 480//2939 506//2940
f 506//2941 480//2942 440//2943
f 506//2944 440//2945 438//2946
f 505//2947 506//2948 507//2949
f 505//2950 507//2951 504//2952
f 506//2953 438//2954 508//2955
f 506//2956 508//2957 507//2958
f 508//2959 438//2960 437//2961
f 508//2962 437//2963 471//2964
f 508//2965 471//2966 509//2967
f 509//2968 471//2969 497//2970
f 508//2971 509//2972 510//2973
f 509//2974 497//2975 511//2976
f 509//2977 511//2978 510//2979
f 512//2980 507//2981 508//2982
f 512//2983 508//2984 510//2985
f 507//2986 512//2987 513//2988
f 512//2989 510//2990 514//2991
f 512//2992 514//2993 513//2994
f 507//2995 513//2996 515//2997
f 507//2998 515//2999 504//3000
f 515//3001 513//3002 516//3003
f 513//3004 514//3005 517//3006
f 513//3007 517//3008 516//3009
f 514//3010 510//3011 518//3012
f 517//3013 514//3014 519//3015
f 519//3016 514//3017 518//3018
f 518//3019 510//3020 520//3021
f 520//3022 510//3023 511//3024
f 518//3025 520//3026 521//3027
f 519//3028 518//3029 522//3030
f 522//3031 518//3032 521//3033
f 521//3034 520//3035 523//3036
f 523//3037 520//3038 511//3039
f 522//3040 521//3041 524//3042
f 524//3043 521//3044 523//3045
f 523//3046 511//3047 525//3048
f 523//3049 525//3050 524//3051
f 524//3052 525//3053 526//3054
f 524//3055 526//3056 522//3057
f 525//3058 511//3059 527//3060
f 525//3061 527//3062 526//3063
f 522//3064 526//3065 528//3066
f 522//3067 528//3068 519//3069
f 526//3070 527//3071 529//3072
f 526//3073 529//3074 528//3075
f 527//3076 511//3077 530//3078
f 527//3079 530//3080 529//3081
f 530//3082 511//3083 497//3084
f 519//3085 528//3086 531//3087
f 519//3088 531//3089 517//3090
f 528//3091 529//3092 532//3093
f 517//3094 531//3095 533//3096
f 531//3097 528//3098 534//3099
f 534//3100 528//3101 532//3102
f 532//3103 529//3104 535//3105
f 535//3106 529//3107 530//3108
f 517//3109 533//3110 516//3111
f 535//3112 530//3113 536//3114
f 532//3115 535//3116 537//3117
f 537//3118 535//3119 536//3120
f 532//3121 537//3122 538//3123
f 532//3124 538//3125 534//3126
f 537//3127 536//3128 539//3129
f 539//3130 536//3131 530//3132
f 538//3133 537//3134 540//3135
f 540//3136 537//3137 539//3138
f 538//3139 540//3140 541//3141
f 538//3142 541//3143 542//3144
f 538//3145 542//3146 543//3147
f 538//3148 543//3149 534//3150
f 542//3151 541//3152 544//3153
f 542//3154 544//3155 543//3156
f 541//3157 540//3158 545//3159
f 544//3160 541//3161 546//3162
f 546//3163 541//3164 545//3165
f 544//3166 546//3167 547//3168
f 544//3169 547//3170 543//3171
f 546//3172 545//3173 548//3174
f 546//3175 548//3176 547//3177
f 545//3178 540//3179 549//3180
f 545//3181 549//3182 548//3183
f 549//3184 540//3185 539//3186
f 547//3187 548//3188 550//3189
f 547//3190 550//3191 543//3192
f 550//3193 548//3194 549//3195
f 543//3196 550//3197 551//3198
f 551//3199 550//3200 549//3201
f 543//3202 551//3203 552//3204
f 543//3205 552//3206 534//3207
f 551//3208 549//3209 553//3210
f 551//3211 553//3212 552//3213
f 534//3214 552//3215 554//3216
f 554//3217 552//3218 553//3219
f 553//3220 549//3221 555//3222
f 555//3223 549//3224 539//3225
f 553//3226 555//3227 556//3228
f 553//3229 556//3230 554//3231
f 555//3232 539//3233 557//3234
f 555//3235 557//3236 556//3237
f 557//3238 539//3239 558//3240
f 558//3241 539//3242 530//3243
f 558//3244 530//3245 497//3246
f 558//3247 497//3248 500//3249
f 558//3250 500//3251 502//3252
f 558//3253 502//3254 557//3255
f 557//3256 502//3257 559//3258
f 557//3259 559//3260 556//3261
f 559//3262 502//3263 560//3264
f 560//3265 502//3266 503//3267
f 560//3268 503//3269 504//3270
f 560//3271 504//3272 561//3273
f 561//3274 504//3275 515//3276
f 560//3277 561//3278 562//3279
f 560//3280 562//3281 559//3282
f 561//3283 515//3284 563//3285
f 563//3286 515//3287 516//3288
f 562//3289 561//3290 564//3291
f 564//3292 561//3293 563//3294
f 559//3295 562//3296 565//3297
f 565//3298 562//3299 564//3300
f 559//3301 565//3302 566//3303
f 559//3304 566//3305 567//3306
f 559//3307 567//3308 556//3309
f 556//3310 567//3311 568//3312
f 568//3313 567//3314 566//3315
f 556//3316 568//3317 569//3318
f 556//3319 569//3320 570//3321
f 556//3322 570//3323 554//3324
f 569//3325 568//3326 571//3327
f 569//3328 571//3329 570//3330
f 568//3331 566//3332 572//3333
f 568//3334 572//3335 571//3336
f 570//3337 571//3338 573//3339
f 570//3340 573//3341 554//3342
f 573//3343 571//3344 572//3345
f 554//3346 573//3347 574//3348
f 574//3349 573//3350 572//3351
f 554//3352 574//3353 534//3354
f 575//3355 572//3356 566//3357
f 572//3358 575//3359 574//3360
f 575//3361 566//3362 576//3363
f 576//3364 566//3365 565//3366
f 574//3367 575//3368 577//3369
f 577//3370 575//3371 576//3372
f 534//3373 574//3374 578//3375
f 578//3376 574//3377 577//3378
f 534//3379 578//3380 531//3381
f 531//3382 578//3383 533//3384
f 576//3385 565//3386 579//3387
f 577//3388 576//3389 580//3390
f 577//3391 580//3392 578//3393
f 580//3394 576//3395 579//3396
f 579//3397 565//3398 564//3399
f 580//3400 579//3401 581//3402
f 581//3403 579//3404 564//3405
f 578//3406 580//3407 582//3408
f 583//3409 533//3410 578//3411
f 583//3412 578//3413 582//3414
f 533//3415 583//3416 584//3417
f 533//3418 584//3419 516//3420
f 580//3421 581//3422 585//3423
f 580//3424 585//3425 582//3426
f 586//3427 581//3428 564//3429
f 581//3430 586//3431 585//3432
f 586//3433 564//3434 587//3435
f 585//3436 586//3437 588//3438
f 585//3439 588//3440 582//3441
f 588//3442 586//3443 587//3444
f 587//3445 564//3446 563//3447
f 582//3448 588//3449 589//3450
f 582//3451 589//3452 583//3453
f 589//3454 588//3455 587//3456
f 583//3457 589//3458 584//3459
f 587//3460 563//3461 590//3462
f 587//3463 590//3464 589//3465
f 590//3466 563//3467 516//3468
f 589//3469 590//3470 584//3471
f 584//3472 590//3473 516//3474
f 591//3475 592//3476 593//3477
f 593//3478 592//3479 594//3480
f 593//3481 594//3482 595//3483
f 593//3484 595//3485 591//3486
f 594//3487 592//3488 596//3489
f 594//3490 596//3491 595//3492
f 592//3493 591//3494 597//3495
f 592//3496 597//3497 596//3498
f 597//3499 591//3500 211//3501
f 596//3502 597//3503 208//3504
f 208//3505 597//3506 211//3507
f 595//3508 596//3509 598//3510
f 598//3511 596//3512 208//3513
f 599//3514 591//3515 595//3516
f 599//3517 595//3518 598//3519
f 591//3520 599//3521 211//3522
f 598//3523 208//3524 600//3525
f 598//3526 600//3527 599//3528
f 600//3529 208//3530 205//3531
f 211//3532 599//3533 601//3534
f 211//3535 601//3536 602//3537
f 601//3538 599//3539 603//3540
f 601//3541 603//3542 602//3543
f 211//3544 602//3545 209//3546
f 209//3547 602//3548 603//3549
f 209//3550 603//3551 599//3552
f 209//3553 599//3554 604//3555
f 604//3556 599//3557 600//3558
f 605//3559 205//3560 209//3561
f 605//3562 209//3563 604//3564
f 606//3565 600//3566 205//3567
f 606//3568 205//3569 605//3570
f 604//3571 600//3572 607//3573
f 606//3574 605//3575 608//3576
f 605//3577 604//3578 609//3579
f 609//3580 604//3581 607//3582
f 605//3583 609//3584 608//3585
f 607//3586 600//3587 610//3588
f 607//3589 610//3590 609//3591
f 610//3592 600//3593 606//3594
f 609//3595 610//3596 608//3597
f 608//3598 610//3599 606//3600
f 611//3601 612//3602 613//3603
f 613//3604 612//3605 614//3606
f 613//3607 614//3608 615//3609
f 613//3610 615//3611 616//3612
f 613//3613 616//3614 611//3615
f 615//3616 614//3617 617//3618
f 616//3619 615//3620 618//3621
f 618//3622 615//3623 617//3624
f 616//3625 618//3626 619//3627
f 611//3628 616//3629 620//3630
f 620//3631 616//3632 619//3633
f 619//3634 618//3635 621//3636
f 619//3637 621//3638 620//3639
f 621//3640 618//3641 617//3642
f 611//3643 620//3644 622//3645
f 622//3646 620//3647 621//3648
f 623//3649 612//3650 611//3651
f 623//3652 611//3653 622//3654
f 624//3655 614//3656 612//3657
f 614//3658 624//3659 617//3660
f 612//3661 623//3662 625//3663
f 612//3664 625//3665 624//3666
f 623//3667 622//3668 626//3669
f 623//3670 626//3671 625//3672
f 625//3673 626//3674 627//3675
f 625//3676 627//3677 628//3678
f 625//3679 628//3680 624//3681
f 627//3682 626//3683 629//3684
f 627//3685 629//3686 628//3687
f 629//3688 626//3689 622//3690
f 628//3691 629//3692 624//3693
f 629//3694 622//3695 630//3696
f 629//3697 630//3698 624//3699
f 630//3700 622//3701 621//3702
f 630//3703 621//3704 631//3705
f 632//3706 621//3707 617//3708
f 621//3709 632//3710 631//3711
f 632//3712 617//3713 633//3714
f 630//3715 631//3716 634//3717
f 630//3718 634//3719 624//3720
f 635//3721 617//3722 624//3723
f 617//3724 635//3725 633//3726
f 635//3727 624//3728 636//3729
f 633//3730 635//3731 637//3732
f 637//3733 635//3734 636//3735
f 636//3736 624//3737 638//3738
f 638//3739 624//3740 634//3741
f 636//3742 638//3743 639//3744
f 638//3745 634//3746 640//3747
f 638//3748 640//3749 639//3750
f 636//3751 639//3752 641//3753
f 636//3754 641//3755 637//3756
f 639//3757 640//3758 642//3759
f 641//3760 639//3761 643//3762
f 643//3763 639//3764 642//3765
f 641//3766 643//3767 644//3768
f 637//3769 641//3770 645//3771
f 645//3772 641//3773 644//3774
f 644//3775 643//3776 646//3777
f 637//3778 645//3779 647//3780
f 646//3781 643//3782 648//3783
f 648//3784 643//3785 642//3786
f 644//3787 646//3788 649//3789
f 645//3790 644//3791 650//3792
f 650//3793 644//3794 649//3795
f 645//3796 650//3797 651//3798
f 645//3799 651//3800 647//3801
f 650//3802 649//3803 652//3804
f 650//3805 652//3806 651//3807
f 649//3808 646//3809 653//3810
f 653//3811 646//3812 648//3813
f 652//3814 649//3815 654//3816
f 654//3817 649//3818 653//3819
f 651//3820 652//3821 655//3822
f 651//3823 655//3824 647//3825
f 652//3826 654//3827 656//3828
f 652//3829 656//3830 655//3831
f 654//3832 653//3833 657//3834
f 656//3835 654//3836 658//3837
f 658//3838 654//3839 657//3840
f 656//3841 658//3842 659//3843
f 656//3844 659//3845 655//3846
f 657//3847 653//3848 660//3849
f 660//3850 653//3851 648//3852
f 660//3853 648//3854 661//3855
f 660//3856 661//3857 657//3858
f 658//3859 657//3860 662//3861
f 655//3862 659//3863 663//3864
f 655//3865 663//3866 647//3867
f 664//3868 659//3869 658//3870
f 664//3871 658//3872 662//3873
f 659//3874 664//3875 665//3876
f 663//3877 659//3878 666//3879
f 666//3880 659//3881 665//3882
f 647//3883 663//3884 667//3885
f 667//3886 663//3887 666//3888
f 665//3889 664//3890 668//3891
f 668//3892 664//3893 662//3894
f 666//3895 665//3896 669//3897
f 669//3898 665//3899 668//3900
f 666//3901 669//3902 670//3903
f 666//3904 670//3905 667//3906
f 670//3907 669//3908 671//3909
f 669//3910 668//3911 672//3912
f 669//3913 672//3914 671//3915
f 668//3916 662//3917 673//3918
f 668//3919 673//3920 672//3921
f 672//3922 673//3923 674//3924
f 672//3925 674//3926 671//3927
f 670//3928 671//3929 675//3930
f 670//3931 675//3932 667//3933
f 675//3934 671//3935 631//3936
f 667//3937 675//3938 676//3939
f 676//3940 675//3941 677//3942
f 677//3943 675//3944 631//3945
f 667//3946 676//3947 678//3948
f 678//3949 676//3950 677//3951
f 667//3952 678//3953 679//3954
f 667//3955 679//3956 680//3957
f 667//3958 680//3959 647//3960
f 679//3961 678//3962 681//3963
f 647//3964 680//3965 682//3966
f 647//3967 682//3968 637//3969
f 637//3970 682//3971 633//3972
f 680//3973 679//3974 683//3975
f 680//3976 683//3977 682//3978
f 683//3979 679//3980 681//3981
f 633//3982 682//3983 684//3984
f 684//3985 682//3986 683//3987
f 633//3988 684//3989 632//3990
f 685//3991 681//3992 678//3993
f 685//3994 678//3995 677//3996
f 683//3997 681//3998 686//3999
f 683//4000 686//4001 684//4002
f 632//4003 684//4004 687//4005
f 687//4006 684//4007 686//4008
f 632//4009 687//4010 631//4011
f 686//4012 681//4013 688//4014
f 688//4015 681//4016 685//4017
f 687//4018 686//4019 689//4020
f 687//4021 689//4022 631//4023
f 689//4024 686//4025 688//4026
f 688//4027 685//4028 690//4029
f 688//4030 690//4031 689//4032
f 690//4033 685//4034 677//4035
f 689//4036 690//4037 631//4038
f 631//4039 690//4040 677//4041
f 634//4042 631//4043 671//4044
f 634//4045 671//4046 674//4047
f 634//4048 674//4049 691//4050
f 634//4051 691//4052 692//4053
f 634//4054 692//4055 640//4056
f 640//4057 692//4058 642//4059
f 692//4060 691//4061 693//4062
f 642//4063 692//4064 694//4065
f 694//4066 692//4067 693//4068
f 693//4069 691//4070 695//4071
f 694//4072 693//4073 696//4074
f 696//4075 693//4076 695//4077
f 642//4078 694//4079 697//4080
f 697//4081 694//4082 696//4083
f 642//4084 697//4085 698//4086
f 642//4087 698//4088 648//4089
f 697//4090 696//4091 699//4092
f 697//4093 699//4094 698//4095
f 648//4096 698//4097 700//4098
f 700//4099 698//4100 699//4101
f 648//4102 700//4103 661//4104
f 699//4105 696//4106 701//4107
f 701//4108 696//4109 695//4110
f 700//4111 699//4112 702//4113
f 702//4114 699//4115 701//4116
f 661//4117 700//4118 703//4119
f 703//4120 700//4121 702//4122
f 702//4123 701//4124 704//4125
f 704//4126 701//4127 695//4128
f 702//4129 704//4130 703//4131
f 704//4132 695//4133 705//4134
f 703//4135 704//4136 706//4137
f 706//4138 704//4139 705//4140
f 705//4141 695//4142 707//4143
f 705//4144 707//4145 706//4146
f 707//4147 695//4148 691//4149
f 707//4150 691//4151 674//4152
f 703//4153 706//4154 708//4155
f 703//4156 708//4157 661//4158
f 706//4159 707//4160 709//4161
f 709//4162 707//4163 674//4164
f 706//4165 709//4166 708//4167
f 709//4168 674//4169 710//4170
f 710//4171 674//4172 673//4173
f 708//4174 709//4175 711//4176
f 711//4177 709//4178 710//4179
f 712//4180 661//4181 708//4182
f 661//4183 712//4184 657//4185
f 708//4186 711//4187 713//4188
f 708//4189 713//4190 712//4191
f 657//4192 712//4193 714//4194
f 714//4195 712//4196 713//4197
f 657//4198 714//4199 662//4200
f 715//4201 711//4202 710//4203
f 713//4204 711//4205 716//4206
f 713//4207 716//4208 714//4209
f 716//4210 711//4211 715//4212
f 662//4213 714//4214 717//4215
f 717//4216 714//4217 716//4218
f 717//4219 716//4220 715//4221
f 717//4222 715//4223 710//4224
f 662//4225 717//4226 673//4227
f 673//4228 717//4229 710//4230
f 718//4231 203//4232 201//4233
f 718//4234 201//4235 719//4236
f 203//4237 718//4238 720//4239
f 719//4240 201//4241 721//4242
f 203//4243 720//4244 722//4245
f 203//4246 722//4247 185//4248
f 720//4249 718//4250 723//4251
f 723//4252 718//4253 724//4254
f 724//4255 718//4256 719//4257
f 720//4258 723//4259 725//4260
f 723//4261 724//4262 726//4263
f 723//4264 726//4265 725//4266
f 726//4267 724//4268 719//4269
f 720//4270 725//4271 727//4272
f 727//4273 725//4274 726//4275
f 727//4276 726//4277 719//4278
f 720//4279 727//4280 722//4281
f 727//4282 719//4283 728//4284
f 727//4285 728//4286 722//4287
f 728//4288 719//4289 721//4290
f 213//4291 721//4292 201//4293
f 721//4294 213//4295 729//4296
f 721//4297 729//4298 730//4299
f 721//4300 730//4301 731//4302
f 721//4303 731//4304 728//4305
f 731//4306 730//4307 732//4308
f 732//4309 730//4310 729//4311
f 731//4312 732//4313 733//4314
f 731//4315 733//4316 728//4317
f 733//4318 732//4319 224//4320
f 224//4321 732//4322 729//4323
f 733//4324 224//4325 728//4326
f 734//4327 729//4328 213//4329
f 735//4330 722//4331 728//4332
f 224//4333 729//4334 736//4335
f 736//4336 729//4337 734//4338
f 734//4339 213//4340 737//4341
f 737//4342 213//4343 217//4344
f 736//4345 734//4346 738//4347
f 737//4348 217//4349 739//4350
f 739//4351 217//4352 224//4353
f 739//4354 224//4355 736//4356
f 734//4357 737//4358 740//4359
f 734//4360 740//4361 738//4362
f 737//4363 739//4364 741//4365
f 737//4366 741//4367 740//4368
f 739//4369 736//4370 742//4371
f 739//4372 742//4373 741//4374
f 742//4375 736//4376 738//4377
f 741//4378 742//4379 743//4380
f 738//4381 740//4382 744//4383
f 744//4384 740//4385 741//4386
f 738//4387 744//4388 745//4389
f 744//4390 741//4391 746//4392
f 746//4393 741//4394 743//4395
f 744//4396 746//4397 745//4398
f 743//4399 742//4400 747//4401
f 743//4402 747//4403 746//4404
f 747//4405 742//4406 738//4407
f 746//4408 747//4409 745//4410
f 745//4411 747//4412 738//4413
f 748//4414 728//4415 224//4416
f 728//4417 748//4418 735//4419
f 748//4420 224//4421 749//4422
f 749//4423 224//4424 185//4425
f 748//4426 749//4427 750//4428
f 749//4429 185//4430 751//4431
f 751//4432 185//4433 722//4434
f 751//4435 722//4436 735//4437
f 749//4438 751//4439 752//4440
f 749//4441 752//4442 750//4443
f 751//4444 735//4445 753//4446
f 751//4447 753//4448 752//4449
f 754//4450 735//4451 748//4452
f 735//4453 754//4454 753//4455
f 754//4456 748//4457 750//4458
f 753//4459 754//4460 752//4461
f 752//4462 754//4463 750//4464
f 755//4465 756//4466 757//4467
f 755//4468 757//4469 758//4470
f 755//4471 758//4472 759//4473
f 759//4474 758//4475 760//4476
f 760//4477 758//4478 757//4479
f 755//4480 759//4481 761//4482
f 759//4483 760//4484 762//4485
f 759//4486 762//4487 761//4488
f 755//4489 761//4490 763//4491
f 755//4492 763//4493 756//4494
f 761//4495 762//4496 764//4497
f 763//4498 761//4499 765//4500
f 765//4501 761//4502 764//4503
f 763//4504 765//4505 766//4506
f 763//4507 766//4508 756//4509
f 765//4510 764//4511 767//4512
f 764//4513 762//4514 768//4515
f 768//4516 762//4517 760//4518
f 767//4519 764//4520 769//4521
f 769//4522 764//4523 768//4524
f 765//4525 767//4526 770//4527
f 765//4528 770//4529 766//4530
f 767//4531 769//4532 771//4533
f 767//4534 771//4535 770//4536
f 771//4537 769//4538 772//4539
f 772//4540 769//4541 768//4542
f 770//4543 771//4544 773//4545
f 770//4546 773//4547 766//4548
f 773//4549 771//4550 774//4551
f 774//4552 771//4553 772//4554
f 766//4555 773//4556 775//4557
f 766//4558 775//4559 756//4560
f 773//4561 774//4562 776//4563
f 773//4564 776//4565 775//4566
f 774//4567 772//4568 777//4569
f 756//4570 775//4571 778//4572
f 778//4573 775//4574 776//4575
f 756//4576 778//4577 757//4578
f 776//4579 774//4580 779//4581
f 779//4582 774//4583 777//4584
f 778//4585 776//4586 780//4587
f 778//4588 780//4589 757//4590
f 780//4591 776//4592 779//4593
f 781//4594 777//4595 772//4596
f 777//4597 781//4598 779//4599
f 780//4600 779//4601 782//4602
f 782//4603 779//4604 781//4605
f 780//4606 782//4607 783//4608
f 783//4609 782//4610 781//4611
f 780//4612 783//4613 757//4614
f 781//4615 772//4616 784//4617
f 784//4618 772//4619 768//4620
f 781//4621 784//4622 785//4623
f 781//4624 785//4625 783//4626
f 757//4627 783//4628 786//4629
f 757//4630 786//4631 760//4632
f 786//4633 783//4634 787//4635
f 786//4636 787//4637 760//4638
f 783//4639 785//4640 788//4641
f 783//4642 788//4643 787//4644
f 789//4645 785//4646 784//4647
f 785//4648 789//4649 788//4650
f 789//4651 784//4652 768//4653
f 787//4654 788//4655 790//4656
f 790//4657 788//4658 789//4659
f 791//4660 760//4661 787//4662
f 760//4663 791//4664 768//4665
f 791//4666 787//4667 790//4668
f 768//4669 791//4670 789//4671
f 789//4672 791//4673 790//4674
