# This file uses centimeters as units for non-parametric coordinates.

mtllib SM_Dantooine_WindowVista_Bluff_A.mtl
g default
v 974.844727 10.603271 852.984436
v 889.864929 24.103714 879.960388
v 968.187195 -37.010536 892.620728
v 856.922607 -63.180016 935.005127
v 1002.814087 -24.238050 847.390747
v 710.288757 -1.798592 949.283936
v 745.658081 -89.349495 977.389526
v 894.546265 96.929214 843.069519
v 1013.345764 3.734408 833.786377
v 1009.466248 -22.276480 810.595459
v 498.117249 -32.878529 1011.266174
v 409.797821 -134.489471 1063.742310
v 299.290588 -55.346405 1090.188721
v 236.475616 -159.011383 1124.890991
v 139.251114 -81.035828 1140.194214
v 1004.593201 7.425394 817.159851
v 356.598083 60.946266 1053.405518
v 988.099121 27.372105 826.378906
v 989.238403 -3.690883 790.343567
v 988.716003 -23.831203 762.796814
v 968.297852 28.602552 792.968872
v 986.425232 15.669510 759.798950
v 985.302124 6.170900 736.228088
v 971.811523 -27.090940 725.567810
v 957.519165 70.350922 826.072571
v 964.659973 64.736908 804.202759
v 925.956421 82.828667 798.756287
v 957.411072 10.230191 710.299194
v 941.624329 -29.183174 699.482056
v 951.190918 36.565712 731.095337
v 908.591675 69.208176 762.064148
v 904.729736 111.474792 811.100708
v 948.484375 7.207738 684.490356
v 932.208923 -24.630045 658.747803
v 946.367798 53.421890 690.674744
v 951.464905 17.587763 646.307739
v 937.333008 -9.721293 549.092590
v 974.273682 77.480217 576.246948
v 970.008118 73.513405 656.744934
v 894.443665 82.460724 724.455139
v 962.440735 96.482567 691.772827
v 998.016602 112.040230 660.931458
v 900.304810 128.912155 742.059692
v 988.041077 131.923996 714.703796
v 888.425964 97.573341 769.895813
v 875.827576 102.969345 742.699585
v 870.528015 150.026367 762.422058
v 886.090698 195.571991 811.041809
v 881.980347 198.720337 747.744080
v 967.303040 152.994537 741.973633
v 871.942688 208.824524 773.432861
v 892.181396 281.543427 788.002747
v 883.076477 157.476059 836.603149
v 784.067383 158.135941 884.978271
v 873.015869 231.168839 843.988647
v 893.933533 262.463989 823.060059
v 592.264099 87.467941 963.773438
v 903.180176 296.849640 851.771118
v 848.954468 274.084717 888.235596
v 919.477173 333.778076 815.066467
v 713.386841 228.685852 940.442139
v 510.742706 189.986664 1024.257324
v 245.440247 163.576736 1130.812744
v 855.254333 325.806244 967.750549
v 934.984558 346.517151 913.512207
v 649.224792 299.172821 1040.459351
v 452.727997 310.572388 1132.160034
v 816.344360 418.307770 1072.334229
v 118.040649 84.567009 1144.015503
v 22.573719 189.115372 1191.535034
v 648.327148 392.381073 1110.919434
v 940.543396 429.882874 1000.442017
v 803.493591 447.772369 1067.478394
v 898.718994 458.597076 1036.617188
v 980.503601 423.314240 948.110840
v 952.596375 467.935120 981.788208
v 896.506531 467.315735 1002.096741
v 977.151917 463.095917 949.625671
v 935.489441 475.898285 919.914612
v 842.164612 476.136261 764.127869
v 966.815918 446.927521 909.965027
v 973.378967 388.366638 910.374451
v 967.320740 398.790344 865.284302
v 948.064758 356.572540 877.724365
v 946.986267 466.094299 861.092773
v 909.567810 477.772858 813.330933
v 945.975220 453.529572 818.620544
v 954.402405 372.823120 835.185913
v 954.834412 401.120209 819.186768
v 922.665588 378.587433 798.687378
v 906.148560 462.122711 789.603149
v 866.147827 464.002441 751.403564
v 927.622253 363.755768 757.759460
v 934.359497 311.908325 767.351074
v 857.731323 458.495026 678.072998
v 828.464722 477.124298 650.913574
v 938.564270 237.416367 739.520020
v 947.411377 339.900055 716.100952
v 919.435303 397.768372 643.785217
v 954.923401 284.124359 730.898987
v 920.597473 303.116791 626.053223
v 953.620728 222.260071 700.986816
v 948.944763 195.086807 735.036743
v 988.361023 163.287201 717.606018
v 1006.314270 143.640732 675.253845
v 1003.579407 132.219086 613.186646
v 977.131409 177.140213 613.730835
v 912.287598 248.891037 536.662292
v 970.516968 139.707687 528.472717
v 936.663574 191.686142 498.158569
v 932.885193 71.304649 461.748322
v 901.597839 -3.874771 430.394989
v 894.270752 149.918854 419.097229
v 831.644714 81.084930 322.624969
v 713.551086 6.080558 180.038208
v 844.097412 228.557465 407.184418
v 720.181763 180.469803 256.773346
v 642.403442 89.296700 158.129410
v 542.904297 -11.306935 59.745384
v 530.373535 227.039185 108.874939
v 622.748047 292.695251 169.522537
v 722.691223 266.702911 275.892761
v 833.436157 312.891937 418.545746
v 751.479980 346.953705 282.444672
v 904.983459 339.096100 543.667847
v 872.959106 409.892303 436.137909
v 927.288818 378.446503 599.038269
v 925.794495 419.109589 538.799561
v 917.452332 446.007019 568.621094
v 813.672668 456.169739 314.165527
v 880.360535 466.021820 601.670959
v 912.028503 473.504913 532.176392
v 906.110657 462.926147 483.647217
v 871.405457 480.935699 560.399841
v 877.793030 484.340607 470.876465
v 868.029419 475.466858 411.777679
v 817.928894 477.671173 371.183258
v 757.289856 474.930054 266.283661
v 738.802002 451.810944 206.020584
v 540.416687 440.105530 131.428345
v 670.686096 463.882202 179.694748
v 655.157166 446.052490 143.696259
v 727.175537 396.403534 211.516312
v 638.163574 382.270294 143.671875
v 468.634460 328.729187 49.790936
v 521.816772 420.052582 90.066597
v 413.728455 416.067200 41.003441
v 418.685150 401.235535 0.075472
v 268.493042 399.290070 74.816063
v 329.756897 401.972504 -102.132584
v 394.224091 334.731110 -58.890842
v 253.760681 417.290253 409.586121
v 443.590210 163.625656 15.944785
v 390.541595 251.845093 -54.596218
v 423.828003 60.705936 -58.768127
v 425.910828 -13.224119 -77.573799
v 346.042877 -7.440187 -235.321564
v 362.515472 145.040771 -131.010239
v 321.598053 63.012119 -302.810883
v 306.972137 -2.373591 -412.110535
v 294.340088 152.824814 -400.844818
v 327.677979 235.197372 -269.084778
v 302.657898 80.676865 -580.803284
v 319.747253 4.436206 -591.157227
v 378.574615 21.969572 -764.823730
v 280.121857 248.003983 -625.197388
v 288.842102 325.436188 -489.358398
v 337.104187 321.948730 -234.032501
v 349.720154 384.830231 -134.608810
v 301.813110 378.717590 -293.660736
v 282.624725 391.931610 -255.978119
v -83.441727 345.101105 -348.689117
v 289.398285 373.292419 -449.190369
v 263.181091 389.054291 -408.539307
v -109.649529 343.328369 -445.553741
v 285.197449 384.597534 -556.033997
v -72.738678 339.627136 -565.695374
v 303.813507 364.088898 -574.278442
v 281.822693 310.449463 -623.905640
v 327.279663 377.466980 -617.390564
v 349.364899 359.762787 -658.892151
v 325.179260 383.119537 -670.812378
v 301.931732 317.956970 -662.661926
v 293.111633 266.216156 -704.531067
v 323.707764 182.675735 -763.830933
v 310.323853 278.213837 -739.468323
v 364.988281 306.248901 -714.022461
v 289.630280 240.786453 -756.342407
v 356.948425 296.232025 -753.526245
v 385.585968 306.180817 -737.853271
v 386.394562 329.968445 -720.025635
v 378.354706 319.951599 -759.529358
v 317.896606 300.896912 -777.337219
v 366.402985 365.047058 -703.011658
v 373.655823 356.366913 -743.782776
v 353.203918 381.084778 -726.231995
v 325.104950 350.714722 -773.964417
v 313.691803 375.388885 -749.506165
v 280.860199 353.718262 -794.113281
v 243.880463 370.666901 -779.964722
v -89.571648 328.612335 -712.356445
v 234.605469 354.217560 -824.138062
v 191.247574 350.226715 -857.981812
v 274.476624 287.126495 -839.264587
v 223.034348 331.616730 -868.468262
v 211.783142 340.379059 -909.896240
v 174.393036 334.121277 -942.195740
v 246.006439 306.918121 -923.664795
v 296.113708 281.686829 -805.160889
v 255.276016 277.715240 -876.650452
v 297.091034 266.535645 -775.309937
v 279.237610 260.490753 -826.927612
v 255.618881 245.489868 -855.444946
v 263.400909 233.923080 -790.759827
v 250.447495 248.919174 -914.230042
v 230.199432 193.734909 -791.284241
v 253.644028 202.022339 -771.949097
v 303.019623 190.900574 -783.546021
v 234.960434 167.099167 -778.947266
v 226.773422 201.111755 -892.921448
v 219.605621 155.982895 -805.763489
v 260.605286 144.042648 -800.160156
v 334.171967 155.216385 -802.677795
v 199.477631 148.877090 -919.985229
v 322.202637 132.034348 -818.387634
v 344.552460 112.886833 -807.161072
v 351.812073 81.179710 -770.022705
v 353.669464 82.061127 -831.776245
v 391.137848 57.536884 -830.999268
v 376.300049 20.908689 -827.427795
v 382.985962 50.586163 -851.601746
v 364.762665 26.023733 -859.136658
v 348.728912 56.331196 -850.454468
v 344.326935 10.179988 -901.192139
v 270.811646 94.999657 -813.825684
v 350.042328 31.981647 -877.307495
v 271.350220 74.578377 -845.885132
v 240.512405 95.973549 -821.010071
v 225.539642 126.000053 -816.840515
v 239.961639 93.769569 -864.019104
v 325.744629 58.404514 -870.326355
v 216.124268 130.553177 -857.574829
v 348.003998 47.413773 -902.645752
v 323.532196 67.123199 -904.846863
v 342.148254 46.614574 -923.091309
v 318.557861 13.677364 -936.146362
v 305.038879 -1.648139 -962.268921
v 303.444733 64.706329 -928.537781
v 296.926178 64.769279 -973.091064
v 268.985199 81.674263 -952.035034
v 197.147736 115.009666 -932.763367
v 278.382965 8.843633 -983.528259
v 248.224106 -11.184937 -994.151672
v 273.021271 46.121090 -991.889343
v 241.801437 26.373478 -998.000122
v 217.924881 -10.211044 -1001.336121
v 188.512512 -16.231548 -1022.215454
v 261.720154 67.729141 -986.332458
v 217.329620 46.082905 -1000.201233
v 214.640701 85.002434 -974.578674
v 170.047653 74.579086 -1013.092041
v 89.338722 -39.819729 -1120.538208
v 141.763809 123.709435 -1013.241516
v 51.943279 85.788559 -1098.913574
v -55.117809 53.806324 -1165.110718
v -47.909561 -73.894196 -1212.821167
v 94.992081 149.720673 -1073.654053
v 174.538727 181.252747 -999.558960
v 2.280146 161.942230 -1158.348145
v 114.365463 234.524597 -1107.836426
v 223.443283 245.984070 -953.853821
v 179.191757 272.014587 -1051.912231
v 240.751373 295.477234 -948.086243
v 190.448364 308.904449 -1013.325195
v 222.881775 329.993927 -940.097717
v 200.498184 321.425537 -963.945496
v 155.101974 332.866791 -1023.127502
v 162.354813 324.186646 -1063.898560
v 137.787125 306.400604 -1106.804565
v 102.929390 322.787354 -1101.681396
v 74.229736 303.059021 -1145.437988
v 6.680765 276.772644 -1188.360962
v 4.306363 301.403168 -1156.995239
v -210.466232 295.593628 -810.419373
v -82.667267 271.837799 -1199.501465
v -63.276371 247.400894 -1212.539551
v -111.630165 184.873566 -1215.235596
v -131.189789 248.249252 -1214.220825
v -206.816345 247.416992 -1174.594116
v -98.122017 108.894585 -1183.431030
v -175.866501 222.955704 -1218.370483
v -170.544006 112.310104 -1219.789673
v -153.246765 70.498787 -1208.340088
v -170.853104 172.251358 -1228.373901
v -197.446930 192.522705 -1221.549683
v -196.250961 125.587044 -1226.660400
v -176.376831 47.922329 -1221.932007
v -151.905014 28.212902 -1219.730835
v -233.017380 222.617279 -1193.549316
v -259.049683 158.878769 -1200.481201
v -214.771255 6.072826 -1218.794189
v -329.966522 212.935684 -1182.283081
v -114.470390 -24.027243 -1231.575195
v -132.699081 -94.241913 -1236.269165
v -157.766174 -18.238535 -1237.335449
v -214.815857 -112.947556 -1225.733521
v -393.791321 -149.491577 -1160.385864
v -359.192657 58.735565 -1169.994995
v -646.905823 -204.503952 -1073.082397
v -454.575928 178.154144 -1156.838989
v -453.767334 201.941772 -1139.011353
v -624.512634 141.566452 -1084.583862
v -341.839996 227.249115 -1157.288086
v -581.497620 177.782669 -1071.945557
v -803.313965 111.735878 -1010.053955
v -420.158081 259.844025 -876.613708
v -893.424622 133.354553 -951.332275
v -846.738037 -16.366005 -988.389832
v -820.188843 -155.657730 -1002.153381
v -845.305908 -244.326965 -1007.317871
v -920.545044 -158.364197 -939.546448
v -896.000366 -254.507904 -966.026978
v -941.806763 88.763550 -969.490662
v -924.973999 -255.258286 -924.995911
v -1009.629700 81.455139 -927.626099
v -969.287415 116.029282 -948.971497
v -1007.614319 129.611588 -920.591187
v -816.464233 218.274628 -733.000366
v -754.845337 211.356964 -813.674988
v -547.440247 223.420410 -885.153259
v -624.666382 243.290390 -808.954468
v -714.524658 240.840469 -772.573181
v -510.617035 268.035828 -836.256531
v -706.968018 304.085144 -750.835876
v -774.572327 244.992249 -743.932922
v -630.106323 311.349884 -785.792969
v -401.693146 346.551697 -834.653931
v -568.043213 355.354553 -807.398254
v -661.455688 403.909210 -794.146667
v -739.659180 438.930359 -747.798828
v -772.843140 289.501373 -727.178894
v -791.924927 253.997009 -705.556641
v -794.064392 363.799744 -717.675537
v -796.478027 315.062103 -696.090088
v -795.550598 312.756622 -619.254272
v -827.736938 399.464661 -660.897949
v -787.752441 260.628235 -614.175293
v -823.375488 440.926941 -700.691040
v -814.037109 220.958313 -598.766846
v -745.676758 311.192200 -325.431976
v -788.085815 452.837280 -721.813293
v -838.431946 456.083252 -662.157898
v -817.373962 466.375916 -686.525513
v -841.064148 459.130096 -605.610779
v -826.085999 474.755829 -612.621277
v -747.715149 469.475098 -727.696411
v -808.011108 469.176117 -383.381134
v -702.848145 460.920502 -773.970642
v -664.835754 461.627228 -808.094116
v -671.516296 477.601990 -786.761169
v -629.832214 469.890259 -819.497314
v -589.287476 493.241486 -816.198181
v -575.089539 467.143250 -825.574097
v -484.511780 432.858368 -806.923096
v -538.216431 498.912964 -823.662292
v -462.195709 385.994965 -808.317871
v -496.582306 504.046936 -809.413513
v -511.240570 519.784424 -799.500793
v -455.312622 536.315613 -753.923096
v -472.677399 522.695129 -790.615295
v -433.979309 458.951111 -782.327759
v -445.561188 522.564087 -769.892761
v -784.330261 493.956573 -326.780182
v -414.627502 538.664368 -754.062927
v -395.252747 554.789124 -707.494812
v -379.460663 462.336395 -750.601868
v -407.245117 417.677307 -792.591064
v -381.543488 536.266418 -731.796204
v -349.655518 423.285828 -755.501953
v -333.429993 467.969330 -682.774414
v -354.832306 381.062897 -811.445984
v -278.418732 400.592163 -770.797791
v -361.107727 552.110168 -689.740784
v -332.868408 561.477783 -645.447388
v -318.389709 493.374634 -661.701416
v -328.023712 549.712219 -667.474060
v -278.276917 488.428772 -642.403137
v -279.220459 531.295837 -659.632751
v -293.132233 561.041382 -659.975891
v -264.039795 535.698669 -641.998779
v -268.025940 558.406189 -649.129395
v -279.899414 572.719604 -624.134277
v -255.253448 559.723633 -612.750916
v -211.014099 511.067841 -589.761047
v -275.700012 452.575378 -649.124329
v -280.242371 427.426636 -696.422974
v -179.373123 467.808044 -593.967407
v -205.467453 571.808289 -577.899719
v -181.141418 527.449097 -569.418518
v -236.367371 583.423889 -581.108215
v -197.916245 589.400696 -553.321411
v -181.646240 575.586243 -524.737793
v -161.834213 488.141968 -548.092957
v -189.661713 610.819946 -414.104584
v -202.272263 593.590698 -516.369324
v -134.039017 446.587219 -562.868958
v -141.341782 468.113068 -475.112976
v -170.249252 591.473694 -489.589874
v -145.260422 546.252319 -457.000977
v -173.083954 605.743408 -457.687286
v -152.283783 594.452454 -456.873535
v -162.321411 604.556641 -431.184784
v -172.044540 600.371826 -399.752777
v -146.888351 584.890930 -435.891144
v -159.227524 543.191345 -407.518219
v -142.340668 478.173584 -442.516693
v -192.007767 617.514099 -367.276550
v -180.154541 529.430847 -249.073944
v -180.980637 614.884033 -288.045929
v -168.158203 603.355774 -298.652374
v -186.133057 617.911560 -193.852997
v -194.845093 626.291504 -119.948792
v -174.769836 606.083130 -171.326355
v -178.799149 618.609314 -53.562546
v -737.627258 515.860229 55.648628
v -192.019775 629.556396 -14.335689
v -160.444870 639.703857 88.049057
v -177.491165 548.607483 -77.574600
v -149.143753 618.095825 82.492126
v -773.346313 481.145172 -122.655159
v -700.619263 303.456940 5.879196
v -715.574524 224.242645 31.193039
v -742.639282 497.885376 146.402512
v -715.756531 521.421204 342.443329
v -680.264404 344.590363 294.882416
v -708.546814 502.559814 426.566650
v -695.342346 532.174316 446.945984
v -666.177124 252.879044 385.158325
v -648.873047 365.559052 525.600586
v -872.347473 177.913025 -394.712585
v -734.677917 183.647629 115.262527
v -798.518860 182.151077 -129.076965
v -878.656799 143.726105 -336.711853
v -999.660767 119.265869 -631.298584
v -1001.992004 154.077667 -724.827271
v -1022.007996 143.905746 -857.950317
v -1039.067627 133.530853 -751.383545
v -1043.016113 120.767372 -880.567566
v -1050.555054 125.800201 -830.077393
v -1034.290527 66.333504 -798.652771
v -1041.786377 81.547615 -873.057007
v -1002.089355 7.743093 -897.365784
v -989.148132 -29.878267 -848.964111
v -982.819885 3.906945 -753.986816
v -808.518799 -20.733994 -276.524780
v -946.704102 -69.635895 -736.137146
v -675.851868 -50.508892 186.688538
v -784.507385 -228.322495 -324.869995
v -704.997131 -229.998688 -47.971058
v -872.853943 -237.825516 -584.031921
v -652.686768 -246.414062 242.569031
v -630.759338 -276.725769 560.288330
v -653.140137 75.234833 423.181702
v -938.367310 -142.185562 -763.117676
v -927.963867 -248.103699 -749.297607
v -967.292358 -87.102432 -849.822021
v -944.862915 -205.711197 -789.367615
v -968.758362 -64.375687 -894.598450
v -959.752014 -160.814484 -819.561707
v -955.217773 -43.959541 -930.923096
v -955.626831 -135.845200 -896.620667
v -963.659912 -168.889038 -858.214905
v -954.452454 -207.871506 -839.284180
v -951.932251 -207.852234 -876.929993
v -937.762634 -216.014130 -901.768188
v -932.827515 -235.936447 -880.248962
v -924.597351 -259.767761 -891.169128
v -912.599670 -254.522034 -859.997070
v -945.936096 -228.055496 -859.923462
v -930.154785 -234.294373 -846.265320
v -912.823730 -248.389786 -822.194397
v -947.221191 -221.642288 -817.608093
v -936.632751 -229.542496 -800.287842
v -927.739807 -254.235947 -787.100281
v 470.844666 383.853180 1155.755249
v 642.505188 419.297760 1103.095215
v 381.670776 385.631744 1153.797119
v 106.267036 393.558167 749.197815
v 316.772980 355.896820 1207.304932
v 262.877960 278.281281 1189.906494
v 207.888275 350.749084 1215.482666
v 196.295563 323.057587 1233.599609
v 105.706978 266.037994 1220.630615
v 117.221413 324.511536 1234.036255
v 73.262825 331.162384 1204.168335
v 62.444946 299.542603 1227.491699
v 25.397690 261.059448 1216.397705
v 21.557320 308.416718 1202.987061
v -19.134594 329.094910 1125.217407
v -14.597663 308.591400 1175.357056
v -12.705146 268.509521 1206.975342
v -15.495355 224.281326 1194.734009
v -50.061501 289.967621 1187.297119
v -83.460037 306.654602 1159.287109
v -81.281349 270.220001 1181.186279
v -143.548264 306.117432 1097.396606
v -132.757385 286.994324 1139.361450
v -108.004807 225.279984 1134.684448
v -200.732895 278.063110 1109.596558
v -263.829987 285.082275 1070.426270
v -146.063141 174.232101 1081.118164
v -50.118290 148.321976 1105.289307
v -284.893402 229.137360 1097.634888
v -384.767700 241.882278 1097.257812
v -238.802063 135.710770 1061.712280
v -467.693054 199.389008 1089.965820
v -373.854065 133.479202 1063.556030
v -462.842987 233.275711 1065.098145
v -176.323273 71.055817 1032.630859
v -535.208252 200.818542 1059.664062
v -524.227112 147.847290 1051.204956
v -286.094849 72.902466 1054.503540
v -86.829453 100.640457 1037.491333
v -199.834045 -61.342640 1068.803711
v -87.216911 13.845432 1009.346497
v -35.308922 25.368200 1035.172363
v -43.898193 -55.531849 1033.410034
v -388.124939 58.493401 1050.530396
v -1.674136 25.174234 1100.448120
v -8.601721 -66.648483 1090.197266
v -100.796654 -79.938858 1035.890869
v 8.100350 125.352463 1153.864868
v 35.609371 80.150391 1148.807983
v 22.259108 25.886086 1134.708618
v 53.159023 14.270483 1137.917236
v 18.407902 -18.061138 1126.980103
v 44.143208 -49.274418 1149.312988
v 26.234438 -88.125870 1147.521240
v 68.463814 -139.285858 1160.635132
v 76.059525 -180.191360 1141.069580
v 42.150753 -161.019440 1160.581421
v 15.034517 -160.888428 1139.858887
v 15.887611 -195.598724 1113.542603
v -22.383947 -149.209869 1092.097046
v -38.631031 -198.983994 1081.816772
v -68.924843 -152.357864 1071.791382
v -103.933792 -206.273132 1086.035522
v -143.664551 -160.184509 1097.723022
v -165.991440 -204.625580 1104.799805
v -206.322891 -147.895248 1120.463135
v -233.842743 -193.997650 1131.202148
v -210.494034 -223.205688 1109.832397
v -263.288879 -227.734055 1097.701538
v -324.173492 -229.433594 1093.051758
v -301.352539 -146.915863 1098.059448
v -381.004456 -198.408783 1120.775146
v -399.750153 -243.111542 1085.693481
v -323.545746 -11.814102 1074.870850
v -415.964722 -18.972219 1058.367188
v -418.529510 -138.011871 1089.073730
v -444.847992 -205.397690 1091.860840
v -506.350922 -264.733002 1018.959534
v -516.726013 -176.751221 1020.601807
v -483.659485 -69.908356 1021.724243
v -462.388184 20.465904 1016.319092
v -466.340576 70.889282 1021.809814
v -520.326050 1.430498 960.865479
v -555.604919 80.824631 976.305725
v -548.402100 -92.528130 931.436340
v -574.648987 9.849308 875.874634
v -585.803040 -190.090393 904.818848
v -575.714172 -281.719513 912.895630
v -588.932068 -87.761765 787.780518
v -616.665222 -213.945755 779.556885
v -610.848633 -286.514679 790.222168
v -611.732788 -96.509621 639.575134
v -621.477417 71.733223 784.537476
v -623.777527 128.768555 919.055298
v -644.896362 182.867889 619.163696
v -596.537048 148.196671 995.944946
v -640.816956 192.163528 882.424316
v -620.751038 189.489746 968.562500
v -587.290405 182.582336 1024.656006
v -579.829651 208.331543 1005.688416
v -617.973022 211.092667 905.735291
v -635.266296 189.717117 759.611023
v -618.390198 210.913193 781.377747
v -438.961182 280.844940 637.583740
v -611.256165 228.326157 681.598450
v -636.138367 224.829147 632.949280
v -634.847900 264.068176 587.792908
v -613.496948 254.981186 631.615723
v -272.145355 328.055084 606.950256
v -386.487640 322.689301 566.061951
v -618.174255 296.487122 584.915100
v -678.292297 205.047226 375.728577
v -643.483032 310.345276 549.424011
v -624.799438 345.268433 556.422119
v -402.499817 358.087433 512.296997
v -630.475586 396.834930 542.317810
v -659.393921 428.891083 533.522888
v -437.700409 406.699524 496.214630
v -349.530823 369.329224 533.610107
v -631.817383 439.120819 553.708557
v -383.558411 414.594238 494.113708
v -295.472504 362.353760 565.872803
v -349.413391 411.915344 511.867767
v -423.143372 485.332642 499.521179
v -373.593597 480.924316 497.106567
v -250.054703 356.003113 562.607666
v -299.627380 424.000031 546.718994
v -269.502289 416.312683 544.721130
v -323.066559 461.364838 524.542847
v -291.246002 470.470734 526.677734
v -185.617233 375.377319 509.636597
v -261.783722 463.645538 500.572174
v -335.058807 501.771362 490.529785
v -286.744202 490.930542 483.445618
v -219.297882 502.748413 407.754242
v -299.573395 525.485779 416.142548
v -354.366028 541.078491 469.204224
v -383.687927 526.901184 491.870758
v -350.256989 606.609314 451.751495
v -392.889984 611.535889 470.098999
v -286.167786 612.556641 380.415955
v -360.385071 624.870300 433.894409
v -430.475830 593.474060 491.064392
v -453.285950 602.260803 480.374725
v -413.324371 527.012939 508.794067
v -462.234253 594.147705 517.013123
v -456.069397 535.005615 546.042908
v -498.387878 525.643188 570.133606
v -494.452972 584.460632 543.498596
v -488.142334 549.968323 566.248352
v -539.213379 544.296875 573.712524
v -623.345520 477.434753 577.213196
v -608.793884 510.415649 583.360779
v -644.628967 541.953552 558.632996
v -501.684265 598.231384 521.822510
v -650.747925 473.918457 566.209839
v -644.746399 499.367432 580.375366
v -666.984192 515.448792 550.247498
v -662.134094 549.335510 525.379883
v -684.203186 526.478088 507.275299
v -296.295898 630.817627 362.558868
v -191.724030 650.336609 266.438904
v -255.610733 633.166382 362.418976
v -232.256607 649.610596 338.208221
v -223.189514 631.630554 360.578003
v -201.845352 645.570557 326.491302
v -222.105591 567.761047 374.368622
v -255.132919 534.286316 383.026459
v -192.783676 581.938354 351.702087
v -180.679382 538.465698 366.813843
v -168.402313 570.385681 310.357330
v -139.484009 538.329529 319.152222
v -100.864174 505.367554 358.962341
v -147.058136 584.325684 276.270630
v -159.965607 649.662903 240.490204
v -150.130463 650.781616 190.156891
v -133.517578 604.741821 239.945984
v -138.543167 632.820862 174.880875
v -128.077637 536.682312 216.784485
v -127.178589 552.313171 278.158020
v -95.273018 507.610077 326.679779
v -68.442947 503.831726 357.121338
v -97.615105 451.117371 238.833145
v -61.622074 466.854523 332.349365
v -70.250427 490.104645 371.889954
v -119.314323 446.777496 176.645859
v -47.788570 467.890991 364.215118
v -73.918106 435.336243 235.827881
v -31.783154 455.519867 340.070587
v -46.210571 442.098114 390.090179
v -118.682487 458.359314 400.716461
v -46.726219 398.930817 440.452942
v -22.081612 454.614044 371.085815
v -15.108170 419.259613 417.943268
v 5.809451 450.554749 397.014679
v 2.621041 405.745392 413.393768
v 18.603529 456.962830 370.945953
v 21.702837 441.249756 391.771484
v 12.859807 453.097504 331.599030
v 4.331294 450.656250 277.169800
v 30.476988 442.649414 345.950867
v 25.913065 412.410034 361.099426
v 24.733265 438.784088 306.603943
v 28.433260 412.429291 323.453613
v 52.967190 402.499451 353.738342
v 19.177225 395.578247 432.258270
v 20.853714 412.773193 283.413025
v 51.601063 399.534790 214.992126
v -38.343502 376.722321 501.162201
v 20.050541 434.637817 262.744354
v -157.983994 349.734375 560.746826
v 14.166441 451.774933 226.836487
v 25.782074 415.877869 227.022766
v 12.869194 435.562897 194.083344
v 3.796685 407.890656 174.554565
v -12.062938 444.911560 192.419052
v -10.289223 430.922760 165.029175
v -19.361731 403.250549 145.500381
v -37.227348 374.580383 18.814247
v -23.061726 429.605347 128.650711
v -33.099361 439.709534 154.339493
v -90.424370 432.657684 169.978470
v -43.749870 437.830170 108.935638
v -32.134235 401.933105 109.121925
v -109.143082 438.697815 69.608559
v -31.876411 423.516754 83.940559
v -44.014465 439.273499 56.207520
v -46.029846 391.117065 49.172581
v -38.394958 423.579712 39.387268
v -58.308277 427.876282 24.878584
v -68.902092 390.124237 10.399322
v -112.052094 420.562744 -1.640928
v -99.151398 378.252441 -43.769997
v -147.808868 421.318604 -57.891319
v -129.607162 440.790405 12.090832
v -134.787933 461.754333 90.821457
v -119.117439 355.234833 -223.877945
v -161.346817 406.394836 -236.991852
v -141.082611 421.017487 -419.543854
v -124.818008 361.550781 -388.119263
v -63.671402 356.314636 -115.316216
v -121.124786 358.222992 -449.179077
v -120.978989 382.872742 -455.459106
v -112.524773 352.909210 -504.181946
v -97.877266 423.385559 -457.329498
v -82.158020 407.367096 -471.754944
v -125.245911 447.585175 -455.711639
v -83.247360 425.584412 -482.704559
v -77.027176 399.248871 -503.500671
v -81.962303 419.171204 -525.019897
v -74.967285 388.907410 -540.609619
v -96.609810 348.694824 -571.872314
v -68.741676 408.224121 -564.246765
v -68.775444 380.508209 -576.868042
v -104.251472 339.259186 -639.996521
v -98.536095 361.060822 -616.111877
v -78.128700 394.840912 -589.518738
v -114.598206 409.304626 -622.891968
v -145.037811 431.280975 -626.637329
v -125.849396 418.066986 -664.319946
v -173.165115 418.847260 -689.832031
v -112.712456 392.249725 -669.183167
v -116.389526 355.015930 -667.729553
v -131.104462 406.626068 -688.741394
v -125.456612 372.995941 -690.099365
v -125.001724 337.704437 -687.795166
v -174.613571 332.333221 -713.464111
v -166.770782 399.225189 -701.445923
v -191.765030 398.794312 -731.193787
v -222.552917 407.343781 -753.303650
v -223.361511 383.556152 -771.131287
v -205.923889 320.742371 -763.120728
v -227.532654 308.245697 -781.762146
v -268.066589 376.198914 -790.743347
v -263.973785 304.773071 -799.673035
v -309.588654 367.998840 -823.893433
v -315.893982 270.625061 -900.567383
v -337.799652 340.694916 -852.724487
v -361.249664 286.755249 -869.218628
v -314.102661 324.913757 -855.729797
v -324.696472 287.161743 -870.209045
v -299.416077 291.239929 -850.180237
vn 0.479537 0.485928 0.730697
vn 0.280710 0.445349 0.850215
vn 0.384256 0.503997 0.773520
vn 0.384256 0.503997 0.773520
vn 0.280710 0.445349 0.850215
vn 0.247034 0.433246 0.866760
vn 0.479537 0.485928 0.730697
vn 0.384256 0.503997 0.773520
vn 0.764743 0.167327 0.622230
vn 0.247034 0.433246 0.866760
vn 0.280710 0.445349 0.850215
vn 0.268590 0.310877 0.911710
vn 0.247034 0.433246 0.866760
vn 0.268590 0.310877 0.911710
vn 0.233278 0.371455 0.898667
vn 0.280710 0.445349 0.850215
vn 0.479537 0.485928 0.730697
vn 0.565397 0.408248 0.716701
vn 0.280710 0.445349 0.850215
vn 0.565397 0.408248 0.716701
vn 0.268590 0.310877 0.911710
vn 0.479537 0.485928 0.730697
vn 0.764743 0.167327 0.622230
vn 0.895007 0.342010 0.286342
vn 0.895007 0.342010 0.286342
vn 0.764743 0.167327 0.622230
vn 0.935953 0.156894 -0.315240
vn 0.233278 0.371455 0.898667
vn 0.268590 0.310877 0.911710
vn 0.277934 0.206147 0.938220
vn 0.233278 0.371455 0.898667
vn 0.277934 0.206147 0.938220
vn 0.307947 0.192713 0.931682
vn 0.307947 0.192713 0.931682
vn 0.277934 0.206147 0.938220
vn 0.328383 0.115201 0.937493
vn 0.307947 0.192713 0.931682
vn 0.328383 0.115201 0.937493
vn 0.243790 0.092029 0.965452
vn 0.243790 0.092029 0.965452
vn 0.328383 0.115201 0.937493
vn 0.190995 0.028265 0.981184
vn 0.895007 0.342010 0.286342
vn 0.935953 0.156894 -0.315240
vn 0.769550 0.484175 -0.416374
vn 0.328383 0.115201 0.937493
vn 0.277934 0.206147 0.938220
vn 0.366162 -0.070878 0.927848
vn 0.895007 0.342010 0.286342
vn 0.769550 0.484175 -0.416374
vn 0.747215 0.647050 0.151646
vn 0.895007 0.342010 0.286342
vn 0.747215 0.647050 0.151646
vn 0.479537 0.485928 0.730697
vn 0.769550 0.484175 -0.416374
vn 0.935953 0.156894 -0.315240
vn 0.866919 0.398302 -0.299677
vn 0.866919 0.398302 -0.299677
vn 0.935953 0.156894 -0.315240
vn 0.971285 0.064843 -0.228912
vn 0.747215 0.647050 0.151646
vn 0.769550 0.484175 -0.416374
vn 0.726582 0.589471 -0.352991
vn 0.726582 0.589471 -0.352991
vn 0.769550 0.484175 -0.416374
vn 0.866919 0.398302 -0.299677
vn 0.866919 0.398302 -0.299677
vn 0.971285 0.064843 -0.228912
vn 0.685139 0.702811 -0.191421
vn 0.866919 0.398302 -0.299677
vn 0.685139 0.702811 -0.191421
vn 0.726582 0.589471 -0.352991
vn 0.685139 0.702811 -0.191421
vn 0.971285 0.064843 -0.228912
vn 0.864954 0.282831 -0.414561
vn 0.685139 0.702811 -0.191421
vn 0.864954 0.282831 -0.414561
vn 0.726582 0.589471 -0.352991
vn 0.864954 0.282831 -0.414561
vn 0.971285 0.064843 -0.228912
vn 0.759732 -0.112788 -0.640380
vn 0.571434 0.735341 0.364331
vn 0.479537 0.485928 0.730697
vn 0.747215 0.647050 0.151646
vn 0.571434 0.735341 0.364331
vn 0.747215 0.647050 0.151646
vn 0.644715 0.603395 -0.469315
vn 0.644715 0.603395 -0.469315
vn 0.747215 0.647050 0.151646
vn 0.726582 0.589471 -0.352991
vn 0.479537 0.485928 0.730697
vn 0.571434 0.735341 0.364331
vn 0.565397 0.408248 0.716701
vn 0.571434 0.735341 0.364331
vn 0.644715 0.603395 -0.469315
vn 0.595430 0.734360 -0.325851
vn 0.595430 0.734360 -0.325851
vn 0.644715 0.603395 -0.469315
vn 0.726582 0.589471 -0.352991
vn 0.571434 0.735341 0.364331
vn 0.595430 0.734360 -0.325851
vn 0.565397 0.408248 0.716701
vn 0.870176 0.127295 -0.476014
vn 0.864954 0.282831 -0.414561
vn 0.759732 -0.112788 -0.640380
vn 0.870176 0.127295 -0.476014
vn 0.759732 -0.112788 -0.640380
vn 0.862256 -0.203235 -0.463908
vn 0.750947 0.657674 -0.059528
vn 0.726582 0.589471 -0.352991
vn 0.864954 0.282831 -0.414561
vn 0.750947 0.657674 -0.059528
vn 0.864954 0.282831 -0.414561
vn 0.870176 0.127295 -0.476014
vn 0.595430 0.734360 -0.325851
vn 0.726582 0.589471 -0.352991
vn 0.680060 0.705585 -0.199169
vn 0.680060 0.705585 -0.199169
vn 0.726582 0.589471 -0.352991
vn 0.750947 0.657674 -0.059528
vn 0.921940 0.387069 0.014295
vn 0.565397 0.408248 0.716701
vn 0.595430 0.734360 -0.325851
vn 0.921940 0.387069 0.014295
vn 0.595430 0.734360 -0.325851
vn 0.680060 0.705585 -0.199169
vn 0.870176 0.127295 -0.476014
vn 0.862256 -0.203235 -0.463908
vn 0.971635 -0.168237 -0.166196
vn 0.971635 -0.168237 -0.166196
vn 0.862256 -0.203235 -0.463908
vn 0.920965 -0.376785 -0.099278
vn 0.750947 0.657674 -0.059528
vn 0.870176 0.127295 -0.476014
vn 0.925169 0.048922 0.376390
vn 0.925169 0.048922 0.376390
vn 0.870176 0.127295 -0.476014
vn 0.971635 -0.168237 -0.166196
vn 0.750947 0.657674 -0.059528
vn 0.925169 0.048922 0.376390
vn 0.680060 0.705585 -0.199169
vn 0.971635 -0.168237 -0.166196
vn 0.920965 -0.376785 -0.099278
vn 0.942586 -0.329382 0.055136
vn 0.971635 -0.168237 -0.166196
vn 0.942586 -0.329382 0.055136
vn 0.925169 0.048922 0.376390
vn 0.942586 -0.329382 0.055136
vn 0.920965 -0.376785 -0.099278
vn 0.926390 -0.329246 -0.182753
vn 0.942586 -0.329382 0.055136
vn 0.926390 -0.329246 -0.182753
vn 0.926685 -0.323152 -0.191906
vn 0.925169 0.048922 0.376390
vn 0.942586 -0.329382 0.055136
vn 0.860189 -0.446558 0.246294
vn 0.860189 -0.446558 0.246294
vn 0.942586 -0.329382 0.055136
vn 0.926685 -0.323152 -0.191906
vn 0.680060 0.705585 -0.199169
vn 0.925169 0.048922 0.376390
vn 0.763794 0.329289 0.555146
vn 0.925169 0.048922 0.376390
vn 0.860189 -0.446558 0.246294
vn 0.581288 -0.513094 0.631537
vn 0.925169 0.048922 0.376390
vn 0.581288 -0.513094 0.631537
vn 0.763794 0.329289 0.555146
vn 0.581288 -0.513094 0.631537
vn 0.860189 -0.446558 0.246294
vn 0.859823 -0.479499 0.175460
vn 0.859823 -0.479499 0.175460
vn 0.860189 -0.446558 0.246294
vn 0.926685 -0.323152 -0.191906
vn 0.763794 0.329289 0.555146
vn 0.581288 -0.513094 0.631537
vn 0.337143 -0.297477 0.893220
vn 0.581288 -0.513094 0.631537
vn 0.859823 -0.479499 0.175460
vn 0.684656 -0.436321 0.583840
vn 0.581288 -0.513094 0.631537
vn 0.684656 -0.436321 0.583840
vn 0.337143 -0.297477 0.893220
vn 0.680060 0.705585 -0.199169
vn 0.763794 0.329289 0.555146
vn 0.805930 0.476317 -0.351567
vn 0.805930 0.476317 -0.351567
vn 0.763794 0.329289 0.555146
vn 0.910514 0.196848 0.363615
vn 0.910514 0.196848 0.363615
vn 0.763794 0.329289 0.555146
vn 0.337143 -0.297477 0.893220
vn 0.680060 0.705585 -0.199169
vn 0.805930 0.476317 -0.351567
vn 0.921940 0.387069 0.014295
vn 0.805930 0.476317 -0.351567
vn 0.910514 0.196848 0.363615
vn 0.977961 0.100259 0.183143
vn 0.805930 0.476317 -0.351567
vn 0.977961 0.100259 0.183143
vn 0.921940 0.387069 0.014295
vn 0.977961 0.100259 0.183143
vn 0.910514 0.196848 0.363615
vn 0.337143 -0.297477 0.893220
vn 0.921940 0.387069 0.014295
vn 0.977961 0.100259 0.183143
vn 0.999145 0.031879 -0.026330
vn 0.977961 0.100259 0.183143
vn 0.337143 -0.297477 0.893220
vn 0.596554 -0.147790 0.788849
vn 0.438743 -0.138967 0.887802
vn 0.337143 -0.297477 0.893220
vn 0.684656 -0.436321 0.583840
vn 0.337143 -0.297477 0.893220
vn 0.438743 -0.138967 0.887802
vn 0.596554 -0.147790 0.788849
vn 0.977961 0.100259 0.183143
vn 0.596554 -0.147790 0.788849
vn 0.984501 -0.172456 0.031879
vn 0.977961 0.100259 0.183143
vn 0.984501 -0.172456 0.031879
vn 0.999145 0.031879 -0.026330
vn 0.984501 -0.172456 0.031879
vn 0.596554 -0.147790 0.788849
vn 0.875965 -0.387814 0.286855
vn 0.984501 -0.172456 0.031879
vn 0.875965 -0.387814 0.286855
vn 0.999145 0.031879 -0.026330
vn 0.732855 0.142915 0.665206
vn 0.921940 0.387069 0.014295
vn 0.999145 0.031879 -0.026330
vn 0.921940 0.387069 0.014295
vn 0.732855 0.142915 0.665206
vn 0.565397 0.408248 0.716701
vn 0.565397 0.408248 0.716701
vn 0.732855 0.142915 0.665206
vn 0.441027 -0.044092 0.896410
vn 0.565397 0.408248 0.716701
vn 0.441027 -0.044092 0.896410
vn 0.268590 0.310877 0.911710
vn 0.732855 0.142915 0.665206
vn 0.999145 0.031879 -0.026330
vn 0.735431 -0.237022 0.634793
vn 0.732855 0.142915 0.665206
vn 0.735431 -0.237022 0.634793
vn 0.441027 -0.044092 0.896410
vn 0.735431 -0.237022 0.634793
vn 0.999145 0.031879 -0.026330
vn 0.952301 -0.292221 0.087919
vn 0.952301 -0.292221 0.087919
vn 0.999145 0.031879 -0.026330
vn 0.875965 -0.387814 0.286855
vn 0.268590 0.310877 0.911710
vn 0.441027 -0.044092 0.896410
vn 0.347373 -0.005524 0.937711
vn 0.268590 0.310877 0.911710
vn 0.347373 -0.005524 0.937711
vn 0.277934 0.206147 0.938220
vn 0.277934 0.206147 0.938220
vn 0.347373 -0.005524 0.937711
vn 0.366162 -0.070878 0.927848
vn 0.735431 -0.237022 0.634793
vn 0.952301 -0.292221 0.087919
vn 0.804919 -0.549696 0.223472
vn 0.441027 -0.044092 0.896410
vn 0.735431 -0.237022 0.634793
vn 0.547221 -0.581691 0.601818
vn 0.547221 -0.581691 0.601818
vn 0.735431 -0.237022 0.634793
vn 0.804919 -0.549696 0.223472
vn 0.804919 -0.549696 0.223472
vn 0.952301 -0.292221 0.087919
vn 0.926339 -0.374356 -0.041883
vn 0.926339 -0.374356 -0.041883
vn 0.952301 -0.292221 0.087919
vn 0.875965 -0.387814 0.286855
vn 0.418091 -0.461061 0.782702
vn 0.347373 -0.005524 0.937711
vn 0.441027 -0.044092 0.896410
vn 0.418091 -0.461061 0.782702
vn 0.441027 -0.044092 0.896410
vn 0.547221 -0.581691 0.601818
vn 0.373727 -0.392400 0.840447
vn 0.366162 -0.070878 0.927848
vn 0.347373 -0.005524 0.937711
vn 0.373727 -0.392400 0.840447
vn 0.347373 -0.005524 0.937711
vn 0.418091 -0.461061 0.782702
vn 0.366162 -0.070878 0.927848
vn 0.373727 -0.392400 0.840447
vn 0.295482 -0.388551 0.872765
vn 0.418091 -0.461061 0.782702
vn 0.547221 -0.581691 0.601818
vn 0.439794 -0.683379 0.582729
vn 0.646315 -0.678867 0.348450
vn 0.547221 -0.581691 0.601818
vn 0.804919 -0.549696 0.223472
vn 0.547221 -0.581691 0.601818
vn 0.646315 -0.678867 0.348450
vn 0.439794 -0.683379 0.582729
vn 0.373727 -0.392400 0.840447
vn 0.418091 -0.461061 0.782702
vn 0.337202 -0.601715 0.724040
vn 0.337202 -0.601715 0.724040
vn 0.418091 -0.461061 0.782702
vn 0.439794 -0.683379 0.582729
vn 0.373727 -0.392400 0.840447
vn 0.337202 -0.601715 0.724040
vn 0.328224 -0.458246 0.826002
vn 0.373727 -0.392400 0.840447
vn 0.328224 -0.458246 0.826002
vn 0.295482 -0.388551 0.872765
vn 0.337202 -0.601715 0.724040
vn 0.439794 -0.683379 0.582729
vn 0.341764 -0.210085 0.916003
vn 0.178579 -0.162932 0.970342
vn 0.366162 -0.070878 0.927848
vn 0.295482 -0.388551 0.872765
vn 0.366162 -0.070878 0.927848
vn 0.178579 -0.162932 0.970342
vn 0.328383 0.115201 0.937493
vn 0.328383 0.115201 0.937493
vn 0.178579 -0.162932 0.970342
vn 0.190995 0.028265 0.981184
vn 0.178579 -0.162932 0.970342
vn 0.295482 -0.388551 0.872765
vn -0.187831 -0.420989 0.887405
vn 0.337202 -0.601715 0.724040
vn 0.341764 -0.210085 0.916003
vn 0.263952 -0.152452 0.952412
vn 0.337202 -0.601715 0.724040
vn 0.263952 -0.152452 0.952412
vn 0.328224 -0.458246 0.826002
vn 0.341764 -0.210085 0.916003
vn 0.439794 -0.683379 0.582729
vn 0.663634 -0.277379 0.694731
vn 0.663634 -0.277379 0.694731
vn 0.439794 -0.683379 0.582729
vn 0.646315 -0.678867 0.348450
vn 0.263952 -0.152452 0.952412
vn 0.341764 -0.210085 0.916003
vn 0.059217 0.759066 0.648315
vn 0.341764 -0.210085 0.916003
vn 0.663634 -0.277379 0.694731
vn 0.393054 0.506788 0.767251
vn 0.341764 -0.210085 0.916003
vn 0.393054 0.506788 0.767251
vn 0.059217 0.759066 0.648315
vn 0.663634 -0.277379 0.694731
vn 0.646315 -0.678867 0.348450
vn 0.943958 -0.204672 0.258946
vn 0.393054 0.506788 0.767251
vn 0.663634 -0.277379 0.694731
vn 0.548314 0.689322 0.473484
vn 0.548314 0.689322 0.473484
vn 0.663634 -0.277379 0.694731
vn 0.943958 -0.204672 0.258946
vn 0.393054 0.506788 0.767251
vn 0.548314 0.689322 0.473484
vn -0.037649 0.987087 0.155698
vn 0.393054 0.506788 0.767251
vn -0.037649 0.987087 0.155698
vn 0.059217 0.759066 0.648315
vn 0.548314 0.689322 0.473484
vn 0.943958 -0.204672 0.258946
vn 0.824685 0.557667 0.094349
vn -0.037649 0.987087 0.155698
vn 0.548314 0.689322 0.473484
vn 0.240840 0.970158 -0.028114
vn 0.240840 0.970158 -0.028114
vn 0.548314 0.689322 0.473484
vn 0.824685 0.557667 0.094349
vn 0.059217 0.759066 0.648315
vn -0.037649 0.987087 0.155698
vn 0.082065 0.995712 -0.042698
vn 0.082065 0.995712 -0.042698
vn -0.037649 0.987087 0.155698
vn 0.240840 0.970158 -0.028114
vn 0.240840 0.970158 -0.028114
vn 0.824685 0.557667 0.094349
vn 0.876910 0.410940 -0.249313
vn 0.876910 0.410940 -0.249313
vn 0.824685 0.557667 0.094349
vn 0.943958 -0.204672 0.258946
vn 0.876910 0.410940 -0.249313
vn 0.943958 -0.204672 0.258946
vn 0.927924 -0.366006 0.070680
vn 0.927924 -0.366006 0.070680
vn 0.943958 -0.204672 0.258946
vn 0.646315 -0.678867 0.348450
vn 0.876910 0.410940 -0.249313
vn 0.927924 -0.366006 0.070680
vn 0.979164 -0.081376 -0.186051
vn 0.927924 -0.366006 0.070680
vn 0.646315 -0.678867 0.348450
vn 0.816293 -0.576808 -0.030960
vn 0.927924 -0.366006 0.070680
vn 0.816293 -0.576808 -0.030960
vn 0.979164 -0.081376 -0.186051
vn 0.816293 -0.576808 -0.030960
vn 0.646315 -0.678867 0.348450
vn 0.804919 -0.549696 0.223472
vn 0.816293 -0.576808 -0.030960
vn 0.804919 -0.549696 0.223472
vn 0.926339 -0.374356 -0.041883
vn 0.718345 0.681229 -0.141095
vn 0.240840 0.970158 -0.028114
vn 0.876910 0.410940 -0.249313
vn 0.718345 0.681229 -0.141095
vn 0.876910 0.410940 -0.249313
vn 0.979164 -0.081376 -0.186051
vn 0.240840 0.970158 -0.028114
vn 0.718345 0.681229 -0.141095
vn 0.293412 0.921024 -0.256173
vn 0.240840 0.970158 -0.028114
vn 0.293412 0.921024 -0.256173
vn 0.082065 0.995712 -0.042698
vn 0.718345 0.681229 -0.141095
vn 0.979164 -0.081376 -0.186051
vn 0.771663 0.413031 -0.483675
vn 0.718345 0.681229 -0.141095
vn 0.771663 0.413031 -0.483675
vn 0.293412 0.921024 -0.256173
vn 0.852083 -0.410712 -0.324453
vn 0.979164 -0.081376 -0.186051
vn 0.816293 -0.576808 -0.030960
vn 0.852083 -0.410712 -0.324453
vn 0.816293 -0.576808 -0.030960
vn 0.926339 -0.374356 -0.041883
vn 0.771663 0.413031 -0.483675
vn 0.979164 -0.081376 -0.186051
vn 0.808618 -0.048623 -0.586321
vn 0.808618 -0.048623 -0.586321
vn 0.979164 -0.081376 -0.186051
vn 0.852083 -0.410712 -0.324453
vn 0.808618 -0.048623 -0.586321
vn 0.852083 -0.410712 -0.324453
vn 0.893910 0.039174 -0.446530
vn 0.808618 -0.048623 -0.586321
vn 0.893910 0.039174 -0.446530
vn 0.771663 0.413031 -0.483675
vn 0.893910 0.039174 -0.446530
vn 0.852083 -0.410712 -0.324453
vn 0.926339 -0.374356 -0.041883
vn 0.575534 0.452433 -0.681223
vn 0.293412 0.921024 -0.256173
vn 0.771663 0.413031 -0.483675
vn 0.575534 0.452433 -0.681223
vn 0.771663 0.413031 -0.483675
vn 0.893910 0.039174 -0.446530
vn 0.293412 0.921024 -0.256173
vn 0.575534 0.452433 -0.681223
vn 0.082065 0.995712 -0.042698
vn 0.575534 0.452433 -0.681223
vn 0.893910 0.039174 -0.446530
vn 0.621952 0.742653 -0.248277
vn 0.575534 0.452433 -0.681223
vn 0.621952 0.742653 -0.248277
vn 0.082065 0.995712 -0.042698
vn 0.893910 0.039174 -0.446530
vn 0.926339 -0.374356 -0.041883
vn 0.924196 0.362063 0.121538
vn 0.893910 0.039174 -0.446530
vn 0.924196 0.362063 0.121538
vn 0.621952 0.742653 -0.248277
vn 0.924196 0.362063 0.121538
vn 0.926339 -0.374356 -0.041883
vn 0.866289 -0.086914 0.491925
vn 0.866289 -0.086914 0.491925
vn 0.926339 -0.374356 -0.041883
vn 0.875965 -0.387814 0.286855
vn 0.621952 0.742653 -0.248277
vn 0.924196 0.362063 0.121538
vn 0.675126 0.736632 0.039728
vn 0.082065 0.995712 -0.042698
vn 0.621952 0.742653 -0.248277
vn 0.127242 0.990185 0.057819
vn 0.127242 0.990185 0.057819
vn 0.621952 0.742653 -0.248277
vn 0.675126 0.736632 0.039728
vn 0.866289 -0.086914 0.491925
vn 0.875965 -0.387814 0.286855
vn 0.688156 -0.185339 0.701492
vn 0.688156 -0.185339 0.701492
vn 0.875965 -0.387814 0.286855
vn 0.596554 -0.147790 0.788849
vn 0.924196 0.362063 0.121538
vn 0.866289 -0.086914 0.491925
vn 0.968143 0.250212 0.009614
vn 0.675126 0.736632 0.039728
vn 0.924196 0.362063 0.121538
vn 0.913937 0.390725 0.109790
vn 0.913937 0.390725 0.109790
vn 0.924196 0.362063 0.121538
vn 0.968143 0.250212 0.009614
vn 0.968143 0.250212 0.009614
vn 0.866289 -0.086914 0.491925
vn 0.981719 -0.001919 0.190329
vn 0.981719 -0.001919 0.190329
vn 0.866289 -0.086914 0.491925
vn 0.688156 -0.185339 0.701492
vn 0.968143 0.250212 0.009614
vn 0.981719 -0.001919 0.190329
vn 0.976218 0.069797 -0.205247
vn 0.968143 0.250212 0.009614
vn 0.976218 0.069797 -0.205247
vn 0.913937 0.390725 0.109790
vn 0.981719 -0.001919 0.190329
vn 0.688156 -0.185339 0.701492
vn 0.942683 0.321750 0.088461
vn 0.981719 -0.001919 0.190329
vn 0.942683 0.321750 0.088461
vn 0.976218 0.069797 -0.205247
vn 0.522031 0.290306 0.802001
vn 0.688156 -0.185339 0.701492
vn 0.596554 -0.147790 0.788849
vn 0.688156 -0.185339 0.701492
vn 0.522031 0.290306 0.802001
vn 0.942683 0.321750 0.088461
vn 0.522031 0.290306 0.802001
vn 0.596554 -0.147790 0.788849
vn 0.438743 -0.138967 0.887802
vn 0.522031 0.290306 0.802001
vn 0.438743 -0.138967 0.887802
vn 0.839141 0.286133 0.462569
vn 0.522031 0.290306 0.802001
vn 0.839141 0.286133 0.462569
vn 0.942683 0.321750 0.088461
vn 0.839141 0.286133 0.462569
vn 0.438743 -0.138967 0.887802
vn 0.684656 -0.436321 0.583840
vn 0.839141 0.286133 0.462569
vn 0.684656 -0.436321 0.583840
vn 0.986622 0.110784 0.119597
vn 0.839141 0.286133 0.462569
vn 0.986622 0.110784 0.119597
vn 0.942683 0.321750 0.088461
vn 0.986622 0.110784 0.119597
vn 0.684656 -0.436321 0.583840
vn 0.859823 -0.479499 0.175460
vn 0.986622 0.110784 0.119597
vn 0.859823 -0.479499 0.175460
vn 0.979937 0.048628 -0.193286
vn 0.979937 0.048628 -0.193286
vn 0.859823 -0.479499 0.175460
vn 0.926685 -0.323152 -0.191906
vn 0.942683 0.321750 0.088461
vn 0.986622 0.110784 0.119597
vn 0.828966 0.534925 -0.163311
vn 0.828966 0.534925 -0.163311
vn 0.986622 0.110784 0.119597
vn 0.979937 0.048628 -0.193286
vn 0.942683 0.321750 0.088461
vn 0.828966 0.534925 -0.163311
vn 0.879231 0.347100 -0.326304
vn 0.942683 0.321750 0.088461
vn 0.879231 0.347100 -0.326304
vn 0.976218 0.069797 -0.205247
vn 0.828966 0.534925 -0.163311
vn 0.979937 0.048628 -0.193286
vn 0.914220 0.126639 -0.384921
vn 0.914220 0.126639 -0.384921
vn 0.979937 0.048628 -0.193286
vn 0.926685 -0.323152 -0.191906
vn 0.828966 0.534925 -0.163311
vn 0.914220 0.126639 -0.384921
vn 0.797547 0.424442 -0.428682
vn 0.828966 0.534925 -0.163311
vn 0.797547 0.424442 -0.428682
vn 0.879231 0.347100 -0.326304
vn 0.914220 0.126639 -0.384921
vn 0.926685 -0.323152 -0.191906
vn 0.877584 -0.095169 -0.469881
vn 0.877584 -0.095169 -0.469881
vn 0.926685 -0.323152 -0.191906
vn 0.926390 -0.329246 -0.182753
vn 0.877584 -0.095169 -0.469881
vn 0.926390 -0.329246 -0.182753
vn 0.855837 -0.158616 -0.492325
vn 0.914220 0.126639 -0.384921
vn 0.877584 -0.095169 -0.469881
vn 0.760482 0.231707 -0.606613
vn 0.914220 0.126639 -0.384921
vn 0.760482 0.231707 -0.606613
vn 0.797547 0.424442 -0.428682
vn 0.877584 -0.095169 -0.469881
vn 0.855837 -0.158616 -0.492325
vn 0.754165 0.109328 -0.647521
vn 0.877584 -0.095169 -0.469881
vn 0.754165 0.109328 -0.647521
vn 0.760482 0.231707 -0.606613
vn 0.754165 0.109328 -0.647521
vn 0.855837 -0.158616 -0.492325
vn 0.629170 0.230323 -0.742359
vn 0.797547 0.424442 -0.428682
vn 0.760482 0.231707 -0.606613
vn 0.752208 0.282140 -0.595467
vn 0.797547 0.424442 -0.428682
vn 0.752208 0.282140 -0.595467
vn 0.879231 0.347100 -0.326304
vn 0.760482 0.231707 -0.606613
vn 0.754165 0.109328 -0.647521
vn 0.681289 0.198426 -0.704608
vn 0.681289 0.198426 -0.704608
vn 0.754165 0.109328 -0.647521
vn 0.629170 0.230323 -0.742359
vn 0.760482 0.231707 -0.606613
vn 0.681289 0.198426 -0.704608
vn 0.752208 0.282140 -0.595467
vn 0.681289 0.198426 -0.704608
vn 0.629170 0.230323 -0.742359
vn 0.588436 0.251595 -0.768403
vn 0.588436 0.251595 -0.768403
vn 0.629170 0.230323 -0.742359
vn 0.654808 0.218279 -0.723589
vn 0.681289 0.198426 -0.704608
vn 0.588436 0.251595 -0.768403
vn 0.639278 0.048189 -0.767464
vn 0.639278 0.048189 -0.767464
vn 0.588436 0.251595 -0.768403
vn 0.654808 0.218279 -0.723589
vn 0.681289 0.198426 -0.704608
vn 0.639278 0.048189 -0.767464
vn 0.620332 -0.194294 -0.759894
vn 0.752208 0.282140 -0.595467
vn 0.681289 0.198426 -0.704608
vn 0.753398 -0.014542 -0.657405
vn 0.753398 -0.014542 -0.657405
vn 0.681289 0.198426 -0.704608
vn 0.620332 -0.194294 -0.759894
vn 0.752208 0.282140 -0.595467
vn 0.753398 -0.014542 -0.657405
vn 0.838396 -0.044287 -0.543260
vn 0.752208 0.282140 -0.595467
vn 0.838396 -0.044287 -0.543260
vn 0.879231 0.347100 -0.326304
vn 0.838396 -0.044287 -0.543260
vn 0.753398 -0.014542 -0.657405
vn 0.774622 -0.292658 -0.560635
vn 0.774622 -0.292658 -0.560635
vn 0.753398 -0.014542 -0.657405
vn 0.620332 -0.194294 -0.759894
vn 0.879231 0.347100 -0.326304
vn 0.838396 -0.044287 -0.543260
vn 0.934041 -0.101673 -0.342389
vn 0.879231 0.347100 -0.326304
vn 0.934041 -0.101673 -0.342389
vn 0.976218 0.069797 -0.205247
vn 0.838396 -0.044287 -0.543260
vn 0.774622 -0.292658 -0.560635
vn 0.856522 -0.200476 -0.475582
vn 0.838396 -0.044287 -0.543260
vn 0.856522 -0.200476 -0.475582
vn 0.934041 -0.101673 -0.342389
vn 0.976218 0.069797 -0.205247
vn 0.934041 -0.101673 -0.342389
vn 0.999311 -0.034535 -0.013573
vn 0.976218 0.069797 -0.205247
vn 0.999311 -0.034535 -0.013573
vn 0.913937 0.390725 0.109790
vn 0.999311 -0.034535 -0.013573
vn 0.934041 -0.101673 -0.342389
vn 0.983142 -0.010673 -0.182534
vn 0.999311 -0.034535 -0.013573
vn 0.983142 -0.010673 -0.182534
vn 0.913937 0.390725 0.109790
vn 0.983142 -0.010673 -0.182534
vn 0.934041 -0.101673 -0.342389
vn 0.856522 -0.200476 -0.475582
vn 0.913937 0.390725 0.109790
vn 0.983142 -0.010673 -0.182534
vn 0.869449 0.435109 0.233962
vn 0.809987 0.276768 -0.517030
vn 0.856522 -0.200476 -0.475582
vn 0.774622 -0.292658 -0.560635
vn 0.913937 0.390725 0.109790
vn 0.869449 0.435109 0.233962
vn 0.556466 0.777458 0.293096
vn 0.913937 0.390725 0.109790
vn 0.556466 0.777458 0.293096
vn 0.675126 0.736632 0.039728
vn 0.869449 0.435109 0.233962
vn 0.983142 -0.010673 -0.182534
vn 0.714518 0.698711 0.035598
vn 0.869449 0.435109 0.233962
vn 0.714518 0.698711 0.035598
vn 0.556466 0.777458 0.293096
vn 0.675126 0.736632 0.039728
vn 0.556466 0.777458 0.293096
vn 0.127242 0.990185 0.057819
vn 0.714518 0.698711 0.035598
vn 0.983142 -0.010673 -0.182534
vn 0.882572 0.309192 -0.354213
vn 0.882572 0.309192 -0.354213
vn 0.983142 -0.010673 -0.182534
vn 0.856522 -0.200476 -0.475582
vn 0.556466 0.777458 0.293096
vn 0.714518 0.698711 0.035598
vn 0.141079 0.982989 0.117599
vn 0.556466 0.777458 0.293096
vn 0.141079 0.982989 0.117599
vn 0.127242 0.990185 0.057819
vn 0.714518 0.698711 0.035598
vn 0.882572 0.309192 -0.354213
vn 0.278416 0.955322 -0.099221
vn 0.714518 0.698711 0.035598
vn 0.278416 0.955322 -0.099221
vn 0.141079 0.982989 0.117599
vn 0.882572 0.309192 -0.354213
vn 0.856522 -0.200476 -0.475582
vn 0.705929 0.569175 -0.421550
vn 0.882572 0.309192 -0.354213
vn 0.705929 0.569175 -0.421550
vn 0.278416 0.955322 -0.099221
vn 0.705929 0.569175 -0.421550
vn 0.856522 -0.200476 -0.475582
vn 0.809987 0.276768 -0.517030
vn 0.141079 0.982989 0.117599
vn 0.278416 0.955322 -0.099221
vn 0.151189 0.973679 -0.170560
vn 0.151189 0.973679 -0.170560
vn 0.278416 0.955322 -0.099221
vn 0.705929 0.569175 -0.421550
vn 0.141079 0.982989 0.117599
vn 0.151189 0.973679 -0.170560
vn 0.127242 0.990185 0.057819
vn 0.151189 0.973679 -0.170560
vn 0.705929 0.569175 -0.421550
vn 0.809987 0.276768 -0.517030
vn 0.151189 0.973679 -0.170560
vn 0.809987 0.276768 -0.517030
vn 0.241471 0.941242 -0.236128
vn 0.151189 0.973679 -0.170560
vn 0.241471 0.941242 -0.236128
vn 0.127242 0.990185 0.057819
vn 0.241471 0.941242 -0.236128
vn 0.809987 0.276768 -0.517030
vn 0.661304 0.353354 -0.661678
vn 0.127242 0.990185 0.057819
vn 0.241471 0.941242 -0.236128
vn -0.056005 0.972121 -0.227692
vn 0.241471 0.941242 -0.236128
vn 0.661304 0.353354 -0.661678
vn 0.061001 0.962621 -0.263893
vn 0.241471 0.941242 -0.236128
vn 0.061001 0.962621 -0.263893
vn -0.056005 0.972121 -0.227692
vn 0.061001 0.962621 -0.263893
vn 0.661304 0.353354 -0.661678
vn 0.365779 0.460214 -0.808956
vn 0.061001 0.962621 -0.263893
vn 0.365779 0.460214 -0.808956
vn -0.056005 0.972121 -0.227692
vn 0.661304 0.353354 -0.661678
vn 0.809987 0.276768 -0.517030
vn 0.709603 -0.308243 -0.633601
vn 0.709603 -0.308243 -0.633601
vn 0.809987 0.276768 -0.517030
vn 0.774622 -0.292658 -0.560635
vn 0.709603 -0.308243 -0.633601
vn 0.774622 -0.292658 -0.560635
vn 0.620332 -0.194294 -0.759894
vn 0.661304 0.353354 -0.661678
vn 0.709603 -0.308243 -0.633601
vn 0.530711 -0.200988 -0.823377
vn 0.530711 -0.200988 -0.823377
vn 0.709603 -0.308243 -0.633601
vn 0.620332 -0.194294 -0.759894
vn 0.661304 0.353354 -0.661678
vn 0.530711 -0.200988 -0.823377
vn 0.365779 0.460214 -0.808956
vn 0.530711 -0.200988 -0.823377
vn 0.620332 -0.194294 -0.759894
vn 0.694953 -0.015184 -0.718895
vn 0.694953 -0.015184 -0.718895
vn 0.620332 -0.194294 -0.759894
vn 0.639278 0.048189 -0.767464
vn 0.365779 0.460214 -0.808956
vn 0.530711 -0.200988 -0.823377
vn 0.359906 0.543712 -0.758185
vn 0.359906 0.543712 -0.758185
vn 0.530711 -0.200988 -0.823377
vn 0.694953 -0.015184 -0.718895
vn 0.365779 0.460214 -0.808956
vn 0.359906 0.543712 -0.758185
vn -0.056005 0.972121 -0.227692
vn -0.056005 0.972121 -0.227692
vn 0.359906 0.543712 -0.758185
vn 0.009212 0.983478 -0.180796
vn 0.009212 0.983478 -0.180796
vn 0.359906 0.543712 -0.758185
vn 0.603302 0.612412 -0.510860
vn 0.603302 0.612412 -0.510860
vn 0.359906 0.543712 -0.758185
vn 0.694953 -0.015184 -0.718895
vn -0.056005 0.972121 -0.227692
vn 0.009212 0.983478 -0.180796
vn -0.100833 0.993489 -0.053033
vn 0.009212 0.983478 -0.180796
vn 0.603302 0.612412 -0.510860
vn 0.108811 0.983943 -0.141480
vn 0.009212 0.983478 -0.180796
vn 0.108811 0.983943 -0.141480
vn -0.100833 0.993489 -0.053033
vn 0.603302 0.612412 -0.510860
vn 0.694953 -0.015184 -0.718895
vn 0.891115 0.053606 -0.450599
vn -0.056005 0.972121 -0.227692
vn -0.100833 0.993489 -0.053033
vn -0.094454 0.995525 -0.002890
vn -0.056005 0.972121 -0.227692
vn -0.094454 0.995525 -0.002890
vn 0.127242 0.990185 0.057819
vn 0.768445 0.145509 -0.623152
vn 0.694953 -0.015184 -0.718895
vn 0.639278 0.048189 -0.767464
vn 0.768445 0.145509 -0.623152
vn 0.639278 0.048189 -0.767464
vn 0.654808 0.218279 -0.723589
vn 0.694953 -0.015184 -0.718895
vn 0.768445 0.145509 -0.623152
vn 0.894110 -0.006279 -0.447804
vn 0.694953 -0.015184 -0.718895
vn 0.894110 -0.006279 -0.447804
vn 0.891115 0.053606 -0.450599
vn 0.768445 0.145509 -0.623152
vn 0.654808 0.218279 -0.723589
vn 0.818981 0.208148 -0.534738
vn 0.818981 0.208148 -0.534738
vn 0.654808 0.218279 -0.723589
vn 0.829485 0.160901 -0.534851
vn 0.818981 0.208148 -0.534738
vn 0.829485 0.160901 -0.534851
vn 0.940197 0.132519 -0.313798
vn 0.768445 0.145509 -0.623152
vn 0.818981 0.208148 -0.534738
vn 0.923308 0.088335 -0.373764
vn 0.768445 0.145509 -0.623152
vn 0.923308 0.088335 -0.373764
vn 0.894110 -0.006279 -0.447804
vn 0.923308 0.088335 -0.373764
vn 0.818981 0.208148 -0.534738
vn 0.940197 0.132519 -0.313798
vn 0.923308 0.088335 -0.373764
vn 0.940197 0.132519 -0.313798
vn 0.969878 0.082202 -0.229304
vn 0.969878 0.082202 -0.229304
vn 0.940197 0.132519 -0.313798
vn 0.990051 0.114129 -0.082304
vn 0.923308 0.088335 -0.373764
vn 0.969878 0.082202 -0.229304
vn 0.990817 0.029946 -0.131852
vn 0.990817 0.029946 -0.131852
vn 0.969878 0.082202 -0.229304
vn 0.990051 0.114129 -0.082304
vn 0.894110 -0.006279 -0.447804
vn 0.923308 0.088335 -0.373764
vn 0.970591 -0.023820 -0.239554
vn 0.894110 -0.006279 -0.447804
vn 0.970591 -0.023820 -0.239554
vn 0.891115 0.053606 -0.450599
vn 0.970591 -0.023820 -0.239554
vn 0.923308 0.088335 -0.373764
vn 0.990817 0.029946 -0.131852
vn 0.990817 0.029946 -0.131852
vn 0.990051 0.114129 -0.082304
vn 0.974308 0.178712 0.137064
vn 0.974308 0.178712 0.137064
vn 0.990051 0.114129 -0.082304
vn 0.959320 0.184036 0.214092
vn 0.974308 0.178712 0.137064
vn 0.959320 0.184036 0.214092
vn 0.926626 0.265566 0.266155
vn 0.990817 0.029946 -0.131852
vn 0.974308 0.178712 0.137064
vn 0.993848 0.073209 0.083101
vn 0.970591 -0.023820 -0.239554
vn 0.990817 0.029946 -0.131852
vn 0.997697 -0.056819 -0.037036
vn 0.997697 -0.056819 -0.037036
vn 0.990817 0.029946 -0.131852
vn 0.993848 0.073209 0.083101
vn 0.951739 0.153101 -0.265994
vn 0.891115 0.053606 -0.450599
vn 0.970591 -0.023820 -0.239554
vn 0.951739 0.153101 -0.265994
vn 0.970591 -0.023820 -0.239554
vn 0.997697 -0.056819 -0.037036
vn 0.891115 0.053606 -0.450599
vn 0.951739 0.153101 -0.265994
vn 0.706550 0.639825 -0.302341
vn 0.891115 0.053606 -0.450599
vn 0.706550 0.639825 -0.302341
vn 0.603302 0.612412 -0.510860
vn 0.603302 0.612412 -0.510860
vn 0.706550 0.639825 -0.302341
vn 0.108811 0.983943 -0.141480
vn 0.706550 0.639825 -0.302341
vn 0.951739 0.153101 -0.265994
vn 0.718652 0.679341 -0.148442
vn 0.718652 0.679341 -0.148442
vn 0.951739 0.153101 -0.265994
vn 0.997697 -0.056819 -0.037036
vn 0.108811 0.983943 -0.141480
vn 0.706550 0.639825 -0.302341
vn 0.125077 0.989479 -0.072712
vn 0.125077 0.989479 -0.072712
vn 0.706550 0.639825 -0.302341
vn 0.718652 0.679341 -0.148442
vn 0.108811 0.983943 -0.141480
vn 0.125077 0.989479 -0.072712
vn 0.108919 0.994043 -0.003859
vn 0.718652 0.679341 -0.148442
vn 0.997697 -0.056819 -0.037036
vn 0.873917 0.486045 0.005460
vn 0.125077 0.989479 -0.072712
vn 0.718652 0.679341 -0.148442
vn 0.151751 0.987837 -0.033906
vn 0.151751 0.987837 -0.033906
vn 0.718652 0.679341 -0.148442
vn 0.873917 0.486045 0.005460
vn 0.125077 0.989479 -0.072712
vn 0.151751 0.987837 -0.033906
vn 0.443786 0.893180 -0.072687
vn 0.125077 0.989479 -0.072712
vn 0.443786 0.893180 -0.072687
vn 0.108919 0.994043 -0.003859
vn 0.151751 0.987837 -0.033906
vn 0.873917 0.486045 0.005460
vn 0.328815 0.943417 0.042955
vn 0.443786 0.893180 -0.072687
vn 0.151751 0.987837 -0.033906
vn 0.092332 0.994131 -0.056372
vn 0.092332 0.994131 -0.056372
vn 0.151751 0.987837 -0.033906
vn 0.328815 0.943417 0.042955
vn 0.954637 -0.055421 0.292569
vn 0.873917 0.486045 0.005460
vn 0.997697 -0.056819 -0.037036
vn 0.873917 0.486045 0.005460
vn 0.954637 -0.055421 0.292569
vn 0.328815 0.943417 0.042955
vn 0.954637 -0.055421 0.292569
vn 0.997697 -0.056819 -0.037036
vn 0.941319 -0.301798 0.151114
vn 0.941319 -0.301798 0.151114
vn 0.997697 -0.056819 -0.037036
vn 0.993848 0.073209 0.083101
vn 0.328815 0.943417 0.042955
vn 0.954637 -0.055421 0.292569
vn 0.738927 0.586150 0.332287
vn 0.738927 0.586150 0.332287
vn 0.954637 -0.055421 0.292569
vn 0.855035 0.083797 0.511755
vn 0.328815 0.943417 0.042955
vn 0.738927 0.586150 0.332287
vn 0.241477 0.968460 0.061430
vn 0.241477 0.968460 0.061430
vn 0.738927 0.586150 0.332287
vn 0.855035 0.083797 0.511755
vn 0.954637 -0.055421 0.292569
vn 0.941319 -0.301798 0.151114
vn 0.672682 -0.601461 0.430979
vn 0.954637 -0.055421 0.292569
vn 0.672682 -0.601461 0.430979
vn 0.855035 0.083797 0.511755
vn 0.941319 -0.301798 0.151114
vn 0.993848 0.073209 0.083101
vn 0.972018 -0.117604 0.203349
vn 0.941319 -0.301798 0.151114
vn 0.972018 -0.117604 0.203349
vn 0.672682 -0.601461 0.430979
vn 0.972018 -0.117604 0.203349
vn 0.993848 0.073209 0.083101
vn 0.898630 0.429079 -0.091409
vn 0.898630 0.429079 -0.091409
vn 0.993848 0.073209 0.083101
vn 0.974308 0.178712 0.137064
vn 0.672682 -0.601461 0.430979
vn 0.972018 -0.117604 0.203349
vn 0.688151 -0.722278 0.069011
vn 0.855035 0.083797 0.511755
vn 0.672682 -0.601461 0.430979
vn 0.473774 -0.731702 0.490051
vn 0.473774 -0.731702 0.490051
vn 0.672682 -0.601461 0.430979
vn 0.688151 -0.722278 0.069011
vn 0.688151 -0.722278 0.069011
vn 0.972018 -0.117604 0.203349
vn 0.875013 -0.046153 -0.481895
vn 0.875013 -0.046153 -0.481895
vn 0.972018 -0.117604 0.203349
vn 0.898630 0.429079 -0.091409
vn 0.473774 -0.731702 0.490051
vn 0.688151 -0.722278 0.069011
vn 0.399611 -0.841261 -0.364131
vn 0.473774 -0.731702 0.490051
vn 0.399611 -0.841261 -0.364131
vn 0.816086 -0.577457 -0.023369
vn 0.855035 0.083797 0.511755
vn 0.473774 -0.731702 0.490051
vn 0.963299 -0.014756 0.268026
vn 0.963299 -0.014756 0.268026
vn 0.473774 -0.731702 0.490051
vn 0.816086 -0.577457 -0.023369
vn 0.816086 -0.577457 -0.023369
vn 0.399611 -0.841261 -0.364131
vn 0.707212 -0.067883 -0.703735
vn 0.816086 -0.577457 -0.023369
vn 0.707212 -0.067883 -0.703735
vn 0.963299 -0.014756 0.268026
vn 0.399611 -0.841261 -0.364131
vn 0.688151 -0.722278 0.069011
vn 0.640448 -0.322412 -0.697049
vn 0.399611 -0.841261 -0.364131
vn 0.640448 -0.322412 -0.697049
vn 0.707212 -0.067883 -0.703735
vn 0.855035 0.083797 0.511755
vn 0.963299 -0.014756 0.268026
vn 0.775537 0.585869 0.235158
vn 0.855035 0.083797 0.511755
vn 0.775537 0.585869 0.235158
vn 0.241477 0.968460 0.061430
vn 0.963299 -0.014756 0.268026
vn 0.707212 -0.067883 -0.703735
vn 0.714212 0.554588 -0.427005
vn 0.963299 -0.014756 0.268026
vn 0.714212 0.554588 -0.427005
vn 0.775537 0.585869 0.235158
vn 0.775537 0.585869 0.235158
vn 0.714212 0.554588 -0.427005
vn 0.387440 0.899992 -0.199762
vn 0.775537 0.585869 0.235158
vn 0.387440 0.899992 -0.199762
vn 0.241477 0.968460 0.061430
vn 0.714212 0.554588 -0.427005
vn 0.707212 -0.067883 -0.703735
vn 0.369372 0.425958 -0.825908
vn 0.369372 0.425958 -0.825908
vn 0.707212 -0.067883 -0.703735
vn 0.640448 -0.322412 -0.697049
vn 0.387440 0.899992 -0.199762
vn 0.714212 0.554588 -0.427005
vn 0.132802 0.917640 -0.374567
vn 0.387440 0.899992 -0.199762
vn 0.132802 0.917640 -0.374567
vn 0.241477 0.968460 0.061430
vn 0.132802 0.917640 -0.374567
vn 0.714212 0.554588 -0.427005
vn 0.369372 0.425958 -0.825908
vn 0.132802 0.917640 -0.374567
vn 0.369372 0.425958 -0.825908
vn 0.423750 0.612878 -0.666946
vn 0.423750 0.612878 -0.666946
vn 0.369372 0.425958 -0.825908
vn 0.640448 -0.322412 -0.697049
vn 0.241477 0.968460 0.061430
vn 0.132802 0.917640 -0.374567
vn 0.023148 0.973923 -0.225696
vn 0.023148 0.973923 -0.225696
vn 0.132802 0.917640 -0.374567
vn 0.423750 0.612878 -0.666946
vn 0.241477 0.968460 0.061430
vn 0.023148 0.973923 -0.225696
vn -0.044068 0.987291 -0.152694
vn 0.241477 0.968460 0.061430
vn -0.044068 0.987291 -0.152694
vn 0.328815 0.943417 0.042955
vn 0.023148 0.973923 -0.225696
vn 0.423750 0.612878 -0.666946
vn 0.392103 0.773706 -0.497629
vn 0.328815 0.943417 0.042955
vn -0.044068 0.987291 -0.152694
vn 0.092332 0.994131 -0.056372
vn 0.023148 0.973923 -0.225696
vn 0.392103 0.773706 -0.497629
vn 0.052316 0.976264 -0.210172
vn 0.023148 0.973923 -0.225696
vn 0.052316 0.976264 -0.210172
vn -0.044068 0.987291 -0.152694
vn 0.392103 0.773706 -0.497629
vn 0.423750 0.612878 -0.666946
vn 0.800491 0.167453 -0.575477
vn 0.800491 0.167453 -0.575477
vn 0.423750 0.612878 -0.666946
vn 0.640448 -0.322412 -0.697049
vn 0.052316 0.976264 -0.210172
vn 0.392103 0.773706 -0.497629
vn 0.648916 0.726260 -0.226836
vn 0.648916 0.726260 -0.226836
vn 0.392103 0.773706 -0.497629
vn 0.800491 0.167453 -0.575477
vn 0.052316 0.976264 -0.210172
vn 0.648916 0.726260 -0.226836
vn 0.364648 0.922561 -0.126147
vn 0.052316 0.976264 -0.210172
vn 0.364648 0.922561 -0.126147
vn 0.012608 0.986412 -0.163808
vn 0.052316 0.976264 -0.210172
vn 0.012608 0.986412 -0.163808
vn -0.044068 0.987291 -0.152694
vn 0.364648 0.922561 -0.126147
vn 0.648916 0.726260 -0.226836
vn 0.899487 0.411610 -0.146628
vn 0.800491 0.167453 -0.575477
vn 0.640448 -0.322412 -0.697049
vn 0.856547 -0.297035 -0.422016
vn 0.648916 0.726260 -0.226836
vn 0.800491 0.167453 -0.575477
vn 0.959430 0.163880 -0.229428
vn 0.648916 0.726260 -0.226836
vn 0.959430 0.163880 -0.229428
vn 0.899487 0.411610 -0.146628
vn 0.856547 -0.297035 -0.422016
vn 0.640448 -0.322412 -0.697049
vn 0.822164 -0.514334 -0.243941
vn 0.822164 -0.514334 -0.243941
vn 0.640448 -0.322412 -0.697049
vn 0.688151 -0.722278 0.069011
vn 0.800491 0.167453 -0.575477
vn 0.856547 -0.297035 -0.422016
vn 0.816946 -0.419323 -0.395940
vn 0.816946 -0.419323 -0.395940
vn 0.856547 -0.297035 -0.422016
vn 0.822164 -0.514334 -0.243941
vn 0.822164 -0.514334 -0.243941
vn 0.688151 -0.722278 0.069011
vn 0.875013 -0.046153 -0.481895
vn 0.800491 0.167453 -0.575477
vn 0.816946 -0.419323 -0.395940
vn 0.885535 -0.408360 -0.221516
vn 0.800491 0.167453 -0.575477
vn 0.885535 -0.408360 -0.221516
vn 0.959430 0.163880 -0.229428
vn 0.816946 -0.419323 -0.395940
vn 0.822164 -0.514334 -0.243941
vn 0.735925 -0.593718 -0.325442
vn 0.735925 -0.593718 -0.325442
vn 0.822164 -0.514334 -0.243941
vn 0.875013 -0.046153 -0.481895
vn 0.816946 -0.419323 -0.395940
vn 0.735925 -0.593718 -0.325442
vn 0.885535 -0.408360 -0.221516
vn 0.959430 0.163880 -0.229428
vn 0.885535 -0.408360 -0.221516
vn 0.910085 -0.284634 -0.301211
vn 0.959430 0.163880 -0.229428
vn 0.910085 -0.284634 -0.301211
vn 0.899487 0.411610 -0.146628
vn 0.885535 -0.408360 -0.221516
vn 0.735925 -0.593718 -0.325442
vn 0.848400 -0.354131 -0.393457
vn 0.735925 -0.593718 -0.325442
vn 0.875013 -0.046153 -0.481895
vn 0.378334 -0.099873 -0.920266
vn 0.735925 -0.593718 -0.325442
vn 0.378334 -0.099873 -0.920266
vn 0.848400 -0.354131 -0.393457
vn 0.378334 -0.099873 -0.920266
vn 0.875013 -0.046153 -0.481895
vn 0.247452 0.571689 -0.782265
vn 0.848400 -0.354131 -0.393457
vn 0.378334 -0.099873 -0.920266
vn 0.426635 0.343532 -0.836641
vn 0.426635 0.343532 -0.836641
vn 0.378334 -0.099873 -0.920266
vn 0.247452 0.571689 -0.782265
vn 0.885535 -0.408360 -0.221516
vn 0.848400 -0.354131 -0.393457
vn 0.886777 -0.421818 -0.188934
vn 0.885535 -0.408360 -0.221516
vn 0.886777 -0.421818 -0.188934
vn 0.910085 -0.284634 -0.301211
vn 0.848400 -0.354131 -0.393457
vn 0.426635 0.343532 -0.836641
vn 0.862988 0.195294 -0.465952
vn 0.848400 -0.354131 -0.393457
vn 0.862988 0.195294 -0.465952
vn 0.886777 -0.421818 -0.188934
vn 0.247452 0.571689 -0.782265
vn 0.875013 -0.046153 -0.481895
vn 0.898630 0.429079 -0.091409
vn 0.426635 0.343532 -0.836641
vn 0.247452 0.571689 -0.782265
vn -0.010115 0.450300 -0.892820
vn 0.426635 0.343532 -0.836641
vn -0.010115 0.450300 -0.892820
vn 0.862988 0.195294 -0.465952
vn 0.247452 0.571689 -0.782265
vn 0.898630 0.429079 -0.091409
vn 0.708892 0.485427 -0.511696
vn 0.886777 -0.421818 -0.188934
vn 0.862988 0.195294 -0.465952
vn 0.930530 -0.154099 -0.332215
vn 0.247452 0.571689 -0.782265
vn 0.708892 0.485427 -0.511696
vn 0.137230 0.341391 -0.929850
vn 0.247452 0.571689 -0.782265
vn 0.137230 0.341391 -0.929850
vn -0.010115 0.450300 -0.892820
vn 0.708892 0.485427 -0.511696
vn 0.898630 0.429079 -0.091409
vn 0.901570 0.374998 -0.215752
vn 0.708892 0.485427 -0.511696
vn 0.901570 0.374998 -0.215752
vn 0.137230 0.341391 -0.929850
vn 0.901570 0.374998 -0.215752
vn 0.898630 0.429079 -0.091409
vn 0.899871 0.389941 0.195394
vn 0.899871 0.389941 0.195394
vn 0.898630 0.429079 -0.091409
vn 0.974308 0.178712 0.137064
vn 0.899871 0.389941 0.195394
vn 0.974308 0.178712 0.137064
vn 0.926626 0.265566 0.266155
vn 0.901570 0.374998 -0.215752
vn 0.899871 0.389941 0.195394
vn 0.419150 0.669958 -0.612756
vn 0.901570 0.374998 -0.215752
vn 0.419150 0.669958 -0.612756
vn 0.137230 0.341391 -0.929850
vn 0.899871 0.389941 0.195394
vn 0.926626 0.265566 0.266155
vn 0.911970 0.355227 -0.205242
vn 0.899871 0.389941 0.195394
vn 0.911970 0.355227 -0.205242
vn 0.419150 0.669958 -0.612756
vn 0.911970 0.355227 -0.205242
vn 0.926626 0.265566 0.266155
vn 0.898977 -0.396356 -0.186395
vn 0.911970 0.355227 -0.205242
vn 0.898977 -0.396356 -0.186395
vn 0.649309 0.298061 -0.699684
vn 0.649309 0.298061 -0.699684
vn 0.898977 -0.396356 -0.186395
vn 0.822726 0.004572 -0.568420
vn 0.911970 0.355227 -0.205242
vn 0.649309 0.298061 -0.699684
vn 0.291013 0.674937 -0.678064
vn 0.291013 0.674937 -0.678064
vn 0.649309 0.298061 -0.699684
vn 0.822726 0.004572 -0.568420
vn 0.911970 0.355227 -0.205242
vn 0.291013 0.674937 -0.678064
vn 0.419150 0.669958 -0.612756
vn 0.822726 0.004572 -0.568420
vn 0.898977 -0.396356 -0.186395
vn 0.906108 -0.089909 -0.413383
vn 0.046476 0.535004 -0.843570
vn 0.137230 0.341391 -0.929850
vn 0.419150 0.669958 -0.612756
vn 0.046476 0.535004 -0.843570
vn 0.419150 0.669958 -0.612756
vn 0.291013 0.674937 -0.678064
vn 0.137230 0.341391 -0.929850
vn 0.046476 0.535004 -0.843570
vn -0.010115 0.450300 -0.892820
vn 0.291013 0.674937 -0.678064
vn 0.822726 0.004572 -0.568420
vn 0.856055 0.418996 -0.302674
vn 0.856055 0.418996 -0.302674
vn 0.822726 0.004572 -0.568420
vn 0.906108 -0.089909 -0.413383
vn 0.046476 0.535004 -0.843570
vn 0.291013 0.674937 -0.678064
vn 0.336593 0.929813 -0.148837
vn -0.010115 0.450300 -0.892820
vn 0.046476 0.535004 -0.843570
vn 0.571834 0.633173 -0.521630
vn 0.571834 0.633173 -0.521630
vn 0.046476 0.535004 -0.843570
vn 0.336593 0.929813 -0.148837
vn -0.010115 0.450300 -0.892820
vn 0.571834 0.633173 -0.521630
vn 0.714954 0.410618 -0.565891
vn -0.010115 0.450300 -0.892820
vn 0.714954 0.410618 -0.565891
vn 0.862988 0.195294 -0.465952
vn 0.571834 0.633173 -0.521630
vn 0.336593 0.929813 -0.148837
vn 0.620385 0.781598 -0.065018
vn 0.571834 0.633173 -0.521630
vn 0.620385 0.781598 -0.065018
vn 0.714954 0.410618 -0.565891
vn 0.336593 0.929813 -0.148837
vn 0.291013 0.674937 -0.678064
vn 0.465453 0.884672 -0.026648
vn 0.465453 0.884672 -0.026648
vn 0.291013 0.674937 -0.678064
vn 0.856055 0.418996 -0.302674
vn 0.336593 0.929813 -0.148837
vn 0.465453 0.884672 -0.026648
vn 0.620385 0.781598 -0.065018
vn 0.862988 0.195294 -0.465952
vn 0.714954 0.410618 -0.565891
vn 0.902538 0.376626 -0.208755
vn 0.902538 0.376626 -0.208755
vn 0.714954 0.410618 -0.565891
vn 0.620385 0.781598 -0.065018
vn 0.862988 0.195294 -0.465952
vn 0.902538 0.376626 -0.208755
vn 0.930530 -0.154099 -0.332215
vn 0.465453 0.884672 -0.026648
vn 0.856055 0.418996 -0.302674
vn 0.908968 0.410790 -0.070914
vn 0.908968 0.410790 -0.070914
vn 0.856055 0.418996 -0.302674
vn 0.906108 -0.089909 -0.413383
vn 0.465453 0.884672 -0.026648
vn 0.908968 0.410790 -0.070914
vn 0.447223 0.886351 -0.119889
vn 0.465453 0.884672 -0.026648
vn 0.447223 0.886351 -0.119889
vn 0.620385 0.781598 -0.065018
vn 0.908968 0.410790 -0.070914
vn 0.906108 -0.089909 -0.413383
vn 0.721320 0.298256 -0.625092
vn 0.908968 0.410790 -0.070914
vn 0.721320 0.298256 -0.625092
vn 0.447223 0.886351 -0.119889
vn 0.721320 0.298256 -0.625092
vn 0.906108 -0.089909 -0.413383
vn 0.796389 0.128234 -0.591034
vn 0.796389 0.128234 -0.591034
vn 0.906108 -0.089909 -0.413383
vn 0.750188 -0.032418 -0.660429
vn 0.447223 0.886351 -0.119889
vn 0.721320 0.298256 -0.625092
vn 0.541560 0.782007 -0.308510
vn 0.541560 0.782007 -0.308510
vn 0.721320 0.298256 -0.625092
vn 0.796389 0.128234 -0.591034
vn 0.447223 0.886351 -0.119889
vn 0.541560 0.782007 -0.308510
vn 0.620385 0.781598 -0.065018
vn 0.796389 0.128234 -0.591034
vn 0.750188 -0.032418 -0.660429
vn 0.675711 0.521264 -0.521247
vn 0.796389 0.128234 -0.591034
vn 0.675711 0.521264 -0.521247
vn 0.541560 0.782007 -0.308510
vn 0.620385 0.781598 -0.065018
vn 0.541560 0.782007 -0.308510
vn 0.356845 0.910837 -0.207456
vn 0.356845 0.910837 -0.207456
vn 0.541560 0.782007 -0.308510
vn 0.675711 0.521264 -0.521247
vn 0.729810 0.545209 -0.412461
vn 0.902538 0.376626 -0.208755
vn 0.620385 0.781598 -0.065018
vn 0.729810 0.545209 -0.412461
vn 0.620385 0.781598 -0.065018
vn 0.356845 0.910837 -0.207456
vn 0.902538 0.376626 -0.208755
vn 0.729810 0.545209 -0.412461
vn 0.930530 -0.154099 -0.332215
vn 0.675711 0.521264 -0.521247
vn 0.750188 -0.032418 -0.660429
vn 0.495813 -0.175238 -0.850565
vn 0.495813 -0.175238 -0.850565
vn 0.750188 -0.032418 -0.660429
vn 0.325450 -0.091522 -0.941120
vn 0.675711 0.521264 -0.521247
vn 0.495813 -0.175238 -0.850565
vn 0.360665 0.108843 -0.926323
vn 0.495813 -0.175238 -0.850565
vn 0.325450 -0.091522 -0.941120
vn 0.272861 0.047616 -0.960874
vn 0.495813 -0.175238 -0.850565
vn 0.272861 0.047616 -0.960874
vn 0.360665 0.108843 -0.926323
vn 0.272861 0.047616 -0.960874
vn 0.325450 -0.091522 -0.941120
vn 0.491420 -0.245528 -0.835597
vn 0.272861 0.047616 -0.960874
vn 0.491420 -0.245528 -0.835597
vn 0.553417 0.122949 -0.823780
vn 0.675711 0.521264 -0.521247
vn 0.360665 0.108843 -0.926323
vn 0.199199 0.624144 -0.755489
vn 0.199199 0.624144 -0.755489
vn 0.360665 0.108843 -0.926323
vn 0.272861 0.047616 -0.960874
vn 0.675711 0.521264 -0.521247
vn 0.199199 0.624144 -0.755489
vn 0.356845 0.910837 -0.207456
vn 0.272861 0.047616 -0.960874
vn 0.553417 0.122949 -0.823780
vn 0.286143 0.313349 -0.905502
vn 0.272861 0.047616 -0.960874
vn 0.286143 0.313349 -0.905502
vn 0.199199 0.624144 -0.755489
vn 0.356845 0.910837 -0.207456
vn 0.199199 0.624144 -0.755489
vn 0.253802 0.757057 -0.602038
vn 0.253802 0.757057 -0.602038
vn 0.199199 0.624144 -0.755489
vn 0.286143 0.313349 -0.905502
vn 0.356845 0.910837 -0.207456
vn 0.253802 0.757057 -0.602038
vn 0.729810 0.545209 -0.412461
vn 0.286143 0.313349 -0.905502
vn 0.553417 0.122949 -0.823780
vn 0.583313 0.388690 -0.713208
vn 0.286143 0.313349 -0.905502
vn 0.583313 0.388690 -0.713208
vn 0.253802 0.757057 -0.602038
vn 0.253802 0.757057 -0.602038
vn 0.583313 0.388690 -0.713208
vn 0.729810 0.545209 -0.412461
vn 0.583313 0.388690 -0.713208
vn 0.553417 0.122949 -0.823780
vn 0.531746 0.292512 -0.794785
vn 0.729810 0.545209 -0.412461
vn 0.583313 0.388690 -0.713208
vn 0.757692 0.031565 -0.651849
vn 0.729810 0.545209 -0.412461
vn 0.757692 0.031565 -0.651849
vn 0.930530 -0.154099 -0.332215
vn 0.583313 0.388690 -0.713208
vn 0.531746 0.292512 -0.794785
vn 0.598888 0.051575 -0.799171
vn 0.583313 0.388690 -0.713208
vn 0.598888 0.051575 -0.799171
vn 0.757692 0.031565 -0.651849
vn 0.598888 0.051575 -0.799171
vn 0.531746 0.292512 -0.794785
vn 0.436582 0.139721 -0.888749
vn 0.436582 0.139721 -0.888749
vn 0.531746 0.292512 -0.794785
vn 0.427834 0.242907 -0.870606
vn 0.757692 0.031565 -0.651849
vn 0.598888 0.051575 -0.799171
vn 0.682308 -0.296820 -0.668097
vn 0.930530 -0.154099 -0.332215
vn 0.757692 0.031565 -0.651849
vn 0.796186 -0.344053 -0.497710
vn 0.796186 -0.344053 -0.497710
vn 0.757692 0.031565 -0.651849
vn 0.682308 -0.296820 -0.668097
vn 0.682308 -0.296820 -0.668097
vn 0.598888 0.051575 -0.799171
vn 0.491420 -0.245528 -0.835597
vn 0.491420 -0.245528 -0.835597
vn 0.598888 0.051575 -0.799171
vn 0.436582 0.139721 -0.888749
vn 0.796186 -0.344053 -0.497710
vn 0.682308 -0.296820 -0.668097
vn 0.630494 -0.288582 -0.720554
vn 0.630494 -0.288582 -0.720554
vn 0.682308 -0.296820 -0.668097
vn 0.491420 -0.245528 -0.835597
vn 0.930530 -0.154099 -0.332215
vn 0.796186 -0.344053 -0.497710
vn 0.835783 -0.228197 -0.499392
vn 0.930530 -0.154099 -0.332215
vn 0.835783 -0.228197 -0.499392
vn 0.886777 -0.421818 -0.188934
vn 0.886777 -0.421818 -0.188934
vn 0.835783 -0.228197 -0.499392
vn 0.910085 -0.284634 -0.301211
vn 0.835783 -0.228197 -0.499392
vn 0.796186 -0.344053 -0.497710
vn 0.839624 -0.103733 -0.533170
vn 0.839624 -0.103733 -0.533170
vn 0.796186 -0.344053 -0.497710
vn 0.630494 -0.288582 -0.720554
vn 0.910085 -0.284634 -0.301211
vn 0.835783 -0.228197 -0.499392
vn 0.752768 0.134984 -0.644298
vn 0.910085 -0.284634 -0.301211
vn 0.752768 0.134984 -0.644298
vn 0.899487 0.411610 -0.146628
vn 0.835783 -0.228197 -0.499392
vn 0.839624 -0.103733 -0.533170
vn 0.830503 0.445904 -0.333817
vn 0.899487 0.411610 -0.146628
vn 0.752768 0.134984 -0.644298
vn 0.513240 0.769084 -0.380914
vn 0.899487 0.411610 -0.146628
vn 0.513240 0.769084 -0.380914
vn 0.364648 0.922561 -0.126147
vn 0.752768 0.134984 -0.644298
vn 0.835783 -0.228197 -0.499392
vn 0.554111 0.696446 -0.455986
vn 0.554111 0.696446 -0.455986
vn 0.835783 -0.228197 -0.499392
vn 0.830503 0.445904 -0.333817
vn 0.752768 0.134984 -0.644298
vn 0.554111 0.696446 -0.455986
vn 0.513240 0.769084 -0.380914
vn 0.364648 0.922561 -0.126147
vn 0.513240 0.769084 -0.380914
vn 0.012608 0.986412 -0.163808
vn 0.012608 0.986412 -0.163808
vn 0.513240 0.769084 -0.380914
vn 0.554111 0.696446 -0.455986
vn 0.554111 0.696446 -0.455986
vn 0.830503 0.445904 -0.333817
vn 0.141993 0.987491 -0.068552
vn 0.554111 0.696446 -0.455986
vn 0.141993 0.987491 -0.068552
vn 0.012608 0.986412 -0.163808
vn 0.600334 0.693447 -0.398410
vn 0.830503 0.445904 -0.333817
vn 0.839624 -0.103733 -0.533170
vn 0.830503 0.445904 -0.333817
vn 0.600334 0.693447 -0.398410
vn 0.141993 0.987491 -0.068552
vn 0.600334 0.693447 -0.398410
vn 0.839624 -0.103733 -0.533170
vn 0.596701 0.330872 -0.731076
vn 0.596701 0.330872 -0.731076
vn 0.839624 -0.103733 -0.533170
vn 0.630494 -0.288582 -0.720554
vn 0.141993 0.987491 -0.068552
vn 0.600334 0.693447 -0.398410
vn 0.038746 0.960032 -0.277196
vn 0.141993 0.987491 -0.068552
vn 0.038746 0.960032 -0.277196
vn 0.012608 0.986412 -0.163808
vn 0.038746 0.960032 -0.277196
vn 0.600334 0.693447 -0.398410
vn 0.596701 0.330872 -0.731076
vn 0.596701 0.330872 -0.731076
vn 0.630494 -0.288582 -0.720554
vn 0.372436 0.493406 -0.786029
vn 0.596701 0.330872 -0.731076
vn 0.372436 0.493406 -0.786029
vn 0.038746 0.960032 -0.277196
vn 0.372436 0.493406 -0.786029
vn 0.630494 -0.288582 -0.720554
vn 0.322442 0.323193 -0.889706
vn 0.038746 0.960032 -0.277196
vn 0.372436 0.493406 -0.786029
vn -0.072891 0.930961 -0.357770
vn 0.038746 0.960032 -0.277196
vn -0.072891 0.930961 -0.357770
vn 0.012608 0.986412 -0.163808
vn -0.072891 0.930961 -0.357770
vn 0.372436 0.493406 -0.786029
vn 0.322442 0.323193 -0.889706
vn 0.322442 0.323193 -0.889706
vn 0.630494 -0.288582 -0.720554
vn 0.491420 -0.245528 -0.835597
vn 0.012608 0.986412 -0.163808
vn -0.072891 0.930961 -0.357770
vn -0.038674 0.966012 -0.255589
vn -0.072891 0.930961 -0.357770
vn 0.322442 0.323193 -0.889706
vn -0.101890 0.809626 -0.578034
vn -0.072891 0.930961 -0.357770
vn -0.101890 0.809626 -0.578034
vn -0.038674 0.966012 -0.255589
vn 0.322442 0.323193 -0.889706
vn 0.491420 -0.245528 -0.835597
vn 0.212135 0.123635 -0.969388
vn 0.322442 0.323193 -0.889706
vn 0.212135 0.123635 -0.969388
vn -0.101890 0.809626 -0.578034
vn 0.012608 0.986412 -0.163808
vn -0.038674 0.966012 -0.255589
vn -0.044068 0.987291 -0.152694
vn 0.212135 0.123635 -0.969388
vn 0.491420 -0.245528 -0.835597
vn 0.265754 -0.128167 -0.955483
vn -0.101890 0.809626 -0.578034
vn 0.212135 0.123635 -0.969388
vn -0.127098 0.510541 -0.850408
vn -0.127098 0.510541 -0.850408
vn 0.212135 0.123635 -0.969388
vn 0.265754 -0.128167 -0.955483
vn -0.101890 0.809626 -0.578034
vn -0.127098 0.510541 -0.850408
vn -0.235315 0.884536 -0.402769
vn 0.265754 -0.128167 -0.955483
vn 0.491420 -0.245528 -0.835597
vn 0.381444 -0.148789 -0.912339
vn 0.381444 -0.148789 -0.912339
vn 0.491420 -0.245528 -0.835597
vn 0.436582 0.139721 -0.888749
vn -0.127098 0.510541 -0.850408
vn 0.265754 -0.128167 -0.955483
vn -0.177738 0.427571 -0.886337
vn -0.127098 0.510541 -0.850408
vn -0.177738 0.427571 -0.886337
vn -0.235315 0.884536 -0.402769
vn 0.265754 -0.128167 -0.955483
vn 0.381444 -0.148789 -0.912339
vn 0.328375 -0.098616 -0.939385
vn 0.381444 -0.148789 -0.912339
vn 0.436582 0.139721 -0.888749
vn 0.441761 0.071273 -0.894297
vn 0.381444 -0.148789 -0.912339
vn 0.441761 0.071273 -0.894297
vn 0.328375 -0.098616 -0.939385
vn -0.177738 0.427571 -0.886337
vn 0.265754 -0.128167 -0.955483
vn 0.052755 0.041516 -0.997744
vn 0.052755 0.041516 -0.997744
vn 0.265754 -0.128167 -0.955483
vn 0.328375 -0.098616 -0.939385
vn -0.177738 0.427571 -0.886337
vn 0.052755 0.041516 -0.997744
vn -0.293954 0.204936 -0.933591
vn 0.052755 0.041516 -0.997744
vn 0.328375 -0.098616 -0.939385
vn -0.114022 -0.021602 -0.993243
vn 0.052755 0.041516 -0.997744
vn -0.114022 -0.021602 -0.993243
vn -0.293954 0.204936 -0.933591
vn 0.328375 -0.098616 -0.939385
vn 0.441761 0.071273 -0.894297
vn 0.144375 0.013016 -0.989438
vn 0.328375 -0.098616 -0.939385
vn 0.144375 0.013016 -0.989438
vn -0.114022 -0.021602 -0.993243
vn 0.202652 0.279886 -0.938401
vn 0.441761 0.071273 -0.894297
vn 0.436582 0.139721 -0.888749
vn 0.441761 0.071273 -0.894297
vn 0.202652 0.279886 -0.938401
vn 0.144375 0.013016 -0.989438
vn -0.177738 0.427571 -0.886337
vn -0.293954 0.204936 -0.933591
vn -0.261105 0.516829 -0.815299
vn -0.177738 0.427571 -0.886337
vn -0.261105 0.516829 -0.815299
vn -0.235315 0.884536 -0.402769
vn -0.293954 0.204936 -0.933591
vn -0.114022 -0.021602 -0.993243
vn -0.300706 0.077041 -0.950600
vn -0.293954 0.204936 -0.933591
vn -0.300706 0.077041 -0.950600
vn -0.261105 0.516829 -0.815299
vn -0.114022 -0.021602 -0.993243
vn 0.144375 0.013016 -0.989438
vn -0.249275 0.052490 -0.967009
vn -0.249275 0.052490 -0.967009
vn 0.144375 0.013016 -0.989438
vn 0.202652 0.279886 -0.938401
vn -0.114022 -0.021602 -0.993243
vn -0.249275 0.052490 -0.967009
vn -0.300706 0.077041 -0.950600
vn -0.261105 0.516829 -0.815299
vn -0.300706 0.077041 -0.950600
vn -0.237320 0.449226 -0.861322
vn -0.261105 0.516829 -0.815299
vn -0.237320 0.449226 -0.861322
vn -0.235315 0.884536 -0.402769
vn 0.299834 0.222099 -0.927778
vn 0.202652 0.279886 -0.938401
vn 0.436582 0.139721 -0.888749
vn 0.299834 0.222099 -0.927778
vn 0.436582 0.139721 -0.888749
vn 0.427834 0.242907 -0.870606
vn 0.299834 0.222099 -0.927778
vn 0.427834 0.242907 -0.870606
vn 0.065394 -0.022783 -0.997599
vn 0.202652 0.279886 -0.938401
vn 0.299834 0.222099 -0.927778
vn -0.046547 0.172946 -0.983831
vn -0.046547 0.172946 -0.983831
vn 0.299834 0.222099 -0.927778
vn 0.065394 -0.022783 -0.997599
vn 0.202652 0.279886 -0.938401
vn -0.046547 0.172946 -0.983831
vn -0.249275 0.052490 -0.967009
vn -0.046547 0.172946 -0.983831
vn 0.065394 -0.022783 -0.997599
vn -0.282310 0.022844 -0.959051
vn -0.046547 0.172946 -0.983831
vn -0.282310 0.022844 -0.959051
vn -0.249275 0.052490 -0.967009
vn -0.249275 0.052490 -0.967009
vn -0.282310 0.022844 -0.959051
vn -0.326093 0.014957 -0.945220
vn -0.249275 0.052490 -0.967009
vn -0.326093 0.014957 -0.945220
vn -0.275396 -0.026985 -0.960952
vn -0.249275 0.052490 -0.967009
vn -0.275396 -0.026985 -0.960952
vn -0.300706 0.077041 -0.950600
vn -0.300706 0.077041 -0.950600
vn -0.275396 -0.026985 -0.960952
vn -0.237320 0.449226 -0.861322
vn -0.275396 -0.026985 -0.960952
vn -0.326093 0.014957 -0.945220
vn -0.353771 0.013163 -0.935240
vn -0.237320 0.449226 -0.861322
vn -0.275396 -0.026985 -0.960952
vn -0.334645 0.260977 -0.905485
vn -0.334645 0.260977 -0.905485
vn -0.275396 -0.026985 -0.960952
vn -0.353771 0.013163 -0.935240
vn -0.237320 0.449226 -0.861322
vn -0.334645 0.260977 -0.905485
vn -0.332360 0.818383 -0.468813
vn -0.332360 0.818383 -0.468813
vn -0.334645 0.260977 -0.905485
vn -0.420701 0.356627 -0.834163
vn -0.420701 0.356627 -0.834163
vn -0.334645 0.260977 -0.905485
vn -0.353771 0.013163 -0.935240
vn -0.237320 0.449226 -0.861322
vn -0.332360 0.818383 -0.468813
vn -0.222014 0.899917 -0.375313
vn -0.237320 0.449226 -0.861322
vn -0.222014 0.899917 -0.375313
vn -0.235315 0.884536 -0.402769
vn -0.332360 0.818383 -0.468813
vn -0.420701 0.356627 -0.834163
vn -0.326464 0.853491 -0.406170
vn -0.332360 0.818383 -0.468813
vn -0.326464 0.853491 -0.406170
vn -0.222014 0.899917 -0.375313
vn -0.420701 0.356627 -0.834163
vn -0.353771 0.013163 -0.935240
vn -0.375049 0.281354 -0.883277
vn -0.420701 0.356627 -0.834163
vn -0.375049 0.281354 -0.883277
vn -0.326464 0.853491 -0.406170
vn -0.235315 0.884536 -0.402769
vn -0.222014 0.899917 -0.375313
vn -0.242663 0.796516 -0.553784
vn -0.242663 0.796516 -0.553784
vn -0.222014 0.899917 -0.375313
vn -0.326464 0.853491 -0.406170
vn -0.326464 0.853491 -0.406170
vn -0.375049 0.281354 -0.883277
vn -0.239629 0.804326 -0.543725
vn -0.375049 0.281354 -0.883277
vn -0.353771 0.013163 -0.935240
vn -0.411250 -0.060547 -0.909510
vn -0.411250 -0.060547 -0.909510
vn -0.353771 0.013163 -0.935240
vn -0.438088 0.079152 -0.895441
vn -0.438088 0.079152 -0.895441
vn -0.353771 0.013163 -0.935240
vn -0.489710 0.139397 -0.860670
vn -0.438088 0.079152 -0.895441
vn -0.489710 0.139397 -0.860670
vn -0.699180 -0.048319 -0.713311
vn -0.438088 0.079152 -0.895441
vn -0.699180 -0.048319 -0.713311
vn -0.411250 -0.060547 -0.909510
vn -0.699180 -0.048319 -0.713311
vn -0.489710 0.139397 -0.860670
vn -0.718119 0.006435 -0.695890
vn -0.375049 0.281354 -0.883277
vn -0.411250 -0.060547 -0.909510
vn -0.384701 0.107440 -0.916767
vn -0.375049 0.281354 -0.883277
vn -0.384701 0.107440 -0.916767
vn -0.239629 0.804326 -0.543725
vn -0.699180 -0.048319 -0.713311
vn -0.718119 0.006435 -0.695890
vn -0.918703 -0.140468 -0.369125
vn -0.384701 0.107440 -0.916767
vn -0.411250 -0.060547 -0.909510
vn -0.691567 -0.098119 -0.715617
vn -0.239629 0.804326 -0.543725
vn -0.384701 0.107440 -0.916767
vn -0.365637 0.454799 -0.812076
vn -0.365637 0.454799 -0.812076
vn -0.384701 0.107440 -0.916767
vn -0.691567 -0.098119 -0.715617
vn -0.239629 0.804326 -0.543725
vn -0.365637 0.454799 -0.812076
vn -0.503360 0.619327 -0.602547
vn -0.503360 0.619327 -0.602547
vn -0.365637 0.454799 -0.812076
vn -0.691567 -0.098119 -0.715617
vn -0.239629 0.804326 -0.543725
vn -0.503360 0.619327 -0.602547
vn -0.470406 0.860256 -0.196666
vn -0.239528 0.906500 -0.347685
vn -0.326464 0.853491 -0.406170
vn -0.239629 0.804326 -0.543725
vn -0.239528 0.906500 -0.347685
vn -0.239629 0.804326 -0.543725
vn -0.470406 0.860256 -0.196666
vn -0.326464 0.853491 -0.406170
vn -0.239528 0.906500 -0.347685
vn -0.225131 0.911504 -0.344205
vn -0.326464 0.853491 -0.406170
vn -0.225131 0.911504 -0.344205
vn -0.242663 0.796516 -0.553784
vn -0.225131 0.911504 -0.344205
vn -0.239528 0.906500 -0.347685
vn -0.289659 0.643753 -0.708293
vn -0.289659 0.643753 -0.708293
vn -0.239528 0.906500 -0.347685
vn -0.291656 0.660423 -0.691938
vn -0.225131 0.911504 -0.344205
vn -0.289659 0.643753 -0.708293
vn -0.254333 0.536533 -0.804641
vn -0.225131 0.911504 -0.344205
vn -0.254333 0.536533 -0.804641
vn -0.242663 0.796516 -0.553784
vn -0.289659 0.643753 -0.708293
vn -0.291656 0.660423 -0.691938
vn -0.411674 0.105445 -0.905210
vn -0.291656 0.660423 -0.691938
vn -0.239528 0.906500 -0.347685
vn -0.547221 0.581691 -0.601818
vn -0.547221 0.581691 -0.601818
vn -0.239528 0.906500 -0.347685
vn -0.470406 0.860256 -0.196666
vn -0.291656 0.660423 -0.691938
vn -0.547221 0.581691 -0.601818
vn -0.411674 0.105445 -0.905210
vn -0.254333 0.536533 -0.804641
vn -0.289659 0.643753 -0.708293
vn -0.351425 0.048203 -0.934974
vn -0.351425 0.048203 -0.934974
vn -0.289659 0.643753 -0.708293
vn -0.411674 0.105445 -0.905210
vn -0.242663 0.796516 -0.553784
vn -0.254333 0.536533 -0.804641
vn -0.130238 0.470404 -0.872788
vn -0.254333 0.536533 -0.804641
vn -0.351425 0.048203 -0.934974
vn -0.174295 -0.011361 -0.984628
vn -0.254333 0.536533 -0.804641
vn -0.174295 -0.011361 -0.984628
vn -0.130238 0.470404 -0.872788
vn -0.351425 0.048203 -0.934974
vn -0.411674 0.105445 -0.905210
vn -0.403161 -0.201313 -0.892712
vn -0.351425 0.048203 -0.934974
vn -0.403161 -0.201313 -0.892712
vn -0.174295 -0.011361 -0.984628
vn -0.403161 -0.201313 -0.892712
vn -0.411674 0.105445 -0.905210
vn -0.537302 0.097006 -0.837792
vn -0.625048 0.122066 -0.770983
vn -0.411674 0.105445 -0.905210
vn -0.547221 0.581691 -0.601818
vn -0.625048 0.122066 -0.770983
vn -0.547221 0.581691 -0.601818
vn -0.900802 0.360307 -0.242353
vn -0.900802 0.360307 -0.242353
vn -0.547221 0.581691 -0.601818
vn -0.470406 0.860256 -0.196666
vn -0.411674 0.105445 -0.905210
vn -0.625048 0.122066 -0.770983
vn -0.683650 -0.112886 -0.721027
vn -0.411674 0.105445 -0.905210
vn -0.683650 -0.112886 -0.721027
vn -0.537302 0.097006 -0.837792
vn -0.625048 0.122066 -0.770983
vn -0.900802 0.360307 -0.242353
vn -0.945628 -0.155967 -0.285415
vn -0.625048 0.122066 -0.770983
vn -0.945628 -0.155967 -0.285415
vn -0.683650 -0.112886 -0.721027
vn -0.945628 -0.155967 -0.285415
vn -0.900802 0.360307 -0.242353
vn -0.969868 -0.224483 0.094677
vn -0.683650 -0.112886 -0.721027
vn -0.945628 -0.155967 -0.285415
vn -0.954804 -0.264802 -0.135017
vn -0.954804 -0.264802 -0.135017
vn -0.945628 -0.155967 -0.285415
vn -0.969868 -0.224483 0.094677
vn -0.969868 -0.224483 0.094677
vn -0.900802 0.360307 -0.242353
vn -0.969642 0.236066 0.063783
vn -0.683650 -0.112886 -0.721027
vn -0.954804 -0.264802 -0.135017
vn -0.783220 0.105557 -0.612718
vn -0.969642 0.236066 0.063783
vn -0.900802 0.360307 -0.242353
vn -0.725694 0.687873 0.014124
vn -0.725694 0.687873 0.014124
vn -0.900802 0.360307 -0.242353
vn -0.470406 0.860256 -0.196666
vn -0.969868 -0.224483 0.094677
vn -0.969642 0.236066 0.063783
vn -0.988549 -0.025749 0.148687
vn -0.988549 -0.025749 0.148687
vn -0.969642 0.236066 0.063783
vn -0.725694 0.687873 0.014124
vn -0.683650 -0.112886 -0.721027
vn -0.783220 0.105557 -0.612718
vn -0.466157 0.379126 -0.799351
vn -0.683650 -0.112886 -0.721027
vn -0.466157 0.379126 -0.799351
vn -0.537302 0.097006 -0.837792
vn -0.783220 0.105557 -0.612718
vn -0.954804 -0.264802 -0.135017
vn -0.919507 0.330747 -0.212398
vn -0.466157 0.379126 -0.799351
vn -0.783220 0.105557 -0.612718
vn -0.479389 0.790474 -0.381232
vn -0.479389 0.790474 -0.381232
vn -0.783220 0.105557 -0.612718
vn -0.919507 0.330747 -0.212398
vn -0.919507 0.330747 -0.212398
vn -0.954804 -0.264802 -0.135017
vn -0.969642 0.236066 0.063783
vn -0.969642 0.236066 0.063783
vn -0.954804 -0.264802 -0.135017
vn -0.969868 -0.224483 0.094677
vn -0.479389 0.790474 -0.381232
vn -0.919507 0.330747 -0.212398
vn -0.486767 0.871772 -0.055423
vn -0.486767 0.871772 -0.055423
vn -0.919507 0.330747 -0.212398
vn -0.969642 0.236066 0.063783
vn -0.466157 0.379126 -0.799351
vn -0.479389 0.790474 -0.381232
vn -0.378106 0.767309 -0.517951
vn -0.466157 0.379126 -0.799351
vn -0.378106 0.767309 -0.517951
vn -0.537302 0.097006 -0.837792
vn -0.378106 0.767309 -0.517951
vn -0.479389 0.790474 -0.381232
vn -0.486767 0.871772 -0.055423
vn -0.969642 0.236066 0.063783
vn -0.969868 -0.224483 0.094677
vn -0.979173 0.159682 0.125386
vn -0.969642 0.236066 0.063783
vn -0.979173 0.159682 0.125386
vn -0.486767 0.871772 -0.055423
vn -0.979173 0.159682 0.125386
vn -0.969868 -0.224483 0.094677
vn -0.988549 -0.025749 0.148687
vn -0.537302 0.097006 -0.837792
vn -0.378106 0.767309 -0.517951
vn -0.610540 0.394100 -0.686968
vn -0.537302 0.097006 -0.837792
vn -0.610540 0.394100 -0.686968
vn -0.463284 0.212716 -0.860302
vn -0.537302 0.097006 -0.837792
vn -0.463284 0.212716 -0.860302
vn -0.403161 -0.201313 -0.892712
vn -0.610540 0.394100 -0.686968
vn -0.378106 0.767309 -0.517951
vn -0.397649 0.798341 -0.452246
vn -0.610540 0.394100 -0.686968
vn -0.397649 0.798341 -0.452246
vn -0.463284 0.212716 -0.860302
vn -0.397649 0.798341 -0.452246
vn -0.378106 0.767309 -0.517951
vn -0.486767 0.871772 -0.055423
vn -0.403161 -0.201313 -0.892712
vn -0.463284 0.212716 -0.860302
vn -0.290584 0.268405 -0.918433
vn -0.290584 0.268405 -0.918433
vn -0.463284 0.212716 -0.860302
vn -0.397649 0.798341 -0.452246
vn -0.403161 -0.201313 -0.892712
vn -0.290584 0.268405 -0.918433
vn -0.174295 -0.011361 -0.984628
vn -0.397649 0.798341 -0.452246
vn -0.486767 0.871772 -0.055423
vn -0.225092 0.725795 -0.650042
vn -0.397649 0.798341 -0.452246
vn -0.225092 0.725795 -0.650042
vn -0.290584 0.268405 -0.918433
vn -0.174295 -0.011361 -0.984628
vn -0.290584 0.268405 -0.918433
vn -0.031240 0.013304 -0.999423
vn -0.031240 0.013304 -0.999423
vn -0.290584 0.268405 -0.918433
vn -0.225092 0.725795 -0.650042
vn -0.174295 -0.011361 -0.984628
vn -0.031240 0.013304 -0.999423
vn 0.241696 0.024069 -0.970053
vn -0.031240 0.013304 -0.999423
vn -0.225092 0.725795 -0.650042
vn 0.028787 0.428387 -0.903137
vn -0.031240 0.013304 -0.999423
vn 0.028787 0.428387 -0.903137
vn 0.241696 0.024069 -0.970053
vn -0.174295 -0.011361 -0.984628
vn 0.241696 0.024069 -0.970053
vn -0.003236 0.310370 -0.950610
vn -0.174295 -0.011361 -0.984628
vn -0.003236 0.310370 -0.950610
vn -0.130238 0.470404 -0.872788
vn 0.241696 0.024069 -0.970053
vn 0.028787 0.428387 -0.903137
vn 0.312237 0.326905 -0.891987
vn 0.028787 0.428387 -0.903137
vn -0.225092 0.725795 -0.650042
vn -0.107824 0.911167 -0.397679
vn 0.028787 0.428387 -0.903137
vn -0.107824 0.911167 -0.397679
vn 0.312237 0.326905 -0.891987
vn -0.107824 0.911167 -0.397679
vn -0.225092 0.725795 -0.650042
vn -0.081907 0.948689 -0.305419
vn -0.081907 0.948689 -0.305419
vn -0.225092 0.725795 -0.650042
vn -0.486767 0.871772 -0.055423
vn 0.312237 0.326905 -0.891987
vn -0.107824 0.911167 -0.397679
vn 0.321287 0.652528 -0.686282
vn 0.321287 0.652528 -0.686282
vn -0.107824 0.911167 -0.397679
vn -0.081907 0.948689 -0.305419
vn 0.241696 0.024069 -0.970053
vn 0.312237 0.326905 -0.891987
vn 0.401204 0.246093 -0.882312
vn 0.401204 0.246093 -0.882312
vn 0.312237 0.326905 -0.891987
vn 0.321287 0.652528 -0.686282
vn 0.241696 0.024069 -0.970053
vn 0.401204 0.246093 -0.882312
vn -0.003236 0.310370 -0.950610
vn 0.321287 0.652528 -0.686282
vn -0.081907 0.948689 -0.305419
vn 0.352130 0.531512 -0.770389
vn 0.321287 0.652528 -0.686282
vn 0.352130 0.531512 -0.770389
vn 0.401204 0.246093 -0.882312
vn -0.081907 0.948689 -0.305419
vn -0.486767 0.871772 -0.055423
vn -0.539891 0.841607 0.014677
vn -0.539891 0.841607 0.014677
vn -0.486767 0.871772 -0.055423
vn -0.979173 0.159682 0.125386
vn 0.352130 0.531512 -0.770389
vn -0.081907 0.948689 -0.305419
vn 0.268542 0.671326 -0.690801
vn 0.352130 0.531512 -0.770389
vn 0.268542 0.671326 -0.690801
vn 0.401204 0.246093 -0.882312
vn 0.268542 0.671326 -0.690801
vn -0.081907 0.948689 -0.305419
vn 0.045562 0.968749 -0.243822
vn 0.045562 0.968749 -0.243822
vn -0.081907 0.948689 -0.305419
vn -0.539891 0.841607 0.014677
vn 0.401204 0.246093 -0.882312
vn 0.268542 0.671326 -0.690801
vn 0.597758 0.359805 -0.716397
vn 0.211516 0.500615 -0.839432
vn -0.003236 0.310370 -0.950610
vn 0.401204 0.246093 -0.882312
vn 0.211516 0.500615 -0.839432
vn 0.401204 0.246093 -0.882312
vn 0.597758 0.359805 -0.716397
vn -0.003236 0.310370 -0.950610
vn 0.211516 0.500615 -0.839432
vn -0.130238 0.470404 -0.872788
vn 0.597758 0.359805 -0.716397
vn 0.268542 0.671326 -0.690801
vn 0.598371 0.506486 -0.620825
vn 0.598371 0.506486 -0.620825
vn 0.268542 0.671326 -0.690801
vn 0.045562 0.968749 -0.243822
vn 0.211516 0.500615 -0.839432
vn 0.597758 0.359805 -0.716397
vn 0.375435 0.717181 -0.587111
vn 0.597758 0.359805 -0.716397
vn 0.598371 0.506486 -0.620825
vn 0.640299 0.426312 -0.638964
vn 0.597758 0.359805 -0.716397
vn 0.640299 0.426312 -0.638964
vn 0.375435 0.717181 -0.587111
vn 0.211516 0.500615 -0.839432
vn 0.375435 0.717181 -0.587111
vn 0.065978 0.711085 -0.700004
vn 0.211516 0.500615 -0.839432
vn 0.065978 0.711085 -0.700004
vn -0.130238 0.470404 -0.872788
vn 0.065978 0.711085 -0.700004
vn 0.375435 0.717181 -0.587111
vn 0.170497 0.819763 -0.546734
vn 0.598371 0.506486 -0.620825
vn 0.045562 0.968749 -0.243822
vn 0.510841 0.683530 -0.521372
vn 0.510841 0.683530 -0.521372
vn 0.045562 0.968749 -0.243822
vn -0.085795 0.973741 -0.210873
vn -0.085795 0.973741 -0.210873
vn 0.045562 0.968749 -0.243822
vn -0.539891 0.841607 0.014677
vn 0.598371 0.506486 -0.620825
vn 0.510841 0.683530 -0.521372
vn 0.512445 0.126862 -0.849297
vn 0.598371 0.506486 -0.620825
vn 0.512445 0.126862 -0.849297
vn 0.640299 0.426312 -0.638964
vn 0.512445 0.126862 -0.849297
vn 0.510841 0.683530 -0.521372
vn 0.289832 0.497785 -0.817439
vn 0.289832 0.497785 -0.817439
vn 0.510841 0.683530 -0.521372
vn -0.085795 0.973741 -0.210873
vn 0.640299 0.426312 -0.638964
vn 0.512445 0.126862 -0.849297
vn 0.565492 0.006348 -0.824730
vn 0.512445 0.126862 -0.849297
vn 0.289832 0.497785 -0.817439
vn 0.491038 -0.101879 -0.865161
vn 0.512445 0.126862 -0.849297
vn 0.491038 -0.101879 -0.865161
vn 0.565492 0.006348 -0.824730
vn 0.491038 -0.101879 -0.865161
vn 0.289832 0.497785 -0.817439
vn 0.144628 0.643199 -0.751916
vn 0.144628 0.643199 -0.751916
vn 0.289832 0.497785 -0.817439
vn -0.085795 0.973741 -0.210873
vn 0.565492 0.006348 -0.824730
vn 0.491038 -0.101879 -0.865161
vn 0.796680 -0.020895 -0.604040
vn 0.491038 -0.101879 -0.865161
vn 0.144628 0.643199 -0.751916
vn 0.662250 0.472180 -0.581783
vn 0.491038 -0.101879 -0.865161
vn 0.662250 0.472180 -0.581783
vn 0.796680 -0.020895 -0.604040
vn 0.144628 0.643199 -0.751916
vn -0.085795 0.973741 -0.210873
vn 0.137992 0.952997 -0.269733
vn 0.144628 0.643199 -0.751916
vn 0.137992 0.952997 -0.269733
vn 0.662250 0.472180 -0.581783
vn 0.796680 -0.020895 -0.604040
vn 0.662250 0.472180 -0.581783
vn 0.648620 0.451177 -0.612969
vn 0.648620 0.451177 -0.612969
vn 0.662250 0.472180 -0.581783
vn 0.137992 0.952997 -0.269733
vn 0.565492 0.006348 -0.824730
vn 0.796680 -0.020895 -0.604040
vn 0.507791 0.241465 -0.826948
vn 0.507791 0.241465 -0.826948
vn 0.796680 -0.020895 -0.604040
vn 0.648620 0.451177 -0.612969
vn 0.407082 0.606297 -0.683146
vn 0.640299 0.426312 -0.638964
vn 0.565492 0.006348 -0.824730
vn 0.407082 0.606297 -0.683146
vn 0.565492 0.006348 -0.824730
vn 0.507791 0.241465 -0.826948
vn 0.640299 0.426312 -0.638964
vn 0.407082 0.606297 -0.683146
vn 0.249970 0.873945 -0.416816
vn 0.640299 0.426312 -0.638964
vn 0.249970 0.873945 -0.416816
vn 0.375435 0.717181 -0.587111
vn 0.407082 0.606297 -0.683146
vn 0.507791 0.241465 -0.826948
vn 0.520329 0.604644 -0.603046
vn 0.407082 0.606297 -0.683146
vn 0.520329 0.604644 -0.603046
vn 0.249970 0.873945 -0.416816
vn 0.507791 0.241465 -0.826948
vn 0.648620 0.451177 -0.612969
vn 0.588675 0.441325 -0.677270
vn 0.375435 0.717181 -0.587111
vn 0.249970 0.873945 -0.416816
vn 0.170497 0.819763 -0.546734
vn 0.507791 0.241465 -0.826948
vn 0.588675 0.441325 -0.677270
vn 0.761084 0.278968 -0.585601
vn 0.507791 0.241465 -0.826948
vn 0.761084 0.278968 -0.585601
vn 0.520329 0.604644 -0.603046
vn 0.588675 0.441325 -0.677270
vn 0.648620 0.451177 -0.612969
vn 0.132185 0.897574 -0.420580
vn 0.132185 0.897574 -0.420580
vn 0.648620 0.451177 -0.612969
vn 0.137992 0.952997 -0.269733
vn 0.588675 0.441325 -0.677270
vn 0.132185 0.897574 -0.420580
vn 0.539817 0.769221 -0.341901
vn 0.761084 0.278968 -0.585601
vn 0.588675 0.441325 -0.677270
vn 0.814287 0.474485 -0.334366
vn 0.814287 0.474485 -0.334366
vn 0.588675 0.441325 -0.677270
vn 0.539817 0.769221 -0.341901
vn 0.520329 0.604644 -0.603046
vn 0.761084 0.278968 -0.585601
vn 0.868281 0.400237 -0.293084
vn 0.868281 0.400237 -0.293084
vn 0.761084 0.278968 -0.585601
vn 0.814287 0.474485 -0.334366
vn 0.132185 0.897574 -0.420580
vn 0.137992 0.952997 -0.269733
vn 0.090544 0.994699 -0.048735
vn 0.090544 0.994699 -0.048735
vn 0.137992 0.952997 -0.269733
vn -0.085795 0.973741 -0.210873
vn 0.539817 0.769221 -0.341901
vn 0.132185 0.897574 -0.420580
vn 0.238709 0.945460 -0.221638
vn 0.238709 0.945460 -0.221638
vn 0.132185 0.897574 -0.420580
vn 0.090544 0.994699 -0.048735
vn 0.539817 0.769221 -0.341901
vn 0.238709 0.945460 -0.221638
vn 0.814287 0.474485 -0.334366
vn 0.090544 0.994699 -0.048735
vn -0.085795 0.973741 -0.210873
vn -0.539891 0.841607 0.014677
vn 0.520329 0.604644 -0.603046
vn 0.868281 0.400237 -0.293084
vn 0.613657 0.746042 -0.258549
vn 0.868281 0.400237 -0.293084
vn 0.814287 0.474485 -0.334366
vn 0.861561 0.498671 -0.095074
vn 0.868281 0.400237 -0.293084
vn 0.861561 0.498671 -0.095074
vn 0.613657 0.746042 -0.258549
vn 0.814287 0.474485 -0.334366
vn 0.238709 0.945460 -0.221638
vn 0.675041 0.595152 -0.436020
vn 0.814287 0.474485 -0.334366
vn 0.675041 0.595152 -0.436020
vn 0.989338 0.091351 -0.113430
vn 0.814287 0.474485 -0.334366
vn 0.989338 0.091351 -0.113430
vn 0.861561 0.498671 -0.095074
vn 0.675041 0.595152 -0.436020
vn 0.238709 0.945460 -0.221638
vn 0.219312 0.954563 -0.201770
vn 0.219312 0.954563 -0.201770
vn 0.238709 0.945460 -0.221638
vn 0.090544 0.994699 -0.048735
vn 0.675041 0.595152 -0.436020
vn 0.219312 0.954563 -0.201770
vn 0.799313 0.538810 -0.266051
vn 0.675041 0.595152 -0.436020
vn 0.799313 0.538810 -0.266051
vn 0.989338 0.091351 -0.113430
vn 0.219312 0.954563 -0.201770
vn 0.090544 0.994699 -0.048735
vn 0.554207 0.824896 0.111366
vn 0.219312 0.954563 -0.201770
vn 0.554207 0.824896 0.111366
vn 0.799313 0.538810 -0.266051
vn 0.554207 0.824896 0.111366
vn 0.090544 0.994699 -0.048735
vn 0.781464 0.612027 0.121391
vn 0.799313 0.538810 -0.266051
vn 0.554207 0.824896 0.111366
vn 0.946376 0.261290 0.190002
vn 0.799313 0.538810 -0.266051
vn 0.946376 0.261290 0.190002
vn 0.989338 0.091351 -0.113430
vn 0.946376 0.261290 0.190002
vn 0.554207 0.824896 0.111366
vn 0.781464 0.612027 0.121391
vn 0.989338 0.091351 -0.113430
vn 0.946376 0.261290 0.190002
vn 0.971484 0.102242 0.213929
vn 0.971484 0.102242 0.213929
vn 0.946376 0.261290 0.190002
vn 0.781464 0.612027 0.121391
vn 0.989338 0.091351 -0.113430
vn 0.971484 0.102242 0.213929
vn 0.973083 0.179293 0.144786
vn 0.989338 0.091351 -0.113430
vn 0.973083 0.179293 0.144786
vn 0.861561 0.498671 -0.095074
vn 0.197175 0.976458 -0.087476
vn 0.781464 0.612027 0.121391
vn 0.090544 0.994699 -0.048735
vn 0.973083 0.179293 0.144786
vn 0.971484 0.102242 0.213929
vn 0.997409 0.036601 0.061930
vn 0.197175 0.976458 -0.087476
vn 0.090544 0.994699 -0.048735
vn -0.539891 0.841607 0.014677
vn 0.781464 0.612027 0.121391
vn 0.197175 0.976458 -0.087476
vn 0.513789 0.857805 -0.013873
vn 0.971484 0.102242 0.213929
vn 0.781464 0.612027 0.121391
vn 0.920744 0.389038 0.029682
vn 0.920744 0.389038 0.029682
vn 0.781464 0.612027 0.121391
vn 0.513789 0.857805 -0.013873
vn 0.971484 0.102242 0.213929
vn 0.920744 0.389038 0.029682
vn 0.997409 0.036601 0.061930
vn 0.513789 0.857805 -0.013873
vn 0.197175 0.976458 -0.087476
vn 0.643059 0.765751 -0.010032
vn 0.513789 0.857805 -0.013873
vn 0.643059 0.765751 -0.010032
vn 0.920744 0.389038 0.029682
vn 0.197175 0.976458 -0.087476
vn -0.539891 0.841607 0.014677
vn 0.174490 0.983983 -0.036474
vn 0.197175 0.976458 -0.087476
vn 0.174490 0.983983 -0.036474
vn 0.643059 0.765751 -0.010032
vn 0.920744 0.389038 0.029682
vn 0.643059 0.765751 -0.010032
vn 0.948392 0.317018 -0.007163
vn 0.920744 0.389038 0.029682
vn 0.948392 0.317018 -0.007163
vn 0.997409 0.036601 0.061930
vn 0.643059 0.765751 -0.010032
vn 0.174490 0.983983 -0.036474
vn 0.844746 0.525451 -0.101512
vn 0.643059 0.765751 -0.010032
vn 0.844746 0.525451 -0.101512
vn 0.948392 0.317018 -0.007163
vn 0.174490 0.983983 -0.036474
vn -0.539891 0.841607 0.014677
vn -0.566543 0.823970 0.010128
vn 0.844746 0.525451 -0.101512
vn 0.174490 0.983983 -0.036474
vn 0.027527 0.995748 -0.087909
vn 0.027527 0.995748 -0.087909
vn 0.174490 0.983983 -0.036474
vn -0.566543 0.823970 0.010128
vn 0.844746 0.525451 -0.101512
vn 0.027527 0.995748 -0.087909
vn 0.408990 0.902028 -0.138102
vn 0.408990 0.902028 -0.138102
vn 0.027527 0.995748 -0.087909
vn -0.566543 0.823970 0.010128
vn 0.948392 0.317018 -0.007163
vn 0.844746 0.525451 -0.101512
vn 0.990509 0.103489 -0.090455
vn 0.948392 0.317018 -0.007163
vn 0.990509 0.103489 -0.090455
vn 0.997409 0.036601 0.061930
vn 0.844746 0.525451 -0.101512
vn 0.408990 0.902028 -0.138102
vn 0.953247 0.248521 -0.171924
vn 0.844746 0.525451 -0.101512
vn 0.953247 0.248521 -0.171924
vn 0.990509 0.103489 -0.090455
vn -0.987841 0.109730 0.110136
vn -0.566543 0.823970 0.010128
vn -0.539891 0.841607 0.014677
vn -0.987841 0.109730 0.110136
vn -0.539891 0.841607 0.014677
vn -0.979173 0.159682 0.125386
vn -0.987841 0.109730 0.110136
vn -0.979173 0.159682 0.125386
vn -0.988549 -0.025749 0.148687
vn -0.987841 0.109730 0.110136
vn -0.988549 -0.025749 0.148687
vn -0.991301 -0.037727 0.126091
vn -0.991301 -0.037727 0.126091
vn -0.988549 -0.025749 0.148687
vn -0.865197 0.479423 0.146928
vn -0.865197 0.479423 0.146928
vn -0.988549 -0.025749 0.148687
vn -0.725694 0.687873 0.014124
vn -0.987841 0.109730 0.110136
vn -0.991301 -0.037727 0.126091
vn -0.988138 0.122789 0.092225
vn -0.987841 0.109730 0.110136
vn -0.988138 0.122789 0.092225
vn -0.566543 0.823970 0.010128
vn -0.566543 0.823970 0.010128
vn -0.988138 0.122789 0.092225
vn -0.848222 0.522847 0.084559
vn -0.988138 0.122789 0.092225
vn -0.991301 -0.037727 0.126091
vn -0.978340 -0.173232 0.113319
vn -0.848222 0.522847 0.084559
vn -0.988138 0.122789 0.092225
vn -0.981519 0.003994 0.191325
vn -0.981519 0.003994 0.191325
vn -0.988138 0.122789 0.092225
vn -0.978340 -0.173232 0.113319
vn -0.566543 0.823970 0.010128
vn -0.848222 0.522847 0.084559
vn -0.710439 0.697965 0.090117
vn -0.710439 0.697965 0.090117
vn -0.848222 0.522847 0.084559
vn -0.981519 0.003994 0.191325
vn -0.978340 -0.173232 0.113319
vn -0.991301 -0.037727 0.126091
vn -0.985862 0.127180 0.109091
vn -0.985862 0.127180 0.109091
vn -0.991301 -0.037727 0.126091
vn -0.865197 0.479423 0.146928
vn -0.981519 0.003994 0.191325
vn -0.978340 -0.173232 0.113319
vn -0.895603 -0.057332 0.441145
vn -0.895603 -0.057332 0.441145
vn -0.978340 -0.173232 0.113319
vn -0.985862 0.127180 0.109091
vn -0.623524 0.764617 0.163029
vn -0.865197 0.479423 0.146928
vn -0.725694 0.687873 0.014124
vn -0.623524 0.764617 0.163029
vn -0.725694 0.687873 0.014124
vn -0.470406 0.860256 -0.196666
vn -0.985862 0.127180 0.109091
vn -0.865197 0.479423 0.146928
vn -0.953458 0.225833 0.199796
vn -0.865197 0.479423 0.146928
vn -0.623524 0.764617 0.163029
vn -0.757649 0.622461 0.196240
vn -0.865197 0.479423 0.146928
vn -0.757649 0.622461 0.196240
vn -0.953458 0.225833 0.199796
vn -0.757649 0.622461 0.196240
vn -0.623524 0.764617 0.163029
vn -0.936026 0.163426 0.311684
vn -0.757649 0.622461 0.196240
vn -0.936026 0.163426 0.311684
vn -0.953458 0.225833 0.199796
vn -0.936026 0.163426 0.311684
vn -0.623524 0.764617 0.163029
vn -0.937979 0.104557 0.330551
vn -0.623524 0.764617 0.163029
vn -0.470406 0.860256 -0.196666
vn -0.485212 0.865707 0.122966
vn -0.623524 0.764617 0.163029
vn -0.485212 0.865707 0.122966
vn -0.937979 0.104557 0.330551
vn -0.485212 0.865707 0.122966
vn -0.470406 0.860256 -0.196666
vn -0.426336 0.888115 -0.171724
vn -0.426336 0.888115 -0.171724
vn -0.470406 0.860256 -0.196666
vn -0.503360 0.619327 -0.602547
vn -0.937979 0.104557 0.330551
vn -0.485212 0.865707 0.122966
vn -0.897219 0.401328 0.184215
vn -0.426336 0.888115 -0.171724
vn -0.503360 0.619327 -0.602547
vn -0.859137 0.353857 -0.369687
vn -0.485212 0.865707 0.122966
vn -0.426336 0.888115 -0.171724
vn -0.928837 0.370482 0.002286
vn -0.485212 0.865707 0.122966
vn -0.928837 0.370482 0.002286
vn -0.897219 0.401328 0.184215
vn -0.928837 0.370482 0.002286
vn -0.426336 0.888115 -0.171724
vn -0.859137 0.353857 -0.369687
vn -0.859137 0.353857 -0.369687
vn -0.503360 0.619327 -0.602547
vn -0.691567 -0.098119 -0.715617
vn -0.897219 0.401328 0.184215
vn -0.928837 0.370482 0.002286
vn -0.916065 -0.362648 0.171205
vn -0.897219 0.401328 0.184215
vn -0.916065 -0.362648 0.171205
vn -0.937979 0.104557 0.330551
vn -0.928837 0.370482 0.002286
vn -0.859137 0.353857 -0.369687
vn -0.937079 -0.256565 -0.236765
vn -0.937079 -0.256565 -0.236765
vn -0.859137 0.353857 -0.369687
vn -0.691567 -0.098119 -0.715617
vn -0.928837 0.370482 0.002286
vn -0.937079 -0.256565 -0.236765
vn -0.916065 -0.362648 0.171205
vn -0.937079 -0.256565 -0.236765
vn -0.691567 -0.098119 -0.715617
vn -0.854360 -0.379102 -0.355459
vn -0.916065 -0.362648 0.171205
vn -0.937079 -0.256565 -0.236765
vn -0.908778 -0.414687 0.046452
vn -0.908778 -0.414687 0.046452
vn -0.937079 -0.256565 -0.236765
vn -0.854360 -0.379102 -0.355459
vn -0.937979 0.104557 0.330551
vn -0.916065 -0.362648 0.171205
vn -0.859251 -0.434360 0.270221
vn -0.859251 -0.434360 0.270221
vn -0.916065 -0.362648 0.171205
vn -0.908778 -0.414687 0.046452
vn -0.937979 0.104557 0.330551
vn -0.859251 -0.434360 0.270221
vn -0.927122 -0.244468 0.284044
vn -0.937979 0.104557 0.330551
vn -0.927122 -0.244468 0.284044
vn -0.936026 0.163426 0.311684
vn -0.859251 -0.434360 0.270221
vn -0.908778 -0.414687 0.046452
vn -0.927049 -0.275133 0.254722
vn -0.859251 -0.434360 0.270221
vn -0.927049 -0.275133 0.254722
vn -0.927122 -0.244468 0.284044
vn -0.936026 0.163426 0.311684
vn -0.927122 -0.244468 0.284044
vn -0.974797 -0.124251 0.185292
vn -0.936026 0.163426 0.311684
vn -0.974797 -0.124251 0.185292
vn -0.953458 0.225833 0.199796
vn -0.927122 -0.244468 0.284044
vn -0.927049 -0.275133 0.254722
vn -0.941268 -0.171980 0.290582
vn -0.927122 -0.244468 0.284044
vn -0.941268 -0.171980 0.290582
vn -0.956000 -0.159638 0.246131
vn -0.927122 -0.244468 0.284044
vn -0.956000 -0.159638 0.246131
vn -0.974797 -0.124251 0.185292
vn -0.941268 -0.171980 0.290582
vn -0.927049 -0.275133 0.254722
vn -0.942429 -0.115326 0.313892
vn -0.974797 -0.124251 0.185292
vn -0.956000 -0.159638 0.246131
vn -0.990897 -0.084711 0.104629
vn -0.974797 -0.124251 0.185292
vn -0.990897 -0.084711 0.104629
vn -0.994352 0.000322 0.106133
vn -0.953458 0.225833 0.199796
vn -0.974797 -0.124251 0.185292
vn -0.985809 -0.093879 0.139169
vn -0.985809 -0.093879 0.139169
vn -0.974797 -0.124251 0.185292
vn -0.994352 0.000322 0.106133
vn -0.942429 -0.115326 0.313892
vn -0.927049 -0.275133 0.254722
vn -0.952601 -0.108513 0.284213
vn -0.942429 -0.115326 0.313892
vn -0.952601 -0.108513 0.284213
vn -0.960167 -0.135245 0.244517
vn -0.952601 -0.108513 0.284213
vn -0.927049 -0.275133 0.254722
vn -0.976426 -0.207674 0.058854
vn -0.976426 -0.207674 0.058854
vn -0.927049 -0.275133 0.254722
vn -0.908778 -0.414687 0.046452
vn -0.960167 -0.135245 0.244517
vn -0.952601 -0.108513 0.284213
vn -0.949239 -0.180673 0.257494
vn -0.976426 -0.207674 0.058854
vn -0.908778 -0.414687 0.046452
vn -0.903944 -0.297154 -0.307546
vn -0.903944 -0.297154 -0.307546
vn -0.908778 -0.414687 0.046452
vn -0.854360 -0.379102 -0.355459
vn -0.952601 -0.108513 0.284213
vn -0.976426 -0.207674 0.058854
vn -0.968230 -0.068578 0.240474
vn -0.952601 -0.108513 0.284213
vn -0.968230 -0.068578 0.240474
vn -0.949239 -0.180673 0.257494
vn -0.903944 -0.297154 -0.307546
vn -0.854360 -0.379102 -0.355459
vn -0.652428 -0.221007 -0.724909
vn -0.652428 -0.221007 -0.724909
vn -0.854360 -0.379102 -0.355459
vn -0.691567 -0.098119 -0.715617
vn -0.652428 -0.221007 -0.724909
vn -0.691567 -0.098119 -0.715617
vn -0.411250 -0.060547 -0.909510
vn -0.652428 -0.221007 -0.724909
vn -0.411250 -0.060547 -0.909510
vn -0.699180 -0.048319 -0.713311
vn -0.652428 -0.221007 -0.724909
vn -0.699180 -0.048319 -0.713311
vn -0.903944 -0.297154 -0.307546
vn -0.902391 -0.115251 -0.415220
vn -0.976426 -0.207674 0.058854
vn -0.903944 -0.297154 -0.307546
vn -0.902391 -0.115251 -0.415220
vn -0.903944 -0.297154 -0.307546
vn -0.699180 -0.048319 -0.713311
vn -0.988577 -0.123289 -0.086688
vn -0.968230 -0.068578 0.240474
vn -0.976426 -0.207674 0.058854
vn -0.988577 -0.123289 -0.086688
vn -0.976426 -0.207674 0.058854
vn -0.902391 -0.115251 -0.415220
vn -0.968230 -0.068578 0.240474
vn -0.988577 -0.123289 -0.086688
vn -0.927624 -0.368015 0.063864
vn -0.968230 -0.068578 0.240474
vn -0.927624 -0.368015 0.063864
vn -0.949239 -0.180673 0.257494
vn -0.988577 -0.123289 -0.086688
vn -0.902391 -0.115251 -0.415220
vn -0.911690 -0.311651 -0.267760
vn -0.988577 -0.123289 -0.086688
vn -0.911690 -0.311651 -0.267760
vn -0.927624 -0.368015 0.063864
vn -0.902391 -0.115251 -0.415220
vn -0.699180 -0.048319 -0.713311
vn -0.905991 -0.219383 -0.362010
vn -0.902391 -0.115251 -0.415220
vn -0.905991 -0.219383 -0.362010
vn -0.911690 -0.311651 -0.267760
vn -0.905991 -0.219383 -0.362010
vn -0.699180 -0.048319 -0.713311
vn -0.918703 -0.140468 -0.369125
vn -0.905991 -0.219383 -0.362010
vn -0.918703 -0.140468 -0.369125
vn -0.844530 -0.535394 -0.011112
vn -0.905991 -0.219383 -0.362010
vn -0.844530 -0.535394 -0.011112
vn -0.911690 -0.311651 -0.267760
vn -0.844530 -0.535394 -0.011112
vn -0.918703 -0.140468 -0.369125
vn -0.916281 -0.377624 0.133527
vn -0.844530 -0.535394 -0.011112
vn -0.916281 -0.377624 0.133527
vn -0.754385 -0.629277 0.186852
vn -0.911690 -0.311651 -0.267760
vn -0.844530 -0.535394 -0.011112
vn -0.745241 -0.665822 0.036028
vn -0.911690 -0.311651 -0.267760
vn -0.745241 -0.665822 0.036028
vn -0.927624 -0.368015 0.063864
vn -0.844530 -0.535394 -0.011112
vn -0.754385 -0.629277 0.186852
vn -0.657072 -0.747912 0.094260
vn -0.844530 -0.535394 -0.011112
vn -0.657072 -0.747912 0.094260
vn -0.745241 -0.665822 0.036028
vn -0.745241 -0.665822 0.036028
vn -0.657072 -0.747912 0.094260
vn -0.927624 -0.368015 0.063864
vn -0.657072 -0.747912 0.094260
vn -0.754385 -0.629277 0.186852
vn -0.705847 -0.703647 -0.081619
vn -0.927624 -0.368015 0.063864
vn -0.657072 -0.747912 0.094260
vn -0.836065 -0.541415 0.088684
vn -0.927624 -0.368015 0.063864
vn -0.836065 -0.541415 0.088684
vn -0.949239 -0.180673 0.257494
vn -0.657072 -0.747912 0.094260
vn -0.705847 -0.703647 -0.081619
vn -0.850112 -0.526594 0.003024
vn -0.657072 -0.747912 0.094260
vn -0.850112 -0.526594 0.003024
vn -0.836065 -0.541415 0.088684
vn -0.836065 -0.541415 0.088684
vn -0.850112 -0.526594 0.003024
vn -0.949239 -0.180673 0.257494
vn -0.850112 -0.526594 0.003024
vn -0.705847 -0.703647 -0.081619
vn -0.907022 -0.399952 -0.131721
vn -0.949239 -0.180673 0.257494
vn -0.850112 -0.526594 0.003024
vn -0.960167 -0.135245 0.244517
vn -0.960167 -0.135245 0.244517
vn -0.850112 -0.526594 0.003024
vn -0.907022 -0.399952 -0.131721
vn 0.190278 0.314227 0.930084
vn 0.027452 0.775788 0.630396
vn -0.065644 0.952056 0.298798
vn 0.027452 0.775788 0.630396
vn 0.190278 0.314227 0.930084
vn 0.263952 -0.152452 0.952412
vn 0.027452 0.775788 0.630396
vn 0.263952 -0.152452 0.952412
vn 0.059217 0.759066 0.648315
vn 0.263952 -0.152452 0.952412
vn 0.190278 0.314227 0.930084
vn 0.328224 -0.458246 0.826002
vn 0.027452 0.775788 0.630396
vn 0.059217 0.759066 0.648315
vn -0.159042 0.984684 0.071434
vn 0.027452 0.775788 0.630396
vn -0.159042 0.984684 0.071434
vn -0.065644 0.952056 0.298798
vn -0.159042 0.984684 0.071434
vn 0.059217 0.759066 0.648315
vn 0.082065 0.995712 -0.042698
vn -0.159042 0.984684 0.071434
vn 0.082065 0.995712 -0.042698
vn 0.127242 0.990185 0.057819
vn 0.328224 -0.458246 0.826002
vn 0.190278 0.314227 0.930084
vn 0.218543 0.316912 0.922933
vn 0.218543 0.316912 0.922933
vn 0.190278 0.314227 0.930084
vn -0.065644 0.952056 0.298798
vn 0.328224 -0.458246 0.826002
vn 0.218543 0.316912 0.922933
vn 0.277313 -0.452357 0.847627
vn 0.328224 -0.458246 0.826002
vn 0.277313 -0.452357 0.847627
vn 0.295482 -0.388551 0.872765
vn 0.218543 0.316912 0.922933
vn -0.065644 0.952056 0.298798
vn -0.064575 0.840163 0.538476
vn -0.064575 0.840163 0.538476
vn -0.065644 0.952056 0.298798
vn -0.159042 0.984684 0.071434
vn 0.277313 -0.452357 0.847627
vn 0.218543 0.316912 0.922933
vn 0.133318 0.013783 0.990978
vn 0.133318 0.013783 0.990978
vn 0.218543 0.316912 0.922933
vn -0.064575 0.840163 0.538476
vn 0.295482 -0.388551 0.872765
vn 0.277313 -0.452357 0.847627
vn 0.080264 -0.368944 0.925980
vn 0.080264 -0.368944 0.925980
vn 0.277313 -0.452357 0.847627
vn 0.133318 0.013783 0.990978
vn 0.295482 -0.388551 0.872765
vn 0.080264 -0.368944 0.925980
vn -0.187831 -0.420989 0.887405
vn 0.133318 0.013783 0.990978
vn -0.064575 0.840163 0.538476
vn -0.134291 0.419300 0.897860
vn 0.133318 0.013783 0.990978
vn -0.134291 0.419300 0.897860
vn 0.080264 -0.368944 0.925980
vn -0.134291 0.419300 0.897860
vn -0.064575 0.840163 0.538476
vn -0.264665 0.857390 0.441402
vn 0.080264 -0.368944 0.925980
vn -0.134291 0.419300 0.897860
vn -0.244080 0.197431 0.949445
vn -0.244080 0.197431 0.949445
vn -0.134291 0.419300 0.897860
vn -0.264665 0.857390 0.441402
vn 0.080264 -0.368944 0.925980
vn -0.244080 0.197431 0.949445
vn -0.194750 -0.106914 0.975009
vn 0.080264 -0.368944 0.925980
vn -0.194750 -0.106914 0.975009
vn -0.187831 -0.420989 0.887405
vn -0.244080 0.197431 0.949445
vn -0.264665 0.857390 0.441402
vn -0.400035 0.576730 0.712288
vn -0.244080 0.197431 0.949445
vn -0.400035 0.576730 0.712288
vn -0.194750 -0.106914 0.975009
vn -0.264665 0.857390 0.441402
vn -0.064575 0.840163 0.538476
vn -0.192998 0.958252 0.210963
vn -0.192998 0.958252 0.210963
vn -0.064575 0.840163 0.538476
vn -0.159042 0.984684 0.071434
vn -0.400035 0.576730 0.712288
vn -0.264665 0.857390 0.441402
vn -0.278178 0.780469 0.559897
vn -0.278178 0.780469 0.559897
vn -0.264665 0.857390 0.441402
vn -0.192998 0.958252 0.210963
vn -0.194750 -0.106914 0.975009
vn -0.400035 0.576730 0.712288
vn -0.313628 0.122834 0.941568
vn -0.313628 0.122834 0.941568
vn -0.400035 0.576730 0.712288
vn -0.278178 0.780469 0.559897
vn -0.194750 -0.106914 0.975009
vn -0.313628 0.122834 0.941568
vn -0.366825 -0.414511 0.832839
vn -0.194750 -0.106914 0.975009
vn -0.366825 -0.414511 0.832839
vn -0.187831 -0.420989 0.887405
vn -0.313628 0.122834 0.941568
vn -0.278178 0.780469 0.559897
vn -0.260171 0.516864 0.815575
vn -0.278178 0.780469 0.559897
vn -0.192998 0.958252 0.210963
vn -0.346044 0.757907 0.553020
vn -0.278178 0.780469 0.559897
vn -0.346044 0.757907 0.553020
vn -0.260171 0.516864 0.815575
vn -0.313628 0.122834 0.941568
vn -0.260171 0.516864 0.815575
vn -0.522034 -0.017504 0.852745
vn -0.522034 -0.017504 0.852745
vn -0.260171 0.516864 0.815575
vn -0.346044 0.757907 0.553020
vn -0.313628 0.122834 0.941568
vn -0.522034 -0.017504 0.852745
vn -0.366825 -0.414511 0.832839
vn -0.346044 0.757907 0.553020
vn -0.192998 0.958252 0.210963
vn -0.269928 0.922876 0.274660
vn -0.269928 0.922876 0.274660
vn -0.192998 0.958252 0.210963
vn -0.159042 0.984684 0.071434
vn -0.522034 -0.017504 0.852745
vn -0.346044 0.757907 0.553020
vn -0.540778 0.342927 0.768089
vn -0.540778 0.342927 0.768089
vn -0.346044 0.757907 0.553020
vn -0.269928 0.922876 0.274660
vn -0.366825 -0.414511 0.832839
vn -0.522034 -0.017504 0.852745
vn -0.472813 -0.456392 0.753760
vn -0.472813 -0.456392 0.753760
vn -0.522034 -0.017504 0.852745
vn -0.540778 0.342927 0.768089
vn -0.540778 0.342927 0.768089
vn -0.269928 0.922876 0.274660
vn -0.308182 0.342293 0.887614
vn -0.540778 0.342927 0.768089
vn -0.308182 0.342293 0.887614
vn -0.472813 -0.456392 0.753760
vn -0.308182 0.342293 0.887614
vn -0.269928 0.922876 0.274660
vn -0.263246 0.855747 0.445419
vn -0.263246 0.855747 0.445419
vn -0.269928 0.922876 0.274660
vn -0.159042 0.984684 0.071434
vn -0.472813 -0.456392 0.753760
vn -0.308182 0.342293 0.887614
vn -0.189813 -0.478329 0.857422
vn -0.366825 -0.414511 0.832839
vn -0.472813 -0.456392 0.753760
vn -0.545765 -0.490569 0.679325
vn -0.545765 -0.490569 0.679325
vn -0.472813 -0.456392 0.753760
vn -0.189813 -0.478329 0.857422
vn -0.366825 -0.414511 0.832839
vn -0.545765 -0.490569 0.679325
vn -0.187831 -0.420989 0.887405
vn -0.308182 0.342293 0.887614
vn -0.263246 0.855747 0.445419
vn -0.045691 -0.002494 0.998953
vn -0.308182 0.342293 0.887614
vn -0.045691 -0.002494 0.998953
vn -0.189813 -0.478329 0.857422
vn -0.045691 -0.002494 0.998953
vn -0.263246 0.855747 0.445419
vn -0.168451 0.492948 0.853597
vn -0.189813 -0.478329 0.857422
vn -0.045691 -0.002494 0.998953
vn 0.034232 -0.317589 0.947610
vn -0.045691 -0.002494 0.998953
vn -0.168451 0.492948 0.853597
vn -0.260159 0.036864 0.964862
vn 0.034232 -0.317589 0.947610
vn -0.045691 -0.002494 0.998953
vn -0.065034 -0.297598 0.952474
vn -0.065034 -0.297598 0.952474
vn -0.045691 -0.002494 0.998953
vn -0.260159 0.036864 0.964862
vn -0.260159 0.036864 0.964862
vn -0.168451 0.492948 0.853597
vn -0.325427 0.838833 0.436413
vn -0.325427 0.838833 0.436413
vn -0.168451 0.492948 0.853597
vn -0.263246 0.855747 0.445419
vn -0.189813 -0.478329 0.857422
vn 0.034232 -0.317589 0.947610
vn 0.161963 -0.132923 0.977803
vn -0.260159 0.036864 0.964862
vn -0.325427 0.838833 0.436413
vn -0.501093 0.339692 0.795937
vn -0.260159 0.036864 0.964862
vn -0.501093 0.339692 0.795937
vn -0.375336 -0.428048 0.822130
vn -0.260159 0.036864 0.964862
vn -0.375336 -0.428048 0.822130
vn -0.065034 -0.297598 0.952474
vn 0.034232 -0.317589 0.947610
vn -0.065034 -0.297598 0.952474
vn 0.068901 0.020326 0.997416
vn 0.034232 -0.317589 0.947610
vn 0.068901 0.020326 0.997416
vn 0.161963 -0.132923 0.977803
vn -0.189813 -0.478329 0.857422
vn 0.161963 -0.132923 0.977803
vn -0.272450 -0.467224 0.841114
vn -0.189813 -0.478329 0.857422
vn -0.272450 -0.467224 0.841114
vn -0.545765 -0.490569 0.679325
vn 0.161963 -0.132923 0.977803
vn 0.068901 0.020326 0.997416
vn 0.212320 0.306192 0.927991
vn -0.272450 -0.467224 0.841114
vn 0.161963 -0.132923 0.977803
vn -0.059780 -0.009077 0.998170
vn -0.059780 -0.009077 0.998170
vn 0.161963 -0.132923 0.977803
vn 0.212320 0.306192 0.927991
vn -0.272450 -0.467224 0.841114
vn -0.059780 -0.009077 0.998170
vn -0.687051 -0.165691 0.707465
vn -0.272450 -0.467224 0.841114
vn -0.687051 -0.165691 0.707465
vn -0.545765 -0.490569 0.679325
vn -0.687051 -0.165691 0.707465
vn -0.059780 -0.009077 0.998170
vn -0.508193 0.227950 0.830529
vn -0.250096 0.033030 0.967658
vn 0.068901 0.020326 0.997416
vn -0.065034 -0.297598 0.952474
vn -0.545765 -0.490569 0.679325
vn -0.687051 -0.165691 0.707465
vn -0.831898 -0.153650 0.533233
vn -0.687051 -0.165691 0.707465
vn -0.508193 0.227950 0.830529
vn -0.833951 0.082997 0.545561
vn -0.687051 -0.165691 0.707465
vn -0.833951 0.082997 0.545561
vn -0.831898 -0.153650 0.533233
vn -0.508193 0.227950 0.830529
vn -0.059780 -0.009077 0.998170
vn 0.145139 0.362903 0.920455
vn 0.145139 0.362903 0.920455
vn -0.059780 -0.009077 0.998170
vn 0.212320 0.306192 0.927991
vn -0.545765 -0.490569 0.679325
vn -0.831898 -0.153650 0.533233
vn -0.586583 -0.306331 0.749722
vn -0.545765 -0.490569 0.679325
vn -0.586583 -0.306331 0.749722
vn -0.187831 -0.420989 0.887405
vn -0.187831 -0.420989 0.887405
vn -0.586583 -0.306331 0.749722
vn -0.080523 -0.251111 0.964603
vn -0.187831 -0.420989 0.887405
vn -0.080523 -0.251111 0.964603
vn 0.178579 -0.162932 0.970342
vn -0.586583 -0.306331 0.749722
vn -0.831898 -0.153650 0.533233
vn -0.540578 -0.115761 0.833292
vn -0.586583 -0.306331 0.749722
vn -0.540578 -0.115761 0.833292
vn -0.080523 -0.251111 0.964603
vn 0.178579 -0.162932 0.970342
vn -0.080523 -0.251111 0.964603
vn -0.023046 0.006906 0.999711
vn -0.023046 0.006906 0.999711
vn -0.080523 -0.251111 0.964603
vn -0.540578 -0.115761 0.833292
vn 0.178579 -0.162932 0.970342
vn -0.023046 0.006906 0.999711
vn 0.190995 0.028265 0.981184
vn -0.540578 -0.115761 0.833292
vn -0.831898 -0.153650 0.533233
vn -0.755279 0.004092 0.655390
vn -0.755279 0.004092 0.655390
vn -0.831898 -0.153650 0.533233
vn -0.833951 0.082997 0.545561
vn -0.023046 0.006906 0.999711
vn -0.540578 -0.115761 0.833292
vn -0.182004 0.150457 0.971719
vn -0.023046 0.006906 0.999711
vn -0.182004 0.150457 0.971719
vn 0.190995 0.028265 0.981184
vn -0.182004 0.150457 0.971719
vn -0.540578 -0.115761 0.833292
vn -0.755279 0.004092 0.655390
vn -0.755279 0.004092 0.655390
vn -0.833951 0.082997 0.545561
vn -0.576511 0.081817 0.812983
vn -0.755279 0.004092 0.655390
vn -0.576511 0.081817 0.812983
vn -0.182004 0.150457 0.971719
vn 0.190995 0.028265 0.981184
vn -0.182004 0.150457 0.971719
vn 0.196611 -0.092332 0.976125
vn 0.196611 -0.092332 0.976125
vn -0.182004 0.150457 0.971719
vn -0.576511 0.081817 0.812983
vn 0.190995 0.028265 0.981184
vn 0.196611 -0.092332 0.976125
vn 0.138258 -0.437789 0.888384
vn 0.190995 0.028265 0.981184
vn 0.138258 -0.437789 0.888384
vn 0.243790 0.092029 0.965452
vn 0.196611 -0.092332 0.976125
vn -0.576511 0.081817 0.812983
vn -0.244309 -0.439298 0.864483
vn 0.196611 -0.092332 0.976125
vn -0.244309 -0.439298 0.864483
vn 0.138258 -0.437789 0.888384
vn -0.244309 -0.439298 0.864483
vn -0.576511 0.081817 0.812983
vn -0.631223 -0.305425 0.712933
vn -0.244309 -0.439298 0.864483
vn -0.631223 -0.305425 0.712933
vn 0.138258 -0.437789 0.888384
vn -0.631223 -0.305425 0.712933
vn -0.576511 0.081817 0.812983
vn -0.833951 0.082997 0.545561
vn 0.138258 -0.437789 0.888384
vn -0.631223 -0.305425 0.712933
vn -0.528264 -0.393510 0.752387
vn -0.631223 -0.305425 0.712933
vn -0.833951 0.082997 0.545561
vn -0.622590 0.082069 0.778233
vn -0.631223 -0.305425 0.712933
vn -0.622590 0.082069 0.778233
vn -0.528264 -0.393510 0.752387
vn -0.622590 0.082069 0.778233
vn -0.833951 0.082997 0.545561
vn -0.508193 0.227950 0.830529
vn -0.528264 -0.393510 0.752387
vn -0.622590 0.082069 0.778233
vn -0.296214 0.062542 0.953072
vn -0.622590 0.082069 0.778233
vn -0.508193 0.227950 0.830529
vn -0.064310 0.301844 0.951186
vn -0.622590 0.082069 0.778233
vn -0.064310 0.301844 0.951186
vn -0.296214 0.062542 0.953072
vn -0.064310 0.301844 0.951186
vn -0.508193 0.227950 0.830529
vn 0.145139 0.362903 0.920455
vn -0.296214 0.062542 0.953072
vn -0.064310 0.301844 0.951186
vn 0.237599 0.089043 0.967273
vn -0.064310 0.301844 0.951186
vn 0.145139 0.362903 0.920455
vn 0.333398 0.226723 0.915119
vn -0.064310 0.301844 0.951186
vn 0.333398 0.226723 0.915119
vn 0.237599 0.089043 0.967273
vn 0.237599 0.089043 0.967273
vn 0.333398 0.226723 0.915119
vn 0.318817 -0.077870 0.944612
vn 0.333398 0.226723 0.915119
vn 0.145139 0.362903 0.920455
vn 0.212320 0.306192 0.927991
vn 0.318817 -0.077870 0.944612
vn 0.333398 0.226723 0.915119
vn 0.123676 0.321348 0.938850
vn 0.123676 0.321348 0.938850
vn 0.333398 0.226723 0.915119
vn 0.212320 0.306192 0.927991
vn 0.318817 -0.077870 0.944612
vn 0.123676 0.321348 0.938850
vn -0.047383 -0.161719 0.985699
vn 0.318817 -0.077870 0.944612
vn -0.047383 -0.161719 0.985699
vn 0.122619 -0.518584 0.846189
vn 0.122619 -0.518584 0.846189
vn -0.047383 -0.161719 0.985699
vn -0.054646 -0.676323 0.734575
vn -0.054646 -0.676323 0.734575
vn -0.047383 -0.161719 0.985699
vn 0.036183 -0.305348 0.951553
vn -0.047383 -0.161719 0.985699
vn 0.123676 0.321348 0.938850
vn -0.089319 0.216978 0.972082
vn -0.047383 -0.161719 0.985699
vn -0.089319 0.216978 0.972082
vn 0.036183 -0.305348 0.951553
vn -0.089319 0.216978 0.972082
vn 0.123676 0.321348 0.938850
vn 0.212320 0.306192 0.927991
vn 0.036183 -0.305348 0.951553
vn -0.089319 0.216978 0.972082
vn -0.071358 -0.112063 0.991136
vn 0.036183 -0.305348 0.951553
vn -0.071358 -0.112063 0.991136
vn -0.224316 -0.566606 0.792868
vn -0.089319 0.216978 0.972082
vn 0.212320 0.306192 0.927991
vn -0.042394 0.186630 0.981515
vn -0.042394 0.186630 0.981515
vn 0.212320 0.306192 0.927991
vn 0.068901 0.020326 0.997416
vn -0.042394 0.186630 0.981515
vn 0.068901 0.020326 0.997416
vn -0.250096 0.033030 0.967658
vn -0.089319 0.216978 0.972082
vn -0.042394 0.186630 0.981515
vn -0.387245 0.204674 0.898972
vn -0.387245 0.204674 0.898972
vn -0.042394 0.186630 0.981515
vn -0.250096 0.033030 0.967658
vn -0.071358 -0.112063 0.991136
vn -0.089319 0.216978 0.972082
vn -0.364594 0.273279 0.890163
vn -0.364594 0.273279 0.890163
vn -0.089319 0.216978 0.972082
vn -0.387245 0.204674 0.898972
vn -0.522199 -0.141208 0.841052
vn -0.224316 -0.566606 0.792868
vn -0.071358 -0.112063 0.991136
vn -0.522199 -0.141208 0.841052
vn -0.071358 -0.112063 0.991136
vn -0.364594 0.273279 0.890163
vn -0.224316 -0.566606 0.792868
vn -0.522199 -0.141208 0.841052
vn -0.754194 -0.163229 0.636040
vn -0.522199 -0.141208 0.841052
vn -0.364594 0.273279 0.890163
vn -0.777049 0.077501 0.624651
vn -0.522199 -0.141208 0.841052
vn -0.777049 0.077501 0.624651
vn -0.754194 -0.163229 0.636040
vn -0.364594 0.273279 0.890163
vn -0.387245 0.204674 0.898972
vn -0.693334 0.187338 0.695839
vn -0.364594 0.273279 0.890163
vn -0.693334 0.187338 0.695839
vn -0.777049 0.077501 0.624651
vn -0.590598 0.057365 0.804924
vn -0.387245 0.204674 0.898972
vn -0.250096 0.033030 0.967658
vn -0.387245 0.204674 0.898972
vn -0.590598 0.057365 0.804924
vn -0.693334 0.187338 0.695839
vn -0.590598 0.057365 0.804924
vn -0.250096 0.033030 0.967658
vn -0.376007 -0.315773 0.871152
vn -0.376007 -0.315773 0.871152
vn -0.250096 0.033030 0.967658
vn -0.065034 -0.297598 0.952474
vn -0.376007 -0.315773 0.871152
vn -0.065034 -0.297598 0.952474
vn -0.375336 -0.428048 0.822130
vn -0.590598 0.057365 0.804924
vn -0.376007 -0.315773 0.871152
vn -0.760500 -0.113264 0.639384
vn -0.590598 0.057365 0.804924
vn -0.760500 -0.113264 0.639384
vn -0.693334 0.187338 0.695839
vn -0.376007 -0.315773 0.871152
vn -0.375336 -0.428048 0.822130
vn -0.617036 -0.499440 0.608134
vn -0.376007 -0.315773 0.871152
vn -0.617036 -0.499440 0.608134
vn -0.760500 -0.113264 0.639384
vn -0.693334 0.187338 0.695839
vn -0.760500 -0.113264 0.639384
vn -0.885859 0.140261 0.442246
vn -0.693334 0.187338 0.695839
vn -0.885859 0.140261 0.442246
vn -0.777049 0.077501 0.624651
vn -0.760500 -0.113264 0.639384
vn -0.617036 -0.499440 0.608134
vn -0.898717 -0.245073 0.363658
vn -0.760500 -0.113264 0.639384
vn -0.898717 -0.245073 0.363658
vn -0.885859 0.140261 0.442246
vn -0.926467 0.081337 0.367482
vn -0.754194 -0.163229 0.636040
vn -0.777049 0.077501 0.624651
vn -0.926467 0.081337 0.367482
vn -0.777049 0.077501 0.624651
vn -0.885859 0.140261 0.442246
vn -0.754194 -0.163229 0.636040
vn -0.926467 0.081337 0.367482
vn -0.908172 -0.058264 0.414523
vn -0.885859 0.140261 0.442246
vn -0.898717 -0.245073 0.363658
vn -0.976187 0.019184 0.216082
vn -0.885859 0.140261 0.442246
vn -0.976187 0.019184 0.216082
vn -0.926467 0.081337 0.367482
vn -0.908172 -0.058264 0.414523
vn -0.926467 0.081337 0.367482
vn -0.986607 0.055313 0.153454
vn -0.986607 0.055313 0.153454
vn -0.926467 0.081337 0.367482
vn -0.976187 0.019184 0.216082
vn -0.908172 -0.058264 0.414523
vn -0.986607 0.055313 0.153454
vn -0.979937 -0.048628 0.193286
vn -0.979937 -0.048628 0.193286
vn -0.986607 0.055313 0.153454
vn -0.994352 0.000322 0.106133
vn -0.994352 0.000322 0.106133
vn -0.986607 0.055313 0.153454
vn -0.992219 -0.012988 0.123827
vn -0.992219 -0.012988 0.123827
vn -0.986607 0.055313 0.153454
vn -0.976187 0.019184 0.216082
vn -0.994352 0.000322 0.106133
vn -0.992219 -0.012988 0.123827
vn -0.985809 -0.093879 0.139169
vn -0.992219 -0.012988 0.123827
vn -0.976187 0.019184 0.216082
vn -0.968635 -0.210261 0.132430
vn -0.992219 -0.012988 0.123827
vn -0.968635 -0.210261 0.132430
vn -0.985809 -0.093879 0.139169
vn -0.968635 -0.210261 0.132430
vn -0.976187 0.019184 0.216082
vn -0.898717 -0.245073 0.363658
vn -0.968635 -0.210261 0.132430
vn -0.898717 -0.245073 0.363658
vn -0.900340 -0.338983 0.272909
vn -0.900340 -0.338983 0.272909
vn -0.898717 -0.245073 0.363658
vn -0.617036 -0.499440 0.608134
vn -0.985809 -0.093879 0.139169
vn -0.968635 -0.210261 0.132430
vn -0.994664 0.035065 0.097031
vn -0.900340 -0.338983 0.272909
vn -0.617036 -0.499440 0.608134
vn -0.736068 -0.405703 0.541857
vn -0.736068 -0.405703 0.541857
vn -0.617036 -0.499440 0.608134
vn -0.375336 -0.428048 0.822130
vn -0.968635 -0.210261 0.132430
vn -0.900340 -0.338983 0.272909
vn -0.936811 0.341838 0.074372
vn -0.968635 -0.210261 0.132430
vn -0.936811 0.341838 0.074372
vn -0.994664 0.035065 0.097031
vn -0.900340 -0.338983 0.272909
vn -0.736068 -0.405703 0.541857
vn -0.880581 0.301537 0.365585
vn -0.900340 -0.338983 0.272909
vn -0.880581 0.301537 0.365585
vn -0.936811 0.341838 0.074372
vn -0.736068 -0.405703 0.541857
vn -0.375336 -0.428048 0.822130
vn -0.711924 0.074894 0.698252
vn -0.736068 -0.405703 0.541857
vn -0.711924 0.074894 0.698252
vn -0.880581 0.301537 0.365585
vn -0.711924 0.074894 0.698252
vn -0.375336 -0.428048 0.822130
vn -0.501093 0.339692 0.795937
vn -0.711924 0.074894 0.698252
vn -0.501093 0.339692 0.795937
vn -0.497949 0.793210 0.350520
vn -0.711924 0.074894 0.698252
vn -0.497949 0.793210 0.350520
vn -0.880581 0.301537 0.365585
vn -0.497949 0.793210 0.350520
vn -0.501093 0.339692 0.795937
vn -0.325427 0.838833 0.436413
vn -0.880581 0.301537 0.365585
vn -0.497949 0.793210 0.350520
vn -0.474710 0.875235 0.092819
vn -0.880581 0.301537 0.365585
vn -0.474710 0.875235 0.092819
vn -0.936811 0.341838 0.074372
vn -0.474710 0.875235 0.092819
vn -0.497949 0.793210 0.350520
vn -0.325427 0.838833 0.436413
vn -0.936811 0.341838 0.074372
vn -0.474710 0.875235 0.092819
vn -0.560211 0.828269 0.011586
vn -0.936811 0.341838 0.074372
vn -0.560211 0.828269 0.011586
vn -0.994664 0.035065 0.097031
vn -0.474710 0.875235 0.092819
vn -0.325427 0.838833 0.436413
vn -0.565752 0.822993 0.051062
vn -0.474710 0.875235 0.092819
vn -0.565752 0.822993 0.051062
vn -0.560211 0.828269 0.011586
vn -0.565752 0.822993 0.051062
vn -0.325427 0.838833 0.436413
vn -0.213353 0.940642 0.263957
vn -0.213353 0.940642 0.263957
vn -0.325427 0.838833 0.436413
vn -0.263246 0.855747 0.445419
vn -0.560211 0.828269 0.011586
vn -0.565752 0.822993 0.051062
vn -0.433039 0.861411 0.265419
vn -0.433039 0.861411 0.265419
vn -0.565752 0.822993 0.051062
vn -0.213353 0.940642 0.263957
vn -0.994664 0.035065 0.097031
vn -0.560211 0.828269 0.011586
vn -0.897492 0.382909 0.218834
vn -0.897492 0.382909 0.218834
vn -0.560211 0.828269 0.011586
vn -0.433039 0.861411 0.265419
vn -0.994664 0.035065 0.097031
vn -0.897492 0.382909 0.218834
vn -0.894108 0.283328 0.346837
vn -0.897492 0.382909 0.218834
vn -0.433039 0.861411 0.265419
vn -0.456355 0.727891 0.511776
vn -0.456355 0.727891 0.511776
vn -0.433039 0.861411 0.265419
vn -0.213353 0.940642 0.263957
vn -0.897492 0.382909 0.218834
vn -0.456355 0.727891 0.511776
vn -0.894108 0.283328 0.346837
vn -0.134596 0.930246 0.341359
vn -0.213353 0.940642 0.263957
vn -0.263246 0.855747 0.445419
vn -0.456355 0.727891 0.511776
vn -0.213353 0.940642 0.263957
vn -0.195022 0.821296 0.536133
vn -0.195022 0.821296 0.536133
vn -0.213353 0.940642 0.263957
vn -0.134596 0.930246 0.341359
vn -0.894108 0.283328 0.346837
vn -0.456355 0.727891 0.511776
vn -0.324300 0.563285 0.759960
vn -0.324300 0.563285 0.759960
vn -0.456355 0.727891 0.511776
vn -0.195022 0.821296 0.536133
vn -0.984346 0.042012 0.171167
vn -0.994664 0.035065 0.097031
vn -0.894108 0.283328 0.346837
vn -0.994664 0.035065 0.097031
vn -0.984346 0.042012 0.171167
vn -0.985809 -0.093879 0.139169
vn -0.985809 -0.093879 0.139169
vn -0.984346 0.042012 0.171167
vn -0.953458 0.225833 0.199796
vn -0.953458 0.225833 0.199796
vn -0.984346 0.042012 0.171167
vn -0.985862 0.127180 0.109091
vn -0.985862 0.127180 0.109091
vn -0.984346 0.042012 0.171167
vn -0.917473 0.130803 0.375679
vn -0.917473 0.130803 0.375679
vn -0.984346 0.042012 0.171167
vn -0.894108 0.283328 0.346837
vn -0.985862 0.127180 0.109091
vn -0.917473 0.130803 0.375679
vn -0.895603 -0.057332 0.441145
vn -0.917473 0.130803 0.375679
vn -0.894108 0.283328 0.346837
vn -0.322849 0.360071 0.875281
vn -0.322849 0.360071 0.875281
vn -0.894108 0.283328 0.346837
vn -0.324300 0.563285 0.759960
vn -0.917473 0.130803 0.375679
vn -0.322849 0.360071 0.875281
vn -0.895603 -0.057332 0.441145
vn -0.322849 0.360071 0.875281
vn -0.324300 0.563285 0.759960
vn -0.140711 0.589732 0.795246
vn -0.140711 0.589732 0.795246
vn -0.324300 0.563285 0.759960
vn -0.195022 0.821296 0.536133
vn -0.895603 -0.057332 0.441145
vn -0.322849 0.360071 0.875281
vn -0.204756 -0.067297 0.976497
vn -0.895603 -0.057332 0.441145
vn -0.204756 -0.067297 0.976497
vn -0.785406 -0.249170 0.566614
vn -0.895603 -0.057332 0.441145
vn -0.785406 -0.249170 0.566614
vn -0.981519 0.003994 0.191325
vn -0.204756 -0.067297 0.976497
vn -0.322849 0.360071 0.875281
vn 0.144624 0.146368 0.978601
vn 0.144624 0.146368 0.978601
vn -0.322849 0.360071 0.875281
vn -0.140711 0.589732 0.795246
vn -0.140711 0.589732 0.795246
vn -0.195022 0.821296 0.536133
vn -0.385151 0.551727 0.739768
vn -0.204756 -0.067297 0.976497
vn 0.144624 0.146368 0.978601
vn -0.097180 -0.415656 0.904316
vn -0.204756 -0.067297 0.976497
vn -0.097180 -0.415656 0.904316
vn -0.785406 -0.249170 0.566614
vn 0.144624 0.146368 0.978601
vn -0.140711 0.589732 0.795246
vn -0.212402 0.161989 0.963662
vn -0.385151 0.551727 0.739768
vn -0.195022 0.821296 0.536133
vn -0.163828 0.559210 0.812678
vn -0.140711 0.589732 0.795246
vn -0.385151 0.551727 0.739768
vn -0.483473 0.224367 0.846116
vn -0.140711 0.589732 0.795246
vn -0.483473 0.224367 0.846116
vn -0.212402 0.161989 0.963662
vn -0.483473 0.224367 0.846116
vn -0.385151 0.551727 0.739768
vn -0.163828 0.559210 0.812678
vn 0.144624 0.146368 0.978601
vn -0.212402 0.161989 0.963662
vn 0.276107 -0.192294 0.941694
vn 0.144624 0.146368 0.978601
vn 0.276107 -0.192294 0.941694
vn -0.097180 -0.415656 0.904316
vn -0.212402 0.161989 0.963662
vn -0.483473 0.224367 0.846116
vn -0.072966 0.198879 0.977304
vn -0.212402 0.161989 0.963662
vn -0.072966 0.198879 0.977304
vn 0.276107 -0.192294 0.941694
vn -0.134596 0.930246 0.341359
vn -0.163828 0.559210 0.812678
vn -0.195022 0.821296 0.536133
vn -0.163828 0.559210 0.812678
vn -0.134596 0.930246 0.341359
vn 0.283438 0.626418 0.726129
vn -0.483473 0.224367 0.846116
vn -0.163828 0.559210 0.812678
vn -0.214906 0.295019 0.931010
vn -0.163828 0.559210 0.812678
vn 0.283438 0.626418 0.726129
vn 0.358105 0.415578 0.836095
vn -0.163828 0.559210 0.812678
vn 0.358105 0.415578 0.836095
vn -0.214906 0.295019 0.931010
vn -0.483473 0.224367 0.846116
vn -0.214906 0.295019 0.931010
vn -0.353199 0.353206 0.866312
vn -0.483473 0.224367 0.846116
vn -0.353199 0.353206 0.866312
vn -0.072966 0.198879 0.977304
vn -0.214906 0.295019 0.931010
vn 0.358105 0.415578 0.836095
vn 0.239410 0.633000 0.736203
vn -0.214906 0.295019 0.931010
vn 0.239410 0.633000 0.736203
vn -0.353199 0.353206 0.866312
vn 0.358105 0.415578 0.836095
vn 0.283438 0.626418 0.726129
vn 0.274932 0.756635 0.593225
vn 0.274932 0.756635 0.593225
vn 0.283438 0.626418 0.726129
vn -0.134596 0.930246 0.341359
vn 0.239410 0.633000 0.736203
vn 0.358105 0.415578 0.836095
vn 0.567458 0.622299 0.539200
vn 0.567458 0.622299 0.539200
vn 0.358105 0.415578 0.836095
vn 0.274932 0.756635 0.593225
vn -0.353199 0.353206 0.866312
vn 0.239410 0.633000 0.736203
vn 0.113971 0.689962 0.714816
vn -0.353199 0.353206 0.866312
vn 0.113971 0.689962 0.714816
vn -0.072966 0.198879 0.977304
vn 0.239410 0.633000 0.736203
vn 0.567458 0.622299 0.539200
vn 0.351258 0.824493 0.443654
vn 0.239410 0.633000 0.736203
vn 0.351258 0.824493 0.443654
vn 0.113971 0.689962 0.714816
vn 0.351258 0.824493 0.443654
vn 0.567458 0.622299 0.539200
vn 0.316985 0.695042 0.645320
vn 0.316985 0.695042 0.645320
vn 0.567458 0.622299 0.539200
vn 0.274932 0.756635 0.593225
vn 0.113971 0.689962 0.714816
vn 0.351258 0.824493 0.443654
vn 0.533118 0.562170 0.632258
vn 0.533118 0.562170 0.632258
vn 0.351258 0.824493 0.443654
vn 0.316985 0.695042 0.645320
vn -0.072966 0.198879 0.977304
vn 0.113971 0.689962 0.714816
vn 0.544137 0.329735 0.771486
vn 0.544137 0.329735 0.771486
vn 0.113971 0.689962 0.714816
vn 0.533118 0.562170 0.632258
vn -0.072966 0.198879 0.977304
vn 0.544137 0.329735 0.771486
vn 0.435244 0.170832 0.883956
vn 0.544137 0.329735 0.771486
vn 0.533118 0.562170 0.632258
vn 0.533621 0.454549 0.713185
vn -0.072966 0.198879 0.977304
vn 0.435244 0.170832 0.883956
vn 0.276107 -0.192294 0.941694
vn 0.544137 0.329735 0.771486
vn 0.533621 0.454549 0.713185
vn 0.189442 0.715035 0.672932
vn 0.544137 0.329735 0.771486
vn 0.189442 0.715035 0.672932
vn 0.435244 0.170832 0.883956
vn 0.533621 0.454549 0.713185
vn 0.533118 0.562170 0.632258
vn 0.387667 0.488881 0.781479
vn 0.189442 0.715035 0.672932
vn 0.533621 0.454549 0.713185
vn 0.082292 0.966255 0.244089
vn 0.082292 0.966255 0.244089
vn 0.533621 0.454549 0.713185
vn 0.387667 0.488881 0.781479
vn 0.435244 0.170832 0.883956
vn 0.189442 0.715035 0.672932
vn 0.324144 0.607419 0.725240
vn 0.189442 0.715035 0.672932
vn 0.082292 0.966255 0.244089
vn -0.081070 0.989092 0.122980
vn 0.189442 0.715035 0.672932
vn -0.081070 0.989092 0.122980
vn 0.324144 0.607419 0.725240
vn 0.435244 0.170832 0.883956
vn 0.324144 0.607419 0.725240
vn 0.567763 0.017418 0.823008
vn 0.435244 0.170832 0.883956
vn 0.567763 0.017418 0.823008
vn 0.276107 -0.192294 0.941694
vn 0.567763 0.017418 0.823008
vn 0.324144 0.607419 0.725240
vn 0.385894 0.743764 0.545804
vn 0.385894 0.743764 0.545804
vn 0.324144 0.607419 0.725240
vn -0.081070 0.989092 0.122980
vn 0.276107 -0.192294 0.941694
vn 0.567763 0.017418 0.823008
vn 0.611138 0.031499 0.790897
vn 0.611138 0.031499 0.790897
vn 0.567763 0.017418 0.823008
vn 0.385894 0.743764 0.545804
vn 0.276107 -0.192294 0.941694
vn 0.611138 0.031499 0.790897
vn 0.308064 -0.280937 0.908940
vn 0.611138 0.031499 0.790897
vn 0.385894 0.743764 0.545804
vn 0.166405 0.700594 0.693886
vn 0.308064 -0.280937 0.908940
vn 0.611138 0.031499 0.790897
vn 0.382510 0.318488 0.867324
vn 0.382510 0.318488 0.867324
vn 0.611138 0.031499 0.790897
vn 0.166405 0.700594 0.693886
vn 0.308064 -0.280937 0.908940
vn 0.382510 0.318488 0.867324
vn 0.005424 0.397170 0.917729
vn 0.005424 0.397170 0.917729
vn 0.382510 0.318488 0.867324
vn 0.166405 0.700594 0.693886
vn 0.276107 -0.192294 0.941694
vn 0.308064 -0.280937 0.908940
vn 0.021252 -0.423077 0.905845
vn 0.276107 -0.192294 0.941694
vn 0.021252 -0.423077 0.905845
vn -0.097180 -0.415656 0.904316
vn 0.308064 -0.280937 0.908940
vn 0.005424 0.397170 0.917729
vn -0.027702 0.133789 0.990623
vn 0.308064 -0.280937 0.908940
vn -0.027702 0.133789 0.990623
vn 0.021252 -0.423077 0.905845
vn 0.005424 0.397170 0.917729
vn 0.166405 0.700594 0.693886
vn -0.424326 0.641806 0.638774
vn 0.005424 0.397170 0.917729
vn -0.424326 0.641806 0.638774
vn -0.027702 0.133789 0.990623
vn -0.113289 0.966988 0.228253
vn 0.166405 0.700594 0.693886
vn 0.385894 0.743764 0.545804
vn 0.166405 0.700594 0.693886
vn -0.113289 0.966988 0.228253
vn -0.424326 0.641806 0.638774
vn -0.113289 0.966988 0.228253
vn 0.385894 0.743764 0.545804
vn -0.081070 0.989092 0.122980
vn -0.623612 -0.318980 0.713694
vn -0.097180 -0.415656 0.904316
vn 0.021252 -0.423077 0.905845
vn -0.097180 -0.415656 0.904316
vn -0.623612 -0.318980 0.713694
vn -0.785406 -0.249170 0.566614
vn -0.465834 0.020707 0.884630
vn 0.021252 -0.423077 0.905845
vn -0.027702 0.133789 0.990623
vn 0.021252 -0.423077 0.905845
vn -0.465834 0.020707 0.884630
vn -0.623612 -0.318980 0.713694
vn -0.465834 0.020707 0.884630
vn -0.027702 0.133789 0.990623
vn -0.424326 0.641806 0.638774
vn -0.623612 -0.318980 0.713694
vn -0.465834 0.020707 0.884630
vn -0.846357 0.148634 0.511458
vn -0.846357 0.148634 0.511458
vn -0.465834 0.020707 0.884630
vn -0.424326 0.641806 0.638774
vn -0.623612 -0.318980 0.713694
vn -0.846357 0.148634 0.511458
vn -0.785406 -0.249170 0.566614
vn -0.846357 0.148634 0.511458
vn -0.424326 0.641806 0.638774
vn -0.563443 0.787777 0.248877
vn -0.563443 0.787777 0.248877
vn -0.424326 0.641806 0.638774
vn -0.113289 0.966988 0.228253
vn -0.785406 -0.249170 0.566614
vn -0.846357 0.148634 0.511458
vn -0.916456 0.250931 0.311676
vn -0.916456 0.250931 0.311676
vn -0.846357 0.148634 0.511458
vn -0.563443 0.787777 0.248877
vn -0.785406 -0.249170 0.566614
vn -0.916456 0.250931 0.311676
vn -0.981519 0.003994 0.191325
vn -0.981519 0.003994 0.191325
vn -0.916456 0.250931 0.311676
vn -0.710439 0.697965 0.090117
vn -0.710439 0.697965 0.090117
vn -0.916456 0.250931 0.311676
vn -0.563443 0.787777 0.248877
vn -0.710439 0.697965 0.090117
vn -0.563443 0.787777 0.248877
vn -0.113289 0.966988 0.228253
vn -0.710439 0.697965 0.090117
vn -0.113289 0.966988 0.228253
vn -0.081070 0.989092 0.122980
vn -0.710439 0.697965 0.090117
vn -0.081070 0.989092 0.122980
vn -0.566543 0.823970 0.010128
vn -0.566543 0.823970 0.010128
vn -0.081070 0.989092 0.122980
vn 0.408990 0.902028 -0.138102
vn 0.408990 0.902028 -0.138102
vn -0.081070 0.989092 0.122980
vn 0.082292 0.966255 0.244089
vn 0.408990 0.902028 -0.138102
vn 0.082292 0.966255 0.244089
vn -0.012666 0.965391 0.260499
vn -0.012666 0.965391 0.260499
vn 0.082292 0.966255 0.244089
vn 0.387667 0.488881 0.781479
vn 0.408990 0.902028 -0.138102
vn -0.012666 0.965391 0.260499
vn 0.228347 0.955156 0.188507
vn -0.012666 0.965391 0.260499
vn 0.387667 0.488881 0.781479
vn 0.018179 0.734921 0.677909
vn -0.012666 0.965391 0.260499
vn 0.018179 0.734921 0.677909
vn -0.034608 0.972142 0.231823
vn -0.012666 0.965391 0.260499
vn -0.034608 0.972142 0.231823
vn 0.228347 0.955156 0.188507
vn 0.018179 0.734921 0.677909
vn 0.387667 0.488881 0.781479
vn 0.385619 0.519475 0.762525
vn 0.018179 0.734921 0.677909
vn 0.385619 0.519475 0.762525
vn -0.034608 0.972142 0.231823
vn -0.034608 0.972142 0.231823
vn 0.385619 0.519475 0.762525
vn 0.606385 0.718776 0.340086
vn -0.034608 0.972142 0.231823
vn 0.606385 0.718776 0.340086
vn 0.228347 0.955156 0.188507
vn 0.385619 0.519475 0.762525
vn 0.387667 0.488881 0.781479
vn 0.302208 0.173100 0.937394
vn 0.302208 0.173100 0.937394
vn 0.387667 0.488881 0.781479
vn 0.308280 0.446836 0.839822
vn 0.308280 0.446836 0.839822
vn 0.387667 0.488881 0.781479
vn 0.533118 0.562170 0.632258
vn 0.385619 0.519475 0.762525
vn 0.302208 0.173100 0.937394
vn 0.680355 0.358700 0.639102
vn 0.385619 0.519475 0.762525
vn 0.680355 0.358700 0.639102
vn 0.606385 0.718776 0.340086
vn 0.308280 0.446836 0.839822
vn 0.533118 0.562170 0.632258
vn 0.316985 0.695042 0.645320
vn 0.302208 0.173100 0.937394
vn 0.308280 0.446836 0.839822
vn 0.411760 0.535962 0.737020
vn 0.302208 0.173100 0.937394
vn 0.411760 0.535962 0.737020
vn 0.680355 0.358700 0.639102
vn 0.411760 0.535962 0.737020
vn 0.308280 0.446836 0.839822
vn 0.316985 0.695042 0.645320
vn 0.606385 0.718776 0.340086
vn 0.680355 0.358700 0.639102
vn 0.713728 0.562802 0.416948
vn 0.606385 0.718776 0.340086
vn 0.713728 0.562802 0.416948
vn 0.228347 0.955156 0.188507
vn 0.680355 0.358700 0.639102
vn 0.411760 0.535962 0.737020
vn 0.557756 0.726272 0.401792
vn 0.680355 0.358700 0.639102
vn 0.557756 0.726272 0.401792
vn 0.713728 0.562802 0.416948
vn 0.411760 0.535962 0.737020
vn 0.316985 0.695042 0.645320
vn 0.243216 0.825534 0.509254
vn 0.411760 0.535962 0.737020
vn 0.243216 0.825534 0.509254
vn 0.557756 0.726272 0.401792
vn 0.228347 0.955156 0.188507
vn 0.713728 0.562802 0.416948
vn 0.664636 0.502286 0.553144
vn 0.664636 0.502286 0.553144
vn 0.713728 0.562802 0.416948
vn 0.557756 0.726272 0.401792
vn 0.228347 0.955156 0.188507
vn 0.664636 0.502286 0.553144
vn 0.506683 0.803441 0.312659
vn 0.228347 0.955156 0.188507
vn 0.506683 0.803441 0.312659
vn 0.451190 0.892405 -0.006339
vn 0.228347 0.955156 0.188507
vn 0.451190 0.892405 -0.006339
vn 0.408990 0.902028 -0.138102
vn 0.408990 0.902028 -0.138102
vn 0.451190 0.892405 -0.006339
vn 0.953247 0.248521 -0.171924
vn 0.451190 0.892405 -0.006339
vn 0.506683 0.803441 0.312659
vn 0.920238 0.317321 0.229060
vn 0.920238 0.317321 0.229060
vn 0.506683 0.803441 0.312659
vn 0.664636 0.502286 0.553144
vn 0.953247 0.248521 -0.171924
vn 0.451190 0.892405 -0.006339
vn 0.921457 0.379455 -0.083253
vn 0.921457 0.379455 -0.083253
vn 0.451190 0.892405 -0.006339
vn 0.920238 0.317321 0.229060
vn 0.953247 0.248521 -0.171924
vn 0.921457 0.379455 -0.083253
vn 0.973662 0.174857 -0.146309
vn 0.973662 0.174857 -0.146309
vn 0.921457 0.379455 -0.083253
vn 0.920238 0.317321 0.229060
vn 0.920238 0.317321 0.229060
vn 0.664636 0.502286 0.553144
vn 0.857705 0.481697 0.179751
vn 0.857705 0.481697 0.179751
vn 0.664636 0.502286 0.553144
vn 0.557756 0.726272 0.401792
vn 0.920238 0.317321 0.229060
vn 0.857705 0.481697 0.179751
vn 0.973662 0.174857 -0.146309
vn 0.857705 0.481697 0.179751
vn 0.557756 0.726272 0.401792
vn 0.677451 0.726993 -0.111989
vn 0.857705 0.481697 0.179751
vn 0.677451 0.726993 -0.111989
vn 0.973662 0.174857 -0.146309
vn 0.677451 0.726993 -0.111989
vn 0.557756 0.726272 0.401792
vn 0.243216 0.825534 0.509254
vn 0.953247 0.248521 -0.171924
vn 0.973662 0.174857 -0.146309
vn 0.990509 0.103489 -0.090455
vn 0.677451 0.726993 -0.111989
vn 0.243216 0.825534 0.509254
vn 0.566133 0.815098 0.122920
vn 0.973662 0.174857 -0.146309
vn 0.677451 0.726993 -0.111989
vn 0.739893 0.602316 -0.299622
vn 0.677451 0.726993 -0.111989
vn 0.566133 0.815098 0.122920
vn 0.617046 0.695271 -0.368582
vn 0.677451 0.726993 -0.111989
vn 0.617046 0.695271 -0.368582
vn 0.739893 0.602316 -0.299622
vn 0.566133 0.815098 0.122920
vn 0.243216 0.825534 0.509254
vn 0.358463 0.595743 0.718745
vn 0.973662 0.174857 -0.146309
vn 0.739893 0.602316 -0.299622
vn 0.776867 0.605980 -0.171075
vn 0.617046 0.695271 -0.368582
vn 0.566133 0.815098 0.122920
vn 0.647913 0.738341 0.187248
vn 0.647913 0.738341 0.187248
vn 0.566133 0.815098 0.122920
vn 0.358463 0.595743 0.718745
vn 0.739893 0.602316 -0.299622
vn 0.617046 0.695271 -0.368582
vn 0.184417 0.967782 -0.171433
vn 0.739893 0.602316 -0.299622
vn 0.184417 0.967782 -0.171433
vn 0.776867 0.605980 -0.171075
vn 0.617046 0.695271 -0.368582
vn 0.647913 0.738341 0.187248
vn 0.204159 0.967390 -0.149916
vn 0.617046 0.695271 -0.368582
vn 0.204159 0.967390 -0.149916
vn 0.184417 0.967782 -0.171433
vn 0.647913 0.738341 0.187248
vn 0.358463 0.595743 0.718745
vn 0.132599 0.717849 0.683454
vn 0.252176 0.630893 0.733744
vn 0.358463 0.595743 0.718745
vn 0.243216 0.825534 0.509254
vn 0.358463 0.595743 0.718745
vn 0.252176 0.630893 0.733744
vn 0.132599 0.717849 0.683454
vn 0.252176 0.630893 0.733744
vn 0.243216 0.825534 0.509254
vn 0.316985 0.695042 0.645320
vn 0.252176 0.630893 0.733744
vn 0.316985 0.695042 0.645320
vn 0.274932 0.756635 0.593225
vn 0.252176 0.630893 0.733744
vn 0.274932 0.756635 0.593225
vn 0.127719 0.832677 0.538829
vn 0.252176 0.630893 0.733744
vn 0.127719 0.832677 0.538829
vn 0.132599 0.717849 0.683454
vn 0.647913 0.738341 0.187248
vn 0.132599 0.717849 0.683454
vn 0.042313 0.965210 0.258029
vn 0.647913 0.738341 0.187248
vn 0.042313 0.965210 0.258029
vn 0.204159 0.967390 -0.149916
vn 0.132599 0.717849 0.683454
vn 0.127719 0.832677 0.538829
vn 0.209124 0.507053 0.836160
vn 0.132599 0.717849 0.683454
vn 0.209124 0.507053 0.836160
vn 0.188472 0.741831 0.643557
vn 0.132599 0.717849 0.683454
vn 0.188472 0.741831 0.643557
vn 0.042313 0.965210 0.258029
vn 0.188472 0.741831 0.643557
vn 0.209124 0.507053 0.836160
vn 0.446932 0.666043 0.597192
vn 0.446932 0.666043 0.597192
vn 0.209124 0.507053 0.836160
vn 0.127719 0.832677 0.538829
vn 0.042313 0.965210 0.258029
vn 0.188472 0.741831 0.643557
vn 0.486916 0.861840 0.141932
vn 0.042313 0.965210 0.258029
vn 0.486916 0.861840 0.141932
vn 0.204159 0.967390 -0.149916
vn 0.486916 0.861840 0.141932
vn 0.188472 0.741831 0.643557
vn 0.809467 0.249397 0.531568
vn 0.809467 0.249397 0.531568
vn 0.188472 0.741831 0.643557
vn 0.446932 0.666043 0.597192
vn 0.204159 0.967390 -0.149916
vn 0.486916 0.861840 0.141932
vn 0.342727 0.931244 -0.123790
vn 0.204159 0.967390 -0.149916
vn 0.342727 0.931244 -0.123790
vn 0.383181 0.921950 -0.056401
vn 0.486916 0.861840 0.141932
vn 0.809467 0.249397 0.531568
vn 0.924268 0.380314 -0.033024
vn 0.486916 0.861840 0.141932
vn 0.924268 0.380314 -0.033024
vn 0.342727 0.931244 -0.123790
vn 0.809467 0.249397 0.531568
vn 0.446932 0.666043 0.597192
vn 0.837244 0.491673 0.239332
vn 0.809467 0.249397 0.531568
vn 0.837244 0.491673 0.239332
vn 0.924268 0.380314 -0.033024
vn 0.204159 0.967390 -0.149916
vn 0.383181 0.921950 -0.056401
vn 0.184417 0.967782 -0.171433
vn 0.342727 0.931244 -0.123790
vn 0.924268 0.380314 -0.033024
vn 0.879693 0.414893 -0.232387
vn 0.342727 0.931244 -0.123790
vn 0.879693 0.414893 -0.232387
vn 0.383181 0.921950 -0.056401
vn 0.924268 0.380314 -0.033024
vn 0.837244 0.491673 0.239332
vn 0.812948 0.578819 -0.063901
vn 0.924268 0.380314 -0.033024
vn 0.812948 0.578819 -0.063901
vn 0.879693 0.414893 -0.232387
vn 0.837244 0.491673 0.239332
vn 0.446932 0.666043 0.597192
vn 0.125173 0.990941 0.048660
vn 0.837244 0.491673 0.239332
vn 0.125173 0.990941 0.048660
vn 0.812948 0.578819 -0.063901
vn 0.125173 0.990941 0.048660
vn 0.446932 0.666043 0.597192
vn 0.014906 0.983997 0.177559
vn 0.014906 0.983997 0.177559
vn 0.446932 0.666043 0.597192
vn 0.127719 0.832677 0.538829
vn 0.879693 0.414893 -0.232387
vn 0.812948 0.578819 -0.063901
vn 0.756536 0.650604 -0.066083
vn 0.879693 0.414893 -0.232387
vn 0.756536 0.650604 -0.066083
vn 0.383181 0.921950 -0.056401
vn 0.812948 0.578819 -0.063901
vn 0.125173 0.990941 0.048660
vn 0.173296 0.978779 -0.109363
vn 0.812948 0.578819 -0.063901
vn 0.173296 0.978779 -0.109363
vn 0.756536 0.650604 -0.066083
vn 0.125173 0.990941 0.048660
vn 0.014906 0.983997 0.177559
vn -0.094454 0.995525 -0.002890
vn 0.125173 0.990941 0.048660
vn -0.094454 0.995525 -0.002890
vn 0.173296 0.978779 -0.109363
vn 0.014906 0.983997 0.177559
vn 0.127719 0.832677 0.538829
vn -0.124809 0.974713 0.185355
vn 0.383181 0.921950 -0.056401
vn 0.756536 0.650604 -0.066083
vn 0.904555 0.382237 0.188876
vn -0.094454 0.995525 -0.002890
vn 0.014906 0.983997 0.177559
vn -0.159042 0.984684 0.071434
vn -0.159042 0.984684 0.071434
vn 0.014906 0.983997 0.177559
vn -0.124809 0.974713 0.185355
vn -0.094454 0.995525 -0.002890
vn -0.159042 0.984684 0.071434
vn 0.127242 0.990185 0.057819
vn -0.124809 0.974713 0.185355
vn 0.127719 0.832677 0.538829
vn -0.089758 0.964003 0.250283
vn -0.124809 0.974713 0.185355
vn -0.089758 0.964003 0.250283
vn -0.159042 0.984684 0.071434
vn -0.089758 0.964003 0.250283
vn 0.127719 0.832677 0.538829
vn 0.274932 0.756635 0.593225
vn -0.159042 0.984684 0.071434
vn -0.089758 0.964003 0.250283
vn -0.263246 0.855747 0.445419
vn -0.089758 0.964003 0.250283
vn 0.274932 0.756635 0.593225
vn -0.134596 0.930246 0.341359
vn -0.089758 0.964003 0.250283
vn -0.134596 0.930246 0.341359
vn -0.263246 0.855747 0.445419
vn -0.094454 0.995525 -0.002890
vn -0.100833 0.993489 -0.053033
vn 0.173296 0.978779 -0.109363
vn 0.521776 0.846101 -0.108918
vn 0.383181 0.921950 -0.056401
vn 0.904555 0.382237 0.188876
vn 0.383181 0.921950 -0.056401
vn 0.521776 0.846101 -0.108918
vn 0.184417 0.967782 -0.171433
vn 0.521776 0.846101 -0.108918
vn 0.904555 0.382237 0.188876
vn 0.794307 0.597544 -0.109628
vn 0.794307 0.597544 -0.109628
vn 0.904555 0.382237 0.188876
vn 0.756536 0.650604 -0.066083
vn 0.794307 0.597544 -0.109628
vn 0.756536 0.650604 -0.066083
vn 0.173296 0.978779 -0.109363
vn 0.521776 0.846101 -0.108918
vn 0.794307 0.597544 -0.109628
vn 0.756505 0.472876 -0.451761
vn 0.794307 0.597544 -0.109628
vn 0.173296 0.978779 -0.109363
vn 0.702478 0.430237 -0.566940
vn 0.794307 0.597544 -0.109628
vn 0.702478 0.430237 -0.566940
vn 0.756505 0.472876 -0.451761
vn 0.184417 0.967782 -0.171433
vn 0.521776 0.846101 -0.108918
vn 0.096943 0.967909 -0.231852
vn 0.096943 0.967909 -0.231852
vn 0.521776 0.846101 -0.108918
vn 0.756505 0.472876 -0.451761
vn 0.756505 0.472876 -0.451761
vn 0.702478 0.430237 -0.566940
vn 0.686197 0.540000 -0.487375
vn 0.756505 0.472876 -0.451761
vn 0.686197 0.540000 -0.487375
vn 0.096943 0.967909 -0.231852
vn 0.702478 0.430237 -0.566940
vn 0.173296 0.978779 -0.109363
vn 0.753507 0.511973 -0.412445
vn 0.702478 0.430237 -0.566940
vn 0.753507 0.511973 -0.412445
vn 0.686197 0.540000 -0.487375
vn 0.753507 0.511973 -0.412445
vn 0.173296 0.978779 -0.109363
vn 0.216188 0.951533 -0.218741
vn 0.216188 0.951533 -0.218741
vn 0.173296 0.978779 -0.109363
vn -0.100833 0.993489 -0.053033
vn 0.686197 0.540000 -0.487375
vn 0.753507 0.511973 -0.412445
vn 0.812283 0.449373 -0.371834
vn 0.096943 0.967909 -0.231852
vn 0.686197 0.540000 -0.487375
vn 0.149316 0.980065 -0.131063
vn 0.149316 0.980065 -0.131063
vn 0.686197 0.540000 -0.487375
vn 0.812283 0.449373 -0.371834
vn 0.163997 0.985689 -0.039012
vn 0.184417 0.967782 -0.171433
vn 0.096943 0.967909 -0.231852
vn 0.163997 0.985689 -0.039012
vn 0.096943 0.967909 -0.231852
vn 0.149316 0.980065 -0.131063
vn 0.184417 0.967782 -0.171433
vn 0.163997 0.985689 -0.039012
vn 0.776867 0.605980 -0.171075
vn 0.149316 0.980065 -0.131063
vn 0.812283 0.449373 -0.371834
vn 0.434028 0.897742 -0.075362
vn 0.149316 0.980065 -0.131063
vn 0.434028 0.897742 -0.075362
vn 0.163997 0.985689 -0.039012
vn 0.873852 0.406854 -0.266181
vn 0.812283 0.449373 -0.371834
vn 0.753507 0.511973 -0.412445
vn 0.812283 0.449373 -0.371834
vn 0.873852 0.406854 -0.266181
vn 0.434028 0.897742 -0.075362
vn 0.873852 0.406854 -0.266181
vn 0.753507 0.511973 -0.412445
vn 0.216188 0.951533 -0.218741
vn 0.163997 0.985689 -0.039012
vn 0.434028 0.897742 -0.075362
vn 0.330963 0.936134 -0.118810
vn 0.163997 0.985689 -0.039012
vn 0.330963 0.936134 -0.118810
vn 0.776867 0.605980 -0.171075
vn 0.434028 0.897742 -0.075362
vn 0.873852 0.406854 -0.266181
vn 0.974989 0.221316 -0.020413
vn 0.434028 0.897742 -0.075362
vn 0.974989 0.221316 -0.020413
vn 0.453627 0.870529 -0.190795
vn 0.434028 0.897742 -0.075362
vn 0.453627 0.870529 -0.190795
vn 0.330963 0.936134 -0.118810
vn 0.974989 0.221316 -0.020413
vn 0.873852 0.406854 -0.266181
vn 0.863593 0.351843 -0.361129
vn 0.863593 0.351843 -0.361129
vn 0.873852 0.406854 -0.266181
vn 0.216188 0.951533 -0.218741
vn 0.453627 0.870529 -0.190795
vn 0.974989 0.221316 -0.020413
vn 0.860489 0.202578 -0.467463
vn 0.860489 0.202578 -0.467463
vn 0.974989 0.221316 -0.020413
vn 0.863593 0.351843 -0.361129
vn 0.453627 0.870529 -0.190795
vn 0.860489 0.202578 -0.467463
vn 0.353789 0.652004 -0.670615
vn 0.453627 0.870529 -0.190795
vn 0.353789 0.652004 -0.670615
vn 0.330963 0.936134 -0.118810
vn 0.860489 0.202578 -0.467463
vn 0.863593 0.351843 -0.361129
vn 0.596869 0.535239 -0.597717
vn 0.860489 0.202578 -0.467463
vn 0.596869 0.535239 -0.597717
vn 0.353789 0.652004 -0.670615
vn 0.596869 0.535239 -0.597717
vn 0.863593 0.351843 -0.361129
vn 0.216188 0.951533 -0.218741
vn 0.330963 0.936134 -0.118810
vn 0.353789 0.652004 -0.670615
vn 0.519508 0.749408 -0.410487
vn 0.519508 0.749408 -0.410487
vn 0.353789 0.652004 -0.670615
vn 0.596869 0.535239 -0.597717
vn 0.596869 0.535239 -0.597717
vn 0.216188 0.951533 -0.218741
vn 0.496408 0.815764 -0.296830
vn 0.519508 0.749408 -0.410487
vn 0.596869 0.535239 -0.597717
vn 0.848807 0.469273 -0.243535
vn 0.848807 0.469273 -0.243535
vn 0.596869 0.535239 -0.597717
vn 0.496408 0.815764 -0.296830
vn 0.330963 0.936134 -0.118810
vn 0.519508 0.749408 -0.410487
vn 0.803463 0.560039 -0.202001
vn 0.803463 0.560039 -0.202001
vn 0.519508 0.749408 -0.410487
vn 0.848807 0.469273 -0.243535
vn 0.330963 0.936134 -0.118810
vn 0.803463 0.560039 -0.202001
vn 0.876983 0.470391 -0.098148
vn 0.330963 0.936134 -0.118810
vn 0.876983 0.470391 -0.098148
vn 0.776867 0.605980 -0.171075
vn 0.776867 0.605980 -0.171075
vn 0.876983 0.470391 -0.098148
vn 0.973662 0.174857 -0.146309
vn 0.973662 0.174857 -0.146309
vn 0.876983 0.470391 -0.098148
vn 0.990509 0.103489 -0.090455
vn 0.990509 0.103489 -0.090455
vn 0.876983 0.470391 -0.098148
vn 0.803463 0.560039 -0.202001
vn 0.990509 0.103489 -0.090455
vn 0.803463 0.560039 -0.202001
vn 0.848807 0.469273 -0.243535
vn 0.484812 0.871770 -0.070525
vn 0.848807 0.469273 -0.243535
vn 0.496408 0.815764 -0.296830
vn 0.484812 0.871770 -0.070525
vn 0.496408 0.815764 -0.296830
vn 0.216188 0.951533 -0.218741
vn 0.990509 0.103489 -0.090455
vn 0.848807 0.469273 -0.243535
vn 0.916811 0.399307 -0.003358
vn 0.916811 0.399307 -0.003358
vn 0.848807 0.469273 -0.243535
vn 0.484812 0.871770 -0.070525
vn 0.990509 0.103489 -0.090455
vn 0.916811 0.399307 -0.003358
vn 0.997409 0.036601 0.061930
vn 0.997409 0.036601 0.061930
vn 0.916811 0.399307 -0.003358
vn 0.920390 0.205092 0.332897
vn 0.997409 0.036601 0.061930
vn 0.920390 0.205092 0.332897
vn 0.973083 0.179293 0.144786
vn 0.916811 0.399307 -0.003358
vn 0.484812 0.871770 -0.070525
vn 0.733437 0.677345 0.057229
vn 0.916811 0.399307 -0.003358
vn 0.733437 0.677345 0.057229
vn 0.920390 0.205092 0.332897
vn 0.484812 0.871770 -0.070525
vn 0.216188 0.951533 -0.218741
vn 0.130704 0.983157 -0.127747
vn 0.130704 0.983157 -0.127747
vn 0.216188 0.951533 -0.218741
vn -0.100833 0.993489 -0.053033
vn 0.130704 0.983157 -0.127747
vn -0.100833 0.993489 -0.053033
vn 0.108811 0.983943 -0.141480
vn 0.130704 0.983157 -0.127747
vn 0.108811 0.983943 -0.141480
vn 0.108919 0.994043 -0.003859
vn 0.130704 0.983157 -0.127747
vn 0.108919 0.994043 -0.003859
vn 0.484812 0.871770 -0.070525
vn 0.484812 0.871770 -0.070525
vn 0.108919 0.994043 -0.003859
vn 0.733437 0.677345 0.057229
vn 0.733437 0.677345 0.057229
vn 0.108919 0.994043 -0.003859
vn 0.935652 0.351824 0.027832
vn 0.935652 0.351824 0.027832
vn 0.108919 0.994043 -0.003859
vn 0.443786 0.893180 -0.072687
vn 0.733437 0.677345 0.057229
vn 0.935652 0.351824 0.027832
vn 0.903688 -0.168455 0.393663
vn 0.733437 0.677345 0.057229
vn 0.903688 -0.168455 0.393663
vn 0.920390 0.205092 0.332897
vn 0.935652 0.351824 0.027832
vn 0.443786 0.893180 -0.072687
vn 0.921490 0.259057 0.289388
vn 0.935652 0.351824 0.027832
vn 0.921490 0.259057 0.289388
vn 0.903688 -0.168455 0.393663
vn 0.921490 0.259057 0.289388
vn 0.443786 0.893180 -0.072687
vn 0.092332 0.994131 -0.056372
vn 0.920390 0.205092 0.332897
vn 0.903688 -0.168455 0.393663
vn 0.686886 0.255337 0.680434
vn 0.686886 0.255337 0.680434
vn 0.903688 -0.168455 0.393663
vn 0.841513 -0.231283 0.488226
vn 0.920390 0.205092 0.332897
vn 0.686886 0.255337 0.680434
vn 0.717934 0.569680 0.400044
vn 0.920390 0.205092 0.332897
vn 0.717934 0.569680 0.400044
vn 0.973083 0.179293 0.144786
vn 0.973083 0.179293 0.144786
vn 0.717934 0.569680 0.400044
vn 0.861561 0.498671 -0.095074
vn 0.717934 0.569680 0.400044
vn 0.686886 0.255337 0.680434
vn 0.824849 0.542187 0.160177
vn 0.824849 0.542187 0.160177
vn 0.686886 0.255337 0.680434
vn 0.841513 -0.231283 0.488226
vn 0.717934 0.569680 0.400044
vn 0.824849 0.542187 0.160177
vn 0.861561 0.498671 -0.095074
vn 0.841513 -0.231283 0.488226
vn 0.903688 -0.168455 0.393663
vn 0.955796 -0.230646 0.182363
vn 0.841513 -0.231283 0.488226
vn 0.955796 -0.230646 0.182363
vn 0.824849 0.542187 0.160177
vn 0.955796 -0.230646 0.182363
vn 0.903688 -0.168455 0.393663
vn 0.921490 0.259057 0.289388
vn 0.861561 0.498671 -0.095074
vn 0.824849 0.542187 0.160177
vn 0.811008 0.584536 -0.024169
vn 0.811008 0.584536 -0.024169
vn 0.824849 0.542187 0.160177
vn 0.955796 -0.230646 0.182363
vn 0.861561 0.498671 -0.095074
vn 0.811008 0.584536 -0.024169
vn 0.613657 0.746042 -0.258549
vn 0.955796 -0.230646 0.182363
vn 0.921490 0.259057 0.289388
vn 0.930084 -0.293578 0.220809
vn 0.955796 -0.230646 0.182363
vn 0.930084 -0.293578 0.220809
vn 0.811008 0.584536 -0.024169
vn 0.930084 -0.293578 0.220809
vn 0.921490 0.259057 0.289388
vn 0.958893 0.281462 -0.036091
vn 0.958893 0.281462 -0.036091
vn 0.921490 0.259057 0.289388
vn 0.092332 0.994131 -0.056372
vn 0.811008 0.584536 -0.024169
vn 0.930084 -0.293578 0.220809
vn 0.867235 0.475036 -0.149148
vn 0.811008 0.584536 -0.024169
vn 0.867235 0.475036 -0.149148
vn 0.613657 0.746042 -0.258549
vn 0.930084 -0.293578 0.220809
vn 0.958893 0.281462 -0.036091
vn 0.942919 -0.288003 -0.167209
vn 0.930084 -0.293578 0.220809
vn 0.942919 -0.288003 -0.167209
vn 0.867235 0.475036 -0.149148
vn 0.958893 0.281462 -0.036091
vn 0.092332 0.994131 -0.056372
vn 0.698559 0.673212 -0.242492
vn 0.942919 -0.288003 -0.167209
vn 0.958893 0.281462 -0.036091
vn 0.948694 -0.079159 -0.306128
vn 0.948694 -0.079159 -0.306128
vn 0.958893 0.281462 -0.036091
vn 0.698559 0.673212 -0.242492
vn 0.698559 0.673212 -0.242492
vn 0.092332 0.994131 -0.056372
vn -0.044068 0.987291 -0.152694
vn 0.867235 0.475036 -0.149148
vn 0.942919 -0.288003 -0.167209
vn 0.743487 0.362176 -0.562188
vn 0.867235 0.475036 -0.149148
vn 0.743487 0.362176 -0.562188
vn 0.613657 0.746042 -0.258549
vn 0.743487 0.362176 -0.562188
vn 0.942919 -0.288003 -0.167209
vn 0.948694 -0.079159 -0.306128
vn 0.613657 0.746042 -0.258549
vn 0.743487 0.362176 -0.562188
vn 0.756306 0.601171 -0.258058
vn 0.756306 0.601171 -0.258058
vn 0.743487 0.362176 -0.562188
vn 0.948694 -0.079159 -0.306128
vn 0.613657 0.746042 -0.258549
vn 0.756306 0.601171 -0.258058
vn 0.420727 0.857651 -0.295675
vn 0.613657 0.746042 -0.258549
vn 0.420727 0.857651 -0.295675
vn 0.520329 0.604644 -0.603046
vn 0.520329 0.604644 -0.603046
vn 0.420727 0.857651 -0.295675
vn 0.249970 0.873945 -0.416816
vn 0.420727 0.857651 -0.295675
vn 0.756306 0.601171 -0.258058
vn 0.576810 0.771450 -0.268617
vn 0.249970 0.873945 -0.416816
vn 0.420727 0.857651 -0.295675
vn 0.245430 0.862172 -0.443198
vn 0.245430 0.862172 -0.443198
vn 0.420727 0.857651 -0.295675
vn 0.576810 0.771450 -0.268617
vn 0.756306 0.601171 -0.258058
vn 0.948694 -0.079159 -0.306128
vn 0.912835 0.209910 -0.350244
vn 0.756306 0.601171 -0.258058
vn 0.912835 0.209910 -0.350244
vn 0.576810 0.771450 -0.268617
vn 0.912835 0.209910 -0.350244
vn 0.948694 -0.079159 -0.306128
vn 0.924550 -0.032540 -0.379669
vn 0.924550 -0.032540 -0.379669
vn 0.948694 -0.079159 -0.306128
vn 0.698559 0.673212 -0.242492
vn 0.576810 0.771450 -0.268617
vn 0.912835 0.209910 -0.350244
vn 0.508973 0.486021 -0.710444
vn 0.576810 0.771450 -0.268617
vn 0.508973 0.486021 -0.710444
vn 0.245430 0.862172 -0.443198
vn 0.912835 0.209910 -0.350244
vn 0.924550 -0.032540 -0.379669
vn 0.664259 0.027292 -0.747005
vn 0.912835 0.209910 -0.350244
vn 0.664259 0.027292 -0.747005
vn 0.508973 0.486021 -0.710444
vn 0.924550 -0.032540 -0.379669
vn 0.698559 0.673212 -0.242492
vn 0.500813 0.676503 -0.539936
vn 0.924550 -0.032540 -0.379669
vn 0.500813 0.676503 -0.539936
vn 0.664259 0.027292 -0.747005
vn 0.500813 0.676503 -0.539936
vn 0.698559 0.673212 -0.242492
vn -0.044068 0.987291 -0.152694
vn 0.500813 0.676503 -0.539936
vn -0.044068 0.987291 -0.152694
vn 0.477091 0.544975 -0.689482
vn 0.500813 0.676503 -0.539936
vn 0.477091 0.544975 -0.689482
vn 0.664259 0.027292 -0.747005
vn 0.508973 0.486021 -0.710444
vn 0.664259 0.027292 -0.747005
vn 0.503084 0.330212 -0.798665
vn 0.508973 0.486021 -0.710444
vn 0.503084 0.330212 -0.798665
vn 0.245430 0.862172 -0.443198
vn 0.503084 0.330212 -0.798665
vn 0.664259 0.027292 -0.747005
vn 0.477091 0.544975 -0.689482
vn 0.245430 0.862172 -0.443198
vn 0.503084 0.330212 -0.798665
vn 0.701653 0.341819 -0.625175
vn 0.701653 0.341819 -0.625175
vn 0.503084 0.330212 -0.798665
vn 0.477091 0.544975 -0.689482
vn 0.477091 0.544975 -0.689482
vn -0.044068 0.987291 -0.152694
vn -0.038674 0.966012 -0.255589
vn 0.245430 0.862172 -0.443198
vn 0.701653 0.341819 -0.625175
vn 0.296950 0.770063 -0.564646
vn 0.245430 0.862172 -0.443198
vn 0.296950 0.770063 -0.564646
vn 0.249970 0.873945 -0.416816
vn 0.249970 0.873945 -0.416816
vn 0.296950 0.770063 -0.564646
vn 0.170497 0.819763 -0.546734
vn 0.296950 0.770063 -0.564646
vn 0.701653 0.341819 -0.625175
vn 0.509971 0.335085 -0.792242
vn 0.296950 0.770063 -0.564646
vn 0.509971 0.335085 -0.792242
vn 0.170497 0.819763 -0.546734
vn 0.509971 0.335085 -0.792242
vn 0.701653 0.341819 -0.625175
vn 0.477091 0.544975 -0.689482
vn 0.477091 0.544975 -0.689482
vn -0.038674 0.966012 -0.255589
vn 0.583568 0.514038 -0.628660
vn 0.477091 0.544975 -0.689482
vn 0.583568 0.514038 -0.628660
vn 0.509971 0.335085 -0.792242
vn 0.583568 0.514038 -0.628660
vn -0.038674 0.966012 -0.255589
vn 0.253350 0.645512 -0.720506
vn 0.583568 0.514038 -0.628660
vn 0.253350 0.645512 -0.720506
vn 0.509971 0.335085 -0.792242
vn 0.170497 0.819763 -0.546734
vn 0.509971 0.335085 -0.792242
vn 0.403735 0.433542 -0.805630
vn 0.509971 0.335085 -0.792242
vn 0.253350 0.645512 -0.720506
vn 0.426683 0.594548 -0.681509
vn 0.509971 0.335085 -0.792242
vn 0.426683 0.594548 -0.681509
vn 0.403735 0.433542 -0.805630
vn 0.426683 0.594548 -0.681509
vn 0.253350 0.645512 -0.720506
vn -0.038674 0.966012 -0.255589
vn 0.170497 0.819763 -0.546734
vn 0.403735 0.433542 -0.805630
vn 0.348238 0.609698 -0.712039
vn 0.348238 0.609698 -0.712039
vn 0.403735 0.433542 -0.805630
vn 0.426683 0.594548 -0.681509
vn 0.170497 0.819763 -0.546734
vn 0.348238 0.609698 -0.712039
vn 0.065978 0.711085 -0.700004
vn 0.426683 0.594548 -0.681509
vn -0.038674 0.966012 -0.255589
vn -0.086870 0.959933 -0.266427
vn -0.086870 0.959933 -0.266427
vn -0.038674 0.966012 -0.255589
vn -0.101890 0.809626 -0.578034
vn -0.086870 0.959933 -0.266427
vn -0.101890 0.809626 -0.578034
vn -0.235315 0.884536 -0.402769
vn -0.086870 0.959933 -0.266427
vn -0.235315 0.884536 -0.402769
vn -0.242663 0.796516 -0.553784
vn 0.065978 0.711085 -0.700004
vn 0.348238 0.609698 -0.712039
vn 0.001179 0.522031 -0.852926
vn 0.065978 0.711085 -0.700004
vn 0.001179 0.522031 -0.852926
vn -0.130238 0.470404 -0.872788
vn -0.142629 0.550497 -0.822563
vn -0.242663 0.796516 -0.553784
vn -0.130238 0.470404 -0.872788
vn -0.242663 0.796516 -0.553784
vn -0.142629 0.550497 -0.822563
vn -0.086870 0.959933 -0.266427
vn -0.142629 0.550497 -0.822563
vn -0.130238 0.470404 -0.872788
vn 0.001179 0.522031 -0.852926
vn 0.001179 0.522031 -0.852926
vn 0.348238 0.609698 -0.712039
vn 0.470996 0.349753 -0.809837
vn 0.470996 0.349753 -0.809837
vn 0.348238 0.609698 -0.712039
vn 0.426683 0.594548 -0.681509
vn -0.142629 0.550497 -0.822563
vn 0.001179 0.522031 -0.852926
vn 0.162477 0.680259 -0.714737
vn 0.162477 0.680259 -0.714737
vn 0.001179 0.522031 -0.852926
vn 0.470996 0.349753 -0.809837
vn -0.142629 0.550497 -0.822563
vn 0.162477 0.680259 -0.714737
vn -0.086870 0.959933 -0.266427
vn 0.470996 0.349753 -0.809837
vn 0.426683 0.594548 -0.681509
vn 0.529076 0.590739 -0.609184
vn 0.470996 0.349753 -0.809837
vn 0.529076 0.590739 -0.609184
vn 0.162477 0.680259 -0.714737
vn 0.529076 0.590739 -0.609184
vn 0.426683 0.594548 -0.681509
vn -0.086870 0.959933 -0.266427
vn 0.529076 0.590739 -0.609184
vn -0.086870 0.959933 -0.266427
vn 0.162477 0.680259 -0.714737
s off
g SM_Dantooine_WindowVista_Bluff_A:geometry_0
usemtl initialShadingGroup
f 1//1 2//2 3//3
f 3//4 2//5 4//6
f 1//7 3//8 5//9
f 4//10 2//11 6//12
f 4//13 6//14 7//15
f 2//16 1//17 8//18
f 2//19 8//20 6//21
f 1//22 5//23 9//24
f 9//25 5//26 10//27
f 7//28 6//29 11//30
f 7//31 11//32 12//33
f 12//34 11//35 13//36
f 12//37 13//38 14//39
f 14//40 13//41 15//42
f 9//43 10//44 16//45
f 13//46 11//47 17//48
f 9//49 16//50 18//51
f 9//52 18//53 1//54
f 16//55 10//56 19//57
f 19//58 10//59 20//60
f 18//61 16//62 21//63
f 21//64 16//65 19//66
f 19//67 20//68 22//69
f 19//70 22//71 21//72
f 22//73 20//74 23//75
f 22//76 23//77 21//78
f 23//79 20//80 24//81
f 25//82 1//83 18//84
f 25//85 18//86 26//87
f 26//88 18//89 21//90
f 1//91 25//92 8//93
f 25//94 26//95 27//96
f 27//97 26//98 21//99
f 25//100 27//101 8//102
f 28//103 23//104 24//105
f 28//106 24//107 29//108
f 30//109 21//110 23//111
f 30//112 23//113 28//114
f 27//115 21//116 31//117
f 31//118 21//119 30//120
f 32//121 8//122 27//123
f 32//124 27//125 31//126
f 28//127 29//128 33//129
f 33//130 29//131 34//132
f 30//133 28//134 35//135
f 35//136 28//137 33//138
f 30//139 35//140 31//141
f 33//142 34//143 36//144
f 33//145 36//146 35//147
f 36//148 34//149 37//150
f 36//151 37//152 38//153
f 35//154 36//155 39//156
f 39//157 36//158 38//159
f 31//160 35//161 40//162
f 35//163 39//164 41//165
f 35//166 41//167 40//168
f 41//169 39//170 42//171
f 42//172 39//173 38//174
f 40//175 41//176 43//177
f 41//178 42//179 44//180
f 41//181 44//182 43//183
f 31//184 40//185 45//186
f 45//187 40//188 46//189
f 46//190 40//191 43//192
f 31//193 45//194 32//195
f 45//196 46//197 47//198
f 45//199 47//200 32//201
f 47//202 46//203 43//204
f 32//205 47//206 48//207
f 47//208 43//209 49//210
f 50//211 43//212 44//213
f 43//214 50//215 49//216
f 47//217 49//218 51//219
f 47//220 51//221 48//222
f 51//223 49//224 52//225
f 51//226 52//227 48//228
f 53//229 32//230 48//231
f 32//232 53//233 8//234
f 8//235 53//236 54//237
f 8//238 54//239 6//240
f 53//241 48//242 55//243
f 53//244 55//245 54//246
f 55//247 48//248 56//249
f 56//250 48//251 52//252
f 6//253 54//254 57//255
f 6//256 57//257 11//258
f 11//259 57//260 17//261
f 55//262 56//263 58//264
f 54//265 55//266 59//267
f 59//268 55//269 58//270
f 58//271 56//272 60//273
f 60//274 56//275 52//276
f 61//277 57//278 54//279
f 61//280 54//281 59//282
f 62//283 17//284 57//285
f 62//286 57//287 61//288
f 17//289 62//290 63//291
f 61//292 59//293 64//294
f 65//295 59//296 58//297
f 59//298 65//299 64//300
f 62//301 61//302 66//303
f 66//304 61//305 64//306
f 62//307 66//308 67//309
f 62//310 67//311 63//312
f 66//313 64//314 68//315
f 69//316 17//317 63//318
f 17//319 69//320 13//321
f 13//322 69//323 15//324
f 69//325 63//326 70//327
f 66//328 68//329 71//330
f 66//331 71//332 67//333
f 68//334 64//335 72//336
f 72//337 64//338 65//339
f 71//340 68//341 73//342
f 68//343 72//344 74//345
f 68//346 74//347 73//348
f 72//349 65//350 75//351
f 74//352 72//353 76//354
f 76//355 72//356 75//357
f 74//358 76//359 77//360
f 74//361 77//362 73//363
f 76//364 75//365 78//366
f 77//367 76//368 79//369
f 79//370 76//371 78//372
f 73//373 77//374 80//375
f 80//376 77//377 79//378
f 79//379 78//380 81//381
f 81//382 78//383 75//384
f 81//385 75//386 82//387
f 82//388 75//389 65//390
f 81//391 82//392 83//393
f 82//394 65//395 84//396
f 82//397 84//398 83//399
f 84//400 65//401 58//402
f 84//403 58//404 60//405
f 85//406 79//407 81//408
f 85//409 81//410 83//411
f 79//412 85//413 86//414
f 79//415 86//416 80//417
f 85//418 83//419 87//420
f 85//421 87//422 86//423
f 88//424 83//425 84//426
f 88//427 84//428 60//429
f 87//430 83//431 89//432
f 89//433 83//434 88//435
f 89//436 88//437 90//438
f 89//439 90//440 87//441
f 90//442 88//443 60//444
f 91//445 86//446 87//447
f 91//448 87//449 90//450
f 86//451 91//452 80//453
f 91//454 90//455 92//456
f 91//457 92//458 80//459
f 90//460 60//461 93//462
f 90//463 93//464 92//465
f 93//466 60//467 94//468
f 94//469 60//470 52//471
f 92//472 93//473 95//474
f 80//475 92//476 96//477
f 96//478 92//479 95//480
f 94//481 52//482 97//483
f 97//484 52//485 49//486
f 93//487 94//488 98//489
f 95//490 93//491 99//492
f 99//493 93//494 98//495
f 98//496 94//497 100//498
f 100//499 94//500 97//501
f 98//502 100//503 101//504
f 98//505 101//506 99//507
f 100//508 97//509 102//510
f 100//511 102//512 101//513
f 103//514 97//515 49//516
f 97//517 103//518 102//519
f 103//520 49//521 50//522
f 103//523 50//524 104//525
f 103//526 104//527 102//528
f 104//529 50//530 44//531
f 104//532 44//533 105//534
f 104//535 105//536 102//537
f 105//538 44//539 42//540
f 105//541 42//542 106//543
f 106//544 42//545 38//546
f 102//547 105//548 107//549
f 107//550 105//551 106//552
f 102//553 107//554 108//555
f 102//556 108//557 101//558
f 107//559 106//560 109//561
f 109//562 106//563 38//564
f 107//565 109//566 110//567
f 107//568 110//569 108//570
f 109//571 38//572 111//573
f 111//574 38//575 37//576
f 111//577 37//578 112//579
f 109//580 111//581 113//582
f 109//583 113//584 110//585
f 111//586 112//587 114//588
f 111//589 114//590 113//591
f 114//592 112//593 115//594
f 110//595 113//596 116//597
f 110//598 116//599 108//600
f 113//601 114//602 117//603
f 117//604 114//605 115//606
f 113//607 117//608 116//609
f 117//610 115//611 118//612
f 118//613 115//614 119//615
f 117//616 118//617 120//618
f 120//619 118//620 119//621
f 117//622 120//623 121//624
f 116//625 117//626 122//627
f 122//628 117//629 121//630
f 116//631 122//632 123//633
f 116//634 123//635 108//636
f 123//637 122//638 124//639
f 124//640 122//641 121//642
f 108//643 123//644 125//645
f 108//646 125//647 101//648
f 123//649 124//650 126//651
f 123//652 126//653 125//654
f 101//655 125//656 127//657
f 101//658 127//659 99//660
f 127//661 125//662 128//663
f 127//664 128//665 99//666
f 128//667 125//668 126//669
f 99//670 128//671 129//672
f 130//673 126//674 124//675
f 99//676 129//677 131//678
f 99//679 131//680 95//681
f 129//682 128//683 132//684
f 129//685 132//686 131//687
f 95//688 131//689 96//690
f 132//691 128//692 133//693
f 133//694 128//695 126//696
f 131//697 132//698 134//699
f 131//700 134//701 96//702
f 132//703 133//704 135//705
f 132//706 135//707 134//708
f 133//709 126//710 136//711
f 133//712 136//713 135//714
f 136//715 126//716 130//717
f 134//718 135//719 137//720
f 137//721 135//722 136//723
f 134//724 137//725 96//726
f 137//727 136//728 130//729
f 137//730 130//731 138//732
f 137//733 138//734 96//735
f 138//736 130//737 139//738
f 96//739 138//740 140//741
f 138//742 139//743 141//744
f 138//745 141//746 140//747
f 141//748 139//749 142//750
f 141//751 142//752 140//753
f 139//754 130//755 143//756
f 143//757 130//758 124//759
f 143//760 124//761 121//762
f 139//763 143//764 144//765
f 144//766 143//767 121//768
f 139//769 144//770 142//771
f 144//772 121//773 145//774
f 145//775 121//776 120//777
f 142//778 144//779 146//780
f 146//781 144//782 145//783
f 142//784 146//785 140//786
f 140//787 146//788 147//789
f 147//790 146//791 148//792
f 148//793 146//794 145//795
f 140//796 147//797 149//798
f 147//799 148//800 150//801
f 147//802 150//803 149//804
f 148//805 145//806 151//807
f 140//808 149//809 152//810
f 140//811 152//812 96//813
f 153//814 145//815 120//816
f 153//817 120//818 119//819
f 145//820 153//821 154//822
f 145//823 154//824 151//825
f 153//826 119//827 155//828
f 155//829 119//830 156//831
f 155//832 156//833 157//834
f 153//835 155//836 158//837
f 153//838 158//839 154//840
f 158//841 155//842 157//843
f 158//844 157//845 159//846
f 159//847 157//848 160//849
f 158//850 159//851 161//852
f 161//853 159//854 160//855
f 154//856 158//857 162//858
f 154//859 162//860 151//861
f 162//862 158//863 161//864
f 161//865 160//866 163//867
f 163//868 160//869 164//870
f 163//871 164//872 165//873
f 161//874 163//875 166//876
f 162//877 161//878 167//879
f 167//880 161//881 166//882
f 168//883 151//884 162//885
f 168//886 162//887 167//888
f 151//889 168//890 169//891
f 151//892 169//893 148//894
f 148//895 169//896 150//897
f 169//898 168//899 170//900
f 170//901 168//902 167//903
f 150//904 169//905 171//906
f 171//907 169//908 170//909
f 150//910 171//911 172//912
f 170//913 167//914 173//915
f 171//916 170//917 174//918
f 174//919 170//920 173//921
f 171//922 174//923 175//924
f 171//925 175//926 172//927
f 174//928 173//929 176//930
f 175//931 174//932 177//933
f 177//934 174//935 176//936
f 178//937 173//938 167//939
f 173//940 178//941 176//942
f 178//943 167//944 179//945
f 179//946 167//947 166//948
f 176//949 178//950 180//951
f 180//952 178//953 181//954
f 176//955 180//956 182//957
f 182//958 180//959 181//960
f 178//961 179//962 183//963
f 178//964 183//965 181//966
f 179//967 166//968 184//969
f 179//970 184//971 183//972
f 184//973 166//974 185//975
f 185//976 166//977 163//978
f 183//979 184//980 186//981
f 181//982 183//983 187//984
f 187//985 183//986 186//987
f 186//988 184//989 188//990
f 188//991 184//992 185//993
f 187//994 186//995 189//996
f 187//997 189//998 190//999
f 181//1000 187//1001 191//1002
f 191//1003 187//1004 190//1005
f 190//1006 189//1007 192//1008
f 190//1009 192//1010 191//1011
f 189//1012 186//1013 193//1014
f 189//1015 193//1016 192//1017
f 181//1018 191//1019 194//1020
f 181//1021 194//1022 182//1023
f 191//1024 192//1025 195//1026
f 191//1027 195//1028 194//1029
f 194//1030 195//1031 196//1032
f 194//1033 196//1034 182//1035
f 195//1036 192//1037 197//1038
f 197//1039 192//1040 193//1041
f 196//1042 195//1043 198//1044
f 196//1045 198//1046 182//1047
f 198//1048 195//1049 197//1050
f 198//1051 197//1052 199//1053
f 199//1054 197//1055 193//1056
f 182//1057 198//1058 200//1059
f 200//1060 198//1061 199//1062
f 182//1063 200//1064 201//1065
f 182//1066 201//1067 176//1068
f 200//1069 199//1070 202//1071
f 176//1072 201//1073 177//1074
f 200//1075 202//1076 203//1077
f 200//1078 203//1079 201//1080
f 202//1081 199//1082 204//1083
f 204//1084 199//1085 193//1086
f 203//1087 202//1088 205//1089
f 205//1090 202//1091 204//1092
f 203//1093 205//1094 206//1095
f 203//1096 206//1097 207//1098
f 203//1099 207//1100 201//1101
f 206//1102 205//1103 208//1104
f 204//1105 193//1106 209//1107
f 205//1108 204//1109 210//1110
f 205//1111 210//1112 208//1113
f 209//1114 193//1115 211//1116
f 211//1117 193//1118 186//1119
f 204//1120 209//1121 212//1122
f 212//1123 209//1124 211//1125
f 211//1126 186//1127 188//1128
f 204//1129 212//1130 213//1131
f 204//1132 213//1133 210//1134
f 212//1135 211//1136 214//1137
f 214//1138 211//1139 188//1140
f 212//1141 214//1142 213//1143
f 210//1144 213//1145 215//1146
f 210//1147 215//1148 208//1149
f 213//1150 214//1151 216//1152
f 214//1153 188//1154 217//1155
f 214//1156 217//1157 216//1158
f 217//1159 188//1160 218//1161
f 216//1162 217//1163 219//1164
f 219//1165 217//1166 218//1167
f 213//1168 216//1169 220//1170
f 213//1171 220//1172 215//1173
f 216//1174 219//1175 221//1176
f 216//1177 221//1178 220//1179
f 218//1180 188//1181 185//1182
f 219//1183 218//1184 222//1185
f 219//1186 222//1187 221//1188
f 218//1189 185//1190 223//1191
f 220//1192 221//1193 224//1194
f 218//1195 223//1196 225//1197
f 218//1198 225//1199 222//1200
f 223//1201 185//1202 226//1203
f 223//1204 226//1205 225//1206
f 226//1207 185//1208 227//1209
f 227//1210 185//1211 163//1212
f 227//1213 163//1214 165//1215
f 226//1216 227//1217 228//1218
f 226//1219 228//1220 225//1221
f 227//1222 165//1223 229//1224
f 227//1225 229//1226 228//1227
f 229//1228 165//1229 230//1230
f 229//1231 230//1232 231//1233
f 231//1234 230//1235 232//1236
f 229//1237 231//1238 233//1239
f 233//1240 231//1241 232//1242
f 229//1243 233//1244 228//1245
f 232//1246 230//1247 234//1248
f 235//1249 225//1250 228//1251
f 235//1252 228//1253 233//1254
f 225//1255 235//1256 222//1257
f 233//1258 232//1259 236//1260
f 236//1261 232//1262 234//1263
f 235//1264 233//1265 237//1266
f 222//1267 235//1268 238//1269
f 238//1270 235//1271 237//1272
f 222//1273 238//1274 239//1275
f 222//1276 239//1277 221//1278
f 238//1279 237//1280 240//1281
f 238//1282 240//1283 239//1284
f 237//1285 233//1286 241//1287
f 241//1288 233//1289 236//1290
f 237//1291 241//1292 240//1293
f 221//1294 239//1295 242//1296
f 242//1297 239//1298 240//1299
f 221//1300 242//1301 224//1302
f 241//1303 236//1304 243//1305
f 243//1306 236//1307 234//1308
f 241//1309 243//1310 244//1311
f 241//1312 244//1313 240//1314
f 243//1315 234//1316 245//1317
f 243//1318 245//1319 244//1320
f 245//1321 234//1322 246//1323
f 246//1324 234//1325 247//1326
f 244//1327 245//1328 248//1329
f 248//1330 245//1331 246//1332
f 244//1333 248//1334 240//1335
f 246//1336 247//1337 249//1338
f 246//1339 249//1340 248//1341
f 240//1342 248//1343 250//1344
f 250//1345 248//1346 249//1347
f 251//1348 242//1349 240//1350
f 251//1351 240//1352 250//1353
f 242//1354 251//1355 224//1356
f 249//1357 247//1358 252//1359
f 252//1360 247//1361 253//1362
f 249//1363 252//1364 254//1365
f 252//1366 253//1367 255//1368
f 252//1369 255//1370 254//1371
f 255//1372 253//1373 256//1374
f 255//1375 256//1376 257//1377
f 249//1378 254//1379 258//1380
f 258//1381 254//1382 255//1383
f 249//1384 258//1385 250//1386
f 255//1387 257//1388 259//1389
f 255//1390 259//1391 258//1392
f 250//1393 258//1394 260//1395
f 260//1396 258//1397 259//1398
f 250//1399 260//1400 251//1401
f 259//1402 257//1403 261//1404
f 259//1405 261//1406 260//1407
f 260//1408 261//1409 251//1410
f 261//1411 257//1412 262//1413
f 251//1414 261//1415 263//1416
f 251//1417 263//1418 224//1419
f 261//1420 262//1421 264//1422
f 261//1423 264//1424 263//1425
f 264//1426 262//1427 265//1428
f 265//1429 262//1430 266//1431
f 263//1432 264//1433 267//1434
f 224//1435 263//1436 268//1437
f 268//1438 263//1439 267//1440
f 267//1441 264//1442 269//1443
f 269//1444 264//1445 265//1446
f 268//1447 267//1448 270//1449
f 270//1450 267//1451 269//1452
f 224//1453 268//1454 271//1455
f 224//1456 271//1457 220//1458
f 220//1459 271//1460 215//1461
f 271//1462 268//1463 272//1464
f 272//1465 268//1466 270//1467
f 215//1468 271//1469 273//1470
f 215//1471 273//1472 208//1473
f 271//1474 272//1475 274//1476
f 208//1477 273//1478 275//1479
f 208//1480 275//1481 206//1482
f 273//1483 271//1484 276//1485
f 276//1486 271//1487 274//1488
f 273//1489 276//1490 275//1491
f 206//1492 275//1493 207//1494
f 207//1495 275//1496 276//1497
f 276//1498 274//1499 277//1500
f 276//1501 277//1502 207//1503
f 278//1504 274//1505 272//1506
f 274//1507 278//1508 277//1509
f 278//1510 272//1511 279//1512
f 279//1513 272//1514 270//1515
f 277//1516 278//1517 280//1518
f 277//1519 280//1520 207//1521
f 280//1522 278//1523 279//1524
f 279//1525 270//1526 281//1527
f 279//1528 281//1529 280//1530
f 281//1531 270//1532 282//1533
f 280//1534 281//1535 283//1536
f 280//1537 283//1538 207//1539
f 283//1540 281//1541 282//1542
f 282//1543 270//1544 269//1545
f 207//1546 283//1547 284//1548
f 283//1549 282//1550 285//1551
f 283//1552 285//1553 284//1554
f 282//1555 269//1556 286//1557
f 282//1558 286//1559 285//1560
f 207//1561 284//1562 201//1563
f 286//1564 269//1565 287//1566
f 285//1567 286//1568 288//1569
f 288//1570 286//1571 287//1572
f 285//1573 288//1574 289//1575
f 287//1576 269//1577 290//1578
f 290//1579 269//1580 265//1581
f 288//1582 287//1583 291//1584
f 288//1585 291//1586 289//1587
f 287//1588 290//1589 292//1590
f 290//1591 265//1592 293//1593
f 290//1594 293//1595 292//1596
f 291//1597 287//1598 294//1599
f 294//1600 287//1601 292//1602
f 291//1603 294//1604 295//1605
f 294//1606 292//1607 296//1608
f 294//1609 296//1610 295//1611
f 292//1612 293//1613 297//1614
f 292//1615 297//1616 296//1617
f 298//1618 293//1619 265//1620
f 293//1621 298//1622 297//1623
f 291//1624 295//1625 299//1626
f 291//1627 299//1628 289//1629
f 295//1630 296//1631 300//1632
f 295//1633 300//1634 299//1635
f 296//1636 297//1637 301//1638
f 301//1639 297//1640 298//1641
f 296//1642 301//1643 300//1644
f 299//1645 300//1646 302//1647
f 299//1648 302//1649 289//1650
f 303//1651 298//1652 265//1653
f 303//1654 265//1655 266//1656
f 303//1657 266//1658 304//1659
f 298//1660 303//1661 305//1662
f 305//1663 303//1664 304//1665
f 298//1666 305//1667 301//1668
f 305//1669 304//1670 306//1671
f 305//1672 306//1673 301//1674
f 301//1675 306//1676 307//1677
f 301//1678 307//1679 308//1680
f 301//1681 308//1682 300//1683
f 300//1684 308//1685 302//1686
f 308//1687 307//1688 309//1689
f 302//1690 308//1691 310//1692
f 310//1693 308//1694 309//1695
f 302//1696 310//1697 311//1698
f 311//1699 310//1700 312//1701
f 312//1702 310//1703 309//1704
f 302//1705 311//1706 313//1707
f 302//1708 313//1709 289//1710
f 311//1711 312//1712 314//1713
f 311//1714 314//1715 313//1716
f 312//1717 309//1718 315//1719
f 312//1720 315//1721 314//1722
f 289//1723 313//1724 316//1725
f 316//1726 313//1727 314//1728
f 314//1729 315//1730 317//1731
f 315//1732 309//1733 318//1734
f 318//1735 309//1736 319//1737
f 319//1738 309//1739 320//1740
f 319//1741 320//1742 321//1743
f 319//1744 321//1745 318//1746
f 321//1747 320//1748 322//1749
f 315//1750 318//1751 323//1752
f 315//1753 323//1754 317//1755
f 321//1756 322//1757 324//1758
f 323//1759 318//1760 325//1761
f 317//1762 323//1763 326//1764
f 326//1765 323//1766 325//1767
f 317//1768 326//1769 327//1770
f 327//1771 326//1772 325//1773
f 317//1774 327//1775 328//1776
f 329//1777 314//1778 317//1779
f 329//1780 317//1781 328//1782
f 314//1783 329//1784 330//1785
f 314//1786 330//1787 316//1788
f 330//1789 329//1790 331//1791
f 331//1792 329//1793 332//1794
f 330//1795 331//1796 333//1797
f 330//1798 333//1799 316//1800
f 331//1801 332//1802 334//1803
f 332//1804 329//1805 335//1806
f 335//1807 329//1808 328//1809
f 332//1810 335//1811 334//1812
f 333//1813 331//1814 336//1815
f 336//1816 331//1817 334//1818
f 316//1819 333//1820 337//1821
f 333//1822 336//1823 338//1824
f 333//1825 338//1826 337//1827
f 336//1828 334//1829 339//1830
f 336//1831 339//1832 338//1833
f 339//1834 334//1835 340//1836
f 341//1837 334//1838 335//1839
f 341//1840 335//1841 342//1842
f 342//1843 335//1844 328//1845
f 334//1846 341//1847 343//1848
f 334//1849 343//1850 340//1851
f 341//1852 342//1853 344//1854
f 341//1855 344//1856 343//1857
f 344//1858 342//1859 345//1860
f 343//1861 344//1862 346//1863
f 346//1864 344//1865 345//1866
f 345//1867 342//1868 347//1869
f 343//1870 346//1871 348//1872
f 347//1873 342//1874 349//1875
f 349//1876 342//1877 328//1878
f 345//1879 347//1880 350//1881
f 350//1882 347//1883 349//1884
f 343//1885 348//1886 351//1887
f 343//1888 351//1889 340//1890
f 348//1891 346//1892 352//1893
f 351//1894 348//1895 353//1896
f 353//1897 348//1898 352//1899
f 352//1900 346//1901 354//1902
f 354//1903 346//1904 345//1905
f 353//1906 352//1907 355//1908
f 355//1909 352//1910 354//1911
f 351//1912 353//1913 356//1914
f 351//1915 356//1916 340//1917
f 356//1918 353//1919 355//1920
f 354//1921 345//1922 357//1923
f 354//1924 357//1925 355//1926
f 357//1927 345//1928 350//1929
f 340//1930 356//1931 358//1932
f 340//1933 358//1934 359//1935
f 340//1936 359//1937 339//1938
f 358//1939 356//1940 360//1941
f 358//1942 360//1943 359//1944
f 360//1945 356//1946 355//1947
f 339//1948 359//1949 361//1950
f 361//1951 359//1952 360//1953
f 339//1954 361//1955 338//1956
f 360//1957 355//1958 362//1959
f 360//1960 362//1961 361//1962
f 338//1963 361//1964 363//1965
f 363//1966 361//1967 362//1968
f 338//1969 363//1970 364//1971
f 363//1972 362//1973 365//1974
f 363//1975 365//1976 364//1977
f 338//1978 364//1979 366//1980
f 338//1981 366//1982 337//1983
f 364//1984 365//1985 367//1986
f 365//1987 362//1988 368//1989
f 365//1990 368//1991 367//1992
f 368//1993 362//1994 369//1995
f 369//1996 362//1997 355//1998
f 367//1999 368//2000 370//2001
f 370//2002 368//2003 369//2004
f 364//2005 367//2006 371//2007
f 371//2008 367//2009 370//2010
f 364//2011 371//2012 366//2013
f 370//2014 369//2015 372//2016
f 370//2017 372//2018 371//2019
f 369//2020 355//2021 373//2022
f 373//2023 355//2024 357//2025
f 372//2026 369//2027 374//2028
f 372//2029 374//2030 371//2031
f 374//2032 369//2033 375//2034
f 375//2035 369//2036 373//2037
f 371//2038 374//2039 376//2040
f 377//2041 366//2042 371//2043
f 377//2044 371//2045 376//2046
f 366//2047 377//2048 337//2049
f 376//2050 374//2051 378//2052
f 378//2053 374//2054 375//2055
f 377//2056 376//2057 379//2058
f 376//2059 378//2060 380//2061
f 376//2062 380//2063 379//2064
f 377//2065 379//2066 381//2067
f 377//2068 381//2069 337//2070
f 381//2071 379//2072 382//2073
f 378//2074 375//2075 383//2076
f 383//2077 375//2078 384//2079
f 384//2080 375//2081 373//2082
f 378//2083 383//2084 385//2085
f 378//2086 385//2087 380//2088
f 385//2089 383//2090 386//2091
f 386//2092 383//2093 384//2094
f 380//2095 385//2096 387//2097
f 385//2098 386//2099 388//2100
f 385//2101 388//2102 387//2103
f 388//2104 386//2105 389//2106
f 389//2107 386//2108 384//2109
f 387//2110 388//2111 390//2112
f 388//2113 389//2114 391//2115
f 388//2116 391//2117 390//2118
f 389//2119 384//2120 392//2121
f 389//2122 392//2123 391//2124
f 390//2125 391//2126 393//2127
f 393//2128 391//2129 392//2130
f 387//2131 390//2132 394//2133
f 394//2134 390//2135 393//2136
f 395//2137 380//2138 387//2139
f 395//2140 387//2141 394//2142
f 380//2143 395//2144 396//2145
f 380//2146 396//2147 379//2148
f 395//2149 394//2150 397//2151
f 395//2152 397//2153 396//2154
f 394//2155 393//2156 398//2157
f 379//2158 396//2159 382//2160
f 394//2161 398//2162 399//2163
f 394//2164 399//2165 397//2166
f 398//2167 393//2168 400//2169
f 400//2170 393//2171 392//2172
f 398//2173 400//2174 401//2175
f 399//2176 398//2177 402//2178
f 402//2179 398//2180 401//2181
f 397//2182 399//2183 403//2184
f 403//2185 399//2186 402//2187
f 400//2188 392//2189 404//2190
f 404//2191 392//2192 384//2193
f 401//2194 400//2195 405//2196
f 405//2197 400//2198 404//2199
f 401//2200 405//2201 402//2202
f 404//2203 384//2204 373//2205
f 397//2206 403//2207 406//2208
f 403//2209 402//2210 407//2211
f 403//2212 407//2213 406//2214
f 402//2215 405//2216 408//2217
f 402//2218 408//2219 409//2220
f 402//2221 409//2222 407//2223
f 408//2224 405//2225 410//2226
f 410//2227 405//2228 404//2229
f 408//2230 410//2231 411//2232
f 408//2233 411//2234 409//2235
f 410//2236 404//2237 412//2238
f 410//2239 412//2240 411//2241
f 412//2242 404//2243 413//2244
f 411//2245 412//2246 414//2247
f 411//2248 414//2249 409//2250
f 414//2251 412//2252 413//2253
f 409//2254 414//2255 415//2256
f 415//2257 414//2258 413//2259
f 409//2260 415//2261 416//2262
f 409//2263 416//2264 407//2265
f 417//2266 413//2267 404//2268
f 416//2269 415//2270 418//2271
f 417//2272 404//2273 373//2274
f 413//2275 417//2276 419//2277
f 415//2278 413//2279 420//2280
f 420//2281 413//2282 419//2283
f 415//2284 420//2285 418//2286
f 419//2287 417//2288 421//2289
f 419//2290 421//2291 420//2292
f 417//2293 373//2294 422//2295
f 417//2296 422//2297 421//2298
f 420//2299 421//2300 423//2301
f 420//2302 423//2303 418//2304
f 421//2305 422//2306 424//2307
f 421//2308 424//2309 423//2310
f 422//2311 373//2312 425//2313
f 424//2314 422//2315 426//2316
f 426//2317 422//2318 425//2319
f 424//2320 426//2321 427//2322
f 427//2323 426//2324 425//2325
f 423//2326 424//2327 428//2328
f 423//2329 428//2330 418//2331
f 424//2332 427//2333 429//2334
f 424//2335 429//2336 428//2337
f 430//2338 425//2339 373//2340
f 430//2341 373//2342 357//2343
f 430//2344 357//2345 350//2346
f 430//2347 350//2348 431//2349
f 431//2350 350//2351 432//2352
f 432//2353 350//2354 349//2355
f 430//2356 431//2357 433//2358
f 430//2359 433//2360 425//2361
f 425//2362 433//2363 434//2364
f 433//2365 431//2366 435//2367
f 434//2368 433//2369 436//2370
f 436//2371 433//2372 435//2373
f 425//2374 434//2375 437//2376
f 437//2377 434//2378 436//2379
f 435//2380 431//2381 438//2382
f 438//2383 431//2384 432//2385
f 436//2386 435//2387 439//2388
f 439//2389 435//2390 438//2391
f 440//2392 432//2393 349//2394
f 440//2395 349//2396 328//2397
f 438//2398 432//2399 441//2400
f 432//2401 440//2402 442//2403
f 432//2404 442//2405 441//2406
f 442//2407 440//2408 443//2409
f 442//2410 443//2411 441//2412
f 443//2413 440//2414 444//2415
f 440//2416 328//2417 445//2418
f 440//2419 445//2420 444//2421
f 445//2422 328//2423 446//2424
f 446//2425 328//2426 327//2427
f 444//2428 445//2429 447//2430
f 446//2431 327//2432 448//2433
f 445//2434 446//2435 449//2436
f 445//2437 449//2438 447//2439
f 449//2440 446//2441 448//2442
f 448//2443 327//2444 325//2445
f 447//2446 449//2447 450//2448
f 447//2449 450//2450 444//2451
f 449//2452 448//2453 451//2454
f 451//2455 448//2456 325//2457
f 449//2458 451//2459 450//2460
f 451//2461 325//2462 452//2463
f 450//2464 451//2465 453//2466
f 453//2467 451//2468 452//2469
f 444//2470 450//2471 454//2472
f 454//2473 450//2474 453//2475
f 444//2476 454//2477 455//2478
f 444//2479 455//2480 443//2481
f 454//2482 453//2483 456//2484
f 454//2485 456//2486 455//2487
f 443//2488 455//2489 457//2490
f 443//2491 457//2492 441//2493
f 455//2494 456//2495 458//2496
f 455//2497 458//2498 459//2499
f 455//2500 459//2501 457//2502
f 458//2503 456//2504 460//2505
f 457//2506 459//2507 461//2508
f 457//2509 461//2510 462//2511
f 441//2512 457//2513 463//2514
f 463//2515 457//2516 462//2517
f 460//2518 456//2519 464//2520
f 460//2521 464//2522 465//2523
f 464//2524 456//2525 466//2526
f 466//2527 456//2528 453//2529
f 465//2530 464//2531 467//2532
f 466//2533 453//2534 468//2535
f 468//2536 453//2537 452//2538
f 464//2539 466//2540 469//2541
f 464//2542 469//2543 467//2544
f 468//2545 452//2546 470//2547
f 470//2548 452//2549 325//2550
f 470//2551 325//2552 318//2553
f 470//2554 318//2555 321//2556
f 470//2557 321//2558 468//2559
f 471//2560 466//2561 468//2562
f 471//2563 468//2564 321//2565
f 472//2566 469//2567 466//2568
f 472//2569 466//2570 471//2571
f 469//2572 472//2573 473//2574
f 469//2575 473//2576 467//2577
f 472//2578 471//2579 474//2580
f 472//2581 474//2582 473//2583
f 471//2584 321//2585 475//2586
f 471//2587 475//2588 474//2589
f 475//2590 321//2591 324//2592
f 475//2593 324//2594 476//2595
f 475//2596 476//2597 474//2598
f 476//2599 324//2600 477//2601
f 476//2602 477//2603 478//2604
f 474//2605 476//2606 479//2607
f 474//2608 479//2609 473//2610
f 476//2611 478//2612 480//2613
f 476//2614 480//2615 479//2616
f 479//2617 480//2618 473//2619
f 480//2620 478//2621 481//2622
f 473//2623 480//2624 482//2625
f 473//2626 482//2627 467//2628
f 480//2629 481//2630 483//2631
f 480//2632 483//2633 482//2634
f 482//2635 483//2636 467//2637
f 483//2638 481//2639 484//2640
f 467//2641 483//2642 465//2643
f 465//2644 483//2645 484//2646
f 485//2647 486//2648 487//2649
f 486//2650 485//2651 71//2652
f 486//2653 71//2654 73//2655
f 71//2656 485//2657 67//2658
f 486//2659 73//2660 488//2661
f 486//2662 488//2663 487//2664
f 488//2665 73//2666 80//2667
f 488//2668 80//2669 96//2670
f 67//2671 485//2672 489//2673
f 489//2674 485//2675 487//2676
f 67//2677 489//2678 490//2679
f 67//2680 490//2681 63//2682
f 489//2683 487//2684 491//2685
f 491//2686 487//2687 488//2688
f 490//2689 489//2690 492//2691
f 492//2692 489//2693 491//2694
f 63//2695 490//2696 493//2697
f 493//2698 490//2699 492//2700
f 63//2701 493//2702 70//2703
f 492//2704 491//2705 494//2706
f 492//2707 494//2708 493//2709
f 494//2710 491//2711 495//2712
f 493//2713 494//2714 496//2715
f 496//2716 494//2717 495//2718
f 493//2719 496//2720 497//2721
f 493//2722 497//2723 70//2724
f 496//2725 495//2726 498//2727
f 496//2728 498//2729 497//2730
f 495//2731 491//2732 499//2733
f 499//2734 491//2735 488//2736
f 498//2737 495//2738 500//2739
f 500//2740 495//2741 499//2742
f 497//2743 498//2744 501//2745
f 501//2746 498//2747 500//2748
f 497//2749 501//2750 502//2751
f 497//2752 502//2753 70//2754
f 501//2755 500//2756 503//2757
f 500//2758 499//2759 504//2760
f 500//2761 504//2762 503//2763
f 501//2764 503//2765 505//2766
f 505//2767 503//2768 504//2769
f 501//2770 505//2771 502//2772
f 504//2773 499//2774 506//2775
f 506//2776 499//2777 488//2778
f 505//2779 504//2780 507//2781
f 507//2782 504//2783 506//2784
f 502//2785 505//2786 508//2787
f 508//2788 505//2789 507//2790
f 507//2791 506//2792 509//2793
f 507//2794 509//2795 508//2796
f 509//2797 506//2798 510//2799
f 510//2800 506//2801 488//2802
f 508//2803 509//2804 511//2805
f 502//2806 508//2807 512//2808
f 512//2809 508//2810 511//2811
f 502//2812 512//2813 70//2814
f 509//2815 510//2816 513//2817
f 509//2818 513//2819 511//2820
f 513//2821 510//2822 514//2823
f 511//2824 513//2825 515//2826
f 513//2827 514//2828 516//2829
f 515//2830 513//2831 517//2832
f 517//2833 513//2834 516//2835
f 516//2836 514//2837 518//2838
f 518//2839 514//2840 510//2841
f 511//2842 515//2843 519//2844
f 516//2845 518//2846 520//2847
f 516//2848 520//2849 521//2850
f 516//2851 521//2852 517//2853
f 515//2854 517//2855 522//2856
f 515//2857 522//2858 519//2859
f 511//2860 519//2861 523//2862
f 511//2863 523//2864 512//2865
f 519//2866 522//2867 524//2868
f 523//2869 519//2870 525//2871
f 525//2872 519//2873 524//2874
f 523//2875 525//2876 526//2877
f 523//2878 526//2879 512//2880
f 526//2881 525//2882 527//2883
f 528//2884 522//2885 517//2886
f 512//2887 526//2888 529//2889
f 526//2890 527//2891 530//2892
f 526//2893 530//2894 529//2895
f 527//2896 525//2897 531//2898
f 531//2899 525//2900 524//2901
f 512//2902 529//2903 532//2904
f 512//2905 532//2906 70//2907
f 70//2908 532//2909 533//2910
f 70//2911 533//2912 69//2913
f 532//2914 529//2915 534//2916
f 532//2917 534//2918 533//2919
f 69//2920 533//2921 535//2922
f 535//2923 533//2924 534//2925
f 69//2926 535//2927 15//2928
f 534//2929 529//2930 536//2931
f 536//2932 529//2933 530//2934
f 535//2935 534//2936 537//2937
f 535//2938 537//2939 15//2940
f 537//2941 534//2942 536//2943
f 536//2944 530//2945 538//2946
f 536//2947 538//2948 537//2949
f 15//2950 537//2951 539//2952
f 539//2953 537//2954 538//2955
f 15//2956 539//2957 540//2958
f 15//2959 540//2960 14//2961
f 539//2962 538//2963 541//2964
f 539//2965 541//2966 540//2967
f 541//2968 538//2969 542//2970
f 541//2971 542//2972 540//2973
f 542//2974 538//2975 530//2976
f 540//2977 542//2978 543//2979
f 542//2980 530//2981 544//2982
f 542//2983 544//2984 543//2985
f 544//2986 530//2987 527//2988
f 543//2989 544//2990 545//2991
f 544//2992 527//2993 546//2994
f 544//2995 546//2996 545//2997
f 546//2998 527//2999 531//3000
f 545//3001 546//3002 547//3003
f 546//3004 531//3005 548//3006
f 546//3007 548//3008 547//3009
f 547//3010 548//3011 549//3012
f 548//3013 531//3014 524//3015
f 549//3016 548//3017 550//3018
f 550//3019 548//3020 524//3021
f 549//3022 550//3023 551//3024
f 549//3025 551//3026 552//3027
f 552//3028 551//3029 553//3030
f 553//3031 551//3032 554//3033
f 551//3034 550//3035 555//3036
f 551//3037 555//3038 554//3039
f 555//3040 550//3041 524//3042
f 554//3043 555//3044 556//3045
f 554//3046 556//3047 557//3048
f 555//3049 524//3050 558//3051
f 558//3052 524//3053 522//3054
f 558//3055 522//3056 528//3057
f 555//3058 558//3059 559//3060
f 559//3061 558//3062 528//3063
f 556//3064 555//3065 560//3066
f 560//3067 555//3068 559//3069
f 561//3070 557//3071 556//3072
f 561//3073 556//3074 560//3075
f 557//3076 561//3077 562//3078
f 561//3079 560//3080 563//3081
f 561//3082 563//3083 562//3084
f 560//3085 559//3086 564//3087
f 560//3088 564//3089 563//3090
f 565//3091 559//3092 528//3093
f 559//3094 565//3095 564//3096
f 565//3097 528//3098 566//3099
f 566//3100 528//3101 517//3102
f 566//3103 517//3104 521//3105
f 565//3106 566//3107 567//3108
f 565//3109 567//3110 564//3111
f 566//3112 521//3113 568//3114
f 566//3115 568//3116 567//3117
f 564//3118 567//3119 569//3120
f 564//3121 569//3122 563//3123
f 567//3124 568//3125 570//3126
f 567//3127 570//3128 569//3129
f 571//3130 562//3131 563//3132
f 571//3133 563//3134 569//3135
f 562//3136 571//3137 572//3138
f 569//3139 570//3140 573//3141
f 569//3142 573//3143 571//3144
f 572//3145 571//3146 574//3147
f 574//3148 571//3149 573//3150
f 572//3151 574//3152 575//3153
f 575//3154 574//3155 462//3156
f 462//3157 574//3158 576//3159
f 576//3160 574//3161 573//3162
f 462//3163 576//3164 463//3165
f 576//3166 573//3167 577//3168
f 576//3169 577//3170 463//3171
f 577//3172 573//3173 570//3174
f 577//3175 570//3176 578//3177
f 578//3178 570//3179 568//3180
f 463//3181 577//3182 579//3183
f 578//3184 568//3185 580//3186
f 580//3187 568//3188 521//3189
f 577//3190 578//3191 581//3192
f 577//3193 581//3194 579//3195
f 578//3196 580//3197 582//3198
f 578//3199 582//3200 581//3201
f 580//3202 521//3203 583//3204
f 580//3205 583//3206 582//3207
f 583//3208 521//3209 520//3210
f 583//3211 520//3212 584//3213
f 583//3214 584//3215 582//3216
f 584//3217 520//3218 518//3219
f 582//3220 584//3221 585//3222
f 582//3223 585//3224 581//3225
f 585//3226 584//3227 518//3228
f 581//3229 585//3230 586//3231
f 581//3232 586//3233 579//3234
f 585//3235 518//3236 587//3237
f 585//3238 587//3239 586//3240
f 587//3241 518//3242 588//3243
f 588//3244 518//3245 510//3246
f 586//3247 587//3248 589//3249
f 589//3250 587//3251 588//3252
f 579//3253 586//3254 590//3255
f 590//3256 586//3257 589//3258
f 579//3259 590//3260 591//3261
f 590//3262 589//3263 592//3264
f 592//3265 589//3266 588//3267
f 590//3268 592//3269 591//3270
f 593//3271 588//3272 510//3273
f 592//3274 588//3275 594//3276
f 594//3277 588//3278 593//3279
f 591//3280 592//3281 595//3282
f 595//3283 592//3284 594//3285
f 596//3286 579//3287 591//3288
f 579//3289 596//3290 463//3291
f 463//3292 596//3293 441//3294
f 441//3295 596//3296 438//3297
f 438//3298 596//3299 597//3300
f 597//3301 596//3302 591//3303
f 438//3304 597//3305 439//3306
f 597//3307 591//3308 598//3309
f 598//3310 591//3311 595//3312
f 597//3313 598//3314 439//3315
f 598//3316 595//3317 599//3318
f 599//3319 595//3320 594//3321
f 439//3322 598//3323 600//3324
f 439//3325 600//3326 601//3327
f 439//3328 601//3329 436//3330
f 600//3331 598//3332 602//3333
f 602//3334 598//3335 599//3336
f 599//3337 594//3338 603//3339
f 600//3340 602//3341 604//3342
f 600//3343 604//3344 601//3345
f 602//3346 599//3347 605//3348
f 603//3349 594//3350 606//3351
f 599//3352 603//3353 607//3354
f 599//3355 607//3356 605//3357
f 607//3358 603//3359 606//3360
f 602//3361 605//3362 608//3363
f 602//3364 608//3365 604//3366
f 605//3367 607//3368 609//3369
f 605//3370 609//3371 608//3372
f 593//3373 606//3374 594//3375
f 606//3376 593//3377 610//3378
f 607//3379 606//3380 611//3381
f 606//3382 610//3383 612//3384
f 606//3385 612//3386 611//3387
f 607//3388 611//3389 613//3390
f 607//3391 613//3392 609//3393
f 611//3394 612//3395 614//3396
f 611//3397 614//3398 613//3399
f 612//3400 610//3401 615//3402
f 615//3403 610//3404 593//3405
f 614//3406 612//3407 616//3408
f 616//3409 612//3410 615//3411
f 613//3412 614//3413 617//3414
f 613//3415 617//3416 609//3417
f 614//3418 616//3419 618//3420
f 614//3421 618//3422 617//3423
f 618//3424 616//3425 619//3426
f 619//3427 616//3428 615//3429
f 617//3430 618//3431 620//3432
f 620//3433 618//3434 619//3435
f 609//3436 617//3437 621//3438
f 621//3439 617//3440 620//3441
f 609//3442 621//3443 622//3444
f 621//3445 620//3446 623//3447
f 609//3448 622//3449 608//3450
f 621//3451 623//3452 624//3453
f 621//3454 624//3455 622//3456
f 623//3457 620//3458 625//3459
f 624//3460 623//3461 626//3462
f 626//3463 623//3464 625//3465
f 622//3466 624//3467 627//3468
f 624//3469 626//3470 628//3471
f 624//3472 628//3473 627//3474
f 622//3475 627//3476 629//3477
f 622//3478 629//3479 608//3480
f 629//3481 627//3482 630//3483
f 630//3484 627//3485 628//3486
f 608//3487 629//3488 631//3489
f 631//3490 629//3491 630//3492
f 608//3493 631//3494 632//3495
f 631//3496 630//3497 633//3498
f 632//3499 631//3500 634//3501
f 634//3502 631//3503 633//3504
f 632//3505 634//3506 635//3507
f 635//3508 634//3509 633//3510
f 608//3511 632//3512 636//3513
f 608//3514 636//3515 604//3516
f 632//3517 635//3518 637//3519
f 632//3520 637//3521 636//3522
f 635//3523 633//3524 638//3525
f 635//3526 638//3527 637//3528
f 639//3529 633//3530 630//3531
f 633//3532 639//3533 638//3534
f 639//3535 630//3536 628//3537
f 640//3538 604//3539 636//3540
f 604//3541 640//3542 601//3543
f 641//3544 636//3545 637//3546
f 636//3547 641//3548 640//3549
f 641//3550 637//3551 638//3552
f 640//3553 641//3554 642//3555
f 642//3556 641//3557 638//3558
f 640//3559 642//3560 601//3561
f 642//3562 638//3563 643//3564
f 643//3565 638//3566 639//3567
f 601//3568 642//3569 644//3570
f 644//3571 642//3572 643//3573
f 601//3574 644//3575 436//3576
f 436//3577 644//3578 437//3579
f 437//3580 644//3581 643//3582
f 437//3583 643//3584 639//3585
f 437//3586 639//3587 628//3588
f 437//3589 628//3590 425//3591
f 425//3592 628//3593 427//3594
f 427//3595 628//3596 626//3597
f 427//3598 626//3599 645//3600
f 645//3601 626//3602 625//3603
f 427//3604 645//3605 646//3606
f 645//3607 625//3608 647//3609
f 645//3610 647//3611 648//3612
f 645//3613 648//3614 646//3615
f 647//3616 625//3617 649//3618
f 647//3619 649//3620 648//3621
f 648//3622 649//3623 650//3624
f 648//3625 650//3626 646//3627
f 649//3628 625//3629 651//3630
f 651//3631 625//3632 652//3633
f 652//3634 625//3635 620//3636
f 649//3637 651//3638 653//3639
f 649//3640 653//3641 650//3642
f 652//3643 620//3644 619//3645
f 651//3646 652//3647 654//3648
f 651//3649 654//3650 653//3651
f 654//3652 652//3653 619//3654
f 650//3655 653//3656 655//3657
f 650//3658 655//3659 646//3660
f 653//3661 654//3662 656//3663
f 653//3664 656//3665 655//3666
f 654//3667 619//3668 657//3669
f 654//3670 657//3671 656//3672
f 646//3673 655//3674 658//3675
f 658//3676 655//3677 656//3678
f 646//3679 658//3680 659//3681
f 646//3682 659//3683 660//3684
f 646//3685 660//3686 427//3687
f 427//3688 660//3689 429//3690
f 660//3691 659//3692 661//3693
f 661//3694 659//3695 658//3696
f 429//3697 660//3698 662//3699
f 662//3700 660//3701 661//3702
f 429//3703 662//3704 663//3705
f 663//3706 662//3707 661//3708
f 661//3709 658//3710 664//3711
f 664//3712 658//3713 656//3714
f 661//3715 664//3716 663//3717
f 664//3718 656//3719 665//3720
f 664//3721 665//3722 663//3723
f 665//3724 656//3725 657//3726
f 429//3727 663//3728 428//3729
f 665//3730 657//3731 666//3732
f 663//3733 665//3734 667//3735
f 665//3736 666//3737 668//3738
f 665//3739 668//3740 667//3741
f 666//3742 657//3743 669//3744
f 663//3745 667//3746 670//3747
f 668//3748 666//3749 671//3750
f 671//3751 666//3752 669//3753
f 667//3754 668//3755 672//3756
f 667//3757 672//3758 670//3759
f 668//3760 671//3761 673//3762
f 668//3763 673//3764 672//3765
f 671//3766 669//3767 674//3768
f 675//3769 669//3770 657//3771
f 669//3772 675//3773 674//3774
f 675//3775 657//3776 619//3777
f 675//3778 619//3779 615//3780
f 675//3781 615//3782 676//3783
f 675//3784 676//3785 674//3786
f 671//3787 674//3788 677//3789
f 671//3790 677//3791 673//3792
f 674//3793 676//3794 678//3795
f 674//3796 678//3797 679//3798
f 674//3799 679//3800 677//3801
f 679//3802 678//3803 680//3804
f 680//3805 678//3806 676//3807
f 677//3808 679//3809 681//3810
f 677//3811 681//3812 673//3813
f 681//3814 679//3815 682//3816
f 682//3817 679//3818 680//3819
f 673//3820 681//3821 683//3822
f 673//3823 683//3824 684//3825
f 681//3826 682//3827 685//3828
f 681//3829 685//3830 683//3831
f 682//3832 680//3833 686//3834
f 682//3835 686//3836 685//3837
f 673//3838 684//3839 672//3840
f 683//3841 685//3842 687//3843
f 683//3844 687//3845 684//3846
f 685//3847 686//3848 688//3849
f 685//3850 688//3851 687//3852
f 686//3853 680//3854 689//3855
f 686//3856 689//3857 688//3858
f 689//3859 680//3860 690//3861
f 690//3862 680//3863 676//3864
f 687//3865 688//3866 691//3867
f 687//3868 691//3869 684//3870
f 688//3871 689//3872 692//3873
f 688//3874 692//3875 691//3876
f 689//3877 690//3878 152//3879
f 689//3880 152//3881 692//3882
f 690//3883 676//3884 693//3885
f 684//3886 691//3887 694//3888
f 152//3889 690//3890 488//3891
f 488//3892 690//3893 693//3894
f 152//3895 488//3896 96//3897
f 693//3898 676//3899 695//3900
f 693//3901 695//3902 488//3903
f 695//3904 676//3905 615//3906
f 488//3907 695//3908 510//3909
f 695//3910 615//3911 593//3912
f 695//3913 593//3914 510//3915
f 152//3916 149//3917 692//3918
f 696//3919 684//3920 694//3921
f 684//3922 696//3923 672//3924
f 696//3925 694//3926 697//3927
f 697//3928 694//3929 691//3930
f 697//3931 691//3932 692//3933
f 696//3934 697//3935 698//3936
f 697//3937 692//3938 699//3939
f 697//3940 699//3941 698//3942
f 672//3943 696//3944 700//3945
f 700//3946 696//3947 698//3948
f 698//3949 699//3950 701//3951
f 698//3952 701//3953 700//3954
f 699//3955 692//3956 702//3957
f 699//3958 702//3959 701//3960
f 702//3961 692//3962 703//3963
f 703//3964 692//3965 149//3966
f 701//3967 702//3968 704//3969
f 700//3970 701//3971 705//3972
f 705//3973 701//3974 704//3975
f 706//3976 672//3977 700//3978
f 706//3979 700//3980 705//3981
f 672//3982 706//3983 670//3984
f 705//3985 704//3986 707//3987
f 705//3988 707//3989 706//3990
f 708//3991 704//3992 702//3993
f 704//3994 708//3995 707//3996
f 708//3997 702//3998 703//3999
f 706//4000 707//4001 709//4002
f 706//4003 709//4004 670//4005
f 707//4006 708//4007 710//4008
f 707//4009 710//4010 711//4011
f 707//4012 711//4013 709//4014
f 710//4015 708//4016 712//4017
f 712//4018 708//4019 703//4020
f 711//4021 710//4022 713//4023
f 713//4024 710//4025 712//4026
f 711//4027 713//4028 714//4029
f 711//4030 714//4031 709//4032
f 713//4033 712//4034 715//4035
f 713//4036 715//4037 714//4038
f 715//4039 712//4040 703//4041
f 709//4042 714//4043 716//4044
f 716//4045 714//4046 715//4047
f 715//4048 703//4049 717//4050
f 716//4051 715//4052 718//4053
f 718//4054 715//4055 717//4056
f 709//4057 716//4058 719//4059
f 719//4060 716//4061 718//4062
f 709//4063 719//4064 720//4065
f 709//4066 720//4067 670//4068
f 670//4069 720//4070 663//4071
f 663//4072 720//4073 428//4074
f 428//4075 720//4076 719//4077
f 428//4078 719//4079 718//4080
f 721//4081 718//4082 717//4083
f 721//4084 717//4085 703//4086
f 428//4087 718//4088 722//4089
f 722//4090 718//4091 721//4092
f 428//4093 722//4094 418//4095
f 418//4096 722//4097 723//4098
f 418//4099 723//4100 416//4101
f 722//4102 721//4103 724//4104
f 722//4105 724//4106 723//4107
f 721//4108 703//4109 725//4110
f 725//4111 703//4112 149//4113
f 725//4114 149//4115 150//4116
f 725//4117 150//4118 172//4119
f 725//4120 172//4121 721//4122
f 721//4123 172//4124 724//4125
f 724//4126 172//4127 726//4128
f 726//4129 172//4130 175//4131
f 724//4132 726//4133 727//4134
f 724//4135 727//4136 723//4137
f 726//4138 175//4139 728//4140
f 726//4141 728//4142 727//4143
f 728//4144 175//4145 177//4146
f 723//4147 727//4148 729//4149
f 729//4150 727//4151 730//4152
f 723//4153 729//4154 731//4155
f 723//4156 731//4157 416//4158
f 416//4159 731//4160 407//4161
f 731//4162 729//4163 732//4164
f 732//4165 729//4166 730//4167
f 731//4168 732//4169 407//4170
f 730//4171 727//4172 733//4173
f 730//4174 733//4175 732//4176
f 733//4177 727//4178 728//4179
f 407//4180 732//4181 734//4182
f 734//4183 732//4184 733//4185
f 407//4186 734//4187 406//4188
f 733//4189 728//4190 735//4191
f 733//4192 735//4193 734//4194
f 735//4195 728//4196 736//4197
f 736//4198 728//4199 177//4200
f 734//4201 735//4202 737//4203
f 734//4204 737//4205 406//4206
f 735//4207 736//4208 738//4209
f 735//4210 738//4211 737//4212
f 736//4213 177//4214 739//4215
f 738//4216 736//4217 740//4218
f 740//4219 736//4220 739//4221
f 739//4222 177//4223 201//4224
f 737//4225 738//4226 741//4227
f 737//4228 741//4229 406//4230
f 741//4231 738//4232 740//4233
f 406//4234 741//4235 742//4236
f 742//4237 741//4238 740//4239
f 406//4240 742//4241 743//4242
f 406//4243 743//4244 397//4245
f 397//4246 743//4247 396//4248
f 743//4249 742//4250 744//4251
f 396//4252 743//4253 745//4254
f 745//4255 743//4256 744//4257
f 742//4258 740//4259 746//4260
f 742//4261 746//4262 744//4263
f 746//4264 740//4265 747//4266
f 747//4267 740//4268 739//4269
f 744//4270 746//4271 748//4272
f 744//4273 748//4274 745//4275
f 746//4276 747//4277 749//4278
f 746//4279 749//4280 748//4281
f 747//4282 739//4283 750//4284
f 747//4285 750//4286 749//4287
f 750//4288 739//4289 201//4290
f 750//4291 201//4292 751//4293
f 750//4294 751//4295 749//4296
f 748//4297 749//4298 752//4299
f 748//4300 752//4301 745//4302
f 752//4303 749//4304 751//4305
f 745//4306 752//4307 753//4308
f 753//4309 752//4310 751//4311
f 751//4312 201//4313 284//4314
f 745//4315 753//4316 754//4317
f 745//4318 754//4319 396//4320
f 396//4321 754//4322 382//4323
f 754//4324 753//4325 755//4326
f 754//4327 755//4328 382//4329
f 755//4330 753//4331 751//4332
f 751//4333 284//4334 756//4335
f 751//4336 756//4337 755//4338
f 756//4339 284//4340 757//4341
f 756//4342 757//4343 755//4344
f 382//4345 755//4346 758//4347
f 755//4348 757//4349 759//4350
f 755//4351 759//4352 758//4353
f 759//4354 757//4355 284//4356
f 382//4357 758//4358 760//4359
f 760//4360 758//4361 759//4362
f 382//4363 760//4364 381//4365
f 759//4366 284//4367 761//4368
f 761//4369 284//4370 285//4371
f 761//4372 285//4373 289//4374
f 761//4375 289//4376 316//4377
f 381//4378 760//4379 762//4380
f 381//4381 762//4382 337//4383
f 763//4384 316//4385 337//4386
f 316//4387 763//4388 761//4389
f 763//4390 337//4391 762//4392
f 762//4393 760//4394 764//4395
f 764//4396 760//4397 759//4398
f 763//4399 762//4400 765//4401
f 765//4402 762//4403 764//4404
f 763//4405 765//4406 761//4407
f 764//4408 759//4409 766//4410
f 764//4411 766//4412 765//4413
f 766//4414 759//4415 761//4416
f 766//4417 761//4418 765//4419
