# This file uses centimeters as units for non-parametric coordinates.

mtllib SM_Dantooine_Tree_Twisted_A.mtl
g default
v 6.899126 10.631688 72.441818
v -0.153733 15.083381 73.752983
v -0.153733 -2.723391 84.242294
v 12.188770 -2.723391 63.263668
v -6.618853 10.631688 75.064140
v -12.496235 -2.723391 63.263668
v -0.153733 23.986767 44.907372
v 13.364246 18.051176 39.662712
v 17.478415 0.244405 37.040386
v -13.671712 18.051176 39.662712
v -17.785879 0.244405 37.040386
v 21.592581 -2.723391 25.239908
v -21.900047 -2.723391 25.239908
v 19.829367 37.341843 18.684088
v 12.776508 46.987179 27.206656
v -6.618853 46.987179 31.140146
v -24.838737 37.341843 18.684088
v 3.960435 67.761742 21.961998
v 23.355797 68.503693 11.472686
v -13.083973 65.535896 13.439432
v 12.776508 83.342667 7.539194
v -4.267900 81.116821 6.883611
v 28.057701 81.858772 -5.572447
v -14.847188 77.407082 -2.294537
v 26.882225 56.632511 -3.605701
v 1.609482 103.375290 -12.783850
v 15.127461 110.052826 -24.584326
v -11.320759 98.181648 -13.439432
v -3.680162 115.988419 -18.028505
v -19.549093 106.343079 -21.306416
v -16.610403 89.278259 -27.206656
v -21.312307 58.858360 -0.327791
v -16.022665 72.213440 -18.028505
v -7.206591 88.536308 -39.007130
v -26.601952 35.115997 7.539194
v -19.549093 50.696922 -12.128267
v -7.794329 64.793953 -24.584326
v -22.487785 9.889739 0.327791
v -23.663261 103.375290 -44.251789
v -28.365166 -2.723391 2.294537
v -34.830288 13.599483 11.472686
v -33.067074 12.857534 23.928745
v -48.936005 3.212200 31.795729
v -53.050171 -2.723391 33.762474
v -50.699219 3.954149 22.617580
v -55.401123 -2.723391 24.584326
v -27.777430 16.567278 -8.850357
v -54.225647 7.663893 -1.638955
v -61.278507 -2.723391 -0.327791
v -28.365166 19.535072 -18.028505
v -16.022665 35.857948 -20.650835
v -54.813385 8.405841 -12.783850
v -61.866245 -2.723391 -10.161522
v -51.286957 -2.723391 -18.028505
v -24.250999 15.825329 -26.551073
v -23.075523 3.212200 -27.862236
v -7.206591 42.535484 -19.339670
v -10.733021 14.341432 -26.551073
v -11.908497 3.954149 -31.795729
v 3.372697 64.793953 -34.418056
v -0.153733 42.535484 -24.584326
v -7.794329 9.147790 -55.396683
v -5.443377 -2.723391 -65.885994
v -6.618853 -1.981442 -33.762474
v -0.153733 12.115585 -60.641338
v -0.153733 -2.723391 -70.475067
v -0.153733 21.018970 -35.073639
v 5.135911 -2.723391 -65.885994
v 10.425555 14.341432 -26.551073
v 7.486864 9.147790 -55.396683
v 11.601031 3.954149 -31.795729
v 6.311388 -1.981442 -33.762474
v 22.768059 3.212200 -27.862236
v 23.943535 15.825329 -26.551073
v 51.567230 -2.723391 -18.028505
v 9.837817 35.857948 -20.650835
v 54.505920 8.405841 -12.783850
v 61.558781 -2.723391 -10.161522
v 61.558781 -2.723391 -0.327791
v 28.057701 19.535072 -18.028505
v 53.918182 7.663893 -1.638955
v 28.057701 -2.723391 2.294537
v 20.417105 33.632099 -12.128267
v 27.469963 16.567278 -8.850357
v 18.653891 31.406254 -0.983373
v 13.951984 50.696922 -10.817103
v 22.180319 9.889739 0.327791
v 22.768059 35.115997 7.539194
v 11.013293 64.793953 -26.551073
v 25.706749 72.213440 -27.862236
v 1.021744 90.020210 -51.463192
v 34.522823 13.599483 11.472686
v 32.759609 12.857534 23.928745
v 50.391754 3.954149 22.617580
v 55.093658 -2.723391 24.584326
v 48.628540 3.212200 31.795729
v 52.742706 -2.723391 33.762474
v -10.733021 106.343079 -54.741100
v 2.784959 106.343079 -50.152027
v -23.075523 119.698158 -50.807610
v 14.539722 92.246056 -45.562950
v 17.478415 107.085030 -35.073639
v 3.960435 125.633751 -31.140146
v 1.609482 124.891800 -41.629459
v -14.847188 124.891800 -47.529697
v -1.916947 143.440521 -29.828983
v -1.329209 136.021027 -16.717342
v -10.145282 144.924423 -39.662712
v 0.434006 151.601959 -3.605701
v -13.671712 127.859604 -8.194776
v -1.916947 164.215088 -11.472686
v -24.838737 144.924423 -39.662712
v -6.618853 142.698578 4.261283
v -14.847188 173.860428 -13.439432
v 8.662341 183.505753 2.294537
v 9.250079 172.376526 21.306416
v 12.776508 175.344315 10.817103
v 21.592581 205.022278 -1.638955
v 0.434006 175.344315 27.206656
v -18.373617 141.214676 6.228029
v 13.951984 187.957443 25.895491
v -30.716120 127.117645 -16.717342
v -8.382068 182.021866 23.273163
v 23.355797 195.376938 18.028505
v 29.820917 206.506165 2.950119
v 29.820917 207.990067 49.496445
v -28.365166 146.408310 -0.327791
v 9.250079 199.828629 21.961998
v -19.549093 174.602371 9.505939
v -27.189690 111.536720 -29.828983
v -35.418026 135.279083 -27.862236
v -32.479336 127.117645 -37.695969
v -60.103031 129.343491 -50.807610
v -30.716120 160.505341 -8.850357
v -24.250999 173.118469 -2.950119
v -15.434926 181.279907 -4.916866
v -57.752079 123.407906 -59.330173
v -54.225647 133.795181 -62.608086
v -83.024818 134.537140 -74.408562
v -57.164341 138.246872 -54.741100
v -82.437080 143.440521 -68.508324
v -77.735176 142.698578 -75.064140
v -86.551247 161.989243 -74.408562
v -85.375771 146.408310 -80.964378
v -91.253159 144.182465 -74.408562
v -90.665421 159.763397 -68.508324
v -98.893753 140.472733 -94.731606
v -86.551247 166.440933 -58.019009
v -91.253159 161.989243 -79.653221
v -80.673866 166.440933 -76.375305
v -96.542801 147.892212 -88.175781
v -91.840897 145.666367 -94.076019
v -96.542801 159.763397 -73.752983
v -96.542801 159.021439 -62.608086
v -94.779587 151.601959 -101.943008
v -94.779587 150.118057 -113.087898
v -105.946609 151.601959 -101.943008
v -105.946609 150.118057 -113.087898
v -89.489944 155.311707 -108.498825
v -93.604111 155.311707 -117.676979
v -107.122086 155.311707 -117.676979
v -111.236252 155.311707 -108.498825
v -104.183395 163.473145 -99.320679
v -97.130539 163.473145 -99.320679
v -107.709824 163.473145 -117.676979
v -93.604111 163.473145 -117.676979
v -89.489944 166.440933 -108.498825
v -111.823990 168.666779 -108.498825
v -101.244705 164.957031 -93.420441
v -95.367325 163.473145 -124.232796
v -88.902206 167.924835 -120.954887
v -105.358871 166.440933 -127.510704
v -112.411728 167.924835 -120.299301
v -93.604111 167.924835 -129.477448
v -106.534348 179.796005 -129.477448
v -111.236252 181.279907 -122.266052
v -93.604111 179.796005 -129.477448
v -96.542801 184.247711 -124.232796
v -88.902206 179.796005 -120.954887
v -89.489944 179.796005 -109.809990
v -114.762688 189.441345 -111.776741
v -109.473038 189.441345 -122.921631
v -98.306015 189.441345 -122.921631
v -107.122086 195.376938 -117.676979
v -109.473038 195.376938 -109.154411
v -101.244705 195.376938 -117.676979
v -100.656967 195.376938 -107.187660
v -115.938164 196.118881 -108.498825
v -93.016373 189.441345 -111.776741
v -97.718277 195.376938 -111.776741
v -98.893753 189.441345 -103.909752
v -93.604111 182.021866 -109.154411
v -78.322914 182.021866 -111.776741
v -90.077682 193.151093 -103.909752
v -93.016373 194.634995 -90.142532
v -78.910652 163.473145 -111.121155
v -78.910652 192.409134 -105.876503
v -87.726723 154.569748 -103.254173
v -72.445534 179.054062 -107.187660
v -74.208748 192.409134 -101.943008
v -74.796486 192.409134 -91.453697
v -70.094582 186.473557 -97.353935
v -82.437080 192.409134 -83.586708
v -78.910652 184.989655 -79.653221
v -57.752079 186.473557 -100.631844
v -60.690769 186.473557 -80.964378
v -55.401123 179.054062 -106.532082
v -72.445534 163.473145 -107.187660
v -49.523743 180.537964 -94.076019
v -55.401123 162.731186 -106.532082
v -54.813385 180.537964 -80.308800
v -76.559700 154.569748 -105.220917
v -73.621010 153.827805 -96.698349
v -63.041721 180.537964 -75.719727
v -51.874695 161.989243 -94.076019
v -54.813385 160.505341 -80.308800
v -63.041721 160.505341 -75.719727
v -57.752079 156.795593 -100.631844
v -60.103031 156.795593 -86.864616
v -69.506844 156.795593 -101.287422
v -70.094582 156.795593 -86.864616
v -76.559700 154.569748 -90.142532
v -88.902206 154.569748 -94.731606
v -114.174950 166.440933 -77.030891
v -107.709824 159.021439 -68.508324
v -101.244705 166.440933 -54.741100
v -112.411728 166.440933 -61.296921
v -101.244705 180.537964 -54.085518
v -79.498390 178.312119 -73.097397
v -85.375771 182.763809 -59.985756
v -112.411728 180.537964 -61.296921
v -78.910652 195.376938 -73.752983
v -106.534348 185.731598 -59.985756
v -86.551247 197.602783 -61.952503
v -84.788033 201.312531 -80.308800
v -104.183395 199.086685 -62.608086
v -108.885300 195.376938 -73.752983
v -115.350426 193.893036 -75.719727
v -95.955063 201.312531 -84.242294
v -104.183395 200.570572 -76.375305
v -93.604111 202.796417 -91.453697
v -104.771133 207.990067 -80.308800
v -100.656967 202.796417 -105.876503
v -97.718277 207.990067 -91.453697
v -100.069229 207.990067 -84.897873
v -103.595657 207.990067 -101.943008
v -109.473038 209.473969 -91.453697
v -117.701378 202.796417 -79.653221
v -115.350426 207.990067 -82.931129
v -113.587212 207.990067 -102.598587
v -118.876854 208.732010 -95.387184
v -115.350426 202.796417 -107.187660
v -122.991020 202.796417 -94.076019
v -124.166496 198.344727 -94.076019
v -123.578758 193.893036 -107.187660
v -130.043884 193.151093 -94.076019
v -125.341972 193.151093 -80.308800
v -129.456146 168.666779 -94.731606
v -123.578758 169.408722 -106.532082
v -125.341972 168.666779 -80.964378
v -117.701378 161.989243 -84.242294
v -120.640068 161.989243 -99.976257
v -13.671712 184.989655 5.572447
v -4.855638 196.118881 14.095014
v -31.891596 210.215912 -2.950119
v -36.005764 203.538376 0.983373
v -37.768978 199.086685 -6.883611
v -67.155891 209.473969 -12.128267
v -33.067074 205.764221 -9.505939
v -68.331367 205.022278 -18.028505
v -64.804939 214.667603 -16.717342
v -65.392677 209.473969 -21.306416
v -80.086128 228.764633 -19.995253
v -94.191849 226.538788 -21.306416
v -89.489944 228.022690 -29.173401
v -82.437080 228.022690 -25.895491
v -77.147438 229.506577 -27.862236
v -102.420181 226.538788 -35.073639
v -103.007919 226.538788 -23.928745
v -95.955063 230.248535 -16.717342
v -108.297562 230.990479 -24.584326
v -94.779587 226.538788 -37.040386
v -89.489944 230.990479 -39.662712
v -97.718277 230.990479 -42.940624
v -105.358871 230.990479 -39.007130
v -91.840897 242.119705 -43.596207
v -110.648514 242.119705 -23.928745
v -107.122086 242.119705 -40.973877
v -97.718277 242.119705 -45.562950
v -105.358871 252.506989 -39.007130
v -97.718277 252.506989 -42.940624
v -93.604111 252.506989 -41.629459
v -95.955063 256.958679 -33.762474
v -108.297562 252.506989 -24.584326
v -100.656967 242.119705 -14.095014
v -90.077682 249.539200 -48.840862
v -94.779587 256.216736 -20.650835
v -89.489944 257.700623 -47.529697
v -89.489944 242.119705 -47.529697
v -82.437080 249.539200 -50.807610
v -87.726723 236.926071 -43.596207
v -82.437080 242.119705 -48.840862
v -80.673866 233.958267 -42.940624
v -75.384224 242.119705 -45.562950
v -73.621010 238.409973 -38.351551
v -75.384224 233.958267 -33.762474
v -71.270058 249.539200 -39.007130
v -74.796486 249.539200 -46.874115
v -82.437080 257.700623 -48.840862
v -75.384224 257.700623 -45.562950
v -87.726723 262.894287 -43.596207
v -82.437080 262.894287 -44.907372
v -91.253159 262.894287 -35.073639
v -83.612556 264.378174 -35.073639
v -88.314468 260.668427 -24.584326
v -77.735176 262.894287 -42.940624
v -75.971962 262.894287 -35.073639
v -71.857796 257.700623 -38.351551
v -80.086128 260.668427 -24.584326
v -74.208748 253.990891 -23.928745
v -74.208748 262.152313 -14.750596
v -95.367325 262.152313 -14.750596
v -101.244705 251.765045 -14.750596
v -93.016373 260.668427 -0.327791
v -96.542801 251.765045 1.638955
v -95.367325 234.700226 0.983373
v -84.788033 246.571396 5.572447
v -76.559700 258.442596 -0.327791
v -70.094582 253.990891 -8.194776
v -73.621010 246.571396 1.638955
v -84.788033 235.442169 4.261283
v -90.077682 228.764633 -2.294537
v -74.796486 232.474380 0.983373
v -72.445534 230.248535 -7.539194
v -70.094582 241.377762 -6.228029
v -61.866245 228.022690 -8.850357
v -55.988861 242.119705 -4.261283
v -59.515293 251.023102 -8.850357
v -65.392677 257.700623 -19.339670
v -51.286957 251.023102 -16.061760
v -64.804939 253.248947 -27.206656
v -51.286957 251.023102 -26.551073
v -48.348267 244.345551 -15.406178
v -56.576603 251.023102 -30.484566
v -48.348267 244.345551 -27.862236
v -60.103031 251.023102 -38.351551
v -52.462433 241.377762 -33.106892
v -41.883144 241.377762 -28.517818
v -41.883144 241.377762 -9.505939
v -55.988861 224.312943 -4.261283
v -41.883144 224.312943 -9.505939
v -41.883144 224.312943 -28.517818
v -46.585052 217.635406 -13.439432
v -57.164341 217.635406 -10.817103
v -46.585052 217.635406 -24.584326
v -50.699219 224.312943 -33.106892
v -57.164341 217.635406 -24.584326
v -61.866245 224.312943 -25.895491
v -55.988861 225.796829 -31.795729
v -74.208748 230.990479 -23.273163
v -69.506844 222.087097 -26.551073
v -58.339817 221.345139 -30.484566
v -71.857796 222.087097 -32.451309
v -68.331367 222.087097 -38.351551
v -60.103031 222.087097 -37.695969
v -59.515293 227.280731 -39.662712
v -70.682320 229.506577 -40.318295
v -63.629459 229.506577 -44.251789
v -55.988861 229.506577 -40.973877
v -55.988861 243.603607 -40.973877
v -63.629459 243.603607 -44.251789
v 1.021744 193.151093 2.950119
v 13.364246 210.957855 0.327791
v 16.302937 222.087097 12.128267
v 21.592581 230.248535 -19.995253
v 32.759609 231.732422 -23.928745
v 21.004843 241.377762 -10.817103
v 22.180319 254.732834 -36.384804
v 16.890676 263.636230 -30.484566
v 29.820917 245.087509 -8.850357
v 37.461514 236.926071 -16.061760
v 26.882225 221.345139 16.061760
v 22.180319 209.473969 20.650835
v 32.171867 214.667603 11.472686
v 28.645439 257.700623 -35.073639
v 31.584131 264.378174 -31.795729
v 28.057701 271.055725 -44.907372
v 32.171867 221.345139 43.596207
v 35.698299 213.925659 44.251789
v 26.882225 219.861252 43.596207
v 43.338894 222.087097 83.586708
v 25.119011 214.667603 48.840862
v 25.119011 239.893860 58.674591
v 29.820917 221.345139 52.118771
v 29.233179 237.668015 59.330173
v 38.636990 218.377350 87.520203
v 35.110561 222.829041 86.864616
v 25.706749 237.668015 62.608086
v 38.636990 227.280731 83.586708
v 43.926632 245.087509 98.009514
v 40.400204 245.087509 101.287422
v 43.338894 239.893860 103.254173
v 46.865326 237.668015 99.976257
v 54.505920 237.668015 96.042770
v 54.505920 245.829453 93.420441
v 61.558781 237.668015 103.909752
v 46.865326 247.313354 82.275543
v 46.865326 237.668015 109.154411
v 61.558781 245.829453 97.353935
v 60.971043 248.797256 86.209038
v 65.085213 243.603607 103.254173
v 52.742706 237.668015 113.743484
v 59.795567 237.668015 111.121155
v 44.514370 243.603607 110.465576
v 52.742706 243.603607 116.365814
v 59.207829 248.797256 115.054649
v 45.689850 243.603607 120.954887
v 35.110561 243.603607 114.399063
v 29.233179 250.281143 106.532082
v 55.093658 250.281143 126.199539
v 40.400204 250.281143 129.477448
v 29.820917 250.281143 121.610466
v 54.505920 264.378174 124.232796
v 40.400204 264.378174 129.477448
v 29.820917 264.378174 121.610466
v 33.935085 242.861664 88.831367
v 29.233179 264.378174 108.498825
v 38.636990 271.055725 121.610466
v 56.856873 268.087921 114.399063
v 42.163418 268.829865 107.187660
v 29.233179 278.475189 108.498825
v 21.592581 248.055298 100.631844
v 19.829367 278.475189 101.943008
v 34.522823 285.894684 103.254173
v 48.628540 277.733246 105.220917
v 63.321995 275.507416 105.220917
v 21.004843 284.410797 81.619965
v 40.987942 285.152740 91.453697
v 15.715199 273.281555 83.586708
v 18.066153 248.055298 81.619965
v 55.093658 282.926880 93.420441
v 40.987942 284.410797 73.097397
v 71.550331 275.507416 97.353935
v 56.856873 277.733246 84.242294
v 74.489021 268.087921 98.009514
v 71.550331 275.507416 86.209038
v 49.804016 273.281555 82.275543
v 66.260689 274.765442 82.275543
v 74.489021 268.087921 85.553459
v 26.882225 284.410797 72.441818
v 19.829367 275.507416 72.441818
v 24.531273 278.475189 66.541580
v 44.514370 278.475189 67.852737
v 44.514370 255.474792 67.852737
v 36.873775 255.474792 65.885994
v 49.804016 255.474792 78.997635
v 23.355797 270.313751 67.197159
v 40.987942 247.313354 72.441818
v 53.918182 266.604034 71.786232
v 68.023903 266.604034 71.786232
v 70.962593 265.120117 80.308800
v 67.436165 253.248947 71.786232
v 53.918182 253.248947 71.786232
v 70.962593 253.248947 80.308800
v 80.954140 265.120117 84.242294
v 65.085213 248.055298 75.719727
v 80.954140 248.055298 84.242294
v 56.269135 248.055298 75.719727
v 67.436165 248.055298 80.964378
v 65.672951 241.377762 88.831367
v 76.252235 241.377762 88.831367
v 76.252235 241.377762 99.976257
v 80.954140 248.055298 103.909752
v 70.374855 248.055298 107.843246
v 80.954140 265.120117 103.909752
v 69.199379 266.604034 107.843246
v 68.023903 266.604034 114.399063
v 68.023903 248.055298 114.399063
v 35.698299 247.313354 71.130653
v 30.996393 243.603607 75.719727
v 35.698299 247.313354 59.330173
v 29.820917 237.668015 73.097397
v 33.347347 259.184540 60.641338
v 23.943535 261.410370 66.541580
v 26.882225 259.184540 56.707848
v 33.347347 237.668015 67.197159
v 26.294487 247.313354 54.085518
v 18.653891 253.248947 58.674591
v 19.829367 237.668015 63.919250
v 17.478415 245.829453 60.641338
v 19.829367 261.410370 56.052265
v 21.592581 237.668015 71.786232
v 16.890676 242.119705 67.852737
v 19.241629 270.313751 57.363430
v 12.188770 261.410370 54.085518
v 16.302937 275.507416 61.952503
v 8.662341 253.248947 48.185280
v 6.311388 275.507416 60.641338
v 6.311388 267.345978 56.052265
v 8.074602 261.410370 50.152027
v 2.784959 276.249359 65.230415
v 8.074602 276.249359 80.964378
v -0.741471 266.604034 64.574829
v 2.197220 270.313751 82.275543
v 2.197220 264.378174 82.931129
v 8.074602 260.668427 87.520203
v -9.557544 259.926483 82.931129
v 7.486864 244.345551 87.520203
v 6.311388 237.668015 81.619965
v 5.723650 235.442169 70.475067
v -4.855638 237.668015 78.997635
v -9.557544 244.345551 82.931129
v -9.557544 259.926483 63.919250
v -9.557544 244.345551 63.919250
v -1.329209 239.151917 64.574829
v 12.188770 239.151917 58.019009
v -4.855638 244.345551 61.952503
v 8.074602 244.345551 50.152027
v -6.031115 253.248947 61.296921
v 2.197220 239.151917 56.052265
v 7.486864 239.151917 54.741100
v -0.153733 244.345551 52.118771
v -1.329209 253.248947 50.807610
v -0.153733 261.410370 52.118771
v 2.197220 266.604034 56.052265
v -4.855638 261.410370 61.952503
v 20.417105 323.734070 7.539194
v 28.057701 325.959930 9.505939
v 18.653891 325.959930 14.095014
v 25.119011 323.734070 -3.605701
v 8.662341 323.734070 10.161522
v 18.653891 348.960327 14.095014
v 19.241629 317.056549 5.572447
v 30.408655 327.443817 -9.505939
v 28.057701 348.960327 9.505939
v 33.347347 348.218384 -9.505939
v 21.592581 354.153992 8.850357
v 26.882225 328.927704 -18.684088
v 25.119011 354.153992 -13.439432
v 26.882225 346.734497 -18.684088
v 9.250079 328.927704 -19.995253
v 9.250079 346.734497 -19.995253
v 6.311388 355.637878 -14.095014
v 17.478415 326.701874 -12.783850
v 16.890676 317.056549 -10.161522
v 22.768059 317.056549 -2.950119
v 6.899126 317.056549 -8.850357
v 6.311388 326.701874 -11.472686
v 3.960435 328.927704 -24.584326
v 3.372697 317.056549 -0.327791
v 9.837817 317.056549 7.539194
v 0.434006 322.992126 -1.638955
v 1.609482 325.217987 -20.650835
v 1.021744 319.282379 -18.684088
v 4.548173 319.282379 -11.472686
v -10.145282 319.282379 -16.717342
v 1.021744 319.282379 -4.261283
v -11.320759 319.282379 -8.194776
v -10.733021 327.443817 -21.306416
v -17.785879 329.669678 -14.095014
v -16.610403 329.669678 -3.605701
v -17.785879 346.734497 -14.095014
v -11.320759 347.476440 -22.617580
v 3.960435 347.476440 -24.584326
v -8.382068 354.153992 -18.028505
v 2.784959 354.153992 -19.995253
v -12.496235 354.153992 -6.228029
v -16.610403 347.476440 -4.261283
v -3.092424 356.379822 4.916866
v 3.372697 359.347626 -3.605701
v 12.776508 348.960327 26.551073
v -0.741471 359.347626 14.750596
v 12.776508 327.443817 26.551073
v -2.504685 352.670074 29.173401
v -18.961355 359.347626 2.950119
v -1.916947 328.927704 29.173401
v -13.083973 359.347626 32.451309
v -29.540644 351.928131 -0.327791
v -14.259450 341.540833 37.695969
v -30.128382 357.863708 16.061760
v -30.716120 350.444244 33.106892
v -37.181240 350.444244 16.061760
v -29.540644 326.701874 31.795729
v -14.847188 326.701874 36.384804
v -36.005764 326.701874 16.061760
v -25.426476 318.540436 26.551073
v -16.022665 318.540436 29.173401
v -29.540644 318.540436 16.717342
v -28.952906 327.443817 0.983373
v -7.206591 318.540436 21.306416
v -21.312307 318.540436 5.572447
v -7.206591 318.540436 10.817103
v -4.855638 320.024323 4.261283
v -10.145282 318.540436 3.605701
v -0.741471 302.959503 0.983373
v -6.618853 298.507812 -0.327791
v -2.504685 297.765869 7.539194
v 11.013293 291.088318 -15.406178
v 5.135911 285.894684 -17.372925
v 9.837817 283.668854 -10.161522
v 23.943535 268.829865 -26.551073
v 21.592581 262.152313 -17.372925
v 22.768059 306.669250 -59.330173
v 16.890676 306.669250 -51.463192
v 11.601031 306.669250 -58.019009
v 16.302937 320.024323 -52.774353
v 15.127461 271.055725 -42.285042
v 19.829367 263.636230 -48.185280
v 19.829367 274.023499 -75.064140
v 11.601031 274.023499 -73.752983
v 18.653891 278.475189 -52.118771
v 15.127461 306.669250 -63.919250
v 14.539722 320.024323 -64.574829
v 21.004843 321.508240 -59.985756
v 10.425555 320.024323 -58.674591
v 39.224728 310.378998 -66.541580
v 15.127461 279.217163 -73.097397
v 6.899126 293.314178 -99.976257
v 13.364246 291.830292 -99.320679
v 17.478415 286.636627 -99.976257
v 15.127461 269.571808 -75.719727
v 12.776508 286.636627 -106.532082
v 18.066153 292.572235 -110.465576
v 12.188770 297.765869 -111.121155
v 21.004843 289.604431 -96.698349
v 19.829367 294.798065 -93.420441
v 29.820917 289.604431 -104.565338
v 27.469963 289.604431 -96.698349
v 28.645439 297.023926 -109.809990
v 35.110561 299.249756 -101.287422
v 30.408655 299.249756 -92.764862
v 6.899126 293.314178 -90.798111
v 29.820917 310.378998 -93.420441
v 19.829367 308.895111 -92.764862
v 7.486864 312.604858 -88.831367
v 27.469963 312.604858 -91.453697
v 34.522823 310.378998 -101.287422
v 31.584131 312.604858 -100.631844
v 30.408655 304.443420 -108.498825
v 26.882225 311.862885 -107.187660
v 32.171867 304.443420 -116.365814
v 30.408655 311.862885 -116.365814
v 36.286037 320.766296 -107.843246
v 24.531273 316.314575 -117.676979
v 23.355797 311.862885 -122.921631
v 19.829367 317.798492 -112.432320
v 15.715199 311.862885 -116.365814
v 38.049252 320.766296 -92.109276
v 23.355797 304.443420 -124.888382
v 36.873775 337.831116 -109.154411
v 30.408655 297.023926 -116.365814
v 13.951984 304.443420 -116.365814
v 23.355797 297.023926 -122.921631
v 26.294487 291.830292 -116.365814
v 19.829367 291.830292 -118.332558
v 7.486864 314.830688 -113.743484
v 10.425555 295.540009 -121.610466
v 10.425555 308.895111 -121.610466
v 9.250079 320.766296 -111.121155
v 1.021744 314.830688 -123.577217
v -0.741471 314.830688 -109.154411
v 1.021744 303.701447 -128.166290
v 1.021744 295.540009 -126.855125
v -7.794329 308.895111 -121.610466
v -7.794329 295.540009 -121.610466
v 1.021744 289.604431 -122.266052
v 6.311388 289.604431 -118.988144
v 6.311388 289.604431 -112.432320
v -3.680162 289.604431 -117.021393
v -1.329209 291.830292 -107.187660
v -9.557544 295.540009 -113.087898
v -7.794329 289.604431 -93.420441
v -10.733021 286.636627 -96.698349
v 1.609482 293.314178 -82.931129
v -12.496235 286.636627 -105.876503
v -21.900047 284.410797 -98.665100
v -21.312307 286.636627 -107.187660
v -9.557544 308.895111 -114.399063
v -23.075523 293.314178 -113.087898
v -32.479336 293.314178 -101.287422
v -16.610403 286.636627 -89.486946
v -23.663261 313.346802 -115.054649
v -10.733021 322.250183 -105.220917
v -24.250999 286.636627 -90.798111
v -14.847188 293.314178 -83.586708
v -6.618853 293.314178 -80.308800
v -27.777430 293.314178 -86.209038
v -6.618853 312.604858 -78.997635
v -17.198141 315.572632 -82.931129
v -28.952906 313.346802 -85.553459
v -33.654812 313.346802 -101.287422
v -23.663261 322.250183 -103.254173
v -18.961355 322.250183 -93.420441
v -13.671712 326.701874 -73.097397
v -6.618853 322.250183 -70.475067
v 4.548173 322.250183 -73.097397
v 2.197220 312.604858 -82.275543
v -12.496235 320.024323 -63.919250
v -8.382068 321.508240 -49.496445
v 1.021744 320.024323 -44.251789
v -17.785879 328.927704 -48.185280
v 42.163418 310.378998 -80.964378
v -19.549093 328.927704 -64.574829
v 46.865326 318.540436 -87.520203
v 49.216278 318.540436 -71.130653
v 40.987942 318.540436 -58.019009
v 46.865326 334.863312 -65.885994
v 39.224728 331.153564 -92.764862
v 27.469963 328.927704 -56.052265
v 50.979492 331.153564 -77.686470
v 47.453064 331.153564 -88.175781
v 46.865326 338.573059 -71.130653
v 38.636990 343.766693 -84.242294
v 41.575680 343.024750 -75.719727
v 43.338894 347.476440 -75.064140
v 33.347347 348.218384 -92.109276
v 50.391754 338.573059 -62.608086
v 40.987942 348.218384 -86.209038
v 49.216278 347.476440 -70.475067
v 50.979492 347.476440 -62.608086
v 43.926632 355.637878 -71.786232
v 49.216278 355.637878 -62.608086
v 45.689850 357.863708 -76.375305
v 49.216278 347.476440 -55.396683
v 48.040802 338.573059 -56.052265
v 46.865326 355.637878 -56.707848
v 41.575680 334.863312 -56.707848
v 40.987942 347.476440 -50.807610
v 40.400204 338.573059 -52.118771
v 28.645439 339.315002 -54.085518
v 23.943535 342.282806 -42.285042
v 30.996393 347.476440 -50.152027
v 32.759609 355.637878 -52.118771
v 40.400204 355.637878 -52.774353
v 39.812466 360.831512 -59.985756
v 27.469963 353.412018 -38.351551
v 30.996393 361.573456 -58.674591
v 27.469963 368.251007 -38.351551
v 42.751156 360.089569 -64.574829
v 44.514370 368.251007 -76.375305
v 41.575680 368.251007 -65.230415
v 30.408655 368.251007 -59.330173
v 32.171867 368.251007 -51.463192
v 26.882225 374.186584 -51.463192
v 38.049252 374.186584 -68.508324
v 23.355797 374.186584 -63.263668
v 39.812466 374.186584 -75.719727
v 29.233179 376.412445 -75.064140
v 37.461514 374.186584 -82.931129
v 40.987942 368.251007 -86.209038
v 23.943535 374.186584 -41.629459
v 42.163418 357.863708 -87.520203
v 33.347347 368.251007 -92.109276
v 33.347347 357.863708 -94.076019
v 31.584131 374.186584 -86.864616
v 22.768059 357.863708 -93.420441
v 25.119011 374.186584 -86.864616
v 23.355797 368.251007 -91.453697
v 20.417105 374.186584 -82.275543
v 17.478415 374.186584 -69.819489
v 15.715199 368.251007 -75.719727
v 17.478415 360.831512 -87.520203
v 9.837817 376.412445 -51.463192
v 9.837817 368.251007 -77.030891
v 9.250079 353.412018 -82.275543
v -0.153733 374.186584 -65.885994
v -1.329209 368.251007 -73.752983
v 15.715199 374.186584 -35.729221
v -5.443377 374.186584 -51.463192
v 2.197220 374.186584 -37.695969
v 17.478415 368.251007 -30.484566
v -0.741471 368.251007 -33.762474
v -8.969806 368.251007 -64.574829
v -10.733021 368.251007 -51.463192
v -2.504685 353.412018 -77.030891
v -11.320759 355.637878 -67.852737
v -13.671712 355.637878 -51.463192
v -14.259450 345.250580 -73.752983
v -8.382068 353.412018 -36.384804
v 2.784959 353.412018 -29.173401
v -7.206591 342.282806 -39.662712
v -20.136831 345.250580 -64.574829
v -10.145282 351.186188 -91.453697
v -19.549093 343.024750 -88.831367
v -18.373617 345.250580 -47.529697
v -6.618853 329.669678 -40.973877
v 8.074602 328.927704 -36.384804
v -10.733021 343.024750 -103.909752
v 8.074602 342.282806 -35.073639
v -0.153733 342.282806 -105.876503
v 23.355797 328.927704 -42.940624
v 16.302937 353.412018 -29.828983
v -0.153733 351.186188 -94.731606
v 1.021744 354.153992 -99.976257
v 5.135911 360.089569 -99.976257
v 10.425555 360.089569 -89.486946
v 14.539722 362.315399 -99.976257
v 9.250079 360.089569 -110.465576
v 6.899126 354.153992 -115.054649
v 15.127461 360.089569 -112.432320
v 23.355797 360.089569 -99.976257
v 21.004843 360.089569 -109.154411
v 28.057701 354.153992 -104.565338
v 23.943535 354.153992 -113.087898
v 29.233179 346.734497 -105.220917
v 15.715199 354.153992 -117.021393
v 24.531273 345.250580 -114.399063
v 23.943535 337.831116 -113.743484
v 15.715199 345.250580 -118.988144
v 6.311388 345.250580 -116.365814
v 15.715199 335.605255 -117.021393
v 15.715199 329.669678 -112.432320
v 6.899126 335.605255 -115.054649
v 9.250079 329.669678 -111.121155
v 2.784959 329.669678 -104.565338
v -1.329209 322.250183 -105.876503
vn 0.763152 0.416457 0.494127
vn 0.057373 0.810491 0.582935
vn 0.026463 0.230588 0.972692
vn 0.763152 0.416457 0.494127
vn 0.026463 0.230588 0.972692
vn 0.938661 0.152526 0.309277
vn 0.026463 0.230588 0.972692
vn 0.057373 0.810491 0.582935
vn -0.701671 0.420263 0.575358
vn 0.026463 0.230588 0.972692
vn -0.701671 0.420263 0.575358
vn -0.942531 0.145530 0.300760
vn 0.057373 0.810491 0.582935
vn 0.763152 0.416457 0.494127
vn 0.009463 0.749654 0.661763
vn 0.057373 0.810491 0.582935
vn 0.009463 0.749654 0.661763
vn -0.701671 0.420263 0.575358
vn 0.763152 0.416457 0.494127
vn 0.938661 0.152526 0.309277
vn 0.831539 0.329354 0.447291
vn 0.763152 0.416457 0.494127
vn 0.831539 0.329354 0.447291
vn 0.009463 0.749654 0.661763
vn 0.831539 0.329354 0.447291
vn 0.938661 0.152526 0.309277
vn 0.948806 0.183163 0.257330
vn -0.942531 0.145530 0.300760
vn -0.701671 0.420263 0.575358
vn -0.810831 0.324462 0.487112
vn -0.810831 0.324462 0.487112
vn -0.701671 0.420263 0.575358
vn 0.009463 0.749654 0.661763
vn -0.942531 0.145530 0.300760
vn -0.810831 0.324462 0.487112
vn -0.948806 0.183163 0.257330
vn 0.831539 0.329354 0.447291
vn 0.948806 0.183163 0.257330
vn 0.477673 0.227035 0.848695
vn -0.948806 0.183163 0.257330
vn -0.810831 0.324462 0.487112
vn -0.491824 0.184548 0.850912
vn 0.831539 0.329354 0.447291
vn 0.477673 0.227035 0.848695
vn 0.880367 0.180804 0.438478
vn 0.569129 0.300559 0.765348
vn 0.009463 0.749654 0.661763
vn 0.831539 0.329354 0.447291
vn 0.569129 0.300559 0.765348
vn 0.831539 0.329354 0.447291
vn 0.880367 0.180804 0.438478
vn -0.810831 0.324462 0.487112
vn 0.009463 0.749654 0.661763
vn -0.322328 0.461020 0.826780
vn -0.322328 0.461020 0.826780
vn 0.009463 0.749654 0.661763
vn 0.569129 0.300559 0.765348
vn -0.491824 0.184548 0.850912
vn -0.810831 0.324462 0.487112
vn -0.836812 0.328161 0.438243
vn -0.836812 0.328161 0.438243
vn -0.810831 0.324462 0.487112
vn -0.322328 0.461020 0.826780
vn -0.322328 0.461020 0.826780
vn 0.569129 0.300559 0.765348
vn 0.009114 0.527050 0.849785
vn 0.569129 0.300559 0.765348
vn 0.880367 0.180804 0.438478
vn 0.786940 0.249351 0.564402
vn 0.569129 0.300559 0.765348
vn 0.786940 0.249351 0.564402
vn 0.009114 0.527050 0.849785
vn -0.322328 0.461020 0.826780
vn 0.009114 0.527050 0.849785
vn -0.675702 0.480362 0.559178
vn -0.322328 0.461020 0.826780
vn -0.675702 0.480362 0.559178
vn -0.836812 0.328161 0.438243
vn 0.009114 0.527050 0.849785
vn 0.786940 0.249351 0.564402
vn 0.267467 0.650237 0.711094
vn -0.675702 0.480362 0.559178
vn 0.009114 0.527050 0.849785
vn -0.392094 0.621198 0.678510
vn -0.392094 0.621198 0.678510
vn 0.009114 0.527050 0.849785
vn 0.267467 0.650237 0.711094
vn 0.267467 0.650237 0.711094
vn 0.786940 0.249351 0.564402
vn 0.923036 0.310593 0.227017
vn -0.675702 0.480362 0.559178
vn -0.392094 0.621198 0.678510
vn -0.870481 0.374330 0.319592
vn 0.923036 0.310593 0.227017
vn 0.786940 0.249351 0.564402
vn 0.957781 -0.248653 -0.144313
vn 0.957781 -0.248653 -0.144313
vn 0.786940 0.249351 0.564402
vn 0.880367 0.180804 0.438478
vn -0.392094 0.621198 0.678510
vn 0.267467 0.650237 0.711094
vn 0.009210 0.620155 0.784425
vn 0.267467 0.650237 0.711094
vn 0.923036 0.310593 0.227017
vn 0.706680 0.615780 0.348452
vn 0.267467 0.650237 0.711094
vn 0.706680 0.615780 0.348452
vn 0.009210 0.620155 0.784425
vn -0.392094 0.621198 0.678510
vn 0.009210 0.620155 0.784425
vn -0.652701 0.394583 0.646750
vn -0.392094 0.621198 0.678510
vn -0.652701 0.394583 0.646750
vn -0.870481 0.374330 0.319592
vn 0.009210 0.620155 0.784425
vn 0.706680 0.615780 0.348452
vn 0.372562 0.082361 0.924345
vn -0.652701 0.394583 0.646750
vn 0.009210 0.620155 0.784425
vn -0.681797 -0.351058 0.641803
vn -0.681797 -0.351058 0.641803
vn 0.009210 0.620155 0.784425
vn 0.372562 0.082361 0.924345
vn -0.870481 0.374330 0.319592
vn -0.652701 0.394583 0.646750
vn -0.946127 -0.307478 -0.101496
vn -0.946127 -0.307478 -0.101496
vn -0.652701 0.394583 0.646750
vn -0.681797 -0.351058 0.641803
vn -0.963024 0.267002 0.035974
vn -0.675702 0.480362 0.559178
vn -0.870481 0.374330 0.319592
vn -0.870481 0.374330 0.319592
vn -0.946127 -0.307478 -0.101496
vn -0.940557 -0.050513 -0.335860
vn -0.870481 0.374330 0.319592
vn -0.940557 -0.050513 -0.335860
vn -0.963024 0.267002 0.035974
vn -0.675702 0.480362 0.559178
vn -0.963024 0.267002 0.035974
vn -0.836812 0.328161 0.438243
vn -0.940557 -0.050513 -0.335860
vn -0.946127 -0.307478 -0.101496
vn -0.648057 -0.527236 -0.549587
vn -0.836812 0.328161 0.438243
vn -0.963024 0.267002 0.035974
vn -0.966576 0.183510 -0.179039
vn -0.963024 0.267002 0.035974
vn -0.940557 -0.050513 -0.335860
vn -0.864757 0.109862 -0.490027
vn -0.963024 0.267002 0.035974
vn -0.864757 0.109862 -0.490027
vn -0.966576 0.183510 -0.179039
vn -0.864757 0.109862 -0.490027
vn -0.940557 -0.050513 -0.335860
vn -0.670000 -0.248576 -0.699507
vn -0.670000 -0.248576 -0.699507
vn -0.940557 -0.050513 -0.335860
vn -0.648057 -0.527236 -0.549587
vn -0.966576 0.183510 -0.179039
vn -0.864757 0.109862 -0.490027
vn -0.948652 0.301876 -0.094498
vn -0.648057 -0.527236 -0.549587
vn -0.946127 -0.307478 -0.101496
vn -0.611206 -0.676413 -0.410966
vn -0.611206 -0.676413 -0.410966
vn -0.946127 -0.307478 -0.101496
vn -0.681797 -0.351058 0.641803
vn -0.966576 0.183510 -0.179039
vn -0.948652 0.301876 -0.094498
vn -0.804745 0.589500 0.069819
vn -0.820216 0.371279 -0.435198
vn -0.836812 0.328161 0.438243
vn -0.966576 0.183510 -0.179039
vn -0.820216 0.371279 -0.435198
vn -0.966576 0.183510 -0.179039
vn -0.804745 0.589500 0.069819
vn -0.836812 0.328161 0.438243
vn -0.820216 0.371279 -0.435198
vn -0.263377 0.553962 0.789784
vn -0.836812 0.328161 0.438243
vn -0.263377 0.553962 0.789784
vn -0.491824 0.184548 0.850912
vn -0.491824 0.184548 0.850912
vn -0.263377 0.553962 0.789784
vn -0.275729 0.611576 0.741585
vn -0.491824 0.184548 0.850912
vn -0.275729 0.611576 0.741585
vn -0.537034 0.574309 0.617871
vn -0.263377 0.553962 0.789784
vn -0.820216 0.371279 -0.435198
vn -0.734147 0.602328 -0.313416
vn -0.263377 0.553962 0.789784
vn -0.734147 0.602328 -0.313416
vn -0.275729 0.611576 0.741585
vn -0.275729 0.611576 0.741585
vn -0.734147 0.602328 -0.313416
vn -0.537034 0.574309 0.617871
vn -0.734147 0.602328 -0.313416
vn -0.820216 0.371279 -0.435198
vn -0.804745 0.589500 0.069819
vn -0.537034 0.574309 0.617871
vn -0.734147 0.602328 -0.313416
vn -0.827322 0.540509 -0.152929
vn -0.827322 0.540509 -0.152929
vn -0.734147 0.602328 -0.313416
vn -0.804745 0.589500 0.069819
vn -0.610724 0.539880 0.579263
vn -0.804745 0.589500 0.069819
vn -0.948652 0.301876 -0.094498
vn -0.610724 0.539880 0.579263
vn -0.948652 0.301876 -0.094498
vn -0.864757 0.109862 -0.490027
vn -0.804745 0.589500 0.069819
vn -0.610724 0.539880 0.579263
vn -0.446827 0.635676 0.629493
vn -0.804745 0.589500 0.069819
vn -0.446827 0.635676 0.629493
vn -0.695928 0.523718 0.491328
vn -0.610724 0.539880 0.579263
vn -0.864757 0.109862 -0.490027
vn -0.702315 0.654935 -0.278952
vn -0.610724 0.539880 0.579263
vn -0.702315 0.654935 -0.278952
vn -0.446827 0.635676 0.629493
vn -0.702315 0.654935 -0.278952
vn -0.864757 0.109862 -0.490027
vn -0.327152 0.364218 -0.871962
vn -0.695928 0.523718 0.491328
vn -0.446827 0.635676 0.629493
vn -0.666628 0.619605 -0.414364
vn -0.666628 0.619605 -0.414364
vn -0.446827 0.635676 0.629493
vn -0.702315 0.654935 -0.278952
vn -0.695928 0.523718 0.491328
vn -0.666628 0.619605 -0.414364
vn -0.843368 0.467654 -0.264632
vn -0.843368 0.467654 -0.264632
vn -0.666628 0.619605 -0.414364
vn -0.492382 0.212129 -0.844133
vn -0.666628 0.619605 -0.414364
vn -0.702315 0.654935 -0.278952
vn -0.317831 0.314714 -0.894393
vn -0.666628 0.619605 -0.414364
vn -0.317831 0.314714 -0.894393
vn -0.492382 0.212129 -0.844133
vn -0.317831 0.314714 -0.894393
vn -0.702315 0.654935 -0.278952
vn -0.327152 0.364218 -0.871962
vn -0.492382 0.212129 -0.844133
vn -0.317831 0.314714 -0.894393
vn -0.228292 0.159976 -0.960360
vn -0.481581 0.095372 -0.871197
vn -0.327152 0.364218 -0.871962
vn -0.864757 0.109862 -0.490027
vn -0.327152 0.364218 -0.871962
vn -0.481581 0.095372 -0.871197
vn -0.317831 0.314714 -0.894393
vn -0.481581 0.095372 -0.871197
vn -0.864757 0.109862 -0.490027
vn -0.670000 -0.248576 -0.699507
vn -0.228292 0.159976 -0.960360
vn -0.317831 0.314714 -0.894393
vn -0.490169 0.395224 -0.776873
vn -0.490169 0.395224 -0.776873
vn -0.317831 0.314714 -0.894393
vn -0.481581 0.095372 -0.871197
vn -0.228292 0.159976 -0.960360
vn -0.490169 0.395224 -0.776873
vn -0.910210 0.089331 -0.404397
vn -0.481581 0.095372 -0.871197
vn -0.670000 -0.248576 -0.699507
vn 0.072511 -0.473881 -0.877598
vn 0.072511 -0.473881 -0.877598
vn -0.670000 -0.248576 -0.699507
vn -0.648057 -0.527236 -0.549587
vn -0.481581 0.095372 -0.871197
vn 0.072511 -0.473881 -0.877598
vn -0.140212 -0.020826 -0.989903
vn -0.481581 0.095372 -0.871197
vn -0.140212 -0.020826 -0.989903
vn -0.490169 0.395224 -0.776873
vn -0.910210 0.089331 -0.404397
vn -0.490169 0.395224 -0.776873
vn -0.845866 0.424590 -0.322853
vn -0.910210 0.089331 -0.404397
vn -0.845866 0.424590 -0.322853
vn -0.768772 0.291254 -0.569351
vn -0.910210 0.089331 -0.404397
vn -0.768772 0.291254 -0.569351
vn -0.748630 -0.662799 -0.015792
vn -0.768772 0.291254 -0.569351
vn -0.845866 0.424590 -0.322853
vn 0.000000 0.771721 -0.635962
vn 0.000000 0.771721 -0.635962
vn -0.845866 0.424590 -0.322853
vn -0.490169 0.395224 -0.776873
vn -0.768772 0.291254 -0.569351
vn 0.000000 0.771721 -0.635962
vn 0.000000 0.549890 -0.835237
vn -0.490169 0.395224 -0.776873
vn -0.140212 -0.020826 -0.989903
vn 0.000000 0.775888 -0.630871
vn -0.490169 0.395224 -0.776873
vn 0.000000 0.775888 -0.630871
vn 0.000000 0.771721 -0.635962
vn 0.000000 0.549890 -0.835237
vn 0.000000 0.771721 -0.635962
vn 0.768772 0.291254 -0.569351
vn 0.000000 0.775888 -0.630871
vn -0.140212 -0.020826 -0.989903
vn 0.490169 0.395224 -0.776873
vn 0.000000 0.775888 -0.630871
vn 0.490169 0.395224 -0.776873
vn 0.000000 0.771721 -0.635962
vn 0.768772 0.291254 -0.569351
vn 0.000000 0.771721 -0.635962
vn 0.845866 0.424590 -0.322853
vn 0.845866 0.424590 -0.322853
vn 0.000000 0.771721 -0.635962
vn 0.490169 0.395224 -0.776873
vn 0.768772 0.291254 -0.569351
vn 0.845866 0.424590 -0.322853
vn 0.910210 0.089331 -0.404397
vn 0.910210 0.089331 -0.404397
vn 0.845866 0.424590 -0.322853
vn 0.490169 0.395224 -0.776873
vn 0.768772 0.291254 -0.569351
vn 0.910210 0.089331 -0.404397
vn 0.748630 -0.662799 -0.015792
vn 0.910210 0.089331 -0.404397
vn 0.490169 0.395224 -0.776873
vn 0.228292 0.159976 -0.960360
vn 0.228292 0.159976 -0.960360
vn 0.490169 0.395224 -0.776873
vn 0.309844 0.357647 -0.880957
vn 0.228292 0.159976 -0.960360
vn 0.309844 0.357647 -0.880957
vn 0.499848 0.232113 -0.834431
vn 0.565655 0.203676 -0.799094
vn 0.490169 0.395224 -0.776873
vn -0.140212 -0.020826 -0.989903
vn 0.490169 0.395224 -0.776873
vn 0.565655 0.203676 -0.799094
vn 0.309844 0.357647 -0.880957
vn 0.499848 0.232113 -0.834431
vn 0.309844 0.357647 -0.880957
vn 0.658727 0.627587 -0.414986
vn 0.499848 0.232113 -0.834431
vn 0.658727 0.627587 -0.414986
vn 0.838226 0.462791 -0.288447
vn 0.838226 0.462791 -0.288447
vn 0.658727 0.627587 -0.414986
vn 0.698664 0.539614 0.469771
vn 0.658727 0.627587 -0.414986
vn 0.309844 0.357647 -0.880957
vn 0.620633 0.744686 -0.245473
vn 0.620633 0.744686 -0.245473
vn 0.309844 0.357647 -0.880957
vn 0.565655 0.203676 -0.799094
vn 0.698664 0.539614 0.469771
vn 0.658727 0.627587 -0.414986
vn 0.430039 0.645074 0.631622
vn 0.430039 0.645074 0.631622
vn 0.658727 0.627587 -0.414986
vn 0.620633 0.744686 -0.245473
vn 0.698664 0.539614 0.469771
vn 0.430039 0.645074 0.631622
vn 0.784811 0.614784 0.078177
vn 0.620633 0.744686 -0.245473
vn 0.565655 0.203676 -0.799094
vn 0.869512 0.456984 -0.187387
vn 0.430039 0.645074 0.631622
vn 0.620633 0.744686 -0.245473
vn 0.609870 0.581134 0.538833
vn 0.430039 0.645074 0.631622
vn 0.609870 0.581134 0.538833
vn 0.784811 0.614784 0.078177
vn 0.620633 0.744686 -0.245473
vn 0.869512 0.456984 -0.187387
vn 0.982076 0.094108 -0.163308
vn 0.620633 0.744686 -0.245473
vn 0.982076 0.094108 -0.163308
vn 0.609870 0.581134 0.538833
vn 0.869512 0.456984 -0.187387
vn 0.565655 0.203676 -0.799094
vn 0.803357 -0.229623 -0.549446
vn 0.869512 0.456984 -0.187387
vn 0.803357 -0.229623 -0.549446
vn 0.982076 0.094108 -0.163308
vn 0.609870 0.581134 0.538833
vn 0.982076 0.094108 -0.163308
vn 0.942124 0.334552 -0.021844
vn 0.609870 0.581134 0.538833
vn 0.942124 0.334552 -0.021844
vn 0.784811 0.614784 0.078177
vn 0.942124 0.334552 -0.021844
vn 0.982076 0.094108 -0.163308
vn 0.989346 0.081506 -0.120627
vn 0.942124 0.334552 -0.021844
vn 0.989346 0.081506 -0.120627
vn 0.784811 0.614784 0.078177
vn 0.982076 0.094108 -0.163308
vn 0.803357 -0.229623 -0.549446
vn 0.957781 -0.248653 -0.144313
vn 0.982076 0.094108 -0.163308
vn 0.957781 -0.248653 -0.144313
vn 0.989346 0.081506 -0.120627
vn 0.513628 -0.498069 -0.698651
vn 0.803357 -0.229623 -0.549446
vn 0.565655 0.203676 -0.799094
vn 0.513628 -0.498069 -0.698651
vn 0.565655 0.203676 -0.799094
vn -0.140212 -0.020826 -0.989903
vn 0.513628 -0.498069 -0.698651
vn -0.140212 -0.020826 -0.989903
vn 0.072511 -0.473881 -0.877598
vn 0.803357 -0.229623 -0.549446
vn 0.513628 -0.498069 -0.698651
vn 0.832165 -0.234963 -0.502289
vn 0.803357 -0.229623 -0.549446
vn 0.832165 -0.234963 -0.502289
vn 0.957781 -0.248653 -0.144313
vn 0.513628 -0.498069 -0.698651
vn 0.072511 -0.473881 -0.877598
vn -0.062881 -0.391374 -0.918081
vn 0.513628 -0.498069 -0.698651
vn -0.062881 -0.391374 -0.918081
vn 0.832165 -0.234963 -0.502289
vn 0.957781 -0.248653 -0.144313
vn 0.832165 -0.234963 -0.502289
vn 0.923036 0.310593 0.227017
vn 0.880367 0.180804 0.438478
vn 0.989346 0.081506 -0.120627
vn 0.957781 -0.248653 -0.144313
vn -0.062881 -0.391374 -0.918081
vn 0.072511 -0.473881 -0.877598
vn -0.648057 -0.527236 -0.549587
vn 0.989346 0.081506 -0.120627
vn 0.880367 0.180804 0.438478
vn 0.774300 0.444859 -0.450067
vn 0.989346 0.081506 -0.120627
vn 0.774300 0.444859 -0.450067
vn 0.784811 0.614784 0.078177
vn 0.774300 0.444859 -0.450067
vn 0.880367 0.180804 0.438478
vn 0.265735 0.587958 0.763996
vn 0.265735 0.587958 0.763996
vn 0.880367 0.180804 0.438478
vn 0.477673 0.227035 0.848695
vn 0.784811 0.614784 0.078177
vn 0.774300 0.444859 -0.450067
vn 0.734147 0.602328 -0.313416
vn 0.734147 0.602328 -0.313416
vn 0.774300 0.444859 -0.450067
vn 0.265735 0.587958 0.763996
vn 0.784811 0.614784 0.078177
vn 0.734147 0.602328 -0.313416
vn 0.827322 0.540509 -0.152929
vn 0.265735 0.587958 0.763996
vn 0.477673 0.227035 0.848695
vn 0.275729 0.611576 0.741585
vn 0.265735 0.587958 0.763996
vn 0.275729 0.611576 0.741585
vn 0.734147 0.602328 -0.313416
vn 0.275729 0.611576 0.741585
vn 0.477673 0.227035 0.848695
vn 0.537034 0.574309 0.617871
vn 0.827322 0.540509 -0.152929
vn 0.734147 0.602328 -0.313416
vn 0.537034 0.574309 0.617871
vn 0.537034 0.574309 0.617871
vn 0.734147 0.602328 -0.313416
vn 0.275729 0.611576 0.741585
vn -0.122755 -0.062512 -0.990466
vn -0.062881 -0.391374 -0.918081
vn -0.648057 -0.527236 -0.549587
vn -0.122755 -0.062512 -0.990466
vn -0.648057 -0.527236 -0.549587
vn -0.611206 -0.676413 -0.410966
vn -0.062881 -0.391374 -0.918081
vn -0.122755 -0.062512 -0.990466
vn 0.457965 0.253261 -0.852131
vn -0.122755 -0.062512 -0.990466
vn -0.611206 -0.676413 -0.410966
vn 0.017721 0.301805 -0.953205
vn -0.122755 -0.062512 -0.990466
vn 0.017721 0.301805 -0.953205
vn 0.457965 0.253261 -0.852131
vn -0.062881 -0.391374 -0.918081
vn 0.457965 0.253261 -0.852131
vn 0.701221 -0.052902 -0.710978
vn -0.062881 -0.391374 -0.918081
vn 0.701221 -0.052902 -0.710978
vn 0.832165 -0.234963 -0.502289
vn 0.832165 -0.234963 -0.502289
vn 0.701221 -0.052902 -0.710978
vn 0.923036 0.310593 0.227017
vn 0.923036 0.310593 0.227017
vn 0.701221 -0.052902 -0.710978
vn 0.882572 0.359368 -0.303185
vn 0.882572 0.359368 -0.303185
vn 0.701221 -0.052902 -0.710978
vn 0.457965 0.253261 -0.852131
vn 0.923036 0.310593 0.227017
vn 0.882572 0.359368 -0.303185
vn 0.706680 0.615780 0.348452
vn 0.706680 0.615780 0.348452
vn 0.882572 0.359368 -0.303185
vn 0.896243 0.427293 0.119036
vn 0.706680 0.615780 0.348452
vn 0.896243 0.427293 0.119036
vn 0.372562 0.082361 0.924345
vn 0.882572 0.359368 -0.303185
vn 0.457965 0.253261 -0.852131
vn 0.641189 0.439283 -0.629211
vn 0.882572 0.359368 -0.303185
vn 0.641189 0.439283 -0.629211
vn 0.896243 0.427293 0.119036
vn 0.641189 0.439283 -0.629211
vn 0.457965 0.253261 -0.852131
vn 0.062589 0.382477 -0.921843
vn 0.062589 0.382477 -0.921843
vn 0.457965 0.253261 -0.852131
vn 0.017721 0.301805 -0.953205
vn 0.896243 0.427293 0.119036
vn 0.641189 0.439283 -0.629211
vn 0.886411 0.351087 -0.301684
vn 0.372562 0.082361 0.924345
vn 0.896243 0.427293 0.119036
vn 0.943381 -0.139328 0.301031
vn 0.943381 -0.139328 0.301031
vn 0.896243 0.427293 0.119036
vn 0.886411 0.351087 -0.301684
vn 0.886411 0.351087 -0.301684
vn 0.641189 0.439283 -0.629211
vn 0.351132 0.513510 -0.782952
vn 0.351132 0.513510 -0.782952
vn 0.641189 0.439283 -0.629211
vn 0.062589 0.382477 -0.921843
vn 0.943381 -0.139328 0.301031
vn 0.886411 0.351087 -0.301684
vn 0.961896 -0.273039 -0.014373
vn 0.372562 0.082361 0.924345
vn 0.943381 -0.139328 0.301031
vn 0.175354 -0.614117 0.769488
vn 0.372562 0.082361 0.924345
vn 0.175354 -0.614117 0.769488
vn -0.681797 -0.351058 0.641803
vn 0.886411 0.351087 -0.301684
vn 0.351132 0.513510 -0.782952
vn 0.782442 0.257157 -0.567146
vn 0.886411 0.351087 -0.301684
vn 0.782442 0.257157 -0.567146
vn 0.961896 -0.273039 -0.014373
vn 0.351132 0.513510 -0.782952
vn 0.062589 0.382477 -0.921843
vn -0.470041 0.456650 -0.755336
vn 0.175354 -0.614117 0.769488
vn 0.943381 -0.139328 0.301031
vn 0.547599 -0.618674 0.563362
vn 0.547599 -0.618674 0.563362
vn 0.943381 -0.139328 0.301031
vn 0.961896 -0.273039 -0.014373
vn 0.782442 0.257157 -0.567146
vn 0.351132 0.513510 -0.782952
vn -0.148969 0.671160 -0.726191
vn -0.148969 0.671160 -0.726191
vn 0.351132 0.513510 -0.782952
vn -0.470041 0.456650 -0.755336
vn 0.961896 -0.273039 -0.014373
vn 0.782442 0.257157 -0.567146
vn 0.514008 -0.095007 -0.852508
vn 0.514008 -0.095007 -0.852508
vn 0.782442 0.257157 -0.567146
vn -0.148969 0.671160 -0.726191
vn 0.547599 -0.618674 0.563362
vn 0.961896 -0.273039 -0.014373
vn 0.656231 -0.533699 0.533410
vn 0.961896 -0.273039 -0.014373
vn 0.514008 -0.095007 -0.852508
vn 0.874122 -0.448437 -0.186586
vn 0.961896 -0.273039 -0.014373
vn 0.874122 -0.448437 -0.186586
vn 0.656231 -0.533699 0.533410
vn 0.874122 -0.448437 -0.186586
vn 0.514008 -0.095007 -0.852508
vn 0.118175 -0.489668 -0.863864
vn 0.547599 -0.618674 0.563362
vn 0.656231 -0.533699 0.533410
vn -0.052855 -0.195391 0.979300
vn 0.547599 -0.618674 0.563362
vn -0.052855 -0.195391 0.979300
vn -0.297425 -0.521190 0.799937
vn 0.547599 -0.618674 0.563362
vn -0.297425 -0.521190 0.799937
vn 0.175354 -0.614117 0.769488
vn -0.052855 -0.195391 0.979300
vn 0.656231 -0.533699 0.533410
vn 0.231369 -0.345413 0.909482
vn 0.175354 -0.614117 0.769488
vn -0.297425 -0.521190 0.799937
vn -0.807757 -0.386587 0.445060
vn 0.175354 -0.614117 0.769488
vn -0.807757 -0.386587 0.445060
vn -0.681797 -0.351058 0.641803
vn -0.297425 -0.521190 0.799937
vn -0.052855 -0.195391 0.979300
vn -0.622967 0.223083 0.749764
vn -0.622967 0.223083 0.749764
vn -0.052855 -0.195391 0.979300
vn 0.231369 -0.345413 0.909482
vn 0.901104 -0.412571 0.133407
vn 0.656231 -0.533699 0.533410
vn 0.874122 -0.448437 -0.186586
vn 0.656231 -0.533699 0.533410
vn 0.901104 -0.412571 0.133407
vn 0.231369 -0.345413 0.909482
vn 0.901104 -0.412571 0.133407
vn 0.874122 -0.448437 -0.186586
vn 0.837207 -0.482326 -0.257771
vn 0.837207 -0.482326 -0.257771
vn 0.874122 -0.448437 -0.186586
vn 0.118175 -0.489668 -0.863864
vn 0.231369 -0.345413 0.909482
vn 0.901104 -0.412571 0.133407
vn 0.029141 -0.907977 0.418005
vn -0.297425 -0.521190 0.799937
vn -0.622967 0.223083 0.749764
vn -0.828940 -0.156035 0.537133
vn -0.297425 -0.521190 0.799937
vn -0.828940 -0.156035 0.537133
vn -0.807757 -0.386587 0.445060
vn -0.572823 0.385012 0.723629
vn -0.622967 0.223083 0.749764
vn 0.231369 -0.345413 0.909482
vn -0.572823 0.385012 0.723629
vn 0.231369 -0.345413 0.909482
vn 0.029141 -0.907977 0.418005
vn -0.828940 -0.156035 0.537133
vn -0.622967 0.223083 0.749764
vn -0.769045 0.144112 0.622737
vn -0.781540 -0.523854 0.338781
vn -0.681797 -0.351058 0.641803
vn -0.807757 -0.386587 0.445060
vn -0.681797 -0.351058 0.641803
vn -0.781540 -0.523854 0.338781
vn -0.611206 -0.676413 -0.410966
vn -0.807757 -0.386587 0.445060
vn -0.828940 -0.156035 0.537133
vn -0.993272 0.024979 -0.113077
vn -0.781540 -0.523854 0.338781
vn -0.807757 -0.386587 0.445060
vn -0.834013 0.551691 -0.007708
vn -0.834013 0.551691 -0.007708
vn -0.807757 -0.386587 0.445060
vn -0.993272 0.024979 -0.113077
vn -0.611206 -0.676413 -0.410966
vn -0.781540 -0.523854 0.338781
vn -0.610531 -0.161212 0.775411
vn -0.610531 -0.161212 0.775411
vn -0.781540 -0.523854 0.338781
vn -0.834013 0.551691 -0.007708
vn -0.993272 0.024979 -0.113077
vn -0.828940 -0.156035 0.537133
vn -0.939357 0.342941 0.000000
vn -0.939357 0.342941 0.000000
vn -0.828940 -0.156035 0.537133
vn -0.769045 0.144112 0.622737
vn -0.993272 0.024979 -0.113077
vn -0.939357 0.342941 0.000000
vn -0.470041 0.456650 -0.755336
vn -0.993272 0.024979 -0.113077
vn -0.470041 0.456650 -0.755336
vn -0.834013 0.551691 -0.007708
vn -0.834013 0.551691 -0.007708
vn -0.470041 0.456650 -0.755336
vn 0.062589 0.382477 -0.921843
vn -0.834013 0.551691 -0.007708
vn 0.062589 0.382477 -0.921843
vn 0.017721 0.301805 -0.953205
vn -0.470041 0.456650 -0.755336
vn -0.939357 0.342941 0.000000
vn -0.148969 0.671160 -0.726191
vn -0.148969 0.671160 -0.726191
vn -0.939357 0.342941 0.000000
vn -0.951951 0.202781 -0.229496
vn -0.951951 0.202781 -0.229496
vn -0.939357 0.342941 0.000000
vn -0.769045 0.144112 0.622737
vn -0.148969 0.671160 -0.726191
vn -0.951951 0.202781 -0.229496
vn -0.101450 0.620996 -0.777221
vn -0.240835 -0.877580 -0.414550
vn 0.017721 0.301805 -0.953205
vn -0.611206 -0.676413 -0.410966
vn -0.240835 -0.877580 -0.414550
vn -0.611206 -0.676413 -0.410966
vn -0.610531 -0.161212 0.775411
vn 0.017721 0.301805 -0.953205
vn -0.240835 -0.877580 -0.414550
vn 0.520464 0.316087 -0.793225
vn 0.017721 0.301805 -0.953205
vn 0.520464 0.316087 -0.793225
vn -0.834013 0.551691 -0.007708
vn -0.240835 -0.877580 -0.414550
vn -0.610531 -0.161212 0.775411
vn -0.253444 -0.949782 -0.183521
vn -0.240835 -0.877580 -0.414550
vn -0.253444 -0.949782 -0.183521
vn 0.520464 0.316087 -0.793225
vn 0.097395 0.918103 0.384188
vn -0.610531 -0.161212 0.775411
vn -0.834013 0.551691 -0.007708
vn 0.097395 0.918103 0.384188
vn -0.834013 0.551691 -0.007708
vn 0.520464 0.316087 -0.793225
vn -0.610531 -0.161212 0.775411
vn 0.097395 0.918103 0.384188
vn -0.166990 0.132282 0.977045
vn -0.610531 -0.161212 0.775411
vn -0.166990 0.132282 0.977045
vn -0.253444 -0.949782 -0.183521
vn 0.097395 0.918103 0.384188
vn 0.520464 0.316087 -0.793225
vn 0.727150 0.274612 -0.629159
vn 0.097395 0.918103 0.384188
vn 0.727150 0.274612 -0.629159
vn -0.166990 0.132282 0.977045
vn 0.727150 0.274612 -0.629159
vn 0.520464 0.316087 -0.793225
vn -0.253444 -0.949782 -0.183521
vn -0.166990 0.132282 0.977045
vn 0.727150 0.274612 -0.629159
vn 0.924380 -0.369366 -0.095339
vn 0.727150 0.274612 -0.629159
vn -0.253444 -0.949782 -0.183521
vn 0.508567 0.211674 -0.834598
vn 0.727150 0.274612 -0.629159
vn 0.508567 0.211674 -0.834598
vn 0.924380 -0.369366 -0.095339
vn -0.253444 -0.949782 -0.183521
vn -0.166990 0.132282 0.977045
vn -0.879984 -0.264633 0.394459
vn -0.879984 -0.264633 0.394459
vn -0.166990 0.132282 0.977045
vn 0.324262 -0.704545 0.631245
vn 0.324262 -0.704545 0.631245
vn -0.166990 0.132282 0.977045
vn 0.924380 -0.369366 -0.095339
vn -0.253444 -0.949782 -0.183521
vn -0.879984 -0.264633 0.394459
vn -0.439579 -0.893246 0.094239
vn -0.253444 -0.949782 -0.183521
vn -0.439579 -0.893246 0.094239
vn 0.508567 0.211674 -0.834598
vn 0.324262 -0.704545 0.631245
vn 0.924380 -0.369366 -0.095339
vn 0.636185 -0.367752 0.678253
vn 0.924380 -0.369366 -0.095339
vn 0.508567 0.211674 -0.834598
vn 0.129734 -0.660661 -0.739389
vn 0.129734 -0.660661 -0.739389
vn 0.508567 0.211674 -0.834598
vn -0.879984 -0.264633 0.394459
vn 0.636185 -0.367752 0.678253
vn 0.924380 -0.369366 -0.095339
vn 0.430230 -0.652613 0.623697
vn 0.430230 -0.652613 0.623697
vn 0.924380 -0.369366 -0.095339
vn 0.129734 -0.660661 -0.739389
vn -0.879984 -0.264633 0.394459
vn 0.508567 0.211674 -0.834598
vn -0.596452 0.672930 0.437505
vn -0.879984 -0.264633 0.394459
vn -0.596452 0.672930 0.437505
vn -0.439579 -0.893246 0.094239
vn -0.596452 0.672930 0.437505
vn 0.508567 0.211674 -0.834598
vn 0.986832 -0.043777 -0.155709
vn 0.986832 -0.043777 -0.155709
vn 0.508567 0.211674 -0.834598
vn -0.439579 -0.893246 0.094239
vn 0.129734 -0.660661 -0.739389
vn -0.879984 -0.264633 0.394459
vn -0.445087 -0.847687 -0.288658
vn -0.445087 -0.847687 -0.288658
vn -0.879984 -0.264633 0.394459
vn 0.324262 -0.704545 0.631245
vn -0.445087 -0.847687 -0.288658
vn 0.324262 -0.704545 0.631245
vn 0.078064 -0.912122 0.402417
vn 0.078064 -0.912122 0.402417
vn 0.324262 -0.704545 0.631245
vn 0.636185 -0.367752 0.678253
vn -0.596452 0.672930 0.437505
vn 0.986832 -0.043777 -0.155709
vn 0.811105 0.308148 0.497145
vn 0.986832 -0.043777 -0.155709
vn -0.439579 -0.893246 0.094239
vn 0.470672 -0.745691 -0.471607
vn 0.986832 -0.043777 -0.155709
vn 0.470672 -0.745691 -0.471607
vn 0.811105 0.308148 0.497145
vn -0.773790 -0.250457 0.581824
vn -0.439579 -0.893246 0.094239
vn -0.596452 0.672930 0.437505
vn -0.773790 -0.250457 0.581824
vn -0.596452 0.672930 0.437505
vn 0.811105 0.308148 0.497145
vn 0.470672 -0.745691 -0.471607
vn -0.439579 -0.893246 0.094239
vn -0.474312 -0.766192 -0.433565
vn -0.474312 -0.766192 -0.433565
vn -0.439579 -0.893246 0.094239
vn -0.773790 -0.250457 0.581824
vn 0.811105 0.308148 0.497145
vn 0.470672 -0.745691 -0.471607
vn 0.956485 -0.273785 0.100883
vn 0.470672 -0.745691 -0.471607
vn -0.474312 -0.766192 -0.433565
vn 0.528978 -0.302253 -0.792985
vn 0.470672 -0.745691 -0.471607
vn 0.528978 -0.302253 -0.792985
vn 0.956485 -0.273785 0.100883
vn 0.528978 -0.302253 -0.792985
vn -0.474312 -0.766192 -0.433565
vn -0.509796 -0.321701 -0.797882
vn -0.474312 -0.766192 -0.433565
vn -0.773790 -0.250457 0.581824
vn -0.947976 -0.301661 0.101694
vn -0.474312 -0.766192 -0.433565
vn -0.947976 -0.301661 0.101694
vn -0.509796 -0.321701 -0.797882
vn -0.227067 -0.771952 0.593743
vn -0.773790 -0.250457 0.581824
vn 0.811105 0.308148 0.497145
vn -0.773790 -0.250457 0.581824
vn -0.227067 -0.771952 0.593743
vn -0.947976 -0.301661 0.101694
vn -0.258091 -0.848080 0.462764
vn 0.811105 0.308148 0.497145
vn 0.956485 -0.273785 0.100883
vn 0.811105 0.308148 0.497145
vn -0.258091 -0.848080 0.462764
vn -0.227067 -0.771952 0.593743
vn 0.528978 -0.302253 -0.792985
vn -0.509796 -0.321701 -0.797882
vn -0.656724 -0.547973 -0.518111
vn -0.656724 -0.547973 -0.518111
vn -0.509796 -0.321701 -0.797882
vn -0.947976 -0.301661 0.101694
vn 0.654339 -0.581379 -0.483569
vn 0.956485 -0.273785 0.100883
vn 0.528978 -0.302253 -0.792985
vn 0.654339 -0.581379 -0.483569
vn 0.528978 -0.302253 -0.792985
vn -0.656724 -0.547973 -0.518111
vn 0.956485 -0.273785 0.100883
vn 0.654339 -0.581379 -0.483569
vn 0.597711 -0.363687 -0.714474
vn 0.956485 -0.273785 0.100883
vn 0.597711 -0.363687 -0.714474
vn -0.258091 -0.848080 0.462764
vn -0.796767 -0.436442 -0.417949
vn -0.947976 -0.301661 0.101694
vn -0.227067 -0.771952 0.593743
vn -0.947976 -0.301661 0.101694
vn -0.796767 -0.436442 -0.417949
vn -0.656724 -0.547973 -0.518111
vn -0.137985 -0.983751 0.114869
vn -0.227067 -0.771952 0.593743
vn -0.258091 -0.848080 0.462764
vn 0.654339 -0.581379 -0.483569
vn -0.656724 -0.547973 -0.518111
vn 0.251358 -0.903674 -0.346686
vn 0.654339 -0.581379 -0.483569
vn 0.251358 -0.903674 -0.346686
vn 0.915571 -0.336734 -0.219863
vn 0.654339 -0.581379 -0.483569
vn 0.915571 -0.336734 -0.219863
vn 0.597711 -0.363687 -0.714474
vn 0.251358 -0.903674 -0.346686
vn -0.656724 -0.547973 -0.518111
vn -0.398092 -0.544697 -0.738124
vn -0.398092 -0.544697 -0.738124
vn -0.656724 -0.547973 -0.518111
vn -0.907920 -0.336928 -0.249322
vn -0.907920 -0.336928 -0.249322
vn -0.656724 -0.547973 -0.518111
vn -0.796767 -0.436442 -0.417949
vn 0.251358 -0.903674 -0.346686
vn -0.398092 -0.544697 -0.738124
vn 0.464259 -0.360826 -0.808869
vn 0.251358 -0.903674 -0.346686
vn 0.464259 -0.360826 -0.808869
vn 0.915571 -0.336734 -0.219863
vn -0.398092 -0.544697 -0.738124
vn -0.907920 -0.336928 -0.249322
vn -0.456184 0.368318 -0.810085
vn -0.398092 -0.544697 -0.738124
vn -0.456184 0.368318 -0.810085
vn 0.464259 -0.360826 -0.808869
vn -0.456184 0.368318 -0.810085
vn -0.907920 -0.336928 -0.249322
vn -0.847155 0.116148 -0.518495
vn -0.847155 0.116148 -0.518495
vn -0.907920 -0.336928 -0.249322
vn -0.796767 -0.436442 -0.417949
vn 0.464259 -0.360826 -0.808869
vn -0.456184 0.368318 -0.810085
vn 0.491092 0.375128 -0.786198
vn -0.456184 0.368318 -0.810085
vn -0.847155 0.116148 -0.518495
vn 0.432573 0.685329 -0.585837
vn -0.456184 0.368318 -0.810085
vn 0.432573 0.685329 -0.585837
vn 0.491092 0.375128 -0.786198
vn 0.464259 -0.360826 -0.808869
vn 0.491092 0.375128 -0.786198
vn 0.894474 0.406767 -0.185627
vn 0.464259 -0.360826 -0.808869
vn 0.894474 0.406767 -0.185627
vn 0.915571 -0.336734 -0.219863
vn 0.894474 0.406767 -0.185627
vn 0.491092 0.375128 -0.786198
vn 0.432573 0.685329 -0.585837
vn 0.915571 -0.336734 -0.219863
vn 0.894474 0.406767 -0.185627
vn 0.570414 0.141627 -0.809055
vn 0.570414 0.141627 -0.809055
vn 0.894474 0.406767 -0.185627
vn 0.432573 0.685329 -0.585837
vn 0.915571 -0.336734 -0.219863
vn 0.570414 0.141627 -0.809055
vn 0.597711 -0.363687 -0.714474
vn -0.621474 0.256268 -0.740336
vn -0.847155 0.116148 -0.518495
vn -0.796767 -0.436442 -0.417949
vn -0.505514 0.365924 -0.781380
vn 0.432573 0.685329 -0.585837
vn -0.847155 0.116148 -0.518495
vn -0.505514 0.365924 -0.781380
vn -0.847155 0.116148 -0.518495
vn -0.621474 0.256268 -0.740336
vn 0.432573 0.685329 -0.585837
vn -0.505514 0.365924 -0.781380
vn 0.461970 0.499664 -0.732748
vn 0.432573 0.685329 -0.585837
vn 0.461970 0.499664 -0.732748
vn 0.570414 0.141627 -0.809055
vn 0.461970 0.499664 -0.732748
vn -0.505514 0.365924 -0.781380
vn -0.378435 0.839381 -0.390163
vn -0.378435 0.839381 -0.390163
vn -0.505514 0.365924 -0.781380
vn -0.156296 0.913105 -0.376577
vn -0.156296 0.913105 -0.376577
vn -0.505514 0.365924 -0.781380
vn -0.621474 0.256268 -0.740336
vn 0.461970 0.499664 -0.732748
vn -0.378435 0.839381 -0.390163
vn 0.268575 0.866209 -0.421367
vn -0.378435 0.839381 -0.390163
vn -0.156296 0.913105 -0.376577
vn 0.714879 0.615234 -0.332318
vn -0.378435 0.839381 -0.390163
vn 0.714879 0.615234 -0.332318
vn 0.268575 0.866209 -0.421367
vn -0.156296 0.913105 -0.376577
vn -0.621474 0.256268 -0.740336
vn -0.302909 0.437557 -0.846634
vn -0.156296 0.913105 -0.376577
vn -0.302909 0.437557 -0.846634
vn 0.714879 0.615234 -0.332318
vn 0.461970 0.499664 -0.732748
vn 0.268575 0.866209 -0.421367
vn 0.885684 0.463320 0.029963
vn 0.461970 0.499664 -0.732748
vn 0.885684 0.463320 0.029963
vn 0.570414 0.141627 -0.809055
vn 0.885684 0.463320 0.029963
vn 0.268575 0.866209 -0.421367
vn 0.582402 0.812859 0.008288
vn 0.582402 0.812859 0.008288
vn 0.268575 0.866209 -0.421367
vn 0.714879 0.615234 -0.332318
vn 0.582402 0.812859 0.008288
vn 0.714879 0.615234 -0.332318
vn 0.885684 0.463320 0.029963
vn 0.885684 0.463320 0.029963
vn 0.714879 0.615234 -0.332318
vn 0.738060 0.640339 -0.212683
vn 0.885684 0.463320 0.029963
vn 0.738060 0.640339 -0.212683
vn 0.570414 0.141627 -0.809055
vn 0.570414 0.141627 -0.809055
vn 0.738060 0.640339 -0.212683
vn -0.768169 -0.446240 -0.459116
vn 0.570414 0.141627 -0.809055
vn -0.768169 -0.446240 -0.459116
vn 0.272042 0.222451 -0.936220
vn -0.768169 -0.446240 -0.459116
vn 0.738060 0.640339 -0.212683
vn -0.144280 0.838144 -0.526021
vn -0.768169 -0.446240 -0.459116
vn -0.144280 0.838144 -0.526021
vn 0.272042 0.222451 -0.936220
vn 0.738060 0.640339 -0.212683
vn 0.714879 0.615234 -0.332318
vn 0.677779 0.649939 -0.343795
vn 0.738060 0.640339 -0.212683
vn 0.677779 0.649939 -0.343795
vn -0.144280 0.838144 -0.526021
vn 0.570414 0.141627 -0.809055
vn 0.272042 0.222451 -0.936220
vn 0.124111 -0.273879 -0.953723
vn 0.570414 0.141627 -0.809055
vn 0.124111 -0.273879 -0.953723
vn 0.597711 -0.363687 -0.714474
vn 0.272042 0.222451 -0.936220
vn -0.144280 0.838144 -0.526021
vn 0.206887 0.767287 -0.607016
vn 0.597711 -0.363687 -0.714474
vn 0.124111 -0.273879 -0.953723
vn -0.411773 -0.785816 -0.461450
vn 0.597711 -0.363687 -0.714474
vn -0.411773 -0.785816 -0.461450
vn -0.258091 -0.848080 0.462764
vn 0.124111 -0.273879 -0.953723
vn 0.272042 0.222451 -0.936220
vn 0.444146 0.255251 -0.858826
vn 0.272042 0.222451 -0.936220
vn 0.206887 0.767287 -0.607016
vn 0.610333 0.728825 -0.310336
vn 0.610333 0.728825 -0.310336
vn 0.206887 0.767287 -0.607016
vn -0.144280 0.838144 -0.526021
vn 0.272042 0.222451 -0.936220
vn 0.610333 0.728825 -0.310336
vn 0.444146 0.255251 -0.858826
vn 0.610333 0.728825 -0.310336
vn -0.144280 0.838144 -0.526021
vn 0.624598 0.724240 0.292153
vn 0.610333 0.728825 -0.310336
vn 0.624598 0.724240 0.292153
vn 0.490302 0.851481 -0.185969
vn 0.610333 0.728825 -0.310336
vn 0.490302 0.851481 -0.185969
vn 0.444146 0.255251 -0.858826
vn 0.624598 0.724240 0.292153
vn -0.144280 0.838144 -0.526021
vn 0.697917 0.687528 -0.200542
vn 0.697917 0.687528 -0.200542
vn -0.144280 0.838144 -0.526021
vn 0.677779 0.649939 -0.343795
vn 0.490302 0.851481 -0.185969
vn 0.624598 0.724240 0.292153
vn 0.825114 0.413513 0.384959
vn 0.825114 0.413513 0.384959
vn 0.624598 0.724240 0.292153
vn 0.697917 0.687528 -0.200542
vn 0.444146 0.255251 -0.858826
vn 0.490302 0.851481 -0.185969
vn 0.326119 0.858591 -0.395560
vn 0.326119 0.858591 -0.395560
vn 0.490302 0.851481 -0.185969
vn 0.286759 0.848056 0.445612
vn 0.286759 0.848056 0.445612
vn 0.490302 0.851481 -0.185969
vn 0.825114 0.413513 0.384959
vn 0.444146 0.255251 -0.858826
vn 0.326119 0.858591 -0.395560
vn 0.534051 0.286583 -0.795399
vn 0.444146 0.255251 -0.858826
vn 0.534051 0.286583 -0.795399
vn 0.343725 -0.314173 -0.884956
vn 0.444146 0.255251 -0.858826
vn 0.343725 -0.314173 -0.884956
vn 0.124111 -0.273879 -0.953723
vn 0.534051 0.286583 -0.795399
vn 0.326119 0.858591 -0.395560
vn 0.951013 0.309066 -0.007287
vn 0.951013 0.309066 -0.007287
vn 0.326119 0.858591 -0.395560
vn 0.286759 0.848056 0.445612
vn 0.534051 0.286583 -0.795399
vn 0.951013 0.309066 -0.007287
vn 0.562436 -0.342720 -0.752469
vn 0.534051 0.286583 -0.795399
vn 0.562436 -0.342720 -0.752469
vn 0.343725 -0.314173 -0.884956
vn 0.951013 0.309066 -0.007287
vn 0.286759 0.848056 0.445612
vn 0.762014 0.291867 0.578055
vn 0.124111 -0.273879 -0.953723
vn 0.343725 -0.314173 -0.884956
vn 0.356006 -0.764401 -0.537540
vn 0.124111 -0.273879 -0.953723
vn 0.356006 -0.764401 -0.537540
vn -0.411773 -0.785816 -0.461450
vn 0.356006 -0.764401 -0.537540
vn 0.343725 -0.314173 -0.884956
vn 0.517916 -0.850376 0.092864
vn 0.356006 -0.764401 -0.537540
vn 0.517916 -0.850376 0.092864
vn -0.411773 -0.785816 -0.461450
vn 0.762014 0.291867 0.578055
vn 0.286759 0.848056 0.445612
vn 0.185670 0.301163 0.935322
vn 0.185670 0.301163 0.935322
vn 0.286759 0.848056 0.445612
vn 0.825114 0.413513 0.384959
vn 0.951013 0.309066 -0.007287
vn 0.762014 0.291867 0.578055
vn 0.914482 -0.404626 0.000000
vn 0.951013 0.309066 -0.007287
vn 0.914482 -0.404626 0.000000
vn 0.562436 -0.342720 -0.752469
vn 0.762014 0.291867 0.578055
vn 0.185670 0.301163 0.935322
vn 0.735952 -0.440630 0.514023
vn 0.762014 0.291867 0.578055
vn 0.735952 -0.440630 0.514023
vn 0.914482 -0.404626 0.000000
vn 0.735952 -0.440630 0.514023
vn 0.185670 0.301163 0.935322
vn 0.082157 -0.556804 0.826571
vn 0.562436 -0.342720 -0.752469
vn 0.914482 -0.404626 0.000000
vn 0.382855 -0.864349 -0.326073
vn 0.562436 -0.342720 -0.752469
vn 0.382855 -0.864349 -0.326073
vn 0.343725 -0.314173 -0.884956
vn 0.914482 -0.404626 0.000000
vn 0.735952 -0.440630 0.514023
vn 0.205812 -0.962684 0.175727
vn 0.205812 -0.962684 0.175727
vn 0.735952 -0.440630 0.514023
vn 0.082157 -0.556804 0.826571
vn 0.914482 -0.404626 0.000000
vn 0.205812 -0.962684 0.175727
vn 0.382855 -0.864349 -0.326073
vn 0.082157 -0.556804 0.826571
vn 0.185670 0.301163 0.935322
vn 0.430230 -0.652613 0.623697
vn 0.082157 -0.556804 0.826571
vn 0.430230 -0.652613 0.623697
vn 0.205812 -0.962684 0.175727
vn 0.430230 -0.652613 0.623697
vn 0.185670 0.301163 0.935322
vn 0.825114 0.413513 0.384959
vn 0.343725 -0.314173 -0.884956
vn 0.382855 -0.864349 -0.326073
vn 0.000000 -0.874014 -0.485901
vn 0.343725 -0.314173 -0.884956
vn 0.000000 -0.874014 -0.485901
vn 0.517916 -0.850376 0.092864
vn 0.382855 -0.864349 -0.326073
vn 0.205812 -0.962684 0.175727
vn 0.048532 -0.907293 0.417690
vn 0.382855 -0.864349 -0.326073
vn 0.048532 -0.907293 0.417690
vn 0.000000 -0.874014 -0.485901
vn 0.048532 -0.907293 0.417690
vn 0.205812 -0.962684 0.175727
vn 0.430230 -0.652613 0.623697
vn 0.517916 -0.850376 0.092864
vn 0.000000 -0.874014 -0.485901
vn 0.019620 -0.932520 0.360585
vn 0.019620 -0.932520 0.360585
vn 0.000000 -0.874014 -0.485901
vn 0.048532 -0.907293 0.417690
vn 0.019620 -0.932520 0.360585
vn 0.048532 -0.907293 0.417690
vn 0.430230 -0.652613 0.623697
vn 0.517916 -0.850376 0.092864
vn 0.019620 -0.932520 0.360585
vn -0.411773 -0.785816 -0.461450
vn -0.411773 -0.785816 -0.461450
vn 0.019620 -0.932520 0.360585
vn -0.419335 -0.875743 0.239234
vn -0.419335 -0.875743 0.239234
vn 0.019620 -0.932520 0.360585
vn 0.430230 -0.652613 0.623697
vn -0.411773 -0.785816 -0.461450
vn -0.419335 -0.875743 0.239234
vn -0.258091 -0.848080 0.462764
vn -0.258091 -0.848080 0.462764
vn -0.419335 -0.875743 0.239234
vn -0.137985 -0.983751 0.114869
vn -0.137985 -0.983751 0.114869
vn -0.419335 -0.875743 0.239234
vn 0.430230 -0.652613 0.623697
vn -0.137985 -0.983751 0.114869
vn 0.430230 -0.652613 0.623697
vn 0.129734 -0.660661 -0.739389
vn -0.137985 -0.983751 0.114869
vn 0.129734 -0.660661 -0.739389
vn -0.588932 -0.703377 0.398020
vn -0.588932 -0.703377 0.398020
vn 0.129734 -0.660661 -0.739389
vn -0.445087 -0.847687 -0.288658
vn -0.588932 -0.703377 0.398020
vn -0.445087 -0.847687 -0.288658
vn -0.430738 -0.902314 0.017163
vn -0.430738 -0.902314 0.017163
vn -0.445087 -0.847687 -0.288658
vn 0.078064 -0.912122 0.402417
vn -0.430738 -0.902314 0.017163
vn 0.078064 -0.912122 0.402417
vn -0.161093 -0.389921 0.906648
vn -0.161093 -0.389921 0.906648
vn 0.078064 -0.912122 0.402417
vn 0.636185 -0.367752 0.678253
vn -0.430738 -0.902314 0.017163
vn -0.161093 -0.389921 0.906648
vn -0.795400 -0.338254 0.502914
vn -0.430738 -0.902314 0.017163
vn -0.795400 -0.338254 0.502914
vn -0.588932 -0.703377 0.398020
vn -0.161093 -0.389921 0.906648
vn 0.636185 -0.367752 0.678253
vn -0.098116 0.339155 0.935600
vn -0.161093 -0.389921 0.906648
vn -0.098116 0.339155 0.935600
vn -0.795400 -0.338254 0.502914
vn 0.974146 -0.075285 0.213008
vn 0.636185 -0.367752 0.678253
vn 0.430230 -0.652613 0.623697
vn 0.974146 -0.075285 0.213008
vn 0.430230 -0.652613 0.623697
vn 0.825114 0.413513 0.384959
vn -0.098116 0.339155 0.935600
vn 0.636185 -0.367752 0.678253
vn 0.633747 0.113792 0.765125
vn 0.633747 0.113792 0.765125
vn 0.636185 -0.367752 0.678253
vn 0.974146 -0.075285 0.213008
vn -0.795400 -0.338254 0.502914
vn -0.098116 0.339155 0.935600
vn -0.815258 0.169607 0.553704
vn -0.795400 -0.338254 0.502914
vn -0.815258 0.169607 0.553704
vn -0.588932 -0.703377 0.398020
vn 0.974146 -0.075285 0.213008
vn 0.825114 0.413513 0.384959
vn 0.926581 0.363750 0.095566
vn 0.974146 -0.075285 0.213008
vn 0.926581 0.363750 0.095566
vn 0.633747 0.113792 0.765125
vn 0.926581 0.363750 0.095566
vn 0.825114 0.413513 0.384959
vn 0.697917 0.687528 -0.200542
vn -0.098116 0.339155 0.935600
vn 0.633747 0.113792 0.765125
vn -0.442125 0.448297 0.776888
vn -0.098116 0.339155 0.935600
vn -0.442125 0.448297 0.776888
vn -0.815258 0.169607 0.553704
vn 0.633747 0.113792 0.765125
vn 0.926581 0.363750 0.095566
vn 0.430283 0.560983 0.707216
vn 0.633747 0.113792 0.765125
vn 0.430283 0.560983 0.707216
vn -0.442125 0.448297 0.776888
vn 0.926581 0.363750 0.095566
vn 0.697917 0.687528 -0.200542
vn 0.512386 0.804398 -0.300673
vn 0.926581 0.363750 0.095566
vn 0.512386 0.804398 -0.300673
vn 0.430283 0.560983 0.707216
vn 0.512386 0.804398 -0.300673
vn 0.697917 0.687528 -0.200542
vn 0.677779 0.649939 -0.343795
vn -0.442125 0.448297 0.776888
vn 0.430283 0.560983 0.707216
vn -0.463582 0.633650 0.619337
vn -0.463582 0.633650 0.619337
vn 0.430283 0.560983 0.707216
vn 0.512386 0.804398 -0.300673
vn -0.442125 0.448297 0.776888
vn -0.463582 0.633650 0.619337
vn -0.553653 0.668653 0.496358
vn -0.577393 0.341332 0.741694
vn -0.815258 0.169607 0.553704
vn -0.442125 0.448297 0.776888
vn -0.577393 0.341332 0.741694
vn -0.442125 0.448297 0.776888
vn -0.553653 0.668653 0.496358
vn -0.815258 0.169607 0.553704
vn -0.577393 0.341332 0.741694
vn -0.588932 -0.703377 0.398020
vn 0.512386 0.804398 -0.300673
vn 0.677779 0.649939 -0.343795
vn 0.584694 0.794003 0.166408
vn 0.512386 0.804398 -0.300673
vn 0.584694 0.794003 0.166408
vn -0.463582 0.633650 0.619337
vn -0.553653 0.668653 0.496358
vn -0.463582 0.633650 0.619337
vn -0.076780 0.813490 0.576488
vn -0.076780 0.813490 0.576488
vn -0.463582 0.633650 0.619337
vn 0.584694 0.794003 0.166408
vn -0.553653 0.668653 0.496358
vn -0.076780 0.813490 0.576488
vn -0.577393 0.341332 0.741694
vn 0.584694 0.794003 0.166408
vn 0.677779 0.649939 -0.343795
vn 0.943135 0.328470 -0.051024
vn 0.943135 0.328470 -0.051024
vn 0.677779 0.649939 -0.343795
vn 0.714879 0.615234 -0.332318
vn -0.076780 0.813490 0.576488
vn 0.584694 0.794003 0.166408
vn 0.207082 0.753099 0.624467
vn 0.943135 0.328470 -0.051024
vn 0.714879 0.615234 -0.332318
vn 0.557774 0.386613 -0.734451
vn 0.584694 0.794003 0.166408
vn 0.943135 0.328470 -0.051024
vn 0.595287 0.803124 -0.025016
vn 0.595287 0.803124 -0.025016
vn 0.943135 0.328470 -0.051024
vn 0.557774 0.386613 -0.734451
vn 0.584694 0.794003 0.166408
vn 0.595287 0.803124 -0.025016
vn 0.521288 0.774264 0.358852
vn 0.584694 0.794003 0.166408
vn 0.521288 0.774264 0.358852
vn 0.207082 0.753099 0.624467
vn 0.595287 0.803124 -0.025016
vn 0.557774 0.386613 -0.734451
vn 0.277563 0.841582 -0.463355
vn 0.521288 0.774264 0.358852
vn 0.595287 0.803124 -0.025016
vn 0.009939 0.999911 0.008911
vn 0.521288 0.774264 0.358852
vn 0.009939 0.999911 0.008911
vn 0.207082 0.753099 0.624467
vn 0.009939 0.999911 0.008911
vn 0.595287 0.803124 -0.025016
vn 0.277563 0.841582 -0.463355
vn -0.673611 0.337724 0.657412
vn -0.076780 0.813490 0.576488
vn 0.207082 0.753099 0.624467
vn -0.076780 0.813490 0.576488
vn -0.673611 0.337724 0.657412
vn -0.577393 0.341332 0.741694
vn 0.207082 0.753099 0.624467
vn 0.009939 0.999911 0.008911
vn -0.414033 0.797584 0.438675
vn 0.207082 0.753099 0.624467
vn -0.414033 0.797584 0.438675
vn -0.673611 0.337724 0.657412
vn 0.009939 0.999911 0.008911
vn 0.277563 0.841582 -0.463355
vn -0.200498 0.839504 -0.505009
vn -0.200498 0.839504 -0.505009
vn 0.277563 0.841582 -0.463355
vn 0.557774 0.386613 -0.734451
vn -0.414033 0.797584 0.438675
vn 0.009939 0.999911 0.008911
vn -0.599645 0.789250 -0.132330
vn -0.599645 0.789250 -0.132330
vn 0.009939 0.999911 0.008911
vn -0.200498 0.839504 -0.505009
vn -0.200498 0.839504 -0.505009
vn 0.557774 0.386613 -0.734451
vn -0.424646 0.406465 -0.808989
vn -0.200498 0.839504 -0.505009
vn -0.424646 0.406465 -0.808989
vn -0.599645 0.789250 -0.132330
vn -0.424646 0.406465 -0.808989
vn 0.557774 0.386613 -0.734451
vn 0.714879 0.615234 -0.332318
vn -0.414033 0.797584 0.438675
vn -0.599645 0.789250 -0.132330
vn -0.920363 0.384064 -0.073671
vn -0.920363 0.384064 -0.073671
vn -0.599645 0.789250 -0.132330
vn -0.424646 0.406465 -0.808989
vn -0.414033 0.797584 0.438675
vn -0.920363 0.384064 -0.073671
vn -0.673611 0.337724 0.657412
vn -0.424646 0.406465 -0.808989
vn 0.714879 0.615234 -0.332318
vn -0.302909 0.437557 -0.846634
vn -0.424646 0.406465 -0.808989
vn -0.302909 0.437557 -0.846634
vn -0.920363 0.384064 -0.073671
vn -0.673611 0.337724 0.657412
vn -0.920363 0.384064 -0.073671
vn -0.812076 0.581698 -0.046470
vn -0.812076 0.581698 -0.046470
vn -0.920363 0.384064 -0.073671
vn -0.302909 0.437557 -0.846634
vn -0.673611 0.337724 0.657412
vn -0.812076 0.581698 -0.046470
vn -0.577393 0.341332 0.741694
vn -0.812076 0.581698 -0.046470
vn -0.302909 0.437557 -0.846634
vn -0.645571 0.415932 -0.640498
vn -0.645571 0.415932 -0.640498
vn -0.302909 0.437557 -0.846634
vn -0.621474 0.256268 -0.740336
vn -0.812076 0.581698 -0.046470
vn -0.645571 0.415932 -0.640498
vn -0.943461 0.328584 -0.043750
vn -0.577393 0.341332 0.741694
vn -0.812076 0.581698 -0.046470
vn -0.677617 0.414474 0.607493
vn -0.677617 0.414474 0.607493
vn -0.812076 0.581698 -0.046470
vn -0.943461 0.328584 -0.043750
vn -0.943461 0.328584 -0.043750
vn -0.645571 0.415932 -0.640498
vn -0.926576 -0.370243 -0.066161
vn -0.943461 0.328584 -0.043750
vn -0.926576 -0.370243 -0.066161
vn -0.677617 0.414474 0.607493
vn -0.645571 0.415932 -0.640498
vn -0.621474 0.256268 -0.740336
vn -0.597304 -0.349725 -0.721749
vn -0.645571 0.415932 -0.640498
vn -0.597304 -0.349725 -0.721749
vn -0.926576 -0.370243 -0.066161
vn -0.597304 -0.349725 -0.721749
vn -0.621474 0.256268 -0.740336
vn -0.796767 -0.436442 -0.417949
vn -0.577393 0.341332 0.741694
vn -0.677617 0.414474 0.607493
vn -0.723040 -0.363871 0.587207
vn -0.723040 -0.363871 0.587207
vn -0.677617 0.414474 0.607493
vn -0.926576 -0.370243 -0.066161
vn -0.577393 0.341332 0.741694
vn -0.723040 -0.363871 0.587207
vn -0.588932 -0.703377 0.398020
vn -0.588932 -0.703377 0.398020
vn -0.723040 -0.363871 0.587207
vn -0.156683 -0.938634 0.307274
vn -0.156683 -0.938634 0.307274
vn -0.723040 -0.363871 0.587207
vn -0.926576 -0.370243 -0.066161
vn -0.588932 -0.703377 0.398020
vn -0.156683 -0.938634 0.307274
vn -0.137985 -0.983751 0.114869
vn -0.309999 -0.897856 -0.312658
vn -0.926576 -0.370243 -0.066161
vn -0.597304 -0.349725 -0.721749
vn -0.309999 -0.897856 -0.312658
vn -0.597304 -0.349725 -0.721749
vn -0.796767 -0.436442 -0.417949
vn -0.926576 -0.370243 -0.066161
vn -0.309999 -0.897856 -0.312658
vn -0.156683 -0.938634 0.307274
vn -0.156683 -0.938634 0.307274
vn -0.309999 -0.897856 -0.312658
vn -0.137985 -0.983751 0.114869
vn -0.309999 -0.897856 -0.312658
vn -0.796767 -0.436442 -0.417949
vn -0.227067 -0.771952 0.593743
vn -0.309999 -0.897856 -0.312658
vn -0.227067 -0.771952 0.593743
vn -0.137985 -0.983751 0.114869
vn -0.470225 0.812030 0.345682
vn -0.769045 0.144112 0.622737
vn -0.622967 0.223083 0.749764
vn -0.470225 0.812030 0.345682
vn -0.622967 0.223083 0.749764
vn -0.735305 0.652653 0.182673
vn -0.769045 0.144112 0.622737
vn -0.470225 0.812030 0.345682
vn 0.472696 0.846254 0.245792
vn -0.735305 0.652653 0.182673
vn -0.622967 0.223083 0.749764
vn -0.572823 0.385012 0.723629
vn -0.769045 0.144112 0.622737
vn 0.472696 0.846254 0.245792
vn -0.372562 0.082361 0.924345
vn -0.769045 0.144112 0.622737
vn -0.372562 0.082361 0.924345
vn -0.457012 -0.797932 -0.392995
vn -0.769045 0.144112 0.622737
vn -0.457012 -0.797932 -0.392995
vn -0.951951 0.202781 -0.229496
vn -0.372562 0.082361 0.924345
vn 0.472696 0.846254 0.245792
vn -0.331018 -0.110407 0.937143
vn -0.372562 0.082361 0.924345
vn -0.331018 -0.110407 0.937143
vn -0.457012 -0.797932 -0.392995
vn -0.951951 0.202781 -0.229496
vn -0.457012 -0.797932 -0.392995
vn -0.101450 0.620996 -0.777221
vn -0.470225 0.812030 0.345682
vn -0.101450 0.620996 -0.777221
vn 0.472696 0.846254 0.245792
vn -0.101450 0.620996 -0.777221
vn -0.470225 0.812030 0.345682
vn -0.735305 0.652653 0.182673
vn -0.101450 0.620996 -0.777221
vn -0.457012 -0.797932 -0.392995
vn 0.419171 0.262871 -0.869019
vn -0.101450 0.620996 -0.777221
vn 0.419171 0.262871 -0.869019
vn 0.472696 0.846254 0.245792
vn 0.419171 0.262871 -0.869019
vn -0.457012 -0.797932 -0.392995
vn -0.357248 -0.917825 -0.173123
vn -0.357248 -0.917825 -0.173123
vn -0.457012 -0.797932 -0.392995
vn -0.331018 -0.110407 0.937143
vn 0.472696 0.846254 0.245792
vn 0.419171 0.262871 -0.869019
vn 0.459816 0.887848 0.017176
vn 0.472696 0.846254 0.245792
vn 0.459816 0.887848 0.017176
vn -0.331018 -0.110407 0.937143
vn 0.459816 0.887848 0.017176
vn 0.419171 0.262871 -0.869019
vn 0.322703 -0.124361 -0.938295
vn 0.322703 -0.124361 -0.938295
vn 0.419171 0.262871 -0.869019
vn -0.357248 -0.917825 -0.173123
vn -0.331018 -0.110407 0.937143
vn 0.459816 0.887848 0.017176
vn 0.498983 -0.731984 0.463913
vn -0.357248 -0.917825 -0.173123
vn -0.331018 -0.110407 0.937143
vn -0.156194 -0.920242 0.358828
vn -0.156194 -0.920242 0.358828
vn -0.331018 -0.110407 0.937143
vn 0.498983 -0.731984 0.463913
vn 0.322703 -0.124361 -0.938295
vn -0.357248 -0.917825 -0.173123
vn 0.038965 -0.925992 -0.375527
vn 0.038965 -0.925992 -0.375527
vn -0.357248 -0.917825 -0.173123
vn -0.156194 -0.920242 0.358828
vn 0.459816 0.887848 0.017176
vn 0.322703 -0.124361 -0.938295
vn 0.529427 -0.461327 -0.711958
vn 0.459816 0.887848 0.017176
vn 0.529427 -0.461327 -0.711958
vn 0.498983 -0.731984 0.463913
vn 0.529427 -0.461327 -0.711958
vn 0.322703 -0.124361 -0.938295
vn 0.038965 -0.925992 -0.375527
vn 0.498983 -0.731984 0.463913
vn 0.529427 -0.461327 -0.711958
vn -0.236422 -0.967629 -0.088315
vn -0.236422 -0.967629 -0.088315
vn 0.529427 -0.461327 -0.711958
vn 0.038965 -0.925992 -0.375527
vn 0.038965 -0.925992 -0.375527
vn -0.156194 -0.920242 0.358828
vn -0.375505 -0.892375 -0.250326
vn -0.375505 -0.892375 -0.250326
vn -0.156194 -0.920242 0.358828
vn -0.417906 -0.835139 0.357628
vn -0.417906 -0.835139 0.357628
vn -0.156194 -0.920242 0.358828
vn -0.456116 -0.752124 0.475676
vn -0.456116 -0.752124 0.475676
vn -0.156194 -0.920242 0.358828
vn 0.498983 -0.731984 0.463913
vn -0.375505 -0.892375 -0.250326
vn -0.417906 -0.835139 0.357628
vn -0.852335 -0.443502 0.277184
vn -0.852335 -0.443502 0.277184
vn -0.417906 -0.835139 0.357628
vn -0.456116 -0.752124 0.475676
vn 0.038965 -0.925992 -0.375527
vn -0.375505 -0.892375 -0.250326
vn 0.185131 -0.933944 -0.305739
vn 0.038965 -0.925992 -0.375527
vn 0.185131 -0.933944 -0.305739
vn 0.206044 -0.727066 -0.654921
vn 0.038965 -0.925992 -0.375527
vn 0.206044 -0.727066 -0.654921
vn -0.236422 -0.967629 -0.088315
vn 0.185131 -0.933944 -0.305739
vn -0.375505 -0.892375 -0.250326
vn -0.054649 -0.497837 -0.865547
vn 0.185131 -0.933944 -0.305739
vn -0.054649 -0.497837 -0.865547
vn 0.206044 -0.727066 -0.654921
vn -0.375505 -0.892375 -0.250326
vn -0.852335 -0.443502 0.277184
vn -0.719870 -0.448052 -0.530128
vn -0.375505 -0.892375 -0.250326
vn -0.719870 -0.448052 -0.530128
vn -0.054649 -0.497837 -0.865547
vn 0.206044 -0.727066 -0.654921
vn -0.054649 -0.497837 -0.865547
vn -0.331632 -0.228137 -0.915409
vn -0.719870 -0.448052 -0.530128
vn -0.852335 -0.443502 0.277184
vn -0.962557 0.006302 0.271008
vn -0.054649 -0.497837 -0.865547
vn -0.719870 -0.448052 -0.530128
vn -0.803442 0.006494 -0.595347
vn -0.803442 0.006494 -0.595347
vn -0.719870 -0.448052 -0.530128
vn -0.962557 0.006302 0.271008
vn -0.054649 -0.497837 -0.865547
vn -0.803442 0.006494 -0.595347
vn -0.061363 0.006944 -0.998091
vn -0.054649 -0.497837 -0.865547
vn -0.061363 0.006944 -0.998091
vn -0.331632 -0.228137 -0.915409
vn -0.803442 0.006494 -0.595347
vn -0.962557 0.006302 0.271008
vn -0.674381 0.561965 -0.478962
vn -0.061363 0.006944 -0.998091
vn -0.803442 0.006494 -0.595347
vn -0.073467 0.574694 -0.815064
vn -0.073467 0.574694 -0.815064
vn -0.803442 0.006494 -0.595347
vn -0.674381 0.561965 -0.478962
vn -0.061363 0.006944 -0.998091
vn -0.073467 0.574694 -0.815064
vn -0.557927 0.400530 -0.726838
vn -0.061363 0.006944 -0.998091
vn -0.557927 0.400530 -0.726838
vn -0.331632 -0.228137 -0.915409
vn -0.073467 0.574694 -0.815064
vn -0.674381 0.561965 -0.478962
vn -0.543387 0.831207 -0.117589
vn -0.073467 0.574694 -0.815064
vn -0.543387 0.831207 -0.117589
vn -0.557927 0.400530 -0.726838
vn -0.674381 0.561965 -0.478962
vn -0.962557 0.006302 0.271008
vn -0.780283 0.563162 0.272041
vn -0.674381 0.561965 -0.478962
vn -0.780283 0.563162 0.272041
vn -0.543387 0.831207 -0.117589
vn -0.888405 -0.095966 0.448918
vn -0.962557 0.006302 0.271008
vn -0.852335 -0.443502 0.277184
vn -0.962557 0.006302 0.271008
vn -0.888405 -0.095966 0.448918
vn -0.780283 0.563162 0.272041
vn -0.888405 -0.095966 0.448918
vn -0.852335 -0.443502 0.277184
vn -0.456116 -0.752124 0.475676
vn -0.630442 -0.006659 -0.776208
vn -0.331632 -0.228137 -0.915409
vn -0.557927 0.400530 -0.726838
vn -0.780283 0.563162 0.272041
vn -0.888405 -0.095966 0.448918
vn -0.683842 0.705647 -0.185535
vn -0.780283 0.563162 0.272041
vn -0.683842 0.705647 -0.185535
vn -0.543387 0.831207 -0.117589
vn -0.630442 -0.006659 -0.776208
vn -0.557927 0.400530 -0.726838
vn -0.574508 0.393041 -0.717955
vn -0.574508 0.393041 -0.717955
vn -0.557927 0.400530 -0.726838
vn -0.543387 0.831207 -0.117589
vn -0.331632 -0.228137 -0.915409
vn -0.630442 -0.006659 -0.776208
vn -0.550232 -0.394358 -0.736021
vn -0.630442 -0.006659 -0.776208
vn -0.574508 0.393041 -0.717955
vn 0.122993 -0.006959 -0.992383
vn -0.630442 -0.006659 -0.776208
vn 0.122993 -0.006959 -0.992383
vn -0.550232 -0.394358 -0.736021
vn -0.331632 -0.228137 -0.915409
vn -0.550232 -0.394358 -0.736021
vn -0.334811 -0.530444 -0.778801
vn -0.331632 -0.228137 -0.915409
vn -0.334811 -0.530444 -0.778801
vn 0.206044 -0.727066 -0.654921
vn -0.334811 -0.530444 -0.778801
vn -0.550232 -0.394358 -0.736021
vn 0.098407 -0.411029 -0.906295
vn 0.098407 -0.411029 -0.906295
vn -0.550232 -0.394358 -0.736021
vn 0.122993 -0.006959 -0.992383
vn 0.206044 -0.727066 -0.654921
vn -0.334811 -0.530444 -0.778801
vn 0.290484 -0.727438 -0.621654
vn 0.290484 -0.727438 -0.621654
vn -0.334811 -0.530444 -0.778801
vn 0.098407 -0.411029 -0.906295
vn 0.206044 -0.727066 -0.654921
vn 0.290484 -0.727438 -0.621654
vn -0.236422 -0.967629 -0.088315
vn 0.098407 -0.411029 -0.906295
vn 0.122993 -0.006959 -0.992383
vn 0.695688 -0.342753 -0.631300
vn 0.098407 -0.411029 -0.906295
vn 0.695688 -0.342753 -0.631300
vn 0.290484 -0.727438 -0.621654
vn 0.290484 -0.727438 -0.621654
vn 0.695688 -0.342753 -0.631300
vn 0.904677 -0.390897 -0.169584
vn 0.290484 -0.727438 -0.621654
vn 0.904677 -0.390897 -0.169584
vn -0.186171 -0.671016 -0.717690
vn 0.290484 -0.727438 -0.621654
vn -0.186171 -0.671016 -0.717690
vn -0.236422 -0.967629 -0.088315
vn 0.904677 -0.390897 -0.169584
vn 0.695688 -0.342753 -0.631300
vn 0.675531 0.372555 -0.636287
vn 0.904677 -0.390897 -0.169584
vn 0.675531 0.372555 -0.636287
vn -0.186171 -0.671016 -0.717690
vn 0.695688 -0.342753 -0.631300
vn 0.122993 -0.006959 -0.992383
vn 0.721985 0.000000 -0.691909
vn 0.695688 -0.342753 -0.631300
vn 0.721985 0.000000 -0.691909
vn 0.675531 0.372555 -0.636287
vn 0.721985 0.000000 -0.691909
vn 0.122993 -0.006959 -0.992383
vn 0.116412 0.404333 -0.907173
vn 0.116412 0.404333 -0.907173
vn 0.122993 -0.006959 -0.992383
vn -0.574508 0.393041 -0.717955
vn 0.675531 0.372555 -0.636287
vn 0.721985 0.000000 -0.691909
vn 0.675432 0.345410 -0.651524
vn 0.675432 0.345410 -0.651524
vn 0.721985 0.000000 -0.691909
vn 0.116412 0.404333 -0.907173
vn 0.116412 0.404333 -0.907173
vn -0.574508 0.393041 -0.717955
vn -0.414033 0.797584 -0.438675
vn -0.414033 0.797584 -0.438675
vn -0.574508 0.393041 -0.717955
vn -0.543387 0.831207 -0.117589
vn 0.116412 0.404333 -0.907173
vn -0.414033 0.797584 -0.438675
vn 0.048012 0.821509 -0.568171
vn -0.414033 0.797584 -0.438675
vn -0.543387 0.831207 -0.117589
vn -0.591942 0.805938 0.008292
vn 0.048012 0.821509 -0.568171
vn -0.414033 0.797584 -0.438675
vn 0.000000 0.995230 0.097557
vn 0.000000 0.995230 0.097557
vn -0.414033 0.797584 -0.438675
vn -0.591942 0.805938 0.008292
vn -0.591942 0.805938 0.008292
vn -0.543387 0.831207 -0.117589
vn -0.294163 0.955392 0.026372
vn -0.591942 0.805938 0.008292
vn -0.294163 0.955392 0.026372
vn 0.000000 0.995230 0.097557
vn -0.294163 0.955392 0.026372
vn -0.543387 0.831207 -0.117589
vn -0.683842 0.705647 -0.185535
vn 0.116412 0.404333 -0.907173
vn 0.048012 0.821509 -0.568171
vn 0.449204 0.793225 -0.411108
vn 0.449204 0.793225 -0.411108
vn 0.048012 0.821509 -0.568171
vn 0.000000 0.995230 0.097557
vn 0.116412 0.404333 -0.907173
vn 0.449204 0.793225 -0.411108
vn 0.675432 0.345410 -0.651524
vn 0.449204 0.793225 -0.411108
vn 0.000000 0.995230 0.097557
vn 0.621596 0.760323 0.188488
vn 0.675432 0.345410 -0.651524
vn 0.449204 0.793225 -0.411108
vn 0.936324 0.341833 -0.080293
vn 0.936324 0.341833 -0.080293
vn 0.449204 0.793225 -0.411108
vn 0.621596 0.760323 0.188488
vn 0.675432 0.345410 -0.651524
vn 0.936324 0.341833 -0.080293
vn 0.675531 0.372555 -0.636287
vn 0.621596 0.760323 0.188488
vn 0.000000 0.995230 0.097557
vn 0.368419 0.929294 0.026076
vn 0.621596 0.760323 0.188488
vn 0.368419 0.929294 0.026076
vn 0.936324 0.341833 -0.080293
vn 0.368419 0.929294 0.026076
vn 0.000000 0.995230 0.097557
vn -0.294163 0.955392 0.026372
vn 0.936324 0.341833 -0.080293
vn 0.368419 0.929294 0.026076
vn 0.532874 0.829426 -0.167624
vn 0.936324 0.341833 -0.080293
vn 0.532874 0.829426 -0.167624
vn 0.675531 0.372555 -0.636287
vn 0.368419 0.929294 0.026076
vn -0.294163 0.955392 0.026372
vn 0.637248 0.764410 -0.097937
vn 0.368419 0.929294 0.026076
vn 0.637248 0.764410 -0.097937
vn 0.532874 0.829426 -0.167624
vn -0.598255 0.787421 -0.148526
vn -0.294163 0.955392 0.026372
vn -0.683842 0.705647 -0.185535
vn -0.294163 0.955392 0.026372
vn -0.598255 0.787421 -0.148526
vn 0.637248 0.764410 -0.097937
vn -0.598255 0.787421 -0.148526
vn -0.683842 0.705647 -0.185535
vn -0.957992 0.151776 -0.243342
vn -0.957992 0.151776 -0.243342
vn -0.683842 0.705647 -0.185535
vn -0.888405 -0.095966 0.448918
vn 0.637248 0.764410 -0.097937
vn -0.598255 0.787421 -0.148526
vn -0.405422 0.708004 0.578241
vn -0.405422 0.708004 0.578241
vn -0.598255 0.787421 -0.148526
vn -0.957992 0.151776 -0.243342
vn -0.957992 0.151776 -0.243342
vn -0.888405 -0.095966 0.448918
vn -0.726019 0.171875 0.665849
vn -0.957992 0.151776 -0.243342
vn -0.726019 0.171875 0.665849
vn -0.405422 0.708004 0.578241
vn -0.726019 0.171875 0.665849
vn -0.888405 -0.095966 0.448918
vn -0.692718 -0.379376 0.613364
vn -0.692718 -0.379376 0.613364
vn -0.888405 -0.095966 0.448918
vn -0.456116 -0.752124 0.475676
vn -0.405422 0.708004 0.578241
vn -0.726019 0.171875 0.665849
vn 0.026439 0.090756 0.995522
vn 0.026439 0.090756 0.995522
vn -0.726019 0.171875 0.665849
vn -0.692718 -0.379376 0.613364
vn 0.637248 0.764410 -0.097937
vn -0.405422 0.708004 0.578241
vn 0.453475 0.617863 0.642344
vn 0.453475 0.617863 0.642344
vn -0.405422 0.708004 0.578241
vn 0.026439 0.090756 0.995522
vn 0.637248 0.764410 -0.097937
vn 0.453475 0.617863 0.642344
vn 0.620518 0.596878 0.508620
vn 0.637248 0.764410 -0.097937
vn 0.620518 0.596878 0.508620
vn 0.532874 0.829426 -0.167624
vn 0.453475 0.617863 0.642344
vn 0.026439 0.090756 0.995522
vn 0.679409 0.079733 0.729415
vn 0.453475 0.617863 0.642344
vn 0.679409 0.079733 0.729415
vn 0.620518 0.596878 0.508620
vn 0.026439 0.090756 0.995522
vn -0.692718 -0.379376 0.613364
vn 0.000000 -0.362113 0.932134
vn 0.026439 0.090756 0.995522
vn 0.000000 -0.362113 0.932134
vn 0.679409 0.079733 0.729415
vn -0.259804 -0.884198 0.388196
vn -0.692718 -0.379376 0.613364
vn -0.456116 -0.752124 0.475676
vn -0.692718 -0.379376 0.613364
vn -0.259804 -0.884198 0.388196
vn 0.000000 -0.362113 0.932134
vn -0.259804 -0.884198 0.388196
vn -0.456116 -0.752124 0.475676
vn 0.498983 -0.731984 0.463913
vn 0.679409 0.079733 0.729415
vn 0.000000 -0.362113 0.932134
vn 0.556772 -0.497056 0.665538
vn 0.556772 -0.497056 0.665538
vn 0.000000 -0.362113 0.932134
vn -0.259804 -0.884198 0.388196
vn -0.259804 -0.884198 0.388196
vn 0.498983 -0.731984 0.463913
vn 0.267009 -0.815835 0.512952
vn -0.259804 -0.884198 0.388196
vn 0.267009 -0.815835 0.512952
vn 0.556772 -0.497056 0.665538
vn 0.679409 0.079733 0.729415
vn 0.556772 -0.497056 0.665538
vn 0.531022 -0.067847 0.844638
vn 0.531022 -0.067847 0.844638
vn 0.556772 -0.497056 0.665538
vn 0.267009 -0.815835 0.512952
vn 0.679409 0.079733 0.729415
vn 0.531022 -0.067847 0.844638
vn 0.620518 0.596878 0.508620
vn 0.267009 -0.815835 0.512952
vn 0.498983 -0.731984 0.463913
vn -0.562825 -0.494609 0.662262
vn 0.267009 -0.815835 0.512952
vn -0.562825 -0.494609 0.662262
vn 0.531022 -0.067847 0.844638
vn 0.620518 0.596878 0.508620
vn 0.531022 -0.067847 0.844638
vn 0.185735 0.245218 0.951510
vn 0.185735 0.245218 0.951510
vn 0.531022 -0.067847 0.844638
vn -0.562825 -0.494609 0.662262
vn 0.620518 0.596878 0.508620
vn 0.185735 0.245218 0.951510
vn 0.342372 0.689024 0.638770
vn 0.620518 0.596878 0.508620
vn 0.342372 0.689024 0.638770
vn 0.029788 0.998922 -0.035607
vn 0.620518 0.596878 0.508620
vn 0.029788 0.998922 -0.035607
vn 0.532874 0.829426 -0.167624
vn 0.029788 0.998922 -0.035607
vn 0.342372 0.689024 0.638770
vn 0.706778 0.650858 0.277216
vn 0.706778 0.650858 0.277216
vn 0.342372 0.689024 0.638770
vn 0.185735 0.245218 0.951510
vn 0.532874 0.829426 -0.167624
vn 0.029788 0.998922 -0.035607
vn 0.039340 0.934912 -0.352693
vn 0.029788 0.998922 -0.035607
vn 0.706778 0.650858 0.277216
vn 0.669791 0.657917 -0.344274
vn 0.029788 0.998922 -0.035607
vn 0.669791 0.657917 -0.344274
vn 0.039340 0.934912 -0.352693
vn 0.532874 0.829426 -0.167624
vn 0.039340 0.934912 -0.352693
vn 0.675531 0.372555 -0.636287
vn 0.669791 0.657917 -0.344274
vn 0.706778 0.650858 0.277216
vn 0.624217 0.748986 0.222202
vn 0.624217 0.748986 0.222202
vn 0.706778 0.650858 0.277216
vn 0.185735 0.245218 0.951510
vn 0.039340 0.934912 -0.352693
vn 0.669791 0.657917 -0.344274
vn 0.477388 0.793406 -0.377634
vn 0.669791 0.657917 -0.344274
vn 0.624217 0.748986 0.222202
vn 0.592935 0.693705 -0.408903
vn 0.669791 0.657917 -0.344274
vn 0.592935 0.693705 -0.408903
vn 0.477388 0.793406 -0.377634
vn 0.675531 0.372555 -0.636287
vn 0.039340 0.934912 -0.352693
vn 0.366351 0.781325 -0.505290
vn 0.366351 0.781325 -0.505290
vn 0.039340 0.934912 -0.352693
vn 0.477388 0.793406 -0.377634
vn 0.366351 0.781325 -0.505290
vn 0.477388 0.793406 -0.377634
vn 0.716450 0.253724 -0.649864
vn 0.716450 0.253724 -0.649864
vn 0.477388 0.793406 -0.377634
vn 0.592935 0.693705 -0.408903
vn 0.592935 0.693705 -0.408903
vn 0.624217 0.748986 0.222202
vn 0.789983 0.417193 -0.449308
vn 0.592935 0.693705 -0.408903
vn 0.789983 0.417193 -0.449308
vn 0.716450 0.253724 -0.649864
vn 0.758657 0.438913 0.481452
vn 0.624217 0.748986 0.222202
vn 0.185735 0.245218 0.951510
vn 0.624217 0.748986 0.222202
vn 0.758657 0.438913 0.481452
vn 0.789983 0.417193 -0.449308
vn 0.758657 0.438913 0.481452
vn 0.185735 0.245218 0.951510
vn -0.186770 -0.331128 0.924917
vn -0.186770 -0.331128 0.924917
vn 0.185735 0.245218 0.951510
vn -0.562825 -0.494609 0.662262
vn 0.758657 0.438913 0.481452
vn -0.186770 -0.331128 0.924917
vn 0.800824 -0.303972 0.516026
vn 0.789983 0.417193 -0.449308
vn 0.758657 0.438913 0.481452
vn 0.827042 -0.301367 -0.474531
vn 0.827042 -0.301367 -0.474531
vn 0.758657 0.438913 0.481452
vn 0.800824 -0.303972 0.516026
vn 0.800824 -0.303972 0.516026
vn -0.186770 -0.331128 0.924917
vn 0.454368 -0.839837 0.297024
vn 0.800824 -0.303972 0.516026
vn 0.454368 -0.839837 0.297024
vn 0.827042 -0.301367 -0.474531
vn -0.186770 -0.331128 0.924917
vn -0.562825 -0.494609 0.662262
vn -0.459981 -0.803114 0.378715
vn -0.186770 -0.331128 0.924917
vn -0.459981 -0.803114 0.378715
vn 0.454368 -0.839837 0.297024
vn 0.827042 -0.301367 -0.474531
vn 0.454368 -0.839837 0.297024
vn 0.426944 -0.856787 -0.289197
vn 0.789983 0.417193 -0.449308
vn 0.827042 -0.301367 -0.474531
vn 0.080201 -0.367072 -0.926729
vn 0.080201 -0.367072 -0.926729
vn 0.827042 -0.301367 -0.474531
vn 0.426944 -0.856787 -0.289197
vn 0.789983 0.417193 -0.449308
vn 0.080201 -0.367072 -0.926729
vn 0.716450 0.253724 -0.649864
vn 0.426944 -0.856787 -0.289197
vn 0.454368 -0.839837 0.297024
vn -0.452387 -0.828709 -0.329527
vn -0.452387 -0.828709 -0.329527
vn 0.454368 -0.839837 0.297024
vn -0.459981 -0.803114 0.378715
vn 0.426944 -0.856787 -0.289197
vn -0.452387 -0.828709 -0.329527
vn 0.080201 -0.367072 -0.926729
vn -0.372182 -0.869358 0.325111
vn -0.459981 -0.803114 0.378715
vn -0.562825 -0.494609 0.662262
vn -0.459981 -0.803114 0.378715
vn -0.372182 -0.869358 0.325111
vn -0.452387 -0.828709 -0.329527
vn 0.080201 -0.367072 -0.926729
vn -0.452387 -0.828709 -0.329527
vn 0.418008 -0.597468 -0.684326
vn 0.080201 -0.367072 -0.926729
vn 0.418008 -0.597468 -0.684326
vn 0.716450 0.253724 -0.649864
vn 0.418008 -0.597468 -0.684326
vn -0.452387 -0.828709 -0.329527
vn -0.372182 -0.869358 0.325111
vn -0.372182 -0.869358 0.325111
vn -0.562825 -0.494609 0.662262
vn -0.118034 -0.966179 0.229275
vn -0.118034 -0.966179 0.229275
vn -0.562825 -0.494609 0.662262
vn 0.498983 -0.731984 0.463913
vn -0.118034 -0.966179 0.229275
vn 0.498983 -0.731984 0.463913
vn -0.236422 -0.967629 -0.088315
vn -0.372182 -0.869358 0.325111
vn -0.118034 -0.966179 0.229275
vn -0.237195 -0.774128 0.586910
vn -0.237195 -0.774128 0.586910
vn -0.118034 -0.966179 0.229275
vn -0.236422 -0.967629 -0.088315
vn -0.372182 -0.869358 0.325111
vn -0.237195 -0.774128 0.586910
vn 0.627851 -0.720804 0.293675
vn -0.372182 -0.869358 0.325111
vn 0.627851 -0.720804 0.293675
vn 0.418008 -0.597468 -0.684326
vn -0.237195 -0.774128 0.586910
vn -0.236422 -0.967629 -0.088315
vn -0.640446 -0.746503 -0.180453
vn -0.237195 -0.774128 0.586910
vn -0.640446 -0.746503 -0.180453
vn -0.332515 -0.702408 -0.629331
vn -0.332515 -0.702408 -0.629331
vn -0.640446 -0.746503 -0.180453
vn -0.236422 -0.967629 -0.088315
vn -0.237195 -0.774128 0.586910
vn -0.332515 -0.702408 -0.629331
vn 0.627851 -0.720804 0.293675
vn 0.418008 -0.597468 -0.684326
vn 0.627851 -0.720804 0.293675
vn 0.449485 -0.683057 -0.575671
vn 0.449485 -0.683057 -0.575671
vn 0.627851 -0.720804 0.293675
vn -0.332515 -0.702408 -0.629331
vn 0.418008 -0.597468 -0.684326
vn 0.449485 -0.683057 -0.575671
vn 0.350394 -0.679307 -0.644799
vn 0.350394 -0.679307 -0.644799
vn 0.449485 -0.683057 -0.575671
vn -0.332515 -0.702408 -0.629331
vn -0.332515 -0.702408 -0.629331
vn -0.236422 -0.967629 -0.088315
vn -0.632306 -0.243673 -0.735400
vn -0.332515 -0.702408 -0.629331
vn -0.632306 -0.243673 -0.735400
vn 0.350394 -0.679307 -0.644799
vn -0.632306 -0.243673 -0.735400
vn -0.236422 -0.967629 -0.088315
vn -0.186171 -0.671016 -0.717690
vn -0.632306 -0.243673 -0.735400
vn -0.186171 -0.671016 -0.717690
vn 0.675531 0.372555 -0.636287
vn 0.350394 -0.679307 -0.644799
vn -0.632306 -0.243673 -0.735400
vn -0.072238 -0.464943 -0.882389
vn 0.418008 -0.597468 -0.684326
vn 0.350394 -0.679307 -0.644799
vn 0.713503 -0.383532 -0.586360
vn 0.713503 -0.383532 -0.586360
vn 0.350394 -0.679307 -0.644799
vn -0.072238 -0.464943 -0.882389
vn 0.418008 -0.597468 -0.684326
vn 0.713503 -0.383532 -0.586360
vn 0.716450 0.253724 -0.649864
vn 0.716450 0.253724 -0.649864
vn 0.713503 -0.383532 -0.586360
vn 0.718302 0.281156 -0.636391
vn 0.716450 0.253724 -0.649864
vn 0.718302 0.281156 -0.636391
vn 0.366351 0.781325 -0.505290
vn 0.713503 -0.383532 -0.586360
vn -0.072238 -0.464943 -0.882389
vn -0.044269 0.245478 -0.968391
vn -0.044269 0.245478 -0.968391
vn -0.072238 -0.464943 -0.882389
vn -0.632306 -0.243673 -0.735400
vn 0.713503 -0.383532 -0.586360
vn -0.044269 0.245478 -0.968391
vn 0.718302 0.281156 -0.636391
vn 0.718302 0.281156 -0.636391
vn -0.044269 0.245478 -0.968391
vn 0.366351 0.781325 -0.505290
vn -0.044269 0.245478 -0.968391
vn -0.632306 -0.243673 -0.735400
vn 0.675531 0.372555 -0.636287
vn -0.044269 0.245478 -0.968391
vn 0.675531 0.372555 -0.636287
vn 0.366351 0.781325 -0.505290
vn -0.305087 0.483352 -0.820544
vn 0.514008 -0.095007 -0.852508
vn -0.148969 0.671160 -0.726191
vn -0.305087 0.483352 -0.820544
vn -0.148969 0.671160 -0.726191
vn -0.101450 0.620996 -0.777221
vn -0.305087 0.483352 -0.820544
vn -0.101450 0.620996 -0.777221
vn -0.735305 0.652653 0.182673
vn 0.514008 -0.095007 -0.852508
vn -0.305087 0.483352 -0.820544
vn 0.118175 -0.489668 -0.863864
vn -0.305087 0.483352 -0.820544
vn -0.735305 0.652653 0.182673
vn -0.765634 0.145033 -0.626714
vn -0.305087 0.483352 -0.820544
vn -0.765634 0.145033 -0.626714
vn 0.118175 -0.489668 -0.863864
vn -0.765634 0.145033 -0.626714
vn -0.735305 0.652653 0.182673
vn -0.641142 0.599585 0.478994
vn 0.118175 -0.489668 -0.863864
vn -0.765634 0.145033 -0.626714
vn -0.734468 -0.347750 -0.582775
vn -0.641142 0.599585 0.478994
vn -0.735305 0.652653 0.182673
vn -0.572823 0.385012 0.723629
vn 0.118175 -0.489668 -0.863864
vn -0.734468 -0.347750 -0.582775
vn 0.526454 -0.458736 -0.715826
vn 0.118175 -0.489668 -0.863864
vn 0.526454 -0.458736 -0.715826
vn 0.837207 -0.482326 -0.257771
vn -0.734468 -0.347750 -0.582775
vn -0.765634 0.145033 -0.626714
vn -0.884712 0.304990 0.352514
vn -0.884712 0.304990 0.352514
vn -0.765634 0.145033 -0.626714
vn -0.641142 0.599585 0.478994
vn 0.526454 -0.458736 -0.715826
vn -0.734468 -0.347750 -0.582775
vn -0.379667 -0.558545 -0.737483
vn -0.734468 -0.347750 -0.582775
vn -0.884712 0.304990 0.352514
vn -0.997141 -0.075228 -0.007095
vn -0.734468 -0.347750 -0.582775
vn -0.997141 -0.075228 -0.007095
vn -0.379667 -0.558545 -0.737483
vn -0.884712 0.304990 0.352514
vn -0.641142 0.599585 0.478994
vn 0.416199 0.573381 0.705700
vn 0.837207 -0.482326 -0.257771
vn 0.526454 -0.458736 -0.715826
vn 0.999276 0.037398 -0.007054
vn 0.416199 0.573381 0.705700
vn -0.641142 0.599585 0.478994
vn 0.372743 0.449936 0.811554
vn 0.372743 0.449936 0.811554
vn -0.641142 0.599585 0.478994
vn 0.451450 0.693341 0.561668
vn 0.451450 0.693341 0.561668
vn -0.641142 0.599585 0.478994
vn -0.572823 0.385012 0.723629
vn 0.416199 0.573381 0.705700
vn 0.372743 0.449936 0.811554
vn 0.923302 -0.044520 0.381486
vn 0.923302 -0.044520 0.381486
vn 0.372743 0.449936 0.811554
vn 0.451450 0.693341 0.561668
vn 0.837207 -0.482326 -0.257771
vn 0.999276 0.037398 -0.007054
vn 0.923302 -0.044520 0.381486
vn 0.923302 -0.044520 0.381486
vn 0.999276 0.037398 -0.007054
vn 0.416199 0.573381 0.705700
vn 0.837207 -0.482326 -0.257771
vn 0.923302 -0.044520 0.381486
vn 0.901104 -0.412571 0.133407
vn 0.901104 -0.412571 0.133407
vn 0.923302 -0.044520 0.381486
vn 0.451450 0.693341 0.561668
vn 0.678677 -0.302410 -0.669288
vn 0.999276 0.037398 -0.007054
vn 0.526454 -0.458736 -0.715826
vn 0.678677 -0.302410 -0.669288
vn 0.526454 -0.458736 -0.715826
vn -0.379667 -0.558545 -0.737483
vn 0.416199 0.573381 0.705700
vn 0.999276 0.037398 -0.007054
vn 0.974883 0.215219 0.057311
vn 0.974883 0.215219 0.057311
vn 0.999276 0.037398 -0.007054
vn 0.678677 -0.302410 -0.669288
vn 0.678677 -0.302410 -0.669288
vn -0.379667 -0.558545 -0.737483
vn 0.884958 -0.180079 -0.429443
vn 0.678677 -0.302410 -0.669288
vn 0.884958 -0.180079 -0.429443
vn 0.974883 0.215219 0.057311
vn 0.901104 -0.412571 0.133407
vn 0.451450 0.693341 0.561668
vn 0.575460 0.641044 -0.507847
vn 0.901104 -0.412571 0.133407
vn 0.575460 0.641044 -0.507847
vn 0.958677 -0.120242 -0.257840
vn 0.901104 -0.412571 0.133407
vn 0.958677 -0.120242 -0.257840
vn 0.029141 -0.907977 0.418005
vn 0.575460 0.641044 -0.507847
vn 0.451450 0.693341 0.561668
vn -0.692187 0.639706 -0.334145
vn -0.692187 0.639706 -0.334145
vn 0.451450 0.693341 0.561668
vn -0.572823 0.385012 0.723629
vn 0.029141 -0.907977 0.418005
vn 0.958677 -0.120242 -0.257840
vn 0.974827 -0.164570 -0.150433
vn 0.974827 -0.164570 -0.150433
vn 0.958677 -0.120242 -0.257840
vn 0.575460 0.641044 -0.507847
vn -0.932453 -0.076412 0.353120
vn -0.572823 0.385012 0.723629
vn 0.029141 -0.907977 0.418005
vn -0.572823 0.385012 0.723629
vn -0.932453 -0.076412 0.353120
vn -0.692187 0.639706 -0.334145
vn 0.575460 0.641044 -0.507847
vn -0.692187 0.639706 -0.334145
vn -0.552480 -0.328237 -0.766176
vn -0.552480 -0.328237 -0.766176
vn -0.692187 0.639706 -0.334145
vn -0.932453 -0.076412 0.353120
vn 0.974827 -0.164570 -0.150433
vn 0.575460 0.641044 -0.507847
vn 0.201600 0.602498 0.772240
vn 0.575460 0.641044 -0.507847
vn -0.552480 -0.328237 -0.766176
vn 0.820093 -0.435326 -0.371402
vn 0.575460 0.641044 -0.507847
vn 0.820093 -0.435326 -0.371402
vn 0.201600 0.602498 0.772240
vn -0.932453 -0.076412 0.353120
vn 0.029141 -0.907977 0.418005
vn -0.019166 -0.835044 0.549849
vn -0.019166 -0.835044 0.549849
vn 0.029141 -0.907977 0.418005
vn 0.974827 -0.164570 -0.150433
vn -0.932453 -0.076412 0.353120
vn -0.019166 -0.835044 0.549849
vn -0.945854 -0.050371 0.320661
vn -0.932453 -0.076412 0.353120
vn -0.945854 -0.050371 0.320661
vn 0.201600 0.602498 0.772240
vn -0.932453 -0.076412 0.353120
vn 0.201600 0.602498 0.772240
vn -0.206656 -0.974428 0.088224
vn -0.932453 -0.076412 0.353120
vn -0.206656 -0.974428 0.088224
vn -0.552480 -0.328237 -0.766176
vn -0.206656 -0.974428 0.088224
vn 0.201600 0.602498 0.772240
vn 0.820093 -0.435326 -0.371402
vn -0.172349 0.834332 -0.523628
vn 0.974827 -0.164570 -0.150433
vn 0.201600 0.602498 0.772240
vn -0.172349 0.834332 -0.523628
vn 0.201600 0.602498 0.772240
vn -0.945854 -0.050371 0.320661
vn 0.974827 -0.164570 -0.150433
vn -0.172349 0.834332 -0.523628
vn -0.181221 -0.516799 -0.836707
vn -0.172349 0.834332 -0.523628
vn -0.945854 -0.050371 0.320661
vn -0.664554 -0.742770 0.081614
vn -0.172349 0.834332 -0.523628
vn -0.664554 -0.742770 0.081614
vn -0.181221 -0.516799 -0.836707
vn -0.604383 -0.598456 0.525901
vn -0.945854 -0.050371 0.320661
vn -0.019166 -0.835044 0.549849
vn -0.945854 -0.050371 0.320661
vn -0.604383 -0.598456 0.525901
vn -0.664554 -0.742770 0.081614
vn 0.671941 -0.688417 0.273090
vn -0.019166 -0.835044 0.549849
vn 0.974827 -0.164570 -0.150433
vn 0.671941 -0.688417 0.273090
vn 0.974827 -0.164570 -0.150433
vn -0.181221 -0.516799 -0.836707
vn -0.019166 -0.835044 0.549849
vn 0.671941 -0.688417 0.273090
vn -0.604383 -0.598456 0.525901
vn 0.671941 -0.688417 0.273090
vn -0.181221 -0.516799 -0.836707
vn 0.066098 -0.755476 -0.651834
vn 0.671941 -0.688417 0.273090
vn 0.066098 -0.755476 -0.651834
vn -0.604383 -0.598456 0.525901
vn 0.066098 -0.755476 -0.651834
vn -0.181221 -0.516799 -0.836707
vn 0.085228 -0.780156 -0.619752
vn -0.604383 -0.598456 0.525901
vn 0.066098 -0.755476 -0.651834
vn 0.600135 -0.782581 -0.165547
vn 0.511505 -0.780914 -0.358519
vn -0.181221 -0.516799 -0.836707
vn -0.664554 -0.742770 0.081614
vn -0.181221 -0.516799 -0.836707
vn 0.511505 -0.780914 -0.358519
vn 0.085228 -0.780156 -0.619752
vn -0.521737 -0.804452 0.283987
vn -0.664554 -0.742770 0.081614
vn -0.604383 -0.598456 0.525901
vn -0.521737 -0.804452 0.283987
vn -0.604383 -0.598456 0.525901
vn 0.600135 -0.782581 -0.165547
vn 0.066098 -0.755476 -0.651834
vn 0.085228 -0.780156 -0.619752
vn -0.019406 -0.891629 -0.452352
vn 0.066098 -0.755476 -0.651834
vn -0.019406 -0.891629 -0.452352
vn 0.600135 -0.782581 -0.165547
vn -0.019406 -0.891629 -0.452352
vn 0.085228 -0.780156 -0.619752
vn -0.186697 -0.957414 -0.220233
vn 0.600135 -0.782581 -0.165547
vn -0.019406 -0.891629 -0.452352
vn 0.448417 -0.891817 0.059874
vn -0.521737 -0.804452 0.283987
vn 0.600135 -0.782581 -0.165547
vn -0.084863 -0.739470 0.667820
vn 0.600135 -0.782581 -0.165547
vn 0.448417 -0.891817 0.059874
vn 0.403110 -0.779748 0.479057
vn 0.600135 -0.782581 -0.165547
vn 0.403110 -0.779748 0.479057
vn -0.084863 -0.739470 0.667820
vn -0.521737 -0.804452 0.283987
vn -0.084863 -0.739470 0.667820
vn -0.445373 -0.855737 0.263357
vn -0.521737 -0.804452 0.283987
vn -0.445373 -0.855737 0.263357
vn -0.664554 -0.742770 0.081614
vn -0.445373 -0.855737 0.263357
vn -0.084863 -0.739470 0.667820
vn 0.246353 -0.556539 0.793457
vn -0.084863 -0.739470 0.667820
vn 0.403110 -0.779748 0.479057
vn 0.444146 -0.255251 0.858826
vn -0.084863 -0.739470 0.667820
vn 0.444146 -0.255251 0.858826
vn 0.246353 -0.556539 0.793457
vn -0.445373 -0.855737 0.263357
vn 0.246353 -0.556539 0.793457
vn 0.058615 -0.920903 0.385360
vn 0.058615 -0.920903 0.385360
vn 0.246353 -0.556539 0.793457
vn 0.444146 -0.255251 0.858826
vn -0.664554 -0.742770 0.081614
vn -0.445373 -0.855737 0.263357
vn -0.440226 -0.894561 0.077218
vn -0.440226 -0.894561 0.077218
vn -0.445373 -0.855737 0.263357
vn 0.058615 -0.920903 0.385360
vn -0.664554 -0.742770 0.081614
vn -0.440226 -0.894561 0.077218
vn -0.732632 -0.587267 0.344046
vn 0.058615 -0.920903 0.385360
vn 0.444146 -0.255251 0.858826
vn 0.633034 -0.318495 0.705570
vn -0.440226 -0.894561 0.077218
vn 0.058615 -0.920903 0.385360
vn -0.187577 -0.382088 0.904889
vn -0.187577 -0.382088 0.904889
vn 0.058615 -0.920903 0.385360
vn 0.633034 -0.318495 0.705570
vn -0.440226 -0.894561 0.077218
vn -0.187577 -0.382088 0.904889
vn -0.824181 -0.356116 0.440348
vn -0.440226 -0.894561 0.077218
vn -0.824181 -0.356116 0.440348
vn -0.732632 -0.587267 0.344046
vn -0.187577 -0.382088 0.904889
vn 0.633034 -0.318495 0.705570
vn 0.641843 0.425989 0.637629
vn 0.641843 0.425989 0.637629
vn 0.633034 -0.318495 0.705570
vn 0.444146 -0.255251 0.858826
vn -0.824181 -0.356116 0.440348
vn -0.187577 -0.382088 0.904889
vn -0.115739 0.359679 0.925870
vn -0.115739 0.359679 0.925870
vn -0.187577 -0.382088 0.904889
vn 0.641843 0.425989 0.637629
vn -0.824181 -0.356116 0.440348
vn -0.115739 0.359679 0.925870
vn -0.844809 0.354293 0.400967
vn 0.000000 -0.999009 0.044513
vn -0.664554 -0.742770 0.081614
vn -0.732632 -0.587267 0.344046
vn -0.824181 -0.356116 0.440348
vn -0.844809 0.354293 0.400967
vn -0.752647 0.192113 0.629774
vn -0.824181 -0.356116 0.440348
vn -0.752647 0.192113 0.629774
vn -0.732632 -0.587267 0.344046
vn -0.844809 0.354293 0.400967
vn -0.115739 0.359679 0.925870
vn -0.205314 0.929373 0.306778
vn -0.205314 0.929373 0.306778
vn -0.115739 0.359679 0.925870
vn 0.641843 0.425989 0.637629
vn -0.844809 0.354293 0.400967
vn -0.205314 0.929373 0.306778
vn -0.752647 0.192113 0.629774
vn -0.205314 0.929373 0.306778
vn 0.641843 0.425989 0.637629
vn 0.302601 0.639219 0.706988
vn 0.302601 0.639219 0.706988
vn 0.641843 0.425989 0.637629
vn 0.444146 -0.255251 0.858826
vn -0.752647 0.192113 0.629774
vn -0.205314 0.929373 0.306778
vn -0.075491 0.740029 0.668325
vn -0.075491 0.740029 0.668325
vn -0.205314 0.929373 0.306778
vn 0.302601 0.639219 0.706988
vn -0.752647 0.192113 0.629774
vn -0.075491 0.740029 0.668325
vn -0.213376 0.338053 0.916619
vn -0.688965 -0.545767 0.476933
vn -0.732632 -0.587267 0.344046
vn -0.752647 0.192113 0.629774
vn -0.732632 -0.587267 0.344046
vn -0.688965 -0.545767 0.476933
vn 0.000000 -0.999009 0.044513
vn -0.752647 0.192113 0.629774
vn -0.213376 0.338053 0.916619
vn -0.795806 0.358333 0.488150
vn -0.752647 0.192113 0.629774
vn -0.795806 0.358333 0.488150
vn -0.688965 -0.545767 0.476933
vn -0.213376 0.338053 0.916619
vn -0.075491 0.740029 0.668325
vn 0.057583 0.843871 0.533447
vn -0.213376 0.338053 0.916619
vn 0.057583 0.843871 0.533447
vn -0.795806 0.358333 0.488150
vn 0.018768 0.698766 0.715104
vn -0.075491 0.740029 0.668325
vn 0.302601 0.639219 0.706988
vn -0.075491 0.740029 0.668325
vn 0.018768 0.698766 0.715104
vn 0.057583 0.843871 0.533447
vn 0.018768 0.698766 0.715104
vn 0.302601 0.639219 0.706988
vn 0.365305 0.771676 0.520643
vn -0.795806 0.358333 0.488150
vn 0.057583 0.843871 0.533447
vn -0.630690 0.767508 -0.114723
vn 0.057583 0.843871 0.533447
vn 0.018768 0.698766 0.715104
vn 0.255791 0.966370 -0.026460
vn 0.057583 0.843871 0.533447
vn 0.255791 0.966370 -0.026460
vn -0.630690 0.767508 -0.114723
vn -0.716395 0.499123 0.487497
vn -0.688965 -0.545767 0.476933
vn -0.795806 0.358333 0.488150
vn -0.716395 0.499123 0.487497
vn -0.795806 0.358333 0.488150
vn -0.630690 0.767508 -0.114723
vn -0.688965 -0.545767 0.476933
vn -0.716395 0.499123 0.487497
vn -0.113468 -0.749036 0.652740
vn -0.688965 -0.545767 0.476933
vn -0.113468 -0.749036 0.652740
vn 0.000000 -0.999009 0.044513
vn 0.255791 0.966370 -0.026460
vn 0.018768 0.698766 0.715104
vn 0.216882 0.976158 0.008838
vn 0.216882 0.976158 0.008838
vn 0.018768 0.698766 0.715104
vn 0.365305 0.771676 0.520643
vn -0.630690 0.767508 -0.114723
vn 0.255791 0.966370 -0.026460
vn 0.400470 0.853511 -0.333382
vn 0.216882 0.976158 0.008838
vn 0.365305 0.771676 0.520643
vn 0.721495 0.620325 0.307639
vn 0.255791 0.966370 -0.026460
vn 0.216882 0.976158 0.008838
vn 0.056226 0.697783 -0.714099
vn 0.721495 0.620325 0.307639
vn 0.365305 0.771676 0.520643
vn 0.630892 0.746025 0.213126
vn 0.216882 0.976158 0.008838
vn 0.721495 0.620325 0.307639
vn 0.681888 0.624342 -0.381084
vn 0.216882 0.976158 0.008838
vn 0.681888 0.624342 -0.381084
vn 0.056226 0.697783 -0.714099
vn 0.681888 0.624342 -0.381084
vn 0.721495 0.620325 0.307639
vn 0.630892 0.746025 0.213126
vn 0.255791 0.966370 -0.026460
vn 0.056226 0.697783 -0.714099
vn 0.364419 0.620655 -0.694252
vn 0.255791 0.966370 -0.026460
vn 0.364419 0.620655 -0.694252
vn 0.400470 0.853511 -0.333382
vn 0.056226 0.697783 -0.714099
vn 0.681888 0.624342 -0.381084
vn 0.327254 0.740674 -0.586776
vn 0.056226 0.697783 -0.714099
vn 0.327254 0.740674 -0.586776
vn 0.364419 0.620655 -0.694252
vn 0.681888 0.624342 -0.381084
vn 0.630892 0.746025 0.213126
vn 0.614161 0.686839 -0.388662
vn 0.681888 0.624342 -0.381084
vn 0.614161 0.686839 -0.388662
vn 0.327254 0.740674 -0.586776
vn -0.278436 0.867045 -0.413166
vn -0.630690 0.767508 -0.114723
vn 0.400470 0.853511 -0.333382
vn -0.630690 0.767508 -0.114723
vn -0.278436 0.867045 -0.413166
vn -0.408430 0.850232 -0.332101
vn -0.278436 0.867045 -0.413166
vn 0.400470 0.853511 -0.333382
vn -0.446852 0.381739 -0.809073
vn -0.278436 0.867045 -0.413166
vn -0.446852 0.381739 -0.809073
vn -0.408430 0.850232 -0.332101
vn -0.446852 0.381739 -0.809073
vn 0.400470 0.853511 -0.333382
vn 0.627698 0.367817 -0.686080
vn 0.627698 0.367817 -0.686080
vn 0.400470 0.853511 -0.333382
vn 0.364419 0.620655 -0.694252
vn -0.630690 0.767508 -0.114723
vn -0.408430 0.850232 -0.332101
vn -0.716395 0.499123 0.487497
vn 0.627698 0.367817 -0.686080
vn 0.364419 0.620655 -0.694252
vn 0.637677 -0.262672 -0.724135
vn -0.446852 0.381739 -0.809073
vn 0.627698 0.367817 -0.686080
vn 0.647802 0.006664 -0.761780
vn 0.647802 0.006664 -0.761780
vn 0.627698 0.367817 -0.686080
vn 0.637677 -0.262672 -0.724135
vn 0.637677 -0.262672 -0.724135
vn 0.364419 0.620655 -0.694252
vn 0.055096 -0.552831 -0.831470
vn -0.446852 0.381739 -0.809073
vn 0.647802 0.006664 -0.761780
vn 0.300049 0.286620 -0.909846
vn -0.446852 0.381739 -0.809073
vn 0.300049 0.286620 -0.909846
vn -0.408430 0.850232 -0.332101
vn 0.637677 -0.262672 -0.724135
vn 0.055096 -0.552831 -0.831470
vn 0.359755 -0.817448 -0.449838
vn 0.637677 -0.262672 -0.724135
vn 0.359755 -0.817448 -0.449838
vn 0.647802 0.006664 -0.761780
vn 0.055096 -0.552831 -0.831470
vn 0.364419 0.620655 -0.694252
vn -0.472251 0.353313 -0.807557
vn -0.472251 0.353313 -0.807557
vn 0.364419 0.620655 -0.694252
vn 0.327254 0.740674 -0.586776
vn -0.472251 0.353313 -0.807557
vn 0.327254 0.740674 -0.586776
vn 0.571605 0.343030 -0.745384
vn 0.571605 0.343030 -0.745384
vn 0.327254 0.740674 -0.586776
vn 0.747613 0.279477 -0.602468
vn 0.747613 0.279477 -0.602468
vn 0.327254 0.740674 -0.586776
vn 0.614161 0.686839 -0.388662
vn -0.472251 0.353313 -0.807557
vn 0.571605 0.343030 -0.745384
vn 0.552792 -0.307896 -0.774352
vn 0.552792 -0.307896 -0.774352
vn 0.571605 0.343030 -0.745384
vn 0.747613 0.279477 -0.602468
vn -0.472251 0.353313 -0.807557
vn 0.552792 -0.307896 -0.774352
vn -0.527635 -0.328894 -0.783218
vn -0.472251 0.353313 -0.807557
vn -0.527635 -0.328894 -0.783218
vn 0.055096 -0.552831 -0.831470
vn 0.552792 -0.307896 -0.774352
vn 0.747613 0.279477 -0.602468
vn 0.621204 -0.208970 -0.755273
vn 0.747613 0.279477 -0.602468
vn 0.614161 0.686839 -0.388662
vn 0.778496 0.415595 -0.470346
vn 0.747613 0.279477 -0.602468
vn 0.778496 0.415595 -0.470346
vn 0.621204 -0.208970 -0.755273
vn 0.778496 0.415595 -0.470346
vn 0.614161 0.686839 -0.388662
vn 0.630892 0.746025 0.213126
vn 0.552792 -0.307896 -0.774352
vn 0.621204 -0.208970 -0.755273
vn 0.295802 -0.854138 -0.427727
vn 0.552792 -0.307896 -0.774352
vn 0.295802 -0.854138 -0.427727
vn -0.527635 -0.328894 -0.783218
vn 0.621204 -0.208970 -0.755273
vn 0.778496 0.415595 -0.470346
vn 0.780239 -0.325650 -0.534023
vn -0.341739 -0.842210 -0.417009
vn 0.055096 -0.552831 -0.831470
vn -0.527635 -0.328894 -0.783218
vn -0.341739 -0.842210 -0.417009
vn -0.527635 -0.328894 -0.783218
vn 0.295802 -0.854138 -0.427727
vn 0.055096 -0.552831 -0.831470
vn -0.341739 -0.842210 -0.417009
vn 0.085228 -0.780156 -0.619752
vn 0.085228 -0.780156 -0.619752
vn -0.341739 -0.842210 -0.417009
vn -0.186697 -0.957414 -0.220233
vn -0.186697 -0.957414 -0.220233
vn -0.341739 -0.842210 -0.417009
vn 0.295802 -0.854138 -0.427727
vn 0.055096 -0.552831 -0.831470
vn 0.085228 -0.780156 -0.619752
vn 0.511505 -0.780914 -0.358519
vn 0.055096 -0.552831 -0.831470
vn 0.511505 -0.780914 -0.358519
vn 0.359755 -0.817448 -0.449838
vn 0.190865 -0.808891 -0.556117
vn 0.295802 -0.854138 -0.427727
vn 0.621204 -0.208970 -0.755273
vn 0.295802 -0.854138 -0.427727
vn 0.190865 -0.808891 -0.556117
vn -0.186697 -0.957414 -0.220233
vn 0.190865 -0.808891 -0.556117
vn 0.621204 -0.208970 -0.755273
vn 0.780239 -0.325650 -0.534023
vn -0.186697 -0.957414 -0.220233
vn 0.190865 -0.808891 -0.556117
vn -0.425882 -0.854657 -0.296963
vn -0.186697 -0.957414 -0.220233
vn -0.425882 -0.854657 -0.296963
vn -0.019406 -0.891629 -0.452352
vn -0.425882 -0.854657 -0.296963
vn 0.190865 -0.808891 -0.556117
vn 0.418593 -0.851584 -0.315571
vn 0.418593 -0.851584 -0.315571
vn 0.190865 -0.808891 -0.556117
vn 0.780239 -0.325650 -0.534023
vn -0.019406 -0.891629 -0.452352
vn -0.425882 -0.854657 -0.296963
vn 0.448417 -0.891817 0.059874
vn -0.425882 -0.854657 -0.296963
vn 0.418593 -0.851584 -0.315571
vn 0.409139 -0.859245 0.307087
vn 0.409139 -0.859245 0.307087
vn 0.418593 -0.851584 -0.315571
vn 0.780239 -0.325650 -0.534023
vn -0.425882 -0.854657 -0.296963
vn 0.409139 -0.859245 0.307087
vn 0.448417 -0.891817 0.059874
vn 0.409139 -0.859245 0.307087
vn 0.780239 -0.325650 -0.534023
vn 0.800824 -0.303972 0.516026
vn 0.448417 -0.891817 0.059874
vn 0.409139 -0.859245 0.307087
vn 0.581537 -0.481607 0.655644
vn 0.581537 -0.481607 0.655644
vn 0.409139 -0.859245 0.307087
vn 0.800824 -0.303972 0.516026
vn 0.800824 -0.303972 0.516026
vn 0.780239 -0.325650 -0.534023
vn 0.758075 0.431829 0.488719
vn 0.800824 -0.303972 0.516026
vn 0.758075 0.431829 0.488719
vn 0.581537 -0.481607 0.655644
vn 0.758075 0.431829 0.488719
vn 0.780239 -0.325650 -0.534023
vn 0.778496 0.415595 -0.470346
vn 0.758075 0.431829 0.488719
vn 0.778496 0.415595 -0.470346
vn 0.630892 0.746025 0.213126
vn 0.758075 0.431829 0.488719
vn 0.630892 0.746025 0.213126
vn 0.776615 0.439428 0.451412
vn 0.758075 0.431829 0.488719
vn 0.776615 0.439428 0.451412
vn 0.581537 -0.481607 0.655644
vn 0.776615 0.439428 0.451412
vn 0.630892 0.746025 0.213126
vn 0.365305 0.771676 0.520643
vn 0.776615 0.439428 0.451412
vn 0.365305 0.771676 0.520643
vn 0.635596 0.340196 0.693025
vn 0.776615 0.439428 0.451412
vn 0.635596 0.340196 0.693025
vn 0.581537 -0.481607 0.655644
vn 0.635596 0.340196 0.693025
vn 0.365305 0.771676 0.520643
vn 0.302601 0.639219 0.706988
vn 0.635596 0.340196 0.693025
vn 0.302601 0.639219 0.706988
vn 0.444146 -0.255251 0.858826
vn 0.581537 -0.481607 0.655644
vn 0.635596 0.340196 0.693025
vn 0.641543 -0.318473 0.697852
vn 0.641543 -0.318473 0.697852
vn 0.635596 0.340196 0.693025
vn 0.444146 -0.255251 0.858826
vn 0.581537 -0.481607 0.655644
vn 0.641543 -0.318473 0.697852
vn 0.448417 -0.891817 0.059874
vn 0.641543 -0.318473 0.697852
vn 0.444146 -0.255251 0.858826
vn 0.403110 -0.779748 0.479057
vn 0.641543 -0.318473 0.697852
vn 0.403110 -0.779748 0.479057
vn 0.448417 -0.891817 0.059874
vn -0.664554 -0.742770 0.081614
vn 0.000000 -0.999009 0.044513
vn 0.511505 -0.780914 -0.358519
vn 0.511505 -0.780914 -0.358519
vn 0.000000 -0.999009 0.044513
vn 0.742322 -0.651038 -0.158453
vn 0.511505 -0.780914 -0.358519
vn 0.742322 -0.651038 -0.158453
vn 0.359755 -0.817448 -0.449838
vn 0.359755 -0.817448 -0.449838
vn 0.742322 -0.651038 -0.158453
vn 0.647802 0.006664 -0.761780
vn 0.742322 -0.651038 -0.158453
vn 0.000000 -0.999009 0.044513
vn 0.380827 -0.837146 0.392629
vn 0.380827 -0.837146 0.392629
vn 0.000000 -0.999009 0.044513
vn -0.113468 -0.749036 0.652740
vn 0.647802 0.006664 -0.761780
vn 0.742322 -0.651038 -0.158453
vn 0.840248 -0.129244 -0.526574
vn 0.742322 -0.651038 -0.158453
vn 0.380827 -0.837146 0.392629
vn 0.290308 -0.741834 0.604486
vn 0.647802 0.006664 -0.761780
vn 0.840248 -0.129244 -0.526574
vn 0.630177 0.677483 -0.379332
vn 0.647802 0.006664 -0.761780
vn 0.630177 0.677483 -0.379332
vn 0.460394 0.441853 -0.769937
vn 0.647802 0.006664 -0.761780
vn 0.460394 0.441853 -0.769937
vn 0.300049 0.286620 -0.909846
vn 0.630177 0.677483 -0.379332
vn 0.840248 -0.129244 -0.526574
vn -0.018604 0.641087 -0.767243
vn 0.630177 0.677483 -0.379332
vn -0.018604 0.641087 -0.767243
vn 0.460394 0.441853 -0.769937
vn 0.840248 -0.129244 -0.526574
vn 0.742322 -0.651038 -0.158453
vn 0.708567 -0.703395 0.056287
vn 0.708567 -0.703395 0.056287
vn 0.742322 -0.651038 -0.158453
vn 0.290308 -0.741834 0.604486
vn 0.840248 -0.129244 -0.526574
vn 0.708567 -0.703395 0.056287
vn 0.820093 -0.435326 -0.371402
vn 0.708567 -0.703395 0.056287
vn 0.290308 -0.741834 0.604486
vn -0.206656 -0.974428 0.088224
vn 0.708567 -0.703395 0.056287
vn -0.206656 -0.974428 0.088224
vn 0.820093 -0.435326 -0.371402
vn 0.840248 -0.129244 -0.526574
vn 0.820093 -0.435326 -0.371402
vn -0.035140 -0.118304 -0.992356
vn 0.840248 -0.129244 -0.526574
vn -0.035140 -0.118304 -0.992356
vn -0.018604 0.641087 -0.767243
vn -0.035140 -0.118304 -0.992356
vn 0.820093 -0.435326 -0.371402
vn -0.552480 -0.328237 -0.766176
vn 0.235811 -0.041511 -0.970912
vn 0.460394 0.441853 -0.769937
vn -0.018604 0.641087 -0.767243
vn 0.235811 -0.041511 -0.970912
vn -0.018604 0.641087 -0.767243
vn -0.035140 -0.118304 -0.992356
vn -0.206656 -0.974428 0.088224
vn 0.290308 -0.741834 0.604486
vn -0.572046 -0.767429 -0.289510
vn -0.206656 -0.974428 0.088224
vn -0.572046 -0.767429 -0.289510
vn -0.552480 -0.328237 -0.766176
vn -0.035140 -0.118304 -0.992356
vn -0.552480 -0.328237 -0.766176
vn 0.127447 -0.526425 -0.840615
vn 0.127447 -0.526425 -0.840615
vn -0.552480 -0.328237 -0.766176
vn -0.572046 -0.767429 -0.289510
vn -0.035140 -0.118304 -0.992356
vn 0.127447 -0.526425 -0.840615
vn 0.235811 -0.041511 -0.970912
vn 0.460394 0.441853 -0.769937
vn 0.235811 -0.041511 -0.970912
vn 0.662748 -0.079747 -0.744584
vn -0.572046 -0.767429 -0.289510
vn 0.290308 -0.741834 0.604486
vn -0.352526 -0.845313 0.401462
vn -0.352526 -0.845313 0.401462
vn 0.290308 -0.741834 0.604486
vn 0.380827 -0.837146 0.392629
vn -0.352526 -0.845313 0.401462
vn 0.380827 -0.837146 0.392629
vn -0.113468 -0.749036 0.652740
vn -0.572046 -0.767429 -0.289510
vn -0.352526 -0.845313 0.401462
vn -0.246302 -0.967743 0.052995
vn -0.246302 -0.967743 0.052995
vn -0.352526 -0.845313 0.401462
vn -0.113468 -0.749036 0.652740
vn -0.572046 -0.767429 -0.289510
vn -0.246302 -0.967743 0.052995
vn 0.127447 -0.526425 -0.840615
vn 0.460394 0.441853 -0.769937
vn 0.662748 -0.079747 -0.744584
vn 0.574430 0.420565 -0.702251
vn 0.460394 0.441853 -0.769937
vn 0.574430 0.420565 -0.702251
vn 0.300049 0.286620 -0.909846
vn 0.442548 0.268080 -0.855736
vn 0.662748 -0.079747 -0.744584
vn 0.235811 -0.041511 -0.970912
vn 0.662748 -0.079747 -0.744584
vn 0.442548 0.268080 -0.855736
vn 0.574430 0.420565 -0.702251
vn 0.300049 0.286620 -0.909846
vn 0.574430 0.420565 -0.702251
vn 0.307793 0.876227 -0.370795
vn 0.442548 0.268080 -0.855736
vn 0.235811 -0.041511 -0.970912
vn 0.296846 0.000000 -0.954925
vn 0.296846 0.000000 -0.954925
vn 0.235811 -0.041511 -0.970912
vn 0.127447 -0.526425 -0.840615
vn 0.300049 0.286620 -0.909846
vn 0.307793 0.876227 -0.370795
vn -0.408430 0.850232 -0.332101
vn 0.307793 0.876227 -0.370795
vn 0.574430 0.420565 -0.702251
vn -0.300188 0.750542 -0.588706
vn 0.307793 0.876227 -0.370795
vn -0.300188 0.750542 -0.588706
vn -0.408430 0.850232 -0.332101
vn 0.574430 0.420565 -0.702251
vn 0.442548 0.268080 -0.855736
vn -0.165929 0.627999 -0.760318
vn 0.574430 0.420565 -0.702251
vn -0.165929 0.627999 -0.760318
vn -0.300188 0.750542 -0.588706
vn 0.442548 0.268080 -0.855736
vn 0.296846 0.000000 -0.954925
vn 0.234653 0.457554 -0.857661
vn 0.442548 0.268080 -0.855736
vn 0.234653 0.457554 -0.857661
vn -0.165929 0.627999 -0.760318
vn -0.408430 0.850232 -0.332101
vn -0.300188 0.750542 -0.588706
vn -0.690469 0.710335 -0.136666
vn -0.690469 0.710335 -0.136666
vn -0.300188 0.750542 -0.588706
vn -0.165929 0.627999 -0.760318
vn -0.408430 0.850232 -0.332101
vn -0.690469 0.710335 -0.136666
vn -0.285817 0.815081 0.503936
vn -0.408430 0.850232 -0.332101
vn -0.285817 0.815081 0.503936
vn -0.716395 0.499123 0.487497
vn -0.690469 0.710335 -0.136666
vn -0.165929 0.627999 -0.760318
vn -0.746251 0.646784 -0.157417
vn -0.690469 0.710335 -0.136666
vn -0.746251 0.646784 -0.157417
vn -0.285817 0.815081 0.503936
vn -0.716395 0.499123 0.487497
vn -0.285817 0.815081 0.503936
vn -0.735593 0.368376 0.568508
vn -0.735593 0.368376 0.568508
vn -0.285817 0.815081 0.503936
vn -0.746251 0.646784 -0.157417
vn -0.716395 0.499123 0.487497
vn -0.735593 0.368376 0.568508
vn -0.498686 0.529067 0.686586
vn -0.498686 0.529067 0.686586
vn -0.735593 0.368376 0.568508
vn -0.746251 0.646784 -0.157417
vn -0.716395 0.499123 0.487497
vn -0.498686 0.529067 0.686586
vn 0.035357 0.182056 0.982652
vn -0.716395 0.499123 0.487497
vn 0.035357 0.182056 0.982652
vn -0.113468 -0.749036 0.652740
vn 0.035357 0.182056 0.982652
vn -0.498686 0.529067 0.686586
vn -0.762618 0.389316 0.516572
vn -0.762618 0.389316 0.516572
vn -0.498686 0.529067 0.686586
vn -0.746251 0.646784 -0.157417
vn -0.113468 -0.749036 0.652740
vn 0.035357 0.182056 0.982652
vn 0.168712 -0.344667 0.923440
vn 0.168712 -0.344667 0.923440
vn 0.035357 0.182056 0.982652
vn -0.762618 0.389316 0.516572
vn -0.113468 -0.749036 0.652740
vn 0.168712 -0.344667 0.923440
vn 0.230167 -0.835671 0.498675
vn -0.113468 -0.749036 0.652740
vn 0.230167 -0.835671 0.498675
vn -0.246302 -0.967743 0.052995
vn -0.246302 -0.967743 0.052995
vn 0.230167 -0.835671 0.498675
vn 0.177411 -0.952529 -0.247414
vn 0.230167 -0.835671 0.498675
vn 0.168712 -0.344667 0.923440
vn -0.470920 -0.828151 0.303974
vn 0.230167 -0.835671 0.498675
vn -0.470920 -0.828151 0.303974
vn 0.177411 -0.952529 -0.247414
vn 0.168712 -0.344667 0.923440
vn -0.762618 0.389316 0.516572
vn -0.780361 -0.299113 0.549152
vn 0.168712 -0.344667 0.923440
vn -0.780361 -0.299113 0.549152
vn -0.470920 -0.828151 0.303974
vn -0.780361 -0.299113 0.549152
vn -0.762618 0.389316 0.516572
vn -0.832792 0.362835 -0.418101
vn -0.832792 0.362835 -0.418101
vn -0.762618 0.389316 0.516572
vn -0.746251 0.646784 -0.157417
vn -0.470920 -0.828151 0.303974
vn -0.780361 -0.299113 0.549152
vn -0.810351 -0.357359 -0.464355
vn -0.810351 -0.357359 -0.464355
vn -0.780361 -0.299113 0.549152
vn -0.832792 0.362835 -0.418101
vn 0.177411 -0.952529 -0.247414
vn -0.470920 -0.828151 0.303974
vn -0.366283 -0.885729 -0.285170
vn 0.177411 -0.952529 -0.247414
vn -0.366283 -0.885729 -0.285170
vn -0.246302 -0.967743 0.052995
vn -0.366283 -0.885729 -0.285170
vn -0.470920 -0.828151 0.303974
vn -0.810351 -0.357359 -0.464355
vn -0.246302 -0.967743 0.052995
vn -0.366283 -0.885729 -0.285170
vn 0.523574 -0.799878 -0.293369
vn -0.246302 -0.967743 0.052995
vn 0.523574 -0.799878 -0.293369
vn 0.127447 -0.526425 -0.840615
vn -0.366283 -0.885729 -0.285170
vn -0.810351 -0.357359 -0.464355
vn -0.632156 -0.418448 -0.652135
vn 0.127447 -0.526425 -0.840615
vn 0.523574 -0.799878 -0.293369
vn 0.268457 -0.404054 -0.874455
vn -0.810351 -0.357359 -0.464355
vn -0.832792 0.362835 -0.418101
vn -0.744568 0.006553 -0.667515
vn -0.810351 -0.357359 -0.464355
vn -0.744568 0.006553 -0.667515
vn -0.632156 -0.418448 -0.652135
vn 0.127447 -0.526425 -0.840615
vn 0.268457 -0.404054 -0.874455
vn 0.296846 0.000000 -0.954925
vn 0.523574 -0.799878 -0.293369
vn -0.366283 -0.885729 -0.285170
vn -0.344246 -0.855962 -0.385776
vn -0.344246 -0.855962 -0.385776
vn -0.366283 -0.885729 -0.285170
vn -0.632156 -0.418448 -0.652135
vn 0.523574 -0.799878 -0.293369
vn -0.344246 -0.855962 -0.385776
vn 0.096565 -0.864391 -0.493462
vn 0.523574 -0.799878 -0.293369
vn 0.096565 -0.864391 -0.493462
vn 0.268457 -0.404054 -0.874455
vn 0.268457 -0.404054 -0.874455
vn 0.096565 -0.864391 -0.493462
vn -0.344246 -0.855962 -0.385776
vn -0.344246 -0.855962 -0.385776
vn -0.632156 -0.418448 -0.652135
vn -0.590853 -0.399217 -0.701084
vn -0.344246 -0.855962 -0.385776
vn -0.590853 -0.399217 -0.701084
vn 0.268457 -0.404054 -0.874455
vn -0.590853 -0.399217 -0.701084
vn -0.632156 -0.418448 -0.652135
vn -0.744568 0.006553 -0.667515
vn -0.664851 0.006667 -0.746946
vn 0.296846 0.000000 -0.954925
vn 0.268457 -0.404054 -0.874455
vn -0.664851 0.006667 -0.746946
vn 0.268457 -0.404054 -0.874455
vn -0.590853 -0.399217 -0.701084
vn -0.664851 0.006667 -0.746946
vn -0.590853 -0.399217 -0.701084
vn -0.744568 0.006553 -0.667515
vn 0.296846 0.000000 -0.954925
vn -0.664851 0.006667 -0.746946
vn 0.234653 0.457554 -0.857661
vn 0.234653 0.457554 -0.857661
vn -0.664851 0.006667 -0.746946
vn -0.581877 0.412779 -0.700738
vn -0.581877 0.412779 -0.700738
vn -0.664851 0.006667 -0.746946
vn -0.744568 0.006553 -0.667515
vn 0.234653 0.457554 -0.857661
vn -0.581877 0.412779 -0.700738
vn -0.165929 0.627999 -0.760318
vn -0.165929 0.627999 -0.760318
vn -0.581877 0.412779 -0.700738
vn -0.377480 0.814838 -0.439941
vn -0.165929 0.627999 -0.760318
vn -0.377480 0.814838 -0.439941
vn -0.746251 0.646784 -0.157417
vn -0.581877 0.412779 -0.700738
vn -0.744568 0.006553 -0.667515
vn -0.669392 0.468283 -0.576737
vn -0.581877 0.412779 -0.700738
vn -0.669392 0.468283 -0.576737
vn -0.377480 0.814838 -0.439941
vn -0.377480 0.814838 -0.439941
vn -0.669392 0.468283 -0.576737
vn -0.746251 0.646784 -0.157417
vn -0.669392 0.468283 -0.576737
vn -0.744568 0.006553 -0.667515
vn -0.832792 0.362835 -0.418101
vn -0.669392 0.468283 -0.576737
vn -0.832792 0.362835 -0.418101
vn -0.746251 0.646784 -0.157417
vn 0.401030 -0.760950 0.510030
vn 0.740033 -0.456707 0.493730
vn 0.498440 -0.624567 0.601227
vn 0.740033 -0.456707 0.493730
vn 0.401030 -0.760950 0.510030
vn 0.671684 -0.726214 -0.146475
vn 0.401030 -0.760950 0.510030
vn 0.498440 -0.624567 0.601227
vn 0.019232 -0.860767 0.508635
vn 0.498440 -0.624567 0.601227
vn 0.740033 -0.456707 0.493730
vn 0.539569 0.504499 0.674052
vn 0.671684 -0.726214 -0.146475
vn 0.401030 -0.760950 0.510030
vn 0.477026 -0.697621 0.534575
vn 0.477026 -0.697621 0.534575
vn 0.401030 -0.760950 0.510030
vn 0.019232 -0.860767 0.508635
vn 0.740033 -0.456707 0.493730
vn 0.671684 -0.726214 -0.146475
vn 0.855828 -0.496715 -0.144336
vn 0.740033 -0.456707 0.493730
vn 0.855828 -0.496715 -0.144336
vn 0.773470 0.339653 0.535144
vn 0.740033 -0.456707 0.493730
vn 0.773470 0.339653 0.535144
vn 0.539569 0.504499 0.674052
vn 0.773470 0.339653 0.535144
vn 0.855828 -0.496715 -0.144336
vn 0.944638 0.306995 -0.115813
vn 0.539569 0.504499 0.674052
vn 0.773470 0.339653 0.535144
vn 0.259111 0.851431 0.455989
vn 0.259111 0.851431 0.455989
vn 0.773470 0.339653 0.535144
vn 0.944638 0.306995 -0.115813
vn 0.944638 0.306995 -0.115813
vn 0.855828 -0.496715 -0.144336
vn 0.486261 -0.469236 -0.737135
vn 0.486261 -0.469236 -0.737135
vn 0.855828 -0.496715 -0.144336
vn 0.671684 -0.726214 -0.146475
vn 0.259111 0.851431 0.455989
vn 0.944638 0.306995 -0.115813
vn 0.361866 0.837332 -0.409791
vn 0.944638 0.306995 -0.115813
vn 0.486261 -0.469236 -0.737135
vn 0.469207 0.268439 -0.841300
vn 0.944638 0.306995 -0.115813
vn 0.469207 0.268439 -0.841300
vn 0.361866 0.837332 -0.409791
vn 0.469207 0.268439 -0.841300
vn 0.486261 -0.469236 -0.737135
vn 0.372922 -0.598028 -0.709430
vn 0.361866 0.837332 -0.409791
vn 0.469207 0.268439 -0.841300
vn 0.394359 0.312393 -0.864229
vn 0.394359 0.312393 -0.864229
vn 0.469207 0.268439 -0.841300
vn 0.372922 -0.598028 -0.709430
vn 0.259111 0.851431 0.455989
vn 0.361866 0.837332 -0.409791
vn 0.136231 0.909577 -0.392570
vn 0.136231 0.909577 -0.392570
vn 0.361866 0.837332 -0.409791
vn 0.394359 0.312393 -0.864229
vn 0.142023 -0.765029 -0.628140
vn 0.486261 -0.469236 -0.737135
vn 0.671684 -0.726214 -0.146475
vn 0.486261 -0.469236 -0.737135
vn 0.142023 -0.765029 -0.628140
vn 0.372922 -0.598028 -0.709430
vn 0.142023 -0.765029 -0.628140
vn 0.671684 -0.726214 -0.146475
vn 0.269938 -0.685740 -0.675940
vn 0.269938 -0.685740 -0.675940
vn 0.671684 -0.726214 -0.146475
vn 0.730387 -0.677362 -0.087839
vn 0.730387 -0.677362 -0.087839
vn 0.671684 -0.726214 -0.146475
vn 0.477026 -0.697621 0.534575
vn 0.730387 -0.677362 -0.087839
vn 0.477026 -0.697621 0.534575
vn 0.269938 -0.685740 -0.675940
vn 0.142023 -0.765029 -0.628140
vn 0.269938 -0.685740 -0.675940
vn -0.422976 -0.684693 -0.593537
vn -0.422976 -0.684693 -0.593537
vn 0.269938 -0.685740 -0.675940
vn 0.477026 -0.697621 0.534575
vn 0.372922 -0.598028 -0.709430
vn 0.142023 -0.765029 -0.628140
vn 0.380173 -0.705145 -0.598531
vn 0.380173 -0.705145 -0.598531
vn 0.142023 -0.765029 -0.628140
vn -0.422976 -0.684693 -0.593537
vn 0.275880 -0.373632 -0.885601
vn 0.394359 0.312393 -0.864229
vn 0.372922 -0.598028 -0.709430
vn -0.422976 -0.684693 -0.593537
vn 0.477026 -0.697621 0.534575
vn -0.683256 -0.712164 0.161197
vn -0.683256 -0.712164 0.161197
vn 0.477026 -0.697621 0.534575
vn -0.214995 -0.733070 0.645280
vn -0.214995 -0.733070 0.645280
vn 0.477026 -0.697621 0.534575
vn 0.019232 -0.860767 0.508635
vn -0.214995 -0.733070 0.645280
vn 0.019232 -0.860767 0.508635
vn -0.683256 -0.712164 0.161197
vn -0.422976 -0.684693 -0.593537
vn -0.683256 -0.712164 0.161197
vn -0.291527 -0.931437 0.217799
vn -0.291527 -0.931437 0.217799
vn -0.683256 -0.712164 0.161197
vn 0.019232 -0.860767 0.508635
vn -0.422976 -0.684693 -0.593537
vn -0.291527 -0.931437 0.217799
vn 0.380173 -0.705145 -0.598531
vn 0.314822 -0.652810 -0.689004
vn 0.372922 -0.598028 -0.709430
vn 0.380173 -0.705145 -0.598531
vn 0.372922 -0.598028 -0.709430
vn 0.314822 -0.652810 -0.689004
vn 0.275880 -0.373632 -0.885601
vn 0.314822 -0.652810 -0.689004
vn 0.380173 -0.705145 -0.598531
vn 0.370280 -0.681966 -0.630726
vn 0.370280 -0.681966 -0.630726
vn 0.380173 -0.705145 -0.598531
vn 0.773562 -0.633671 0.007881
vn 0.773562 -0.633671 0.007881
vn 0.380173 -0.705145 -0.598531
vn -0.291527 -0.931437 0.217799
vn 0.314822 -0.652810 -0.689004
vn 0.370280 -0.681966 -0.630726
vn -0.420289 -0.776846 -0.468900
vn -0.420289 -0.776846 -0.468900
vn 0.370280 -0.681966 -0.630726
vn 0.773562 -0.633671 0.007881
vn 0.773562 -0.633671 0.007881
vn -0.291527 -0.931437 0.217799
vn 0.434122 -0.709734 0.554812
vn 0.773562 -0.633671 0.007881
vn 0.434122 -0.709734 0.554812
vn -0.420289 -0.776846 -0.468900
vn -0.420289 -0.776846 -0.468900
vn 0.434122 -0.709734 0.554812
vn -0.511396 -0.795478 0.325099
vn -0.511396 -0.795478 0.325099
vn 0.434122 -0.709734 0.554812
vn -0.291527 -0.931437 0.217799
vn 0.314822 -0.652810 -0.689004
vn -0.420289 -0.776846 -0.468900
vn -0.460632 -0.282275 -0.841510
vn 0.314822 -0.652810 -0.689004
vn -0.460632 -0.282275 -0.841510
vn 0.275880 -0.373632 -0.885601
vn -0.420289 -0.776846 -0.468900
vn -0.511396 -0.795478 0.325099
vn -0.936520 -0.217444 -0.275042
vn -0.420289 -0.776846 -0.468900
vn -0.936520 -0.217444 -0.275042
vn -0.460632 -0.282275 -0.841510
vn -0.936520 -0.217444 -0.275042
vn -0.511396 -0.795478 0.325099
vn -0.740908 -0.470896 -0.478866
vn -0.740908 -0.470896 -0.478866
vn -0.511396 -0.795478 0.325099
vn -0.291527 -0.931437 0.217799
vn -0.460632 -0.282275 -0.841510
vn -0.936520 -0.217444 -0.275042
vn -0.924726 0.276304 -0.261799
vn 0.275880 -0.373632 -0.885601
vn -0.460632 -0.282275 -0.841510
vn -0.520320 0.274783 -0.808555
vn -0.520320 0.274783 -0.808555
vn -0.460632 -0.282275 -0.841510
vn -0.924726 0.276304 -0.261799
vn 0.275880 -0.373632 -0.885601
vn -0.520320 0.274783 -0.808555
vn 0.298486 0.278173 -0.912977
vn 0.275880 -0.373632 -0.885601
vn 0.298486 0.278173 -0.912977
vn 0.394359 0.312393 -0.864229
vn -0.520320 0.274783 -0.808555
vn -0.924726 0.276304 -0.261799
vn -0.316224 0.850177 -0.420954
vn 0.394359 0.312393 -0.864229
vn 0.298486 0.278173 -0.912977
vn 0.190392 0.791804 -0.580342
vn 0.190392 0.791804 -0.580342
vn 0.298486 0.278173 -0.912977
vn -0.520320 0.274783 -0.808555
vn 0.190392 0.791804 -0.580342
vn -0.520320 0.274783 -0.808555
vn -0.316224 0.850177 -0.420954
vn 0.394359 0.312393 -0.864229
vn 0.190392 0.791804 -0.580342
vn 0.136231 0.909577 -0.392570
vn 0.190392 0.791804 -0.580342
vn -0.316224 0.850177 -0.420954
vn -0.585945 0.803068 0.108397
vn 0.190392 0.791804 -0.580342
vn -0.585945 0.803068 0.108397
vn 0.136231 0.909577 -0.392570
vn -0.585945 0.803068 0.108397
vn -0.316224 0.850177 -0.420954
vn -0.924726 0.276304 -0.261799
vn -0.741236 0.425195 -0.519402
vn -0.924726 0.276304 -0.261799
vn -0.936520 -0.217444 -0.275042
vn -0.924726 0.276304 -0.261799
vn -0.741236 0.425195 -0.519402
vn -0.585945 0.803068 0.108397
vn -0.741236 0.425195 -0.519402
vn -0.936520 -0.217444 -0.275042
vn -0.740908 -0.470896 -0.478866
vn 0.136231 0.909577 -0.392570
vn -0.585945 0.803068 0.108397
vn -0.225104 0.938104 -0.263229
vn -0.225104 0.938104 -0.263229
vn -0.585945 0.803068 0.108397
vn -0.741236 0.425195 -0.519402
vn 0.136231 0.909577 -0.392570
vn -0.225104 0.938104 -0.263229
vn -0.254349 0.937675 -0.236798
vn 0.136231 0.909577 -0.392570
vn -0.254349 0.937675 -0.236798
vn 0.259111 0.851431 0.455989
vn 0.259111 0.851431 0.455989
vn -0.254349 0.937675 -0.236798
vn 0.539569 0.504499 0.674052
vn 0.539569 0.504499 0.674052
vn -0.254349 0.937675 -0.236798
vn 0.606783 0.405133 0.683872
vn 0.539569 0.504499 0.674052
vn 0.606783 0.405133 0.683872
vn 0.498440 -0.624567 0.601227
vn -0.254349 0.937675 -0.236798
vn -0.225104 0.938104 -0.263229
vn 0.274895 0.956587 0.096819
vn -0.254349 0.937675 -0.236798
vn 0.274895 0.956587 0.096819
vn 0.606783 0.405133 0.683872
vn 0.498440 -0.624567 0.601227
vn 0.606783 0.405133 0.683872
vn 0.505273 -0.505585 0.699345
vn 0.498440 -0.624567 0.601227
vn 0.505273 -0.505585 0.699345
vn 0.019232 -0.860767 0.508635
vn 0.606783 0.405133 0.683872
vn 0.274895 0.956587 0.096819
vn 0.458963 0.447470 0.767544
vn 0.606783 0.405133 0.683872
vn 0.458963 0.447470 0.767544
vn 0.505273 -0.505585 0.699345
vn 0.274895 0.956587 0.096819
vn -0.225104 0.938104 -0.263229
vn -0.076877 0.852580 -0.516911
vn -0.076877 0.852580 -0.516911
vn -0.225104 0.938104 -0.263229
vn -0.741236 0.425195 -0.519402
vn 0.505273 -0.505585 0.699345
vn 0.458963 0.447470 0.767544
vn 0.426145 -0.414933 0.803885
vn 0.505273 -0.505585 0.699345
vn 0.426145 -0.414933 0.803885
vn 0.019232 -0.860767 0.508635
vn 0.458963 0.447470 0.767544
vn 0.274895 0.956587 0.096819
vn 0.113470 0.741556 0.661226
vn 0.113470 0.741556 0.661226
vn 0.274895 0.956587 0.096819
vn -0.076877 0.852580 -0.516911
vn -0.076877 0.852580 -0.516911
vn -0.741236 0.425195 -0.519402
vn -0.627447 0.354052 -0.693511
vn 0.458963 0.447470 0.767544
vn 0.113470 0.741556 0.661226
vn 0.148590 0.055391 0.987346
vn 0.458963 0.447470 0.767544
vn 0.148590 0.055391 0.987346
vn 0.426145 -0.414933 0.803885
vn 0.113470 0.741556 0.661226
vn -0.076877 0.852580 -0.516911
vn -0.520089 0.853944 0.016955
vn -0.520089 0.853944 0.016955
vn -0.076877 0.852580 -0.516911
vn -0.627447 0.354052 -0.693511
vn -0.627447 0.354052 -0.693511
vn -0.741236 0.425195 -0.519402
vn -0.740908 -0.470896 -0.478866
vn 0.113470 0.741556 0.661226
vn -0.520089 0.853944 0.016955
vn -0.650523 0.332242 0.682961
vn 0.113470 0.741556 0.661226
vn -0.650523 0.332242 0.682961
vn 0.148590 0.055391 0.987346
vn -0.520089 0.853944 0.016955
vn -0.627447 0.354052 -0.693511
vn -0.959456 0.281022 -0.021685
vn -0.520089 0.853944 0.016955
vn -0.959456 0.281022 -0.021685
vn -0.650523 0.332242 0.682961
vn 0.148590 0.055391 0.987346
vn -0.650523 0.332242 0.682961
vn -0.656869 -0.324369 0.680667
vn -0.656869 -0.324369 0.680667
vn -0.650523 0.332242 0.682961
vn -0.959456 0.281022 -0.021685
vn 0.148590 0.055391 0.987346
vn -0.656869 -0.324369 0.680667
vn 0.124781 -0.374202 0.918914
vn 0.148590 0.055391 0.987346
vn 0.124781 -0.374202 0.918914
vn 0.426145 -0.414933 0.803885
vn -0.656869 -0.324369 0.680667
vn -0.959456 0.281022 -0.021685
vn -0.948730 -0.314748 -0.029079
vn -0.948730 -0.314748 -0.029079
vn -0.959456 0.281022 -0.021685
vn -0.627447 0.354052 -0.693511
vn 0.124781 -0.374202 0.918914
vn -0.656869 -0.324369 0.680667
vn -0.370285 -0.842364 0.391550
vn -0.370285 -0.842364 0.391550
vn -0.656869 -0.324369 0.680667
vn -0.948730 -0.314748 -0.029079
vn 0.426145 -0.414933 0.803885
vn 0.124781 -0.374202 0.918914
vn 0.106118 -0.863545 0.492979
vn 0.106118 -0.863545 0.492979
vn 0.124781 -0.374202 0.918914
vn -0.370285 -0.842364 0.391550
vn -0.370285 -0.842364 0.391550
vn -0.948730 -0.314748 -0.029079
vn -0.553565 -0.832424 -0.025234
vn -0.370285 -0.842364 0.391550
vn -0.553565 -0.832424 -0.025234
vn 0.106118 -0.863545 0.492979
vn -0.948730 -0.314748 -0.029079
vn -0.627447 0.354052 -0.693511
vn -0.634116 -0.346192 -0.691411
vn -0.948730 -0.314748 -0.029079
vn -0.634116 -0.346192 -0.691411
vn -0.553565 -0.832424 -0.025234
vn -0.634116 -0.346192 -0.691411
vn -0.627447 0.354052 -0.693511
vn -0.740908 -0.470896 -0.478866
vn 0.426145 -0.414933 0.803885
vn 0.106118 -0.863545 0.492979
vn 0.336201 -0.897890 0.284186
vn 0.336201 -0.897890 0.284186
vn 0.106118 -0.863545 0.492979
vn -0.553565 -0.832424 -0.025234
vn 0.426145 -0.414933 0.803885
vn 0.336201 -0.897890 0.284186
vn 0.019232 -0.860767 0.508635
vn -0.634116 -0.346192 -0.691411
vn -0.740908 -0.470896 -0.478866
vn -0.222194 -0.864755 -0.450365
vn -0.634116 -0.346192 -0.691411
vn -0.222194 -0.864755 -0.450365
vn -0.553565 -0.832424 -0.025234
vn -0.222194 -0.864755 -0.450365
vn -0.740908 -0.470896 -0.478866
vn -0.291527 -0.931437 0.217799
vn 0.336201 -0.897890 0.284186
vn -0.553565 -0.832424 -0.025234
vn 0.156841 -0.962877 0.219703
vn 0.336201 -0.897890 0.284186
vn 0.156841 -0.962877 0.219703
vn 0.019232 -0.860767 0.508635
vn 0.156841 -0.962877 0.219703
vn -0.553565 -0.832424 -0.025234
vn -0.222194 -0.864755 -0.450365
vn 0.624768 -0.710093 -0.324703
vn -0.291527 -0.931437 0.217799
vn 0.019232 -0.860767 0.508635
vn 0.624768 -0.710093 -0.324703
vn 0.019232 -0.860767 0.508635
vn 0.156841 -0.962877 0.219703
vn -0.222194 -0.864755 -0.450365
vn -0.291527 -0.931437 0.217799
vn -0.345821 -0.725581 -0.594929
vn -0.345821 -0.725581 -0.594929
vn -0.291527 -0.931437 0.217799
vn 0.624768 -0.710093 -0.324703
vn -0.222194 -0.864755 -0.450365
vn -0.345821 -0.725581 -0.594929
vn 0.156841 -0.962877 0.219703
vn -0.345821 -0.725581 -0.594929
vn 0.624768 -0.710093 -0.324703
vn 0.790614 0.537791 -0.292764
vn 0.790614 0.537791 -0.292764
vn 0.624768 -0.710093 -0.324703
vn 0.156841 -0.962877 0.219703
vn 0.156841 -0.962877 0.219703
vn -0.345821 -0.725581 -0.594929
vn -0.908169 -0.231239 -0.348937
vn -0.908169 -0.231239 -0.348937
vn -0.345821 -0.725581 -0.594929
vn 0.790614 0.537791 -0.292764
vn 0.790614 0.537791 -0.292764
vn 0.156841 -0.962877 0.219703
vn 0.098407 -0.411029 0.906295
vn 0.098407 -0.411029 0.906295
vn 0.156841 -0.962877 0.219703
vn -0.908169 -0.231239 -0.348937
vn -0.908169 -0.231239 -0.348937
vn 0.790614 0.537791 -0.292764
vn 0.628005 0.713771 -0.310066
vn 0.628005 0.713771 -0.310066
vn 0.790614 0.537791 -0.292764
vn 0.098407 -0.411029 0.906295
vn 0.098407 -0.411029 0.906295
vn -0.908169 -0.231239 -0.348937
vn -0.810836 -0.077855 -0.580072
vn -0.810836 -0.077855 -0.580072
vn -0.908169 -0.231239 -0.348937
vn 0.628005 0.713771 -0.310066
vn 0.628005 0.713771 -0.310066
vn 0.098407 -0.411029 0.906295
vn 0.270155 -0.456544 0.847693
vn 0.270155 -0.456544 0.847693
vn 0.098407 -0.411029 0.906295
vn -0.810836 -0.077855 -0.580072
vn -0.810836 -0.077855 -0.580072
vn 0.628005 0.713771 -0.310066
vn 0.531437 0.711312 0.460012
vn 0.531437 0.711312 0.460012
vn 0.628005 0.713771 -0.310066
vn 0.270155 -0.456544 0.847693
vn 0.270155 -0.456544 0.847693
vn -0.810836 -0.077855 -0.580072
vn -0.997141 -0.075228 -0.007095
vn -0.997141 -0.075228 -0.007095
vn -0.810836 -0.077855 -0.580072
vn 0.531437 0.711312 0.460012
vn 0.270155 -0.456544 0.847693
vn -0.997141 -0.075228 -0.007095
vn -0.195355 0.351709 0.915498
vn 0.270155 -0.456544 0.847693
vn -0.195355 0.351709 0.915498
vn 0.531437 0.711312 0.460012
vn -0.195355 0.351709 0.915498
vn -0.997141 -0.075228 -0.007095
vn -0.884712 0.304990 0.352514
vn -0.195355 0.351709 0.915498
vn -0.884712 0.304990 0.352514
vn 0.416199 0.573381 0.705700
vn -0.195355 0.351709 0.915498
vn 0.416199 0.573381 0.705700
vn 0.531437 0.711312 0.460012
vn 0.531437 0.711312 0.460012
vn 0.416199 0.573381 0.705700
vn 0.974883 0.215219 0.057311
vn 0.531437 0.711312 0.460012
vn 0.974883 0.215219 0.057311
vn 0.951496 0.063339 -0.301069
vn -0.997141 -0.075228 -0.007095
vn 0.531437 0.711312 0.460012
vn -0.044750 0.382845 0.922728
vn -0.044750 0.382845 0.922728
vn 0.531437 0.711312 0.460012
vn 0.951496 0.063339 -0.301069
vn 0.951496 0.063339 -0.301069
vn 0.974883 0.215219 0.057311
vn 0.884958 -0.180079 -0.429443
vn -0.997141 -0.075228 -0.007095
vn -0.044750 0.382845 0.922728
vn -0.996652 -0.081457 -0.007091
vn -0.996652 -0.081457 -0.007091
vn -0.044750 0.382845 0.922728
vn 0.321295 -0.647196 0.691308
vn 0.321295 -0.647196 0.691308
vn -0.044750 0.382845 0.922728
vn 0.951496 0.063339 -0.301069
vn -0.997141 -0.075228 -0.007095
vn -0.996652 -0.081457 -0.007091
vn -0.977929 -0.207839 -0.021384
vn -0.997141 -0.075228 -0.007095
vn -0.977929 -0.207839 -0.021384
vn -0.379667 -0.558545 -0.737483
vn -0.175694 -0.920115 -0.350028
vn 0.884958 -0.180079 -0.429443
vn -0.379667 -0.558545 -0.737483
vn -0.175694 -0.920115 -0.350028
vn -0.379667 -0.558545 -0.737483
vn -0.977929 -0.207839 -0.021384
vn 0.884958 -0.180079 -0.429443
vn -0.175694 -0.920115 -0.350028
vn 0.979551 -0.062577 -0.191217
vn -0.175694 -0.920115 -0.350028
vn -0.977929 -0.207839 -0.021384
vn -0.989321 -0.112852 0.092242
vn -0.381893 0.393978 -0.836026
vn 0.951496 0.063339 -0.301069
vn 0.884958 -0.180079 -0.429443
vn -0.381893 0.393978 -0.836026
vn 0.884958 -0.180079 -0.429443
vn 0.979551 -0.062577 -0.191217
vn -0.996652 -0.081457 -0.007091
vn -0.381893 0.393978 -0.836026
vn -0.977929 -0.207839 -0.021384
vn -0.977929 -0.207839 -0.021384
vn -0.381893 0.393978 -0.836026
vn -0.989321 -0.112852 0.092242
vn -0.381893 0.393978 -0.836026
vn -0.996652 -0.081457 -0.007091
vn -0.246664 -0.202375 -0.947735
vn -0.381893 0.393978 -0.836026
vn -0.246664 -0.202375 -0.947735
vn 0.951496 0.063339 -0.301069
vn -0.246664 -0.202375 -0.947735
vn -0.996652 -0.081457 -0.007091
vn -0.357169 -0.894681 -0.268282
vn 0.951496 0.063339 -0.301069
vn -0.246664 -0.202375 -0.947735
vn 0.554820 -0.684472 0.472941
vn 0.554820 -0.684472 0.472941
vn -0.246664 -0.202375 -0.947735
vn -0.357169 -0.894681 -0.268282
vn 0.951496 0.063339 -0.301069
vn 0.554820 -0.684472 0.472941
vn 0.321295 -0.647196 0.691308
vn -0.357169 -0.894681 -0.268282
vn -0.996652 -0.081457 -0.007091
vn -0.520089 -0.853944 -0.016955
vn -0.520089 -0.853944 -0.016955
vn -0.996652 -0.081457 -0.007091
vn 0.321295 -0.647196 0.691308
vn 0.554820 -0.684472 0.472941
vn -0.357169 -0.894681 -0.268282
vn 0.223392 -0.892500 0.391841
vn -0.059220 0.946054 0.318552
vn -0.989321 -0.112852 0.092242
vn -0.381893 0.393978 -0.836026
vn -0.059220 0.946054 0.318552
vn -0.381893 0.393978 -0.836026
vn 0.979551 -0.062577 -0.191217
vn -0.989321 -0.112852 0.092242
vn -0.059220 0.946054 0.318552
vn -0.273084 -0.958009 -0.087437
vn -0.059220 0.946054 0.318552
vn 0.979551 -0.062577 -0.191217
vn 0.357053 -0.096580 0.929078
vn -0.059220 0.946054 0.318552
vn 0.357053 -0.096580 0.929078
vn -0.273084 -0.958009 -0.087437
vn 0.357053 -0.096580 0.929078
vn 0.979551 -0.062577 -0.191217
vn 0.992468 -0.081115 -0.091801
vn 0.992468 -0.081115 -0.091801
vn 0.979551 -0.062577 -0.191217
vn -0.137329 -0.932452 -0.334176
vn -0.137329 -0.932452 -0.334176
vn 0.979551 -0.062577 -0.191217
vn -0.175694 -0.920115 -0.350028
vn -0.137329 -0.932452 -0.334176
vn -0.175694 -0.920115 -0.350028
vn -0.989321 -0.112852 0.092242
vn -0.137329 -0.932452 -0.334176
vn -0.989321 -0.112852 0.092242
vn -0.307533 -0.708694 -0.634962
vn -0.137329 -0.932452 -0.334176
vn -0.307533 -0.708694 -0.634962
vn 0.992468 -0.081115 -0.091801
vn -0.307533 -0.708694 -0.634962
vn -0.989321 -0.112852 0.092242
vn -0.273084 -0.958009 -0.087437
vn 0.357053 -0.096580 0.929078
vn 0.992468 -0.081115 -0.091801
vn -0.097833 -0.937734 -0.333292
vn -0.097833 -0.937734 -0.333292
vn 0.992468 -0.081115 -0.091801
vn -0.307533 -0.708694 -0.634962
vn -0.097833 -0.937734 -0.333292
vn -0.307533 -0.708694 -0.634962
vn 0.009637 -0.870279 -0.492465
vn 0.009637 -0.870279 -0.492465
vn -0.307533 -0.708694 -0.634962
vn -0.273084 -0.958009 -0.087437
vn 0.357053 -0.096580 0.929078
vn -0.097833 -0.937734 -0.333292
vn -0.193091 -0.871861 0.450083
vn 0.357053 -0.096580 0.929078
vn -0.193091 -0.871861 0.450083
vn 0.000000 -0.398158 0.917317
vn 0.357053 -0.096580 0.929078
vn 0.000000 -0.398158 0.917317
vn -0.273084 -0.958009 -0.087437
vn -0.193091 -0.871861 0.450083
vn -0.097833 -0.937734 -0.333292
vn 0.575622 -0.752731 -0.319461
vn -0.193091 -0.871861 0.450083
vn 0.575622 -0.752731 -0.319461
vn 0.383533 -0.763248 0.519957
vn -0.193091 -0.871861 0.450083
vn 0.383533 -0.763248 0.519957
vn 0.000000 -0.398158 0.917317
vn 0.575622 -0.752731 -0.319461
vn -0.097833 -0.937734 -0.333292
vn 0.836415 -0.495255 -0.234804
vn 0.383533 -0.763248 0.519957
vn 0.575622 -0.752731 -0.319461
vn 0.984276 -0.176061 -0.014233
vn 0.984276 -0.176061 -0.014233
vn 0.575622 -0.752731 -0.319461
vn 0.836415 -0.495255 -0.234804
vn 0.000000 -0.398158 0.917317
vn 0.383533 -0.763248 0.519957
vn 0.546985 -0.169257 0.819853
vn 0.546985 -0.169257 0.819853
vn 0.383533 -0.763248 0.519957
vn 0.984276 -0.176061 -0.014233
vn 0.460391 -0.736696 0.495297
vn -0.273084 -0.958009 -0.087437
vn 0.000000 -0.398158 0.917317
vn 0.546985 -0.169257 0.819853
vn 0.984276 -0.176061 -0.014233
vn 0.660620 0.207983 0.721335
vn 0.000000 -0.398158 0.917317
vn 0.546985 -0.169257 0.819853
vn 0.141219 -0.251701 0.957447
vn 0.141219 -0.251701 0.957447
vn 0.546985 -0.169257 0.819853
vn 0.660620 0.207983 0.721335
vn 0.000000 -0.398158 0.917317
vn 0.141219 -0.251701 0.957447
vn 0.387242 -0.535039 0.750851
vn 0.000000 -0.398158 0.917317
vn 0.387242 -0.535039 0.750851
vn 0.460391 -0.736696 0.495297
vn 0.141219 -0.251701 0.957447
vn 0.660620 0.207983 0.721335
vn 0.344812 -0.880132 0.326302
vn 0.141219 -0.251701 0.957447
vn 0.344812 -0.880132 0.326302
vn 0.387242 -0.535039 0.750851
vn 0.660620 0.207983 0.721335
vn 0.984276 -0.176061 -0.014233
vn 0.914857 0.398263 -0.066501
vn 0.660620 0.207983 0.721335
vn 0.914857 0.398263 -0.066501
vn 0.996773 0.037600 -0.070922
vn 0.660620 0.207983 0.721335
vn 0.996773 0.037600 -0.070922
vn 0.344812 -0.880132 0.326302
vn 0.914857 0.398263 -0.066501
vn 0.984276 -0.176061 -0.014233
vn 0.970057 0.100778 -0.220982
vn 0.970057 0.100778 -0.220982
vn 0.984276 -0.176061 -0.014233
vn 0.836415 -0.495255 -0.234804
vn 0.996773 0.037600 -0.070922
vn 0.914857 0.398263 -0.066501
vn 0.858796 0.187892 -0.476619
vn 0.858796 0.187892 -0.476619
vn 0.914857 0.398263 -0.066501
vn 0.970057 0.100778 -0.220982
vn 0.970057 0.100778 -0.220982
vn 0.836415 -0.495255 -0.234804
vn 0.968480 0.000000 -0.249090
vn 0.858796 0.187892 -0.476619
vn 0.970057 0.100778 -0.220982
vn 0.853776 0.475435 -0.212196
vn 0.853776 0.475435 -0.212196
vn 0.970057 0.100778 -0.220982
vn 0.968480 0.000000 -0.249090
vn 0.996773 0.037600 -0.070922
vn 0.858796 0.187892 -0.476619
vn 0.778797 -0.305147 -0.548051
vn 0.858796 0.187892 -0.476619
vn 0.853776 0.475435 -0.212196
vn 0.243211 0.901653 -0.357589
vn 0.853776 0.475435 -0.212196
vn 0.968480 0.000000 -0.249090
vn 0.000000 0.466161 -0.884700
vn 0.853776 0.475435 -0.212196
vn 0.000000 0.466161 -0.884700
vn 0.243211 0.901653 -0.357589
vn 0.858796 0.187892 -0.476619
vn 0.243211 0.901653 -0.357589
vn 0.062881 0.391374 -0.918081
vn 0.858796 0.187892 -0.476619
vn 0.062881 0.391374 -0.918081
vn 0.778797 -0.305147 -0.548051
vn 0.243211 0.901653 -0.357589
vn 0.000000 0.466161 -0.884700
vn -0.387925 0.384121 -0.837834
vn 0.243211 0.901653 -0.357589
vn -0.387925 0.384121 -0.837834
vn 0.062881 0.391374 -0.918081
vn 0.996773 0.037600 -0.070922
vn 0.778797 -0.305147 -0.548051
vn 0.708710 -0.399073 -0.581783
vn 0.996773 0.037600 -0.070922
vn 0.708710 -0.399073 -0.581783
vn 0.344812 -0.880132 0.326302
vn 0.008783 0.000000 -0.999961
vn 0.000000 0.466161 -0.884700
vn 0.968480 0.000000 -0.249090
vn 0.708710 -0.399073 -0.581783
vn 0.778797 -0.305147 -0.548051
vn 0.775841 0.257730 -0.575887
vn 0.008783 0.000000 -0.999961
vn 0.968480 0.000000 -0.249090
vn 0.887636 -0.394287 -0.237990
vn 0.887636 -0.394287 -0.237990
vn 0.968480 0.000000 -0.249090
vn 0.836415 -0.495255 -0.234804
vn 0.000000 0.466161 -0.884700
vn 0.008783 0.000000 -0.999961
vn 0.114285 -0.027856 -0.993057
vn 0.000000 0.466161 -0.884700
vn 0.114285 -0.027856 -0.993057
vn -0.387925 0.384121 -0.837834
vn 0.008783 0.000000 -0.999961
vn 0.887636 -0.394287 -0.237990
vn 0.035879 -0.397902 -0.916726
vn 0.008783 0.000000 -0.999961
vn 0.035879 -0.397902 -0.916726
vn 0.114285 -0.027856 -0.993057
vn 0.887636 -0.394287 -0.237990
vn 0.836415 -0.495255 -0.234804
vn 0.500884 -0.853446 -0.144035
vn 0.887636 -0.394287 -0.237990
vn 0.500884 -0.853446 -0.144035
vn 0.035879 -0.397902 -0.916726
vn 0.500884 -0.853446 -0.144035
vn 0.836415 -0.495255 -0.234804
vn -0.097833 -0.937734 -0.333292
vn 0.035879 -0.397902 -0.916726
vn 0.500884 -0.853446 -0.144035
vn -0.411102 -0.754930 -0.510956
vn -0.411102 -0.754930 -0.510956
vn 0.500884 -0.853446 -0.144035
vn -0.097833 -0.937734 -0.333292
vn 0.035879 -0.397902 -0.916726
vn -0.411102 -0.754930 -0.510956
vn 0.114285 -0.027856 -0.993057
vn -0.411102 -0.754930 -0.510956
vn -0.097833 -0.937734 -0.333292
vn 0.009637 -0.870279 -0.492465
vn -0.411102 -0.754930 -0.510956
vn 0.009637 -0.870279 -0.492465
vn 0.114285 -0.027856 -0.993057
vn 0.046984 0.729489 -0.682377
vn -0.387925 0.384121 -0.837834
vn 0.114285 -0.027856 -0.993057
vn 0.114285 -0.027856 -0.993057
vn 0.009637 -0.870279 -0.492465
vn 0.766486 -0.353630 -0.536140
vn -0.387925 0.384121 -0.837834
vn 0.046984 0.729489 -0.682377
vn 0.062881 0.391374 -0.918081
vn 0.046984 0.729489 -0.682377
vn 0.114285 -0.027856 -0.993057
vn 0.731677 0.370675 -0.572057
vn 0.731677 0.370675 -0.572057
vn 0.114285 -0.027856 -0.993057
vn 0.766486 -0.353630 -0.536140
vn 0.062881 0.391374 -0.918081
vn 0.046984 0.729489 -0.682377
vn -0.299040 0.243853 -0.922557
vn 0.046984 0.729489 -0.682377
vn 0.731677 0.370675 -0.572057
vn -0.066734 0.785405 -0.615375
vn 0.046984 0.729489 -0.682377
vn -0.066734 0.785405 -0.615375
vn -0.251381 0.700652 -0.667753
vn 0.046984 0.729489 -0.682377
vn -0.251381 0.700652 -0.667753
vn -0.299040 0.243853 -0.922557
vn -0.066734 0.785405 -0.615375
vn 0.731677 0.370675 -0.572057
vn 0.017521 0.069396 -0.997435
vn 0.017521 0.069396 -0.997435
vn 0.731677 0.370675 -0.572057
vn 0.017879 -0.346997 -0.937696
vn 0.017879 -0.346997 -0.937696
vn 0.731677 0.370675 -0.572057
vn 0.766486 -0.353630 -0.536140
vn -0.066734 0.785405 -0.615375
vn 0.017521 0.069396 -0.997435
vn -0.789752 0.379357 -0.482058
vn -0.066734 0.785405 -0.615375
vn -0.789752 0.379357 -0.482058
vn -0.251381 0.700652 -0.667753
vn 0.017521 0.069396 -0.997435
vn 0.017879 -0.346997 -0.937696
vn -0.800605 -0.317101 -0.508408
vn 0.017521 0.069396 -0.997435
vn -0.800605 -0.317101 -0.508408
vn -0.789752 0.379357 -0.482058
vn 0.017879 -0.346997 -0.937696
vn 0.766486 -0.353630 -0.536140
vn -0.038492 -0.838519 -0.543510
vn 0.017879 -0.346997 -0.937696
vn -0.038492 -0.838519 -0.543510
vn -0.800605 -0.317101 -0.508408
vn -0.038492 -0.838519 -0.543510
vn 0.766486 -0.353630 -0.536140
vn 0.491180 -0.830559 -0.262516
vn 0.491180 -0.830559 -0.262516
vn 0.766486 -0.353630 -0.536140
vn 0.461437 -0.805658 0.371472
vn 0.491180 -0.830559 -0.262516
vn 0.461437 -0.805658 0.371472
vn -0.038492 -0.838519 -0.543510
vn 0.461437 -0.805658 0.371472
vn 0.766486 -0.353630 -0.536140
vn 0.009637 -0.870279 -0.492465
vn -0.800605 -0.317101 -0.508408
vn -0.038492 -0.838519 -0.543510
vn -0.459055 -0.886378 -0.060018
vn -0.459055 -0.886378 -0.060018
vn -0.038492 -0.838519 -0.543510
vn 0.461437 -0.805658 0.371472
vn 0.461437 -0.805658 0.371472
vn 0.009637 -0.870279 -0.492465
vn 0.069368 -0.996958 0.035537
vn 0.461437 -0.805658 0.371472
vn 0.069368 -0.996958 0.035537
vn -0.459055 -0.886378 -0.060018
vn 0.069368 -0.996958 0.035537
vn 0.009637 -0.870279 -0.492465
vn -0.273084 -0.958009 -0.087437
vn -0.800605 -0.317101 -0.508408
vn -0.459055 -0.886378 -0.060018
vn -0.454081 -0.633076 -0.626918
vn -0.454081 -0.633076 -0.626918
vn -0.459055 -0.886378 -0.060018
vn 0.069368 -0.996958 0.035537
vn -0.800605 -0.317101 -0.508408
vn -0.454081 -0.633076 -0.626918
vn -0.789752 0.379357 -0.482058
vn 0.069368 -0.996958 0.035537
vn -0.273084 -0.958009 -0.087437
vn 0.301340 -0.924029 0.235296
vn 0.301340 -0.924029 0.235296
vn -0.273084 -0.958009 -0.087437
vn 0.460391 -0.736696 0.495297
vn 0.069368 -0.996958 0.035537
vn 0.301340 -0.924029 0.235296
vn 0.319755 -0.913397 0.251917
vn 0.069368 -0.996958 0.035537
vn 0.319755 -0.913397 0.251917
vn -0.454081 -0.633076 -0.626918
vn 0.301340 -0.924029 0.235296
vn 0.460391 -0.736696 0.495297
vn 0.508915 -0.537519 0.672368
vn -0.454081 -0.633076 -0.626918
vn 0.319755 -0.913397 0.251917
vn 0.509697 -0.770812 -0.382176
vn 0.509697 -0.770812 -0.382176
vn 0.319755 -0.913397 0.251917
vn -0.255721 -0.966107 -0.035270
vn -0.255721 -0.966107 -0.035270
vn 0.319755 -0.913397 0.251917
vn 0.301340 -0.924029 0.235296
vn -0.454081 -0.633076 -0.626918
vn 0.509697 -0.770812 -0.382176
vn -0.248059 -0.816234 -0.521756
vn -0.248059 -0.816234 -0.521756
vn 0.509697 -0.770812 -0.382176
vn -0.255721 -0.966107 -0.035270
vn -0.416441 0.456225 -0.786407
vn -0.789752 0.379357 -0.482058
vn -0.454081 -0.633076 -0.626918
vn -0.789752 0.379357 -0.482058
vn -0.416441 0.456225 -0.786407
vn -0.251381 0.700652 -0.667753
vn -0.454081 -0.633076 -0.626918
vn -0.248059 -0.816234 -0.521756
vn -0.388960 -0.378143 -0.840070
vn -0.454081 -0.633076 -0.626918
vn -0.388960 -0.378143 -0.840070
vn -0.416441 0.456225 -0.786407
vn -0.248059 -0.816234 -0.521756
vn -0.255721 -0.966107 -0.035270
vn -0.919665 -0.357754 -0.161954
vn -0.248059 -0.816234 -0.521756
vn -0.919665 -0.357754 -0.161954
vn -0.388960 -0.378143 -0.840070
vn 0.183227 -0.855585 0.484150
vn -0.255721 -0.966107 -0.035270
vn 0.301340 -0.924029 0.235296
vn -0.416441 0.456225 -0.786407
vn -0.388960 -0.378143 -0.840070
vn -0.386069 0.319727 -0.865289
vn -0.386069 0.319727 -0.865289
vn -0.388960 -0.378143 -0.840070
vn -0.919665 -0.357754 -0.161954
vn -0.416441 0.456225 -0.786407
vn -0.386069 0.319727 -0.865289
vn -0.225389 0.478495 -0.848671
vn -0.416441 0.456225 -0.786407
vn -0.225389 0.478495 -0.848671
vn -0.251381 0.700652 -0.667753
vn -0.255721 -0.966107 -0.035270
vn 0.183227 -0.855585 0.484150
vn -0.429989 -0.799711 0.419012
vn -0.255721 -0.966107 -0.035270
vn -0.429989 -0.799711 0.419012
vn -0.919665 -0.357754 -0.161954
vn 0.183227 -0.855585 0.484150
vn 0.301340 -0.924029 0.235296
vn -0.136025 -0.474111 0.869894
vn 0.183227 -0.855585 0.484150
vn -0.136025 -0.474111 0.869894
vn -0.429989 -0.799711 0.419012
vn -0.136025 -0.474111 0.869894
vn 0.301340 -0.924029 0.235296
vn -0.027500 -0.544607 0.838241
vn -0.027500 -0.544607 0.838241
vn 0.301340 -0.924029 0.235296
vn 0.508915 -0.537519 0.672368
vn -0.429989 -0.799711 0.419012
vn -0.136025 -0.474111 0.869894
vn -0.650523 -0.332242 0.682961
vn -0.429989 -0.799711 0.419012
vn -0.650523 -0.332242 0.682961
vn -0.919665 -0.357754 -0.161954
vn -0.136025 -0.474111 0.869894
vn -0.027500 -0.544607 0.838241
vn -0.071820 -0.391137 0.917526
vn -0.071820 -0.391137 0.917526
vn -0.027500 -0.544607 0.838241
vn 0.508915 -0.537519 0.672368
vn -0.650523 -0.332242 0.682961
vn -0.136025 -0.474111 0.869894
vn -0.619029 0.060456 0.783037
vn -0.619029 0.060456 0.783037
vn -0.136025 -0.474111 0.869894
vn -0.071820 -0.391137 0.917526
vn -0.919665 -0.357754 -0.161954
vn -0.650523 -0.332242 0.682961
vn -0.679748 0.329810 0.655109
vn -0.679748 0.329810 0.655109
vn -0.650523 -0.332242 0.682961
vn -0.619029 0.060456 0.783037
vn -0.919665 -0.357754 -0.161954
vn -0.679748 0.329810 0.655109
vn -0.943914 0.302958 -0.131312
vn -0.919665 -0.357754 -0.161954
vn -0.943914 0.302958 -0.131312
vn -0.386069 0.319727 -0.865289
vn -0.386069 0.319727 -0.865289
vn -0.943914 0.302958 -0.131312
vn -0.411087 0.886056 -0.214270
vn -0.411087 0.886056 -0.214270
vn -0.943914 0.302958 -0.131312
vn -0.679748 0.329810 0.655109
vn -0.386069 0.319727 -0.865289
vn -0.411087 0.886056 -0.214270
vn -0.225389 0.478495 -0.848671
vn -0.411087 0.886056 -0.214270
vn -0.679748 0.329810 0.655109
vn -0.823485 0.563992 0.061522
vn -0.823485 0.563992 0.061522
vn -0.679748 0.329810 0.655109
vn -0.619029 0.060456 0.783037
vn -0.411087 0.886056 -0.214270
vn -0.823485 0.563992 0.061522
vn -0.225389 0.478495 -0.848671
vn -0.823485 0.563992 0.061522
vn -0.619029 0.060456 0.783037
vn -0.931304 -0.362397 0.036620
vn -0.235542 -0.964026 0.123181
vn -0.619029 0.060456 0.783037
vn -0.071820 -0.391137 0.917526
vn -0.619029 0.060456 0.783037
vn -0.235542 -0.964026 0.123181
vn -0.931304 -0.362397 0.036620
vn -0.235542 -0.964026 0.123181
vn -0.071820 -0.391137 0.917526
vn -0.069047 -0.945455 0.318350
vn 0.557774 -0.386613 0.734451
vn -0.071820 -0.391137 0.917526
vn 0.508915 -0.537519 0.672368
vn -0.071820 -0.391137 0.917526
vn 0.557774 -0.386613 0.734451
vn -0.069047 -0.945455 0.318350
vn 0.557774 -0.386613 0.734451
vn 0.508915 -0.537519 0.672368
vn 0.387242 -0.535039 0.750851
vn 0.387242 -0.535039 0.750851
vn 0.508915 -0.537519 0.672368
vn 0.460391 -0.736696 0.495297
vn 0.557774 -0.386613 0.734451
vn 0.387242 -0.535039 0.750851
vn -0.069047 -0.945455 0.318350
vn -0.235542 -0.964026 0.123181
vn -0.069047 -0.945455 0.318350
vn -0.466127 -0.874131 -0.136454
vn -0.235542 -0.964026 0.123181
vn -0.466127 -0.874131 -0.136454
vn -0.931304 -0.362397 0.036620
vn -0.069047 -0.945455 0.318350
vn 0.387242 -0.535039 0.750851
vn -0.357169 -0.894681 -0.268282
vn -0.069047 -0.945455 0.318350
vn -0.357169 -0.894681 -0.268282
vn -0.520089 -0.853944 -0.016955
vn -0.069047 -0.945455 0.318350
vn -0.520089 -0.853944 -0.016955
vn -0.466127 -0.874131 -0.136454
vn -0.357169 -0.894681 -0.268282
vn 0.387242 -0.535039 0.750851
vn 0.223392 -0.892500 0.391841
vn -0.466127 -0.874131 -0.136454
vn -0.520089 -0.853944 -0.016955
vn -0.361843 -0.867449 0.341470
vn 0.223392 -0.892500 0.391841
vn 0.387242 -0.535039 0.750851
vn 0.344812 -0.880132 0.326302
vn -0.361843 -0.867449 0.341470
vn -0.520089 -0.853944 -0.016955
vn -0.115641 -0.862623 0.492452
vn -0.115641 -0.862623 0.492452
vn -0.520089 -0.853944 -0.016955
vn 0.321295 -0.647196 0.691308
vn -0.466127 -0.874131 -0.136454
vn -0.361843 -0.867449 0.341470
vn -0.806503 -0.352712 0.474496
vn -0.806503 -0.352712 0.474496
vn -0.361843 -0.867449 0.341470
vn -0.115641 -0.862623 0.492452
vn 0.223392 -0.892500 0.391841
vn 0.344812 -0.880132 0.326302
vn 0.429623 -0.877290 -0.213979
vn -0.466127 -0.874131 -0.136454
vn -0.806503 -0.352712 0.474496
vn -0.933297 -0.295726 -0.203722
vn -0.466127 -0.874131 -0.136454
vn -0.933297 -0.295726 -0.203722
vn -0.931304 -0.362397 0.036620
vn 0.429623 -0.877290 -0.213979
vn 0.344812 -0.880132 0.326302
vn 0.738762 -0.369963 -0.563345
vn 0.738762 -0.369963 -0.563345
vn 0.344812 -0.880132 0.326302
vn 0.708710 -0.399073 -0.581783
vn 0.223392 -0.892500 0.391841
vn 0.429623 -0.877290 -0.213979
vn 0.912198 -0.345026 0.221026
vn 0.912198 -0.345026 0.221026
vn 0.429623 -0.877290 -0.213979
vn 0.738762 -0.369963 -0.563345
vn 0.223392 -0.892500 0.391841
vn 0.912198 -0.345026 0.221026
vn 0.424646 -0.406465 0.808989
vn 0.223392 -0.892500 0.391841
vn 0.424646 -0.406465 0.808989
vn 0.554820 -0.684472 0.472941
vn 0.424646 -0.406465 0.808989
vn 0.912198 -0.345026 0.221026
vn 0.933904 -0.283053 0.218415
vn 0.738762 -0.369963 -0.563345
vn 0.708710 -0.399073 -0.581783
vn 0.849878 0.148888 -0.505509
vn 0.554820 -0.684472 0.472941
vn 0.424646 -0.406465 0.808989
vn 0.448841 -0.404353 0.796894
vn 0.912198 -0.345026 0.221026
vn 0.738762 -0.369963 -0.563345
vn 0.975291 0.208977 -0.071669
vn 0.912198 -0.345026 0.221026
vn 0.975291 0.208977 -0.071669
vn 0.933904 -0.283053 0.218415
vn 0.975291 0.208977 -0.071669
vn 0.738762 -0.369963 -0.563345
vn 0.767033 0.250969 -0.590487
vn 0.767033 0.250969 -0.590487
vn 0.738762 -0.369963 -0.563345
vn 0.849878 0.148888 -0.505509
vn 0.849878 0.148888 -0.505509
vn 0.708710 -0.399073 -0.581783
vn 0.775841 0.257730 -0.575887
vn 0.975291 0.208977 -0.071669
vn 0.767033 0.250969 -0.590487
vn 0.938661 0.152526 -0.309277
vn 0.975291 0.208977 -0.071669
vn 0.938661 0.152526 -0.309277
vn 0.933904 -0.283053 0.218415
vn 0.767033 0.250969 -0.590487
vn 0.849878 0.148888 -0.505509
vn 0.876550 0.032146 -0.480235
vn 0.938661 0.152526 -0.309277
vn 0.767033 0.250969 -0.590487
vn 0.864312 0.142101 -0.482465
vn 0.864312 0.142101 -0.482465
vn 0.767033 0.250969 -0.590487
vn 0.876550 0.032146 -0.480235
vn 0.938661 0.152526 -0.309277
vn 0.864312 0.142101 -0.482465
vn 0.849878 -0.148888 -0.505509
vn 0.849878 -0.148888 -0.505509
vn 0.864312 0.142101 -0.482465
vn 0.876550 0.032146 -0.480235
vn 0.849878 0.148888 -0.505509
vn 0.775841 0.257730 -0.575887
vn 0.760239 0.211772 -0.614157
vn 0.849878 0.148888 -0.505509
vn 0.760239 0.211772 -0.614157
vn 0.876550 0.032146 -0.480235
vn 0.920315 -0.390553 0.022100
vn 0.933904 -0.283053 0.218415
vn 0.938661 0.152526 -0.309277
vn 0.876550 0.032146 -0.480235
vn 0.760239 0.211772 -0.614157
vn 0.783569 -0.360411 -0.506088
vn 0.876550 0.032146 -0.480235
vn 0.783569 -0.360411 -0.506088
vn 0.849878 -0.148888 -0.505509
vn 0.938661 0.152526 -0.309277
vn 0.849878 -0.148888 -0.505509
vn 0.846184 0.090234 -0.525195
vn 0.938661 0.152526 -0.309277
vn 0.846184 0.090234 -0.525195
vn 0.920315 -0.390553 0.022100
vn 0.920315 -0.390553 0.022100
vn 0.846184 0.090234 -0.525195
vn 0.997592 0.068990 0.007098
vn 0.846184 0.090234 -0.525195
vn 0.849878 -0.148888 -0.505509
vn 0.979337 0.189216 -0.071381
vn 0.997592 0.068990 0.007098
vn 0.846184 0.090234 -0.525195
vn 0.850610 0.525576 -0.015252
vn 0.850610 0.525576 -0.015252
vn 0.846184 0.090234 -0.525195
vn 0.979337 0.189216 -0.071381
vn 0.979337 0.189216 -0.071381
vn 0.849878 -0.148888 -0.505509
vn 0.999465 -0.024936 0.021166
vn 0.999465 -0.024936 0.021166
vn 0.849878 -0.148888 -0.505509
vn 0.783569 -0.360411 -0.506088
vn 0.920315 -0.390553 0.022100
vn 0.997592 0.068990 0.007098
vn 0.794942 0.071411 0.602468
vn 0.794942 0.071411 0.602468
vn 0.997592 0.068990 0.007098
vn 0.850610 0.525576 -0.015252
vn 0.920315 -0.390553 0.022100
vn 0.794942 0.071411 0.602468
vn 0.683963 -0.459505 0.566612
vn 0.920315 -0.390553 0.022100
vn 0.683963 -0.459505 0.566612
vn 0.933904 -0.283053 0.218415
vn 0.794942 0.071411 0.602468
vn 0.850610 0.525576 -0.015252
vn 0.641196 0.549674 0.535468
vn 0.933904 -0.283053 0.218415
vn 0.683963 -0.459505 0.566612
vn 0.411918 -0.510734 0.754635
vn 0.933904 -0.283053 0.218415
vn 0.411918 -0.510734 0.754635
vn 0.424646 -0.406465 0.808989
vn 0.683963 -0.459505 0.566612
vn 0.794942 0.071411 0.602468
vn 0.288514 0.048480 0.956248
vn 0.288514 0.048480 0.956248
vn 0.794942 0.071411 0.602468
vn 0.641196 0.549674 0.535468
vn 0.424646 -0.406465 0.808989
vn 0.411918 -0.510734 0.754635
vn 0.448841 -0.404353 0.796894
vn 0.411918 -0.510734 0.754635
vn 0.683963 -0.459505 0.566612
vn 0.144926 -0.487917 0.860775
vn 0.144926 -0.487917 0.860775
vn 0.683963 -0.459505 0.566612
vn 0.288514 0.048480 0.956248
vn 0.448841 -0.404353 0.796894
vn 0.411918 -0.510734 0.754635
vn 0.515071 -0.366523 0.774831
vn 0.515071 -0.366523 0.774831
vn 0.411918 -0.510734 0.754635
vn 0.144926 -0.487917 0.860775
vn 0.448841 -0.404353 0.796894
vn 0.515071 -0.366523 0.774831
vn 0.696548 -0.309532 0.647311
vn 0.515071 -0.366523 0.774831
vn 0.144926 -0.487917 0.860775
vn 0.566422 -0.251540 0.784789
vn 0.566422 -0.251540 0.784789
vn 0.144926 -0.487917 0.860775
vn 0.288514 0.048480 0.956248
vn 0.515071 -0.366523 0.774831
vn 0.566422 -0.251540 0.784789
vn 0.696548 -0.309532 0.647311
vn 0.566422 -0.251540 0.784789
vn 0.288514 0.048480 0.956248
vn 0.716163 0.273645 0.642050
vn 0.271714 0.516576 0.811986
vn 0.288514 0.048480 0.956248
vn 0.641196 0.549674 0.535468
vn 0.288514 0.048480 0.956248
vn 0.271714 0.516576 0.811986
vn 0.716163 0.273645 0.642050
vn 0.271714 0.516576 0.811986
vn 0.641196 0.549674 0.535468
vn 0.463582 0.633650 0.619337
vn 0.566422 -0.251540 0.784789
vn 0.716163 0.273645 0.642050
vn 0.776964 -0.189881 0.600226
vn 0.566422 -0.251540 0.784789
vn 0.776964 -0.189881 0.600226
vn 0.696548 -0.309532 0.647311
vn 0.716163 0.273645 0.642050
vn 0.271714 0.516576 0.811986
vn 0.780568 0.359031 0.511674
vn 0.780568 0.359031 0.511674
vn 0.271714 0.516576 0.811986
vn 0.463582 0.633650 0.619337
vn 0.776964 -0.189881 0.600226
vn 0.716163 0.273645 0.642050
vn 0.772235 0.305865 0.556866
vn 0.463582 0.633650 0.619337
vn 0.641196 0.549674 0.535468
vn 0.858388 0.479983 0.181072
vn 0.858388 0.479983 0.181072
vn 0.641196 0.549674 0.535468
vn 0.850610 0.525576 -0.015252
vn 0.858388 0.479983 0.181072
vn 0.850610 0.525576 -0.015252
vn 0.979337 0.189216 -0.071381
vn 0.858388 0.479983 0.181072
vn 0.979337 0.189216 -0.071381
vn 0.938452 0.342610 -0.043896
vn 0.938452 0.342610 -0.043896
vn 0.979337 0.189216 -0.071381
vn 0.999465 -0.024936 0.021166
vn 0.463582 0.633650 0.619337
vn 0.858388 0.479983 0.181072
vn 0.757416 0.424713 0.495924
vn 0.757416 0.424713 0.495924
vn 0.858388 0.479983 0.181072
vn 0.938452 0.342610 -0.043896
vn 0.463582 0.633650 0.619337
vn 0.757416 0.424713 0.495924
vn 0.717375 0.595993 0.360784
vn 0.463582 0.633650 0.619337
vn 0.717375 0.595993 0.360784
vn 0.780568 0.359031 0.511674
vn 0.940331 0.333915 0.065407
vn 0.716163 0.273645 0.642050
vn 0.780568 0.359031 0.511674
vn 0.940331 0.333915 0.065407
vn 0.780568 0.359031 0.511674
vn 0.717375 0.595993 0.360784
vn 0.716163 0.273645 0.642050
vn 0.940331 0.333915 0.065407
vn 0.772235 0.305865 0.556866
vn 0.940331 0.333915 0.065407
vn 0.717375 0.595993 0.360784
vn 0.499467 0.865962 0.025346
vn 0.940331 0.333915 0.065407
vn 0.499467 0.865962 0.025346
vn 0.772235 0.305865 0.556866
vn 0.717375 0.595993 0.360784
vn 0.757416 0.424713 0.495924
vn 0.468801 0.802144 0.369852
vn 0.499467 0.865962 0.025346
vn 0.717375 0.595993 0.360784
vn 0.177999 0.979186 0.097520
vn 0.177999 0.979186 0.097520
vn 0.717375 0.595993 0.360784
vn 0.468801 0.802144 0.369852
vn 0.468801 0.802144 0.369852
vn 0.757416 0.424713 0.495924
vn 0.591942 0.805938 -0.008292
vn 0.591942 0.805938 -0.008292
vn 0.757416 0.424713 0.495924
vn 0.938452 0.342610 -0.043896
vn 0.468801 0.802144 0.369852
vn 0.591942 0.805938 -0.008292
vn 0.009939 0.999911 0.008911
vn 0.468801 0.802144 0.369852
vn 0.009939 0.999911 0.008911
vn 0.177999 0.979186 0.097520
vn 0.591942 0.805938 -0.008292
vn 0.938452 0.342610 -0.043896
vn 0.468728 0.816872 -0.336177
vn 0.591942 0.805938 -0.008292
vn 0.468728 0.816872 -0.336177
vn 0.009939 0.999911 0.008911
vn 0.468728 0.816872 -0.336177
vn 0.938452 0.342610 -0.043896
vn 0.760471 0.374833 -0.530268
vn 0.760471 0.374833 -0.530268
vn 0.938452 0.342610 -0.043896
vn 0.999465 -0.024936 0.021166
vn 0.462329 0.829637 0.312978
vn 0.499467 0.865962 0.025346
vn 0.177999 0.979186 0.097520
vn 0.499467 0.865962 0.025346
vn 0.462329 0.829637 0.312978
vn 0.772235 0.305865 0.556866
vn 0.760471 0.374833 -0.530268
vn 0.999465 -0.024936 0.021166
vn 0.819492 -0.006492 -0.573055
vn 0.819492 -0.006492 -0.573055
vn 0.999465 -0.024936 0.021166
vn 0.783569 -0.360411 -0.506088
vn 0.819492 -0.006492 -0.573055
vn 0.783569 -0.360411 -0.506088
vn 0.760239 0.211772 -0.614157
vn 0.760471 0.374833 -0.530268
vn 0.819492 -0.006492 -0.573055
vn 0.275939 0.408967 -0.869830
vn 0.760471 0.374833 -0.530268
vn 0.275939 0.408967 -0.869830
vn 0.468728 0.816872 -0.336177
vn 0.819492 -0.006492 -0.573055
vn 0.760239 0.211772 -0.614157
vn 0.278689 -0.006899 -0.960357
vn 0.819492 -0.006492 -0.573055
vn 0.278689 -0.006899 -0.960357
vn 0.275939 0.408967 -0.869830
vn 0.468728 0.816872 -0.336177
vn 0.275939 0.408967 -0.869830
vn 0.154065 0.846674 -0.509321
vn 0.468728 0.816872 -0.336177
vn 0.154065 0.846674 -0.509321
vn 0.009939 0.999911 0.008911
vn 0.275939 0.408967 -0.869830
vn 0.278689 -0.006899 -0.960357
vn 0.503057 0.673825 -0.541197
vn 0.503057 0.673825 -0.541197
vn 0.278689 -0.006899 -0.960357
vn 0.760239 0.211772 -0.614157
vn 0.154065 0.846674 -0.509321
vn 0.275939 0.408967 -0.869830
vn -0.228601 0.822439 -0.520899
vn 0.154065 0.846674 -0.509321
vn -0.228601 0.822439 -0.520899
vn 0.009939 0.999911 0.008911
vn -0.228601 0.822439 -0.520899
vn 0.275939 0.408967 -0.869830
vn -0.451676 0.406907 -0.793987
vn -0.451676 0.406907 -0.793987
vn 0.275939 0.408967 -0.869830
vn 0.503057 0.673825 -0.541197
vn 0.009939 0.999911 0.008911
vn -0.228601 0.822439 -0.520899
vn -0.653895 0.681187 -0.329250
vn -0.653895 0.681187 -0.329250
vn -0.228601 0.822439 -0.520899
vn -0.451676 0.406907 -0.793987
vn 0.009939 0.999911 0.008911
vn -0.653895 0.681187 -0.329250
vn -0.196527 0.957432 -0.211427
vn 0.009939 0.999911 0.008911
vn -0.196527 0.957432 -0.211427
vn 0.177999 0.979186 0.097520
vn -0.653895 0.681187 -0.329250
vn -0.451676 0.406907 -0.793987
vn -0.487312 0.586189 -0.647233
vn -0.653895 0.681187 -0.329250
vn -0.487312 0.586189 -0.647233
vn -0.196527 0.957432 -0.211427
vn -0.487312 0.586189 -0.647233
vn -0.451676 0.406907 -0.793987
vn -0.588603 0.772251 -0.239110
vn -0.588603 0.772251 -0.239110
vn -0.451676 0.406907 -0.793987
vn 0.503057 0.673825 -0.541197
vn 0.177999 0.979186 0.097520
vn -0.196527 0.957432 -0.211427
vn -0.009939 0.999911 0.008911
vn 0.177999 0.979186 0.097520
vn -0.009939 0.999911 0.008911
vn 0.462329 0.829637 0.312978
vn -0.196527 0.957432 -0.211427
vn -0.487312 0.586189 -0.647233
vn -0.045750 0.558108 -0.828506
vn -0.045750 0.558108 -0.828506
vn -0.487312 0.586189 -0.647233
vn -0.518353 0.784570 -0.340235
vn -0.518353 0.784570 -0.340235
vn -0.487312 0.586189 -0.647233
vn -0.588603 0.772251 -0.239110
vn -0.196527 0.957432 -0.211427
vn -0.045750 0.558108 -0.828506
vn -0.308283 0.892886 -0.328202
vn -0.196527 0.957432 -0.211427
vn -0.308283 0.892886 -0.328202
vn -0.009939 0.999911 0.008911
vn -0.308283 0.892886 -0.328202
vn -0.045750 0.558108 -0.828506
vn -0.488074 0.499104 -0.716016
vn -0.488074 0.499104 -0.716016
vn -0.045750 0.558108 -0.828506
vn -0.518353 0.784570 -0.340235
vn 0.125127 0.846334 0.517746
vn 0.462329 0.829637 0.312978
vn -0.009939 0.999911 0.008911
vn 0.462329 0.829637 0.312978
vn 0.125127 0.846334 0.517746
vn 0.772235 0.305865 0.556866
vn -0.009939 0.999911 0.008911
vn -0.308283 0.892886 -0.328202
vn -0.541032 0.834993 0.100354
vn 0.125127 0.846334 0.517746
vn -0.009939 0.999911 0.008911
vn -0.323549 0.821671 0.469225
vn -0.323549 0.821671 0.469225
vn -0.009939 0.999911 0.008911
vn -0.541032 0.834993 0.100354
vn 0.125127 0.846334 0.517746
vn -0.323549 0.821671 0.469225
vn 0.292369 0.350912 0.889596
vn 0.125127 0.846334 0.517746
vn 0.292369 0.350912 0.889596
vn 0.772235 0.305865 0.556866
vn -0.323549 0.821671 0.469225
vn -0.541032 0.834993 0.100354
vn -0.533272 0.429359 0.728884
vn -0.323549 0.821671 0.469225
vn -0.533272 0.429359 0.728884
vn 0.292369 0.350912 0.889596
vn -0.541032 0.834993 0.100354
vn -0.308283 0.892886 -0.328202
vn -0.806099 0.477236 -0.349929
vn -0.806099 0.477236 -0.349929
vn -0.308283 0.892886 -0.328202
vn -0.488074 0.499104 -0.716016
vn -0.541032 0.834993 0.100354
vn -0.806099 0.477236 -0.349929
vn -0.893103 0.419245 0.163101
vn -0.541032 0.834993 0.100354
vn -0.893103 0.419245 0.163101
vn -0.533272 0.429359 0.728884
vn -0.806099 0.477236 -0.349929
vn -0.488074 0.499104 -0.716016
vn -0.512081 0.673664 -0.532869
vn -0.512081 0.673664 -0.532869
vn -0.488074 0.499104 -0.716016
vn -0.518353 0.784570 -0.340235
vn -0.893103 0.419245 0.163101
vn -0.806099 0.477236 -0.349929
vn -0.777301 0.435036 -0.454475
vn -0.777301 0.435036 -0.454475
vn -0.806099 0.477236 -0.349929
vn -0.512081 0.673664 -0.532869
vn -0.533272 0.429359 0.728884
vn -0.893103 0.419245 0.163101
vn -0.908640 0.350165 0.227503
vn -0.908640 0.350165 0.227503
vn -0.893103 0.419245 0.163101
vn -0.777301 0.435036 -0.454475
vn -0.777301 0.435036 -0.454475
vn -0.512081 0.673664 -0.532869
vn -0.890908 0.392076 -0.229260
vn -0.533272 0.429359 0.728884
vn -0.908640 0.350165 0.227503
vn -0.803391 0.012988 0.595310
vn -0.533272 0.429359 0.728884
vn -0.803391 0.012988 0.595310
vn -0.253563 -0.145451 0.956321
vn -0.533272 0.429359 0.728884
vn -0.253563 -0.145451 0.956321
vn 0.292369 0.350912 0.889596
vn -0.803391 0.012988 0.595310
vn -0.908640 0.350165 0.227503
vn -0.569857 -0.148226 0.808265
vn -0.803391 0.012988 0.595310
vn -0.569857 -0.148226 0.808265
vn -0.253563 -0.145451 0.956321
vn -0.908640 0.350165 0.227503
vn -0.777301 0.435036 -0.454475
vn -0.946108 0.235001 -0.222832
vn -0.946108 0.235001 -0.222832
vn -0.777301 0.435036 -0.454475
vn -0.890908 0.392076 -0.229260
vn -0.427996 0.873967 -0.230222
vn -0.890908 0.392076 -0.229260
vn -0.512081 0.673664 -0.532869
vn -0.427996 0.873967 -0.230222
vn -0.512081 0.673664 -0.532869
vn -0.518353 0.784570 -0.340235
vn -0.946108 0.235001 -0.222832
vn -0.890908 0.392076 -0.229260
vn -0.931304 -0.362397 0.036620
vn -0.946108 0.235001 -0.222832
vn -0.931304 -0.362397 0.036620
vn -0.933297 -0.295726 -0.203722
vn -0.931304 -0.362397 0.036620
vn -0.890908 0.392076 -0.229260
vn -0.944712 0.319811 -0.072389
vn -0.944712 0.319811 -0.072389
vn -0.890908 0.392076 -0.229260
vn -0.427996 0.873967 -0.230222
vn -0.931304 -0.362397 0.036620
vn -0.944712 0.319811 -0.072389
vn -0.823485 0.563992 0.061522
vn -0.831537 0.221743 0.509291
vn -0.908640 0.350165 0.227503
vn -0.946108 0.235001 -0.222832
vn -0.831537 0.221743 0.509291
vn -0.946108 0.235001 -0.222832
vn -0.933297 -0.295726 -0.203722
vn -0.908640 0.350165 0.227503
vn -0.831537 0.221743 0.509291
vn -0.569857 -0.148226 0.808265
vn -0.831537 0.221743 0.509291
vn -0.933297 -0.295726 -0.203722
vn -0.806503 -0.352712 0.474496
vn -0.823485 0.563992 0.061522
vn -0.944712 0.319811 -0.072389
vn -0.225389 0.478495 -0.848671
vn -0.831537 0.221743 0.509291
vn -0.806503 -0.352712 0.474496
vn -0.420881 -0.319511 0.848983
vn -0.831537 0.221743 0.509291
vn -0.420881 -0.319511 0.848983
vn -0.569857 -0.148226 0.808265
vn -0.420881 -0.319511 0.848983
vn -0.806503 -0.352712 0.474496
vn -0.115641 -0.862623 0.492452
vn -0.420881 -0.319511 0.848983
vn -0.115641 -0.862623 0.492452
vn 0.089797 -0.405457 0.909693
vn -0.420881 -0.319511 0.848983
vn 0.089797 -0.405457 0.909693
vn -0.569857 -0.148226 0.808265
vn 0.089797 -0.405457 0.909693
vn -0.115641 -0.862623 0.492452
vn 0.321295 -0.647196 0.691308
vn -0.225389 0.478495 -0.848671
vn -0.944712 0.319811 -0.072389
vn -0.508102 0.416375 -0.753965
vn -0.508102 0.416375 -0.753965
vn -0.944712 0.319811 -0.072389
vn -0.427996 0.873967 -0.230222
vn -0.569857 -0.148226 0.808265
vn 0.089797 -0.405457 0.909693
vn 0.044769 -0.340458 0.939193
vn -0.225389 0.478495 -0.848671
vn -0.508102 0.416375 -0.753965
vn -0.658774 0.194022 -0.726892
vn -0.658774 0.194022 -0.726892
vn -0.508102 0.416375 -0.753965
vn -0.427996 0.873967 -0.230222
vn -0.569857 -0.148226 0.808265
vn 0.044769 -0.340458 0.939193
vn -0.253563 -0.145451 0.956321
vn 0.089797 -0.405457 0.909693
vn 0.321295 -0.647196 0.691308
vn 0.684107 -0.406439 0.605645
vn 0.089797 -0.405457 0.909693
vn 0.684107 -0.406439 0.605645
vn 0.044769 -0.340458 0.939193
vn 0.684107 -0.406439 0.605645
vn 0.321295 -0.647196 0.691308
vn 0.554820 -0.684472 0.472941
vn 0.684107 -0.406439 0.605645
vn 0.554820 -0.684472 0.472941
vn 0.448841 -0.404353 0.796894
vn 0.684107 -0.406439 0.605645
vn 0.448841 -0.404353 0.796894
vn 0.696548 -0.309532 0.647311
vn 0.684107 -0.406439 0.605645
vn 0.696548 -0.309532 0.647311
vn 0.044769 -0.340458 0.939193
vn -0.253563 -0.145451 0.956321
vn 0.044769 -0.340458 0.939193
vn 0.332927 -0.242909 0.911129
vn 0.332927 -0.242909 0.911129
vn 0.044769 -0.340458 0.939193
vn 0.696548 -0.309532 0.647311
vn -0.253563 -0.145451 0.956321
vn 0.332927 -0.242909 0.911129
vn 0.292369 0.350912 0.889596
vn 0.332927 -0.242909 0.911129
vn 0.696548 -0.309532 0.647311
vn 0.776964 -0.189881 0.600226
vn 0.292369 0.350912 0.889596
vn 0.332927 -0.242909 0.911129
vn 0.772235 0.305865 0.556866
vn 0.772235 0.305865 0.556866
vn 0.332927 -0.242909 0.911129
vn 0.776964 -0.189881 0.600226
vn -0.500256 0.852376 -0.152316
vn -0.658774 0.194022 -0.726892
vn -0.427996 0.873967 -0.230222
vn -0.500256 0.852376 -0.152316
vn -0.427996 0.873967 -0.230222
vn -0.518353 0.784570 -0.340235
vn -0.500256 0.852376 -0.152316
vn -0.518353 0.784570 -0.340235
vn -0.895893 0.440268 -0.059495
vn -0.500256 0.852376 -0.152316
vn -0.895893 0.440268 -0.059495
vn -0.658774 0.194022 -0.726892
vn -0.895893 0.440268 -0.059495
vn -0.518353 0.784570 -0.340235
vn -0.648892 0.760175 0.032774
vn -0.648892 0.760175 0.032774
vn -0.518353 0.784570 -0.340235
vn -0.451068 0.803960 0.387539
vn -0.451068 0.803960 0.387539
vn -0.518353 0.784570 -0.340235
vn -0.588603 0.772251 -0.239110
vn -0.648892 0.760175 0.032774
vn -0.451068 0.803960 0.387539
vn -0.009939 0.999911 -0.008911
vn -0.009939 0.999911 -0.008911
vn -0.451068 0.803960 0.387539
vn -0.588603 0.772251 -0.239110
vn -0.895893 0.440268 -0.059495
vn -0.648892 0.760175 0.032774
vn -0.432979 0.805273 -0.405049
vn -0.432979 0.805273 -0.405049
vn -0.648892 0.760175 0.032774
vn -0.009939 0.999911 -0.008911
vn -0.895893 0.440268 -0.059495
vn -0.432979 0.805273 -0.405049
vn -0.606859 0.391448 -0.691730
vn -0.895893 0.440268 -0.059495
vn -0.606859 0.391448 -0.691730
vn -0.658774 0.194022 -0.726892
vn -0.432979 0.805273 -0.405049
vn -0.009939 0.999911 -0.008911
vn 0.057585 0.821092 -0.567883
vn -0.432979 0.805273 -0.405049
vn 0.057585 0.821092 -0.567883
vn -0.606859 0.391448 -0.691730
vn -0.009939 0.999911 -0.008911
vn -0.588603 0.772251 -0.239110
vn 0.633140 0.770489 0.074037
vn 0.633140 0.770489 0.074037
vn -0.588603 0.772251 -0.239110
vn 0.503057 0.673825 -0.541197
vn 0.057585 0.821092 -0.567883
vn -0.009939 0.999911 -0.008911
vn 0.442374 0.820153 -0.362842
vn 0.442374 0.820153 -0.362842
vn -0.009939 0.999911 -0.008911
vn 0.633140 0.770489 0.074037
vn 0.442374 0.820153 -0.362842
vn 0.633140 0.770489 0.074037
vn 0.936860 0.348482 -0.029214
vn 0.936860 0.348482 -0.029214
vn 0.633140 0.770489 0.074037
vn 0.503057 0.673825 -0.541197
vn 0.057585 0.821092 -0.567883
vn 0.442374 0.820153 -0.362842
vn 0.662750 0.375001 -0.648180
vn 0.662750 0.375001 -0.648180
vn 0.442374 0.820153 -0.362842
vn 0.936860 0.348482 -0.029214
vn 0.936860 0.348482 -0.029214
vn 0.503057 0.673825 -0.541197
vn 0.796985 0.456711 -0.395260
vn 0.936860 0.348482 -0.029214
vn 0.796985 0.456711 -0.395260
vn 0.662750 0.375001 -0.648180
vn 0.796985 0.456711 -0.395260
vn 0.503057 0.673825 -0.541197
vn 0.760239 0.211772 -0.614157
vn 0.796985 0.456711 -0.395260
vn 0.760239 0.211772 -0.614157
vn 0.775841 0.257730 -0.575887
vn 0.057585 0.821092 -0.567883
vn 0.662750 0.375001 -0.648180
vn 0.116744 0.398374 -0.909763
vn 0.057585 0.821092 -0.567883
vn 0.116744 0.398374 -0.909763
vn -0.606859 0.391448 -0.691730
vn 0.662750 0.375001 -0.648180
vn 0.796985 0.456711 -0.395260
vn 0.710078 0.013235 -0.703999
vn 0.662750 0.375001 -0.648180
vn 0.710078 0.013235 -0.703999
vn 0.116744 0.398374 -0.909763
vn 0.796985 0.456711 -0.395260
vn 0.775841 0.257730 -0.575887
vn 0.439283 -0.068231 -0.895754
vn 0.796985 0.456711 -0.395260
vn 0.439283 -0.068231 -0.895754
vn 0.710078 0.013235 -0.703999
vn 0.439283 -0.068231 -0.895754
vn 0.775841 0.257730 -0.575887
vn 0.778797 -0.305147 -0.548051
vn 0.116744 0.398374 -0.909763
vn 0.710078 0.013235 -0.703999
vn 0.096918 0.006979 -0.995268
vn 0.116744 0.398374 -0.909763
vn 0.096918 0.006979 -0.995268
vn -0.606859 0.391448 -0.691730
vn 0.096918 0.006979 -0.995268
vn 0.710078 0.013235 -0.703999
vn 0.439283 -0.068231 -0.895754
vn 0.439283 -0.068231 -0.895754
vn 0.778797 -0.305147 -0.548051
vn 0.062881 0.391374 -0.918081
vn -0.606859 0.391448 -0.691730
vn 0.096918 0.006979 -0.995268
vn -0.602153 0.006718 -0.798353
vn -0.606859 0.391448 -0.691730
vn -0.602153 0.006718 -0.798353
vn -0.658774 0.194022 -0.726892
vn 0.096918 0.006979 -0.995268
vn 0.439283 -0.068231 -0.895754
vn 0.107873 -0.398776 -0.910682
vn 0.096918 0.006979 -0.995268
vn 0.107873 -0.398776 -0.910682
vn -0.602153 0.006718 -0.798353
vn 0.439283 -0.068231 -0.895754
vn 0.062881 0.391374 -0.918081
vn -0.061942 -0.273378 -0.959910
vn 0.439283 -0.068231 -0.895754
vn -0.061942 -0.273378 -0.959910
vn 0.107873 -0.398776 -0.910682
vn -0.061942 -0.273378 -0.959910
vn 0.062881 0.391374 -0.918081
vn -0.299040 0.243853 -0.922557
vn -0.602153 0.006718 -0.798353
vn 0.107873 -0.398776 -0.910682
vn -0.537806 -0.343569 -0.769886
vn -0.602153 0.006718 -0.798353
vn -0.537806 -0.343569 -0.769886
vn -0.658774 0.194022 -0.726892
vn 0.107873 -0.398776 -0.910682
vn -0.061942 -0.273378 -0.959910
vn -0.445971 -0.332497 -0.830997
vn 0.107873 -0.398776 -0.910682
vn -0.445971 -0.332497 -0.830997
vn -0.537806 -0.343569 -0.769886
vn -0.445971 -0.332497 -0.830997
vn -0.061942 -0.273378 -0.959910
vn -0.299040 0.243853 -0.922557
vn -0.658774 0.194022 -0.726892
vn -0.537806 -0.343569 -0.769886
vn -0.429935 -0.040869 -0.901935
vn -0.429935 -0.040869 -0.901935
vn -0.537806 -0.343569 -0.769886
vn -0.445971 -0.332497 -0.830997
vn -0.429935 -0.040869 -0.901935
vn -0.445971 -0.332497 -0.830997
vn -0.299040 0.243853 -0.922557
vn -0.658774 0.194022 -0.726892
vn -0.429935 -0.040869 -0.901935
vn -0.225389 0.478495 -0.848671
vn -0.429935 -0.040869 -0.901935
vn -0.299040 0.243853 -0.922557
vn -0.185825 0.322443 -0.928170
vn -0.429935 -0.040869 -0.901935
vn -0.185825 0.322443 -0.928170
vn -0.225389 0.478495 -0.848671
vn -0.185825 0.322443 -0.928170
vn -0.299040 0.243853 -0.922557
vn -0.251381 0.700652 -0.667753
vn -0.185825 0.322443 -0.928170
vn -0.251381 0.700652 -0.667753
vn -0.225389 0.478495 -0.848671
s off
g SM_Dantooine_Tree_Twisted_A:geometry_0
usemtl initialShadingGroup
f 1//1 2//2 3//3
f 1//4 3//5 4//6
f 3//7 2//8 5//9
f 3//10 5//11 6//12
f 2//13 1//14 7//15
f 2//16 7//17 5//18
f 1//19 4//20 8//21
f 1//22 8//23 7//24
f 8//25 4//26 9//27
f 6//28 5//29 10//30
f 10//31 5//32 7//33
f 6//34 10//35 11//36
f 8//37 9//38 12//39
f 11//40 10//41 13//42
f 8//43 12//44 14//45
f 15//46 7//47 8//48
f 15//49 8//50 14//51
f 10//52 7//53 16//54
f 16//55 7//56 15//57
f 13//58 10//59 17//60
f 17//61 10//62 16//63
f 16//64 15//65 18//66
f 15//67 14//68 19//69
f 15//70 19//71 18//72
f 16//73 18//74 20//75
f 16//76 20//77 17//78
f 18//79 19//80 21//81
f 20//82 18//83 22//84
f 22//85 18//86 21//87
f 21//88 19//89 23//90
f 20//91 22//92 24//93
f 23//94 19//95 25//96
f 25//97 19//98 14//99
f 22//100 21//101 26//102
f 21//103 23//104 27//105
f 21//106 27//107 26//108
f 22//109 26//110 28//111
f 22//112 28//113 24//114
f 26//115 27//116 29//117
f 28//118 26//119 30//120
f 30//121 26//122 29//123
f 24//124 28//125 31//126
f 31//127 28//128 30//129
f 32//130 20//131 24//132
f 24//133 31//134 33//135
f 24//136 33//137 32//138
f 20//139 32//140 17//141
f 33//142 31//143 34//144
f 17//145 32//146 35//147
f 32//148 33//149 36//150
f 32//151 36//152 35//153
f 36//154 33//155 37//156
f 37//157 33//158 34//159
f 35//160 36//161 38//162
f 34//163 31//164 39//165
f 39//166 31//167 30//168
f 35//169 38//170 40//171
f 41//172 17//173 35//174
f 41//175 35//176 40//177
f 17//178 41//179 42//180
f 17//181 42//182 13//183
f 13//184 42//185 43//186
f 13//187 43//188 44//189
f 42//190 41//191 45//192
f 42//193 45//194 43//195
f 43//196 45//197 44//198
f 45//199 41//200 40//201
f 44//202 45//203 46//204
f 46//205 45//206 40//207
f 47//208 40//209 38//210
f 47//211 38//212 36//213
f 40//214 47//215 48//216
f 40//217 48//218 49//219
f 47//220 36//221 50//222
f 47//223 50//224 48//225
f 50//226 36//227 51//228
f 49//229 48//230 52//231
f 52//232 48//233 50//234
f 49//235 52//236 53//237
f 53//238 52//239 54//240
f 52//241 50//242 55//243
f 52//244 55//245 54//246
f 55//247 50//248 51//249
f 54//250 55//251 56//252
f 57//253 51//254 36//255
f 51//256 57//257 55//258
f 57//259 36//260 37//261
f 56//262 55//263 58//264
f 58//265 55//266 57//267
f 56//268 58//269 59//270
f 57//271 37//272 60//273
f 60//274 37//275 34//276
f 57//277 60//278 61//279
f 57//280 61//281 58//282
f 59//283 58//284 62//285
f 59//286 62//287 63//288
f 59//289 63//290 64//291
f 63//292 62//293 65//294
f 65//295 62//296 58//297
f 63//298 65//299 66//300
f 58//301 61//302 67//303
f 58//304 67//305 65//306
f 66//307 65//308 68//309
f 67//310 61//311 69//312
f 67//313 69//314 65//315
f 68//316 65//317 70//318
f 70//319 65//320 69//321
f 68//322 70//323 71//324
f 71//325 70//326 69//327
f 68//328 71//329 72//330
f 71//331 69//332 73//333
f 73//334 69//335 74//336
f 73//337 74//338 75//339
f 76//340 69//341 61//342
f 69//343 76//344 74//345
f 75//346 74//347 77//348
f 75//349 77//350 78//351
f 78//352 77//353 79//354
f 77//355 74//356 80//357
f 80//358 74//359 76//360
f 79//361 77//362 81//363
f 81//364 77//365 80//366
f 79//367 81//368 82//369
f 80//370 76//371 83//372
f 81//373 80//374 84//375
f 81//376 84//377 82//378
f 80//379 83//380 85//381
f 80//382 85//383 84//384
f 83//385 76//386 86//387
f 83//388 86//389 85//390
f 84//391 85//392 87//393
f 84//394 87//395 82//396
f 87//397 85//398 88//399
f 87//400 88//401 82//402
f 85//403 86//404 25//405
f 85//406 25//407 88//408
f 89//409 86//410 76//411
f 89//412 76//413 61//414
f 89//415 61//416 60//417
f 86//418 89//419 90//420
f 86//421 90//422 25//423
f 89//424 60//425 91//426
f 89//427 91//428 90//429
f 25//430 90//431 23//432
f 14//433 88//434 25//435
f 91//436 60//437 34//438
f 88//439 14//440 92//441
f 88//442 92//443 82//444
f 92//445 14//446 93//447
f 93//448 14//449 12//450
f 82//451 92//452 94//453
f 94//454 92//455 93//456
f 82//457 94//458 95//459
f 93//460 12//461 96//462
f 93//463 96//464 94//465
f 96//466 12//467 97//468
f 95//469 94//470 97//471
f 97//472 94//473 96//474
f 98//475 91//476 34//477
f 98//478 34//479 39//480
f 91//481 98//482 99//483
f 98//484 39//485 100//486
f 98//487 100//488 99//489
f 91//490 99//491 101//492
f 91//493 101//494 90//495
f 90//496 101//497 23//498
f 23//499 101//500 102//501
f 102//502 101//503 99//504
f 23//505 102//506 27//507
f 27//508 102//509 103//510
f 27//511 103//512 29//513
f 102//514 99//515 104//516
f 102//517 104//518 103//519
f 104//520 99//521 105//522
f 105//523 99//524 100//525
f 103//526 104//527 106//528
f 29//529 103//530 107//531
f 107//532 103//533 106//534
f 106//535 104//536 108//537
f 108//538 104//539 105//540
f 107//541 106//542 109//543
f 29//544 107//545 110//546
f 29//547 110//548 30//549
f 106//550 108//551 111//552
f 106//553 111//554 109//555
f 108//556 105//557 112//558
f 110//559 107//560 113//561
f 113//562 107//563 109//564
f 111//565 108//566 114//567
f 114//568 108//569 112//570
f 109//571 111//572 115//573
f 115//574 111//575 114//576
f 113//577 109//578 116//579
f 109//580 115//581 117//582
f 109//583 117//584 116//585
f 117//586 115//587 118//588
f 113//589 116//590 119//591
f 113//592 119//593 120//594
f 113//595 120//596 110//597
f 119//598 116//599 121//600
f 110//601 120//602 122//603
f 110//604 122//605 30//606
f 120//607 119//608 123//609
f 123//610 119//611 121//612
f 124//613 116//614 117//615
f 116//616 124//617 121//618
f 124//619 117//620 125//621
f 125//622 117//623 118//624
f 121//625 124//626 126//627
f 120//628 123//629 127//630
f 120//631 127//632 122//633
f 128//634 123//635 121//636
f 128//637 121//638 126//639
f 127//640 123//641 129//642
f 130//643 30//644 122//645
f 30//646 130//647 39//648
f 122//649 127//650 131//651
f 130//652 122//653 132//654
f 132//655 122//656 131//657
f 39//658 130//659 133//660
f 133//661 130//662 132//663
f 131//664 127//665 134//666
f 134//667 127//668 129//669
f 131//670 134//671 112//672
f 131//673 112//674 132//675
f 132//676 112//677 105//678
f 132//679 105//680 100//681
f 112//682 134//683 114//684
f 114//685 134//686 135//687
f 135//688 134//689 129//690
f 114//691 135//692 136//693
f 137//694 100//695 39//696
f 137//697 39//698 133//699
f 100//700 137//701 138//702
f 100//703 138//704 132//705
f 137//706 133//707 139//708
f 137//709 139//710 138//711
f 140//712 133//713 132//714
f 140//715 132//716 138//717
f 133//718 140//719 141//720
f 133//721 141//722 139//723
f 140//724 138//725 142//726
f 140//727 142//728 141//729
f 142//730 138//731 139//732
f 141//733 142//734 143//735
f 142//736 139//737 144//738
f 142//739 144//740 143//741
f 139//742 141//743 145//744
f 145//745 141//746 146//747
f 146//748 141//749 143//750
f 139//751 145//752 147//753
f 139//754 147//755 144//756
f 146//757 143//758 148//759
f 143//760 144//761 149//762
f 149//763 144//764 145//765
f 148//766 143//767 150//768
f 150//769 143//770 149//771
f 145//772 144//773 151//774
f 145//775 151//776 147//777
f 151//778 144//779 152//780
f 152//781 144//782 147//783
f 149//784 145//785 153//786
f 153//787 145//788 146//789
f 153//790 146//791 154//792
f 154//793 146//794 148//795
f 151//796 152//797 155//798
f 152//799 147//800 156//801
f 152//802 156//803 155//804
f 157//805 147//806 151//807
f 157//808 151//809 155//810
f 156//811 147//812 158//813
f 158//814 147//815 157//816
f 155//817 156//818 159//819
f 156//820 158//821 160//822
f 156//823 160//824 159//825
f 160//826 158//827 161//828
f 158//829 157//830 162//831
f 158//832 162//833 161//834
f 163//835 157//836 155//837
f 157//838 163//839 162//840
f 164//841 155//842 159//843
f 155//844 164//845 163//846
f 160//847 161//848 165//849
f 165//850 161//851 162//852
f 166//853 159//854 160//855
f 166//856 160//857 165//858
f 159//859 166//860 167//861
f 159//862 167//863 164//864
f 168//865 162//866 163//867
f 162//868 168//869 165//870
f 169//871 163//872 164//873
f 166//874 165//875 170//876
f 166//877 170//878 171//879
f 166//880 171//881 167//882
f 170//883 165//884 172//885
f 172//886 165//887 173//888
f 173//889 165//890 168//891
f 170//892 172//893 174//894
f 170//895 174//896 171//897
f 172//898 173//899 175//900
f 172//901 175//902 174//903
f 175//904 173//905 176//906
f 176//907 173//908 168//909
f 174//910 175//911 177//912
f 175//913 176//914 178//915
f 175//916 178//917 177//918
f 174//919 177//920 179//921
f 174//922 179//923 171//924
f 179//925 177//926 178//927
f 171//928 179//929 180//930
f 180//931 179//932 178//933
f 171//934 180//935 167//936
f 181//937 176//938 168//939
f 182//940 178//941 176//942
f 182//943 176//944 181//945
f 178//946 182//947 183//948
f 178//949 183//950 180//951
f 183//952 182//953 184//954
f 184//955 182//956 185//957
f 185//958 182//959 181//960
f 183//961 184//962 186//963
f 184//964 185//965 187//966
f 184//967 187//968 186//969
f 185//970 181//971 188//972
f 185//973 188//974 187//975
f 183//976 186//977 189//978
f 183//979 189//980 180//981
f 189//982 186//983 190//984
f 190//985 186//986 187//987
f 190//988 187//989 189//990
f 189//991 187//992 191//993
f 189//994 191//995 180//996
f 180//997 191//998 192//999
f 180//1000 192//1001 193//1002
f 192//1003 191//1004 194//1005
f 192//1006 194//1007 193//1008
f 191//1009 187//1010 195//1011
f 191//1012 195//1013 194//1014
f 180//1015 193//1016 196//1017
f 180//1018 196//1019 167//1020
f 193//1021 194//1022 197//1023
f 167//1024 196//1025 198//1026
f 167//1027 198//1028 164//1029
f 196//1030 193//1031 199//1032
f 193//1033 197//1034 200//1035
f 200//1036 197//1037 194//1038
f 193//1039 200//1040 199//1041
f 200//1042 194//1043 201//1044
f 200//1045 201//1046 202//1047
f 200//1048 202//1049 199//1050
f 201//1051 194//1052 203//1053
f 203//1054 194//1055 195//1056
f 202//1057 201//1058 204//1059
f 204//1060 201//1061 203//1062
f 199//1063 202//1064 205//1065
f 205//1066 202//1067 206//1068
f 206//1069 202//1070 204//1071
f 199//1072 205//1073 207//1074
f 199//1075 207//1076 208//1077
f 199//1078 208//1079 196//1080
f 207//1081 205//1082 209//1083
f 209//1084 205//1085 206//1086
f 207//1087 209//1088 210//1089
f 207//1090 210//1091 208//1092
f 209//1093 206//1094 211//1095
f 196//1096 208//1097 212//1098
f 196//1099 212//1100 198//1101
f 212//1102 208//1103 213//1104
f 212//1105 213//1106 198//1107
f 211//1108 206//1109 214//1110
f 214//1111 206//1112 204//1113
f 209//1114 211//1115 215//1116
f 209//1117 215//1118 210//1119
f 211//1120 214//1121 216//1122
f 211//1123 216//1124 215//1125
f 216//1126 214//1127 217//1128
f 210//1129 215//1130 218//1131
f 210//1132 218//1133 208//1134
f 215//1135 216//1136 219//1137
f 219//1138 216//1139 217//1140
f 215//1141 219//1142 218//1143
f 217//1144 214//1145 150//1146
f 217//1147 150//1148 219//1149
f 150//1150 214//1151 204//1152
f 208//1153 218//1154 220//1155
f 208//1156 220//1157 213//1158
f 218//1159 219//1160 221//1161
f 218//1162 221//1163 220//1164
f 221//1165 219//1166 150//1167
f 213//1168 220//1169 222//1170
f 222//1171 220//1172 221//1173
f 222//1174 221//1175 150//1176
f 213//1177 222//1178 198//1179
f 198//1180 222//1181 223//1182
f 223//1183 222//1184 150//1185
f 198//1186 223//1187 164//1188
f 164//1189 223//1190 169//1191
f 169//1192 223//1193 150//1194
f 169//1195 150//1196 149//1197
f 169//1198 149//1199 224//1200
f 224//1201 149//1202 153//1203
f 224//1204 153//1205 225//1206
f 225//1207 153//1208 154//1209
f 225//1210 154//1211 226//1212
f 226//1213 154//1214 148//1215
f 225//1216 226//1217 227//1218
f 225//1219 227//1220 224//1221
f 226//1222 148//1223 228//1224
f 226//1225 228//1226 227//1227
f 229//1228 148//1229 150//1230
f 229//1231 150//1232 204//1233
f 228//1234 148//1235 230//1236
f 230//1237 148//1238 229//1239
f 227//1240 228//1241 231//1242
f 227//1243 231//1244 224//1245
f 229//1246 204//1247 232//1248
f 229//1249 232//1250 230//1251
f 232//1252 204//1253 203//1254
f 228//1255 230//1256 233//1257
f 228//1258 233//1259 231//1260
f 230//1261 232//1262 234//1263
f 230//1264 234//1265 233//1266
f 232//1267 203//1268 235//1269
f 232//1270 235//1271 234//1272
f 235//1273 203//1274 195//1275
f 233//1276 234//1277 236//1278
f 236//1279 234//1280 235//1281
f 233//1282 236//1283 237//1284
f 238//1285 231//1286 233//1287
f 238//1288 233//1289 237//1290
f 231//1291 238//1292 224//1293
f 235//1294 195//1295 239//1296
f 235//1297 239//1298 236//1299
f 237//1300 236//1301 240//1302
f 240//1303 236//1304 239//1305
f 237//1306 240//1307 238//1308
f 239//1309 195//1310 241//1311
f 241//1312 195//1313 187//1314
f 240//1315 239//1316 242//1317
f 241//1318 187//1319 243//1320
f 239//1321 241//1322 244//1323
f 244//1324 241//1325 243//1326
f 239//1327 244//1328 245//1329
f 239//1330 245//1331 242//1332
f 244//1333 243//1334 246//1335
f 245//1336 244//1337 247//1338
f 245//1339 247//1340 242//1341
f 247//1342 244//1343 246//1344
f 248//1345 240//1346 242//1347
f 240//1348 248//1349 238//1350
f 242//1351 247//1352 249//1353
f 242//1354 249//1355 248//1356
f 247//1357 246//1358 250//1359
f 250//1360 246//1361 243//1362
f 249//1363 247//1364 251//1365
f 251//1366 247//1367 250//1368
f 250//1369 243//1370 252//1371
f 250//1372 252//1373 251//1374
f 252//1375 243//1376 187//1377
f 249//1378 251//1379 253//1380
f 253//1381 251//1382 252//1383
f 249//1384 253//1385 248//1386
f 252//1387 187//1388 188//1389
f 252//1390 188//1391 253//1392
f 248//1393 253//1394 254//1395
f 254//1396 253//1397 188//1398
f 248//1399 254//1400 238//1401
f 254//1402 188//1403 255//1404
f 255//1405 188//1406 181//1407
f 254//1408 255//1409 256//1410
f 238//1411 254//1412 257//1413
f 257//1414 254//1415 256//1416
f 256//1417 255//1418 258//1419
f 256//1420 258//1421 257//1422
f 255//1423 181//1424 259//1425
f 255//1426 259//1427 258//1428
f 259//1429 181//1430 168//1431
f 238//1432 257//1433 260//1434
f 260//1435 257//1436 258//1437
f 238//1438 260//1439 224//1440
f 224//1441 260//1442 261//1443
f 261//1444 260//1445 258//1446
f 224//1447 261//1448 169//1449
f 262//1450 258//1451 259//1452
f 262//1453 259//1454 168//1455
f 258//1456 262//1457 261//1458
f 261//1459 262//1460 169//1461
f 262//1462 168//1463 163//1464
f 262//1465 163//1466 169//1467
f 263//1468 129//1469 123//1470
f 263//1471 123//1472 264//1473
f 129//1474 263//1475 265//1476
f 264//1477 123//1478 128//1479
f 129//1480 265//1481 266//1482
f 129//1483 266//1484 267//1485
f 129//1486 267//1487 135//1488
f 266//1489 265//1490 268//1491
f 266//1492 268//1493 267//1494
f 135//1495 267//1496 136//1497
f 263//1498 136//1499 265//1500
f 136//1501 263//1502 264//1503
f 136//1504 267//1505 269//1506
f 136//1507 269//1508 265//1509
f 269//1510 267//1511 270//1512
f 270//1513 267//1514 268//1515
f 265//1516 269//1517 271//1518
f 265//1519 271//1520 268//1521
f 271//1522 269//1523 272//1524
f 272//1525 269//1526 270//1527
f 268//1528 271//1529 273//1530
f 270//1531 268//1532 274//1533
f 274//1534 268//1535 273//1536
f 272//1537 270//1538 275//1539
f 275//1540 270//1541 274//1542
f 271//1543 272//1544 276//1545
f 271//1546 276//1547 273//1548
f 276//1549 272//1550 275//1551
f 273//1552 276//1553 277//1554
f 277//1555 276//1556 275//1557
f 275//1558 274//1559 278//1560
f 278//1561 274//1562 279//1563
f 279//1564 274//1565 280//1566
f 280//1567 274//1568 273//1569
f 278//1570 279//1571 281//1572
f 281//1573 279//1574 280//1575
f 275//1576 278//1577 282//1578
f 275//1579 282//1580 283//1581
f 275//1582 283//1583 277//1584
f 282//1585 278//1586 284//1587
f 282//1588 284//1589 283//1590
f 278//1591 281//1592 285//1593
f 278//1594 285//1595 284//1596
f 283//1597 284//1598 286//1599
f 285//1600 281//1601 287//1602
f 284//1603 285//1604 288//1605
f 288//1606 285//1607 287//1608
f 284//1609 288//1610 289//1611
f 284//1612 289//1613 286//1614
f 288//1615 287//1616 290//1617
f 289//1618 288//1619 291//1620
f 291//1621 288//1622 290//1623
f 289//1624 291//1625 292//1626
f 289//1627 292//1628 286//1629
f 291//1630 290//1631 293//1632
f 291//1633 293//1634 292//1635
f 290//1636 287//1637 294//1638
f 290//1639 294//1640 293//1641
f 295//1642 287//1643 281//1644
f 287//1645 295//1646 294//1647
f 295//1648 281//1649 280//1650
f 296//1651 286//1652 292//1653
f 294//1654 295//1655 297//1656
f 294//1657 297//1658 293//1659
f 296//1660 292//1661 298//1662
f 298//1663 292//1664 293//1665
f 286//1666 296//1667 299//1668
f 296//1669 298//1670 300//1671
f 296//1672 300//1673 299//1674
f 286//1675 299//1676 301//1677
f 286//1678 301//1679 283//1680
f 301//1681 299//1682 302//1683
f 302//1684 299//1685 300//1686
f 283//1687 301//1688 303//1689
f 303//1690 301//1691 302//1692
f 283//1693 303//1694 277//1695
f 302//1696 300//1697 304//1698
f 302//1699 304//1700 303//1701
f 303//1702 304//1703 305//1704
f 303//1705 305//1706 306//1707
f 303//1708 306//1709 277//1710
f 305//1711 304//1712 307//1713
f 305//1714 307//1715 306//1716
f 304//1717 300//1718 308//1719
f 304//1720 308//1721 307//1722
f 308//1723 300//1724 309//1725
f 309//1726 300//1727 298//1728
f 307//1729 308//1730 310//1731
f 310//1732 308//1733 309//1734
f 309//1735 298//1736 311//1737
f 311//1738 298//1739 293//1740
f 309//1741 311//1742 312//1743
f 311//1744 293//1745 313//1746
f 312//1747 311//1748 314//1749
f 314//1750 311//1751 313//1752
f 313//1753 293//1754 315//1755
f 313//1756 315//1757 314//1758
f 315//1759 293//1760 297//1761
f 309//1762 312//1763 316//1764
f 316//1765 312//1766 314//1767
f 309//1768 316//1769 310//1770
f 316//1771 314//1772 317//1773
f 310//1774 316//1775 318//1776
f 318//1777 316//1778 317//1779
f 310//1780 318//1781 307//1782
f 317//1783 314//1784 319//1785
f 317//1786 319//1787 318//1788
f 319//1789 314//1790 315//1791
f 318//1792 319//1793 320//1794
f 318//1795 320//1796 307//1797
f 319//1798 315//1799 321//1800
f 319//1801 321//1802 320//1803
f 322//1804 315//1805 297//1806
f 315//1807 322//1808 321//1809
f 322//1810 297//1811 323//1812
f 323//1813 297//1814 295//1815
f 321//1816 322//1817 324//1818
f 324//1819 322//1820 323//1821
f 323//1822 295//1823 325//1824
f 323//1825 325//1826 324//1827
f 325//1828 295//1829 326//1830
f 326//1831 295//1832 280//1833
f 324//1834 325//1835 327//1836
f 327//1837 325//1838 326//1839
f 321//1840 324//1841 328//1842
f 328//1843 324//1844 327//1845
f 321//1846 328//1847 329//1848
f 321//1849 329//1850 320//1851
f 328//1852 327//1853 330//1854
f 328//1855 330//1856 329//1857
f 327//1858 326//1859 331//1860
f 327//1861 331//1862 330//1863
f 332//1864 326//1865 280//1866
f 326//1867 332//1868 331//1869
f 332//1870 280//1871 273//1872
f 330//1873 331//1874 333//1875
f 333//1876 331//1877 332//1878
f 332//1879 273//1880 334//1881
f 332//1882 334//1883 333//1884
f 330//1885 333//1886 335//1887
f 335//1888 333//1889 334//1890
f 330//1891 335//1892 329//1893
f 334//1894 273//1895 336//1896
f 334//1897 336//1898 335//1899
f 329//1900 335//1901 337//1902
f 337//1903 335//1904 336//1905
f 329//1906 337//1907 338//1908
f 329//1909 338//1910 339//1911
f 329//1912 339//1913 320//1914
f 339//1915 338//1916 340//1917
f 340//1918 338//1919 337//1920
f 320//1921 339//1922 341//1923
f 339//1924 340//1925 342//1926
f 339//1927 342//1928 341//1929
f 320//1930 341//1931 307//1932
f 342//1933 340//1934 343//1935
f 343//1936 340//1937 337//1938
f 341//1939 342//1940 344//1941
f 342//1942 343//1943 345//1944
f 342//1945 345//1946 344//1947
f 307//1948 341//1949 346//1950
f 346//1951 341//1952 344//1953
f 346//1954 344//1955 347//1956
f 347//1957 344//1958 345//1959
f 345//1960 343//1961 348//1962
f 345//1963 348//1964 347//1965
f 349//1966 343//1967 337//1968
f 343//1969 349//1970 348//1971
f 349//1972 337//1973 350//1974
f 350//1975 337//1976 336//1977
f 349//1978 350//1979 351//1980
f 348//1981 349//1982 352//1983
f 352//1984 349//1985 351//1986
f 351//1987 350//1988 353//1989
f 351//1990 353//1991 352//1992
f 350//1993 336//1994 354//1995
f 350//1996 354//1997 353//1998
f 352//1999 353//2000 355//2001
f 348//2002 352//2003 356//2004
f 356//2005 352//2006 355//2007
f 348//2008 356//2009 347//2010
f 355//2011 353//2012 357//2013
f 357//2014 353//2015 354//2016
f 355//2017 357//2018 356//2019
f 358//2020 354//2021 336//2022
f 354//2023 358//2024 357//2025
f 356//2026 357//2027 359//2028
f 356//2029 359//2030 347//2031
f 359//2032 357//2033 358//2034
f 358//2035 336//2036 360//2037
f 360//2038 336//2039 273//2040
f 360//2041 273//2042 277//2043
f 358//2044 360//2045 361//2046
f 361//2047 360//2048 277//2049
f 358//2050 361//2051 362//2052
f 358//2053 362//2054 359//2055
f 361//2056 277//2057 363//2058
f 361//2059 363//2060 364//2061
f 364//2062 363//2063 277//2064
f 361//2065 364//2066 362//2067
f 359//2068 362//2069 365//2070
f 365//2071 362//2072 364//2073
f 359//2074 365//2075 366//2076
f 366//2077 365//2078 364//2079
f 364//2080 277//2081 367//2082
f 364//2083 367//2084 366//2085
f 367//2086 277//2087 306//2088
f 367//2089 306//2090 307//2091
f 366//2092 367//2093 368//2094
f 359//2095 366//2096 369//2097
f 369//2098 366//2099 368//2100
f 359//2101 369//2102 347//2103
f 347//2104 369//2105 370//2106
f 347//2107 370//2108 346//2109
f 369//2110 368//2111 371//2112
f 371//2113 368//2114 367//2115
f 369//2116 371//2117 370//2118
f 370//2119 371//2120 346//2121
f 371//2122 367//2123 307//2124
f 371//2125 307//2126 346//2127
f 372//2128 115//2129 114//2130
f 372//2131 114//2132 136//2133
f 372//2134 136//2135 264//2136
f 115//2137 372//2138 118//2139
f 372//2140 264//2141 373//2142
f 372//2143 373//2144 118//2145
f 373//2146 264//2147 374//2148
f 118//2149 373//2150 375//2151
f 374//2152 264//2153 128//2154
f 118//2155 375//2156 376//2157
f 118//2158 376//2159 125//2160
f 375//2161 373//2162 377//2163
f 377//2164 373//2165 374//2166
f 376//2167 375//2168 378//2169
f 375//2170 377//2171 379//2172
f 375//2173 379//2174 378//2175
f 377//2176 374//2177 380//2178
f 125//2179 376//2180 381//2181
f 380//2182 374//2183 382//2184
f 382//2185 374//2186 383//2187
f 383//2188 374//2189 128//2190
f 380//2191 382//2192 384//2193
f 384//2194 382//2195 383//2196
f 125//2197 381//2198 384//2199
f 384//2200 381//2201 380//2202
f 125//2203 384//2204 124//2205
f 124//2206 384//2207 383//2208
f 385//2209 381//2210 376//2211
f 385//2212 376//2213 378//2214
f 380//2215 381//2216 386//2217
f 386//2218 381//2219 385//2220
f 385//2221 378//2222 387//2223
f 385//2224 387//2225 386//2226
f 124//2227 383//2228 388//2229
f 124//2230 388//2231 389//2232
f 124//2233 389//2234 126//2235
f 388//2236 383//2237 390//2238
f 390//2239 383//2240 128//2241
f 126//2242 389//2243 391//2244
f 391//2245 389//2246 388//2247
f 392//2248 128//2249 126//2250
f 128//2251 392//2252 390//2253
f 388//2254 390//2255 393//2256
f 393//2257 390//2258 392//2259
f 391//2260 388//2261 394//2262
f 388//2263 393//2264 395//2265
f 388//2266 395//2267 394//2268
f 392//2269 126//2270 396//2271
f 396//2272 126//2273 391//2274
f 392//2275 396//2276 397//2277
f 392//2278 397//2279 394//2280
f 392//2281 394//2282 398//2283
f 392//2284 398//2285 393//2286
f 398//2287 394//2288 395//2289
f 399//2290 391//2291 394//2292
f 399//2293 394//2294 397//2295
f 391//2296 399//2297 400//2298
f 399//2299 397//2300 401//2301
f 399//2302 401//2303 400//2304
f 402//2305 397//2306 396//2307
f 397//2308 402//2309 401//2310
f 403//2311 396//2312 391//2313
f 403//2314 391//2315 400//2316
f 396//2317 403//2318 402//2319
f 403//2320 400//2321 404//2322
f 403//2323 404//2324 402//2325
f 404//2326 400//2327 405//2328
f 402//2329 404//2330 406//2331
f 407//2332 400//2333 401//2334
f 400//2335 407//2336 405//2337
f 408//2338 401//2339 402//2340
f 408//2341 402//2342 406//2343
f 404//2344 405//2345 409//2346
f 404//2347 409//2348 406//2349
f 409//2350 405//2351 410//2352
f 406//2353 409//2354 411//2355
f 408//2356 406//2357 412//2358
f 406//2359 411//2360 413//2361
f 406//2362 413//2363 412//2364
f 408//2365 412//2366 414//2367
f 408//2368 414//2369 401//2370
f 414//2371 412//2372 415//2373
f 412//2374 413//2375 416//2376
f 412//2377 416//2378 415//2379
f 414//2380 415//2381 417//2382
f 417//2383 415//2384 416//2385
f 401//2386 414//2387 418//2388
f 418//2389 414//2390 417//2391
f 401//2392 418//2393 419//2394
f 417//2395 416//2396 420//2397
f 418//2398 417//2399 421//2400
f 421//2401 417//2402 420//2403
f 418//2404 421//2405 422//2406
f 418//2407 422//2408 419//2409
f 421//2410 420//2411 423//2412
f 423//2413 420//2414 416//2415
f 422//2416 421//2417 424//2418
f 424//2419 421//2420 423//2421
f 422//2422 424//2423 425//2424
f 426//2425 401//2426 419//2427
f 422//2428 425//2429 427//2430
f 422//2431 427//2432 419//2433
f 425//2434 424//2435 428//2436
f 428//2437 424//2438 423//2439
f 425//2440 428//2441 427//2442
f 428//2443 423//2444 429//2445
f 429//2446 423//2447 416//2448
f 427//2449 428//2450 430//2451
f 430//2452 428//2453 429//2454
f 427//2455 430//2456 431//2457
f 432//2458 419//2459 427//2460
f 419//2461 432//2462 426//2463
f 427//2464 431//2465 433//2466
f 427//2467 433//2468 432//2469
f 431//2470 430//2471 434//2472
f 431//2473 434//2474 433//2475
f 435//2476 430//2477 429//2478
f 430//2479 435//2480 434//2481
f 435//2482 429//2483 436//2484
f 433//2485 434//2486 437//2487
f 434//2488 435//2489 438//2490
f 434//2491 438//2492 437//2493
f 439//2494 432//2495 433//2496
f 439//2497 433//2498 437//2499
f 432//2500 439//2501 440//2502
f 432//2503 440//2504 426//2505
f 438//2506 435//2507 441//2508
f 441//2509 435//2510 436//2511
f 437//2512 438//2513 442//2514
f 441//2515 436//2516 443//2517
f 438//2518 441//2519 444//2520
f 443//2521 436//2522 445//2523
f 441//2524 443//2525 446//2526
f 441//2527 446//2528 444//2529
f 446//2530 443//2531 445//2532
f 438//2533 444//2534 447//2535
f 438//2536 447//2537 442//2538
f 444//2539 446//2540 448//2541
f 444//2542 448//2543 447//2544
f 446//2545 445//2546 449//2547
f 446//2548 449//2549 448//2550
f 450//2551 437//2552 442//2553
f 437//2554 450//2555 451//2556
f 450//2557 442//2558 452//2559
f 450//2560 452//2561 451//2562
f 452//2563 442//2564 453//2565
f 453//2566 442//2567 447//2568
f 437//2569 451//2570 439//2571
f 453//2572 447//2573 454//2574
f 452//2575 453//2576 455//2577
f 455//2578 453//2579 454//2580
f 454//2581 447//2582 456//2583
f 452//2584 455//2585 457//2586
f 452//2587 457//2588 451//2589
f 454//2590 456//2591 458//2592
f 454//2593 458//2594 455//2595
f 456//2596 447//2597 459//2598
f 459//2599 447//2600 448//2601
f 459//2602 448//2603 460//2604
f 460//2605 448//2606 461//2607
f 461//2608 448//2609 449//2610
f 459//2611 460//2612 462//2613
f 462//2614 460//2615 461//2616
f 459//2617 462//2618 463//2619
f 459//2620 463//2621 456//2622
f 462//2623 461//2624 464//2625
f 461//2626 449//2627 465//2628
f 461//2629 465//2630 464//2631
f 465//2632 449//2633 445//2634
f 462//2635 464//2636 466//2637
f 462//2638 466//2639 463//2640
f 464//2641 465//2642 467//2643
f 468//2644 456//2645 463//2646
f 468//2647 463//2648 466//2649
f 456//2650 468//2651 405//2652
f 405//2653 468//2654 410//2655
f 410//2656 468//2657 466//2658
f 456//2659 405//2660 407//2661
f 456//2662 407//2663 458//2664
f 469//2665 466//2666 464//2667
f 466//2668 469//2669 410//2670
f 469//2671 464//2672 467//2673
f 410//2674 469//2675 470//2676
f 410//2677 470//2678 409//2679
f 470//2680 469//2681 471//2682
f 471//2683 469//2684 467//2685
f 409//2686 470//2687 411//2688
f 470//2689 471//2690 472//2691
f 472//2692 471//2693 467//2694
f 470//2695 472//2696 411//2697
f 472//2698 467//2699 473//2700
f 411//2701 472//2702 474//2703
f 474//2704 472//2705 473//2706
f 473//2707 467//2708 475//2709
f 473//2710 475//2711 474//2712
f 475//2713 467//2714 465//2715
f 475//2716 465//2717 445//2718
f 475//2719 445//2720 476//2721
f 475//2722 476//2723 474//2724
f 476//2725 445//2726 436//2727
f 476//2728 436//2729 477//2730
f 476//2731 477//2732 474//2733
f 477//2734 436//2735 429//2736
f 477//2737 429//2738 416//2739
f 474//2740 477//2741 478//2742
f 478//2743 477//2744 416//2745
f 474//2746 478//2747 411//2748
f 478//2749 416//2750 413//2751
f 478//2752 413//2753 411//2754
f 401//2755 426//2756 407//2757
f 407//2758 426//2759 479//2760
f 407//2761 479//2762 458//2763
f 458//2764 479//2765 455//2766
f 479//2767 426//2768 480//2769
f 480//2770 426//2771 440//2772
f 455//2773 479//2774 481//2775
f 479//2776 480//2777 482//2778
f 455//2779 481//2780 483//2781
f 455//2782 483//2783 484//2784
f 455//2785 484//2786 457//2787
f 483//2788 481//2789 485//2790
f 483//2791 485//2792 484//2793
f 481//2794 479//2795 486//2796
f 486//2797 479//2798 482//2799
f 481//2800 486//2801 395//2802
f 486//2803 482//2804 398//2805
f 486//2806 398//2807 395//2808
f 481//2809 395//2810 487//2811
f 481//2812 487//2813 485//2814
f 487//2815 395//2816 393//2817
f 488//2818 484//2819 485//2820
f 488//2821 485//2822 487//2823
f 398//2824 482//2825 489//2826
f 398//2827 489//2828 393//2829
f 487//2830 393//2831 490//2832
f 490//2833 393//2834 489//2835
f 487//2836 490//2837 488//2838
f 484//2839 488//2840 491//2841
f 489//2842 482//2843 492//2844
f 492//2845 482//2846 480//2847
f 492//2848 480//2849 440//2850
f 489//2851 492//2852 493//2853
f 493//2854 492//2855 440//2856
f 489//2857 493//2858 490//2859
f 484//2860 491//2861 494//2862
f 484//2863 494//2864 457//2865
f 495//2866 491//2867 488//2868
f 491//2869 495//2870 494//2871
f 457//2872 494//2873 496//2874
f 495//2875 488//2876 497//2877
f 497//2878 488//2879 490//2880
f 457//2881 496//2882 451//2883
f 496//2884 494//2885 498//2886
f 496//2887 498//2888 451//2889
f 494//2890 495//2891 499//2892
f 494//2893 499//2894 498//2895
f 495//2896 497//2897 500//2898
f 495//2899 500//2900 499//2901
f 451//2902 498//2903 501//2904
f 501//2905 498//2906 499//2907
f 451//2908 501//2909 502//2910
f 451//2911 502//2912 439//2913
f 501//2914 499//2915 503//2916
f 501//2917 503//2918 502//2919
f 439//2920 502//2921 504//2922
f 504//2923 502//2924 503//2925
f 439//2926 504//2927 505//2928
f 505//2929 504//2930 503//2931
f 439//2932 505//2933 506//2934
f 439//2935 506//2936 440//2937
f 506//2938 505//2939 507//2940
f 507//2941 505//2942 503//2943
f 440//2944 506//2945 508//2946
f 508//2947 506//2948 507//2949
f 440//2950 508//2951 509//2952
f 440//2953 509//2954 493//2955
f 493//2956 509//2957 510//2958
f 509//2959 508//2960 511//2961
f 509//2962 511//2963 510//2964
f 508//2965 507//2966 512//2967
f 508//2968 512//2969 511//2970
f 512//2971 507//2972 513//2973
f 513//2974 507//2975 503//2976
f 511//2977 512//2978 514//2979
f 514//2980 512//2981 513//2982
f 510//2983 511//2984 515//2985
f 510//2986 515//2987 493//2988
f 515//2989 511//2990 514//2991
f 493//2992 515//2993 516//2994
f 493//2995 516//2996 490//2997
f 515//2998 514//2999 517//3000
f 490//3001 516//3002 518//3003
f 514//3004 513//3005 519//3006
f 514//3007 519//3008 517//3009
f 490//3010 518//3011 497//3012
f 516//3013 515//3014 520//3015
f 520//3016 515//3017 517//3018
f 516//3019 520//3020 521//3021
f 516//3022 521//3023 518//3024
f 518//3025 521//3026 520//3027
f 520//3028 517//3029 522//3030
f 520//3031 522//3032 518//3033
f 522//3034 517//3035 519//3036
f 523//3037 497//3038 518//3039
f 523//3040 518//3041 522//3042
f 523//3043 522//3044 519//3045
f 497//3046 523//3047 500//3048
f 500//3049 523//3050 524//3051
f 524//3052 523//3053 519//3054
f 500//3055 524//3056 499//3057
f 499//3058 524//3059 525//3060
f 499//3061 525//3062 503//3063
f 524//3064 519//3065 526//3066
f 524//3067 526//3068 525//3069
f 525//3070 526//3071 503//3072
f 526//3073 519//3074 513//3075
f 526//3076 513//3077 503//3078
f 527//3079 528//3080 529//3081
f 528//3082 527//3083 530//3084
f 527//3085 529//3086 531//3087
f 529//3088 528//3089 532//3090
f 530//3091 527//3092 533//3093
f 533//3094 527//3095 531//3096
f 528//3097 530//3098 534//3099
f 528//3100 534//3101 535//3102
f 528//3103 535//3104 532//3105
f 535//3106 534//3107 536//3108
f 532//3109 535//3110 537//3111
f 537//3112 535//3113 536//3114
f 536//3115 534//3116 538//3117
f 538//3118 534//3119 530//3120
f 537//3121 536//3122 539//3123
f 536//3124 538//3125 540//3126
f 536//3127 540//3128 539//3129
f 540//3130 538//3131 541//3132
f 539//3133 540//3134 542//3135
f 542//3136 540//3137 541//3138
f 537//3139 539//3140 543//3141
f 543//3142 539//3143 542//3144
f 544//3145 538//3146 530//3147
f 538//3148 544//3149 541//3150
f 544//3151 530//3152 545//3153
f 545//3154 530//3155 546//3156
f 546//3157 530//3158 533//3159
f 546//3160 533//3161 545//3162
f 544//3163 545//3164 547//3165
f 547//3166 545//3167 533//3168
f 541//3169 544//3170 548//3171
f 548//3172 544//3173 547//3174
f 549//3175 542//3176 541//3177
f 547//3178 533//3179 550//3180
f 550//3181 533//3182 551//3183
f 551//3184 533//3185 531//3186
f 551//3187 531//3188 550//3189
f 547//3190 550//3191 552//3192
f 552//3193 550//3194 531//3195
f 547//3196 552//3197 548//3198
f 553//3199 541//3200 548//3201
f 541//3202 553//3203 549//3204
f 553//3205 548//3206 554//3207
f 554//3208 548//3209 555//3210
f 555//3211 548//3212 552//3213
f 553//3214 554//3215 556//3216
f 556//3217 554//3218 555//3219
f 555//3220 552//3221 557//3222
f 555//3223 557//3224 556//3225
f 556//3226 557//3227 558//3228
f 558//3229 557//3230 552//3231
f 553//3232 556//3233 559//3234
f 553//3235 559//3236 549//3237
f 556//3238 558//3239 560//3240
f 556//3241 560//3242 559//3243
f 560//3244 558//3245 561//3246
f 561//3247 558//3248 552//3249
f 559//3250 560//3251 562//3252
f 549//3253 559//3254 563//3255
f 563//3256 559//3257 562//3258
f 549//3259 563//3260 564//3261
f 549//3262 564//3263 542//3264
f 563//3265 562//3266 565//3267
f 542//3268 564//3269 566//3270
f 566//3271 564//3272 563//3273
f 566//3274 563//3275 565//3276
f 542//3277 566//3278 543//3279
f 566//3280 565//3281 567//3282
f 566//3283 567//3284 543//3285
f 567//3286 565//3287 562//3288
f 568//3289 562//3290 560//3291
f 562//3292 568//3293 567//3294
f 568//3295 560//3296 561//3297
f 543//3298 567//3299 569//3300
f 569//3301 567//3302 568//3303
f 543//3304 569//3305 570//3306
f 543//3307 570//3308 537//3309
f 537//3310 570//3311 532//3312
f 532//3313 570//3314 571//3315
f 532//3316 571//3317 529//3318
f 570//3319 569//3320 572//3321
f 570//3322 572//3323 571//3324
f 529//3325 571//3326 573//3327
f 529//3328 573//3329 531//3330
f 571//3331 572//3332 574//3333
f 571//3334 574//3335 573//3336
f 572//3337 569//3338 575//3339
f 575//3340 569//3341 568//3342
f 573//3343 574//3344 576//3345
f 573//3346 576//3347 531//3348
f 574//3349 572//3350 577//3351
f 577//3352 572//3353 575//3354
f 575//3355 568//3356 578//3357
f 574//3358 577//3359 579//3360
f 574//3361 579//3362 576//3363
f 577//3364 575//3365 580//3366
f 580//3367 575//3368 578//3369
f 578//3370 568//3371 561//3372
f 577//3373 580//3374 581//3375
f 577//3376 581//3377 579//3378
f 580//3379 578//3380 582//3381
f 580//3382 582//3383 581//3384
f 579//3385 581//3386 583//3387
f 583//3388 581//3389 582//3390
f 579//3391 583//3392 584//3393
f 579//3394 584//3395 576//3396
f 583//3397 582//3398 585//3399
f 585//3400 582//3401 578//3402
f 584//3403 583//3404 586//3405
f 586//3406 583//3407 585//3408
f 576//3409 584//3410 587//3411
f 587//3412 584//3413 586//3414
f 586//3415 585//3416 588//3417
f 586//3418 588//3419 587//3420
f 585//3421 578//3422 589//3423
f 585//3424 589//3425 588//3426
f 589//3427 578//3428 561//3429
f 576//3430 587//3431 590//3432
f 590//3433 587//3434 588//3435
f 576//3436 590//3437 531//3438
f 589//3439 561//3440 591//3441
f 589//3442 591//3443 588//3444
f 591//3445 561//3446 552//3447
f 590//3448 588//3449 592//3450
f 590//3451 592//3452 531//3453
f 592//3454 588//3455 591//3456
f 593//3457 552//3458 531//3459
f 593//3460 531//3461 592//3462
f 591//3463 552//3464 594//3465
f 594//3466 552//3467 593//3468
f 591//3469 594//3470 592//3471
f 594//3472 593//3473 595//3474
f 595//3475 593//3476 592//3477
f 592//3478 594//3479 596//3480
f 596//3481 594//3482 595//3483
f 595//3484 592//3485 597//3486
f 597//3487 592//3488 596//3489
f 596//3490 595//3491 598//3492
f 598//3493 595//3494 597//3495
f 597//3496 596//3497 599//3498
f 599//3499 596//3500 598//3501
f 598//3502 597//3503 600//3504
f 600//3505 597//3506 599//3507
f 599//3508 598//3509 601//3510
f 601//3511 598//3512 600//3513
f 600//3514 599//3515 379//3516
f 379//3517 599//3518 601//3519
f 600//3520 379//3521 602//3522
f 600//3523 602//3524 601//3525
f 602//3526 379//3527 377//3528
f 602//3529 377//3530 380//3531
f 602//3532 380//3533 601//3534
f 601//3535 380//3536 386//3537
f 601//3538 386//3539 603//3540
f 379//3541 601//3542 604//3543
f 604//3544 601//3545 603//3546
f 603//3547 386//3548 387//3549
f 379//3550 604//3551 605//3552
f 605//3553 604//3554 606//3555
f 606//3556 604//3557 603//3558
f 379//3559 605//3560 607//3561
f 379//3562 607//3563 378//3564
f 608//3565 387//3566 378//3567
f 608//3568 378//3569 607//3570
f 387//3571 608//3572 609//3573
f 608//3574 607//3575 610//3576
f 611//3577 603//3578 387//3579
f 611//3580 387//3581 609//3582
f 605//3583 611//3584 607//3585
f 607//3586 611//3587 610//3588
f 611//3589 605//3590 612//3591
f 611//3592 612//3593 603//3594
f 612//3595 605//3596 613//3597
f 603//3598 612//3599 614//3600
f 614//3601 612//3602 613//3603
f 603//3604 614//3605 606//3606
f 613//3607 605//3608 615//3609
f 615//3610 605//3611 606//3612
f 614//3613 613//3614 616//3615
f 617//3616 610//3617 611//3618
f 617//3619 611//3620 609//3621
f 610//3622 617//3623 618//3624
f 617//3625 609//3626 619//3627
f 617//3628 619//3629 618//3630
f 619//3631 609//3632 620//3633
f 620//3634 609//3635 621//3636
f 621//3637 609//3638 608//3639
f 621//3640 608//3641 610//3642
f 621//3643 610//3644 622//3645
f 621//3646 622//3647 620//3648
f 622//3649 610//3650 618//3651
f 619//3652 620//3653 623//3654
f 623//3655 620//3656 622//3657
f 623//3658 622//3659 624//3660
f 624//3661 622//3662 618//3663
f 619//3664 623//3665 625//3666
f 619//3667 625//3668 626//3669
f 619//3670 626//3671 618//3672
f 625//3673 623//3674 627//3675
f 625//3676 627//3677 628//3678
f 625//3679 628//3680 626//3681
f 627//3682 623//3683 629//3684
f 628//3685 627//3686 630//3687
f 630//3688 627//3689 629//3690
f 626//3691 628//3692 631//3693
f 631//3694 628//3695 630//3696
f 632//3697 618//3698 626//3699
f 631//3700 630//3701 633//3702
f 626//3703 631//3704 634//3705
f 634//3706 631//3707 633//3708
f 626//3709 634//3710 635//3711
f 626//3712 635//3713 632//3714
f 634//3715 633//3716 636//3717
f 634//3718 636//3719 635//3720
f 633//3721 630//3722 637//3723
f 633//3724 637//3725 638//3726
f 633//3727 638//3728 636//3729
f 637//3730 630//3731 639//3732
f 639//3733 630//3734 629//3735
f 638//3736 637//3737 640//3738
f 640//3739 637//3740 639//3741
f 639//3742 629//3743 641//3744
f 640//3745 639//3746 642//3747
f 642//3748 639//3749 641//3750
f 638//3751 640//3752 643//3753
f 640//3754 642//3755 644//3756
f 642//3757 641//3758 645//3759
f 642//3760 645//3761 644//3762
f 640//3763 644//3764 646//3765
f 640//3766 646//3767 643//3768
f 644//3769 645//3770 647//3771
f 644//3772 647//3773 646//3774
f 638//3775 643//3776 648//3777
f 638//3778 648//3779 636//3780
f 649//3781 645//3782 641//3783
f 648//3784 643//3785 650//3786
f 649//3787 641//3788 651//3789
f 651//3790 641//3791 629//3792
f 645//3793 649//3794 652//3795
f 645//3796 652//3797 647//3798
f 649//3799 651//3800 653//3801
f 649//3802 653//3803 652//3804
f 651//3805 629//3806 654//3807
f 651//3808 654//3809 653//3810
f 654//3811 629//3812 623//3813
f 653//3814 654//3815 655//3816
f 655//3817 654//3818 623//3819
f 653//3820 655//3821 652//3822
f 655//3823 623//3824 624//3825
f 655//3826 624//3827 652//3828
f 656//3829 647//3830 652//3831
f 652//3832 624//3833 657//3834
f 647//3835 656//3836 646//3837
f 656//3838 652//3839 658//3840
f 658//3841 652//3842 657//3843
f 646//3844 656//3845 659//3846
f 656//3847 658//3848 660//3849
f 656//3850 660//3851 661//3852
f 656//3853 661//3854 659//3855
f 660//3856 658//3857 662//3858
f 662//3859 658//3860 663//3861
f 663//3862 658//3863 657//3864
f 660//3865 662//3866 664//3867
f 660//3868 664//3869 661//3870
f 662//3871 663//3872 665//3873
f 662//3874 665//3875 664//3876
f 663//3877 657//3878 666//3879
f 663//3880 666//3881 665//3882
f 666//3883 657//3884 667//3885
f 667//3886 657//3887 668//3888
f 667//3889 668//3890 666//3891
f 668//3892 657//3893 624//3894
f 665//3895 666//3896 669//3897
f 669//3898 666//3899 668//3900
f 668//3901 624//3902 670//3903
f 668//3904 670//3905 669//3906
f 670//3907 624//3908 618//3909
f 665//3910 669//3911 671//3912
f 671//3913 669//3914 670//3915
f 665//3916 671//3917 664//3918
f 670//3919 618//3920 672//3921
f 672//3922 618//3923 632//3924
f 670//3925 672//3926 673//3927
f 670//3928 673//3929 671//3930
f 672//3931 632//3932 674//3933
f 671//3934 673//3935 675//3936
f 675//3937 673//3938 676//3939
f 676//3940 673//3941 672//3942
f 671//3943 675//3944 677//3945
f 677//3946 675//3947 676//3948
f 678//3949 664//3950 671//3951
f 664//3952 678//3953 661//3954
f 671//3955 677//3956 679//3957
f 671//3958 679//3959 678//3960
f 677//3961 676//3962 680//3963
f 677//3964 680//3965 679//3966
f 681//3967 676//3968 672//3969
f 678//3970 679//3971 682//3972
f 682//3973 679//3974 680//3975
f 678//3976 682//3977 683//3978
f 678//3979 683//3980 661//3981
f 676//3982 681//3983 684//3984
f 676//3985 684//3986 680//3987
f 681//3988 672//3989 685//3990
f 681//3991 685//3992 684//3993
f 685//3994 672//3995 686//3996
f 686//3997 672//3998 674//3999
f 684//4000 685//4001 687//4002
f 684//4003 687//4004 680//4005
f 685//4006 686//4007 688//4008
f 688//4009 686//4010 674//4011
f 687//4012 685//4013 689//4014
f 689//4015 685//4016 688//4017
f 680//4018 687//4019 690//4020
f 690//4021 687//4022 689//4023
f 680//4024 690//4025 691//4026
f 680//4027 691//4028 682//4029
f 682//4030 691//4031 692//4032
f 692//4033 691//4034 690//4035
f 682//4036 692//4037 683//4038
f 692//4039 690//4040 693//4041
f 693//4042 690//4043 689//4044
f 692//4045 693//4046 683//4047
f 693//4048 689//4049 694//4050
f 695//4051 689//4052 688//4053
f 689//4054 695//4055 694//4056
f 695//4057 688//4058 696//4059
f 697//4060 688//4061 674//4062
f 688//4063 697//4064 696//4065
f 697//4066 674//4067 635//4068
f 635//4069 674//4070 632//4071
f 697//4072 635//4073 696//4074
f 695//4075 696//4076 698//4077
f 695//4078 698//4079 694//4080
f 696//4081 635//4082 613//4083
f 696//4084 613//4085 615//4086
f 696//4087 615//4088 698//4089
f 613//4090 635//4091 616//4092
f 698//4093 615//4094 699//4095
f 616//4096 635//4097 636//4098
f 699//4099 615//4100 700//4101
f 700//4102 615//4103 606//4104
f 698//4105 699//4106 701//4107
f 701//4108 699//4109 700//4110
f 616//4111 636//4112 702//4113
f 698//4114 701//4115 703//4116
f 698//4117 703//4118 694//4119
f 702//4120 636//4121 704//4122
f 704//4123 636//4124 648//4125
f 616//4126 702//4127 705//4128
f 705//4129 702//4130 704//4131
f 616//4132 705//4133 706//4134
f 616//4135 706//4136 614//4137
f 706//4138 705//4139 707//4140
f 704//4141 648//4142 708//4143
f 614//4144 706//4145 709//4146
f 705//4147 704//4148 710//4149
f 705//4150 710//4151 707//4152
f 710//4153 704//4154 711//4155
f 711//4156 704//4157 708//4158
f 708//4159 648//4160 650//4161
f 710//4162 711//4163 712//4164
f 710//4165 712//4166 707//4167
f 711//4168 708//4169 713//4170
f 712//4171 711//4172 714//4173
f 714//4174 711//4175 713//4176
f 712//4177 714//4178 715//4179
f 715//4180 714//4181 713//4182
f 708//4183 650//4184 716//4185
f 708//4186 716//4187 713//4188
f 717//4189 707//4190 712//4191
f 713//4192 716//4193 718//4194
f 713//4195 718//4196 715//4197
f 712//4198 715//4199 719//4200
f 712//4201 719//4202 717//4203
f 717//4204 719//4205 720//4206
f 719//4207 715//4208 721//4209
f 720//4210 719//4211 722//4212
f 722//4213 719//4214 721//4215
f 721//4216 715//4217 723//4218
f 723//4219 715//4220 718//4221
f 717//4222 720//4223 724//4224
f 724//4225 720//4226 722//4227
f 717//4228 724//4229 725//4230
f 717//4231 725//4232 707//4233
f 724//4234 722//4235 726//4236
f 707//4237 725//4238 727//4239
f 707//4240 727//4241 706//4242
f 725//4243 724//4244 728//4245
f 728//4246 724//4247 726//4248
f 706//4249 727//4250 709//4251
f 727//4252 725//4253 729//4254
f 729//4255 725//4256 728//4257
f 709//4258 727//4259 730//4260
f 730//4261 727//4262 729//4263
f 709//4264 730//4265 731//4266
f 730//4267 729//4268 732//4269
f 732//4270 729//4271 728//4272
f 730//4273 732//4274 731//4275
f 732//4276 728//4277 733//4278
f 734//4279 728//4280 726//4281
f 728//4282 734//4283 733//4284
f 734//4285 726//4286 735//4287
f 732//4288 733//4289 736//4290
f 732//4291 736//4292 731//4293
f 733//4294 734//4295 737//4296
f 737//4297 734//4298 735//4299
f 736//4300 733//4301 738//4302
f 735//4303 726//4304 739//4305
f 739//4306 726//4307 722//4308
f 739//4309 722//4310 721//4311
f 739//4312 721//4313 740//4314
f 740//4315 721//4316 723//4317
f 735//4318 739//4319 741//4320
f 741//4321 739//4322 740//4323
f 735//4324 741//4325 742//4326
f 735//4327 742//4328 737//4329
f 743//4330 733//4331 737//4332
f 743//4333 737//4334 742//4335
f 733//4336 743//4337 738//4338
f 743//4339 742//4340 744//4341
f 743//4342 744//4343 738//4344
f 742//4345 741//4346 745//4347
f 744//4348 742//4349 746//4350
f 746//4351 742//4352 745//4353
f 745//4354 741//4355 747//4356
f 747//4357 741//4358 740//4359
f 745//4360 747//4361 748//4362
f 745//4363 748//4364 746//4365
f 747//4366 740//4367 749//4368
f 747//4369 749//4370 748//4371
f 749//4372 740//4373 750//4374
f 750//4375 740//4376 723//4377
f 751//4378 744//4379 746//4380
f 744//4381 751//4382 738//4383
f 750//4384 723//4385 752//4386
f 752//4387 723//4388 718//4389
f 752//4390 718//4391 716//4392
f 750//4393 752//4394 753//4395
f 750//4396 753//4397 749//4398
f 752//4399 716//4400 754//4401
f 752//4402 754//4403 753//4404
f 749//4405 753//4406 755//4407
f 749//4408 755//4409 748//4410
f 753//4411 754//4412 756//4413
f 756//4414 754//4415 716//4416
f 755//4417 753//4418 757//4419
f 755//4420 757//4421 748//4422
f 757//4423 753//4424 758//4425
f 758//4426 753//4427 756//4428
f 748//4429 757//4430 759//4431
f 759//4432 757//4433 758//4434
f 748//4435 759//4436 760//4437
f 748//4438 760//4439 746//4440
f 759//4441 758//4442 761//4443
f 759//4444 761//4445 760//4446
f 761//4447 758//4448 762//4449
f 762//4450 758//4451 756//4452
f 746//4453 760//4454 763//4455
f 746//4456 763//4457 751//4458
f 760//4459 761//4460 764//4461
f 764//4462 761//4463 765//4464
f 765//4465 761//4466 762//4467
f 760//4468 764//4469 766//4470
f 760//4471 766//4472 763//4473
f 766//4474 764//4475 767//4476
f 767//4477 764//4478 765//4479
f 768//4480 751//4481 763//4482
f 751//4483 768//4484 738//4485
f 763//4486 766//4487 769//4488
f 768//4489 763//4490 770//4491
f 770//4492 763//4493 769//4494
f 768//4495 770//4496 771//4497
f 768//4498 771//4499 738//4500
f 770//4501 769//4502 772//4503
f 770//4504 772//4505 771//4506
f 769//4507 766//4508 773//4509
f 773//4510 766//4511 767//4512
f 769//4513 773//4514 774//4515
f 769//4516 774//4517 772//4518
f 773//4519 767//4520 775//4521
f 775//4522 767//4523 765//4524
f 774//4525 773//4526 776//4527
f 776//4528 773//4529 775//4530
f 772//4531 774//4532 777//4533
f 777//4534 774//4535 776//4536
f 776//4537 775//4538 778//4539
f 772//4540 777//4541 779//4542
f 772//4543 779//4544 780//4545
f 772//4546 780//4547 771//4548
f 779//4549 777//4550 781//4551
f 779//4552 781//4553 780//4554
f 777//4555 776//4556 782//4557
f 782//4558 776//4559 778//4560
f 783//4561 778//4562 775//4563
f 783//4564 775//4565 765//4566
f 782//4567 778//4568 694//4569
f 782//4570 694//4571 703//4572
f 694//4573 778//4574 784//4575
f 784//4576 778//4577 783//4578
f 694//4579 784//4580 693//4581
f 785//4582 777//4583 782//4584
f 785//4585 782//4586 703//4587
f 777//4588 785//4589 781//4590
f 785//4591 703//4592 701//4593
f 693//4594 784//4595 683//4596
f 785//4597 701//4598 786//4599
f 785//4600 786//4601 781//4602
f 786//4603 701//4604 700//4605
f 786//4606 700//4607 787//4608
f 786//4609 787//4610 781//4611
f 787//4612 700//4613 606//4614
f 683//4615 784//4616 788//4617
f 788//4618 784//4619 783//4620
f 781//4621 787//4622 789//4623
f 683//4624 788//4625 790//4626
f 790//4627 788//4628 783//4629
f 781//4630 789//4631 780//4632
f 787//4633 606//4634 791//4635
f 787//4636 791//4637 789//4638
f 791//4639 606//4640 614//4641
f 791//4642 614//4643 709//4644
f 791//4645 709//4646 731//4647
f 791//4648 731//4649 789//4650
f 780//4651 789//4652 792//4653
f 792//4654 789//4655 731//4656
f 780//4657 792//4658 771//4659
f 792//4660 731//4661 736//4662
f 771//4663 792//4664 738//4665
f 738//4666 792//4667 736//4668
f 793//4669 790//4670 783//4671
f 793//4672 783//4673 765//4674
f 793//4675 765//4676 794//4677
f 793//4678 794//4679 790//4680
f 794//4681 765//4682 795//4683
f 795//4684 765//4685 796//4686
f 796//4687 765//4688 762//4689
f 795//4690 796//4691 797//4692
f 797//4693 796//4694 762//4695
f 794//4696 795//4697 798//4698
f 798//4699 795//4700 797//4701
f 794//4702 798//4703 799//4704
f 794//4705 799//4706 790//4707
f 798//4708 797//4709 800//4710
f 798//4711 800//4712 799//4713
f 797//4714 762//4715 801//4716
f 801//4717 762//4718 756//4719
f 800//4720 797//4721 802//4722
f 802//4723 797//4724 801//4725
f 802//4726 801//4727 803//4728
f 803//4729 801//4730 756//4731
f 800//4732 802//4733 804//4734
f 804//4735 802//4736 803//4737
f 803//4738 756//4739 805//4740
f 803//4741 805//4742 804//4743
f 805//4744 756//4745 716//4746
f 805//4747 716//4748 650//4749
f 800//4750 804//4751 806//4752
f 800//4753 806//4754 799//4755
f 804//4756 805//4757 807//4758
f 804//4759 807//4760 806//4761
f 805//4762 650//4763 808//4764
f 805//4765 808//4766 807//4767
f 808//4768 650//4769 643//4770
f 806//4771 807//4772 809//4773
f 806//4774 809//4775 799//4776
f 809//4777 807//4778 808//4779
f 808//4780 643//4781 646//4782
f 799//4783 809//4784 810//4785
f 799//4786 810//4787 790//4788
f 809//4789 808//4790 811//4791
f 809//4792 811//4793 810//4794
f 808//4795 646//4796 812//4797
f 808//4798 812//4799 811//4800
f 812//4801 646//4802 659//4803
f 810//4804 811//4805 813//4806
f 810//4807 813//4808 790//4809
f 811//4810 812//4811 814//4812
f 811//4813 814//4814 813//4815
f 814//4816 812//4817 659//4818
f 790//4819 813//4820 815//4821
f 815//4822 813//4823 814//4824
f 815//4825 814//4826 659//4827
f 790//4828 815//4829 683//4830
f 815//4831 659//4832 816//4833
f 815//4834 816//4835 683//4836
f 816//4837 659//4838 661//4839
f 816//4840 661//4841 683//4842
