# Ghost Studio original procedural Rhen Var asset
# Units: metres; up axis: Z
mtllib rv_canyon_wall_16m.mtl
o rv_canyon_wall_16m
v -8.000000 -1.080000 0.000000
v -6.000000 -0.394982 0.000000
v -6.000000 -0.744700 2.010055
v -8.000000 -1.080000 0.000000
v -6.000000 -0.744700 2.010055
v -8.000000 -0.972542 1.999918
v -6.000000 2.475767 0.000000
v -8.000000 2.430000 0.000000
v -8.000000 2.521088 1.999918
v -6.000000 2.475767 0.000000
v -8.000000 2.521088 1.999918
v -6.000000 2.561520 2.010055
v -8.000000 -0.972542 1.999918
v -6.000000 -0.744700 2.010055
v -6.000000 -0.751389 4.332532
v -8.000000 -0.972542 1.999918
v -6.000000 -0.751389 4.332532
v -8.000000 -1.471624 4.020653
v -6.000000 2.561520 2.010055
v -8.000000 2.521088 1.999918
v -8.000000 2.496701 4.020653
v -6.000000 2.561520 2.010055
v -8.000000 2.496701 4.020653
v -6.000000 2.508516 4.332532
v -8.000000 -1.471624 4.020653
v -6.000000 -0.751389 4.332532
v -6.000000 -0.577315 6.868696
v -8.000000 -1.471624 4.020653
v -6.000000 -0.577315 6.868696
v -8.000000 -1.201025 6.123924
v -6.000000 2.508516 4.332532
v -8.000000 2.496701 4.020653
v -8.000000 2.396311 6.123924
v -6.000000 2.508516 4.332532
v -8.000000 2.396311 6.123924
v -6.000000 2.335467 6.868696
v -8.000000 -1.201025 6.123924
v -6.000000 -0.577315 6.868696
v -6.000000 -0.892361 9.150000
v -8.000000 -1.201025 6.123924
v -6.000000 -0.892361 9.150000
v -8.000000 -0.980535 8.400000
v -6.000000 2.335467 6.868696
v -8.000000 2.396311 6.123924
v -8.000000 2.294395 8.520000
v -6.000000 2.335467 6.868696
v -8.000000 2.294395 8.520000
v -6.000000 2.156234 9.270000
v -8.000000 -0.980535 8.400000
v -6.000000 -0.892361 9.150000
v -6.000000 2.156234 9.270000
v -8.000000 -0.980535 8.400000
v -6.000000 2.156234 9.270000
v -8.000000 2.294395 8.520000
v -8.000000 -1.080000 0.000000
v -8.000000 2.430000 0.000000
v -6.000000 2.475767 0.000000
v -8.000000 -1.080000 0.000000
v -6.000000 2.475767 0.000000
v -6.000000 -0.394982 0.000000
v -6.000000 -0.394982 0.000000
v -4.000000 -0.311843 0.000000
v -4.000000 -0.276518 1.771337
v -6.000000 -0.394982 0.000000
v -4.000000 -0.276518 1.771337
v -6.000000 -0.744700 2.010055
v -4.000000 2.444815 0.000000
v -6.000000 2.475767 0.000000
v -6.000000 2.561520 2.010055
v -4.000000 2.444815 0.000000
v -6.000000 2.561520 2.010055
v -4.000000 2.293885 1.771337
v -6.000000 -0.744700 2.010055
v -4.000000 -0.276518 1.771337
v -4.000000 0.035657 4.293389
v -6.000000 -0.744700 2.010055
v -4.000000 0.035657 4.293389
v -6.000000 -0.751389 4.332532
v -4.000000 2.293885 1.771337
v -6.000000 2.561520 2.010055
v -6.000000 2.508516 4.332532
v -4.000000 2.293885 1.771337
v -6.000000 2.508516 4.332532
v -4.000000 2.202272 4.293389
v -6.000000 -0.751389 4.332532
v -4.000000 0.035657 4.293389
v -4.000000 -0.419516 6.624967
v -6.000000 -0.751389 4.332532
v -4.000000 -0.419516 6.624967
v -6.000000 -0.577315 6.868696
v -4.000000 2.202272 4.293389
v -6.000000 2.508516 4.332532
v -6.000000 2.335467 6.868696
v -4.000000 2.202272 4.293389
v -6.000000 2.335467 6.868696
v -4.000000 2.210456 6.624967
v -6.000000 -0.577315 6.868696
v -4.000000 -0.419516 6.624967
v -4.000000 -0.417811 8.750000
v -6.000000 -0.577315 6.868696
v -4.000000 -0.417811 8.750000
v -6.000000 -0.892361 9.150000
v -4.000000 2.210456 6.624967
v -6.000000 2.335467 6.868696
v -6.000000 2.156234 9.270000
v -4.000000 2.210456 6.624967
v -6.000000 2.156234 9.270000
v -4.000000 2.288502 8.870000
v -6.000000 -0.892361 9.150000
v -4.000000 -0.417811 8.750000
v -4.000000 2.288502 8.870000
v -6.000000 -0.892361 9.150000
v -4.000000 2.288502 8.870000
v -6.000000 2.156234 9.270000
v -6.000000 -0.394982 0.000000
v -6.000000 2.475767 0.000000
v -4.000000 2.444815 0.000000
v -6.000000 -0.394982 0.000000
v -4.000000 2.444815 0.000000
v -4.000000 -0.311843 0.000000
v -4.000000 -0.311843 0.000000
v -2.000000 -0.139648 0.000000
v -2.000000 0.368733 2.078890
v -4.000000 -0.311843 0.000000
v -2.000000 0.368733 2.078890
v -4.000000 -0.276518 1.771337
v -2.000000 2.394799 0.000000
v -4.000000 2.444815 0.000000
v -4.000000 2.293885 1.771337
v -2.000000 2.394799 0.000000
v -4.000000 2.293885 1.771337
v -2.000000 2.230166 2.078890
v -4.000000 -0.276518 1.771337
v -2.000000 0.368733 2.078890
v -2.000000 0.206560 4.980957
v -4.000000 -0.276518 1.771337
v -2.000000 0.206560 4.980957
v -4.000000 0.035657 4.293389
v -2.000000 2.230166 2.078890
v -4.000000 2.293885 1.771337
v -4.000000 2.202272 4.293389
v -2.000000 2.230166 2.078890
v -4.000000 2.202272 4.293389
v -2.000000 2.126865 4.980957
v -4.000000 0.035657 4.293389
v -2.000000 0.206560 4.980957
v -2.000000 -0.029097 7.280169
v -4.000000 0.035657 4.293389
v -2.000000 -0.029097 7.280169
v -4.000000 -0.419516 6.624967
v -2.000000 2.126865 4.980957
v -4.000000 2.202272 4.293389
v -4.000000 2.210456 6.624967
v -2.000000 2.126865 4.980957
v -4.000000 2.210456 6.624967
v -2.000000 2.170983 7.280169
v -4.000000 -0.419516 6.624967
v -2.000000 -0.029097 7.280169
v -2.000000 0.249108 9.850000
v -4.000000 -0.419516 6.624967
v -2.000000 0.249108 9.850000
v -4.000000 -0.417811 8.750000
v -2.000000 2.170983 7.280169
v -4.000000 2.210456 6.624967
v -4.000000 2.288502 8.870000
v -2.000000 2.170983 7.280169
v -4.000000 2.288502 8.870000
v -2.000000 2.347267 9.970000
v -4.000000 -0.417811 8.750000
v -2.000000 0.249108 9.850000
v -2.000000 2.347267 9.970000
v -4.000000 -0.417811 8.750000
v -2.000000 2.347267 9.970000
v -4.000000 2.288502 8.870000
v -4.000000 -0.311843 0.000000
v -4.000000 2.444815 0.000000
v -2.000000 2.394799 0.000000
v -4.000000 -0.311843 0.000000
v -2.000000 2.394799 0.000000
v -2.000000 -0.139648 0.000000
v -2.000000 -0.139648 0.000000
v 0.000000 0.401304 0.000000
v 0.000000 0.407130 2.158452
v -2.000000 -0.139648 0.000000
v 0.000000 0.407130 2.158452
v -2.000000 0.368733 2.078890
v 0.000000 2.155605 0.000000
v -2.000000 2.394799 0.000000
v -2.000000 2.230166 2.078890
v 0.000000 2.155605 0.000000
v -2.000000 2.230166 2.078890
v 0.000000 2.247166 2.158452
v -2.000000 0.368733 2.078890
v 0.000000 0.407130 2.158452
v 0.000000 0.239034 4.667137
v -2.000000 0.368733 2.078890
v 0.000000 0.239034 4.667137
v -2.000000 0.206560 4.980957
v 0.000000 2.247166 2.158452
v -2.000000 2.230166 2.078890
v -2.000000 2.126865 4.980957
v 0.000000 2.247166 2.158452
v -2.000000 2.126865 4.980957
v 0.000000 2.382109 4.667137
v -2.000000 0.206560 4.980957
v 0.000000 0.239034 4.667137
v 0.000000 0.614370 6.763800
v -2.000000 0.206560 4.980957
v 0.000000 0.614370 6.763800
v -2.000000 -0.029097 7.280169
v 0.000000 2.382109 4.667137
v -2.000000 2.126865 4.980957
v -2.000000 2.170983 7.280169
v 0.000000 2.382109 4.667137
v -2.000000 2.170983 7.280169
v 0.000000 2.472214 6.763800
v -2.000000 -0.029097 7.280169
v 0.000000 0.614370 6.763800
v 0.000000 0.352091 9.350000
v -2.000000 -0.029097 7.280169
v 0.000000 0.352091 9.350000
v -2.000000 0.249108 9.850000
v 0.000000 2.472214 6.763800
v -2.000000 2.170983 7.280169
v -2.000000 2.347267 9.970000
v 0.000000 2.472214 6.763800
v -2.000000 2.347267 9.970000
v 0.000000 2.479558 9.470000
v -2.000000 0.249108 9.850000
v 0.000000 0.352091 9.350000
v 0.000000 2.479558 9.470000
v -2.000000 0.249108 9.850000
v 0.000000 2.479558 9.470000
v -2.000000 2.347267 9.970000
v -2.000000 -0.139648 0.000000
v -2.000000 2.394799 0.000000
v 0.000000 2.155605 0.000000
v -2.000000 -0.139648 0.000000
v 0.000000 2.155605 0.000000
v 0.000000 0.401304 0.000000
v 0.000000 0.401304 0.000000
v 2.000000 0.223868 0.000000
v 2.000000 -0.177196 2.106226
v 0.000000 0.401304 0.000000
v 2.000000 -0.177196 2.106226
v 0.000000 0.407130 2.158452
v 2.000000 2.169669 0.000000
v 0.000000 2.155605 0.000000
v 0.000000 2.247166 2.158452
v 2.000000 2.169669 0.000000
v 0.000000 2.247166 2.158452
v 2.000000 2.283222 2.106226
v 0.000000 0.407130 2.158452
v 2.000000 -0.177196 2.106226
v 2.000000 0.235935 4.257288
v 0.000000 0.407130 2.158452
v 2.000000 0.235935 4.257288
v 0.000000 0.239034 4.667137
v 2.000000 2.283222 2.106226
v 0.000000 2.247166 2.158452
v 0.000000 2.382109 4.667137
v 2.000000 2.283222 2.106226
v 0.000000 2.382109 4.667137
v 2.000000 2.461514 4.257288
v 0.000000 0.239034 4.667137
v 2.000000 0.235935 4.257288
v 2.000000 0.345356 6.502866
v 0.000000 0.239034 4.667137
v 2.000000 0.345356 6.502866
v 0.000000 0.614370 6.763800
v 2.000000 2.461514 4.257288
v 0.000000 2.382109 4.667137
v 0.000000 2.472214 6.763800
v 2.000000 2.461514 4.257288
v 0.000000 2.472214 6.763800
v 2.000000 2.581389 6.502866
v 0.000000 0.614370 6.763800
v 2.000000 0.345356 6.502866
v 2.000000 -0.051079 8.900000
v 0.000000 0.614370 6.763800
v 2.000000 -0.051079 8.900000
v 0.000000 0.352091 9.350000
v 2.000000 2.581389 6.502866
v 0.000000 2.472214 6.763800
v 0.000000 2.479558 9.470000
v 2.000000 2.581389 6.502866
v 0.000000 2.479558 9.470000
v 2.000000 2.547272 9.020000
v 0.000000 0.352091 9.350000
v 2.000000 -0.051079 8.900000
v 2.000000 2.547272 9.020000
v 0.000000 0.352091 9.350000
v 2.000000 2.547272 9.020000
v 0.000000 2.479558 9.470000
v 0.000000 0.401304 0.000000
v 0.000000 2.155605 0.000000
v 2.000000 2.169669 0.000000
v 0.000000 0.401304 0.000000
v 2.000000 2.169669 0.000000
v 2.000000 0.223868 0.000000
v 2.000000 0.223868 0.000000
v 4.000000 -0.402962 0.000000
v 4.000000 -0.333430 2.219381
v 2.000000 0.223868 0.000000
v 4.000000 -0.333430 2.219381
v 2.000000 -0.177196 2.106226
v 4.000000 2.490336 0.000000
v 2.000000 2.169669 0.000000
v 2.000000 2.283222 2.106226
v 4.000000 2.490336 0.000000
v 2.000000 2.283222 2.106226
v 4.000000 2.530181 2.219381
v 2.000000 -0.177196 2.106226
v 4.000000 -0.333430 2.219381
v 4.000000 -0.116409 4.826407
v 2.000000 -0.177196 2.106226
v 4.000000 -0.116409 4.826407
v 2.000000 0.235935 4.257288
v 4.000000 2.530181 2.219381
v 2.000000 2.283222 2.106226
v 2.000000 2.461514 4.257288
v 4.000000 2.530181 2.219381
v 2.000000 2.461514 4.257288
v 4.000000 2.458505 4.826407
v 2.000000 0.235935 4.257288
v 4.000000 -0.116409 4.826407
v 4.000000 -0.381853 7.616937
v 2.000000 0.235935 4.257288
v 4.000000 -0.381853 7.616937
v 2.000000 0.345356 6.502866
v 4.000000 2.458505 4.826407
v 2.000000 2.461514 4.257288
v 2.000000 2.581389 6.502866
v 4.000000 2.458505 4.826407
v 2.000000 2.581389 6.502866
v 4.000000 2.341613 7.616937
v 2.000000 0.345356 6.502866
v 4.000000 -0.381853 7.616937
v 4.000000 -0.099229 10.150000
v 2.000000 0.345356 6.502866
v 4.000000 -0.099229 10.150000
v 2.000000 -0.051079 8.900000
v 4.000000 2.341613 7.616937
v 2.000000 2.581389 6.502866
v 2.000000 2.547272 9.020000
v 4.000000 2.341613 7.616937
v 2.000000 2.547272 9.020000
v 4.000000 2.255076 10.270000
v 2.000000 -0.051079 8.900000
v 4.000000 -0.099229 10.150000
v 4.000000 2.255076 10.270000
v 2.000000 -0.051079 8.900000
v 4.000000 2.255076 10.270000
v 2.000000 2.547272 9.020000
v 2.000000 0.223868 0.000000
v 2.000000 2.169669 0.000000
v 4.000000 2.490336 0.000000
v 2.000000 0.223868 0.000000
v 4.000000 2.490336 0.000000
v 4.000000 -0.402962 0.000000
v 4.000000 -0.402962 0.000000
v 6.000000 -0.696320 0.000000
v 6.000000 -0.497904 1.845703
v 4.000000 -0.402962 0.000000
v 6.000000 -0.497904 1.845703
v 4.000000 -0.333430 2.219381
v 6.000000 2.523544 0.000000
v 4.000000 2.490336 0.000000
v 4.000000 2.530181 2.219381
v 6.000000 2.523544 0.000000
v 4.000000 2.530181 2.219381
v 6.000000 2.550965 1.845703
v 4.000000 -0.333430 2.219381
v 6.000000 -0.497904 1.845703
v 6.000000 -0.929404 4.475551
v 4.000000 -0.333430 2.219381
v 6.000000 -0.929404 4.475551
v 4.000000 -0.116409 4.826407
v 6.000000 2.550965 1.845703
v 4.000000 2.530181 2.219381
v 4.000000 2.458505 4.826407
v 6.000000 2.550965 1.845703
v 4.000000 2.458505 4.826407
v 6.000000 2.438421 4.475551
v 4.000000 -0.116409 4.826407
v 6.000000 -0.929404 4.475551
v 6.000000 -0.748049 6.879909
v 4.000000 -0.116409 4.826407
v 6.000000 -0.748049 6.879909
v 4.000000 -0.381853 7.616937
v 6.000000 2.438421 4.475551
v 4.000000 2.458505 4.826407
v 4.000000 2.341613 7.616937
v 6.000000 2.438421 4.475551
v 4.000000 2.341613 7.616937
v 6.000000 2.248982 6.879909
v 4.000000 -0.381853 7.616937
v 6.000000 -0.748049 6.879909
v 6.000000 -0.385113 9.100000
v 4.000000 -0.381853 7.616937
v 6.000000 -0.385113 9.100000
v 4.000000 -0.099229 10.150000
v 6.000000 2.248982 6.879909
v 4.000000 2.341613 7.616937
v 4.000000 2.255076 10.270000
v 6.000000 2.248982 6.879909
v 4.000000 2.255076 10.270000
v 6.000000 2.113808 9.220000
v 4.000000 -0.099229 10.150000
v 6.000000 -0.385113 9.100000
v 6.000000 2.113808 9.220000
v 4.000000 -0.099229 10.150000
v 6.000000 2.113808 9.220000
v 4.000000 2.255076 10.270000
v 4.000000 -0.402962 0.000000
v 4.000000 2.490336 0.000000
v 6.000000 2.523544 0.000000
v 4.000000 -0.402962 0.000000
v 6.000000 2.523544 0.000000
v 6.000000 -0.696320 0.000000
v 6.000000 -0.696320 0.000000
v 8.000000 -0.871573 0.000000
v 8.000000 -1.201262 1.769004
v 6.000000 -0.696320 0.000000
v 8.000000 -1.201262 1.769004
v 6.000000 -0.497904 1.845703
v 8.000000 2.374339 0.000000
v 6.000000 2.523544 0.000000
v 6.000000 2.550965 1.845703
v 8.000000 2.374339 0.000000
v 6.000000 2.550965 1.845703
v 8.000000 2.234902 1.769004
v 6.000000 -0.497904 1.845703
v 8.000000 -1.201262 1.769004
v 8.000000 -1.391826 4.272900
v 6.000000 -0.497904 1.845703
v 8.000000 -1.391826 4.272900
v 6.000000 -0.929404 4.475551
v 8.000000 2.234902 1.769004
v 6.000000 2.550965 1.845703
v 6.000000 2.438421 4.475551
v 8.000000 2.234902 1.769004
v 6.000000 2.438421 4.475551
v 8.000000 2.186992 4.272900
v 6.000000 -0.929404 4.475551
v 8.000000 -1.391826 4.272900
v 8.000000 -1.043550 6.196523
v 6.000000 -0.929404 4.475551
v 8.000000 -1.043550 6.196523
v 6.000000 -0.748049 6.879909
v 8.000000 2.186992 4.272900
v 6.000000 2.438421 4.475551
v 6.000000 2.248982 6.879909
v 8.000000 2.186992 4.272900
v 6.000000 2.248982 6.879909
v 8.000000 2.238320 6.196523
v 6.000000 -0.748049 6.879909
v 8.000000 -1.043550 6.196523
v 8.000000 -1.258520 8.400000
v 6.000000 -0.748049 6.879909
v 8.000000 -1.258520 8.400000
v 6.000000 -0.385113 9.100000
v 8.000000 2.238320 6.196523
v 6.000000 2.248982 6.879909
v 6.000000 2.113808 9.220000
v 8.000000 2.238320 6.196523
v 6.000000 2.113808 9.220000
v 8.000000 2.335345 8.520000
v 6.000000 -0.385113 9.100000
v 8.000000 -1.258520 8.400000
v 8.000000 2.335345 8.520000
v 6.000000 -0.385113 9.100000
v 8.000000 2.335345 8.520000
v 6.000000 2.113808 9.220000
v 6.000000 -0.696320 0.000000
v 6.000000 2.523544 0.000000
v 8.000000 2.374339 0.000000
v 6.000000 -0.696320 0.000000
v 8.000000 2.374339 0.000000
v 8.000000 -0.871573 0.000000
v -8.000000 -1.080000 0.000000
v -8.000000 -0.972542 1.999918
v -8.000000 2.521088 1.999918
v -8.000000 -1.080000 0.000000
v -8.000000 2.521088 1.999918
v -8.000000 2.430000 0.000000
v -8.000000 -0.972542 1.999918
v -8.000000 -1.471624 4.020653
v -8.000000 2.496701 4.020653
v -8.000000 -0.972542 1.999918
v -8.000000 2.496701 4.020653
v -8.000000 2.521088 1.999918
v -8.000000 -1.471624 4.020653
v -8.000000 -1.201025 6.123924
v -8.000000 2.396311 6.123924
v -8.000000 -1.471624 4.020653
v -8.000000 2.396311 6.123924
v -8.000000 2.496701 4.020653
v -8.000000 -1.201025 6.123924
v -8.000000 -0.980535 8.400000
v -8.000000 2.294395 8.520000
v -8.000000 -1.201025 6.123924
v -8.000000 2.294395 8.520000
v -8.000000 2.396311 6.123924
v 8.000000 2.374339 0.000000
v 8.000000 2.234902 1.769004
v 8.000000 -1.201262 1.769004
v 8.000000 2.374339 0.000000
v 8.000000 -1.201262 1.769004
v 8.000000 -0.871573 0.000000
v 8.000000 2.234902 1.769004
v 8.000000 2.186992 4.272900
v 8.000000 -1.391826 4.272900
v 8.000000 2.234902 1.769004
v 8.000000 -1.391826 4.272900
v 8.000000 -1.201262 1.769004
v 8.000000 2.186992 4.272900
v 8.000000 2.238320 6.196523
v 8.000000 -1.043550 6.196523
v 8.000000 2.186992 4.272900
v 8.000000 -1.043550 6.196523
v 8.000000 -1.391826 4.272900
v 8.000000 2.238320 6.196523
v 8.000000 2.335345 8.520000
v 8.000000 -1.258520 8.400000
v 8.000000 2.238320 6.196523
v 8.000000 -1.258520 8.400000
v 8.000000 -1.043550 6.196523
v -4.159742 -1.550000 -0.116870
v -4.474806 -1.074256 -0.139607
v -4.096156 -0.941554 0.856999
v -4.159742 -1.550000 -0.116870
v -4.096156 -0.941554 0.856999
v -3.873902 -1.550000 0.621120
v -4.474806 -1.074256 -0.139607
v -5.100000 -1.006895 0.155612
v -5.100000 -0.752520 1.001020
v -4.474806 -1.074256 -0.139607
v -5.100000 -0.752520 1.001020
v -4.096156 -0.941554 0.856999
v -5.100000 -1.006895 0.155612
v -5.758546 -1.098350 0.096423
v -5.963627 -0.842769 0.725174
v -5.100000 -1.006895 0.155612
v -5.963627 -0.842769 0.725174
v -5.100000 -0.752520 1.001020
v -5.758546 -1.098350 0.096423
v -5.991095 -1.550000 -0.182370
v -6.532784 -1.550000 0.657703
v -5.758546 -1.098350 0.096423
v -6.532784 -1.550000 0.657703
v -5.963627 -0.842769 0.725174
v -5.991095 -1.550000 -0.182370
v -5.875699 -1.933438 -0.045814
v -6.176811 -2.117216 0.952273
v -5.991095 -1.550000 -0.182370
v -6.176811 -2.117216 0.952273
v -6.532784 -1.550000 0.657703
v -5.875699 -1.933438 -0.045814
v -5.100000 -2.194761 0.195084
v -5.100000 -2.553306 0.937998
v -5.875699 -1.933438 -0.045814
v -5.100000 -2.553306 0.937998
v -6.176811 -2.117216 0.952273
v -5.100000 -2.194761 0.195084
v -4.464683 -2.018163 -0.008324
v -4.077735 -2.147481 0.647390
v -5.100000 -2.194761 0.195084
v -4.077735 -2.147481 0.647390
v -5.100000 -2.553306 0.937998
v -4.464683 -2.018163 -0.008324
v -4.159742 -1.550000 -0.116870
v -3.873902 -1.550000 0.621120
v -4.464683 -2.018163 -0.008324
v -3.873902 -1.550000 0.621120
v -4.077735 -2.147481 0.647390
v -3.873902 -1.550000 0.621120
v -4.096156 -0.941554 0.856999
v -4.003051 -0.993197 1.816524
v -3.873902 -1.550000 0.621120
v -4.003051 -0.993197 1.816524
v -3.864510 -1.550000 1.538895
v -4.096156 -0.941554 0.856999
v -5.100000 -0.752520 1.001020
v -5.100000 -0.668098 1.676935
v -4.096156 -0.941554 0.856999
v -5.100000 -0.668098 1.676935
v -4.003051 -0.993197 1.816524
v -5.100000 -0.752520 1.001020
v -5.963627 -0.842769 0.725174
v -5.978595 -0.854817 1.438043
v -5.100000 -0.752520 1.001020
v -5.978595 -0.854817 1.438043
v -5.100000 -0.668098 1.676935
v -5.963627 -0.842769 0.725174
v -6.532784 -1.550000 0.657703
v -6.657355 -1.550000 1.643927
v -5.963627 -0.842769 0.725174
v -6.657355 -1.550000 1.643927
v -5.978595 -0.854817 1.438043
v -6.532784 -1.550000 0.657703
v -6.176811 -2.117216 0.952273
v -6.070031 -2.179654 1.825684
v -6.532784 -1.550000 0.657703
v -6.070031 -2.179654 1.825684
v -6.657355 -1.550000 1.643927
v -6.176811 -2.117216 0.952273
v -5.100000 -2.553306 0.937998
v -5.100000 -2.526966 1.569361
v -6.176811 -2.117216 0.952273
v -5.100000 -2.526966 1.569361
v -6.070031 -2.179654 1.825684
v -5.100000 -2.553306 0.937998
v -4.077735 -2.147481 0.647390
v -3.995150 -2.102821 1.458736
v -5.100000 -2.553306 0.937998
v -3.995150 -2.102821 1.458736
v -5.100000 -2.526966 1.569361
v -4.077735 -2.147481 0.647390
v -3.873902 -1.550000 0.621120
v -3.864510 -1.550000 1.538895
v -4.077735 -2.147481 0.647390
v -3.864510 -1.550000 1.538895
v -3.995150 -2.102821 1.458736
v -3.864510 -1.550000 1.538895
v -4.003051 -0.993197 1.816524
v -4.779501 -1.388884 2.607624
v -3.864510 -1.550000 1.538895
v -4.779501 -1.388884 2.607624
v -4.702173 -1.550000 2.543496
v -4.003051 -0.993197 1.816524
v -5.100000 -0.668098 1.676935
v -5.100000 -1.264613 2.312762
v -4.003051 -0.993197 1.816524
v -5.100000 -1.264613 2.312762
v -4.779501 -1.388884 2.607624
v -5.100000 -0.668098 1.676935
v -5.978595 -0.854817 1.438043
v -5.384040 -1.368203 2.330461
v -5.100000 -0.668098 1.676935
v -5.384040 -1.368203 2.330461
v -5.100000 -1.264613 2.312762
v -5.978595 -0.854817 1.438043
v -6.657355 -1.550000 1.643927
v -5.551570 -1.550000 2.620411
v -5.978595 -0.854817 1.438043
v -5.551570 -1.550000 2.620411
v -5.384040 -1.368203 2.330461
v -6.657355 -1.550000 1.643927
v -6.070031 -2.179654 1.825684
v -5.354394 -1.752983 2.522249
v -6.657355 -1.550000 1.643927
v -5.354394 -1.752983 2.522249
v -5.551570 -1.550000 2.620411
v -6.070031 -2.179654 1.825684
v -5.100000 -2.526966 1.569361
v -5.100000 -1.804637 2.259540
v -6.070031 -2.179654 1.825684
v -5.100000 -1.804637 2.259540
v -5.354394 -1.752983 2.522249
v -5.100000 -2.526966 1.569361
v -3.995150 -2.102821 1.458736
v -4.782063 -1.712414 2.430606
v -5.100000 -2.526966 1.569361
v -4.782063 -1.712414 2.430606
v -5.100000 -1.804637 2.259540
v -3.995150 -2.102821 1.458736
v -3.864510 -1.550000 1.538895
v -4.702173 -1.550000 2.543496
v -3.995150 -2.102821 1.458736
v -4.702173 -1.550000 2.543496
v -4.782063 -1.712414 2.430606
v -5.100000 -1.550000 0.000000
v -4.474806 -1.074256 -0.139607
v -4.159742 -1.550000 -0.116870
v -5.100000 -1.550000 2.646000
v -4.702173 -1.550000 2.543496
v -4.779501 -1.388884 2.607624
v -5.100000 -1.550000 0.000000
v -5.100000 -1.006895 0.155612
v -4.474806 -1.074256 -0.139607
v -5.100000 -1.550000 2.646000
v -4.779501 -1.388884 2.607624
v -5.100000 -1.264613 2.312762
v -5.100000 -1.550000 0.000000
v -5.758546 -1.098350 0.096423
v -5.100000 -1.006895 0.155612
v -5.100000 -1.550000 2.646000
v -5.100000 -1.264613 2.312762
v -5.384040 -1.368203 2.330461
v -5.100000 -1.550000 0.000000
v -5.991095 -1.550000 -0.182370
v -5.758546 -1.098350 0.096423
v -5.100000 -1.550000 2.646000
v -5.384040 -1.368203 2.330461
v -5.551570 -1.550000 2.620411
v -5.100000 -1.550000 0.000000
v -5.875699 -1.933438 -0.045814
v -5.991095 -1.550000 -0.182370
v -5.100000 -1.550000 2.646000
v -5.551570 -1.550000 2.620411
v -5.354394 -1.752983 2.522249
v -5.100000 -1.550000 0.000000
v -5.100000 -2.194761 0.195084
v -5.875699 -1.933438 -0.045814
v -5.100000 -1.550000 2.646000
v -5.354394 -1.752983 2.522249
v -5.100000 -1.804637 2.259540
v -5.100000 -1.550000 0.000000
v -4.464683 -2.018163 -0.008324
v -5.100000 -2.194761 0.195084
v -5.100000 -1.550000 2.646000
v -5.100000 -1.804637 2.259540
v -4.782063 -1.712414 2.430606
v -5.100000 -1.550000 0.000000
v -4.159742 -1.550000 -0.116870
v -4.464683 -2.018163 -0.008324
v -5.100000 -1.550000 2.646000
v -4.782063 -1.712414 2.430606
v -4.702173 -1.550000 2.543496
v 3.052001 -0.650000 0.156359
v 2.569499 -0.154000 -0.070694
v 2.799189 0.134409 0.520616
v 3.052001 -0.650000 0.156359
v 2.799189 0.134409 0.520616
v 3.575238 -0.650000 0.726181
v 2.569499 -0.154000 -0.070694
v 1.800000 0.106582 -0.136741
v 1.800000 0.319237 0.685641
v 2.569499 -0.154000 -0.070694
v 1.800000 0.319237 0.685641
v 2.799189 0.134409 0.520616
v 1.800000 0.106582 -0.136741
v 0.912329 -0.220030 0.108640
v 0.550827 -0.022566 0.845411
v 1.800000 0.106582 -0.136741
v 0.550827 -0.022566 0.845411
v 1.800000 0.319237 0.685641
v 0.912329 -0.220030 0.108640
v 0.722189 -0.650000 0.106592
v 0.393250 -0.650000 0.636047
v 0.912329 -0.220030 0.108640
v 0.393250 -0.650000 0.636047
v 0.550827 -0.022566 0.845411
v 0.722189 -0.650000 0.106592
v 1.081262 -1.181031 -0.138221
v 0.645631 -1.328963 0.534378
v 0.722189 -0.650000 0.106592
v 0.645631 -1.328963 0.534378
v 0.393250 -0.650000 0.636047
v 1.081262 -1.181031 -0.138221
v 1.800000 -1.256815 -0.068234
v 1.800000 -1.542149 0.771956
v 1.081262 -1.181031 -0.138221
v 1.800000 -1.542149 0.771956
v 0.645631 -1.328963 0.534378
v 1.800000 -1.256815 -0.068234
v 2.554902 -1.155591 0.157156
v 2.790997 -1.440894 0.807695
v 1.800000 -1.256815 -0.068234
v 2.790997 -1.440894 0.807695
v 1.800000 -1.542149 0.771956
v 2.554902 -1.155591 0.157156
v 3.052001 -0.650000 0.156359
v 3.575238 -0.650000 0.726181
v 2.554902 -1.155591 0.157156
v 3.575238 -0.650000 0.726181
v 2.790997 -1.440894 0.807695
v 3.575238 -0.650000 0.726181
v 2.799189 0.134409 0.520616
v 2.798832 0.134690 1.261527
v 3.575238 -0.650000 0.726181
v 2.798832 0.134690 1.261527
v 3.418434 -0.650000 1.256609
v 2.799189 0.134409 0.520616
v 1.800000 0.319237 0.685641
v 1.800000 0.233309 1.505901
v 2.799189 0.134409 0.520616
v 1.800000 0.233309 1.505901
v 2.798832 0.134690 1.261527
v 1.800000 0.319237 0.685641
v 0.550827 -0.022566 0.845411
v 0.666426 0.041418 1.433168
v 1.800000 0.319237 0.685641
v 0.666426 0.041418 1.433168
v 1.800000 0.233309 1.505901
v 0.550827 -0.022566 0.845411
v 0.393250 -0.650000 0.636047
v 0.380182 -0.650000 1.208977
v 0.550827 -0.022566 0.845411
v 0.380182 -0.650000 1.208977
v 0.666426 0.041418 1.433168
v 0.393250 -0.650000 0.636047
v 0.645631 -1.328963 0.534378
v 0.539664 -1.271876 1.343926
v 0.393250 -0.650000 0.636047
v 0.539664 -1.271876 1.343926
v 0.380182 -0.650000 1.208977
v 0.645631 -1.328963 0.534378
v 1.800000 -1.542149 0.771956
v 1.800000 -1.637260 1.530667
v 0.645631 -1.328963 0.534378
v 1.800000 -1.637260 1.530667
v 0.539664 -1.271876 1.343926
v 1.800000 -1.542149 0.771956
v 2.790997 -1.440894 0.807695
v 2.809785 -1.426178 1.343896
v 1.800000 -1.542149 0.771956
v 2.809785 -1.426178 1.343896
v 1.800000 -1.637260 1.530667
v 2.790997 -1.440894 0.807695
v 3.575238 -0.650000 0.726181
v 3.418434 -0.650000 1.256609
v 2.790997 -1.440894 0.807695
v 3.418434 -0.650000 1.256609
v 2.809785 -1.426178 1.343896
v 3.418434 -0.650000 1.256609
v 2.798832 0.134690 1.261527
v 2.120395 -0.443185 2.099103
v 3.418434 -0.650000 1.256609
v 2.120395 -0.443185 2.099103
v 2.220615 -0.650000 1.888224
v 2.798832 0.134690 1.261527
v 1.800000 0.233309 1.505901
v 1.800000 -0.396014 2.198150
v 2.798832 0.134690 1.261527
v 1.800000 -0.396014 2.198150
v 2.120395 -0.443185 2.099103
v 1.800000 0.233309 1.505901
v 0.666426 0.041418 1.433168
v 1.504635 -0.425659 1.959784
v 1.800000 0.233309 1.505901
v 1.504635 -0.425659 1.959784
v 1.800000 -0.396014 2.198150
v 0.666426 0.041418 1.433168
v 0.380182 -0.650000 1.208977
v 1.342490 -0.650000 1.926886
v 0.666426 0.041418 1.433168
v 1.342490 -0.650000 1.926886
v 1.504635 -0.425659 1.959784
v 0.380182 -0.650000 1.208977
v 0.539664 -1.271876 1.343926
v 1.432235 -0.830176 2.174381
v 0.380182 -0.650000 1.208977
v 1.432235 -0.830176 2.174381
v 1.342490 -0.650000 1.926886
v 0.539664 -1.271876 1.343926
v 1.800000 -1.637260 1.530667
v 1.800000 -0.969290 2.138597
v 0.539664 -1.271876 1.343926
v 1.800000 -0.969290 2.138597
v 1.432235 -0.830176 2.174381
v 1.800000 -1.637260 1.530667
v 2.809785 -1.426178 1.343896
v 2.126651 -0.852854 1.901032
v 1.800000 -1.637260 1.530667
v 2.126651 -0.852854 1.901032
v 1.800000 -0.969290 2.138597
v 2.809785 -1.426178 1.343896
v 3.418434 -0.650000 1.256609
v 2.220615 -0.650000 1.888224
v 2.809785 -1.426178 1.343896
v 2.220615 -0.650000 1.888224
v 2.126651 -0.852854 1.901032
v 1.800000 -0.650000 0.000000
v 2.569499 -0.154000 -0.070694
v 3.052001 -0.650000 0.156359
v 1.800000 -0.650000 2.214000
v 2.220615 -0.650000 1.888224
v 2.120395 -0.443185 2.099103
v 1.800000 -0.650000 0.000000
v 1.800000 0.106582 -0.136741
v 2.569499 -0.154000 -0.070694
v 1.800000 -0.650000 2.214000
v 2.120395 -0.443185 2.099103
v 1.800000 -0.396014 2.198150
v 1.800000 -0.650000 0.000000
v 0.912329 -0.220030 0.108640
v 1.800000 0.106582 -0.136741
v 1.800000 -0.650000 2.214000
v 1.800000 -0.396014 2.198150
v 1.504635 -0.425659 1.959784
v 1.800000 -0.650000 0.000000
v 0.722189 -0.650000 0.106592
v 0.912329 -0.220030 0.108640
v 1.800000 -0.650000 2.214000
v 1.504635 -0.425659 1.959784
v 1.342490 -0.650000 1.926886
v 1.800000 -0.650000 0.000000
v 1.081262 -1.181031 -0.138221
v 0.722189 -0.650000 0.106592
v 1.800000 -0.650000 2.214000
v 1.342490 -0.650000 1.926886
v 1.432235 -0.830176 2.174381
v 1.800000 -0.650000 0.000000
v 1.800000 -1.256815 -0.068234
v 1.081262 -1.181031 -0.138221
v 1.800000 -0.650000 2.214000
v 1.432235 -0.830176 2.174381
v 1.800000 -0.969290 2.138597
v 1.800000 -0.650000 0.000000
v 2.554902 -1.155591 0.157156
v 1.800000 -1.256815 -0.068234
v 1.800000 -0.650000 2.214000
v 1.800000 -0.969290 2.138597
v 2.126651 -0.852854 1.901032
v 1.800000 -0.650000 0.000000
v 3.052001 -0.650000 0.156359
v 2.554902 -1.155591 0.157156
v 1.800000 -0.650000 2.214000
v 2.126651 -0.852854 1.901032
v 2.220615 -0.650000 1.888224
v 6.190802 -1.350000 -0.251093
v 5.806139 -0.955674 0.055995
v 5.999877 -0.764396 1.287004
v 6.190802 -1.350000 -0.251093
v 5.999877 -0.764396 1.287004
v 6.488112 -1.350000 0.932309
v 5.806139 -0.955674 0.055995
v 5.300000 -0.833367 0.235554
v 5.300000 -0.685248 1.101920
v 5.806139 -0.955674 0.055995
v 5.300000 -0.685248 1.101920
v 5.999877 -0.764396 1.287004
v 5.300000 -0.833367 0.235554
v 4.671809 -1.032288 -0.121363
v 4.467158 -0.857889 0.798588
v 5.300000 -0.833367 0.235554
v 4.467158 -0.857889 0.798588
v 5.300000 -0.685248 1.101920
v 4.671809 -1.032288 -0.121363
v 4.589109 -1.350000 -0.201874
v 4.307886 -1.350000 1.067849
v 4.671809 -1.032288 -0.121363
v 4.307886 -1.350000 1.067849
v 4.467158 -0.857889 0.798588
v 4.589109 -1.350000 -0.201874
v 4.748355 -1.711798 0.177385
v 4.422516 -1.817075 1.296459
v 4.589109 -1.350000 -0.201874
v 4.422516 -1.817075 1.296459
v 4.307886 -1.350000 1.067849
v 4.748355 -1.711798 0.177385
v 5.300000 -1.800800 0.152648
v 5.300000 -2.052227 0.963757
v 4.748355 -1.711798 0.177385
v 5.300000 -2.052227 0.963757
v 4.422516 -1.817075 1.296459
v 5.300000 -1.800800 0.152648
v 5.799525 -1.749548 -0.219747
v 6.003735 -1.932394 0.827474
v 5.300000 -1.800800 0.152648
v 6.003735 -1.932394 0.827474
v 5.300000 -2.052227 0.963757
v 5.799525 -1.749548 -0.219747
v 6.190802 -1.350000 -0.251093
v 6.488112 -1.350000 0.932309
v 5.799525 -1.749548 -0.219747
v 6.488112 -1.350000 0.932309
v 6.003735 -1.932394 0.827474
v 6.488112 -1.350000 0.932309
v 5.999877 -0.764396 1.287004
v 6.054887 -0.807070 2.300112
v 6.488112 -1.350000 0.932309
v 6.054887 -0.807070 2.300112
v 6.358032 -1.350000 2.223916
v 5.999877 -0.764396 1.287004
v 5.300000 -0.685248 1.101920
v 5.300000 -0.710650 1.920552
v 5.999877 -0.764396 1.287004
v 5.300000 -0.710650 1.920552
v 6.054887 -0.807070 2.300112
v 5.300000 -0.685248 1.101920
v 4.467158 -0.857889 0.798588
v 4.558276 -0.797435 1.949686
v 5.300000 -0.685248 1.101920
v 4.558276 -0.797435 1.949686
v 5.300000 -0.710650 1.920552
v 4.467158 -0.857889 0.798588
v 4.307886 -1.350000 1.067849
v 4.222565 -1.350000 2.321162
v 4.467158 -0.857889 0.798588
v 4.222565 -1.350000 2.321162
v 4.558276 -0.797435 1.949686
v 4.307886 -1.350000 1.067849
v 4.422516 -1.817075 1.296459
v 4.394281 -1.802514 2.188939
v 4.307886 -1.350000 1.067849
v 4.394281 -1.802514 2.188939
v 4.222565 -1.350000 2.321162
v 4.422516 -1.817075 1.296459
v 5.300000 -2.052227 0.963757
v 5.300000 -2.137911 1.854157
v 4.422516 -1.817075 1.296459
v 5.300000 -2.137911 1.854157
v 4.394281 -1.802514 2.188939
v 5.300000 -2.052227 0.963757
v 6.003735 -1.932394 0.827474
v 6.069057 -1.882926 2.079285
v 5.300000 -2.052227 0.963757
v 6.069057 -1.882926 2.079285
v 5.300000 -2.137911 1.854157
v 6.003735 -1.932394 0.827474
v 6.488112 -1.350000 0.932309
v 6.358032 -1.350000 2.223916
v 6.003735 -1.932394 0.827474
v 6.358032 -1.350000 2.223916
v 6.069057 -1.882926 2.079285
v 6.358032 -1.350000 2.223916
v 6.054887 -0.807070 2.300112
v 5.546342 -1.209342 3.129238
v 6.358032 -1.350000 2.223916
v 5.546342 -1.209342 3.129238
v 5.587338 -1.350000 3.401595
v 6.054887 -0.807070 2.300112
v 5.300000 -0.710650 1.920552
v 5.300000 -1.153962 2.904167
v 6.054887 -0.807070 2.300112
v 5.300000 -1.153962 2.904167
v 5.546342 -1.209342 3.129238
v 5.300000 -0.710650 1.920552
v 4.558276 -0.797435 1.949686
v 5.096974 -1.179332 3.238983
v 5.300000 -0.710650 1.920552
v 5.096974 -1.179332 3.238983
v 5.300000 -1.153962 2.904167
v 4.558276 -0.797435 1.949686
v 4.222565 -1.350000 2.321162
v 4.948811 -1.350000 3.371140
v 4.558276 -0.797435 1.949686
v 4.948811 -1.350000 3.371140
v 5.096974 -1.179332 3.238983
v 4.222565 -1.350000 2.321162
v 4.394281 -1.802514 2.188939
v 5.051952 -1.489691 2.999649
v 4.222565 -1.350000 2.321162
v 5.051952 -1.489691 2.999649
v 4.948811 -1.350000 3.371140
v 4.394281 -1.802514 2.188939
v 5.300000 -2.137911 1.854157
v 5.300000 -1.591347 2.970584
v 4.394281 -1.802514 2.188939
v 5.300000 -1.591347 2.970584
v 5.051952 -1.489691 2.999649
v 5.300000 -2.137911 1.854157
v 6.069057 -1.882926 2.079285
v 5.550233 -1.488471 3.350140
v 5.300000 -2.137911 1.854157
v 5.550233 -1.488471 3.350140
v 5.300000 -1.591347 2.970584
v 6.069057 -1.882926 2.079285
v 6.358032 -1.350000 2.223916
v 5.587338 -1.350000 3.401595
v 6.069057 -1.882926 2.079285
v 5.587338 -1.350000 3.401595
v 5.550233 -1.488471 3.350140
v 5.300000 -1.350000 0.000000
v 5.806139 -0.955674 0.055995
v 6.190802 -1.350000 -0.251093
v 5.300000 -1.350000 3.402000
v 5.587338 -1.350000 3.401595
v 5.546342 -1.209342 3.129238
v 5.300000 -1.350000 0.000000
v 5.300000 -0.833367 0.235554
v 5.806139 -0.955674 0.055995
v 5.300000 -1.350000 3.402000
v 5.546342 -1.209342 3.129238
v 5.300000 -1.153962 2.904167
v 5.300000 -1.350000 0.000000
v 4.671809 -1.032288 -0.121363
v 5.300000 -0.833367 0.235554
v 5.300000 -1.350000 3.402000
v 5.300000 -1.153962 2.904167
v 5.096974 -1.179332 3.238983
v 5.300000 -1.350000 0.000000
v 4.589109 -1.350000 -0.201874
v 4.671809 -1.032288 -0.121363
v 5.300000 -1.350000 3.402000
v 5.096974 -1.179332 3.238983
v 4.948811 -1.350000 3.371140
v 5.300000 -1.350000 0.000000
v 4.748355 -1.711798 0.177385
v 4.589109 -1.350000 -0.201874
v 5.300000 -1.350000 3.402000
v 4.948811 -1.350000 3.371140
v 5.051952 -1.489691 2.999649
v 5.300000 -1.350000 0.000000
v 5.300000 -1.800800 0.152648
v 4.748355 -1.711798 0.177385
v 5.300000 -1.350000 3.402000
v 5.051952 -1.489691 2.999649
v 5.300000 -1.591347 2.970584
v 5.300000 -1.350000 0.000000
v 5.799525 -1.749548 -0.219747
v 5.300000 -1.800800 0.152648
v 5.300000 -1.350000 3.402000
v 5.300000 -1.591347 2.970584
v 5.550233 -1.488471 3.350140
v 5.300000 -1.350000 0.000000
v 6.190802 -1.350000 -0.251093
v 5.799525 -1.749548 -0.219747
v 5.300000 -1.350000 3.402000
v 5.550233 -1.488471 3.350140
v 5.587338 -1.350000 3.401595
vt 0.000000 0.000000
vt 1.000000 0.000000
vt 1.000000 1.000000
vt 0.000000 0.000000
vt 1.000000 1.000000
vt 0.000000 1.000000
vt 0.000000 0.000000
vt 1.000000 0.000000
vt 1.000000 1.000000
vt 0.000000 0.000000
vt 1.000000 1.000000
vt 0.000000 1.000000
vt 0.000000 0.000000
vt 1.000000 0.000000
vt 1.000000 1.000000
vt 0.000000 0.000000
vt 1.000000 1.000000
vt 0.000000 1.000000
vt 0.000000 0.000000
vt 1.000000 0.000000
vt 1.000000 1.000000
vt 0.000000 0.000000
vt 1.000000 1.000000
vt 0.000000 1.000000
vt 0.000000 0.000000
vt 1.000000 0.000000
vt 1.000000 1.000000
vt 0.000000 0.000000
vt 1.000000 1.000000
vt 0.000000 1.000000
vt 0.000000 0.000000
vt 1.000000 0.000000
vt 1.000000 1.000000
vt 0.000000 0.000000
vt 1.000000 1.000000
vt 0.000000 1.000000
vt 0.000000 0.000000
vt 1.000000 0.000000
vt 1.000000 1.000000
vt 0.000000 0.000000
vt 1.000000 1.000000
vt 0.000000 1.000000
vt 0.000000 0.000000
vt 1.000000 0.000000
vt 1.000000 1.000000
vt 0.000000 0.000000
vt 1.000000 1.000000
vt 0.000000 1.000000
vt 0.000000 0.000000
vt 1.000000 0.000000
vt 1.000000 1.000000
vt 0.000000 0.000000
vt 1.000000 1.000000
vt 0.000000 1.000000
vt 0.000000 0.000000
vt 1.000000 0.000000
vt 1.000000 1.000000
vt 0.000000 0.000000
vt 1.000000 1.000000
vt 0.000000 1.000000
vt 0.000000 0.000000
vt 1.000000 0.000000
vt 1.000000 1.000000
vt 0.000000 0.000000
vt 1.000000 1.000000
vt 0.000000 1.000000
vt 0.000000 0.000000
vt 1.000000 0.000000
vt 1.000000 1.000000
vt 0.000000 0.000000
vt 1.000000 1.000000
vt 0.000000 1.000000
vt 0.000000 0.000000
vt 1.000000 0.000000
vt 1.000000 1.000000
vt 0.000000 0.000000
vt 1.000000 1.000000
vt 0.000000 1.000000
vt 0.000000 0.000000
vt 1.000000 0.000000
vt 1.000000 1.000000
vt 0.000000 0.000000
vt 1.000000 1.000000
vt 0.000000 1.000000
vt 0.000000 0.000000
vt 1.000000 0.000000
vt 1.000000 1.000000
vt 0.000000 0.000000
vt 1.000000 1.000000
vt 0.000000 1.000000
vt 0.000000 0.000000
vt 1.000000 0.000000
vt 1.000000 1.000000
vt 0.000000 0.000000
vt 1.000000 1.000000
vt 0.000000 1.000000
vt 0.000000 0.000000
vt 1.000000 0.000000
vt 1.000000 1.000000
vt 0.000000 0.000000
vt 1.000000 1.000000
vt 0.000000 1.000000
vt 0.000000 0.000000
vt 1.000000 0.000000
vt 1.000000 1.000000
vt 0.000000 0.000000
vt 1.000000 1.000000
vt 0.000000 1.000000
vt 0.000000 0.000000
vt 1.000000 0.000000
vt 1.000000 1.000000
vt 0.000000 0.000000
vt 1.000000 1.000000
vt 0.000000 1.000000
vt 0.000000 0.000000
vt 1.000000 0.000000
vt 1.000000 1.000000
vt 0.000000 0.000000
vt 1.000000 1.000000
vt 0.000000 1.000000
vt 0.000000 0.000000
vt 1.000000 0.000000
vt 1.000000 1.000000
vt 0.000000 0.000000
vt 1.000000 1.000000
vt 0.000000 1.000000
vt 0.000000 0.000000
vt 1.000000 0.000000
vt 1.000000 1.000000
vt 0.000000 0.000000
vt 1.000000 1.000000
vt 0.000000 1.000000
vt 0.000000 0.000000
vt 1.000000 0.000000
vt 1.000000 1.000000
vt 0.000000 0.000000
vt 1.000000 1.000000
vt 0.000000 1.000000
vt 0.000000 0.000000
vt 1.000000 0.000000
vt 1.000000 1.000000
vt 0.000000 0.000000
vt 1.000000 1.000000
vt 0.000000 1.000000
vt 0.000000 0.000000
vt 1.000000 0.000000
vt 1.000000 1.000000
vt 0.000000 0.000000
vt 1.000000 1.000000
vt 0.000000 1.000000
vt 0.000000 0.000000
vt 1.000000 0.000000
vt 1.000000 1.000000
vt 0.000000 0.000000
vt 1.000000 1.000000
vt 0.000000 1.000000
vt 0.000000 0.000000
vt 1.000000 0.000000
vt 1.000000 1.000000
vt 0.000000 0.000000
vt 1.000000 1.000000
vt 0.000000 1.000000
vt 0.000000 0.000000
vt 1.000000 0.000000
vt 1.000000 1.000000
vt 0.000000 0.000000
vt 1.000000 1.000000
vt 0.000000 1.000000
vt 0.000000 0.000000
vt 1.000000 0.000000
vt 1.000000 1.000000
vt 0.000000 0.000000
vt 1.000000 1.000000
vt 0.000000 1.000000
vt 0.000000 0.000000
vt 1.000000 0.000000
vt 1.000000 1.000000
vt 0.000000 0.000000
vt 1.000000 1.000000
vt 0.000000 1.000000
vt 0.000000 0.000000
vt 1.000000 0.000000
vt 1.000000 1.000000
vt 0.000000 0.000000
vt 1.000000 1.000000
vt 0.000000 1.000000
vt 0.000000 0.000000
vt 1.000000 0.000000
vt 1.000000 1.000000
vt 0.000000 0.000000
vt 1.000000 1.000000
vt 0.000000 1.000000
vt 0.000000 0.000000
vt 1.000000 0.000000
vt 1.000000 1.000000
vt 0.000000 0.000000
vt 1.000000 1.000000
vt 0.000000 1.000000
vt 0.000000 0.000000
vt 1.000000 0.000000
vt 1.000000 1.000000
vt 0.000000 0.000000
vt 1.000000 1.000000
vt 0.000000 1.000000
vt 0.000000 0.000000
vt 1.000000 0.000000
vt 1.000000 1.000000
vt 0.000000 0.000000
vt 1.000000 1.000000
vt 0.000000 1.000000
vt 0.000000 0.000000
vt 1.000000 0.000000
vt 1.000000 1.000000
vt 0.000000 0.000000
vt 1.000000 1.000000
vt 0.000000 1.000000
vt 0.000000 0.000000
vt 1.000000 0.000000
vt 1.000000 1.000000
vt 0.000000 0.000000
vt 1.000000 1.000000
vt 0.000000 1.000000
vt 0.000000 0.000000
vt 1.000000 0.000000
vt 1.000000 1.000000
vt 0.000000 0.000000
vt 1.000000 1.000000
vt 0.000000 1.000000
vt 0.000000 0.000000
vt 1.000000 0.000000
vt 1.000000 1.000000
vt 0.000000 0.000000
vt 1.000000 1.000000
vt 0.000000 1.000000
vt 0.000000 0.000000
vt 1.000000 0.000000
vt 1.000000 1.000000
vt 0.000000 0.000000
vt 1.000000 1.000000
vt 0.000000 1.000000
vt 0.000000 0.000000
vt 1.000000 0.000000
vt 1.000000 1.000000
vt 0.000000 0.000000
vt 1.000000 1.000000
vt 0.000000 1.000000
vt 0.000000 0.000000
vt 1.000000 0.000000
vt 1.000000 1.000000
vt 0.000000 0.000000
vt 1.000000 1.000000
vt 0.000000 1.000000
vt 0.000000 0.000000
vt 1.000000 0.000000
vt 1.000000 1.000000
vt 0.000000 0.000000
vt 1.000000 1.000000
vt 0.000000 1.000000
vt 0.000000 0.000000
vt 1.000000 0.000000
vt 1.000000 1.000000
vt 0.000000 0.000000
vt 1.000000 1.000000
vt 0.000000 1.000000
vt 0.000000 0.000000
vt 1.000000 0.000000
vt 1.000000 1.000000
vt 0.000000 0.000000
vt 1.000000 1.000000
vt 0.000000 1.000000
vt 0.000000 0.000000
vt 1.000000 0.000000
vt 1.000000 1.000000
vt 0.000000 0.000000
vt 1.000000 1.000000
vt 0.000000 1.000000
vt 0.000000 0.000000
vt 1.000000 0.000000
vt 1.000000 1.000000
vt 0.000000 0.000000
vt 1.000000 1.000000
vt 0.000000 1.000000
vt 0.000000 0.000000
vt 1.000000 0.000000
vt 1.000000 1.000000
vt 0.000000 0.000000
vt 1.000000 1.000000
vt 0.000000 1.000000
vt 0.000000 0.000000
vt 1.000000 0.000000
vt 1.000000 1.000000
vt 0.000000 0.000000
vt 1.000000 1.000000
vt 0.000000 1.000000
vt 0.000000 0.000000
vt 1.000000 0.000000
vt 1.000000 1.000000
vt 0.000000 0.000000
vt 1.000000 1.000000
vt 0.000000 1.000000
vt 0.000000 0.000000
vt 1.000000 0.000000
vt 1.000000 1.000000
vt 0.000000 0.000000
vt 1.000000 1.000000
vt 0.000000 1.000000
vt 0.000000 0.000000
vt 1.000000 0.000000
vt 1.000000 1.000000
vt 0.000000 0.000000
vt 1.000000 1.000000
vt 0.000000 1.000000
vt 0.000000 0.000000
vt 1.000000 0.000000
vt 1.000000 1.000000
vt 0.000000 0.000000
vt 1.000000 1.000000
vt 0.000000 1.000000
vt 0.000000 0.000000
vt 1.000000 0.000000
vt 1.000000 1.000000
vt 0.000000 0.000000
vt 1.000000 1.000000
vt 0.000000 1.000000
vt 0.000000 0.000000
vt 1.000000 0.000000
vt 1.000000 1.000000
vt 0.000000 0.000000
vt 1.000000 1.000000
vt 0.000000 1.000000
vt 0.000000 0.000000
vt 1.000000 0.000000
vt 1.000000 1.000000
vt 0.000000 0.000000
vt 1.000000 1.000000
vt 0.000000 1.000000
vt 0.000000 0.000000
vt 1.000000 0.000000
vt 1.000000 1.000000
vt 0.000000 0.000000
vt 1.000000 1.000000
vt 0.000000 1.000000
vt 0.000000 0.000000
vt 1.000000 0.000000
vt 1.000000 1.000000
vt 0.000000 0.000000
vt 1.000000 1.000000
vt 0.000000 1.000000
vt 0.000000 0.000000
vt 1.000000 0.000000
vt 1.000000 1.000000
vt 0.000000 0.000000
vt 1.000000 1.000000
vt 0.000000 1.000000
vt 0.000000 0.000000
vt 1.000000 0.000000
vt 1.000000 1.000000
vt 0.000000 0.000000
vt 1.000000 1.000000
vt 0.000000 1.000000
vt 0.000000 0.000000
vt 1.000000 0.000000
vt 1.000000 1.000000
vt 0.000000 0.000000
vt 1.000000 1.000000
vt 0.000000 1.000000
vt 0.000000 0.000000
vt 1.000000 0.000000
vt 1.000000 1.000000
vt 0.000000 0.000000
vt 1.000000 1.000000
vt 0.000000 1.000000
vt 0.000000 0.000000
vt 1.000000 0.000000
vt 1.000000 1.000000
vt 0.000000 0.000000
vt 1.000000 1.000000
vt 0.000000 1.000000
vt 0.000000 0.000000
vt 1.000000 0.000000
vt 1.000000 1.000000
vt 0.000000 0.000000
vt 1.000000 1.000000
vt 0.000000 1.000000
vt 0.000000 0.000000
vt 1.000000 0.000000
vt 1.000000 1.000000
vt 0.000000 0.000000
vt 1.000000 1.000000
vt 0.000000 1.000000
vt 0.000000 0.000000
vt 1.000000 0.000000
vt 1.000000 1.000000
vt 0.000000 0.000000
vt 1.000000 1.000000
vt 0.000000 1.000000
vt 0.000000 0.000000
vt 1.000000 0.000000
vt 1.000000 1.000000
vt 0.000000 0.000000
vt 1.000000 1.000000
vt 0.000000 1.000000
vt 0.000000 0.000000
vt 1.000000 0.000000
vt 1.000000 1.000000
vt 0.000000 0.000000
vt 1.000000 1.000000
vt 0.000000 1.000000
vt 0.000000 0.000000
vt 1.000000 0.000000
vt 1.000000 1.000000
vt 0.000000 0.000000
vt 1.000000 1.000000
vt 0.000000 1.000000
vt 0.000000 0.000000
vt 1.000000 0.000000
vt 1.000000 1.000000
vt 0.000000 0.000000
vt 1.000000 1.000000
vt 0.000000 1.000000
vt 0.000000 0.000000
vt 1.000000 0.000000
vt 1.000000 1.000000
vt 0.000000 0.000000
vt 1.000000 1.000000
vt 0.000000 1.000000
vt 0.000000 0.000000
vt 1.000000 0.000000
vt 1.000000 1.000000
vt 0.000000 0.000000
vt 1.000000 1.000000
vt 0.000000 1.000000
vt 0.000000 0.000000
vt 1.000000 0.000000
vt 1.000000 1.000000
vt 0.000000 0.000000
vt 1.000000 1.000000
vt 0.000000 1.000000
vt 0.000000 0.000000
vt 1.000000 0.000000
vt 1.000000 1.000000
vt 0.000000 0.000000
vt 1.000000 1.000000
vt 0.000000 1.000000
vt 0.000000 0.000000
vt 1.000000 0.000000
vt 1.000000 1.000000
vt 0.000000 0.000000
vt 1.000000 1.000000
vt 0.000000 1.000000
vt 0.000000 0.000000
vt 1.000000 0.000000
vt 1.000000 1.000000
vt 0.000000 0.000000
vt 1.000000 1.000000
vt 0.000000 1.000000
vt 0.000000 0.000000
vt 1.000000 0.000000
vt 1.000000 1.000000
vt 0.000000 0.000000
vt 1.000000 1.000000
vt 0.000000 1.000000
vt 0.000000 0.000000
vt 1.000000 0.000000
vt 1.000000 1.000000
vt 0.000000 0.000000
vt 1.000000 1.000000
vt 0.000000 1.000000
vt 0.000000 0.000000
vt 1.000000 0.000000
vt 1.000000 1.000000
vt 0.000000 0.000000
vt 1.000000 1.000000
vt 0.000000 1.000000
vt 0.000000 0.000000
vt 1.000000 0.000000
vt 1.000000 1.000000
vt 0.000000 0.000000
vt 1.000000 1.000000
vt 0.000000 1.000000
vt 0.000000 0.000000
vt 1.000000 0.000000
vt 1.000000 1.000000
vt 0.000000 0.000000
vt 1.000000 1.000000
vt 0.000000 1.000000
vt 0.000000 0.000000
vt 1.000000 0.000000
vt 1.000000 1.000000
vt 0.000000 0.000000
vt 1.000000 1.000000
vt 0.000000 1.000000
vt 0.000000 0.000000
vt 1.000000 0.000000
vt 1.000000 1.000000
vt 0.000000 0.000000
vt 1.000000 1.000000
vt 0.000000 1.000000
vt 0.000000 0.000000
vt 1.000000 0.000000
vt 1.000000 1.000000
vt 0.000000 0.000000
vt 1.000000 1.000000
vt 0.000000 1.000000
vt 0.000000 0.000000
vt 1.000000 0.000000
vt 1.000000 1.000000
vt 0.000000 0.000000
vt 1.000000 1.000000
vt 0.000000 1.000000
vt 0.000000 0.000000
vt 1.000000 0.000000
vt 1.000000 1.000000
vt 0.000000 0.000000
vt 1.000000 1.000000
vt 0.000000 1.000000
vt 0.000000 0.000000
vt 1.000000 0.000000
vt 1.000000 1.000000
vt 0.000000 0.000000
vt 1.000000 1.000000
vt 0.000000 1.000000
vt 0.000000 0.000000
vt 1.000000 0.000000
vt 1.000000 1.000000
vt 0.000000 0.000000
vt 1.000000 1.000000
vt 0.000000 1.000000
vt 0.000000 0.000000
vt 1.000000 0.000000
vt 1.000000 1.000000
vt 0.000000 0.000000
vt 1.000000 1.000000
vt 0.000000 1.000000
vt 0.000000 0.000000
vt 1.000000 0.000000
vt 1.000000 1.000000
vt 0.000000 0.000000
vt 1.000000 1.000000
vt 0.000000 1.000000
vt 0.000000 0.000000
vt 1.000000 0.000000
vt 1.000000 1.000000
vt 0.000000 0.000000
vt 1.000000 1.000000
vt 0.000000 1.000000
vt 0.000000 0.000000
vt 1.000000 0.000000
vt 1.000000 1.000000
vt 0.000000 0.000000
vt 1.000000 1.000000
vt 0.000000 1.000000
vt 0.000000 0.000000
vt 1.000000 0.000000
vt 1.000000 1.000000
vt 0.000000 0.000000
vt 1.000000 1.000000
vt 0.000000 1.000000
vt 0.000000 0.000000
vt 1.000000 0.000000
vt 1.000000 1.000000
vt 0.000000 0.000000
vt 1.000000 1.000000
vt 0.000000 1.000000
vt 0.000000 0.000000
vt 1.000000 0.000000
vt 1.000000 1.000000
vt 0.000000 0.000000
vt 1.000000 1.000000
vt 0.000000 1.000000
vt 0.000000 0.000000
vt 1.000000 0.000000
vt 1.000000 1.000000
vt 0.000000 0.000000
vt 1.000000 1.000000
vt 0.000000 1.000000
vt 0.000000 0.000000
vt 1.000000 0.000000
vt 1.000000 1.000000
vt 0.000000 0.000000
vt 1.000000 1.000000
vt 0.000000 1.000000
vt 0.000000 0.000000
vt 1.000000 0.000000
vt 1.000000 1.000000
vt 0.000000 0.000000
vt 1.000000 1.000000
vt 0.000000 1.000000
vt 0.000000 0.000000
vt 1.000000 0.000000
vt 1.000000 1.000000
vt 0.000000 0.000000
vt 1.000000 1.000000
vt 0.000000 1.000000
vt 0.000000 0.000000
vt 1.000000 0.000000
vt 1.000000 1.000000
vt 0.000000 0.000000
vt 1.000000 1.000000
vt 0.000000 1.000000
vt 0.000000 0.000000
vt 1.000000 0.000000
vt 1.000000 1.000000
vt 0.000000 0.000000
vt 1.000000 1.000000
vt 0.000000 1.000000
vt 0.000000 0.000000
vt 1.000000 0.000000
vt 1.000000 1.000000
vt 0.000000 0.000000
vt 1.000000 1.000000
vt 0.000000 1.000000
vt 0.000000 0.000000
vt 1.000000 0.000000
vt 1.000000 1.000000
vt 0.000000 0.000000
vt 1.000000 1.000000
vt 0.000000 1.000000
vt 0.000000 0.000000
vt 1.000000 0.000000
vt 1.000000 1.000000
vt 0.000000 0.000000
vt 1.000000 1.000000
vt 0.000000 1.000000
vt 0.000000 0.000000
vt 1.000000 0.000000
vt 1.000000 1.000000
vt 0.000000 0.000000
vt 1.000000 1.000000
vt 0.000000 1.000000
vt 0.000000 0.000000
vt 1.000000 0.000000
vt 1.000000 1.000000
vt 0.000000 0.000000
vt 1.000000 1.000000
vt 0.000000 1.000000
vt 0.000000 0.000000
vt 1.000000 0.000000
vt 1.000000 1.000000
vt 0.000000 0.000000
vt 1.000000 1.000000
vt 0.000000 1.000000
vt 0.000000 0.000000
vt 1.000000 0.000000
vt 1.000000 1.000000
vt 0.000000 0.000000
vt 1.000000 1.000000
vt 0.000000 1.000000
vt 0.000000 0.000000
vt 1.000000 0.000000
vt 1.000000 1.000000
vt 0.000000 0.000000
vt 1.000000 1.000000
vt 0.000000 1.000000
vt 0.000000 0.000000
vt 1.000000 0.000000
vt 1.000000 1.000000
vt 0.000000 0.000000
vt 1.000000 1.000000
vt 0.000000 1.000000
vt 0.000000 0.000000
vt 1.000000 0.000000
vt 1.000000 1.000000
vt 0.000000 0.000000
vt 1.000000 1.000000
vt 0.000000 1.000000
vt 0.000000 0.000000
vt 1.000000 0.000000
vt 1.000000 1.000000
vt 0.000000 0.000000
vt 1.000000 1.000000
vt 0.000000 1.000000
vt 0.000000 0.000000
vt 1.000000 0.000000
vt 1.000000 1.000000
vt 0.000000 0.000000
vt 1.000000 0.000000
vt 1.000000 1.000000
vt 0.000000 0.000000
vt 1.000000 0.000000
vt 1.000000 1.000000
vt 0.000000 0.000000
vt 1.000000 0.000000
vt 1.000000 1.000000
vt 0.000000 0.000000
vt 1.000000 0.000000
vt 1.000000 1.000000
vt 0.000000 0.000000
vt 1.000000 0.000000
vt 1.000000 1.000000
vt 0.000000 0.000000
vt 1.000000 0.000000
vt 1.000000 1.000000
vt 0.000000 0.000000
vt 1.000000 0.000000
vt 1.000000 1.000000
vt 0.000000 0.000000
vt 1.000000 0.000000
vt 1.000000 1.000000
vt 0.000000 0.000000
vt 1.000000 0.000000
vt 1.000000 1.000000
vt 0.000000 0.000000
vt 1.000000 0.000000
vt 1.000000 1.000000
vt 0.000000 0.000000
vt 1.000000 0.000000
vt 1.000000 1.000000
vt 0.000000 0.000000
vt 1.000000 0.000000
vt 1.000000 1.000000
vt 0.000000 0.000000
vt 1.000000 0.000000
vt 1.000000 1.000000
vt 0.000000 0.000000
vt 1.000000 0.000000
vt 1.000000 1.000000
vt 0.000000 0.000000
vt 1.000000 0.000000
vt 1.000000 1.000000
vt 0.000000 0.000000
vt 1.000000 0.000000
vt 1.000000 1.000000
vt 0.000000 0.000000
vt 1.000000 1.000000
vt 0.000000 1.000000
vt 0.000000 0.000000
vt 1.000000 0.000000
vt 1.000000 1.000000
vt 0.000000 0.000000
vt 1.000000 1.000000
vt 0.000000 1.000000
vt 0.000000 0.000000
vt 1.000000 0.000000
vt 1.000000 1.000000
vt 0.000000 0.000000
vt 1.000000 1.000000
vt 0.000000 1.000000
vt 0.000000 0.000000
vt 1.000000 0.000000
vt 1.000000 1.000000
vt 0.000000 0.000000
vt 1.000000 1.000000
vt 0.000000 1.000000
vt 0.000000 0.000000
vt 1.000000 0.000000
vt 1.000000 1.000000
vt 0.000000 0.000000
vt 1.000000 1.000000
vt 0.000000 1.000000
vt 0.000000 0.000000
vt 1.000000 0.000000
vt 1.000000 1.000000
vt 0.000000 0.000000
vt 1.000000 1.000000
vt 0.000000 1.000000
vt 0.000000 0.000000
vt 1.000000 0.000000
vt 1.000000 1.000000
vt 0.000000 0.000000
vt 1.000000 1.000000
vt 0.000000 1.000000
vt 0.000000 0.000000
vt 1.000000 0.000000
vt 1.000000 1.000000
vt 0.000000 0.000000
vt 1.000000 1.000000
vt 0.000000 1.000000
vt 0.000000 0.000000
vt 1.000000 0.000000
vt 1.000000 1.000000
vt 0.000000 0.000000
vt 1.000000 1.000000
vt 0.000000 1.000000
vt 0.000000 0.000000
vt 1.000000 0.000000
vt 1.000000 1.000000
vt 0.000000 0.000000
vt 1.000000 1.000000
vt 0.000000 1.000000
vt 0.000000 0.000000
vt 1.000000 0.000000
vt 1.000000 1.000000
vt 0.000000 0.000000
vt 1.000000 1.000000
vt 0.000000 1.000000
vt 0.000000 0.000000
vt 1.000000 0.000000
vt 1.000000 1.000000
vt 0.000000 0.000000
vt 1.000000 1.000000
vt 0.000000 1.000000
vt 0.000000 0.000000
vt 1.000000 0.000000
vt 1.000000 1.000000
vt 0.000000 0.000000
vt 1.000000 1.000000
vt 0.000000 1.000000
vt 0.000000 0.000000
vt 1.000000 0.000000
vt 1.000000 1.000000
vt 0.000000 0.000000
vt 1.000000 1.000000
vt 0.000000 1.000000
vt 0.000000 0.000000
vt 1.000000 0.000000
vt 1.000000 1.000000
vt 0.000000 0.000000
vt 1.000000 1.000000
vt 0.000000 1.000000
vt 0.000000 0.000000
vt 1.000000 0.000000
vt 1.000000 1.000000
vt 0.000000 0.000000
vt 1.000000 1.000000
vt 0.000000 1.000000
vt 0.000000 0.000000
vt 1.000000 0.000000
vt 1.000000 1.000000
vt 0.000000 0.000000
vt 1.000000 1.000000
vt 0.000000 1.000000
vt 0.000000 0.000000
vt 1.000000 0.000000
vt 1.000000 1.000000
vt 0.000000 0.000000
vt 1.000000 1.000000
vt 0.000000 1.000000
vt 0.000000 0.000000
vt 1.000000 0.000000
vt 1.000000 1.000000
vt 0.000000 0.000000
vt 1.000000 1.000000
vt 0.000000 1.000000
vt 0.000000 0.000000
vt 1.000000 0.000000
vt 1.000000 1.000000
vt 0.000000 0.000000
vt 1.000000 1.000000
vt 0.000000 1.000000
vt 0.000000 0.000000
vt 1.000000 0.000000
vt 1.000000 1.000000
vt 0.000000 0.000000
vt 1.000000 1.000000
vt 0.000000 1.000000
vt 0.000000 0.000000
vt 1.000000 0.000000
vt 1.000000 1.000000
vt 0.000000 0.000000
vt 1.000000 1.000000
vt 0.000000 1.000000
vt 0.000000 0.000000
vt 1.000000 0.000000
vt 1.000000 1.000000
vt 0.000000 0.000000
vt 1.000000 1.000000
vt 0.000000 1.000000
vt 0.000000 0.000000
vt 1.000000 0.000000
vt 1.000000 1.000000
vt 0.000000 0.000000
vt 1.000000 1.000000
vt 0.000000 1.000000
vt 0.000000 0.000000
vt 1.000000 0.000000
vt 1.000000 1.000000
vt 0.000000 0.000000
vt 1.000000 0.000000
vt 1.000000 1.000000
vt 0.000000 0.000000
vt 1.000000 0.000000
vt 1.000000 1.000000
vt 0.000000 0.000000
vt 1.000000 0.000000
vt 1.000000 1.000000
vt 0.000000 0.000000
vt 1.000000 0.000000
vt 1.000000 1.000000
vt 0.000000 0.000000
vt 1.000000 0.000000
vt 1.000000 1.000000
vt 0.000000 0.000000
vt 1.000000 0.000000
vt 1.000000 1.000000
vt 0.000000 0.000000
vt 1.000000 0.000000
vt 1.000000 1.000000
vt 0.000000 0.000000
vt 1.000000 0.000000
vt 1.000000 1.000000
vt 0.000000 0.000000
vt 1.000000 0.000000
vt 1.000000 1.000000
vt 0.000000 0.000000
vt 1.000000 0.000000
vt 1.000000 1.000000
vt 0.000000 0.000000
vt 1.000000 0.000000
vt 1.000000 1.000000
vt 0.000000 0.000000
vt 1.000000 0.000000
vt 1.000000 1.000000
vt 0.000000 0.000000
vt 1.000000 0.000000
vt 1.000000 1.000000
vt 0.000000 0.000000
vt 1.000000 0.000000
vt 1.000000 1.000000
vt 0.000000 0.000000
vt 1.000000 0.000000
vt 1.000000 1.000000
vt 0.000000 0.000000
vt 1.000000 0.000000
vt 1.000000 1.000000
vt 0.000000 0.000000
vt 1.000000 1.000000
vt 0.000000 1.000000
vt 0.000000 0.000000
vt 1.000000 0.000000
vt 1.000000 1.000000
vt 0.000000 0.000000
vt 1.000000 1.000000
vt 0.000000 1.000000
vt 0.000000 0.000000
vt 1.000000 0.000000
vt 1.000000 1.000000
vt 0.000000 0.000000
vt 1.000000 1.000000
vt 0.000000 1.000000
vt 0.000000 0.000000
vt 1.000000 0.000000
vt 1.000000 1.000000
vt 0.000000 0.000000
vt 1.000000 1.000000
vt 0.000000 1.000000
vt 0.000000 0.000000
vt 1.000000 0.000000
vt 1.000000 1.000000
vt 0.000000 0.000000
vt 1.000000 1.000000
vt 0.000000 1.000000
vt 0.000000 0.000000
vt 1.000000 0.000000
vt 1.000000 1.000000
vt 0.000000 0.000000
vt 1.000000 1.000000
vt 0.000000 1.000000
vt 0.000000 0.000000
vt 1.000000 0.000000
vt 1.000000 1.000000
vt 0.000000 0.000000
vt 1.000000 1.000000
vt 0.000000 1.000000
vt 0.000000 0.000000
vt 1.000000 0.000000
vt 1.000000 1.000000
vt 0.000000 0.000000
vt 1.000000 1.000000
vt 0.000000 1.000000
vt 0.000000 0.000000
vt 1.000000 0.000000
vt 1.000000 1.000000
vt 0.000000 0.000000
vt 1.000000 1.000000
vt 0.000000 1.000000
vt 0.000000 0.000000
vt 1.000000 0.000000
vt 1.000000 1.000000
vt 0.000000 0.000000
vt 1.000000 1.000000
vt 0.000000 1.000000
vt 0.000000 0.000000
vt 1.000000 0.000000
vt 1.000000 1.000000
vt 0.000000 0.000000
vt 1.000000 1.000000
vt 0.000000 1.000000
vt 0.000000 0.000000
vt 1.000000 0.000000
vt 1.000000 1.000000
vt 0.000000 0.000000
vt 1.000000 1.000000
vt 0.000000 1.000000
vt 0.000000 0.000000
vt 1.000000 0.000000
vt 1.000000 1.000000
vt 0.000000 0.000000
vt 1.000000 1.000000
vt 0.000000 1.000000
vt 0.000000 0.000000
vt 1.000000 0.000000
vt 1.000000 1.000000
vt 0.000000 0.000000
vt 1.000000 1.000000
vt 0.000000 1.000000
vt 0.000000 0.000000
vt 1.000000 0.000000
vt 1.000000 1.000000
vt 0.000000 0.000000
vt 1.000000 1.000000
vt 0.000000 1.000000
vt 0.000000 0.000000
vt 1.000000 0.000000
vt 1.000000 1.000000
vt 0.000000 0.000000
vt 1.000000 1.000000
vt 0.000000 1.000000
vt 0.000000 0.000000
vt 1.000000 0.000000
vt 1.000000 1.000000
vt 0.000000 0.000000
vt 1.000000 1.000000
vt 0.000000 1.000000
vt 0.000000 0.000000
vt 1.000000 0.000000
vt 1.000000 1.000000
vt 0.000000 0.000000
vt 1.000000 1.000000
vt 0.000000 1.000000
vt 0.000000 0.000000
vt 1.000000 0.000000
vt 1.000000 1.000000
vt 0.000000 0.000000
vt 1.000000 1.000000
vt 0.000000 1.000000
vt 0.000000 0.000000
vt 1.000000 0.000000
vt 1.000000 1.000000
vt 0.000000 0.000000
vt 1.000000 1.000000
vt 0.000000 1.000000
vt 0.000000 0.000000
vt 1.000000 0.000000
vt 1.000000 1.000000
vt 0.000000 0.000000
vt 1.000000 1.000000
vt 0.000000 1.000000
vt 0.000000 0.000000
vt 1.000000 0.000000
vt 1.000000 1.000000
vt 0.000000 0.000000
vt 1.000000 1.000000
vt 0.000000 1.000000
vt 0.000000 0.000000
vt 1.000000 0.000000
vt 1.000000 1.000000
vt 0.000000 0.000000
vt 1.000000 1.000000
vt 0.000000 1.000000
vt 0.000000 0.000000
vt 1.000000 0.000000
vt 1.000000 1.000000
vt 0.000000 0.000000
vt 1.000000 1.000000
vt 0.000000 1.000000
vt 0.000000 0.000000
vt 1.000000 0.000000
vt 1.000000 1.000000
vt 0.000000 0.000000
vt 1.000000 0.000000
vt 1.000000 1.000000
vt 0.000000 0.000000
vt 1.000000 0.000000
vt 1.000000 1.000000
vt 0.000000 0.000000
vt 1.000000 0.000000
vt 1.000000 1.000000
vt 0.000000 0.000000
vt 1.000000 0.000000
vt 1.000000 1.000000
vt 0.000000 0.000000
vt 1.000000 0.000000
vt 1.000000 1.000000
vt 0.000000 0.000000
vt 1.000000 0.000000
vt 1.000000 1.000000
vt 0.000000 0.000000
vt 1.000000 0.000000
vt 1.000000 1.000000
vt 0.000000 0.000000
vt 1.000000 0.000000
vt 1.000000 1.000000
vt 0.000000 0.000000
vt 1.000000 0.000000
vt 1.000000 1.000000
vt 0.000000 0.000000
vt 1.000000 0.000000
vt 1.000000 1.000000
vt 0.000000 0.000000
vt 1.000000 0.000000
vt 1.000000 1.000000
vt 0.000000 0.000000
vt 1.000000 0.000000
vt 1.000000 1.000000
vt 0.000000 0.000000
vt 1.000000 0.000000
vt 1.000000 1.000000
vt 0.000000 0.000000
vt 1.000000 0.000000
vt 1.000000 1.000000
vt 0.000000 0.000000
vt 1.000000 0.000000
vt 1.000000 1.000000
vn 0.3197276 -0.9334863 -0.1624119
vn 0.3197276 -0.9334863 -0.1624119
vn 0.3197276 -0.9334863 -0.1624119
vn 0.1127615 -0.9921909 0.0533115
vn 0.1127615 -0.9921909 0.0533115
vn 0.1127615 -0.9921909 0.0533115
vn -0.0228538 0.9987035 -0.0454867
vn -0.0228538 0.9987035 -0.0454867
vn -0.0228538 0.9987035 -0.0454867
vn -0.0199775 0.9988918 -0.0426145
vn -0.0199775 0.9988918 -0.0426145
vn -0.0199775 0.9988918 -0.0426145
vn 0.1132031 -0.9935677 -0.0028616
vn 0.1132031 -0.9935677 -0.0028616
vn 0.1132031 -0.9935677 -0.0028616
vn 0.3609180 -0.9053922 -0.2236140
vn 0.3609180 -0.9053922 -0.2236140
vn 0.3609180 -0.9053922 -0.2236140
vn -0.0202714 0.9997217 0.0120651
vn -0.0202714 0.9997217 0.0120651
vn -0.0202714 0.9997217 0.0120651
vn -0.0094636 0.9996949 0.0228151
vn -0.0094636 0.9996949 0.0228151
vn -0.0094636 0.9996949 0.0228151
vn 0.3291678 -0.9420550 0.0646596
vn 0.3291678 -0.9420550 0.0646596
vn 0.3291678 -0.9420550 0.0646596
vn 0.2532535 -0.9594916 0.1234446
vn 0.2532535 -0.9594916 0.1234446
vn 0.2532535 -0.9594916 0.1234446
vn -0.0133343 0.9987740 0.0476719
vn -0.0133343 0.9987740 0.0476719
vn -0.0133343 0.9987740 0.0476719
vn 0.0050014 0.9976678 0.0680735
vn 0.0050014 0.9976678 0.0680735
vn 0.0050014 0.9976678 0.0680735
vn 0.3386080 -0.9320815 -0.1287198
vn 0.3386080 -0.9320815 -0.1287198
vn 0.3386080 -0.9320815 -0.1287198
vn 0.0077232 -0.9953109 0.0964186
vn 0.0077232 -0.9953109 0.0964186
vn 0.0077232 -0.9953109 0.0964186
vn 0.0145681 0.9989906 0.0424913
vn 0.0145681 0.9989906 0.0424913
vn 0.0145681 0.9989906 0.0424913
vn 0.0409426 0.9963899 0.0743704
vn 0.0409426 0.9963899 0.0743704
vn 0.0409426 0.9963899 0.0743704
vn -0.3494601 -0.0368521 0.9362262
vn -0.3494601 -0.0368521 0.9362262
vn -0.3494601 -0.0368521 0.9362262
vn -0.3529914 -0.0342602 0.9349991
vn -0.3529914 -0.0342602 0.9349991
vn -0.3529914 -0.0342602 0.9349991
vn 0.0000000 0.0000000 -1.0000000
vn 0.0000000 0.0000000 -1.0000000
vn 0.0000000 0.0000000 -1.0000000
vn 0.0000000 0.0000000 -1.0000000
vn 0.0000000 0.0000000 -1.0000000
vn 0.0000000 0.0000000 -1.0000000
vn 0.0415252 -0.9989388 0.0199217
vn 0.0415252 -0.9989388 0.0199217
vn 0.0415252 -0.9989388 0.0199217
vn 0.2056740 -0.9641369 -0.1677447
vn 0.2056740 -0.9641369 -0.1677447
vn 0.2056740 -0.9641369 -0.1677447
vn 0.0154602 0.9989718 -0.0426179
vn 0.0154602 0.9989718 -0.0426179
vn 0.0154602 0.9989718 -0.0426179
vn 0.1420138 0.9862908 0.0840389
vn 0.1420138 0.9862908 0.0840389
vn 0.1420138 0.9862908 0.0840389
vn 0.2397754 -0.9634757 0.1192571
vn 0.2397754 -0.9634757 0.1192571
vn 0.2397754 -0.9634757 0.1192571
vn 0.3661422 -0.9305551 -0.0026801
vn 0.3661422 -0.9305551 -0.0026801
vn 0.3661422 -0.9305551 -0.0026801
vn 0.1352517 0.9905533 0.0226065
vn 0.1352517 0.9905533 0.0226065
vn 0.1352517 0.9905533 0.0226065
vn 0.1519466 0.9877373 0.0358793
vn 0.1519466 0.9877373 0.0358793
vn 0.1519466 0.9877373 0.0358793
vn 0.3572424 -0.9167066 -0.1789606
vn 0.3572424 -0.9167066 -0.1789606
vn 0.3572424 -0.9167066 -0.1789606
vn 0.0867306 -0.9938934 0.0682176
vn 0.0867306 -0.9938934 0.0682176
vn 0.0867306 -0.9938934 0.0682176
vn 0.1523015 0.9860414 0.0672802
vn 0.1523015 0.9860414 0.0672802
vn 0.1523015 0.9860414 0.0672802
vn 0.0619578 0.9980726 -0.0035035
vn 0.0619578 0.9980726 -0.0035035
vn 0.0619578 0.9980726 -0.0035035
vn 0.0787515 -0.9968940 0.0008001
vn 0.0787515 -0.9968940 0.0008001
vn 0.0787515 -0.9968940 0.0008001
vn 0.2033452 -0.9699021 -0.1339428
vn 0.2033452 -0.9699021 -0.1339428
vn 0.2033452 -0.9699021 -0.1339428
vn 0.0712212 0.9946936 0.0742438
vn 0.0712212 0.9946936 0.0742438
vn 0.0712212 0.9946936 0.0742438
vn -0.0728485 0.9967409 -0.0346502
vn -0.0728485 0.9967409 -0.0346502
vn -0.0728485 0.9967409 -0.0346502
vn 0.2058118 -0.0433489 0.9776310
vn 0.2058118 -0.0433489 0.9776310
vn 0.2058118 -0.0433489 0.9776310
vn 0.1984211 -0.0385499 0.9793584
vn 0.1984211 -0.0385499 0.9793584
vn 0.1984211 -0.0385499 0.9793584
vn 0.0000000 0.0000000 -1.0000000
vn 0.0000000 0.0000000 -1.0000000
vn 0.0000000 0.0000000 -1.0000000
vn 0.0000000 0.0000000 -1.0000000
vn 0.0000000 0.0000000 -1.0000000
vn 0.0000000 0.0000000 -1.0000000
vn 0.0833424 -0.9679972 0.2367183
vn 0.0833424 -0.9679972 0.2367183
vn 0.0833424 -0.9679972 0.2367183
vn 0.3043395 -0.9523743 0.0189930
vn 0.3043395 -0.9523743 0.0189930
vn 0.3043395 -0.9523743 0.0189930
vn 0.0249100 0.9960803 0.0848730
vn 0.0249100 0.9960803 0.0848730
vn 0.0249100 0.9960803 0.0848730
vn 0.0196159 0.9966871 0.0789301
vn 0.0196159 0.9966871 0.0789301
vn 0.0196159 0.9966871 0.0789301
vn 0.3139792 -0.9479509 -0.0529734
vn 0.3139792 -0.9479509 -0.0529734
vn 0.3139792 -0.9479509 -0.0529734
vn 0.0425351 -0.9915282 0.1227294
vn 0.0425351 -0.9915282 0.1227294
vn 0.0425351 -0.9915282 0.1227294
vn 0.0262468 0.9989966 0.0362883
vn 0.0262468 0.9989966 0.0362883
vn 0.0262468 0.9989966 0.0362883
vn 0.0254418 0.9990436 0.0355618
vn 0.0254418 0.9990436 0.0355618
vn 0.0254418 0.9990436 0.0355618
vn 0.1192025 -0.9876956 -0.1012335
vn 0.1192025 -0.9876956 -0.1012335
vn 0.1192025 -0.9876956 -0.1012335
vn 0.2465130 -0.9511835 -0.1856912
vn 0.2465130 -0.9511835 -0.1856912
vn 0.2465130 -0.9511835 -0.1856912
vn 0.0388805 0.9992377 -0.0035076
vn 0.0388805 0.9992377 -0.0035076
vn 0.0388805 0.9992377 -0.0035076
vn 0.0260091 0.9994777 -0.0191784
vn 0.0260091 0.9994777 -0.0191784
vn 0.0260091 0.9994777 -0.0191784
vn 0.1568505 -0.9818853 0.1062971
vn 0.1568505 -0.9818853 0.1062971
vn 0.1568505 -0.9818853 0.1062971
vn 0.3159585 -0.9487727 0.0007615
vn 0.3159585 -0.9487727 0.0007615
vn 0.3159585 -0.9487727 0.0007615
vn 0.0310913 0.9989131 -0.0347258
vn 0.0310913 0.9989131 -0.0347258
vn 0.0310913 0.9989131 -0.0347258
vn 0.0066484 0.9978373 -0.0653953
vn 0.0066484 0.9978373 -0.0653953
vn 0.0066484 0.9978373 -0.0653953
vn -0.4683366 -0.0504504 0.8821086
vn -0.4683366 -0.0504504 0.8821086
vn -0.4683366 -0.0504504 0.8821086
vn -0.4806785 -0.0388441 0.8760361
vn -0.4806785 -0.0388441 0.8760361
vn -0.4806785 -0.0388441 0.8760361
vn 0.0000000 0.0000000 -1.0000000
vn 0.0000000 0.0000000 -1.0000000
vn 0.0000000 0.0000000 -1.0000000
vn 0.0000000 0.0000000 -1.0000000
vn 0.0000000 0.0000000 -1.0000000
vn 0.0000000 0.0000000 -1.0000000
vn 0.2610930 -0.9653101 0.0026056
vn 0.2610930 -0.9653101 0.0026056
vn 0.2610930 -0.9653101 0.0026056
vn 0.0091987 -0.9713355 0.2375347
vn 0.0091987 -0.9713355 0.2375347
vn 0.0091987 -0.9713355 0.2375347
vn 0.1183852 0.9898686 0.0783901
vn 0.1183852 0.9898686 0.0783901
vn 0.1183852 0.9898686 0.0783901
vn -0.0068059 0.9990784 -0.0423805
vn -0.0068059 0.9990784 -0.0423805
vn -0.0068059 0.9990784 -0.0423805
vn 0.0218098 -0.9975253 -0.0668397
vn 0.0218098 -0.9975253 -0.0668397
vn 0.0218098 -0.9975253 -0.0668397
vn 0.0074569 -0.9984145 -0.0557934
vn 0.0074569 -0.9984145 -0.0557934
vn 0.0074569 -0.9984145 -0.0557934
vn -0.0099090 0.9993180 0.0355716
vn -0.0099090 0.9993180 0.0355716
vn -0.0099090 0.9993180 0.0355716
vn -0.1346289 0.9894657 -0.0532237
vn -0.1346289 0.9894657 -0.0532237
vn -0.1346289 0.9894657 -0.0532237
vn 0.0435915 -0.9834161 0.1760468
vn 0.0435915 -0.9834161 0.1760468
vn 0.0435915 -0.9834161 0.1760468
vn 0.2818258 -0.9544653 -0.0978276
vn 0.2818258 -0.9544653 -0.0978276
vn 0.2818258 -0.9544653 -0.0978276
vn -0.1295089 0.9913958 -0.0190233
vn -0.1295089 0.9913958 -0.0190233
vn -0.1295089 0.9913958 -0.0190233
vn -0.1594939 0.9862885 -0.0423863
vn -0.1594939 0.9862885 -0.0423863
vn -0.1594939 0.9862885 -0.0423863
vn 0.2820990 -0.9544894 -0.0967993
vn 0.2820990 -0.9544894 -0.0967993
vn 0.2820990 -0.9544894 -0.0967993
vn 0.0778625 -0.9911728 0.1073025
vn 0.0778625 -0.9911728 0.1073025
vn 0.0778625 -0.9911728 0.1073025
vn -0.1648893 0.9842007 -0.0645016
vn -0.1648893 0.9842007 -0.0645016
vn -0.1648893 0.9842007 -0.0645016
vn -0.0666751 0.9977711 -0.0027076
vn -0.0666751 0.9977711 -0.0027076
vn -0.0666751 0.9977711 -0.0027076
vn 0.2448191 -0.0546018 0.9680301
vn 0.2448191 -0.0546018 0.9680301
vn 0.2448191 -0.0546018 0.9680301
vn 0.2456081 -0.0553507 0.9677877
vn 0.2456081 -0.0553507 0.9677877
vn 0.2456081 -0.0553507 0.9677877
vn 0.0000000 0.0000000 -1.0000000
vn 0.0000000 0.0000000 -1.0000000
vn 0.0000000 0.0000000 -1.0000000
vn 0.0000000 0.0000000 -1.0000000
vn 0.0000000 0.0000000 -1.0000000
vn 0.0000000 0.0000000 -1.0000000
vn -0.0868229 -0.9786394 -0.1863509
vn -0.0868229 -0.9786394 -0.1863509
vn -0.0868229 -0.9786394 -0.1863509
vn -0.2803758 -0.9598868 0.0025909
vn -0.2803758 -0.9598868 0.0025909
vn -0.2803758 -0.9598868 0.0025909
vn -0.0070253 0.9990768 -0.0423805
vn -0.0070253 0.9990768 -0.0423805
vn -0.0070253 0.9990768 -0.0423805
vn -0.0194042 0.9983618 -0.0538250
vn -0.0194042 0.9983618 -0.0538250
vn -0.0194042 0.9983618 -0.0538250
vn -0.2714091 -0.9451895 0.1815322
vn -0.2714091 -0.9451895 0.1815322
vn -0.2714091 -0.9451895 0.1815322
vn -0.0152450 -0.9976467 -0.0668479
vn -0.0152450 -0.9976467 -0.0668479
vn -0.0152450 -0.9976467 -0.0668479
vn -0.0194012 0.9983685 -0.0537026
vn -0.0194012 0.9983685 -0.0537026
vn -0.0194012 0.9983685 -0.0537026
vn -0.0564043 0.9949960 -0.0824708
vn -0.0564043 0.9949960 -0.0824708
vn -0.0564043 0.9949960 -0.0824708
vn 0.0084252 -0.9987795 0.0486678
vn 0.0084252 -0.9987795 0.0486678
vn 0.0084252 -0.9987795 0.0486678
vn -0.1087631 -0.9785124 0.1751689
vn -0.1087631 -0.9785124 0.1751689
vn -0.1087631 -0.9785124 0.1751689
vn -0.0484079 0.9979066 -0.0428856
vn -0.0484079 0.9979066 -0.0428856
vn -0.0484079 0.9979066 -0.0428856
vn -0.0613485 0.9966973 -0.0532061
vn -0.0613485 0.9966973 -0.0532061
vn -0.0613485 0.9966973 -0.0532061
vn -0.1521980 -0.9751053 -0.1612617
vn -0.1521980 -0.9751053 -0.1612617
vn -0.1521980 -0.9751053 -0.1612617
vn -0.2178941 -0.9709919 -0.0984729
vn -0.2178941 -0.9709919 -0.0984729
vn -0.2178941 -0.9709919 -0.0984729
vn -0.0548583 0.9984905 -0.0027096
vn -0.0548583 0.9984905 -0.0027096
vn -0.0548583 0.9984905 -0.0027096
vn -0.0307903 0.9994341 0.0135459
vn -0.0307903 0.9994341 0.0135459
vn -0.0307903 0.9994341 0.0135459
vn 0.2106270 -0.0450990 0.9765257
vn 0.2106270 -0.0450990 0.9765257
vn 0.2106270 -0.0450990 0.9765257
vn 0.2209505 -0.0549238 0.9737373
vn 0.2209505 -0.0549238 0.9737373
vn 0.2209505 -0.0549238 0.9737373
vn 0.0000000 0.0000000 -1.0000000
vn 0.0000000 0.0000000 -1.0000000
vn 0.0000000 0.0000000 -1.0000000
vn 0.0000000 0.0000000 -1.0000000
vn 0.0000000 0.0000000 -1.0000000
vn 0.0000000 0.0000000 -1.0000000
vn -0.2989370 -0.9538049 0.0298826
vn -0.2989370 -0.9538049 0.0298826
vn -0.2989370 -0.9538049 0.0298826
vn -0.0660104 -0.9802064 -0.1866493
vn -0.0660104 -0.9802064 -0.1866493
vn -0.0660104 -0.9802064 -0.1866493
vn -0.1580877 0.9859932 -0.0531582
vn -0.1580877 0.9859932 -0.0531582
vn -0.1580877 0.9859932 -0.0531582
vn -0.1215362 0.9924271 -0.0178175
vn -0.1215362 0.9924271 -0.0178175
vn -0.1215362 0.9924271 -0.0178175
vn -0.0822612 -0.9931756 0.0826762
vn -0.0822612 -0.9931756 0.0826762
vn -0.0822612 -0.9931756 0.0826762
vn -0.2210727 -0.9577531 0.1839451
vn -0.2210727 -0.9577531 0.1839451
vn -0.2210727 -0.9577531 0.1839451
vn -0.1175631 0.9896717 -0.0820295
vn -0.1175631 0.9896717 -0.0820295
vn -0.1175631 0.9896717 -0.0820295
vn -0.0063165 0.9996023 0.0274824
vn -0.0063165 0.9996023 0.0274824
vn -0.0063165 0.9996023 0.0274824
vn -0.1468252 -0.9847174 -0.0936692
vn -0.1468252 -0.9847174 -0.0936692
vn -0.1468252 -0.9847174 -0.0936692
vn -0.3635749 -0.9304610 0.0453388
vn -0.3635749 -0.9304610 0.0453388
vn -0.3635749 -0.9304610 0.0453388
vn 0.0166689 0.9984395 -0.0532991
vn 0.0166689 0.9984395 -0.0532991
vn 0.0166689 0.9984395 -0.0532991
vn 0.0960237 0.9945069 0.0416587
vn 0.0960237 0.9945069 0.0416587
vn 0.0960237 0.9945069 0.0416587
vn -0.3896809 -0.9152706 0.1021202
vn -0.3896809 -0.9152706 0.1021202
vn -0.3896809 -0.9152706 0.1021202
vn 0.0779860 -0.9835945 -0.1626656
vn 0.0779860 -0.9835945 -0.1626656
vn 0.0779860 -0.9835945 -0.1626656
vn 0.1116255 0.9936591 0.0134676
vn 0.1116255 0.9936591 0.0134676
vn 0.1116255 0.9936591 0.0134676
vn 0.1246651 0.9916715 0.0323463
vn 0.1246651 0.9916715 0.0323463
vn 0.1246651 0.9916715 0.0323463
vn -0.5302521 -0.0431588 0.8467408
vn -0.5302521 -0.0431588 0.8467408
vn -0.5302521 -0.0431588 0.8467408
vn -0.5336881 -0.0390146 0.8447810
vn -0.5336881 -0.0390146 0.8447810
vn -0.5336881 -0.0390146 0.8447810
vn 0.0000000 0.0000000 -1.0000000
vn 0.0000000 0.0000000 -1.0000000
vn 0.0000000 0.0000000 -1.0000000
vn 0.0000000 0.0000000 -1.0000000
vn 0.0000000 0.0000000 -1.0000000
vn 0.0000000 0.0000000 -1.0000000
vn -0.1443119 -0.9838635 0.1057669
vn -0.1443119 -0.9838635 0.1057669
vn -0.1443119 -0.9838635 0.1057669
vn -0.0761245 -0.9966093 0.0312236
vn -0.0761245 -0.9966093 0.0312236
vn -0.0761245 -0.9966093 0.0312236
vn -0.0165993 0.9997011 -0.0179481
vn -0.0165993 0.9997011 -0.0179481
vn -0.0165993 0.9997011 -0.0179481
vn -0.0131652 0.9998030 -0.0148537
vn -0.0131652 0.9998030 -0.0148537
vn -0.0131652 0.9998030 -0.0148537
vn -0.1107187 -0.9807379 -0.1609176
vn -0.1107187 -0.9807379 -0.1609176
vn -0.1107187 -0.9807379 -0.1609176
vn -0.3637844 -0.9282725 0.0772734
vn -0.3637844 -0.9282725 0.0772734
vn -0.3637844 -0.9282725 0.0772734
vn -0.0052531 0.9996085 0.0274826
vn -0.0052531 0.9996085 0.0274826
vn -0.0052531 0.9996085 0.0274826
vn 0.0175308 0.9989320 0.0427492
vn 0.0175308 0.9989320 0.0427492
vn 0.0175308 0.9989320 0.0427492
vn -0.3650830 -0.9283379 0.0700224
vn -0.3650830 -0.9283379 0.0700224
vn -0.3650830 -0.9283379 0.0700224
vn -0.2122249 -0.9728295 -0.0925384
vn -0.2122249 -0.9728295 -0.0925384
vn -0.2122249 -0.9728295 -0.0925384
vn 0.0173727 0.9989730 0.0418458
vn 0.0173727 0.9989730 0.0418458
vn 0.0173727 0.9989730 0.0418458
vn 0.0749073 0.9941096 0.0783259
vn 0.0749073 0.9941096 0.0783259
vn 0.0749073 0.9941096 0.0783259
vn -0.1203631 -0.9797246 0.1601635
vn -0.1203631 -0.9797246 0.1601635
vn -0.1203631 -0.9797246 0.1601635
vn -0.0835519 -0.9903582 0.1104980
vn -0.0835519 -0.9903582 0.1104980
vn -0.0835519 -0.9903582 0.1104980
vn 0.0582062 0.9977739 0.0325454
vn 0.0582062 0.9977739 0.0325454
vn 0.0582062 0.9977739 0.0325454
vn 0.1002837 0.9933031 0.0573772
vn 0.1002837 0.9933031 0.0573772
vn 0.1002837 0.9933031 0.0573772
vn 0.4596318 -0.0425986 0.8870874
vn 0.4596318 -0.0425986 0.8870874
vn 0.4596318 -0.0425986 0.8870874
vn 0.4618580 -0.0451498 0.8858040
vn 0.4618580 -0.0451498 0.8858040
vn 0.4618580 -0.0451498 0.8858040
vn 0.0000000 0.0000000 -1.0000000
vn 0.0000000 0.0000000 -1.0000000
vn 0.0000000 0.0000000 -1.0000000
vn 0.0000000 0.0000000 -1.0000000
vn 0.0000000 0.0000000 -1.0000000
vn 0.0000000 0.0000000 -1.0000000
vn -0.0858255 -0.9794455 -0.1825389
vn -0.0858255 -0.9794455 -0.1825389
vn -0.0858255 -0.9794455 -0.1825389
vn -0.3266138 -0.9397434 0.1010240
vn -0.3266138 -0.9397434 0.1010240
vn -0.3266138 -0.9397434 0.1010240
vn 0.0743876 0.9971194 -0.0148138
vn 0.0743876 0.9971194 -0.0148138
vn 0.0743876 0.9971194 -0.0148138
vn 0.1585261 0.9843018 0.0775850
vn 0.1585261 0.9843018 0.0775850
vn 0.1585261 0.9843018 0.0775850
vn -0.3333516 -0.9400839 -0.0715470
vn -0.3333516 -0.9400839 -0.0715470
vn -0.3333516 -0.9400839 -0.0715470
vn -0.2375645 -0.9585545 -0.1572778
vn -0.2375645 -0.9585545 -0.1572778
vn -0.2375645 -0.9585545 -0.1572778
vn 0.1575348 0.9866104 0.0422219
vn 0.1575348 0.9866104 0.0422219
vn 0.1575348 0.9866104 0.0422219
vn 0.1266028 0.9917720 0.0189766
vn 0.1266028 0.9917720 0.0189766
vn 0.1266028 0.9917720 0.0189766
vn -0.2050113 -0.9631017 0.1743718
vn -0.2050113 -0.9631017 0.1743718
vn -0.2050113 -0.9631017 0.1743718
vn -0.1207418 -0.9898721 0.0746637
vn -0.1207418 -0.9898721 0.0746637
vn -0.1207418 -0.9898721 0.0746637
vn 0.1321164 0.9881717 0.0778581
vn 0.1321164 0.9881717 0.0778581
vn 0.1321164 0.9881717 0.0778581
vn -0.0037849 0.9996370 -0.0266730
vn -0.0037849 0.9996370 -0.0266730
vn -0.0037849 0.9996370 -0.0266730
vn -0.1773723 -0.9794935 -0.0955588
vn -0.1773723 -0.9794935 -0.0955588
vn -0.1773723 -0.9794935 -0.0955588
vn -0.3507249 -0.9242102 0.1510881
vn -0.3507249 -0.9242102 0.1510881
vn -0.3507249 -0.9242102 0.1510881
vn 0.0250190 0.9980233 0.0576499
vn 0.0250190 0.9980233 0.0576499
vn 0.0250190 0.9980233 0.0576499
vn -0.1243032 0.9913803 -0.0413989
vn -0.1243032 0.9913803 -0.0413989
vn -0.1243032 0.9913803 -0.0413989
vn 0.3178471 -0.0316411 0.9476139
vn 0.3178471 -0.0316411 0.9476139
vn 0.3178471 -0.0316411 0.9476139
vn 0.3344697 -0.0452030 0.9413218
vn 0.3344697 -0.0452030 0.9413218
vn 0.3344697 -0.0452030 0.9413218
vn 0.0000000 0.0000000 -1.0000000
vn 0.0000000 0.0000000 -1.0000000
vn 0.0000000 0.0000000 -1.0000000
vn 0.0000000 0.0000000 -1.0000000
vn 0.0000000 0.0000000 -1.0000000
vn 0.0000000 0.0000000 -1.0000000
vn -1.0000000 0.0000000 0.0000000
vn -1.0000000 0.0000000 0.0000000
vn -1.0000000 0.0000000 0.0000000
vn -1.0000000 0.0000000 0.0000000
vn -1.0000000 0.0000000 0.0000000
vn -1.0000000 0.0000000 0.0000000
vn -1.0000000 0.0000000 0.0000000
vn -1.0000000 0.0000000 0.0000000
vn -1.0000000 0.0000000 0.0000000
vn -1.0000000 0.0000000 0.0000000
vn -1.0000000 0.0000000 0.0000000
vn -1.0000000 0.0000000 0.0000000
vn -1.0000000 0.0000000 0.0000000
vn -1.0000000 0.0000000 0.0000000
vn -1.0000000 0.0000000 0.0000000
vn -1.0000000 0.0000000 0.0000000
vn -1.0000000 0.0000000 0.0000000
vn -1.0000000 0.0000000 0.0000000
vn -1.0000000 0.0000000 0.0000000
vn -1.0000000 0.0000000 0.0000000
vn -1.0000000 0.0000000 0.0000000
vn -1.0000000 0.0000000 0.0000000
vn -1.0000000 0.0000000 0.0000000
vn -1.0000000 0.0000000 0.0000000
vn 1.0000000 0.0000000 0.0000000
vn 1.0000000 0.0000000 0.0000000
vn 1.0000000 0.0000000 0.0000000
vn 1.0000000 0.0000000 0.0000000
vn 1.0000000 0.0000000 0.0000000
vn 1.0000000 0.0000000 0.0000000
vn 1.0000000 0.0000000 0.0000000
vn 1.0000000 0.0000000 0.0000000
vn 1.0000000 0.0000000 0.0000000
vn 1.0000000 0.0000000 0.0000000
vn 1.0000000 0.0000000 0.0000000
vn 1.0000000 0.0000000 0.0000000
vn 1.0000000 0.0000000 -0.0000000
vn 1.0000000 0.0000000 -0.0000000
vn 1.0000000 0.0000000 -0.0000000
vn 1.0000000 0.0000000 0.0000000
vn 1.0000000 0.0000000 0.0000000
vn 1.0000000 0.0000000 0.0000000
vn 1.0000000 0.0000000 -0.0000000
vn 1.0000000 0.0000000 -0.0000000
vn 1.0000000 0.0000000 -0.0000000
vn 1.0000000 0.0000000 0.0000000
vn 1.0000000 0.0000000 0.0000000
vn 1.0000000 0.0000000 0.0000000
vn 0.7842218 0.5019211 -0.3647895
vn 0.7842218 0.5019211 -0.3647895
vn 0.7842218 0.5019211 -0.3647895
vn 0.8404567 0.4332023 -0.3255276
vn 0.8404567 0.4332023 -0.3255276
vn 0.8404567 0.4332023 -0.3255276
vn -0.0328624 0.9570743 -0.2879738
vn -0.0328624 0.9570743 -0.2879738
vn -0.0328624 0.9570743 -0.2879738
vn 0.1556014 0.9697184 -0.1882406
vn 0.1556014 0.9697184 -0.1882406
vn 0.1556014 0.9697184 -0.1882406
vn -0.0906670 0.9119075 -0.4002551
vn -0.0906670 0.9119075 -0.4002551
vn -0.0906670 0.9119075 -0.4002551
vn -0.0080378 0.9575606 -0.2881201
vn -0.0080378 0.9575606 -0.2881201
vn -0.0080378 0.9575606 -0.2881201
vn -0.6667855 0.6087195 -0.4299507
vn -0.6667855 0.6087195 -0.4299507
vn -0.6667855 0.6087195 -0.4299507
vn -0.6714349 0.5838853 -0.4563477
vn -0.6714349 0.5838853 -0.4563477
vn -0.6714349 0.5838853 -0.4563477
vn -0.8648154 -0.3779721 -0.3305017
vn -0.8648154 -0.3779721 -0.3305017
vn -0.8648154 -0.3779721 -0.3305017
vn -0.6534294 -0.6288909 -0.4213386
vn -0.6534294 -0.6288909 -0.4213386
vn -0.6534294 -0.6288909 -0.4213386
vn -0.1660795 -0.8880932 -0.4286118
vn -0.1660795 -0.8880932 -0.4286118
vn -0.1660795 -0.8880932 -0.4286118
vn -0.3641436 -0.8901961 -0.2737706
vn -0.3641436 -0.8901961 -0.2737706
vn -0.3641436 -0.8901961 -0.2737706
vn 0.1703553 -0.9428222 -0.2864705
vn 0.1703553 -0.9428222 -0.2864705
vn 0.1703553 -0.9428222 -0.2864705
vn 0.2278123 -0.8769192 -0.4232190
vn 0.2278123 -0.8769192 -0.4232190
vn 0.2278123 -0.8769192 -0.4232190
vn 0.7671152 -0.5685539 -0.2971208
vn 0.7671152 -0.5685539 -0.2971208
vn 0.7671152 -0.5685539 -0.2971208
vn 0.7963398 -0.2948928 -0.5280920
vn 0.7963398 -0.2948928 -0.5280920
vn 0.7963398 -0.2948928 -0.5280920
vn 0.9278753 0.3661992 -0.0703251
vn 0.9278753 0.3661992 -0.0703251
vn 0.9278753 0.3661992 -0.0703251
vn 0.9691948 0.2460955 -0.0099184
vn 0.9691948 0.2460955 -0.0099184
vn 0.9691948 0.2460955 -0.0099184
vn 0.1667112 0.9784036 -0.1222036
vn 0.1667112 0.9784036 -0.1222036
vn 0.1667112 0.9784036 -0.1222036
vn 0.2812174 0.9593352 0.0243453
vn 0.2812174 0.9593352 0.0243453
vn 0.2812174 0.9593352 0.0243453
vn -0.1085094 0.9939894 0.0145211
vn -0.1085094 0.9939894 0.0145211
vn -0.1085094 0.9939894 0.0145211
vn -0.1744653 0.9770715 -0.1220372
vn -0.1744653 0.9770715 -0.1220372
vn -0.1744653 0.9770715 -0.1220372
vn -0.7707955 0.6295993 -0.0973603
vn -0.7707955 0.6295993 -0.0973603
vn -0.7707955 0.6295993 -0.0973603
vn -0.7159826 0.6981107 -0.0032341
vn -0.7159826 0.6981107 -0.0032341
vn -0.7159826 0.6981107 -0.0032341
vn -0.8607692 -0.5042716 0.0691848
vn -0.8607692 -0.5042716 0.0691848
vn -0.8607692 -0.5042716 0.0691848
vn -0.7151312 -0.6931291 -0.0903293
vn -0.7151312 -0.6931291 -0.0903293
vn -0.7151312 -0.6931291 -0.0903293
vn -0.3746484 -0.9263611 0.0386481
vn -0.3746484 -0.9263611 0.0386481
vn -0.3746484 -0.9263611 0.0386481
vn -0.3428777 -0.9390417 -0.0252113
vn -0.3428777 -0.9390417 -0.0252113
vn -0.3428777 -0.9390417 -0.0252113
vn 0.3721821 -0.9280658 0.0132017
vn 0.3721821 -0.9280658 0.0132017
vn 0.3721821 -0.9280658 0.0132017
vn 0.3615103 -0.9315577 0.0388649
vn 0.3615103 -0.9315577 0.0388649
vn 0.3615103 -0.9315577 0.0388649
vn 0.9462649 -0.3232474 -0.0096837
vn 0.9462649 -0.3232474 -0.0096837
vn 0.9462649 -0.3232474 -0.0096837
vn 0.9722544 -0.2171414 -0.0870113
vn 0.9722544 -0.2171414 -0.0870113
vn 0.9722544 -0.2171414 -0.0870113
vn 0.7411253 -0.1427000 0.6560260
vn 0.7411253 -0.1427000 0.6560260
vn 0.7411253 -0.1427000 0.6560260
vn 0.7631163 0.1129919 0.6363068
vn 0.7631163 0.1129919 0.6363068
vn 0.7631163 0.1129919 0.6363068
vn 0.1280105 0.7232926 0.6785729
vn 0.1280105 0.7232926 0.6785729
vn 0.1280105 0.7232926 0.6785729
vn -0.0345166 0.9069754 0.4197669
vn -0.0345166 0.9069754 0.4197669
vn -0.0345166 0.9069754 0.4197669
vn -0.3210563 0.7125763 0.6238251
vn -0.3210563 0.7125763 0.6238251
vn -0.3210563 0.7125763 0.6238251
vn -0.2179721 0.7117568 0.6677503
vn -0.2179721 0.7117568 0.6677503
vn -0.2179721 0.7117568 0.6677503
vn -0.4998095 0.6556247 0.5659918
vn -0.4998095 0.6556247 0.5659918
vn -0.4998095 0.6556247 0.5659918
vn -0.0355791 0.8558255 0.5160396
vn -0.0355791 0.8558255 0.5160396
vn -0.0355791 0.8558255 0.5160396
vn -0.5645245 -0.3051914 0.7669226
vn -0.5645245 -0.3051914 0.7669226
vn -0.5645245 -0.3051914 0.7669226
vn -0.4667698 -0.7090361 0.5285771
vn -0.4667698 -0.7090361 0.5285771
vn -0.4667698 -0.7090361 0.5285771
vn -0.0562075 -0.6897413 0.7218709
vn -0.0562075 -0.6897413 0.7218709
vn -0.0562075 -0.6897413 0.7218709
vn 0.1900720 -0.9120441 0.3633845
vn 0.1900720 -0.9120441 0.3633845
vn 0.1900720 -0.9120441 0.3633845
vn 0.3426509 -0.7424201 0.5756759
vn 0.3426509 -0.7424201 0.5756759
vn 0.3426509 -0.7424201 0.5756759
vn -0.1853612 -0.6788617 0.7104844
vn -0.1853612 -0.6788617 0.7104844
vn -0.1853612 -0.6788617 0.7104844
vn 0.7406649 -0.2645801 0.6175863
vn 0.7406649 -0.2645801 0.6175863
vn 0.7406649 -0.2645801 0.6175863
vn 0.4430668 -0.6483133 0.6191782
vn 0.4430668 -0.6483133 0.6191782
vn 0.4430668 -0.6483133 0.6191782
vn -0.1223307 -0.1280518 -0.9841940
vn -0.1223307 -0.1280518 -0.9841940
vn -0.1223307 -0.1280518 -0.9841940
vn 0.2411458 -0.2567756 0.9359033
vn 0.2411458 -0.2567756 0.9359033
vn 0.2411458 -0.2567756 0.9359033
vn -0.3905643 0.2535627 -0.8849664
vn -0.3905643 0.2535627 -0.8849664
vn -0.3905643 0.2535627 -0.8849664
vn -0.2907987 0.7267093 0.6223582
vn -0.2907987 0.7267093 0.6223582
vn -0.2907987 0.7267093 0.6223582
vn 0.0480939 0.2751206 -0.9602060
vn 0.0480939 0.2751206 -0.9602060
vn 0.0480939 0.2751206 -0.9602060
vn -0.2301263 0.7391478 0.6330106
vn -0.2301263 0.7391478 0.6330106
vn -0.2301263 0.7391478 0.6330106
vn 0.1792268 0.4482904 -0.8757360
vn 0.1792268 0.4482904 -0.8757360
vn 0.1792268 0.4482904 -0.8757360
vn -0.0293954 0.8544286 0.5187367
vn -0.0293954 0.8544286 0.5187367
vn -0.0293954 0.8544286 0.5187367
vn 0.1926423 -0.2772510 -0.9412868
vn 0.1926423 -0.2772510 -0.9412868
vn 0.1926423 -0.2772510 -0.9412868
vn -0.0498281 -0.4736361 0.8793100
vn -0.0498281 -0.4736361 0.8793100
vn -0.0498281 -0.4736361 0.8793100
vn 0.1958184 -0.2839954 -0.9386169
vn 0.1958184 -0.2839954 -0.9386169
vn 0.1958184 -0.2839954 -0.9386169
vn 0.3702939 -0.7756745 0.5110886
vn 0.3702939 -0.7756745 0.5110886
vn 0.3702939 -0.7756745 0.5110886
vn -0.2203916 -0.2824812 -0.9336123
vn -0.2203916 -0.2824812 -0.9336123
vn -0.2203916 -0.2824812 -0.9336123
vn -0.0537420 -0.8338263 0.5494046
vn -0.0537420 -0.8338263 0.5494046
vn -0.0537420 -0.8338263 0.5494046
vn -0.1219861 -0.1480910 -0.9814216
vn -0.1219861 -0.1480910 -0.9814216
vn -0.1219861 -0.1480910 -0.9814216
vn 0.1952332 -0.6226992 0.7577135
vn 0.1952332 -0.6226992 0.7577135
vn 0.1952332 -0.6226992 0.7577135
vn 0.7216992 0.4690105 -0.5090966
vn 0.7216992 0.4690105 -0.5090966
vn 0.7216992 0.4690105 -0.5090966
vn 0.6449957 0.4829104 -0.5922652
vn 0.6449957 0.4829104 -0.5922652
vn 0.6449957 0.4829104 -0.5922652
vn 0.3297972 0.9139889 -0.2363431
vn 0.3297972 0.9139889 -0.2363431
vn 0.3297972 0.9139889 -0.2363431
vn 0.0865244 0.8817640 -0.4636871
vn 0.0865244 0.8817640 -0.4636871
vn 0.0865244 0.8817640 -0.4636871
vn -0.4133265 0.8082378 -0.4194196
vn -0.4133265 0.8082378 -0.4194196
vn -0.4133265 0.8082378 -0.4194196
vn -0.2846470 0.9281052 -0.2399933
vn -0.2846470 0.9281052 -0.2399933
vn -0.2846470 0.9281052 -0.2399933
vn -0.7945101 0.3536969 -0.4936114
vn -0.7945101 0.3536969 -0.4936114
vn -0.7945101 0.3536969 -0.4936114
vn -0.7947858 0.3621156 -0.4870194
vn -0.7947858 0.3621156 -0.4870194
vn -0.7947858 0.3621156 -0.4870194
vn -0.7807778 -0.2676727 -0.5645683
vn -0.7807778 -0.2676727 -0.5645683
vn -0.7807778 -0.2676727 -0.5645683
vn -0.8265731 -0.2303527 -0.5135314
vn -0.8265731 -0.2303527 -0.5135314
vn -0.8265731 -0.2303527 -0.5135314
vn -0.0683672 -0.9446705 -0.3208169
vn -0.0683672 -0.9446705 -0.3208169
vn -0.0683672 -0.9446705 -0.3208169
vn -0.1170299 -0.9513451 -0.2850376
vn -0.1170299 -0.9513451 -0.2850376
vn -0.1170299 -0.9513451 -0.2850376
vn 0.2523911 -0.8491230 -0.4639924
vn 0.2523911 -0.8491230 -0.4639924
vn 0.2523911 -0.8491230 -0.4639924
vn 0.1077152 -0.9413769 -0.3196983
vn 0.1077152 -0.9413769 -0.3196983
vn 0.1077152 -0.9413769 -0.3196983
vn 0.5962619 -0.5871102 -0.5475156
vn 0.5962619 -0.5871102 -0.5475156
vn 0.5962619 -0.5871102 -0.5475156
vn 0.5913516 -0.6373038 -0.4941125
vn 0.5913516 -0.6373038 -0.4941125
vn 0.5913516 -0.6373038 -0.4941125
vn 0.7108747 0.7033186 0.0000764
vn 0.7108747 0.7033186 0.0000764
vn 0.7108747 0.7033186 0.0000764
vn 0.7651759 0.6027766 0.2261996
vn 0.7651759 0.6027766 0.2261996
vn 0.7651759 0.6027766 0.2261996
vn 0.1972270 0.9750225 0.1021403
vn 0.1972270 0.9750225 0.1021403
vn 0.1972270 0.9750225 0.1021403
vn 0.0981775 0.9951689 -0.0003291
vn 0.0981775 0.9951689 -0.0003291
vn 0.0981775 0.9951689 -0.0003291
vn -0.2697085 0.9615568 -0.0516308
vn -0.2697085 0.9615568 -0.0516308
vn -0.2697085 0.9615568 -0.0516308
vn -0.1724222 0.9796624 0.1026264
vn -0.1724222 0.9796624 0.1026264
vn -0.1724222 0.9796624 0.1026264
vn -0.9678792 0.2504445 -0.0220780
vn -0.9678792 0.2504445 -0.0220780
vn -0.9678792 0.2504445 -0.0220780
vn -0.9298823 0.3375833 0.1461381
vn -0.9298823 0.3375833 0.1461381
vn -0.9298823 0.3375833 0.1461381
vn -0.9374747 -0.3336212 -0.0991867
vn -0.9374747 -0.3336212 -0.0991867
vn -0.9374747 -0.3336212 -0.0991867
vn -0.9672554 -0.2528441 -0.0220637
vn -0.9672554 -0.2528441 -0.0220637
vn -0.9672554 -0.2528441 -0.0220637
vn -0.1557217 -0.9801298 -0.1228669
vn -0.1557217 -0.9801298 -0.1228669
vn -0.1557217 -0.9801298 -0.1228669
vn -0.2824975 -0.9587788 0.0306313
vn -0.2824975 -0.9587788 0.0306313
vn -0.2824975 -0.9587788 0.0306313
vn 0.1007692 -0.9946259 0.0237662
vn 0.1007692 -0.9946259 0.0237662
vn 0.1007692 -0.9946259 0.0237662
vn 0.1813489 -0.9757817 -0.1223218
vn 0.1813489 -0.9757817 -0.1223218
vn 0.1813489 -0.9757817 -0.1223218
vn 0.7051450 -0.6777298 0.2084534
vn 0.7051450 -0.6777298 0.2084534
vn 0.7051450 -0.6777298 0.2084534
vn 0.7862883 -0.6177689 -0.0105974
vn 0.7862883 -0.6177689 -0.0105974
vn 0.7862883 -0.6177689 -0.0105974
vn 0.5399584 0.4217945 0.7283779
vn 0.5399584 0.4217945 0.7283779
vn 0.5399584 0.4217945 0.7283779
vn 0.3864365 -0.5599928 0.7328540
vn 0.3864365 -0.5599928 0.7328540
vn 0.3864365 -0.5599928 0.7328540
vn 0.2311967 0.7198892 0.6544522
vn 0.2311967 0.7198892 0.6544522
vn 0.2311967 0.7198892 0.6544522
vn 0.3106646 0.6459520 0.6973044
vn 0.3106646 0.6459520 0.6973044
vn 0.3106646 0.6459520 0.6973044
vn -0.1526857 0.6060964 0.7805987
vn -0.1526857 0.6060964 0.7805987
vn -0.1526857 0.6060964 0.7805987
vn -0.5251731 0.6296824 0.5724450
vn -0.5251731 0.6296824 0.5724450
vn -0.5251731 0.6296824 0.5724450
vn -0.5979148 -0.0123379 0.8014647
vn -0.5979148 -0.0123379 0.8014647
vn -0.5979148 -0.0123379 0.8014647
vn -0.4431924 0.1919162 0.8756419
vn -0.4431924 0.1919162 0.8756419
vn -0.4431924 0.1919162 0.8756419
vn -0.6773558 -0.0141010 0.7355204
vn -0.6773558 -0.0141010 0.7355204
vn -0.6773558 -0.0141010 0.7355204
vn -0.4662104 0.6261933 0.6249238
vn -0.4662104 0.6261933 0.6249238
vn -0.4662104 0.6261933 0.6249238
vn -0.2914819 -0.6438603 0.7074477
vn -0.2914819 -0.6438603 0.7074477
vn -0.2914819 -0.6438603 0.7074477
vn -0.2197689 -0.7434621 0.6316374
vn -0.2197689 -0.7434621 0.6316374
vn -0.2197689 -0.7434621 0.6316374
vn 0.2572834 -0.4981185 0.8280599
vn 0.2572834 -0.4981185 0.8280599
vn 0.2572834 -0.4981185 0.8280599
vn 0.6139462 -0.5313007 0.5837719
vn 0.6139462 -0.5313007 0.5837719
vn 0.6139462 -0.5313007 0.5837719
vn 0.4507246 -0.2573158 0.8547725
vn 0.4507246 -0.2573158 0.8547725
vn 0.4507246 -0.2573158 0.8547725
vn 0.5207344 -0.1886365 0.8326175
vn 0.5207344 -0.1886365 0.8326175
vn 0.5207344 -0.1886365 0.8326175
vn 0.1175525 -0.3165290 -0.9412708
vn 0.1175525 -0.3165290 -0.9412708
vn 0.1175525 -0.3165290 -0.9412708
vn 0.5456227 -0.4539037 0.7044624
vn 0.5456227 -0.4539037 0.7044624
vn 0.5456227 -0.4539037 0.7044624
vn 0.0242276 -0.1778009 -0.9837682
vn 0.0242276 -0.1778009 -0.9837682
vn 0.0242276 -0.1778009 -0.9837682
vn 0.3027940 0.0593618 0.9512055
vn 0.3027940 0.0593618 0.9512055
vn 0.3027940 0.0593618 0.9512055
vn -0.2023135 -0.1741753 -0.9637075
vn -0.2023135 -0.1741753 -0.9637075
vn -0.2023135 -0.1741753 -0.9637075
vn -0.6302205 0.0483596 0.7749087
vn -0.6302205 0.0483596 0.7749087
vn -0.6302205 0.0483596 0.7749087
vn -0.0983021 0.0482066 -0.9939883
vn -0.0983021 0.0482066 -0.9939883
vn -0.0983021 0.0482066 -0.9939883
vn -0.5144544 0.2516144 0.8197725
vn -0.5144544 0.2516144 0.8197725
vn -0.5144544 0.2516144 0.8197725
vn -0.0916209 0.3651453 -0.9264311
vn -0.0916209 0.3651453 -0.9264311
vn -0.0916209 0.3651453 -0.9264311
vn -0.3953525 0.6684413 0.6299862
vn -0.3953525 0.6684413 0.6299862
vn -0.3953525 0.6684413 0.6299862
vn 0.1079123 0.1110901 -0.9879342
vn 0.1079123 0.1110901 -0.9879342
vn 0.1079123 0.1110901 -0.9879342
vn 0.0077571 -0.2298294 0.9732000
vn 0.0077571 -0.2298294 0.9732000
vn 0.0077571 -0.2298294 0.9732000
vn 0.2711615 0.1075560 -0.9565057
vn 0.2711615 0.1075560 -0.9565057
vn 0.2711615 0.1075560 -0.9565057
vn 0.6197682 -0.1803721 0.7637757
vn 0.6197682 -0.1803721 0.7637757
vn 0.6197682 -0.1803721 0.7637757
vn 0.1229914 -0.1224791 -0.9848208
vn 0.1229914 -0.1224791 -0.9848208
vn 0.1229914 -0.1224791 -0.9848208
vn 0.5962672 -0.2275872 0.7698503
vn 0.5962672 -0.2275872 0.7698503
vn 0.5962672 -0.2275872 0.7698503
vn 0.6103806 0.7625006 -0.2145421
vn 0.6103806 0.7625006 -0.2145421
vn 0.6103806 0.7625006 -0.2145421
vn 0.7009804 0.6910948 -0.1761094
vn 0.7009804 0.6910948 -0.1761094
vn 0.7009804 0.6910948 -0.1761094
vn 0.1756324 0.9703762 -0.1659015
vn 0.1756324 0.9703762 -0.1659015
vn 0.1756324 0.9703762 -0.1659015
vn 0.1563644 0.9719582 -0.1756346
vn 0.1563644 0.9719582 -0.1756346
vn 0.1563644 0.9719582 -0.1756346
vn -0.1778655 0.9588394 -0.2213388
vn -0.1778655 0.9588394 -0.2213388
vn -0.1778655 0.9588394 -0.2213388
vn -0.1415109 0.9757787 -0.1668251
vn -0.1415109 0.9757787 -0.1668251
vn -0.1415109 0.9757787 -0.1668251
vn -0.9328380 0.2951713 -0.2066086
vn -0.9328380 0.2951713 -0.2066086
vn -0.9328380 0.2951713 -0.2066086
vn -0.9536385 0.1744723 -0.2452202
vn -0.9536385 0.1744723 -0.2452202
vn -0.9536385 0.1744723 -0.2452202
vn -0.7412634 -0.6129662 -0.2734977
vn -0.7412634 -0.6129662 -0.2734977
vn -0.7412634 -0.6129662 -0.2734977
vn -0.9228265 -0.3265203 -0.2043912
vn -0.9228265 -0.3265203 -0.2043912
vn -0.9228265 -0.3265203 -0.2043912
vn -0.1650851 -0.9420572 -0.2920192
vn -0.1650851 -0.9420572 -0.2920192
vn -0.1650851 -0.9420572 -0.2920192
vn -0.3177544 -0.9309123 -0.1800958
vn -0.3177544 -0.9309123 -0.1800958
vn -0.3177544 -0.9309123 -0.1800958
vn -0.0237188 -0.9855934 -0.1674608
vn -0.0237188 -0.9855934 -0.1674608
vn -0.0237188 -0.9855934 -0.1674608
vn 0.1047296 -0.9499100 -0.2944534
vn 0.1047296 -0.9499100 -0.2944534
vn 0.1047296 -0.9499100 -0.2944534
vn 0.6965403 -0.6958511 -0.1749939
vn 0.6965403 -0.6958511 -0.1749939
vn 0.6965403 -0.6958511 -0.1749939
vn 0.7657752 -0.5914270 -0.2525914
vn 0.7657752 -0.5914270 -0.2525914
vn 0.7657752 -0.5914270 -0.2525914
vn 0.7637217 0.6453876 -0.0142837
vn 0.7637217 0.6453876 -0.0142837
vn 0.7637217 0.6453876 -0.0142837
vn 0.8749355 0.4761550 0.0881157
vn 0.8749355 0.4761550 0.0881157
vn 0.8749355 0.4761550 0.0881157
vn 0.1042611 0.9940715 0.0308460
vn 0.1042611 0.9940715 0.0308460
vn 0.1042611 0.9940715 0.0308460
vn 0.1088176 0.9934120 0.0359355
vn 0.1088176 0.9934120 0.0359355
vn 0.1088176 0.9934120 0.0359355
vn -0.1900858 0.9810896 -0.0364787
vn -0.1900858 0.9810896 -0.0364787
vn -0.1900858 0.9810896 -0.0364787
vn -0.1149628 0.9928919 0.0308094
vn -0.1149628 0.9928919 0.0308094
vn -0.1149628 0.9928919 0.0308094
vn -0.9592968 0.2747452 -0.0653049
vn -0.9592968 0.2747452 -0.0653049
vn -0.9592968 0.2747452 -0.0653049
vn -0.8423248 0.5375976 0.0384425
vn -0.8423248 0.5375976 0.0384425
vn -0.8423248 0.5375976 0.0384425
vn -0.9677550 -0.2504922 -0.0265296
vn -0.9677550 -0.2504922 -0.0265296
vn -0.9677550 -0.2504922 -0.0265296
vn -0.9390891 -0.3376756 -0.0639292
vn -0.9390891 -0.3376756 -0.0639292
vn -0.9390891 -0.3376756 -0.0639292
vn -0.2900429 -0.9526131 -0.0916702
vn -0.2900429 -0.9526131 -0.0916702
vn -0.2900429 -0.9526131 -0.0916702
vn -0.3458410 -0.9382830 0.0043667
vn -0.3458410 -0.9382830 0.0043667
vn -0.3458410 -0.9382830 0.0043667
vn 0.1734058 -0.9843979 0.0298518
vn 0.1734058 -0.9843979 0.0298518
vn 0.1734058 -0.9843979 0.0298518
vn 0.3371104 -0.9371360 -0.0901809
vn 0.3371104 -0.9371360 -0.0901809
vn 0.3371104 -0.9371360 -0.0901809
vn 0.7597699 -0.6456740 0.0765172
vn 0.7597699 -0.6456740 0.0765172
vn 0.7597699 -0.6456740 0.0765172
vn 0.8818485 -0.4707353 -0.0274152
vn 0.8818485 -0.4707353 -0.0274152
vn 0.8818485 -0.4707353 -0.0274152
vn 0.7291524 0.3224051 0.6036488
vn 0.7291524 0.3224051 0.6036488
vn 0.7291524 0.3224051 0.6036488
vn 0.5091499 0.7935656 0.3331968
vn 0.5091499 0.7935656 0.3331968
vn 0.5091499 0.7935656 0.3331968
vn -0.0897878 0.9080011 0.4092335
vn -0.0897878 0.9080011 0.4092335
vn -0.0897878 0.9080011 0.4092335
vn -0.1289452 0.9209480 0.3677336
vn -0.1289452 0.9209480 0.3677336
vn -0.1289452 0.9209480 0.3677336
vn -0.0976951 0.9423813 0.3199580
vn -0.0976951 0.9423813 0.3199580
vn -0.0976951 0.9423813 0.3199580
vn 0.4910524 0.7941949 0.3579414
vn 0.4910524 0.7941949 0.3579414
vn 0.4910524 0.7941949 0.3579414
vn -0.6167704 0.6615147 0.4266059
vn -0.6167704 0.6615147 0.4266059
vn -0.6167704 0.6615147 0.4266059
vn -0.4903851 0.7583152 0.4295118
vn -0.4903851 0.7583152 0.4295118
vn -0.4903851 0.7583152 0.4295118
vn -0.6145499 -0.4270196 0.6633119
vn -0.6145499 -0.4270196 0.6633119
vn -0.6145499 -0.4270196 0.6633119
vn -0.3508579 -0.9044363 0.2426803
vn -0.3508579 -0.9044363 0.2426803
vn -0.3508579 -0.9044363 0.2426803
vn -0.1676572 -0.8854318 0.4334761
vn -0.1676572 -0.8854318 0.4334761
vn -0.1676572 -0.8854318 0.4334761
vn -0.2682072 -0.8055189 0.5283978
vn -0.2682072 -0.8055189 0.5283978
vn -0.2682072 -0.8055189 0.5283978
vn 0.1958799 -0.9110674 0.3627496
vn 0.1958799 -0.9110674 0.3627496
vn 0.1958799 -0.9110674 0.3627496
vn -0.2853216 -0.8608105 0.4214224
vn -0.2853216 -0.8608105 0.4214224
vn -0.2853216 -0.8608105 0.4214224
vn 0.7167696 -0.5159629 0.4690668
vn 0.7167696 -0.5159629 0.4690668
vn 0.7167696 -0.5159629 0.4690668
vn 0.8075016 -0.3830623 0.4485581
vn 0.8075016 -0.3830623 0.4485581
vn 0.8075016 -0.3830623 0.4485581
vn -0.2441151 0.4363154 -0.8660466
vn -0.2441151 0.4363154 -0.8660466
vn -0.2441151 0.4363154 -0.8660466
vn 0.0006471 0.8885445 0.4587900
vn 0.0006471 0.8885445 0.4587900
vn 0.0006471 0.8885445 0.4587900
vn -0.2172306 0.4049479 -0.8881599
vn -0.2172306 0.4049479 -0.8881599
vn -0.2172306 0.4049479 -0.8881599
vn -0.1246076 0.9232065 0.3635418
vn -0.1246076 0.9232065 0.3635418
vn -0.1246076 0.9232065 0.3635418
vn 0.3597803 0.3870746 -0.8489590
vn 0.3597803 0.3870746 -0.8489590
vn 0.3597803 0.3870746 -0.8489590
vn 0.4385439 0.8362121 0.3292850
vn 0.4385439 0.8362121 0.3292850
vn 0.4385439 0.8362121 0.3292850
vn 0.2691896 0.1701461 -0.9479384
vn 0.2691896 0.1701461 -0.9479384
vn 0.2691896 0.1701461 -0.9479384
vn -0.0667839 0.6464840 0.7599989
vn -0.0667839 0.6464840 0.7599989
vn -0.0667839 0.6464840 0.7599989
vn 0.2042462 -0.6640577 -0.7192433
vn 0.2042462 -0.6640577 -0.7192433
vn 0.2042462 -0.6640577 -0.7192433
vn -0.0302665 -0.9383232 0.3444321
vn -0.0302665 -0.9383232 0.3444321
vn -0.0302665 -0.9383232 0.3444321
vn -0.0938040 -0.3193139 -0.9429949
vn -0.0938040 -0.3193139 -0.9429949
vn -0.0938040 -0.3193139 -0.9429949
vn -0.2877471 -0.8358075 0.4675761
vn -0.2877471 -0.8358075 0.4675761
vn -0.2877471 -0.8358075 0.4675761
vn -0.5584510 -0.2660560 -0.7857141
vn -0.5584510 -0.2660560 -0.7857141
vn -0.5584510 -0.2660560 -0.7857141
vn -0.3566486 -0.8153267 0.4561185
vn -0.3566486 -0.8153267 0.4561185
vn -0.3566486 -0.8153267 0.4561185
vn -0.2665244 0.1868251 -0.9455481
vn -0.2665244 0.1868251 -0.9455481
vn -0.2665244 0.1868251 -0.9455481
vn 0.0013220 -0.3486294 0.9372597
vn 0.0013220 -0.3486294 0.9372597
vn 0.0013220 -0.3486294 0.9372597
usemtl gr_rvstone_material
s off
f 1/1/1 2/2/2 3/3/3
f 4/4/4 5/5/5 6/6/6
f 7/7/7 8/8/8 9/9/9
f 10/10/10 11/11/11 12/12/12
f 13/13/13 14/14/14 15/15/15
f 16/16/16 17/17/17 18/18/18
f 19/19/19 20/20/20 21/21/21
f 22/22/22 23/23/23 24/24/24
f 25/25/25 26/26/26 27/27/27
f 28/28/28 29/29/29 30/30/30
f 31/31/31 32/32/32 33/33/33
f 34/34/34 35/35/35 36/36/36
f 37/37/37 38/38/38 39/39/39
f 40/40/40 41/41/41 42/42/42
f 43/43/43 44/44/44 45/45/45
f 46/46/46 47/47/47 48/48/48
f 49/49/49 50/50/50 51/51/51
f 52/52/52 53/53/53 54/54/54
f 55/55/55 56/56/56 57/57/57
f 58/58/58 59/59/59 60/60/60
f 61/61/61 62/62/62 63/63/63
f 64/64/64 65/65/65 66/66/66
f 67/67/67 68/68/68 69/69/69
f 70/70/70 71/71/71 72/72/72
f 73/73/73 74/74/74 75/75/75
f 76/76/76 77/77/77 78/78/78
f 79/79/79 80/80/80 81/81/81
f 82/82/82 83/83/83 84/84/84
f 85/85/85 86/86/86 87/87/87
f 88/88/88 89/89/89 90/90/90
f 91/91/91 92/92/92 93/93/93
f 94/94/94 95/95/95 96/96/96
f 97/97/97 98/98/98 99/99/99
f 100/100/100 101/101/101 102/102/102
f 103/103/103 104/104/104 105/105/105
f 106/106/106 107/107/107 108/108/108
f 109/109/109 110/110/110 111/111/111
f 112/112/112 113/113/113 114/114/114
f 115/115/115 116/116/116 117/117/117
f 118/118/118 119/119/119 120/120/120
f 121/121/121 122/122/122 123/123/123
f 124/124/124 125/125/125 126/126/126
f 127/127/127 128/128/128 129/129/129
f 130/130/130 131/131/131 132/132/132
f 133/133/133 134/134/134 135/135/135
f 136/136/136 137/137/137 138/138/138
f 139/139/139 140/140/140 141/141/141
f 142/142/142 143/143/143 144/144/144
f 145/145/145 146/146/146 147/147/147
f 148/148/148 149/149/149 150/150/150
f 151/151/151 152/152/152 153/153/153
f 154/154/154 155/155/155 156/156/156
f 157/157/157 158/158/158 159/159/159
f 160/160/160 161/161/161 162/162/162
f 163/163/163 164/164/164 165/165/165
f 166/166/166 167/167/167 168/168/168
f 169/169/169 170/170/170 171/171/171
f 172/172/172 173/173/173 174/174/174
f 175/175/175 176/176/176 177/177/177
f 178/178/178 179/179/179 180/180/180
f 181/181/181 182/182/182 183/183/183
f 184/184/184 185/185/185 186/186/186
f 187/187/187 188/188/188 189/189/189
f 190/190/190 191/191/191 192/192/192
f 193/193/193 194/194/194 195/195/195
f 196/196/196 197/197/197 198/198/198
f 199/199/199 200/200/200 201/201/201
f 202/202/202 203/203/203 204/204/204
f 205/205/205 206/206/206 207/207/207
f 208/208/208 209/209/209 210/210/210
f 211/211/211 212/212/212 213/213/213
f 214/214/214 215/215/215 216/216/216
f 217/217/217 218/218/218 219/219/219
f 220/220/220 221/221/221 222/222/222
f 223/223/223 224/224/224 225/225/225
f 226/226/226 227/227/227 228/228/228
f 229/229/229 230/230/230 231/231/231
f 232/232/232 233/233/233 234/234/234
f 235/235/235 236/236/236 237/237/237
f 238/238/238 239/239/239 240/240/240
f 241/241/241 242/242/242 243/243/243
f 244/244/244 245/245/245 246/246/246
f 247/247/247 248/248/248 249/249/249
f 250/250/250 251/251/251 252/252/252
f 253/253/253 254/254/254 255/255/255
f 256/256/256 257/257/257 258/258/258
f 259/259/259 260/260/260 261/261/261
f 262/262/262 263/263/263 264/264/264
f 265/265/265 266/266/266 267/267/267
f 268/268/268 269/269/269 270/270/270
f 271/271/271 272/272/272 273/273/273
f 274/274/274 275/275/275 276/276/276
f 277/277/277 278/278/278 279/279/279
f 280/280/280 281/281/281 282/282/282
f 283/283/283 284/284/284 285/285/285
f 286/286/286 287/287/287 288/288/288
f 289/289/289 290/290/290 291/291/291
f 292/292/292 293/293/293 294/294/294
f 295/295/295 296/296/296 297/297/297
f 298/298/298 299/299/299 300/300/300
f 301/301/301 302/302/302 303/303/303
f 304/304/304 305/305/305 306/306/306
f 307/307/307 308/308/308 309/309/309
f 310/310/310 311/311/311 312/312/312
f 313/313/313 314/314/314 315/315/315
f 316/316/316 317/317/317 318/318/318
f 319/319/319 320/320/320 321/321/321
f 322/322/322 323/323/323 324/324/324
f 325/325/325 326/326/326 327/327/327
f 328/328/328 329/329/329 330/330/330
f 331/331/331 332/332/332 333/333/333
f 334/334/334 335/335/335 336/336/336
f 337/337/337 338/338/338 339/339/339
f 340/340/340 341/341/341 342/342/342
f 343/343/343 344/344/344 345/345/345
f 346/346/346 347/347/347 348/348/348
f 349/349/349 350/350/350 351/351/351
f 352/352/352 353/353/353 354/354/354
f 355/355/355 356/356/356 357/357/357
f 358/358/358 359/359/359 360/360/360
f 361/361/361 362/362/362 363/363/363
f 364/364/364 365/365/365 366/366/366
f 367/367/367 368/368/368 369/369/369
f 370/370/370 371/371/371 372/372/372
f 373/373/373 374/374/374 375/375/375
f 376/376/376 377/377/377 378/378/378
f 379/379/379 380/380/380 381/381/381
f 382/382/382 383/383/383 384/384/384
f 385/385/385 386/386/386 387/387/387
f 388/388/388 389/389/389 390/390/390
f 391/391/391 392/392/392 393/393/393
f 394/394/394 395/395/395 396/396/396
f 397/397/397 398/398/398 399/399/399
f 400/400/400 401/401/401 402/402/402
f 403/403/403 404/404/404 405/405/405
f 406/406/406 407/407/407 408/408/408
f 409/409/409 410/410/410 411/411/411
f 412/412/412 413/413/413 414/414/414
f 415/415/415 416/416/416 417/417/417
f 418/418/418 419/419/419 420/420/420
f 421/421/421 422/422/422 423/423/423
f 424/424/424 425/425/425 426/426/426
f 427/427/427 428/428/428 429/429/429
f 430/430/430 431/431/431 432/432/432
f 433/433/433 434/434/434 435/435/435
f 436/436/436 437/437/437 438/438/438
f 439/439/439 440/440/440 441/441/441
f 442/442/442 443/443/443 444/444/444
f 445/445/445 446/446/446 447/447/447
f 448/448/448 449/449/449 450/450/450
f 451/451/451 452/452/452 453/453/453
f 454/454/454 455/455/455 456/456/456
f 457/457/457 458/458/458 459/459/459
f 460/460/460 461/461/461 462/462/462
f 463/463/463 464/464/464 465/465/465
f 466/466/466 467/467/467 468/468/468
f 469/469/469 470/470/470 471/471/471
f 472/472/472 473/473/473 474/474/474
f 475/475/475 476/476/476 477/477/477
f 478/478/478 479/479/479 480/480/480
f 481/481/481 482/482/482 483/483/483
f 484/484/484 485/485/485 486/486/486
f 487/487/487 488/488/488 489/489/489
f 490/490/490 491/491/491 492/492/492
f 493/493/493 494/494/494 495/495/495
f 496/496/496 497/497/497 498/498/498
f 499/499/499 500/500/500 501/501/501
f 502/502/502 503/503/503 504/504/504
f 505/505/505 506/506/506 507/507/507
f 508/508/508 509/509/509 510/510/510
f 511/511/511 512/512/512 513/513/513
f 514/514/514 515/515/515 516/516/516
f 517/517/517 518/518/518 519/519/519
f 520/520/520 521/521/521 522/522/522
f 523/523/523 524/524/524 525/525/525
f 526/526/526 527/527/527 528/528/528
f 529/529/529 530/530/530 531/531/531
f 532/532/532 533/533/533 534/534/534
f 535/535/535 536/536/536 537/537/537
f 538/538/538 539/539/539 540/540/540
f 541/541/541 542/542/542 543/543/543
f 544/544/544 545/545/545 546/546/546
f 547/547/547 548/548/548 549/549/549
f 550/550/550 551/551/551 552/552/552
f 553/553/553 554/554/554 555/555/555
f 556/556/556 557/557/557 558/558/558
f 559/559/559 560/560/560 561/561/561
f 562/562/562 563/563/563 564/564/564
f 565/565/565 566/566/566 567/567/567
f 568/568/568 569/569/569 570/570/570
f 571/571/571 572/572/572 573/573/573
f 574/574/574 575/575/575 576/576/576
f 577/577/577 578/578/578 579/579/579
f 580/580/580 581/581/581 582/582/582
f 583/583/583 584/584/584 585/585/585
f 586/586/586 587/587/587 588/588/588
f 589/589/589 590/590/590 591/591/591
f 592/592/592 593/593/593 594/594/594
f 595/595/595 596/596/596 597/597/597
f 598/598/598 599/599/599 600/600/600
f 601/601/601 602/602/602 603/603/603
f 604/604/604 605/605/605 606/606/606
f 607/607/607 608/608/608 609/609/609
f 610/610/610 611/611/611 612/612/612
f 613/613/613 614/614/614 615/615/615
f 616/616/616 617/617/617 618/618/618
f 619/619/619 620/620/620 621/621/621
f 622/622/622 623/623/623 624/624/624
f 625/625/625 626/626/626 627/627/627
f 628/628/628 629/629/629 630/630/630
f 631/631/631 632/632/632 633/633/633
f 634/634/634 635/635/635 636/636/636
f 637/637/637 638/638/638 639/639/639
f 640/640/640 641/641/641 642/642/642
f 643/643/643 644/644/644 645/645/645
f 646/646/646 647/647/647 648/648/648
f 649/649/649 650/650/650 651/651/651
f 652/652/652 653/653/653 654/654/654
f 655/655/655 656/656/656 657/657/657
f 658/658/658 659/659/659 660/660/660
f 661/661/661 662/662/662 663/663/663
f 664/664/664 665/665/665 666/666/666
f 667/667/667 668/668/668 669/669/669
f 670/670/670 671/671/671 672/672/672
f 673/673/673 674/674/674 675/675/675
f 676/676/676 677/677/677 678/678/678
f 679/679/679 680/680/680 681/681/681
f 682/682/682 683/683/683 684/684/684
f 685/685/685 686/686/686 687/687/687
f 688/688/688 689/689/689 690/690/690
f 691/691/691 692/692/692 693/693/693
f 694/694/694 695/695/695 696/696/696
f 697/697/697 698/698/698 699/699/699
f 700/700/700 701/701/701 702/702/702
f 703/703/703 704/704/704 705/705/705
f 706/706/706 707/707/707 708/708/708
f 709/709/709 710/710/710 711/711/711
f 712/712/712 713/713/713 714/714/714
f 715/715/715 716/716/716 717/717/717
f 718/718/718 719/719/719 720/720/720
f 721/721/721 722/722/722 723/723/723
f 724/724/724 725/725/725 726/726/726
f 727/727/727 728/728/728 729/729/729
f 730/730/730 731/731/731 732/732/732
f 733/733/733 734/734/734 735/735/735
f 736/736/736 737/737/737 738/738/738
f 739/739/739 740/740/740 741/741/741
f 742/742/742 743/743/743 744/744/744
f 745/745/745 746/746/746 747/747/747
f 748/748/748 749/749/749 750/750/750
f 751/751/751 752/752/752 753/753/753
f 754/754/754 755/755/755 756/756/756
f 757/757/757 758/758/758 759/759/759
f 760/760/760 761/761/761 762/762/762
f 763/763/763 764/764/764 765/765/765
f 766/766/766 767/767/767 768/768/768
f 769/769/769 770/770/770 771/771/771
f 772/772/772 773/773/773 774/774/774
f 775/775/775 776/776/776 777/777/777
f 778/778/778 779/779/779 780/780/780
f 781/781/781 782/782/782 783/783/783
f 784/784/784 785/785/785 786/786/786
f 787/787/787 788/788/788 789/789/789
f 790/790/790 791/791/791 792/792/792
f 793/793/793 794/794/794 795/795/795
f 796/796/796 797/797/797 798/798/798
f 799/799/799 800/800/800 801/801/801
f 802/802/802 803/803/803 804/804/804
f 805/805/805 806/806/806 807/807/807
f 808/808/808 809/809/809 810/810/810
f 811/811/811 812/812/812 813/813/813
f 814/814/814 815/815/815 816/816/816
f 817/817/817 818/818/818 819/819/819
f 820/820/820 821/821/821 822/822/822
f 823/823/823 824/824/824 825/825/825
f 826/826/826 827/827/827 828/828/828
f 829/829/829 830/830/830 831/831/831
f 832/832/832 833/833/833 834/834/834
f 835/835/835 836/836/836 837/837/837
f 838/838/838 839/839/839 840/840/840
f 841/841/841 842/842/842 843/843/843
f 844/844/844 845/845/845 846/846/846
f 847/847/847 848/848/848 849/849/849
f 850/850/850 851/851/851 852/852/852
f 853/853/853 854/854/854 855/855/855
f 856/856/856 857/857/857 858/858/858
f 859/859/859 860/860/860 861/861/861
f 862/862/862 863/863/863 864/864/864
f 865/865/865 866/866/866 867/867/867
f 868/868/868 869/869/869 870/870/870
f 871/871/871 872/872/872 873/873/873
f 874/874/874 875/875/875 876/876/876
f 877/877/877 878/878/878 879/879/879
f 880/880/880 881/881/881 882/882/882
f 883/883/883 884/884/884 885/885/885
f 886/886/886 887/887/887 888/888/888
f 889/889/889 890/890/890 891/891/891
f 892/892/892 893/893/893 894/894/894
f 895/895/895 896/896/896 897/897/897
f 898/898/898 899/899/899 900/900/900
f 901/901/901 902/902/902 903/903/903
f 904/904/904 905/905/905 906/906/906
f 907/907/907 908/908/908 909/909/909
f 910/910/910 911/911/911 912/912/912
f 913/913/913 914/914/914 915/915/915
f 916/916/916 917/917/917 918/918/918
f 919/919/919 920/920/920 921/921/921
f 922/922/922 923/923/923 924/924/924
f 925/925/925 926/926/926 927/927/927
f 928/928/928 929/929/929 930/930/930
f 931/931/931 932/932/932 933/933/933
f 934/934/934 935/935/935 936/936/936
f 937/937/937 938/938/938 939/939/939
f 940/940/940 941/941/941 942/942/942
f 943/943/943 944/944/944 945/945/945
f 946/946/946 947/947/947 948/948/948
f 949/949/949 950/950/950 951/951/951
f 952/952/952 953/953/953 954/954/954
f 955/955/955 956/956/956 957/957/957
f 958/958/958 959/959/959 960/960/960
f 961/961/961 962/962/962 963/963/963
f 964/964/964 965/965/965 966/966/966
f 967/967/967 968/968/968 969/969/969
f 970/970/970 971/971/971 972/972/972
f 973/973/973 974/974/974 975/975/975
f 976/976/976 977/977/977 978/978/978
f 979/979/979 980/980/980 981/981/981
f 982/982/982 983/983/983 984/984/984
f 985/985/985 986/986/986 987/987/987
f 988/988/988 989/989/989 990/990/990
f 991/991/991 992/992/992 993/993/993
f 994/994/994 995/995/995 996/996/996
f 997/997/997 998/998/998 999/999/999
f 1000/1000/1000 1001/1001/1001 1002/1002/1002
f 1003/1003/1003 1004/1004/1004 1005/1005/1005
f 1006/1006/1006 1007/1007/1007 1008/1008/1008
f 1009/1009/1009 1010/1010/1010 1011/1011/1011
f 1012/1012/1012 1013/1013/1013 1014/1014/1014
f 1015/1015/1015 1016/1016/1016 1017/1017/1017
f 1018/1018/1018 1019/1019/1019 1020/1020/1020
f 1021/1021/1021 1022/1022/1022 1023/1023/1023
f 1024/1024/1024 1025/1025/1025 1026/1026/1026
f 1027/1027/1027 1028/1028/1028 1029/1029/1029
f 1030/1030/1030 1031/1031/1031 1032/1032/1032
f 1033/1033/1033 1034/1034/1034 1035/1035/1035
f 1036/1036/1036 1037/1037/1037 1038/1038/1038
f 1039/1039/1039 1040/1040/1040 1041/1041/1041
f 1042/1042/1042 1043/1043/1043 1044/1044/1044
f 1045/1045/1045 1046/1046/1046 1047/1047/1047
f 1048/1048/1048 1049/1049/1049 1050/1050/1050
f 1051/1051/1051 1052/1052/1052 1053/1053/1053
f 1054/1054/1054 1055/1055/1055 1056/1056/1056
f 1057/1057/1057 1058/1058/1058 1059/1059/1059
f 1060/1060/1060 1061/1061/1061 1062/1062/1062
f 1063/1063/1063 1064/1064/1064 1065/1065/1065
f 1066/1066/1066 1067/1067/1067 1068/1068/1068
f 1069/1069/1069 1070/1070/1070 1071/1071/1071
f 1072/1072/1072 1073/1073/1073 1074/1074/1074
f 1075/1075/1075 1076/1076/1076 1077/1077/1077
f 1078/1078/1078 1079/1079/1079 1080/1080/1080
f 1081/1081/1081 1082/1082/1082 1083/1083/1083
f 1084/1084/1084 1085/1085/1085 1086/1086/1086
f 1087/1087/1087 1088/1088/1088 1089/1089/1089
f 1090/1090/1090 1091/1091/1091 1092/1092/1092
f 1093/1093/1093 1094/1094/1094 1095/1095/1095
f 1096/1096/1096 1097/1097/1097 1098/1098/1098
f 1099/1099/1099 1100/1100/1100 1101/1101/1101
f 1102/1102/1102 1103/1103/1103 1104/1104/1104
