# Ghost Studio original procedural Rhen Var asset
# Units: metres; up axis: Z
mtllib rv_canyon_corner.mtl
o rv_canyon_corner
v 1.146150 -5.762083 0.000000
v 0.000000 -5.670000 0.000000
v 0.000000 -5.746160 2.141497
v 1.146150 -5.762083 0.000000
v 0.000000 -5.746160 2.141497
v 1.096344 -5.511691 2.136224
v 0.000000 -9.140000 0.000000
v 1.790002 -8.998949 0.000000
v 1.788626 -8.992032 2.136224
v 0.000000 -9.140000 0.000000
v 1.788626 -8.992032 2.136224
v 0.000000 -9.296693 2.141497
v 1.096344 -5.511691 2.136224
v 0.000000 -5.746160 2.141497
v 0.000000 -5.541475 4.172751
v 1.096344 -5.511691 2.136224
v 0.000000 -5.541475 4.172751
v 1.014219 -5.098826 4.510027
v 0.000000 -9.296693 2.141497
v 1.788626 -8.992032 2.136224
v 1.745337 -8.774401 4.510027
v 0.000000 -9.296693 2.141497
v 1.745337 -8.774401 4.510027
v 0.000000 -8.957582 4.172751
v 1.014219 -5.098826 4.510027
v 0.000000 -5.541475 4.172751
v 0.000000 -5.446548 6.357122
v 1.014219 -5.098826 4.510027
v 0.000000 -5.446548 6.357122
v 1.068411 -5.371265 7.007274
v 0.000000 -8.957582 4.172751
v 1.745337 -8.774401 4.510027
v 1.771824 -8.907563 7.007274
v 0.000000 -8.957582 4.172751
v 1.771824 -8.907563 7.007274
v 0.000000 -8.778089 6.357122
v 1.068411 -5.371265 7.007274
v 0.000000 -5.446548 6.357122
v 0.000000 -5.416656 8.400000
v 1.068411 -5.371265 7.007274
v 0.000000 -5.416656 8.400000
v 1.140244 -5.732395 9.050000
v 0.000000 -8.778089 6.357122
v 1.771824 -8.907563 7.007274
v 1.799071 -9.044538 9.170000
v 0.000000 -8.778089 6.357122
v 1.799071 -9.044538 9.170000
v 0.000000 -9.096869 8.520000
v 0.000000 -5.416656 8.400000
v 0.000000 -9.096869 8.520000
v 1.799071 -9.044538 9.170000
v 0.000000 -5.416656 8.400000
v 1.799071 -9.044538 9.170000
v 1.140244 -5.732395 9.050000
v 1.146150 -5.762083 0.000000
v 1.790002 -8.998949 0.000000
v 0.000000 -9.140000 0.000000
v 1.146150 -5.762083 0.000000
v 0.000000 -9.140000 0.000000
v 0.000000 -5.670000 0.000000
v 2.107204 -5.087240 0.000000
v 1.146150 -5.762083 0.000000
v 1.096344 -5.511691 2.136224
v 2.107204 -5.087240 0.000000
v 1.096344 -5.511691 2.136224
v 2.074878 -5.009198 1.948232
v 1.790002 -8.998949 0.000000
v 3.514563 -8.484906 0.000000
v 3.383957 -8.169594 1.948232
v 1.790002 -8.998949 0.000000
v 3.383957 -8.169594 1.948232
v 1.788626 -8.992032 2.136224
v 2.074878 -5.009198 1.948232
v 1.096344 -5.511691 2.136224
v 1.014219 -5.098826 4.510027
v 2.074878 -5.009198 1.948232
v 1.014219 -5.098826 4.510027
v 2.079066 -5.019310 4.506176
v 1.788626 -8.992032 2.136224
v 3.383957 -8.169594 1.948232
v 3.387390 -8.177882 4.506176
v 1.788626 -8.992032 2.136224
v 3.387390 -8.177882 4.506176
v 1.745337 -8.774401 4.510027
v 2.079066 -5.019310 4.506176
v 1.014219 -5.098826 4.510027
v 1.068411 -5.371265 7.007274
v 2.079066 -5.019310 4.506176
v 1.068411 -5.371265 7.007274
v 2.187444 -5.280957 6.690445
v 1.745337 -8.774401 4.510027
v 3.387390 -8.177882 4.506176
v 3.535397 -8.535203 6.690445
v 1.745337 -8.774401 4.510027
v 3.535397 -8.535203 6.690445
v 1.771824 -8.907563 7.007274
v 2.187444 -5.280957 6.690445
v 1.068411 -5.371265 7.007274
v 1.140244 -5.732395 9.050000
v 2.187444 -5.280957 6.690445
v 1.140244 -5.732395 9.050000
v 2.215062 -5.347634 8.700000
v 1.771824 -8.907563 7.007274
v 3.535397 -8.535203 6.690445
v 3.535243 -8.534831 8.820000
v 1.771824 -8.907563 7.007274
v 3.535243 -8.534831 8.820000
v 1.799071 -9.044538 9.170000
v 1.140244 -5.732395 9.050000
v 1.799071 -9.044538 9.170000
v 3.535243 -8.534831 8.820000
v 1.140244 -5.732395 9.050000
v 3.535243 -8.534831 8.820000
v 2.215062 -5.347634 8.700000
v 2.107204 -5.087240 0.000000
v 3.514563 -8.484906 0.000000
v 1.790002 -8.998949 0.000000
v 2.107204 -5.087240 0.000000
v 1.790002 -8.998949 0.000000
v 1.146150 -5.762083 0.000000
v 2.911025 -4.356657 0.000000
v 2.107204 -5.087240 0.000000
v 2.074878 -5.009198 1.948232
v 2.911025 -4.356657 0.000000
v 2.074878 -5.009198 1.948232
v 3.160361 -4.729814 2.296022
v 3.514563 -8.484906 0.000000
v 5.083587 -7.608126 0.000000
v 4.946178 -7.402478 2.296022
v 3.514563 -8.484906 0.000000
v 4.946178 -7.402478 2.296022
v 3.383957 -8.169594 1.948232
v 3.160361 -4.729814 2.296022
v 2.074878 -5.009198 1.948232
v 2.079066 -5.019310 4.506176
v 3.160361 -4.729814 2.296022
v 2.079066 -5.019310 4.506176
v 3.220530 -4.819863 5.054567
v 3.383957 -8.169594 1.948232
v 4.946178 -7.402478 2.296022
v 5.034240 -7.534273 5.054567
v 3.383957 -8.169594 1.948232
v 5.034240 -7.534273 5.054567
v 3.387390 -8.177882 4.506176
v 3.220530 -4.819863 5.054567
v 2.079066 -5.019310 4.506176
v 2.187444 -5.280957 6.690445
v 3.220530 -4.819863 5.054567
v 2.187444 -5.280957 6.690445
v 3.051626 -4.567082 7.236018
v 3.387390 -8.177882 4.506176
v 5.034240 -7.534273 5.054567
v 5.082548 -7.606571 7.236018
v 3.387390 -8.177882 4.506176
v 5.082548 -7.606571 7.236018
v 3.535397 -8.535203 6.690445
v 3.051626 -4.567082 7.236018
v 2.187444 -5.280957 6.690445
v 2.215062 -5.347634 8.700000
v 3.051626 -4.567082 7.236018
v 2.215062 -5.347634 8.700000
v 3.000578 -4.490683 9.650000
v 3.535397 -8.535203 6.690445
v 5.082548 -7.606571 7.236018
v 4.939713 -7.392803 9.770000
v 3.535397 -8.535203 6.690445
v 4.939713 -7.392803 9.770000
v 3.535243 -8.534831 8.820000
v 2.215062 -5.347634 8.700000
v 3.535243 -8.534831 8.820000
v 4.939713 -7.392803 9.770000
v 2.215062 -5.347634 8.700000
v 4.939713 -7.392803 9.770000
v 3.000578 -4.490683 9.650000
v 2.911025 -4.356657 0.000000
v 5.083587 -7.608126 0.000000
v 3.514563 -8.484906 0.000000
v 2.911025 -4.356657 0.000000
v 3.514563 -8.484906 0.000000
v 2.107204 -5.087240 0.000000
v 3.905339 -3.905339 0.000000
v 2.911025 -4.356657 0.000000
v 3.160361 -4.729814 2.296022
v 3.905339 -3.905339 0.000000
v 3.160361 -4.729814 2.296022
v 4.123310 -4.123310 2.339799
v 5.083587 -7.608126 0.000000
v 6.246796 -6.246796 0.000000
v 6.362997 -6.362997 2.339799
v 5.083587 -7.608126 0.000000
v 6.362997 -6.362997 2.339799
v 4.946178 -7.402478 2.296022
v 4.123310 -4.123310 2.339799
v 3.160361 -4.729814 2.296022
v 3.220530 -4.819863 5.054567
v 4.123310 -4.123310 2.339799
v 3.220530 -4.819863 5.054567
v 3.981128 -3.981128 4.675905
v 4.946178 -7.402478 2.296022
v 6.362997 -6.362997 2.339799
v 6.596683 -6.596683 4.675905
v 4.946178 -7.402478 2.296022
v 6.596683 -6.596683 4.675905
v 5.034240 -7.534273 5.054567
v 3.981128 -3.981128 4.675905
v 3.220530 -4.819863 5.054567
v 3.051626 -4.567082 7.236018
v 3.981128 -3.981128 4.675905
v 3.051626 -4.567082 7.236018
v 3.681727 -3.681727 6.874469
v 5.034240 -7.534273 5.054567
v 6.596683 -6.596683 4.675905
v 6.466234 -6.466234 6.874469
v 5.034240 -7.534273 5.054567
v 6.466234 -6.466234 6.874469
v 5.082548 -7.606571 7.236018
v 3.681727 -3.681727 6.874469
v 3.051626 -4.567082 7.236018
v 3.000578 -4.490683 9.650000
v 3.681727 -3.681727 6.874469
v 3.000578 -4.490683 9.650000
v 3.857153 -3.857153 9.200000
v 5.082548 -7.606571 7.236018
v 6.466234 -6.466234 6.874469
v 6.240863 -6.240863 9.320000
v 5.082548 -7.606571 7.236018
v 6.240863 -6.240863 9.320000
v 4.939713 -7.392803 9.770000
v 3.000578 -4.490683 9.650000
v 4.939713 -7.392803 9.770000
v 6.240863 -6.240863 9.320000
v 3.000578 -4.490683 9.650000
v 6.240863 -6.240863 9.320000
v 3.857153 -3.857153 9.200000
v 3.905339 -3.905339 0.000000
v 6.246796 -6.246796 0.000000
v 5.083587 -7.608126 0.000000
v 3.905339 -3.905339 0.000000
v 5.083587 -7.608126 0.000000
v 2.911025 -4.356657 0.000000
v 4.714390 -3.150055 0.000000
v 3.905339 -3.905339 0.000000
v 4.123310 -4.123310 2.339799
v 4.714390 -3.150055 0.000000
v 4.123310 -4.123310 2.339799
v 4.516783 -3.018018 2.472552
v 6.246796 -6.246796 0.000000
v 7.341926 -4.905718 0.000000
v 7.541243 -5.038898 2.472552
v 6.246796 -6.246796 0.000000
v 7.541243 -5.038898 2.472552
v 6.362997 -6.362997 2.339799
v 4.516783 -3.018018 2.472552
v 4.123310 -4.123310 2.339799
v 3.981128 -3.981128 4.675905
v 4.516783 -3.018018 2.472552
v 3.981128 -3.981128 4.675905
v 4.516635 -3.017919 4.960512
v 6.362997 -6.362997 2.339799
v 7.541243 -5.038898 2.472552
v 7.602276 -5.079679 4.960512
v 6.362997 -6.362997 2.339799
v 7.602276 -5.079679 4.960512
v 6.596683 -6.596683 4.675905
v 4.516635 -3.017919 4.960512
v 3.981128 -3.981128 4.675905
v 3.681727 -3.681727 6.874469
v 4.516635 -3.017919 4.960512
v 3.681727 -3.681727 6.874469
v 4.575044 -3.056947 7.651100
v 6.596683 -6.596683 4.675905
v 7.602276 -5.079679 4.960512
v 7.421694 -4.959017 7.651100
v 6.596683 -6.596683 4.675905
v 7.421694 -4.959017 7.651100
v 6.466234 -6.466234 6.874469
v 4.575044 -3.056947 7.651100
v 3.681727 -3.681727 6.874469
v 3.857153 -3.857153 9.200000
v 4.575044 -3.056947 7.651100
v 3.857153 -3.857153 9.200000
v 4.729556 -3.160188 10.000000
v 6.466234 -6.466234 6.874469
v 7.421694 -4.959017 7.651100
v 7.506357 -5.015587 10.120000
v 6.466234 -6.466234 6.874469
v 7.506357 -5.015587 10.120000
v 6.240863 -6.240863 9.320000
v 3.857153 -3.857153 9.200000
v 6.240863 -6.240863 9.320000
v 7.506357 -5.015587 10.120000
v 3.857153 -3.857153 9.200000
v 7.506357 -5.015587 10.120000
v 4.729556 -3.160188 10.000000
v 4.714390 -3.150055 0.000000
v 7.341926 -4.905718 0.000000
v 6.246796 -6.246796 0.000000
v 4.714390 -3.150055 0.000000
v 6.246796 -6.246796 0.000000
v 3.905339 -3.905339 0.000000
v 4.992980 -2.068160 0.000000
v 4.714390 -3.150055 0.000000
v 4.516783 -3.018018 2.472552
v 4.992980 -2.068160 0.000000
v 4.516783 -3.018018 2.472552
v 4.823871 -1.998113 2.093142
v 7.341926 -4.905718 0.000000
v 8.424862 -3.489692 0.000000
v 8.597036 -3.561009 2.093142
v 7.341926 -4.905718 0.000000
v 8.597036 -3.561009 2.093142
v 7.541243 -5.038898 2.472552
v 4.823871 -1.998113 2.093142
v 4.516783 -3.018018 2.472552
v 4.516635 -3.017919 4.960512
v 4.823871 -1.998113 2.093142
v 4.516635 -3.017919 4.960512
v 5.256105 -2.177150 4.626954
v 7.541243 -5.038898 2.472552
v 8.597036 -3.561009 2.093142
v 8.301516 -3.438601 4.626954
v 7.541243 -5.038898 2.472552
v 8.301516 -3.438601 4.626954
v 7.602276 -5.079679 4.960512
v 5.256105 -2.177150 4.626954
v 4.516635 -3.017919 4.960512
v 4.575044 -3.056947 7.651100
v 5.256105 -2.177150 4.626954
v 4.575044 -3.056947 7.651100
v 5.398251 -2.236029 7.091914
v 7.602276 -5.079679 4.960512
v 8.301516 -3.438601 4.626954
v 8.104533 -3.357008 7.091914
v 7.602276 -5.079679 4.960512
v 8.104533 -3.357008 7.091914
v 7.421694 -4.959017 7.651100
v 5.398251 -2.236029 7.091914
v 4.575044 -3.056947 7.651100
v 4.729556 -3.160188 10.000000
v 5.398251 -2.236029 7.091914
v 4.729556 -3.160188 10.000000
v 5.045780 -2.090031 9.150000
v 7.421694 -4.959017 7.651100
v 8.104533 -3.357008 7.091914
v 8.382089 -3.471975 9.270000
v 7.421694 -4.959017 7.651100
v 8.382089 -3.471975 9.270000
v 7.506357 -5.015587 10.120000
v 4.729556 -3.160188 10.000000
v 7.506357 -5.015587 10.120000
v 8.382089 -3.471975 9.270000
v 4.729556 -3.160188 10.000000
v 8.382089 -3.471975 9.270000
v 5.045780 -2.090031 9.150000
v 4.992980 -2.068160 0.000000
v 8.424862 -3.489692 0.000000
v 7.341926 -4.905718 0.000000
v 4.992980 -2.068160 0.000000
v 7.341926 -4.905718 0.000000
v 4.714390 -3.150055 0.000000
v 5.336267 -1.061450 0.000000
v 4.992980 -2.068160 0.000000
v 4.823871 -1.998113 2.093142
v 5.336267 -1.061450 0.000000
v 4.823871 -1.998113 2.093142
v 5.447995 -1.083674 2.010418
v 8.424862 -3.489692 0.000000
v 8.980770 -1.786386 0.000000
v 9.002658 -1.790740 2.010418
v 8.424862 -3.489692 0.000000
v 9.002658 -1.790740 2.010418
v 8.597036 -3.561009 2.093142
v 5.447995 -1.083674 2.010418
v 4.823871 -1.998113 2.093142
v 5.256105 -2.177150 4.626954
v 5.447995 -1.083674 2.010418
v 5.256105 -2.177150 4.626954
v 5.665922 -1.127022 4.637213
v 8.597036 -3.561009 2.093142
v 9.002658 -1.790740 2.010418
v 8.779359 -1.746323 4.637213
v 8.597036 -3.561009 2.093142
v 8.779359 -1.746323 4.637213
v 8.301516 -3.438601 4.626954
v 5.665922 -1.127022 4.637213
v 5.256105 -2.177150 4.626954
v 5.398251 -2.236029 7.091914
v 5.665922 -1.127022 4.637213
v 5.398251 -2.236029 7.091914
v 5.518665 -1.097731 6.729914
v 8.301516 -3.438601 4.626954
v 8.779359 -1.746323 4.637213
v 8.893809 -1.769089 6.729914
v 8.301516 -3.438601 4.626954
v 8.893809 -1.769089 6.729914
v 8.104533 -3.357008 7.091914
v 5.518665 -1.097731 6.729914
v 5.398251 -2.236029 7.091914
v 5.045780 -2.090031 9.150000
v 5.518665 -1.097731 6.729914
v 5.045780 -2.090031 9.150000
v 5.134135 -1.021243 8.850000
v 8.104533 -3.357008 7.091914
v 8.893809 -1.769089 6.729914
v 9.051776 -1.800510 8.970000
v 8.104533 -3.357008 7.091914
v 9.051776 -1.800510 8.970000
v 8.382089 -3.471975 9.270000
v 5.045780 -2.090031 9.150000
v 8.382089 -3.471975 9.270000
v 9.051776 -1.800510 8.970000
v 5.045780 -2.090031 9.150000
v 9.051776 -1.800510 8.970000
v 5.134135 -1.021243 8.850000
v 5.336267 -1.061450 0.000000
v 8.980770 -1.786386 0.000000
v 8.424862 -3.489692 0.000000
v 5.336267 -1.061450 0.000000
v 8.424862 -3.489692 0.000000
v 4.992980 -2.068160 0.000000
v 5.840187 0.000000 0.000000
v 5.336267 -1.061450 0.000000
v 5.447995 -1.083674 2.010418
v 5.840187 0.000000 0.000000
v 5.447995 -1.083674 2.010418
v 5.692795 0.000000 2.073550
v 8.980770 -1.786386 0.000000
v 9.200338 0.000000 0.000000
v 8.861048 0.000000 2.073550
v 8.980770 -1.786386 0.000000
v 8.861048 0.000000 2.073550
v 9.002658 -1.790740 2.010418
v 5.692795 0.000000 2.073550
v 5.447995 -1.083674 2.010418
v 5.665922 -1.127022 4.637213
v 5.692795 0.000000 2.073550
v 5.665922 -1.127022 4.637213
v 5.366039 0.000000 4.372895
v 9.002658 -1.790740 2.010418
v 8.861048 0.000000 2.073550
v 8.831672 0.000000 4.372895
v 9.002658 -1.790740 2.010418
v 8.831672 0.000000 4.372895
v 8.779359 -1.746323 4.637213
v 5.366039 0.000000 4.372895
v 5.665922 -1.127022 4.637213
v 5.518665 -1.097731 6.729914
v 5.366039 0.000000 4.372895
v 5.518665 -1.097731 6.729914
v 5.426611 0.000000 6.247647
v 8.779359 -1.746323 4.637213
v 8.831672 0.000000 4.372895
v 9.216867 0.000000 6.247647
v 8.779359 -1.746323 4.637213
v 9.216867 0.000000 6.247647
v 8.893809 -1.769089 6.729914
v 5.426611 0.000000 6.247647
v 5.518665 -1.097731 6.729914
v 5.134135 -1.021243 8.850000
v 5.426611 0.000000 6.247647
v 5.134135 -1.021243 8.850000
v 5.577773 0.000000 8.400000
v 8.893809 -1.769089 6.729914
v 9.216867 0.000000 6.247647
v 9.253109 0.000000 8.520000
v 8.893809 -1.769089 6.729914
v 9.253109 0.000000 8.520000
v 9.051776 -1.800510 8.970000
v 5.134135 -1.021243 8.850000
v 9.051776 -1.800510 8.970000
v 9.253109 0.000000 8.520000
v 5.134135 -1.021243 8.850000
v 9.253109 0.000000 8.520000
v 5.577773 0.000000 8.400000
v 5.840187 0.000000 0.000000
v 9.200338 0.000000 0.000000
v 8.980770 -1.786386 0.000000
v 5.840187 0.000000 0.000000
v 8.980770 -1.786386 0.000000
v 5.336267 -1.061450 0.000000
v 0.000000 -9.140000 0.000000
v 0.000000 -9.296693 2.141497
v 0.000000 -5.746160 2.141497
v 0.000000 -9.140000 0.000000
v 0.000000 -5.746160 2.141497
v 0.000000 -5.670000 0.000000
v 0.000000 -9.296693 2.141497
v 0.000000 -8.957582 4.172751
v 0.000000 -5.541475 4.172751
v 0.000000 -9.296693 2.141497
v 0.000000 -5.541475 4.172751
v 0.000000 -5.746160 2.141497
v 0.000000 -8.957582 4.172751
v 0.000000 -8.778089 6.357122
v 0.000000 -5.446548 6.357122
v 0.000000 -8.957582 4.172751
v 0.000000 -5.446548 6.357122
v 0.000000 -5.541475 4.172751
v 0.000000 -8.778089 6.357122
v 0.000000 -9.096869 8.520000
v 0.000000 -5.416656 8.400000
v 0.000000 -8.778089 6.357122
v 0.000000 -5.416656 8.400000
v 0.000000 -5.446548 6.357122
v 5.840187 0.000000 0.000000
v 5.692795 0.000000 2.073550
v 8.861048 0.000000 2.073550
v 5.840187 0.000000 0.000000
v 8.861048 0.000000 2.073550
v 9.200338 0.000000 0.000000
v 5.692795 0.000000 2.073550
v 5.366039 0.000000 4.372895
v 8.831672 0.000000 4.372895
v 5.692795 0.000000 2.073550
v 8.831672 0.000000 4.372895
v 8.861048 0.000000 2.073550
v 5.366039 0.000000 4.372895
v 5.426611 0.000000 6.247647
v 9.216867 0.000000 6.247647
v 5.366039 0.000000 4.372895
v 9.216867 0.000000 6.247647
v 8.831672 0.000000 4.372895
v 5.426611 0.000000 6.247647
v 5.577773 0.000000 8.400000
v 9.253109 0.000000 8.520000
v 5.426611 0.000000 6.247647
v 9.253109 0.000000 8.520000
v 9.216867 0.000000 6.247647
v 2.207349 -5.400000 -0.004355
v 2.126593 -5.058726 0.166923
v 2.394086 -4.908855 0.774210
v 2.207349 -5.400000 -0.004355
v 2.394086 -4.908855 0.774210
v 2.627834 -5.400000 0.838967
v 2.126593 -5.058726 0.166923
v 1.500000 -4.850658 -0.041968
v 1.500000 -4.527938 0.540440
v 2.126593 -5.058726 0.166923
v 1.500000 -4.527938 0.540440
v 2.394086 -4.908855 0.774210
v 1.500000 -4.850658 -0.041968
v 0.996610 -4.975200 -0.155277
v 0.694802 -4.854636 0.670070
v 1.500000 -4.850658 -0.041968
v 0.694802 -4.854636 0.670070
v 1.500000 -4.527938 0.540440
v 0.996610 -4.975200 -0.155277
v 0.611045 -5.400000 0.085058
v 0.241140 -5.400000 0.867866
v 0.996610 -4.975200 -0.155277
v 0.241140 -5.400000 0.867866
v 0.694802 -4.854636 0.670070
v 0.611045 -5.400000 0.085058
v 0.954792 -5.792217 0.131672
v 0.791469 -6.019769 0.683346
v 0.611045 -5.400000 0.085058
v 0.791469 -6.019769 0.683346
v 0.241140 -5.400000 0.867866
v 0.954792 -5.792217 0.131672
v 1.500000 -5.996577 -0.121599
v 1.500000 -6.163971 0.536755
v 0.954792 -5.792217 0.131672
v 1.500000 -6.163971 0.536755
v 0.791469 -6.019769 0.683346
v 1.500000 -5.996577 -0.121599
v 2.130206 -5.739317 -0.097928
v 2.385733 -5.895777 0.761956
v 1.500000 -5.996577 -0.121599
v 2.385733 -5.895777 0.761956
v 1.500000 -6.163971 0.536755
v 2.130206 -5.739317 -0.097928
v 2.207349 -5.400000 -0.004355
v 2.627834 -5.400000 0.838967
v 2.130206 -5.739317 -0.097928
v 2.627834 -5.400000 0.838967
v 2.385733 -5.895777 0.761956
v 2.627834 -5.400000 0.838967
v 2.394086 -4.908855 0.774210
v 2.318512 -4.863507 1.313268
v 2.627834 -5.400000 0.838967
v 2.318512 -4.863507 1.313268
v 2.747601 -5.400000 1.554523
v 2.394086 -4.908855 0.774210
v 1.500000 -4.527938 0.540440
v 1.500000 -4.520631 1.269546
v 2.394086 -4.908855 0.774210
v 1.500000 -4.520631 1.269546
v 2.318512 -4.863507 1.313268
v 1.500000 -4.527938 0.540440
v 0.694802 -4.854636 0.670070
v 0.613061 -4.904897 1.522934
v 1.500000 -4.527938 0.540440
v 0.613061 -4.904897 1.522934
v 1.500000 -4.520631 1.269546
v 0.694802 -4.854636 0.670070
v 0.241140 -5.400000 0.867866
v 0.353263 -5.400000 1.496339
v 0.694802 -4.854636 0.670070
v 0.353263 -5.400000 1.496339
v 0.613061 -4.904897 1.522934
v 0.241140 -5.400000 0.867866
v 0.791469 -6.019769 0.683346
v 0.790573 -6.018987 1.250331
v 0.241140 -5.400000 0.867866
v 0.790573 -6.018987 1.250331
v 0.353263 -5.400000 1.496339
v 0.791469 -6.019769 0.683346
v 1.500000 -6.163971 0.536755
v 1.500000 -6.096809 1.345196
v 0.791469 -6.019769 0.683346
v 1.500000 -6.096809 1.345196
v 0.790573 -6.018987 1.250331
v 1.500000 -6.163971 0.536755
v 2.385733 -5.895777 0.761956
v 2.303174 -5.946738 1.564878
v 1.500000 -6.163971 0.536755
v 2.303174 -5.946738 1.564878
v 1.500000 -6.096809 1.345196
v 2.385733 -5.895777 0.761956
v 2.627834 -5.400000 0.838967
v 2.747601 -5.400000 1.554523
v 2.385733 -5.895777 0.761956
v 2.747601 -5.400000 1.554523
v 2.303174 -5.946738 1.564878
v 2.747601 -5.400000 1.554523
v 2.318512 -4.863507 1.313268
v 1.712377 -5.225193 1.932067
v 2.747601 -5.400000 1.554523
v 1.712377 -5.225193 1.932067
v 1.871912 -5.400000 2.128012
v 2.318512 -4.863507 1.313268
v 1.500000 -4.520631 1.269546
v 1.500000 -5.167238 2.118591
v 2.318512 -4.863507 1.313268
v 1.500000 -5.167238 2.118591
v 1.712377 -5.225193 1.932067
v 1.500000 -4.520631 1.269546
v 0.613061 -4.904897 1.522934
v 1.237576 -5.258530 2.262773
v 1.500000 -4.520631 1.269546
v 1.237576 -5.258530 2.262773
v 1.500000 -5.167238 2.118591
v 0.613061 -4.904897 1.522934
v 0.353263 -5.400000 1.496339
v 1.201859 -5.400000 2.036238
v 0.613061 -4.904897 1.522934
v 1.201859 -5.400000 2.036238
v 1.237576 -5.258530 2.262773
v 0.353263 -5.400000 1.496339
v 0.790573 -6.018987 1.250331
v 1.272252 -5.563009 1.954921
v 0.353263 -5.400000 1.496339
v 1.272252 -5.563009 1.954921
v 1.201859 -5.400000 2.036238
v 0.790573 -6.018987 1.250331
v 1.500000 -6.096809 1.345196
v 1.500000 -5.600616 2.204023
v 0.790573 -6.018987 1.250331
v 1.500000 -5.600616 2.204023
v 1.272252 -5.563009 1.954921
v 1.500000 -6.096809 1.345196
v 2.303174 -5.946738 1.564878
v 1.709381 -5.577309 2.216212
v 1.500000 -6.096809 1.345196
v 1.709381 -5.577309 2.216212
v 1.500000 -5.600616 2.204023
v 2.303174 -5.946738 1.564878
v 2.747601 -5.400000 1.554523
v 1.871912 -5.400000 2.128012
v 2.303174 -5.946738 1.564878
v 1.871912 -5.400000 2.128012
v 1.709381 -5.577309 2.216212
v 1.500000 -5.400000 0.000000
v 2.126593 -5.058726 0.166923
v 2.207349 -5.400000 -0.004355
v 1.500000 -5.400000 2.268000
v 1.871912 -5.400000 2.128012
v 1.712377 -5.225193 1.932067
v 1.500000 -5.400000 0.000000
v 1.500000 -4.850658 -0.041968
v 2.126593 -5.058726 0.166923
v 1.500000 -5.400000 2.268000
v 1.712377 -5.225193 1.932067
v 1.500000 -5.167238 2.118591
v 1.500000 -5.400000 0.000000
v 0.996610 -4.975200 -0.155277
v 1.500000 -4.850658 -0.041968
v 1.500000 -5.400000 2.268000
v 1.500000 -5.167238 2.118591
v 1.237576 -5.258530 2.262773
v 1.500000 -5.400000 0.000000
v 0.611045 -5.400000 0.085058
v 0.996610 -4.975200 -0.155277
v 1.500000 -5.400000 2.268000
v 1.237576 -5.258530 2.262773
v 1.201859 -5.400000 2.036238
v 1.500000 -5.400000 0.000000
v 0.954792 -5.792217 0.131672
v 0.611045 -5.400000 0.085058
v 1.500000 -5.400000 2.268000
v 1.201859 -5.400000 2.036238
v 1.272252 -5.563009 1.954921
v 1.500000 -5.400000 0.000000
v 1.500000 -5.996577 -0.121599
v 0.954792 -5.792217 0.131672
v 1.500000 -5.400000 2.268000
v 1.272252 -5.563009 1.954921
v 1.500000 -5.600616 2.204023
v 1.500000 -5.400000 0.000000
v 2.130206 -5.739317 -0.097928
v 1.500000 -5.996577 -0.121599
v 1.500000 -5.400000 2.268000
v 1.500000 -5.600616 2.204023
v 1.709381 -5.577309 2.216212
v 1.500000 -5.400000 0.000000
v 2.207349 -5.400000 -0.004355
v 2.130206 -5.739317 -0.097928
v 1.500000 -5.400000 2.268000
v 1.709381 -5.577309 2.216212
v 1.871912 -5.400000 2.128012
v 5.031723 -3.800000 0.052920
v 4.874430 -3.393342 -0.214734
v 5.138297 -3.177141 0.764330
v 5.031723 -3.800000 0.052920
v 5.138297 -3.177141 0.764330
v 5.594021 -3.800000 0.752374
v 4.874430 -3.393342 -0.214734
v 4.100000 -3.087377 0.006671
v 4.100000 -2.733764 1.085275
v 4.874430 -3.393342 -0.214734
v 4.100000 -2.733764 1.085275
v 5.138297 -3.177141 0.764330
v 4.100000 -3.087377 0.006671
v 3.434849 -3.326531 0.212883
v 3.035930 -3.192228 0.984255
v 4.100000 -3.087377 0.006671
v 3.035930 -3.192228 0.984255
v 4.100000 -2.733764 1.085275
v 3.434849 -3.326531 0.212883
v 3.007195 -3.800000 -0.065748
v 2.643970 -3.800000 0.691343
v 3.434849 -3.326531 0.212883
v 2.643970 -3.800000 0.691343
v 3.035930 -3.192228 0.984255
v 3.007195 -3.800000 -0.065748
v 3.479572 -4.307598 -0.194637
v 3.240766 -4.552662 0.873650
v 3.007195 -3.800000 -0.065748
v 3.240766 -4.552662 0.873650
v 2.643970 -3.800000 0.691343
v 3.479572 -4.307598 -0.194637
v 4.100000 -4.463161 0.119761
v 4.100000 -4.653738 1.115969
v 3.479572 -4.307598 -0.194637
v 4.100000 -4.653738 1.115969
v 3.240766 -4.552662 0.873650
v 4.100000 -4.463161 0.119761
v 4.870565 -4.208697 0.161402
v 5.120597 -4.433661 0.866417
v 4.100000 -4.463161 0.119761
v 5.120597 -4.433661 0.866417
v 4.100000 -4.653738 1.115969
v 4.870565 -4.208697 0.161402
v 5.031723 -3.800000 0.052920
v 5.594021 -3.800000 0.752374
v 4.870565 -4.208697 0.161402
v 5.594021 -3.800000 0.752374
v 5.120597 -4.433661 0.866417
v 5.594021 -3.800000 0.752374
v 5.138297 -3.177141 0.764330
v 5.025001 -3.100852 1.868128
v 5.594021 -3.800000 0.752374
v 5.025001 -3.100852 1.868128
v 5.673625 -3.800000 1.587555
v 5.138297 -3.177141 0.764330
v 4.100000 -2.733764 1.085275
v 4.100000 -2.805422 1.993539
v 5.138297 -3.177141 0.764330
v 4.100000 -2.805422 1.993539
v 5.025001 -3.100852 1.868128
v 4.100000 -2.733764 1.085275
v 3.035930 -3.192228 0.984255
v 2.987050 -3.218920 1.678163
v 4.100000 -2.733764 1.085275
v 2.987050 -3.218920 1.678163
v 4.100000 -2.805422 1.993539
v 3.035930 -3.192228 0.984255
v 2.643970 -3.800000 0.691343
v 2.803421 -3.800000 1.640272
v 3.035930 -3.192228 0.984255
v 2.803421 -3.800000 1.640272
v 2.987050 -3.218920 1.678163
v 2.643970 -3.800000 0.691343
v 3.240766 -4.552662 0.873650
v 3.172126 -4.496983 1.966163
v 2.643970 -3.800000 0.691343
v 3.172126 -4.496983 1.966163
v 2.803421 -3.800000 1.640272
v 3.240766 -4.552662 0.873650
v 4.100000 -4.653738 1.115969
v 4.100000 -4.622116 1.913616
v 3.240766 -4.552662 0.873650
v 4.100000 -4.622116 1.913616
v 3.172126 -4.496983 1.966163
v 4.100000 -4.653738 1.115969
v 5.120597 -4.433661 0.866417
v 5.009009 -4.511448 1.602308
v 4.100000 -4.653738 1.115969
v 5.009009 -4.511448 1.602308
v 4.100000 -4.622116 1.913616
v 5.120597 -4.433661 0.866417
v 5.594021 -3.800000 0.752374
v 5.673625 -3.800000 1.587555
v 5.120597 -4.433661 0.866417
v 5.673625 -3.800000 1.587555
v 5.009009 -4.511448 1.602308
v 5.673625 -3.800000 1.587555
v 5.025001 -3.100852 1.868128
v 4.349666 -3.581007 2.909290
v 5.673625 -3.800000 1.587555
v 4.349666 -3.581007 2.909290
v 4.539518 -3.800000 2.618057
v 5.025001 -3.100852 1.868128
v 4.100000 -2.805422 1.993539
v 4.100000 -3.542462 2.723863
v 5.025001 -3.100852 1.868128
v 4.100000 -3.542462 2.723863
v 4.349666 -3.581007 2.909290
v 4.100000 -2.805422 1.993539
v 2.987050 -3.218920 1.678163
v 3.791353 -3.622856 2.484088
v 4.100000 -2.805422 1.993539
v 3.791353 -3.622856 2.484088
v 4.100000 -3.542462 2.723863
v 2.987050 -3.218920 1.678163
v 2.803421 -3.800000 1.640272
v 3.747423 -3.800000 2.736054
v 2.987050 -3.218920 1.678163
v 3.747423 -3.800000 2.736054
v 3.791353 -3.622856 2.484088
v 2.803421 -3.800000 1.640272
v 3.172126 -4.496983 1.966163
v 3.797254 -3.980597 2.905907
v 2.803421 -3.800000 1.640272
v 3.797254 -3.980597 2.905907
v 3.747423 -3.800000 2.736054
v 3.172126 -4.496983 1.966163
v 4.100000 -4.622116 1.913616
v 4.100000 -4.052368 2.606805
v 3.172126 -4.496983 1.966163
v 4.100000 -4.052368 2.606805
v 3.797254 -3.980597 2.905907
v 4.100000 -4.622116 1.913616
v 5.009009 -4.511448 1.602308
v 4.349156 -4.019441 2.519956
v 4.100000 -4.622116 1.913616
v 4.349156 -4.019441 2.519956
v 4.100000 -4.052368 2.606805
v 5.009009 -4.511448 1.602308
v 5.673625 -3.800000 1.587555
v 4.539518 -3.800000 2.618057
v 5.009009 -4.511448 1.602308
v 4.539518 -3.800000 2.618057
v 4.349156 -4.019441 2.519956
v 4.100000 -3.800000 0.000000
v 4.874430 -3.393342 -0.214734
v 5.031723 -3.800000 0.052920
v 4.100000 -3.800000 2.916000
v 4.539518 -3.800000 2.618057
v 4.349666 -3.581007 2.909290
v 4.100000 -3.800000 0.000000
v 4.100000 -3.087377 0.006671
v 4.874430 -3.393342 -0.214734
v 4.100000 -3.800000 2.916000
v 4.349666 -3.581007 2.909290
v 4.100000 -3.542462 2.723863
v 4.100000 -3.800000 0.000000
v 3.434849 -3.326531 0.212883
v 4.100000 -3.087377 0.006671
v 4.100000 -3.800000 2.916000
v 4.100000 -3.542462 2.723863
v 3.791353 -3.622856 2.484088
v 4.100000 -3.800000 0.000000
v 3.007195 -3.800000 -0.065748
v 3.434849 -3.326531 0.212883
v 4.100000 -3.800000 2.916000
v 3.791353 -3.622856 2.484088
v 3.747423 -3.800000 2.736054
v 4.100000 -3.800000 0.000000
v 3.479572 -4.307598 -0.194637
v 3.007195 -3.800000 -0.065748
v 4.100000 -3.800000 2.916000
v 3.747423 -3.800000 2.736054
v 3.797254 -3.980597 2.905907
v 4.100000 -3.800000 0.000000
v 4.100000 -4.463161 0.119761
v 3.479572 -4.307598 -0.194637
v 4.100000 -3.800000 2.916000
v 3.797254 -3.980597 2.905907
v 4.100000 -4.052368 2.606805
v 4.100000 -3.800000 0.000000
v 4.870565 -4.208697 0.161402
v 4.100000 -4.463161 0.119761
v 4.100000 -3.800000 2.916000
v 4.100000 -4.052368 2.606805
v 4.349156 -4.019441 2.519956
v 4.100000 -3.800000 0.000000
v 5.031723 -3.800000 0.052920
v 4.870565 -4.208697 0.161402
v 4.100000 -3.800000 2.916000
v 4.349156 -4.019441 2.519956
v 4.539518 -3.800000 2.618057
v 6.297908 -1.200000 0.120458
v 6.135791 -0.825289 0.061427
v 6.399856 -0.720855 0.523595
v 6.297908 -1.200000 0.120458
v 6.399856 -0.720855 0.523595
v 6.507893 -1.200000 0.731479
v 6.135791 -0.825289 0.061427
v 5.700000 -0.753306 -0.137504
v 5.700000 -0.519502 0.489724
v 6.135791 -0.825289 0.061427
v 5.700000 -0.519502 0.489724
v 6.399856 -0.720855 0.523595
v 5.700000 -0.753306 -0.137504
v 5.280651 -0.810597 -0.023268
v 5.128608 -0.613130 0.707008
v 5.700000 -0.753306 -0.137504
v 5.128608 -0.613130 0.707008
v 5.700000 -0.519502 0.489724
v 5.280651 -0.810597 -0.023268
v 5.077856 -1.200000 0.143962
v 4.702745 -1.200000 0.680581
v 5.280651 -0.810597 -0.023268
v 4.702745 -1.200000 0.680581
v 5.128608 -0.613130 0.707008
v 5.077856 -1.200000 0.143962
v 5.183883 -1.516393 -0.016682
v 5.008770 -1.685124 0.470631
v 5.077856 -1.200000 0.143962
v 5.008770 -1.685124 0.470631
v 4.702745 -1.200000 0.680581
v 5.183883 -1.516393 -0.016682
v 5.700000 -1.754966 -0.139332
v 5.700000 -2.029103 0.555320
v 5.183883 -1.516393 -0.016682
v 5.700000 -2.029103 0.555320
v 5.008770 -1.685124 0.470631
v 5.700000 -1.754966 -0.139332
v 6.144153 -1.567657 0.055348
v 6.410211 -1.672159 0.741768
v 5.700000 -1.754966 -0.139332
v 6.410211 -1.672159 0.741768
v 5.700000 -2.029103 0.555320
v 6.144153 -1.567657 0.055348
v 6.297908 -1.200000 0.120458
v 6.507893 -1.200000 0.731479
v 6.144153 -1.567657 0.055348
v 6.507893 -1.200000 0.731479
v 6.410211 -1.672159 0.741768
v 6.507893 -1.200000 0.731479
v 6.399856 -0.720855 0.523595
v 6.441333 -0.747663 1.056010
v 6.507893 -1.200000 0.731479
v 6.441333 -0.747663 1.056010
v 6.553555 -1.200000 1.221619
v 6.399856 -0.720855 0.523595
v 5.700000 -0.519502 0.489724
v 5.700000 -0.436796 1.218339
v 6.399856 -0.720855 0.523595
v 5.700000 -0.436796 1.218339
v 6.441333 -0.747663 1.056010
v 5.700000 -0.519502 0.489724
v 5.128608 -0.613130 0.707008
v 5.091370 -0.649037 1.338901
v 5.700000 -0.519502 0.489724
v 5.091370 -0.649037 1.338901
v 5.700000 -0.436796 1.218339
v 5.128608 -0.613130 0.707008
v 4.702745 -1.200000 0.680581
v 4.650834 -1.200000 1.143114
v 5.128608 -0.613130 0.707008
v 4.650834 -1.200000 1.143114
v 5.091370 -0.649037 1.338901
v 4.702745 -1.200000 0.680581
v 5.008770 -1.685124 0.470631
v 5.084268 -1.744608 1.076885
v 4.702745 -1.200000 0.680581
v 5.084268 -1.744608 1.076885
v 4.650834 -1.200000 1.143114
v 5.008770 -1.685124 0.470631
v 5.700000 -2.029103 0.555320
v 5.700000 -1.972406 1.291051
v 5.008770 -1.685124 0.470631
v 5.700000 -1.972406 1.291051
v 5.084268 -1.744608 1.076885
v 5.700000 -2.029103 0.555320
v 6.410211 -1.672159 0.741768
v 6.441947 -1.651963 1.297847
v 5.700000 -2.029103 0.555320
v 6.441947 -1.651963 1.297847
v 5.700000 -1.972406 1.291051
v 6.410211 -1.672159 0.741768
v 6.507893 -1.200000 0.731479
v 6.553555 -1.200000 1.221619
v 6.410211 -1.672159 0.741768
v 6.553555 -1.200000 1.221619
v 6.441947 -1.651963 1.297847
v 6.553555 -1.200000 1.221619
v 6.441333 -0.747663 1.056010
v 5.908310 -1.063905 1.720808
v 6.553555 -1.200000 1.221619
v 5.908310 -1.063905 1.720808
v 5.978555 -1.200000 1.691883
v 6.441333 -0.747663 1.056010
v 5.700000 -0.436796 1.218339
v 5.700000 -0.959552 1.930094
v 6.441333 -0.747663 1.056010
v 5.700000 -0.959552 1.930094
v 5.908310 -1.063905 1.720808
v 5.700000 -0.436796 1.218339
v 5.091370 -0.649037 1.338901
v 5.501273 -1.057342 1.843090
v 5.700000 -0.436796 1.218339
v 5.501273 -1.057342 1.843090
v 5.700000 -0.959552 1.930094
v 5.091370 -0.649037 1.338901
v 4.650834 -1.200000 1.143114
v 5.407319 -1.200000 1.657948
v 5.091370 -0.649037 1.338901
v 5.407319 -1.200000 1.657948
v 5.501273 -1.057342 1.843090
v 4.650834 -1.200000 1.143114
v 5.084268 -1.744608 1.076885
v 5.533606 -1.370378 1.796331
v 4.650834 -1.200000 1.143114
v 5.533606 -1.370378 1.796331
v 5.407319 -1.200000 1.657948
v 5.084268 -1.744608 1.076885
v 5.700000 -1.972406 1.291051
v 5.700000 -1.400022 1.943070
v 5.084268 -1.744608 1.076885
v 5.700000 -1.400022 1.943070
v 5.533606 -1.370378 1.796331
v 5.700000 -1.972406 1.291051
v 6.441947 -1.651963 1.297847
v 5.905516 -1.337946 1.763966
v 5.700000 -1.972406 1.291051
v 5.905516 -1.337946 1.763966
v 5.700000 -1.400022 1.943070
v 6.441947 -1.651963 1.297847
v 6.553555 -1.200000 1.221619
v 5.978555 -1.200000 1.691883
v 6.441947 -1.651963 1.297847
v 5.978555 -1.200000 1.691883
v 5.905516 -1.337946 1.763966
v 5.700000 -1.200000 0.000000
v 6.135791 -0.825289 0.061427
v 6.297908 -1.200000 0.120458
v 5.700000 -1.200000 1.944000
v 5.978555 -1.200000 1.691883
v 5.908310 -1.063905 1.720808
v 5.700000 -1.200000 0.000000
v 5.700000 -0.753306 -0.137504
v 6.135791 -0.825289 0.061427
v 5.700000 -1.200000 1.944000
v 5.908310 -1.063905 1.720808
v 5.700000 -0.959552 1.930094
v 5.700000 -1.200000 0.000000
v 5.280651 -0.810597 -0.023268
v 5.700000 -0.753306 -0.137504
v 5.700000 -1.200000 1.944000
v 5.700000 -0.959552 1.930094
v 5.501273 -1.057342 1.843090
v 5.700000 -1.200000 0.000000
v 5.077856 -1.200000 0.143962
v 5.280651 -0.810597 -0.023268
v 5.700000 -1.200000 1.944000
v 5.501273 -1.057342 1.843090
v 5.407319 -1.200000 1.657948
v 5.700000 -1.200000 0.000000
v 5.183883 -1.516393 -0.016682
v 5.077856 -1.200000 0.143962
v 5.700000 -1.200000 1.944000
v 5.407319 -1.200000 1.657948
v 5.533606 -1.370378 1.796331
v 5.700000 -1.200000 0.000000
v 5.700000 -1.754966 -0.139332
v 5.183883 -1.516393 -0.016682
v 5.700000 -1.200000 1.944000
v 5.533606 -1.370378 1.796331
v 5.700000 -1.400022 1.943070
v 5.700000 -1.200000 0.000000
v 6.144153 -1.567657 0.055348
v 5.700000 -1.754966 -0.139332
v 5.700000 -1.200000 1.944000
v 5.700000 -1.400022 1.943070
v 5.905516 -1.337946 1.763966
v 5.700000 -1.200000 0.000000
v 6.297908 -1.200000 0.120458
v 6.144153 -1.567657 0.055348
v 5.700000 -1.200000 1.944000
v 5.905516 -1.337946 1.763966
v 5.978555 -1.200000 1.691883
vt 0.000000 0.000000
vt 1.000000 0.000000
vt 1.000000 1.000000
vt 0.000000 0.000000
vt 1.000000 1.000000
vt 0.000000 1.000000
vt 0.000000 0.000000
vt 1.000000 0.000000
vt 1.000000 1.000000
vt 0.000000 0.000000
vt 1.000000 1.000000
vt 0.000000 1.000000
vt 0.000000 0.000000
vt 1.000000 0.000000
vt 1.000000 1.000000
vt 0.000000 0.000000
vt 1.000000 1.000000
vt 0.000000 1.000000
vt 0.000000 0.000000
vt 1.000000 0.000000
vt 1.000000 1.000000
vt 0.000000 0.000000
vt 1.000000 1.000000
vt 0.000000 1.000000
vt 0.000000 0.000000
vt 1.000000 0.000000
vt 1.000000 1.000000
vt 0.000000 0.000000
vt 1.000000 1.000000
vt 0.000000 1.000000
vt 0.000000 0.000000
vt 1.000000 0.000000
vt 1.000000 1.000000
vt 0.000000 0.000000
vt 1.000000 1.000000
vt 0.000000 1.000000
vt 0.000000 0.000000
vt 1.000000 0.000000
vt 1.000000 1.000000
vt 0.000000 0.000000
vt 1.000000 1.000000
vt 0.000000 1.000000
vt 0.000000 0.000000
vt 1.000000 0.000000
vt 1.000000 1.000000
vt 0.000000 0.000000
vt 1.000000 1.000000
vt 0.000000 1.000000
vt 0.000000 0.000000
vt 1.000000 0.000000
vt 1.000000 1.000000
vt 0.000000 0.000000
vt 1.000000 1.000000
vt 0.000000 1.000000
vt 0.000000 0.000000
vt 1.000000 0.000000
vt 1.000000 1.000000
vt 0.000000 0.000000
vt 1.000000 1.000000
vt 0.000000 1.000000
vt 0.000000 0.000000
vt 1.000000 0.000000
vt 1.000000 1.000000
vt 0.000000 0.000000
vt 1.000000 1.000000
vt 0.000000 1.000000
vt 0.000000 0.000000
vt 1.000000 0.000000
vt 1.000000 1.000000
vt 0.000000 0.000000
vt 1.000000 1.000000
vt 0.000000 1.000000
vt 0.000000 0.000000
vt 1.000000 0.000000
vt 1.000000 1.000000
vt 0.000000 0.000000
vt 1.000000 1.000000
vt 0.000000 1.000000
vt 0.000000 0.000000
vt 1.000000 0.000000
vt 1.000000 1.000000
vt 0.000000 0.000000
vt 1.000000 1.000000
vt 0.000000 1.000000
vt 0.000000 0.000000
vt 1.000000 0.000000
vt 1.000000 1.000000
vt 0.000000 0.000000
vt 1.000000 1.000000
vt 0.000000 1.000000
vt 0.000000 0.000000
vt 1.000000 0.000000
vt 1.000000 1.000000
vt 0.000000 0.000000
vt 1.000000 1.000000
vt 0.000000 1.000000
vt 0.000000 0.000000
vt 1.000000 0.000000
vt 1.000000 1.000000
vt 0.000000 0.000000
vt 1.000000 1.000000
vt 0.000000 1.000000
vt 0.000000 0.000000
vt 1.000000 0.000000
vt 1.000000 1.000000
vt 0.000000 0.000000
vt 1.000000 1.000000
vt 0.000000 1.000000
vt 0.000000 0.000000
vt 1.000000 0.000000
vt 1.000000 1.000000
vt 0.000000 0.000000
vt 1.000000 1.000000
vt 0.000000 1.000000
vt 0.000000 0.000000
vt 1.000000 0.000000
vt 1.000000 1.000000
vt 0.000000 0.000000
vt 1.000000 1.000000
vt 0.000000 1.000000
vt 0.000000 0.000000
vt 1.000000 0.000000
vt 1.000000 1.000000
vt 0.000000 0.000000
vt 1.000000 1.000000
vt 0.000000 1.000000
vt 0.000000 0.000000
vt 1.000000 0.000000
vt 1.000000 1.000000
vt 0.000000 0.000000
vt 1.000000 1.000000
vt 0.000000 1.000000
vt 0.000000 0.000000
vt 1.000000 0.000000
vt 1.000000 1.000000
vt 0.000000 0.000000
vt 1.000000 1.000000
vt 0.000000 1.000000
vt 0.000000 0.000000
vt 1.000000 0.000000
vt 1.000000 1.000000
vt 0.000000 0.000000
vt 1.000000 1.000000
vt 0.000000 1.000000
vt 0.000000 0.000000
vt 1.000000 0.000000
vt 1.000000 1.000000
vt 0.000000 0.000000
vt 1.000000 1.000000
vt 0.000000 1.000000
vt 0.000000 0.000000
vt 1.000000 0.000000
vt 1.000000 1.000000
vt 0.000000 0.000000
vt 1.000000 1.000000
vt 0.000000 1.000000
vt 0.000000 0.000000
vt 1.000000 0.000000
vt 1.000000 1.000000
vt 0.000000 0.000000
vt 1.000000 1.000000
vt 0.000000 1.000000
vt 0.000000 0.000000
vt 1.000000 0.000000
vt 1.000000 1.000000
vt 0.000000 0.000000
vt 1.000000 1.000000
vt 0.000000 1.000000
vt 0.000000 0.000000
vt 1.000000 0.000000
vt 1.000000 1.000000
vt 0.000000 0.000000
vt 1.000000 1.000000
vt 0.000000 1.000000
vt 0.000000 0.000000
vt 1.000000 0.000000
vt 1.000000 1.000000
vt 0.000000 0.000000
vt 1.000000 1.000000
vt 0.000000 1.000000
vt 0.000000 0.000000
vt 1.000000 0.000000
vt 1.000000 1.000000
vt 0.000000 0.000000
vt 1.000000 1.000000
vt 0.000000 1.000000
vt 0.000000 0.000000
vt 1.000000 0.000000
vt 1.000000 1.000000
vt 0.000000 0.000000
vt 1.000000 1.000000
vt 0.000000 1.000000
vt 0.000000 0.000000
vt 1.000000 0.000000
vt 1.000000 1.000000
vt 0.000000 0.000000
vt 1.000000 1.000000
vt 0.000000 1.000000
vt 0.000000 0.000000
vt 1.000000 0.000000
vt 1.000000 1.000000
vt 0.000000 0.000000
vt 1.000000 1.000000
vt 0.000000 1.000000
vt 0.000000 0.000000
vt 1.000000 0.000000
vt 1.000000 1.000000
vt 0.000000 0.000000
vt 1.000000 1.000000
vt 0.000000 1.000000
vt 0.000000 0.000000
vt 1.000000 0.000000
vt 1.000000 1.000000
vt 0.000000 0.000000
vt 1.000000 1.000000
vt 0.000000 1.000000
vt 0.000000 0.000000
vt 1.000000 0.000000
vt 1.000000 1.000000
vt 0.000000 0.000000
vt 1.000000 1.000000
vt 0.000000 1.000000
vt 0.000000 0.000000
vt 1.000000 0.000000
vt 1.000000 1.000000
vt 0.000000 0.000000
vt 1.000000 1.000000
vt 0.000000 1.000000
vt 0.000000 0.000000
vt 1.000000 0.000000
vt 1.000000 1.000000
vt 0.000000 0.000000
vt 1.000000 1.000000
vt 0.000000 1.000000
vt 0.000000 0.000000
vt 1.000000 0.000000
vt 1.000000 1.000000
vt 0.000000 0.000000
vt 1.000000 1.000000
vt 0.000000 1.000000
vt 0.000000 0.000000
vt 1.000000 0.000000
vt 1.000000 1.000000
vt 0.000000 0.000000
vt 1.000000 1.000000
vt 0.000000 1.000000
vt 0.000000 0.000000
vt 1.000000 0.000000
vt 1.000000 1.000000
vt 0.000000 0.000000
vt 1.000000 1.000000
vt 0.000000 1.000000
vt 0.000000 0.000000
vt 1.000000 0.000000
vt 1.000000 1.000000
vt 0.000000 0.000000
vt 1.000000 1.000000
vt 0.000000 1.000000
vt 0.000000 0.000000
vt 1.000000 0.000000
vt 1.000000 1.000000
vt 0.000000 0.000000
vt 1.000000 1.000000
vt 0.000000 1.000000
vt 0.000000 0.000000
vt 1.000000 0.000000
vt 1.000000 1.000000
vt 0.000000 0.000000
vt 1.000000 1.000000
vt 0.000000 1.000000
vt 0.000000 0.000000
vt 1.000000 0.000000
vt 1.000000 1.000000
vt 0.000000 0.000000
vt 1.000000 1.000000
vt 0.000000 1.000000
vt 0.000000 0.000000
vt 1.000000 0.000000
vt 1.000000 1.000000
vt 0.000000 0.000000
vt 1.000000 1.000000
vt 0.000000 1.000000
vt 0.000000 0.000000
vt 1.000000 0.000000
vt 1.000000 1.000000
vt 0.000000 0.000000
vt 1.000000 1.000000
vt 0.000000 1.000000
vt 0.000000 0.000000
vt 1.000000 0.000000
vt 1.000000 1.000000
vt 0.000000 0.000000
vt 1.000000 1.000000
vt 0.000000 1.000000
vt 0.000000 0.000000
vt 1.000000 0.000000
vt 1.000000 1.000000
vt 0.000000 0.000000
vt 1.000000 1.000000
vt 0.000000 1.000000
vt 0.000000 0.000000
vt 1.000000 0.000000
vt 1.000000 1.000000
vt 0.000000 0.000000
vt 1.000000 1.000000
vt 0.000000 1.000000
vt 0.000000 0.000000
vt 1.000000 0.000000
vt 1.000000 1.000000
vt 0.000000 0.000000
vt 1.000000 1.000000
vt 0.000000 1.000000
vt 0.000000 0.000000
vt 1.000000 0.000000
vt 1.000000 1.000000
vt 0.000000 0.000000
vt 1.000000 1.000000
vt 0.000000 1.000000
vt 0.000000 0.000000
vt 1.000000 0.000000
vt 1.000000 1.000000
vt 0.000000 0.000000
vt 1.000000 1.000000
vt 0.000000 1.000000
vt 0.000000 0.000000
vt 1.000000 0.000000
vt 1.000000 1.000000
vt 0.000000 0.000000
vt 1.000000 1.000000
vt 0.000000 1.000000
vt 0.000000 0.000000
vt 1.000000 0.000000
vt 1.000000 1.000000
vt 0.000000 0.000000
vt 1.000000 1.000000
vt 0.000000 1.000000
vt 0.000000 0.000000
vt 1.000000 0.000000
vt 1.000000 1.000000
vt 0.000000 0.000000
vt 1.000000 1.000000
vt 0.000000 1.000000
vt 0.000000 0.000000
vt 1.000000 0.000000
vt 1.000000 1.000000
vt 0.000000 0.000000
vt 1.000000 1.000000
vt 0.000000 1.000000
vt 0.000000 0.000000
vt 1.000000 0.000000
vt 1.000000 1.000000
vt 0.000000 0.000000
vt 1.000000 1.000000
vt 0.000000 1.000000
vt 0.000000 0.000000
vt 1.000000 0.000000
vt 1.000000 1.000000
vt 0.000000 0.000000
vt 1.000000 1.000000
vt 0.000000 1.000000
vt 0.000000 0.000000
vt 1.000000 0.000000
vt 1.000000 1.000000
vt 0.000000 0.000000
vt 1.000000 1.000000
vt 0.000000 1.000000
vt 0.000000 0.000000
vt 1.000000 0.000000
vt 1.000000 1.000000
vt 0.000000 0.000000
vt 1.000000 1.000000
vt 0.000000 1.000000
vt 0.000000 0.000000
vt 1.000000 0.000000
vt 1.000000 1.000000
vt 0.000000 0.000000
vt 1.000000 1.000000
vt 0.000000 1.000000
vt 0.000000 0.000000
vt 1.000000 0.000000
vt 1.000000 1.000000
vt 0.000000 0.000000
vt 1.000000 1.000000
vt 0.000000 1.000000
vt 0.000000 0.000000
vt 1.000000 0.000000
vt 1.000000 1.000000
vt 0.000000 0.000000
vt 1.000000 1.000000
vt 0.000000 1.000000
vt 0.000000 0.000000
vt 1.000000 0.000000
vt 1.000000 1.000000
vt 0.000000 0.000000
vt 1.000000 1.000000
vt 0.000000 1.000000
vt 0.000000 0.000000
vt 1.000000 0.000000
vt 1.000000 1.000000
vt 0.000000 0.000000
vt 1.000000 1.000000
vt 0.000000 1.000000
vt 0.000000 0.000000
vt 1.000000 0.000000
vt 1.000000 1.000000
vt 0.000000 0.000000
vt 1.000000 1.000000
vt 0.000000 1.000000
vt 0.000000 0.000000
vt 1.000000 0.000000
vt 1.000000 1.000000
vt 0.000000 0.000000
vt 1.000000 1.000000
vt 0.000000 1.000000
vt 0.000000 0.000000
vt 1.000000 0.000000
vt 1.000000 1.000000
vt 0.000000 0.000000
vt 1.000000 1.000000
vt 0.000000 1.000000
vt 0.000000 0.000000
vt 1.000000 0.000000
vt 1.000000 1.000000
vt 0.000000 0.000000
vt 1.000000 1.000000
vt 0.000000 1.000000
vt 0.000000 0.000000
vt 1.000000 0.000000
vt 1.000000 1.000000
vt 0.000000 0.000000
vt 1.000000 1.000000
vt 0.000000 1.000000
vt 0.000000 0.000000
vt 1.000000 0.000000
vt 1.000000 1.000000
vt 0.000000 0.000000
vt 1.000000 1.000000
vt 0.000000 1.000000
vt 0.000000 0.000000
vt 1.000000 0.000000
vt 1.000000 1.000000
vt 0.000000 0.000000
vt 1.000000 1.000000
vt 0.000000 1.000000
vt 0.000000 0.000000
vt 1.000000 0.000000
vt 1.000000 1.000000
vt 0.000000 0.000000
vt 1.000000 1.000000
vt 0.000000 1.000000
vt 0.000000 0.000000
vt 1.000000 0.000000
vt 1.000000 1.000000
vt 0.000000 0.000000
vt 1.000000 1.000000
vt 0.000000 1.000000
vt 0.000000 0.000000
vt 1.000000 0.000000
vt 1.000000 1.000000
vt 0.000000 0.000000
vt 1.000000 1.000000
vt 0.000000 1.000000
vt 0.000000 0.000000
vt 1.000000 0.000000
vt 1.000000 1.000000
vt 0.000000 0.000000
vt 1.000000 1.000000
vt 0.000000 1.000000
vt 0.000000 0.000000
vt 1.000000 0.000000
vt 1.000000 1.000000
vt 0.000000 0.000000
vt 1.000000 1.000000
vt 0.000000 1.000000
vt 0.000000 0.000000
vt 1.000000 0.000000
vt 1.000000 1.000000
vt 0.000000 0.000000
vt 1.000000 1.000000
vt 0.000000 1.000000
vt 0.000000 0.000000
vt 1.000000 0.000000
vt 1.000000 1.000000
vt 0.000000 0.000000
vt 1.000000 1.000000
vt 0.000000 1.000000
vt 0.000000 0.000000
vt 1.000000 0.000000
vt 1.000000 1.000000
vt 0.000000 0.000000
vt 1.000000 1.000000
vt 0.000000 1.000000
vt 0.000000 0.000000
vt 1.000000 0.000000
vt 1.000000 1.000000
vt 0.000000 0.000000
vt 1.000000 1.000000
vt 0.000000 1.000000
vt 0.000000 0.000000
vt 1.000000 0.000000
vt 1.000000 1.000000
vt 0.000000 0.000000
vt 1.000000 1.000000
vt 0.000000 1.000000
vt 0.000000 0.000000
vt 1.000000 0.000000
vt 1.000000 1.000000
vt 0.000000 0.000000
vt 1.000000 1.000000
vt 0.000000 1.000000
vt 0.000000 0.000000
vt 1.000000 0.000000
vt 1.000000 1.000000
vt 0.000000 0.000000
vt 1.000000 1.000000
vt 0.000000 1.000000
vt 0.000000 0.000000
vt 1.000000 0.000000
vt 1.000000 1.000000
vt 0.000000 0.000000
vt 1.000000 1.000000
vt 0.000000 1.000000
vt 0.000000 0.000000
vt 1.000000 0.000000
vt 1.000000 1.000000
vt 0.000000 0.000000
vt 1.000000 1.000000
vt 0.000000 1.000000
vt 0.000000 0.000000
vt 1.000000 0.000000
vt 1.000000 1.000000
vt 0.000000 0.000000
vt 1.000000 1.000000
vt 0.000000 1.000000
vt 0.000000 0.000000
vt 1.000000 0.000000
vt 1.000000 1.000000
vt 0.000000 0.000000
vt 1.000000 1.000000
vt 0.000000 1.000000
vt 0.000000 0.000000
vt 1.000000 0.000000
vt 1.000000 1.000000
vt 0.000000 0.000000
vt 1.000000 1.000000
vt 0.000000 1.000000
vt 0.000000 0.000000
vt 1.000000 0.000000
vt 1.000000 1.000000
vt 0.000000 0.000000
vt 1.000000 1.000000
vt 0.000000 1.000000
vt 0.000000 0.000000
vt 1.000000 0.000000
vt 1.000000 1.000000
vt 0.000000 0.000000
vt 1.000000 1.000000
vt 0.000000 1.000000
vt 0.000000 0.000000
vt 1.000000 0.000000
vt 1.000000 1.000000
vt 0.000000 0.000000
vt 1.000000 1.000000
vt 0.000000 1.000000
vt 0.000000 0.000000
vt 1.000000 0.000000
vt 1.000000 1.000000
vt 0.000000 0.000000
vt 1.000000 1.000000
vt 0.000000 1.000000
vt 0.000000 0.000000
vt 1.000000 0.000000
vt 1.000000 1.000000
vt 0.000000 0.000000
vt 1.000000 1.000000
vt 0.000000 1.000000
vt 0.000000 0.000000
vt 1.000000 0.000000
vt 1.000000 1.000000
vt 0.000000 0.000000
vt 1.000000 1.000000
vt 0.000000 1.000000
vt 0.000000 0.000000
vt 1.000000 0.000000
vt 1.000000 1.000000
vt 0.000000 0.000000
vt 1.000000 1.000000
vt 0.000000 1.000000
vt 0.000000 0.000000
vt 1.000000 0.000000
vt 1.000000 1.000000
vt 0.000000 0.000000
vt 1.000000 1.000000
vt 0.000000 1.000000
vt 0.000000 0.000000
vt 1.000000 0.000000
vt 1.000000 1.000000
vt 0.000000 0.000000
vt 1.000000 1.000000
vt 0.000000 1.000000
vt 0.000000 0.000000
vt 1.000000 0.000000
vt 1.000000 1.000000
vt 0.000000 0.000000
vt 1.000000 1.000000
vt 0.000000 1.000000
vt 0.000000 0.000000
vt 1.000000 0.000000
vt 1.000000 1.000000
vt 0.000000 0.000000
vt 1.000000 1.000000
vt 0.000000 1.000000
vt 0.000000 0.000000
vt 1.000000 0.000000
vt 1.000000 1.000000
vt 0.000000 0.000000
vt 1.000000 1.000000
vt 0.000000 1.000000
vt 0.000000 0.000000
vt 1.000000 0.000000
vt 1.000000 1.000000
vt 0.000000 0.000000
vt 1.000000 1.000000
vt 0.000000 1.000000
vt 0.000000 0.000000
vt 1.000000 0.000000
vt 1.000000 1.000000
vt 0.000000 0.000000
vt 1.000000 1.000000
vt 0.000000 1.000000
vt 0.000000 0.000000
vt 1.000000 0.000000
vt 1.000000 1.000000
vt 0.000000 0.000000
vt 1.000000 1.000000
vt 0.000000 1.000000
vt 0.000000 0.000000
vt 1.000000 0.000000
vt 1.000000 1.000000
vt 0.000000 0.000000
vt 1.000000 1.000000
vt 0.000000 1.000000
vt 0.000000 0.000000
vt 1.000000 0.000000
vt 1.000000 1.000000
vt 0.000000 0.000000
vt 1.000000 1.000000
vt 0.000000 1.000000
vt 0.000000 0.000000
vt 1.000000 0.000000
vt 1.000000 1.000000
vt 0.000000 0.000000
vt 1.000000 1.000000
vt 0.000000 1.000000
vt 0.000000 0.000000
vt 1.000000 0.000000
vt 1.000000 1.000000
vt 0.000000 0.000000
vt 1.000000 1.000000
vt 0.000000 1.000000
vt 0.000000 0.000000
vt 1.000000 0.000000
vt 1.000000 1.000000
vt 0.000000 0.000000
vt 1.000000 1.000000
vt 0.000000 1.000000
vt 0.000000 0.000000
vt 1.000000 0.000000
vt 1.000000 1.000000
vt 0.000000 0.000000
vt 1.000000 1.000000
vt 0.000000 1.000000
vt 0.000000 0.000000
vt 1.000000 0.000000
vt 1.000000 1.000000
vt 0.000000 0.000000
vt 1.000000 0.000000
vt 1.000000 1.000000
vt 0.000000 0.000000
vt 1.000000 0.000000
vt 1.000000 1.000000
vt 0.000000 0.000000
vt 1.000000 0.000000
vt 1.000000 1.000000
vt 0.000000 0.000000
vt 1.000000 0.000000
vt 1.000000 1.000000
vt 0.000000 0.000000
vt 1.000000 0.000000
vt 1.000000 1.000000
vt 0.000000 0.000000
vt 1.000000 0.000000
vt 1.000000 1.000000
vt 0.000000 0.000000
vt 1.000000 0.000000
vt 1.000000 1.000000
vt 0.000000 0.000000
vt 1.000000 0.000000
vt 1.000000 1.000000
vt 0.000000 0.000000
vt 1.000000 0.000000
vt 1.000000 1.000000
vt 0.000000 0.000000
vt 1.000000 0.000000
vt 1.000000 1.000000
vt 0.000000 0.000000
vt 1.000000 0.000000
vt 1.000000 1.000000
vt 0.000000 0.000000
vt 1.000000 0.000000
vt 1.000000 1.000000
vt 0.000000 0.000000
vt 1.000000 0.000000
vt 1.000000 1.000000
vt 0.000000 0.000000
vt 1.000000 0.000000
vt 1.000000 1.000000
vt 0.000000 0.000000
vt 1.000000 0.000000
vt 1.000000 1.000000
vt 0.000000 0.000000
vt 1.000000 0.000000
vt 1.000000 1.000000
vt 0.000000 0.000000
vt 1.000000 1.000000
vt 0.000000 1.000000
vt 0.000000 0.000000
vt 1.000000 0.000000
vt 1.000000 1.000000
vt 0.000000 0.000000
vt 1.000000 1.000000
vt 0.000000 1.000000
vt 0.000000 0.000000
vt 1.000000 0.000000
vt 1.000000 1.000000
vt 0.000000 0.000000
vt 1.000000 1.000000
vt 0.000000 1.000000
vt 0.000000 0.000000
vt 1.000000 0.000000
vt 1.000000 1.000000
vt 0.000000 0.000000
vt 1.000000 1.000000
vt 0.000000 1.000000
vt 0.000000 0.000000
vt 1.000000 0.000000
vt 1.000000 1.000000
vt 0.000000 0.000000
vt 1.000000 1.000000
vt 0.000000 1.000000
vt 0.000000 0.000000
vt 1.000000 0.000000
vt 1.000000 1.000000
vt 0.000000 0.000000
vt 1.000000 1.000000
vt 0.000000 1.000000
vt 0.000000 0.000000
vt 1.000000 0.000000
vt 1.000000 1.000000
vt 0.000000 0.000000
vt 1.000000 1.000000
vt 0.000000 1.000000
vt 0.000000 0.000000
vt 1.000000 0.000000
vt 1.000000 1.000000
vt 0.000000 0.000000
vt 1.000000 1.000000
vt 0.000000 1.000000
vt 0.000000 0.000000
vt 1.000000 0.000000
vt 1.000000 1.000000
vt 0.000000 0.000000
vt 1.000000 1.000000
vt 0.000000 1.000000
vt 0.000000 0.000000
vt 1.000000 0.000000
vt 1.000000 1.000000
vt 0.000000 0.000000
vt 1.000000 1.000000
vt 0.000000 1.000000
vt 0.000000 0.000000
vt 1.000000 0.000000
vt 1.000000 1.000000
vt 0.000000 0.000000
vt 1.000000 1.000000
vt 0.000000 1.000000
vt 0.000000 0.000000
vt 1.000000 0.000000
vt 1.000000 1.000000
vt 0.000000 0.000000
vt 1.000000 1.000000
vt 0.000000 1.000000
vt 0.000000 0.000000
vt 1.000000 0.000000
vt 1.000000 1.000000
vt 0.000000 0.000000
vt 1.000000 1.000000
vt 0.000000 1.000000
vt 0.000000 0.000000
vt 1.000000 0.000000
vt 1.000000 1.000000
vt 0.000000 0.000000
vt 1.000000 1.000000
vt 0.000000 1.000000
vt 0.000000 0.000000
vt 1.000000 0.000000
vt 1.000000 1.000000
vt 0.000000 0.000000
vt 1.000000 1.000000
vt 0.000000 1.000000
vt 0.000000 0.000000
vt 1.000000 0.000000
vt 1.000000 1.000000
vt 0.000000 0.000000
vt 1.000000 1.000000
vt 0.000000 1.000000
vt 0.000000 0.000000
vt 1.000000 0.000000
vt 1.000000 1.000000
vt 0.000000 0.000000
vt 1.000000 1.000000
vt 0.000000 1.000000
vt 0.000000 0.000000
vt 1.000000 0.000000
vt 1.000000 1.000000
vt 0.000000 0.000000
vt 1.000000 1.000000
vt 0.000000 1.000000
vt 0.000000 0.000000
vt 1.000000 0.000000
vt 1.000000 1.000000
vt 0.000000 0.000000
vt 1.000000 1.000000
vt 0.000000 1.000000
vt 0.000000 0.000000
vt 1.000000 0.000000
vt 1.000000 1.000000
vt 0.000000 0.000000
vt 1.000000 1.000000
vt 0.000000 1.000000
vt 0.000000 0.000000
vt 1.000000 0.000000
vt 1.000000 1.000000
vt 0.000000 0.000000
vt 1.000000 1.000000
vt 0.000000 1.000000
vt 0.000000 0.000000
vt 1.000000 0.000000
vt 1.000000 1.000000
vt 0.000000 0.000000
vt 1.000000 1.000000
vt 0.000000 1.000000
vt 0.000000 0.000000
vt 1.000000 0.000000
vt 1.000000 1.000000
vt 0.000000 0.000000
vt 1.000000 1.000000
vt 0.000000 1.000000
vt 0.000000 0.000000
vt 1.000000 0.000000
vt 1.000000 1.000000
vt 0.000000 0.000000
vt 1.000000 1.000000
vt 0.000000 1.000000
vt 0.000000 0.000000
vt 1.000000 0.000000
vt 1.000000 1.000000
vt 0.000000 0.000000
vt 1.000000 0.000000
vt 1.000000 1.000000
vt 0.000000 0.000000
vt 1.000000 0.000000
vt 1.000000 1.000000
vt 0.000000 0.000000
vt 1.000000 0.000000
vt 1.000000 1.000000
vt 0.000000 0.000000
vt 1.000000 0.000000
vt 1.000000 1.000000
vt 0.000000 0.000000
vt 1.000000 0.000000
vt 1.000000 1.000000
vt 0.000000 0.000000
vt 1.000000 0.000000
vt 1.000000 1.000000
vt 0.000000 0.000000
vt 1.000000 0.000000
vt 1.000000 1.000000
vt 0.000000 0.000000
vt 1.000000 0.000000
vt 1.000000 1.000000
vt 0.000000 0.000000
vt 1.000000 0.000000
vt 1.000000 1.000000
vt 0.000000 0.000000
vt 1.000000 0.000000
vt 1.000000 1.000000
vt 0.000000 0.000000
vt 1.000000 0.000000
vt 1.000000 1.000000
vt 0.000000 0.000000
vt 1.000000 0.000000
vt 1.000000 1.000000
vt 0.000000 0.000000
vt 1.000000 0.000000
vt 1.000000 1.000000
vt 0.000000 0.000000
vt 1.000000 0.000000
vt 1.000000 1.000000
vt 0.000000 0.000000
vt 1.000000 0.000000
vt 1.000000 1.000000
vt 0.000000 0.000000
vt 1.000000 0.000000
vt 1.000000 1.000000
vt 0.000000 0.000000
vt 1.000000 1.000000
vt 0.000000 1.000000
vt 0.000000 0.000000
vt 1.000000 0.000000
vt 1.000000 1.000000
vt 0.000000 0.000000
vt 1.000000 1.000000
vt 0.000000 1.000000
vt 0.000000 0.000000
vt 1.000000 0.000000
vt 1.000000 1.000000
vt 0.000000 0.000000
vt 1.000000 1.000000
vt 0.000000 1.000000
vt 0.000000 0.000000
vt 1.000000 0.000000
vt 1.000000 1.000000
vt 0.000000 0.000000
vt 1.000000 1.000000
vt 0.000000 1.000000
vt 0.000000 0.000000
vt 1.000000 0.000000
vt 1.000000 1.000000
vt 0.000000 0.000000
vt 1.000000 1.000000
vt 0.000000 1.000000
vt 0.000000 0.000000
vt 1.000000 0.000000
vt 1.000000 1.000000
vt 0.000000 0.000000
vt 1.000000 1.000000
vt 0.000000 1.000000
vt 0.000000 0.000000
vt 1.000000 0.000000
vt 1.000000 1.000000
vt 0.000000 0.000000
vt 1.000000 1.000000
vt 0.000000 1.000000
vt 0.000000 0.000000
vt 1.000000 0.000000
vt 1.000000 1.000000
vt 0.000000 0.000000
vt 1.000000 1.000000
vt 0.000000 1.000000
vt 0.000000 0.000000
vt 1.000000 0.000000
vt 1.000000 1.000000
vt 0.000000 0.000000
vt 1.000000 1.000000
vt 0.000000 1.000000
vt 0.000000 0.000000
vt 1.000000 0.000000
vt 1.000000 1.000000
vt 0.000000 0.000000
vt 1.000000 1.000000
vt 0.000000 1.000000
vt 0.000000 0.000000
vt 1.000000 0.000000
vt 1.000000 1.000000
vt 0.000000 0.000000
vt 1.000000 1.000000
vt 0.000000 1.000000
vt 0.000000 0.000000
vt 1.000000 0.000000
vt 1.000000 1.000000
vt 0.000000 0.000000
vt 1.000000 1.000000
vt 0.000000 1.000000
vt 0.000000 0.000000
vt 1.000000 0.000000
vt 1.000000 1.000000
vt 0.000000 0.000000
vt 1.000000 1.000000
vt 0.000000 1.000000
vt 0.000000 0.000000
vt 1.000000 0.000000
vt 1.000000 1.000000
vt 0.000000 0.000000
vt 1.000000 1.000000
vt 0.000000 1.000000
vt 0.000000 0.000000
vt 1.000000 0.000000
vt 1.000000 1.000000
vt 0.000000 0.000000
vt 1.000000 1.000000
vt 0.000000 1.000000
vt 0.000000 0.000000
vt 1.000000 0.000000
vt 1.000000 1.000000
vt 0.000000 0.000000
vt 1.000000 1.000000
vt 0.000000 1.000000
vt 0.000000 0.000000
vt 1.000000 0.000000
vt 1.000000 1.000000
vt 0.000000 0.000000
vt 1.000000 1.000000
vt 0.000000 1.000000
vt 0.000000 0.000000
vt 1.000000 0.000000
vt 1.000000 1.000000
vt 0.000000 0.000000
vt 1.000000 1.000000
vt 0.000000 1.000000
vt 0.000000 0.000000
vt 1.000000 0.000000
vt 1.000000 1.000000
vt 0.000000 0.000000
vt 1.000000 1.000000
vt 0.000000 1.000000
vt 0.000000 0.000000
vt 1.000000 0.000000
vt 1.000000 1.000000
vt 0.000000 0.000000
vt 1.000000 1.000000
vt 0.000000 1.000000
vt 0.000000 0.000000
vt 1.000000 0.000000
vt 1.000000 1.000000
vt 0.000000 0.000000
vt 1.000000 1.000000
vt 0.000000 1.000000
vt 0.000000 0.000000
vt 1.000000 0.000000
vt 1.000000 1.000000
vt 0.000000 0.000000
vt 1.000000 1.000000
vt 0.000000 1.000000
vt 0.000000 0.000000
vt 1.000000 0.000000
vt 1.000000 1.000000
vt 0.000000 0.000000
vt 1.000000 1.000000
vt 0.000000 1.000000
vt 0.000000 0.000000
vt 1.000000 0.000000
vt 1.000000 1.000000
vt 0.000000 0.000000
vt 1.000000 1.000000
vt 0.000000 1.000000
vt 0.000000 0.000000
vt 1.000000 0.000000
vt 1.000000 1.000000
vt 0.000000 0.000000
vt 1.000000 0.000000
vt 1.000000 1.000000
vt 0.000000 0.000000
vt 1.000000 0.000000
vt 1.000000 1.000000
vt 0.000000 0.000000
vt 1.000000 0.000000
vt 1.000000 1.000000
vt 0.000000 0.000000
vt 1.000000 0.000000
vt 1.000000 1.000000
vt 0.000000 0.000000
vt 1.000000 0.000000
vt 1.000000 1.000000
vt 0.000000 0.000000
vt 1.000000 0.000000
vt 1.000000 1.000000
vt 0.000000 0.000000
vt 1.000000 0.000000
vt 1.000000 1.000000
vt 0.000000 0.000000
vt 1.000000 0.000000
vt 1.000000 1.000000
vt 0.000000 0.000000
vt 1.000000 0.000000
vt 1.000000 1.000000
vt 0.000000 0.000000
vt 1.000000 0.000000
vt 1.000000 1.000000
vt 0.000000 0.000000
vt 1.000000 0.000000
vt 1.000000 1.000000
vt 0.000000 0.000000
vt 1.000000 0.000000
vt 1.000000 1.000000
vt 0.000000 0.000000
vt 1.000000 0.000000
vt 1.000000 1.000000
vt 0.000000 0.000000
vt 1.000000 0.000000
vt 1.000000 1.000000
vt 0.000000 0.000000
vt 1.000000 0.000000
vt 1.000000 1.000000
vn 0.0800332 0.9961624 0.0354274
vn 0.0800332 0.9961624 0.0354274
vn 0.0800332 0.9961624 0.0354274
vn -0.2082031 0.9708622 -0.1186513
vn -0.2082031 0.9708622 -0.1186513
vn -0.2082031 0.9708622 -0.1186513
vn 0.0785553 -0.9969044 0.0032785
vn 0.0785553 -0.9969044 0.0032785
vn 0.0785553 -0.9969044 0.0032785
vn 0.1672724 -0.9832821 -0.0719464
vn 0.1672724 -0.9832821 -0.0719464
vn 0.1672724 -0.9832821 -0.0719464
vn -0.2085779 0.9730778 -0.0980550
vn -0.2085779 0.9730778 -0.0980550
vn -0.2085779 0.9730778 -0.0980550
vn -0.3452987 0.9225228 -0.1723966
vn -0.3452987 0.9225228 -0.1723966
vn -0.3452987 0.9225228 -0.1723966
vn 0.1674519 -0.9814806 0.0930363
vn 0.1674519 -0.9814806 0.0930363
vn 0.1674519 -0.9814806 0.0930363
vn 0.0715172 -0.9838235 0.1642459
vn 0.0715172 -0.9838235 0.1642459
vn 0.0715172 -0.9838235 0.1642459
vn -0.3884804 0.9205881 -0.0400062
vn -0.3884804 0.9205881 -0.0400062
vn -0.3884804 0.9205881 -0.0400062
vn -0.1365275 0.9844694 0.1103642
vn -0.1365275 0.9844694 0.1103642
vn -0.1365275 0.9844694 0.1103642
vn 0.1145650 -0.9919411 -0.0541090
vn 0.1145650 -0.9919411 -0.0541090
vn 0.1145650 -0.9919411 -0.0541090
vn -0.1023391 -0.9914081 0.0814656
vn -0.1023391 -0.9914081 0.0814656
vn -0.1023391 -0.9914081 0.0814656
vn -0.0614359 0.9980042 -0.0146030
vn -0.0614359 0.9980042 -0.0146030
vn -0.0614359 0.9980042 -0.0146030
vn 0.1744558 0.9706626 0.1654670
vn 0.1744558 0.9706626 0.1654670
vn 0.1744558 0.9706626 0.1654670
vn -0.0499050 -0.9967963 -0.0625031
vn -0.0499050 -0.9967963 -0.0625031
vn -0.0499050 -0.9967963 -0.0625031
vn 0.0811893 -0.9860463 -0.1453306
vn 0.0811893 -0.9860463 -0.1453306
vn 0.0811893 -0.9860463 -0.1453306
vn -0.3404284 0.0306429 0.9397710
vn -0.3404284 0.0306429 0.9397710
vn -0.3404284 0.0306429 0.9397710
vn -0.5085950 -0.0700748 0.8581495
vn -0.5085950 -0.0700748 0.8581495
vn -0.5085950 -0.0700748 0.8581495
vn 0.0000000 -0.0000000 -1.0000000
vn 0.0000000 -0.0000000 -1.0000000
vn 0.0000000 -0.0000000 -1.0000000
vn -0.0000000 0.0000000 -1.0000000
vn -0.0000000 0.0000000 -1.0000000
vn -0.0000000 0.0000000 -1.0000000
vn -0.5712613 0.8135416 -0.1086761
vn -0.5712613 0.8135416 -0.1086761
vn -0.5712613 0.8135416 -0.1086761
vn -0.4629286 0.8853448 -0.0431464
vn -0.4629286 0.8853448 -0.0431464
vn -0.4629286 0.8853448 -0.0431464
vn 0.2814122 -0.9441073 0.1716643
vn 0.2814122 -0.9441073 0.1716643
vn 0.2814122 -0.9441073 0.1716643
vn 0.4585143 -0.8886814 0.0031728
vn 0.4585143 -0.8886814 0.0031728
vn 0.4585143 -0.8886814 0.0031728
vn -0.4755686 0.8637432 -0.1666801
vn -0.4755686 0.8637432 -0.1666801
vn -0.4755686 0.8637432 -0.1666801
vn -0.0744511 0.9972164 0.0040640
vn -0.0744511 0.9972164 0.0040640
vn -0.0744511 0.9972164 0.0040640
vn 0.4578930 -0.8890004 -0.0034950
vn 0.4578930 -0.8890004 -0.0034950
vn 0.4578930 -0.8890004 -0.0034950
vn 0.3401864 -0.9358465 0.0920026
vn 0.3401864 -0.9358465 0.0920026
vn 0.3401864 -0.9358465 0.0920026
vn -0.0736219 0.9912304 0.1097367
vn -0.0736219 0.9912304 0.1097367
vn -0.0736219 0.9912304 0.1097367
vn -0.0457507 0.9915916 0.1210498
vn -0.0457507 0.9915916 0.1210498
vn -0.0457507 0.9915916 0.1210498
vn 0.3358633 -0.9256647 -0.1741860
vn 0.3358633 -0.9256647 -0.1741860
vn 0.3358633 -0.9256647 -0.1741860
vn 0.1969342 -0.9789125 -0.0542879
vn 0.1969342 -0.9789125 -0.0542879
vn 0.1969342 -0.9789125 -0.0542879
vn -0.0298638 0.9841102 0.1750294
vn -0.0298638 0.9841102 0.1750294
vn -0.0298638 0.9841102 0.1750294
vn -0.3264555 0.9445334 0.0358263
vn -0.3264555 0.9445334 0.0358263
vn -0.3264555 0.9445334 0.0358263
vn 0.2066169 -0.9784219 0.0001856
vn 0.2066169 -0.9784219 0.0001856
vn 0.2066169 -0.9784219 0.0001856
vn 0.2691634 -0.9609489 -0.0642523
vn 0.2691634 -0.9609489 -0.0642523
vn 0.2691634 -0.9609489 -0.0642523
vn 0.1771082 0.0707942 0.9816419
vn 0.1771082 0.0707942 0.9816419
vn 0.1771082 0.0707942 0.9816419
vn 0.2596136 0.1434916 0.9549926
vn 0.2596136 0.1434916 0.9549926
vn 0.2596136 0.1434916 0.9549926
vn 0.0000000 -0.0000000 -1.0000000
vn 0.0000000 -0.0000000 -1.0000000
vn 0.0000000 -0.0000000 -1.0000000
vn 0.0000000 0.0000000 -1.0000000
vn 0.0000000 0.0000000 -1.0000000
vn 0.0000000 0.0000000 -1.0000000
vn -0.6720314 0.7393995 -0.0407697
vn -0.6720314 0.7393995 -0.0407697
vn -0.6720314 0.7393995 -0.0407697
vn -0.3000504 0.9358745 0.1846854
vn -0.3000504 0.9358745 0.1846854
vn -0.3000504 0.9358745 0.1846854
vn 0.4850211 -0.8679604 0.1067674
vn 0.4850211 -0.8679604 0.1067674
vn 0.4850211 -0.8679604 0.1067674
vn 0.4029583 -0.8988183 0.1724827
vn 0.4029583 -0.8988183 0.1724827
vn 0.4029583 -0.8988183 0.1724827
vn -0.2505288 0.9680999 0.0042373
vn -0.2505288 0.9680999 0.0042373
vn -0.2505288 0.9680999 0.0042373
vn -0.1888380 0.9813425 0.0361535
vn -0.1888380 0.9813425 0.0361535
vn -0.1888380 0.9813425 0.0361535
vn 0.4502400 -0.8910898 -0.0569465
vn 0.4502400 -0.8910898 -0.0569465
vn 0.4502400 -0.8910898 -0.0569465
vn 0.3650125 -0.9309960 -0.0035064
vn 0.3650125 -0.9309960 -0.0035064
vn 0.3650125 -0.9309960 -0.0035064
vn -0.2296130 0.9649628 0.1269828
vn -0.2296130 0.9649628 0.1269828
vn -0.2296130 0.9649628 0.1269828
vn -0.5775655 0.8046034 -0.1379547
vn -0.5775655 0.8046034 -0.1379547
vn -0.5775655 0.8046034 -0.1379547
vn 0.3749646 -0.9262184 -0.0390004
vn 0.3749646 -0.9262184 -0.0390004
vn 0.3749646 -0.9262184 -0.0390004
vn 0.5506808 -0.8170191 -0.1709690
vn 0.5506808 -0.8170191 -0.1709690
vn 0.5506808 -0.8170191 -0.1709690
vn -0.6492232 0.7598316 0.0341339
vn -0.6492232 0.7598316 0.0341339
vn -0.6492232 0.7598316 0.0341339
vn -0.7157672 0.6973471 -0.0372062
vn -0.7157672 0.6973471 -0.0372062
vn -0.7157672 0.6973471 -0.0372062
vn 0.4856966 -0.8683160 0.1006290
vn 0.4856966 -0.8683160 0.1006290
vn 0.4856966 -0.8683160 0.1006290
vn 0.6308171 -0.7759315 0.0001810
vn 0.6308171 -0.7759315 0.0001810
vn 0.6308171 -0.7759315 0.0001810
vn -0.4616286 -0.1583504 0.8728254
vn -0.4616286 -0.1583504 0.8728254
vn -0.4616286 -0.1583504 0.8728254
vn -0.5527516 -0.3378373 0.7617950
vn -0.5527516 -0.3378373 0.7617950
vn -0.5527516 -0.3378373 0.7617950
vn 0.0000000 0.0000000 -1.0000000
vn 0.0000000 0.0000000 -1.0000000
vn 0.0000000 0.0000000 -1.0000000
vn 0.0000000 -0.0000000 -1.0000000
vn 0.0000000 -0.0000000 -1.0000000
vn 0.0000000 -0.0000000 -1.0000000
vn -0.4058349 0.8941092 0.1893852
vn -0.4058349 0.8941092 0.1893852
vn -0.4058349 0.8941092 0.1893852
vn -0.5327329 0.8366138 0.1275654
vn -0.5327329 0.8366138 0.1275654
vn -0.5327329 0.8366138 0.1275654
vn 0.7584048 -0.6480305 -0.0698476
vn 0.7584048 -0.6480305 -0.0698476
vn 0.7584048 -0.6480305 -0.0698476
vn 0.5859932 -0.8032189 0.1070116
vn 0.5859932 -0.8032189 0.1070116
vn 0.5859932 -0.8032189 0.1070116
vn -0.5338072 0.8446963 0.0392172
vn -0.5338072 0.8446963 0.0392172
vn -0.5338072 0.8446963 0.0392172
vn -0.7569616 0.6478417 -0.0855002
vn -0.7569616 0.6478417 -0.0855002
vn -0.7569616 0.6478417 -0.0855002
vn 0.5886156 -0.7964517 -0.1385511
vn 0.5886156 -0.7964517 -0.1385511
vn 0.5886156 -0.7964517 -0.1385511
vn 0.5034619 -0.8621179 -0.0572613
vn 0.5034619 -0.8621179 -0.0572613
vn 0.5034619 -0.8621179 -0.0572613
vn -0.7632575 0.6323880 -0.1323763
vn -0.7632575 0.6323880 -0.1323763
vn -0.7632575 0.6323880 -0.1323763
vn -0.8347704 0.5188255 -0.1843326
vn -0.8347704 0.5188255 -0.1843326
vn -0.8347704 0.5188255 -0.1843326
vn 0.5272783 -0.8457781 0.0814683
vn 0.5272783 -0.8457781 0.0814683
vn 0.5272783 -0.8457781 0.0814683
vn 0.6292913 -0.7761570 -0.0396591
vn 0.6292913 -0.7761570 -0.0396591
vn 0.6292913 -0.7761570 -0.0396591
vn -0.8209927 0.5698405 -0.0353960
vn -0.8209927 0.5698405 -0.0353960
vn -0.8209927 0.5698405 -0.0353960
vn -0.5554651 0.8249937 0.1041346
vn -0.5554651 0.8249937 0.1041346
vn -0.5554651 0.8249937 0.1041346
vn 0.6505204 -0.7484661 0.1289252
vn 0.6505204 -0.7484661 0.1289252
vn 0.6505204 -0.7484661 0.1289252
vn 0.6786695 -0.7276534 0.0996401
vn 0.6786695 -0.7276534 0.0996401
vn 0.6786695 -0.7276534 0.0996401
vn 0.1880969 0.1657111 0.9680699
vn 0.1880969 0.1657111 0.9680699
vn 0.1880969 0.1657111 0.9680699
vn 0.2574054 0.3035876 0.9173751
vn 0.2574054 0.3035876 0.9173751
vn 0.2574054 0.3035876 0.9173751
vn 0.0000000 0.0000000 -1.0000000
vn 0.0000000 0.0000000 -1.0000000
vn 0.0000000 0.0000000 -1.0000000
vn 0.0000000 -0.0000000 -1.0000000
vn 0.0000000 -0.0000000 -1.0000000
vn 0.0000000 -0.0000000 -1.0000000
vn -0.6765612 0.7247235 0.1305406
vn -0.6765612 0.7247235 0.1305406
vn -0.6765612 0.7247235 0.1305406
vn -0.9344159 0.3438178 -0.0930389
vn -0.9344159 0.3438178 -0.0930389
vn -0.9344159 0.3438178 -0.0930389
vn 0.7709741 -0.6295802 -0.0960611
vn 0.7709741 -0.6295802 -0.0960611
vn 0.7709741 -0.6295802 -0.0960611
vn 0.7486965 -0.6592151 -0.0699209
vn 0.7486965 -0.6592151 -0.0699209
vn 0.7486965 -0.6592151 -0.0699209
vn -0.9362368 0.3426401 -0.0778360
vn -0.9362368 0.3426401 -0.0778360
vn -0.9362368 0.3426401 -0.0778360
vn -0.8739973 0.4859308 -0.0000711
vn -0.8739973 0.4859308 -0.0000711
vn -0.8739973 0.4859308 -0.0000711
vn 0.7481879 -0.6628432 -0.0292190
vn 0.7481879 -0.6628432 -0.0292190
vn 0.7481879 -0.6628432 -0.0292190
vn 0.8372972 -0.5293801 -0.1367115
vn 0.8372972 -0.5293801 -0.1367115
vn 0.8372972 -0.5293801 -0.1367115
vn -0.8348925 0.5186324 -0.1843229
vn -0.8348925 0.5186324 -0.1843229
vn -0.8348925 0.5186324 -0.1843229
vn -0.5871631 0.8090983 0.0244827
vn -0.5871631 0.8090983 0.0244827
vn -0.5871631 0.8090983 0.0244827
vn 0.8237841 -0.5611655 0.0804552
vn 0.8237841 -0.5611655 0.0804552
vn 0.8237841 -0.5611655 0.0804552
vn 0.8220375 -0.5634681 0.0822069
vn 0.8220375 -0.5634681 0.0822069
vn 0.8220375 -0.5634681 0.0822069
vn -0.6299221 0.7694511 0.1055614
vn -0.6299221 0.7694511 0.1055614
vn -0.6299221 0.7694511 0.1055614
vn -0.6641625 0.7436767 0.0763757
vn -0.6641625 0.7436767 0.0763757
vn -0.6641625 0.7436767 0.0763757
vn 0.8533350 -0.5197349 -0.0411709
vn 0.8533350 -0.5197349 -0.0411709
vn 0.8533350 -0.5197349 -0.0411709
vn 0.6465447 -0.7519115 0.1288763
vn 0.6465447 -0.7519115 0.1288763
vn 0.6465447 -0.7519115 0.1288763
vn -0.3148823 -0.2690615 0.9101951
vn -0.3148823 -0.2690615 0.9101951
vn -0.3148823 -0.2690615 0.9101951
vn -0.3544367 -0.4784925 0.8033801
vn -0.3544367 -0.4784925 0.8033801
vn -0.3544367 -0.4784925 0.8033801
vn 0.0000000 0.0000000 -1.0000000
vn 0.0000000 0.0000000 -1.0000000
vn 0.0000000 0.0000000 -1.0000000
vn 0.0000000 -0.0000000 -1.0000000
vn 0.0000000 -0.0000000 -1.0000000
vn 0.0000000 -0.0000000 -1.0000000
vn -0.9644490 0.2483479 -0.0903410
vn -0.9644490 0.2483479 -0.0903410
vn -0.9644490 0.2483479 -0.0903410
vn -0.9623742 0.2576344 -0.0863739
vn -0.9623742 0.2576344 -0.0863739
vn -0.9623742 0.2576344 -0.0863739
vn 0.7914087 -0.6052473 -0.0857200
vn 0.7914087 -0.6052473 -0.0857200
vn 0.7914087 -0.6052473 -0.0857200
vn 0.7980367 -0.5948528 -0.0963721
vn 0.7980367 -0.5948528 -0.0963721
vn 0.7980367 -0.5948528 -0.0963721
vn -0.9575443 0.2882863 -0.0000682
vn -0.9575443 0.2882863 -0.0000682
vn -0.9575443 0.2882863 -0.0000682
vn -0.7058718 0.6878795 0.1690172
vn -0.7058718 0.6878795 0.1690172
vn -0.7058718 0.6878795 0.1690172
vn 0.8221746 -0.5558444 0.1227435
vn 0.8221746 -0.5558444 0.1227435
vn 0.8221746 -0.5558444 0.1227435
vn 0.9174438 -0.3968063 -0.0290104
vn 0.9174438 -0.3968063 -0.0290104
vn 0.9174438 -0.3968063 -0.0290104
vn -0.7455361 0.6659640 0.0258445
vn -0.7455361 0.6659640 0.0258445
vn -0.7455361 0.6659640 0.0258445
vn -0.6853483 0.7259919 0.0568629
vn -0.6853483 0.7259919 0.0568629
vn -0.6853483 0.7259919 0.0568629
vn 0.9227452 -0.3756533 0.0861742
vn 0.9227452 -0.3756533 0.0861742
vn 0.9227452 -0.3756533 0.0861742
vn 0.9266799 -0.3675246 0.0786772
vn 0.9266799 -0.3675246 0.0786772
vn 0.9266799 -0.3675246 0.0786772
vn -0.6774303 0.7315756 0.0767166
vn -0.6774303 0.7315756 0.0767166
vn -0.6774303 0.7315756 0.0767166
vn -0.9731689 0.1469088 -0.1770876
vn -0.9731689 0.1469088 -0.1770876
vn -0.9731689 0.1469088 -0.1770876
vn 0.8932477 -0.4283610 -0.1364380
vn 0.8932477 -0.4283610 -0.1364380
vn 0.8932477 -0.4283610 -0.1364380
vn 0.8591452 -0.5100748 -0.0411488
vn 0.8591452 -0.5100748 -0.0411488
vn 0.8591452 -0.5100748 -0.0411488
vn 0.2123626 0.3761540 0.9018926
vn 0.2123626 0.3761540 0.9018926
vn 0.2123626 0.3761540 0.9018926
vn 0.2075416 0.5700782 0.7949449
vn 0.2075416 0.5700782 0.7949449
vn 0.2075416 0.5700782 0.7949449
vn 0.0000000 0.0000000 -1.0000000
vn 0.0000000 0.0000000 -1.0000000
vn 0.0000000 0.0000000 -1.0000000
vn 0.0000000 -0.0000000 -1.0000000
vn 0.0000000 -0.0000000 -1.0000000
vn 0.0000000 -0.0000000 -1.0000000
vn -0.9429006 0.3215279 -0.0869388
vn -0.9429006 0.3215279 -0.0869388
vn -0.9429006 0.3215279 -0.0869388
vn -0.8226449 0.5661747 0.0519769
vn -0.8226449 0.5661747 0.0519769
vn -0.8226449 0.5661747 0.0519769
vn 0.9505929 -0.3102447 -0.0110212
vn 0.9505929 -0.3102447 -0.0110212
vn 0.9505929 -0.3102447 -0.0110212
vn 0.9701027 -0.2263688 -0.0875097
vn 0.9701027 -0.2263688 -0.0875097
vn 0.9701027 -0.2263688 -0.0875097
vn -0.8053201 0.5656918 0.1773481
vn -0.8053201 0.5656918 0.1773481
vn -0.8053201 0.5656918 0.1773481
vn -0.9286335 0.3615927 0.0830095
vn -0.9286335 0.3615927 0.0830095
vn -0.9286335 0.3615927 0.0830095
vn 0.9719722 -0.2186740 0.0863231
vn 0.9719722 -0.2186740 0.0863231
vn 0.9719722 -0.2186740 0.0863231
vn 0.9546966 -0.2703285 0.1244063
vn 0.9546966 -0.2703285 0.1244063
vn 0.9546966 -0.2703285 0.1244063
vn -0.9299715 0.3623173 0.0622826
vn -0.9299715 0.3623173 0.0622826
vn -0.9299715 0.3623173 0.0622826
vn -0.9940478 0.0825427 -0.0711036
vn -0.9940478 0.0825427 -0.0711036
vn -0.9940478 0.0825427 -0.0711036
vn 0.9609748 -0.2710106 -0.0555040
vn 0.9609748 -0.2710106 -0.0555040
vn 0.9609748 -0.2710106 -0.0555040
vn 0.8998400 -0.4276456 0.0860648
vn 0.8998400 -0.4276456 0.0860648
vn 0.8998400 -0.4276456 0.0860648
vn -0.9838587 0.0493780 -0.1719996
vn -0.9838587 0.0493780 -0.1719996
vn -0.9838587 0.0493780 -0.1719996
vn -0.9832799 0.0309133 -0.1794576
vn -0.9832799 0.0309133 -0.1794576
vn -0.9832799 0.0309133 -0.1794576
vn 0.8869954 -0.4566010 -0.0689541
vn 0.8869954 -0.4566010 -0.0689541
vn 0.8869954 -0.4566010 -0.0689541
vn 0.9108519 -0.3894632 -0.1366282
vn 0.9108519 -0.3894632 -0.1366282
vn 0.9108519 -0.3894632 -0.1366282
vn 0.0324512 0.1639568 0.9859336
vn 0.0324512 0.1639568 0.9859336
vn 0.0324512 0.1639568 0.9859336
vn 0.0238780 0.2683402 0.9630282
vn 0.0238780 0.2683402 0.9630282
vn 0.0238780 0.2683402 0.9630282
vn 0.0000000 0.0000000 -1.0000000
vn 0.0000000 0.0000000 -1.0000000
vn 0.0000000 0.0000000 -1.0000000
vn 0.0000000 -0.0000000 -1.0000000
vn 0.0000000 -0.0000000 -1.0000000
vn 0.0000000 -0.0000000 -1.0000000
vn -0.9020055 0.4282245 0.0548623
vn -0.9020055 0.4282245 0.0548623
vn -0.9020055 0.4282245 0.0548623
vn -0.9722170 0.2236476 -0.0691074
vn -0.9722170 0.2236476 -0.0691074
vn -0.9722170 0.2236476 -0.0691074
vn 0.9796949 -0.1204164 0.1603055
vn 0.9796949 -0.1204164 0.1603055
vn 0.9796949 -0.1204164 0.1603055
vn 0.9968013 0.0792027 -0.0106809
vn 0.9968013 0.0792027 -0.0106809
vn 0.9968013 0.0792027 -0.0106809
vn -0.9729963 0.2148884 0.0842690
vn -0.9729963 0.2148884 0.0842690
vn -0.9729963 0.2148884 0.0842690
vn -0.9492252 -0.2842102 -0.1348925
vn -0.9492252 -0.2842102 -0.1348925
vn -0.9492252 -0.2842102 -0.1348925
vn 0.9968422 0.0783804 0.0127353
vn 0.9968422 0.0783804 0.0127353
vn 0.9968422 0.0783804 0.0127353
vn 0.9962383 -0.0169817 0.0849754
vn 0.9962383 -0.0169817 0.0849754
vn 0.9962383 -0.0169817 0.0849754
vn -0.9605859 -0.2705615 -0.0638066
vn -0.9605859 -0.2705615 -0.0638066
vn -0.9605859 -0.2705615 -0.0638066
vn -0.9970645 -0.0694599 0.0322142
vn -0.9970645 -0.0694599 0.0322142
vn -0.9970645 -0.0694599 0.0322142
vn 0.9777908 -0.0596984 -0.2009012
vn 0.9777908 -0.0596984 -0.2009012
vn 0.9777908 -0.0596984 -0.2009012
vn 0.9794143 -0.1940307 -0.0556750
vn 0.9794143 -0.1940307 -0.0556750
vn 0.9794143 -0.1940307 -0.0556750
vn -0.9727821 -0.1566089 -0.1707882
vn -0.9727821 -0.1566089 -0.1707882
vn -0.9727821 -0.1566089 -0.1707882
vn -0.9048053 0.4210574 0.0635456
vn -0.9048053 0.4210574 0.0635456
vn -0.9048053 0.4210574 0.0635456
vn 0.9828473 -0.1837536 -0.0156758
vn 0.9828473 -0.1837536 -0.0156758
vn 0.9828473 -0.1837536 -0.0156758
vn 0.9891264 -0.1284877 -0.0715537
vn 0.9891264 -0.1284877 -0.0715537
vn 0.9891264 -0.1284877 -0.0715537
vn 0.0181169 0.2405239 0.9704741
vn 0.0181169 0.2405239 0.9704741
vn 0.0181169 0.2405239 0.9704741
vn -0.0297073 0.4138296 0.9098695
vn -0.0297073 0.4138296 0.9098695
vn -0.0297073 0.4138296 0.9098695
vn 0.0000000 0.0000000 -1.0000000
vn 0.0000000 0.0000000 -1.0000000
vn 0.0000000 0.0000000 -1.0000000
vn 0.0000000 -0.0000000 -1.0000000
vn 0.0000000 -0.0000000 -1.0000000
vn 0.0000000 -0.0000000 -1.0000000
vn -1.0000000 -0.0000000 -0.0000000
vn -1.0000000 -0.0000000 -0.0000000
vn -1.0000000 -0.0000000 -0.0000000
vn -1.0000000 -0.0000000 0.0000000
vn -1.0000000 -0.0000000 0.0000000
vn -1.0000000 -0.0000000 0.0000000
vn -1.0000000 -0.0000000 -0.0000000
vn -1.0000000 -0.0000000 -0.0000000
vn -1.0000000 -0.0000000 -0.0000000
vn -1.0000000 -0.0000000 -0.0000000
vn -1.0000000 -0.0000000 -0.0000000
vn -1.0000000 -0.0000000 -0.0000000
vn -1.0000000 -0.0000000 0.0000000
vn -1.0000000 -0.0000000 0.0000000
vn -1.0000000 -0.0000000 0.0000000
vn -1.0000000 -0.0000000 0.0000000
vn -1.0000000 -0.0000000 0.0000000
vn -1.0000000 -0.0000000 0.0000000
vn -1.0000000 -0.0000000 0.0000000
vn -1.0000000 -0.0000000 0.0000000
vn -1.0000000 -0.0000000 0.0000000
vn -1.0000000 -0.0000000 0.0000000
vn -1.0000000 -0.0000000 0.0000000
vn -1.0000000 -0.0000000 0.0000000
vn 0.0000000 1.0000000 -0.0000000
vn 0.0000000 1.0000000 -0.0000000
vn 0.0000000 1.0000000 -0.0000000
vn 0.0000000 1.0000000 0.0000000
vn 0.0000000 1.0000000 0.0000000
vn 0.0000000 1.0000000 0.0000000
vn 0.0000000 1.0000000 -0.0000000
vn 0.0000000 1.0000000 -0.0000000
vn 0.0000000 1.0000000 -0.0000000
vn 0.0000000 1.0000000 0.0000000
vn 0.0000000 1.0000000 0.0000000
vn 0.0000000 1.0000000 0.0000000
vn 0.0000000 1.0000000 0.0000000
vn 0.0000000 1.0000000 0.0000000
vn 0.0000000 1.0000000 0.0000000
vn 0.0000000 1.0000000 0.0000000
vn 0.0000000 1.0000000 0.0000000
vn 0.0000000 1.0000000 0.0000000
vn 0.0000000 1.0000000 0.0000000
vn 0.0000000 1.0000000 0.0000000
vn 0.0000000 1.0000000 0.0000000
vn 0.0000000 1.0000000 0.0000000
vn 0.0000000 1.0000000 0.0000000
vn 0.0000000 1.0000000 0.0000000
vn 0.7912848 0.4133649 -0.4505528
vn 0.7912848 0.4133649 -0.4505528
vn 0.7912848 0.4133649 -0.4505528
vn 0.8401113 0.3445997 -0.4188843
vn 0.8401113 0.3445997 -0.4188843
vn 0.8401113 0.3445997 -0.4188843
vn 0.4119038 0.7970428 -0.4416537
vn 0.4119038 0.7970428 -0.4416537
vn 0.4119038 0.7970428 -0.4416537
vn 0.4455412 0.8036204 -0.3945724
vn 0.4455412 0.8036204 -0.3945724
vn 0.4455412 0.8036204 -0.3945724
vn -0.1901084 0.9591229 -0.2096238
vn -0.1901084 0.9591229 -0.2096238
vn -0.1901084 0.9591229 -0.2096238
vn -0.3972912 0.8026979 -0.4447873
vn -0.3972912 0.8026979 -0.4447873
vn -0.3972912 0.8026979 -0.4447873
vn -0.7824758 0.5010177 -0.3697472
vn -0.7824758 0.5010177 -0.3697472
vn -0.7824758 0.5010177 -0.3697472
vn -0.7773163 0.5161732 -0.3596451
vn -0.7773163 0.5161732 -0.3596451
vn -0.7773163 0.5161732 -0.3596451
vn -0.6458994 -0.6191579 -0.4466066
vn -0.6458994 -0.6191579 -0.4466066
vn -0.6458994 -0.6191579 -0.4466066
vn -0.7491731 -0.5598359 -0.3540105
vn -0.7491731 -0.5598359 -0.3540105
vn -0.7491731 -0.5598359 -0.3540105
vn -0.4310743 -0.8744917 -0.2223494
vn -0.4310743 -0.8744917 -0.2223494
vn -0.4310743 -0.8744917 -0.2223494
vn -0.2650021 -0.8612151 -0.4336848
vn -0.2650021 -0.8612151 -0.4336848
vn -0.2650021 -0.8612151 -0.4336848
vn 0.3724192 -0.8872758 -0.2721131
vn 0.3724192 -0.8872758 -0.2721131
vn 0.3724192 -0.8872758 -0.2721131
vn 0.3354725 -0.9130000 -0.2321406
vn 0.3354725 -0.9130000 -0.2321406
vn 0.3354725 -0.9130000 -0.2321406
vn 0.8920468 -0.0801471 -0.4447796
vn 0.8920468 -0.0801471 -0.4447796
vn 0.8920468 -0.0801471 -0.4447796
vn 0.8684688 -0.3734528 -0.3260290
vn 0.8684688 -0.3734528 -0.3260290
vn 0.8684688 -0.3734528 -0.3260290
vn 0.8948141 0.4375507 0.0886407
vn 0.8948141 0.4375507 0.0886407
vn 0.8948141 0.4375507 0.0886407
vn 0.8024516 0.5814051 -0.1343114
vn 0.8024516 0.5814051 -0.1343114
vn 0.8024516 0.5814051 -0.1343114
vn 0.3939723 0.9190762 -0.0092102
vn 0.3939723 0.9190762 -0.0092102
vn 0.3939723 0.9190762 -0.0092102
vn 0.3873224 0.9216516 -0.0232320
vn 0.3873224 0.9216516 -0.0232320
vn 0.3873224 0.9216516 -0.0232320
vn -0.3732899 0.9275225 0.0188838
vn -0.3732899 0.9275225 0.0188838
vn -0.3732899 0.9275225 0.0188838
vn -0.3997344 0.9165850 -0.0091853
vn -0.3997344 0.9165850 -0.0091853
vn -0.3997344 0.9165850 -0.0091853
vn -0.7380844 0.6617344 0.1316777
vn -0.7380844 0.6617344 0.1316777
vn -0.7380844 0.6617344 0.1316777
vn -0.8827819 0.4662966 -0.0571285
vn -0.8827819 0.4662966 -0.0571285
vn -0.8827819 0.4662966 -0.0571285
vn -0.7477944 -0.6639303 -0.0002651
vn -0.7477944 -0.6639303 -0.0002651
vn -0.7477944 -0.6639303 -0.0002651
vn -0.7817808 -0.6077549 0.1394734
vn -0.7817808 -0.6077549 0.1394734
vn -0.7817808 -0.6077549 0.1394734
vn -0.1825729 -0.9798171 0.0813983
vn -0.1825729 -0.9798171 0.0813983
vn -0.1825729 -0.9798171 0.0813983
vn -0.1092024 -0.9940188 0.0011997
vn -0.1092024 -0.9940188 0.0011997
vn -0.1092024 -0.9940188 0.0011997
vn 0.2966658 -0.9545076 -0.0300786
vn 0.2966658 -0.9545076 -0.0300786
vn 0.2966658 -0.9545076 -0.0300786
vn 0.1614166 -0.9834984 0.0817041
vn 0.1614166 -0.9834984 0.0817041
vn 0.1614166 -0.9834984 0.0817041
vn 0.8973895 -0.4148873 -0.1502017
vn 0.8973895 -0.4148873 -0.1502017
vn 0.8973895 -0.4148873 -0.1502017
vn 0.7757276 -0.6298123 0.0397890
vn 0.7757276 -0.6298123 0.0397890
vn 0.7757276 -0.6298123 0.0397890
vn 0.3607469 0.6069667 0.7081335
vn 0.3607469 0.6069667 0.7081335
vn 0.3607469 0.6069667 0.7081335
vn 0.3128344 0.8209472 0.4776823
vn 0.3128344 0.8209472 0.4776823
vn 0.3128344 0.8209472 0.4776823
vn 0.2881365 0.7618199 0.5801791
vn 0.2881365 0.7618199 0.5801791
vn 0.2881365 0.7618199 0.5801791
vn 0.6733862 0.1196558 0.7295433
vn 0.6733862 0.1196558 0.7295433
vn 0.6733862 0.1196558 0.7295433
vn -0.1939415 0.8113120 0.5515067
vn -0.1939415 0.8113120 0.5515067
vn -0.1939415 0.8113120 0.5515067
vn 0.0560351 0.7943102 0.6049226
vn 0.0560351 0.7943102 0.6049226
vn 0.0560351 0.7943102 0.6049226
vn -0.5223999 0.2300155 0.8210915
vn -0.5223999 0.2300155 0.8210915
vn -0.5223999 0.2300155 0.8210915
vn -0.7700609 -0.4794770 0.4208419
vn -0.7700609 -0.4794770 0.4208419
vn -0.7700609 -0.4794770 0.4208419
vn -0.4431062 -0.5835281 0.6805526
vn -0.4431062 -0.5835281 0.6805526
vn -0.4431062 -0.5835281 0.6805526
vn -0.4495172 -0.5465713 0.7065368
vn -0.4495172 -0.5465713 0.7065368
vn -0.4495172 -0.5465713 0.7065368
vn -0.1597999 -0.8547458 0.4938356
vn -0.1597999 -0.8547458 0.4938356
vn -0.1597999 -0.8547458 0.4938356
vn -0.7369016 -0.2129530 0.6415817
vn -0.7369016 -0.2129530 0.6415817
vn -0.7369016 -0.2129530 0.6415817
vn 0.0218524 -0.8609395 0.5082378
vn 0.0218524 -0.8609395 0.5082378
vn 0.0218524 -0.8609395 0.5082378
vn 0.0671107 -0.8639207 0.4991364
vn 0.0671107 -0.8639207 0.4991364
vn 0.0671107 -0.8639207 0.4991364
vn 0.5033997 -0.3946407 0.7686660
vn 0.5033997 -0.3946407 0.7686660
vn 0.5033997 -0.3946407 0.7686660
vn 0.6485870 -0.2342999 0.7241812
vn 0.6485870 -0.2342999 0.7241812
vn 0.6485870 -0.2342999 0.7241812
vn -0.0055060 0.4475090 -0.8942625
vn -0.0055060 0.4475090 -0.8942625
vn -0.0055060 0.4475090 -0.8942625
vn 0.2076349 0.8078301 0.5516323
vn 0.2076349 0.8078301 0.5516323
vn 0.2076349 0.8078301 0.5516323
vn 0.2935795 -0.0728175 -0.9531572
vn 0.2935795 -0.0728175 -0.9531572
vn 0.2935795 -0.0728175 -0.9531572
vn 0.6633693 0.4042166 0.6297223
vn 0.6633693 0.4042166 0.6297223
vn 0.6633693 0.4042166 0.6297223
vn 0.2363893 -0.0740152 -0.9688353
vn 0.2363893 -0.0740152 -0.9688353
vn 0.2363893 -0.0740152 -0.9688353
vn 0.2646607 0.5209233 0.8115378
vn 0.2646607 0.5209233 0.8115378
vn 0.2646607 0.5209233 0.8115378
vn -0.0859777 -0.4303364 -0.8985646
vn -0.0859777 -0.4303364 -0.8985646
vn -0.0859777 -0.4303364 -0.8985646
vn -0.4109366 -0.7427509 0.5286325
vn -0.4109366 -0.7427509 0.5286325
vn -0.4109366 -0.7427509 0.5286325
vn -0.0933666 -0.1977984 -0.9757861
vn -0.0933666 -0.1977984 -0.9757861
vn -0.0933666 -0.1977984 -0.9757861
vn -0.5124923 -0.5501896 0.6592746
vn -0.5124923 -0.5501896 0.6592746
vn -0.5124923 -0.5501896 0.6592746
vn -0.3554790 0.1866759 -0.9158530
vn -0.3554790 0.1866759 -0.9158530
vn -0.3554790 0.1866759 -0.9158530
vn -0.7375601 -0.2051695 0.6433588
vn -0.7375601 -0.2051695 0.6433588
vn -0.7375601 -0.2051695 0.6433588
vn -0.0446804 0.1995213 -0.9788743
vn -0.0446804 0.1995213 -0.9788743
vn -0.0446804 0.1995213 -0.9788743
vn -0.0216357 -0.3037570 0.9525039
vn -0.0216357 -0.3037570 0.9525039
vn -0.0216357 -0.3037570 0.9525039
vn -0.0059332 0.2670926 -0.9636526
vn -0.0059332 0.2670926 -0.9636526
vn -0.0059332 0.2670926 -0.9636526
vn 0.3487430 0.1412059 0.9265199
vn 0.3487430 0.1412059 0.9265199
vn 0.3487430 0.1412059 0.9265199
vn 0.9409469 0.1720385 -0.2915847
vn 0.9409469 0.1720385 -0.2915847
vn 0.9409469 0.1720385 -0.2915847
vn 0.6735232 0.5031863 -0.5414518
vn 0.6735232 0.5031863 -0.5414518
vn 0.6735232 0.5031863 -0.5414518
vn 0.2752953 0.9135196 -0.2994904
vn 0.2752953 0.9135196 -0.2994904
vn 0.2752953 0.9135196 -0.2994904
vn 0.3015890 0.9106629 -0.2823776
vn 0.3015890 0.9106629 -0.2823776
vn 0.3015890 0.9106629 -0.2823776
vn -0.4123568 0.8372911 -0.3590340
vn -0.4123568 0.8372911 -0.3590340
vn -0.4123568 0.8372911 -0.3590340
vn -0.3550882 0.8883127 -0.2912265
vn -0.3550882 0.8883127 -0.2912265
vn -0.3550882 0.8883127 -0.2912265
vn -0.6159529 0.7302567 -0.2955117
vn -0.6159529 0.7302567 -0.2955117
vn -0.6159529 0.7302567 -0.2955117
vn -0.6421902 0.6268115 -0.4412471
vn -0.6421902 0.6268115 -0.4412471
vn -0.6421902 0.6268115 -0.4412471
vn -0.7347366 -0.6067100 -0.3034224
vn -0.7347366 -0.6067100 -0.3034224
vn -0.7347366 -0.6067100 -0.3034224
vn -0.6972965 -0.6339261 -0.3345374
vn -0.6972965 -0.6339261 -0.3345374
vn -0.6972965 -0.6339261 -0.3345374
vn -0.1493606 -0.9711717 -0.1857872
vn -0.1493606 -0.9711717 -0.1857872
vn -0.1493606 -0.9711717 -0.1857872
vn -0.0483633 -0.9711322 -0.2335879
vn -0.0483633 -0.9711322 -0.2335879
vn -0.0483633 -0.9711322 -0.2335879
vn 0.3079632 -0.8693068 -0.3866063
vn 0.3079632 -0.8693068 -0.3866063
vn 0.3079632 -0.8693068 -0.3866063
vn 0.1636163 -0.9689532 -0.1853628
vn 0.1636163 -0.9689532 -0.1853628
vn 0.1636163 -0.9689532 -0.1853628
vn 0.7043690 -0.4280494 -0.5662491
vn 0.7043690 -0.4280494 -0.5662491
vn 0.7043690 -0.4280494 -0.5662491
vn 0.6842111 -0.5886689 -0.4304929
vn 0.6842111 -0.5886689 -0.4304929
vn 0.6842111 -0.5886689 -0.4304929
vn 0.8067169 0.5894392 0.0420638
vn 0.8067169 0.5894392 0.0420638
vn 0.8067169 0.5894392 0.0420638
vn 0.7175496 0.6931415 -0.0683918
vn 0.7175496 0.6931415 -0.0683918
vn 0.7175496 0.6931415 -0.0683918
vn 0.4103735 0.9090926 0.0717228
vn 0.4103735 0.9090926 0.0717228
vn 0.4103735 0.9090926 0.0717228
vn 0.2997307 0.9533769 -0.0351276
vn 0.2997307 0.9533769 -0.0351276
vn 0.2997307 0.9533769 -0.0351276
vn -0.3962745 0.9181022 0.0074029
vn -0.3962745 0.9181022 0.0074029
vn -0.3962745 0.9181022 0.0074029
vn -0.3655016 0.9279273 0.0732088
vn -0.3655016 0.9279273 0.0732088
vn -0.3655016 0.9279273 0.0732088
vn -0.8618603 0.4860286 0.1448207
vn -0.8618603 0.4860286 0.1448207
vn -0.8618603 0.4860286 0.1448207
vn -0.9510213 0.3041402 -0.0552918
vn -0.9510213 0.3041402 -0.0552918
vn -0.9510213 0.3041402 -0.0552918
vn -0.7814081 -0.6237804 -0.0173037
vn -0.7814081 -0.6237804 -0.0173037
vn -0.7814081 -0.6237804 -0.0173037
vn -0.9012574 -0.4059567 0.1514407
vn -0.9012574 -0.4059567 0.1514407
vn -0.9012574 -0.4059567 0.1514407
vn -0.1276611 -0.9910394 0.0392885
vn -0.1276611 -0.9910394 0.0392885
vn -0.1276611 -0.9910394 0.0392885
vn -0.1311808 -0.9904584 0.0422354
vn -0.1311808 -0.9904584 0.0422354
vn -0.1311808 -0.9904584 0.0422354
vn 0.1928436 -0.9784214 -0.0741814
vn 0.1928436 -0.9784214 -0.0741814
vn 0.1928436 -0.9784214 -0.0741814
vn 0.1339969 -0.9902039 0.0392554
vn 0.1339969 -0.9902039 0.0392554
vn 0.1339969 -0.9902039 0.0392554
vn 0.7922530 -0.6055023 -0.0755120
vn 0.7922530 -0.6055023 -0.0755120
vn 0.7922530 -0.6055023 -0.0755120
vn 0.7306013 -0.6817052 0.0387268
vn 0.7306013 -0.6817052 0.0387268
vn 0.7306013 -0.6817052 0.0387268
vn 0.6832146 0.3847859 0.6206107
vn 0.6832146 0.3847859 0.6206107
vn 0.6832146 0.3847859 0.6206107
vn 0.6241267 -0.3723815 0.6868754
vn 0.6241267 -0.3723815 0.6868754
vn 0.6241267 -0.3723815 0.6868754
vn 0.3057331 0.6701604 0.6763227
vn 0.3057331 0.6701604 0.6763227
vn 0.3057331 0.6701604 0.6763227
vn -0.1179008 0.9286272 0.3517825
vn -0.1179008 0.9286272 0.3517825
vn -0.1179008 0.9286272 0.3517825
vn -0.4140413 0.5782197 0.7030162
vn -0.4140413 0.5782197 0.7030162
vn -0.4140413 0.5782197 0.7030162
vn -0.5923246 0.5671022 0.5723169
vn -0.5923246 0.5671022 0.5723169
vn -0.5923246 0.5671022 0.5723169
vn -0.7433609 0.1931532 0.6403955
vn -0.7433609 0.1931532 0.6403955
vn -0.7433609 0.1931532 0.6403955
vn -0.1413968 0.8212711 0.5527393
vn -0.1413968 0.8212711 0.5527393
vn -0.1413968 0.8212711 0.5527393
vn -0.7884945 -0.1367345 0.5996499
vn -0.7884945 -0.1367345 0.5996499
vn -0.7884945 -0.1367345 0.5996499
vn -0.7022695 0.3752302 0.6049957
vn -0.7022695 0.3752302 0.6049957
vn -0.7022695 0.3752302 0.6049957
vn -0.0680666 -0.7707473 0.6334947
vn -0.0680666 -0.7707473 0.6334947
vn -0.0680666 -0.7707473 0.6334947
vn 0.1673347 -0.9067848 0.3869631
vn 0.1673347 -0.9067848 0.3869631
vn 0.1673347 -0.9067848 0.3869631
vn 0.2979517 -0.7354422 0.6085635
vn 0.2979517 -0.7354422 0.6085635
vn 0.2979517 -0.7354422 0.6085635
vn 0.3077334 -0.7350497 0.6041540
vn 0.3077334 -0.7350497 0.6041540
vn 0.3077334 -0.7350497 0.6041540
vn 0.5733744 -0.5225465 0.6310205
vn 0.5733744 -0.5225465 0.6310205
vn 0.5733744 -0.5225465 0.6310205
vn 0.4127023 -0.6453716 0.6427848
vn 0.4127023 -0.6453716 0.6427848
vn 0.4127023 -0.6453716 0.6427848
vn 0.0478666 -0.5361683 -0.8427528
vn 0.0478666 -0.5361683 -0.8427528
vn 0.0478666 -0.5361683 -0.8427528
vn 0.4780987 -0.5234530 0.7052791
vn 0.4780987 -0.5234530 0.7052791
vn 0.4780987 -0.5234530 0.7052791
vn -0.2715780 0.0090087 -0.9623743
vn -0.2715780 0.0090087 -0.9623743
vn -0.2715780 0.0090087 -0.9623743
vn -0.4493326 0.5342077 0.7160463
vn -0.4493326 0.5342077 0.7160463
vn -0.4493326 0.5342077 0.7160463
vn -0.2990357 0.0089322 -0.9542001
vn -0.2990357 0.0089322 -0.9542001
vn -0.2990357 0.0089322 -0.9542001
vn -0.6142572 0.4718639 0.6324813
vn -0.6142572 0.4718639 0.6324813
vn -0.6142572 0.4718639 0.6324813
vn 0.0529936 0.4704840 -0.8808158
vn 0.0529936 0.4704840 -0.8808158
vn 0.0529936 0.4704840 -0.8808158
vn -0.2667859 0.8096794 0.5227280
vn -0.2667859 0.8096794 0.5227280
vn -0.2667859 0.8096794 0.5227280
vn 0.0573731 0.2955331 -0.9536082
vn 0.0573731 0.2955331 -0.9536082
vn 0.0573731 0.2955331 -0.9536082
vn -0.3702654 0.5801557 0.7254811
vn -0.3702654 0.5801557 0.7254811
vn -0.3702654 0.5801557 0.7254811
vn 0.4134804 -0.1618136 -0.8960191
vn 0.4134804 -0.1618136 -0.8960191
vn 0.4134804 -0.1618136 -0.8960191
vn 0.4035453 -0.7088240 0.5785496
vn 0.4035453 -0.7088240 0.5785496
vn 0.4035453 -0.7088240 0.5785496
vn 0.1111735 -0.1766153 -0.9779813
vn 0.1111735 -0.1766153 -0.9779813
vn 0.1111735 -0.1766153 -0.9779813
vn 0.3071857 -0.7372479 0.6017495
vn 0.3071857 -0.7372479 0.6017495
vn 0.3071857 -0.7372479 0.6017495
vn 0.0545008 -0.2761906 -0.9595564
vn 0.0545008 -0.2761906 -0.9595564
vn 0.0545008 -0.2761906 -0.9595564
vn 0.4261008 -0.6506412 0.6285731
vn 0.4261008 -0.6506412 0.6285731
vn 0.4261008 -0.6506412 0.6285731
vn 0.8092620 0.2677489 -0.5228820
vn 0.8092620 0.2677489 -0.5228820
vn 0.8092620 0.2677489 -0.5228820
vn 0.9432549 0.0720413 -0.3241607
vn 0.9432549 0.0720413 -0.3241607
vn 0.9432549 0.0720413 -0.3241607
vn 0.2997645 0.8939280 -0.3332177
vn 0.2997645 0.8939280 -0.3332177
vn 0.2997645 0.8939280 -0.3332177
vn 0.2741082 0.8924683 -0.3582808
vn 0.2741082 0.8924683 -0.3582808
vn 0.2741082 0.8924683 -0.3582808
vn -0.2078699 0.9324790 -0.2954201
vn -0.2078699 0.9324790 -0.2954201
vn -0.2078699 0.9324790 -0.2954201
vn -0.2752955 0.9008117 -0.3357836
vn -0.2752955 0.9008117 -0.3357836
vn -0.2752955 0.9008117 -0.3357836
vn -0.8065315 0.1779097 -0.5637864
vn -0.8065315 0.1779097 -0.5637864
vn -0.8065315 0.1779097 -0.5637864
vn -0.7622106 0.5671512 -0.3120488
vn -0.7622106 0.5671512 -0.3120488
vn -0.7622106 0.5671512 -0.3120488
vn -0.9204522 -0.1195068 -0.3721369
vn -0.9204522 -0.1195068 -0.3721369
vn -0.9204522 -0.1195068 -0.3721369
vn -0.7914565 -0.2598322 -0.5532485
vn -0.7914565 -0.2598322 -0.5532485
vn -0.7914565 -0.2598322 -0.5532485
vn -0.4593999 -0.8262188 -0.3260587
vn -0.4593999 -0.8262188 -0.3260587
vn -0.4593999 -0.8262188 -0.3260587
vn -0.3629617 -0.8324539 -0.4186636
vn -0.3629617 -0.8324539 -0.4186636
vn -0.3629617 -0.8324539 -0.4186636
vn 0.4819107 -0.8189907 -0.3114743
vn 0.4819107 -0.8189907 -0.3114743
vn 0.4819107 -0.8189907 -0.3114743
vn 0.4911683 -0.8102522 -0.3197577
vn 0.4911683 -0.8102522 -0.3197577
vn 0.4911683 -0.8102522 -0.3197577
vn 0.8959349 -0.3201546 -0.3078987
vn 0.8959349 -0.3201546 -0.3078987
vn 0.8959349 -0.3201546 -0.3078987
vn 0.9040650 -0.1953195 -0.3801535
vn 0.9040650 -0.1953195 -0.3801535
vn 0.9040650 -0.1953195 -0.3801535
vn 0.9791558 0.1918745 -0.0666191
vn 0.9791558 0.1918745 -0.0666191
vn 0.9791558 0.1918745 -0.0666191
vn 0.9738301 0.2083848 -0.0907237
vn 0.9738301 0.2083848 -0.0907237
vn 0.9738301 0.2083848 -0.0907237
vn 0.2797008 0.9539610 -0.1082860
vn 0.2797008 0.9539610 -0.1082860
vn 0.2797008 0.9539610 -0.1082860
vn 0.3896412 0.9208275 0.0160106
vn 0.3896412 0.9208275 0.0160106
vn 0.3896412 0.9208275 0.0160106
vn -0.1438315 0.9884523 0.0476919
vn -0.1438315 0.9884523 0.0476919
vn -0.1438315 0.9884523 0.0476919
vn -0.3460487 0.9322299 -0.1058193
vn -0.3460487 0.9322299 -0.1058193
vn -0.3460487 0.9322299 -0.1058193
vn -0.8041207 0.5875757 -0.0902476
vn -0.8041207 0.5875757 -0.0902476
vn -0.8041207 0.5875757 -0.0902476
vn -0.7791997 0.6266910 -0.0103080
vn -0.7791997 0.6266910 -0.0103080
vn -0.7791997 0.6266910 -0.0103080
vn -0.8347765 -0.5482995 0.0501589
vn -0.8347765 -0.5482995 0.0501589
vn -0.8347765 -0.5482995 0.0501589
vn -0.7845956 -0.6137229 -0.0880562
vn -0.7845956 -0.6137229 -0.0880562
vn -0.7845956 -0.6137229 -0.0880562
vn -0.4511900 -0.8897897 0.0685698
vn -0.4511900 -0.8897897 0.0685698
vn -0.4511900 -0.8897897 0.0685698
vn -0.3307898 -0.9423111 -0.0512622
vn -0.3307898 -0.9423111 -0.0512622
vn -0.3307898 -0.9423111 -0.0512622
vn 0.4475993 -0.8942074 0.0069315
vn 0.4475993 -0.8942074 0.0069315
vn 0.4475993 -0.8942074 0.0069315
vn 0.3949611 -0.9159820 0.0705882
vn 0.3949611 -0.9159820 0.0705882
vn 0.3949611 -0.9159820 0.0705882
vn 0.9748220 -0.2036529 -0.0908161
vn 0.9748220 -0.2036529 -0.0908161
vn 0.9748220 -0.2036529 -0.0908161
vn 0.9679527 -0.2468320 -0.0462771
vn 0.9679527 -0.2468320 -0.0462771
vn 0.9679527 -0.2468320 -0.0462771
vn 0.6119142 0.4013358 0.6815354
vn 0.6119142 0.4013358 0.6815354
vn 0.6119142 0.4013358 0.6815354
vn 0.6249124 0.1601494 0.7640921
vn 0.6249124 0.1601494 0.7640921
vn 0.6249124 0.1601494 0.7640921
vn 0.4235740 0.7300984 0.5362289
vn 0.4235740 0.7300984 0.5362289
vn 0.4235740 0.7300984 0.5362289
vn 0.7366520 0.1463417 0.6602484
vn 0.7366520 0.1463417 0.6602484
vn 0.7366520 0.1463417 0.6602484
vn -0.1172588 0.7229943 0.6808301
vn -0.1172588 0.7229943 0.6808301
vn -0.1172588 0.7229943 0.6808301
vn -0.5483739 0.6739800 0.4950121
vn -0.5483739 0.6739800 0.4950121
vn -0.5483739 0.6739800 0.4950121
vn -0.5558959 0.1542197 0.8168207
vn -0.5558959 0.1542197 0.8168207
vn -0.5558959 0.1542197 0.8168207
vn -0.8252685 -0.1595465 0.5417349
vn -0.8252685 -0.1595465 0.5417349
vn -0.8252685 -0.1595465 0.5417349
vn -0.5683899 -0.5289939 0.6301574
vn -0.5683899 -0.5289939 0.6301574
vn -0.5683899 -0.5289939 0.6301574
vn -0.5452544 0.2465799 0.8011842
vn -0.5452544 0.2465799 0.8011842
vn -0.5452544 0.2465799 0.8011842
vn -0.4525541 -0.6701482 0.5882994
vn -0.4525541 -0.6701482 0.5882994
vn -0.4525541 -0.6701482 0.5882994
vn -0.6349354 -0.4478522 0.6295121
vn -0.6349354 -0.4478522 0.6295121
vn -0.6349354 -0.4478522 0.6295121
vn 0.2654019 -0.6299856 0.7298493
vn 0.2654019 -0.6299856 0.7298493
vn 0.2654019 -0.6299856 0.7298493
vn 0.6256134 -0.5862770 0.5146719
vn 0.6256134 -0.5862770 0.5146719
vn 0.6256134 -0.5862770 0.5146719
vn 0.6328735 -0.0257688 0.7738263
vn 0.6328735 -0.0257688 0.7738263
vn 0.6328735 -0.0257688 0.7738263
vn 0.6672443 0.0354803 0.7439934
vn 0.6672443 0.0354803 0.7439934
vn 0.6672443 0.0354803 0.7439934
vn 0.1970291 -0.0688242 -0.9779789
vn 0.1970291 -0.0688242 -0.9779789
vn 0.1970291 -0.0688242 -0.9779789
vn 0.6593997 0.1855048 0.7285465
vn 0.6593997 0.1855048 0.7285465
vn 0.6593997 0.1855048 0.7285465
vn 0.3614711 -0.2743103 -0.8911187
vn 0.3614711 -0.2743103 -0.8911187
vn 0.3614711 -0.2743103 -0.8911187
vn 0.7181308 0.0401801 0.6947472
vn 0.7181308 0.0401801 0.6947472
vn 0.7181308 0.0401801 0.6947472
vn -0.2150137 -0.2873222 -0.9333890
vn -0.2150137 -0.2873222 -0.9333890
vn -0.2150137 -0.2873222 -0.9333890
vn -0.4220084 0.0523445 0.9050795
vn -0.4220084 0.0523445 0.9050795
vn -0.4220084 0.0523445 0.9050795
vn -0.2158725 -0.2882187 -0.9329143
vn -0.2158725 -0.2882187 -0.9329143
vn -0.2158725 -0.2882187 -0.9329143
vn -0.6331116 -0.4237293 0.6477833
vn -0.6331116 -0.4237293 0.6477833
vn -0.6331116 -0.4237293 0.6477833
vn -0.2079162 0.3865406 -0.8985306
vn -0.2079162 0.3865406 -0.8985306
vn -0.2079162 0.3865406 -0.8985306
vn -0.6975881 0.0626570 0.7137541
vn -0.6975881 0.0626570 0.7137541
vn -0.6975881 0.0626570 0.7137541
vn -0.1171147 0.2418313 -0.9632247
vn -0.1171147 0.2418313 -0.9632247
vn -0.1171147 0.2418313 -0.9632247
vn -0.6617649 -0.0034863 0.7497033
vn -0.6617649 -0.0034863 0.7497033
vn -0.6617649 -0.0034863 0.7497033
vn 0.3068749 0.2317578 -0.9231014
vn 0.3068749 0.2317578 -0.9231014
vn 0.3068749 0.2317578 -0.9231014
vn 0.6575996 -0.0035033 0.7533595
vn 0.6575996 -0.0035033 0.7533595
vn 0.6575996 -0.0035033 0.7533595
vn 0.1966845 0.0906369 -0.9762685
vn 0.1966845 0.0906369 -0.9762685
vn 0.1966845 0.0906369 -0.9762685
vn 0.6707009 0.0321031 0.7410329
vn 0.6707009 0.0321031 0.7410329
vn 0.6707009 0.0321031 0.7410329
usemtl gr_rvstone_material
s off
f 1/1/1 2/2/2 3/3/3
f 4/4/4 5/5/5 6/6/6
f 7/7/7 8/8/8 9/9/9
f 10/10/10 11/11/11 12/12/12
f 13/13/13 14/14/14 15/15/15
f 16/16/16 17/17/17 18/18/18
f 19/19/19 20/20/20 21/21/21
f 22/22/22 23/23/23 24/24/24
f 25/25/25 26/26/26 27/27/27
f 28/28/28 29/29/29 30/30/30
f 31/31/31 32/32/32 33/33/33
f 34/34/34 35/35/35 36/36/36
f 37/37/37 38/38/38 39/39/39
f 40/40/40 41/41/41 42/42/42
f 43/43/43 44/44/44 45/45/45
f 46/46/46 47/47/47 48/48/48
f 49/49/49 50/50/50 51/51/51
f 52/52/52 53/53/53 54/54/54
f 55/55/55 56/56/56 57/57/57
f 58/58/58 59/59/59 60/60/60
f 61/61/61 62/62/62 63/63/63
f 64/64/64 65/65/65 66/66/66
f 67/67/67 68/68/68 69/69/69
f 70/70/70 71/71/71 72/72/72
f 73/73/73 74/74/74 75/75/75
f 76/76/76 77/77/77 78/78/78
f 79/79/79 80/80/80 81/81/81
f 82/82/82 83/83/83 84/84/84
f 85/85/85 86/86/86 87/87/87
f 88/88/88 89/89/89 90/90/90
f 91/91/91 92/92/92 93/93/93
f 94/94/94 95/95/95 96/96/96
f 97/97/97 98/98/98 99/99/99
f 100/100/100 101/101/101 102/102/102
f 103/103/103 104/104/104 105/105/105
f 106/106/106 107/107/107 108/108/108
f 109/109/109 110/110/110 111/111/111
f 112/112/112 113/113/113 114/114/114
f 115/115/115 116/116/116 117/117/117
f 118/118/118 119/119/119 120/120/120
f 121/121/121 122/122/122 123/123/123
f 124/124/124 125/125/125 126/126/126
f 127/127/127 128/128/128 129/129/129
f 130/130/130 131/131/131 132/132/132
f 133/133/133 134/134/134 135/135/135
f 136/136/136 137/137/137 138/138/138
f 139/139/139 140/140/140 141/141/141
f 142/142/142 143/143/143 144/144/144
f 145/145/145 146/146/146 147/147/147
f 148/148/148 149/149/149 150/150/150
f 151/151/151 152/152/152 153/153/153
f 154/154/154 155/155/155 156/156/156
f 157/157/157 158/158/158 159/159/159
f 160/160/160 161/161/161 162/162/162
f 163/163/163 164/164/164 165/165/165
f 166/166/166 167/167/167 168/168/168
f 169/169/169 170/170/170 171/171/171
f 172/172/172 173/173/173 174/174/174
f 175/175/175 176/176/176 177/177/177
f 178/178/178 179/179/179 180/180/180
f 181/181/181 182/182/182 183/183/183
f 184/184/184 185/185/185 186/186/186
f 187/187/187 188/188/188 189/189/189
f 190/190/190 191/191/191 192/192/192
f 193/193/193 194/194/194 195/195/195
f 196/196/196 197/197/197 198/198/198
f 199/199/199 200/200/200 201/201/201
f 202/202/202 203/203/203 204/204/204
f 205/205/205 206/206/206 207/207/207
f 208/208/208 209/209/209 210/210/210
f 211/211/211 212/212/212 213/213/213
f 214/214/214 215/215/215 216/216/216
f 217/217/217 218/218/218 219/219/219
f 220/220/220 221/221/221 222/222/222
f 223/223/223 224/224/224 225/225/225
f 226/226/226 227/227/227 228/228/228
f 229/229/229 230/230/230 231/231/231
f 232/232/232 233/233/233 234/234/234
f 235/235/235 236/236/236 237/237/237
f 238/238/238 239/239/239 240/240/240
f 241/241/241 242/242/242 243/243/243
f 244/244/244 245/245/245 246/246/246
f 247/247/247 248/248/248 249/249/249
f 250/250/250 251/251/251 252/252/252
f 253/253/253 254/254/254 255/255/255
f 256/256/256 257/257/257 258/258/258
f 259/259/259 260/260/260 261/261/261
f 262/262/262 263/263/263 264/264/264
f 265/265/265 266/266/266 267/267/267
f 268/268/268 269/269/269 270/270/270
f 271/271/271 272/272/272 273/273/273
f 274/274/274 275/275/275 276/276/276
f 277/277/277 278/278/278 279/279/279
f 280/280/280 281/281/281 282/282/282
f 283/283/283 284/284/284 285/285/285
f 286/286/286 287/287/287 288/288/288
f 289/289/289 290/290/290 291/291/291
f 292/292/292 293/293/293 294/294/294
f 295/295/295 296/296/296 297/297/297
f 298/298/298 299/299/299 300/300/300
f 301/301/301 302/302/302 303/303/303
f 304/304/304 305/305/305 306/306/306
f 307/307/307 308/308/308 309/309/309
f 310/310/310 311/311/311 312/312/312
f 313/313/313 314/314/314 315/315/315
f 316/316/316 317/317/317 318/318/318
f 319/319/319 320/320/320 321/321/321
f 322/322/322 323/323/323 324/324/324
f 325/325/325 326/326/326 327/327/327
f 328/328/328 329/329/329 330/330/330
f 331/331/331 332/332/332 333/333/333
f 334/334/334 335/335/335 336/336/336
f 337/337/337 338/338/338 339/339/339
f 340/340/340 341/341/341 342/342/342
f 343/343/343 344/344/344 345/345/345
f 346/346/346 347/347/347 348/348/348
f 349/349/349 350/350/350 351/351/351
f 352/352/352 353/353/353 354/354/354
f 355/355/355 356/356/356 357/357/357
f 358/358/358 359/359/359 360/360/360
f 361/361/361 362/362/362 363/363/363
f 364/364/364 365/365/365 366/366/366
f 367/367/367 368/368/368 369/369/369
f 370/370/370 371/371/371 372/372/372
f 373/373/373 374/374/374 375/375/375
f 376/376/376 377/377/377 378/378/378
f 379/379/379 380/380/380 381/381/381
f 382/382/382 383/383/383 384/384/384
f 385/385/385 386/386/386 387/387/387
f 388/388/388 389/389/389 390/390/390
f 391/391/391 392/392/392 393/393/393
f 394/394/394 395/395/395 396/396/396
f 397/397/397 398/398/398 399/399/399
f 400/400/400 401/401/401 402/402/402
f 403/403/403 404/404/404 405/405/405
f 406/406/406 407/407/407 408/408/408
f 409/409/409 410/410/410 411/411/411
f 412/412/412 413/413/413 414/414/414
f 415/415/415 416/416/416 417/417/417
f 418/418/418 419/419/419 420/420/420
f 421/421/421 422/422/422 423/423/423
f 424/424/424 425/425/425 426/426/426
f 427/427/427 428/428/428 429/429/429
f 430/430/430 431/431/431 432/432/432
f 433/433/433 434/434/434 435/435/435
f 436/436/436 437/437/437 438/438/438
f 439/439/439 440/440/440 441/441/441
f 442/442/442 443/443/443 444/444/444
f 445/445/445 446/446/446 447/447/447
f 448/448/448 449/449/449 450/450/450
f 451/451/451 452/452/452 453/453/453
f 454/454/454 455/455/455 456/456/456
f 457/457/457 458/458/458 459/459/459
f 460/460/460 461/461/461 462/462/462
f 463/463/463 464/464/464 465/465/465
f 466/466/466 467/467/467 468/468/468
f 469/469/469 470/470/470 471/471/471
f 472/472/472 473/473/473 474/474/474
f 475/475/475 476/476/476 477/477/477
f 478/478/478 479/479/479 480/480/480
f 481/481/481 482/482/482 483/483/483
f 484/484/484 485/485/485 486/486/486
f 487/487/487 488/488/488 489/489/489
f 490/490/490 491/491/491 492/492/492
f 493/493/493 494/494/494 495/495/495
f 496/496/496 497/497/497 498/498/498
f 499/499/499 500/500/500 501/501/501
f 502/502/502 503/503/503 504/504/504
f 505/505/505 506/506/506 507/507/507
f 508/508/508 509/509/509 510/510/510
f 511/511/511 512/512/512 513/513/513
f 514/514/514 515/515/515 516/516/516
f 517/517/517 518/518/518 519/519/519
f 520/520/520 521/521/521 522/522/522
f 523/523/523 524/524/524 525/525/525
f 526/526/526 527/527/527 528/528/528
f 529/529/529 530/530/530 531/531/531
f 532/532/532 533/533/533 534/534/534
f 535/535/535 536/536/536 537/537/537
f 538/538/538 539/539/539 540/540/540
f 541/541/541 542/542/542 543/543/543
f 544/544/544 545/545/545 546/546/546
f 547/547/547 548/548/548 549/549/549
f 550/550/550 551/551/551 552/552/552
f 553/553/553 554/554/554 555/555/555
f 556/556/556 557/557/557 558/558/558
f 559/559/559 560/560/560 561/561/561
f 562/562/562 563/563/563 564/564/564
f 565/565/565 566/566/566 567/567/567
f 568/568/568 569/569/569 570/570/570
f 571/571/571 572/572/572 573/573/573
f 574/574/574 575/575/575 576/576/576
f 577/577/577 578/578/578 579/579/579
f 580/580/580 581/581/581 582/582/582
f 583/583/583 584/584/584 585/585/585
f 586/586/586 587/587/587 588/588/588
f 589/589/589 590/590/590 591/591/591
f 592/592/592 593/593/593 594/594/594
f 595/595/595 596/596/596 597/597/597
f 598/598/598 599/599/599 600/600/600
f 601/601/601 602/602/602 603/603/603
f 604/604/604 605/605/605 606/606/606
f 607/607/607 608/608/608 609/609/609
f 610/610/610 611/611/611 612/612/612
f 613/613/613 614/614/614 615/615/615
f 616/616/616 617/617/617 618/618/618
f 619/619/619 620/620/620 621/621/621
f 622/622/622 623/623/623 624/624/624
f 625/625/625 626/626/626 627/627/627
f 628/628/628 629/629/629 630/630/630
f 631/631/631 632/632/632 633/633/633
f 634/634/634 635/635/635 636/636/636
f 637/637/637 638/638/638 639/639/639
f 640/640/640 641/641/641 642/642/642
f 643/643/643 644/644/644 645/645/645
f 646/646/646 647/647/647 648/648/648
f 649/649/649 650/650/650 651/651/651
f 652/652/652 653/653/653 654/654/654
f 655/655/655 656/656/656 657/657/657
f 658/658/658 659/659/659 660/660/660
f 661/661/661 662/662/662 663/663/663
f 664/664/664 665/665/665 666/666/666
f 667/667/667 668/668/668 669/669/669
f 670/670/670 671/671/671 672/672/672
f 673/673/673 674/674/674 675/675/675
f 676/676/676 677/677/677 678/678/678
f 679/679/679 680/680/680 681/681/681
f 682/682/682 683/683/683 684/684/684
f 685/685/685 686/686/686 687/687/687
f 688/688/688 689/689/689 690/690/690
f 691/691/691 692/692/692 693/693/693
f 694/694/694 695/695/695 696/696/696
f 697/697/697 698/698/698 699/699/699
f 700/700/700 701/701/701 702/702/702
f 703/703/703 704/704/704 705/705/705
f 706/706/706 707/707/707 708/708/708
f 709/709/709 710/710/710 711/711/711
f 712/712/712 713/713/713 714/714/714
f 715/715/715 716/716/716 717/717/717
f 718/718/718 719/719/719 720/720/720
f 721/721/721 722/722/722 723/723/723
f 724/724/724 725/725/725 726/726/726
f 727/727/727 728/728/728 729/729/729
f 730/730/730 731/731/731 732/732/732
f 733/733/733 734/734/734 735/735/735
f 736/736/736 737/737/737 738/738/738
f 739/739/739 740/740/740 741/741/741
f 742/742/742 743/743/743 744/744/744
f 745/745/745 746/746/746 747/747/747
f 748/748/748 749/749/749 750/750/750
f 751/751/751 752/752/752 753/753/753
f 754/754/754 755/755/755 756/756/756
f 757/757/757 758/758/758 759/759/759
f 760/760/760 761/761/761 762/762/762
f 763/763/763 764/764/764 765/765/765
f 766/766/766 767/767/767 768/768/768
f 769/769/769 770/770/770 771/771/771
f 772/772/772 773/773/773 774/774/774
f 775/775/775 776/776/776 777/777/777
f 778/778/778 779/779/779 780/780/780
f 781/781/781 782/782/782 783/783/783
f 784/784/784 785/785/785 786/786/786
f 787/787/787 788/788/788 789/789/789
f 790/790/790 791/791/791 792/792/792
f 793/793/793 794/794/794 795/795/795
f 796/796/796 797/797/797 798/798/798
f 799/799/799 800/800/800 801/801/801
f 802/802/802 803/803/803 804/804/804
f 805/805/805 806/806/806 807/807/807
f 808/808/808 809/809/809 810/810/810
f 811/811/811 812/812/812 813/813/813
f 814/814/814 815/815/815 816/816/816
f 817/817/817 818/818/818 819/819/819
f 820/820/820 821/821/821 822/822/822
f 823/823/823 824/824/824 825/825/825
f 826/826/826 827/827/827 828/828/828
f 829/829/829 830/830/830 831/831/831
f 832/832/832 833/833/833 834/834/834
f 835/835/835 836/836/836 837/837/837
f 838/838/838 839/839/839 840/840/840
f 841/841/841 842/842/842 843/843/843
f 844/844/844 845/845/845 846/846/846
f 847/847/847 848/848/848 849/849/849
f 850/850/850 851/851/851 852/852/852
f 853/853/853 854/854/854 855/855/855
f 856/856/856 857/857/857 858/858/858
f 859/859/859 860/860/860 861/861/861
f 862/862/862 863/863/863 864/864/864
f 865/865/865 866/866/866 867/867/867
f 868/868/868 869/869/869 870/870/870
f 871/871/871 872/872/872 873/873/873
f 874/874/874 875/875/875 876/876/876
f 877/877/877 878/878/878 879/879/879
f 880/880/880 881/881/881 882/882/882
f 883/883/883 884/884/884 885/885/885
f 886/886/886 887/887/887 888/888/888
f 889/889/889 890/890/890 891/891/891
f 892/892/892 893/893/893 894/894/894
f 895/895/895 896/896/896 897/897/897
f 898/898/898 899/899/899 900/900/900
f 901/901/901 902/902/902 903/903/903
f 904/904/904 905/905/905 906/906/906
f 907/907/907 908/908/908 909/909/909
f 910/910/910 911/911/911 912/912/912
f 913/913/913 914/914/914 915/915/915
f 916/916/916 917/917/917 918/918/918
f 919/919/919 920/920/920 921/921/921
f 922/922/922 923/923/923 924/924/924
f 925/925/925 926/926/926 927/927/927
f 928/928/928 929/929/929 930/930/930
f 931/931/931 932/932/932 933/933/933
f 934/934/934 935/935/935 936/936/936
f 937/937/937 938/938/938 939/939/939
f 940/940/940 941/941/941 942/942/942
f 943/943/943 944/944/944 945/945/945
f 946/946/946 947/947/947 948/948/948
f 949/949/949 950/950/950 951/951/951
f 952/952/952 953/953/953 954/954/954
f 955/955/955 956/956/956 957/957/957
f 958/958/958 959/959/959 960/960/960
f 961/961/961 962/962/962 963/963/963
f 964/964/964 965/965/965 966/966/966
f 967/967/967 968/968/968 969/969/969
f 970/970/970 971/971/971 972/972/972
f 973/973/973 974/974/974 975/975/975
f 976/976/976 977/977/977 978/978/978
f 979/979/979 980/980/980 981/981/981
f 982/982/982 983/983/983 984/984/984
f 985/985/985 986/986/986 987/987/987
f 988/988/988 989/989/989 990/990/990
f 991/991/991 992/992/992 993/993/993
f 994/994/994 995/995/995 996/996/996
f 997/997/997 998/998/998 999/999/999
f 1000/1000/1000 1001/1001/1001 1002/1002/1002
f 1003/1003/1003 1004/1004/1004 1005/1005/1005
f 1006/1006/1006 1007/1007/1007 1008/1008/1008
f 1009/1009/1009 1010/1010/1010 1011/1011/1011
f 1012/1012/1012 1013/1013/1013 1014/1014/1014
f 1015/1015/1015 1016/1016/1016 1017/1017/1017
f 1018/1018/1018 1019/1019/1019 1020/1020/1020
f 1021/1021/1021 1022/1022/1022 1023/1023/1023
f 1024/1024/1024 1025/1025/1025 1026/1026/1026
f 1027/1027/1027 1028/1028/1028 1029/1029/1029
f 1030/1030/1030 1031/1031/1031 1032/1032/1032
f 1033/1033/1033 1034/1034/1034 1035/1035/1035
f 1036/1036/1036 1037/1037/1037 1038/1038/1038
f 1039/1039/1039 1040/1040/1040 1041/1041/1041
f 1042/1042/1042 1043/1043/1043 1044/1044/1044
f 1045/1045/1045 1046/1046/1046 1047/1047/1047
f 1048/1048/1048 1049/1049/1049 1050/1050/1050
f 1051/1051/1051 1052/1052/1052 1053/1053/1053
f 1054/1054/1054 1055/1055/1055 1056/1056/1056
f 1057/1057/1057 1058/1058/1058 1059/1059/1059
f 1060/1060/1060 1061/1061/1061 1062/1062/1062
f 1063/1063/1063 1064/1064/1064 1065/1065/1065
f 1066/1066/1066 1067/1067/1067 1068/1068/1068
f 1069/1069/1069 1070/1070/1070 1071/1071/1071
f 1072/1072/1072 1073/1073/1073 1074/1074/1074
f 1075/1075/1075 1076/1076/1076 1077/1077/1077
f 1078/1078/1078 1079/1079/1079 1080/1080/1080
f 1081/1081/1081 1082/1082/1082 1083/1083/1083
f 1084/1084/1084 1085/1085/1085 1086/1086/1086
f 1087/1087/1087 1088/1088/1088 1089/1089/1089
f 1090/1090/1090 1091/1091/1091 1092/1092/1092
f 1093/1093/1093 1094/1094/1094 1095/1095/1095
f 1096/1096/1096 1097/1097/1097 1098/1098/1098
f 1099/1099/1099 1100/1100/1100 1101/1101/1101
f 1102/1102/1102 1103/1103/1103 1104/1104/1104
